timestamp,iso_timestamp,record_number,operation_mode,state,ax,ay,az,pitch,roll,gx,gy,gz,latitude,longitude,gps_altitude,gps_time,pressure,temperature,agl_altitude,velocity,pyro1_state,pyro2_state,battery_voltage,wifi_rssi,kalman_altitude,kalman_vertical_velocity,communication_mode,raw_data
1755810993.378802,2025-08-22T00:16:33.378802,859,0,0,-0.07,-0.03,0.9,-4.45,-1.61,-6.74,4.05,2.84,0,0,0,35669,859.29,24.17,0.24,0,0,0,0,-55,,,BEACON,"{""record_number"": 859, ""operation_mode"": 0, ""state"": 0, ""battery_voltage"": 0, ""wifi_rssi"": -55, ""acc_data"": {""ax"": -0.07, ""ay"": -0.03, ""az"": 0.9, ""pitch"": -4.45, ""roll"": -1.61}, ""gyro_data"": {""gx"": -6.74, ""gy"": 4.05, ""gz"": 2.84}, ""gps_data"": {""latitude"": 0, ""longitude"": 0, ""gps_altitude"": 0, ""time"": 35669}, ""alt_data"": {""pressure"": 859.29, ""temperature"": 24.17, ""AGL"": 0.24, ""velocity"": 0}, ""chute_state"": {""pyro1_state"": 0, ""pyro2_state"": 0}, ""connection_status"": {""connected"": true, ""has_ever_connected"": true, ""packet_age_ms"": 0, ""timeout_exceeded"": false, ""rssi"": -55}, ""communication_mode"": ""BEACON"", ""timestamp"": 27998, ""packets_received"": 87, ""kalman_data"": {""altitude"": 0, ""vertical_velocity"": 0}, ""kalman_altitude"": 0, ""kalman_vertical_velocity"": 0, ""pyroDrogue"": 0, ""pyroMain"": 0, ""pyro1_state"": 0, ""pyro2_state"": 0}"
1755810993.74659,2025-08-22T00:16:33.746590,866,0,0,-0.08,-0.03,0.9,-4.01,-1.61,-5.46,-0.34,3.08,0,0,0,35883,859.38,24.18,-0.64,0,0,0,0,-55,,,BEACON,"{""record_number"": 866, ""operation_mode"": 0, ""state"": 0, ""battery_voltage"": 0, ""wifi_rssi"": -55, ""acc_data"": {""ax"": -0.08, ""ay"": -0.03, ""az"": 0.9, ""pitch"": -4.01, ""roll"": -1.61}, ""gyro_data"": {""gx"": -5.46, ""gy"": -0.34, ""gz"": 3.08}, ""gps_data"": {""latitude"": 0, ""longitude"": 0, ""gps_altitude"": 0, ""time"": 35883}, ""alt_data"": {""pressure"": 859.38, ""temperature"": 24.18, ""AGL"": -0.64, ""velocity"": 0}, ""chute_state"": {""pyro1_state"": 0, ""pyro2_state"": 0}, ""connection_status"": {""connected"": true, ""has_ever_connected"": true, ""packet_age_ms"": 1, ""timeout_exceeded"": false, ""rssi"": -55}, ""communication_mode"": ""BEACON"", ""timestamp"": 28370, ""packets_received"": 88, ""kalman_data"": {""altitude"": 0, ""vertical_velocity"": 0}, ""kalman_altitude"": 0, ""kalman_vertical_velocity"": 0, ""pyroDrogue"": 0, ""pyroMain"": 0, ""pyro1_state"": 0, ""pyro2_state"": 0}"
1755810993.913114,2025-08-22T00:16:33.913114,874,0,0,-0.08,-0.03,0.91,-4.15,-1.85,-6.68,5.3,2.29,0,0,0,36286,859.36,24.18,-0.46,0,0,0,0,-53,,,BEACON,"{""record_number"": 874, ""operation_mode"": 0, ""state"": 0, ""battery_voltage"": 0, ""wifi_rssi"": -53, ""acc_data"": {""ax"": -0.08, ""ay"": -0.03, ""az"": 0.91, ""pitch"": -4.15, ""roll"": -1.85}, ""gyro_data"": {""gx"": -6.68, ""gy"": 5.3, ""gz"": 2.29}, ""gps_data"": {""latitude"": 0, ""longitude"": 0, ""gps_altitude"": 0, ""time"": 36286}, ""alt_data"": {""pressure"": 859.36, ""temperature"": 24.18, ""AGL"": -0.46, ""velocity"": 0}, ""chute_state"": {""pyro1_state"": 0, ""pyro2_state"": 0}, ""connection_status"": {""connected"": true, ""has_ever_connected"": true, ""packet_age_ms"": 1, ""timeout_exceeded"": false, ""rssi"": -53}, ""communication_mode"": ""BEACON"", ""timestamp"": 28639, ""packets_received"": 89, ""kalman_data"": {""altitude"": 0, ""vertical_velocity"": 0}, ""kalman_altitude"": 0, ""kalman_vertical_velocity"": 0, ""pyroDrogue"": 0, ""pyroMain"": 0, ""pyro1_state"": 0, ""pyro2_state"": 0}"
1755810994.198692,2025-08-22T00:16:34.198692,882,0,0,-0.07,-0.03,0.91,-4.12,-1.44,-6.07,2.56,3.57,0,0,0,36488,859.28,24.17,0.35,0,0,0,0,-54,,,BEACON,"{""record_number"": 882, ""operation_mode"": 0, ""state"": 0, ""battery_voltage"": 0, ""wifi_rssi"": -54, ""acc_data"": {""ax"": -0.07, ""ay"": -0.03, ""az"": 0.91, ""pitch"": -4.12, ""roll"": -1.44}, ""gyro_data"": {""gx"": -6.07, ""gy"": 2.56, ""gz"": 3.57}, ""gps_data"": {""latitude"": 0, ""longitude"": 0, ""gps_altitude"": 0, ""time"": 36488}, ""alt_data"": {""pressure"": 859.28, ""temperature"": 24.17, ""AGL"": 0.35, ""velocity"": 0}, ""chute_state"": {""pyro1_state"": 0, ""pyro2_state"": 0}, ""connection_status"": {""connected"": true, ""has_ever_connected"": true, ""packet_age_ms"": 0, ""timeout_exceeded"": false, ""rssi"": -54}, ""communication_mode"": ""BEACON"", ""timestamp"": 28911, ""packets_received"": 90, ""kalman_data"": {""altitude"": 0, ""vertical_velocity"": 0}, ""kalman_altitude"": 0, ""kalman_vertical_velocity"": 0, ""pyroDrogue"": 0, ""pyroMain"": 0, ""pyro1_state"": 0, ""pyro2_state"": 0}"
1755810994.446362,2025-08-22T00:16:34.446362,890,0,0,-0.08,-0.03,0.9,-4.4,-1.73,-5.82,3.75,3.02,0,0,0,36906,859.3,24.17,0.1,0,0,0,0,-56,,,BEACON,"{""record_number"": 890, ""operation_mode"": 0, ""state"": 0, ""battery_voltage"": 0, ""wifi_rssi"": -56, ""acc_data"": {""ax"": -0.08, ""ay"": -0.03, ""az"": 0.9, ""pitch"": -4.4, ""roll"": -1.73}, ""gyro_data"": {""gx"": -5.82, ""gy"": 3.75, ""gz"": 3.02}, ""gps_data"": {""latitude"": 0, ""longitude"": 0, ""gps_altitude"": 0, ""time"": 36906}, ""alt_data"": {""pressure"": 859.3, ""temperature"": 24.17, ""AGL"": 0.1, ""velocity"": 0}, ""chute_state"": {""pyro1_state"": 0, ""pyro2_state"": 0}, ""connection_status"": {""connected"": true, ""has_ever_connected"": true, ""packet_age_ms"": 0, ""timeout_exceeded"": false, ""rssi"": -56}, ""communication_mode"": ""BEACON"", ""timestamp"": 29175, ""packets_received"": 91, ""kalman_data"": {""altitude"": 0, ""vertical_velocity"": 0}, ""kalman_altitude"": 0, ""kalman_vertical_velocity"": 0, ""pyroDrogue"": 0, ""pyroMain"": 0, ""pyro1_state"": 0, ""pyro2_state"": 0}"
1755810994.717735,2025-08-22T00:16:34.717735,898,0,0,-0.08,-0.03,0.91,-4.34,-2.19,-6.28,3.81,2.62,0,0,0,37109,859.29,24.17,0.21,0,0,0,0,-54,,,BEACON,"{""record_number"": 898, ""operation_mode"": 0, ""state"": 0, ""battery_voltage"": 0, ""wifi_rssi"": -54, ""acc_data"": {""ax"": -0.08, ""ay"": -0.03, ""az"": 0.91, ""pitch"": -4.34, ""roll"": -2.19}, ""gyro_data"": {""gx"": -6.28, ""gy"": 3.81, ""gz"": 2.62}, ""gps_data"": {""latitude"": 0, ""longitude"": 0, ""gps_altitude"": 0, ""time"": 37109}, ""alt_data"": {""pressure"": 859.29, ""temperature"": 24.17, ""AGL"": 0.21, ""velocity"": 0}, ""chute_state"": {""pyro1_state"": 0, ""pyro2_state"": 0}, ""connection_status"": {""connected"": true, ""has_ever_connected"": true, ""packet_age_ms"": 0, ""timeout_exceeded"": false, ""rssi"": -54}, ""communication_mode"": ""BEACON"", ""timestamp"": 29439, ""packets_received"": 92, ""kalman_data"": {""altitude"": 0, ""vertical_velocity"": 0}, ""kalman_altitude"": 0, ""kalman_vertical_velocity"": 0, ""pyroDrogue"": 0, ""pyroMain"": 0, ""pyro1_state"": 0, ""pyro2_state"": 0}"
1755810994.976489,2025-08-22T00:16:34.976489,908,0,0,-0.08,-0.03,0.9,-4.37,-1.7,-6.16,4.73,2.9,0,0,0,37309,859.33,24.17,-0.16,0,0,0,0,-53,,,BEACON,"{""record_number"": 908, ""operation_mode"": 0, ""state"": 0, ""battery_voltage"": 0, ""wifi_rssi"": -53, ""acc_data"": {""ax"": -0.08, ""ay"": -0.03, ""az"": 0.9, ""pitch"": -4.37, ""roll"": -1.7}, ""gyro_data"": {""gx"": -6.16, ""gy"": 4.73, ""gz"": 2.9}, ""gps_data"": {""latitude"": 0, ""longitude"": 0, ""gps_altitude"": 0, ""time"": 37309}, ""alt_data"": {""pressure"": 859.33, ""temperature"": 24.17, ""AGL"": -0.16, ""velocity"": 0}, ""chute_state"": {""pyro1_state"": 0, ""pyro2_state"": 0}, ""connection_status"": {""connected"": true, ""has_ever_connected"": true, ""packet_age_ms"": 0, ""timeout_exceeded"": false, ""rssi"": -53}, ""communication_mode"": ""BEACON"", ""timestamp"": 29703, ""packets_received"": 93, ""kalman_data"": {""altitude"": 0, ""vertical_velocity"": 0}, ""kalman_altitude"": 0, ""kalman_vertical_velocity"": 0, ""pyroDrogue"": 0, ""pyroMain"": 0, ""pyro1_state"": 0, ""pyro2_state"": 0}"
1755810995.355299,2025-08-22T00:16:35.355299,916,0,0,-0.08,-0.03,0.89,-4.12,-1.75,-6.92,5.49,3.6,0,0,0,37716,859.35,24.18,-0.42,0,0,0,0,-53,,,BEACON,"{""record_number"": 916, ""operation_mode"": 0, ""state"": 0, ""battery_voltage"": 0, ""wifi_rssi"": -53, ""acc_data"": {""ax"": -0.08, ""ay"": -0.03, ""az"": 0.89, ""pitch"": -4.12, ""roll"": -1.75}, ""gyro_data"": {""gx"": -6.92, ""gy"": 5.49, ""gz"": 3.6}, ""gps_data"": {""latitude"": 0, ""longitude"": 0, ""gps_altitude"": 0, ""time"": 37716}, ""alt_data"": {""pressure"": 859.35, ""temperature"": 24.18, ""AGL"": -0.42, ""velocity"": 0}, ""chute_state"": {""pyro1_state"": 0, ""pyro2_state"": 0}, ""connection_status"": {""connected"": true, ""has_ever_connected"": true, ""packet_age_ms"": 1, ""timeout_exceeded"": false, ""rssi"": -53}, ""communication_mode"": ""BEACON"", ""timestamp"": 30075, ""packets_received"": 94, ""kalman_data"": {""altitude"": 0, ""vertical_velocity"": 0}, ""kalman_altitude"": 0, ""kalman_vertical_velocity"": 0, ""pyroDrogue"": 0, ""pyroMain"": 0, ""pyro1_state"": 0, ""pyro2_state"": 0}"
1755810995.638301,2025-08-22T00:16:35.638301,923,0,0,-0.08,-0.03,0.9,-4.09,-1.9,-6.1,5.03,2.71,0,0,0,37930,859.33,24.16,-0.19,0,0,0,0,-54,,,BEACON,"{""record_number"": 923, ""operation_mode"": 0, ""state"": 0, ""battery_voltage"": 0, ""wifi_rssi"": -54, ""acc_data"": {""ax"": -0.08, ""ay"": -0.03, ""az"": 0.9, ""pitch"": -4.09, ""roll"": -1.9}, ""gyro_data"": {""gx"": -6.1, ""gy"": 5.03, ""gz"": 2.71}, ""gps_data"": {""latitude"": 0, ""longitude"": 0, ""gps_altitude"": 0, ""time"": 37930}, ""alt_data"": {""pressure"": 859.33, ""temperature"": 24.16, ""AGL"": -0.19, ""velocity"": 0}, ""chute_state"": {""pyro1_state"": 0, ""pyro2_state"": 0}, ""connection_status"": {""connected"": true, ""has_ever_connected"": true, ""packet_age_ms"": 0, ""timeout_exceeded"": false, ""rssi"": -54}, ""communication_mode"": ""BEACON"", ""timestamp"": 30342, ""packets_received"": 95, ""kalman_data"": {""altitude"": 0, ""vertical_velocity"": 0}, ""kalman_altitude"": 0, ""kalman_vertical_velocity"": 0, ""pyroDrogue"": 0, ""pyroMain"": 0, ""pyro1_state"": 0, ""pyro2_state"": 0}"
1755810995.901859,2025-08-22T00:16:35.901859,931,0,0,-0.07,-0.03,0.9,-4.65,-1.79,-6.43,3.41,2.65,0,0,0,38334,859.23,24.16,0.76,0,0,0,0,-55,,,BEACON,"{""record_number"": 931, ""operation_mode"": 0, ""state"": 0, ""battery_voltage"": 0, ""wifi_rssi"": -55, ""acc_data"": {""ax"": -0.07, ""ay"": -0.03, ""az"": 0.9, ""pitch"": -4.65, ""roll"": -1.79}, ""gyro_data"": {""gx"": -6.43, ""gy"": 3.41, ""gz"": 2.65}, ""gps_data"": {""latitude"": 0, ""longitude"": 0, ""gps_altitude"": 0, ""time"": 38334}, ""alt_data"": {""pressure"": 859.23, ""temperature"": 24.16, ""AGL"": 0.76, ""velocity"": 0}, ""chute_state"": {""pyro1_state"": 0, ""pyro2_state"": 0}, ""connection_status"": {""connected"": true, ""has_ever_connected"": true, ""packet_age_ms"": 0, ""timeout_exceeded"": false, ""rssi"": -55}, ""communication_mode"": ""BEACON"", ""timestamp"": 30607, ""packets_received"": 96, ""kalman_data"": {""altitude"": 0, ""vertical_velocity"": 0}, ""kalman_altitude"": 0, ""kalman_vertical_velocity"": 0, ""pyroDrogue"": 0, ""pyroMain"": 0, ""pyro1_state"": 0, ""pyro2_state"": 0}"
1755810996.157385,2025-08-22T00:16:36.157385,939,0,0,-0.07,-0.03,0.9,-4.31,-1.65,-5.4,2.96,2.87,0,0,0,38535,859.34,24.18,-0.31,0,0,0,0,-54,,,BEACON,"{""record_number"": 939, ""operation_mode"": 0, ""state"": 0, ""battery_voltage"": 0, ""wifi_rssi"": -54, ""acc_data"": {""ax"": -0.07, ""ay"": -0.03, ""az"": 0.9, ""pitch"": -4.31, ""roll"": -1.65}, ""gyro_data"": {""gx"": -5.4, ""gy"": 2.96, ""gz"": 2.87}, ""gps_data"": {""latitude"": 0, ""longitude"": 0, ""gps_altitude"": 0, ""time"": 38535}, ""alt_data"": {""pressure"": 859.34, ""temperature"": 24.18, ""AGL"": -0.31, ""velocity"": 0}, ""chute_state"": {""pyro1_state"": 0, ""pyro2_state"": 0}, ""connection_status"": {""connected"": true, ""has_ever_connected"": true, ""packet_age_ms"": 0, ""timeout_exceeded"": false, ""rssi"": -54}, ""communication_mode"": ""BEACON"", ""timestamp"": 30877, ""packets_received"": 97, ""kalman_data"": {""altitude"": 0, ""vertical_velocity"": 0}, ""kalman_altitude"": 0, ""kalman_vertical_velocity"": 0, ""pyroDrogue"": 0, ""pyroMain"": 0, ""pyro1_state"": 0, ""pyro2_state"": 0}"
1755810996.446895,2025-08-22T00:16:36.446895,948,0,0,-0.08,-0.02,0.91,-4.29,-2.09,-6.55,2.59,2.99,0,0,0,38749,859.33,24.18,-0.17,0,0,0,0,-55,,,BEACON,"{""record_number"": 948, ""operation_mode"": 0, ""state"": 0, ""battery_voltage"": 0, ""wifi_rssi"": -55, ""acc_data"": {""ax"": -0.08, ""ay"": -0.02, ""az"": 0.91, ""pitch"": -4.29, ""roll"": -2.09}, ""gyro_data"": {""gx"": -6.55, ""gy"": 2.59, ""gz"": 2.99}, ""gps_data"": {""latitude"": 0, ""longitude"": 0, ""gps_altitude"": 0, ""time"": 38749}, ""alt_data"": {""pressure"": 859.33, ""temperature"": 24.18, ""AGL"": -0.17, ""velocity"": 0}, ""chute_state"": {""pyro1_state"": 0, ""pyro2_state"": 0}, ""connection_status"": {""connected"": true, ""has_ever_connected"": true, ""packet_age_ms"": 0, ""timeout_exceeded"": false, ""rssi"": -55}, ""communication_mode"": ""BEACON"", ""timestamp"": 31148, ""packets_received"": 98, ""kalman_data"": {""altitude"": 0, ""vertical_velocity"": 0}, ""kalman_altitude"": 0, ""kalman_vertical_velocity"": 0, ""pyroDrogue"": 0, ""pyroMain"": 0, ""pyro1_state"": 0, ""pyro2_state"": 0}"
1755810997.06367,2025-08-22T00:16:37.063670,958,0,0,-0.07,-0.03,0.89,-4.26,-1.72,-7.07,4.3,3.57,0,0,0,39162,859.33,24.18,-0.2,0,0,0,0,-56,,,BEACON,"{""record_number"": 958, ""operation_mode"": 0, ""state"": 0, ""battery_voltage"": 0, ""wifi_rssi"": -56, ""acc_data"": {""ax"": -0.07, ""ay"": -0.03, ""az"": 0.89, ""pitch"": -4.26, ""roll"": -1.72}, ""gyro_data"": {""gx"": -7.07, ""gy"": 4.3, ""gz"": 3.57}, ""gps_data"": {""latitude"": 0, ""longitude"": 0, ""gps_altitude"": 0, ""time"": 39162}, ""alt_data"": {""pressure"": 859.33, ""temperature"": 24.18, ""AGL"": -0.2, ""velocity"": 0}, ""chute_state"": {""pyro1_state"": 0, ""pyro2_state"": 0}, ""connection_status"": {""connected"": true, ""has_ever_connected"": true, ""packet_age_ms"": 1, ""timeout_exceeded"": false, ""rssi"": -56}, ""communication_mode"": ""BEACON"", ""timestamp"": 31412, ""packets_received"": 99, ""kalman_data"": {""altitude"": 0, ""vertical_velocity"": 0}, ""kalman_altitude"": 0, ""kalman_vertical_velocity"": 0, ""pyroDrogue"": 0, ""pyroMain"": 0, ""pyro1_state"": 0, ""pyro2_state"": 0}"
1755810997.285154,2025-08-22T00:16:37.285154,966,0,0,-0.08,-0.03,0.9,-4.51,-1.9,-5.79,4.24,2.84,0,0,0,39362,859.36,24.18,-0.49,0,0,0,0,-54,,,BEACON,"{""record_number"": 966, ""operation_mode"": 0, ""state"": 0, ""battery_voltage"": 0, ""wifi_rssi"": -54, ""acc_data"": {""ax"": -0.08, ""ay"": -0.03, ""az"": 0.9, ""pitch"": -4.51, ""roll"": -1.9}, ""gyro_data"": {""gx"": -5.79, ""gy"": 4.24, ""gz"": 2.84}, ""gps_data"": {""latitude"": 0, ""longitude"": 0, ""gps_altitude"": 0, ""time"": 39362}, ""alt_data"": {""pressure"": 859.36, ""temperature"": 24.18, ""AGL"": -0.49, ""velocity"": 0}, ""chute_state"": {""pyro1_state"": 0, ""pyro2_state"": 0}, ""connection_status"": {""connected"": true, ""has_ever_connected"": true, ""packet_age_ms"": 1, ""timeout_exceeded"": false, ""rssi"": -54}, ""communication_mode"": ""BEACON"", ""timestamp"": 31679, ""packets_received"": 100, ""kalman_data"": {""altitude"": 0, ""vertical_velocity"": 0}, ""kalman_altitude"": 0, ""kalman_vertical_velocity"": 0, ""pyroDrogue"": 0, ""pyroMain"": 0, ""pyro1_state"": 0, ""pyro2_state"": 0}"
1755810997.516568,2025-08-22T00:16:37.516568,973,0,0,-0.07,-0.03,0.9,-4.23,-1.61,-6.52,5.09,3.11,0,0,0,39567,859.34,24.18,-0.28,0,0,0,0,-53,,,BEACON,"{""record_number"": 973, ""operation_mode"": 0, ""state"": 0, ""battery_voltage"": 0, ""wifi_rssi"": -53, ""acc_data"": {""ax"": -0.07, ""ay"": -0.03, ""az"": 0.9, ""pitch"": -4.23, ""roll"": -1.61}, ""gyro_data"": {""gx"": -6.52, ""gy"": 5.09, ""gz"": 3.11}, ""gps_data"": {""latitude"": 0, ""longitude"": 0, ""gps_altitude"": 0, ""time"": 39567}, ""alt_data"": {""pressure"": 859.34, ""temperature"": 24.18, ""AGL"": -0.28, ""velocity"": 0}, ""chute_state"": {""pyro1_state"": 0, ""pyro2_state"": 0}, ""connection_status"": {""connected"": true, ""has_ever_connected"": true, ""packet_age_ms"": 1, ""timeout_exceeded"": false, ""rssi"": -53}, ""communication_mode"": ""BEACON"", ""timestamp"": 32058, ""packets_received"": 101, ""kalman_data"": {""altitude"": 0, ""vertical_velocity"": 0}, ""kalman_altitude"": 0, ""kalman_vertical_velocity"": 0, ""pyroDrogue"": 0, ""pyroMain"": 0, ""pyro1_state"": 0, ""pyro2_state"": 0}"
1755810997.705278,2025-08-22T00:16:37.705278,981,0,0,-0.07,-0.03,0.9,-4.17,-1.64,-6.13,3.23,3.78,0,0,0,39987,859.32,24.17,-0.09,0,0,0,0,-56,,,BEACON,"{""record_number"": 981, ""operation_mode"": 0, ""state"": 0, ""battery_voltage"": 0, ""wifi_rssi"": -56, ""acc_data"": {""ax"": -0.07, ""ay"": -0.03, ""az"": 0.9, ""pitch"": -4.17, ""roll"": -1.64}, ""gyro_data"": {""gx"": -6.13, ""gy"": 3.23, ""gz"": 3.78}, ""gps_data"": {""latitude"": 0, ""longitude"": 0, ""gps_altitude"": 0, ""time"": 39987}, ""alt_data"": {""pressure"": 859.32, ""temperature"": 24.17, ""AGL"": -0.09, ""velocity"": 0}, ""chute_state"": {""pyro1_state"": 0, ""pyro2_state"": 0}, ""connection_status"": {""connected"": true, ""has_ever_connected"": true, ""packet_age_ms"": 0, ""timeout_exceeded"": false, ""rssi"": -56}, ""communication_mode"": ""BEACON"", ""timestamp"": 32324, ""packets_received"": 102, ""kalman_data"": {""altitude"": 0, ""vertical_velocity"": 0}, ""kalman_altitude"": 0, ""kalman_vertical_velocity"": 0, ""pyroDrogue"": 0, ""pyroMain"": 0, ""pyro1_state"": 0, ""pyro2_state"": 0}"
1755810997.921184,2025-08-22T00:16:37.921184,989,0,0,-0.08,-0.03,0.89,-4.51,-1.81,-5.85,4.57,2.9,0,0,0,40188,859.32,24.18,-0.1,0,0,0,0,-56,,,BEACON,"{""record_number"": 989, ""operation_mode"": 0, ""state"": 0, ""battery_voltage"": 0, ""wifi_rssi"": -56, ""acc_data"": {""ax"": -0.08, ""ay"": -0.03, ""az"": 0.89, ""pitch"": -4.51, ""roll"": -1.81}, ""gyro_data"": {""gx"": -5.85, ""gy"": 4.57, ""gz"": 2.9}, ""gps_data"": {""latitude"": 0, ""longitude"": 0, ""gps_altitude"": 0, ""time"": 40188}, ""alt_data"": {""pressure"": 859.32, ""temperature"": 24.18, ""AGL"": -0.1, ""velocity"": 0}, ""chute_state"": {""pyro1_state"": 0, ""pyro2_state"": 0}, ""connection_status"": {""connected"": true, ""has_ever_connected"": true, ""packet_age_ms"": 0, ""timeout_exceeded"": false, ""rssi"": -56}, ""communication_mode"": ""BEACON"", ""timestamp"": 32587, ""packets_received"": 103, ""kalman_data"": {""altitude"": 0, ""vertical_velocity"": 0}, ""kalman_altitude"": 0, ""kalman_vertical_velocity"": 0, ""pyroDrogue"": 0, ""pyroMain"": 0, ""pyro1_state"": 0, ""pyro2_state"": 0}"
1755810998.476826,2025-08-22T00:16:38.476826,996,0,0,-0.07,-0.03,0.9,-4.26,-1.71,-6.8,3.48,3.72,0,0,0,40590,859.3,24.18,0.12,0,0,0,0,-54,,,BEACON,"{""record_number"": 996, ""operation_mode"": 0, ""state"": 0, ""battery_voltage"": 0, ""wifi_rssi"": -54, ""acc_data"": {""ax"": -0.07, ""ay"": -0.03, ""az"": 0.9, ""pitch"": -4.26, ""roll"": -1.71}, ""gyro_data"": {""gx"": -6.8, ""gy"": 3.48, ""gz"": 3.72}, ""gps_data"": {""latitude"": 0, ""longitude"": 0, ""gps_altitude"": 0, ""time"": 40590}, ""alt_data"": {""pressure"": 859.3, ""temperature"": 24.18, ""AGL"": 0.12, ""velocity"": 0}, ""chute_state"": {""pyro1_state"": 0, ""pyro2_state"": 0}, ""connection_status"": {""connected"": true, ""has_ever_connected"": true, ""packet_age_ms"": 0, ""timeout_exceeded"": false, ""rssi"": -54}, ""communication_mode"": ""BEACON"", ""timestamp"": 32852, ""packets_received"": 104, ""kalman_data"": {""altitude"": 0, ""vertical_velocity"": 0}, ""kalman_altitude"": 0, ""kalman_vertical_velocity"": 0, ""pyroDrogue"": 0, ""pyroMain"": 0, ""pyro1_state"": 0, ""pyro2_state"": 0}"
1755810999.090192,2025-08-22T00:16:39.090192,1006,0,0,-0.07,-0.03,0.91,-4.31,-1.98,-6.49,3.84,2.65,0,0,0,40798,859.31,24.17,0.06,0,0,0,0,-54,,,BEACON,"{""record_number"": 1006, ""operation_mode"": 0, ""state"": 0, ""battery_voltage"": 0, ""wifi_rssi"": -54, ""acc_data"": {""ax"": -0.07, ""ay"": -0.03, ""az"": 0.91, ""pitch"": -4.31, ""roll"": -1.98}, ""gyro_data"": {""gx"": -6.49, ""gy"": 3.84, ""gz"": 2.65}, ""gps_data"": {""latitude"": 0, ""longitude"": 0, ""gps_altitude"": 0, ""time"": 40798}, ""alt_data"": {""pressure"": 859.31, ""temperature"": 24.17, ""AGL"": 0.06, ""velocity"": 0}, ""chute_state"": {""pyro1_state"": 0, ""pyro2_state"": 0}, ""connection_status"": {""connected"": true, ""has_ever_connected"": true, ""packet_age_ms"": 1, ""timeout_exceeded"": false, ""rssi"": -54}, ""communication_mode"": ""BEACON"", ""timestamp"": 33122, ""packets_received"": 105, ""kalman_data"": {""altitude"": 0, ""vertical_velocity"": 0}, ""kalman_altitude"": 0, ""kalman_vertical_velocity"": 0, ""pyroDrogue"": 0, ""pyroMain"": 0, ""pyro1_state"": 0, ""pyro2_state"": 0}"
1755810999.735831,2025-08-22T00:16:39.735831,1014,0,0,-0.08,-0.03,0.9,-4.34,-1.17,-5.95,3.99,2.93,0,0,0,41011,859.37,24.18,-0.53,0,0,0,0,-54,,,BEACON,"{""record_number"": 1014, ""operation_mode"": 0, ""state"": 0, ""battery_voltage"": 0, ""wifi_rssi"": -54, ""acc_data"": {""ax"": -0.08, ""ay"": -0.03, ""az"": 0.9, ""pitch"": -4.34, ""roll"": -1.17}, ""gyro_data"": {""gx"": -5.95, ""gy"": 3.99, ""gz"": 2.93}, ""gps_data"": {""latitude"": 0, ""longitude"": 0, ""gps_altitude"": 0, ""time"": 41011}, ""alt_data"": {""pressure"": 859.37, ""temperature"": 24.18, ""AGL"": -0.53, ""velocity"": 0}, ""chute_state"": {""pyro1_state"": 0, ""pyro2_state"": 0}, ""connection_status"": {""connected"": true, ""has_ever_connected"": true, ""packet_age_ms"": 0, ""timeout_exceeded"": false, ""rssi"": -54}, ""communication_mode"": ""BEACON"", ""timestamp"": 33390, ""packets_received"": 106, ""kalman_data"": {""altitude"": 0, ""vertical_velocity"": 0}, ""kalman_altitude"": 0, ""kalman_vertical_velocity"": 0, ""pyroDrogue"": 0, ""pyroMain"": 0, ""pyro1_state"": 0, ""pyro2_state"": 0}"
1755811001.145483,2025-08-22T00:16:41.145483,1029,0,0,-0.07,-0.03,0.89,-3.98,-1.86,-5.7,2.2,3.08,0,0,0,41618,859.34,24.18,-0.24,0,0,0,0,-54,,,BEACON,"{""record_number"": 1029, ""operation_mode"": 0, ""state"": 0, ""battery_voltage"": 0, ""wifi_rssi"": -54, ""acc_data"": {""ax"": -0.07, ""ay"": -0.03, ""az"": 0.89, ""pitch"": -3.98, ""roll"": -1.86}, ""gyro_data"": {""gx"": -5.7, ""gy"": 2.2, ""gz"": 3.08}, ""gps_data"": {""latitude"": 0, ""longitude"": 0, ""gps_altitude"": 0, ""time"": 41618}, ""alt_data"": {""pressure"": 859.34, ""temperature"": 24.18, ""AGL"": -0.24, ""velocity"": 0}, ""chute_state"": {""pyro1_state"": 0, ""pyro2_state"": 0}, ""connection_status"": {""connected"": true, ""has_ever_connected"": true, ""packet_age_ms"": 0, ""timeout_exceeded"": false, ""rssi"": -54}, ""communication_mode"": ""BEACON"", ""timestamp"": 34027, ""packets_received"": 107, ""kalman_data"": {""altitude"": 0, ""vertical_velocity"": 0}, ""kalman_altitude"": 0, ""kalman_vertical_velocity"": 0, ""pyroDrogue"": 0, ""pyroMain"": 0, ""pyro1_state"": 0, ""pyro2_state"": 0}"
1755811001.430851,2025-08-22T00:16:41.430851,1037,0,0,-0.07,-0.02,0.89,-4.4,-1.99,-7.8,6.68,3.99,0,0,0,42036,859.31,24.18,0.05,0,0,0,0,-55,,,BEACON,"{""record_number"": 1037, ""operation_mode"": 0, ""state"": 0, ""battery_voltage"": 0, ""wifi_rssi"": -55, ""acc_data"": {""ax"": -0.07, ""ay"": -0.02, ""az"": 0.89, ""pitch"": -4.4, ""roll"": -1.99}, ""gyro_data"": {""gx"": -7.8, ""gy"": 6.68, ""gz"": 3.99}, ""gps_data"": {""latitude"": 0, ""longitude"": 0, ""gps_altitude"": 0, ""time"": 42036}, ""alt_data"": {""pressure"": 859.31, ""temperature"": 24.18, ""AGL"": 0.05, ""velocity"": 0}, ""chute_state"": {""pyro1_state"": 0, ""pyro2_state"": 0}, ""connection_status"": {""connected"": true, ""has_ever_connected"": true, ""packet_age_ms"": 0, ""timeout_exceeded"": false, ""rssi"": -55}, ""communication_mode"": ""BEACON"", ""timestamp"": 34293, ""packets_received"": 108, ""kalman_data"": {""altitude"": 0, ""vertical_velocity"": 0}, ""kalman_altitude"": 0, ""kalman_vertical_velocity"": 0, ""pyroDrogue"": 0, ""pyroMain"": 0, ""pyro1_state"": 0, ""pyro2_state"": 0}"
1755811001.784208,2025-08-22T00:16:41.784208,1044,0,0,-0.08,-0.04,0.89,-3.67,-2.04,-7.26,2.65,3.14,0,0,0,42237,859.33,24.18,-0.21,0,0,0,0,-55,,,BEACON,"{""record_number"": 1044, ""operation_mode"": 0, ""state"": 0, ""battery_voltage"": 0, ""wifi_rssi"": -55, ""acc_data"": {""ax"": -0.08, ""ay"": -0.04, ""az"": 0.89, ""pitch"": -3.67, ""roll"": -2.04}, ""gyro_data"": {""gx"": -7.26, ""gy"": 2.65, ""gz"": 3.14}, ""gps_data"": {""latitude"": 0, ""longitude"": 0, ""gps_altitude"": 0, ""time"": 42237}, ""alt_data"": {""pressure"": 859.33, ""temperature"": 24.18, ""AGL"": -0.21, ""velocity"": 0}, ""chute_state"": {""pyro1_state"": 0, ""pyro2_state"": 0}, ""connection_status"": {""connected"": true, ""has_ever_connected"": true, ""packet_age_ms"": 0, ""timeout_exceeded"": false, ""rssi"": -55}, ""communication_mode"": ""BEACON"", ""timestamp"": 34557, ""packets_received"": 109, ""kalman_data"": {""altitude"": 0, ""vertical_velocity"": 0}, ""kalman_altitude"": 0, ""kalman_vertical_velocity"": 0, ""pyroDrogue"": 0, ""pyroMain"": 0, ""pyro1_state"": 0, ""pyro2_state"": 0}"
1755811001.909983,2025-08-22T00:16:41.909983,1052,0,0,-0.07,-0.03,0.89,-4.2,-1.68,-5.24,4.15,2.8,0,0,0,42438,859.39,24.19,-0.76,0,0,0,0,-51,,,BEACON,"{""record_number"": 1052, ""operation_mode"": 0, ""state"": 0, ""battery_voltage"": 0, ""wifi_rssi"": -51, ""acc_data"": {""ax"": -0.07, ""ay"": -0.03, ""az"": 0.89, ""pitch"": -4.2, ""roll"": -1.68}, ""gyro_data"": {""gx"": -5.24, ""gy"": 4.15, ""gz"": 2.8}, ""gps_data"": {""latitude"": 0, ""longitude"": 0, ""gps_altitude"": 0, ""time"": 42438}, ""alt_data"": {""pressure"": 859.39, ""temperature"": 24.19, ""AGL"": -0.76, ""velocity"": 0}, ""chute_state"": {""pyro1_state"": 0, ""pyro2_state"": 0}, ""connection_status"": {""connected"": true, ""has_ever_connected"": true, ""packet_age_ms"": 0, ""timeout_exceeded"": false, ""rssi"": -51}, ""communication_mode"": ""BEACON"", ""timestamp"": 34824, ""packets_received"": 110, ""kalman_data"": {""altitude"": 0, ""vertical_velocity"": 0}, ""kalman_altitude"": 0, ""kalman_vertical_velocity"": 0, ""pyroDrogue"": 0, ""pyroMain"": 0, ""pyro1_state"": 0, ""pyro2_state"": 0}"
1755811002.030983,2025-08-22T00:16:42.030983,1062,0,0,-0.07,-0.03,0.9,-4.43,-2.21,-5.55,3.02,2.65,0,0,0,42648,859.37,24.18,-0.6,0,0,0,0,-49,,,BEACON,"{""record_number"": 1062, ""operation_mode"": 0, ""state"": 0, ""battery_voltage"": 0, ""wifi_rssi"": -49, ""acc_data"": {""ax"": -0.07, ""ay"": -0.03, ""az"": 0.9, ""pitch"": -4.43, ""roll"": -2.21}, ""gyro_data"": {""gx"": -5.55, ""gy"": 3.02, ""gz"": 2.65}, ""gps_data"": {""latitude"": 0, ""longitude"": 0, ""gps_altitude"": 0, ""time"": 42648}, ""alt_data"": {""pressure"": 859.37, ""temperature"": 24.18, ""AGL"": -0.6, ""velocity"": 0}, ""chute_state"": {""pyro1_state"": 0, ""pyro2_state"": 0}, ""connection_status"": {""connected"": true, ""has_ever_connected"": true, ""packet_age_ms"": 1, ""timeout_exceeded"": false, ""rssi"": -49}, ""communication_mode"": ""BEACON"", ""timestamp"": 35093, ""packets_received"": 111, ""kalman_data"": {""altitude"": 0, ""vertical_velocity"": 0}, ""kalman_altitude"": 0, ""kalman_vertical_velocity"": 0, ""pyroDrogue"": 0, ""pyroMain"": 0, ""pyro1_state"": 0, ""pyro2_state"": 0}"
1755811002.325567,2025-08-22T00:16:42.325567,1084,0,0,-0.07,-0.03,0.9,-4.17,-1.48,-6.37,4.15,2.93,0,0,0,43665,859.32,24.18,-0.1,0,0,0,0,-50,,,BEACON,"{""record_number"": 1084, ""operation_mode"": 0, ""state"": 0, ""battery_voltage"": 0, ""wifi_rssi"": -50, ""acc_data"": {""ax"": -0.07, ""ay"": -0.03, ""az"": 0.9, ""pitch"": -4.17, ""roll"": -1.48}, ""gyro_data"": {""gx"": -6.37, ""gy"": 4.15, ""gz"": 2.93}, ""gps_data"": {""latitude"": 0, ""longitude"": 0, ""gps_altitude"": 0, ""time"": 43665}, ""alt_data"": {""pressure"": 859.32, ""temperature"": 24.18, ""AGL"": -0.1, ""velocity"": 0}, ""chute_state"": {""pyro1_state"": 0, ""pyro2_state"": 0}, ""connection_status"": {""connected"": true, ""has_ever_connected"": true, ""packet_age_ms"": 0, ""timeout_exceeded"": false, ""rssi"": -50}, ""communication_mode"": ""BEACON"", ""timestamp"": 36007, ""packets_received"": 112, ""kalman_data"": {""altitude"": 0, ""vertical_velocity"": 0}, ""kalman_altitude"": 0, ""kalman_vertical_velocity"": 0, ""pyroDrogue"": 0, ""pyroMain"": 0, ""pyro1_state"": 0, ""pyro2_state"": 0}"
1755811002.629367,2025-08-22T00:16:42.629367,1092,0,0,-0.08,-0.03,0.89,-4.26,-1.82,-7.01,3.38,3.02,0,0,0,43878,859.3,24.19,0.08,0,0,0,0,-48,,,BEACON,"{""record_number"": 1092, ""operation_mode"": 0, ""state"": 0, ""battery_voltage"": 0, ""wifi_rssi"": -48, ""acc_data"": {""ax"": -0.08, ""ay"": -0.03, ""az"": 0.89, ""pitch"": -4.26, ""roll"": -1.82}, ""gyro_data"": {""gx"": -7.01, ""gy"": 3.38, ""gz"": 3.02}, ""gps_data"": {""latitude"": 0, ""longitude"": 0, ""gps_altitude"": 0, ""time"": 43878}, ""alt_data"": {""pressure"": 859.3, ""temperature"": 24.19, ""AGL"": 0.08, ""velocity"": 0}, ""chute_state"": {""pyro1_state"": 0, ""pyro2_state"": 0}, ""connection_status"": {""connected"": true, ""has_ever_connected"": true, ""packet_age_ms"": 0, ""timeout_exceeded"": false, ""rssi"": -48}, ""communication_mode"": ""BEACON"", ""timestamp"": 36275, ""packets_received"": 113, ""kalman_data"": {""altitude"": 0, ""vertical_velocity"": 0}, ""kalman_altitude"": 0, ""kalman_vertical_velocity"": 0, ""pyroDrogue"": 0, ""pyroMain"": 0, ""pyro1_state"": 0, ""pyro2_state"": 0}"
1755811002.793826,2025-08-22T00:16:42.793826,1099,0,0,-0.08,-0.03,0.91,-4.45,-1.88,-7.16,4.66,2.5,0,0,0,44286,859.36,24.19,-0.5,0,0,0,0,-47,,,BEACON,"{""record_number"": 1099, ""operation_mode"": 0, ""state"": 0, ""battery_voltage"": 0, ""wifi_rssi"": -47, ""acc_data"": {""ax"": -0.08, ""ay"": -0.03, ""az"": 0.91, ""pitch"": -4.45, ""roll"": -1.88}, ""gyro_data"": {""gx"": -7.16, ""gy"": 4.66, ""gz"": 2.5}, ""gps_data"": {""latitude"": 0, ""longitude"": 0, ""gps_altitude"": 0, ""time"": 44286}, ""alt_data"": {""pressure"": 859.36, ""temperature"": 24.19, ""AGL"": -0.5, ""velocity"": 0}, ""chute_state"": {""pyro1_state"": 0, ""pyro2_state"": 0}, ""connection_status"": {""connected"": true, ""has_ever_connected"": true, ""packet_age_ms"": 0, ""timeout_exceeded"": false, ""rssi"": -47}, ""communication_mode"": ""BEACON"", ""timestamp"": 36554, ""packets_received"": 114, ""kalman_data"": {""altitude"": 0, ""vertical_velocity"": 0}, ""kalman_altitude"": 0, ""kalman_vertical_velocity"": 0, ""pyroDrogue"": 0, ""pyroMain"": 0, ""pyro1_state"": 0, ""pyro2_state"": 0}"
1755811002.920832,2025-08-22T00:16:42.920832,1109,0,0,-0.07,-0.03,0.91,-4.2,-1.82,-5.4,3.87,2.47,0,0,0,44486,859.35,24.19,-0.36,0,0,0,0,-47,,,BEACON,"{""record_number"": 1109, ""operation_mode"": 0, ""state"": 0, ""battery_voltage"": 0, ""wifi_rssi"": -47, ""acc_data"": {""ax"": -0.07, ""ay"": -0.03, ""az"": 0.91, ""pitch"": -4.2, ""roll"": -1.82}, ""gyro_data"": {""gx"": -5.4, ""gy"": 3.87, ""gz"": 2.47}, ""gps_data"": {""latitude"": 0, ""longitude"": 0, ""gps_altitude"": 0, ""time"": 44486}, ""alt_data"": {""pressure"": 859.35, ""temperature"": 24.19, ""AGL"": -0.36, ""velocity"": 0}, ""chute_state"": {""pyro1_state"": 0, ""pyro2_state"": 0}, ""connection_status"": {""connected"": true, ""has_ever_connected"": true, ""packet_age_ms"": 0, ""timeout_exceeded"": false, ""rssi"": -47}, ""communication_mode"": ""BEACON"", ""timestamp"": 36824, ""packets_received"": 115, ""kalman_data"": {""altitude"": 0, ""vertical_velocity"": 0}, ""kalman_altitude"": 0, ""kalman_vertical_velocity"": 0, ""pyroDrogue"": 0, ""pyroMain"": 0, ""pyro1_state"": 0, ""pyro2_state"": 0}"
1755811002.962699,2025-08-22T00:16:42.962699,1117,0,0,-0.08,-0.02,0.9,-4.48,-2.07,-6.22,3.05,2.38,0,0,0,44697,859.36,24.2,-0.44,0,0,0,0,-47,,,BEACON,"{""record_number"": 1117, ""operation_mode"": 0, ""state"": 0, ""battery_voltage"": 0, ""wifi_rssi"": -47, ""acc_data"": {""ax"": -0.08, ""ay"": -0.02, ""az"": 0.9, ""pitch"": -4.48, ""roll"": -2.07}, ""gyro_data"": {""gx"": -6.22, ""gy"": 3.05, ""gz"": 2.38}, ""gps_data"": {""latitude"": 0, ""longitude"": 0, ""gps_altitude"": 0, ""time"": 44697}, ""alt_data"": {""pressure"": 859.36, ""temperature"": 24.2, ""AGL"": -0.44, ""velocity"": 0}, ""chute_state"": {""pyro1_state"": 0, ""pyro2_state"": 0}, ""connection_status"": {""connected"": true, ""has_ever_connected"": true, ""packet_age_ms"": 1, ""timeout_exceeded"": false, ""rssi"": -47}, ""communication_mode"": ""BEACON"", ""timestamp"": 37092, ""packets_received"": 116, ""kalman_data"": {""altitude"": 0, ""vertical_velocity"": 0}, ""kalman_altitude"": 0, ""kalman_vertical_velocity"": 0, ""pyroDrogue"": 0, ""pyroMain"": 0, ""pyro1_state"": 0, ""pyro2_state"": 0}"
1755811003.230362,2025-08-22T00:16:43.230362,1125,0,0,-0.08,-0.04,0.89,-4.15,-1.82,-5.61,3.75,3.45,0,0,0,45114,859.37,24.2,-0.62,0,0,0,0,-48,,,BEACON,"{""record_number"": 1125, ""operation_mode"": 0, ""state"": 0, ""battery_voltage"": 0, ""wifi_rssi"": -48, ""acc_data"": {""ax"": -0.08, ""ay"": -0.04, ""az"": 0.89, ""pitch"": -4.15, ""roll"": -1.82}, ""gyro_data"": {""gx"": -5.61, ""gy"": 3.75, ""gz"": 3.45}, ""gps_data"": {""latitude"": 0, ""longitude"": 0, ""gps_altitude"": 0, ""time"": 45114}, ""alt_data"": {""pressure"": 859.37, ""temperature"": 24.2, ""AGL"": -0.62, ""velocity"": 0}, ""chute_state"": {""pyro1_state"": 0, ""pyro2_state"": 0}, ""connection_status"": {""connected"": true, ""has_ever_connected"": true, ""packet_age_ms"": 1, ""timeout_exceeded"": false, ""rssi"": -48}, ""communication_mode"": ""BEACON"", ""timestamp"": 37469, ""packets_received"": 117, ""kalman_data"": {""altitude"": 0, ""vertical_velocity"": 0}, ""kalman_altitude"": 0, ""kalman_vertical_velocity"": 0, ""pyroDrogue"": 0, ""pyroMain"": 0, ""pyro1_state"": 0, ""pyro2_state"": 0}"
1755811003.358799,2025-08-22T00:16:43.358799,1133,0,0,-0.08,-0.03,0.9,-4.71,-1.78,-5.64,3.84,3.51,0,0,0,45315,859.34,24.2,-0.26,0,0,0,0,-45,,,BEACON,"{""record_number"": 1133, ""operation_mode"": 0, ""state"": 0, ""battery_voltage"": 0, ""wifi_rssi"": -45, ""acc_data"": {""ax"": -0.08, ""ay"": -0.03, ""az"": 0.9, ""pitch"": -4.71, ""roll"": -1.78}, ""gyro_data"": {""gx"": -5.64, ""gy"": 3.84, ""gz"": 3.51}, ""gps_data"": {""latitude"": 0, ""longitude"": 0, ""gps_altitude"": 0, ""time"": 45315}, ""alt_data"": {""pressure"": 859.34, ""temperature"": 24.2, ""AGL"": -0.26, ""velocity"": 0}, ""chute_state"": {""pyro1_state"": 0, ""pyro2_state"": 0}, ""connection_status"": {""connected"": true, ""has_ever_connected"": true, ""packet_age_ms"": 0, ""timeout_exceeded"": false, ""rssi"": -45}, ""communication_mode"": ""BEACON"", ""timestamp"": 37759, ""packets_received"": 118, ""kalman_data"": {""altitude"": 0, ""vertical_velocity"": 0}, ""kalman_altitude"": 0, ""kalman_vertical_velocity"": 0, ""pyroDrogue"": 0, ""pyroMain"": 0, ""pyro1_state"": 0, ""pyro2_state"": 0}"
1755811003.525373,2025-08-22T00:16:43.525373,1140,0,0,-0.08,-0.03,0.9,-4.31,-1.96,-6.59,3.6,2.9,0,0,0,45722,859.35,24.2,-0.33,0,0,0,0,-51,,,BEACON,"{""record_number"": 1140, ""operation_mode"": 0, ""state"": 0, ""battery_voltage"": 0, ""wifi_rssi"": -51, ""acc_data"": {""ax"": -0.08, ""ay"": -0.03, ""az"": 0.9, ""pitch"": -4.31, ""roll"": -1.96}, ""gyro_data"": {""gx"": -6.59, ""gy"": 3.6, ""gz"": 2.9}, ""gps_data"": {""latitude"": 0, ""longitude"": 0, ""gps_altitude"": 0, ""time"": 45722}, ""alt_data"": {""pressure"": 859.35, ""temperature"": 24.2, ""AGL"": -0.33, ""velocity"": 0}, ""chute_state"": {""pyro1_state"": 0, ""pyro2_state"": 0}, ""connection_status"": {""connected"": true, ""has_ever_connected"": true, ""packet_age_ms"": 1, ""timeout_exceeded"": false, ""rssi"": -51}, ""communication_mode"": ""BEACON"", ""timestamp"": 38107, ""packets_received"": 119, ""kalman_data"": {""altitude"": 0, ""vertical_velocity"": 0}, ""kalman_altitude"": 0, ""kalman_vertical_velocity"": 0, ""pyroDrogue"": 0, ""pyroMain"": 0, ""pyro1_state"": 0, ""pyro2_state"": 0}"
1755811003.946674,2025-08-22T00:16:43.946674,1148,0,0,-0.07,-0.04,0.9,-4.74,-1.69,-5.61,3.48,3.69,0,0,0,45937,859.33,24.2,-0.19,0,0,0,0,-50,,,BEACON,"{""record_number"": 1148, ""operation_mode"": 0, ""state"": 0, ""battery_voltage"": 0, ""wifi_rssi"": -50, ""acc_data"": {""ax"": -0.07, ""ay"": -0.04, ""az"": 0.9, ""pitch"": -4.74, ""roll"": -1.69}, ""gyro_data"": {""gx"": -5.61, ""gy"": 3.48, ""gz"": 3.69}, ""gps_data"": {""latitude"": 0, ""longitude"": 0, ""gps_altitude"": 0, ""time"": 45937}, ""alt_data"": {""pressure"": 859.33, ""temperature"": 24.2, ""AGL"": -0.19, ""velocity"": 0}, ""chute_state"": {""pyro1_state"": 0, ""pyro2_state"": 0}, ""connection_status"": {""connected"": true, ""has_ever_connected"": true, ""packet_age_ms"": 1, ""timeout_exceeded"": false, ""rssi"": -50}, ""communication_mode"": ""BEACON"", ""timestamp"": 38449, ""packets_received"": 120, ""kalman_data"": {""altitude"": 0, ""vertical_velocity"": 0}, ""kalman_altitude"": 0, ""kalman_vertical_velocity"": 0, ""pyroDrogue"": 0, ""pyroMain"": 0, ""pyro1_state"": 0, ""pyro2_state"": 0}"
1755811004.190712,2025-08-22T00:16:44.190712,1158,0,0,-0.07,-0.03,0.9,-4.03,-1.69,-6.86,3.48,3.23,0,0,0,46344,859.34,24.2,-0.3,0,0,0,0,-49,,,BEACON,"{""record_number"": 1158, ""operation_mode"": 0, ""state"": 0, ""battery_voltage"": 0, ""wifi_rssi"": -49, ""acc_data"": {""ax"": -0.07, ""ay"": -0.03, ""az"": 0.9, ""pitch"": -4.03, ""roll"": -1.69}, ""gyro_data"": {""gx"": -6.86, ""gy"": 3.48, ""gz"": 3.23}, ""gps_data"": {""latitude"": 0, ""longitude"": 0, ""gps_altitude"": 0, ""time"": 46344}, ""alt_data"": {""pressure"": 859.34, ""temperature"": 24.2, ""AGL"": -0.3, ""velocity"": 0}, ""chute_state"": {""pyro1_state"": 0, ""pyro2_state"": 0}, ""connection_status"": {""connected"": true, ""has_ever_connected"": true, ""packet_age_ms"": 0, ""timeout_exceeded"": false, ""rssi"": -49}, ""communication_mode"": ""BEACON"", ""timestamp"": 38792, ""packets_received"": 121, ""kalman_data"": {""altitude"": 0, ""vertical_velocity"": 0}, ""kalman_altitude"": 0, ""kalman_vertical_velocity"": 0, ""pyroDrogue"": 0, ""pyroMain"": 0, ""pyro1_state"": 0, ""pyro2_state"": 0}"
1755811004.659916,2025-08-22T00:16:44.659916,1166,0,0,-0.08,-0.04,0.9,-4.01,-1.52,-6.07,2.44,2.5,0,0,0,46752,859.33,24.2,-0.19,0,0,0,0,-49,,,BEACON,"{""record_number"": 1166, ""operation_mode"": 0, ""state"": 0, ""battery_voltage"": 0, ""wifi_rssi"": -49, ""acc_data"": {""ax"": -0.08, ""ay"": -0.04, ""az"": 0.9, ""pitch"": -4.01, ""roll"": -1.52}, ""gyro_data"": {""gx"": -6.07, ""gy"": 2.44, ""gz"": 2.5}, ""gps_data"": {""latitude"": 0, ""longitude"": 0, ""gps_altitude"": 0, ""time"": 46752}, ""alt_data"": {""pressure"": 859.33, ""temperature"": 24.2, ""AGL"": -0.19, ""velocity"": 0}, ""chute_state"": {""pyro1_state"": 0, ""pyro2_state"": 0}, ""connection_status"": {""connected"": true, ""has_ever_connected"": true, ""packet_age_ms"": 1, ""timeout_exceeded"": false, ""rssi"": -49}, ""communication_mode"": ""BEACON"", ""timestamp"": 39181, ""packets_received"": 122, ""kalman_data"": {""altitude"": 0, ""vertical_velocity"": 0}, ""kalman_altitude"": 0, ""kalman_vertical_velocity"": 0, ""pyroDrogue"": 0, ""pyroMain"": 0, ""pyro1_state"": 0, ""pyro2_state"": 0}"
1755811005.001747,2025-08-22T00:16:45.001747,1174,0,0,-0.08,-0.03,0.9,-4.2,-1.62,-5.55,1.95,2.93,0,0,0,47168,859.3,24.2,0.14,0,0,0,0,-49,,,BEACON,"{""record_number"": 1174, ""operation_mode"": 0, ""state"": 0, ""battery_voltage"": 0, ""wifi_rssi"": -49, ""acc_data"": {""ax"": -0.08, ""ay"": -0.03, ""az"": 0.9, ""pitch"": -4.2, ""roll"": -1.62}, ""gyro_data"": {""gx"": -5.55, ""gy"": 1.95, ""gz"": 2.93}, ""gps_data"": {""latitude"": 0, ""longitude"": 0, ""gps_altitude"": 0, ""time"": 47168}, ""alt_data"": {""pressure"": 859.3, ""temperature"": 24.2, ""AGL"": 0.14, ""velocity"": 0}, ""chute_state"": {""pyro1_state"": 0, ""pyro2_state"": 0}, ""connection_status"": {""connected"": true, ""has_ever_connected"": true, ""packet_age_ms"": 1, ""timeout_exceeded"": false, ""rssi"": -49}, ""communication_mode"": ""BEACON"", ""timestamp"": 39587, ""packets_received"": 123, ""kalman_data"": {""altitude"": 0, ""vertical_velocity"": 0}, ""kalman_altitude"": 0, ""kalman_vertical_velocity"": 0, ""pyroDrogue"": 0, ""pyroMain"": 0, ""pyro1_state"": 0, ""pyro2_state"": 0}"
1755811005.338577,2025-08-22T00:16:45.338577,1181,0,0,-0.07,-0.03,0.9,-4.45,-1.88,-6.25,4.33,3.23,0,0,0,47570,859.33,24.2,-0.15,0,0,0,0,-50,,,BEACON,"{""record_number"": 1181, ""operation_mode"": 0, ""state"": 0, ""battery_voltage"": 0, ""wifi_rssi"": -50, ""acc_data"": {""ax"": -0.07, ""ay"": -0.03, ""az"": 0.9, ""pitch"": -4.45, ""roll"": -1.88}, ""gyro_data"": {""gx"": -6.25, ""gy"": 4.33, ""gz"": 3.23}, ""gps_data"": {""latitude"": 0, ""longitude"": 0, ""gps_altitude"": 0, ""time"": 47570}, ""alt_data"": {""pressure"": 859.33, ""temperature"": 24.2, ""AGL"": -0.15, ""velocity"": 0}, ""chute_state"": {""pyro1_state"": 0, ""pyro2_state"": 0}, ""connection_status"": {""connected"": true, ""has_ever_connected"": true, ""packet_age_ms"": 0, ""timeout_exceeded"": false, ""rssi"": -50}, ""communication_mode"": ""BEACON"", ""timestamp"": 39895, ""packets_received"": 124, ""kalman_data"": {""altitude"": 0, ""vertical_velocity"": 0}, ""kalman_altitude"": 0, ""kalman_vertical_velocity"": 0, ""pyroDrogue"": 0, ""pyroMain"": 0, ""pyro1_state"": 0, ""pyro2_state"": 0}"
1755811005.614434,2025-08-22T00:16:45.614434,1189,0,0,-0.07,-0.03,0.91,-3.98,-1.78,-6.04,4.09,3.35,0,0,0,47783,859.35,24.2,-0.37,0,0,0,0,-51,,,BEACON,"{""record_number"": 1189, ""operation_mode"": 0, ""state"": 0, ""battery_voltage"": 0, ""wifi_rssi"": -51, ""acc_data"": {""ax"": -0.07, ""ay"": -0.03, ""az"": 0.91, ""pitch"": -3.98, ""roll"": -1.78}, ""gyro_data"": {""gx"": -6.04, ""gy"": 4.09, ""gz"": 3.35}, ""gps_data"": {""latitude"": 0, ""longitude"": 0, ""gps_altitude"": 0, ""time"": 47783}, ""alt_data"": {""pressure"": 859.35, ""temperature"": 24.2, ""AGL"": -0.37, ""velocity"": 0}, ""chute_state"": {""pyro1_state"": 0, ""pyro2_state"": 0}, ""connection_status"": {""connected"": true, ""has_ever_connected"": true, ""packet_age_ms"": 0, ""timeout_exceeded"": false, ""rssi"": -51}, ""communication_mode"": ""BEACON"", ""timestamp"": 40167, ""packets_received"": 125, ""kalman_data"": {""altitude"": 0, ""vertical_velocity"": 0}, ""kalman_altitude"": 0, ""kalman_vertical_velocity"": 0, ""pyroDrogue"": 0, ""pyroMain"": 0, ""pyro1_state"": 0, ""pyro2_state"": 0}"
1755811005.744434,2025-08-22T00:16:45.744434,1196,0,0,-0.07,-0.03,0.91,-4.29,-1.28,-6.13,3.69,2.68,0,0,0,47996,859.33,24.2,-0.19,0,0,0,0,-49,,,BEACON,"{""record_number"": 1196, ""operation_mode"": 0, ""state"": 0, ""battery_voltage"": 0, ""wifi_rssi"": -49, ""acc_data"": {""ax"": -0.07, ""ay"": -0.03, ""az"": 0.91, ""pitch"": -4.29, ""roll"": -1.28}, ""gyro_data"": {""gx"": -6.13, ""gy"": 3.69, ""gz"": 2.68}, ""gps_data"": {""latitude"": 0, ""longitude"": 0, ""gps_altitude"": 0, ""time"": 47996}, ""alt_data"": {""pressure"": 859.33, ""temperature"": 24.2, ""AGL"": -0.19, ""velocity"": 0}, ""chute_state"": {""pyro1_state"": 0, ""pyro2_state"": 0}, ""connection_status"": {""connected"": true, ""has_ever_connected"": true, ""packet_age_ms"": 1, ""timeout_exceeded"": false, ""rssi"": -49}, ""communication_mode"": ""BEACON"", ""timestamp"": 40434, ""packets_received"": 126, ""kalman_data"": {""altitude"": 0, ""vertical_velocity"": 0}, ""kalman_altitude"": 0, ""kalman_vertical_velocity"": 0, ""pyroDrogue"": 0, ""pyroMain"": 0, ""pyro1_state"": 0, ""pyro2_state"": 0}"
1755811006.2092,2025-08-22T00:16:46.209200,1204,0,0,-0.07,-0.03,0.89,-3.89,-1.94,-6.13,3.48,2.87,0,0,0,48397,859.33,24.2,-0.19,0,0,0,0,-48,,,BEACON,"{""record_number"": 1204, ""operation_mode"": 0, ""state"": 0, ""battery_voltage"": 0, ""wifi_rssi"": -48, ""acc_data"": {""ax"": -0.07, ""ay"": -0.03, ""az"": 0.89, ""pitch"": -3.89, ""roll"": -1.94}, ""gyro_data"": {""gx"": -6.13, ""gy"": 3.48, ""gz"": 2.87}, ""gps_data"": {""latitude"": 0, ""longitude"": 0, ""gps_altitude"": 0, ""time"": 48397}, ""alt_data"": {""pressure"": 859.33, ""temperature"": 24.2, ""AGL"": -0.19, ""velocity"": 0}, ""chute_state"": {""pyro1_state"": 0, ""pyro2_state"": 0}, ""connection_status"": {""connected"": true, ""has_ever_connected"": true, ""packet_age_ms"": 0, ""timeout_exceeded"": false, ""rssi"": -48}, ""communication_mode"": ""BEACON"", ""timestamp"": 40701, ""packets_received"": 127, ""kalman_data"": {""altitude"": 0, ""vertical_velocity"": 0}, ""kalman_altitude"": 0, ""kalman_vertical_velocity"": 0, ""pyroDrogue"": 0, ""pyroMain"": 0, ""pyro1_state"": 0, ""pyro2_state"": 0}"
1755811006.563526,2025-08-22T00:16:46.563526,1214,0,0,-0.07,-0.03,0.9,-4.12,-1.67,-6.01,4.36,2.9,0,0,0,48604,859.32,24.2,-0.08,0,0,0,0,-49,,,BEACON,"{""record_number"": 1214, ""operation_mode"": 0, ""state"": 0, ""battery_voltage"": 0, ""wifi_rssi"": -49, ""acc_data"": {""ax"": -0.07, ""ay"": -0.03, ""az"": 0.9, ""pitch"": -4.12, ""roll"": -1.67}, ""gyro_data"": {""gx"": -6.01, ""gy"": 4.36, ""gz"": 2.9}, ""gps_data"": {""latitude"": 0, ""longitude"": 0, ""gps_altitude"": 0, ""time"": 48604}, ""alt_data"": {""pressure"": 859.32, ""temperature"": 24.2, ""AGL"": -0.08, ""velocity"": 0}, ""chute_state"": {""pyro1_state"": 0, ""pyro2_state"": 0}, ""connection_status"": {""connected"": true, ""has_ever_connected"": true, ""packet_age_ms"": 1, ""timeout_exceeded"": false, ""rssi"": -49}, ""communication_mode"": ""BEACON"", ""timestamp"": 41077, ""packets_received"": 128, ""kalman_data"": {""altitude"": 0, ""vertical_velocity"": 0}, ""kalman_altitude"": 0, ""kalman_vertical_velocity"": 0, ""pyroDrogue"": 0, ""pyroMain"": 0, ""pyro1_state"": 0, ""pyro2_state"": 0}"
1755811007.002267,2025-08-22T00:16:47.002267,1223,0,0,-0.08,-0.03,0.89,-4.15,-1.62,-7.65,7.07,3.38,0,0,0,49021,859.32,24.21,-0.09,0,0,0,0,-49,,,BEACON,"{""record_number"": 1223, ""operation_mode"": 0, ""state"": 0, ""battery_voltage"": 0, ""wifi_rssi"": -49, ""acc_data"": {""ax"": -0.08, ""ay"": -0.03, ""az"": 0.89, ""pitch"": -4.15, ""roll"": -1.62}, ""gyro_data"": {""gx"": -7.65, ""gy"": 7.07, ""gz"": 3.38}, ""gps_data"": {""latitude"": 0, ""longitude"": 0, ""gps_altitude"": 0, ""time"": 49021}, ""alt_data"": {""pressure"": 859.32, ""temperature"": 24.21, ""AGL"": -0.09, ""velocity"": 0}, ""chute_state"": {""pyro1_state"": 0, ""pyro2_state"": 0}, ""connection_status"": {""connected"": true, ""has_ever_connected"": true, ""packet_age_ms"": 0, ""timeout_exceeded"": false, ""rssi"": -49}, ""communication_mode"": ""BEACON"", ""timestamp"": 41346, ""packets_received"": 129, ""kalman_data"": {""altitude"": 0, ""vertical_velocity"": 0}, ""kalman_altitude"": 0, ""kalman_vertical_velocity"": 0, ""pyroDrogue"": 0, ""pyroMain"": 0, ""pyro1_state"": 0, ""pyro2_state"": 0}"
1755811007.127261,2025-08-22T00:16:47.127261,1232,0,0,-0.07,-0.03,0.91,-3.92,-1.65,-5.4,3.29,3.51,0,0,0,49222,859.35,24.21,-0.38,0,0,0,0,-48,,,BEACON,"{""record_number"": 1232, ""operation_mode"": 0, ""state"": 0, ""battery_voltage"": 0, ""wifi_rssi"": -48, ""acc_data"": {""ax"": -0.07, ""ay"": -0.03, ""az"": 0.91, ""pitch"": -3.92, ""roll"": -1.65}, ""gyro_data"": {""gx"": -5.4, ""gy"": 3.29, ""gz"": 3.51}, ""gps_data"": {""latitude"": 0, ""longitude"": 0, ""gps_altitude"": 0, ""time"": 49222}, ""alt_data"": {""pressure"": 859.35, ""temperature"": 24.21, ""AGL"": -0.38, ""velocity"": 0}, ""chute_state"": {""pyro1_state"": 0, ""pyro2_state"": 0}, ""connection_status"": {""connected"": true, ""has_ever_connected"": true, ""packet_age_ms"": 1, ""timeout_exceeded"": false, ""rssi"": -48}, ""communication_mode"": ""BEACON"", ""timestamp"": 41609, ""packets_received"": 130, ""kalman_data"": {""altitude"": 0, ""vertical_velocity"": 0}, ""kalman_altitude"": 0, ""kalman_vertical_velocity"": 0, ""pyroDrogue"": 0, ""pyroMain"": 0, ""pyro1_state"": 0, ""pyro2_state"": 0}"
1755811007.528809,2025-08-22T00:16:47.528809,1250,0,0,-0.08,-0.03,0.9,-4.31,-1.63,-6.46,3.08,2.99,0,0,0,49832,859.32,24.21,-0.12,0,0,0,0,-49,,,BEACON,"{""record_number"": 1250, ""operation_mode"": 0, ""state"": 0, ""battery_voltage"": 0, ""wifi_rssi"": -49, ""acc_data"": {""ax"": -0.08, ""ay"": -0.03, ""az"": 0.9, ""pitch"": -4.31, ""roll"": -1.63}, ""gyro_data"": {""gx"": -6.46, ""gy"": 3.08, ""gz"": 2.99}, ""gps_data"": {""latitude"": 0, ""longitude"": 0, ""gps_altitude"": 0, ""time"": 49832}, ""alt_data"": {""pressure"": 859.32, ""temperature"": 24.21, ""AGL"": -0.12, ""velocity"": 0}, ""chute_state"": {""pyro1_state"": 0, ""pyro2_state"": 0}, ""connection_status"": {""connected"": true, ""has_ever_connected"": true, ""packet_age_ms"": 0, ""timeout_exceeded"": false, ""rssi"": -49}, ""communication_mode"": ""BEACON"", ""timestamp"": 42141, ""packets_received"": 132, ""kalman_data"": {""altitude"": 0, ""vertical_velocity"": 0}, ""kalman_altitude"": 0, ""kalman_vertical_velocity"": 0, ""pyroDrogue"": 0, ""pyroMain"": 0, ""pyro1_state"": 0, ""pyro2_state"": 0}"
1755811007.791055,2025-08-22T00:16:47.791055,1260,0,0,-0.07,-0.03,0.9,-4.31,-1.81,-6.77,4.66,3.69,0,0,0,50038,859.33,24.22,-0.13,0,0,0,0,-49,,,BEACON,"{""record_number"": 1260, ""operation_mode"": 0, ""state"": 0, ""battery_voltage"": 0, ""wifi_rssi"": -49, ""acc_data"": {""ax"": -0.07, ""ay"": -0.03, ""az"": 0.9, ""pitch"": -4.31, ""roll"": -1.81}, ""gyro_data"": {""gx"": -6.77, ""gy"": 4.66, ""gz"": 3.69}, ""gps_data"": {""latitude"": 0, ""longitude"": 0, ""gps_altitude"": 0, ""time"": 50038}, ""alt_data"": {""pressure"": 859.33, ""temperature"": 24.22, ""AGL"": -0.13, ""velocity"": 0}, ""chute_state"": {""pyro1_state"": 0, ""pyro2_state"": 0}, ""connection_status"": {""connected"": true, ""has_ever_connected"": true, ""packet_age_ms"": 1, ""timeout_exceeded"": false, ""rssi"": -49}, ""communication_mode"": ""BEACON"", ""timestamp"": 42410, ""packets_received"": 133, ""kalman_data"": {""altitude"": 0, ""vertical_velocity"": 0}, ""kalman_altitude"": 0, ""kalman_vertical_velocity"": 0, ""pyroDrogue"": 0, ""pyroMain"": 0, ""pyro1_state"": 0, ""pyro2_state"": 0}"
1755811008.090193,2025-08-22T00:16:48.090193,1270,0,0,-0.08,-0.03,0.9,-4.09,-1.75,-6.49,3.41,3.51,0,0,0,50239,859.28,24.2,0.28,0,0,0,0,-49,,,BEACON,"{""record_number"": 1270, ""operation_mode"": 0, ""state"": 0, ""battery_voltage"": 0, ""wifi_rssi"": -49, ""acc_data"": {""ax"": -0.08, ""ay"": -0.03, ""az"": 0.9, ""pitch"": -4.09, ""roll"": -1.75}, ""gyro_data"": {""gx"": -6.49, ""gy"": 3.41, ""gz"": 3.51}, ""gps_data"": {""latitude"": 0, ""longitude"": 0, ""gps_altitude"": 0, ""time"": 50239}, ""alt_data"": {""pressure"": 859.28, ""temperature"": 24.2, ""AGL"": 0.28, ""velocity"": 0}, ""chute_state"": {""pyro1_state"": 0, ""pyro2_state"": 0}, ""connection_status"": {""connected"": true, ""has_ever_connected"": true, ""packet_age_ms"": 1, ""timeout_exceeded"": false, ""rssi"": -49}, ""communication_mode"": ""BEACON"", ""timestamp"": 42778, ""packets_received"": 134, ""kalman_data"": {""altitude"": 0, ""vertical_velocity"": 0}, ""kalman_altitude"": 0, ""kalman_vertical_velocity"": 0, ""pyroDrogue"": 0, ""pyroMain"": 0, ""pyro1_state"": 0, ""pyro2_state"": 0}"
1755811008.80874,2025-08-22T00:16:48.808740,1287,0,0,-0.08,-0.02,0.9,-4.26,-1.45,-6.65,4.3,3.45,0,0,0,51063,859.34,24.2,-0.26,0,0,0,0,-49,,,BEACON,"{""record_number"": 1287, ""operation_mode"": 0, ""state"": 0, ""battery_voltage"": 0, ""wifi_rssi"": -49, ""acc_data"": {""ax"": -0.08, ""ay"": -0.02, ""az"": 0.9, ""pitch"": -4.26, ""roll"": -1.45}, ""gyro_data"": {""gx"": -6.65, ""gy"": 4.3, ""gz"": 3.45}, ""gps_data"": {""latitude"": 0, ""longitude"": 0, ""gps_altitude"": 0, ""time"": 51063}, ""alt_data"": {""pressure"": 859.34, ""temperature"": 24.2, ""AGL"": -0.26, ""velocity"": 0}, ""chute_state"": {""pyro1_state"": 0, ""pyro2_state"": 0}, ""connection_status"": {""connected"": true, ""has_ever_connected"": true, ""packet_age_ms"": 0, ""timeout_exceeded"": false, ""rssi"": -49}, ""communication_mode"": ""BEACON"", ""timestamp"": 43313, ""packets_received"": 135, ""kalman_data"": {""altitude"": 0, ""vertical_velocity"": 0}, ""kalman_altitude"": 0, ""kalman_vertical_velocity"": 0, ""pyroDrogue"": 0, ""pyroMain"": 0, ""pyro1_state"": 0, ""pyro2_state"": 0}"
1755811009.012515,2025-08-22T00:16:49.012515,1295,0,0,-0.07,-0.03,0.9,-3.81,-1.83,-5.52,4.57,2.8,0,0,0,51264,859.37,24.22,-0.53,0,0,0,0,-48,,,BEACON,"{""record_number"": 1295, ""operation_mode"": 0, ""state"": 0, ""battery_voltage"": 0, ""wifi_rssi"": -48, ""acc_data"": {""ax"": -0.07, ""ay"": -0.03, ""az"": 0.9, ""pitch"": -3.81, ""roll"": -1.83}, ""gyro_data"": {""gx"": -5.52, ""gy"": 4.57, ""gz"": 2.8}, ""gps_data"": {""latitude"": 0, ""longitude"": 0, ""gps_altitude"": 0, ""time"": 51264}, ""alt_data"": {""pressure"": 859.37, ""temperature"": 24.22, ""AGL"": -0.53, ""velocity"": 0}, ""chute_state"": {""pyro1_state"": 0, ""pyro2_state"": 0}, ""connection_status"": {""connected"": true, ""has_ever_connected"": true, ""packet_age_ms"": 1, ""timeout_exceeded"": false, ""rssi"": -48}, ""communication_mode"": ""BEACON"", ""timestamp"": 43580, ""packets_received"": 136, ""kalman_data"": {""altitude"": 0, ""vertical_velocity"": 0}, ""kalman_altitude"": 0, ""kalman_vertical_velocity"": 0, ""pyroDrogue"": 0, ""pyroMain"": 0, ""pyro1_state"": 0, ""pyro2_state"": 0}"
1755811009.338551,2025-08-22T00:16:49.338551,1302,0,0,-0.07,-0.03,0.9,-4.15,-2.38,-5.64,2.74,2.68,0,0,0,51464,859.34,24.22,-0.31,0,0,0,0,-50,,,BEACON,"{""record_number"": 1302, ""operation_mode"": 0, ""state"": 0, ""battery_voltage"": 0, ""wifi_rssi"": -50, ""acc_data"": {""ax"": -0.07, ""ay"": -0.03, ""az"": 0.9, ""pitch"": -4.15, ""roll"": -2.38}, ""gyro_data"": {""gx"": -5.64, ""gy"": 2.74, ""gz"": 2.68}, ""gps_data"": {""latitude"": 0, ""longitude"": 0, ""gps_altitude"": 0, ""time"": 51464}, ""alt_data"": {""pressure"": 859.34, ""temperature"": 24.22, ""AGL"": -0.31, ""velocity"": 0}, ""chute_state"": {""pyro1_state"": 0, ""pyro2_state"": 0}, ""connection_status"": {""connected"": true, ""has_ever_connected"": true, ""packet_age_ms"": 1, ""timeout_exceeded"": false, ""rssi"": -50}, ""communication_mode"": ""BEACON"", ""timestamp"": 43849, ""packets_received"": 137, ""kalman_data"": {""altitude"": 0, ""vertical_velocity"": 0}, ""kalman_altitude"": 0, ""kalman_vertical_velocity"": 0, ""pyroDrogue"": 0, ""pyroMain"": 0, ""pyro1_state"": 0, ""pyro2_state"": 0}"
1755811009.640573,2025-08-22T00:16:49.640573,1313,0,0,-0.07,-0.03,0.89,-4.12,-1.74,-6.86,3.32,3.45,0,0,0,51676,859.36,24.22,-0.46,0,0,0,0,-49,,,BEACON,"{""record_number"": 1313, ""operation_mode"": 0, ""state"": 0, ""battery_voltage"": 0, ""wifi_rssi"": -49, ""acc_data"": {""ax"": -0.07, ""ay"": -0.03, ""az"": 0.89, ""pitch"": -4.12, ""roll"": -1.74}, ""gyro_data"": {""gx"": -6.86, ""gy"": 3.32, ""gz"": 3.45}, ""gps_data"": {""latitude"": 0, ""longitude"": 0, ""gps_altitude"": 0, ""time"": 51676}, ""alt_data"": {""pressure"": 859.36, ""temperature"": 24.22, ""AGL"": -0.46, ""velocity"": 0}, ""chute_state"": {""pyro1_state"": 0, ""pyro2_state"": 0}, ""connection_status"": {""connected"": true, ""has_ever_connected"": true, ""packet_age_ms"": 0, ""timeout_exceeded"": false, ""rssi"": -49}, ""communication_mode"": ""BEACON"", ""timestamp"": 44121, ""packets_received"": 138, ""kalman_data"": {""altitude"": 0, ""vertical_velocity"": 0}, ""kalman_altitude"": 0, ""kalman_vertical_velocity"": 0, ""pyroDrogue"": 0, ""pyroMain"": 0, ""pyro1_state"": 0, ""pyro2_state"": 0}"
1755811009.744327,2025-08-22T00:16:49.744327,1321,0,0,-0.08,-0.03,0.89,-4.15,-1.79,-5.24,4.39,2.84,0,0,0,52091,859.39,24.22,-0.79,0,0,0,0,-50,,,BEACON,"{""record_number"": 1321, ""operation_mode"": 0, ""state"": 0, ""battery_voltage"": 0, ""wifi_rssi"": -50, ""acc_data"": {""ax"": -0.08, ""ay"": -0.03, ""az"": 0.89, ""pitch"": -4.15, ""roll"": -1.79}, ""gyro_data"": {""gx"": -5.24, ""gy"": 4.39, ""gz"": 2.84}, ""gps_data"": {""latitude"": 0, ""longitude"": 0, ""gps_altitude"": 0, ""time"": 52091}, ""alt_data"": {""pressure"": 859.39, ""temperature"": 24.22, ""AGL"": -0.79, ""velocity"": 0}, ""chute_state"": {""pyro1_state"": 0, ""pyro2_state"": 0}, ""connection_status"": {""connected"": true, ""has_ever_connected"": true, ""packet_age_ms"": 0, ""timeout_exceeded"": false, ""rssi"": -50}, ""communication_mode"": ""BEACON"", ""timestamp"": 44385, ""packets_received"": 139, ""kalman_data"": {""altitude"": 0, ""vertical_velocity"": 0}, ""kalman_altitude"": 0, ""kalman_vertical_velocity"": 0, ""pyroDrogue"": 0, ""pyroMain"": 0, ""pyro1_state"": 0, ""pyro2_state"": 0}"
1755811010.261572,2025-08-22T00:16:50.261572,1328,0,0,-0.07,-0.02,0.91,-4.37,-1.68,-6.43,4.09,2.96,0,0,0,52293,859.42,24.24,-1.06,0,0,0,0,-50,,,BEACON,"{""record_number"": 1328, ""operation_mode"": 0, ""state"": 0, ""battery_voltage"": 0, ""wifi_rssi"": -50, ""acc_data"": {""ax"": -0.07, ""ay"": -0.02, ""az"": 0.91, ""pitch"": -4.37, ""roll"": -1.68}, ""gyro_data"": {""gx"": -6.43, ""gy"": 4.09, ""gz"": 2.96}, ""gps_data"": {""latitude"": 0, ""longitude"": 0, ""gps_altitude"": 0, ""time"": 52293}, ""alt_data"": {""pressure"": 859.42, ""temperature"": 24.24, ""AGL"": -1.06, ""velocity"": 0}, ""chute_state"": {""pyro1_state"": 0, ""pyro2_state"": 0}, ""connection_status"": {""connected"": true, ""has_ever_connected"": true, ""packet_age_ms"": 0, ""timeout_exceeded"": false, ""rssi"": -50}, ""communication_mode"": ""BEACON"", ""timestamp"": 44762, ""packets_received"": 140, ""kalman_data"": {""altitude"": 0, ""vertical_velocity"": 0}, ""kalman_altitude"": 0, ""kalman_vertical_velocity"": 0, ""pyroDrogue"": 0, ""pyroMain"": 0, ""pyro1_state"": 0, ""pyro2_state"": 0}"
1755811010.379719,2025-08-22T00:16:50.379719,1336,0,0,-0.08,-0.03,0.9,-4.17,-1.82,-6.16,4.02,3.69,0,0,0,52698,859.31,24.21,0.02,0,0,0,0,-49,,,BEACON,"{""record_number"": 1336, ""operation_mode"": 0, ""state"": 0, ""battery_voltage"": 0, ""wifi_rssi"": -49, ""acc_data"": {""ax"": -0.08, ""ay"": -0.03, ""az"": 0.9, ""pitch"": -4.17, ""roll"": -1.82}, ""gyro_data"": {""gx"": -6.16, ""gy"": 4.02, ""gz"": 3.69}, ""gps_data"": {""latitude"": 0, ""longitude"": 0, ""gps_altitude"": 0, ""time"": 52698}, ""alt_data"": {""pressure"": 859.31, ""temperature"": 24.21, ""AGL"": 0.02, ""velocity"": 0}, ""chute_state"": {""pyro1_state"": 0, ""pyro2_state"": 0}, ""connection_status"": {""connected"": true, ""has_ever_connected"": true, ""packet_age_ms"": 0, ""timeout_exceeded"": false, ""rssi"": -49}, ""communication_mode"": ""BEACON"", ""timestamp"": 45030, ""packets_received"": 141, ""kalman_data"": {""altitude"": 0, ""vertical_velocity"": 0}, ""kalman_altitude"": 0, ""kalman_vertical_velocity"": 0, ""pyroDrogue"": 0, ""pyroMain"": 0, ""pyro1_state"": 0, ""pyro2_state"": 0}"
1755811010.812987,2025-08-22T00:16:50.812987,1344,0,0,-0.08,-0.03,0.9,-4.34,-1.59,-6.28,3.57,3.05,0,0,0,52911,859.37,24.23,-0.54,0,0,0,0,-49,,,BEACON,"{""record_number"": 1344, ""operation_mode"": 0, ""state"": 0, ""battery_voltage"": 0, ""wifi_rssi"": -49, ""acc_data"": {""ax"": -0.08, ""ay"": -0.03, ""az"": 0.9, ""pitch"": -4.34, ""roll"": -1.59}, ""gyro_data"": {""gx"": -6.28, ""gy"": 3.57, ""gz"": 3.05}, ""gps_data"": {""latitude"": 0, ""longitude"": 0, ""gps_altitude"": 0, ""time"": 52911}, ""alt_data"": {""pressure"": 859.37, ""temperature"": 24.23, ""AGL"": -0.54, ""velocity"": 0}, ""chute_state"": {""pyro1_state"": 0, ""pyro2_state"": 0}, ""connection_status"": {""connected"": true, ""has_ever_connected"": true, ""packet_age_ms"": 0, ""timeout_exceeded"": false, ""rssi"": -49}, ""communication_mode"": ""BEACON"", ""timestamp"": 45295, ""packets_received"": 142, ""kalman_data"": {""altitude"": 0, ""vertical_velocity"": 0}, ""kalman_altitude"": 0, ""kalman_vertical_velocity"": 0, ""pyroDrogue"": 0, ""pyroMain"": 0, ""pyro1_state"": 0, ""pyro2_state"": 0}"
1755811011.121989,2025-08-22T00:16:51.121989,1352,0,0,-0.07,-0.03,0.9,-4.09,-2.02,-6.31,2.47,2.9,0,0,0,53312,859.32,24.21,-0.13,0,0,0,0,-49,,,BEACON,"{""record_number"": 1352, ""operation_mode"": 0, ""state"": 0, ""battery_voltage"": 0, ""wifi_rssi"": -49, ""acc_data"": {""ax"": -0.07, ""ay"": -0.03, ""az"": 0.9, ""pitch"": -4.09, ""roll"": -2.02}, ""gyro_data"": {""gx"": -6.31, ""gy"": 2.47, ""gz"": 2.9}, ""gps_data"": {""latitude"": 0, ""longitude"": 0, ""gps_altitude"": 0, ""time"": 53312}, ""alt_data"": {""pressure"": 859.32, ""temperature"": 24.21, ""AGL"": -0.13, ""velocity"": 0}, ""chute_state"": {""pyro1_state"": 0, ""pyro2_state"": 0}, ""connection_status"": {""connected"": true, ""has_ever_connected"": true, ""packet_age_ms"": 0, ""timeout_exceeded"": false, ""rssi"": -49}, ""communication_mode"": ""BEACON"", ""timestamp"": 45558, ""packets_received"": 143, ""kalman_data"": {""altitude"": 0, ""vertical_velocity"": 0}, ""kalman_altitude"": 0, ""kalman_vertical_velocity"": 0, ""pyroDrogue"": 0, ""pyroMain"": 0, ""pyro1_state"": 0, ""pyro2_state"": 0}"
1755811012.026978,2025-08-22T00:16:52.026978,1362,0,0,-0.08,-0.03,0.91,-4.31,-1.39,-6.89,3.57,4.3,0,0,0,53513,859.31,24.21,0.02,0,0,0,0,-49,,,BEACON,"{""record_number"": 1362, ""operation_mode"": 0, ""state"": 0, ""battery_voltage"": 0, ""wifi_rssi"": -49, ""acc_data"": {""ax"": -0.08, ""ay"": -0.03, ""az"": 0.91, ""pitch"": -4.31, ""roll"": -1.39}, ""gyro_data"": {""gx"": -6.89, ""gy"": 3.57, ""gz"": 4.3}, ""gps_data"": {""latitude"": 0, ""longitude"": 0, ""gps_altitude"": 0, ""time"": 53513}, ""alt_data"": {""pressure"": 859.31, ""temperature"": 24.21, ""AGL"": 0.02, ""velocity"": 0}, ""chute_state"": {""pyro1_state"": 0, ""pyro2_state"": 0}, ""connection_status"": {""connected"": true, ""has_ever_connected"": true, ""packet_age_ms"": 0, ""timeout_exceeded"": false, ""rssi"": -49}, ""communication_mode"": ""BEACON"", ""timestamp"": 45842, ""packets_received"": 144, ""kalman_data"": {""altitude"": 0, ""vertical_velocity"": 0}, ""kalman_altitude"": 0, ""kalman_vertical_velocity"": 0, ""pyroDrogue"": 0, ""pyroMain"": 0, ""pyro1_state"": 0, ""pyro2_state"": 0}"
1755811012.279743,2025-08-22T00:16:52.279743,1370,0,0,-0.08,-0.02,0.9,-4.17,-1.62,-6.25,2.99,3.17,0,0,0,53727,859.38,24.22,-0.65,0,0,0,0,-50,,,BEACON,"{""record_number"": 1370, ""operation_mode"": 0, ""state"": 0, ""battery_voltage"": 0, ""wifi_rssi"": -50, ""acc_data"": {""ax"": -0.08, ""ay"": -0.02, ""az"": 0.9, ""pitch"": -4.17, ""roll"": -1.62}, ""gyro_data"": {""gx"": -6.25, ""gy"": 2.99, ""gz"": 3.17}, ""gps_data"": {""latitude"": 0, ""longitude"": 0, ""gps_altitude"": 0, ""time"": 53727}, ""alt_data"": {""pressure"": 859.38, ""temperature"": 24.22, ""AGL"": -0.65, ""velocity"": 0}, ""chute_state"": {""pyro1_state"": 0, ""pyro2_state"": 0}, ""connection_status"": {""connected"": true, ""has_ever_connected"": true, ""packet_age_ms"": 1, ""timeout_exceeded"": false, ""rssi"": -50}, ""communication_mode"": ""BEACON"", ""timestamp"": 46114, ""packets_received"": 145, ""kalman_data"": {""altitude"": 0, ""vertical_velocity"": 0}, ""kalman_altitude"": 0, ""kalman_vertical_velocity"": 0, ""pyroDrogue"": 0, ""pyroMain"": 0, ""pyro1_state"": 0, ""pyro2_state"": 0}"
1755811012.394764,2025-08-22T00:16:52.394764,1377,0,0,-0.08,-0.03,0.9,-4.37,-1.43,-6.55,3.51,2.99,0,0,0,54139,859.37,24.22,-0.57,0,0,0,0,-50,,,BEACON,"{""record_number"": 1377, ""operation_mode"": 0, ""state"": 0, ""battery_voltage"": 0, ""wifi_rssi"": -50, ""acc_data"": {""ax"": -0.08, ""ay"": -0.03, ""az"": 0.9, ""pitch"": -4.37, ""roll"": -1.43}, ""gyro_data"": {""gx"": -6.55, ""gy"": 3.51, ""gz"": 2.99}, ""gps_data"": {""latitude"": 0, ""longitude"": 0, ""gps_altitude"": 0, ""time"": 54139}, ""alt_data"": {""pressure"": 859.37, ""temperature"": 24.22, ""AGL"": -0.57, ""velocity"": 0}, ""chute_state"": {""pyro1_state"": 0, ""pyro2_state"": 0}, ""connection_status"": {""connected"": true, ""has_ever_connected"": true, ""packet_age_ms"": 0, ""timeout_exceeded"": false, ""rssi"": -50}, ""communication_mode"": ""BEACON"", ""timestamp"": 46490, ""packets_received"": 146, ""kalman_data"": {""altitude"": 0, ""vertical_velocity"": 0}, ""kalman_altitude"": 0, ""kalman_vertical_velocity"": 0, ""pyroDrogue"": 0, ""pyroMain"": 0, ""pyro1_state"": 0, ""pyro2_state"": 0}"
1755811012.46835,2025-08-22T00:16:52.468350,1385,0,0,-0.07,-0.03,0.9,-4.01,-1.64,-6.16,3.29,2.8,0,0,0,54339,859.36,24.22,-0.43,0,0,0,0,-49,,,BEACON,"{""record_number"": 1385, ""operation_mode"": 0, ""state"": 0, ""battery_voltage"": 0, ""wifi_rssi"": -49, ""acc_data"": {""ax"": -0.07, ""ay"": -0.03, ""az"": 0.9, ""pitch"": -4.01, ""roll"": -1.64}, ""gyro_data"": {""gx"": -6.16, ""gy"": 3.29, ""gz"": 2.8}, ""gps_data"": {""latitude"": 0, ""longitude"": 0, ""gps_altitude"": 0, ""time"": 54339}, ""alt_data"": {""pressure"": 859.36, ""temperature"": 24.22, ""AGL"": -0.43, ""velocity"": 0}, ""chute_state"": {""pyro1_state"": 0, ""pyro2_state"": 0}, ""connection_status"": {""connected"": true, ""has_ever_connected"": true, ""packet_age_ms"": 1, ""timeout_exceeded"": false, ""rssi"": -49}, ""communication_mode"": ""BEACON"", ""timestamp"": 46755, ""packets_received"": 147, ""kalman_data"": {""altitude"": 0, ""vertical_velocity"": 0}, ""kalman_altitude"": 0, ""kalman_vertical_velocity"": 0, ""pyroDrogue"": 0, ""pyroMain"": 0, ""pyro1_state"": 0, ""pyro2_state"": 0}"
1755811012.59262,2025-08-22T00:16:52.592620,1392,0,0,-0.08,-0.04,0.91,-4.15,-1.84,-5.49,4.02,2.41,0,0,0,54749,859.31,24.24,0.03,0,0,0,0,-49,,,BEACON,"{""record_number"": 1392, ""operation_mode"": 0, ""state"": 0, ""battery_voltage"": 0, ""wifi_rssi"": -49, ""acc_data"": {""ax"": -0.08, ""ay"": -0.04, ""az"": 0.91, ""pitch"": -4.15, ""roll"": -1.84}, ""gyro_data"": {""gx"": -5.49, ""gy"": 4.02, ""gz"": 2.41}, ""gps_data"": {""latitude"": 0, ""longitude"": 0, ""gps_altitude"": 0, ""time"": 54749}, ""alt_data"": {""pressure"": 859.31, ""temperature"": 24.24, ""AGL"": 0.03, ""velocity"": 0}, ""chute_state"": {""pyro1_state"": 0, ""pyro2_state"": 0}, ""connection_status"": {""connected"": true, ""has_ever_connected"": true, ""packet_age_ms"": 0, ""timeout_exceeded"": false, ""rssi"": -49}, ""communication_mode"": ""BEACON"", ""timestamp"": 47025, ""packets_received"": 148, ""kalman_data"": {""altitude"": 0, ""vertical_velocity"": 0}, ""kalman_altitude"": 0, ""kalman_vertical_velocity"": 0, ""pyroDrogue"": 0, ""pyroMain"": 0, ""pyro1_state"": 0, ""pyro2_state"": 0}"
1755811012.784896,2025-08-22T00:16:52.784896,1401,0,0,-0.07,-0.03,0.9,-4.26,-2.06,-6.16,3.08,3.23,0,0,0,54955,859.36,24.22,-0.47,0,0,0,0,-49,,,BEACON,"{""record_number"": 1401, ""operation_mode"": 0, ""state"": 0, ""battery_voltage"": 0, ""wifi_rssi"": -49, ""acc_data"": {""ax"": -0.07, ""ay"": -0.03, ""az"": 0.9, ""pitch"": -4.26, ""roll"": -2.06}, ""gyro_data"": {""gx"": -6.16, ""gy"": 3.08, ""gz"": 3.23}, ""gps_data"": {""latitude"": 0, ""longitude"": 0, ""gps_altitude"": 0, ""time"": 54955}, ""alt_data"": {""pressure"": 859.36, ""temperature"": 24.22, ""AGL"": -0.47, ""velocity"": 0}, ""chute_state"": {""pyro1_state"": 0, ""pyro2_state"": 0}, ""connection_status"": {""connected"": true, ""has_ever_connected"": true, ""packet_age_ms"": 0, ""timeout_exceeded"": false, ""rssi"": -49}, ""communication_mode"": ""BEACON"", ""timestamp"": 47290, ""packets_received"": 149, ""kalman_data"": {""altitude"": 0, ""vertical_velocity"": 0}, ""kalman_altitude"": 0, ""kalman_vertical_velocity"": 0, ""pyroDrogue"": 0, ""pyroMain"": 0, ""pyro1_state"": 0, ""pyro2_state"": 0}"
1755811012.924892,2025-08-22T00:16:52.924892,1409,0,0,-0.07,-0.03,0.9,-4.2,-1.96,-6.52,3.29,2.71,0,0,0,55156,859.38,24.24,-0.62,0,0,0,0,-49,,,BEACON,"{""record_number"": 1409, ""operation_mode"": 0, ""state"": 0, ""battery_voltage"": 0, ""wifi_rssi"": -49, ""acc_data"": {""ax"": -0.07, ""ay"": -0.03, ""az"": 0.9, ""pitch"": -4.2, ""roll"": -1.96}, ""gyro_data"": {""gx"": -6.52, ""gy"": 3.29, ""gz"": 2.71}, ""gps_data"": {""latitude"": 0, ""longitude"": 0, ""gps_altitude"": 0, ""time"": 55156}, ""alt_data"": {""pressure"": 859.38, ""temperature"": 24.24, ""AGL"": -0.62, ""velocity"": 0}, ""chute_state"": {""pyro1_state"": 0, ""pyro2_state"": 0}, ""connection_status"": {""connected"": true, ""has_ever_connected"": true, ""packet_age_ms"": 1, ""timeout_exceeded"": false, ""rssi"": -49}, ""communication_mode"": ""BEACON"", ""timestamp"": 47553, ""packets_received"": 150, ""kalman_data"": {""altitude"": 0, ""vertical_velocity"": 0}, ""kalman_altitude"": 0, ""kalman_vertical_velocity"": 0, ""pyroDrogue"": 0, ""pyroMain"": 0, ""pyro1_state"": 0, ""pyro2_state"": 0}"
1755811013.186142,2025-08-22T00:16:53.186142,1418,0,0,-0.08,-0.03,0.9,-4.09,-1.98,-6.68,3.11,3.84,0,0,0,55559,859.33,24.22,-0.14,0,0,0,0,-48,,,BEACON,"{""record_number"": 1418, ""operation_mode"": 0, ""state"": 0, ""battery_voltage"": 0, ""wifi_rssi"": -48, ""acc_data"": {""ax"": -0.08, ""ay"": -0.03, ""az"": 0.9, ""pitch"": -4.09, ""roll"": -1.98}, ""gyro_data"": {""gx"": -6.68, ""gy"": 3.11, ""gz"": 3.84}, ""gps_data"": {""latitude"": 0, ""longitude"": 0, ""gps_altitude"": 0, ""time"": 55559}, ""alt_data"": {""pressure"": 859.33, ""temperature"": 24.22, ""AGL"": -0.14, ""velocity"": 0}, ""chute_state"": {""pyro1_state"": 0, ""pyro2_state"": 0}, ""connection_status"": {""connected"": true, ""has_ever_connected"": true, ""packet_age_ms"": 0, ""timeout_exceeded"": false, ""rssi"": -48}, ""communication_mode"": ""BEACON"", ""timestamp"": 47820, ""packets_received"": 151, ""kalman_data"": {""altitude"": 0, ""vertical_velocity"": 0}, ""kalman_altitude"": 0, ""kalman_vertical_velocity"": 0, ""pyroDrogue"": 0, ""pyroMain"": 0, ""pyro1_state"": 0, ""pyro2_state"": 0}"
1755811013.591479,2025-08-22T00:16:53.591479,1426,0,0,-0.07,-0.03,0.9,-4.45,-1.8,-7.2,4.51,2.56,0,0,0,55765,859.39,24.24,-0.77,0,0,0,0,-49,,,BEACON,"{""record_number"": 1426, ""operation_mode"": 0, ""state"": 0, ""battery_voltage"": 0, ""wifi_rssi"": -49, ""acc_data"": {""ax"": -0.07, ""ay"": -0.03, ""az"": 0.9, ""pitch"": -4.45, ""roll"": -1.8}, ""gyro_data"": {""gx"": -7.2, ""gy"": 4.51, ""gz"": 2.56}, ""gps_data"": {""latitude"": 0, ""longitude"": 0, ""gps_altitude"": 0, ""time"": 55765}, ""alt_data"": {""pressure"": 859.39, ""temperature"": 24.24, ""AGL"": -0.77, ""velocity"": 0}, ""chute_state"": {""pyro1_state"": 0, ""pyro2_state"": 0}, ""connection_status"": {""connected"": true, ""has_ever_connected"": true, ""packet_age_ms"": 1, ""timeout_exceeded"": false, ""rssi"": -49}, ""communication_mode"": ""BEACON"", ""timestamp"": 48194, ""packets_received"": 152, ""kalman_data"": {""altitude"": 0, ""vertical_velocity"": 0}, ""kalman_altitude"": 0, ""kalman_vertical_velocity"": 0, ""pyroDrogue"": 0, ""pyroMain"": 0, ""pyro1_state"": 0, ""pyro2_state"": 0}"
1755811013.825773,2025-08-22T00:16:53.825773,1434,0,0,-0.07,-0.03,0.9,-4.23,-1.77,-6.8,3.96,2.9,0,0,0,56174,859.37,24.24,-0.55,0,0,0,0,-49,,,BEACON,"{""record_number"": 1434, ""operation_mode"": 0, ""state"": 0, ""battery_voltage"": 0, ""wifi_rssi"": -49, ""acc_data"": {""ax"": -0.07, ""ay"": -0.03, ""az"": 0.9, ""pitch"": -4.23, ""roll"": -1.77}, ""gyro_data"": {""gx"": -6.8, ""gy"": 3.96, ""gz"": 2.9}, ""gps_data"": {""latitude"": 0, ""longitude"": 0, ""gps_altitude"": 0, ""time"": 56174}, ""alt_data"": {""pressure"": 859.37, ""temperature"": 24.24, ""AGL"": -0.55, ""velocity"": 0}, ""chute_state"": {""pyro1_state"": 0, ""pyro2_state"": 0}, ""connection_status"": {""connected"": true, ""has_ever_connected"": true, ""packet_age_ms"": 0, ""timeout_exceeded"": false, ""rssi"": -49}, ""communication_mode"": ""BEACON"", ""timestamp"": 48457, ""packets_received"": 153, ""kalman_data"": {""altitude"": 0, ""vertical_velocity"": 0}, ""kalman_altitude"": 0, ""kalman_vertical_velocity"": 0, ""pyroDrogue"": 0, ""pyroMain"": 0, ""pyro1_state"": 0, ""pyro2_state"": 0}"
1755811014.163311,2025-08-22T00:16:54.163311,1441,0,0,-0.06,-0.01,0.91,-4.37,-1.56,-9.6,5.61,2.99,0,0,0,56374,859.33,24.23,-0.14,0,0,0,0,-49,,,BEACON,"{""record_number"": 1441, ""operation_mode"": 0, ""state"": 0, ""battery_voltage"": 0, ""wifi_rssi"": -49, ""acc_data"": {""ax"": -0.06, ""ay"": -0.01, ""az"": 0.91, ""pitch"": -4.37, ""roll"": -1.56}, ""gyro_data"": {""gx"": -9.6, ""gy"": 5.61, ""gz"": 2.99}, ""gps_data"": {""latitude"": 0, ""longitude"": 0, ""gps_altitude"": 0, ""time"": 56374}, ""alt_data"": {""pressure"": 859.33, ""temperature"": 24.23, ""AGL"": -0.14, ""velocity"": 0}, ""chute_state"": {""pyro1_state"": 0, ""pyro2_state"": 0}, ""connection_status"": {""connected"": true, ""has_ever_connected"": true, ""packet_age_ms"": 0, ""timeout_exceeded"": false, ""rssi"": -49}, ""communication_mode"": ""BEACON"", ""timestamp"": 48723, ""packets_received"": 154, ""kalman_data"": {""altitude"": 0, ""vertical_velocity"": 0}, ""kalman_altitude"": 0, ""kalman_vertical_velocity"": 0, ""pyroDrogue"": 0, ""pyroMain"": 0, ""pyro1_state"": 0, ""pyro2_state"": 0}"
1755811014.366305,2025-08-22T00:16:54.366305,1449,0,0,-0.07,-0.03,0.89,-4.34,-2.13,-6.43,3.63,3.2,0,0,0,56580,859.31,24.22,-0.03,0,0,0,0,-48,,,BEACON,"{""record_number"": 1449, ""operation_mode"": 0, ""state"": 0, ""battery_voltage"": 0, ""wifi_rssi"": -48, ""acc_data"": {""ax"": -0.07, ""ay"": -0.03, ""az"": 0.89, ""pitch"": -4.34, ""roll"": -2.13}, ""gyro_data"": {""gx"": -6.43, ""gy"": 3.63, ""gz"": 3.2}, ""gps_data"": {""latitude"": 0, ""longitude"": 0, ""gps_altitude"": 0, ""time"": 56580}, ""alt_data"": {""pressure"": 859.31, ""temperature"": 24.22, ""AGL"": -0.03, ""velocity"": 0}, ""chute_state"": {""pyro1_state"": 0, ""pyro2_state"": 0}, ""connection_status"": {""connected"": true, ""has_ever_connected"": true, ""packet_age_ms"": 0, ""timeout_exceeded"": false, ""rssi"": -48}, ""communication_mode"": ""BEACON"", ""timestamp"": 48996, ""packets_received"": 155, ""kalman_data"": {""altitude"": 0, ""vertical_velocity"": 0}, ""kalman_altitude"": 0, ""kalman_vertical_velocity"": 0, ""pyroDrogue"": 0, ""pyroMain"": 0, ""pyro1_state"": 0, ""pyro2_state"": 0}"
1755811014.642898,2025-08-22T00:16:54.642898,1457,0,0,-0.07,-0.03,0.9,-4.59,-1.79,-6.4,2.41,2.77,0,0,0,56997,859.34,24.24,-0.29,0,0,0,0,-49,,,BEACON,"{""record_number"": 1457, ""operation_mode"": 0, ""state"": 0, ""battery_voltage"": 0, ""wifi_rssi"": -49, ""acc_data"": {""ax"": -0.07, ""ay"": -0.03, ""az"": 0.9, ""pitch"": -4.59, ""roll"": -1.79}, ""gyro_data"": {""gx"": -6.4, ""gy"": 2.41, ""gz"": 2.77}, ""gps_data"": {""latitude"": 0, ""longitude"": 0, ""gps_altitude"": 0, ""time"": 56997}, ""alt_data"": {""pressure"": 859.34, ""temperature"": 24.24, ""AGL"": -0.29, ""velocity"": 0}, ""chute_state"": {""pyro1_state"": 0, ""pyro2_state"": 0}, ""connection_status"": {""connected"": true, ""has_ever_connected"": true, ""packet_age_ms"": 0, ""timeout_exceeded"": false, ""rssi"": -49}, ""communication_mode"": ""BEACON"", ""timestamp"": 49259, ""packets_received"": 156, ""kalman_data"": {""altitude"": 0, ""vertical_velocity"": 0}, ""kalman_altitude"": 0, ""kalman_vertical_velocity"": 0, ""pyroDrogue"": 0, ""pyroMain"": 0, ""pyro1_state"": 0, ""pyro2_state"": 0}"
1755811014.872563,2025-08-22T00:16:54.872563,1467,0,0,-0.07,-0.03,0.9,-4.57,-1.81,-6.07,2.96,3.29,0,0,0,57197,859.36,24.24,-0.48,0,0,0,0,-50,,,BEACON,"{""record_number"": 1467, ""operation_mode"": 0, ""state"": 0, ""battery_voltage"": 0, ""wifi_rssi"": -50, ""acc_data"": {""ax"": -0.07, ""ay"": -0.03, ""az"": 0.9, ""pitch"": -4.57, ""roll"": -1.81}, ""gyro_data"": {""gx"": -6.07, ""gy"": 2.96, ""gz"": 3.29}, ""gps_data"": {""latitude"": 0, ""longitude"": 0, ""gps_altitude"": 0, ""time"": 57197}, ""alt_data"": {""pressure"": 859.36, ""temperature"": 24.24, ""AGL"": -0.48, ""velocity"": 0}, ""chute_state"": {""pyro1_state"": 0, ""pyro2_state"": 0}, ""connection_status"": {""connected"": true, ""has_ever_connected"": true, ""packet_age_ms"": 0, ""timeout_exceeded"": false, ""rssi"": -50}, ""communication_mode"": ""BEACON"", ""timestamp"": 49522, ""packets_received"": 157, ""kalman_data"": {""altitude"": 0, ""vertical_velocity"": 0}, ""kalman_altitude"": 0, ""kalman_vertical_velocity"": 0, ""pyroDrogue"": 0, ""pyroMain"": 0, ""pyro1_state"": 0, ""pyro2_state"": 0}"
1755811015.236097,2025-08-22T00:16:55.236097,1474,0,0,-0.08,-0.03,0.89,-3.89,-1.65,-6.13,4.24,2.13,0,0,0,57398,859.39,24.24,-0.77,0,0,0,0,-50,,,BEACON,"{""record_number"": 1474, ""operation_mode"": 0, ""state"": 0, ""battery_voltage"": 0, ""wifi_rssi"": -50, ""acc_data"": {""ax"": -0.08, ""ay"": -0.03, ""az"": 0.89, ""pitch"": -3.89, ""roll"": -1.65}, ""gyro_data"": {""gx"": -6.13, ""gy"": 4.24, ""gz"": 2.13}, ""gps_data"": {""latitude"": 0, ""longitude"": 0, ""gps_altitude"": 0, ""time"": 57398}, ""alt_data"": {""pressure"": 859.39, ""temperature"": 24.24, ""AGL"": -0.77, ""velocity"": 0}, ""chute_state"": {""pyro1_state"": 0, ""pyro2_state"": 0}, ""connection_status"": {""connected"": true, ""has_ever_connected"": true, ""packet_age_ms"": 0, ""timeout_exceeded"": false, ""rssi"": -50}, ""communication_mode"": ""BEACON"", ""timestamp"": 49899, ""packets_received"": 158, ""kalman_data"": {""altitude"": 0, ""vertical_velocity"": 0}, ""kalman_altitude"": 0, ""kalman_vertical_velocity"": 0, ""pyroDrogue"": 0, ""pyroMain"": 0, ""pyro1_state"": 0, ""pyro2_state"": 0}"
1755811015.676902,2025-08-22T00:16:55.676902,1482,0,0,-0.08,-0.03,0.9,-4.15,-1.76,-6.19,3.54,2.99,0,0,0,57817,859.36,24.24,-0.48,0,0,0,0,-48,,,BEACON,"{""record_number"": 1482, ""operation_mode"": 0, ""state"": 0, ""battery_voltage"": 0, ""wifi_rssi"": -48, ""acc_data"": {""ax"": -0.08, ""ay"": -0.03, ""az"": 0.9, ""pitch"": -4.15, ""roll"": -1.76}, ""gyro_data"": {""gx"": -6.19, ""gy"": 3.54, ""gz"": 2.99}, ""gps_data"": {""latitude"": 0, ""longitude"": 0, ""gps_altitude"": 0, ""time"": 57817}, ""alt_data"": {""pressure"": 859.36, ""temperature"": 24.24, ""AGL"": -0.48, ""velocity"": 0}, ""chute_state"": {""pyro1_state"": 0, ""pyro2_state"": 0}, ""connection_status"": {""connected"": true, ""has_ever_connected"": true, ""packet_age_ms"": 1, ""timeout_exceeded"": false, ""rssi"": -48}, ""communication_mode"": ""BEACON"", ""timestamp"": 50176, ""packets_received"": 159, ""kalman_data"": {""altitude"": 0, ""vertical_velocity"": 0}, ""kalman_altitude"": 0, ""kalman_vertical_velocity"": 0, ""pyroDrogue"": 0, ""pyroMain"": 0, ""pyro1_state"": 0, ""pyro2_state"": 0}"
1755811016.062496,2025-08-22T00:16:56.062496,1490,0,0,-0.07,-0.03,0.9,-4.03,-1.96,-6.34,4.21,2.96,0,0,0,58024,859.33,24.24,-0.22,0,0,0,0,-49,,,BEACON,"{""record_number"": 1490, ""operation_mode"": 0, ""state"": 0, ""battery_voltage"": 0, ""wifi_rssi"": -49, ""acc_data"": {""ax"": -0.07, ""ay"": -0.03, ""az"": 0.9, ""pitch"": -4.03, ""roll"": -1.96}, ""gyro_data"": {""gx"": -6.34, ""gy"": 4.21, ""gz"": 2.96}, ""gps_data"": {""latitude"": 0, ""longitude"": 0, ""gps_altitude"": 0, ""time"": 58024}, ""alt_data"": {""pressure"": 859.33, ""temperature"": 24.24, ""AGL"": -0.22, ""velocity"": 0}, ""chute_state"": {""pyro1_state"": 0, ""pyro2_state"": 0}, ""connection_status"": {""connected"": true, ""has_ever_connected"": true, ""packet_age_ms"": 0, ""timeout_exceeded"": false, ""rssi"": -49}, ""communication_mode"": ""BEACON"", ""timestamp"": 50439, ""packets_received"": 160, ""kalman_data"": {""altitude"": 0, ""vertical_velocity"": 0}, ""kalman_altitude"": 0, ""kalman_vertical_velocity"": 0, ""pyroDrogue"": 0, ""pyroMain"": 0, ""pyro1_state"": 0, ""pyro2_state"": 0}"
1755811016.27453,2025-08-22T00:16:56.274530,1498,0,0,-0.08,-0.03,0.89,-4.37,-2.2,-5.95,3.38,2.59,0,0,0,58425,859.41,24.25,-0.99,0,0,0,0,-48,,,BEACON,"{""record_number"": 1498, ""operation_mode"": 0, ""state"": 0, ""battery_voltage"": 0, ""wifi_rssi"": -48, ""acc_data"": {""ax"": -0.08, ""ay"": -0.03, ""az"": 0.89, ""pitch"": -4.37, ""roll"": -2.2}, ""gyro_data"": {""gx"": -5.95, ""gy"": 3.38, ""gz"": 2.59}, ""gps_data"": {""latitude"": 0, ""longitude"": 0, ""gps_altitude"": 0, ""time"": 58425}, ""alt_data"": {""pressure"": 859.41, ""temperature"": 24.25, ""AGL"": -0.99, ""velocity"": 0}, ""chute_state"": {""pyro1_state"": 0, ""pyro2_state"": 0}, ""connection_status"": {""connected"": true, ""has_ever_connected"": true, ""packet_age_ms"": 0, ""timeout_exceeded"": false, ""rssi"": -48}, ""communication_mode"": ""BEACON"", ""timestamp"": 50703, ""packets_received"": 161, ""kalman_data"": {""altitude"": 0, ""vertical_velocity"": 0}, ""kalman_altitude"": 0, ""kalman_vertical_velocity"": 0, ""pyroDrogue"": 0, ""pyroMain"": 0, ""pyro1_state"": 0, ""pyro2_state"": 0}"
1755811017.027325,2025-08-22T00:16:57.027325,1505,0,0,-0.07,-0.02,0.89,-4.2,-2.08,-6.49,3.48,3.51,0,0,0,58628,859.37,24.25,-0.6,0,0,0,0,-49,,,BEACON,"{""record_number"": 1505, ""operation_mode"": 0, ""state"": 0, ""battery_voltage"": 0, ""wifi_rssi"": -49, ""acc_data"": {""ax"": -0.07, ""ay"": -0.02, ""az"": 0.89, ""pitch"": -4.2, ""roll"": -2.08}, ""gyro_data"": {""gx"": -6.49, ""gy"": 3.48, ""gz"": 3.51}, ""gps_data"": {""latitude"": 0, ""longitude"": 0, ""gps_altitude"": 0, ""time"": 58628}, ""alt_data"": {""pressure"": 859.37, ""temperature"": 24.25, ""AGL"": -0.6, ""velocity"": 0}, ""chute_state"": {""pyro1_state"": 0, ""pyro2_state"": 0}, ""connection_status"": {""connected"": true, ""has_ever_connected"": true, ""packet_age_ms"": 0, ""timeout_exceeded"": false, ""rssi"": -49}, ""communication_mode"": ""BEACON"", ""timestamp"": 50971, ""packets_received"": 162, ""kalman_data"": {""altitude"": 0, ""vertical_velocity"": 0}, ""kalman_altitude"": 0, ""kalman_vertical_velocity"": 0, ""pyroDrogue"": 0, ""pyroMain"": 0, ""pyro1_state"": 0, ""pyro2_state"": 0}"
1755811017.270604,2025-08-22T00:16:57.270604,1515,0,0,-0.07,-0.03,0.9,-4.2,-1.81,-5.46,2.35,2.41,0,0,0,58841,859.35,24.24,-0.34,0,0,0,0,-49,,,BEACON,"{""record_number"": 1515, ""operation_mode"": 0, ""state"": 0, ""battery_voltage"": 0, ""wifi_rssi"": -49, ""acc_data"": {""ax"": -0.07, ""ay"": -0.03, ""az"": 0.9, ""pitch"": -4.2, ""roll"": -1.81}, ""gyro_data"": {""gx"": -5.46, ""gy"": 2.35, ""gz"": 2.41}, ""gps_data"": {""latitude"": 0, ""longitude"": 0, ""gps_altitude"": 0, ""time"": 58841}, ""alt_data"": {""pressure"": 859.35, ""temperature"": 24.24, ""AGL"": -0.34, ""velocity"": 0}, ""chute_state"": {""pyro1_state"": 0, ""pyro2_state"": 0}, ""connection_status"": {""connected"": true, ""has_ever_connected"": true, ""packet_age_ms"": 0, ""timeout_exceeded"": false, ""rssi"": -49}, ""communication_mode"": ""BEACON"", ""timestamp"": 51240, ""packets_received"": 163, ""kalman_data"": {""altitude"": 0, ""vertical_velocity"": 0}, ""kalman_altitude"": 0, ""kalman_vertical_velocity"": 0, ""pyroDrogue"": 0, ""pyroMain"": 0, ""pyro1_state"": 0, ""pyro2_state"": 0}"
1755811018.477871,2025-08-22T00:16:58.477871,1523,0,0,-0.07,-0.03,0.91,-4.29,-1.53,-6.43,4.05,3.2,0,0,0,59247,859.35,24.24,-0.33,0,0,0,0,-49,,,BEACON,"{""record_number"": 1523, ""operation_mode"": 0, ""state"": 0, ""battery_voltage"": 0, ""wifi_rssi"": -49, ""acc_data"": {""ax"": -0.07, ""ay"": -0.03, ""az"": 0.91, ""pitch"": -4.29, ""roll"": -1.53}, ""gyro_data"": {""gx"": -6.43, ""gy"": 4.05, ""gz"": 3.2}, ""gps_data"": {""latitude"": 0, ""longitude"": 0, ""gps_altitude"": 0, ""time"": 59247}, ""alt_data"": {""pressure"": 859.35, ""temperature"": 24.24, ""AGL"": -0.33, ""velocity"": 0}, ""chute_state"": {""pyro1_state"": 0, ""pyro2_state"": 0}, ""connection_status"": {""connected"": true, ""has_ever_connected"": true, ""packet_age_ms"": 1, ""timeout_exceeded"": false, ""rssi"": -49}, ""communication_mode"": ""BEACON"", ""timestamp"": 51607, ""packets_received"": 164, ""kalman_data"": {""altitude"": 0, ""vertical_velocity"": 0}, ""kalman_altitude"": 0, ""kalman_vertical_velocity"": 0, ""pyroDrogue"": 0, ""pyroMain"": 0, ""pyro1_state"": 0, ""pyro2_state"": 0}"
1755811019.407728,2025-08-22T00:16:59.407728,1531,0,0,-0.08,-0.02,0.9,-4.03,-1.7,-6.74,4.12,2.99,0,0,0,59447,859.39,24.25,-0.81,0,0,0,0,-49,,,BEACON,"{""record_number"": 1531, ""operation_mode"": 0, ""state"": 0, ""battery_voltage"": 0, ""wifi_rssi"": -49, ""acc_data"": {""ax"": -0.08, ""ay"": -0.02, ""az"": 0.9, ""pitch"": -4.03, ""roll"": -1.7}, ""gyro_data"": {""gx"": -6.74, ""gy"": 4.12, ""gz"": 2.99}, ""gps_data"": {""latitude"": 0, ""longitude"": 0, ""gps_altitude"": 0, ""time"": 59447}, ""alt_data"": {""pressure"": 859.39, ""temperature"": 24.25, ""AGL"": -0.81, ""velocity"": 0}, ""chute_state"": {""pyro1_state"": 0, ""pyro2_state"": 0}, ""connection_status"": {""connected"": true, ""has_ever_connected"": true, ""packet_age_ms"": 0, ""timeout_exceeded"": false, ""rssi"": -49}, ""communication_mode"": ""BEACON"", ""timestamp"": 51879, ""packets_received"": 165, ""kalman_data"": {""altitude"": 0, ""vertical_velocity"": 0}, ""kalman_altitude"": 0, ""kalman_vertical_velocity"": 0, ""pyroDrogue"": 0, ""pyroMain"": 0, ""pyro1_state"": 0, ""pyro2_state"": 0}"
1755811019.731628,2025-08-22T00:16:59.731628,1538,0,0,-0.07,-0.03,0.9,-4.15,-2.03,-5.95,3.23,3.6,0,0,0,59864,859.38,24.25,-0.67,0,0,0,0,-49,,,BEACON,"{""record_number"": 1538, ""operation_mode"": 0, ""state"": 0, ""battery_voltage"": 0, ""wifi_rssi"": -49, ""acc_data"": {""ax"": -0.07, ""ay"": -0.03, ""az"": 0.9, ""pitch"": -4.15, ""roll"": -2.03}, ""gyro_data"": {""gx"": -5.95, ""gy"": 3.23, ""gz"": 3.6}, ""gps_data"": {""latitude"": 0, ""longitude"": 0, ""gps_altitude"": 0, ""time"": 59864}, ""alt_data"": {""pressure"": 859.38, ""temperature"": 24.25, ""AGL"": -0.67, ""velocity"": 0}, ""chute_state"": {""pyro1_state"": 0, ""pyro2_state"": 0}, ""connection_status"": {""connected"": true, ""has_ever_connected"": true, ""packet_age_ms"": 0, ""timeout_exceeded"": false, ""rssi"": -49}, ""communication_mode"": ""BEACON"", ""timestamp"": 52144, ""packets_received"": 166, ""kalman_data"": {""altitude"": 0, ""vertical_velocity"": 0}, ""kalman_altitude"": 0, ""kalman_vertical_velocity"": 0, ""pyroDrogue"": 0, ""pyroMain"": 0, ""pyro1_state"": 0, ""pyro2_state"": 0}"
1755811019.887908,2025-08-22T00:16:59.887908,1546,0,0,-0.08,-0.03,0.89,-4.15,-1.49,-6.8,3.87,3.29,0,0,0,60065,859.38,24.25,-0.67,0,0,0,0,-49,,,BEACON,"{""record_number"": 1546, ""operation_mode"": 0, ""state"": 0, ""battery_voltage"": 0, ""wifi_rssi"": -49, ""acc_data"": {""ax"": -0.08, ""ay"": -0.03, ""az"": 0.89, ""pitch"": -4.15, ""roll"": -1.49}, ""gyro_data"": {""gx"": -6.8, ""gy"": 3.87, ""gz"": 3.29}, ""gps_data"": {""latitude"": 0, ""longitude"": 0, ""gps_altitude"": 0, ""time"": 60065}, ""alt_data"": {""pressure"": 859.38, ""temperature"": 24.25, ""AGL"": -0.67, ""velocity"": 0}, ""chute_state"": {""pyro1_state"": 0, ""pyro2_state"": 0}, ""connection_status"": {""connected"": true, ""has_ever_connected"": true, ""packet_age_ms"": 0, ""timeout_exceeded"": false, ""rssi"": -49}, ""communication_mode"": ""BEACON"", ""timestamp"": 52410, ""packets_received"": 167, ""kalman_data"": {""altitude"": 0, ""vertical_velocity"": 0}, ""kalman_altitude"": 0, ""kalman_vertical_velocity"": 0, ""pyroDrogue"": 0, ""pyroMain"": 0, ""pyro1_state"": 0, ""pyro2_state"": 0}"
1755811020.241691,2025-08-22T00:17:00.241691,1554,0,0,-0.08,-0.03,0.9,-4.57,-1.74,-6.31,4.02,3.02,0,0,0,60267,859.36,24.25,-0.45,0,0,0,0,-49,,,BEACON,"{""record_number"": 1554, ""operation_mode"": 0, ""state"": 0, ""battery_voltage"": 0, ""wifi_rssi"": -49, ""acc_data"": {""ax"": -0.08, ""ay"": -0.03, ""az"": 0.9, ""pitch"": -4.57, ""roll"": -1.74}, ""gyro_data"": {""gx"": -6.31, ""gy"": 4.02, ""gz"": 3.02}, ""gps_data"": {""latitude"": 0, ""longitude"": 0, ""gps_altitude"": 0, ""time"": 60267}, ""alt_data"": {""pressure"": 859.36, ""temperature"": 24.25, ""AGL"": -0.45, ""velocity"": 0}, ""chute_state"": {""pyro1_state"": 0, ""pyro2_state"": 0}, ""connection_status"": {""connected"": true, ""has_ever_connected"": true, ""packet_age_ms"": 1, ""timeout_exceeded"": false, ""rssi"": -49}, ""communication_mode"": ""BEACON"", ""timestamp"": 52674, ""packets_received"": 168, ""kalman_data"": {""altitude"": 0, ""vertical_velocity"": 0}, ""kalman_altitude"": 0, ""kalman_vertical_velocity"": 0, ""pyroDrogue"": 0, ""pyroMain"": 0, ""pyro1_state"": 0, ""pyro2_state"": 0}"
1755811020.640917,2025-08-22T00:17:00.640917,1564,0,0,-0.07,-0.03,0.9,-4.26,-1.74,-6.49,3.45,2.99,0,0,0,60671,859.31,24.25,-0.02,0,0,0,0,-49,,,BEACON,"{""record_number"": 1564, ""operation_mode"": 0, ""state"": 0, ""battery_voltage"": 0, ""wifi_rssi"": -49, ""acc_data"": {""ax"": -0.07, ""ay"": -0.03, ""az"": 0.9, ""pitch"": -4.26, ""roll"": -1.74}, ""gyro_data"": {""gx"": -6.49, ""gy"": 3.45, ""gz"": 2.99}, ""gps_data"": {""latitude"": 0, ""longitude"": 0, ""gps_altitude"": 0, ""time"": 60671}, ""alt_data"": {""pressure"": 859.31, ""temperature"": 24.25, ""AGL"": -0.02, ""velocity"": 0}, ""chute_state"": {""pyro1_state"": 0, ""pyro2_state"": 0}, ""connection_status"": {""connected"": true, ""has_ever_connected"": true, ""packet_age_ms"": 1, ""timeout_exceeded"": false, ""rssi"": -49}, ""communication_mode"": ""BEACON"", ""timestamp"": 52938, ""packets_received"": 169, ""kalman_data"": {""altitude"": 0, ""vertical_velocity"": 0}, ""kalman_altitude"": 0, ""kalman_vertical_velocity"": 0, ""pyroDrogue"": 0, ""pyroMain"": 0, ""pyro1_state"": 0, ""pyro2_state"": 0}"
1755811020.854914,2025-08-22T00:17:00.854914,1572,0,0,-0.07,-0.03,0.9,-4.17,-1.6,-6.65,3.81,2.96,0,0,0,60878,859.39,24.25,-0.78,0,0,0,0,-48,,,BEACON,"{""record_number"": 1572, ""operation_mode"": 0, ""state"": 0, ""battery_voltage"": 0, ""wifi_rssi"": -48, ""acc_data"": {""ax"": -0.07, ""ay"": -0.03, ""az"": 0.9, ""pitch"": -4.17, ""roll"": -1.6}, ""gyro_data"": {""gx"": -6.65, ""gy"": 3.81, ""gz"": 2.96}, ""gps_data"": {""latitude"": 0, ""longitude"": 0, ""gps_altitude"": 0, ""time"": 60878}, ""alt_data"": {""pressure"": 859.39, ""temperature"": 24.25, ""AGL"": -0.78, ""velocity"": 0}, ""chute_state"": {""pyro1_state"": 0, ""pyro2_state"": 0}, ""connection_status"": {""connected"": true, ""has_ever_connected"": true, ""packet_age_ms"": 0, ""timeout_exceeded"": false, ""rssi"": -48}, ""communication_mode"": ""BEACON"", ""timestamp"": 53206, ""packets_received"": 170, ""kalman_data"": {""altitude"": 0, ""vertical_velocity"": 0}, ""kalman_altitude"": 0, ""kalman_vertical_velocity"": 0, ""pyroDrogue"": 0, ""pyroMain"": 0, ""pyro1_state"": 0, ""pyro2_state"": 0}"
1755811020.903941,2025-08-22T00:17:00.903941,1579,0,0,-0.07,-0.03,0.9,-4.48,-1.89,-6.77,3.84,3.45,0,0,0,61082,859.41,24.25,-0.96,0,0,0,0,-49,,,BEACON,"{""record_number"": 1579, ""operation_mode"": 0, ""state"": 0, ""battery_voltage"": 0, ""wifi_rssi"": -49, ""acc_data"": {""ax"": -0.07, ""ay"": -0.03, ""az"": 0.9, ""pitch"": -4.48, ""roll"": -1.89}, ""gyro_data"": {""gx"": -6.77, ""gy"": 3.84, ""gz"": 3.45}, ""gps_data"": {""latitude"": 0, ""longitude"": 0, ""gps_altitude"": 0, ""time"": 61082}, ""alt_data"": {""pressure"": 859.41, ""temperature"": 24.25, ""AGL"": -0.96, ""velocity"": 0}, ""chute_state"": {""pyro1_state"": 0, ""pyro2_state"": 0}, ""connection_status"": {""connected"": true, ""has_ever_connected"": true, ""packet_age_ms"": 0, ""timeout_exceeded"": false, ""rssi"": -49}, ""communication_mode"": ""BEACON"", ""timestamp"": 53574, ""packets_received"": 171, ""kalman_data"": {""altitude"": 0, ""vertical_velocity"": 0}, ""kalman_altitude"": 0, ""kalman_vertical_velocity"": 0, ""pyroDrogue"": 0, ""pyroMain"": 0, ""pyro1_state"": 0, ""pyro2_state"": 0}"
1755811020.950683,2025-08-22T00:17:00.950683,1587,0,0,-0.08,-0.03,0.89,-4.01,-2.2,-5.76,3.9,2.93,0,0,0,61484,859.35,24.25,-0.41,0,0,0,0,-48,,,BEACON,"{""record_number"": 1587, ""operation_mode"": 0, ""state"": 0, ""battery_voltage"": 0, ""wifi_rssi"": -48, ""acc_data"": {""ax"": -0.08, ""ay"": -0.03, ""az"": 0.89, ""pitch"": -4.01, ""roll"": -2.2}, ""gyro_data"": {""gx"": -5.76, ""gy"": 3.9, ""gz"": 2.93}, ""gps_data"": {""latitude"": 0, ""longitude"": 0, ""gps_altitude"": 0, ""time"": 61484}, ""alt_data"": {""pressure"": 859.35, ""temperature"": 24.25, ""AGL"": -0.41, ""velocity"": 0}, ""chute_state"": {""pyro1_state"": 0, ""pyro2_state"": 0}, ""connection_status"": {""connected"": true, ""has_ever_connected"": true, ""packet_age_ms"": 1, ""timeout_exceeded"": false, ""rssi"": -48}, ""communication_mode"": ""BEACON"", ""timestamp"": 53843, ""packets_received"": 172, ""kalman_data"": {""altitude"": 0, ""vertical_velocity"": 0}, ""kalman_altitude"": 0, ""kalman_vertical_velocity"": 0, ""pyroDrogue"": 0, ""pyroMain"": 0, ""pyro1_state"": 0, ""pyro2_state"": 0}"
1755811021.016684,2025-08-22T00:17:01.016684,1595,0,0,-0.08,-0.03,0.9,-4.26,-1.93,-5.85,3.48,3.26,0,0,0,61695,859.33,24.25,-0.2,0,0,0,0,-48,,,BEACON,"{""record_number"": 1595, ""operation_mode"": 0, ""state"": 0, ""battery_voltage"": 0, ""wifi_rssi"": -48, ""acc_data"": {""ax"": -0.08, ""ay"": -0.03, ""az"": 0.9, ""pitch"": -4.26, ""roll"": -1.93}, ""gyro_data"": {""gx"": -5.85, ""gy"": 3.48, ""gz"": 3.26}, ""gps_data"": {""latitude"": 0, ""longitude"": 0, ""gps_altitude"": 0, ""time"": 61695}, ""alt_data"": {""pressure"": 859.33, ""temperature"": 24.25, ""AGL"": -0.2, ""velocity"": 0}, ""chute_state"": {""pyro1_state"": 0, ""pyro2_state"": 0}, ""connection_status"": {""connected"": true, ""has_ever_connected"": true, ""packet_age_ms"": 1, ""timeout_exceeded"": false, ""rssi"": -48}, ""communication_mode"": ""BEACON"", ""timestamp"": 54112, ""packets_received"": 173, ""kalman_data"": {""altitude"": 0, ""vertical_velocity"": 0}, ""kalman_altitude"": 0, ""kalman_vertical_velocity"": 0, ""pyroDrogue"": 0, ""pyroMain"": 0, ""pyro1_state"": 0, ""pyro2_state"": 0}"
1755811021.073627,2025-08-22T00:17:01.073627,1602,0,0,-0.07,-0.03,0.91,-4.43,-2.08,-6.25,2.41,2.99,0,0,0,62108,859.31,24.25,0.02,0,0,0,0,-48,,,BEACON,"{""record_number"": 1602, ""operation_mode"": 0, ""state"": 0, ""battery_voltage"": 0, ""wifi_rssi"": -48, ""acc_data"": {""ax"": -0.07, ""ay"": -0.03, ""az"": 0.91, ""pitch"": -4.43, ""roll"": -2.08}, ""gyro_data"": {""gx"": -6.25, ""gy"": 2.41, ""gz"": 2.99}, ""gps_data"": {""latitude"": 0, ""longitude"": 0, ""gps_altitude"": 0, ""time"": 62108}, ""alt_data"": {""pressure"": 859.31, ""temperature"": 24.25, ""AGL"": 0.02, ""velocity"": 0}, ""chute_state"": {""pyro1_state"": 0, ""pyro2_state"": 0}, ""connection_status"": {""connected"": true, ""has_ever_connected"": true, ""packet_age_ms"": 0, ""timeout_exceeded"": false, ""rssi"": -48}, ""communication_mode"": ""BEACON"", ""timestamp"": 54404, ""packets_received"": 174, ""kalman_data"": {""altitude"": 0, ""vertical_velocity"": 0}, ""kalman_altitude"": 0, ""kalman_vertical_velocity"": 0, ""pyroDrogue"": 0, ""pyroMain"": 0, ""pyro1_state"": 0, ""pyro2_state"": 0}"
1755811021.123154,2025-08-22T00:17:01.123154,1613,0,0,-0.07,-0.03,0.9,-4.2,-1.71,-6.59,2.68,3.23,0,0,0,62310,859.36,24.25,-0.45,0,0,0,0,-49,,,BEACON,"{""record_number"": 1613, ""operation_mode"": 0, ""state"": 0, ""battery_voltage"": 0, ""wifi_rssi"": -49, ""acc_data"": {""ax"": -0.07, ""ay"": -0.03, ""az"": 0.9, ""pitch"": -4.2, ""roll"": -1.71}, ""gyro_data"": {""gx"": -6.59, ""gy"": 2.68, ""gz"": 3.23}, ""gps_data"": {""latitude"": 0, ""longitude"": 0, ""gps_altitude"": 0, ""time"": 62310}, ""alt_data"": {""pressure"": 859.36, ""temperature"": 24.25, ""AGL"": -0.45, ""velocity"": 0}, ""chute_state"": {""pyro1_state"": 0, ""pyro2_state"": 0}, ""connection_status"": {""connected"": true, ""has_ever_connected"": true, ""packet_age_ms"": 1, ""timeout_exceeded"": false, ""rssi"": -49}, ""communication_mode"": ""BEACON"", ""timestamp"": 54671, ""packets_received"": 175, ""kalman_data"": {""altitude"": 0, ""vertical_velocity"": 0}, ""kalman_altitude"": 0, ""kalman_vertical_velocity"": 0, ""pyroDrogue"": 0, ""pyroMain"": 0, ""pyro1_state"": 0, ""pyro2_state"": 0}"
1755811021.169155,2025-08-22T00:17:01.169155,1621,0,0,-0.07,-0.03,0.91,-4.71,-1.87,-6.28,2.62,2.8,0,0,0,62511,859.35,24.26,-0.35,0,0,0,0,-48,,,BEACON,"{""record_number"": 1621, ""operation_mode"": 0, ""state"": 0, ""battery_voltage"": 0, ""wifi_rssi"": -48, ""acc_data"": {""ax"": -0.07, ""ay"": -0.03, ""az"": 0.91, ""pitch"": -4.71, ""roll"": -1.87}, ""gyro_data"": {""gx"": -6.28, ""gy"": 2.62, ""gz"": 2.8}, ""gps_data"": {""latitude"": 0, ""longitude"": 0, ""gps_altitude"": 0, ""time"": 62511}, ""alt_data"": {""pressure"": 859.35, ""temperature"": 24.26, ""AGL"": -0.35, ""velocity"": 0}, ""chute_state"": {""pyro1_state"": 0, ""pyro2_state"": 0}, ""connection_status"": {""connected"": true, ""has_ever_connected"": true, ""packet_age_ms"": 0, ""timeout_exceeded"": false, ""rssi"": -48}, ""communication_mode"": ""BEACON"", ""timestamp"": 55048, ""packets_received"": 176, ""kalman_data"": {""altitude"": 0, ""vertical_velocity"": 0}, ""kalman_altitude"": 0, ""kalman_vertical_velocity"": 0, ""pyroDrogue"": 0, ""pyroMain"": 0, ""pyro1_state"": 0, ""pyro2_state"": 0}"
1755811021.23068,2025-08-22T00:17:01.230680,1628,0,0,-0.07,-0.02,0.9,-4.65,-2.38,-7.01,4.3,3.51,0,0,0,62938,859.37,24.27,-0.54,0,0,0,0,-49,,,BEACON,"{""record_number"": 1628, ""operation_mode"": 0, ""state"": 0, ""battery_voltage"": 0, ""wifi_rssi"": -49, ""acc_data"": {""ax"": -0.07, ""ay"": -0.02, ""az"": 0.9, ""pitch"": -4.65, ""roll"": -2.38}, ""gyro_data"": {""gx"": -7.01, ""gy"": 4.3, ""gz"": 3.51}, ""gps_data"": {""latitude"": 0, ""longitude"": 0, ""gps_altitude"": 0, ""time"": 62938}, ""alt_data"": {""pressure"": 859.37, ""temperature"": 24.27, ""AGL"": -0.54, ""velocity"": 0}, ""chute_state"": {""pyro1_state"": 0, ""pyro2_state"": 0}, ""connection_status"": {""connected"": true, ""has_ever_connected"": true, ""packet_age_ms"": 0, ""timeout_exceeded"": false, ""rssi"": -49}, ""communication_mode"": ""BEACON"", ""timestamp"": 55315, ""packets_received"": 177, ""kalman_data"": {""altitude"": 0, ""vertical_velocity"": 0}, ""kalman_altitude"": 0, ""kalman_vertical_velocity"": 0, ""pyroDrogue"": 0, ""pyroMain"": 0, ""pyro1_state"": 0, ""pyro2_state"": 0}"
1755811021.306676,2025-08-22T00:17:01.306676,1636,0,0,-0.07,-0.03,0.9,-4.31,-2.05,-6.19,4.12,2.8,0,0,0,63337,859.38,24.27,-0.65,0,0,0,0,-48,,,BEACON,"{""record_number"": 1636, ""operation_mode"": 0, ""state"": 0, ""battery_voltage"": 0, ""wifi_rssi"": -48, ""acc_data"": {""ax"": -0.07, ""ay"": -0.03, ""az"": 0.9, ""pitch"": -4.31, ""roll"": -2.05}, ""gyro_data"": {""gx"": -6.19, ""gy"": 4.12, ""gz"": 2.8}, ""gps_data"": {""latitude"": 0, ""longitude"": 0, ""gps_altitude"": 0, ""time"": 63337}, ""alt_data"": {""pressure"": 859.38, ""temperature"": 24.27, ""AGL"": -0.65, ""velocity"": 0}, ""chute_state"": {""pyro1_state"": 0, ""pyro2_state"": 0}, ""connection_status"": {""connected"": true, ""has_ever_connected"": true, ""packet_age_ms"": 0, ""timeout_exceeded"": false, ""rssi"": -48}, ""communication_mode"": ""BEACON"", ""timestamp"": 55587, ""packets_received"": 178, ""kalman_data"": {""altitude"": 0, ""vertical_velocity"": 0}, ""kalman_altitude"": 0, ""kalman_vertical_velocity"": 0, ""pyroDrogue"": 0, ""pyroMain"": 0, ""pyro1_state"": 0, ""pyro2_state"": 0}"
1755811021.348675,2025-08-22T00:17:01.348675,1643,0,0,-0.07,-0.03,0.9,-3.98,-1.75,-5.43,3.29,3.29,0,0,0,63539,859.31,24.25,-0.02,0,0,0,0,-49,,,BEACON,"{""record_number"": 1643, ""operation_mode"": 0, ""state"": 0, ""battery_voltage"": 0, ""wifi_rssi"": -49, ""acc_data"": {""ax"": -0.07, ""ay"": -0.03, ""az"": 0.9, ""pitch"": -3.98, ""roll"": -1.75}, ""gyro_data"": {""gx"": -5.43, ""gy"": 3.29, ""gz"": 3.29}, ""gps_data"": {""latitude"": 0, ""longitude"": 0, ""gps_altitude"": 0, ""time"": 63539}, ""alt_data"": {""pressure"": 859.31, ""temperature"": 24.25, ""AGL"": -0.02, ""velocity"": 0}, ""chute_state"": {""pyro1_state"": 0, ""pyro2_state"": 0}, ""connection_status"": {""connected"": true, ""has_ever_connected"": true, ""packet_age_ms"": 0, ""timeout_exceeded"": false, ""rssi"": -49}, ""communication_mode"": ""BEACON"", ""timestamp"": 55857, ""packets_received"": 179, ""kalman_data"": {""altitude"": 0, ""vertical_velocity"": 0}, ""kalman_altitude"": 0, ""kalman_vertical_velocity"": 0, ""pyroDrogue"": 0, ""pyroMain"": 0, ""pyro1_state"": 0, ""pyro2_state"": 0}"
1755811021.402207,2025-08-22T00:17:01.402207,1651,0,0,-0.08,-0.03,0.89,-4.09,-1.66,-5.82,3.48,3.26,0,0,0,63752,859.31,24.25,-0.02,0,0,0,0,-49,,,BEACON,"{""record_number"": 1651, ""operation_mode"": 0, ""state"": 0, ""battery_voltage"": 0, ""wifi_rssi"": -49, ""acc_data"": {""ax"": -0.08, ""ay"": -0.03, ""az"": 0.89, ""pitch"": -4.09, ""roll"": -1.66}, ""gyro_data"": {""gx"": -5.82, ""gy"": 3.48, ""gz"": 3.26}, ""gps_data"": {""latitude"": 0, ""longitude"": 0, ""gps_altitude"": 0, ""time"": 63752}, ""alt_data"": {""pressure"": 859.31, ""temperature"": 24.25, ""AGL"": -0.02, ""velocity"": 0}, ""chute_state"": {""pyro1_state"": 0, ""pyro2_state"": 0}, ""connection_status"": {""connected"": true, ""has_ever_connected"": true, ""packet_age_ms"": 1, ""timeout_exceeded"": false, ""rssi"": -49}, ""communication_mode"": ""BEACON"", ""timestamp"": 56125, ""packets_received"": 180, ""kalman_data"": {""altitude"": 0, ""vertical_velocity"": 0}, ""kalman_altitude"": 0, ""kalman_vertical_velocity"": 0, ""pyroDrogue"": 0, ""pyroMain"": 0, ""pyro1_state"": 0, ""pyro2_state"": 0}"
1755811021.656797,2025-08-22T00:17:01.656797,1659,0,0,-0.08,-0.03,0.9,-4.17,-1.91,-6.34,4.66,2.56,0,0,0,63962,859.34,24.27,-0.29,0,0,0,0,-51,,,BEACON,"{""record_number"": 1659, ""operation_mode"": 0, ""state"": 0, ""battery_voltage"": 0, ""wifi_rssi"": -51, ""acc_data"": {""ax"": -0.08, ""ay"": -0.03, ""az"": 0.9, ""pitch"": -4.17, ""roll"": -1.91}, ""gyro_data"": {""gx"": -6.34, ""gy"": 4.66, ""gz"": 2.56}, ""gps_data"": {""latitude"": 0, ""longitude"": 0, ""gps_altitude"": 0, ""time"": 63962}, ""alt_data"": {""pressure"": 859.34, ""temperature"": 24.27, ""AGL"": -0.29, ""velocity"": 0}, ""chute_state"": {""pyro1_state"": 0, ""pyro2_state"": 0}, ""connection_status"": {""connected"": true, ""has_ever_connected"": true, ""packet_age_ms"": 0, ""timeout_exceeded"": false, ""rssi"": -51}, ""communication_mode"": ""BEACON"", ""timestamp"": 56389, ""packets_received"": 181, ""kalman_data"": {""altitude"": 0, ""vertical_velocity"": 0}, ""kalman_altitude"": 0, ""kalman_vertical_velocity"": 0, ""pyroDrogue"": 0, ""pyroMain"": 0, ""pyro1_state"": 0, ""pyro2_state"": 0}"
1755811021.976959,2025-08-22T00:17:01.976959,1668,0,0,-0.08,-0.03,0.91,-4.31,-1.81,-6.13,2.84,3.41,0,0,0,64364,859.33,24.25,-0.13,0,0,0,0,-48,,,BEACON,"{""record_number"": 1668, ""operation_mode"": 0, ""state"": 0, ""battery_voltage"": 0, ""wifi_rssi"": -48, ""acc_data"": {""ax"": -0.08, ""ay"": -0.03, ""az"": 0.91, ""pitch"": -4.31, ""roll"": -1.81}, ""gyro_data"": {""gx"": -6.13, ""gy"": 2.84, ""gz"": 3.41}, ""gps_data"": {""latitude"": 0, ""longitude"": 0, ""gps_altitude"": 0, ""time"": 64364}, ""alt_data"": {""pressure"": 859.33, ""temperature"": 24.25, ""AGL"": -0.13, ""velocity"": 0}, ""chute_state"": {""pyro1_state"": 0, ""pyro2_state"": 0}, ""connection_status"": {""connected"": true, ""has_ever_connected"": true, ""packet_age_ms"": 0, ""timeout_exceeded"": false, ""rssi"": -48}, ""communication_mode"": ""BEACON"", ""timestamp"": 56657, ""packets_received"": 182, ""kalman_data"": {""altitude"": 0, ""vertical_velocity"": 0}, ""kalman_altitude"": 0, ""kalman_vertical_velocity"": 0, ""pyroDrogue"": 0, ""pyroMain"": 0, ""pyro1_state"": 0, ""pyro2_state"": 0}"
1755811022.337124,2025-08-22T00:17:02.337124,1676,0,0,-0.08,-0.02,0.9,-3.78,-1.73,-7.41,4.02,3.11,0,0,0,64568,859.44,24.27,-1.27,0,0,0,0,-48,,,BEACON,"{""record_number"": 1676, ""operation_mode"": 0, ""state"": 0, ""battery_voltage"": 0, ""wifi_rssi"": -48, ""acc_data"": {""ax"": -0.08, ""ay"": -0.02, ""az"": 0.9, ""pitch"": -3.78, ""roll"": -1.73}, ""gyro_data"": {""gx"": -7.41, ""gy"": 4.02, ""gz"": 3.11}, ""gps_data"": {""latitude"": 0, ""longitude"": 0, ""gps_altitude"": 0, ""time"": 64568}, ""alt_data"": {""pressure"": 859.44, ""temperature"": 24.27, ""AGL"": -1.27, ""velocity"": 0}, ""chute_state"": {""pyro1_state"": 0, ""pyro2_state"": 0}, ""connection_status"": {""connected"": true, ""has_ever_connected"": true, ""packet_age_ms"": 0, ""timeout_exceeded"": false, ""rssi"": -48}, ""communication_mode"": ""BEACON"", ""timestamp"": 57039, ""packets_received"": 183, ""kalman_data"": {""altitude"": 0, ""vertical_velocity"": 0}, ""kalman_altitude"": 0, ""kalman_vertical_velocity"": 0, ""pyroDrogue"": 0, ""pyroMain"": 0, ""pyro1_state"": 0, ""pyro2_state"": 0}"
1755811022.884862,2025-08-22T00:17:02.884862,1691,0,0,-0.07,-0.02,0.9,-3.89,-1.95,-7.07,3.45,2.13,0,0,0,65185,859.35,24.27,-0.33,0,0,0,0,-48,,,BEACON,"{""record_number"": 1691, ""operation_mode"": 0, ""state"": 0, ""battery_voltage"": 0, ""wifi_rssi"": -48, ""acc_data"": {""ax"": -0.07, ""ay"": -0.02, ""az"": 0.9, ""pitch"": -3.89, ""roll"": -1.95}, ""gyro_data"": {""gx"": -7.07, ""gy"": 3.45, ""gz"": 2.13}, ""gps_data"": {""latitude"": 0, ""longitude"": 0, ""gps_altitude"": 0, ""time"": 65185}, ""alt_data"": {""pressure"": 859.35, ""temperature"": 24.27, ""AGL"": -0.33, ""velocity"": 0}, ""chute_state"": {""pyro1_state"": 0, ""pyro2_state"": 0}, ""connection_status"": {""connected"": true, ""has_ever_connected"": true, ""packet_age_ms"": 0, ""timeout_exceeded"": false, ""rssi"": -48}, ""communication_mode"": ""BEACON"", ""timestamp"": 57564, ""packets_received"": 185, ""kalman_data"": {""altitude"": 0, ""vertical_velocity"": 0}, ""kalman_altitude"": 0, ""kalman_vertical_velocity"": 0, ""pyroDrogue"": 0, ""pyroMain"": 0, ""pyro1_state"": 0, ""pyro2_state"": 0}"
1755811023.251717,2025-08-22T00:17:03.251717,1699,0,0,-0.07,-0.03,0.9,-4.76,-1.78,-6.25,5.24,3.11,0,0,0,65588,859.33,24.27,-0.22,0,0,0,0,-47,,,BEACON,"{""record_number"": 1699, ""operation_mode"": 0, ""state"": 0, ""battery_voltage"": 0, ""wifi_rssi"": -47, ""acc_data"": {""ax"": -0.07, ""ay"": -0.03, ""az"": 0.9, ""pitch"": -4.76, ""roll"": -1.78}, ""gyro_data"": {""gx"": -6.25, ""gy"": 5.24, ""gz"": 3.11}, ""gps_data"": {""latitude"": 0, ""longitude"": 0, ""gps_altitude"": 0, ""time"": 65588}, ""alt_data"": {""pressure"": 859.33, ""temperature"": 24.27, ""AGL"": -0.22, ""velocity"": 0}, ""chute_state"": {""pyro1_state"": 0, ""pyro2_state"": 0}, ""connection_status"": {""connected"": true, ""has_ever_connected"": true, ""packet_age_ms"": 1, ""timeout_exceeded"": false, ""rssi"": -47}, ""communication_mode"": ""BEACON"", ""timestamp"": 57832, ""packets_received"": 186, ""kalman_data"": {""altitude"": 0, ""vertical_velocity"": 0}, ""kalman_altitude"": 0, ""kalman_vertical_velocity"": 0, ""pyroDrogue"": 0, ""pyroMain"": 0, ""pyro1_state"": 0, ""pyro2_state"": 0}"
1755811023.52677,2025-08-22T00:17:03.526770,1709,0,0,-0.07,-0.04,0.9,-5.02,-2.81,-5.76,4.09,3.72,0,0,0,65794,859.31,24.26,-0.03,0,0,0,0,-48,,,BEACON,"{""record_number"": 1709, ""operation_mode"": 0, ""state"": 0, ""battery_voltage"": 0, ""wifi_rssi"": -48, ""acc_data"": {""ax"": -0.07, ""ay"": -0.04, ""az"": 0.9, ""pitch"": -5.02, ""roll"": -2.81}, ""gyro_data"": {""gx"": -5.76, ""gy"": 4.09, ""gz"": 3.72}, ""gps_data"": {""latitude"": 0, ""longitude"": 0, ""gps_altitude"": 0, ""time"": 65794}, ""alt_data"": {""pressure"": 859.31, ""temperature"": 24.26, ""AGL"": -0.03, ""velocity"": 0}, ""chute_state"": {""pyro1_state"": 0, ""pyro2_state"": 0}, ""connection_status"": {""connected"": true, ""has_ever_connected"": true, ""packet_age_ms"": 0, ""timeout_exceeded"": false, ""rssi"": -48}, ""communication_mode"": ""BEACON"", ""timestamp"": 58098, ""packets_received"": 187, ""kalman_data"": {""altitude"": 0, ""vertical_velocity"": 0}, ""kalman_altitude"": 0, ""kalman_vertical_velocity"": 0, ""pyroDrogue"": 0, ""pyroMain"": 0, ""pyro1_state"": 0, ""pyro2_state"": 0}"
1755811023.720805,2025-08-22T00:17:03.720805,1716,0,0,-0.08,-0.03,0.9,-4.17,-1.31,-5.79,4.7,3.17,0,0,0,66000,859.41,24.28,-0.99,0,0,0,0,-48,,,BEACON,"{""record_number"": 1716, ""operation_mode"": 0, ""state"": 0, ""battery_voltage"": 0, ""wifi_rssi"": -48, ""acc_data"": {""ax"": -0.08, ""ay"": -0.03, ""az"": 0.9, ""pitch"": -4.17, ""roll"": -1.31}, ""gyro_data"": {""gx"": -5.79, ""gy"": 4.7, ""gz"": 3.17}, ""gps_data"": {""latitude"": 0, ""longitude"": 0, ""gps_altitude"": 0, ""time"": 66000}, ""alt_data"": {""pressure"": 859.41, ""temperature"": 24.28, ""AGL"": -0.99, ""velocity"": 0}, ""chute_state"": {""pyro1_state"": 0, ""pyro2_state"": 0}, ""connection_status"": {""connected"": true, ""has_ever_connected"": true, ""packet_age_ms"": 1, ""timeout_exceeded"": false, ""rssi"": -48}, ""communication_mode"": ""BEACON"", ""timestamp"": 58361, ""packets_received"": 188, ""kalman_data"": {""altitude"": 0, ""vertical_velocity"": 0}, ""kalman_altitude"": 0, ""kalman_vertical_velocity"": 0, ""pyroDrogue"": 0, ""pyroMain"": 0, ""pyro1_state"": 0, ""pyro2_state"": 0}"
1755811024.089798,2025-08-22T00:17:04.089798,1724,0,0,-0.08,-0.02,0.9,-4.17,-1.71,-6.52,3.26,2.65,0,0,0,66202,859.38,24.28,-0.7,0,0,0,0,-48,,,BEACON,"{""record_number"": 1724, ""operation_mode"": 0, ""state"": 0, ""battery_voltage"": 0, ""wifi_rssi"": -48, ""acc_data"": {""ax"": -0.08, ""ay"": -0.02, ""az"": 0.9, ""pitch"": -4.17, ""roll"": -1.71}, ""gyro_data"": {""gx"": -6.52, ""gy"": 3.26, ""gz"": 2.65}, ""gps_data"": {""latitude"": 0, ""longitude"": 0, ""gps_altitude"": 0, ""time"": 66202}, ""alt_data"": {""pressure"": 859.38, ""temperature"": 24.28, ""AGL"": -0.7, ""velocity"": 0}, ""chute_state"": {""pyro1_state"": 0, ""pyro2_state"": 0}, ""connection_status"": {""connected"": true, ""has_ever_connected"": true, ""packet_age_ms"": 0, ""timeout_exceeded"": false, ""rssi"": -48}, ""communication_mode"": ""BEACON"", ""timestamp"": 58728, ""packets_received"": 189, ""kalman_data"": {""altitude"": 0, ""vertical_velocity"": 0}, ""kalman_altitude"": 0, ""kalman_vertical_velocity"": 0, ""pyroDrogue"": 0, ""pyroMain"": 0, ""pyro1_state"": 0, ""pyro2_state"": 0}"
1755811024.332921,2025-08-22T00:17:04.332921,1732,0,0,-0.07,-0.03,0.9,-4.23,-1.49,-7.16,3.38,3.05,0,0,0,66610,859.35,24.27,-0.33,0,0,0,0,-47,,,BEACON,"{""record_number"": 1732, ""operation_mode"": 0, ""state"": 0, ""battery_voltage"": 0, ""wifi_rssi"": -47, ""acc_data"": {""ax"": -0.07, ""ay"": -0.03, ""az"": 0.9, ""pitch"": -4.23, ""roll"": -1.49}, ""gyro_data"": {""gx"": -7.16, ""gy"": 3.38, ""gz"": 3.05}, ""gps_data"": {""latitude"": 0, ""longitude"": 0, ""gps_altitude"": 0, ""time"": 66610}, ""alt_data"": {""pressure"": 859.35, ""temperature"": 24.27, ""AGL"": -0.33, ""velocity"": 0}, ""chute_state"": {""pyro1_state"": 0, ""pyro2_state"": 0}, ""connection_status"": {""connected"": true, ""has_ever_connected"": true, ""packet_age_ms"": 0, ""timeout_exceeded"": false, ""rssi"": -47}, ""communication_mode"": ""BEACON"", ""timestamp"": 59007, ""packets_received"": 190, ""kalman_data"": {""altitude"": 0, ""vertical_velocity"": 0}, ""kalman_altitude"": 0, ""kalman_vertical_velocity"": 0, ""pyroDrogue"": 0, ""pyroMain"": 0, ""pyro1_state"": 0, ""pyro2_state"": 0}"
1755811024.591712,2025-08-22T00:17:04.591712,1741,0,0,-0.07,-0.03,0.9,-4.29,-1.98,-7.07,4.57,3.66,0,0,0,67025,859.34,24.27,-0.32,0,0,0,0,-48,,,BEACON,"{""record_number"": 1741, ""operation_mode"": 0, ""state"": 0, ""battery_voltage"": 0, ""wifi_rssi"": -48, ""acc_data"": {""ax"": -0.07, ""ay"": -0.03, ""az"": 0.9, ""pitch"": -4.29, ""roll"": -1.98}, ""gyro_data"": {""gx"": -7.07, ""gy"": 4.57, ""gz"": 3.66}, ""gps_data"": {""latitude"": 0, ""longitude"": 0, ""gps_altitude"": 0, ""time"": 67025}, ""alt_data"": {""pressure"": 859.34, ""temperature"": 24.27, ""AGL"": -0.32, ""velocity"": 0}, ""chute_state"": {""pyro1_state"": 0, ""pyro2_state"": 0}, ""connection_status"": {""connected"": true, ""has_ever_connected"": true, ""packet_age_ms"": 0, ""timeout_exceeded"": false, ""rssi"": -48}, ""communication_mode"": ""BEACON"", ""timestamp"": 59270, ""packets_received"": 191, ""kalman_data"": {""altitude"": 0, ""vertical_velocity"": 0}, ""kalman_altitude"": 0, ""kalman_vertical_velocity"": 0, ""pyroDrogue"": 0, ""pyroMain"": 0, ""pyro1_state"": 0, ""pyro2_state"": 0}"
1755811024.905227,2025-08-22T00:17:04.905227,1748,0,0,-0.07,-0.03,0.91,-4.26,-1.65,-6.07,4.24,2.13,0,0,0,67226,859.3,24.27,0.11,0,0,0,0,-47,,,BEACON,"{""record_number"": 1748, ""operation_mode"": 0, ""state"": 0, ""battery_voltage"": 0, ""wifi_rssi"": -47, ""acc_data"": {""ax"": -0.07, ""ay"": -0.03, ""az"": 0.91, ""pitch"": -4.26, ""roll"": -1.65}, ""gyro_data"": {""gx"": -6.07, ""gy"": 4.24, ""gz"": 2.13}, ""gps_data"": {""latitude"": 0, ""longitude"": 0, ""gps_altitude"": 0, ""time"": 67226}, ""alt_data"": {""pressure"": 859.3, ""temperature"": 24.27, ""AGL"": 0.11, ""velocity"": 0}, ""chute_state"": {""pyro1_state"": 0, ""pyro2_state"": 0}, ""connection_status"": {""connected"": true, ""has_ever_connected"": true, ""packet_age_ms"": 0, ""timeout_exceeded"": false, ""rssi"": -47}, ""communication_mode"": ""BEACON"", ""timestamp"": 59534, ""packets_received"": 192, ""kalman_data"": {""altitude"": 0, ""vertical_velocity"": 0}, ""kalman_altitude"": 0, ""kalman_vertical_velocity"": 0, ""pyroDrogue"": 0, ""pyroMain"": 0, ""pyro1_state"": 0, ""pyro2_state"": 0}"
1755811025.206943,2025-08-22T00:17:05.206943,1756,0,0,-0.07,-0.03,0.9,-4.34,-1.62,-6.68,3.32,2.59,0,0,0,67427,859.29,24.27,0.19,0,0,0,0,-47,,,BEACON,"{""record_number"": 1756, ""operation_mode"": 0, ""state"": 0, ""battery_voltage"": 0, ""wifi_rssi"": -47, ""acc_data"": {""ax"": -0.07, ""ay"": -0.03, ""az"": 0.9, ""pitch"": -4.34, ""roll"": -1.62}, ""gyro_data"": {""gx"": -6.68, ""gy"": 3.32, ""gz"": 2.59}, ""gps_data"": {""latitude"": 0, ""longitude"": 0, ""gps_altitude"": 0, ""time"": 67427}, ""alt_data"": {""pressure"": 859.29, ""temperature"": 24.27, ""AGL"": 0.19, ""velocity"": 0}, ""chute_state"": {""pyro1_state"": 0, ""pyro2_state"": 0}, ""connection_status"": {""connected"": true, ""has_ever_connected"": true, ""packet_age_ms"": 0, ""timeout_exceeded"": false, ""rssi"": -47}, ""communication_mode"": ""BEACON"", ""timestamp"": 59805, ""packets_received"": 193, ""kalman_data"": {""altitude"": 0, ""vertical_velocity"": 0}, ""kalman_altitude"": 0, ""kalman_vertical_velocity"": 0, ""pyroDrogue"": 0, ""pyroMain"": 0, ""pyro1_state"": 0, ""pyro2_state"": 0}"
1755811025.492273,2025-08-22T00:17:05.492273,1766,0,0,-0.07,-0.03,0.9,-4.71,-2.45,-7.07,4.91,3.2,0,0,0,67635,859.35,24.28,-0.41,0,0,0,0,-48,,,BEACON,"{""record_number"": 1766, ""operation_mode"": 0, ""state"": 0, ""battery_voltage"": 0, ""wifi_rssi"": -48, ""acc_data"": {""ax"": -0.07, ""ay"": -0.03, ""az"": 0.9, ""pitch"": -4.71, ""roll"": -2.45}, ""gyro_data"": {""gx"": -7.07, ""gy"": 4.91, ""gz"": 3.2}, ""gps_data"": {""latitude"": 0, ""longitude"": 0, ""gps_altitude"": 0, ""time"": 67635}, ""alt_data"": {""pressure"": 859.35, ""temperature"": 24.28, ""AGL"": -0.41, ""velocity"": 0}, ""chute_state"": {""pyro1_state"": 0, ""pyro2_state"": 0}, ""connection_status"": {""connected"": true, ""has_ever_connected"": true, ""packet_age_ms"": 0, ""timeout_exceeded"": false, ""rssi"": -48}, ""communication_mode"": ""BEACON"", ""timestamp"": 60075, ""packets_received"": 194, ""kalman_data"": {""altitude"": 0, ""vertical_velocity"": 0}, ""kalman_altitude"": 0, ""kalman_vertical_velocity"": 0, ""pyroDrogue"": 0, ""pyroMain"": 0, ""pyro1_state"": 0, ""pyro2_state"": 0}"
1755811025.94244,2025-08-22T00:17:05.942440,1773,0,0,-0.07,-0.03,0.91,-4.31,-2.03,-6.52,1.98,3.57,0,0,0,68050,859.3,24.27,0.07,0,0,0,0,-48,,,BEACON,"{""record_number"": 1773, ""operation_mode"": 0, ""state"": 0, ""battery_voltage"": 0, ""wifi_rssi"": -48, ""acc_data"": {""ax"": -0.07, ""ay"": -0.03, ""az"": 0.91, ""pitch"": -4.31, ""roll"": -2.03}, ""gyro_data"": {""gx"": -6.52, ""gy"": 1.98, ""gz"": 3.57}, ""gps_data"": {""latitude"": 0, ""longitude"": 0, ""gps_altitude"": 0, ""time"": 68050}, ""alt_data"": {""pressure"": 859.3, ""temperature"": 24.27, ""AGL"": 0.07, ""velocity"": 0}, ""chute_state"": {""pyro1_state"": 0, ""pyro2_state"": 0}, ""connection_status"": {""connected"": true, ""has_ever_connected"": true, ""packet_age_ms"": 1, ""timeout_exceeded"": false, ""rssi"": -48}, ""communication_mode"": ""BEACON"", ""timestamp"": 60446, ""packets_received"": 195, ""kalman_data"": {""altitude"": 0, ""vertical_velocity"": 0}, ""kalman_altitude"": 0, ""kalman_vertical_velocity"": 0, ""pyroDrogue"": 0, ""pyroMain"": 0, ""pyro1_state"": 0, ""pyro2_state"": 0}"
1755811026.075535,2025-08-22T00:17:06.075535,1781,0,0,-0.07,-0.03,0.9,-4.26,-1.87,-6.77,3.66,2.87,0,0,0,68450,859.36,24.28,-0.52,0,0,0,0,-48,,,BEACON,"{""record_number"": 1781, ""operation_mode"": 0, ""state"": 0, ""battery_voltage"": 0, ""wifi_rssi"": -48, ""acc_data"": {""ax"": -0.07, ""ay"": -0.03, ""az"": 0.9, ""pitch"": -4.26, ""roll"": -1.87}, ""gyro_data"": {""gx"": -6.77, ""gy"": 3.66, ""gz"": 2.87}, ""gps_data"": {""latitude"": 0, ""longitude"": 0, ""gps_altitude"": 0, ""time"": 68450}, ""alt_data"": {""pressure"": 859.36, ""temperature"": 24.28, ""AGL"": -0.52, ""velocity"": 0}, ""chute_state"": {""pyro1_state"": 0, ""pyro2_state"": 0}, ""connection_status"": {""connected"": true, ""has_ever_connected"": true, ""packet_age_ms"": 1, ""timeout_exceeded"": false, ""rssi"": -48}, ""communication_mode"": ""BEACON"", ""timestamp"": 60713, ""packets_received"": 196, ""kalman_data"": {""altitude"": 0, ""vertical_velocity"": 0}, ""kalman_altitude"": 0, ""kalman_vertical_velocity"": 0, ""pyroDrogue"": 0, ""pyroMain"": 0, ""pyro1_state"": 0, ""pyro2_state"": 0}"
1755811026.825979,2025-08-22T00:17:06.825979,1797,0,0,-0.07,-0.03,0.89,-3.81,-1.82,-6.92,4.76,3.02,0,0,0,68868,859.35,24.28,-0.34,0,0,0,0,-48,,,BEACON,"{""record_number"": 1797, ""operation_mode"": 0, ""state"": 0, ""battery_voltage"": 0, ""wifi_rssi"": -48, ""acc_data"": {""ax"": -0.07, ""ay"": -0.03, ""az"": 0.89, ""pitch"": -3.81, ""roll"": -1.82}, ""gyro_data"": {""gx"": -6.92, ""gy"": 4.76, ""gz"": 3.02}, ""gps_data"": {""latitude"": 0, ""longitude"": 0, ""gps_altitude"": 0, ""time"": 68868}, ""alt_data"": {""pressure"": 859.35, ""temperature"": 24.28, ""AGL"": -0.34, ""velocity"": 0}, ""chute_state"": {""pyro1_state"": 0, ""pyro2_state"": 0}, ""connection_status"": {""connected"": true, ""has_ever_connected"": true, ""packet_age_ms"": 0, ""timeout_exceeded"": false, ""rssi"": -48}, ""communication_mode"": ""BEACON"", ""timestamp"": 61251, ""packets_received"": 198, ""kalman_data"": {""altitude"": 0, ""vertical_velocity"": 0}, ""kalman_altitude"": 0, ""kalman_vertical_velocity"": 0, ""pyroDrogue"": 0, ""pyroMain"": 0, ""pyro1_state"": 0, ""pyro2_state"": 0}"
1755811026.952166,2025-08-22T00:17:06.952166,1804,0,0,-0.08,-0.03,0.9,-4.15,-1.72,-6.37,3.45,3.11,0,0,0,69271,859.29,24.28,0.21,0,0,0,0,-48,,,BEACON,"{""record_number"": 1804, ""operation_mode"": 0, ""state"": 0, ""battery_voltage"": 0, ""wifi_rssi"": -48, ""acc_data"": {""ax"": -0.08, ""ay"": -0.03, ""az"": 0.9, ""pitch"": -4.15, ""roll"": -1.72}, ""gyro_data"": {""gx"": -6.37, ""gy"": 3.45, ""gz"": 3.11}, ""gps_data"": {""latitude"": 0, ""longitude"": 0, ""gps_altitude"": 0, ""time"": 69271}, ""alt_data"": {""pressure"": 859.29, ""temperature"": 24.28, ""AGL"": 0.21, ""velocity"": 0}, ""chute_state"": {""pyro1_state"": 0, ""pyro2_state"": 0}, ""connection_status"": {""connected"": true, ""has_ever_connected"": true, ""packet_age_ms"": 0, ""timeout_exceeded"": false, ""rssi"": -48}, ""communication_mode"": ""BEACON"", ""timestamp"": 61514, ""packets_received"": 199, ""kalman_data"": {""altitude"": 0, ""vertical_velocity"": 0}, ""kalman_altitude"": 0, ""kalman_vertical_velocity"": 0, ""pyroDrogue"": 0, ""pyroMain"": 0, ""pyro1_state"": 0, ""pyro2_state"": 0}"
1755811027.155097,2025-08-22T00:17:07.155097,1814,0,0,-0.07,-0.03,0.9,-3.95,-1.46,-6.95,4.76,2.93,0,0,0,69471,859.38,24.28,-0.63,0,0,0,0,-48,,,BEACON,"{""record_number"": 1814, ""operation_mode"": 0, ""state"": 0, ""battery_voltage"": 0, ""wifi_rssi"": -48, ""acc_data"": {""ax"": -0.07, ""ay"": -0.03, ""az"": 0.9, ""pitch"": -3.95, ""roll"": -1.46}, ""gyro_data"": {""gx"": -6.95, ""gy"": 4.76, ""gz"": 2.93}, ""gps_data"": {""latitude"": 0, ""longitude"": 0, ""gps_altitude"": 0, ""time"": 69471}, ""alt_data"": {""pressure"": 859.38, ""temperature"": 24.28, ""AGL"": -0.63, ""velocity"": 0}, ""chute_state"": {""pyro1_state"": 0, ""pyro2_state"": 0}, ""connection_status"": {""connected"": true, ""has_ever_connected"": true, ""packet_age_ms"": 0, ""timeout_exceeded"": false, ""rssi"": -48}, ""communication_mode"": ""BEACON"", ""timestamp"": 61782, ""packets_received"": 200, ""kalman_data"": {""altitude"": 0, ""vertical_velocity"": 0}, ""kalman_altitude"": 0, ""kalman_vertical_velocity"": 0, ""pyroDrogue"": 0, ""pyroMain"": 0, ""pyro1_state"": 0, ""pyro2_state"": 0}"
1755811027.570902,2025-08-22T00:17:07.570902,1822,0,0,-0.07,-0.02,0.9,-4.2,-1.77,-6.19,4.05,2.77,0,0,0,69682,859.33,24.28,-0.19,0,0,0,0,-49,,,BEACON,"{""record_number"": 1822, ""operation_mode"": 0, ""state"": 0, ""battery_voltage"": 0, ""wifi_rssi"": -49, ""acc_data"": {""ax"": -0.07, ""ay"": -0.02, ""az"": 0.9, ""pitch"": -4.2, ""roll"": -1.77}, ""gyro_data"": {""gx"": -6.19, ""gy"": 4.05, ""gz"": 2.77}, ""gps_data"": {""latitude"": 0, ""longitude"": 0, ""gps_altitude"": 0, ""time"": 69682}, ""alt_data"": {""pressure"": 859.33, ""temperature"": 24.28, ""AGL"": -0.19, ""velocity"": 0}, ""chute_state"": {""pyro1_state"": 0, ""pyro2_state"": 0}, ""connection_status"": {""connected"": true, ""has_ever_connected"": true, ""packet_age_ms"": 0, ""timeout_exceeded"": false, ""rssi"": -49}, ""communication_mode"": ""BEACON"", ""timestamp"": 62165, ""packets_received"": 201, ""kalman_data"": {""altitude"": 0, ""vertical_velocity"": 0}, ""kalman_altitude"": 0, ""kalman_vertical_velocity"": 0, ""pyroDrogue"": 0, ""pyroMain"": 0, ""pyro1_state"": 0, ""pyro2_state"": 0}"
1755811027.742902,2025-08-22T00:17:07.742902,1829,0,0,-0.07,-0.03,0.9,-3.98,-2.13,-6.74,3.78,2.74,0,0,0,70097,859.4,24.29,-0.86,0,0,0,0,-49,,,BEACON,"{""record_number"": 1829, ""operation_mode"": 0, ""state"": 0, ""battery_voltage"": 0, ""wifi_rssi"": -49, ""acc_data"": {""ax"": -0.07, ""ay"": -0.03, ""az"": 0.9, ""pitch"": -3.98, ""roll"": -2.13}, ""gyro_data"": {""gx"": -6.74, ""gy"": 3.78, ""gz"": 2.74}, ""gps_data"": {""latitude"": 0, ""longitude"": 0, ""gps_altitude"": 0, ""time"": 70097}, ""alt_data"": {""pressure"": 859.4, ""temperature"": 24.29, ""AGL"": -0.86, ""velocity"": 0}, ""chute_state"": {""pyro1_state"": 0, ""pyro2_state"": 0}, ""connection_status"": {""connected"": true, ""has_ever_connected"": true, ""packet_age_ms"": 0, ""timeout_exceeded"": false, ""rssi"": -49}, ""communication_mode"": ""BEACON"", ""timestamp"": 62432, ""packets_received"": 202, ""kalman_data"": {""altitude"": 0, ""vertical_velocity"": 0}, ""kalman_altitude"": 0, ""kalman_vertical_velocity"": 0, ""pyroDrogue"": 0, ""pyroMain"": 0, ""pyro1_state"": 0, ""pyro2_state"": 0}"
1755811028.021985,2025-08-22T00:17:08.021985,1837,0,0,-0.07,-0.03,0.9,-3.92,-1.75,-5.76,4.6,2.62,0,0,0,70298,859.42,24.3,-1.08,0,0,0,0,-49,,,BEACON,"{""record_number"": 1837, ""operation_mode"": 0, ""state"": 0, ""battery_voltage"": 0, ""wifi_rssi"": -49, ""acc_data"": {""ax"": -0.07, ""ay"": -0.03, ""az"": 0.9, ""pitch"": -3.92, ""roll"": -1.75}, ""gyro_data"": {""gx"": -5.76, ""gy"": 4.6, ""gz"": 2.62}, ""gps_data"": {""latitude"": 0, ""longitude"": 0, ""gps_altitude"": 0, ""time"": 70298}, ""alt_data"": {""pressure"": 859.42, ""temperature"": 24.3, ""AGL"": -1.08, ""velocity"": 0}, ""chute_state"": {""pyro1_state"": 0, ""pyro2_state"": 0}, ""connection_status"": {""connected"": true, ""has_ever_connected"": true, ""packet_age_ms"": 0, ""timeout_exceeded"": false, ""rssi"": -49}, ""communication_mode"": ""BEACON"", ""timestamp"": 62698, ""packets_received"": 203, ""kalman_data"": {""altitude"": 0, ""vertical_velocity"": 0}, ""kalman_altitude"": 0, ""kalman_vertical_velocity"": 0, ""pyroDrogue"": 0, ""pyroMain"": 0, ""pyro1_state"": 0, ""pyro2_state"": 0}"
1755811028.305033,2025-08-22T00:17:08.305033,1845,0,0,-0.07,-0.03,0.9,-4.03,-1.93,-6.68,3.99,3.2,0,0,0,70704,859.38,24.29,-0.68,0,0,0,0,-48,,,BEACON,"{""record_number"": 1845, ""operation_mode"": 0, ""state"": 0, ""battery_voltage"": 0, ""wifi_rssi"": -48, ""acc_data"": {""ax"": -0.07, ""ay"": -0.03, ""az"": 0.9, ""pitch"": -4.03, ""roll"": -1.93}, ""gyro_data"": {""gx"": -6.68, ""gy"": 3.99, ""gz"": 3.2}, ""gps_data"": {""latitude"": 0, ""longitude"": 0, ""gps_altitude"": 0, ""time"": 70704}, ""alt_data"": {""pressure"": 859.38, ""temperature"": 24.29, ""AGL"": -0.68, ""velocity"": 0}, ""chute_state"": {""pyro1_state"": 0, ""pyro2_state"": 0}, ""connection_status"": {""connected"": true, ""has_ever_connected"": true, ""packet_age_ms"": 0, ""timeout_exceeded"": false, ""rssi"": -48}, ""communication_mode"": ""BEACON"", ""timestamp"": 62961, ""packets_received"": 204, ""kalman_data"": {""altitude"": 0, ""vertical_velocity"": 0}, ""kalman_altitude"": 0, ""kalman_vertical_velocity"": 0, ""pyroDrogue"": 0, ""pyroMain"": 0, ""pyro1_state"": 0, ""pyro2_state"": 0}"
1755811028.652671,2025-08-22T00:17:08.652671,1853,0,0,-0.07,-0.03,0.91,-4.15,-2.31,-6.68,2.93,2.9,0,0,0,70910,859.4,24.29,-0.86,0,0,0,0,-49,,,BEACON,"{""record_number"": 1853, ""operation_mode"": 0, ""state"": 0, ""battery_voltage"": 0, ""wifi_rssi"": -49, ""acc_data"": {""ax"": -0.07, ""ay"": -0.03, ""az"": 0.91, ""pitch"": -4.15, ""roll"": -2.31}, ""gyro_data"": {""gx"": -6.68, ""gy"": 2.93, ""gz"": 2.9}, ""gps_data"": {""latitude"": 0, ""longitude"": 0, ""gps_altitude"": 0, ""time"": 70910}, ""alt_data"": {""pressure"": 859.4, ""temperature"": 24.29, ""AGL"": -0.86, ""velocity"": 0}, ""chute_state"": {""pyro1_state"": 0, ""pyro2_state"": 0}, ""connection_status"": {""connected"": true, ""has_ever_connected"": true, ""packet_age_ms"": 0, ""timeout_exceeded"": false, ""rssi"": -49}, ""communication_mode"": ""BEACON"", ""timestamp"": 63246, ""packets_received"": 205, ""kalman_data"": {""altitude"": 0, ""vertical_velocity"": 0}, ""kalman_altitude"": 0, ""kalman_vertical_velocity"": 0, ""pyroDrogue"": 0, ""pyroMain"": 0, ""pyro1_state"": 0, ""pyro2_state"": 0}"
1755811028.853367,2025-08-22T00:17:08.853367,1863,0,0,-0.07,-0.02,0.9,-4.26,-1.56,-6.25,3.17,2.96,0,0,0,71111,859.35,24.28,-0.34,0,0,0,0,-49,,,BEACON,"{""record_number"": 1863, ""operation_mode"": 0, ""state"": 0, ""battery_voltage"": 0, ""wifi_rssi"": -49, ""acc_data"": {""ax"": -0.07, ""ay"": -0.02, ""az"": 0.9, ""pitch"": -4.26, ""roll"": -1.56}, ""gyro_data"": {""gx"": -6.25, ""gy"": 3.17, ""gz"": 2.96}, ""gps_data"": {""latitude"": 0, ""longitude"": 0, ""gps_altitude"": 0, ""time"": 71111}, ""alt_data"": {""pressure"": 859.35, ""temperature"": 24.28, ""AGL"": -0.34, ""velocity"": 0}, ""chute_state"": {""pyro1_state"": 0, ""pyro2_state"": 0}, ""connection_status"": {""connected"": true, ""has_ever_connected"": true, ""packet_age_ms"": 0, ""timeout_exceeded"": false, ""rssi"": -49}, ""communication_mode"": ""BEACON"", ""timestamp"": 63513, ""packets_received"": 206, ""kalman_data"": {""altitude"": 0, ""vertical_velocity"": 0}, ""kalman_altitude"": 0, ""kalman_vertical_velocity"": 0, ""pyroDrogue"": 0, ""pyroMain"": 0, ""pyro1_state"": 0, ""pyro2_state"": 0}"
1755811029.290431,2025-08-22T00:17:09.290431,1870,0,0,-0.07,-0.03,0.9,-4.26,-2.17,-6.62,4.39,3.17,0,0,0,71513,859.37,24.29,-0.57,0,0,0,0,-49,,,BEACON,"{""record_number"": 1870, ""operation_mode"": 0, ""state"": 0, ""battery_voltage"": 0, ""wifi_rssi"": -49, ""acc_data"": {""ax"": -0.07, ""ay"": -0.03, ""az"": 0.9, ""pitch"": -4.26, ""roll"": -2.17}, ""gyro_data"": {""gx"": -6.62, ""gy"": 4.39, ""gz"": 3.17}, ""gps_data"": {""latitude"": 0, ""longitude"": 0, ""gps_altitude"": 0, ""time"": 71513}, ""alt_data"": {""pressure"": 859.37, ""temperature"": 24.29, ""AGL"": -0.57, ""velocity"": 0}, ""chute_state"": {""pyro1_state"": 0, ""pyro2_state"": 0}, ""connection_status"": {""connected"": true, ""has_ever_connected"": true, ""packet_age_ms"": 1, ""timeout_exceeded"": false, ""rssi"": -49}, ""communication_mode"": ""BEACON"", ""timestamp"": 63886, ""packets_received"": 207, ""kalman_data"": {""altitude"": 0, ""vertical_velocity"": 0}, ""kalman_altitude"": 0, ""kalman_vertical_velocity"": 0, ""pyroDrogue"": 0, ""pyroMain"": 0, ""pyro1_state"": 0, ""pyro2_state"": 0}"
1755811029.556336,2025-08-22T00:17:09.556336,1878,0,0,-0.08,-0.03,0.9,-4.23,-2.43,-6.1,5.21,2.5,0,0,0,71725,859.31,24.28,0.02,0,0,0,0,-48,,,BEACON,"{""record_number"": 1878, ""operation_mode"": 0, ""state"": 0, ""battery_voltage"": 0, ""wifi_rssi"": -48, ""acc_data"": {""ax"": -0.08, ""ay"": -0.03, ""az"": 0.9, ""pitch"": -4.23, ""roll"": -2.43}, ""gyro_data"": {""gx"": -6.1, ""gy"": 5.21, ""gz"": 2.5}, ""gps_data"": {""latitude"": 0, ""longitude"": 0, ""gps_altitude"": 0, ""time"": 71725}, ""alt_data"": {""pressure"": 859.31, ""temperature"": 24.28, ""AGL"": 0.02, ""velocity"": 0}, ""chute_state"": {""pyro1_state"": 0, ""pyro2_state"": 0}, ""connection_status"": {""connected"": true, ""has_ever_connected"": true, ""packet_age_ms"": 1, ""timeout_exceeded"": false, ""rssi"": -48}, ""communication_mode"": ""BEACON"", ""timestamp"": 64161, ""packets_received"": 208, ""kalman_data"": {""altitude"": 0, ""vertical_velocity"": 0}, ""kalman_altitude"": 0, ""kalman_vertical_velocity"": 0, ""pyroDrogue"": 0, ""pyroMain"": 0, ""pyro1_state"": 0, ""pyro2_state"": 0}"
1755811029.848515,2025-08-22T00:17:09.848515,1886,0,0,-0.08,-0.03,0.89,-4.37,-1.81,-6.92,5.15,3.32,0,0,0,72135,859.33,24.29,-0.16,0,0,0,0,-49,,,BEACON,"{""record_number"": 1886, ""operation_mode"": 0, ""state"": 0, ""battery_voltage"": 0, ""wifi_rssi"": -49, ""acc_data"": {""ax"": -0.08, ""ay"": -0.03, ""az"": 0.89, ""pitch"": -4.37, ""roll"": -1.81}, ""gyro_data"": {""gx"": -6.92, ""gy"": 5.15, ""gz"": 3.32}, ""gps_data"": {""latitude"": 0, ""longitude"": 0, ""gps_altitude"": 0, ""time"": 72135}, ""alt_data"": {""pressure"": 859.33, ""temperature"": 24.29, ""AGL"": -0.16, ""velocity"": 0}, ""chute_state"": {""pyro1_state"": 0, ""pyro2_state"": 0}, ""connection_status"": {""connected"": true, ""has_ever_connected"": true, ""packet_age_ms"": 0, ""timeout_exceeded"": false, ""rssi"": -49}, ""communication_mode"": ""BEACON"", ""timestamp"": 64429, ""packets_received"": 209, ""kalman_data"": {""altitude"": 0, ""vertical_velocity"": 0}, ""kalman_altitude"": 0, ""kalman_vertical_velocity"": 0, ""pyroDrogue"": 0, ""pyroMain"": 0, ""pyro1_state"": 0, ""pyro2_state"": 0}"
1755811030.422574,2025-08-22T00:17:10.422574,1893,0,0,-0.07,-0.03,0.9,-4.17,-1.78,-6.62,3.26,3.54,0,0,0,72337,859.32,24.29,-0.05,0,0,0,0,-48,,,BEACON,"{""record_number"": 1893, ""operation_mode"": 0, ""state"": 0, ""battery_voltage"": 0, ""wifi_rssi"": -48, ""acc_data"": {""ax"": -0.07, ""ay"": -0.03, ""az"": 0.9, ""pitch"": -4.17, ""roll"": -1.78}, ""gyro_data"": {""gx"": -6.62, ""gy"": 3.26, ""gz"": 3.54}, ""gps_data"": {""latitude"": 0, ""longitude"": 0, ""gps_altitude"": 0, ""time"": 72337}, ""alt_data"": {""pressure"": 859.32, ""temperature"": 24.29, ""AGL"": -0.05, ""velocity"": 0}, ""chute_state"": {""pyro1_state"": 0, ""pyro2_state"": 0}, ""connection_status"": {""connected"": true, ""has_ever_connected"": true, ""packet_age_ms"": 1, ""timeout_exceeded"": false, ""rssi"": -48}, ""communication_mode"": ""BEACON"", ""timestamp"": 64697, ""packets_received"": 210, ""kalman_data"": {""altitude"": 0, ""vertical_velocity"": 0}, ""kalman_altitude"": 0, ""kalman_vertical_velocity"": 0, ""pyroDrogue"": 0, ""pyroMain"": 0, ""pyro1_state"": 0, ""pyro2_state"": 0}"
1755811030.634582,2025-08-22T00:17:10.634582,1902,0,0,-0.07,-0.03,0.9,-4.2,-2.29,-6.22,3.54,2.41,0,0,0,72539,859.33,24.29,-0.16,0,0,0,0,-48,,,BEACON,"{""record_number"": 1902, ""operation_mode"": 0, ""state"": 0, ""battery_voltage"": 0, ""wifi_rssi"": -48, ""acc_data"": {""ax"": -0.07, ""ay"": -0.03, ""az"": 0.9, ""pitch"": -4.2, ""roll"": -2.29}, ""gyro_data"": {""gx"": -6.22, ""gy"": 3.54, ""gz"": 2.41}, ""gps_data"": {""latitude"": 0, ""longitude"": 0, ""gps_altitude"": 0, ""time"": 72539}, ""alt_data"": {""pressure"": 859.33, ""temperature"": 24.29, ""AGL"": -0.16, ""velocity"": 0}, ""chute_state"": {""pyro1_state"": 0, ""pyro2_state"": 0}, ""connection_status"": {""connected"": true, ""has_ever_connected"": true, ""packet_age_ms"": 0, ""timeout_exceeded"": false, ""rssi"": -48}, ""communication_mode"": ""BEACON"", ""timestamp"": 64970, ""packets_received"": 211, ""kalman_data"": {""altitude"": 0, ""vertical_velocity"": 0}, ""kalman_altitude"": 0, ""kalman_vertical_velocity"": 0, ""pyroDrogue"": 0, ""pyroMain"": 0, ""pyro1_state"": 0, ""pyro2_state"": 0}"
1755811030.907852,2025-08-22T00:17:10.907852,1912,0,0,-0.07,-0.03,0.9,-4.12,-2.06,-6.34,4.27,3.69,0,0,0,72957,859.39,24.29,-0.75,0,0,0,0,-47,,,BEACON,"{""record_number"": 1912, ""operation_mode"": 0, ""state"": 0, ""battery_voltage"": 0, ""wifi_rssi"": -47, ""acc_data"": {""ax"": -0.07, ""ay"": -0.03, ""az"": 0.9, ""pitch"": -4.12, ""roll"": -2.06}, ""gyro_data"": {""gx"": -6.34, ""gy"": 4.27, ""gz"": 3.69}, ""gps_data"": {""latitude"": 0, ""longitude"": 0, ""gps_altitude"": 0, ""time"": 72957}, ""alt_data"": {""pressure"": 859.39, ""temperature"": 24.29, ""AGL"": -0.75, ""velocity"": 0}, ""chute_state"": {""pyro1_state"": 0, ""pyro2_state"": 0}, ""connection_status"": {""connected"": true, ""has_ever_connected"": true, ""packet_age_ms"": 0, ""timeout_exceeded"": false, ""rssi"": -47}, ""communication_mode"": ""BEACON"", ""timestamp"": 65236, ""packets_received"": 212, ""kalman_data"": {""altitude"": 0, ""vertical_velocity"": 0}, ""kalman_altitude"": 0, ""kalman_vertical_velocity"": 0, ""pyroDrogue"": 0, ""pyroMain"": 0, ""pyro1_state"": 0, ""pyro2_state"": 0}"
1755811031.05406,2025-08-22T00:17:11.054060,1920,0,0,-0.08,-0.03,0.9,-4.12,-1.85,-5.58,4.02,2.71,0,0,0,73157,859.34,24.29,-0.31,0,0,0,0,-47,,,BEACON,"{""record_number"": 1920, ""operation_mode"": 0, ""state"": 0, ""battery_voltage"": 0, ""wifi_rssi"": -47, ""acc_data"": {""ax"": -0.08, ""ay"": -0.03, ""az"": 0.9, ""pitch"": -4.12, ""roll"": -1.85}, ""gyro_data"": {""gx"": -5.58, ""gy"": 4.02, ""gz"": 2.71}, ""gps_data"": {""latitude"": 0, ""longitude"": 0, ""gps_altitude"": 0, ""time"": 73157}, ""alt_data"": {""pressure"": 859.34, ""temperature"": 24.29, ""AGL"": -0.31, ""velocity"": 0}, ""chute_state"": {""pyro1_state"": 0, ""pyro2_state"": 0}, ""connection_status"": {""connected"": true, ""has_ever_connected"": true, ""packet_age_ms"": 1, ""timeout_exceeded"": false, ""rssi"": -47}, ""communication_mode"": ""BEACON"", ""timestamp"": 65504, ""packets_received"": 213, ""kalman_data"": {""altitude"": 0, ""vertical_velocity"": 0}, ""kalman_altitude"": 0, ""kalman_vertical_velocity"": 0, ""pyroDrogue"": 0, ""pyroMain"": 0, ""pyro1_state"": 0, ""pyro2_state"": 0}"
1755811031.302827,2025-08-22T00:17:11.302827,1928,0,0,-0.07,-0.03,0.9,-4.2,-1.81,-5.73,3.84,3.29,0,0,0,73358,859.35,24.29,-0.35,0,0,0,0,-48,,,BEACON,"{""record_number"": 1928, ""operation_mode"": 0, ""state"": 0, ""battery_voltage"": 0, ""wifi_rssi"": -48, ""acc_data"": {""ax"": -0.07, ""ay"": -0.03, ""az"": 0.9, ""pitch"": -4.2, ""roll"": -1.81}, ""gyro_data"": {""gx"": -5.73, ""gy"": 3.84, ""gz"": 3.29}, ""gps_data"": {""latitude"": 0, ""longitude"": 0, ""gps_altitude"": 0, ""time"": 73358}, ""alt_data"": {""pressure"": 859.35, ""temperature"": 24.29, ""AGL"": -0.35, ""velocity"": 0}, ""chute_state"": {""pyro1_state"": 0, ""pyro2_state"": 0}, ""connection_status"": {""connected"": true, ""has_ever_connected"": true, ""packet_age_ms"": 0, ""timeout_exceeded"": false, ""rssi"": -48}, ""communication_mode"": ""BEACON"", ""timestamp"": 65883, ""packets_received"": 214, ""kalman_data"": {""altitude"": 0, ""vertical_velocity"": 0}, ""kalman_altitude"": 0, ""kalman_vertical_velocity"": 0, ""pyroDrogue"": 0, ""pyroMain"": 0, ""pyro1_state"": 0, ""pyro2_state"": 0}"
1755811031.599488,2025-08-22T00:17:11.599488,1935,0,0,-0.08,-0.03,0.9,-3.95,-2.09,-6.19,3.63,2.99,0,0,0,73775,859.34,24.28,-0.27,0,0,0,0,-48,,,BEACON,"{""record_number"": 1935, ""operation_mode"": 0, ""state"": 0, ""battery_voltage"": 0, ""wifi_rssi"": -48, ""acc_data"": {""ax"": -0.08, ""ay"": -0.03, ""az"": 0.9, ""pitch"": -3.95, ""roll"": -2.09}, ""gyro_data"": {""gx"": -6.19, ""gy"": 3.63, ""gz"": 2.99}, ""gps_data"": {""latitude"": 0, ""longitude"": 0, ""gps_altitude"": 0, ""time"": 73775}, ""alt_data"": {""pressure"": 859.34, ""temperature"": 24.28, ""AGL"": -0.27, ""velocity"": 0}, ""chute_state"": {""pyro1_state"": 0, ""pyro2_state"": 0}, ""connection_status"": {""connected"": true, ""has_ever_connected"": true, ""packet_age_ms"": 1, ""timeout_exceeded"": false, ""rssi"": -48}, ""communication_mode"": ""BEACON"", ""timestamp"": 66154, ""packets_received"": 215, ""kalman_data"": {""altitude"": 0, ""vertical_velocity"": 0}, ""kalman_altitude"": 0, ""kalman_vertical_velocity"": 0, ""pyroDrogue"": 0, ""pyroMain"": 0, ""pyro1_state"": 0, ""pyro2_state"": 0}"
1755811032.109797,2025-08-22T00:17:12.109797,1943,0,0,-0.08,-0.03,0.9,-3.92,-1.95,-6.07,4.21,4.09,0,0,0,73984,859.35,24.29,-0.35,0,0,0,0,-48,,,BEACON,"{""record_number"": 1943, ""operation_mode"": 0, ""state"": 0, ""battery_voltage"": 0, ""wifi_rssi"": -48, ""acc_data"": {""ax"": -0.08, ""ay"": -0.03, ""az"": 0.9, ""pitch"": -3.92, ""roll"": -1.95}, ""gyro_data"": {""gx"": -6.07, ""gy"": 4.21, ""gz"": 4.09}, ""gps_data"": {""latitude"": 0, ""longitude"": 0, ""gps_altitude"": 0, ""time"": 73984}, ""alt_data"": {""pressure"": 859.35, ""temperature"": 24.29, ""AGL"": -0.35, ""velocity"": 0}, ""chute_state"": {""pyro1_state"": 0, ""pyro2_state"": 0}, ""connection_status"": {""connected"": true, ""has_ever_connected"": true, ""packet_age_ms"": 0, ""timeout_exceeded"": false, ""rssi"": -48}, ""communication_mode"": ""BEACON"", ""timestamp"": 66425, ""packets_received"": 216, ""kalman_data"": {""altitude"": 0, ""vertical_velocity"": 0}, ""kalman_altitude"": 0, ""kalman_vertical_velocity"": 0, ""pyroDrogue"": 0, ""pyroMain"": 0, ""pyro1_state"": 0, ""pyro2_state"": 0}"
1755811032.375271,2025-08-22T00:17:12.375271,1951,0,0,-0.07,-0.03,0.9,-3.98,-1.77,-5.76,3.48,3.48,0,0,0,74386,859.37,24.31,-0.58,0,0,0,0,-48,,,BEACON,"{""record_number"": 1951, ""operation_mode"": 0, ""state"": 0, ""battery_voltage"": 0, ""wifi_rssi"": -48, ""acc_data"": {""ax"": -0.07, ""ay"": -0.03, ""az"": 0.9, ""pitch"": -3.98, ""roll"": -1.77}, ""gyro_data"": {""gx"": -5.76, ""gy"": 3.48, ""gz"": 3.48}, ""gps_data"": {""latitude"": 0, ""longitude"": 0, ""gps_altitude"": 0, ""time"": 74386}, ""alt_data"": {""pressure"": 859.37, ""temperature"": 24.31, ""AGL"": -0.58, ""velocity"": 0}, ""chute_state"": {""pyro1_state"": 0, ""pyro2_state"": 0}, ""connection_status"": {""connected"": true, ""has_ever_connected"": true, ""packet_age_ms"": 1, ""timeout_exceeded"": false, ""rssi"": -48}, ""communication_mode"": ""BEACON"", ""timestamp"": 66695, ""packets_received"": 217, ""kalman_data"": {""altitude"": 0, ""vertical_velocity"": 0}, ""kalman_altitude"": 0, ""kalman_vertical_velocity"": 0, ""pyroDrogue"": 0, ""pyroMain"": 0, ""pyro1_state"": 0, ""pyro2_state"": 0}"
1755811032.536309,2025-08-22T00:17:12.536309,1962,0,0,-0.07,-0.03,0.91,-4.4,-1.71,-5.85,3.72,2.9,0,0,0,74591,859.33,24.29,-0.2,0,0,0,0,-47,,,BEACON,"{""record_number"": 1962, ""operation_mode"": 0, ""state"": 0, ""battery_voltage"": 0, ""wifi_rssi"": -47, ""acc_data"": {""ax"": -0.07, ""ay"": -0.03, ""az"": 0.91, ""pitch"": -4.4, ""roll"": -1.71}, ""gyro_data"": {""gx"": -5.85, ""gy"": 3.72, ""gz"": 2.9}, ""gps_data"": {""latitude"": 0, ""longitude"": 0, ""gps_altitude"": 0, ""time"": 74591}, ""alt_data"": {""pressure"": 859.33, ""temperature"": 24.29, ""AGL"": -0.2, ""velocity"": 0}, ""chute_state"": {""pyro1_state"": 0, ""pyro2_state"": 0}, ""connection_status"": {""connected"": true, ""has_ever_connected"": true, ""packet_age_ms"": 0, ""timeout_exceeded"": false, ""rssi"": -47}, ""communication_mode"": ""BEACON"", ""timestamp"": 66968, ""packets_received"": 218, ""kalman_data"": {""altitude"": 0, ""vertical_velocity"": 0}, ""kalman_altitude"": 0, ""kalman_vertical_velocity"": 0, ""pyroDrogue"": 0, ""pyroMain"": 0, ""pyro1_state"": 0, ""pyro2_state"": 0}"
1755811032.76749,2025-08-22T00:17:12.767490,1970,0,0,-0.07,-0.02,0.9,-4.76,-2.09,-6.25,4.09,2.93,0,0,0,74803,859.35,24.29,-0.39,0,0,0,0,-48,,,BEACON,"{""record_number"": 1970, ""operation_mode"": 0, ""state"": 0, ""battery_voltage"": 0, ""wifi_rssi"": -48, ""acc_data"": {""ax"": -0.07, ""ay"": -0.02, ""az"": 0.9, ""pitch"": -4.76, ""roll"": -2.09}, ""gyro_data"": {""gx"": -6.25, ""gy"": 4.09, ""gz"": 2.93}, ""gps_data"": {""latitude"": 0, ""longitude"": 0, ""gps_altitude"": 0, ""time"": 74803}, ""alt_data"": {""pressure"": 859.35, ""temperature"": 24.29, ""AGL"": -0.39, ""velocity"": 0}, ""chute_state"": {""pyro1_state"": 0, ""pyro2_state"": 0}, ""connection_status"": {""connected"": true, ""has_ever_connected"": true, ""packet_age_ms"": 0, ""timeout_exceeded"": false, ""rssi"": -48}, ""communication_mode"": ""BEACON"", ""timestamp"": 67237, ""packets_received"": 219, ""kalman_data"": {""altitude"": 0, ""vertical_velocity"": 0}, ""kalman_altitude"": 0, ""kalman_vertical_velocity"": 0, ""pyroDrogue"": 0, ""pyroMain"": 0, ""pyro1_state"": 0, ""pyro2_state"": 0}"
1755811033.307892,2025-08-22T00:17:13.307892,1977,0,0,-0.07,-0.02,0.9,-4.2,-1.72,-7.01,3.35,2.74,0,0,0,75212,859.33,24.3,-0.21,0,0,0,0,-49,,,BEACON,"{""record_number"": 1977, ""operation_mode"": 0, ""state"": 0, ""battery_voltage"": 0, ""wifi_rssi"": -49, ""acc_data"": {""ax"": -0.07, ""ay"": -0.02, ""az"": 0.9, ""pitch"": -4.2, ""roll"": -1.72}, ""gyro_data"": {""gx"": -7.01, ""gy"": 3.35, ""gz"": 2.74}, ""gps_data"": {""latitude"": 0, ""longitude"": 0, ""gps_altitude"": 0, ""time"": 75212}, ""alt_data"": {""pressure"": 859.33, ""temperature"": 24.3, ""AGL"": -0.21, ""velocity"": 0}, ""chute_state"": {""pyro1_state"": 0, ""pyro2_state"": 0}, ""connection_status"": {""connected"": true, ""has_ever_connected"": true, ""packet_age_ms"": 0, ""timeout_exceeded"": false, ""rssi"": -49}, ""communication_mode"": ""BEACON"", ""timestamp"": 67619, ""packets_received"": 220, ""kalman_data"": {""altitude"": 0, ""vertical_velocity"": 0}, ""kalman_altitude"": 0, ""kalman_vertical_velocity"": 0, ""pyroDrogue"": 0, ""pyroMain"": 0, ""pyro1_state"": 0, ""pyro2_state"": 0}"
1755811033.53989,2025-08-22T00:17:13.539890,1985,0,0,-0.07,-0.03,0.89,-4.54,-1.84,-5.91,3.26,3.02,0,0,0,75616,859.32,24.3,-0.1,0,0,0,0,-49,,,BEACON,"{""record_number"": 1985, ""operation_mode"": 0, ""state"": 0, ""battery_voltage"": 0, ""wifi_rssi"": -49, ""acc_data"": {""ax"": -0.07, ""ay"": -0.03, ""az"": 0.89, ""pitch"": -4.54, ""roll"": -1.84}, ""gyro_data"": {""gx"": -5.91, ""gy"": 3.26, ""gz"": 3.02}, ""gps_data"": {""latitude"": 0, ""longitude"": 0, ""gps_altitude"": 0, ""time"": 75616}, ""alt_data"": {""pressure"": 859.32, ""temperature"": 24.3, ""AGL"": -0.1, ""velocity"": 0}, ""chute_state"": {""pyro1_state"": 0, ""pyro2_state"": 0}, ""connection_status"": {""connected"": true, ""has_ever_connected"": true, ""packet_age_ms"": 0, ""timeout_exceeded"": false, ""rssi"": -49}, ""communication_mode"": ""BEACON"", ""timestamp"": 67885, ""packets_received"": 221, ""kalman_data"": {""altitude"": 0, ""vertical_velocity"": 0}, ""kalman_altitude"": 0, ""kalman_vertical_velocity"": 0, ""pyroDrogue"": 0, ""pyroMain"": 0, ""pyro1_state"": 0, ""pyro2_state"": 0}"
1755811034.019966,2025-08-22T00:17:14.019966,1993,0,0,-0.08,-0.03,0.9,-3.95,-1.59,-5.88,2.68,3.57,0,0,0,75821,859.33,24.3,-0.21,0,0,0,0,-51,,,BEACON,"{""record_number"": 1993, ""operation_mode"": 0, ""state"": 0, ""battery_voltage"": 0, ""wifi_rssi"": -51, ""acc_data"": {""ax"": -0.08, ""ay"": -0.03, ""az"": 0.9, ""pitch"": -3.95, ""roll"": -1.59}, ""gyro_data"": {""gx"": -5.88, ""gy"": 2.68, ""gz"": 3.57}, ""gps_data"": {""latitude"": 0, ""longitude"": 0, ""gps_altitude"": 0, ""time"": 75821}, ""alt_data"": {""pressure"": 859.33, ""temperature"": 24.3, ""AGL"": -0.21, ""velocity"": 0}, ""chute_state"": {""pyro1_state"": 0, ""pyro2_state"": 0}, ""connection_status"": {""connected"": true, ""has_ever_connected"": true, ""packet_age_ms"": 0, ""timeout_exceeded"": false, ""rssi"": -51}, ""communication_mode"": ""BEACON"", ""timestamp"": 68155, ""packets_received"": 222, ""kalman_data"": {""altitude"": 0, ""vertical_velocity"": 0}, ""kalman_altitude"": 0, ""kalman_vertical_velocity"": 0, ""pyroDrogue"": 0, ""pyroMain"": 0, ""pyro1_state"": 0, ""pyro2_state"": 0}"
1755811034.285975,2025-08-22T00:17:14.285975,2000,0,0,-0.08,-0.03,0.9,-4.26,-1.69,-6.01,3.45,2.71,0,0,0,76029,859.29,24.29,0.23,0,0,0,0,-49,,,BEACON,"{""record_number"": 2000, ""operation_mode"": 0, ""state"": 0, ""battery_voltage"": 0, ""wifi_rssi"": -49, ""acc_data"": {""ax"": -0.08, ""ay"": -0.03, ""az"": 0.9, ""pitch"": -4.26, ""roll"": -1.69}, ""gyro_data"": {""gx"": -6.01, ""gy"": 3.45, ""gz"": 2.71}, ""gps_data"": {""latitude"": 0, ""longitude"": 0, ""gps_altitude"": 0, ""time"": 76029}, ""alt_data"": {""pressure"": 859.29, ""temperature"": 24.29, ""AGL"": 0.23, ""velocity"": 0}, ""chute_state"": {""pyro1_state"": 0, ""pyro2_state"": 0}, ""connection_status"": {""connected"": true, ""has_ever_connected"": true, ""packet_age_ms"": 0, ""timeout_exceeded"": false, ""rssi"": -49}, ""communication_mode"": ""BEACON"", ""timestamp"": 68421, ""packets_received"": 223, ""kalman_data"": {""altitude"": 0, ""vertical_velocity"": 0}, ""kalman_altitude"": 0, ""kalman_vertical_velocity"": 0, ""pyroDrogue"": 0, ""pyroMain"": 0, ""pyro1_state"": 0, ""pyro2_state"": 0}"
1755811034.723151,2025-08-22T00:17:14.723151,2008,0,0,-0.07,-0.02,0.9,-4.45,-1.87,-6.86,4.15,3.54,0,0,0,76431,859.28,24.29,0.34,0,0,0,0,-49,,,BEACON,"{""record_number"": 2008, ""operation_mode"": 0, ""state"": 0, ""battery_voltage"": 0, ""wifi_rssi"": -49, ""acc_data"": {""ax"": -0.07, ""ay"": -0.02, ""az"": 0.9, ""pitch"": -4.45, ""roll"": -1.87}, ""gyro_data"": {""gx"": -6.86, ""gy"": 4.15, ""gz"": 3.54}, ""gps_data"": {""latitude"": 0, ""longitude"": 0, ""gps_altitude"": 0, ""time"": 76431}, ""alt_data"": {""pressure"": 859.28, ""temperature"": 24.29, ""AGL"": 0.34, ""velocity"": 0}, ""chute_state"": {""pyro1_state"": 0, ""pyro2_state"": 0}, ""connection_status"": {""connected"": true, ""has_ever_connected"": true, ""packet_age_ms"": 0, ""timeout_exceeded"": false, ""rssi"": -49}, ""communication_mode"": ""BEACON"", ""timestamp"": 68690, ""packets_received"": 224, ""kalman_data"": {""altitude"": 0, ""vertical_velocity"": 0}, ""kalman_altitude"": 0, ""kalman_vertical_velocity"": 0, ""pyroDrogue"": 0, ""pyroMain"": 0, ""pyro1_state"": 0, ""pyro2_state"": 0}"
1755811035.152697,2025-08-22T00:17:15.152697,2018,0,0,-0.07,-0.03,0.9,-4.31,-2.05,-6.37,3.41,3.17,0,0,0,76635,859.34,24.31,-0.32,0,0,0,0,-48,,,BEACON,"{""record_number"": 2018, ""operation_mode"": 0, ""state"": 0, ""battery_voltage"": 0, ""wifi_rssi"": -48, ""acc_data"": {""ax"": -0.07, ""ay"": -0.03, ""az"": 0.9, ""pitch"": -4.31, ""roll"": -2.05}, ""gyro_data"": {""gx"": -6.37, ""gy"": 3.41, ""gz"": 3.17}, ""gps_data"": {""latitude"": 0, ""longitude"": 0, ""gps_altitude"": 0, ""time"": 76635}, ""alt_data"": {""pressure"": 859.34, ""temperature"": 24.31, ""AGL"": -0.32, ""velocity"": 0}, ""chute_state"": {""pyro1_state"": 0, ""pyro2_state"": 0}, ""connection_status"": {""connected"": true, ""has_ever_connected"": true, ""packet_age_ms"": 0, ""timeout_exceeded"": false, ""rssi"": -48}, ""communication_mode"": ""BEACON"", ""timestamp"": 68963, ""packets_received"": 225, ""kalman_data"": {""altitude"": 0, ""vertical_velocity"": 0}, ""kalman_altitude"": 0, ""kalman_vertical_velocity"": 0, ""pyroDrogue"": 0, ""pyroMain"": 0, ""pyro1_state"": 0, ""pyro2_state"": 0}"
1755811035.340695,2025-08-22T00:17:15.340695,2025,0,0,-0.08,-0.02,0.9,-3.95,-1.76,-6.49,3.05,3.23,0,0,0,76847,859.31,24.31,0.04,0,0,0,0,-49,,,BEACON,"{""record_number"": 2025, ""operation_mode"": 0, ""state"": 0, ""battery_voltage"": 0, ""wifi_rssi"": -49, ""acc_data"": {""ax"": -0.08, ""ay"": -0.02, ""az"": 0.9, ""pitch"": -3.95, ""roll"": -1.76}, ""gyro_data"": {""gx"": -6.49, ""gy"": 3.05, ""gz"": 3.23}, ""gps_data"": {""latitude"": 0, ""longitude"": 0, ""gps_altitude"": 0, ""time"": 76847}, ""alt_data"": {""pressure"": 859.31, ""temperature"": 24.31, ""AGL"": 0.04, ""velocity"": 0}, ""chute_state"": {""pyro1_state"": 0, ""pyro2_state"": 0}, ""connection_status"": {""connected"": true, ""has_ever_connected"": true, ""packet_age_ms"": 0, ""timeout_exceeded"": false, ""rssi"": -49}, ""communication_mode"": ""BEACON"", ""timestamp"": 69336, ""packets_received"": 226, ""kalman_data"": {""altitude"": 0, ""vertical_velocity"": 0}, ""kalman_altitude"": 0, ""kalman_vertical_velocity"": 0, ""pyroDrogue"": 0, ""pyroMain"": 0, ""pyro1_state"": 0, ""pyro2_state"": 0}"
1755811035.571998,2025-08-22T00:17:15.571998,2033,0,0,-0.08,-0.02,0.9,-4.45,-1.5,-7.23,3.69,3.38,0,0,0,77255,859.35,24.3,-0.35,0,0,0,0,-49,,,BEACON,"{""record_number"": 2033, ""operation_mode"": 0, ""state"": 0, ""battery_voltage"": 0, ""wifi_rssi"": -49, ""acc_data"": {""ax"": -0.08, ""ay"": -0.02, ""az"": 0.9, ""pitch"": -4.45, ""roll"": -1.5}, ""gyro_data"": {""gx"": -7.23, ""gy"": 3.69, ""gz"": 3.38}, ""gps_data"": {""latitude"": 0, ""longitude"": 0, ""gps_altitude"": 0, ""time"": 77255}, ""alt_data"": {""pressure"": 859.35, ""temperature"": 24.3, ""AGL"": -0.35, ""velocity"": 0}, ""chute_state"": {""pyro1_state"": 0, ""pyro2_state"": 0}, ""connection_status"": {""connected"": true, ""has_ever_connected"": true, ""packet_age_ms"": 0, ""timeout_exceeded"": false, ""rssi"": -49}, ""communication_mode"": ""BEACON"", ""timestamp"": 69605, ""packets_received"": 227, ""kalman_data"": {""altitude"": 0, ""vertical_velocity"": 0}, ""kalman_altitude"": 0, ""kalman_vertical_velocity"": 0, ""pyroDrogue"": 0, ""pyroMain"": 0, ""pyro1_state"": 0, ""pyro2_state"": 0}"
1755811035.918946,2025-08-22T00:17:15.918946,2041,0,0,-0.08,-0.02,0.9,-4.09,-1.56,-5.95,3.9,2.41,0,0,0,77456,859.37,24.31,-0.54,0,0,0,0,-49,,,BEACON,"{""record_number"": 2041, ""operation_mode"": 0, ""state"": 0, ""battery_voltage"": 0, ""wifi_rssi"": -49, ""acc_data"": {""ax"": -0.08, ""ay"": -0.02, ""az"": 0.9, ""pitch"": -4.09, ""roll"": -1.56}, ""gyro_data"": {""gx"": -5.95, ""gy"": 3.9, ""gz"": 2.41}, ""gps_data"": {""latitude"": 0, ""longitude"": 0, ""gps_altitude"": 0, ""time"": 77456}, ""alt_data"": {""pressure"": 859.37, ""temperature"": 24.31, ""AGL"": -0.54, ""velocity"": 0}, ""chute_state"": {""pyro1_state"": 0, ""pyro2_state"": 0}, ""connection_status"": {""connected"": true, ""has_ever_connected"": true, ""packet_age_ms"": 1, ""timeout_exceeded"": false, ""rssi"": -49}, ""communication_mode"": ""BEACON"", ""timestamp"": 69880, ""packets_received"": 228, ""kalman_data"": {""altitude"": 0, ""vertical_velocity"": 0}, ""kalman_altitude"": 0, ""kalman_vertical_velocity"": 0, ""pyroDrogue"": 0, ""pyroMain"": 0, ""pyro1_state"": 0, ""pyro2_state"": 0}"
1755811036.150224,2025-08-22T00:17:16.150224,2049,0,0,-0.07,-0.03,0.91,-4.43,-1.67,-5.88,4.88,2.38,0,0,0,77871,859.38,24.32,-0.7,0,0,0,0,-48,,,BEACON,"{""record_number"": 2049, ""operation_mode"": 0, ""state"": 0, ""battery_voltage"": 0, ""wifi_rssi"": -48, ""acc_data"": {""ax"": -0.07, ""ay"": -0.03, ""az"": 0.91, ""pitch"": -4.43, ""roll"": -1.67}, ""gyro_data"": {""gx"": -5.88, ""gy"": 4.88, ""gz"": 2.38}, ""gps_data"": {""latitude"": 0, ""longitude"": 0, ""gps_altitude"": 0, ""time"": 77871}, ""alt_data"": {""pressure"": 859.38, ""temperature"": 24.32, ""AGL"": -0.7, ""velocity"": 0}, ""chute_state"": {""pyro1_state"": 0, ""pyro2_state"": 0}, ""connection_status"": {""connected"": true, ""has_ever_connected"": true, ""packet_age_ms"": 0, ""timeout_exceeded"": false, ""rssi"": -48}, ""communication_mode"": ""BEACON"", ""timestamp"": 70146, ""packets_received"": 229, ""kalman_data"": {""altitude"": 0, ""vertical_velocity"": 0}, ""kalman_altitude"": 0, ""kalman_vertical_velocity"": 0, ""pyroDrogue"": 0, ""pyroMain"": 0, ""pyro1_state"": 0, ""pyro2_state"": 0}"
1755811036.393111,2025-08-22T00:17:16.393111,2057,0,0,-0.07,-0.03,0.9,-3.95,-1.8,-6.55,4.27,3.48,0,0,0,78075,859.3,24.31,0.08,0,0,0,0,-48,,,BEACON,"{""record_number"": 2057, ""operation_mode"": 0, ""state"": 0, ""battery_voltage"": 0, ""wifi_rssi"": -48, ""acc_data"": {""ax"": -0.07, ""ay"": -0.03, ""az"": 0.9, ""pitch"": -3.95, ""roll"": -1.8}, ""gyro_data"": {""gx"": -6.55, ""gy"": 4.27, ""gz"": 3.48}, ""gps_data"": {""latitude"": 0, ""longitude"": 0, ""gps_altitude"": 0, ""time"": 78075}, ""alt_data"": {""pressure"": 859.3, ""temperature"": 24.31, ""AGL"": 0.08, ""velocity"": 0}, ""chute_state"": {""pyro1_state"": 0, ""pyro2_state"": 0}, ""connection_status"": {""connected"": true, ""has_ever_connected"": true, ""packet_age_ms"": 0, ""timeout_exceeded"": false, ""rssi"": -48}, ""communication_mode"": ""BEACON"", ""timestamp"": 70412, ""packets_received"": 230, ""kalman_data"": {""altitude"": 0, ""vertical_velocity"": 0}, ""kalman_altitude"": 0, ""kalman_vertical_velocity"": 0, ""pyroDrogue"": 0, ""pyroMain"": 0, ""pyro1_state"": 0, ""pyro2_state"": 0}"
1755811036.705102,2025-08-22T00:17:16.705102,2067,0,0,-0.07,-0.03,0.9,-4.37,-1.62,-6.28,3.84,3.54,0,0,0,78275,859.32,24.31,-0.07,0,0,0,0,-48,,,BEACON,"{""record_number"": 2067, ""operation_mode"": 0, ""state"": 0, ""battery_voltage"": 0, ""wifi_rssi"": -48, ""acc_data"": {""ax"": -0.07, ""ay"": -0.03, ""az"": 0.9, ""pitch"": -4.37, ""roll"": -1.62}, ""gyro_data"": {""gx"": -6.28, ""gy"": 3.84, ""gz"": 3.54}, ""gps_data"": {""latitude"": 0, ""longitude"": 0, ""gps_altitude"": 0, ""time"": 78275}, ""alt_data"": {""pressure"": 859.32, ""temperature"": 24.31, ""AGL"": -0.07, ""velocity"": 0}, ""chute_state"": {""pyro1_state"": 0, ""pyro2_state"": 0}, ""connection_status"": {""connected"": true, ""has_ever_connected"": true, ""packet_age_ms"": 0, ""timeout_exceeded"": false, ""rssi"": -48}, ""communication_mode"": ""BEACON"", ""timestamp"": 70677, ""packets_received"": 231, ""kalman_data"": {""altitude"": 0, ""vertical_velocity"": 0}, ""kalman_altitude"": 0, ""kalman_vertical_velocity"": 0, ""pyroDrogue"": 0, ""pyroMain"": 0, ""pyro1_state"": 0, ""pyro2_state"": 0}"
1755811037.170486,2025-08-22T00:17:17.170486,2074,0,0,-0.07,-0.02,0.89,-4.4,-2.13,-6.13,4.57,2.53,0,0,0,78681,859.33,24.31,-0.15,0,0,0,0,-48,,,BEACON,"{""record_number"": 2074, ""operation_mode"": 0, ""state"": 0, ""battery_voltage"": 0, ""wifi_rssi"": -48, ""acc_data"": {""ax"": -0.07, ""ay"": -0.02, ""az"": 0.89, ""pitch"": -4.4, ""roll"": -2.13}, ""gyro_data"": {""gx"": -6.13, ""gy"": 4.57, ""gz"": 2.53}, ""gps_data"": {""latitude"": 0, ""longitude"": 0, ""gps_altitude"": 0, ""time"": 78681}, ""alt_data"": {""pressure"": 859.33, ""temperature"": 24.31, ""AGL"": -0.15, ""velocity"": 0}, ""chute_state"": {""pyro1_state"": 0, ""pyro2_state"": 0}, ""connection_status"": {""connected"": true, ""has_ever_connected"": true, ""packet_age_ms"": 0, ""timeout_exceeded"": false, ""rssi"": -48}, ""communication_mode"": ""BEACON"", ""timestamp"": 71053, ""packets_received"": 232, ""kalman_data"": {""altitude"": 0, ""vertical_velocity"": 0}, ""kalman_altitude"": 0, ""kalman_vertical_velocity"": 0, ""pyroDrogue"": 0, ""pyroMain"": 0, ""pyro1_state"": 0, ""pyro2_state"": 0}"
1755811038.342004,2025-08-22T00:17:18.342004,2082,0,0,-0.07,-0.03,0.9,-4.37,-1.72,-6.07,4.24,2.87,0,0,0,78893,859.32,24.31,-0.07,0,0,0,0,-48,,,BEACON,"{""record_number"": 2082, ""operation_mode"": 0, ""state"": 0, ""battery_voltage"": 0, ""wifi_rssi"": -48, ""acc_data"": {""ax"": -0.07, ""ay"": -0.03, ""az"": 0.9, ""pitch"": -4.37, ""roll"": -1.72}, ""gyro_data"": {""gx"": -6.07, ""gy"": 4.24, ""gz"": 2.87}, ""gps_data"": {""latitude"": 0, ""longitude"": 0, ""gps_altitude"": 0, ""time"": 78893}, ""alt_data"": {""pressure"": 859.32, ""temperature"": 24.31, ""AGL"": -0.07, ""velocity"": 0}, ""chute_state"": {""pyro1_state"": 0, ""pyro2_state"": 0}, ""connection_status"": {""connected"": true, ""has_ever_connected"": true, ""packet_age_ms"": 0, ""timeout_exceeded"": false, ""rssi"": -48}, ""communication_mode"": ""BEACON"", ""timestamp"": 71326, ""packets_received"": 233, ""kalman_data"": {""altitude"": 0, ""vertical_velocity"": 0}, ""kalman_altitude"": 0, ""kalman_vertical_velocity"": 0, ""pyroDrogue"": 0, ""pyroMain"": 0, ""pyro1_state"": 0, ""pyro2_state"": 0}"
1755811039.166515,2025-08-22T00:17:19.166515,2089,0,0,-0.07,-0.03,0.9,-4.09,-1.85,-6.34,4.02,3.26,0,0,0,79299,859.33,24.31,-0.22,0,0,0,0,-48,,,BEACON,"{""record_number"": 2089, ""operation_mode"": 0, ""state"": 0, ""battery_voltage"": 0, ""wifi_rssi"": -48, ""acc_data"": {""ax"": -0.07, ""ay"": -0.03, ""az"": 0.9, ""pitch"": -4.09, ""roll"": -1.85}, ""gyro_data"": {""gx"": -6.34, ""gy"": 4.02, ""gz"": 3.26}, ""gps_data"": {""latitude"": 0, ""longitude"": 0, ""gps_altitude"": 0, ""time"": 79299}, ""alt_data"": {""pressure"": 859.33, ""temperature"": 24.31, ""AGL"": -0.22, ""velocity"": 0}, ""chute_state"": {""pyro1_state"": 0, ""pyro2_state"": 0}, ""connection_status"": {""connected"": true, ""has_ever_connected"": true, ""packet_age_ms"": 0, ""timeout_exceeded"": false, ""rssi"": -48}, ""communication_mode"": ""BEACON"", ""timestamp"": 71591, ""packets_received"": 234, ""kalman_data"": {""altitude"": 0, ""vertical_velocity"": 0}, ""kalman_altitude"": 0, ""kalman_vertical_velocity"": 0, ""pyroDrogue"": 0, ""pyroMain"": 0, ""pyro1_state"": 0, ""pyro2_state"": 0}"
1755811039.388073,2025-08-22T00:17:19.388073,2097,0,0,-0.07,-0.03,0.91,-4.15,-1.87,-5.91,4.48,3.05,0,0,0,79501,859.32,24.32,-0.12,0,0,0,0,-48,,,BEACON,"{""record_number"": 2097, ""operation_mode"": 0, ""state"": 0, ""battery_voltage"": 0, ""wifi_rssi"": -48, ""acc_data"": {""ax"": -0.07, ""ay"": -0.03, ""az"": 0.91, ""pitch"": -4.15, ""roll"": -1.87}, ""gyro_data"": {""gx"": -5.91, ""gy"": 4.48, ""gz"": 3.05}, ""gps_data"": {""latitude"": 0, ""longitude"": 0, ""gps_altitude"": 0, ""time"": 79501}, ""alt_data"": {""pressure"": 859.32, ""temperature"": 24.32, ""AGL"": -0.12, ""velocity"": 0}, ""chute_state"": {""pyro1_state"": 0, ""pyro2_state"": 0}, ""connection_status"": {""connected"": true, ""has_ever_connected"": true, ""packet_age_ms"": 1, ""timeout_exceeded"": false, ""rssi"": -48}, ""communication_mode"": ""BEACON"", ""timestamp"": 71864, ""packets_received"": 235, ""kalman_data"": {""altitude"": 0, ""vertical_velocity"": 0}, ""kalman_altitude"": 0, ""kalman_vertical_velocity"": 0, ""pyroDrogue"": 0, ""pyroMain"": 0, ""pyro1_state"": 0, ""pyro2_state"": 0}"
1755811039.515938,2025-08-22T00:17:19.515938,2105,0,0,-0.08,-0.03,0.88,-4.34,-1.95,-5.43,3.23,2.62,0,0,0,79712,859.34,24.32,-0.26,0,0,0,0,-48,,,BEACON,"{""record_number"": 2105, ""operation_mode"": 0, ""state"": 0, ""battery_voltage"": 0, ""wifi_rssi"": -48, ""acc_data"": {""ax"": -0.08, ""ay"": -0.03, ""az"": 0.88, ""pitch"": -4.34, ""roll"": -1.95}, ""gyro_data"": {""gx"": -5.43, ""gy"": 3.23, ""gz"": 2.62}, ""gps_data"": {""latitude"": 0, ""longitude"": 0, ""gps_altitude"": 0, ""time"": 79712}, ""alt_data"": {""pressure"": 859.34, ""temperature"": 24.32, ""AGL"": -0.26, ""velocity"": 0}, ""chute_state"": {""pyro1_state"": 0, ""pyro2_state"": 0}, ""connection_status"": {""connected"": true, ""has_ever_connected"": true, ""packet_age_ms"": 1, ""timeout_exceeded"": false, ""rssi"": -48}, ""communication_mode"": ""BEACON"", ""timestamp"": 72150, ""packets_received"": 236, ""kalman_data"": {""altitude"": 0, ""vertical_velocity"": 0}, ""kalman_altitude"": 0, ""kalman_vertical_velocity"": 0, ""pyroDrogue"": 0, ""pyroMain"": 0, ""pyro1_state"": 0, ""pyro2_state"": 0}"
1755811039.674491,2025-08-22T00:17:19.674491,2115,0,0,-0.07,-0.03,0.9,-4.43,-2.36,-5.76,2.35,3.2,0,0,0,80127,859.37,24.32,-0.55,0,0,0,0,-48,,,BEACON,"{""record_number"": 2115, ""operation_mode"": 0, ""state"": 0, ""battery_voltage"": 0, ""wifi_rssi"": -48, ""acc_data"": {""ax"": -0.07, ""ay"": -0.03, ""az"": 0.9, ""pitch"": -4.43, ""roll"": -2.36}, ""gyro_data"": {""gx"": -5.76, ""gy"": 2.35, ""gz"": 3.2}, ""gps_data"": {""latitude"": 0, ""longitude"": 0, ""gps_altitude"": 0, ""time"": 80127}, ""alt_data"": {""pressure"": 859.37, ""temperature"": 24.32, ""AGL"": -0.55, ""velocity"": 0}, ""chute_state"": {""pyro1_state"": 0, ""pyro2_state"": 0}, ""connection_status"": {""connected"": true, ""has_ever_connected"": true, ""packet_age_ms"": 0, ""timeout_exceeded"": false, ""rssi"": -48}, ""communication_mode"": ""BEACON"", ""timestamp"": 72419, ""packets_received"": 237, ""kalman_data"": {""altitude"": 0, ""vertical_velocity"": 0}, ""kalman_altitude"": 0, ""kalman_vertical_velocity"": 0, ""pyroDrogue"": 0, ""pyroMain"": 0, ""pyro1_state"": 0, ""pyro2_state"": 0}"
1755811039.974336,2025-08-22T00:17:19.974336,2123,0,0,-0.08,-0.03,0.9,-3.81,-0.83,-6.31,4.97,2.84,0,0,0,80329,859.34,24.32,-0.26,0,0,0,0,-49,,,BEACON,"{""record_number"": 2123, ""operation_mode"": 0, ""state"": 0, ""battery_voltage"": 0, ""wifi_rssi"": -49, ""acc_data"": {""ax"": -0.08, ""ay"": -0.03, ""az"": 0.9, ""pitch"": -3.81, ""roll"": -0.83}, ""gyro_data"": {""gx"": -6.31, ""gy"": 4.97, ""gz"": 2.84}, ""gps_data"": {""latitude"": 0, ""longitude"": 0, ""gps_altitude"": 0, ""time"": 80329}, ""alt_data"": {""pressure"": 859.34, ""temperature"": 24.32, ""AGL"": -0.26, ""velocity"": 0}, ""chute_state"": {""pyro1_state"": 0, ""pyro2_state"": 0}, ""connection_status"": {""connected"": true, ""has_ever_connected"": true, ""packet_age_ms"": 1, ""timeout_exceeded"": false, ""rssi"": -49}, ""communication_mode"": ""BEACON"", ""timestamp"": 72795, ""packets_received"": 238, ""kalman_data"": {""altitude"": 0, ""vertical_velocity"": 0}, ""kalman_altitude"": 0, ""kalman_vertical_velocity"": 0, ""pyroDrogue"": 0, ""pyroMain"": 0, ""pyro1_state"": 0, ""pyro2_state"": 0}"
1755811040.179662,2025-08-22T00:17:20.179662,2131,0,0,-0.07,-0.03,0.9,-4.74,-1.74,-7.62,6.31,2.8,0,0,0,80738,859.37,24.32,-0.59,0,0,0,0,-48,,,BEACON,"{""record_number"": 2131, ""operation_mode"": 0, ""state"": 0, ""battery_voltage"": 0, ""wifi_rssi"": -48, ""acc_data"": {""ax"": -0.07, ""ay"": -0.03, ""az"": 0.9, ""pitch"": -4.74, ""roll"": -1.74}, ""gyro_data"": {""gx"": -7.62, ""gy"": 6.31, ""gz"": 2.8}, ""gps_data"": {""latitude"": 0, ""longitude"": 0, ""gps_altitude"": 0, ""time"": 80738}, ""alt_data"": {""pressure"": 859.37, ""temperature"": 24.32, ""AGL"": -0.59, ""velocity"": 0}, ""chute_state"": {""pyro1_state"": 0, ""pyro2_state"": 0}, ""connection_status"": {""connected"": true, ""has_ever_connected"": true, ""packet_age_ms"": 1, ""timeout_exceeded"": false, ""rssi"": -48}, ""communication_mode"": ""BEACON"", ""timestamp"": 73078, ""packets_received"": 239, ""kalman_data"": {""altitude"": 0, ""vertical_velocity"": 0}, ""kalman_altitude"": 0, ""kalman_vertical_velocity"": 0, ""pyroDrogue"": 0, ""pyroMain"": 0, ""pyro1_state"": 0, ""pyro2_state"": 0}"
1755811040.688629,2025-08-22T00:17:20.688629,2138,0,0,-0.08,-0.02,0.9,-4.09,-1.98,-6.28,2.44,3.11,0,0,0,80950,859.37,24.32,-0.55,0,0,0,0,-49,,,BEACON,"{""record_number"": 2138, ""operation_mode"": 0, ""state"": 0, ""battery_voltage"": 0, ""wifi_rssi"": -49, ""acc_data"": {""ax"": -0.08, ""ay"": -0.02, ""az"": 0.9, ""pitch"": -4.09, ""roll"": -1.98}, ""gyro_data"": {""gx"": -6.28, ""gy"": 2.44, ""gz"": 3.11}, ""gps_data"": {""latitude"": 0, ""longitude"": 0, ""gps_altitude"": 0, ""time"": 80950}, ""alt_data"": {""pressure"": 859.37, ""temperature"": 24.32, ""AGL"": -0.55, ""velocity"": 0}, ""chute_state"": {""pyro1_state"": 0, ""pyro2_state"": 0}, ""connection_status"": {""connected"": true, ""has_ever_connected"": true, ""packet_age_ms"": 0, ""timeout_exceeded"": false, ""rssi"": -49}, ""communication_mode"": ""BEACON"", ""timestamp"": 73342, ""packets_received"": 240, ""kalman_data"": {""altitude"": 0, ""vertical_velocity"": 0}, ""kalman_altitude"": 0, ""kalman_vertical_velocity"": 0, ""pyroDrogue"": 0, ""pyroMain"": 0, ""pyro1_state"": 0, ""pyro2_state"": 0}"
1755811040.949664,2025-08-22T00:17:20.949664,2146,0,0,-0.08,-0.03,0.89,-4.43,-1.53,-5.79,4.05,2.59,0,0,0,81349,859.37,24.32,-0.59,0,0,0,0,-48,,,BEACON,"{""record_number"": 2146, ""operation_mode"": 0, ""state"": 0, ""battery_voltage"": 0, ""wifi_rssi"": -48, ""acc_data"": {""ax"": -0.08, ""ay"": -0.03, ""az"": 0.89, ""pitch"": -4.43, ""roll"": -1.53}, ""gyro_data"": {""gx"": -5.79, ""gy"": 4.05, ""gz"": 2.59}, ""gps_data"": {""latitude"": 0, ""longitude"": 0, ""gps_altitude"": 0, ""time"": 81349}, ""alt_data"": {""pressure"": 859.37, ""temperature"": 24.32, ""AGL"": -0.59, ""velocity"": 0}, ""chute_state"": {""pyro1_state"": 0, ""pyro2_state"": 0}, ""connection_status"": {""connected"": true, ""has_ever_connected"": true, ""packet_age_ms"": 1, ""timeout_exceeded"": false, ""rssi"": -48}, ""communication_mode"": ""BEACON"", ""timestamp"": 73608, ""packets_received"": 241, ""kalman_data"": {""altitude"": 0, ""vertical_velocity"": 0}, ""kalman_altitude"": 0, ""kalman_vertical_velocity"": 0, ""pyroDrogue"": 0, ""pyroMain"": 0, ""pyro1_state"": 0, ""pyro2_state"": 0}"
1755811041.123408,2025-08-22T00:17:21.123408,2153,0,0,-0.07,-0.03,0.9,-4.15,-1.62,-6.16,3.93,2.77,0,0,0,81552,859.36,24.32,-0.45,0,0,0,0,-48,,,BEACON,"{""record_number"": 2153, ""operation_mode"": 0, ""state"": 0, ""battery_voltage"": 0, ""wifi_rssi"": -48, ""acc_data"": {""ax"": -0.07, ""ay"": -0.03, ""az"": 0.9, ""pitch"": -4.15, ""roll"": -1.62}, ""gyro_data"": {""gx"": -6.16, ""gy"": 3.93, ""gz"": 2.77}, ""gps_data"": {""latitude"": 0, ""longitude"": 0, ""gps_altitude"": 0, ""time"": 81552}, ""alt_data"": {""pressure"": 859.36, ""temperature"": 24.32, ""AGL"": -0.45, ""velocity"": 0}, ""chute_state"": {""pyro1_state"": 0, ""pyro2_state"": 0}, ""connection_status"": {""connected"": true, ""has_ever_connected"": true, ""packet_age_ms"": 0, ""timeout_exceeded"": false, ""rssi"": -48}, ""communication_mode"": ""BEACON"", ""timestamp"": 73880, ""packets_received"": 242, ""kalman_data"": {""altitude"": 0, ""vertical_velocity"": 0}, ""kalman_altitude"": 0, ""kalman_vertical_velocity"": 0, ""pyroDrogue"": 0, ""pyroMain"": 0, ""pyro1_state"": 0, ""pyro2_state"": 0}"
1755811041.224064,2025-08-22T00:17:21.224064,2163,0,0,-0.07,-0.03,0.89,-4.29,-1.72,-5.3,2.99,3.11,0,0,0,81764,859.34,24.32,-0.3,0,0,0,0,-48,,,BEACON,"{""record_number"": 2163, ""operation_mode"": 0, ""state"": 0, ""battery_voltage"": 0, ""wifi_rssi"": -48, ""acc_data"": {""ax"": -0.07, ""ay"": -0.03, ""az"": 0.89, ""pitch"": -4.29, ""roll"": -1.72}, ""gyro_data"": {""gx"": -5.3, ""gy"": 2.99, ""gz"": 3.11}, ""gps_data"": {""latitude"": 0, ""longitude"": 0, ""gps_altitude"": 0, ""time"": 81764}, ""alt_data"": {""pressure"": 859.34, ""temperature"": 24.32, ""AGL"": -0.3, ""velocity"": 0}, ""chute_state"": {""pyro1_state"": 0, ""pyro2_state"": 0}, ""connection_status"": {""connected"": true, ""has_ever_connected"": true, ""packet_age_ms"": 0, ""timeout_exceeded"": false, ""rssi"": -48}, ""communication_mode"": ""BEACON"", ""timestamp"": 74152, ""packets_received"": 243, ""kalman_data"": {""altitude"": 0, ""vertical_velocity"": 0}, ""kalman_altitude"": 0, ""kalman_vertical_velocity"": 0, ""pyroDrogue"": 0, ""pyroMain"": 0, ""pyro1_state"": 0, ""pyro2_state"": 0}"
1755811041.336346,2025-08-22T00:17:21.336346,2170,0,0,-0.08,-0.03,0.9,-4.51,-1.99,-6.4,3.96,3.54,0,0,0,82175,859.33,24.32,-0.19,0,0,0,0,-48,,,BEACON,"{""record_number"": 2170, ""operation_mode"": 0, ""state"": 0, ""battery_voltage"": 0, ""wifi_rssi"": -48, ""acc_data"": {""ax"": -0.08, ""ay"": -0.03, ""az"": 0.9, ""pitch"": -4.51, ""roll"": -1.99}, ""gyro_data"": {""gx"": -6.4, ""gy"": 3.96, ""gz"": 3.54}, ""gps_data"": {""latitude"": 0, ""longitude"": 0, ""gps_altitude"": 0, ""time"": 82175}, ""alt_data"": {""pressure"": 859.33, ""temperature"": 24.32, ""AGL"": -0.19, ""velocity"": 0}, ""chute_state"": {""pyro1_state"": 0, ""pyro2_state"": 0}, ""connection_status"": {""connected"": true, ""has_ever_connected"": true, ""packet_age_ms"": 0, ""timeout_exceeded"": false, ""rssi"": -48}, ""communication_mode"": ""BEACON"", ""timestamp"": 74417, ""packets_received"": 244, ""kalman_data"": {""altitude"": 0, ""vertical_velocity"": 0}, ""kalman_altitude"": 0, ""kalman_vertical_velocity"": 0, ""pyroDrogue"": 0, ""pyroMain"": 0, ""pyro1_state"": 0, ""pyro2_state"": 0}"
1755811041.43651,2025-08-22T00:17:21.436510,2178,0,0,-0.08,-0.03,0.9,-4.31,-1.75,-6.4,3.35,3.32,0,0,0,82375,859.32,24.32,-0.08,0,0,0,0,-48,,,BEACON,"{""record_number"": 2178, ""operation_mode"": 0, ""state"": 0, ""battery_voltage"": 0, ""wifi_rssi"": -48, ""acc_data"": {""ax"": -0.08, ""ay"": -0.03, ""az"": 0.9, ""pitch"": -4.31, ""roll"": -1.75}, ""gyro_data"": {""gx"": -6.4, ""gy"": 3.35, ""gz"": 3.32}, ""gps_data"": {""latitude"": 0, ""longitude"": 0, ""gps_altitude"": 0, ""time"": 82375}, ""alt_data"": {""pressure"": 859.32, ""temperature"": 24.32, ""AGL"": -0.08, ""velocity"": 0}, ""chute_state"": {""pyro1_state"": 0, ""pyro2_state"": 0}, ""connection_status"": {""connected"": true, ""has_ever_connected"": true, ""packet_age_ms"": 1, ""timeout_exceeded"": false, ""rssi"": -48}, ""communication_mode"": ""BEACON"", ""timestamp"": 74798, ""packets_received"": 245, ""kalman_data"": {""altitude"": 0, ""vertical_velocity"": 0}, ""kalman_altitude"": 0, ""kalman_vertical_velocity"": 0, ""pyroDrogue"": 0, ""pyroMain"": 0, ""pyro1_state"": 0, ""pyro2_state"": 0}"
1755811041.531681,2025-08-22T00:17:21.531681,2186,0,0,-0.07,-0.03,0.9,-4.65,-2.07,-6.25,4.76,3.26,0,0,0,82787,859.31,24.32,-0.01,0,0,0,0,-48,,,BEACON,"{""record_number"": 2186, ""operation_mode"": 0, ""state"": 0, ""battery_voltage"": 0, ""wifi_rssi"": -48, ""acc_data"": {""ax"": -0.07, ""ay"": -0.03, ""az"": 0.9, ""pitch"": -4.65, ""roll"": -2.07}, ""gyro_data"": {""gx"": -6.25, ""gy"": 4.76, ""gz"": 3.26}, ""gps_data"": {""latitude"": 0, ""longitude"": 0, ""gps_altitude"": 0, ""time"": 82787}, ""alt_data"": {""pressure"": 859.31, ""temperature"": 24.32, ""AGL"": -0.01, ""velocity"": 0}, ""chute_state"": {""pyro1_state"": 0, ""pyro2_state"": 0}, ""connection_status"": {""connected"": true, ""has_ever_connected"": true, ""packet_age_ms"": 0, ""timeout_exceeded"": false, ""rssi"": -48}, ""communication_mode"": ""BEACON"", ""timestamp"": 75063, ""packets_received"": 246, ""kalman_data"": {""altitude"": 0, ""vertical_velocity"": 0}, ""kalman_altitude"": 0, ""kalman_vertical_velocity"": 0, ""pyroDrogue"": 0, ""pyroMain"": 0, ""pyro1_state"": 0, ""pyro2_state"": 0}"
1755811041.609176,2025-08-22T00:17:21.609176,2194,0,0,-0.07,-0.03,0.91,-4.01,-1.56,-7.16,4.7,3.02,0,0,0,82992,859.35,24.32,-0.34,0,0,0,0,-48,,,BEACON,"{""record_number"": 2194, ""operation_mode"": 0, ""state"": 0, ""battery_voltage"": 0, ""wifi_rssi"": -48, ""acc_data"": {""ax"": -0.07, ""ay"": -0.03, ""az"": 0.91, ""pitch"": -4.01, ""roll"": -1.56}, ""gyro_data"": {""gx"": -7.16, ""gy"": 4.7, ""gz"": 3.02}, ""gps_data"": {""latitude"": 0, ""longitude"": 0, ""gps_altitude"": 0, ""time"": 82992}, ""alt_data"": {""pressure"": 859.35, ""temperature"": 24.32, ""AGL"": -0.34, ""velocity"": 0}, ""chute_state"": {""pyro1_state"": 0, ""pyro2_state"": 0}, ""connection_status"": {""connected"": true, ""has_ever_connected"": true, ""packet_age_ms"": 1, ""timeout_exceeded"": false, ""rssi"": -48}, ""communication_mode"": ""BEACON"", ""timestamp"": 75335, ""packets_received"": 247, ""kalman_data"": {""altitude"": 0, ""vertical_velocity"": 0}, ""kalman_altitude"": 0, ""kalman_vertical_velocity"": 0, ""pyroDrogue"": 0, ""pyroMain"": 0, ""pyro1_state"": 0, ""pyro2_state"": 0}"
1755811041.7016,2025-08-22T00:17:21.701600,2201,0,0,-0.07,-0.03,0.91,-4.06,-1.56,-5.95,3.29,2.32,0,0,0,83192,859.32,24.33,-0.13,0,0,0,0,-48,,,BEACON,"{""record_number"": 2201, ""operation_mode"": 0, ""state"": 0, ""battery_voltage"": 0, ""wifi_rssi"": -48, ""acc_data"": {""ax"": -0.07, ""ay"": -0.03, ""az"": 0.91, ""pitch"": -4.06, ""roll"": -1.56}, ""gyro_data"": {""gx"": -5.95, ""gy"": 3.29, ""gz"": 2.32}, ""gps_data"": {""latitude"": 0, ""longitude"": 0, ""gps_altitude"": 0, ""time"": 83192}, ""alt_data"": {""pressure"": 859.32, ""temperature"": 24.33, ""AGL"": -0.13, ""velocity"": 0}, ""chute_state"": {""pyro1_state"": 0, ""pyro2_state"": 0}, ""connection_status"": {""connected"": true, ""has_ever_connected"": true, ""packet_age_ms"": 0, ""timeout_exceeded"": false, ""rssi"": -48}, ""communication_mode"": ""BEACON"", ""timestamp"": 75600, ""packets_received"": 248, ""kalman_data"": {""altitude"": 0, ""vertical_velocity"": 0}, ""kalman_altitude"": 0, ""kalman_vertical_velocity"": 0, ""pyroDrogue"": 0, ""pyroMain"": 0, ""pyro1_state"": 0, ""pyro2_state"": 0}"
1755811041.853957,2025-08-22T00:17:21.853957,2212,0,0,-0.07,-0.03,0.88,-3.87,-2.42,-6.37,0.61,4.45,0,0,0,83595,859.32,24.32,-0.04,0,0,0,0,-48,,,BEACON,"{""record_number"": 2212, ""operation_mode"": 0, ""state"": 0, ""battery_voltage"": 0, ""wifi_rssi"": -48, ""acc_data"": {""ax"": -0.07, ""ay"": -0.03, ""az"": 0.88, ""pitch"": -3.87, ""roll"": -2.42}, ""gyro_data"": {""gx"": -6.37, ""gy"": 0.61, ""gz"": 4.45}, ""gps_data"": {""latitude"": 0, ""longitude"": 0, ""gps_altitude"": 0, ""time"": 83595}, ""alt_data"": {""pressure"": 859.32, ""temperature"": 24.32, ""AGL"": -0.04, ""velocity"": 0}, ""chute_state"": {""pyro1_state"": 0, ""pyro2_state"": 0}, ""connection_status"": {""connected"": true, ""has_ever_connected"": true, ""packet_age_ms"": 0, ""timeout_exceeded"": false, ""rssi"": -48}, ""communication_mode"": ""BEACON"", ""timestamp"": 75865, ""packets_received"": 249, ""kalman_data"": {""altitude"": 0, ""vertical_velocity"": 0}, ""kalman_altitude"": 0, ""kalman_vertical_velocity"": 0, ""pyroDrogue"": 0, ""pyroMain"": 0, ""pyro1_state"": 0, ""pyro2_state"": 0}"
1755811042.030308,2025-08-22T00:17:22.030308,2220,0,0,-0.09,-0.06,0.92,-4.37,-2.59,-2.47,-4.18,3.75,0,0,0,83800,859.35,24.32,-0.34,0,0,0,0,-48,,,BEACON,"{""record_number"": 2220, ""operation_mode"": 0, ""state"": 0, ""battery_voltage"": 0, ""wifi_rssi"": -48, ""acc_data"": {""ax"": -0.09, ""ay"": -0.06, ""az"": 0.92, ""pitch"": -4.37, ""roll"": -2.59}, ""gyro_data"": {""gx"": -2.47, ""gy"": -4.18, ""gz"": 3.75}, ""gps_data"": {""latitude"": 0, ""longitude"": 0, ""gps_altitude"": 0, ""time"": 83800}, ""alt_data"": {""pressure"": 859.35, ""temperature"": 24.32, ""AGL"": -0.34, ""velocity"": 0}, ""chute_state"": {""pyro1_state"": 0, ""pyro2_state"": 0}, ""connection_status"": {""connected"": true, ""has_ever_connected"": true, ""packet_age_ms"": 0, ""timeout_exceeded"": false, ""rssi"": -48}, ""communication_mode"": ""BEACON"", ""timestamp"": 76135, ""packets_received"": 250, ""kalman_data"": {""altitude"": 0, ""vertical_velocity"": 0}, ""kalman_altitude"": 0, ""kalman_vertical_velocity"": 0, ""pyroDrogue"": 0, ""pyroMain"": 0, ""pyro1_state"": 0, ""pyro2_state"": 0}"
1755811042.241462,2025-08-22T00:17:22.241462,2228,0,0,-0.08,-0.02,0.89,-4.17,-2.19,-6.43,3.23,3.2,0,0,0,84009,859.29,24.33,0.24,0,0,0,0,-48,,,BEACON,"{""record_number"": 2228, ""operation_mode"": 0, ""state"": 0, ""battery_voltage"": 0, ""wifi_rssi"": -48, ""acc_data"": {""ax"": -0.08, ""ay"": -0.02, ""az"": 0.89, ""pitch"": -4.17, ""roll"": -2.19}, ""gyro_data"": {""gx"": -6.43, ""gy"": 3.23, ""gz"": 3.2}, ""gps_data"": {""latitude"": 0, ""longitude"": 0, ""gps_altitude"": 0, ""time"": 84009}, ""alt_data"": {""pressure"": 859.29, ""temperature"": 24.33, ""AGL"": 0.24, ""velocity"": 0}, ""chute_state"": {""pyro1_state"": 0, ""pyro2_state"": 0}, ""connection_status"": {""connected"": true, ""has_ever_connected"": true, ""packet_age_ms"": 0, ""timeout_exceeded"": false, ""rssi"": -48}, ""communication_mode"": ""BEACON"", ""timestamp"": 76513, ""packets_received"": 251, ""kalman_data"": {""altitude"": 0, ""vertical_velocity"": 0}, ""kalman_altitude"": 0, ""kalman_vertical_velocity"": 0, ""pyroDrogue"": 0, ""pyroMain"": 0, ""pyro1_state"": 0, ""pyro2_state"": 0}"
1755811042.373991,2025-08-22T00:17:22.373991,2235,0,0,-0.08,-0.03,0.91,-4.4,-1.97,-5.95,3.05,2.96,0,0,0,84410,859.3,24.33,0.13,0,0,0,0,-47,,,BEACON,"{""record_number"": 2235, ""operation_mode"": 0, ""state"": 0, ""battery_voltage"": 0, ""wifi_rssi"": -47, ""acc_data"": {""ax"": -0.08, ""ay"": -0.03, ""az"": 0.91, ""pitch"": -4.4, ""roll"": -1.97}, ""gyro_data"": {""gx"": -5.95, ""gy"": 3.05, ""gz"": 2.96}, ""gps_data"": {""latitude"": 0, ""longitude"": 0, ""gps_altitude"": 0, ""time"": 84410}, ""alt_data"": {""pressure"": 859.3, ""temperature"": 24.33, ""AGL"": 0.13, ""velocity"": 0}, ""chute_state"": {""pyro1_state"": 0, ""pyro2_state"": 0}, ""connection_status"": {""connected"": true, ""has_ever_connected"": true, ""packet_age_ms"": 0, ""timeout_exceeded"": false, ""rssi"": -47}, ""communication_mode"": ""BEACON"", ""timestamp"": 76782, ""packets_received"": 252, ""kalman_data"": {""altitude"": 0, ""vertical_velocity"": 0}, ""kalman_altitude"": 0, ""kalman_vertical_velocity"": 0, ""pyroDrogue"": 0, ""pyroMain"": 0, ""pyro1_state"": 0, ""pyro2_state"": 0}"
1755811042.481994,2025-08-22T00:17:22.481994,2243,0,0,-0.07,-0.03,0.9,-4.48,-1.93,-6.37,3.05,2.68,0,0,0,84618,859.38,24.34,-0.65,0,0,0,0,-49,,,BEACON,"{""record_number"": 2243, ""operation_mode"": 0, ""state"": 0, ""battery_voltage"": 0, ""wifi_rssi"": -49, ""acc_data"": {""ax"": -0.07, ""ay"": -0.03, ""az"": 0.9, ""pitch"": -4.48, ""roll"": -1.93}, ""gyro_data"": {""gx"": -6.37, ""gy"": 3.05, ""gz"": 2.68}, ""gps_data"": {""latitude"": 0, ""longitude"": 0, ""gps_altitude"": 0, ""time"": 84618}, ""alt_data"": {""pressure"": 859.38, ""temperature"": 24.34, ""AGL"": -0.65, ""velocity"": 0}, ""chute_state"": {""pyro1_state"": 0, ""pyro2_state"": 0}, ""connection_status"": {""connected"": true, ""has_ever_connected"": true, ""packet_age_ms"": 1, ""timeout_exceeded"": false, ""rssi"": -49}, ""communication_mode"": ""BEACON"", ""timestamp"": 77055, ""packets_received"": 253, ""kalman_data"": {""altitude"": 0, ""vertical_velocity"": 0}, ""kalman_altitude"": 0, ""kalman_vertical_velocity"": 0, ""pyroDrogue"": 0, ""pyroMain"": 0, ""pyro1_state"": 0, ""pyro2_state"": 0}"
1755811042.61499,2025-08-22T00:17:22.614990,2251,0,0,-0.08,-0.03,0.9,-4.06,-1.61,-6.13,3.84,3.26,0,0,0,85035,859.36,24.34,-0.5,0,0,0,0,-48,,,BEACON,"{""record_number"": 2251, ""operation_mode"": 0, ""state"": 0, ""battery_voltage"": 0, ""wifi_rssi"": -48, ""acc_data"": {""ax"": -0.08, ""ay"": -0.03, ""az"": 0.9, ""pitch"": -4.06, ""roll"": -1.61}, ""gyro_data"": {""gx"": -6.13, ""gy"": 3.84, ""gz"": 3.26}, ""gps_data"": {""latitude"": 0, ""longitude"": 0, ""gps_altitude"": 0, ""time"": 85035}, ""alt_data"": {""pressure"": 859.36, ""temperature"": 24.34, ""AGL"": -0.5, ""velocity"": 0}, ""chute_state"": {""pyro1_state"": 0, ""pyro2_state"": 0}, ""connection_status"": {""connected"": true, ""has_ever_connected"": true, ""packet_age_ms"": 0, ""timeout_exceeded"": false, ""rssi"": -48}, ""communication_mode"": ""BEACON"", ""timestamp"": 77321, ""packets_received"": 254, ""kalman_data"": {""altitude"": 0, ""vertical_velocity"": 0}, ""kalman_altitude"": 0, ""kalman_vertical_velocity"": 0, ""pyroDrogue"": 0, ""pyroMain"": 0, ""pyro1_state"": 0, ""pyro2_state"": 0}"
1755811042.918204,2025-08-22T00:17:22.918204,2258,0,0,-0.07,-0.03,0.9,-4.17,-1.52,-5.79,3.78,3.35,0,0,0,85236,859.33,24.33,-0.2,0,0,0,0,-48,,,BEACON,"{""record_number"": 2258, ""operation_mode"": 0, ""state"": 0, ""battery_voltage"": 0, ""wifi_rssi"": -48, ""acc_data"": {""ax"": -0.07, ""ay"": -0.03, ""az"": 0.9, ""pitch"": -4.17, ""roll"": -1.52}, ""gyro_data"": {""gx"": -5.79, ""gy"": 3.78, ""gz"": 3.35}, ""gps_data"": {""latitude"": 0, ""longitude"": 0, ""gps_altitude"": 0, ""time"": 85236}, ""alt_data"": {""pressure"": 859.33, ""temperature"": 24.33, ""AGL"": -0.2, ""velocity"": 0}, ""chute_state"": {""pyro1_state"": 0, ""pyro2_state"": 0}, ""connection_status"": {""connected"": true, ""has_ever_connected"": true, ""packet_age_ms"": 0, ""timeout_exceeded"": false, ""rssi"": -48}, ""communication_mode"": ""BEACON"", ""timestamp"": 77589, ""packets_received"": 255, ""kalman_data"": {""altitude"": 0, ""vertical_velocity"": 0}, ""kalman_altitude"": 0, ""kalman_vertical_velocity"": 0, ""pyroDrogue"": 0, ""pyroMain"": 0, ""pyro1_state"": 0, ""pyro2_state"": 0}"
1755811043.575141,2025-08-22T00:17:23.575141,2269,0,0,-0.08,-0.03,0.9,-3.95,-2.24,-6.4,3.11,3.54,0,0,0,85437,859.31,24.32,0.06,0,0,0,0,-48,,,BEACON,"{""record_number"": 2269, ""operation_mode"": 0, ""state"": 0, ""battery_voltage"": 0, ""wifi_rssi"": -48, ""acc_data"": {""ax"": -0.08, ""ay"": -0.03, ""az"": 0.9, ""pitch"": -3.95, ""roll"": -2.24}, ""gyro_data"": {""gx"": -6.4, ""gy"": 3.11, ""gz"": 3.54}, ""gps_data"": {""latitude"": 0, ""longitude"": 0, ""gps_altitude"": 0, ""time"": 85437}, ""alt_data"": {""pressure"": 859.31, ""temperature"": 24.32, ""AGL"": 0.06, ""velocity"": 0}, ""chute_state"": {""pyro1_state"": 0, ""pyro2_state"": 0}, ""connection_status"": {""connected"": true, ""has_ever_connected"": true, ""packet_age_ms"": 0, ""timeout_exceeded"": false, ""rssi"": -48}, ""communication_mode"": ""BEACON"", ""timestamp"": 77861, ""packets_received"": 256, ""kalman_data"": {""altitude"": 0, ""vertical_velocity"": 0}, ""kalman_altitude"": 0, ""kalman_vertical_velocity"": 0, ""pyroDrogue"": 0, ""pyroMain"": 0, ""pyro1_state"": 0, ""pyro2_state"": 0}"
1755811043.941134,2025-08-22T00:17:23.941134,2276,0,0,-0.07,-0.03,0.9,-4.51,-1.84,-6.59,3.78,2.32,0,0,0,85850,859.36,24.34,-0.46,0,0,0,0,-48,,,BEACON,"{""record_number"": 2276, ""operation_mode"": 0, ""state"": 0, ""battery_voltage"": 0, ""wifi_rssi"": -48, ""acc_data"": {""ax"": -0.07, ""ay"": -0.03, ""az"": 0.9, ""pitch"": -4.51, ""roll"": -1.84}, ""gyro_data"": {""gx"": -6.59, ""gy"": 3.78, ""gz"": 2.32}, ""gps_data"": {""latitude"": 0, ""longitude"": 0, ""gps_altitude"": 0, ""time"": 85850}, ""alt_data"": {""pressure"": 859.36, ""temperature"": 24.34, ""AGL"": -0.46, ""velocity"": 0}, ""chute_state"": {""pyro1_state"": 0, ""pyro2_state"": 0}, ""connection_status"": {""connected"": true, ""has_ever_connected"": true, ""packet_age_ms"": 1, ""timeout_exceeded"": false, ""rssi"": -48}, ""communication_mode"": ""BEACON"", ""timestamp"": 78241, ""packets_received"": 257, ""kalman_data"": {""altitude"": 0, ""vertical_velocity"": 0}, ""kalman_altitude"": 0, ""kalman_vertical_velocity"": 0, ""pyroDrogue"": 0, ""pyroMain"": 0, ""pyro1_state"": 0, ""pyro2_state"": 0}"
1755811044.091424,2025-08-22T00:17:24.091424,2284,0,0,-0.07,-0.03,0.9,-4.62,-1.72,-7.04,4.36,2.47,0,0,0,86256,859.31,24.34,0.05,0,0,0,0,-48,,,BEACON,"{""record_number"": 2284, ""operation_mode"": 0, ""state"": 0, ""battery_voltage"": 0, ""wifi_rssi"": -48, ""acc_data"": {""ax"": -0.07, ""ay"": -0.03, ""az"": 0.9, ""pitch"": -4.62, ""roll"": -1.72}, ""gyro_data"": {""gx"": -7.04, ""gy"": 4.36, ""gz"": 2.47}, ""gps_data"": {""latitude"": 0, ""longitude"": 0, ""gps_altitude"": 0, ""time"": 86256}, ""alt_data"": {""pressure"": 859.31, ""temperature"": 24.34, ""AGL"": 0.05, ""velocity"": 0}, ""chute_state"": {""pyro1_state"": 0, ""pyro2_state"": 0}, ""connection_status"": {""connected"": true, ""has_ever_connected"": true, ""packet_age_ms"": 0, ""timeout_exceeded"": false, ""rssi"": -48}, ""communication_mode"": ""BEACON"", ""timestamp"": 78507, ""packets_received"": 258, ""kalman_data"": {""altitude"": 0, ""vertical_velocity"": 0}, ""kalman_altitude"": 0, ""kalman_vertical_velocity"": 0, ""pyroDrogue"": 0, ""pyroMain"": 0, ""pyro1_state"": 0, ""pyro2_state"": 0}"
1755811044.191597,2025-08-22T00:17:24.191597,2291,0,0,-0.08,-0.03,0.9,-4.26,-1.87,-5.64,2.87,3.29,0,0,0,86456,859.32,24.34,-0.1,0,0,0,0,-48,,,BEACON,"{""record_number"": 2291, ""operation_mode"": 0, ""state"": 0, ""battery_voltage"": 0, ""wifi_rssi"": -48, ""acc_data"": {""ax"": -0.08, ""ay"": -0.03, ""az"": 0.9, ""pitch"": -4.26, ""roll"": -1.87}, ""gyro_data"": {""gx"": -5.64, ""gy"": 2.87, ""gz"": 3.29}, ""gps_data"": {""latitude"": 0, ""longitude"": 0, ""gps_altitude"": 0, ""time"": 86456}, ""alt_data"": {""pressure"": 859.32, ""temperature"": 24.34, ""AGL"": -0.1, ""velocity"": 0}, ""chute_state"": {""pyro1_state"": 0, ""pyro2_state"": 0}, ""connection_status"": {""connected"": true, ""has_ever_connected"": true, ""packet_age_ms"": 0, ""timeout_exceeded"": false, ""rssi"": -48}, ""communication_mode"": ""BEACON"", ""timestamp"": 78781, ""packets_received"": 259, ""kalman_data"": {""altitude"": 0, ""vertical_velocity"": 0}, ""kalman_altitude"": 0, ""kalman_vertical_velocity"": 0, ""pyroDrogue"": 0, ""pyroMain"": 0, ""pyro1_state"": 0, ""pyro2_state"": 0}"
1755811044.412503,2025-08-22T00:17:24.412503,2299,0,0,-0.07,-0.02,0.9,-4.17,-1.55,-6.65,4.15,2.56,0,0,0,86666,859.33,24.35,-0.22,0,0,0,0,-48,,,BEACON,"{""record_number"": 2299, ""operation_mode"": 0, ""state"": 0, ""battery_voltage"": 0, ""wifi_rssi"": -48, ""acc_data"": {""ax"": -0.07, ""ay"": -0.02, ""az"": 0.9, ""pitch"": -4.17, ""roll"": -1.55}, ""gyro_data"": {""gx"": -6.65, ""gy"": 4.15, ""gz"": 2.56}, ""gps_data"": {""latitude"": 0, ""longitude"": 0, ""gps_altitude"": 0, ""time"": 86666}, ""alt_data"": {""pressure"": 859.33, ""temperature"": 24.35, ""AGL"": -0.22, ""velocity"": 0}, ""chute_state"": {""pyro1_state"": 0, ""pyro2_state"": 0}, ""connection_status"": {""connected"": true, ""has_ever_connected"": true, ""packet_age_ms"": 1, ""timeout_exceeded"": false, ""rssi"": -48}, ""communication_mode"": ""BEACON"", ""timestamp"": 79053, ""packets_received"": 260, ""kalman_data"": {""altitude"": 0, ""vertical_velocity"": 0}, ""kalman_altitude"": 0, ""kalman_vertical_velocity"": 0, ""pyroDrogue"": 0, ""pyroMain"": 0, ""pyro1_state"": 0, ""pyro2_state"": 0}"
1755811044.90435,2025-08-22T00:17:24.904350,2308,0,0,-0.07,-0.03,0.9,-4.06,-1.85,-6.34,3.84,3.72,0,0,0,87079,859.31,24.34,-0.03,0,0,0,0,-49,,,BEACON,"{""record_number"": 2308, ""operation_mode"": 0, ""state"": 0, ""battery_voltage"": 0, ""wifi_rssi"": -49, ""acc_data"": {""ax"": -0.07, ""ay"": -0.03, ""az"": 0.9, ""pitch"": -4.06, ""roll"": -1.85}, ""gyro_data"": {""gx"": -6.34, ""gy"": 3.84, ""gz"": 3.72}, ""gps_data"": {""latitude"": 0, ""longitude"": 0, ""gps_altitude"": 0, ""time"": 87079}, ""alt_data"": {""pressure"": 859.31, ""temperature"": 24.34, ""AGL"": -0.03, ""velocity"": 0}, ""chute_state"": {""pyro1_state"": 0, ""pyro2_state"": 0}, ""connection_status"": {""connected"": true, ""has_ever_connected"": true, ""packet_age_ms"": 0, ""timeout_exceeded"": false, ""rssi"": -49}, ""communication_mode"": ""BEACON"", ""timestamp"": 79320, ""packets_received"": 261, ""kalman_data"": {""altitude"": 0, ""vertical_velocity"": 0}, ""kalman_altitude"": 0, ""kalman_vertical_velocity"": 0, ""pyroDrogue"": 0, ""pyroMain"": 0, ""pyro1_state"": 0, ""pyro2_state"": 0}"
1755811045.067277,2025-08-22T00:17:25.067277,2318,0,0,-0.07,-0.03,0.89,-4.12,-2.07,-6.13,3.57,2.68,0,0,0,87280,859.31,24.33,0.02,0,0,0,0,-49,,,BEACON,"{""record_number"": 2318, ""operation_mode"": 0, ""state"": 0, ""battery_voltage"": 0, ""wifi_rssi"": -49, ""acc_data"": {""ax"": -0.07, ""ay"": -0.03, ""az"": 0.89, ""pitch"": -4.12, ""roll"": -2.07}, ""gyro_data"": {""gx"": -6.13, ""gy"": 3.57, ""gz"": 2.68}, ""gps_data"": {""latitude"": 0, ""longitude"": 0, ""gps_altitude"": 0, ""time"": 87280}, ""alt_data"": {""pressure"": 859.31, ""temperature"": 24.33, ""AGL"": 0.02, ""velocity"": 0}, ""chute_state"": {""pyro1_state"": 0, ""pyro2_state"": 0}, ""connection_status"": {""connected"": true, ""has_ever_connected"": true, ""packet_age_ms"": 1, ""timeout_exceeded"": false, ""rssi"": -49}, ""communication_mode"": ""BEACON"", ""timestamp"": 79594, ""packets_received"": 262, ""kalman_data"": {""altitude"": 0, ""vertical_velocity"": 0}, ""kalman_altitude"": 0, ""kalman_vertical_velocity"": 0, ""pyroDrogue"": 0, ""pyroMain"": 0, ""pyro1_state"": 0, ""pyro2_state"": 0}"
1755811045.304106,2025-08-22T00:17:25.304106,2326,0,0,-0.07,-0.03,0.9,-4.34,-1.65,-5.85,3.02,3.29,0,0,0,87480,859.33,24.34,-0.21,0,0,0,0,-48,,,BEACON,"{""record_number"": 2326, ""operation_mode"": 0, ""state"": 0, ""battery_voltage"": 0, ""wifi_rssi"": -48, ""acc_data"": {""ax"": -0.07, ""ay"": -0.03, ""az"": 0.9, ""pitch"": -4.34, ""roll"": -1.65}, ""gyro_data"": {""gx"": -5.85, ""gy"": 3.02, ""gz"": 3.29}, ""gps_data"": {""latitude"": 0, ""longitude"": 0, ""gps_altitude"": 0, ""time"": 87480}, ""alt_data"": {""pressure"": 859.33, ""temperature"": 24.34, ""AGL"": -0.21, ""velocity"": 0}, ""chute_state"": {""pyro1_state"": 0, ""pyro2_state"": 0}, ""connection_status"": {""connected"": true, ""has_ever_connected"": true, ""packet_age_ms"": 1, ""timeout_exceeded"": false, ""rssi"": -48}, ""communication_mode"": ""BEACON"", ""timestamp"": 79988, ""packets_received"": 263, ""kalman_data"": {""altitude"": 0, ""vertical_velocity"": 0}, ""kalman_altitude"": 0, ""kalman_vertical_velocity"": 0, ""pyroDrogue"": 0, ""pyroMain"": 0, ""pyro1_state"": 0, ""pyro2_state"": 0}"
1755811045.616064,2025-08-22T00:17:25.616064,2333,0,0,-0.07,-0.03,0.89,-3.75,-1.96,-6.59,4.66,2.9,0,0,0,87903,859.27,24.33,0.45,0,0,0,0,-48,,,BEACON,"{""record_number"": 2333, ""operation_mode"": 0, ""state"": 0, ""battery_voltage"": 0, ""wifi_rssi"": -48, ""acc_data"": {""ax"": -0.07, ""ay"": -0.03, ""az"": 0.89, ""pitch"": -3.75, ""roll"": -1.96}, ""gyro_data"": {""gx"": -6.59, ""gy"": 4.66, ""gz"": 2.9}, ""gps_data"": {""latitude"": 0, ""longitude"": 0, ""gps_altitude"": 0, ""time"": 87903}, ""alt_data"": {""pressure"": 859.27, ""temperature"": 24.33, ""AGL"": 0.45, ""velocity"": 0}, ""chute_state"": {""pyro1_state"": 0, ""pyro2_state"": 0}, ""connection_status"": {""connected"": true, ""has_ever_connected"": true, ""packet_age_ms"": 0, ""timeout_exceeded"": false, ""rssi"": -48}, ""communication_mode"": ""BEACON"", ""timestamp"": 80253, ""packets_received"": 264, ""kalman_data"": {""altitude"": 0, ""vertical_velocity"": 0}, ""kalman_altitude"": 0, ""kalman_vertical_velocity"": 0, ""pyroDrogue"": 0, ""pyroMain"": 0, ""pyro1_state"": 0, ""pyro2_state"": 0}"
1755811046.001591,2025-08-22T00:17:26.001591,2341,0,0,-0.07,-0.02,0.9,-4.2,-1.88,-5.88,3.57,2.68,0,0,0,88105,859.34,24.34,-0.25,0,0,0,0,-48,,,BEACON,"{""record_number"": 2341, ""operation_mode"": 0, ""state"": 0, ""battery_voltage"": 0, ""wifi_rssi"": -48, ""acc_data"": {""ax"": -0.07, ""ay"": -0.02, ""az"": 0.9, ""pitch"": -4.2, ""roll"": -1.88}, ""gyro_data"": {""gx"": -5.88, ""gy"": 3.57, ""gz"": 2.68}, ""gps_data"": {""latitude"": 0, ""longitude"": 0, ""gps_altitude"": 0, ""time"": 88105}, ""alt_data"": {""pressure"": 859.34, ""temperature"": 24.34, ""AGL"": -0.25, ""velocity"": 0}, ""chute_state"": {""pyro1_state"": 0, ""pyro2_state"": 0}, ""connection_status"": {""connected"": true, ""has_ever_connected"": true, ""packet_age_ms"": 0, ""timeout_exceeded"": false, ""rssi"": -48}, ""communication_mode"": ""BEACON"", ""timestamp"": 80519, ""packets_received"": 265, ""kalman_data"": {""altitude"": 0, ""vertical_velocity"": 0}, ""kalman_altitude"": 0, ""kalman_vertical_velocity"": 0, ""pyroDrogue"": 0, ""pyroMain"": 0, ""pyro1_state"": 0, ""pyro2_state"": 0}"
1755811046.222117,2025-08-22T00:17:26.222117,2349,0,0,-0.08,-0.03,0.9,-4.26,-1.81,-7.01,2.8,3.29,0,0,0,88505,859.37,24.34,-0.54,0,0,0,0,-49,,,BEACON,"{""record_number"": 2349, ""operation_mode"": 0, ""state"": 0, ""battery_voltage"": 0, ""wifi_rssi"": -49, ""acc_data"": {""ax"": -0.08, ""ay"": -0.03, ""az"": 0.9, ""pitch"": -4.26, ""roll"": -1.81}, ""gyro_data"": {""gx"": -7.01, ""gy"": 2.8, ""gz"": 3.29}, ""gps_data"": {""latitude"": 0, ""longitude"": 0, ""gps_altitude"": 0, ""time"": 88505}, ""alt_data"": {""pressure"": 859.37, ""temperature"": 24.34, ""AGL"": -0.54, ""velocity"": 0}, ""chute_state"": {""pyro1_state"": 0, ""pyro2_state"": 0}, ""connection_status"": {""connected"": true, ""has_ever_connected"": true, ""packet_age_ms"": 0, ""timeout_exceeded"": false, ""rssi"": -49}, ""communication_mode"": ""BEACON"", ""timestamp"": 80807, ""packets_received"": 266, ""kalman_data"": {""altitude"": 0, ""vertical_velocity"": 0}, ""kalman_altitude"": 0, ""kalman_vertical_velocity"": 0, ""pyroDrogue"": 0, ""pyroMain"": 0, ""pyro1_state"": 0, ""pyro2_state"": 0}"
1755811046.613121,2025-08-22T00:17:26.613121,2357,0,0,-0.07,-0.03,0.9,-4.29,-1.9,-7.16,4.94,3.38,0,0,0,88718,859.32,24.35,-0.03,0,0,0,0,-48,,,BEACON,"{""record_number"": 2357, ""operation_mode"": 0, ""state"": 0, ""battery_voltage"": 0, ""wifi_rssi"": -48, ""acc_data"": {""ax"": -0.07, ""ay"": -0.03, ""az"": 0.9, ""pitch"": -4.29, ""roll"": -1.9}, ""gyro_data"": {""gx"": -7.16, ""gy"": 4.94, ""gz"": 3.38}, ""gps_data"": {""latitude"": 0, ""longitude"": 0, ""gps_altitude"": 0, ""time"": 88718}, ""alt_data"": {""pressure"": 859.32, ""temperature"": 24.35, ""AGL"": -0.03, ""velocity"": 0}, ""chute_state"": {""pyro1_state"": 0, ""pyro2_state"": 0}, ""connection_status"": {""connected"": true, ""has_ever_connected"": true, ""packet_age_ms"": 0, ""timeout_exceeded"": false, ""rssi"": -48}, ""communication_mode"": ""BEACON"", ""timestamp"": 81079, ""packets_received"": 267, ""kalman_data"": {""altitude"": 0, ""vertical_velocity"": 0}, ""kalman_altitude"": 0, ""kalman_vertical_velocity"": 0, ""pyroDrogue"": 0, ""pyroMain"": 0, ""pyro1_state"": 0, ""pyro2_state"": 0}"
1755811047.464991,2025-08-22T00:17:27.464991,2367,0,0,-0.08,-0.03,0.9,-4.12,-2.18,-6.16,3.93,2.74,0,0,0,88929,859.29,24.35,0.22,0,0,0,0,-48,,,BEACON,"{""record_number"": 2367, ""operation_mode"": 0, ""state"": 0, ""battery_voltage"": 0, ""wifi_rssi"": -48, ""acc_data"": {""ax"": -0.08, ""ay"": -0.03, ""az"": 0.9, ""pitch"": -4.12, ""roll"": -2.18}, ""gyro_data"": {""gx"": -6.16, ""gy"": 3.93, ""gz"": 2.74}, ""gps_data"": {""latitude"": 0, ""longitude"": 0, ""gps_altitude"": 0, ""time"": 88929}, ""alt_data"": {""pressure"": 859.29, ""temperature"": 24.35, ""AGL"": 0.22, ""velocity"": 0}, ""chute_state"": {""pyro1_state"": 0, ""pyro2_state"": 0}, ""connection_status"": {""connected"": true, ""has_ever_connected"": true, ""packet_age_ms"": 0, ""timeout_exceeded"": false, ""rssi"": -48}, ""communication_mode"": ""BEACON"", ""timestamp"": 81343, ""packets_received"": 268, ""kalman_data"": {""altitude"": 0, ""vertical_velocity"": 0}, ""kalman_altitude"": 0, ""kalman_vertical_velocity"": 0, ""pyroDrogue"": 0, ""pyroMain"": 0, ""pyro1_state"": 0, ""pyro2_state"": 0}"
1755811047.785986,2025-08-22T00:17:27.785986,2375,0,0,-0.08,-0.03,0.89,-4.09,-2,-6.28,3.72,2.71,0,0,0,89329,859.43,24.35,-1.13,0,0,0,0,-48,,,BEACON,"{""record_number"": 2375, ""operation_mode"": 0, ""state"": 0, ""battery_voltage"": 0, ""wifi_rssi"": -48, ""acc_data"": {""ax"": -0.08, ""ay"": -0.03, ""az"": 0.89, ""pitch"": -4.09, ""roll"": -2}, ""gyro_data"": {""gx"": -6.28, ""gy"": 3.72, ""gz"": 2.71}, ""gps_data"": {""latitude"": 0, ""longitude"": 0, ""gps_altitude"": 0, ""time"": 89329}, ""alt_data"": {""pressure"": 859.43, ""temperature"": 24.35, ""AGL"": -1.13, ""velocity"": 0}, ""chute_state"": {""pyro1_state"": 0, ""pyro2_state"": 0}, ""connection_status"": {""connected"": true, ""has_ever_connected"": true, ""packet_age_ms"": 1, ""timeout_exceeded"": false, ""rssi"": -48}, ""communication_mode"": ""BEACON"", ""timestamp"": 81716, ""packets_received"": 269, ""kalman_data"": {""altitude"": 0, ""vertical_velocity"": 0}, ""kalman_altitude"": 0, ""kalman_vertical_velocity"": 0, ""pyroDrogue"": 0, ""pyroMain"": 0, ""pyro1_state"": 0, ""pyro2_state"": 0}"
1755811048.018677,2025-08-22T00:17:28.018677,2383,0,0,-0.06,-0.03,0.88,-4.06,-1.65,-5.79,4.21,3.02,0,0,0,89738,859.32,24.35,-0.08,0,0,0,0,-48,,,BEACON,"{""record_number"": 2383, ""operation_mode"": 0, ""state"": 0, ""battery_voltage"": 0, ""wifi_rssi"": -48, ""acc_data"": {""ax"": -0.06, ""ay"": -0.03, ""az"": 0.88, ""pitch"": -4.06, ""roll"": -1.65}, ""gyro_data"": {""gx"": -5.79, ""gy"": 4.21, ""gz"": 3.02}, ""gps_data"": {""latitude"": 0, ""longitude"": 0, ""gps_altitude"": 0, ""time"": 89738}, ""alt_data"": {""pressure"": 859.32, ""temperature"": 24.35, ""AGL"": -0.08, ""velocity"": 0}, ""chute_state"": {""pyro1_state"": 0, ""pyro2_state"": 0}, ""connection_status"": {""connected"": true, ""has_ever_connected"": true, ""packet_age_ms"": 1, ""timeout_exceeded"": false, ""rssi"": -48}, ""communication_mode"": ""BEACON"", ""timestamp"": 81989, ""packets_received"": 270, ""kalman_data"": {""altitude"": 0, ""vertical_velocity"": 0}, ""kalman_altitude"": 0, ""kalman_vertical_velocity"": 0, ""pyroDrogue"": 0, ""pyroMain"": 0, ""pyro1_state"": 0, ""pyro2_state"": 0}"
1755811048.141002,2025-08-22T00:17:28.141002,2391,0,0,-0.08,-0.04,0.9,-4.17,-1.76,-6.77,2.96,3.11,0,0,0,89944,859.31,24.35,0.04,0,0,0,0,-49,,,BEACON,"{""record_number"": 2391, ""operation_mode"": 0, ""state"": 0, ""battery_voltage"": 0, ""wifi_rssi"": -49, ""acc_data"": {""ax"": -0.08, ""ay"": -0.04, ""az"": 0.9, ""pitch"": -4.17, ""roll"": -1.76}, ""gyro_data"": {""gx"": -6.77, ""gy"": 2.96, ""gz"": 3.11}, ""gps_data"": {""latitude"": 0, ""longitude"": 0, ""gps_altitude"": 0, ""time"": 89944}, ""alt_data"": {""pressure"": 859.31, ""temperature"": 24.35, ""AGL"": 0.04, ""velocity"": 0}, ""chute_state"": {""pyro1_state"": 0, ""pyro2_state"": 0}, ""connection_status"": {""connected"": true, ""has_ever_connected"": true, ""packet_age_ms"": 0, ""timeout_exceeded"": false, ""rssi"": -49}, ""communication_mode"": ""BEACON"", ""timestamp"": 82254, ""packets_received"": 271, ""kalman_data"": {""altitude"": 0, ""vertical_velocity"": 0}, ""kalman_altitude"": 0, ""kalman_vertical_velocity"": 0, ""pyroDrogue"": 0, ""pyroMain"": 0, ""pyro1_state"": 0, ""pyro2_state"": 0}"
1755811048.520654,2025-08-22T00:17:28.520654,2398,0,0,-0.07,-0.03,0.9,-4.03,-1.78,-6.25,3.81,3.75,0,0,0,90146,859.34,24.35,-0.29,0,0,0,0,-47,,,BEACON,"{""record_number"": 2398, ""operation_mode"": 0, ""state"": 0, ""battery_voltage"": 0, ""wifi_rssi"": -47, ""acc_data"": {""ax"": -0.07, ""ay"": -0.03, ""az"": 0.9, ""pitch"": -4.03, ""roll"": -1.78}, ""gyro_data"": {""gx"": -6.25, ""gy"": 3.81, ""gz"": 3.75}, ""gps_data"": {""latitude"": 0, ""longitude"": 0, ""gps_altitude"": 0, ""time"": 90146}, ""alt_data"": {""pressure"": 859.34, ""temperature"": 24.35, ""AGL"": -0.29, ""velocity"": 0}, ""chute_state"": {""pyro1_state"": 0, ""pyro2_state"": 0}, ""connection_status"": {""connected"": true, ""has_ever_connected"": true, ""packet_age_ms"": 0, ""timeout_exceeded"": false, ""rssi"": -47}, ""communication_mode"": ""BEACON"", ""timestamp"": 82519, ""packets_received"": 272, ""kalman_data"": {""altitude"": 0, ""vertical_velocity"": 0}, ""kalman_altitude"": 0, ""kalman_vertical_velocity"": 0, ""pyroDrogue"": 0, ""pyroMain"": 0, ""pyro1_state"": 0, ""pyro2_state"": 0}"
1755811048.939472,2025-08-22T00:17:28.939472,2406,0,0,-0.07,-0.02,0.9,-3.87,-1.47,-5.82,3.35,3.29,0,0,0,90347,859.35,24.35,-0.4,0,0,0,0,-48,,,BEACON,"{""record_number"": 2406, ""operation_mode"": 0, ""state"": 0, ""battery_voltage"": 0, ""wifi_rssi"": -48, ""acc_data"": {""ax"": -0.07, ""ay"": -0.02, ""az"": 0.9, ""pitch"": -3.87, ""roll"": -1.47}, ""gyro_data"": {""gx"": -5.82, ""gy"": 3.35, ""gz"": 3.29}, ""gps_data"": {""latitude"": 0, ""longitude"": 0, ""gps_altitude"": 0, ""time"": 90347}, ""alt_data"": {""pressure"": 859.35, ""temperature"": 24.35, ""AGL"": -0.4, ""velocity"": 0}, ""chute_state"": {""pyro1_state"": 0, ""pyro2_state"": 0}, ""connection_status"": {""connected"": true, ""has_ever_connected"": true, ""packet_age_ms"": 0, ""timeout_exceeded"": false, ""rssi"": -48}, ""communication_mode"": ""BEACON"", ""timestamp"": 82786, ""packets_received"": 273, ""kalman_data"": {""altitude"": 0, ""vertical_velocity"": 0}, ""kalman_altitude"": 0, ""kalman_vertical_velocity"": 0, ""pyroDrogue"": 0, ""pyroMain"": 0, ""pyro1_state"": 0, ""pyro2_state"": 0}"
1755811049.098922,2025-08-22T00:17:29.098922,2416,0,0,-0.07,-0.03,0.9,-4.26,-1.39,-6.34,4.42,2.59,0,0,0,90756,859.27,24.35,0.37,0,0,0,0,-48,,,BEACON,"{""record_number"": 2416, ""operation_mode"": 0, ""state"": 0, ""battery_voltage"": 0, ""wifi_rssi"": -48, ""acc_data"": {""ax"": -0.07, ""ay"": -0.03, ""az"": 0.9, ""pitch"": -4.26, ""roll"": -1.39}, ""gyro_data"": {""gx"": -6.34, ""gy"": 4.42, ""gz"": 2.59}, ""gps_data"": {""latitude"": 0, ""longitude"": 0, ""gps_altitude"": 0, ""time"": 90756}, ""alt_data"": {""pressure"": 859.27, ""temperature"": 24.35, ""AGL"": 0.37, ""velocity"": 0}, ""chute_state"": {""pyro1_state"": 0, ""pyro2_state"": 0}, ""connection_status"": {""connected"": true, ""has_ever_connected"": true, ""packet_age_ms"": 1, ""timeout_exceeded"": false, ""rssi"": -48}, ""communication_mode"": ""BEACON"", ""timestamp"": 83062, ""packets_received"": 274, ""kalman_data"": {""altitude"": 0, ""vertical_velocity"": 0}, ""kalman_altitude"": 0, ""kalman_vertical_velocity"": 0, ""pyroDrogue"": 0, ""pyroMain"": 0, ""pyro1_state"": 0, ""pyro2_state"": 0}"
1755811049.22858,2025-08-22T00:17:29.228580,2424,0,0,-0.07,-0.03,0.89,-4.34,-1.52,-7.53,3.99,3.6,0,0,0,90964,859.26,24.35,0.47,0,0,0,0,-48,,,BEACON,"{""record_number"": 2424, ""operation_mode"": 0, ""state"": 0, ""battery_voltage"": 0, ""wifi_rssi"": -48, ""acc_data"": {""ax"": -0.07, ""ay"": -0.03, ""az"": 0.89, ""pitch"": -4.34, ""roll"": -1.52}, ""gyro_data"": {""gx"": -7.53, ""gy"": 3.99, ""gz"": 3.6}, ""gps_data"": {""latitude"": 0, ""longitude"": 0, ""gps_altitude"": 0, ""time"": 90964}, ""alt_data"": {""pressure"": 859.26, ""temperature"": 24.35, ""AGL"": 0.47, ""velocity"": 0}, ""chute_state"": {""pyro1_state"": 0, ""pyro2_state"": 0}, ""connection_status"": {""connected"": true, ""has_ever_connected"": true, ""packet_age_ms"": 1, ""timeout_exceeded"": false, ""rssi"": -48}, ""communication_mode"": ""BEACON"", ""timestamp"": 83437, ""packets_received"": 275, ""kalman_data"": {""altitude"": 0, ""vertical_velocity"": 0}, ""kalman_altitude"": 0, ""kalman_vertical_velocity"": 0, ""pyroDrogue"": 0, ""pyroMain"": 0, ""pyro1_state"": 0, ""pyro2_state"": 0}"
1755811049.33511,2025-08-22T00:17:29.335110,2431,0,0,-0.08,-0.03,0.91,-5.58,-4.4,-1.49,3.05,0.64,0,0,0,91365,859.31,24.35,0.04,0,0,0,0,-48,,,BEACON,"{""record_number"": 2431, ""operation_mode"": 0, ""state"": 0, ""battery_voltage"": 0, ""wifi_rssi"": -48, ""acc_data"": {""ax"": -0.08, ""ay"": -0.03, ""az"": 0.91, ""pitch"": -5.58, ""roll"": -4.4}, ""gyro_data"": {""gx"": -1.49, ""gy"": 3.05, ""gz"": 0.64}, ""gps_data"": {""latitude"": 0, ""longitude"": 0, ""gps_altitude"": 0, ""time"": 91365}, ""alt_data"": {""pressure"": 859.31, ""temperature"": 24.35, ""AGL"": 0.04, ""velocity"": 0}, ""chute_state"": {""pyro1_state"": 0, ""pyro2_state"": 0}, ""connection_status"": {""connected"": true, ""has_ever_connected"": true, ""packet_age_ms"": 1, ""timeout_exceeded"": false, ""rssi"": -48}, ""communication_mode"": ""BEACON"", ""timestamp"": 83708, ""packets_received"": 276, ""kalman_data"": {""altitude"": 0, ""vertical_velocity"": 0}, ""kalman_altitude"": 0, ""kalman_vertical_velocity"": 0, ""pyroDrogue"": 0, ""pyroMain"": 0, ""pyro1_state"": 0, ""pyro2_state"": 0}"
1755811049.437735,2025-08-22T00:17:29.437735,2439,0,0,-0.07,-0.03,0.91,-4.23,-1.98,-6.46,3.78,3.48,0,0,0,91570,859.32,24.35,-0.04,0,0,0,0,-48,,,BEACON,"{""record_number"": 2439, ""operation_mode"": 0, ""state"": 0, ""battery_voltage"": 0, ""wifi_rssi"": -48, ""acc_data"": {""ax"": -0.07, ""ay"": -0.03, ""az"": 0.91, ""pitch"": -4.23, ""roll"": -1.98}, ""gyro_data"": {""gx"": -6.46, ""gy"": 3.78, ""gz"": 3.48}, ""gps_data"": {""latitude"": 0, ""longitude"": 0, ""gps_altitude"": 0, ""time"": 91570}, ""alt_data"": {""pressure"": 859.32, ""temperature"": 24.35, ""AGL"": -0.04, ""velocity"": 0}, ""chute_state"": {""pyro1_state"": 0, ""pyro2_state"": 0}, ""connection_status"": {""connected"": true, ""has_ever_connected"": true, ""packet_age_ms"": 0, ""timeout_exceeded"": false, ""rssi"": -48}, ""communication_mode"": ""BEACON"", ""timestamp"": 83980, ""packets_received"": 277, ""kalman_data"": {""altitude"": 0, ""vertical_velocity"": 0}, ""kalman_altitude"": 0, ""kalman_vertical_velocity"": 0, ""pyroDrogue"": 0, ""pyroMain"": 0, ""pyro1_state"": 0, ""pyro2_state"": 0}"
1755811049.586427,2025-08-22T00:17:29.586427,2447,0,0,-0.07,-0.03,0.89,-4.23,-2.24,-6.16,3.11,2.87,0,0,0,91986,859.4,24.36,-0.88,0,0,0,0,-48,,,BEACON,"{""record_number"": 2447, ""operation_mode"": 0, ""state"": 0, ""battery_voltage"": 0, ""wifi_rssi"": -48, ""acc_data"": {""ax"": -0.07, ""ay"": -0.03, ""az"": 0.89, ""pitch"": -4.23, ""roll"": -2.24}, ""gyro_data"": {""gx"": -6.16, ""gy"": 3.11, ""gz"": 2.87}, ""gps_data"": {""latitude"": 0, ""longitude"": 0, ""gps_altitude"": 0, ""time"": 91986}, ""alt_data"": {""pressure"": 859.4, ""temperature"": 24.36, ""AGL"": -0.88, ""velocity"": 0}, ""chute_state"": {""pyro1_state"": 0, ""pyro2_state"": 0}, ""connection_status"": {""connected"": true, ""has_ever_connected"": true, ""packet_age_ms"": 0, ""timeout_exceeded"": false, ""rssi"": -48}, ""communication_mode"": ""BEACON"", ""timestamp"": 84247, ""packets_received"": 278, ""kalman_data"": {""altitude"": 0, ""vertical_velocity"": 0}, ""kalman_altitude"": 0, ""kalman_vertical_velocity"": 0, ""pyroDrogue"": 0, ""pyroMain"": 0, ""pyro1_state"": 0, ""pyro2_state"": 0}"
1755811050.447138,2025-08-22T00:17:30.447138,2454,0,0,-0.07,-0.02,0.9,-4.12,-1.59,-7.04,2.84,3.23,0,0,0,92187,859.42,24.36,-1.1,0,0,0,0,-48,,,BEACON,"{""record_number"": 2454, ""operation_mode"": 0, ""state"": 0, ""battery_voltage"": 0, ""wifi_rssi"": -48, ""acc_data"": {""ax"": -0.07, ""ay"": -0.02, ""az"": 0.9, ""pitch"": -4.12, ""roll"": -1.59}, ""gyro_data"": {""gx"": -7.04, ""gy"": 2.84, ""gz"": 3.23}, ""gps_data"": {""latitude"": 0, ""longitude"": 0, ""gps_altitude"": 0, ""time"": 92187}, ""alt_data"": {""pressure"": 859.42, ""temperature"": 24.36, ""AGL"": -1.1, ""velocity"": 0}, ""chute_state"": {""pyro1_state"": 0, ""pyro2_state"": 0}, ""connection_status"": {""connected"": true, ""has_ever_connected"": true, ""packet_age_ms"": 0, ""timeout_exceeded"": false, ""rssi"": -48}, ""communication_mode"": ""BEACON"", ""timestamp"": 84512, ""packets_received"": 279, ""kalman_data"": {""altitude"": 0, ""vertical_velocity"": 0}, ""kalman_altitude"": 0, ""kalman_vertical_velocity"": 0, ""pyroDrogue"": 0, ""pyroMain"": 0, ""pyro1_state"": 0, ""pyro2_state"": 0}"
1755811050.868991,2025-08-22T00:17:30.868991,2464,0,0,-0.07,-0.03,0.89,-4.12,-1.58,-5.61,3.23,2.44,0,0,0,92388,859.37,24.36,-0.59,0,0,0,0,-48,,,BEACON,"{""record_number"": 2464, ""operation_mode"": 0, ""state"": 0, ""battery_voltage"": 0, ""wifi_rssi"": -48, ""acc_data"": {""ax"": -0.07, ""ay"": -0.03, ""az"": 0.89, ""pitch"": -4.12, ""roll"": -1.58}, ""gyro_data"": {""gx"": -5.61, ""gy"": 3.23, ""gz"": 2.44}, ""gps_data"": {""latitude"": 0, ""longitude"": 0, ""gps_altitude"": 0, ""time"": 92388}, ""alt_data"": {""pressure"": 859.37, ""temperature"": 24.36, ""AGL"": -0.59, ""velocity"": 0}, ""chute_state"": {""pyro1_state"": 0, ""pyro2_state"": 0}, ""connection_status"": {""connected"": true, ""has_ever_connected"": true, ""packet_age_ms"": 0, ""timeout_exceeded"": false, ""rssi"": -48}, ""communication_mode"": ""BEACON"", ""timestamp"": 84783, ""packets_received"": 280, ""kalman_data"": {""altitude"": 0, ""vertical_velocity"": 0}, ""kalman_altitude"": 0, ""kalman_vertical_velocity"": 0, ""pyroDrogue"": 0, ""pyroMain"": 0, ""pyro1_state"": 0, ""pyro2_state"": 0}"
1755811051.051325,2025-08-22T00:17:31.051325,2473,0,0,-0.07,-0.03,0.9,-4.09,-1.88,-7.29,4.57,2.99,0,0,0,92800,859.35,24.36,-0.38,0,0,0,0,-48,,,BEACON,"{""record_number"": 2473, ""operation_mode"": 0, ""state"": 0, ""battery_voltage"": 0, ""wifi_rssi"": -48, ""acc_data"": {""ax"": -0.07, ""ay"": -0.03, ""az"": 0.9, ""pitch"": -4.09, ""roll"": -1.88}, ""gyro_data"": {""gx"": -7.29, ""gy"": 4.57, ""gz"": 2.99}, ""gps_data"": {""latitude"": 0, ""longitude"": 0, ""gps_altitude"": 0, ""time"": 92800}, ""alt_data"": {""pressure"": 859.35, ""temperature"": 24.36, ""AGL"": -0.38, ""velocity"": 0}, ""chute_state"": {""pyro1_state"": 0, ""pyro2_state"": 0}, ""connection_status"": {""connected"": true, ""has_ever_connected"": true, ""packet_age_ms"": 1, ""timeout_exceeded"": false, ""rssi"": -48}, ""communication_mode"": ""BEACON"", ""timestamp"": 85049, ""packets_received"": 281, ""kalman_data"": {""altitude"": 0, ""vertical_velocity"": 0}, ""kalman_altitude"": 0, ""kalman_vertical_velocity"": 0, ""pyroDrogue"": 0, ""pyroMain"": 0, ""pyro1_state"": 0, ""pyro2_state"": 0}"
1755811051.21651,2025-08-22T00:17:31.216510,2480,0,0,-0.07,-0.02,0.9,-3.92,-1.62,-6.34,3.23,3.45,0,0,0,93003,859.31,24.36,-0.01,0,0,0,0,-48,,,BEACON,"{""record_number"": 2480, ""operation_mode"": 0, ""state"": 0, ""battery_voltage"": 0, ""wifi_rssi"": -48, ""acc_data"": {""ax"": -0.07, ""ay"": -0.02, ""az"": 0.9, ""pitch"": -3.92, ""roll"": -1.62}, ""gyro_data"": {""gx"": -6.34, ""gy"": 3.23, ""gz"": 3.45}, ""gps_data"": {""latitude"": 0, ""longitude"": 0, ""gps_altitude"": 0, ""time"": 93003}, ""alt_data"": {""pressure"": 859.31, ""temperature"": 24.36, ""AGL"": -0.01, ""velocity"": 0}, ""chute_state"": {""pyro1_state"": 0, ""pyro2_state"": 0}, ""connection_status"": {""connected"": true, ""has_ever_connected"": true, ""packet_age_ms"": 1, ""timeout_exceeded"": false, ""rssi"": -48}, ""communication_mode"": ""BEACON"", ""timestamp"": 85422, ""packets_received"": 282, ""kalman_data"": {""altitude"": 0, ""vertical_velocity"": 0}, ""kalman_altitude"": 0, ""kalman_vertical_velocity"": 0, ""pyroDrogue"": 0, ""pyroMain"": 0, ""pyro1_state"": 0, ""pyro2_state"": 0}"
1755811051.37176,2025-08-22T00:17:31.371760,2488,0,0,-0.07,-0.03,0.89,-4.15,-1.8,-6.49,3.75,3.78,0,0,0,93404,859.33,24.35,-0.15,0,0,0,0,-48,,,BEACON,"{""record_number"": 2488, ""operation_mode"": 0, ""state"": 0, ""battery_voltage"": 0, ""wifi_rssi"": -48, ""acc_data"": {""ax"": -0.07, ""ay"": -0.03, ""az"": 0.89, ""pitch"": -4.15, ""roll"": -1.8}, ""gyro_data"": {""gx"": -6.49, ""gy"": 3.75, ""gz"": 3.78}, ""gps_data"": {""latitude"": 0, ""longitude"": 0, ""gps_altitude"": 0, ""time"": 93404}, ""alt_data"": {""pressure"": 859.33, ""temperature"": 24.35, ""AGL"": -0.15, ""velocity"": 0}, ""chute_state"": {""pyro1_state"": 0, ""pyro2_state"": 0}, ""connection_status"": {""connected"": true, ""has_ever_connected"": true, ""packet_age_ms"": 0, ""timeout_exceeded"": false, ""rssi"": -48}, ""communication_mode"": ""BEACON"", ""timestamp"": 85687, ""packets_received"": 283, ""kalman_data"": {""altitude"": 0, ""vertical_velocity"": 0}, ""kalman_altitude"": 0, ""kalman_vertical_velocity"": 0, ""pyroDrogue"": 0, ""pyroMain"": 0, ""pyro1_state"": 0, ""pyro2_state"": 0}"
1755811051.781065,2025-08-22T00:17:31.781065,2496,0,0,-0.07,-0.03,0.9,-4.03,-1.85,-6.16,5.18,2.84,0,0,0,93608,859.39,24.36,-0.81,0,0,0,0,-48,,,BEACON,"{""record_number"": 2496, ""operation_mode"": 0, ""state"": 0, ""battery_voltage"": 0, ""wifi_rssi"": -48, ""acc_data"": {""ax"": -0.07, ""ay"": -0.03, ""az"": 0.9, ""pitch"": -4.03, ""roll"": -1.85}, ""gyro_data"": {""gx"": -6.16, ""gy"": 5.18, ""gz"": 2.84}, ""gps_data"": {""latitude"": 0, ""longitude"": 0, ""gps_altitude"": 0, ""time"": 93608}, ""alt_data"": {""pressure"": 859.39, ""temperature"": 24.36, ""AGL"": -0.81, ""velocity"": 0}, ""chute_state"": {""pyro1_state"": 0, ""pyro2_state"": 0}, ""connection_status"": {""connected"": true, ""has_ever_connected"": true, ""packet_age_ms"": 0, ""timeout_exceeded"": false, ""rssi"": -48}, ""communication_mode"": ""BEACON"", ""timestamp"": 85959, ""packets_received"": 284, ""kalman_data"": {""altitude"": 0, ""vertical_velocity"": 0}, ""kalman_altitude"": 0, ""kalman_vertical_velocity"": 0, ""pyroDrogue"": 0, ""pyroMain"": 0, ""pyro1_state"": 0, ""pyro2_state"": 0}"
1755811051.933056,2025-08-22T00:17:31.933056,2504,0,0,-0.07,-0.03,0.89,-4.09,-1.79,-7.07,4.88,3.78,0,0,0,93820,859.32,24.36,-0.12,0,0,0,0,-48,,,BEACON,"{""record_number"": 2504, ""operation_mode"": 0, ""state"": 0, ""battery_voltage"": 0, ""wifi_rssi"": -48, ""acc_data"": {""ax"": -0.07, ""ay"": -0.03, ""az"": 0.89, ""pitch"": -4.09, ""roll"": -1.79}, ""gyro_data"": {""gx"": -7.07, ""gy"": 4.88, ""gz"": 3.78}, ""gps_data"": {""latitude"": 0, ""longitude"": 0, ""gps_altitude"": 0, ""time"": 93820}, ""alt_data"": {""pressure"": 859.32, ""temperature"": 24.36, ""AGL"": -0.12, ""velocity"": 0}, ""chute_state"": {""pyro1_state"": 0, ""pyro2_state"": 0}, ""connection_status"": {""connected"": true, ""has_ever_connected"": true, ""packet_age_ms"": 0, ""timeout_exceeded"": false, ""rssi"": -48}, ""communication_mode"": ""BEACON"", ""timestamp"": 86228, ""packets_received"": 285, ""kalman_data"": {""altitude"": 0, ""vertical_velocity"": 0}, ""kalman_altitude"": 0, ""kalman_vertical_velocity"": 0, ""pyroDrogue"": 0, ""pyroMain"": 0, ""pyro1_state"": 0, ""pyro2_state"": 0}"
1755811052.117913,2025-08-22T00:17:32.117913,2514,0,0,-0.07,-0.02,0.9,-4.31,-1.78,-6.77,4.09,2.9,0,0,0,94224,859.32,24.35,-0.11,0,0,0,0,-48,,,BEACON,"{""record_number"": 2514, ""operation_mode"": 0, ""state"": 0, ""battery_voltage"": 0, ""wifi_rssi"": -48, ""acc_data"": {""ax"": -0.07, ""ay"": -0.02, ""az"": 0.9, ""pitch"": -4.31, ""roll"": -1.78}, ""gyro_data"": {""gx"": -6.77, ""gy"": 4.09, ""gz"": 2.9}, ""gps_data"": {""latitude"": 0, ""longitude"": 0, ""gps_altitude"": 0, ""time"": 94224}, ""alt_data"": {""pressure"": 859.32, ""temperature"": 24.35, ""AGL"": -0.11, ""velocity"": 0}, ""chute_state"": {""pyro1_state"": 0, ""pyro2_state"": 0}, ""connection_status"": {""connected"": true, ""has_ever_connected"": true, ""packet_age_ms"": 0, ""timeout_exceeded"": false, ""rssi"": -48}, ""communication_mode"": ""BEACON"", ""timestamp"": 86495, ""packets_received"": 286, ""kalman_data"": {""altitude"": 0, ""vertical_velocity"": 0}, ""kalman_altitude"": 0, ""kalman_vertical_velocity"": 0, ""pyroDrogue"": 0, ""pyroMain"": 0, ""pyro1_state"": 0, ""pyro2_state"": 0}"
1755811052.267103,2025-08-22T00:17:32.267103,2522,0,0,-0.07,-0.03,0.9,-4.34,-2,-6.62,3.05,3.05,0,0,0,94425,859.32,24.36,-0.12,0,0,0,0,-48,,,BEACON,"{""record_number"": 2522, ""operation_mode"": 0, ""state"": 0, ""battery_voltage"": 0, ""wifi_rssi"": -48, ""acc_data"": {""ax"": -0.07, ""ay"": -0.03, ""az"": 0.9, ""pitch"": -4.34, ""roll"": -2}, ""gyro_data"": {""gx"": -6.62, ""gy"": 3.05, ""gz"": 3.05}, ""gps_data"": {""latitude"": 0, ""longitude"": 0, ""gps_altitude"": 0, ""time"": 94425}, ""alt_data"": {""pressure"": 859.32, ""temperature"": 24.36, ""AGL"": -0.12, ""velocity"": 0}, ""chute_state"": {""pyro1_state"": 0, ""pyro2_state"": 0}, ""connection_status"": {""connected"": true, ""has_ever_connected"": true, ""packet_age_ms"": 1, ""timeout_exceeded"": false, ""rssi"": -48}, ""communication_mode"": ""BEACON"", ""timestamp"": 86764, ""packets_received"": 287, ""kalman_data"": {""altitude"": 0, ""vertical_velocity"": 0}, ""kalman_altitude"": 0, ""kalman_vertical_velocity"": 0, ""pyroDrogue"": 0, ""pyroMain"": 0, ""pyro1_state"": 0, ""pyro2_state"": 0}"
1755811052.532475,2025-08-22T00:17:32.532475,2529,0,0,-0.08,-0.02,0.9,-4.01,-2,-6.34,3.75,3.29,0,0,0,94634,859.35,24.36,-0.34,0,0,0,0,-48,,,BEACON,"{""record_number"": 2529, ""operation_mode"": 0, ""state"": 0, ""battery_voltage"": 0, ""wifi_rssi"": -48, ""acc_data"": {""ax"": -0.08, ""ay"": -0.02, ""az"": 0.9, ""pitch"": -4.01, ""roll"": -2}, ""gyro_data"": {""gx"": -6.34, ""gy"": 3.75, ""gz"": 3.29}, ""gps_data"": {""latitude"": 0, ""longitude"": 0, ""gps_altitude"": 0, ""time"": 94634}, ""alt_data"": {""pressure"": 859.35, ""temperature"": 24.36, ""AGL"": -0.34, ""velocity"": 0}, ""chute_state"": {""pyro1_state"": 0, ""pyro2_state"": 0}, ""connection_status"": {""connected"": true, ""has_ever_connected"": true, ""packet_age_ms"": 0, ""timeout_exceeded"": false, ""rssi"": -48}, ""communication_mode"": ""BEACON"", ""timestamp"": 87143, ""packets_received"": 288, ""kalman_data"": {""altitude"": 0, ""vertical_velocity"": 0}, ""kalman_altitude"": 0, ""kalman_vertical_velocity"": 0, ""pyroDrogue"": 0, ""pyroMain"": 0, ""pyro1_state"": 0, ""pyro2_state"": 0}"
1755811052.751903,2025-08-22T00:17:32.751903,2537,0,0,-0.07,-0.02,0.89,-4.2,-1.99,-5.85,2.53,2.77,0,0,0,95051,859.34,24.37,-0.31,0,0,0,0,-51,,,BEACON,"{""record_number"": 2537, ""operation_mode"": 0, ""state"": 0, ""battery_voltage"": 0, ""wifi_rssi"": -51, ""acc_data"": {""ax"": -0.07, ""ay"": -0.02, ""az"": 0.89, ""pitch"": -4.2, ""roll"": -1.99}, ""gyro_data"": {""gx"": -5.85, ""gy"": 2.53, ""gz"": 2.77}, ""gps_data"": {""latitude"": 0, ""longitude"": 0, ""gps_altitude"": 0, ""time"": 95051}, ""alt_data"": {""pressure"": 859.34, ""temperature"": 24.37, ""AGL"": -0.31, ""velocity"": 0}, ""chute_state"": {""pyro1_state"": 0, ""pyro2_state"": 0}, ""connection_status"": {""connected"": true, ""has_ever_connected"": true, ""packet_age_ms"": 1, ""timeout_exceeded"": false, ""rssi"": -51}, ""communication_mode"": ""BEACON"", ""timestamp"": 87416, ""packets_received"": 289, ""kalman_data"": {""altitude"": 0, ""vertical_velocity"": 0}, ""kalman_altitude"": 0, ""kalman_vertical_velocity"": 0, ""pyroDrogue"": 0, ""pyroMain"": 0, ""pyro1_state"": 0, ""pyro2_state"": 0}"
1755811053.034312,2025-08-22T00:17:33.034312,2545,0,0,-0.07,-0.03,0.9,-4.09,-2.17,-6.37,4.63,2.93,0,0,0,95252,859.36,24.37,-0.45,0,0,0,0,-51,,,BEACON,"{""record_number"": 2545, ""operation_mode"": 0, ""state"": 0, ""battery_voltage"": 0, ""wifi_rssi"": -51, ""acc_data"": {""ax"": -0.07, ""ay"": -0.03, ""az"": 0.9, ""pitch"": -4.09, ""roll"": -2.17}, ""gyro_data"": {""gx"": -6.37, ""gy"": 4.63, ""gz"": 2.93}, ""gps_data"": {""latitude"": 0, ""longitude"": 0, ""gps_altitude"": 0, ""time"": 95252}, ""alt_data"": {""pressure"": 859.36, ""temperature"": 24.37, ""AGL"": -0.45, ""velocity"": 0}, ""chute_state"": {""pyro1_state"": 0, ""pyro2_state"": 0}, ""connection_status"": {""connected"": true, ""has_ever_connected"": true, ""packet_age_ms"": 0, ""timeout_exceeded"": false, ""rssi"": -51}, ""communication_mode"": ""BEACON"", ""timestamp"": 87681, ""packets_received"": 290, ""kalman_data"": {""altitude"": 0, ""vertical_velocity"": 0}, ""kalman_altitude"": 0, ""kalman_vertical_velocity"": 0, ""pyroDrogue"": 0, ""pyroMain"": 0, ""pyro1_state"": 0, ""pyro2_state"": 0}"
1755811053.536024,2025-08-22T00:17:33.536024,2553,0,0,-0.07,-0.03,0.9,-4.43,-1.9,-5.79,4.12,2.84,0,0,0,95657,859.33,24.36,-0.23,0,0,0,0,-48,,,BEACON,"{""record_number"": 2553, ""operation_mode"": 0, ""state"": 0, ""battery_voltage"": 0, ""wifi_rssi"": -48, ""acc_data"": {""ax"": -0.07, ""ay"": -0.03, ""az"": 0.9, ""pitch"": -4.43, ""roll"": -1.9}, ""gyro_data"": {""gx"": -5.79, ""gy"": 4.12, ""gz"": 2.84}, ""gps_data"": {""latitude"": 0, ""longitude"": 0, ""gps_altitude"": 0, ""time"": 95657}, ""alt_data"": {""pressure"": 859.33, ""temperature"": 24.36, ""AGL"": -0.23, ""velocity"": 0}, ""chute_state"": {""pyro1_state"": 0, ""pyro2_state"": 0}, ""connection_status"": {""connected"": true, ""has_ever_connected"": true, ""packet_age_ms"": 0, ""timeout_exceeded"": false, ""rssi"": -48}, ""communication_mode"": ""BEACON"", ""timestamp"": 87951, ""packets_received"": 291, ""kalman_data"": {""altitude"": 0, ""vertical_velocity"": 0}, ""kalman_altitude"": 0, ""kalman_vertical_velocity"": 0, ""pyroDrogue"": 0, ""pyroMain"": 0, ""pyro1_state"": 0, ""pyro2_state"": 0}"
1755811053.784034,2025-08-22T00:17:33.784034,2561,0,0,-0.08,-0.02,0.9,-4.2,-1.9,-6.01,3.17,2.9,0,0,0,95870,859.32,24.36,-0.12,0,0,0,0,-50,,,BEACON,"{""record_number"": 2561, ""operation_mode"": 0, ""state"": 0, ""battery_voltage"": 0, ""wifi_rssi"": -50, ""acc_data"": {""ax"": -0.08, ""ay"": -0.02, ""az"": 0.9, ""pitch"": -4.2, ""roll"": -1.9}, ""gyro_data"": {""gx"": -6.01, ""gy"": 3.17, ""gz"": 2.9}, ""gps_data"": {""latitude"": 0, ""longitude"": 0, ""gps_altitude"": 0, ""time"": 95870}, ""alt_data"": {""pressure"": 859.32, ""temperature"": 24.36, ""AGL"": -0.12, ""velocity"": 0}, ""chute_state"": {""pyro1_state"": 0, ""pyro2_state"": 0}, ""connection_status"": {""connected"": true, ""has_ever_connected"": true, ""packet_age_ms"": 1, ""timeout_exceeded"": false, ""rssi"": -50}, ""communication_mode"": ""BEACON"", ""timestamp"": 88219, ""packets_received"": 292, ""kalman_data"": {""altitude"": 0, ""vertical_velocity"": 0}, ""kalman_altitude"": 0, ""kalman_vertical_velocity"": 0, ""pyroDrogue"": 0, ""pyroMain"": 0, ""pyro1_state"": 0, ""pyro2_state"": 0}"
1755811053.874055,2025-08-22T00:17:33.874055,2571,0,0,-0.07,-0.03,0.9,-4.06,-2.2,-5.67,3.51,3.2,0,0,0,96071,859.34,24.37,-0.27,0,0,0,0,-49,,,BEACON,"{""record_number"": 2571, ""operation_mode"": 0, ""state"": 0, ""battery_voltage"": 0, ""wifi_rssi"": -49, ""acc_data"": {""ax"": -0.07, ""ay"": -0.03, ""az"": 0.9, ""pitch"": -4.06, ""roll"": -2.2}, ""gyro_data"": {""gx"": -5.67, ""gy"": 3.51, ""gz"": 3.2}, ""gps_data"": {""latitude"": 0, ""longitude"": 0, ""gps_altitude"": 0, ""time"": 96071}, ""alt_data"": {""pressure"": 859.34, ""temperature"": 24.37, ""AGL"": -0.27, ""velocity"": 0}, ""chute_state"": {""pyro1_state"": 0, ""pyro2_state"": 0}, ""connection_status"": {""connected"": true, ""has_ever_connected"": true, ""packet_age_ms"": 0, ""timeout_exceeded"": false, ""rssi"": -49}, ""communication_mode"": ""BEACON"", ""timestamp"": 88488, ""packets_received"": 293, ""kalman_data"": {""altitude"": 0, ""vertical_velocity"": 0}, ""kalman_altitude"": 0, ""kalman_vertical_velocity"": 0, ""pyroDrogue"": 0, ""pyroMain"": 0, ""pyro1_state"": 0, ""pyro2_state"": 0}"
1755811054.387517,2025-08-22T00:17:34.387517,2578,0,0,-0.07,-0.03,0.9,-3.89,-1.77,-7.2,3.87,3.29,0,0,0,96472,859.33,24.37,-0.16,0,0,0,0,-49,,,BEACON,"{""record_number"": 2578, ""operation_mode"": 0, ""state"": 0, ""battery_voltage"": 0, ""wifi_rssi"": -49, ""acc_data"": {""ax"": -0.07, ""ay"": -0.03, ""az"": 0.9, ""pitch"": -3.89, ""roll"": -1.77}, ""gyro_data"": {""gx"": -7.2, ""gy"": 3.87, ""gz"": 3.29}, ""gps_data"": {""latitude"": 0, ""longitude"": 0, ""gps_altitude"": 0, ""time"": 96472}, ""alt_data"": {""pressure"": 859.33, ""temperature"": 24.37, ""AGL"": -0.16, ""velocity"": 0}, ""chute_state"": {""pyro1_state"": 0, ""pyro2_state"": 0}, ""connection_status"": {""connected"": true, ""has_ever_connected"": true, ""packet_age_ms"": 0, ""timeout_exceeded"": false, ""rssi"": -49}, ""communication_mode"": ""BEACON"", ""timestamp"": 88755, ""packets_received"": 294, ""kalman_data"": {""altitude"": 0, ""vertical_velocity"": 0}, ""kalman_altitude"": 0, ""kalman_vertical_velocity"": 0, ""pyroDrogue"": 0, ""pyroMain"": 0, ""pyro1_state"": 0, ""pyro2_state"": 0}"
1755811054.539305,2025-08-22T00:17:34.539305,2586,0,0,-0.07,-0.02,0.9,-4.51,-1.83,-5.61,3.54,2.77,0,0,0,96677,859.3,24.37,0.13,0,0,0,0,-48,,,BEACON,"{""record_number"": 2586, ""operation_mode"": 0, ""state"": 0, ""battery_voltage"": 0, ""wifi_rssi"": -48, ""acc_data"": {""ax"": -0.07, ""ay"": -0.02, ""az"": 0.9, ""pitch"": -4.51, ""roll"": -1.83}, ""gyro_data"": {""gx"": -5.61, ""gy"": 3.54, ""gz"": 2.77}, ""gps_data"": {""latitude"": 0, ""longitude"": 0, ""gps_altitude"": 0, ""time"": 96677}, ""alt_data"": {""pressure"": 859.3, ""temperature"": 24.37, ""AGL"": 0.13, ""velocity"": 0}, ""chute_state"": {""pyro1_state"": 0, ""pyro2_state"": 0}, ""connection_status"": {""connected"": true, ""has_ever_connected"": true, ""packet_age_ms"": 0, ""timeout_exceeded"": false, ""rssi"": -48}, ""communication_mode"": ""BEACON"", ""timestamp"": 89143, ""packets_received"": 295, ""kalman_data"": {""altitude"": 0, ""vertical_velocity"": 0}, ""kalman_altitude"": 0, ""kalman_vertical_velocity"": 0, ""pyroDrogue"": 0, ""pyroMain"": 0, ""pyro1_state"": 0, ""pyro2_state"": 0}"
1755811054.904362,2025-08-22T00:17:34.904362,2594,0,0,-0.08,-0.03,0.91,-4.12,-2.15,-6.74,3.63,3.63,0,0,0,97090,859.31,24.36,0.02,0,0,0,0,-48,,,BEACON,"{""record_number"": 2594, ""operation_mode"": 0, ""state"": 0, ""battery_voltage"": 0, ""wifi_rssi"": -48, ""acc_data"": {""ax"": -0.08, ""ay"": -0.03, ""az"": 0.91, ""pitch"": -4.12, ""roll"": -2.15}, ""gyro_data"": {""gx"": -6.74, ""gy"": 3.63, ""gz"": 3.63}, ""gps_data"": {""latitude"": 0, ""longitude"": 0, ""gps_altitude"": 0, ""time"": 97090}, ""alt_data"": {""pressure"": 859.31, ""temperature"": 24.36, ""AGL"": 0.02, ""velocity"": 0}, ""chute_state"": {""pyro1_state"": 0, ""pyro2_state"": 0}, ""connection_status"": {""connected"": true, ""has_ever_connected"": true, ""packet_age_ms"": 1, ""timeout_exceeded"": false, ""rssi"": -48}, ""communication_mode"": ""BEACON"", ""timestamp"": 89409, ""packets_received"": 296, ""kalman_data"": {""altitude"": 0, ""vertical_velocity"": 0}, ""kalman_altitude"": 0, ""kalman_vertical_velocity"": 0, ""pyroDrogue"": 0, ""pyroMain"": 0, ""pyro1_state"": 0, ""pyro2_state"": 0}"
1755811055.102646,2025-08-22T00:17:35.102646,2602,0,0,-0.07,-0.02,0.9,-4.01,-1.5,-6.34,3.17,3.2,0,0,0,97290,859.37,24.38,-0.54,0,0,0,0,-48,,,BEACON,"{""record_number"": 2602, ""operation_mode"": 0, ""state"": 0, ""battery_voltage"": 0, ""wifi_rssi"": -48, ""acc_data"": {""ax"": -0.07, ""ay"": -0.02, ""az"": 0.9, ""pitch"": -4.01, ""roll"": -1.5}, ""gyro_data"": {""gx"": -6.34, ""gy"": 3.17, ""gz"": 3.2}, ""gps_data"": {""latitude"": 0, ""longitude"": 0, ""gps_altitude"": 0, ""time"": 97290}, ""alt_data"": {""pressure"": 859.37, ""temperature"": 24.38, ""AGL"": -0.54, ""velocity"": 0}, ""chute_state"": {""pyro1_state"": 0, ""pyro2_state"": 0}, ""connection_status"": {""connected"": true, ""has_ever_connected"": true, ""packet_age_ms"": 1, ""timeout_exceeded"": false, ""rssi"": -48}, ""communication_mode"": ""BEACON"", ""timestamp"": 89690, ""packets_received"": 297, ""kalman_data"": {""altitude"": 0, ""vertical_velocity"": 0}, ""kalman_altitude"": 0, ""kalman_vertical_velocity"": 0, ""pyroDrogue"": 0, ""pyroMain"": 0, ""pyro1_state"": 0, ""pyro2_state"": 0}"
1755811055.366282,2025-08-22T00:17:35.366282,2609,0,0,-0.07,-0.03,0.9,-3.98,-1.98,-6.98,4.54,3.2,0,0,0,97696,859.35,24.37,-0.35,0,0,0,0,-49,,,BEACON,"{""record_number"": 2609, ""operation_mode"": 0, ""state"": 0, ""battery_voltage"": 0, ""wifi_rssi"": -49, ""acc_data"": {""ax"": -0.07, ""ay"": -0.03, ""az"": 0.9, ""pitch"": -3.98, ""roll"": -1.98}, ""gyro_data"": {""gx"": -6.98, ""gy"": 4.54, ""gz"": 3.2}, ""gps_data"": {""latitude"": 0, ""longitude"": 0, ""gps_altitude"": 0, ""time"": 97696}, ""alt_data"": {""pressure"": 859.35, ""temperature"": 24.37, ""AGL"": -0.35, ""velocity"": 0}, ""chute_state"": {""pyro1_state"": 0, ""pyro2_state"": 0}, ""connection_status"": {""connected"": true, ""has_ever_connected"": true, ""packet_age_ms"": 0, ""timeout_exceeded"": false, ""rssi"": -49}, ""communication_mode"": ""BEACON"", ""timestamp"": 89958, ""packets_received"": 298, ""kalman_data"": {""altitude"": 0, ""vertical_velocity"": 0}, ""kalman_altitude"": 0, ""kalman_vertical_velocity"": 0, ""pyroDrogue"": 0, ""pyroMain"": 0, ""pyro1_state"": 0, ""pyro2_state"": 0}"
1755811055.914676,2025-08-22T00:17:35.914676,2620,0,0,-0.07,-0.03,0.9,-4.06,-2.02,-6.65,4.33,2.5,0,0,0,97903,859.37,24.39,-0.58,0,0,0,0,-49,,,BEACON,"{""record_number"": 2620, ""operation_mode"": 0, ""state"": 0, ""battery_voltage"": 0, ""wifi_rssi"": -49, ""acc_data"": {""ax"": -0.07, ""ay"": -0.03, ""az"": 0.9, ""pitch"": -4.06, ""roll"": -2.02}, ""gyro_data"": {""gx"": -6.65, ""gy"": 4.33, ""gz"": 2.5}, ""gps_data"": {""latitude"": 0, ""longitude"": 0, ""gps_altitude"": 0, ""time"": 97903}, ""alt_data"": {""pressure"": 859.37, ""temperature"": 24.39, ""AGL"": -0.58, ""velocity"": 0}, ""chute_state"": {""pyro1_state"": 0, ""pyro2_state"": 0}, ""connection_status"": {""connected"": true, ""has_ever_connected"": true, ""packet_age_ms"": 1, ""timeout_exceeded"": false, ""rssi"": -49}, ""communication_mode"": ""BEACON"", ""timestamp"": 90225, ""packets_received"": 299, ""kalman_data"": {""altitude"": 0, ""vertical_velocity"": 0}, ""kalman_altitude"": 0, ""kalman_vertical_velocity"": 0, ""pyroDrogue"": 0, ""pyroMain"": 0, ""pyro1_state"": 0, ""pyro2_state"": 0}"
1755811056.313926,2025-08-22T00:17:36.313926,2628,0,0,-0.07,-0.03,0.9,-4.31,-1.51,-6.74,3.02,3.72,0,0,0,98104,859.34,24.38,-0.32,0,0,0,0,-49,,,BEACON,"{""record_number"": 2628, ""operation_mode"": 0, ""state"": 0, ""battery_voltage"": 0, ""wifi_rssi"": -49, ""acc_data"": {""ax"": -0.07, ""ay"": -0.03, ""az"": 0.9, ""pitch"": -4.31, ""roll"": -1.51}, ""gyro_data"": {""gx"": -6.74, ""gy"": 3.02, ""gz"": 3.72}, ""gps_data"": {""latitude"": 0, ""longitude"": 0, ""gps_altitude"": 0, ""time"": 98104}, ""alt_data"": {""pressure"": 859.34, ""temperature"": 24.38, ""AGL"": -0.32, ""velocity"": 0}, ""chute_state"": {""pyro1_state"": 0, ""pyro2_state"": 0}, ""connection_status"": {""connected"": true, ""has_ever_connected"": true, ""packet_age_ms"": 0, ""timeout_exceeded"": false, ""rssi"": -49}, ""communication_mode"": ""BEACON"", ""timestamp"": 90491, ""packets_received"": 300, ""kalman_data"": {""altitude"": 0, ""vertical_velocity"": 0}, ""kalman_altitude"": 0, ""kalman_vertical_velocity"": 0, ""pyroDrogue"": 0, ""pyroMain"": 0, ""pyro1_state"": 0, ""pyro2_state"": 0}"
1755811056.773679,2025-08-22T00:17:36.773679,2635,0,0,-0.08,-0.03,0.89,-3.92,-1.65,-6.89,2.74,2.96,0,0,0,98506,859.34,24.39,-0.25,0,0,0,0,-48,,,BEACON,"{""record_number"": 2635, ""operation_mode"": 0, ""state"": 0, ""battery_voltage"": 0, ""wifi_rssi"": -48, ""acc_data"": {""ax"": -0.08, ""ay"": -0.03, ""az"": 0.89, ""pitch"": -3.92, ""roll"": -1.65}, ""gyro_data"": {""gx"": -6.89, ""gy"": 2.74, ""gz"": 2.96}, ""gps_data"": {""latitude"": 0, ""longitude"": 0, ""gps_altitude"": 0, ""time"": 98506}, ""alt_data"": {""pressure"": 859.34, ""temperature"": 24.39, ""AGL"": -0.25, ""velocity"": 0}, ""chute_state"": {""pyro1_state"": 0, ""pyro2_state"": 0}, ""connection_status"": {""connected"": true, ""has_ever_connected"": true, ""packet_age_ms"": 0, ""timeout_exceeded"": false, ""rssi"": -48}, ""communication_mode"": ""BEACON"", ""timestamp"": 90879, ""packets_received"": 301, ""kalman_data"": {""altitude"": 0, ""vertical_velocity"": 0}, ""kalman_altitude"": 0, ""kalman_vertical_velocity"": 0, ""pyroDrogue"": 0, ""pyroMain"": 0, ""pyro1_state"": 0, ""pyro2_state"": 0}"
1755811057.570947,2025-08-22T00:17:37.570947,2643,0,0,-0.07,-0.03,0.89,-4.01,-1.71,-5.82,4.02,2.23,0,0,0,98720,859.36,24.39,-0.43,0,0,0,0,-49,,,BEACON,"{""record_number"": 2643, ""operation_mode"": 0, ""state"": 0, ""battery_voltage"": 0, ""wifi_rssi"": -49, ""acc_data"": {""ax"": -0.07, ""ay"": -0.03, ""az"": 0.89, ""pitch"": -4.01, ""roll"": -1.71}, ""gyro_data"": {""gx"": -5.82, ""gy"": 4.02, ""gz"": 2.23}, ""gps_data"": {""latitude"": 0, ""longitude"": 0, ""gps_altitude"": 0, ""time"": 98720}, ""alt_data"": {""pressure"": 859.36, ""temperature"": 24.39, ""AGL"": -0.43, ""velocity"": 0}, ""chute_state"": {""pyro1_state"": 0, ""pyro2_state"": 0}, ""connection_status"": {""connected"": true, ""has_ever_connected"": true, ""packet_age_ms"": 1, ""timeout_exceeded"": false, ""rssi"": -49}, ""communication_mode"": ""BEACON"", ""timestamp"": 91152, ""packets_received"": 302, ""kalman_data"": {""altitude"": 0, ""vertical_velocity"": 0}, ""kalman_altitude"": 0, ""kalman_vertical_velocity"": 0, ""pyroDrogue"": 0, ""pyroMain"": 0, ""pyro1_state"": 0, ""pyro2_state"": 0}"
1755811057.717126,2025-08-22T00:17:37.717126,2650,0,0,-0.07,-0.03,0.9,-4.12,-2.11,-6.62,4.39,3.02,0,0,0,99133,859.36,24.39,-0.48,0,0,0,0,-48,,,BEACON,"{""record_number"": 2650, ""operation_mode"": 0, ""state"": 0, ""battery_voltage"": 0, ""wifi_rssi"": -48, ""acc_data"": {""ax"": -0.07, ""ay"": -0.03, ""az"": 0.9, ""pitch"": -4.12, ""roll"": -2.11}, ""gyro_data"": {""gx"": -6.62, ""gy"": 4.39, ""gz"": 3.02}, ""gps_data"": {""latitude"": 0, ""longitude"": 0, ""gps_altitude"": 0, ""time"": 99133}, ""alt_data"": {""pressure"": 859.36, ""temperature"": 24.39, ""AGL"": -0.48, ""velocity"": 0}, ""chute_state"": {""pyro1_state"": 0, ""pyro2_state"": 0}, ""connection_status"": {""connected"": true, ""has_ever_connected"": true, ""packet_age_ms"": 1, ""timeout_exceeded"": false, ""rssi"": -48}, ""communication_mode"": ""BEACON"", ""timestamp"": 91417, ""packets_received"": 303, ""kalman_data"": {""altitude"": 0, ""vertical_velocity"": 0}, ""kalman_altitude"": 0, ""kalman_vertical_velocity"": 0, ""pyroDrogue"": 0, ""pyroMain"": 0, ""pyro1_state"": 0, ""pyro2_state"": 0}"
1755811057.83845,2025-08-22T00:17:37.838450,2658,0,0,-0.07,-0.03,0.9,-4.31,-1.55,-6.34,4.27,3.08,0,0,0,99333,859.36,24.39,-0.43,0,0,0,0,-48,,,BEACON,"{""record_number"": 2658, ""operation_mode"": 0, ""state"": 0, ""battery_voltage"": 0, ""wifi_rssi"": -48, ""acc_data"": {""ax"": -0.07, ""ay"": -0.03, ""az"": 0.9, ""pitch"": -4.31, ""roll"": -1.55}, ""gyro_data"": {""gx"": -6.34, ""gy"": 4.27, ""gz"": 3.08}, ""gps_data"": {""latitude"": 0, ""longitude"": 0, ""gps_altitude"": 0, ""time"": 99333}, ""alt_data"": {""pressure"": 859.36, ""temperature"": 24.39, ""AGL"": -0.43, ""velocity"": 0}, ""chute_state"": {""pyro1_state"": 0, ""pyro2_state"": 0}, ""connection_status"": {""connected"": true, ""has_ever_connected"": true, ""packet_age_ms"": 1, ""timeout_exceeded"": false, ""rssi"": -48}, ""communication_mode"": ""BEACON"", ""timestamp"": 91689, ""packets_received"": 304, ""kalman_data"": {""altitude"": 0, ""vertical_velocity"": 0}, ""kalman_altitude"": 0, ""kalman_vertical_velocity"": 0, ""pyroDrogue"": 0, ""pyroMain"": 0, ""pyro1_state"": 0, ""pyro2_state"": 0}"
1755811058.03507,2025-08-22T00:17:38.035070,2665,0,0,-0.08,-0.03,0.9,-4.03,-1.58,-5.73,3.48,2.99,0,0,0,99536,859.41,24.4,-0.92,0,0,0,0,-48,,,BEACON,"{""record_number"": 2665, ""operation_mode"": 0, ""state"": 0, ""battery_voltage"": 0, ""wifi_rssi"": -48, ""acc_data"": {""ax"": -0.08, ""ay"": -0.03, ""az"": 0.9, ""pitch"": -4.03, ""roll"": -1.58}, ""gyro_data"": {""gx"": -5.73, ""gy"": 3.48, ""gz"": 2.99}, ""gps_data"": {""latitude"": 0, ""longitude"": 0, ""gps_altitude"": 0, ""time"": 99536}, ""alt_data"": {""pressure"": 859.41, ""temperature"": 24.4, ""AGL"": -0.92, ""velocity"": 0}, ""chute_state"": {""pyro1_state"": 0, ""pyro2_state"": 0}, ""connection_status"": {""connected"": true, ""has_ever_connected"": true, ""packet_age_ms"": 0, ""timeout_exceeded"": false, ""rssi"": -48}, ""communication_mode"": ""BEACON"", ""timestamp"": 91960, ""packets_received"": 305, ""kalman_data"": {""altitude"": 0, ""vertical_velocity"": 0}, ""kalman_altitude"": 0, ""kalman_vertical_velocity"": 0, ""pyroDrogue"": 0, ""pyroMain"": 0, ""pyro1_state"": 0, ""pyro2_state"": 0}"
1755811058.267135,2025-08-22T00:17:38.267135,2676,0,0,-0.07,-0.03,0.9,-4.15,-1.97,-6.01,4.21,2.84,0,0,0,99955,859.34,24.39,-0.29,0,0,0,0,-49,,,BEACON,"{""record_number"": 2676, ""operation_mode"": 0, ""state"": 0, ""battery_voltage"": 0, ""wifi_rssi"": -49, ""acc_data"": {""ax"": -0.07, ""ay"": -0.03, ""az"": 0.9, ""pitch"": -4.15, ""roll"": -1.97}, ""gyro_data"": {""gx"": -6.01, ""gy"": 4.21, ""gz"": 2.84}, ""gps_data"": {""latitude"": 0, ""longitude"": 0, ""gps_altitude"": 0, ""time"": 99955}, ""alt_data"": {""pressure"": 859.34, ""temperature"": 24.39, ""AGL"": -0.29, ""velocity"": 0}, ""chute_state"": {""pyro1_state"": 0, ""pyro2_state"": 0}, ""connection_status"": {""connected"": true, ""has_ever_connected"": true, ""packet_age_ms"": 0, ""timeout_exceeded"": false, ""rssi"": -49}, ""communication_mode"": ""BEACON"", ""timestamp"": 92227, ""packets_received"": 306, ""kalman_data"": {""altitude"": 0, ""vertical_velocity"": 0}, ""kalman_altitude"": 0, ""kalman_vertical_velocity"": 0, ""pyroDrogue"": 0, ""pyroMain"": 0, ""pyro1_state"": 0, ""pyro2_state"": 0}"
1755811058.564684,2025-08-22T00:17:38.564684,2684,0,0,-0.07,-0.03,0.9,-4.37,-1.93,-5.64,3.72,3.29,0,0,0,100154,859.31,24.38,0.04,0,0,0,0,-50,,,BEACON,"{""record_number"": 2684, ""operation_mode"": 0, ""state"": 0, ""battery_voltage"": 0, ""wifi_rssi"": -50, ""acc_data"": {""ax"": -0.07, ""ay"": -0.03, ""az"": 0.9, ""pitch"": -4.37, ""roll"": -1.93}, ""gyro_data"": {""gx"": -5.64, ""gy"": 3.72, ""gz"": 3.29}, ""gps_data"": {""latitude"": 0, ""longitude"": 0, ""gps_altitude"": 0, ""time"": 100154}, ""alt_data"": {""pressure"": 859.31, ""temperature"": 24.38, ""AGL"": 0.04, ""velocity"": 0}, ""chute_state"": {""pyro1_state"": 0, ""pyro2_state"": 0}, ""connection_status"": {""connected"": true, ""has_ever_connected"": true, ""packet_age_ms"": 0, ""timeout_exceeded"": false, ""rssi"": -50}, ""communication_mode"": ""BEACON"", ""timestamp"": 92595, ""packets_received"": 307, ""kalman_data"": {""altitude"": 0, ""vertical_velocity"": 0}, ""kalman_altitude"": 0, ""kalman_vertical_velocity"": 0, ""pyroDrogue"": 0, ""pyroMain"": 0, ""pyro1_state"": 0, ""pyro2_state"": 0}"
1755811058.698678,2025-08-22T00:17:38.698678,2692,0,0,-0.07,-0.03,0.9,-4.48,-2.23,-6.01,3.48,3.14,0,0,0,100557,859.26,24.38,0.48,0,0,0,0,-48,,,BEACON,"{""record_number"": 2692, ""operation_mode"": 0, ""state"": 0, ""battery_voltage"": 0, ""wifi_rssi"": -48, ""acc_data"": {""ax"": -0.07, ""ay"": -0.03, ""az"": 0.9, ""pitch"": -4.48, ""roll"": -2.23}, ""gyro_data"": {""gx"": -6.01, ""gy"": 3.48, ""gz"": 3.14}, ""gps_data"": {""latitude"": 0, ""longitude"": 0, ""gps_altitude"": 0, ""time"": 100557}, ""alt_data"": {""pressure"": 859.26, ""temperature"": 24.38, ""AGL"": 0.48, ""velocity"": 0}, ""chute_state"": {""pyro1_state"": 0, ""pyro2_state"": 0}, ""connection_status"": {""connected"": true, ""has_ever_connected"": true, ""packet_age_ms"": 0, ""timeout_exceeded"": false, ""rssi"": -48}, ""communication_mode"": ""BEACON"", ""timestamp"": 92874, ""packets_received"": 308, ""kalman_data"": {""altitude"": 0, ""vertical_velocity"": 0}, ""kalman_altitude"": 0, ""kalman_vertical_velocity"": 0, ""pyroDrogue"": 0, ""pyroMain"": 0, ""pyro1_state"": 0, ""pyro2_state"": 0}"
1755811058.813884,2025-08-22T00:17:38.813884,2699,0,0,-0.07,-0.03,0.9,-3.95,-1.89,-6.74,4.79,2.68,0,0,0,100769,859.34,24.39,-0.26,0,0,0,0,-49,,,BEACON,"{""record_number"": 2699, ""operation_mode"": 0, ""state"": 0, ""battery_voltage"": 0, ""wifi_rssi"": -49, ""acc_data"": {""ax"": -0.07, ""ay"": -0.03, ""az"": 0.9, ""pitch"": -3.95, ""roll"": -1.89}, ""gyro_data"": {""gx"": -6.74, ""gy"": 4.79, ""gz"": 2.68}, ""gps_data"": {""latitude"": 0, ""longitude"": 0, ""gps_altitude"": 0, ""time"": 100769}, ""alt_data"": {""pressure"": 859.34, ""temperature"": 24.39, ""AGL"": -0.26, ""velocity"": 0}, ""chute_state"": {""pyro1_state"": 0, ""pyro2_state"": 0}, ""connection_status"": {""connected"": true, ""has_ever_connected"": true, ""packet_age_ms"": 1, ""timeout_exceeded"": false, ""rssi"": -49}, ""communication_mode"": ""BEACON"", ""timestamp"": 93144, ""packets_received"": 309, ""kalman_data"": {""altitude"": 0, ""vertical_velocity"": 0}, ""kalman_altitude"": 0, ""kalman_vertical_velocity"": 0, ""pyroDrogue"": 0, ""pyroMain"": 0, ""pyro1_state"": 0, ""pyro2_state"": 0}"
1755811059.319449,2025-08-22T00:17:39.319449,2707,0,0,-0.08,-0.03,0.91,-4.15,-1.43,-5.73,4.45,2.93,0,0,0,100978,859.3,24.39,0.07,0,0,0,0,-48,,,BEACON,"{""record_number"": 2707, ""operation_mode"": 0, ""state"": 0, ""battery_voltage"": 0, ""wifi_rssi"": -48, ""acc_data"": {""ax"": -0.08, ""ay"": -0.03, ""az"": 0.91, ""pitch"": -4.15, ""roll"": -1.43}, ""gyro_data"": {""gx"": -5.73, ""gy"": 4.45, ""gz"": 2.93}, ""gps_data"": {""latitude"": 0, ""longitude"": 0, ""gps_altitude"": 0, ""time"": 100978}, ""alt_data"": {""pressure"": 859.3, ""temperature"": 24.39, ""AGL"": 0.07, ""velocity"": 0}, ""chute_state"": {""pyro1_state"": 0, ""pyro2_state"": 0}, ""connection_status"": {""connected"": true, ""has_ever_connected"": true, ""packet_age_ms"": 1, ""timeout_exceeded"": false, ""rssi"": -48}, ""communication_mode"": ""BEACON"", ""timestamp"": 93410, ""packets_received"": 310, ""kalman_data"": {""altitude"": 0, ""vertical_velocity"": 0}, ""kalman_altitude"": 0, ""kalman_vertical_velocity"": 0, ""pyroDrogue"": 0, ""pyroMain"": 0, ""pyro1_state"": 0, ""pyro2_state"": 0}"
1755811059.583998,2025-08-22T00:17:39.583998,2715,0,0,-0.07,-0.03,0.9,-3.89,-1.56,-6.62,3.6,3.32,0,0,0,101379,859.33,24.39,-0.14,0,0,0,0,-48,,,BEACON,"{""record_number"": 2715, ""operation_mode"": 0, ""state"": 0, ""battery_voltage"": 0, ""wifi_rssi"": -48, ""acc_data"": {""ax"": -0.07, ""ay"": -0.03, ""az"": 0.9, ""pitch"": -3.89, ""roll"": -1.56}, ""gyro_data"": {""gx"": -6.62, ""gy"": 3.6, ""gz"": 3.32}, ""gps_data"": {""latitude"": 0, ""longitude"": 0, ""gps_altitude"": 0, ""time"": 101379}, ""alt_data"": {""pressure"": 859.33, ""temperature"": 24.39, ""AGL"": -0.14, ""velocity"": 0}, ""chute_state"": {""pyro1_state"": 0, ""pyro2_state"": 0}, ""connection_status"": {""connected"": true, ""has_ever_connected"": true, ""packet_age_ms"": 0, ""timeout_exceeded"": false, ""rssi"": -48}, ""communication_mode"": ""BEACON"", ""timestamp"": 93679, ""packets_received"": 311, ""kalman_data"": {""altitude"": 0, ""vertical_velocity"": 0}, ""kalman_altitude"": 0, ""kalman_vertical_velocity"": 0, ""pyroDrogue"": 0, ""pyroMain"": 0, ""pyro1_state"": 0, ""pyro2_state"": 0}"
1755811060.256727,2025-08-22T00:17:40.256727,2726,0,0,-0.08,-0.03,0.89,-3.84,-1.7,-7.07,3.66,2.62,0,0,0,101586,859.33,24.39,-0.22,0,0,0,0,-48,,,BEACON,"{""record_number"": 2726, ""operation_mode"": 0, ""state"": 0, ""battery_voltage"": 0, ""wifi_rssi"": -48, ""acc_data"": {""ax"": -0.08, ""ay"": -0.03, ""az"": 0.89, ""pitch"": -3.84, ""roll"": -1.7}, ""gyro_data"": {""gx"": -7.07, ""gy"": 3.66, ""gz"": 2.62}, ""gps_data"": {""latitude"": 0, ""longitude"": 0, ""gps_altitude"": 0, ""time"": 101586}, ""alt_data"": {""pressure"": 859.33, ""temperature"": 24.39, ""AGL"": -0.22, ""velocity"": 0}, ""chute_state"": {""pyro1_state"": 0, ""pyro2_state"": 0}, ""connection_status"": {""connected"": true, ""has_ever_connected"": true, ""packet_age_ms"": 0, ""timeout_exceeded"": false, ""rssi"": -48}, ""communication_mode"": ""BEACON"", ""timestamp"": 93953, ""packets_received"": 312, ""kalman_data"": {""altitude"": 0, ""vertical_velocity"": 0}, ""kalman_altitude"": 0, ""kalman_vertical_velocity"": 0, ""pyroDrogue"": 0, ""pyroMain"": 0, ""pyro1_state"": 0, ""pyro2_state"": 0}"
1755811060.585492,2025-08-22T00:17:40.585492,2733,0,0,-0.07,-0.02,0.89,-4.01,-1.78,-5.98,3.54,3.35,0,0,0,101799,859.33,24.39,-0.22,0,0,0,0,-48,,,BEACON,"{""record_number"": 2733, ""operation_mode"": 0, ""state"": 0, ""battery_voltage"": 0, ""wifi_rssi"": -48, ""acc_data"": {""ax"": -0.07, ""ay"": -0.02, ""az"": 0.89, ""pitch"": -4.01, ""roll"": -1.78}, ""gyro_data"": {""gx"": -5.98, ""gy"": 3.54, ""gz"": 3.35}, ""gps_data"": {""latitude"": 0, ""longitude"": 0, ""gps_altitude"": 0, ""time"": 101799}, ""alt_data"": {""pressure"": 859.33, ""temperature"": 24.39, ""AGL"": -0.22, ""velocity"": 0}, ""chute_state"": {""pyro1_state"": 0, ""pyro2_state"": 0}, ""connection_status"": {""connected"": true, ""has_ever_connected"": true, ""packet_age_ms"": 0, ""timeout_exceeded"": false, ""rssi"": -48}, ""communication_mode"": ""BEACON"", ""timestamp"": 94329, ""packets_received"": 313, ""kalman_data"": {""altitude"": 0, ""vertical_velocity"": 0}, ""kalman_altitude"": 0, ""kalman_vertical_velocity"": 0, ""pyroDrogue"": 0, ""pyroMain"": 0, ""pyro1_state"": 0, ""pyro2_state"": 0}"
1755811060.862494,2025-08-22T00:17:40.862494,2741,0,0,-0.07,-0.03,0.9,-4.17,-2.23,-6.55,3.75,3.84,0,0,0,102209,859.31,24.39,0.04,0,0,0,0,-48,,,BEACON,"{""record_number"": 2741, ""operation_mode"": 0, ""state"": 0, ""battery_voltage"": 0, ""wifi_rssi"": -48, ""acc_data"": {""ax"": -0.07, ""ay"": -0.03, ""az"": 0.9, ""pitch"": -4.17, ""roll"": -2.23}, ""gyro_data"": {""gx"": -6.55, ""gy"": 3.75, ""gz"": 3.84}, ""gps_data"": {""latitude"": 0, ""longitude"": 0, ""gps_altitude"": 0, ""time"": 102209}, ""alt_data"": {""pressure"": 859.31, ""temperature"": 24.39, ""AGL"": 0.04, ""velocity"": 0}, ""chute_state"": {""pyro1_state"": 0, ""pyro2_state"": 0}, ""connection_status"": {""connected"": true, ""has_ever_connected"": true, ""packet_age_ms"": 0, ""timeout_exceeded"": false, ""rssi"": -48}, ""communication_mode"": ""BEACON"", ""timestamp"": 94599, ""packets_received"": 314, ""kalman_data"": {""altitude"": 0, ""vertical_velocity"": 0}, ""kalman_altitude"": 0, ""kalman_vertical_velocity"": 0, ""pyroDrogue"": 0, ""pyroMain"": 0, ""pyro1_state"": 0, ""pyro2_state"": 0}"
1755811061.454936,2025-08-22T00:17:41.454936,2749,0,0,-0.07,-0.03,0.9,-4.43,-2.03,-5.73,4.45,3.26,0,0,0,102613,859.37,24.39,-0.62,0,0,0,0,-48,,,BEACON,"{""record_number"": 2749, ""operation_mode"": 0, ""state"": 0, ""battery_voltage"": 0, ""wifi_rssi"": -48, ""acc_data"": {""ax"": -0.07, ""ay"": -0.03, ""az"": 0.9, ""pitch"": -4.43, ""roll"": -2.03}, ""gyro_data"": {""gx"": -5.73, ""gy"": 4.45, ""gz"": 3.26}, ""gps_data"": {""latitude"": 0, ""longitude"": 0, ""gps_altitude"": 0, ""time"": 102613}, ""alt_data"": {""pressure"": 859.37, ""temperature"": 24.39, ""AGL"": -0.62, ""velocity"": 0}, ""chute_state"": {""pyro1_state"": 0, ""pyro2_state"": 0}, ""connection_status"": {""connected"": true, ""has_ever_connected"": true, ""packet_age_ms"": 1, ""timeout_exceeded"": false, ""rssi"": -48}, ""communication_mode"": ""BEACON"", ""timestamp"": 94865, ""packets_received"": 315, ""kalman_data"": {""altitude"": 0, ""vertical_velocity"": 0}, ""kalman_altitude"": 0, ""kalman_vertical_velocity"": 0, ""pyroDrogue"": 0, ""pyroMain"": 0, ""pyro1_state"": 0, ""pyro2_state"": 0}"
1755811061.634134,2025-08-22T00:17:41.634134,2756,0,0,-0.08,-0.02,0.9,-4.01,-2.18,-7.2,3.87,3.2,0,0,0,102819,859.38,24.39,-0.62,0,0,0,0,-48,,,BEACON,"{""record_number"": 2756, ""operation_mode"": 0, ""state"": 0, ""battery_voltage"": 0, ""wifi_rssi"": -48, ""acc_data"": {""ax"": -0.08, ""ay"": -0.02, ""az"": 0.9, ""pitch"": -4.01, ""roll"": -2.18}, ""gyro_data"": {""gx"": -7.2, ""gy"": 3.87, ""gz"": 3.2}, ""gps_data"": {""latitude"": 0, ""longitude"": 0, ""gps_altitude"": 0, ""time"": 102819}, ""alt_data"": {""pressure"": 859.38, ""temperature"": 24.39, ""AGL"": -0.62, ""velocity"": 0}, ""chute_state"": {""pyro1_state"": 0, ""pyro2_state"": 0}, ""connection_status"": {""connected"": true, ""has_ever_connected"": true, ""packet_age_ms"": 1, ""timeout_exceeded"": false, ""rssi"": -48}, ""communication_mode"": ""BEACON"", ""timestamp"": 95136, ""packets_received"": 316, ""kalman_data"": {""altitude"": 0, ""vertical_velocity"": 0}, ""kalman_altitude"": 0, ""kalman_vertical_velocity"": 0, ""pyroDrogue"": 0, ""pyroMain"": 0, ""pyro1_state"": 0, ""pyro2_state"": 0}"
1755811061.902509,2025-08-22T00:17:41.902509,2764,0,0,-0.07,-0.03,0.9,-4.26,-1.61,-6.83,3.69,3.45,0,0,0,103026,859.31,24.39,0.04,0,0,0,0,-50,,,BEACON,"{""record_number"": 2764, ""operation_mode"": 0, ""state"": 0, ""battery_voltage"": 0, ""wifi_rssi"": -50, ""acc_data"": {""ax"": -0.07, ""ay"": -0.03, ""az"": 0.9, ""pitch"": -4.26, ""roll"": -1.61}, ""gyro_data"": {""gx"": -6.83, ""gy"": 3.69, ""gz"": 3.45}, ""gps_data"": {""latitude"": 0, ""longitude"": 0, ""gps_altitude"": 0, ""time"": 103026}, ""alt_data"": {""pressure"": 859.31, ""temperature"": 24.39, ""AGL"": 0.04, ""velocity"": 0}, ""chute_state"": {""pyro1_state"": 0, ""pyro2_state"": 0}, ""connection_status"": {""connected"": true, ""has_ever_connected"": true, ""packet_age_ms"": 1, ""timeout_exceeded"": false, ""rssi"": -50}, ""communication_mode"": ""BEACON"", ""timestamp"": 95403, ""packets_received"": 317, ""kalman_data"": {""altitude"": 0, ""vertical_velocity"": 0}, ""kalman_altitude"": 0, ""kalman_vertical_velocity"": 0, ""pyroDrogue"": 0, ""pyroMain"": 0, ""pyro1_state"": 0, ""pyro2_state"": 0}"
1755811062.13561,2025-08-22T00:17:42.135610,2774,0,0,-0.07,-0.03,0.91,-4.15,-1.52,-6.92,2.59,3.75,0,0,0,103426,859.36,24.39,-0.51,0,0,0,0,-48,,,BEACON,"{""record_number"": 2774, ""operation_mode"": 0, ""state"": 0, ""battery_voltage"": 0, ""wifi_rssi"": -48, ""acc_data"": {""ax"": -0.07, ""ay"": -0.03, ""az"": 0.91, ""pitch"": -4.15, ""roll"": -1.52}, ""gyro_data"": {""gx"": -6.92, ""gy"": 2.59, ""gz"": 3.75}, ""gps_data"": {""latitude"": 0, ""longitude"": 0, ""gps_altitude"": 0, ""time"": 103426}, ""alt_data"": {""pressure"": 859.36, ""temperature"": 24.39, ""AGL"": -0.51, ""velocity"": 0}, ""chute_state"": {""pyro1_state"": 0, ""pyro2_state"": 0}, ""connection_status"": {""connected"": true, ""has_ever_connected"": true, ""packet_age_ms"": 0, ""timeout_exceeded"": false, ""rssi"": -48}, ""communication_mode"": ""BEACON"", ""timestamp"": 95670, ""packets_received"": 318, ""kalman_data"": {""altitude"": 0, ""vertical_velocity"": 0}, ""kalman_altitude"": 0, ""kalman_vertical_velocity"": 0, ""pyroDrogue"": 0, ""pyroMain"": 0, ""pyro1_state"": 0, ""pyro2_state"": 0}"
1755811062.303995,2025-08-22T00:17:42.303995,2782,0,0,-0.07,-0.03,0.9,-4.26,-1.56,-6.98,5.12,3.02,0,0,0,103630,859.3,24.39,0.15,0,0,0,0,-48,,,BEACON,"{""record_number"": 2782, ""operation_mode"": 0, ""state"": 0, ""battery_voltage"": 0, ""wifi_rssi"": -48, ""acc_data"": {""ax"": -0.07, ""ay"": -0.03, ""az"": 0.9, ""pitch"": -4.26, ""roll"": -1.56}, ""gyro_data"": {""gx"": -6.98, ""gy"": 5.12, ""gz"": 3.02}, ""gps_data"": {""latitude"": 0, ""longitude"": 0, ""gps_altitude"": 0, ""time"": 103630}, ""alt_data"": {""pressure"": 859.3, ""temperature"": 24.39, ""AGL"": 0.15, ""velocity"": 0}, ""chute_state"": {""pyro1_state"": 0, ""pyro2_state"": 0}, ""connection_status"": {""connected"": true, ""has_ever_connected"": true, ""packet_age_ms"": 0, ""timeout_exceeded"": false, ""rssi"": -48}, ""communication_mode"": ""BEACON"", ""timestamp"": 95941, ""packets_received"": 319, ""kalman_data"": {""altitude"": 0, ""vertical_velocity"": 0}, ""kalman_altitude"": 0, ""kalman_vertical_velocity"": 0, ""pyroDrogue"": 0, ""pyroMain"": 0, ""pyro1_state"": 0, ""pyro2_state"": 0}"
1755811062.451936,2025-08-22T00:17:42.451936,2790,0,0,-0.07,-0.03,0.9,-4.03,-1.9,-6.77,3.84,2.9,0,0,0,103843,859.35,24.4,-0.37,0,0,0,0,-48,,,BEACON,"{""record_number"": 2790, ""operation_mode"": 0, ""state"": 0, ""battery_voltage"": 0, ""wifi_rssi"": -48, ""acc_data"": {""ax"": -0.07, ""ay"": -0.03, ""az"": 0.9, ""pitch"": -4.03, ""roll"": -1.9}, ""gyro_data"": {""gx"": -6.77, ""gy"": 3.84, ""gz"": 2.9}, ""gps_data"": {""latitude"": 0, ""longitude"": 0, ""gps_altitude"": 0, ""time"": 103843}, ""alt_data"": {""pressure"": 859.35, ""temperature"": 24.4, ""AGL"": -0.37, ""velocity"": 0}, ""chute_state"": {""pyro1_state"": 0, ""pyro2_state"": 0}, ""connection_status"": {""connected"": true, ""has_ever_connected"": true, ""packet_age_ms"": 0, ""timeout_exceeded"": false, ""rssi"": -48}, ""communication_mode"": ""BEACON"", ""timestamp"": 96320, ""packets_received"": 320, ""kalman_data"": {""altitude"": 0, ""vertical_velocity"": 0}, ""kalman_altitude"": 0, ""kalman_vertical_velocity"": 0, ""pyroDrogue"": 0, ""pyroMain"": 0, ""pyro1_state"": 0, ""pyro2_state"": 0}"
1755811062.606349,2025-08-22T00:17:42.606349,2798,0,0,-0.07,-0.03,0.91,-4.31,-2.21,-6.07,3.99,2.32,0,0,0,104247,859.34,24.39,-0.29,0,0,0,0,-49,,,BEACON,"{""record_number"": 2798, ""operation_mode"": 0, ""state"": 0, ""battery_voltage"": 0, ""wifi_rssi"": -49, ""acc_data"": {""ax"": -0.07, ""ay"": -0.03, ""az"": 0.91, ""pitch"": -4.31, ""roll"": -2.21}, ""gyro_data"": {""gx"": -6.07, ""gy"": 3.99, ""gz"": 2.32}, ""gps_data"": {""latitude"": 0, ""longitude"": 0, ""gps_altitude"": 0, ""time"": 104247}, ""alt_data"": {""pressure"": 859.34, ""temperature"": 24.39, ""AGL"": -0.29, ""velocity"": 0}, ""chute_state"": {""pyro1_state"": 0, ""pyro2_state"": 0}, ""connection_status"": {""connected"": true, ""has_ever_connected"": true, ""packet_age_ms"": 1, ""timeout_exceeded"": false, ""rssi"": -49}, ""communication_mode"": ""BEACON"", ""timestamp"": 96586, ""packets_received"": 321, ""kalman_data"": {""altitude"": 0, ""vertical_velocity"": 0}, ""kalman_altitude"": 0, ""kalman_vertical_velocity"": 0, ""pyroDrogue"": 0, ""pyroMain"": 0, ""pyro1_state"": 0, ""pyro2_state"": 0}"
1755811062.92634,2025-08-22T00:17:42.926340,2805,0,0,-0.07,-0.03,0.9,-4.2,-1.95,-7.01,3.54,3.17,0,0,0,104448,859.32,24.39,-0.07,0,0,0,0,-48,,,BEACON,"{""record_number"": 2805, ""operation_mode"": 0, ""state"": 0, ""battery_voltage"": 0, ""wifi_rssi"": -48, ""acc_data"": {""ax"": -0.07, ""ay"": -0.03, ""az"": 0.9, ""pitch"": -4.2, ""roll"": -1.95}, ""gyro_data"": {""gx"": -7.01, ""gy"": 3.54, ""gz"": 3.17}, ""gps_data"": {""latitude"": 0, ""longitude"": 0, ""gps_altitude"": 0, ""time"": 104448}, ""alt_data"": {""pressure"": 859.32, ""temperature"": 24.39, ""AGL"": -0.07, ""velocity"": 0}, ""chute_state"": {""pyro1_state"": 0, ""pyro2_state"": 0}, ""connection_status"": {""connected"": true, ""has_ever_connected"": true, ""packet_age_ms"": 0, ""timeout_exceeded"": false, ""rssi"": -48}, ""communication_mode"": ""BEACON"", ""timestamp"": 96856, ""packets_received"": 322, ""kalman_data"": {""altitude"": 0, ""vertical_velocity"": 0}, ""kalman_altitude"": 0, ""kalman_vertical_velocity"": 0, ""pyroDrogue"": 0, ""pyroMain"": 0, ""pyro1_state"": 0, ""pyro2_state"": 0}"
1755811063.054083,2025-08-22T00:17:43.054083,2814,0,0,-0.07,-0.02,0.9,-3.84,-1.68,-6.25,3.41,2.32,0,0,0,104865,859.34,24.39,-0.29,0,0,0,0,-48,,,BEACON,"{""record_number"": 2814, ""operation_mode"": 0, ""state"": 0, ""battery_voltage"": 0, ""wifi_rssi"": -48, ""acc_data"": {""ax"": -0.07, ""ay"": -0.02, ""az"": 0.9, ""pitch"": -3.84, ""roll"": -1.68}, ""gyro_data"": {""gx"": -6.25, ""gy"": 3.41, ""gz"": 2.32}, ""gps_data"": {""latitude"": 0, ""longitude"": 0, ""gps_altitude"": 0, ""time"": 104865}, ""alt_data"": {""pressure"": 859.34, ""temperature"": 24.39, ""AGL"": -0.29, ""velocity"": 0}, ""chute_state"": {""pyro1_state"": 0, ""pyro2_state"": 0}, ""connection_status"": {""connected"": true, ""has_ever_connected"": true, ""packet_age_ms"": 1, ""timeout_exceeded"": false, ""rssi"": -48}, ""communication_mode"": ""BEACON"", ""timestamp"": 97123, ""packets_received"": 323, ""kalman_data"": {""altitude"": 0, ""vertical_velocity"": 0}, ""kalman_altitude"": 0, ""kalman_vertical_velocity"": 0, ""pyroDrogue"": 0, ""pyroMain"": 0, ""pyro1_state"": 0, ""pyro2_state"": 0}"
1755811063.166332,2025-08-22T00:17:43.166332,2824,0,0,-0.07,-0.03,0.89,-4.23,-1.93,-6.25,3.96,3.51,0,0,0,105065,859.33,24.39,-0.18,0,0,0,0,-48,,,BEACON,"{""record_number"": 2824, ""operation_mode"": 0, ""state"": 0, ""battery_voltage"": 0, ""wifi_rssi"": -48, ""acc_data"": {""ax"": -0.07, ""ay"": -0.03, ""az"": 0.89, ""pitch"": -4.23, ""roll"": -1.93}, ""gyro_data"": {""gx"": -6.25, ""gy"": 3.96, ""gz"": 3.51}, ""gps_data"": {""latitude"": 0, ""longitude"": 0, ""gps_altitude"": 0, ""time"": 105065}, ""alt_data"": {""pressure"": 859.33, ""temperature"": 24.39, ""AGL"": -0.18, ""velocity"": 0}, ""chute_state"": {""pyro1_state"": 0, ""pyro2_state"": 0}, ""connection_status"": {""connected"": true, ""has_ever_connected"": true, ""packet_age_ms"": 0, ""timeout_exceeded"": false, ""rssi"": -48}, ""communication_mode"": ""BEACON"", ""timestamp"": 97390, ""packets_received"": 324, ""kalman_data"": {""altitude"": 0, ""vertical_velocity"": 0}, ""kalman_altitude"": 0, ""kalman_vertical_velocity"": 0, ""pyroDrogue"": 0, ""pyroMain"": 0, ""pyro1_state"": 0, ""pyro2_state"": 0}"
1755811063.282873,2025-08-22T00:17:43.282873,2831,0,0,-0.08,-0.02,0.9,-3.73,-2.06,-5.67,3.93,3.45,0,0,0,105267,859.37,24.4,-0.56,0,0,0,0,-47,,,BEACON,"{""record_number"": 2831, ""operation_mode"": 0, ""state"": 0, ""battery_voltage"": 0, ""wifi_rssi"": -47, ""acc_data"": {""ax"": -0.08, ""ay"": -0.02, ""az"": 0.9, ""pitch"": -3.73, ""roll"": -2.06}, ""gyro_data"": {""gx"": -5.67, ""gy"": 3.93, ""gz"": 3.45}, ""gps_data"": {""latitude"": 0, ""longitude"": 0, ""gps_altitude"": 0, ""time"": 105267}, ""alt_data"": {""pressure"": 859.37, ""temperature"": 24.4, ""AGL"": -0.56, ""velocity"": 0}, ""chute_state"": {""pyro1_state"": 0, ""pyro2_state"": 0}, ""connection_status"": {""connected"": true, ""has_ever_connected"": true, ""packet_age_ms"": 0, ""timeout_exceeded"": false, ""rssi"": -47}, ""communication_mode"": ""BEACON"", ""timestamp"": 97657, ""packets_received"": 325, ""kalman_data"": {""altitude"": 0, ""vertical_velocity"": 0}, ""kalman_altitude"": 0, ""kalman_vertical_velocity"": 0, ""pyroDrogue"": 0, ""pyroMain"": 0, ""pyro1_state"": 0, ""pyro2_state"": 0}"
1755811063.454597,2025-08-22T00:17:43.454597,2840,0,0,-0.07,-0.03,0.9,-4.2,-1.91,-6.52,4.48,2.41,0,0,0,105673,859.36,24.4,-0.48,0,0,0,0,-48,,,BEACON,"{""record_number"": 2840, ""operation_mode"": 0, ""state"": 0, ""battery_voltage"": 0, ""wifi_rssi"": -48, ""acc_data"": {""ax"": -0.07, ""ay"": -0.03, ""az"": 0.9, ""pitch"": -4.2, ""roll"": -1.91}, ""gyro_data"": {""gx"": -6.52, ""gy"": 4.48, ""gz"": 2.41}, ""gps_data"": {""latitude"": 0, ""longitude"": 0, ""gps_altitude"": 0, ""time"": 105673}, ""alt_data"": {""pressure"": 859.36, ""temperature"": 24.4, ""AGL"": -0.48, ""velocity"": 0}, ""chute_state"": {""pyro1_state"": 0, ""pyro2_state"": 0}, ""connection_status"": {""connected"": true, ""has_ever_connected"": true, ""packet_age_ms"": 0, ""timeout_exceeded"": false, ""rssi"": -48}, ""communication_mode"": ""BEACON"", ""timestamp"": 98030, ""packets_received"": 326, ""kalman_data"": {""altitude"": 0, ""vertical_velocity"": 0}, ""kalman_altitude"": 0, ""kalman_vertical_velocity"": 0, ""pyroDrogue"": 0, ""pyroMain"": 0, ""pyro1_state"": 0, ""pyro2_state"": 0}"
1755811063.653827,2025-08-22T00:17:43.653827,2848,0,0,-0.07,-0.03,0.9,-3.87,-2.07,-6.13,4.15,2.99,0,0,0,105886,859.33,24.4,-0.19,0,0,0,0,-48,,,BEACON,"{""record_number"": 2848, ""operation_mode"": 0, ""state"": 0, ""battery_voltage"": 0, ""wifi_rssi"": -48, ""acc_data"": {""ax"": -0.07, ""ay"": -0.03, ""az"": 0.9, ""pitch"": -3.87, ""roll"": -2.07}, ""gyro_data"": {""gx"": -6.13, ""gy"": 4.15, ""gz"": 2.99}, ""gps_data"": {""latitude"": 0, ""longitude"": 0, ""gps_altitude"": 0, ""time"": 105886}, ""alt_data"": {""pressure"": 859.33, ""temperature"": 24.4, ""AGL"": -0.19, ""velocity"": 0}, ""chute_state"": {""pyro1_state"": 0, ""pyro2_state"": 0}, ""connection_status"": {""connected"": true, ""has_ever_connected"": true, ""packet_age_ms"": 1, ""timeout_exceeded"": false, ""rssi"": -48}, ""communication_mode"": ""BEACON"", ""timestamp"": 98313, ""packets_received"": 327, ""kalman_data"": {""altitude"": 0, ""vertical_velocity"": 0}, ""kalman_altitude"": 0, ""kalman_vertical_velocity"": 0, ""pyroDrogue"": 0, ""pyroMain"": 0, ""pyro1_state"": 0, ""pyro2_state"": 0}"
1755811063.930801,2025-08-22T00:17:43.930801,2855,0,0,-0.07,-0.03,0.9,-4.06,-1.96,-6.28,3.87,2.84,0,0,0,106288,859.38,24.4,-0.7,0,0,0,0,-47,,,BEACON,"{""record_number"": 2855, ""operation_mode"": 0, ""state"": 0, ""battery_voltage"": 0, ""wifi_rssi"": -47, ""acc_data"": {""ax"": -0.07, ""ay"": -0.03, ""az"": 0.9, ""pitch"": -4.06, ""roll"": -1.96}, ""gyro_data"": {""gx"": -6.28, ""gy"": 3.87, ""gz"": 2.84}, ""gps_data"": {""latitude"": 0, ""longitude"": 0, ""gps_altitude"": 0, ""time"": 106288}, ""alt_data"": {""pressure"": 859.38, ""temperature"": 24.4, ""AGL"": -0.7, ""velocity"": 0}, ""chute_state"": {""pyro1_state"": 0, ""pyro2_state"": 0}, ""connection_status"": {""connected"": true, ""has_ever_connected"": true, ""packet_age_ms"": 0, ""timeout_exceeded"": false, ""rssi"": -47}, ""communication_mode"": ""BEACON"", ""timestamp"": 98581, ""packets_received"": 328, ""kalman_data"": {""altitude"": 0, ""vertical_velocity"": 0}, ""kalman_altitude"": 0, ""kalman_vertical_velocity"": 0, ""pyroDrogue"": 0, ""pyroMain"": 0, ""pyro1_state"": 0, ""pyro2_state"": 0}"
1755811064.180345,2025-08-22T00:17:44.180345,2863,0,0,-0.07,-0.03,0.91,-4.31,-1.78,-5.7,4.27,2.9,0,0,0,106489,859.35,24.39,-0.33,0,0,0,0,-47,,,BEACON,"{""record_number"": 2863, ""operation_mode"": 0, ""state"": 0, ""battery_voltage"": 0, ""wifi_rssi"": -47, ""acc_data"": {""ax"": -0.07, ""ay"": -0.03, ""az"": 0.91, ""pitch"": -4.31, ""roll"": -1.78}, ""gyro_data"": {""gx"": -5.7, ""gy"": 4.27, ""gz"": 2.9}, ""gps_data"": {""latitude"": 0, ""longitude"": 0, ""gps_altitude"": 0, ""time"": 106489}, ""alt_data"": {""pressure"": 859.35, ""temperature"": 24.39, ""AGL"": -0.33, ""velocity"": 0}, ""chute_state"": {""pyro1_state"": 0, ""pyro2_state"": 0}, ""connection_status"": {""connected"": true, ""has_ever_connected"": true, ""packet_age_ms"": 0, ""timeout_exceeded"": false, ""rssi"": -47}, ""communication_mode"": ""BEACON"", ""timestamp"": 98853, ""packets_received"": 329, ""kalman_data"": {""altitude"": 0, ""vertical_velocity"": 0}, ""kalman_altitude"": 0, ""kalman_vertical_velocity"": 0, ""pyroDrogue"": 0, ""pyroMain"": 0, ""pyro1_state"": 0, ""pyro2_state"": 0}"
1755811064.478765,2025-08-22T00:17:44.478765,2870,0,0,-0.07,-0.02,0.9,-3.89,-1.94,-5.98,3.2,3.08,0,0,0,106702,859.38,24.4,-0.7,0,0,0,0,-49,,,BEACON,"{""record_number"": 2870, ""operation_mode"": 0, ""state"": 0, ""battery_voltage"": 0, ""wifi_rssi"": -49, ""acc_data"": {""ax"": -0.07, ""ay"": -0.02, ""az"": 0.9, ""pitch"": -3.89, ""roll"": -1.94}, ""gyro_data"": {""gx"": -5.98, ""gy"": 3.2, ""gz"": 3.08}, ""gps_data"": {""latitude"": 0, ""longitude"": 0, ""gps_altitude"": 0, ""time"": 106702}, ""alt_data"": {""pressure"": 859.38, ""temperature"": 24.4, ""AGL"": -0.7, ""velocity"": 0}, ""chute_state"": {""pyro1_state"": 0, ""pyro2_state"": 0}, ""connection_status"": {""connected"": true, ""has_ever_connected"": true, ""packet_age_ms"": 0, ""timeout_exceeded"": false, ""rssi"": -49}, ""communication_mode"": ""BEACON"", ""timestamp"": 99126, ""packets_received"": 330, ""kalman_data"": {""altitude"": 0, ""vertical_velocity"": 0}, ""kalman_altitude"": 0, ""kalman_vertical_velocity"": 0, ""pyroDrogue"": 0, ""pyroMain"": 0, ""pyro1_state"": 0, ""pyro2_state"": 0}"
1755811064.885833,2025-08-22T00:17:44.885833,2880,0,0,-0.07,-0.03,0.9,-4.01,-1.46,-5.82,3.99,2.9,0,0,0,107115,859.35,24.41,-0.38,0,0,0,0,-48,,,BEACON,"{""record_number"": 2880, ""operation_mode"": 0, ""state"": 0, ""battery_voltage"": 0, ""wifi_rssi"": -48, ""acc_data"": {""ax"": -0.07, ""ay"": -0.03, ""az"": 0.9, ""pitch"": -4.01, ""roll"": -1.46}, ""gyro_data"": {""gx"": -5.82, ""gy"": 3.99, ""gz"": 2.9}, ""gps_data"": {""latitude"": 0, ""longitude"": 0, ""gps_altitude"": 0, ""time"": 107115}, ""alt_data"": {""pressure"": 859.35, ""temperature"": 24.41, ""AGL"": -0.38, ""velocity"": 0}, ""chute_state"": {""pyro1_state"": 0, ""pyro2_state"": 0}, ""connection_status"": {""connected"": true, ""has_ever_connected"": true, ""packet_age_ms"": 1, ""timeout_exceeded"": false, ""rssi"": -48}, ""communication_mode"": ""BEACON"", ""timestamp"": 99505, ""packets_received"": 331, ""kalman_data"": {""altitude"": 0, ""vertical_velocity"": 0}, ""kalman_altitude"": 0, ""kalman_vertical_velocity"": 0, ""pyroDrogue"": 0, ""pyroMain"": 0, ""pyro1_state"": 0, ""pyro2_state"": 0}"
1755811065.181355,2025-08-22T00:17:45.181355,2888,0,0,-0.07,-0.03,0.9,-4.12,-1.48,-6.43,3.35,3.23,0,0,0,107516,859.36,24.4,-0.52,0,0,0,0,-48,,,BEACON,"{""record_number"": 2888, ""operation_mode"": 0, ""state"": 0, ""battery_voltage"": 0, ""wifi_rssi"": -48, ""acc_data"": {""ax"": -0.07, ""ay"": -0.03, ""az"": 0.9, ""pitch"": -4.12, ""roll"": -1.48}, ""gyro_data"": {""gx"": -6.43, ""gy"": 3.35, ""gz"": 3.23}, ""gps_data"": {""latitude"": 0, ""longitude"": 0, ""gps_altitude"": 0, ""time"": 107516}, ""alt_data"": {""pressure"": 859.36, ""temperature"": 24.4, ""AGL"": -0.52, ""velocity"": 0}, ""chute_state"": {""pyro1_state"": 0, ""pyro2_state"": 0}, ""connection_status"": {""connected"": true, ""has_ever_connected"": true, ""packet_age_ms"": 0, ""timeout_exceeded"": false, ""rssi"": -48}, ""communication_mode"": ""BEACON"", ""timestamp"": 99776, ""packets_received"": 332, ""kalman_data"": {""altitude"": 0, ""vertical_velocity"": 0}, ""kalman_altitude"": 0, ""kalman_vertical_velocity"": 0, ""pyroDrogue"": 0, ""pyroMain"": 0, ""pyro1_state"": 0, ""pyro2_state"": 0}"
1755811065.538922,2025-08-22T00:17:45.538922,2896,0,0,-0.07,-0.03,0.9,-4.12,-2.02,-6.22,2.65,3.02,0,0,0,107722,859.37,24.4,-0.52,0,0,0,0,-48,,,BEACON,"{""record_number"": 2896, ""operation_mode"": 0, ""state"": 0, ""battery_voltage"": 0, ""wifi_rssi"": -48, ""acc_data"": {""ax"": -0.07, ""ay"": -0.03, ""az"": 0.9, ""pitch"": -4.12, ""roll"": -2.02}, ""gyro_data"": {""gx"": -6.22, ""gy"": 2.65, ""gz"": 3.02}, ""gps_data"": {""latitude"": 0, ""longitude"": 0, ""gps_altitude"": 0, ""time"": 107722}, ""alt_data"": {""pressure"": 859.37, ""temperature"": 24.4, ""AGL"": -0.52, ""velocity"": 0}, ""chute_state"": {""pyro1_state"": 0, ""pyro2_state"": 0}, ""connection_status"": {""connected"": true, ""has_ever_connected"": true, ""packet_age_ms"": 1, ""timeout_exceeded"": false, ""rssi"": -48}, ""communication_mode"": ""BEACON"", ""timestamp"": 100047, ""packets_received"": 333, ""kalman_data"": {""altitude"": 0, ""vertical_velocity"": 0}, ""kalman_altitude"": 0, ""kalman_vertical_velocity"": 0, ""pyroDrogue"": 0, ""pyroMain"": 0, ""pyro1_state"": 0, ""pyro2_state"": 0}"
1755811065.844143,2025-08-22T00:17:45.844143,2903,0,0,-0.07,-0.03,0.9,-4.31,-2.04,-6.98,3.93,2.68,0,0,0,107932,859.38,24.41,-0.64,0,0,0,0,-48,,,BEACON,"{""record_number"": 2903, ""operation_mode"": 0, ""state"": 0, ""battery_voltage"": 0, ""wifi_rssi"": -48, ""acc_data"": {""ax"": -0.07, ""ay"": -0.03, ""az"": 0.9, ""pitch"": -4.31, ""roll"": -2.04}, ""gyro_data"": {""gx"": -6.98, ""gy"": 3.93, ""gz"": 2.68}, ""gps_data"": {""latitude"": 0, ""longitude"": 0, ""gps_altitude"": 0, ""time"": 107932}, ""alt_data"": {""pressure"": 859.38, ""temperature"": 24.41, ""AGL"": -0.64, ""velocity"": 0}, ""chute_state"": {""pyro1_state"": 0, ""pyro2_state"": 0}, ""connection_status"": {""connected"": true, ""has_ever_connected"": true, ""packet_age_ms"": 1, ""timeout_exceeded"": false, ""rssi"": -48}, ""communication_mode"": ""BEACON"", ""timestamp"": 100314, ""packets_received"": 334, ""kalman_data"": {""altitude"": 0, ""vertical_velocity"": 0}, ""kalman_altitude"": 0, ""kalman_vertical_velocity"": 0, ""pyroDrogue"": 0, ""pyroMain"": 0, ""pyro1_state"": 0, ""pyro2_state"": 0}"
1755811066.189536,2025-08-22T00:17:46.189536,2912,0,0,-0.07,-0.02,0.91,-4.26,-1.9,-5.43,3.9,2.56,0,0,0,108333,859.37,24.41,-0.53,0,0,0,0,-47,,,BEACON,"{""record_number"": 2912, ""operation_mode"": 0, ""state"": 0, ""battery_voltage"": 0, ""wifi_rssi"": -47, ""acc_data"": {""ax"": -0.07, ""ay"": -0.02, ""az"": 0.91, ""pitch"": -4.26, ""roll"": -1.9}, ""gyro_data"": {""gx"": -5.43, ""gy"": 3.9, ""gz"": 2.56}, ""gps_data"": {""latitude"": 0, ""longitude"": 0, ""gps_altitude"": 0, ""time"": 108333}, ""alt_data"": {""pressure"": 859.37, ""temperature"": 24.41, ""AGL"": -0.53, ""velocity"": 0}, ""chute_state"": {""pyro1_state"": 0, ""pyro2_state"": 0}, ""connection_status"": {""connected"": true, ""has_ever_connected"": true, ""packet_age_ms"": 1, ""timeout_exceeded"": false, ""rssi"": -47}, ""communication_mode"": ""BEACON"", ""timestamp"": 100582, ""packets_received"": 335, ""kalman_data"": {""altitude"": 0, ""vertical_velocity"": 0}, ""kalman_altitude"": 0, ""kalman_vertical_velocity"": 0, ""pyroDrogue"": 0, ""pyroMain"": 0, ""pyro1_state"": 0, ""pyro2_state"": 0}"
1755811066.382619,2025-08-22T00:17:46.382619,2920,0,0,-0.07,-0.03,0.9,-3.92,-1.65,-6.98,3.35,2.9,0,0,0,108534,859.37,24.41,-0.53,0,0,0,0,-48,,,BEACON,"{""record_number"": 2920, ""operation_mode"": 0, ""state"": 0, ""battery_voltage"": 0, ""wifi_rssi"": -48, ""acc_data"": {""ax"": -0.07, ""ay"": -0.03, ""az"": 0.9, ""pitch"": -3.92, ""roll"": -1.65}, ""gyro_data"": {""gx"": -6.98, ""gy"": 3.35, ""gz"": 2.9}, ""gps_data"": {""latitude"": 0, ""longitude"": 0, ""gps_altitude"": 0, ""time"": 108534}, ""alt_data"": {""pressure"": 859.37, ""temperature"": 24.41, ""AGL"": -0.53, ""velocity"": 0}, ""chute_state"": {""pyro1_state"": 0, ""pyro2_state"": 0}, ""connection_status"": {""connected"": true, ""has_ever_connected"": true, ""packet_age_ms"": 0, ""timeout_exceeded"": false, ""rssi"": -48}, ""communication_mode"": ""BEACON"", ""timestamp"": 100853, ""packets_received"": 336, ""kalman_data"": {""altitude"": 0, ""vertical_velocity"": 0}, ""kalman_altitude"": 0, ""kalman_vertical_velocity"": 0, ""pyroDrogue"": 0, ""pyroMain"": 0, ""pyro1_state"": 0, ""pyro2_state"": 0}"
1755811066.582044,2025-08-22T00:17:46.582044,2930,0,0,-0.07,-0.03,0.9,-4.29,-1.92,-5.91,2.77,3.54,0,0,0,108746,859.36,24.41,-0.45,0,0,0,0,-47,,,BEACON,"{""record_number"": 2930, ""operation_mode"": 0, ""state"": 0, ""battery_voltage"": 0, ""wifi_rssi"": -47, ""acc_data"": {""ax"": -0.07, ""ay"": -0.03, ""az"": 0.9, ""pitch"": -4.29, ""roll"": -1.92}, ""gyro_data"": {""gx"": -5.91, ""gy"": 2.77, ""gz"": 3.54}, ""gps_data"": {""latitude"": 0, ""longitude"": 0, ""gps_altitude"": 0, ""time"": 108746}, ""alt_data"": {""pressure"": 859.36, ""temperature"": 24.41, ""AGL"": -0.45, ""velocity"": 0}, ""chute_state"": {""pyro1_state"": 0, ""pyro2_state"": 0}, ""connection_status"": {""connected"": true, ""has_ever_connected"": true, ""packet_age_ms"": 0, ""timeout_exceeded"": false, ""rssi"": -47}, ""communication_mode"": ""BEACON"", ""timestamp"": 101124, ""packets_received"": 337, ""kalman_data"": {""altitude"": 0, ""vertical_velocity"": 0}, ""kalman_altitude"": 0, ""kalman_vertical_velocity"": 0, ""pyroDrogue"": 0, ""pyroMain"": 0, ""pyro1_state"": 0, ""pyro2_state"": 0}"
1755811066.912734,2025-08-22T00:17:46.912734,2938,0,0,-0.07,-0.03,0.9,-4.12,-1.56,-6.46,2.1,1.89,0,0,0,108958,859.34,24.41,-0.27,0,0,0,0,-47,,,BEACON,"{""record_number"": 2938, ""operation_mode"": 0, ""state"": 0, ""battery_voltage"": 0, ""wifi_rssi"": -47, ""acc_data"": {""ax"": -0.07, ""ay"": -0.03, ""az"": 0.9, ""pitch"": -4.12, ""roll"": -1.56}, ""gyro_data"": {""gx"": -6.46, ""gy"": 2.1, ""gz"": 1.89}, ""gps_data"": {""latitude"": 0, ""longitude"": 0, ""gps_altitude"": 0, ""time"": 108958}, ""alt_data"": {""pressure"": 859.34, ""temperature"": 24.41, ""AGL"": -0.27, ""velocity"": 0}, ""chute_state"": {""pyro1_state"": 0, ""pyro2_state"": 0}, ""connection_status"": {""connected"": true, ""has_ever_connected"": true, ""packet_age_ms"": 0, ""timeout_exceeded"": false, ""rssi"": -47}, ""communication_mode"": ""BEACON"", ""timestamp"": 101494, ""packets_received"": 338, ""kalman_data"": {""altitude"": 0, ""vertical_velocity"": 0}, ""kalman_altitude"": 0, ""kalman_vertical_velocity"": 0, ""pyroDrogue"": 0, ""pyroMain"": 0, ""pyro1_state"": 0, ""pyro2_state"": 0}"
1755811067.770872,2025-08-22T00:17:47.770872,2945,0,0,-0.07,-0.02,0.9,-4.23,-1.96,-6.46,4.63,2.56,0,0,0,109361,859.38,24.42,-0.68,0,0,0,0,-47,,,BEACON,"{""record_number"": 2945, ""operation_mode"": 0, ""state"": 0, ""battery_voltage"": 0, ""wifi_rssi"": -47, ""acc_data"": {""ax"": -0.07, ""ay"": -0.02, ""az"": 0.9, ""pitch"": -4.23, ""roll"": -1.96}, ""gyro_data"": {""gx"": -6.46, ""gy"": 4.63, ""gz"": 2.56}, ""gps_data"": {""latitude"": 0, ""longitude"": 0, ""gps_altitude"": 0, ""time"": 109361}, ""alt_data"": {""pressure"": 859.38, ""temperature"": 24.42, ""AGL"": -0.68, ""velocity"": 0}, ""chute_state"": {""pyro1_state"": 0, ""pyro2_state"": 0}, ""connection_status"": {""connected"": true, ""has_ever_connected"": true, ""packet_age_ms"": 0, ""timeout_exceeded"": false, ""rssi"": -47}, ""communication_mode"": ""BEACON"", ""timestamp"": 101767, ""packets_received"": 339, ""kalman_data"": {""altitude"": 0, ""vertical_velocity"": 0}, ""kalman_altitude"": 0, ""kalman_vertical_velocity"": 0, ""pyroDrogue"": 0, ""pyroMain"": 0, ""pyro1_state"": 0, ""pyro2_state"": 0}"
1755811068.202994,2025-08-22T00:17:48.202994,2954,0,0,-0.07,-0.04,0.9,-4.29,-1.8,-7.01,7.59,3.14,0,0,0,109771,859.35,24.41,-0.38,0,0,0,0,-47,,,BEACON,"{""record_number"": 2954, ""operation_mode"": 0, ""state"": 0, ""battery_voltage"": 0, ""wifi_rssi"": -47, ""acc_data"": {""ax"": -0.07, ""ay"": -0.04, ""az"": 0.9, ""pitch"": -4.29, ""roll"": -1.8}, ""gyro_data"": {""gx"": -7.01, ""gy"": 7.59, ""gz"": 3.14}, ""gps_data"": {""latitude"": 0, ""longitude"": 0, ""gps_altitude"": 0, ""time"": 109771}, ""alt_data"": {""pressure"": 859.35, ""temperature"": 24.41, ""AGL"": -0.38, ""velocity"": 0}, ""chute_state"": {""pyro1_state"": 0, ""pyro2_state"": 0}, ""connection_status"": {""connected"": true, ""has_ever_connected"": true, ""packet_age_ms"": 0, ""timeout_exceeded"": false, ""rssi"": -47}, ""communication_mode"": ""BEACON"", ""timestamp"": 102032, ""packets_received"": 340, ""kalman_data"": {""altitude"": 0, ""vertical_velocity"": 0}, ""kalman_altitude"": 0, ""kalman_vertical_velocity"": 0, ""pyroDrogue"": 0, ""pyroMain"": 0, ""pyro1_state"": 0, ""pyro2_state"": 0}"
1755811068.534148,2025-08-22T00:17:48.534148,2962,0,0,-0.07,-0.03,0.89,-3.84,-1.42,-5.43,3.87,3.81,0,0,0,109976,859.37,24.41,-0.53,0,0,0,0,-47,,,BEACON,"{""record_number"": 2962, ""operation_mode"": 0, ""state"": 0, ""battery_voltage"": 0, ""wifi_rssi"": -47, ""acc_data"": {""ax"": -0.07, ""ay"": -0.03, ""az"": 0.89, ""pitch"": -3.84, ""roll"": -1.42}, ""gyro_data"": {""gx"": -5.43, ""gy"": 3.87, ""gz"": 3.81}, ""gps_data"": {""latitude"": 0, ""longitude"": 0, ""gps_altitude"": 0, ""time"": 109976}, ""alt_data"": {""pressure"": 859.37, ""temperature"": 24.41, ""AGL"": -0.53, ""velocity"": 0}, ""chute_state"": {""pyro1_state"": 0, ""pyro2_state"": 0}, ""connection_status"": {""connected"": true, ""has_ever_connected"": true, ""packet_age_ms"": 0, ""timeout_exceeded"": false, ""rssi"": -47}, ""communication_mode"": ""BEACON"", ""timestamp"": 102298, ""packets_received"": 341, ""kalman_data"": {""altitude"": 0, ""vertical_velocity"": 0}, ""kalman_altitude"": 0, ""kalman_vertical_velocity"": 0, ""pyroDrogue"": 0, ""pyroMain"": 0, ""pyro1_state"": 0, ""pyro2_state"": 0}"
1755811068.72115,2025-08-22T00:17:48.721150,2972,0,0,-0.07,-0.04,0.9,-4.62,-1.8,-6.1,3.84,3.38,0,0,0,110177,859.36,24.41,-0.49,0,0,0,0,-47,,,BEACON,"{""record_number"": 2972, ""operation_mode"": 0, ""state"": 0, ""battery_voltage"": 0, ""wifi_rssi"": -47, ""acc_data"": {""ax"": -0.07, ""ay"": -0.04, ""az"": 0.9, ""pitch"": -4.62, ""roll"": -1.8}, ""gyro_data"": {""gx"": -6.1, ""gy"": 3.84, ""gz"": 3.38}, ""gps_data"": {""latitude"": 0, ""longitude"": 0, ""gps_altitude"": 0, ""time"": 110177}, ""alt_data"": {""pressure"": 859.36, ""temperature"": 24.41, ""AGL"": -0.49, ""velocity"": 0}, ""chute_state"": {""pyro1_state"": 0, ""pyro2_state"": 0}, ""connection_status"": {""connected"": true, ""has_ever_connected"": true, ""packet_age_ms"": 1, ""timeout_exceeded"": false, ""rssi"": -47}, ""communication_mode"": ""BEACON"", ""timestamp"": 102564, ""packets_received"": 342, ""kalman_data"": {""altitude"": 0, ""vertical_velocity"": 0}, ""kalman_altitude"": 0, ""kalman_vertical_velocity"": 0, ""pyroDrogue"": 0, ""pyroMain"": 0, ""pyro1_state"": 0, ""pyro2_state"": 0}"
1755811068.919249,2025-08-22T00:17:48.919249,2979,0,0,-0.07,-0.03,0.9,-4.43,-1.8,-6.77,5.67,3.02,0,0,0,110580,859.38,24.42,-0.64,0,0,0,0,-47,,,BEACON,"{""record_number"": 2979, ""operation_mode"": 0, ""state"": 0, ""battery_voltage"": 0, ""wifi_rssi"": -47, ""acc_data"": {""ax"": -0.07, ""ay"": -0.03, ""az"": 0.9, ""pitch"": -4.43, ""roll"": -1.8}, ""gyro_data"": {""gx"": -6.77, ""gy"": 5.67, ""gz"": 3.02}, ""gps_data"": {""latitude"": 0, ""longitude"": 0, ""gps_altitude"": 0, ""time"": 110580}, ""alt_data"": {""pressure"": 859.38, ""temperature"": 24.42, ""AGL"": -0.64, ""velocity"": 0}, ""chute_state"": {""pyro1_state"": 0, ""pyro2_state"": 0}, ""connection_status"": {""connected"": true, ""has_ever_connected"": true, ""packet_age_ms"": 0, ""timeout_exceeded"": false, ""rssi"": -47}, ""communication_mode"": ""BEACON"", ""timestamp"": 102829, ""packets_received"": 343, ""kalman_data"": {""altitude"": 0, ""vertical_velocity"": 0}, ""kalman_altitude"": 0, ""kalman_vertical_velocity"": 0, ""pyroDrogue"": 0, ""pyroMain"": 0, ""pyro1_state"": 0, ""pyro2_state"": 0}"
1755811069.003338,2025-08-22T00:17:49.003338,2987,0,0,-0.07,-0.02,0.9,-4.12,-1.55,-5.88,4.51,3.35,0,0,0,110787,859.36,24.41,-0.45,0,0,0,0,-47,,,BEACON,"{""record_number"": 2987, ""operation_mode"": 0, ""state"": 0, ""battery_voltage"": 0, ""wifi_rssi"": -47, ""acc_data"": {""ax"": -0.07, ""ay"": -0.02, ""az"": 0.9, ""pitch"": -4.12, ""roll"": -1.55}, ""gyro_data"": {""gx"": -5.88, ""gy"": 4.51, ""gz"": 3.35}, ""gps_data"": {""latitude"": 0, ""longitude"": 0, ""gps_altitude"": 0, ""time"": 110787}, ""alt_data"": {""pressure"": 859.36, ""temperature"": 24.41, ""AGL"": -0.45, ""velocity"": 0}, ""chute_state"": {""pyro1_state"": 0, ""pyro2_state"": 0}, ""connection_status"": {""connected"": true, ""has_ever_connected"": true, ""packet_age_ms"": 0, ""timeout_exceeded"": false, ""rssi"": -47}, ""communication_mode"": ""BEACON"", ""timestamp"": 103199, ""packets_received"": 344, ""kalman_data"": {""altitude"": 0, ""vertical_velocity"": 0}, ""kalman_altitude"": 0, ""kalman_vertical_velocity"": 0, ""pyroDrogue"": 0, ""pyroMain"": 0, ""pyro1_state"": 0, ""pyro2_state"": 0}"
1755811069.165917,2025-08-22T00:17:49.165917,2995,0,0,-0.07,-0.03,0.9,-4.06,-2.06,-7.01,3.81,1.98,0,0,0,111193,859.32,24.41,-0.13,0,0,0,0,-47,,,BEACON,"{""record_number"": 2995, ""operation_mode"": 0, ""state"": 0, ""battery_voltage"": 0, ""wifi_rssi"": -47, ""acc_data"": {""ax"": -0.07, ""ay"": -0.03, ""az"": 0.9, ""pitch"": -4.06, ""roll"": -2.06}, ""gyro_data"": {""gx"": -7.01, ""gy"": 3.81, ""gz"": 1.98}, ""gps_data"": {""latitude"": 0, ""longitude"": 0, ""gps_altitude"": 0, ""time"": 111193}, ""alt_data"": {""pressure"": 859.32, ""temperature"": 24.41, ""AGL"": -0.13, ""velocity"": 0}, ""chute_state"": {""pyro1_state"": 0, ""pyro2_state"": 0}, ""connection_status"": {""connected"": true, ""has_ever_connected"": true, ""packet_age_ms"": 1, ""timeout_exceeded"": false, ""rssi"": -47}, ""communication_mode"": ""BEACON"", ""timestamp"": 103469, ""packets_received"": 345, ""kalman_data"": {""altitude"": 0, ""vertical_velocity"": 0}, ""kalman_altitude"": 0, ""kalman_vertical_velocity"": 0, ""pyroDrogue"": 0, ""pyroMain"": 0, ""pyro1_state"": 0, ""pyro2_state"": 0}"
1755811069.316864,2025-08-22T00:17:49.316864,3003,0,0,-0.07,-0.03,0.9,-3.98,-1.56,-6.49,4.42,2.16,0,0,0,111394,859.37,24.43,-0.58,0,0,0,0,-47,,,BEACON,"{""record_number"": 3003, ""operation_mode"": 0, ""state"": 0, ""battery_voltage"": 0, ""wifi_rssi"": -47, ""acc_data"": {""ax"": -0.07, ""ay"": -0.03, ""az"": 0.9, ""pitch"": -3.98, ""roll"": -1.56}, ""gyro_data"": {""gx"": -6.49, ""gy"": 4.42, ""gz"": 2.16}, ""gps_data"": {""latitude"": 0, ""longitude"": 0, ""gps_altitude"": 0, ""time"": 111394}, ""alt_data"": {""pressure"": 859.37, ""temperature"": 24.43, ""AGL"": -0.58, ""velocity"": 0}, ""chute_state"": {""pyro1_state"": 0, ""pyro2_state"": 0}, ""connection_status"": {""connected"": true, ""has_ever_connected"": true, ""packet_age_ms"": 1, ""timeout_exceeded"": false, ""rssi"": -47}, ""communication_mode"": ""BEACON"", ""timestamp"": 103742, ""packets_received"": 346, ""kalman_data"": {""altitude"": 0, ""vertical_velocity"": 0}, ""kalman_altitude"": 0, ""kalman_vertical_velocity"": 0, ""pyroDrogue"": 0, ""pyroMain"": 0, ""pyro1_state"": 0, ""pyro2_state"": 0}"
1755811069.686594,2025-08-22T00:17:49.686594,3010,0,0,-0.08,-0.03,0.91,-3.98,-1.8,-6.1,3.87,2.59,0,0,0,111600,859.38,24.42,-0.68,0,0,0,0,-47,,,BEACON,"{""record_number"": 3010, ""operation_mode"": 0, ""state"": 0, ""battery_voltage"": 0, ""wifi_rssi"": -47, ""acc_data"": {""ax"": -0.08, ""ay"": -0.03, ""az"": 0.91, ""pitch"": -3.98, ""roll"": -1.8}, ""gyro_data"": {""gx"": -6.1, ""gy"": 3.87, ""gz"": 2.59}, ""gps_data"": {""latitude"": 0, ""longitude"": 0, ""gps_altitude"": 0, ""time"": 111600}, ""alt_data"": {""pressure"": 859.38, ""temperature"": 24.42, ""AGL"": -0.68, ""velocity"": 0}, ""chute_state"": {""pyro1_state"": 0, ""pyro2_state"": 0}, ""connection_status"": {""connected"": true, ""has_ever_connected"": true, ""packet_age_ms"": 0, ""timeout_exceeded"": false, ""rssi"": -47}, ""communication_mode"": ""BEACON"", ""timestamp"": 104013, ""packets_received"": 347, ""kalman_data"": {""altitude"": 0, ""vertical_velocity"": 0}, ""kalman_altitude"": 0, ""kalman_vertical_velocity"": 0, ""pyroDrogue"": 0, ""pyroMain"": 0, ""pyro1_state"": 0, ""pyro2_state"": 0}"
1755811069.847891,2025-08-22T00:17:49.847891,3019,0,0,-0.07,-0.03,0.9,-3.84,-1.98,-6.13,2.01,3.51,0,0,0,112017,859.31,24.42,0.04,0,0,0,0,-46,,,BEACON,"{""record_number"": 3019, ""operation_mode"": 0, ""state"": 0, ""battery_voltage"": 0, ""wifi_rssi"": -46, ""acc_data"": {""ax"": -0.07, ""ay"": -0.03, ""az"": 0.9, ""pitch"": -3.84, ""roll"": -1.98}, ""gyro_data"": {""gx"": -6.13, ""gy"": 2.01, ""gz"": 3.51}, ""gps_data"": {""latitude"": 0, ""longitude"": 0, ""gps_altitude"": 0, ""time"": 112017}, ""alt_data"": {""pressure"": 859.31, ""temperature"": 24.42, ""AGL"": 0.04, ""velocity"": 0}, ""chute_state"": {""pyro1_state"": 0, ""pyro2_state"": 0}, ""connection_status"": {""connected"": true, ""has_ever_connected"": true, ""packet_age_ms"": 0, ""timeout_exceeded"": false, ""rssi"": -46}, ""communication_mode"": ""BEACON"", ""timestamp"": 104279, ""packets_received"": 348, ""kalman_data"": {""altitude"": 0, ""vertical_velocity"": 0}, ""kalman_altitude"": 0, ""kalman_vertical_velocity"": 0, ""pyroDrogue"": 0, ""pyroMain"": 0, ""pyro1_state"": 0, ""pyro2_state"": 0}"
1755811070.255406,2025-08-22T00:17:50.255406,3029,0,0,-0.07,-0.02,0.9,-3.73,-1.87,-6.46,3.41,2.87,0,0,0,112218,859.35,24.42,-0.36,0,0,0,0,-47,,,BEACON,"{""record_number"": 3029, ""operation_mode"": 0, ""state"": 0, ""battery_voltage"": 0, ""wifi_rssi"": -47, ""acc_data"": {""ax"": -0.07, ""ay"": -0.02, ""az"": 0.9, ""pitch"": -3.73, ""roll"": -1.87}, ""gyro_data"": {""gx"": -6.46, ""gy"": 3.41, ""gz"": 2.87}, ""gps_data"": {""latitude"": 0, ""longitude"": 0, ""gps_altitude"": 0, ""time"": 112218}, ""alt_data"": {""pressure"": 859.35, ""temperature"": 24.42, ""AGL"": -0.36, ""velocity"": 0}, ""chute_state"": {""pyro1_state"": 0, ""pyro2_state"": 0}, ""connection_status"": {""connected"": true, ""has_ever_connected"": true, ""packet_age_ms"": 0, ""timeout_exceeded"": false, ""rssi"": -47}, ""communication_mode"": ""BEACON"", ""timestamp"": 104545, ""packets_received"": 349, ""kalman_data"": {""altitude"": 0, ""vertical_velocity"": 0}, ""kalman_altitude"": 0, ""kalman_vertical_velocity"": 0, ""pyroDrogue"": 0, ""pyroMain"": 0, ""pyro1_state"": 0, ""pyro2_state"": 0}"
1755811070.700836,2025-08-22T00:17:50.700836,3037,0,0,-0.07,-0.03,0.9,-4.57,-0.43,-6.98,5.43,3.23,0,0,0,112419,859.36,24.42,-0.46,0,0,0,0,-47,,,BEACON,"{""record_number"": 3037, ""operation_mode"": 0, ""state"": 0, ""battery_voltage"": 0, ""wifi_rssi"": -47, ""acc_data"": {""ax"": -0.07, ""ay"": -0.03, ""az"": 0.9, ""pitch"": -4.57, ""roll"": -0.43}, ""gyro_data"": {""gx"": -6.98, ""gy"": 5.43, ""gz"": 3.23}, ""gps_data"": {""latitude"": 0, ""longitude"": 0, ""gps_altitude"": 0, ""time"": 112419}, ""alt_data"": {""pressure"": 859.36, ""temperature"": 24.42, ""AGL"": -0.46, ""velocity"": 0}, ""chute_state"": {""pyro1_state"": 0, ""pyro2_state"": 0}, ""connection_status"": {""connected"": true, ""has_ever_connected"": true, ""packet_age_ms"": 0, ""timeout_exceeded"": false, ""rssi"": -47}, ""communication_mode"": ""BEACON"", ""timestamp"": 104816, ""packets_received"": 350, ""kalman_data"": {""altitude"": 0, ""vertical_velocity"": 0}, ""kalman_altitude"": 0, ""kalman_vertical_velocity"": 0, ""pyroDrogue"": 0, ""pyroMain"": 0, ""pyro1_state"": 0, ""pyro2_state"": 0}"
1755811071.028842,2025-08-22T00:17:51.028842,3044,0,0,-0.07,-0.03,0.89,-3.95,-1.64,-6.16,3.11,3.6,0,0,0,112832,859.41,24.43,-0.98,0,0,0,0,-47,,,BEACON,"{""record_number"": 3044, ""operation_mode"": 0, ""state"": 0, ""battery_voltage"": 0, ""wifi_rssi"": -47, ""acc_data"": {""ax"": -0.07, ""ay"": -0.03, ""az"": 0.89, ""pitch"": -3.95, ""roll"": -1.64}, ""gyro_data"": {""gx"": -6.16, ""gy"": 3.11, ""gz"": 3.6}, ""gps_data"": {""latitude"": 0, ""longitude"": 0, ""gps_altitude"": 0, ""time"": 112832}, ""alt_data"": {""pressure"": 859.41, ""temperature"": 24.43, ""AGL"": -0.98, ""velocity"": 0}, ""chute_state"": {""pyro1_state"": 0, ""pyro2_state"": 0}, ""connection_status"": {""connected"": true, ""has_ever_connected"": true, ""packet_age_ms"": 1, ""timeout_exceeded"": false, ""rssi"": -47}, ""communication_mode"": ""BEACON"", ""timestamp"": 105190, ""packets_received"": 351, ""kalman_data"": {""altitude"": 0, ""vertical_velocity"": 0}, ""kalman_altitude"": 0, ""kalman_vertical_velocity"": 0, ""pyroDrogue"": 0, ""pyroMain"": 0, ""pyro1_state"": 0, ""pyro2_state"": 0}"
1755811071.34946,2025-08-22T00:17:51.349460,3052,0,0,-0.08,-0.03,0.9,-4.01,-1.93,-6.86,3.75,3.45,0,0,0,113038,859.41,24.43,-0.98,0,0,0,0,-47,,,BEACON,"{""record_number"": 3052, ""operation_mode"": 0, ""state"": 0, ""battery_voltage"": 0, ""wifi_rssi"": -47, ""acc_data"": {""ax"": -0.08, ""ay"": -0.03, ""az"": 0.9, ""pitch"": -4.01, ""roll"": -1.93}, ""gyro_data"": {""gx"": -6.86, ""gy"": 3.75, ""gz"": 3.45}, ""gps_data"": {""latitude"": 0, ""longitude"": 0, ""gps_altitude"": 0, ""time"": 113038}, ""alt_data"": {""pressure"": 859.41, ""temperature"": 24.43, ""AGL"": -0.98, ""velocity"": 0}, ""chute_state"": {""pyro1_state"": 0, ""pyro2_state"": 0}, ""connection_status"": {""connected"": true, ""has_ever_connected"": true, ""packet_age_ms"": 0, ""timeout_exceeded"": false, ""rssi"": -47}, ""communication_mode"": ""BEACON"", ""timestamp"": 105455, ""packets_received"": 352, ""kalman_data"": {""altitude"": 0, ""vertical_velocity"": 0}, ""kalman_altitude"": 0, ""kalman_vertical_velocity"": 0, ""pyroDrogue"": 0, ""pyroMain"": 0, ""pyro1_state"": 0, ""pyro2_state"": 0}"
1755811071.717027,2025-08-22T00:17:51.717027,3060,0,0,-0.07,-0.03,0.91,-4.17,-1.58,-6.07,3.57,2.84,0,0,0,113437,859.29,24.42,0.23,0,0,0,0,-46,,,BEACON,"{""record_number"": 3060, ""operation_mode"": 0, ""state"": 0, ""battery_voltage"": 0, ""wifi_rssi"": -46, ""acc_data"": {""ax"": -0.07, ""ay"": -0.03, ""az"": 0.91, ""pitch"": -4.17, ""roll"": -1.58}, ""gyro_data"": {""gx"": -6.07, ""gy"": 3.57, ""gz"": 2.84}, ""gps_data"": {""latitude"": 0, ""longitude"": 0, ""gps_altitude"": 0, ""time"": 113437}, ""alt_data"": {""pressure"": 859.29, ""temperature"": 24.42, ""AGL"": 0.23, ""velocity"": 0}, ""chute_state"": {""pyro1_state"": 0, ""pyro2_state"": 0}, ""connection_status"": {""connected"": true, ""has_ever_connected"": true, ""packet_age_ms"": 0, ""timeout_exceeded"": false, ""rssi"": -46}, ""communication_mode"": ""BEACON"", ""timestamp"": 105721, ""packets_received"": 353, ""kalman_data"": {""altitude"": 0, ""vertical_velocity"": 0}, ""kalman_altitude"": 0, ""kalman_vertical_velocity"": 0, ""pyroDrogue"": 0, ""pyroMain"": 0, ""pyro1_state"": 0, ""pyro2_state"": 0}"
1755811072.238108,2025-08-22T00:17:52.238108,3068,0,0,-0.07,-0.03,0.9,-3.7,-1.42,-6.34,3.87,3.87,0,0,0,113643,859.34,24.42,-0.25,0,0,0,0,-47,,,BEACON,"{""record_number"": 3068, ""operation_mode"": 0, ""state"": 0, ""battery_voltage"": 0, ""wifi_rssi"": -47, ""acc_data"": {""ax"": -0.07, ""ay"": -0.03, ""az"": 0.9, ""pitch"": -3.7, ""roll"": -1.42}, ""gyro_data"": {""gx"": -6.34, ""gy"": 3.87, ""gz"": 3.87}, ""gps_data"": {""latitude"": 0, ""longitude"": 0, ""gps_altitude"": 0, ""time"": 113643}, ""alt_data"": {""pressure"": 859.34, ""temperature"": 24.42, ""AGL"": -0.25, ""velocity"": 0}, ""chute_state"": {""pyro1_state"": 0, ""pyro2_state"": 0}, ""connection_status"": {""connected"": true, ""has_ever_connected"": true, ""packet_age_ms"": 0, ""timeout_exceeded"": false, ""rssi"": -47}, ""communication_mode"": ""BEACON"", ""timestamp"": 105994, ""packets_received"": 354, ""kalman_data"": {""altitude"": 0, ""vertical_velocity"": 0}, ""kalman_altitude"": 0, ""kalman_vertical_velocity"": 0, ""pyroDrogue"": 0, ""pyroMain"": 0, ""pyro1_state"": 0, ""pyro2_state"": 0}"
1755811072.732726,2025-08-22T00:17:52.732726,3078,0,0,-0.07,-0.03,0.9,-4.15,-1.91,-6.83,3.99,3.08,0,0,0,113855,859.41,24.43,-0.95,0,0,0,0,-47,,,BEACON,"{""record_number"": 3078, ""operation_mode"": 0, ""state"": 0, ""battery_voltage"": 0, ""wifi_rssi"": -47, ""acc_data"": {""ax"": -0.07, ""ay"": -0.03, ""az"": 0.9, ""pitch"": -4.15, ""roll"": -1.91}, ""gyro_data"": {""gx"": -6.83, ""gy"": 3.99, ""gz"": 3.08}, ""gps_data"": {""latitude"": 0, ""longitude"": 0, ""gps_altitude"": 0, ""time"": 113855}, ""alt_data"": {""pressure"": 859.41, ""temperature"": 24.43, ""AGL"": -0.95, ""velocity"": 0}, ""chute_state"": {""pyro1_state"": 0, ""pyro2_state"": 0}, ""connection_status"": {""connected"": true, ""has_ever_connected"": true, ""packet_age_ms"": 0, ""timeout_exceeded"": false, ""rssi"": -47}, ""communication_mode"": ""BEACON"", ""timestamp"": 106261, ""packets_received"": 355, ""kalman_data"": {""altitude"": 0, ""vertical_velocity"": 0}, ""kalman_altitude"": 0, ""kalman_vertical_velocity"": 0, ""pyroDrogue"": 0, ""pyroMain"": 0, ""pyro1_state"": 0, ""pyro2_state"": 0}"
1755811072.974897,2025-08-22T00:17:52.974897,3102,0,0,-0.07,-0.03,0.9,-4.01,-1.47,-6.52,3.84,2.99,0,0,0,114875,859.4,24.43,-0.87,0,0,0,0,-47,,,BEACON,"{""record_number"": 3102, ""operation_mode"": 0, ""state"": 0, ""battery_voltage"": 0, ""wifi_rssi"": -47, ""acc_data"": {""ax"": -0.07, ""ay"": -0.03, ""az"": 0.9, ""pitch"": -4.01, ""roll"": -1.47}, ""gyro_data"": {""gx"": -6.52, ""gy"": 3.84, ""gz"": 2.99}, ""gps_data"": {""latitude"": 0, ""longitude"": 0, ""gps_altitude"": 0, ""time"": 114875}, ""alt_data"": {""pressure"": 859.4, ""temperature"": 24.43, ""AGL"": -0.87, ""velocity"": 0}, ""chute_state"": {""pyro1_state"": 0, ""pyro2_state"": 0}, ""connection_status"": {""connected"": true, ""has_ever_connected"": true, ""packet_age_ms"": 1, ""timeout_exceeded"": false, ""rssi"": -47}, ""communication_mode"": ""BEACON"", ""timestamp"": 107239, ""packets_received"": 358, ""kalman_data"": {""altitude"": 0, ""vertical_velocity"": 0}, ""kalman_altitude"": 0, ""kalman_vertical_velocity"": 0, ""pyroDrogue"": 0, ""pyroMain"": 0, ""pyro1_state"": 0, ""pyro2_state"": 0}"
1755811073.148753,2025-08-22T00:17:53.148753,3109,0,0,-0.07,-0.03,0.9,-4.17,-1.61,-6.31,3.99,3.23,0,0,0,115078,859.35,24.44,-0.41,0,0,0,0,-47,,,BEACON,"{""record_number"": 3109, ""operation_mode"": 0, ""state"": 0, ""battery_voltage"": 0, ""wifi_rssi"": -47, ""acc_data"": {""ax"": -0.07, ""ay"": -0.03, ""az"": 0.9, ""pitch"": -4.17, ""roll"": -1.61}, ""gyro_data"": {""gx"": -6.31, ""gy"": 3.99, ""gz"": 3.23}, ""gps_data"": {""latitude"": 0, ""longitude"": 0, ""gps_altitude"": 0, ""time"": 115078}, ""alt_data"": {""pressure"": 859.35, ""temperature"": 24.44, ""AGL"": -0.41, ""velocity"": 0}, ""chute_state"": {""pyro1_state"": 0, ""pyro2_state"": 0}, ""connection_status"": {""connected"": true, ""has_ever_connected"": true, ""packet_age_ms"": 0, ""timeout_exceeded"": false, ""rssi"": -47}, ""communication_mode"": ""BEACON"", ""timestamp"": 107506, ""packets_received"": 359, ""kalman_data"": {""altitude"": 0, ""vertical_velocity"": 0}, ""kalman_altitude"": 0, ""kalman_vertical_velocity"": 0, ""pyroDrogue"": 0, ""pyroMain"": 0, ""pyro1_state"": 0, ""pyro2_state"": 0}"
1755811073.349724,2025-08-22T00:17:53.349724,3117,0,0,-0.07,-0.02,0.9,-3.98,-1.85,-6.62,3.78,2.65,0,0,0,115478,859.37,24.44,-0.59,0,0,0,0,-47,,,BEACON,"{""record_number"": 3117, ""operation_mode"": 0, ""state"": 0, ""battery_voltage"": 0, ""wifi_rssi"": -47, ""acc_data"": {""ax"": -0.07, ""ay"": -0.02, ""az"": 0.9, ""pitch"": -3.98, ""roll"": -1.85}, ""gyro_data"": {""gx"": -6.62, ""gy"": 3.78, ""gz"": 2.65}, ""gps_data"": {""latitude"": 0, ""longitude"": 0, ""gps_altitude"": 0, ""time"": 115478}, ""alt_data"": {""pressure"": 859.37, ""temperature"": 24.44, ""AGL"": -0.59, ""velocity"": 0}, ""chute_state"": {""pyro1_state"": 0, ""pyro2_state"": 0}, ""connection_status"": {""connected"": true, ""has_ever_connected"": true, ""packet_age_ms"": 1, ""timeout_exceeded"": false, ""rssi"": -47}, ""communication_mode"": ""BEACON"", ""timestamp"": 107776, ""packets_received"": 360, ""kalman_data"": {""altitude"": 0, ""vertical_velocity"": 0}, ""kalman_altitude"": 0, ""kalman_vertical_velocity"": 0, ""pyroDrogue"": 0, ""pyroMain"": 0, ""pyro1_state"": 0, ""pyro2_state"": 0}"
1755811073.410364,2025-08-22T00:17:53.410364,3125,0,0,-0.08,-0.03,0.9,-3.95,-1.89,-6.74,3.75,2.77,0,0,0,115690,859.35,24.44,-0.41,0,0,0,0,-47,,,BEACON,"{""record_number"": 3125, ""operation_mode"": 0, ""state"": 0, ""battery_voltage"": 0, ""wifi_rssi"": -47, ""acc_data"": {""ax"": -0.08, ""ay"": -0.03, ""az"": 0.9, ""pitch"": -3.95, ""roll"": -1.89}, ""gyro_data"": {""gx"": -6.74, ""gy"": 3.75, ""gz"": 2.77}, ""gps_data"": {""latitude"": 0, ""longitude"": 0, ""gps_altitude"": 0, ""time"": 115690}, ""alt_data"": {""pressure"": 859.35, ""temperature"": 24.44, ""AGL"": -0.41, ""velocity"": 0}, ""chute_state"": {""pyro1_state"": 0, ""pyro2_state"": 0}, ""connection_status"": {""connected"": true, ""has_ever_connected"": true, ""packet_age_ms"": 0, ""timeout_exceeded"": false, ""rssi"": -47}, ""communication_mode"": ""BEACON"", ""timestamp"": 108057, ""packets_received"": 361, ""kalman_data"": {""altitude"": 0, ""vertical_velocity"": 0}, ""kalman_altitude"": 0, ""kalman_vertical_velocity"": 0, ""pyroDrogue"": 0, ""pyroMain"": 0, ""pyro1_state"": 0, ""pyro2_state"": 0}"
1755811073.692151,2025-08-22T00:17:53.692151,3135,0,0,-0.08,-0.03,0.9,-4.12,-2,-5.49,3.02,2.47,0,0,0,115903,859.32,24.43,-0.08,0,0,0,0,-47,,,BEACON,"{""record_number"": 3135, ""operation_mode"": 0, ""state"": 0, ""battery_voltage"": 0, ""wifi_rssi"": -47, ""acc_data"": {""ax"": -0.08, ""ay"": -0.03, ""az"": 0.9, ""pitch"": -4.12, ""roll"": -2}, ""gyro_data"": {""gx"": -5.49, ""gy"": 3.02, ""gz"": 2.47}, ""gps_data"": {""latitude"": 0, ""longitude"": 0, ""gps_altitude"": 0, ""time"": 115903}, ""alt_data"": {""pressure"": 859.32, ""temperature"": 24.43, ""AGL"": -0.08, ""velocity"": 0}, ""chute_state"": {""pyro1_state"": 0, ""pyro2_state"": 0}, ""connection_status"": {""connected"": true, ""has_ever_connected"": true, ""packet_age_ms"": 0, ""timeout_exceeded"": false, ""rssi"": -47}, ""communication_mode"": ""BEACON"", ""timestamp"": 108323, ""packets_received"": 362, ""kalman_data"": {""altitude"": 0, ""vertical_velocity"": 0}, ""kalman_altitude"": 0, ""kalman_vertical_velocity"": 0, ""pyroDrogue"": 0, ""pyroMain"": 0, ""pyro1_state"": 0, ""pyro2_state"": 0}"
1755811074.097653,2025-08-22T00:17:54.097653,3142,0,0,-0.07,-0.03,0.9,-3.75,-1.58,-6.19,3.84,2.96,0,0,0,116304,859.35,24.44,-0.41,0,0,0,0,-47,,,BEACON,"{""record_number"": 3142, ""operation_mode"": 0, ""state"": 0, ""battery_voltage"": 0, ""wifi_rssi"": -47, ""acc_data"": {""ax"": -0.07, ""ay"": -0.03, ""az"": 0.9, ""pitch"": -3.75, ""roll"": -1.58}, ""gyro_data"": {""gx"": -6.19, ""gy"": 3.84, ""gz"": 2.96}, ""gps_data"": {""latitude"": 0, ""longitude"": 0, ""gps_altitude"": 0, ""time"": 116304}, ""alt_data"": {""pressure"": 859.35, ""temperature"": 24.44, ""AGL"": -0.41, ""velocity"": 0}, ""chute_state"": {""pyro1_state"": 0, ""pyro2_state"": 0}, ""connection_status"": {""connected"": true, ""has_ever_connected"": true, ""packet_age_ms"": 1, ""timeout_exceeded"": false, ""rssi"": -47}, ""communication_mode"": ""BEACON"", ""timestamp"": 108692, ""packets_received"": 363, ""kalman_data"": {""altitude"": 0, ""vertical_velocity"": 0}, ""kalman_altitude"": 0, ""kalman_vertical_velocity"": 0, ""pyroDrogue"": 0, ""pyroMain"": 0, ""pyro1_state"": 0, ""pyro2_state"": 0}"
1755811074.351875,2025-08-22T00:17:54.351875,3150,0,0,-0.07,-0.03,0.9,-4.15,-2.02,-5.91,4.15,2.32,0,0,0,116711,859.37,24.45,-0.59,0,0,0,0,-47,,,BEACON,"{""record_number"": 3150, ""operation_mode"": 0, ""state"": 0, ""battery_voltage"": 0, ""wifi_rssi"": -47, ""acc_data"": {""ax"": -0.07, ""ay"": -0.03, ""az"": 0.9, ""pitch"": -4.15, ""roll"": -2.02}, ""gyro_data"": {""gx"": -5.91, ""gy"": 4.15, ""gz"": 2.32}, ""gps_data"": {""latitude"": 0, ""longitude"": 0, ""gps_altitude"": 0, ""time"": 116711}, ""alt_data"": {""pressure"": 859.37, ""temperature"": 24.45, ""AGL"": -0.59, ""velocity"": 0}, ""chute_state"": {""pyro1_state"": 0, ""pyro2_state"": 0}, ""connection_status"": {""connected"": true, ""has_ever_connected"": true, ""packet_age_ms"": 0, ""timeout_exceeded"": false, ""rssi"": -47}, ""communication_mode"": ""BEACON"", ""timestamp"": 108962, ""packets_received"": 364, ""kalman_data"": {""altitude"": 0, ""vertical_velocity"": 0}, ""kalman_altitude"": 0, ""kalman_vertical_velocity"": 0, ""pyroDrogue"": 0, ""pyroMain"": 0, ""pyro1_state"": 0, ""pyro2_state"": 0}"
1755811075.003725,2025-08-22T00:17:55.003725,3158,0,0,-0.07,-0.03,0.89,-4.23,-2,-6.98,2.74,2.8,0,0,0,116917,859.34,24.43,-0.32,0,0,0,0,-47,,,BEACON,"{""record_number"": 3158, ""operation_mode"": 0, ""state"": 0, ""battery_voltage"": 0, ""wifi_rssi"": -47, ""acc_data"": {""ax"": -0.07, ""ay"": -0.03, ""az"": 0.89, ""pitch"": -4.23, ""roll"": -2}, ""gyro_data"": {""gx"": -6.98, ""gy"": 2.74, ""gz"": 2.8}, ""gps_data"": {""latitude"": 0, ""longitude"": 0, ""gps_altitude"": 0, ""time"": 116917}, ""alt_data"": {""pressure"": 859.34, ""temperature"": 24.43, ""AGL"": -0.32, ""velocity"": 0}, ""chute_state"": {""pyro1_state"": 0, ""pyro2_state"": 0}, ""connection_status"": {""connected"": true, ""has_ever_connected"": true, ""packet_age_ms"": 1, ""timeout_exceeded"": false, ""rssi"": -47}, ""communication_mode"": ""BEACON"", ""timestamp"": 109230, ""packets_received"": 365, ""kalman_data"": {""altitude"": 0, ""vertical_velocity"": 0}, ""kalman_altitude"": 0, ""kalman_vertical_velocity"": 0, ""pyroDrogue"": 0, ""pyroMain"": 0, ""pyro1_state"": 0, ""pyro2_state"": 0}"
1755811075.19973,2025-08-22T00:17:55.199730,3165,0,0,-0.07,-0.03,0.9,-4.2,-1.56,-6.4,3.75,3.45,0,0,0,117119,859.36,24.45,-0.49,0,0,0,0,-47,,,BEACON,"{""record_number"": 3165, ""operation_mode"": 0, ""state"": 0, ""battery_voltage"": 0, ""wifi_rssi"": -47, ""acc_data"": {""ax"": -0.07, ""ay"": -0.03, ""az"": 0.9, ""pitch"": -4.2, ""roll"": -1.56}, ""gyro_data"": {""gx"": -6.4, ""gy"": 3.75, ""gz"": 3.45}, ""gps_data"": {""latitude"": 0, ""longitude"": 0, ""gps_altitude"": 0, ""time"": 117119}, ""alt_data"": {""pressure"": 859.36, ""temperature"": 24.45, ""AGL"": -0.49, ""velocity"": 0}, ""chute_state"": {""pyro1_state"": 0, ""pyro2_state"": 0}, ""connection_status"": {""connected"": true, ""has_ever_connected"": true, ""packet_age_ms"": 0, ""timeout_exceeded"": false, ""rssi"": -47}, ""communication_mode"": ""BEACON"", ""timestamp"": 109496, ""packets_received"": 366, ""kalman_data"": {""altitude"": 0, ""vertical_velocity"": 0}, ""kalman_altitude"": 0, ""kalman_vertical_velocity"": 0, ""pyroDrogue"": 0, ""pyroMain"": 0, ""pyro1_state"": 0, ""pyro2_state"": 0}"
1755811075.346959,2025-08-22T00:17:55.346959,3173,0,0,-0.07,-0.03,0.9,-4.4,-1.96,-5.91,4.45,2.74,0,0,0,117520,859.35,24.43,-0.4,0,0,0,0,-47,,,BEACON,"{""record_number"": 3173, ""operation_mode"": 0, ""state"": 0, ""battery_voltage"": 0, ""wifi_rssi"": -47, ""acc_data"": {""ax"": -0.07, ""ay"": -0.03, ""az"": 0.9, ""pitch"": -4.4, ""roll"": -1.96}, ""gyro_data"": {""gx"": -5.91, ""gy"": 4.45, ""gz"": 2.74}, ""gps_data"": {""latitude"": 0, ""longitude"": 0, ""gps_altitude"": 0, ""time"": 117520}, ""alt_data"": {""pressure"": 859.35, ""temperature"": 24.43, ""AGL"": -0.4, ""velocity"": 0}, ""chute_state"": {""pyro1_state"": 0, ""pyro2_state"": 0}, ""connection_status"": {""connected"": true, ""has_ever_connected"": true, ""packet_age_ms"": 1, ""timeout_exceeded"": false, ""rssi"": -47}, ""communication_mode"": ""BEACON"", ""timestamp"": 109764, ""packets_received"": 367, ""kalman_data"": {""altitude"": 0, ""vertical_velocity"": 0}, ""kalman_altitude"": 0, ""kalman_vertical_velocity"": 0, ""pyroDrogue"": 0, ""pyroMain"": 0, ""pyro1_state"": 0, ""pyro2_state"": 0}"
1755811075.719994,2025-08-22T00:17:55.719994,3183,0,0,-0.07,-0.03,0.91,-4.26,-1.86,-6.34,3.45,2.29,0,0,0,117725,859.32,24.43,-0.11,0,0,0,0,-47,,,BEACON,"{""record_number"": 3183, ""operation_mode"": 0, ""state"": 0, ""battery_voltage"": 0, ""wifi_rssi"": -47, ""acc_data"": {""ax"": -0.07, ""ay"": -0.03, ""az"": 0.91, ""pitch"": -4.26, ""roll"": -1.86}, ""gyro_data"": {""gx"": -6.34, ""gy"": 3.45, ""gz"": 2.29}, ""gps_data"": {""latitude"": 0, ""longitude"": 0, ""gps_altitude"": 0, ""time"": 117725}, ""alt_data"": {""pressure"": 859.32, ""temperature"": 24.43, ""AGL"": -0.11, ""velocity"": 0}, ""chute_state"": {""pyro1_state"": 0, ""pyro2_state"": 0}, ""connection_status"": {""connected"": true, ""has_ever_connected"": true, ""packet_age_ms"": 0, ""timeout_exceeded"": false, ""rssi"": -47}, ""communication_mode"": ""BEACON"", ""timestamp"": 110034, ""packets_received"": 368, ""kalman_data"": {""altitude"": 0, ""vertical_velocity"": 0}, ""kalman_altitude"": 0, ""kalman_vertical_velocity"": 0, ""pyroDrogue"": 0, ""pyroMain"": 0, ""pyro1_state"": 0, ""pyro2_state"": 0}"
1755811076.303723,2025-08-22T00:17:56.303723,3193,0,0,-0.07,-0.03,0.9,-4.12,-1.79,-6.8,3.38,3.2,0,0,0,117937,859.31,24.44,-0.01,0,0,0,0,-47,,,BEACON,"{""record_number"": 3193, ""operation_mode"": 0, ""state"": 0, ""battery_voltage"": 0, ""wifi_rssi"": -47, ""acc_data"": {""ax"": -0.07, ""ay"": -0.03, ""az"": 0.9, ""pitch"": -4.12, ""roll"": -1.79}, ""gyro_data"": {""gx"": -6.8, ""gy"": 3.38, ""gz"": 3.2}, ""gps_data"": {""latitude"": 0, ""longitude"": 0, ""gps_altitude"": 0, ""time"": 117937}, ""alt_data"": {""pressure"": 859.31, ""temperature"": 24.44, ""AGL"": -0.01, ""velocity"": 0}, ""chute_state"": {""pyro1_state"": 0, ""pyro2_state"": 0}, ""connection_status"": {""connected"": true, ""has_ever_connected"": true, ""packet_age_ms"": 1, ""timeout_exceeded"": false, ""rssi"": -47}, ""communication_mode"": ""BEACON"", ""timestamp"": 110409, ""packets_received"": 369, ""kalman_data"": {""altitude"": 0, ""vertical_velocity"": 0}, ""kalman_altitude"": 0, ""kalman_vertical_velocity"": 0, ""pyroDrogue"": 0, ""pyroMain"": 0, ""pyro1_state"": 0, ""pyro2_state"": 0}"
1755811078.218046,2025-08-22T00:17:58.218046,3201,0,0,-0.07,-0.03,0.9,-3.98,-2.41,-6.52,2.56,3.17,0,0,0,118337,859.33,24.43,-0.15,0,0,0,0,-47,,,BEACON,"{""record_number"": 3201, ""operation_mode"": 0, ""state"": 0, ""battery_voltage"": 0, ""wifi_rssi"": -47, ""acc_data"": {""ax"": -0.07, ""ay"": -0.03, ""az"": 0.9, ""pitch"": -3.98, ""roll"": -2.41}, ""gyro_data"": {""gx"": -6.52, ""gy"": 2.56, ""gz"": 3.17}, ""gps_data"": {""latitude"": 0, ""longitude"": 0, ""gps_altitude"": 0, ""time"": 118337}, ""alt_data"": {""pressure"": 859.33, ""temperature"": 24.43, ""AGL"": -0.15, ""velocity"": 0}, ""chute_state"": {""pyro1_state"": 0, ""pyro2_state"": 0}, ""connection_status"": {""connected"": true, ""has_ever_connected"": true, ""packet_age_ms"": 0, ""timeout_exceeded"": false, ""rssi"": -47}, ""communication_mode"": ""BEACON"", ""timestamp"": 110679, ""packets_received"": 370, ""kalman_data"": {""altitude"": 0, ""vertical_velocity"": 0}, ""kalman_altitude"": 0, ""kalman_vertical_velocity"": 0, ""pyroDrogue"": 0, ""pyroMain"": 0, ""pyro1_state"": 0, ""pyro2_state"": 0}"
1755811078.282127,2025-08-22T00:17:58.282127,3208,0,0,-0.07,-0.03,0.9,-3.98,-1.95,-6.95,3.78,2.96,0,0,0,118540,859.3,24.45,0.13,0,0,0,0,-48,,,BEACON,"{""record_number"": 3208, ""operation_mode"": 0, ""state"": 0, ""battery_voltage"": 0, ""wifi_rssi"": -48, ""acc_data"": {""ax"": -0.07, ""ay"": -0.03, ""az"": 0.9, ""pitch"": -3.98, ""roll"": -1.95}, ""gyro_data"": {""gx"": -6.95, ""gy"": 3.78, ""gz"": 2.96}, ""gps_data"": {""latitude"": 0, ""longitude"": 0, ""gps_altitude"": 0, ""time"": 118540}, ""alt_data"": {""pressure"": 859.3, ""temperature"": 24.45, ""AGL"": 0.13, ""velocity"": 0}, ""chute_state"": {""pyro1_state"": 0, ""pyro2_state"": 0}, ""connection_status"": {""connected"": true, ""has_ever_connected"": true, ""packet_age_ms"": 0, ""timeout_exceeded"": false, ""rssi"": -48}, ""communication_mode"": ""BEACON"", ""timestamp"": 110951, ""packets_received"": 371, ""kalman_data"": {""altitude"": 0, ""vertical_velocity"": 0}, ""kalman_altitude"": 0, ""kalman_vertical_velocity"": 0, ""pyroDrogue"": 0, ""pyroMain"": 0, ""pyro1_state"": 0, ""pyro2_state"": 0}"
1755811078.447845,2025-08-22T00:17:58.447845,3217,0,0,-0.07,-0.03,0.9,-4.31,-2.54,-6.34,3.63,2.99,0,0,0,118957,859.35,24.44,-0.41,0,0,0,0,-48,,,BEACON,"{""record_number"": 3217, ""operation_mode"": 0, ""state"": 0, ""battery_voltage"": 0, ""wifi_rssi"": -48, ""acc_data"": {""ax"": -0.07, ""ay"": -0.03, ""az"": 0.9, ""pitch"": -4.31, ""roll"": -2.54}, ""gyro_data"": {""gx"": -6.34, ""gy"": 3.63, ""gz"": 2.99}, ""gps_data"": {""latitude"": 0, ""longitude"": 0, ""gps_altitude"": 0, ""time"": 118957}, ""alt_data"": {""pressure"": 859.35, ""temperature"": 24.44, ""AGL"": -0.41, ""velocity"": 0}, ""chute_state"": {""pyro1_state"": 0, ""pyro2_state"": 0}, ""connection_status"": {""connected"": true, ""has_ever_connected"": true, ""packet_age_ms"": 1, ""timeout_exceeded"": false, ""rssi"": -48}, ""communication_mode"": ""BEACON"", ""timestamp"": 111218, ""packets_received"": 372, ""kalman_data"": {""altitude"": 0, ""vertical_velocity"": 0}, ""kalman_altitude"": 0, ""kalman_vertical_velocity"": 0, ""pyroDrogue"": 0, ""pyroMain"": 0, ""pyro1_state"": 0, ""pyro2_state"": 0}"
1755811078.519837,2025-08-22T00:17:58.519837,3224,0,0,-0.08,-0.03,0.9,-3.87,-1.81,-6.74,4.48,2.99,0,0,0,119158,859.29,24.43,0.21,0,0,0,0,-47,,,BEACON,"{""record_number"": 3224, ""operation_mode"": 0, ""state"": 0, ""battery_voltage"": 0, ""wifi_rssi"": -47, ""acc_data"": {""ax"": -0.08, ""ay"": -0.03, ""az"": 0.9, ""pitch"": -3.87, ""roll"": -1.81}, ""gyro_data"": {""gx"": -6.74, ""gy"": 4.48, ""gz"": 2.99}, ""gps_data"": {""latitude"": 0, ""longitude"": 0, ""gps_altitude"": 0, ""time"": 119158}, ""alt_data"": {""pressure"": 859.29, ""temperature"": 24.43, ""AGL"": 0.21, ""velocity"": 0}, ""chute_state"": {""pyro1_state"": 0, ""pyro2_state"": 0}, ""connection_status"": {""connected"": true, ""has_ever_connected"": true, ""packet_age_ms"": 0, ""timeout_exceeded"": false, ""rssi"": -47}, ""communication_mode"": ""BEACON"", ""timestamp"": 111486, ""packets_received"": 373, ""kalman_data"": {""altitude"": 0, ""vertical_velocity"": 0}, ""kalman_altitude"": 0, ""kalman_vertical_velocity"": 0, ""pyroDrogue"": 0, ""pyroMain"": 0, ""pyro1_state"": 0, ""pyro2_state"": 0}"
1755811078.688426,2025-08-22T00:17:58.688426,3235,0,0,-0.07,-0.03,0.9,-4.26,-1.94,-6.04,3.6,2.74,0,0,0,119359,859.31,24.45,0.06,0,0,0,0,-47,,,BEACON,"{""record_number"": 3235, ""operation_mode"": 0, ""state"": 0, ""battery_voltage"": 0, ""wifi_rssi"": -47, ""acc_data"": {""ax"": -0.07, ""ay"": -0.03, ""az"": 0.9, ""pitch"": -4.26, ""roll"": -1.94}, ""gyro_data"": {""gx"": -6.04, ""gy"": 3.6, ""gz"": 2.74}, ""gps_data"": {""latitude"": 0, ""longitude"": 0, ""gps_altitude"": 0, ""time"": 119359}, ""alt_data"": {""pressure"": 859.31, ""temperature"": 24.45, ""AGL"": 0.06, ""velocity"": 0}, ""chute_state"": {""pyro1_state"": 0, ""pyro2_state"": 0}, ""connection_status"": {""connected"": true, ""has_ever_connected"": true, ""packet_age_ms"": 1, ""timeout_exceeded"": false, ""rssi"": -47}, ""communication_mode"": ""BEACON"", ""timestamp"": 111754, ""packets_received"": 374, ""kalman_data"": {""altitude"": 0, ""vertical_velocity"": 0}, ""kalman_altitude"": 0, ""kalman_vertical_velocity"": 0, ""pyroDrogue"": 0, ""pyroMain"": 0, ""pyro1_state"": 0, ""pyro2_state"": 0}"
1755811078.844268,2025-08-22T00:17:58.844268,3243,0,0,-0.08,-0.02,0.91,-3.98,-1.92,-7.87,5.15,3.14,0,0,0,119770,859.34,24.45,-0.27,0,0,0,0,-48,,,BEACON,"{""record_number"": 3243, ""operation_mode"": 0, ""state"": 0, ""battery_voltage"": 0, ""wifi_rssi"": -48, ""acc_data"": {""ax"": -0.08, ""ay"": -0.02, ""az"": 0.91, ""pitch"": -3.98, ""roll"": -1.92}, ""gyro_data"": {""gx"": -7.87, ""gy"": 5.15, ""gz"": 3.14}, ""gps_data"": {""latitude"": 0, ""longitude"": 0, ""gps_altitude"": 0, ""time"": 119770}, ""alt_data"": {""pressure"": 859.34, ""temperature"": 24.45, ""AGL"": -0.27, ""velocity"": 0}, ""chute_state"": {""pyro1_state"": 0, ""pyro2_state"": 0}, ""connection_status"": {""connected"": true, ""has_ever_connected"": true, ""packet_age_ms"": 0, ""timeout_exceeded"": false, ""rssi"": -48}, ""communication_mode"": ""BEACON"", ""timestamp"": 112020, ""packets_received"": 375, ""kalman_data"": {""altitude"": 0, ""vertical_velocity"": 0}, ""kalman_altitude"": 0, ""kalman_vertical_velocity"": 0, ""pyroDrogue"": 0, ""pyroMain"": 0, ""pyro1_state"": 0, ""pyro2_state"": 0}"
1755811078.992749,2025-08-22T00:17:58.992749,3251,0,0,-0.07,-0.04,0.91,-4.29,-1.68,-5.67,2.5,3.14,0,0,0,119973,859.37,24.45,-0.59,0,0,0,0,-47,,,BEACON,"{""record_number"": 3251, ""operation_mode"": 0, ""state"": 0, ""battery_voltage"": 0, ""wifi_rssi"": -47, ""acc_data"": {""ax"": -0.07, ""ay"": -0.04, ""az"": 0.91, ""pitch"": -4.29, ""roll"": -1.68}, ""gyro_data"": {""gx"": -5.67, ""gy"": 2.5, ""gz"": 3.14}, ""gps_data"": {""latitude"": 0, ""longitude"": 0, ""gps_altitude"": 0, ""time"": 119973}, ""alt_data"": {""pressure"": 859.37, ""temperature"": 24.45, ""AGL"": -0.59, ""velocity"": 0}, ""chute_state"": {""pyro1_state"": 0, ""pyro2_state"": 0}, ""connection_status"": {""connected"": true, ""has_ever_connected"": true, ""packet_age_ms"": 1, ""timeout_exceeded"": false, ""rssi"": -47}, ""communication_mode"": ""BEACON"", ""timestamp"": 112394, ""packets_received"": 376, ""kalman_data"": {""altitude"": 0, ""vertical_velocity"": 0}, ""kalman_altitude"": 0, ""kalman_vertical_velocity"": 0, ""pyroDrogue"": 0, ""pyroMain"": 0, ""pyro1_state"": 0, ""pyro2_state"": 0}"
1755811079.043808,2025-08-22T00:17:59.043808,3258,0,0,-0.07,-0.03,0.9,-3.89,-2.02,-5.82,3.96,2.87,0,0,0,120374,859.38,24.45,-0.64,0,0,0,0,-47,,,BEACON,"{""record_number"": 3258, ""operation_mode"": 0, ""state"": 0, ""battery_voltage"": 0, ""wifi_rssi"": -47, ""acc_data"": {""ax"": -0.07, ""ay"": -0.03, ""az"": 0.9, ""pitch"": -3.89, ""roll"": -2.02}, ""gyro_data"": {""gx"": -5.82, ""gy"": 3.96, ""gz"": 2.87}, ""gps_data"": {""latitude"": 0, ""longitude"": 0, ""gps_altitude"": 0, ""time"": 120374}, ""alt_data"": {""pressure"": 859.38, ""temperature"": 24.45, ""AGL"": -0.64, ""velocity"": 0}, ""chute_state"": {""pyro1_state"": 0, ""pyro2_state"": 0}, ""connection_status"": {""connected"": true, ""has_ever_connected"": true, ""packet_age_ms"": 0, ""timeout_exceeded"": false, ""rssi"": -47}, ""communication_mode"": ""BEACON"", ""timestamp"": 112667, ""packets_received"": 377, ""kalman_data"": {""altitude"": 0, ""vertical_velocity"": 0}, ""kalman_altitude"": 0, ""kalman_vertical_velocity"": 0, ""pyroDrogue"": 0, ""pyroMain"": 0, ""pyro1_state"": 0, ""pyro2_state"": 0}"
1755811079.138211,2025-08-22T00:17:59.138211,3266,0,0,-0.07,-0.03,0.89,-4.23,-1.93,-6.37,3.93,2.99,0,0,0,120579,859.41,24.46,-0.93,0,0,0,0,-47,,,BEACON,"{""record_number"": 3266, ""operation_mode"": 0, ""state"": 0, ""battery_voltage"": 0, ""wifi_rssi"": -47, ""acc_data"": {""ax"": -0.07, ""ay"": -0.03, ""az"": 0.89, ""pitch"": -4.23, ""roll"": -1.93}, ""gyro_data"": {""gx"": -6.37, ""gy"": 3.93, ""gz"": 2.99}, ""gps_data"": {""latitude"": 0, ""longitude"": 0, ""gps_altitude"": 0, ""time"": 120579}, ""alt_data"": {""pressure"": 859.41, ""temperature"": 24.46, ""AGL"": -0.93, ""velocity"": 0}, ""chute_state"": {""pyro1_state"": 0, ""pyro2_state"": 0}, ""connection_status"": {""connected"": true, ""has_ever_connected"": true, ""packet_age_ms"": 1, ""timeout_exceeded"": false, ""rssi"": -47}, ""communication_mode"": ""BEACON"", ""timestamp"": 112939, ""packets_received"": 378, ""kalman_data"": {""altitude"": 0, ""vertical_velocity"": 0}, ""kalman_altitude"": 0, ""kalman_vertical_velocity"": 0, ""pyroDrogue"": 0, ""pyroMain"": 0, ""pyro1_state"": 0, ""pyro2_state"": 0}"
1755811079.441633,2025-08-22T00:17:59.441633,3274,0,0,-0.07,-0.03,0.9,-4.09,-1.47,-6.86,3.11,2.93,0,0,0,120794,859.34,24.45,-0.31,0,0,0,0,-50,,,BEACON,"{""record_number"": 3274, ""operation_mode"": 0, ""state"": 0, ""battery_voltage"": 0, ""wifi_rssi"": -50, ""acc_data"": {""ax"": -0.07, ""ay"": -0.03, ""az"": 0.9, ""pitch"": -4.09, ""roll"": -1.47}, ""gyro_data"": {""gx"": -6.86, ""gy"": 3.11, ""gz"": 2.93}, ""gps_data"": {""latitude"": 0, ""longitude"": 0, ""gps_altitude"": 0, ""time"": 120794}, ""alt_data"": {""pressure"": 859.34, ""temperature"": 24.45, ""AGL"": -0.31, ""velocity"": 0}, ""chute_state"": {""pyro1_state"": 0, ""pyro2_state"": 0}, ""connection_status"": {""connected"": true, ""has_ever_connected"": true, ""packet_age_ms"": 0, ""timeout_exceeded"": false, ""rssi"": -50}, ""communication_mode"": ""BEACON"", ""timestamp"": 113207, ""packets_received"": 379, ""kalman_data"": {""altitude"": 0, ""vertical_velocity"": 0}, ""kalman_altitude"": 0, ""kalman_vertical_velocity"": 0, ""pyroDrogue"": 0, ""pyroMain"": 0, ""pyro1_state"": 0, ""pyro2_state"": 0}"
1755811079.615717,2025-08-22T00:17:59.615717,3284,0,0,-0.07,-0.03,0.9,-4.06,-1.85,-5.88,4.12,3.32,0,0,0,121202,859.41,24.46,-0.97,0,0,0,0,-50,,,BEACON,"{""record_number"": 3284, ""operation_mode"": 0, ""state"": 0, ""battery_voltage"": 0, ""wifi_rssi"": -50, ""acc_data"": {""ax"": -0.07, ""ay"": -0.03, ""az"": 0.9, ""pitch"": -4.06, ""roll"": -1.85}, ""gyro_data"": {""gx"": -5.88, ""gy"": 4.12, ""gz"": 3.32}, ""gps_data"": {""latitude"": 0, ""longitude"": 0, ""gps_altitude"": 0, ""time"": 121202}, ""alt_data"": {""pressure"": 859.41, ""temperature"": 24.46, ""AGL"": -0.97, ""velocity"": 0}, ""chute_state"": {""pyro1_state"": 0, ""pyro2_state"": 0}, ""connection_status"": {""connected"": true, ""has_ever_connected"": true, ""packet_age_ms"": 0, ""timeout_exceeded"": false, ""rssi"": -50}, ""communication_mode"": ""BEACON"", ""timestamp"": 113476, ""packets_received"": 380, ""kalman_data"": {""altitude"": 0, ""vertical_velocity"": 0}, ""kalman_altitude"": 0, ""kalman_vertical_velocity"": 0, ""pyroDrogue"": 0, ""pyroMain"": 0, ""pyro1_state"": 0, ""pyro2_state"": 0}"
1755811079.746893,2025-08-22T00:17:59.746893,3292,0,0,-0.06,-0.03,0.9,-3.73,-1.82,-6.86,3.72,4.66,0,0,0,121402,859.34,24.46,-0.24,0,0,0,0,-50,,,BEACON,"{""record_number"": 3292, ""operation_mode"": 0, ""state"": 0, ""battery_voltage"": 0, ""wifi_rssi"": -50, ""acc_data"": {""ax"": -0.06, ""ay"": -0.03, ""az"": 0.9, ""pitch"": -3.73, ""roll"": -1.82}, ""gyro_data"": {""gx"": -6.86, ""gy"": 3.72, ""gz"": 4.66}, ""gps_data"": {""latitude"": 0, ""longitude"": 0, ""gps_altitude"": 0, ""time"": 121402}, ""alt_data"": {""pressure"": 859.34, ""temperature"": 24.46, ""AGL"": -0.24, ""velocity"": 0}, ""chute_state"": {""pyro1_state"": 0, ""pyro2_state"": 0}, ""connection_status"": {""connected"": true, ""has_ever_connected"": true, ""packet_age_ms"": 0, ""timeout_exceeded"": false, ""rssi"": -50}, ""communication_mode"": ""BEACON"", ""timestamp"": 113747, ""packets_received"": 381, ""kalman_data"": {""altitude"": 0, ""vertical_velocity"": 0}, ""kalman_altitude"": 0, ""kalman_vertical_velocity"": 0, ""pyroDrogue"": 0, ""pyroMain"": 0, ""pyro1_state"": 0, ""pyro2_state"": 0}"
1755811079.994149,2025-08-22T00:17:59.994149,3300,0,0,-0.07,-0.04,0.91,-4.06,-1.67,-6.1,2.93,2.87,0,0,0,121609,859.33,24.46,-0.17,0,0,0,0,-51,,,BEACON,"{""record_number"": 3300, ""operation_mode"": 0, ""state"": 0, ""battery_voltage"": 0, ""wifi_rssi"": -51, ""acc_data"": {""ax"": -0.07, ""ay"": -0.04, ""az"": 0.91, ""pitch"": -4.06, ""roll"": -1.67}, ""gyro_data"": {""gx"": -6.1, ""gy"": 2.93, ""gz"": 2.87}, ""gps_data"": {""latitude"": 0, ""longitude"": 0, ""gps_altitude"": 0, ""time"": 121609}, ""alt_data"": {""pressure"": 859.33, ""temperature"": 24.46, ""AGL"": -0.17, ""velocity"": 0}, ""chute_state"": {""pyro1_state"": 0, ""pyro2_state"": 0}, ""connection_status"": {""connected"": true, ""has_ever_connected"": true, ""packet_age_ms"": 0, ""timeout_exceeded"": false, ""rssi"": -51}, ""communication_mode"": ""BEACON"", ""timestamp"": 114125, ""packets_received"": 382, ""kalman_data"": {""altitude"": 0, ""vertical_velocity"": 0}, ""kalman_altitude"": 0, ""kalman_vertical_velocity"": 0, ""pyroDrogue"": 0, ""pyroMain"": 0, ""pyro1_state"": 0, ""pyro2_state"": 0}"
1755811080.108954,2025-08-22T00:18:00.108954,3308,0,0,-0.07,-0.03,0.9,-3.87,-1.6,-6.34,4.88,3.57,0,0,0,122026,859.33,24.46,-0.21,0,0,0,0,-49,,,BEACON,"{""record_number"": 3308, ""operation_mode"": 0, ""state"": 0, ""battery_voltage"": 0, ""wifi_rssi"": -49, ""acc_data"": {""ax"": -0.07, ""ay"": -0.03, ""az"": 0.9, ""pitch"": -3.87, ""roll"": -1.6}, ""gyro_data"": {""gx"": -6.34, ""gy"": 4.88, ""gz"": 3.57}, ""gps_data"": {""latitude"": 0, ""longitude"": 0, ""gps_altitude"": 0, ""time"": 122026}, ""alt_data"": {""pressure"": 859.33, ""temperature"": 24.46, ""AGL"": -0.21, ""velocity"": 0}, ""chute_state"": {""pyro1_state"": 0, ""pyro2_state"": 0}, ""connection_status"": {""connected"": true, ""has_ever_connected"": true, ""packet_age_ms"": 0, ""timeout_exceeded"": false, ""rssi"": -49}, ""communication_mode"": ""BEACON"", ""timestamp"": 114392, ""packets_received"": 383, ""kalman_data"": {""altitude"": 0, ""vertical_velocity"": 0}, ""kalman_altitude"": 0, ""kalman_vertical_velocity"": 0, ""pyroDrogue"": 0, ""pyroMain"": 0, ""pyro1_state"": 0, ""pyro2_state"": 0}"
1755811080.251154,2025-08-22T00:18:00.251154,3315,0,0,-0.07,-0.03,0.89,-4.31,-1.61,-5.79,3.02,2.44,0,0,0,122227,859.33,24.46,-0.21,0,0,0,0,-49,,,BEACON,"{""record_number"": 3315, ""operation_mode"": 0, ""state"": 0, ""battery_voltage"": 0, ""wifi_rssi"": -49, ""acc_data"": {""ax"": -0.07, ""ay"": -0.03, ""az"": 0.89, ""pitch"": -4.31, ""roll"": -1.61}, ""gyro_data"": {""gx"": -5.79, ""gy"": 3.02, ""gz"": 2.44}, ""gps_data"": {""latitude"": 0, ""longitude"": 0, ""gps_altitude"": 0, ""time"": 122227}, ""alt_data"": {""pressure"": 859.33, ""temperature"": 24.46, ""AGL"": -0.21, ""velocity"": 0}, ""chute_state"": {""pyro1_state"": 0, ""pyro2_state"": 0}, ""connection_status"": {""connected"": true, ""has_ever_connected"": true, ""packet_age_ms"": 0, ""timeout_exceeded"": false, ""rssi"": -49}, ""communication_mode"": ""BEACON"", ""timestamp"": 114660, ""packets_received"": 384, ""kalman_data"": {""altitude"": 0, ""vertical_velocity"": 0}, ""kalman_altitude"": 0, ""kalman_vertical_velocity"": 0, ""pyroDrogue"": 0, ""pyroMain"": 0, ""pyro1_state"": 0, ""pyro2_state"": 0}"
1755811080.452302,2025-08-22T00:18:00.452302,3323,0,0,-0.07,-0.03,0.9,-3.81,-1.81,-7.23,4.3,3.38,0,0,0,122630,859.29,24.44,0.21,0,0,0,0,-49,,,BEACON,"{""record_number"": 3323, ""operation_mode"": 0, ""state"": 0, ""battery_voltage"": 0, ""wifi_rssi"": -49, ""acc_data"": {""ax"": -0.07, ""ay"": -0.03, ""az"": 0.9, ""pitch"": -3.81, ""roll"": -1.81}, ""gyro_data"": {""gx"": -7.23, ""gy"": 4.3, ""gz"": 3.38}, ""gps_data"": {""latitude"": 0, ""longitude"": 0, ""gps_altitude"": 0, ""time"": 122630}, ""alt_data"": {""pressure"": 859.29, ""temperature"": 24.44, ""AGL"": 0.21, ""velocity"": 0}, ""chute_state"": {""pyro1_state"": 0, ""pyro2_state"": 0}, ""connection_status"": {""connected"": true, ""has_ever_connected"": true, ""packet_age_ms"": 0, ""timeout_exceeded"": false, ""rssi"": -49}, ""communication_mode"": ""BEACON"", ""timestamp"": 114932, ""packets_received"": 385, ""kalman_data"": {""altitude"": 0, ""vertical_velocity"": 0}, ""kalman_altitude"": 0, ""kalman_vertical_velocity"": 0, ""pyroDrogue"": 0, ""pyroMain"": 0, ""pyro1_state"": 0, ""pyro2_state"": 0}"
1755811080.795861,2025-08-22T00:18:00.795861,3330,0,0,-0.07,-0.03,0.9,-4.26,-1.55,-6.31,3.08,3.11,0,0,0,122843,859.34,24.46,-0.31,0,0,0,0,-49,,,BEACON,"{""record_number"": 3330, ""operation_mode"": 0, ""state"": 0, ""battery_voltage"": 0, ""wifi_rssi"": -49, ""acc_data"": {""ax"": -0.07, ""ay"": -0.03, ""az"": 0.9, ""pitch"": -4.26, ""roll"": -1.55}, ""gyro_data"": {""gx"": -6.31, ""gy"": 3.08, ""gz"": 3.11}, ""gps_data"": {""latitude"": 0, ""longitude"": 0, ""gps_altitude"": 0, ""time"": 122843}, ""alt_data"": {""pressure"": 859.34, ""temperature"": 24.46, ""AGL"": -0.31, ""velocity"": 0}, ""chute_state"": {""pyro1_state"": 0, ""pyro2_state"": 0}, ""connection_status"": {""connected"": true, ""has_ever_connected"": true, ""packet_age_ms"": 0, ""timeout_exceeded"": false, ""rssi"": -49}, ""communication_mode"": ""BEACON"", ""timestamp"": 115200, ""packets_received"": 386, ""kalman_data"": {""altitude"": 0, ""vertical_velocity"": 0}, ""kalman_altitude"": 0, ""kalman_vertical_velocity"": 0, ""pyroDrogue"": 0, ""pyroMain"": 0, ""pyro1_state"": 0, ""pyro2_state"": 0}"
1755811081.079838,2025-08-22T00:18:01.079838,3340,0,0,-0.07,-0.03,0.91,-3.95,-1.49,-6.59,3.38,3.08,0,0,0,123046,859.31,24.45,0.02,0,0,0,0,-48,,,BEACON,"{""record_number"": 3340, ""operation_mode"": 0, ""state"": 0, ""battery_voltage"": 0, ""wifi_rssi"": -48, ""acc_data"": {""ax"": -0.07, ""ay"": -0.03, ""az"": 0.91, ""pitch"": -3.95, ""roll"": -1.49}, ""gyro_data"": {""gx"": -6.59, ""gy"": 3.38, ""gz"": 3.08}, ""gps_data"": {""latitude"": 0, ""longitude"": 0, ""gps_altitude"": 0, ""time"": 123046}, ""alt_data"": {""pressure"": 859.31, ""temperature"": 24.45, ""AGL"": 0.02, ""velocity"": 0}, ""chute_state"": {""pyro1_state"": 0, ""pyro2_state"": 0}, ""connection_status"": {""connected"": true, ""has_ever_connected"": true, ""packet_age_ms"": 0, ""timeout_exceeded"": false, ""rssi"": -48}, ""communication_mode"": ""BEACON"", ""timestamp"": 115466, ""packets_received"": 387, ""kalman_data"": {""altitude"": 0, ""vertical_velocity"": 0}, ""kalman_altitude"": 0, ""kalman_vertical_velocity"": 0, ""pyroDrogue"": 0, ""pyroMain"": 0, ""pyro1_state"": 0, ""pyro2_state"": 0}"
1755811081.13691,2025-08-22T00:18:01.136910,3348,0,0,-0.07,-0.03,0.9,-4.17,-1.56,-6.98,5.52,3.02,0,0,0,123447,859.29,24.45,0.2,0,0,0,0,-50,,,BEACON,"{""record_number"": 3348, ""operation_mode"": 0, ""state"": 0, ""battery_voltage"": 0, ""wifi_rssi"": -50, ""acc_data"": {""ax"": -0.07, ""ay"": -0.03, ""az"": 0.9, ""pitch"": -4.17, ""roll"": -1.56}, ""gyro_data"": {""gx"": -6.98, ""gy"": 5.52, ""gz"": 3.02}, ""gps_data"": {""latitude"": 0, ""longitude"": 0, ""gps_altitude"": 0, ""time"": 123447}, ""alt_data"": {""pressure"": 859.29, ""temperature"": 24.45, ""AGL"": 0.2, ""velocity"": 0}, ""chute_state"": {""pyro1_state"": 0, ""pyro2_state"": 0}, ""connection_status"": {""connected"": true, ""has_ever_connected"": true, ""packet_age_ms"": 0, ""timeout_exceeded"": false, ""rssi"": -50}, ""communication_mode"": ""BEACON"", ""timestamp"": 115859, ""packets_received"": 388, ""kalman_data"": {""altitude"": 0, ""vertical_velocity"": 0}, ""kalman_altitude"": 0, ""kalman_vertical_velocity"": 0, ""pyroDrogue"": 0, ""pyroMain"": 0, ""pyro1_state"": 0, ""pyro2_state"": 0}"
1755811081.478838,2025-08-22T00:18:01.478838,3356,0,0,-0.07,-0.03,0.9,-4.09,-1.85,-7.68,5.64,2.93,0,0,0,123862,859.41,24.48,-0.99,0,0,0,0,-49,,,BEACON,"{""record_number"": 3356, ""operation_mode"": 0, ""state"": 0, ""battery_voltage"": 0, ""wifi_rssi"": -49, ""acc_data"": {""ax"": -0.07, ""ay"": -0.03, ""az"": 0.9, ""pitch"": -4.09, ""roll"": -1.85}, ""gyro_data"": {""gx"": -7.68, ""gy"": 5.64, ""gz"": 2.93}, ""gps_data"": {""latitude"": 0, ""longitude"": 0, ""gps_altitude"": 0, ""time"": 123862}, ""alt_data"": {""pressure"": 859.41, ""temperature"": 24.48, ""AGL"": -0.99, ""velocity"": 0}, ""chute_state"": {""pyro1_state"": 0, ""pyro2_state"": 0}, ""connection_status"": {""connected"": true, ""has_ever_connected"": true, ""packet_age_ms"": 1, ""timeout_exceeded"": false, ""rssi"": -49}, ""communication_mode"": ""BEACON"", ""timestamp"": 116127, ""packets_received"": 389, ""kalman_data"": {""altitude"": 0, ""vertical_velocity"": 0}, ""kalman_altitude"": 0, ""kalman_vertical_velocity"": 0, ""pyroDrogue"": 0, ""pyroMain"": 0, ""pyro1_state"": 0, ""pyro2_state"": 0}"
1755811081.669778,2025-08-22T00:18:01.669778,3363,0,0,-0.07,-0.03,0.91,-4.51,-1.58,-5.7,2.32,3.26,0,0,0,124063,859.4,24.47,-0.83,0,0,0,0,-49,,,BEACON,"{""record_number"": 3363, ""operation_mode"": 0, ""state"": 0, ""battery_voltage"": 0, ""wifi_rssi"": -49, ""acc_data"": {""ax"": -0.07, ""ay"": -0.03, ""az"": 0.91, ""pitch"": -4.51, ""roll"": -1.58}, ""gyro_data"": {""gx"": -5.7, ""gy"": 2.32, ""gz"": 3.26}, ""gps_data"": {""latitude"": 0, ""longitude"": 0, ""gps_altitude"": 0, ""time"": 124063}, ""alt_data"": {""pressure"": 859.4, ""temperature"": 24.47, ""AGL"": -0.83, ""velocity"": 0}, ""chute_state"": {""pyro1_state"": 0, ""pyro2_state"": 0}, ""connection_status"": {""connected"": true, ""has_ever_connected"": true, ""packet_age_ms"": 1, ""timeout_exceeded"": false, ""rssi"": -49}, ""communication_mode"": ""BEACON"", ""timestamp"": 116393, ""packets_received"": 390, ""kalman_data"": {""altitude"": 0, ""vertical_velocity"": 0}, ""kalman_altitude"": 0, ""kalman_vertical_velocity"": 0, ""pyroDrogue"": 0, ""pyroMain"": 0, ""pyro1_state"": 0, ""pyro2_state"": 0}"
1755811081.969673,2025-08-22T00:18:01.969673,3371,0,0,-0.08,-0.04,0.88,-3.33,-2.85,-9.63,2.59,4.3,0,0,0,124265,859.27,24.45,0.39,0,0,0,0,-48,,,BEACON,"{""record_number"": 3371, ""operation_mode"": 0, ""state"": 0, ""battery_voltage"": 0, ""wifi_rssi"": -48, ""acc_data"": {""ax"": -0.08, ""ay"": -0.04, ""az"": 0.88, ""pitch"": -3.33, ""roll"": -2.85}, ""gyro_data"": {""gx"": -9.63, ""gy"": 2.59, ""gz"": 4.3}, ""gps_data"": {""latitude"": 0, ""longitude"": 0, ""gps_altitude"": 0, ""time"": 124265}, ""alt_data"": {""pressure"": 859.27, ""temperature"": 24.45, ""AGL"": 0.39, ""velocity"": 0}, ""chute_state"": {""pyro1_state"": 0, ""pyro2_state"": 0}, ""connection_status"": {""connected"": true, ""has_ever_connected"": true, ""packet_age_ms"": 0, ""timeout_exceeded"": false, ""rssi"": -48}, ""communication_mode"": ""BEACON"", ""timestamp"": 116658, ""packets_received"": 391, ""kalman_data"": {""altitude"": 0, ""vertical_velocity"": 0}, ""kalman_altitude"": 0, ""kalman_vertical_velocity"": 0, ""pyroDrogue"": 0, ""pyroMain"": 0, ""pyro1_state"": 0, ""pyro2_state"": 0}"
1755811082.248171,2025-08-22T00:18:02.248171,3378,0,0,-0.07,-0.02,0.9,-4.31,-2.08,-6.22,3.93,2.9,0,0,0,124670,859.28,24.46,0.27,0,0,0,0,-49,,,BEACON,"{""record_number"": 3378, ""operation_mode"": 0, ""state"": 0, ""battery_voltage"": 0, ""wifi_rssi"": -49, ""acc_data"": {""ax"": -0.07, ""ay"": -0.02, ""az"": 0.9, ""pitch"": -4.31, ""roll"": -2.08}, ""gyro_data"": {""gx"": -6.22, ""gy"": 3.93, ""gz"": 2.9}, ""gps_data"": {""latitude"": 0, ""longitude"": 0, ""gps_altitude"": 0, ""time"": 124670}, ""alt_data"": {""pressure"": 859.28, ""temperature"": 24.46, ""AGL"": 0.27, ""velocity"": 0}, ""chute_state"": {""pyro1_state"": 0, ""pyro2_state"": 0}, ""connection_status"": {""connected"": true, ""has_ever_connected"": true, ""packet_age_ms"": 1, ""timeout_exceeded"": false, ""rssi"": -49}, ""communication_mode"": ""BEACON"", ""timestamp"": 116927, ""packets_received"": 392, ""kalman_data"": {""altitude"": 0, ""vertical_velocity"": 0}, ""kalman_altitude"": 0, ""kalman_vertical_velocity"": 0, ""pyroDrogue"": 0, ""pyroMain"": 0, ""pyro1_state"": 0, ""pyro2_state"": 0}"
1755811082.502695,2025-08-22T00:18:02.502695,3389,0,0,-0.07,-0.03,0.9,-3.84,-1.7,-6.04,3.66,3.57,0,0,0,124876,859.39,24.47,-0.73,0,0,0,0,-50,,,BEACON,"{""record_number"": 3389, ""operation_mode"": 0, ""state"": 0, ""battery_voltage"": 0, ""wifi_rssi"": -50, ""acc_data"": {""ax"": -0.07, ""ay"": -0.03, ""az"": 0.9, ""pitch"": -3.84, ""roll"": -1.7}, ""gyro_data"": {""gx"": -6.04, ""gy"": 3.66, ""gz"": 3.57}, ""gps_data"": {""latitude"": 0, ""longitude"": 0, ""gps_altitude"": 0, ""time"": 124876}, ""alt_data"": {""pressure"": 859.39, ""temperature"": 24.47, ""AGL"": -0.73, ""velocity"": 0}, ""chute_state"": {""pyro1_state"": 0, ""pyro2_state"": 0}, ""connection_status"": {""connected"": true, ""has_ever_connected"": true, ""packet_age_ms"": 1, ""timeout_exceeded"": false, ""rssi"": -50}, ""communication_mode"": ""BEACON"", ""timestamp"": 117193, ""packets_received"": 393, ""kalman_data"": {""altitude"": 0, ""vertical_velocity"": 0}, ""kalman_altitude"": 0, ""kalman_vertical_velocity"": 0, ""pyroDrogue"": 0, ""pyroMain"": 0, ""pyro1_state"": 0, ""pyro2_state"": 0}"
1755811083.002395,2025-08-22T00:18:03.002395,3397,0,0,-0.08,-0.04,0.9,-4.17,-2.15,-5,1.43,1.31,0,0,0,125077,859.34,24.47,-0.26,0,0,0,0,-48,,,BEACON,"{""record_number"": 3397, ""operation_mode"": 0, ""state"": 0, ""battery_voltage"": 0, ""wifi_rssi"": -48, ""acc_data"": {""ax"": -0.08, ""ay"": -0.04, ""az"": 0.9, ""pitch"": -4.17, ""roll"": -2.15}, ""gyro_data"": {""gx"": -5, ""gy"": 1.43, ""gz"": 1.31}, ""gps_data"": {""latitude"": 0, ""longitude"": 0, ""gps_altitude"": 0, ""time"": 125077}, ""alt_data"": {""pressure"": 859.34, ""temperature"": 24.47, ""AGL"": -0.26, ""velocity"": 0}, ""chute_state"": {""pyro1_state"": 0, ""pyro2_state"": 0}, ""connection_status"": {""connected"": true, ""has_ever_connected"": true, ""packet_age_ms"": 1, ""timeout_exceeded"": false, ""rssi"": -48}, ""communication_mode"": ""BEACON"", ""timestamp"": 117565, ""packets_received"": 394, ""kalman_data"": {""altitude"": 0, ""vertical_velocity"": 0}, ""kalman_altitude"": 0, ""kalman_vertical_velocity"": 0, ""pyroDrogue"": 0, ""pyroMain"": 0, ""pyro1_state"": 0, ""pyro2_state"": 0}"
1755811083.253948,2025-08-22T00:18:03.253948,3404,0,0,-0.07,-0.02,0.9,-4.01,-1.38,-6.13,3.63,2.93,0,0,0,125480,859.35,24.47,-0.4,0,0,0,0,-49,,,BEACON,"{""record_number"": 3404, ""operation_mode"": 0, ""state"": 0, ""battery_voltage"": 0, ""wifi_rssi"": -49, ""acc_data"": {""ax"": -0.07, ""ay"": -0.02, ""az"": 0.9, ""pitch"": -4.01, ""roll"": -1.38}, ""gyro_data"": {""gx"": -6.13, ""gy"": 3.63, ""gz"": 2.93}, ""gps_data"": {""latitude"": 0, ""longitude"": 0, ""gps_altitude"": 0, ""time"": 125480}, ""alt_data"": {""pressure"": 859.35, ""temperature"": 24.47, ""AGL"": -0.4, ""velocity"": 0}, ""chute_state"": {""pyro1_state"": 0, ""pyro2_state"": 0}, ""connection_status"": {""connected"": true, ""has_ever_connected"": true, ""packet_age_ms"": 1, ""timeout_exceeded"": false, ""rssi"": -49}, ""communication_mode"": ""BEACON"", ""timestamp"": 117836, ""packets_received"": 395, ""kalman_data"": {""altitude"": 0, ""vertical_velocity"": 0}, ""kalman_altitude"": 0, ""kalman_vertical_velocity"": 0, ""pyroDrogue"": 0, ""pyroMain"": 0, ""pyro1_state"": 0, ""pyro2_state"": 0}"
1755811083.460895,2025-08-22T00:18:03.460895,3412,0,0,-0.07,-0.02,0.9,-3.92,-1.73,-7.1,3.54,3.08,0,0,0,125692,859.34,24.47,-0.29,0,0,0,0,-49,,,BEACON,"{""record_number"": 3412, ""operation_mode"": 0, ""state"": 0, ""battery_voltage"": 0, ""wifi_rssi"": -49, ""acc_data"": {""ax"": -0.07, ""ay"": -0.02, ""az"": 0.9, ""pitch"": -3.92, ""roll"": -1.73}, ""gyro_data"": {""gx"": -7.1, ""gy"": 3.54, ""gz"": 3.08}, ""gps_data"": {""latitude"": 0, ""longitude"": 0, ""gps_altitude"": 0, ""time"": 125692}, ""alt_data"": {""pressure"": 859.34, ""temperature"": 24.47, ""AGL"": -0.29, ""velocity"": 0}, ""chute_state"": {""pyro1_state"": 0, ""pyro2_state"": 0}, ""connection_status"": {""connected"": true, ""has_ever_connected"": true, ""packet_age_ms"": 0, ""timeout_exceeded"": false, ""rssi"": -49}, ""communication_mode"": ""BEACON"", ""timestamp"": 118109, ""packets_received"": 396, ""kalman_data"": {""altitude"": 0, ""vertical_velocity"": 0}, ""kalman_altitude"": 0, ""kalman_vertical_velocity"": 0, ""pyroDrogue"": 0, ""pyroMain"": 0, ""pyro1_state"": 0, ""pyro2_state"": 0}"
1755811083.653725,2025-08-22T00:18:03.653725,3420,0,0,-0.07,-0.03,0.91,-3.92,-1.75,-6.16,3.57,3.08,0,0,0,126105,859.32,24.47,-0.03,0,0,0,0,-49,,,BEACON,"{""record_number"": 3420, ""operation_mode"": 0, ""state"": 0, ""battery_voltage"": 0, ""wifi_rssi"": -49, ""acc_data"": {""ax"": -0.07, ""ay"": -0.03, ""az"": 0.91, ""pitch"": -3.92, ""roll"": -1.75}, ""gyro_data"": {""gx"": -6.16, ""gy"": 3.57, ""gz"": 3.08}, ""gps_data"": {""latitude"": 0, ""longitude"": 0, ""gps_altitude"": 0, ""time"": 126105}, ""alt_data"": {""pressure"": 859.32, ""temperature"": 24.47, ""AGL"": -0.03, ""velocity"": 0}, ""chute_state"": {""pyro1_state"": 0, ""pyro2_state"": 0}, ""connection_status"": {""connected"": true, ""has_ever_connected"": true, ""packet_age_ms"": 0, ""timeout_exceeded"": false, ""rssi"": -49}, ""communication_mode"": ""BEACON"", ""timestamp"": 118376, ""packets_received"": 397, ""kalman_data"": {""altitude"": 0, ""vertical_velocity"": 0}, ""kalman_altitude"": 0, ""kalman_vertical_velocity"": 0, ""pyroDrogue"": 0, ""pyroMain"": 0, ""pyro1_state"": 0, ""pyro2_state"": 0}"
1755811083.910947,2025-08-22T00:18:03.910947,3428,0,0,-0.07,-0.03,0.91,-4.09,-1.94,-6.62,3.72,3.08,0,0,0,126305,859.39,24.48,-0.77,0,0,0,0,-49,,,BEACON,"{""record_number"": 3428, ""operation_mode"": 0, ""state"": 0, ""battery_voltage"": 0, ""wifi_rssi"": -49, ""acc_data"": {""ax"": -0.07, ""ay"": -0.03, ""az"": 0.91, ""pitch"": -4.09, ""roll"": -1.94}, ""gyro_data"": {""gx"": -6.62, ""gy"": 3.72, ""gz"": 3.08}, ""gps_data"": {""latitude"": 0, ""longitude"": 0, ""gps_altitude"": 0, ""time"": 126305}, ""alt_data"": {""pressure"": 859.39, ""temperature"": 24.48, ""AGL"": -0.77, ""velocity"": 0}, ""chute_state"": {""pyro1_state"": 0, ""pyro2_state"": 0}, ""connection_status"": {""connected"": true, ""has_ever_connected"": true, ""packet_age_ms"": 0, ""timeout_exceeded"": false, ""rssi"": -49}, ""communication_mode"": ""BEACON"", ""timestamp"": 118640, ""packets_received"": 398, ""kalman_data"": {""altitude"": 0, ""vertical_velocity"": 0}, ""kalman_altitude"": 0, ""kalman_vertical_velocity"": 0, ""pyroDrogue"": 0, ""pyroMain"": 0, ""pyro1_state"": 0, ""pyro2_state"": 0}"
1755811084.208047,2025-08-22T00:18:04.208047,3438,0,0,-0.07,-0.03,0.9,-4.17,-1.95,-6.28,3.45,2.71,0,0,0,126506,859.35,24.47,-0.36,0,0,0,0,-48,,,BEACON,"{""record_number"": 3438, ""operation_mode"": 0, ""state"": 0, ""battery_voltage"": 0, ""wifi_rssi"": -48, ""acc_data"": {""ax"": -0.07, ""ay"": -0.03, ""az"": 0.9, ""pitch"": -4.17, ""roll"": -1.95}, ""gyro_data"": {""gx"": -6.28, ""gy"": 3.45, ""gz"": 2.71}, ""gps_data"": {""latitude"": 0, ""longitude"": 0, ""gps_altitude"": 0, ""time"": 126506}, ""alt_data"": {""pressure"": 859.35, ""temperature"": 24.47, ""AGL"": -0.36, ""velocity"": 0}, ""chute_state"": {""pyro1_state"": 0, ""pyro2_state"": 0}, ""connection_status"": {""connected"": true, ""has_ever_connected"": true, ""packet_age_ms"": 1, ""timeout_exceeded"": false, ""rssi"": -48}, ""communication_mode"": ""BEACON"", ""timestamp"": 118916, ""packets_received"": 399, ""kalman_data"": {""altitude"": 0, ""vertical_velocity"": 0}, ""kalman_altitude"": 0, ""kalman_vertical_velocity"": 0, ""pyroDrogue"": 0, ""pyroMain"": 0, ""pyro1_state"": 0, ""pyro2_state"": 0}"
1755811084.557105,2025-08-22T00:18:04.557105,3445,0,0,-0.08,-0.03,0.91,-4.29,-1.89,-6.49,3.99,3.26,0,0,0,126925,859.39,24.47,-0.73,0,0,0,0,-48,,,BEACON,"{""record_number"": 3445, ""operation_mode"": 0, ""state"": 0, ""battery_voltage"": 0, ""wifi_rssi"": -48, ""acc_data"": {""ax"": -0.08, ""ay"": -0.03, ""az"": 0.91, ""pitch"": -4.29, ""roll"": -1.89}, ""gyro_data"": {""gx"": -6.49, ""gy"": 3.99, ""gz"": 3.26}, ""gps_data"": {""latitude"": 0, ""longitude"": 0, ""gps_altitude"": 0, ""time"": 126925}, ""alt_data"": {""pressure"": 859.39, ""temperature"": 24.47, ""AGL"": -0.73, ""velocity"": 0}, ""chute_state"": {""pyro1_state"": 0, ""pyro2_state"": 0}, ""connection_status"": {""connected"": true, ""has_ever_connected"": true, ""packet_age_ms"": 1, ""timeout_exceeded"": false, ""rssi"": -48}, ""communication_mode"": ""BEACON"", ""timestamp"": 119285, ""packets_received"": 400, ""kalman_data"": {""altitude"": 0, ""vertical_velocity"": 0}, ""kalman_altitude"": 0, ""kalman_vertical_velocity"": 0, ""pyroDrogue"": 0, ""pyroMain"": 0, ""pyro1_state"": 0, ""pyro2_state"": 0}"
1755811084.822579,2025-08-22T00:18:04.822579,3453,0,0,-0.07,-0.03,0.9,-4.17,-1.62,-6.86,3.26,2.87,0,0,0,127127,859.39,24.46,-0.72,0,0,0,0,-48,,,BEACON,"{""record_number"": 3453, ""operation_mode"": 0, ""state"": 0, ""battery_voltage"": 0, ""wifi_rssi"": -48, ""acc_data"": {""ax"": -0.07, ""ay"": -0.03, ""az"": 0.9, ""pitch"": -4.17, ""roll"": -1.62}, ""gyro_data"": {""gx"": -6.86, ""gy"": 3.26, ""gz"": 2.87}, ""gps_data"": {""latitude"": 0, ""longitude"": 0, ""gps_altitude"": 0, ""time"": 127127}, ""alt_data"": {""pressure"": 859.39, ""temperature"": 24.46, ""AGL"": -0.72, ""velocity"": 0}, ""chute_state"": {""pyro1_state"": 0, ""pyro2_state"": 0}, ""connection_status"": {""connected"": true, ""has_ever_connected"": true, ""packet_age_ms"": 1, ""timeout_exceeded"": false, ""rssi"": -48}, ""communication_mode"": ""BEACON"", ""timestamp"": 119554, ""packets_received"": 401, ""kalman_data"": {""altitude"": 0, ""vertical_velocity"": 0}, ""kalman_altitude"": 0, ""kalman_vertical_velocity"": 0, ""pyroDrogue"": 0, ""pyroMain"": 0, ""pyro1_state"": 0, ""pyro2_state"": 0}"
1755811085.109848,2025-08-22T00:18:05.109848,3461,0,0,-0.07,-0.02,0.9,-4.06,-1.86,-6.01,3.45,3.6,0,0,0,127529,859.35,24.47,-0.33,0,0,0,0,-49,,,BEACON,"{""record_number"": 3461, ""operation_mode"": 0, ""state"": 0, ""battery_voltage"": 0, ""wifi_rssi"": -49, ""acc_data"": {""ax"": -0.07, ""ay"": -0.02, ""az"": 0.9, ""pitch"": -4.06, ""roll"": -1.86}, ""gyro_data"": {""gx"": -6.01, ""gy"": 3.45, ""gz"": 3.6}, ""gps_data"": {""latitude"": 0, ""longitude"": 0, ""gps_altitude"": 0, ""time"": 127529}, ""alt_data"": {""pressure"": 859.35, ""temperature"": 24.47, ""AGL"": -0.33, ""velocity"": 0}, ""chute_state"": {""pyro1_state"": 0, ""pyro2_state"": 0}, ""connection_status"": {""connected"": true, ""has_ever_connected"": true, ""packet_age_ms"": 0, ""timeout_exceeded"": false, ""rssi"": -49}, ""communication_mode"": ""BEACON"", ""timestamp"": 119822, ""packets_received"": 402, ""kalman_data"": {""altitude"": 0, ""vertical_velocity"": 0}, ""kalman_altitude"": 0, ""kalman_vertical_velocity"": 0, ""pyroDrogue"": 0, ""pyroMain"": 0, ""pyro1_state"": 0, ""pyro2_state"": 0}"
1755811085.366398,2025-08-22T00:18:05.366398,3468,0,0,-0.07,-0.03,0.9,-3.98,-1.98,-5.85,2.23,3.45,0,0,0,127741,859.38,24.48,-0.7,0,0,0,0,-49,,,BEACON,"{""record_number"": 3468, ""operation_mode"": 0, ""state"": 0, ""battery_voltage"": 0, ""wifi_rssi"": -49, ""acc_data"": {""ax"": -0.07, ""ay"": -0.03, ""az"": 0.9, ""pitch"": -3.98, ""roll"": -1.98}, ""gyro_data"": {""gx"": -5.85, ""gy"": 2.23, ""gz"": 3.45}, ""gps_data"": {""latitude"": 0, ""longitude"": 0, ""gps_altitude"": 0, ""time"": 127741}, ""alt_data"": {""pressure"": 859.38, ""temperature"": 24.48, ""AGL"": -0.7, ""velocity"": 0}, ""chute_state"": {""pyro1_state"": 0, ""pyro2_state"": 0}, ""connection_status"": {""connected"": true, ""has_ever_connected"": true, ""packet_age_ms"": 0, ""timeout_exceeded"": false, ""rssi"": -49}, ""communication_mode"": ""BEACON"", ""timestamp"": 120098, ""packets_received"": 403, ""kalman_data"": {""altitude"": 0, ""vertical_velocity"": 0}, ""kalman_altitude"": 0, ""kalman_vertical_velocity"": 0, ""pyroDrogue"": 0, ""pyroMain"": 0, ""pyro1_state"": 0, ""pyro2_state"": 0}"
1755811085.651072,2025-08-22T00:18:05.651072,3476,0,0,-0.07,-0.03,0.91,-4.29,-1.91,-6.43,4.42,3.08,0,0,0,127951,859.36,24.48,-0.44,0,0,0,0,-48,,,BEACON,"{""record_number"": 3476, ""operation_mode"": 0, ""state"": 0, ""battery_voltage"": 0, ""wifi_rssi"": -48, ""acc_data"": {""ax"": -0.07, ""ay"": -0.03, ""az"": 0.91, ""pitch"": -4.29, ""roll"": -1.91}, ""gyro_data"": {""gx"": -6.43, ""gy"": 4.42, ""gz"": 3.08}, ""gps_data"": {""latitude"": 0, ""longitude"": 0, ""gps_altitude"": 0, ""time"": 127951}, ""alt_data"": {""pressure"": 859.36, ""temperature"": 24.48, ""AGL"": -0.44, ""velocity"": 0}, ""chute_state"": {""pyro1_state"": 0, ""pyro2_state"": 0}, ""connection_status"": {""connected"": true, ""has_ever_connected"": true, ""packet_age_ms"": 0, ""timeout_exceeded"": false, ""rssi"": -48}, ""communication_mode"": ""BEACON"", ""timestamp"": 120363, ""packets_received"": 404, ""kalman_data"": {""altitude"": 0, ""vertical_velocity"": 0}, ""kalman_altitude"": 0, ""kalman_vertical_velocity"": 0, ""pyroDrogue"": 0, ""pyroMain"": 0, ""pyro1_state"": 0, ""pyro2_state"": 0}"
1755811085.952864,2025-08-22T00:18:05.952864,3486,0,0,-0.07,-0.03,0.9,-3.78,-1.77,-5.91,3.02,2.87,0,0,0,128351,859.35,24.48,-0.37,0,0,0,0,-49,,,BEACON,"{""record_number"": 3486, ""operation_mode"": 0, ""state"": 0, ""battery_voltage"": 0, ""wifi_rssi"": -49, ""acc_data"": {""ax"": -0.07, ""ay"": -0.03, ""az"": 0.9, ""pitch"": -3.78, ""roll"": -1.77}, ""gyro_data"": {""gx"": -5.91, ""gy"": 3.02, ""gz"": 2.87}, ""gps_data"": {""latitude"": 0, ""longitude"": 0, ""gps_altitude"": 0, ""time"": 128351}, ""alt_data"": {""pressure"": 859.35, ""temperature"": 24.48, ""AGL"": -0.37, ""velocity"": 0}, ""chute_state"": {""pyro1_state"": 0, ""pyro2_state"": 0}, ""connection_status"": {""connected"": true, ""has_ever_connected"": true, ""packet_age_ms"": 0, ""timeout_exceeded"": false, ""rssi"": -49}, ""communication_mode"": ""BEACON"", ""timestamp"": 120628, ""packets_received"": 405, ""kalman_data"": {""altitude"": 0, ""vertical_velocity"": 0}, ""kalman_altitude"": 0, ""kalman_vertical_velocity"": 0, ""pyroDrogue"": 0, ""pyroMain"": 0, ""pyro1_state"": 0, ""pyro2_state"": 0}"
1755811086.189906,2025-08-22T00:18:06.189906,3495,0,0,-0.07,-0.03,0.89,-3.64,-2.1,-6.4,3.57,3.35,0,0,0,128553,859.37,24.49,-0.56,0,0,0,0,-49,,,BEACON,"{""record_number"": 3495, ""operation_mode"": 0, ""state"": 0, ""battery_voltage"": 0, ""wifi_rssi"": -49, ""acc_data"": {""ax"": -0.07, ""ay"": -0.03, ""az"": 0.89, ""pitch"": -3.64, ""roll"": -2.1}, ""gyro_data"": {""gx"": -6.4, ""gy"": 3.57, ""gz"": 3.35}, ""gps_data"": {""latitude"": 0, ""longitude"": 0, ""gps_altitude"": 0, ""time"": 128553}, ""alt_data"": {""pressure"": 859.37, ""temperature"": 24.49, ""AGL"": -0.56, ""velocity"": 0}, ""chute_state"": {""pyro1_state"": 0, ""pyro2_state"": 0}, ""connection_status"": {""connected"": true, ""has_ever_connected"": true, ""packet_age_ms"": 0, ""timeout_exceeded"": false, ""rssi"": -49}, ""communication_mode"": ""BEACON"", ""timestamp"": 120900, ""packets_received"": 406, ""kalman_data"": {""altitude"": 0, ""vertical_velocity"": 0}, ""kalman_altitude"": 0, ""kalman_vertical_velocity"": 0, ""pyroDrogue"": 0, ""pyroMain"": 0, ""pyro1_state"": 0, ""pyro2_state"": 0}"
1755811086.547414,2025-08-22T00:18:06.547414,3502,0,0,-0.07,-0.02,0.9,-4.01,-1.88,-6.25,2.96,2.87,0,0,0,128766,859.35,24.48,-0.37,0,0,0,0,-48,,,BEACON,"{""record_number"": 3502, ""operation_mode"": 0, ""state"": 0, ""battery_voltage"": 0, ""wifi_rssi"": -48, ""acc_data"": {""ax"": -0.07, ""ay"": -0.02, ""az"": 0.9, ""pitch"": -4.01, ""roll"": -1.88}, ""gyro_data"": {""gx"": -6.25, ""gy"": 2.96, ""gz"": 2.87}, ""gps_data"": {""latitude"": 0, ""longitude"": 0, ""gps_altitude"": 0, ""time"": 128766}, ""alt_data"": {""pressure"": 859.35, ""temperature"": 24.48, ""AGL"": -0.37, ""velocity"": 0}, ""chute_state"": {""pyro1_state"": 0, ""pyro2_state"": 0}, ""connection_status"": {""connected"": true, ""has_ever_connected"": true, ""packet_age_ms"": 0, ""timeout_exceeded"": false, ""rssi"": -48}, ""communication_mode"": ""BEACON"", ""timestamp"": 121278, ""packets_received"": 407, ""kalman_data"": {""altitude"": 0, ""vertical_velocity"": 0}, ""kalman_altitude"": 0, ""kalman_vertical_velocity"": 0, ""pyroDrogue"": 0, ""pyroMain"": 0, ""pyro1_state"": 0, ""pyro2_state"": 0}"
1755811086.881138,2025-08-22T00:18:06.881138,3510,0,0,-0.07,-0.03,0.9,-4.09,-1.66,-6.49,4.48,2.93,0,0,0,129174,859.35,24.47,-0.33,0,0,0,0,-49,,,BEACON,"{""record_number"": 3510, ""operation_mode"": 0, ""state"": 0, ""battery_voltage"": 0, ""wifi_rssi"": -49, ""acc_data"": {""ax"": -0.07, ""ay"": -0.03, ""az"": 0.9, ""pitch"": -4.09, ""roll"": -1.66}, ""gyro_data"": {""gx"": -6.49, ""gy"": 4.48, ""gz"": 2.93}, ""gps_data"": {""latitude"": 0, ""longitude"": 0, ""gps_altitude"": 0, ""time"": 129174}, ""alt_data"": {""pressure"": 859.35, ""temperature"": 24.47, ""AGL"": -0.33, ""velocity"": 0}, ""chute_state"": {""pyro1_state"": 0, ""pyro2_state"": 0}, ""connection_status"": {""connected"": true, ""has_ever_connected"": true, ""packet_age_ms"": 0, ""timeout_exceeded"": false, ""rssi"": -49}, ""communication_mode"": ""BEACON"", ""timestamp"": 121545, ""packets_received"": 408, ""kalman_data"": {""altitude"": 0, ""vertical_velocity"": 0}, ""kalman_altitude"": 0, ""kalman_vertical_velocity"": 0, ""pyroDrogue"": 0, ""pyroMain"": 0, ""pyro1_state"": 0, ""pyro2_state"": 0}"
1755811087.144563,2025-08-22T00:18:07.144563,3517,0,0,-0.07,-0.02,0.89,-4.12,-1.88,-6.25,3.78,3.75,0,0,0,129374,859.4,24.5,-0.86,0,0,0,0,-49,,,BEACON,"{""record_number"": 3517, ""operation_mode"": 0, ""state"": 0, ""battery_voltage"": 0, ""wifi_rssi"": -49, ""acc_data"": {""ax"": -0.07, ""ay"": -0.02, ""az"": 0.89, ""pitch"": -4.12, ""roll"": -1.88}, ""gyro_data"": {""gx"": -6.25, ""gy"": 3.78, ""gz"": 3.75}, ""gps_data"": {""latitude"": 0, ""longitude"": 0, ""gps_altitude"": 0, ""time"": 129374}, ""alt_data"": {""pressure"": 859.4, ""temperature"": 24.5, ""AGL"": -0.86, ""velocity"": 0}, ""chute_state"": {""pyro1_state"": 0, ""pyro2_state"": 0}, ""connection_status"": {""connected"": true, ""has_ever_connected"": true, ""packet_age_ms"": 0, ""timeout_exceeded"": false, ""rssi"": -49}, ""communication_mode"": ""BEACON"", ""timestamp"": 121815, ""packets_received"": 409, ""kalman_data"": {""altitude"": 0, ""vertical_velocity"": 0}, ""kalman_altitude"": 0, ""kalman_vertical_velocity"": 0, ""pyroDrogue"": 0, ""pyroMain"": 0, ""pyro1_state"": 0, ""pyro2_state"": 0}"
1755811087.490155,2025-08-22T00:18:07.490155,3525,0,0,-0.07,-0.03,0.9,-4.43,-1.94,-5.79,4.18,3.57,0,0,0,129786,859.35,24.49,-0.38,0,0,0,0,-49,,,BEACON,"{""record_number"": 3525, ""operation_mode"": 0, ""state"": 0, ""battery_voltage"": 0, ""wifi_rssi"": -49, ""acc_data"": {""ax"": -0.07, ""ay"": -0.03, ""az"": 0.9, ""pitch"": -4.43, ""roll"": -1.94}, ""gyro_data"": {""gx"": -5.79, ""gy"": 4.18, ""gz"": 3.57}, ""gps_data"": {""latitude"": 0, ""longitude"": 0, ""gps_altitude"": 0, ""time"": 129786}, ""alt_data"": {""pressure"": 859.35, ""temperature"": 24.49, ""AGL"": -0.38, ""velocity"": 0}, ""chute_state"": {""pyro1_state"": 0, ""pyro2_state"": 0}, ""connection_status"": {""connected"": true, ""has_ever_connected"": true, ""packet_age_ms"": 0, ""timeout_exceeded"": false, ""rssi"": -49}, ""communication_mode"": ""BEACON"", ""timestamp"": 122084, ""packets_received"": 410, ""kalman_data"": {""altitude"": 0, ""vertical_velocity"": 0}, ""kalman_altitude"": 0, ""kalman_vertical_velocity"": 0, ""pyroDrogue"": 0, ""pyroMain"": 0, ""pyro1_state"": 0, ""pyro2_state"": 0}"
1755811087.634797,2025-08-22T00:18:07.634797,3535,0,0,-0.06,-0.03,0.9,-4.06,-1.77,-6.43,4.3,3.38,0,0,0,129992,859.38,24.49,-0.71,0,0,0,0,-49,,,BEACON,"{""record_number"": 3535, ""operation_mode"": 0, ""state"": 0, ""battery_voltage"": 0, ""wifi_rssi"": -49, ""acc_data"": {""ax"": -0.06, ""ay"": -0.03, ""az"": 0.9, ""pitch"": -4.06, ""roll"": -1.77}, ""gyro_data"": {""gx"": -6.43, ""gy"": 4.3, ""gz"": 3.38}, ""gps_data"": {""latitude"": 0, ""longitude"": 0, ""gps_altitude"": 0, ""time"": 129992}, ""alt_data"": {""pressure"": 859.38, ""temperature"": 24.49, ""AGL"": -0.71, ""velocity"": 0}, ""chute_state"": {""pyro1_state"": 0, ""pyro2_state"": 0}, ""connection_status"": {""connected"": true, ""has_ever_connected"": true, ""packet_age_ms"": 0, ""timeout_exceeded"": false, ""rssi"": -49}, ""communication_mode"": ""BEACON"", ""timestamp"": 122352, ""packets_received"": 411, ""kalman_data"": {""altitude"": 0, ""vertical_velocity"": 0}, ""kalman_altitude"": 0, ""kalman_vertical_velocity"": 0, ""pyroDrogue"": 0, ""pyroMain"": 0, ""pyro1_state"": 0, ""pyro2_state"": 0}"
1755811087.928832,2025-08-22T00:18:07.928832,3543,0,0,-0.07,-0.03,0.9,-3.92,-1.56,-7.35,5.58,3.38,0,0,0,130192,859.34,24.48,-0.26,0,0,0,0,-50,,,BEACON,"{""record_number"": 3543, ""operation_mode"": 0, ""state"": 0, ""battery_voltage"": 0, ""wifi_rssi"": -50, ""acc_data"": {""ax"": -0.07, ""ay"": -0.03, ""az"": 0.9, ""pitch"": -3.92, ""roll"": -1.56}, ""gyro_data"": {""gx"": -7.35, ""gy"": 5.58, ""gz"": 3.38}, ""gps_data"": {""latitude"": 0, ""longitude"": 0, ""gps_altitude"": 0, ""time"": 130192}, ""alt_data"": {""pressure"": 859.34, ""temperature"": 24.48, ""AGL"": -0.26, ""velocity"": 0}, ""chute_state"": {""pyro1_state"": 0, ""pyro2_state"": 0}, ""connection_status"": {""connected"": true, ""has_ever_connected"": true, ""packet_age_ms"": 0, ""timeout_exceeded"": false, ""rssi"": -50}, ""communication_mode"": ""BEACON"", ""timestamp"": 122619, ""packets_received"": 412, ""kalman_data"": {""altitude"": 0, ""vertical_velocity"": 0}, ""kalman_altitude"": 0, ""kalman_vertical_velocity"": 0, ""pyroDrogue"": 0, ""pyroMain"": 0, ""pyro1_state"": 0, ""pyro2_state"": 0}"
1755811088.281198,2025-08-22T00:18:08.281198,3550,0,0,-0.08,-0.03,0.91,-4.17,-1.82,-5.91,2.84,2.96,0,0,0,130595,859.4,24.49,-0.82,0,0,0,0,-49,,,BEACON,"{""record_number"": 3550, ""operation_mode"": 0, ""state"": 0, ""battery_voltage"": 0, ""wifi_rssi"": -49, ""acc_data"": {""ax"": -0.08, ""ay"": -0.03, ""az"": 0.91, ""pitch"": -4.17, ""roll"": -1.82}, ""gyro_data"": {""gx"": -5.91, ""gy"": 2.84, ""gz"": 2.96}, ""gps_data"": {""latitude"": 0, ""longitude"": 0, ""gps_altitude"": 0, ""time"": 130595}, ""alt_data"": {""pressure"": 859.4, ""temperature"": 24.49, ""AGL"": -0.82, ""velocity"": 0}, ""chute_state"": {""pyro1_state"": 0, ""pyro2_state"": 0}, ""connection_status"": {""connected"": true, ""has_ever_connected"": true, ""packet_age_ms"": 0, ""timeout_exceeded"": false, ""rssi"": -49}, ""communication_mode"": ""BEACON"", ""timestamp"": 123000, ""packets_received"": 413, ""kalman_data"": {""altitude"": 0, ""vertical_velocity"": 0}, ""kalman_altitude"": 0, ""kalman_vertical_velocity"": 0, ""pyroDrogue"": 0, ""pyroMain"": 0, ""pyro1_state"": 0, ""pyro2_state"": 0}"
1755811088.533734,2025-08-22T00:18:08.533734,3558,0,0,-0.08,-0.03,0.9,-3.58,-1.52,-6.01,3.2,3.87,0,0,0,131009,859.37,24.49,-0.59,0,0,0,0,-48,,,BEACON,"{""record_number"": 3558, ""operation_mode"": 0, ""state"": 0, ""battery_voltage"": 0, ""wifi_rssi"": -48, ""acc_data"": {""ax"": -0.08, ""ay"": -0.03, ""az"": 0.9, ""pitch"": -3.58, ""roll"": -1.52}, ""gyro_data"": {""gx"": -6.01, ""gy"": 3.2, ""gz"": 3.87}, ""gps_data"": {""latitude"": 0, ""longitude"": 0, ""gps_altitude"": 0, ""time"": 131009}, ""alt_data"": {""pressure"": 859.37, ""temperature"": 24.49, ""AGL"": -0.59, ""velocity"": 0}, ""chute_state"": {""pyro1_state"": 0, ""pyro2_state"": 0}, ""connection_status"": {""connected"": true, ""has_ever_connected"": true, ""packet_age_ms"": 0, ""timeout_exceeded"": false, ""rssi"": -48}, ""communication_mode"": ""BEACON"", ""timestamp"": 123267, ""packets_received"": 414, ""kalman_data"": {""altitude"": 0, ""vertical_velocity"": 0}, ""kalman_altitude"": 0, ""kalman_vertical_velocity"": 0, ""pyroDrogue"": 0, ""pyroMain"": 0, ""pyro1_state"": 0, ""pyro2_state"": 0}"
1755811088.841064,2025-08-22T00:18:08.841064,3566,0,0,-0.07,-0.03,0.9,-4.12,-1.84,-6.52,3.72,3.17,0,0,0,131209,859.36,24.49,-0.45,0,0,0,0,-49,,,BEACON,"{""record_number"": 3566, ""operation_mode"": 0, ""state"": 0, ""battery_voltage"": 0, ""wifi_rssi"": -49, ""acc_data"": {""ax"": -0.07, ""ay"": -0.03, ""az"": 0.9, ""pitch"": -4.12, ""roll"": -1.84}, ""gyro_data"": {""gx"": -6.52, ""gy"": 3.72, ""gz"": 3.17}, ""gps_data"": {""latitude"": 0, ""longitude"": 0, ""gps_altitude"": 0, ""time"": 131209}, ""alt_data"": {""pressure"": 859.36, ""temperature"": 24.49, ""AGL"": -0.45, ""velocity"": 0}, ""chute_state"": {""pyro1_state"": 0, ""pyro2_state"": 0}, ""connection_status"": {""connected"": true, ""has_ever_connected"": true, ""packet_age_ms"": 0, ""timeout_exceeded"": false, ""rssi"": -49}, ""communication_mode"": ""BEACON"", ""timestamp"": 123536, ""packets_received"": 415, ""kalman_data"": {""altitude"": 0, ""vertical_velocity"": 0}, ""kalman_altitude"": 0, ""kalman_vertical_velocity"": 0, ""pyroDrogue"": 0, ""pyroMain"": 0, ""pyro1_state"": 0, ""pyro2_state"": 0}"
1755811089.078289,2025-08-22T00:18:09.078289,3574,0,0,-0.06,-0.03,0.91,-3.78,-1.56,-6.28,3.66,3.02,0,0,0,131410,859.35,24.5,-0.35,0,0,0,0,-48,,,BEACON,"{""record_number"": 3574, ""operation_mode"": 0, ""state"": 0, ""battery_voltage"": 0, ""wifi_rssi"": -48, ""acc_data"": {""ax"": -0.06, ""ay"": -0.03, ""az"": 0.91, ""pitch"": -3.78, ""roll"": -1.56}, ""gyro_data"": {""gx"": -6.28, ""gy"": 3.66, ""gz"": 3.02}, ""gps_data"": {""latitude"": 0, ""longitude"": 0, ""gps_altitude"": 0, ""time"": 131410}, ""alt_data"": {""pressure"": 859.35, ""temperature"": 24.5, ""AGL"": -0.35, ""velocity"": 0}, ""chute_state"": {""pyro1_state"": 0, ""pyro2_state"": 0}, ""connection_status"": {""connected"": true, ""has_ever_connected"": true, ""packet_age_ms"": 0, ""timeout_exceeded"": false, ""rssi"": -48}, ""communication_mode"": ""BEACON"", ""timestamp"": 123806, ""packets_received"": 416, ""kalman_data"": {""altitude"": 0, ""vertical_velocity"": 0}, ""kalman_altitude"": 0, ""kalman_vertical_velocity"": 0, ""pyroDrogue"": 0, ""pyroMain"": 0, ""pyro1_state"": 0, ""pyro2_state"": 0}"
1755811089.340733,2025-08-22T00:18:09.340733,3582,0,0,-0.07,-0.03,0.9,-4.2,-1.96,-6.65,3.84,3.17,0,0,0,131823,859.28,24.49,0.31,0,0,0,0,-48,,,BEACON,"{""record_number"": 3582, ""operation_mode"": 0, ""state"": 0, ""battery_voltage"": 0, ""wifi_rssi"": -48, ""acc_data"": {""ax"": -0.07, ""ay"": -0.03, ""az"": 0.9, ""pitch"": -4.2, ""roll"": -1.96}, ""gyro_data"": {""gx"": -6.65, ""gy"": 3.84, ""gz"": 3.17}, ""gps_data"": {""latitude"": 0, ""longitude"": 0, ""gps_altitude"": 0, ""time"": 131823}, ""alt_data"": {""pressure"": 859.28, ""temperature"": 24.49, ""AGL"": 0.31, ""velocity"": 0}, ""chute_state"": {""pyro1_state"": 0, ""pyro2_state"": 0}, ""connection_status"": {""connected"": true, ""has_ever_connected"": true, ""packet_age_ms"": 0, ""timeout_exceeded"": false, ""rssi"": -48}, ""communication_mode"": ""BEACON"", ""timestamp"": 124071, ""packets_received"": 417, ""kalman_data"": {""altitude"": 0, ""vertical_velocity"": 0}, ""kalman_altitude"": 0, ""kalman_vertical_velocity"": 0, ""pyroDrogue"": 0, ""pyroMain"": 0, ""pyro1_state"": 0, ""pyro2_state"": 0}"
1755811089.635921,2025-08-22T00:18:09.635921,3592,0,0,-0.07,-0.03,0.9,-4.15,-1.62,-7.44,7.84,2.8,0,0,0,132025,859.3,24.49,0.1,0,0,0,0,-49,,,BEACON,"{""record_number"": 3592, ""operation_mode"": 0, ""state"": 0, ""battery_voltage"": 0, ""wifi_rssi"": -49, ""acc_data"": {""ax"": -0.07, ""ay"": -0.03, ""az"": 0.9, ""pitch"": -4.15, ""roll"": -1.62}, ""gyro_data"": {""gx"": -7.44, ""gy"": 7.84, ""gz"": 2.8}, ""gps_data"": {""latitude"": 0, ""longitude"": 0, ""gps_altitude"": 0, ""time"": 132025}, ""alt_data"": {""pressure"": 859.3, ""temperature"": 24.49, ""AGL"": 0.1, ""velocity"": 0}, ""chute_state"": {""pyro1_state"": 0, ""pyro2_state"": 0}, ""connection_status"": {""connected"": true, ""has_ever_connected"": true, ""packet_age_ms"": 0, ""timeout_exceeded"": false, ""rssi"": -49}, ""communication_mode"": ""BEACON"", ""timestamp"": 124337, ""packets_received"": 418, ""kalman_data"": {""altitude"": 0, ""vertical_velocity"": 0}, ""kalman_altitude"": 0, ""kalman_vertical_velocity"": 0, ""pyroDrogue"": 0, ""pyroMain"": 0, ""pyro1_state"": 0, ""pyro2_state"": 0}"
1755811090.006917,2025-08-22T00:18:10.006917,3600,0,0,-0.07,-0.02,0.89,-3.67,-1.93,-6.65,3.54,3.78,0,0,0,132227,859.35,24.49,-0.41,0,0,0,0,-49,,,BEACON,"{""record_number"": 3600, ""operation_mode"": 0, ""state"": 0, ""battery_voltage"": 0, ""wifi_rssi"": -49, ""acc_data"": {""ax"": -0.07, ""ay"": -0.02, ""az"": 0.89, ""pitch"": -3.67, ""roll"": -1.93}, ""gyro_data"": {""gx"": -6.65, ""gy"": 3.54, ""gz"": 3.78}, ""gps_data"": {""latitude"": 0, ""longitude"": 0, ""gps_altitude"": 0, ""time"": 132227}, ""alt_data"": {""pressure"": 859.35, ""temperature"": 24.49, ""AGL"": -0.41, ""velocity"": 0}, ""chute_state"": {""pyro1_state"": 0, ""pyro2_state"": 0}, ""connection_status"": {""connected"": true, ""has_ever_connected"": true, ""packet_age_ms"": 1, ""timeout_exceeded"": false, ""rssi"": -49}, ""communication_mode"": ""BEACON"", ""timestamp"": 124733, ""packets_received"": 419, ""kalman_data"": {""altitude"": 0, ""vertical_velocity"": 0}, ""kalman_altitude"": 0, ""kalman_vertical_velocity"": 0, ""pyroDrogue"": 0, ""pyroMain"": 0, ""pyro1_state"": 0, ""pyro2_state"": 0}"
1755811090.298835,2025-08-22T00:18:10.298835,3607,0,0,-0.07,-0.02,0.9,-4.09,-2.41,-6.34,4.05,2.87,0,0,0,132636,859.36,24.49,-0.49,0,0,0,0,-50,,,BEACON,"{""record_number"": 3607, ""operation_mode"": 0, ""state"": 0, ""battery_voltage"": 0, ""wifi_rssi"": -50, ""acc_data"": {""ax"": -0.07, ""ay"": -0.02, ""az"": 0.9, ""pitch"": -4.09, ""roll"": -2.41}, ""gyro_data"": {""gx"": -6.34, ""gy"": 4.05, ""gz"": 2.87}, ""gps_data"": {""latitude"": 0, ""longitude"": 0, ""gps_altitude"": 0, ""time"": 132636}, ""alt_data"": {""pressure"": 859.36, ""temperature"": 24.49, ""AGL"": -0.49, ""velocity"": 0}, ""chute_state"": {""pyro1_state"": 0, ""pyro2_state"": 0}, ""connection_status"": {""connected"": true, ""has_ever_connected"": true, ""packet_age_ms"": 0, ""timeout_exceeded"": false, ""rssi"": -50}, ""communication_mode"": ""BEACON"", ""timestamp"": 125006, ""packets_received"": 420, ""kalman_data"": {""altitude"": 0, ""vertical_velocity"": 0}, ""kalman_altitude"": 0, ""kalman_vertical_velocity"": 0, ""pyroDrogue"": 0, ""pyroMain"": 0, ""pyro1_state"": 0, ""pyro2_state"": 0}"
1755811090.548443,2025-08-22T00:18:10.548443,3615,0,0,-0.07,-0.03,0.9,-4.2,-1.9,-6.62,5.09,3.08,0,0,0,132850,859.31,24.49,0.05,0,0,0,0,-50,,,BEACON,"{""record_number"": 3615, ""operation_mode"": 0, ""state"": 0, ""battery_voltage"": 0, ""wifi_rssi"": -50, ""acc_data"": {""ax"": -0.07, ""ay"": -0.03, ""az"": 0.9, ""pitch"": -4.2, ""roll"": -1.9}, ""gyro_data"": {""gx"": -6.62, ""gy"": 5.09, ""gz"": 3.08}, ""gps_data"": {""latitude"": 0, ""longitude"": 0, ""gps_altitude"": 0, ""time"": 132850}, ""alt_data"": {""pressure"": 859.31, ""temperature"": 24.49, ""AGL"": 0.05, ""velocity"": 0}, ""chute_state"": {""pyro1_state"": 0, ""pyro2_state"": 0}, ""connection_status"": {""connected"": true, ""has_ever_connected"": true, ""packet_age_ms"": 0, ""timeout_exceeded"": false, ""rssi"": -50}, ""communication_mode"": ""BEACON"", ""timestamp"": 125273, ""packets_received"": 421, ""kalman_data"": {""altitude"": 0, ""vertical_velocity"": 0}, ""kalman_altitude"": 0, ""kalman_vertical_velocity"": 0, ""pyroDrogue"": 0, ""pyroMain"": 0, ""pyro1_state"": 0, ""pyro2_state"": 0}"
1755811090.816008,2025-08-22T00:18:10.816008,3623,0,0,-0.07,-0.02,0.9,-4.26,-2.27,-5.03,3.02,3.08,0,0,0,133253,859.3,24.48,0.1,0,0,0,0,-49,,,BEACON,"{""record_number"": 3623, ""operation_mode"": 0, ""state"": 0, ""battery_voltage"": 0, ""wifi_rssi"": -49, ""acc_data"": {""ax"": -0.07, ""ay"": -0.02, ""az"": 0.9, ""pitch"": -4.26, ""roll"": -2.27}, ""gyro_data"": {""gx"": -5.03, ""gy"": 3.02, ""gz"": 3.08}, ""gps_data"": {""latitude"": 0, ""longitude"": 0, ""gps_altitude"": 0, ""time"": 133253}, ""alt_data"": {""pressure"": 859.3, ""temperature"": 24.48, ""AGL"": 0.1, ""velocity"": 0}, ""chute_state"": {""pyro1_state"": 0, ""pyro2_state"": 0}, ""connection_status"": {""connected"": true, ""has_ever_connected"": true, ""packet_age_ms"": 0, ""timeout_exceeded"": false, ""rssi"": -49}, ""communication_mode"": ""BEACON"", ""timestamp"": 125546, ""packets_received"": 422, ""kalman_data"": {""altitude"": 0, ""vertical_velocity"": 0}, ""kalman_altitude"": 0, ""kalman_vertical_velocity"": 0, ""pyroDrogue"": 0, ""pyroMain"": 0, ""pyro1_state"": 0, ""pyro2_state"": 0}"
1755811091.111054,2025-08-22T00:18:11.111054,3631,0,0,-0.07,-0.03,0.9,-4.2,-2.11,-6.65,3.84,3.29,0,0,0,133453,859.28,24.48,0.32,0,0,0,0,-50,,,BEACON,"{""record_number"": 3631, ""operation_mode"": 0, ""state"": 0, ""battery_voltage"": 0, ""wifi_rssi"": -50, ""acc_data"": {""ax"": -0.07, ""ay"": -0.03, ""az"": 0.9, ""pitch"": -4.2, ""roll"": -2.11}, ""gyro_data"": {""gx"": -6.65, ""gy"": 3.84, ""gz"": 3.29}, ""gps_data"": {""latitude"": 0, ""longitude"": 0, ""gps_altitude"": 0, ""time"": 133453}, ""alt_data"": {""pressure"": 859.28, ""temperature"": 24.48, ""AGL"": 0.32, ""velocity"": 0}, ""chute_state"": {""pyro1_state"": 0, ""pyro2_state"": 0}, ""connection_status"": {""connected"": true, ""has_ever_connected"": true, ""packet_age_ms"": 0, ""timeout_exceeded"": false, ""rssi"": -50}, ""communication_mode"": ""BEACON"", ""timestamp"": 125816, ""packets_received"": 423, ""kalman_data"": {""altitude"": 0, ""vertical_velocity"": 0}, ""kalman_altitude"": 0, ""kalman_vertical_velocity"": 0, ""pyroDrogue"": 0, ""pyroMain"": 0, ""pyro1_state"": 0, ""pyro2_state"": 0}"
1755811091.396083,2025-08-22T00:18:11.396083,3641,0,0,-0.06,-0.03,0.91,-3.73,-2.04,-6.31,3.54,2.96,0,0,0,133663,859.32,24.49,-0.13,0,0,0,0,-49,,,BEACON,"{""record_number"": 3641, ""operation_mode"": 0, ""state"": 0, ""battery_voltage"": 0, ""wifi_rssi"": -49, ""acc_data"": {""ax"": -0.06, ""ay"": -0.03, ""az"": 0.91, ""pitch"": -3.73, ""roll"": -2.04}, ""gyro_data"": {""gx"": -6.31, ""gy"": 3.54, ""gz"": 2.96}, ""gps_data"": {""latitude"": 0, ""longitude"": 0, ""gps_altitude"": 0, ""time"": 133663}, ""alt_data"": {""pressure"": 859.32, ""temperature"": 24.49, ""AGL"": -0.13, ""velocity"": 0}, ""chute_state"": {""pyro1_state"": 0, ""pyro2_state"": 0}, ""connection_status"": {""connected"": true, ""has_ever_connected"": true, ""packet_age_ms"": 0, ""timeout_exceeded"": false, ""rssi"": -49}, ""communication_mode"": ""BEACON"", ""timestamp"": 126088, ""packets_received"": 424, ""kalman_data"": {""altitude"": 0, ""vertical_velocity"": 0}, ""kalman_altitude"": 0, ""kalman_vertical_velocity"": 0, ""pyroDrogue"": 0, ""pyroMain"": 0, ""pyro1_state"": 0, ""pyro2_state"": 0}"
1755811091.733147,2025-08-22T00:18:11.733147,3649,0,0,-0.07,-0.03,0.9,-3.58,-2.07,-5.91,3.51,2.68,0,0,0,134076,859.32,24.49,-0.05,0,0,0,0,-49,,,BEACON,"{""record_number"": 3649, ""operation_mode"": 0, ""state"": 0, ""battery_voltage"": 0, ""wifi_rssi"": -49, ""acc_data"": {""ax"": -0.07, ""ay"": -0.03, ""az"": 0.9, ""pitch"": -3.58, ""roll"": -2.07}, ""gyro_data"": {""gx"": -5.91, ""gy"": 3.51, ""gz"": 2.68}, ""gps_data"": {""latitude"": 0, ""longitude"": 0, ""gps_altitude"": 0, ""time"": 134076}, ""alt_data"": {""pressure"": 859.32, ""temperature"": 24.49, ""AGL"": -0.05, ""velocity"": 0}, ""chute_state"": {""pyro1_state"": 0, ""pyro2_state"": 0}, ""connection_status"": {""connected"": true, ""has_ever_connected"": true, ""packet_age_ms"": 1, ""timeout_exceeded"": false, ""rssi"": -49}, ""communication_mode"": ""BEACON"", ""timestamp"": 126465, ""packets_received"": 425, ""kalman_data"": {""altitude"": 0, ""vertical_velocity"": 0}, ""kalman_altitude"": 0, ""kalman_vertical_velocity"": 0, ""pyroDrogue"": 0, ""pyroMain"": 0, ""pyro1_state"": 0, ""pyro2_state"": 0}"
1755811092.016855,2025-08-22T00:18:12.016855,3657,0,0,-0.07,-0.03,0.9,-4.37,-2.08,-5.98,3.66,3.51,0,0,0,134477,859.32,24.49,-0.09,0,0,0,0,-48,,,BEACON,"{""record_number"": 3657, ""operation_mode"": 0, ""state"": 0, ""battery_voltage"": 0, ""wifi_rssi"": -48, ""acc_data"": {""ax"": -0.07, ""ay"": -0.03, ""az"": 0.9, ""pitch"": -4.37, ""roll"": -2.08}, ""gyro_data"": {""gx"": -5.98, ""gy"": 3.66, ""gz"": 3.51}, ""gps_data"": {""latitude"": 0, ""longitude"": 0, ""gps_altitude"": 0, ""time"": 134477}, ""alt_data"": {""pressure"": 859.32, ""temperature"": 24.49, ""AGL"": -0.09, ""velocity"": 0}, ""chute_state"": {""pyro1_state"": 0, ""pyro2_state"": 0}, ""connection_status"": {""connected"": true, ""has_ever_connected"": true, ""packet_age_ms"": 0, ""timeout_exceeded"": false, ""rssi"": -48}, ""communication_mode"": ""BEACON"", ""timestamp"": 126738, ""packets_received"": 426, ""kalman_data"": {""altitude"": 0, ""vertical_velocity"": 0}, ""kalman_altitude"": 0, ""kalman_vertical_velocity"": 0, ""pyroDrogue"": 0, ""pyroMain"": 0, ""pyro1_state"": 0, ""pyro2_state"": 0}"
1755811092.302491,2025-08-22T00:18:12.302491,3665,0,0,-0.07,-0.03,0.91,-4.2,-1.81,-7.87,3.05,2.56,0,0,0,134682,859.3,24.49,0.13,0,0,0,0,-49,,,BEACON,"{""record_number"": 3665, ""operation_mode"": 0, ""state"": 0, ""battery_voltage"": 0, ""wifi_rssi"": -49, ""acc_data"": {""ax"": -0.07, ""ay"": -0.03, ""az"": 0.91, ""pitch"": -4.2, ""roll"": -1.81}, ""gyro_data"": {""gx"": -7.87, ""gy"": 3.05, ""gz"": 2.56}, ""gps_data"": {""latitude"": 0, ""longitude"": 0, ""gps_altitude"": 0, ""time"": 134682}, ""alt_data"": {""pressure"": 859.3, ""temperature"": 24.49, ""AGL"": 0.13, ""velocity"": 0}, ""chute_state"": {""pyro1_state"": 0, ""pyro2_state"": 0}, ""connection_status"": {""connected"": true, ""has_ever_connected"": true, ""packet_age_ms"": 0, ""timeout_exceeded"": false, ""rssi"": -49}, ""communication_mode"": ""BEACON"", ""timestamp"": 127010, ""packets_received"": 427, ""kalman_data"": {""altitude"": 0, ""vertical_velocity"": 0}, ""kalman_altitude"": 0, ""kalman_vertical_velocity"": 0, ""pyroDrogue"": 0, ""pyroMain"": 0, ""pyro1_state"": 0, ""pyro2_state"": 0}"
1755811092.557077,2025-08-22T00:18:12.557077,3672,0,0,-0.08,-0.03,0.89,-4.01,-1.73,-5.73,3.08,3.23,0,0,0,134894,859.37,24.5,-0.6,0,0,0,0,-49,,,BEACON,"{""record_number"": 3672, ""operation_mode"": 0, ""state"": 0, ""battery_voltage"": 0, ""wifi_rssi"": -49, ""acc_data"": {""ax"": -0.08, ""ay"": -0.03, ""az"": 0.89, ""pitch"": -4.01, ""roll"": -1.73}, ""gyro_data"": {""gx"": -5.73, ""gy"": 3.08, ""gz"": 3.23}, ""gps_data"": {""latitude"": 0, ""longitude"": 0, ""gps_altitude"": 0, ""time"": 134894}, ""alt_data"": {""pressure"": 859.37, ""temperature"": 24.5, ""AGL"": -0.6, ""velocity"": 0}, ""chute_state"": {""pyro1_state"": 0, ""pyro2_state"": 0}, ""connection_status"": {""connected"": true, ""has_ever_connected"": true, ""packet_age_ms"": 0, ""timeout_exceeded"": false, ""rssi"": -49}, ""communication_mode"": ""BEACON"", ""timestamp"": 127276, ""packets_received"": 428, ""kalman_data"": {""altitude"": 0, ""vertical_velocity"": 0}, ""kalman_altitude"": 0, ""kalman_vertical_velocity"": 0, ""pyroDrogue"": 0, ""pyroMain"": 0, ""pyro1_state"": 0, ""pyro2_state"": 0}"
1755811092.86696,2025-08-22T00:18:12.866960,3680,0,0,-0.07,-0.03,0.9,-4.4,-1.7,-6.1,3.87,3.72,0,0,0,135295,859.36,24.49,-0.45,0,0,0,0,-49,,,BEACON,"{""record_number"": 3680, ""operation_mode"": 0, ""state"": 0, ""battery_voltage"": 0, ""wifi_rssi"": -49, ""acc_data"": {""ax"": -0.07, ""ay"": -0.03, ""az"": 0.9, ""pitch"": -4.4, ""roll"": -1.7}, ""gyro_data"": {""gx"": -6.1, ""gy"": 3.87, ""gz"": 3.72}, ""gps_data"": {""latitude"": 0, ""longitude"": 0, ""gps_altitude"": 0, ""time"": 135295}, ""alt_data"": {""pressure"": 859.36, ""temperature"": 24.49, ""AGL"": -0.45, ""velocity"": 0}, ""chute_state"": {""pyro1_state"": 0, ""pyro2_state"": 0}, ""connection_status"": {""connected"": true, ""has_ever_connected"": true, ""packet_age_ms"": 1, ""timeout_exceeded"": false, ""rssi"": -49}, ""communication_mode"": ""BEACON"", ""timestamp"": 127542, ""packets_received"": 429, ""kalman_data"": {""altitude"": 0, ""vertical_velocity"": 0}, ""kalman_altitude"": 0, ""kalman_vertical_velocity"": 0, ""pyroDrogue"": 0, ""pyroMain"": 0, ""pyro1_state"": 0, ""pyro2_state"": 0}"
1755811093.159056,2025-08-22T00:18:13.159056,3690,0,0,-0.07,-0.03,0.9,-4.12,-2.07,-6.34,3.6,3.38,0,0,0,135495,859.39,24.51,-0.76,0,0,0,0,-49,,,BEACON,"{""record_number"": 3690, ""operation_mode"": 0, ""state"": 0, ""battery_voltage"": 0, ""wifi_rssi"": -49, ""acc_data"": {""ax"": -0.07, ""ay"": -0.03, ""az"": 0.9, ""pitch"": -4.12, ""roll"": -2.07}, ""gyro_data"": {""gx"": -6.34, ""gy"": 3.6, ""gz"": 3.38}, ""gps_data"": {""latitude"": 0, ""longitude"": 0, ""gps_altitude"": 0, ""time"": 135495}, ""alt_data"": {""pressure"": 859.39, ""temperature"": 24.51, ""AGL"": -0.76, ""velocity"": 0}, ""chute_state"": {""pyro1_state"": 0, ""pyro2_state"": 0}, ""connection_status"": {""connected"": true, ""has_ever_connected"": true, ""packet_age_ms"": 0, ""timeout_exceeded"": false, ""rssi"": -49}, ""communication_mode"": ""BEACON"", ""timestamp"": 127817, ""packets_received"": 430, ""kalman_data"": {""altitude"": 0, ""vertical_velocity"": 0}, ""kalman_altitude"": 0, ""kalman_vertical_velocity"": 0, ""pyroDrogue"": 0, ""pyroMain"": 0, ""pyro1_state"": 0, ""pyro2_state"": 0}"
1755811093.47429,2025-08-22T00:18:13.474290,3697,0,0,-0.06,-0.03,0.91,-3.81,-2.15,-6.04,6.71,2.35,0,0,0,135709,859.35,24.5,-0.39,0,0,0,0,-49,,,BEACON,"{""record_number"": 3697, ""operation_mode"": 0, ""state"": 0, ""battery_voltage"": 0, ""wifi_rssi"": -49, ""acc_data"": {""ax"": -0.06, ""ay"": -0.03, ""az"": 0.91, ""pitch"": -3.81, ""roll"": -2.15}, ""gyro_data"": {""gx"": -6.04, ""gy"": 6.71, ""gz"": 2.35}, ""gps_data"": {""latitude"": 0, ""longitude"": 0, ""gps_altitude"": 0, ""time"": 135709}, ""alt_data"": {""pressure"": 859.35, ""temperature"": 24.5, ""AGL"": -0.39, ""velocity"": 0}, ""chute_state"": {""pyro1_state"": 0, ""pyro2_state"": 0}, ""connection_status"": {""connected"": true, ""has_ever_connected"": true, ""packet_age_ms"": 1, ""timeout_exceeded"": false, ""rssi"": -49}, ""communication_mode"": ""BEACON"", ""timestamp"": 128193, ""packets_received"": 431, ""kalman_data"": {""altitude"": 0, ""vertical_velocity"": 0}, ""kalman_altitude"": 0, ""kalman_vertical_velocity"": 0, ""pyroDrogue"": 0, ""pyroMain"": 0, ""pyro1_state"": 0, ""pyro2_state"": 0}"
1755811093.957933,2025-08-22T00:18:13.957933,3705,0,0,-0.08,-0.03,0.88,-4.23,-1.59,-6.62,3.96,3.38,0,0,0,136119,859.32,24.49,-0.12,0,0,0,0,-49,,,BEACON,"{""record_number"": 3705, ""operation_mode"": 0, ""state"": 0, ""battery_voltage"": 0, ""wifi_rssi"": -49, ""acc_data"": {""ax"": -0.08, ""ay"": -0.03, ""az"": 0.88, ""pitch"": -4.23, ""roll"": -1.59}, ""gyro_data"": {""gx"": -6.62, ""gy"": 3.96, ""gz"": 3.38}, ""gps_data"": {""latitude"": 0, ""longitude"": 0, ""gps_altitude"": 0, ""time"": 136119}, ""alt_data"": {""pressure"": 859.32, ""temperature"": 24.49, ""AGL"": -0.12, ""velocity"": 0}, ""chute_state"": {""pyro1_state"": 0, ""pyro2_state"": 0}, ""connection_status"": {""connected"": true, ""has_ever_connected"": true, ""packet_age_ms"": 0, ""timeout_exceeded"": false, ""rssi"": -49}, ""communication_mode"": ""BEACON"", ""timestamp"": 128461, ""packets_received"": 432, ""kalman_data"": {""altitude"": 0, ""vertical_velocity"": 0}, ""kalman_altitude"": 0, ""kalman_vertical_velocity"": 0, ""pyroDrogue"": 0, ""pyroMain"": 0, ""pyro1_state"": 0, ""pyro2_state"": 0}"
1755811094.005933,2025-08-22T00:18:14.005933,3713,0,0,-0.07,-0.03,0.89,-4.37,-1.81,-6.59,3.29,2.99,0,0,0,136320,859.34,24.5,-0.32,0,0,0,0,-49,,,BEACON,"{""record_number"": 3713, ""operation_mode"": 0, ""state"": 0, ""battery_voltage"": 0, ""wifi_rssi"": -49, ""acc_data"": {""ax"": -0.07, ""ay"": -0.03, ""az"": 0.89, ""pitch"": -4.37, ""roll"": -1.81}, ""gyro_data"": {""gx"": -6.59, ""gy"": 3.29, ""gz"": 2.99}, ""gps_data"": {""latitude"": 0, ""longitude"": 0, ""gps_altitude"": 0, ""time"": 136320}, ""alt_data"": {""pressure"": 859.34, ""temperature"": 24.5, ""AGL"": -0.32, ""velocity"": 0}, ""chute_state"": {""pyro1_state"": 0, ""pyro2_state"": 0}, ""connection_status"": {""connected"": true, ""has_ever_connected"": true, ""packet_age_ms"": 1, ""timeout_exceeded"": false, ""rssi"": -49}, ""communication_mode"": ""BEACON"", ""timestamp"": 128729, ""packets_received"": 433, ""kalman_data"": {""altitude"": 0, ""vertical_velocity"": 0}, ""kalman_altitude"": 0, ""kalman_vertical_velocity"": 0, ""pyroDrogue"": 0, ""pyroMain"": 0, ""pyro1_state"": 0, ""pyro2_state"": 0}"
1755811094.292611,2025-08-22T00:18:14.292611,3720,0,0,-0.07,-0.03,0.91,-3.95,-1.58,-7.07,3.72,3.08,0,0,0,136728,859.36,24.5,-0.43,0,0,0,0,-50,,,BEACON,"{""record_number"": 3720, ""operation_mode"": 0, ""state"": 0, ""battery_voltage"": 0, ""wifi_rssi"": -50, ""acc_data"": {""ax"": -0.07, ""ay"": -0.03, ""az"": 0.91, ""pitch"": -3.95, ""roll"": -1.58}, ""gyro_data"": {""gx"": -7.07, ""gy"": 3.72, ""gz"": 3.08}, ""gps_data"": {""latitude"": 0, ""longitude"": 0, ""gps_altitude"": 0, ""time"": 136728}, ""alt_data"": {""pressure"": 859.36, ""temperature"": 24.5, ""AGL"": -0.43, ""velocity"": 0}, ""chute_state"": {""pyro1_state"": 0, ""pyro2_state"": 0}, ""connection_status"": {""connected"": true, ""has_ever_connected"": true, ""packet_age_ms"": 1, ""timeout_exceeded"": false, ""rssi"": -50}, ""communication_mode"": ""BEACON"", ""timestamp"": 129001, ""packets_received"": 434, ""kalman_data"": {""altitude"": 0, ""vertical_velocity"": 0}, ""kalman_altitude"": 0, ""kalman_vertical_velocity"": 0, ""pyroDrogue"": 0, ""pyroMain"": 0, ""pyro1_state"": 0, ""pyro2_state"": 0}"
1755811094.533788,2025-08-22T00:18:14.533788,3728,0,0,-0.07,-0.03,0.9,-4.09,-2.02,-6.01,3.93,3.38,0,0,0,136933,859.36,24.5,-0.46,0,0,0,0,-49,,,BEACON,"{""record_number"": 3728, ""operation_mode"": 0, ""state"": 0, ""battery_voltage"": 0, ""wifi_rssi"": -49, ""acc_data"": {""ax"": -0.07, ""ay"": -0.03, ""az"": 0.9, ""pitch"": -4.09, ""roll"": -2.02}, ""gyro_data"": {""gx"": -6.01, ""gy"": 3.93, ""gz"": 3.38}, ""gps_data"": {""latitude"": 0, ""longitude"": 0, ""gps_altitude"": 0, ""time"": 136933}, ""alt_data"": {""pressure"": 859.36, ""temperature"": 24.5, ""AGL"": -0.46, ""velocity"": 0}, ""chute_state"": {""pyro1_state"": 0, ""pyro2_state"": 0}, ""connection_status"": {""connected"": true, ""has_ever_connected"": true, ""packet_age_ms"": 1, ""timeout_exceeded"": false, ""rssi"": -49}, ""communication_mode"": ""BEACON"", ""timestamp"": 129267, ""packets_received"": 435, ""kalman_data"": {""altitude"": 0, ""vertical_velocity"": 0}, ""kalman_altitude"": 0, ""kalman_vertical_velocity"": 0, ""pyroDrogue"": 0, ""pyroMain"": 0, ""pyro1_state"": 0, ""pyro2_state"": 0}"
1755811094.799489,2025-08-22T00:18:14.799489,3738,0,0,-0.07,-0.02,0.9,-3.75,-1.99,-6.37,3.17,3.23,0,0,0,137135,859.35,24.5,-0.42,0,0,0,0,-50,,,BEACON,"{""record_number"": 3738, ""operation_mode"": 0, ""state"": 0, ""battery_voltage"": 0, ""wifi_rssi"": -50, ""acc_data"": {""ax"": -0.07, ""ay"": -0.02, ""az"": 0.9, ""pitch"": -3.75, ""roll"": -1.99}, ""gyro_data"": {""gx"": -6.37, ""gy"": 3.17, ""gz"": 3.23}, ""gps_data"": {""latitude"": 0, ""longitude"": 0, ""gps_altitude"": 0, ""time"": 137135}, ""alt_data"": {""pressure"": 859.35, ""temperature"": 24.5, ""AGL"": -0.42, ""velocity"": 0}, ""chute_state"": {""pyro1_state"": 0, ""pyro2_state"": 0}, ""connection_status"": {""connected"": true, ""has_ever_connected"": true, ""packet_age_ms"": 0, ""timeout_exceeded"": false, ""rssi"": -50}, ""communication_mode"": ""BEACON"", ""timestamp"": 129532, ""packets_received"": 436, ""kalman_data"": {""altitude"": 0, ""vertical_velocity"": 0}, ""kalman_altitude"": 0, ""kalman_vertical_velocity"": 0, ""pyroDrogue"": 0, ""pyroMain"": 0, ""pyro1_state"": 0, ""pyro2_state"": 0}"
1755811095.206407,2025-08-22T00:18:15.206407,3746,0,0,-0.08,-0.03,0.89,-4.34,-2.24,-6.19,3.11,2.44,0,0,0,137536,859.33,24.5,-0.21,0,0,0,0,-49,,,BEACON,"{""record_number"": 3746, ""operation_mode"": 0, ""state"": 0, ""battery_voltage"": 0, ""wifi_rssi"": -49, ""acc_data"": {""ax"": -0.08, ""ay"": -0.03, ""az"": 0.89, ""pitch"": -4.34, ""roll"": -2.24}, ""gyro_data"": {""gx"": -6.19, ""gy"": 3.11, ""gz"": 2.44}, ""gps_data"": {""latitude"": 0, ""longitude"": 0, ""gps_altitude"": 0, ""time"": 137536}, ""alt_data"": {""pressure"": 859.33, ""temperature"": 24.5, ""AGL"": -0.21, ""velocity"": 0}, ""chute_state"": {""pyro1_state"": 0, ""pyro2_state"": 0}, ""connection_status"": {""connected"": true, ""has_ever_connected"": true, ""packet_age_ms"": 0, ""timeout_exceeded"": false, ""rssi"": -49}, ""communication_mode"": ""BEACON"", ""timestamp"": 129909, ""packets_received"": 437, ""kalman_data"": {""altitude"": 0, ""vertical_velocity"": 0}, ""kalman_altitude"": 0, ""kalman_vertical_velocity"": 0, ""pyroDrogue"": 0, ""pyroMain"": 0, ""pyro1_state"": 0, ""pyro2_state"": 0}"
1755811095.451495,2025-08-22T00:18:15.451495,3754,0,0,-0.07,-0.02,0.9,-3.87,-1.52,-6.19,4.18,3.14,0,0,0,137749,859.38,24.5,-0.65,0,0,0,0,-49,,,BEACON,"{""record_number"": 3754, ""operation_mode"": 0, ""state"": 0, ""battery_voltage"": 0, ""wifi_rssi"": -49, ""acc_data"": {""ax"": -0.07, ""ay"": -0.02, ""az"": 0.9, ""pitch"": -3.87, ""roll"": -1.52}, ""gyro_data"": {""gx"": -6.19, ""gy"": 4.18, ""gz"": 3.14}, ""gps_data"": {""latitude"": 0, ""longitude"": 0, ""gps_altitude"": 0, ""time"": 137749}, ""alt_data"": {""pressure"": 859.38, ""temperature"": 24.5, ""AGL"": -0.65, ""velocity"": 0}, ""chute_state"": {""pyro1_state"": 0, ""pyro2_state"": 0}, ""connection_status"": {""connected"": true, ""has_ever_connected"": true, ""packet_age_ms"": 0, ""timeout_exceeded"": false, ""rssi"": -49}, ""communication_mode"": ""BEACON"", ""timestamp"": 130183, ""packets_received"": 438, ""kalman_data"": {""altitude"": 0, ""vertical_velocity"": 0}, ""kalman_altitude"": 0, ""kalman_vertical_velocity"": 0, ""pyroDrogue"": 0, ""pyroMain"": 0, ""pyro1_state"": 0, ""pyro2_state"": 0}"
1755811095.722694,2025-08-22T00:18:15.722694,3761,0,0,-0.08,-0.02,0.89,-4.03,-1.96,-6.4,3.6,2.77,0,0,0,138157,859.35,24.5,-0.39,0,0,0,0,-49,,,BEACON,"{""record_number"": 3761, ""operation_mode"": 0, ""state"": 0, ""battery_voltage"": 0, ""wifi_rssi"": -49, ""acc_data"": {""ax"": -0.08, ""ay"": -0.02, ""az"": 0.89, ""pitch"": -4.03, ""roll"": -1.96}, ""gyro_data"": {""gx"": -6.4, ""gy"": 3.6, ""gz"": 2.77}, ""gps_data"": {""latitude"": 0, ""longitude"": 0, ""gps_altitude"": 0, ""time"": 138157}, ""alt_data"": {""pressure"": 859.35, ""temperature"": 24.5, ""AGL"": -0.39, ""velocity"": 0}, ""chute_state"": {""pyro1_state"": 0, ""pyro2_state"": 0}, ""connection_status"": {""connected"": true, ""has_ever_connected"": true, ""packet_age_ms"": 0, ""timeout_exceeded"": false, ""rssi"": -49}, ""communication_mode"": ""BEACON"", ""timestamp"": 130448, ""packets_received"": 439, ""kalman_data"": {""altitude"": 0, ""vertical_velocity"": 0}, ""kalman_altitude"": 0, ""kalman_vertical_velocity"": 0, ""pyroDrogue"": 0, ""pyroMain"": 0, ""pyro1_state"": 0, ""pyro2_state"": 0}"
1755811095.982833,2025-08-22T00:18:15.982833,3769,0,0,-0.07,-0.03,0.89,-3.92,-1.83,-6.37,3.26,3.84,0,0,0,138359,859.34,24.5,-0.32,0,0,0,0,-49,,,BEACON,"{""record_number"": 3769, ""operation_mode"": 0, ""state"": 0, ""battery_voltage"": 0, ""wifi_rssi"": -49, ""acc_data"": {""ax"": -0.07, ""ay"": -0.03, ""az"": 0.89, ""pitch"": -3.92, ""roll"": -1.83}, ""gyro_data"": {""gx"": -6.37, ""gy"": 3.26, ""gz"": 3.84}, ""gps_data"": {""latitude"": 0, ""longitude"": 0, ""gps_altitude"": 0, ""time"": 138359}, ""alt_data"": {""pressure"": 859.34, ""temperature"": 24.5, ""AGL"": -0.32, ""velocity"": 0}, ""chute_state"": {""pyro1_state"": 0, ""pyro2_state"": 0}, ""connection_status"": {""connected"": true, ""has_ever_connected"": true, ""packet_age_ms"": 0, ""timeout_exceeded"": false, ""rssi"": -49}, ""communication_mode"": ""BEACON"", ""timestamp"": 130716, ""packets_received"": 440, ""kalman_data"": {""altitude"": 0, ""vertical_velocity"": 0}, ""kalman_altitude"": 0, ""kalman_vertical_velocity"": 0, ""pyroDrogue"": 0, ""pyroMain"": 0, ""pyro1_state"": 0, ""pyro2_state"": 0}"
1755811096.256279,2025-08-22T00:18:16.256279,3777,0,0,-0.07,-0.02,0.9,-4.01,-1.63,-6.16,4.57,3.08,0,0,0,138564,859.36,24.5,-0.5,0,0,0,0,-49,,,BEACON,"{""record_number"": 3777, ""operation_mode"": 0, ""state"": 0, ""battery_voltage"": 0, ""wifi_rssi"": -49, ""acc_data"": {""ax"": -0.07, ""ay"": -0.02, ""az"": 0.9, ""pitch"": -4.01, ""roll"": -1.63}, ""gyro_data"": {""gx"": -6.16, ""gy"": 4.57, ""gz"": 3.08}, ""gps_data"": {""latitude"": 0, ""longitude"": 0, ""gps_altitude"": 0, ""time"": 138564}, ""alt_data"": {""pressure"": 859.36, ""temperature"": 24.5, ""AGL"": -0.5, ""velocity"": 0}, ""chute_state"": {""pyro1_state"": 0, ""pyro2_state"": 0}, ""connection_status"": {""connected"": true, ""has_ever_connected"": true, ""packet_age_ms"": 1, ""timeout_exceeded"": false, ""rssi"": -49}, ""communication_mode"": ""BEACON"", ""timestamp"": 130990, ""packets_received"": 441, ""kalman_data"": {""altitude"": 0, ""vertical_velocity"": 0}, ""kalman_altitude"": 0, ""kalman_vertical_velocity"": 0, ""pyroDrogue"": 0, ""pyroMain"": 0, ""pyro1_state"": 0, ""pyro2_state"": 0}"
1755811097.282885,2025-08-22T00:18:17.282885,3787,0,0,-0.07,-0.03,0.9,-4.09,-1.58,-5.58,4.39,2.38,0,0,0,138981,859.35,24.51,-0.36,0,0,0,0,-50,,,BEACON,"{""record_number"": 3787, ""operation_mode"": 0, ""state"": 0, ""battery_voltage"": 0, ""wifi_rssi"": -50, ""acc_data"": {""ax"": -0.07, ""ay"": -0.03, ""az"": 0.9, ""pitch"": -4.09, ""roll"": -1.58}, ""gyro_data"": {""gx"": -5.58, ""gy"": 4.39, ""gz"": 2.38}, ""gps_data"": {""latitude"": 0, ""longitude"": 0, ""gps_altitude"": 0, ""time"": 138981}, ""alt_data"": {""pressure"": 859.35, ""temperature"": 24.51, ""AGL"": -0.36, ""velocity"": 0}, ""chute_state"": {""pyro1_state"": 0, ""pyro2_state"": 0}, ""connection_status"": {""connected"": true, ""has_ever_connected"": true, ""packet_age_ms"": 1, ""timeout_exceeded"": false, ""rssi"": -50}, ""communication_mode"": ""BEACON"", ""timestamp"": 131257, ""packets_received"": 442, ""kalman_data"": {""altitude"": 0, ""vertical_velocity"": 0}, ""kalman_altitude"": 0, ""kalman_vertical_velocity"": 0, ""pyroDrogue"": 0, ""pyroMain"": 0, ""pyro1_state"": 0, ""pyro2_state"": 0}"
1755811097.561273,2025-08-22T00:18:17.561273,3794,0,0,-0.07,-0.02,0.9,-4.2,-1.53,-5.7,3.54,3.69,0,0,0,139181,859.39,24.51,-0.76,0,0,0,0,-49,,,BEACON,"{""record_number"": 3794, ""operation_mode"": 0, ""state"": 0, ""battery_voltage"": 0, ""wifi_rssi"": -49, ""acc_data"": {""ax"": -0.07, ""ay"": -0.02, ""az"": 0.9, ""pitch"": -4.2, ""roll"": -1.53}, ""gyro_data"": {""gx"": -5.7, ""gy"": 3.54, ""gz"": 3.69}, ""gps_data"": {""latitude"": 0, ""longitude"": 0, ""gps_altitude"": 0, ""time"": 139181}, ""alt_data"": {""pressure"": 859.39, ""temperature"": 24.51, ""AGL"": -0.76, ""velocity"": 0}, ""chute_state"": {""pyro1_state"": 0, ""pyro2_state"": 0}, ""connection_status"": {""connected"": true, ""has_ever_connected"": true, ""packet_age_ms"": 0, ""timeout_exceeded"": false, ""rssi"": -49}, ""communication_mode"": ""BEACON"", ""timestamp"": 131629, ""packets_received"": 443, ""kalman_data"": {""altitude"": 0, ""vertical_velocity"": 0}, ""kalman_altitude"": 0, ""kalman_vertical_velocity"": 0, ""pyroDrogue"": 0, ""pyroMain"": 0, ""pyro1_state"": 0, ""pyro2_state"": 0}"
1755811097.68021,2025-08-22T00:18:17.680210,3802,0,0,-0.08,-0.03,0.9,-4.06,-1.68,-6.04,4.33,2.16,0,0,0,139586,859.34,24.5,-0.31,0,0,0,0,-49,,,BEACON,"{""record_number"": 3802, ""operation_mode"": 0, ""state"": 0, ""battery_voltage"": 0, ""wifi_rssi"": -49, ""acc_data"": {""ax"": -0.08, ""ay"": -0.03, ""az"": 0.9, ""pitch"": -4.06, ""roll"": -1.68}, ""gyro_data"": {""gx"": -6.04, ""gy"": 4.33, ""gz"": 2.16}, ""gps_data"": {""latitude"": 0, ""longitude"": 0, ""gps_altitude"": 0, ""time"": 139586}, ""alt_data"": {""pressure"": 859.34, ""temperature"": 24.5, ""AGL"": -0.31, ""velocity"": 0}, ""chute_state"": {""pyro1_state"": 0, ""pyro2_state"": 0}, ""connection_status"": {""connected"": true, ""has_ever_connected"": true, ""packet_age_ms"": 0, ""timeout_exceeded"": false, ""rssi"": -49}, ""communication_mode"": ""BEACON"", ""timestamp"": 131904, ""packets_received"": 444, ""kalman_data"": {""altitude"": 0, ""vertical_velocity"": 0}, ""kalman_altitude"": 0, ""kalman_vertical_velocity"": 0, ""pyroDrogue"": 0, ""pyroMain"": 0, ""pyro1_state"": 0, ""pyro2_state"": 0}"
1755811097.827004,2025-08-22T00:18:17.827004,3810,0,0,-0.07,-0.03,0.9,-3.75,-1.68,-5.95,3.02,3.38,0,0,0,139799,859.36,24.52,-0.47,0,0,0,0,-48,,,BEACON,"{""record_number"": 3810, ""operation_mode"": 0, ""state"": 0, ""battery_voltage"": 0, ""wifi_rssi"": -48, ""acc_data"": {""ax"": -0.07, ""ay"": -0.03, ""az"": 0.9, ""pitch"": -3.75, ""roll"": -1.68}, ""gyro_data"": {""gx"": -5.95, ""gy"": 3.02, ""gz"": 3.38}, ""gps_data"": {""latitude"": 0, ""longitude"": 0, ""gps_altitude"": 0, ""time"": 139799}, ""alt_data"": {""pressure"": 859.36, ""temperature"": 24.52, ""AGL"": -0.47, ""velocity"": 0}, ""chute_state"": {""pyro1_state"": 0, ""pyro2_state"": 0}, ""connection_status"": {""connected"": true, ""has_ever_connected"": true, ""packet_age_ms"": 0, ""timeout_exceeded"": false, ""rssi"": -48}, ""communication_mode"": ""BEACON"", ""timestamp"": 132179, ""packets_received"": 445, ""kalman_data"": {""altitude"": 0, ""vertical_velocity"": 0}, ""kalman_altitude"": 0, ""kalman_vertical_velocity"": 0, ""pyroDrogue"": 0, ""pyroMain"": 0, ""pyro1_state"": 0, ""pyro2_state"": 0}"
1755811098.257911,2025-08-22T00:18:18.257911,3818,0,0,-0.07,-0.03,0.89,-4.2,-2.09,-5.85,2.41,2.41,0,0,0,140007,859.34,24.5,-0.24,0,0,0,0,-49,,,BEACON,"{""record_number"": 3818, ""operation_mode"": 0, ""state"": 0, ""battery_voltage"": 0, ""wifi_rssi"": -49, ""acc_data"": {""ax"": -0.07, ""ay"": -0.03, ""az"": 0.89, ""pitch"": -4.2, ""roll"": -2.09}, ""gyro_data"": {""gx"": -5.85, ""gy"": 2.41, ""gz"": 2.41}, ""gps_data"": {""latitude"": 0, ""longitude"": 0, ""gps_altitude"": 0, ""time"": 140007}, ""alt_data"": {""pressure"": 859.34, ""temperature"": 24.5, ""AGL"": -0.24, ""velocity"": 0}, ""chute_state"": {""pyro1_state"": 0, ""pyro2_state"": 0}, ""connection_status"": {""connected"": true, ""has_ever_connected"": true, ""packet_age_ms"": 0, ""timeout_exceeded"": false, ""rssi"": -49}, ""communication_mode"": ""BEACON"", ""timestamp"": 132444, ""packets_received"": 446, ""kalman_data"": {""altitude"": 0, ""vertical_velocity"": 0}, ""kalman_altitude"": 0, ""kalman_vertical_velocity"": 0, ""pyroDrogue"": 0, ""pyroMain"": 0, ""pyro1_state"": 0, ""pyro2_state"": 0}"
1755811098.982914,2025-08-22T00:18:18.982914,3825,0,0,-0.07,-0.03,0.9,-3.67,-1.83,-7.01,3.78,2.93,0,0,0,140407,859.39,24.51,-0.72,0,0,0,0,-50,,,BEACON,"{""record_number"": 3825, ""operation_mode"": 0, ""state"": 0, ""battery_voltage"": 0, ""wifi_rssi"": -50, ""acc_data"": {""ax"": -0.07, ""ay"": -0.03, ""az"": 0.9, ""pitch"": -3.67, ""roll"": -1.83}, ""gyro_data"": {""gx"": -7.01, ""gy"": 3.78, ""gz"": 2.93}, ""gps_data"": {""latitude"": 0, ""longitude"": 0, ""gps_altitude"": 0, ""time"": 140407}, ""alt_data"": {""pressure"": 859.39, ""temperature"": 24.51, ""AGL"": -0.72, ""velocity"": 0}, ""chute_state"": {""pyro1_state"": 0, ""pyro2_state"": 0}, ""connection_status"": {""connected"": true, ""has_ever_connected"": true, ""packet_age_ms"": 0, ""timeout_exceeded"": false, ""rssi"": -50}, ""communication_mode"": ""BEACON"", ""timestamp"": 132715, ""packets_received"": 447, ""kalman_data"": {""altitude"": 0, ""vertical_velocity"": 0}, ""kalman_altitude"": 0, ""kalman_vertical_velocity"": 0, ""pyroDrogue"": 0, ""pyroMain"": 0, ""pyro1_state"": 0, ""pyro2_state"": 0}"
1755811099.49899,2025-08-22T00:18:19.498990,3836,0,0,-0.07,-0.03,0.9,-3.58,-1.78,-6.74,3.2,2.93,0,0,0,140615,859.39,24.52,-0.81,0,0,0,0,-49,,,BEACON,"{""record_number"": 3836, ""operation_mode"": 0, ""state"": 0, ""battery_voltage"": 0, ""wifi_rssi"": -49, ""acc_data"": {""ax"": -0.07, ""ay"": -0.03, ""az"": 0.9, ""pitch"": -3.58, ""roll"": -1.78}, ""gyro_data"": {""gx"": -6.74, ""gy"": 3.2, ""gz"": 2.93}, ""gps_data"": {""latitude"": 0, ""longitude"": 0, ""gps_altitude"": 0, ""time"": 140615}, ""alt_data"": {""pressure"": 859.39, ""temperature"": 24.52, ""AGL"": -0.81, ""velocity"": 0}, ""chute_state"": {""pyro1_state"": 0, ""pyro2_state"": 0}, ""connection_status"": {""connected"": true, ""has_ever_connected"": true, ""packet_age_ms"": 0, ""timeout_exceeded"": false, ""rssi"": -49}, ""communication_mode"": ""BEACON"", ""timestamp"": 132985, ""packets_received"": 448, ""kalman_data"": {""altitude"": 0, ""vertical_velocity"": 0}, ""kalman_altitude"": 0, ""kalman_vertical_velocity"": 0, ""pyroDrogue"": 0, ""pyroMain"": 0, ""pyro1_state"": 0, ""pyro2_state"": 0}"
1755811099.710251,2025-08-22T00:18:19.710251,3843,0,0,-0.07,-0.03,0.9,-3.78,-2.18,-7.04,2.93,3.17,0,0,0,140829,859.37,24.52,-0.55,0,0,0,0,-50,,,BEACON,"{""record_number"": 3843, ""operation_mode"": 0, ""state"": 0, ""battery_voltage"": 0, ""wifi_rssi"": -50, ""acc_data"": {""ax"": -0.07, ""ay"": -0.03, ""az"": 0.9, ""pitch"": -3.78, ""roll"": -2.18}, ""gyro_data"": {""gx"": -7.04, ""gy"": 2.93, ""gz"": 3.17}, ""gps_data"": {""latitude"": 0, ""longitude"": 0, ""gps_altitude"": 0, ""time"": 140829}, ""alt_data"": {""pressure"": 859.37, ""temperature"": 24.52, ""AGL"": -0.55, ""velocity"": 0}, ""chute_state"": {""pyro1_state"": 0, ""pyro2_state"": 0}, ""connection_status"": {""connected"": true, ""has_ever_connected"": true, ""packet_age_ms"": 1, ""timeout_exceeded"": false, ""rssi"": -50}, ""communication_mode"": ""BEACON"", ""timestamp"": 133373, ""packets_received"": 449, ""kalman_data"": {""altitude"": 0, ""vertical_velocity"": 0}, ""kalman_altitude"": 0, ""kalman_vertical_velocity"": 0, ""pyroDrogue"": 0, ""pyroMain"": 0, ""pyro1_state"": 0, ""pyro2_state"": 0}"
1755811099.851017,2025-08-22T00:18:19.851017,3852,0,0,-0.07,-0.03,0.9,-4.31,-2,-6.43,3.69,3.38,0,0,0,141233,859.39,24.51,-0.8,0,0,0,0,-50,,,BEACON,"{""record_number"": 3852, ""operation_mode"": 0, ""state"": 0, ""battery_voltage"": 0, ""wifi_rssi"": -50, ""acc_data"": {""ax"": -0.07, ""ay"": -0.03, ""az"": 0.9, ""pitch"": -4.31, ""roll"": -2}, ""gyro_data"": {""gx"": -6.43, ""gy"": 3.69, ""gz"": 3.38}, ""gps_data"": {""latitude"": 0, ""longitude"": 0, ""gps_altitude"": 0, ""time"": 141233}, ""alt_data"": {""pressure"": 859.39, ""temperature"": 24.51, ""AGL"": -0.8, ""velocity"": 0}, ""chute_state"": {""pyro1_state"": 0, ""pyro2_state"": 0}, ""connection_status"": {""connected"": true, ""has_ever_connected"": true, ""packet_age_ms"": 0, ""timeout_exceeded"": false, ""rssi"": -50}, ""communication_mode"": ""BEACON"", ""timestamp"": 133641, ""packets_received"": 450, ""kalman_data"": {""altitude"": 0, ""vertical_velocity"": 0}, ""kalman_altitude"": 0, ""kalman_vertical_velocity"": 0, ""pyroDrogue"": 0, ""pyroMain"": 0, ""pyro1_state"": 0, ""pyro2_state"": 0}"
1755811100.144542,2025-08-22T00:18:20.144542,3859,0,0,-0.07,-0.03,0.9,-4.26,-1.81,-6.16,3.66,3.35,0,0,0,141637,859.34,24.5,-0.28,0,0,0,0,-50,,,BEACON,"{""record_number"": 3859, ""operation_mode"": 0, ""state"": 0, ""battery_voltage"": 0, ""wifi_rssi"": -50, ""acc_data"": {""ax"": -0.07, ""ay"": -0.03, ""az"": 0.9, ""pitch"": -4.26, ""roll"": -1.81}, ""gyro_data"": {""gx"": -6.16, ""gy"": 3.66, ""gz"": 3.35}, ""gps_data"": {""latitude"": 0, ""longitude"": 0, ""gps_altitude"": 0, ""time"": 141637}, ""alt_data"": {""pressure"": 859.34, ""temperature"": 24.5, ""AGL"": -0.28, ""velocity"": 0}, ""chute_state"": {""pyro1_state"": 0, ""pyro2_state"": 0}, ""connection_status"": {""connected"": true, ""has_ever_connected"": true, ""packet_age_ms"": 1, ""timeout_exceeded"": false, ""rssi"": -50}, ""communication_mode"": ""BEACON"", ""timestamp"": 133907, ""packets_received"": 451, ""kalman_data"": {""altitude"": 0, ""vertical_velocity"": 0}, ""kalman_altitude"": 0, ""kalman_vertical_velocity"": 0, ""pyroDrogue"": 0, ""pyroMain"": 0, ""pyro1_state"": 0, ""pyro2_state"": 0}"
