timestamp,iso_timestamp,record_number,operation_mode,state,ax,ay,az,pitch,roll,gx,gy,gz,latitude,longitude,gps_altitude,gps_time,pressure,temperature,agl_altitude,velocity,pyro1_state,pyro2_state,battery_voltage,wifi_rssi,kalman_altitude,kalman_vertical_velocity,communication_mode,raw_data
1768315471.968317,2026-01-13T17:44:31.968317,2663,0,0,-0.38,0.1,0.89,-22.52,6.92,-9.66,-3.84,-3.05,0,0,0,230839,853.06,27.32,-1.15,0,0,0,0,-87,-1.15,-2.45,BEACON,"{""record_number"": 2663, ""operation_mode"": 0, ""state"": 0, ""battery_voltage"": 0, ""wifi_rssi"": -87, ""acc_data"": {""ax"": -0.38, ""ay"": 0.1, ""az"": 0.89, ""pitch"": -22.52, ""roll"": 6.92}, ""gyro_data"": {""gx"": -9.66, ""gy"": -3.84, ""gz"": -3.05}, ""gps_data"": {""latitude"": 0, ""longitude"": 0, ""gps_altitude"": 0, ""time"": 230839}, ""alt_data"": {""pressure"": 853.06, ""temperature"": 27.32, ""AGL"": -1.15, ""velocity"": 0, ""kalman_altitude"": -1.15, ""kalman_vertical_velocity"": -2.45}, ""chute_state"": {""pyro1_state"": 0, ""pyro2_state"": 0}, ""connection_status"": {""connected"": true, ""has_ever_connected"": true, ""packet_age_ms"": 1, ""timeout_exceeded"": false, ""rssi"": -87}, ""communication_mode"": ""BEACON"", ""timestamp"": 115803, ""packets_received"": 253, ""kalman_data"": {""altitude"": -1.15, ""vertical_velocity"": -2.45}, ""kalman_altitude"": -1.15, ""kalman_vertical_velocity"": -2.45, ""pyroDrogue"": 0, ""pyroMain"": 0, ""pyro1_state"": 0, ""pyro2_state"": 0}"
1768315472.071317,2026-01-13T17:44:32.071317,2665,0,0,-0.38,0.11,0.89,-22.4,7,-8.78,-3.66,-3.23,0,0,0,231039,853.09,27.32,-1.44,0,0,0,0,-88,-1.44,-2.49,BEACON,"{""record_number"": 2665, ""operation_mode"": 0, ""state"": 0, ""battery_voltage"": 0, ""wifi_rssi"": -88, ""acc_data"": {""ax"": -0.38, ""ay"": 0.11, ""az"": 0.89, ""pitch"": -22.4, ""roll"": 7}, ""gyro_data"": {""gx"": -8.78, ""gy"": -3.66, ""gz"": -3.23}, ""gps_data"": {""latitude"": 0, ""longitude"": 0, ""gps_altitude"": 0, ""time"": 231039}, ""alt_data"": {""pressure"": 853.09, ""temperature"": 27.32, ""AGL"": -1.44, ""velocity"": 0, ""kalman_altitude"": -1.44, ""kalman_vertical_velocity"": -2.49}, ""chute_state"": {""pyro1_state"": 0, ""pyro2_state"": 0}, ""connection_status"": {""connected"": true, ""has_ever_connected"": true, ""packet_age_ms"": 0, ""timeout_exceeded"": false, ""rssi"": -88}, ""communication_mode"": ""BEACON"", ""timestamp"": 115915, ""packets_received"": 254, ""kalman_data"": {""altitude"": -1.44, ""vertical_velocity"": -2.49}, ""kalman_altitude"": -1.44, ""kalman_vertical_velocity"": -2.49, ""pyroDrogue"": 0, ""pyroMain"": 0, ""pyro1_state"": 0, ""pyro2_state"": 0}"
1768315472.178682,2026-01-13T17:44:32.178682,2666,0,0,-0.39,0.1,0.89,-22.58,6.71,-8.6,-2.56,-3.72,0,0,0,231039,853.06,27.32,-1.15,0,0,0,0,-86,-1.15,-2.45,BEACON,"{""record_number"": 2666, ""operation_mode"": 0, ""state"": 0, ""battery_voltage"": 0, ""wifi_rssi"": -86, ""acc_data"": {""ax"": -0.39, ""ay"": 0.1, ""az"": 0.89, ""pitch"": -22.58, ""roll"": 6.71}, ""gyro_data"": {""gx"": -8.6, ""gy"": -2.56, ""gz"": -3.72}, ""gps_data"": {""latitude"": 0, ""longitude"": 0, ""gps_altitude"": 0, ""time"": 231039}, ""alt_data"": {""pressure"": 853.06, ""temperature"": 27.32, ""AGL"": -1.15, ""velocity"": 0, ""kalman_altitude"": -1.15, ""kalman_vertical_velocity"": -2.45}, ""chute_state"": {""pyro1_state"": 0, ""pyro2_state"": 0}, ""connection_status"": {""connected"": true, ""has_ever_connected"": true, ""packet_age_ms"": 0, ""timeout_exceeded"": false, ""rssi"": -86}, ""communication_mode"": ""BEACON"", ""timestamp"": 116027, ""packets_received"": 255, ""kalman_data"": {""altitude"": -1.15, ""vertical_velocity"": -2.45}, ""kalman_altitude"": -1.15, ""kalman_vertical_velocity"": -2.45, ""pyroDrogue"": 0, ""pyroMain"": 0, ""pyro1_state"": 0, ""pyro2_state"": 0}"
1768315472.288682,2026-01-13T17:44:32.288682,2667,0,0,-0.38,0.1,0.89,-22.43,6.84,-8.69,-3.26,-3.99,0,0,0,231239,853.07,27.32,-1.22,0,0,0,0,-87,-1.22,-2.46,BEACON,"{""record_number"": 2667, ""operation_mode"": 0, ""state"": 0, ""battery_voltage"": 0, ""wifi_rssi"": -87, ""acc_data"": {""ax"": -0.38, ""ay"": 0.1, ""az"": 0.89, ""pitch"": -22.43, ""roll"": 6.84}, ""gyro_data"": {""gx"": -8.69, ""gy"": -3.26, ""gz"": -3.99}, ""gps_data"": {""latitude"": 0, ""longitude"": 0, ""gps_altitude"": 0, ""time"": 231239}, ""alt_data"": {""pressure"": 853.07, ""temperature"": 27.32, ""AGL"": -1.22, ""velocity"": 0, ""kalman_altitude"": -1.22, ""kalman_vertical_velocity"": -2.46}, ""chute_state"": {""pyro1_state"": 0, ""pyro2_state"": 0}, ""connection_status"": {""connected"": true, ""has_ever_connected"": true, ""packet_age_ms"": 1, ""timeout_exceeded"": false, ""rssi"": -87}, ""communication_mode"": ""BEACON"", ""timestamp"": 116143, ""packets_received"": 256, ""kalman_data"": {""altitude"": -1.22, ""vertical_velocity"": -2.46}, ""kalman_altitude"": -1.22, ""kalman_vertical_velocity"": -2.46, ""pyroDrogue"": 0, ""pyroMain"": 0, ""pyro1_state"": 0, ""pyro2_state"": 0}"
1768315472.488145,2026-01-13T17:44:32.488145,2670,0,0,-0.38,0.11,0.89,-22.67,7.03,-9.09,-3.72,-3.57,0,0,0,231438,853.11,27.32,-1.62,0,0,0,0,-88,-1.62,-2.53,BEACON,"{""record_number"": 2670, ""operation_mode"": 0, ""state"": 0, ""battery_voltage"": 0, ""wifi_rssi"": -88, ""acc_data"": {""ax"": -0.38, ""ay"": 0.11, ""az"": 0.89, ""pitch"": -22.67, ""roll"": 7.03}, ""gyro_data"": {""gx"": -9.09, ""gy"": -3.72, ""gz"": -3.57}, ""gps_data"": {""latitude"": 0, ""longitude"": 0, ""gps_altitude"": 0, ""time"": 231438}, ""alt_data"": {""pressure"": 853.11, ""temperature"": 27.32, ""AGL"": -1.62, ""velocity"": 0, ""kalman_altitude"": -1.62, ""kalman_vertical_velocity"": -2.53}, ""chute_state"": {""pyro1_state"": 0, ""pyro2_state"": 0}, ""connection_status"": {""connected"": true, ""has_ever_connected"": true, ""packet_age_ms"": 0, ""timeout_exceeded"": false, ""rssi"": -88}, ""communication_mode"": ""BEACON"", ""timestamp"": 116364, ""packets_received"": 257, ""kalman_data"": {""altitude"": -1.62, ""vertical_velocity"": -2.53}, ""kalman_altitude"": -1.62, ""kalman_vertical_velocity"": -2.53, ""pyroDrogue"": 0, ""pyroMain"": 0, ""pyro1_state"": 0, ""pyro2_state"": 0}"
1768315472.729456,2026-01-13T17:44:32.729456,2673,0,0,-0.39,0.11,0.89,-22.4,6.61,-9.3,-3.05,-3.84,0,0,0,231641,853.12,27.32,-1.73,0,0,0,0,-86,-1.72,-2.55,BEACON,"{""record_number"": 2673, ""operation_mode"": 0, ""state"": 0, ""battery_voltage"": 0, ""wifi_rssi"": -86, ""acc_data"": {""ax"": -0.39, ""ay"": 0.11, ""az"": 0.89, ""pitch"": -22.4, ""roll"": 6.61}, ""gyro_data"": {""gx"": -9.3, ""gy"": -3.05, ""gz"": -3.84}, ""gps_data"": {""latitude"": 0, ""longitude"": 0, ""gps_altitude"": 0, ""time"": 231641}, ""alt_data"": {""pressure"": 853.12, ""temperature"": 27.32, ""AGL"": -1.73, ""velocity"": 0, ""kalman_altitude"": -1.72, ""kalman_vertical_velocity"": -2.55}, ""chute_state"": {""pyro1_state"": 0, ""pyro2_state"": 0}, ""connection_status"": {""connected"": true, ""has_ever_connected"": true, ""packet_age_ms"": 1, ""timeout_exceeded"": false, ""rssi"": -86}, ""communication_mode"": ""BEACON"", ""timestamp"": 116590, ""packets_received"": 258, ""kalman_data"": {""altitude"": -1.72, ""vertical_velocity"": -2.55}, ""kalman_altitude"": -1.72, ""kalman_vertical_velocity"": -2.55, ""pyroDrogue"": 0, ""pyroMain"": 0, ""pyro1_state"": 0, ""pyro2_state"": 0}"
1768315472.818455,2026-01-13T17:44:32.818455,2674,0,0,-0.39,0.1,0.88,-22.67,6.46,-8.96,-3.45,-4.57,0,0,0,231844,853.06,27.31,-1.21,0,0,0,0,-87,-1.22,-2.47,BEACON,"{""record_number"": 2674, ""operation_mode"": 0, ""state"": 0, ""battery_voltage"": 0, ""wifi_rssi"": -87, ""acc_data"": {""ax"": -0.39, ""ay"": 0.1, ""az"": 0.88, ""pitch"": -22.67, ""roll"": 6.46}, ""gyro_data"": {""gx"": -8.96, ""gy"": -3.45, ""gz"": -4.57}, ""gps_data"": {""latitude"": 0, ""longitude"": 0, ""gps_altitude"": 0, ""time"": 231844}, ""alt_data"": {""pressure"": 853.06, ""temperature"": 27.31, ""AGL"": -1.21, ""velocity"": 0, ""kalman_altitude"": -1.22, ""kalman_vertical_velocity"": -2.47}, ""chute_state"": {""pyro1_state"": 0, ""pyro2_state"": 0}, ""connection_status"": {""connected"": true, ""has_ever_connected"": true, ""packet_age_ms"": 0, ""timeout_exceeded"": false, ""rssi"": -87}, ""communication_mode"": ""BEACON"", ""timestamp"": 116702, ""packets_received"": 259, ""kalman_data"": {""altitude"": -1.22, ""vertical_velocity"": -2.47}, ""kalman_altitude"": -1.22, ""kalman_vertical_velocity"": -2.47, ""pyroDrogue"": 0, ""pyroMain"": 0, ""pyro1_state"": 0, ""pyro2_state"": 0}"
1768315473.063292,2026-01-13T17:44:33.063292,2675,0,0,-0.38,0.1,0.89,-22.58,6.99,-9.15,-3.38,-3.87,0,0,0,231844,853.1,27.32,-1.55,0,0,0,0,-89,-1.54,-2.52,BEACON,"{""record_number"": 2675, ""operation_mode"": 0, ""state"": 0, ""battery_voltage"": 0, ""wifi_rssi"": -89, ""acc_data"": {""ax"": -0.38, ""ay"": 0.1, ""az"": 0.89, ""pitch"": -22.58, ""roll"": 6.99}, ""gyro_data"": {""gx"": -9.15, ""gy"": -3.38, ""gz"": -3.87}, ""gps_data"": {""latitude"": 0, ""longitude"": 0, ""gps_altitude"": 0, ""time"": 231844}, ""alt_data"": {""pressure"": 853.1, ""temperature"": 27.32, ""AGL"": -1.55, ""velocity"": 0, ""kalman_altitude"": -1.54, ""kalman_vertical_velocity"": -2.52}, ""chute_state"": {""pyro1_state"": 0, ""pyro2_state"": 0}, ""connection_status"": {""connected"": true, ""has_ever_connected"": true, ""packet_age_ms"": 1, ""timeout_exceeded"": false, ""rssi"": -89}, ""communication_mode"": ""BEACON"", ""timestamp"": 116815, ""packets_received"": 260, ""kalman_data"": {""altitude"": -1.54, ""vertical_velocity"": -2.52}, ""kalman_altitude"": -1.54, ""kalman_vertical_velocity"": -2.52, ""pyroDrogue"": 0, ""pyroMain"": 0, ""pyro1_state"": 0, ""pyro2_state"": 0}"
1768315473.119016,2026-01-13T17:44:33.119016,2677,0,0,-0.38,0.11,0.88,-22.31,6.58,-8.93,-1.52,-3.84,0,0,0,232043,853.09,27.32,-1.5,0,0,0,0,-87,-1.5,-2.52,BEACON,"{""record_number"": 2677, ""operation_mode"": 0, ""state"": 0, ""battery_voltage"": 0, ""wifi_rssi"": -87, ""acc_data"": {""ax"": -0.38, ""ay"": 0.11, ""az"": 0.88, ""pitch"": -22.31, ""roll"": 6.58}, ""gyro_data"": {""gx"": -8.93, ""gy"": -1.52, ""gz"": -3.84}, ""gps_data"": {""latitude"": 0, ""longitude"": 0, ""gps_altitude"": 0, ""time"": 232043}, ""alt_data"": {""pressure"": 853.09, ""temperature"": 27.32, ""AGL"": -1.5, ""velocity"": 0, ""kalman_altitude"": -1.5, ""kalman_vertical_velocity"": -2.52}, ""chute_state"": {""pyro1_state"": 0, ""pyro2_state"": 0}, ""connection_status"": {""connected"": true, ""has_ever_connected"": true, ""packet_age_ms"": 1, ""timeout_exceeded"": false, ""rssi"": -87}, ""communication_mode"": ""BEACON"", ""timestamp"": 116927, ""packets_received"": 261, ""kalman_data"": {""altitude"": -1.5, ""vertical_velocity"": -2.52}, ""kalman_altitude"": -1.5, ""kalman_vertical_velocity"": -2.52, ""pyroDrogue"": 0, ""pyroMain"": 0, ""pyro1_state"": 0, ""pyro2_state"": 0}"
1768315473.163887,2026-01-13T17:44:33.163887,2678,0,0,-0.39,0.11,0.89,-22.49,6.42,-9.88,-2.99,-3.9,0,0,0,232043,853.09,27.32,-1.51,0,0,0,0,-86,-1.51,-2.52,BEACON,"{""record_number"": 2678, ""operation_mode"": 0, ""state"": 0, ""battery_voltage"": 0, ""wifi_rssi"": -86, ""acc_data"": {""ax"": -0.39, ""ay"": 0.11, ""az"": 0.89, ""pitch"": -22.49, ""roll"": 6.42}, ""gyro_data"": {""gx"": -9.88, ""gy"": -2.99, ""gz"": -3.9}, ""gps_data"": {""latitude"": 0, ""longitude"": 0, ""gps_altitude"": 0, ""time"": 232043}, ""alt_data"": {""pressure"": 853.09, ""temperature"": 27.32, ""AGL"": -1.51, ""velocity"": 0, ""kalman_altitude"": -1.51, ""kalman_vertical_velocity"": -2.52}, ""chute_state"": {""pyro1_state"": 0, ""pyro2_state"": 0}, ""connection_status"": {""connected"": true, ""has_ever_connected"": true, ""packet_age_ms"": 0, ""timeout_exceeded"": false, ""rssi"": -86}, ""communication_mode"": ""BEACON"", ""timestamp"": 117039, ""packets_received"": 262, ""kalman_data"": {""altitude"": -1.51, ""vertical_velocity"": -2.52}, ""kalman_altitude"": -1.51, ""kalman_vertical_velocity"": -2.52, ""pyroDrogue"": 0, ""pyroMain"": 0, ""pyro1_state"": 0, ""pyro2_state"": 0}"
1768315473.313789,2026-01-13T17:44:33.313789,2679,0,0,-0.39,0.1,0.89,-22.31,6.94,-8.72,-3.45,-3.96,0,0,0,232243,853.1,27.32,-1.58,0,0,0,0,-86,-1.58,-2.53,BEACON,"{""record_number"": 2679, ""operation_mode"": 0, ""state"": 0, ""battery_voltage"": 0, ""wifi_rssi"": -86, ""acc_data"": {""ax"": -0.39, ""ay"": 0.1, ""az"": 0.89, ""pitch"": -22.31, ""roll"": 6.94}, ""gyro_data"": {""gx"": -8.72, ""gy"": -3.45, ""gz"": -3.96}, ""gps_data"": {""latitude"": 0, ""longitude"": 0, ""gps_altitude"": 0, ""time"": 232243}, ""alt_data"": {""pressure"": 853.1, ""temperature"": 27.32, ""AGL"": -1.58, ""velocity"": 0, ""kalman_altitude"": -1.58, ""kalman_vertical_velocity"": -2.53}, ""chute_state"": {""pyro1_state"": 0, ""pyro2_state"": 0}, ""connection_status"": {""connected"": true, ""has_ever_connected"": true, ""packet_age_ms"": 0, ""timeout_exceeded"": false, ""rssi"": -86}, ""communication_mode"": ""BEACON"", ""timestamp"": 117151, ""packets_received"": 263, ""kalman_data"": {""altitude"": -1.58, ""vertical_velocity"": -2.53}, ""kalman_altitude"": -1.58, ""kalman_vertical_velocity"": -2.53, ""pyroDrogue"": 0, ""pyroMain"": 0, ""pyro1_state"": 0, ""pyro2_state"": 0}"
1768315473.448288,2026-01-13T17:44:33.448288,2681,0,0,-0.38,0.11,0.89,-22.28,7.16,-8.9,-3.02,-3.2,0,0,0,232444,853.09,27.32,-1.51,0,0,0,0,-88,-1.51,-2.52,BEACON,"{""record_number"": 2681, ""operation_mode"": 0, ""state"": 0, ""battery_voltage"": 0, ""wifi_rssi"": -88, ""acc_data"": {""ax"": -0.38, ""ay"": 0.11, ""az"": 0.89, ""pitch"": -22.28, ""roll"": 7.16}, ""gyro_data"": {""gx"": -8.9, ""gy"": -3.02, ""gz"": -3.2}, ""gps_data"": {""latitude"": 0, ""longitude"": 0, ""gps_altitude"": 0, ""time"": 232444}, ""alt_data"": {""pressure"": 853.09, ""temperature"": 27.32, ""AGL"": -1.51, ""velocity"": 0, ""kalman_altitude"": -1.51, ""kalman_vertical_velocity"": -2.52}, ""chute_state"": {""pyro1_state"": 0, ""pyro2_state"": 0}, ""connection_status"": {""connected"": true, ""has_ever_connected"": true, ""packet_age_ms"": 0, ""timeout_exceeded"": false, ""rssi"": -88}, ""communication_mode"": ""BEACON"", ""timestamp"": 117264, ""packets_received"": 264, ""kalman_data"": {""altitude"": -1.51, ""vertical_velocity"": -2.52}, ""kalman_altitude"": -1.51, ""kalman_vertical_velocity"": -2.52, ""pyroDrogue"": 0, ""pyroMain"": 0, ""pyro1_state"": 0, ""pyro2_state"": 0}"
1768315473.578396,2026-01-13T17:44:33.578396,2682,0,0,-0.39,0.1,0.87,-22.88,6.57,-9.05,-3.69,-4.21,0,0,0,232444,853.06,27.34,-1.13,0,0,0,0,-87,-1.14,-2.46,BEACON,"{""record_number"": 2682, ""operation_mode"": 0, ""state"": 0, ""battery_voltage"": 0, ""wifi_rssi"": -87, ""acc_data"": {""ax"": -0.39, ""ay"": 0.1, ""az"": 0.87, ""pitch"": -22.88, ""roll"": 6.57}, ""gyro_data"": {""gx"": -9.05, ""gy"": -3.69, ""gz"": -4.21}, ""gps_data"": {""latitude"": 0, ""longitude"": 0, ""gps_altitude"": 0, ""time"": 232444}, ""alt_data"": {""pressure"": 853.06, ""temperature"": 27.34, ""AGL"": -1.13, ""velocity"": 0, ""kalman_altitude"": -1.14, ""kalman_vertical_velocity"": -2.46}, ""chute_state"": {""pyro1_state"": 0, ""pyro2_state"": 0}, ""connection_status"": {""connected"": true, ""has_ever_connected"": true, ""packet_age_ms"": 0, ""timeout_exceeded"": false, ""rssi"": -87}, ""communication_mode"": ""BEACON"", ""timestamp"": 117378, ""packets_received"": 265, ""kalman_data"": {""altitude"": -1.14, ""vertical_velocity"": -2.46}, ""kalman_altitude"": -1.14, ""kalman_vertical_velocity"": -2.46, ""pyroDrogue"": 0, ""pyroMain"": 0, ""pyro1_state"": 0, ""pyro2_state"": 0}"
1768315473.888248,2026-01-13T17:44:33.888248,2686,0,0,-0.38,0.1,0.88,-22.52,6.88,-9.79,-3.81,-3.69,0,0,0,232848,853.04,27.35,-1,0,0,0,0,-85,-1,-2.44,BEACON,"{""record_number"": 2686, ""operation_mode"": 0, ""state"": 0, ""battery_voltage"": 0, ""wifi_rssi"": -85, ""acc_data"": {""ax"": -0.38, ""ay"": 0.1, ""az"": 0.88, ""pitch"": -22.52, ""roll"": 6.88}, ""gyro_data"": {""gx"": -9.79, ""gy"": -3.81, ""gz"": -3.69}, ""gps_data"": {""latitude"": 0, ""longitude"": 0, ""gps_altitude"": 0, ""time"": 232848}, ""alt_data"": {""pressure"": 853.04, ""temperature"": 27.35, ""AGL"": -1, ""velocity"": 0, ""kalman_altitude"": -1, ""kalman_vertical_velocity"": -2.44}, ""chute_state"": {""pyro1_state"": 0, ""pyro2_state"": 0}, ""connection_status"": {""connected"": true, ""has_ever_connected"": true, ""packet_age_ms"": 1, ""timeout_exceeded"": false, ""rssi"": -85}, ""communication_mode"": ""BEACON"", ""timestamp"": 117716, ""packets_received"": 268, ""kalman_data"": {""altitude"": -1, ""vertical_velocity"": -2.44}, ""kalman_altitude"": -1, ""kalman_vertical_velocity"": -2.44, ""pyroDrogue"": 0, ""pyroMain"": 0, ""pyro1_state"": 0, ""pyro2_state"": 0}"
1768315473.950861,2026-01-13T17:44:33.950861,2687,0,0,-0.38,0.11,0.89,-22.28,6.67,-9.09,-3.23,-3.93,0,0,0,232848,853.03,27.34,-0.92,0,0,0,0,-87,-0.92,-2.43,BEACON,"{""record_number"": 2687, ""operation_mode"": 0, ""state"": 0, ""battery_voltage"": 0, ""wifi_rssi"": -87, ""acc_data"": {""ax"": -0.38, ""ay"": 0.11, ""az"": 0.89, ""pitch"": -22.28, ""roll"": 6.67}, ""gyro_data"": {""gx"": -9.09, ""gy"": -3.23, ""gz"": -3.93}, ""gps_data"": {""latitude"": 0, ""longitude"": 0, ""gps_altitude"": 0, ""time"": 232848}, ""alt_data"": {""pressure"": 853.03, ""temperature"": 27.34, ""AGL"": -0.92, ""velocity"": 0, ""kalman_altitude"": -0.92, ""kalman_vertical_velocity"": -2.43}, ""chute_state"": {""pyro1_state"": 0, ""pyro2_state"": 0}, ""connection_status"": {""connected"": true, ""has_ever_connected"": true, ""packet_age_ms"": 1, ""timeout_exceeded"": false, ""rssi"": -87}, ""communication_mode"": ""BEACON"", ""timestamp"": 117826, ""packets_received"": 269, ""kalman_data"": {""altitude"": -0.92, ""vertical_velocity"": -2.43}, ""kalman_altitude"": -0.92, ""kalman_vertical_velocity"": -2.43, ""pyroDrogue"": 0, ""pyroMain"": 0, ""pyro1_state"": 0, ""pyro2_state"": 0}"
1768315474.195145,2026-01-13T17:44:34.195145,2689,0,0,-0.39,0.1,0.89,-22.85,6.97,-9.42,-2.77,-3.29,0,0,0,233049,853.03,27.34,-0.89,0,0,0,0,-87,-0.89,-2.42,BEACON,"{""record_number"": 2689, ""operation_mode"": 0, ""state"": 0, ""battery_voltage"": 0, ""wifi_rssi"": -87, ""acc_data"": {""ax"": -0.39, ""ay"": 0.1, ""az"": 0.89, ""pitch"": -22.85, ""roll"": 6.97}, ""gyro_data"": {""gx"": -9.42, ""gy"": -2.77, ""gz"": -3.29}, ""gps_data"": {""latitude"": 0, ""longitude"": 0, ""gps_altitude"": 0, ""time"": 233049}, ""alt_data"": {""pressure"": 853.03, ""temperature"": 27.34, ""AGL"": -0.89, ""velocity"": 0, ""kalman_altitude"": -0.89, ""kalman_vertical_velocity"": -2.42}, ""chute_state"": {""pyro1_state"": 0, ""pyro2_state"": 0}, ""connection_status"": {""connected"": true, ""has_ever_connected"": true, ""packet_age_ms"": 0, ""timeout_exceeded"": false, ""rssi"": -87}, ""communication_mode"": ""BEACON"", ""timestamp"": 117939, ""packets_received"": 270, ""kalman_data"": {""altitude"": -0.89, ""vertical_velocity"": -2.42}, ""kalman_altitude"": -0.89, ""kalman_vertical_velocity"": -2.42, ""pyroDrogue"": 0, ""pyroMain"": 0, ""pyro1_state"": 0, ""pyro2_state"": 0}"
1768315474.327617,2026-01-13T17:44:34.327617,2690,0,0,-0.38,0.1,0.89,-22.61,6.99,-7.9,-3.41,-3.35,0,0,0,233049,853.04,27.34,-1,0,0,0,0,-87,-1,-2.44,BEACON,"{""record_number"": 2690, ""operation_mode"": 0, ""state"": 0, ""battery_voltage"": 0, ""wifi_rssi"": -87, ""acc_data"": {""ax"": -0.38, ""ay"": 0.1, ""az"": 0.89, ""pitch"": -22.61, ""roll"": 6.99}, ""gyro_data"": {""gx"": -7.9, ""gy"": -3.41, ""gz"": -3.35}, ""gps_data"": {""latitude"": 0, ""longitude"": 0, ""gps_altitude"": 0, ""time"": 233049}, ""alt_data"": {""pressure"": 853.04, ""temperature"": 27.34, ""AGL"": -1, ""velocity"": 0, ""kalman_altitude"": -1, ""kalman_vertical_velocity"": -2.44}, ""chute_state"": {""pyro1_state"": 0, ""pyro2_state"": 0}, ""connection_status"": {""connected"": true, ""has_ever_connected"": true, ""packet_age_ms"": 0, ""timeout_exceeded"": false, ""rssi"": -87}, ""communication_mode"": ""BEACON"", ""timestamp"": 118051, ""packets_received"": 271, ""kalman_data"": {""altitude"": -1, ""vertical_velocity"": -2.44}, ""kalman_altitude"": -1, ""kalman_vertical_velocity"": -2.44, ""pyroDrogue"": 0, ""pyroMain"": 0, ""pyro1_state"": 0, ""pyro2_state"": 0}"
1768315474.382712,2026-01-13T17:44:34.382712,2691,0,0,-0.4,0.11,0.89,-22.49,6.73,-8.69,-2.9,-3.32,0,0,0,233248,853.07,27.36,-1.22,0,0,0,0,-90,-1.22,-2.48,BEACON,"{""record_number"": 2691, ""operation_mode"": 0, ""state"": 0, ""battery_voltage"": 0, ""wifi_rssi"": -90, ""acc_data"": {""ax"": -0.4, ""ay"": 0.11, ""az"": 0.89, ""pitch"": -22.49, ""roll"": 6.73}, ""gyro_data"": {""gx"": -8.69, ""gy"": -2.9, ""gz"": -3.32}, ""gps_data"": {""latitude"": 0, ""longitude"": 0, ""gps_altitude"": 0, ""time"": 233248}, ""alt_data"": {""pressure"": 853.07, ""temperature"": 27.36, ""AGL"": -1.22, ""velocity"": 0, ""kalman_altitude"": -1.22, ""kalman_vertical_velocity"": -2.48}, ""chute_state"": {""pyro1_state"": 0, ""pyro2_state"": 0}, ""connection_status"": {""connected"": true, ""has_ever_connected"": true, ""packet_age_ms"": 1, ""timeout_exceeded"": false, ""rssi"": -90}, ""communication_mode"": ""BEACON"", ""timestamp"": 118164, ""packets_received"": 272, ""kalman_data"": {""altitude"": -1.22, ""vertical_velocity"": -2.48}, ""kalman_altitude"": -1.22, ""kalman_vertical_velocity"": -2.48, ""pyroDrogue"": 0, ""pyroMain"": 0, ""pyro1_state"": 0, ""pyro2_state"": 0}"
1768315474.434433,2026-01-13T17:44:34.434433,2692,0,0,-0.38,0.11,0.88,-22.97,6.45,-8.48,-2.68,-3.57,0,0,0,233449,853.04,27.36,-1.02,0,0,0,0,-88,-1.02,-2.45,BEACON,"{""record_number"": 2692, ""operation_mode"": 0, ""state"": 0, ""battery_voltage"": 0, ""wifi_rssi"": -88, ""acc_data"": {""ax"": -0.38, ""ay"": 0.11, ""az"": 0.88, ""pitch"": -22.97, ""roll"": 6.45}, ""gyro_data"": {""gx"": -8.48, ""gy"": -2.68, ""gz"": -3.57}, ""gps_data"": {""latitude"": 0, ""longitude"": 0, ""gps_altitude"": 0, ""time"": 233449}, ""alt_data"": {""pressure"": 853.04, ""temperature"": 27.36, ""AGL"": -1.02, ""velocity"": 0, ""kalman_altitude"": -1.02, ""kalman_vertical_velocity"": -2.45}, ""chute_state"": {""pyro1_state"": 0, ""pyro2_state"": 0}, ""connection_status"": {""connected"": true, ""has_ever_connected"": true, ""packet_age_ms"": 0, ""timeout_exceeded"": false, ""rssi"": -88}, ""communication_mode"": ""BEACON"", ""timestamp"": 118276, ""packets_received"": 273, ""kalman_data"": {""altitude"": -1.02, ""vertical_velocity"": -2.45}, ""kalman_altitude"": -1.02, ""kalman_vertical_velocity"": -2.45, ""pyroDrogue"": 0, ""pyroMain"": 0, ""pyro1_state"": 0, ""pyro2_state"": 0}"
1768315474.528798,2026-01-13T17:44:34.528798,2694,0,0,-0.39,0.1,0.89,-22.43,6.94,-8.96,-3.26,-3.48,0,0,0,233449,853.07,27.36,-1.26,0,0,0,0,-87,-1.26,-2.49,BEACON,"{""record_number"": 2694, ""operation_mode"": 0, ""state"": 0, ""battery_voltage"": 0, ""wifi_rssi"": -87, ""acc_data"": {""ax"": -0.39, ""ay"": 0.1, ""az"": 0.89, ""pitch"": -22.43, ""roll"": 6.94}, ""gyro_data"": {""gx"": -8.96, ""gy"": -3.26, ""gz"": -3.48}, ""gps_data"": {""latitude"": 0, ""longitude"": 0, ""gps_altitude"": 0, ""time"": 233449}, ""alt_data"": {""pressure"": 853.07, ""temperature"": 27.36, ""AGL"": -1.26, ""velocity"": 0, ""kalman_altitude"": -1.26, ""kalman_vertical_velocity"": -2.49}, ""chute_state"": {""pyro1_state"": 0, ""pyro2_state"": 0}, ""connection_status"": {""connected"": true, ""has_ever_connected"": true, ""packet_age_ms"": 0, ""timeout_exceeded"": false, ""rssi"": -87}, ""communication_mode"": ""BEACON"", ""timestamp"": 118390, ""packets_received"": 274, ""kalman_data"": {""altitude"": -1.26, ""vertical_velocity"": -2.49}, ""kalman_altitude"": -1.26, ""kalman_vertical_velocity"": -2.49, ""pyroDrogue"": 0, ""pyroMain"": 0, ""pyro1_state"": 0, ""pyro2_state"": 0}"
1768315474.766398,2026-01-13T17:44:34.766398,2696,0,0,-0.39,0.1,0.88,-22.43,7.14,-9.21,-3.41,-3.14,0,0,0,233651,853.03,27.36,-0.91,0,0,0,0,-88,-0.91,-2.43,BEACON,"{""record_number"": 2696, ""operation_mode"": 0, ""state"": 0, ""battery_voltage"": 0, ""wifi_rssi"": -88, ""acc_data"": {""ax"": -0.39, ""ay"": 0.1, ""az"": 0.88, ""pitch"": -22.43, ""roll"": 7.14}, ""gyro_data"": {""gx"": -9.21, ""gy"": -3.41, ""gz"": -3.14}, ""gps_data"": {""latitude"": 0, ""longitude"": 0, ""gps_altitude"": 0, ""time"": 233651}, ""alt_data"": {""pressure"": 853.03, ""temperature"": 27.36, ""AGL"": -0.91, ""velocity"": 0, ""kalman_altitude"": -0.91, ""kalman_vertical_velocity"": -2.43}, ""chute_state"": {""pyro1_state"": 0, ""pyro2_state"": 0}, ""connection_status"": {""connected"": true, ""has_ever_connected"": true, ""packet_age_ms"": 0, ""timeout_exceeded"": false, ""rssi"": -88}, ""communication_mode"": ""BEACON"", ""timestamp"": 118615, ""packets_received"": 275, ""kalman_data"": {""altitude"": -0.91, ""vertical_velocity"": -2.43}, ""kalman_altitude"": -0.91, ""kalman_vertical_velocity"": -2.43, ""pyroDrogue"": 0, ""pyroMain"": 0, ""pyro1_state"": 0, ""pyro2_state"": 0}"
1768315474.896194,2026-01-13T17:44:34.896194,2698,0,0,-0.38,0.11,0.88,-22.82,6.92,-9.09,-3.63,-3.81,0,0,0,233855,853.06,27.36,-1.2,0,0,0,0,-87,-1.2,-2.48,BEACON,"{""record_number"": 2698, ""operation_mode"": 0, ""state"": 0, ""battery_voltage"": 0, ""wifi_rssi"": -87, ""acc_data"": {""ax"": -0.38, ""ay"": 0.11, ""az"": 0.88, ""pitch"": -22.82, ""roll"": 6.92}, ""gyro_data"": {""gx"": -9.09, ""gy"": -3.63, ""gz"": -3.81}, ""gps_data"": {""latitude"": 0, ""longitude"": 0, ""gps_altitude"": 0, ""time"": 233855}, ""alt_data"": {""pressure"": 853.06, ""temperature"": 27.36, ""AGL"": -1.2, ""velocity"": 0, ""kalman_altitude"": -1.2, ""kalman_vertical_velocity"": -2.48}, ""chute_state"": {""pyro1_state"": 0, ""pyro2_state"": 0}, ""connection_status"": {""connected"": true, ""has_ever_connected"": true, ""packet_age_ms"": 0, ""timeout_exceeded"": false, ""rssi"": -87}, ""communication_mode"": ""BEACON"", ""timestamp"": 118731, ""packets_received"": 276, ""kalman_data"": {""altitude"": -1.2, ""vertical_velocity"": -2.48}, ""kalman_altitude"": -1.2, ""kalman_vertical_velocity"": -2.48, ""pyroDrogue"": 0, ""pyroMain"": 0, ""pyro1_state"": 0, ""pyro2_state"": 0}"
1768315474.982924,2026-01-13T17:44:34.982924,2699,0,0,-0.39,0.1,0.89,-22.76,6.84,-9.57,-2.23,-3.72,0,0,0,233855,853.09,27.37,-1.42,0,0,0,0,-86,-1.42,-2.52,BEACON,"{""record_number"": 2699, ""operation_mode"": 0, ""state"": 0, ""battery_voltage"": 0, ""wifi_rssi"": -86, ""acc_data"": {""ax"": -0.39, ""ay"": 0.1, ""az"": 0.89, ""pitch"": -22.76, ""roll"": 6.84}, ""gyro_data"": {""gx"": -9.57, ""gy"": -2.23, ""gz"": -3.72}, ""gps_data"": {""latitude"": 0, ""longitude"": 0, ""gps_altitude"": 0, ""time"": 233855}, ""alt_data"": {""pressure"": 853.09, ""temperature"": 27.37, ""AGL"": -1.42, ""velocity"": 0, ""kalman_altitude"": -1.42, ""kalman_vertical_velocity"": -2.52}, ""chute_state"": {""pyro1_state"": 0, ""pyro2_state"": 0}, ""connection_status"": {""connected"": true, ""has_ever_connected"": true, ""packet_age_ms"": 1, ""timeout_exceeded"": false, ""rssi"": -86}, ""communication_mode"": ""BEACON"", ""timestamp"": 118841, ""packets_received"": 277, ""kalman_data"": {""altitude"": -1.42, ""vertical_velocity"": -2.52}, ""kalman_altitude"": -1.42, ""kalman_vertical_velocity"": -2.52, ""pyroDrogue"": 0, ""pyroMain"": 0, ""pyro1_state"": 0, ""pyro2_state"": 0}"
1768315475.120065,2026-01-13T17:44:35.120065,2700,0,0,-0.38,0.1,0.88,-22.61,6.75,-8.78,-3.72,-2.59,0,0,0,234055,853.06,27.37,-1.14,0,0,0,0,-86,-1.14,-2.48,BEACON,"{""record_number"": 2700, ""operation_mode"": 0, ""state"": 0, ""battery_voltage"": 0, ""wifi_rssi"": -86, ""acc_data"": {""ax"": -0.38, ""ay"": 0.1, ""az"": 0.88, ""pitch"": -22.61, ""roll"": 6.75}, ""gyro_data"": {""gx"": -8.78, ""gy"": -3.72, ""gz"": -2.59}, ""gps_data"": {""latitude"": 0, ""longitude"": 0, ""gps_altitude"": 0, ""time"": 234055}, ""alt_data"": {""pressure"": 853.06, ""temperature"": 27.37, ""AGL"": -1.14, ""velocity"": 0, ""kalman_altitude"": -1.14, ""kalman_vertical_velocity"": -2.48}, ""chute_state"": {""pyro1_state"": 0, ""pyro2_state"": 0}, ""connection_status"": {""connected"": true, ""has_ever_connected"": true, ""packet_age_ms"": 0, ""timeout_exceeded"": false, ""rssi"": -86}, ""communication_mode"": ""BEACON"", ""timestamp"": 118954, ""packets_received"": 278, ""kalman_data"": {""altitude"": -1.14, ""vertical_velocity"": -2.48}, ""kalman_altitude"": -1.14, ""kalman_vertical_velocity"": -2.48, ""pyroDrogue"": 0, ""pyroMain"": 0, ""pyro1_state"": 0, ""pyro2_state"": 0}"
1768315475.477837,2026-01-13T17:44:35.477837,2702,0,0,-0.38,0.11,0.89,-22.52,6.97,-9.48,-2.74,-3.54,0,0,0,234255,853.11,27.39,-1.65,0,0,0,0,-87,-1.65,-2.56,BEACON,"{""record_number"": 2702, ""operation_mode"": 0, ""state"": 0, ""battery_voltage"": 0, ""wifi_rssi"": -87, ""acc_data"": {""ax"": -0.38, ""ay"": 0.11, ""az"": 0.89, ""pitch"": -22.52, ""roll"": 6.97}, ""gyro_data"": {""gx"": -9.48, ""gy"": -2.74, ""gz"": -3.54}, ""gps_data"": {""latitude"": 0, ""longitude"": 0, ""gps_altitude"": 0, ""time"": 234255}, ""alt_data"": {""pressure"": 853.11, ""temperature"": 27.39, ""AGL"": -1.65, ""velocity"": 0, ""kalman_altitude"": -1.65, ""kalman_vertical_velocity"": -2.56}, ""chute_state"": {""pyro1_state"": 0, ""pyro2_state"": 0}, ""connection_status"": {""connected"": true, ""has_ever_connected"": true, ""packet_age_ms"": 0, ""timeout_exceeded"": false, ""rssi"": -87}, ""communication_mode"": ""BEACON"", ""timestamp"": 119066, ""packets_received"": 279, ""kalman_data"": {""altitude"": -1.65, ""vertical_velocity"": -2.56}, ""kalman_altitude"": -1.65, ""kalman_vertical_velocity"": -2.56, ""pyroDrogue"": 0, ""pyroMain"": 0, ""pyro1_state"": 0, ""pyro2_state"": 0}"
1768315475.647852,2026-01-13T17:44:35.647852,2703,0,0,-0.38,0.1,0.89,-22.4,6.58,-9.09,-3.72,-3.32,0,0,0,234255,853.02,27.36,-0.79,0,0,0,0,-89,-0.8,-2.42,BEACON,"{""record_number"": 2703, ""operation_mode"": 0, ""state"": 0, ""battery_voltage"": 0, ""wifi_rssi"": -89, ""acc_data"": {""ax"": -0.38, ""ay"": 0.1, ""az"": 0.89, ""pitch"": -22.4, ""roll"": 6.58}, ""gyro_data"": {""gx"": -9.09, ""gy"": -3.72, ""gz"": -3.32}, ""gps_data"": {""latitude"": 0, ""longitude"": 0, ""gps_altitude"": 0, ""time"": 234255}, ""alt_data"": {""pressure"": 853.02, ""temperature"": 27.36, ""AGL"": -0.79, ""velocity"": 0, ""kalman_altitude"": -0.8, ""kalman_vertical_velocity"": -2.42}, ""chute_state"": {""pyro1_state"": 0, ""pyro2_state"": 0}, ""connection_status"": {""connected"": true, ""has_ever_connected"": true, ""packet_age_ms"": 1, ""timeout_exceeded"": false, ""rssi"": -89}, ""communication_mode"": ""BEACON"", ""timestamp"": 119179, ""packets_received"": 280, ""kalman_data"": {""altitude"": -0.8, ""vertical_velocity"": -2.42}, ""kalman_altitude"": -0.8, ""kalman_vertical_velocity"": -2.42, ""pyroDrogue"": 0, ""pyroMain"": 0, ""pyro1_state"": 0, ""pyro2_state"": 0}"
1768315475.769321,2026-01-13T17:44:35.769321,2704,0,0,-0.38,0.11,0.88,-22.67,6.97,-9.09,-2.65,-4.24,0,0,0,234455,853.06,27.36,-1.12,0,0,0,0,-87,-1.12,-2.48,BEACON,"{""record_number"": 2704, ""operation_mode"": 0, ""state"": 0, ""battery_voltage"": 0, ""wifi_rssi"": -87, ""acc_data"": {""ax"": -0.38, ""ay"": 0.11, ""az"": 0.88, ""pitch"": -22.67, ""roll"": 6.97}, ""gyro_data"": {""gx"": -9.09, ""gy"": -2.65, ""gz"": -4.24}, ""gps_data"": {""latitude"": 0, ""longitude"": 0, ""gps_altitude"": 0, ""time"": 234455}, ""alt_data"": {""pressure"": 853.06, ""temperature"": 27.36, ""AGL"": -1.12, ""velocity"": 0, ""kalman_altitude"": -1.12, ""kalman_vertical_velocity"": -2.48}, ""chute_state"": {""pyro1_state"": 0, ""pyro2_state"": 0}, ""connection_status"": {""connected"": true, ""has_ever_connected"": true, ""packet_age_ms"": 1, ""timeout_exceeded"": false, ""rssi"": -87}, ""communication_mode"": ""BEACON"", ""timestamp"": 119291, ""packets_received"": 281, ""kalman_data"": {""altitude"": -1.12, ""vertical_velocity"": -2.48}, ""kalman_altitude"": -1.12, ""kalman_vertical_velocity"": -2.48, ""pyroDrogue"": 0, ""pyroMain"": 0, ""pyro1_state"": 0, ""pyro2_state"": 0}"
1768315475.849319,2026-01-13T17:44:35.849319,2706,0,0,-0.38,0.11,0.88,-22.88,6.81,-8.96,-2.65,-3.84,0,0,0,234455,853.04,27.36,-0.98,0,0,0,0,-87,-0.98,-2.45,BEACON,"{""record_number"": 2706, ""operation_mode"": 0, ""state"": 0, ""battery_voltage"": 0, ""wifi_rssi"": -87, ""acc_data"": {""ax"": -0.38, ""ay"": 0.11, ""az"": 0.88, ""pitch"": -22.88, ""roll"": 6.81}, ""gyro_data"": {""gx"": -8.96, ""gy"": -2.65, ""gz"": -3.84}, ""gps_data"": {""latitude"": 0, ""longitude"": 0, ""gps_altitude"": 0, ""time"": 234455}, ""alt_data"": {""pressure"": 853.04, ""temperature"": 27.36, ""AGL"": -0.98, ""velocity"": 0, ""kalman_altitude"": -0.98, ""kalman_vertical_velocity"": -2.45}, ""chute_state"": {""pyro1_state"": 0, ""pyro2_state"": 0}, ""connection_status"": {""connected"": true, ""has_ever_connected"": true, ""packet_age_ms"": 0, ""timeout_exceeded"": false, ""rssi"": -87}, ""communication_mode"": ""BEACON"", ""timestamp"": 119403, ""packets_received"": 282, ""kalman_data"": {""altitude"": -0.98, ""vertical_velocity"": -2.45}, ""kalman_altitude"": -0.98, ""kalman_vertical_velocity"": -2.45, ""pyroDrogue"": 0, ""pyroMain"": 0, ""pyro1_state"": 0, ""pyro2_state"": 0}"
1768315475.931884,2026-01-13T17:44:35.931884,2707,0,0,-0.38,0.1,0.89,-22.31,6.64,-9.45,-3.2,-3.29,0,0,0,234657,853.07,27.36,-1.23,0,0,0,0,-87,-1.23,-2.5,BEACON,"{""record_number"": 2707, ""operation_mode"": 0, ""state"": 0, ""battery_voltage"": 0, ""wifi_rssi"": -87, ""acc_data"": {""ax"": -0.38, ""ay"": 0.1, ""az"": 0.89, ""pitch"": -22.31, ""roll"": 6.64}, ""gyro_data"": {""gx"": -9.45, ""gy"": -3.2, ""gz"": -3.29}, ""gps_data"": {""latitude"": 0, ""longitude"": 0, ""gps_altitude"": 0, ""time"": 234657}, ""alt_data"": {""pressure"": 853.07, ""temperature"": 27.36, ""AGL"": -1.23, ""velocity"": 0, ""kalman_altitude"": -1.23, ""kalman_vertical_velocity"": -2.5}, ""chute_state"": {""pyro1_state"": 0, ""pyro2_state"": 0}, ""connection_status"": {""connected"": true, ""has_ever_connected"": true, ""packet_age_ms"": 1, ""timeout_exceeded"": false, ""rssi"": -87}, ""communication_mode"": ""BEACON"", ""timestamp"": 119518, ""packets_received"": 283, ""kalman_data"": {""altitude"": -1.23, ""vertical_velocity"": -2.5}, ""kalman_altitude"": -1.23, ""kalman_vertical_velocity"": -2.5, ""pyroDrogue"": 0, ""pyroMain"": 0, ""pyro1_state"": 0, ""pyro2_state"": 0}"
1768315476.169883,2026-01-13T17:44:36.169883,2708,0,0,-0.38,0.1,0.88,-22.34,6.74,-9.12,-3.17,-2.99,0,0,0,234657,853.04,27.37,-0.96,0,0,0,0,-88,-0.96,-2.45,BEACON,"{""record_number"": 2708, ""operation_mode"": 0, ""state"": 0, ""battery_voltage"": 0, ""wifi_rssi"": -88, ""acc_data"": {""ax"": -0.38, ""ay"": 0.1, ""az"": 0.88, ""pitch"": -22.34, ""roll"": 6.74}, ""gyro_data"": {""gx"": -9.12, ""gy"": -3.17, ""gz"": -2.99}, ""gps_data"": {""latitude"": 0, ""longitude"": 0, ""gps_altitude"": 0, ""time"": 234657}, ""alt_data"": {""pressure"": 853.04, ""temperature"": 27.37, ""AGL"": -0.96, ""velocity"": 0, ""kalman_altitude"": -0.96, ""kalman_vertical_velocity"": -2.45}, ""chute_state"": {""pyro1_state"": 0, ""pyro2_state"": 0}, ""connection_status"": {""connected"": true, ""has_ever_connected"": true, ""packet_age_ms"": 0, ""timeout_exceeded"": false, ""rssi"": -88}, ""communication_mode"": ""BEACON"", ""timestamp"": 119629, ""packets_received"": 284, ""kalman_data"": {""altitude"": -0.96, ""vertical_velocity"": -2.45}, ""kalman_altitude"": -0.96, ""kalman_vertical_velocity"": -2.45, ""pyroDrogue"": 0, ""pyroMain"": 0, ""pyro1_state"": 0, ""pyro2_state"": 0}"
1768315476.31183,2026-01-13T17:44:36.311830,2710,0,0,-0.38,0.1,0.89,-22.15,6.66,-9.36,-2.77,-3.84,0,0,0,234860,853.06,27.37,-1.21,0,0,0,0,-87,-1.21,-2.49,BEACON,"{""record_number"": 2710, ""operation_mode"": 0, ""state"": 0, ""battery_voltage"": 0, ""wifi_rssi"": -87, ""acc_data"": {""ax"": -0.38, ""ay"": 0.1, ""az"": 0.89, ""pitch"": -22.15, ""roll"": 6.66}, ""gyro_data"": {""gx"": -9.36, ""gy"": -2.77, ""gz"": -3.84}, ""gps_data"": {""latitude"": 0, ""longitude"": 0, ""gps_altitude"": 0, ""time"": 234860}, ""alt_data"": {""pressure"": 853.06, ""temperature"": 27.37, ""AGL"": -1.21, ""velocity"": 0, ""kalman_altitude"": -1.21, ""kalman_vertical_velocity"": -2.49}, ""chute_state"": {""pyro1_state"": 0, ""pyro2_state"": 0}, ""connection_status"": {""connected"": true, ""has_ever_connected"": true, ""packet_age_ms"": 0, ""timeout_exceeded"": false, ""rssi"": -87}, ""communication_mode"": ""BEACON"", ""timestamp"": 119742, ""packets_received"": 285, ""kalman_data"": {""altitude"": -1.21, ""vertical_velocity"": -2.49}, ""kalman_altitude"": -1.21, ""kalman_vertical_velocity"": -2.49, ""pyroDrogue"": 0, ""pyroMain"": 0, ""pyro1_state"": 0, ""pyro2_state"": 0}"
1768315476.634511,2026-01-13T17:44:36.634511,2711,0,0,-0.38,0.1,0.88,-22.49,6.75,-9.15,-2.93,-2.9,0,0,0,234860,853.07,27.36,-1.27,0,0,0,0,-88,-1.26,-2.51,BEACON,"{""record_number"": 2711, ""operation_mode"": 0, ""state"": 0, ""battery_voltage"": 0, ""wifi_rssi"": -88, ""acc_data"": {""ax"": -0.38, ""ay"": 0.1, ""az"": 0.88, ""pitch"": -22.49, ""roll"": 6.75}, ""gyro_data"": {""gx"": -9.15, ""gy"": -2.93, ""gz"": -2.9}, ""gps_data"": {""latitude"": 0, ""longitude"": 0, ""gps_altitude"": 0, ""time"": 234860}, ""alt_data"": {""pressure"": 853.07, ""temperature"": 27.36, ""AGL"": -1.27, ""velocity"": 0, ""kalman_altitude"": -1.26, ""kalman_vertical_velocity"": -2.51}, ""chute_state"": {""pyro1_state"": 0, ""pyro2_state"": 0}, ""connection_status"": {""connected"": true, ""has_ever_connected"": true, ""packet_age_ms"": 0, ""timeout_exceeded"": false, ""rssi"": -88}, ""communication_mode"": ""BEACON"", ""timestamp"": 119853, ""packets_received"": 286, ""kalman_data"": {""altitude"": -1.26, ""vertical_velocity"": -2.51}, ""kalman_altitude"": -1.26, ""kalman_vertical_velocity"": -2.51, ""pyroDrogue"": 0, ""pyroMain"": 0, ""pyro1_state"": 0, ""pyro2_state"": 0}"
1768315477.058942,2026-01-13T17:44:37.058942,2712,0,0,-0.38,0.1,0.89,-22.34,6.84,-8.87,-3.45,-4.42,0,0,0,235060,853.03,27.35,-0.82,0,0,0,0,-88,-0.83,-2.43,BEACON,"{""record_number"": 2712, ""operation_mode"": 0, ""state"": 0, ""battery_voltage"": 0, ""wifi_rssi"": -88, ""acc_data"": {""ax"": -0.38, ""ay"": 0.1, ""az"": 0.89, ""pitch"": -22.34, ""roll"": 6.84}, ""gyro_data"": {""gx"": -8.87, ""gy"": -3.45, ""gz"": -4.42}, ""gps_data"": {""latitude"": 0, ""longitude"": 0, ""gps_altitude"": 0, ""time"": 235060}, ""alt_data"": {""pressure"": 853.03, ""temperature"": 27.35, ""AGL"": -0.82, ""velocity"": 0, ""kalman_altitude"": -0.83, ""kalman_vertical_velocity"": -2.43}, ""chute_state"": {""pyro1_state"": 0, ""pyro2_state"": 0}, ""connection_status"": {""connected"": true, ""has_ever_connected"": true, ""packet_age_ms"": 0, ""timeout_exceeded"": false, ""rssi"": -88}, ""communication_mode"": ""BEACON"", ""timestamp"": 119966, ""packets_received"": 287, ""kalman_data"": {""altitude"": -0.83, ""vertical_velocity"": -2.43}, ""kalman_altitude"": -0.83, ""kalman_vertical_velocity"": -2.43, ""pyroDrogue"": 0, ""pyroMain"": 0, ""pyro1_state"": 0, ""pyro2_state"": 0}"
1768315477.549294,2026-01-13T17:44:37.549294,2714,0,0,-0.38,0.11,0.88,-22.64,6.97,-9.36,-3.14,-3.51,0,0,0,235260,853.06,27.36,-1.19,0,0,0,0,-86,-1.19,-2.49,BEACON,"{""record_number"": 2714, ""operation_mode"": 0, ""state"": 0, ""battery_voltage"": 0, ""wifi_rssi"": -86, ""acc_data"": {""ax"": -0.38, ""ay"": 0.11, ""az"": 0.88, ""pitch"": -22.64, ""roll"": 6.97}, ""gyro_data"": {""gx"": -9.36, ""gy"": -3.14, ""gz"": -3.51}, ""gps_data"": {""latitude"": 0, ""longitude"": 0, ""gps_altitude"": 0, ""time"": 235260}, ""alt_data"": {""pressure"": 853.06, ""temperature"": 27.36, ""AGL"": -1.19, ""velocity"": 0, ""kalman_altitude"": -1.19, ""kalman_vertical_velocity"": -2.49}, ""chute_state"": {""pyro1_state"": 0, ""pyro2_state"": 0}, ""connection_status"": {""connected"": true, ""has_ever_connected"": true, ""packet_age_ms"": 0, ""timeout_exceeded"": false, ""rssi"": -86}, ""communication_mode"": ""BEACON"", ""timestamp"": 120078, ""packets_received"": 288, ""kalman_data"": {""altitude"": -1.19, ""vertical_velocity"": -2.49}, ""kalman_altitude"": -1.19, ""kalman_vertical_velocity"": -2.49, ""pyroDrogue"": 0, ""pyroMain"": 0, ""pyro1_state"": 0, ""pyro2_state"": 0}"
1768315479.144125,2026-01-13T17:44:39.144125,2715,0,0,-0.39,0.1,0.88,-22.34,6.87,-9.33,-3.69,-4.21,0,0,0,235260,853.04,27.36,-1.01,0,0,0,0,-87,-1.01,-2.47,BEACON,"{""record_number"": 2715, ""operation_mode"": 0, ""state"": 0, ""battery_voltage"": 0, ""wifi_rssi"": -87, ""acc_data"": {""ax"": -0.39, ""ay"": 0.1, ""az"": 0.88, ""pitch"": -22.34, ""roll"": 6.87}, ""gyro_data"": {""gx"": -9.33, ""gy"": -3.69, ""gz"": -4.21}, ""gps_data"": {""latitude"": 0, ""longitude"": 0, ""gps_altitude"": 0, ""time"": 235260}, ""alt_data"": {""pressure"": 853.04, ""temperature"": 27.36, ""AGL"": -1.01, ""velocity"": 0, ""kalman_altitude"": -1.01, ""kalman_vertical_velocity"": -2.47}, ""chute_state"": {""pyro1_state"": 0, ""pyro2_state"": 0}, ""connection_status"": {""connected"": true, ""has_ever_connected"": true, ""packet_age_ms"": 0, ""timeout_exceeded"": false, ""rssi"": -87}, ""communication_mode"": ""BEACON"", ""timestamp"": 120189, ""packets_received"": 289, ""kalman_data"": {""altitude"": -1.01, ""vertical_velocity"": -2.47}, ""kalman_altitude"": -1.01, ""kalman_vertical_velocity"": -2.47, ""pyroDrogue"": 0, ""pyroMain"": 0, ""pyro1_state"": 0, ""pyro2_state"": 0}"
1768315479.931001,2026-01-13T17:44:39.931001,2716,0,0,-0.38,0.11,0.89,-22.4,6.67,-9.48,-3.54,-3.45,0,0,0,235459,853.05,27.36,-1.05,0,0,0,0,-87,-1.05,-2.47,BEACON,"{""record_number"": 2716, ""operation_mode"": 0, ""state"": 0, ""battery_voltage"": 0, ""wifi_rssi"": -87, ""acc_data"": {""ax"": -0.38, ""ay"": 0.11, ""az"": 0.89, ""pitch"": -22.4, ""roll"": 6.67}, ""gyro_data"": {""gx"": -9.48, ""gy"": -3.54, ""gz"": -3.45}, ""gps_data"": {""latitude"": 0, ""longitude"": 0, ""gps_altitude"": 0, ""time"": 235459}, ""alt_data"": {""pressure"": 853.05, ""temperature"": 27.36, ""AGL"": -1.05, ""velocity"": 0, ""kalman_altitude"": -1.05, ""kalman_vertical_velocity"": -2.47}, ""chute_state"": {""pyro1_state"": 0, ""pyro2_state"": 0}, ""connection_status"": {""connected"": true, ""has_ever_connected"": true, ""packet_age_ms"": 0, ""timeout_exceeded"": false, ""rssi"": -87}, ""communication_mode"": ""BEACON"", ""timestamp"": 120302, ""packets_received"": 290, ""kalman_data"": {""altitude"": -1.05, ""vertical_velocity"": -2.47}, ""kalman_altitude"": -1.05, ""kalman_vertical_velocity"": -2.47, ""pyroDrogue"": 0, ""pyroMain"": 0, ""pyro1_state"": 0, ""pyro2_state"": 0}"
1768315480.19458,2026-01-13T17:44:40.194580,2718,0,0,-0.39,0.1,0.89,-22.61,6.7,-8.78,-3.54,-3.87,0,0,0,235459,853.1,27.36,-1.58,0,0,0,0,-87,-1.58,-2.56,BEACON,"{""record_number"": 2718, ""operation_mode"": 0, ""state"": 0, ""battery_voltage"": 0, ""wifi_rssi"": -87, ""acc_data"": {""ax"": -0.39, ""ay"": 0.1, ""az"": 0.89, ""pitch"": -22.61, ""roll"": 6.7}, ""gyro_data"": {""gx"": -8.78, ""gy"": -3.54, ""gz"": -3.87}, ""gps_data"": {""latitude"": 0, ""longitude"": 0, ""gps_altitude"": 0, ""time"": 235459}, ""alt_data"": {""pressure"": 853.1, ""temperature"": 27.36, ""AGL"": -1.58, ""velocity"": 0, ""kalman_altitude"": -1.58, ""kalman_vertical_velocity"": -2.56}, ""chute_state"": {""pyro1_state"": 0, ""pyro2_state"": 0}, ""connection_status"": {""connected"": true, ""has_ever_connected"": true, ""packet_age_ms"": 0, ""timeout_exceeded"": false, ""rssi"": -87}, ""communication_mode"": ""BEACON"", ""timestamp"": 120418, ""packets_received"": 291, ""kalman_data"": {""altitude"": -1.58, ""vertical_velocity"": -2.56}, ""kalman_altitude"": -1.58, ""kalman_vertical_velocity"": -2.56, ""pyroDrogue"": 0, ""pyroMain"": 0, ""pyro1_state"": 0, ""pyro2_state"": 0}"
1768315482.650754,2026-01-13T17:44:42.650754,2719,0,0,-0.38,0.11,0.88,-22.79,6.85,-9.33,-3.26,-3.81,0,0,0,235662,853.05,27.35,-1.07,0,0,0,0,-87,-1.08,-2.48,BEACON,"{""record_number"": 2719, ""operation_mode"": 0, ""state"": 0, ""battery_voltage"": 0, ""wifi_rssi"": -87, ""acc_data"": {""ax"": -0.38, ""ay"": 0.11, ""az"": 0.88, ""pitch"": -22.79, ""roll"": 6.85}, ""gyro_data"": {""gx"": -9.33, ""gy"": -3.26, ""gz"": -3.81}, ""gps_data"": {""latitude"": 0, ""longitude"": 0, ""gps_altitude"": 0, ""time"": 235662}, ""alt_data"": {""pressure"": 853.05, ""temperature"": 27.35, ""AGL"": -1.07, ""velocity"": 0, ""kalman_altitude"": -1.08, ""kalman_vertical_velocity"": -2.48}, ""chute_state"": {""pyro1_state"": 0, ""pyro2_state"": 0}, ""connection_status"": {""connected"": true, ""has_ever_connected"": true, ""packet_age_ms"": 0, ""timeout_exceeded"": false, ""rssi"": -87}, ""communication_mode"": ""BEACON"", ""timestamp"": 120530, ""packets_received"": 292, ""kalman_data"": {""altitude"": -1.08, ""vertical_velocity"": -2.48}, ""kalman_altitude"": -1.08, ""kalman_vertical_velocity"": -2.48, ""pyroDrogue"": 0, ""pyroMain"": 0, ""pyro1_state"": 0, ""pyro2_state"": 0}"
1768315487.201865,2026-01-13T17:44:47.201865,2720,0,0,-0.38,0.1,0.88,-22.46,6.93,-9.82,-3.05,-3.93,0,0,0,235662,853.03,27.34,-0.85,0,0,0,0,-87,-0.85,-2.45,BEACON,"{""record_number"": 2720, ""operation_mode"": 0, ""state"": 0, ""battery_voltage"": 0, ""wifi_rssi"": -87, ""acc_data"": {""ax"": -0.38, ""ay"": 0.1, ""az"": 0.88, ""pitch"": -22.46, ""roll"": 6.93}, ""gyro_data"": {""gx"": -9.82, ""gy"": -3.05, ""gz"": -3.93}, ""gps_data"": {""latitude"": 0, ""longitude"": 0, ""gps_altitude"": 0, ""time"": 235662}, ""alt_data"": {""pressure"": 853.03, ""temperature"": 27.34, ""AGL"": -0.85, ""velocity"": 0, ""kalman_altitude"": -0.85, ""kalman_vertical_velocity"": -2.45}, ""chute_state"": {""pyro1_state"": 0, ""pyro2_state"": 0}, ""connection_status"": {""connected"": true, ""has_ever_connected"": true, ""packet_age_ms"": 1, ""timeout_exceeded"": false, ""rssi"": -87}, ""communication_mode"": ""BEACON"", ""timestamp"": 120641, ""packets_received"": 293, ""kalman_data"": {""altitude"": -0.85, ""vertical_velocity"": -2.45}, ""kalman_altitude"": -0.85, ""kalman_vertical_velocity"": -2.45, ""pyroDrogue"": 0, ""pyroMain"": 0, ""pyro1_state"": 0, ""pyro2_state"": 0}"
1768315489.119038,2026-01-13T17:44:49.119038,2721,0,0,-0.39,0.11,0.89,-22.55,7.05,-8.72,-3.35,-2.99,0,0,0,235865,853.07,27.35,-1.25,0,0,0,0,-86,-1.25,-2.51,BEACON,"{""record_number"": 2721, ""operation_mode"": 0, ""state"": 0, ""battery_voltage"": 0, ""wifi_rssi"": -86, ""acc_data"": {""ax"": -0.39, ""ay"": 0.11, ""az"": 0.89, ""pitch"": -22.55, ""roll"": 7.05}, ""gyro_data"": {""gx"": -8.72, ""gy"": -3.35, ""gz"": -2.99}, ""gps_data"": {""latitude"": 0, ""longitude"": 0, ""gps_altitude"": 0, ""time"": 235865}, ""alt_data"": {""pressure"": 853.07, ""temperature"": 27.35, ""AGL"": -1.25, ""velocity"": 0, ""kalman_altitude"": -1.25, ""kalman_vertical_velocity"": -2.51}, ""chute_state"": {""pyro1_state"": 0, ""pyro2_state"": 0}, ""connection_status"": {""connected"": true, ""has_ever_connected"": true, ""packet_age_ms"": 0, ""timeout_exceeded"": false, ""rssi"": -86}, ""communication_mode"": ""BEACON"", ""timestamp"": 120753, ""packets_received"": 294, ""kalman_data"": {""altitude"": -1.25, ""vertical_velocity"": -2.51}, ""kalman_altitude"": -1.25, ""kalman_vertical_velocity"": -2.51, ""pyroDrogue"": 0, ""pyroMain"": 0, ""pyro1_state"": 0, ""pyro2_state"": 0}"
1768315489.408186,2026-01-13T17:44:49.408186,2724,0,0,-0.38,0.11,0.88,-22.49,6.69,-8.93,-4.21,-3.51,0,0,0,236064,853.09,27.35,-1.47,0,0,0,0,-89,-1.47,-2.55,BEACON,"{""record_number"": 2724, ""operation_mode"": 0, ""state"": 0, ""battery_voltage"": 0, ""wifi_rssi"": -89, ""acc_data"": {""ax"": -0.38, ""ay"": 0.11, ""az"": 0.88, ""pitch"": -22.49, ""roll"": 6.69}, ""gyro_data"": {""gx"": -8.93, ""gy"": -4.21, ""gz"": -3.51}, ""gps_data"": {""latitude"": 0, ""longitude"": 0, ""gps_altitude"": 0, ""time"": 236064}, ""alt_data"": {""pressure"": 853.09, ""temperature"": 27.35, ""AGL"": -1.47, ""velocity"": 0, ""kalman_altitude"": -1.47, ""kalman_vertical_velocity"": -2.55}, ""chute_state"": {""pyro1_state"": 0, ""pyro2_state"": 0}, ""connection_status"": {""connected"": true, ""has_ever_connected"": true, ""packet_age_ms"": 0, ""timeout_exceeded"": false, ""rssi"": -89}, ""communication_mode"": ""BEACON"", ""timestamp"": 120977, ""packets_received"": 295, ""kalman_data"": {""altitude"": -1.47, ""vertical_velocity"": -2.55}, ""kalman_altitude"": -1.47, ""kalman_vertical_velocity"": -2.55, ""pyroDrogue"": 0, ""pyroMain"": 0, ""pyro1_state"": 0, ""pyro2_state"": 0}"
1768315489.599779,2026-01-13T17:44:49.599779,2725,0,0,-0.38,0.11,0.89,-22.49,6.57,-9.57,-2.62,-4.02,0,0,0,236265,853.03,27.34,-0.85,0,0,0,0,-87,-0.86,-2.45,BEACON,"{""record_number"": 2725, ""operation_mode"": 0, ""state"": 0, ""battery_voltage"": 0, ""wifi_rssi"": -87, ""acc_data"": {""ax"": -0.38, ""ay"": 0.11, ""az"": 0.89, ""pitch"": -22.49, ""roll"": 6.57}, ""gyro_data"": {""gx"": -9.57, ""gy"": -2.62, ""gz"": -4.02}, ""gps_data"": {""latitude"": 0, ""longitude"": 0, ""gps_altitude"": 0, ""time"": 236265}, ""alt_data"": {""pressure"": 853.03, ""temperature"": 27.34, ""AGL"": -0.85, ""velocity"": 0, ""kalman_altitude"": -0.86, ""kalman_vertical_velocity"": -2.45}, ""chute_state"": {""pyro1_state"": 0, ""pyro2_state"": 0}, ""connection_status"": {""connected"": true, ""has_ever_connected"": true, ""packet_age_ms"": 0, ""timeout_exceeded"": false, ""rssi"": -87}, ""communication_mode"": ""BEACON"", ""timestamp"": 121089, ""packets_received"": 296, ""kalman_data"": {""altitude"": -0.86, ""vertical_velocity"": -2.45}, ""kalman_altitude"": -0.86, ""kalman_vertical_velocity"": -2.45, ""pyroDrogue"": 0, ""pyroMain"": 0, ""pyro1_state"": 0, ""pyro2_state"": 0}"
1768315489.733677,2026-01-13T17:44:49.733677,2727,0,0,-0.39,0.11,0.89,-23,6.42,-8.9,-2.99,-3.2,0,0,0,236265,853.06,27.35,-1.15,0,0,0,0,-87,-1.14,-2.5,BEACON,"{""record_number"": 2727, ""operation_mode"": 0, ""state"": 0, ""battery_voltage"": 0, ""wifi_rssi"": -87, ""acc_data"": {""ax"": -0.39, ""ay"": 0.11, ""az"": 0.89, ""pitch"": -23, ""roll"": 6.42}, ""gyro_data"": {""gx"": -8.9, ""gy"": -2.99, ""gz"": -3.2}, ""gps_data"": {""latitude"": 0, ""longitude"": 0, ""gps_altitude"": 0, ""time"": 236265}, ""alt_data"": {""pressure"": 853.06, ""temperature"": 27.35, ""AGL"": -1.15, ""velocity"": 0, ""kalman_altitude"": -1.14, ""kalman_vertical_velocity"": -2.5}, ""chute_state"": {""pyro1_state"": 0, ""pyro2_state"": 0}, ""connection_status"": {""connected"": true, ""has_ever_connected"": true, ""packet_age_ms"": 0, ""timeout_exceeded"": false, ""rssi"": -87}, ""communication_mode"": ""BEACON"", ""timestamp"": 121202, ""packets_received"": 297, ""kalman_data"": {""altitude"": -1.14, ""vertical_velocity"": -2.5}, ""kalman_altitude"": -1.14, ""kalman_vertical_velocity"": -2.5, ""pyroDrogue"": 0, ""pyroMain"": 0, ""pyro1_state"": 0, ""pyro2_state"": 0}"
1768315490.169416,2026-01-13T17:44:50.169416,2728,0,0,-0.38,0.11,0.89,-22.73,6.87,-9.36,-2.59,-3.81,0,0,0,236464,853.05,27.33,-1.05,0,0,0,0,-88,-1.06,-2.49,BEACON,"{""record_number"": 2728, ""operation_mode"": 0, ""state"": 0, ""battery_voltage"": 0, ""wifi_rssi"": -88, ""acc_data"": {""ax"": -0.38, ""ay"": 0.11, ""az"": 0.89, ""pitch"": -22.73, ""roll"": 6.87}, ""gyro_data"": {""gx"": -9.36, ""gy"": -2.59, ""gz"": -3.81}, ""gps_data"": {""latitude"": 0, ""longitude"": 0, ""gps_altitude"": 0, ""time"": 236464}, ""alt_data"": {""pressure"": 853.05, ""temperature"": 27.33, ""AGL"": -1.05, ""velocity"": 0, ""kalman_altitude"": -1.06, ""kalman_vertical_velocity"": -2.49}, ""chute_state"": {""pyro1_state"": 0, ""pyro2_state"": 0}, ""connection_status"": {""connected"": true, ""has_ever_connected"": true, ""packet_age_ms"": 0, ""timeout_exceeded"": false, ""rssi"": -88}, ""communication_mode"": ""BEACON"", ""timestamp"": 121315, ""packets_received"": 298, ""kalman_data"": {""altitude"": -1.06, ""vertical_velocity"": -2.49}, ""kalman_altitude"": -1.06, ""kalman_vertical_velocity"": -2.49, ""pyroDrogue"": 0, ""pyroMain"": 0, ""pyro1_state"": 0, ""pyro2_state"": 0}"
1768315490.36984,2026-01-13T17:44:50.369840,2729,0,0,-0.39,0.1,0.89,-22.67,6.35,-9.63,-2.93,-4.15,0,0,0,236464,853.01,27.35,-0.64,0,0,0,0,-87,-0.65,-2.42,BEACON,"{""record_number"": 2729, ""operation_mode"": 0, ""state"": 0, ""battery_voltage"": 0, ""wifi_rssi"": -87, ""acc_data"": {""ax"": -0.39, ""ay"": 0.1, ""az"": 0.89, ""pitch"": -22.67, ""roll"": 6.35}, ""gyro_data"": {""gx"": -9.63, ""gy"": -2.93, ""gz"": -4.15}, ""gps_data"": {""latitude"": 0, ""longitude"": 0, ""gps_altitude"": 0, ""time"": 236464}, ""alt_data"": {""pressure"": 853.01, ""temperature"": 27.35, ""AGL"": -0.64, ""velocity"": 0, ""kalman_altitude"": -0.65, ""kalman_vertical_velocity"": -2.42}, ""chute_state"": {""pyro1_state"": 0, ""pyro2_state"": 0}, ""connection_status"": {""connected"": true, ""has_ever_connected"": true, ""packet_age_ms"": 0, ""timeout_exceeded"": false, ""rssi"": -87}, ""communication_mode"": ""BEACON"", ""timestamp"": 121428, ""packets_received"": 299, ""kalman_data"": {""altitude"": -0.65, ""vertical_velocity"": -2.42}, ""kalman_altitude"": -0.65, ""kalman_vertical_velocity"": -2.42, ""pyroDrogue"": 0, ""pyroMain"": 0, ""pyro1_state"": 0, ""pyro2_state"": 0}"
1768315490.429393,2026-01-13T17:44:50.429393,2731,0,0,-0.39,0.11,0.89,-22.7,6.83,-9.45,-2.96,-3.6,0,0,0,236668,853.02,27.34,-0.75,0,0,0,0,-87,-0.74,-2.44,BEACON,"{""record_number"": 2731, ""operation_mode"": 0, ""state"": 0, ""battery_voltage"": 0, ""wifi_rssi"": -87, ""acc_data"": {""ax"": -0.39, ""ay"": 0.11, ""az"": 0.89, ""pitch"": -22.7, ""roll"": 6.83}, ""gyro_data"": {""gx"": -9.45, ""gy"": -2.96, ""gz"": -3.6}, ""gps_data"": {""latitude"": 0, ""longitude"": 0, ""gps_altitude"": 0, ""time"": 236668}, ""alt_data"": {""pressure"": 853.02, ""temperature"": 27.34, ""AGL"": -0.75, ""velocity"": 0, ""kalman_altitude"": -0.74, ""kalman_vertical_velocity"": -2.44}, ""chute_state"": {""pyro1_state"": 0, ""pyro2_state"": 0}, ""connection_status"": {""connected"": true, ""has_ever_connected"": true, ""packet_age_ms"": 0, ""timeout_exceeded"": false, ""rssi"": -87}, ""communication_mode"": ""BEACON"", ""timestamp"": 121541, ""packets_received"": 300, ""kalman_data"": {""altitude"": -0.74, ""vertical_velocity"": -2.44}, ""kalman_altitude"": -0.74, ""kalman_vertical_velocity"": -2.44, ""pyroDrogue"": 0, ""pyroMain"": 0, ""pyro1_state"": 0, ""pyro2_state"": 0}"
1768315490.519974,2026-01-13T17:44:50.519974,2732,0,0,-0.38,0.1,0.89,-22.79,7.05,-8.87,-3.54,-4.12,0,0,0,236668,853.07,27.36,-1.26,0,0,0,0,-87,-1.26,-2.52,BEACON,"{""record_number"": 2732, ""operation_mode"": 0, ""state"": 0, ""battery_voltage"": 0, ""wifi_rssi"": -87, ""acc_data"": {""ax"": -0.38, ""ay"": 0.1, ""az"": 0.89, ""pitch"": -22.79, ""roll"": 7.05}, ""gyro_data"": {""gx"": -8.87, ""gy"": -3.54, ""gz"": -4.12}, ""gps_data"": {""latitude"": 0, ""longitude"": 0, ""gps_altitude"": 0, ""time"": 236668}, ""alt_data"": {""pressure"": 853.07, ""temperature"": 27.36, ""AGL"": -1.26, ""velocity"": 0, ""kalman_altitude"": -1.26, ""kalman_vertical_velocity"": -2.52}, ""chute_state"": {""pyro1_state"": 0, ""pyro2_state"": 0}, ""connection_status"": {""connected"": true, ""has_ever_connected"": true, ""packet_age_ms"": 0, ""timeout_exceeded"": false, ""rssi"": -87}, ""communication_mode"": ""BEACON"", ""timestamp"": 121654, ""packets_received"": 301, ""kalman_data"": {""altitude"": -1.26, ""vertical_velocity"": -2.52}, ""kalman_altitude"": -1.26, ""kalman_vertical_velocity"": -2.52, ""pyroDrogue"": 0, ""pyroMain"": 0, ""pyro1_state"": 0, ""pyro2_state"": 0}"
1768315490.595977,2026-01-13T17:44:50.595977,2733,0,0,-0.38,0.1,0.89,-22.55,6.78,-9.3,-2.99,-3.26,0,0,0,236870,853.09,27.35,-1.43,0,0,0,0,-88,-1.43,-2.55,BEACON,"{""record_number"": 2733, ""operation_mode"": 0, ""state"": 0, ""battery_voltage"": 0, ""wifi_rssi"": -88, ""acc_data"": {""ax"": -0.38, ""ay"": 0.1, ""az"": 0.89, ""pitch"": -22.55, ""roll"": 6.78}, ""gyro_data"": {""gx"": -9.3, ""gy"": -2.99, ""gz"": -3.26}, ""gps_data"": {""latitude"": 0, ""longitude"": 0, ""gps_altitude"": 0, ""time"": 236870}, ""alt_data"": {""pressure"": 853.09, ""temperature"": 27.35, ""AGL"": -1.43, ""velocity"": 0, ""kalman_altitude"": -1.43, ""kalman_vertical_velocity"": -2.55}, ""chute_state"": {""pyro1_state"": 0, ""pyro2_state"": 0}, ""connection_status"": {""connected"": true, ""has_ever_connected"": true, ""packet_age_ms"": 0, ""timeout_exceeded"": false, ""rssi"": -88}, ""communication_mode"": ""BEACON"", ""timestamp"": 121770, ""packets_received"": 302, ""kalman_data"": {""altitude"": -1.43, ""vertical_velocity"": -2.55}, ""kalman_altitude"": -1.43, ""kalman_vertical_velocity"": -2.55, ""pyroDrogue"": 0, ""pyroMain"": 0, ""pyro1_state"": 0, ""pyro2_state"": 0}"
1768315490.662974,2026-01-13T17:44:50.662974,2735,0,0,-0.38,0.11,0.88,-22.55,6.79,-9.57,-3.69,-3.14,0,0,0,237069,853.02,27.33,-0.77,0,0,0,0,-87,-0.77,-2.45,BEACON,"{""record_number"": 2735, ""operation_mode"": 0, ""state"": 0, ""battery_voltage"": 0, ""wifi_rssi"": -87, ""acc_data"": {""ax"": -0.38, ""ay"": 0.11, ""az"": 0.88, ""pitch"": -22.55, ""roll"": 6.79}, ""gyro_data"": {""gx"": -9.57, ""gy"": -3.69, ""gz"": -3.14}, ""gps_data"": {""latitude"": 0, ""longitude"": 0, ""gps_altitude"": 0, ""time"": 237069}, ""alt_data"": {""pressure"": 853.02, ""temperature"": 27.33, ""AGL"": -0.77, ""velocity"": 0, ""kalman_altitude"": -0.77, ""kalman_vertical_velocity"": -2.45}, ""chute_state"": {""pyro1_state"": 0, ""pyro2_state"": 0}, ""connection_status"": {""connected"": true, ""has_ever_connected"": true, ""packet_age_ms"": 0, ""timeout_exceeded"": false, ""rssi"": -87}, ""communication_mode"": ""BEACON"", ""timestamp"": 121878, ""packets_received"": 303, ""kalman_data"": {""altitude"": -0.77, ""vertical_velocity"": -2.45}, ""kalman_altitude"": -0.77, ""kalman_vertical_velocity"": -2.45, ""pyroDrogue"": 0, ""pyroMain"": 0, ""pyro1_state"": 0, ""pyro2_state"": 0}"
1768315490.795693,2026-01-13T17:44:50.795693,2736,0,0,-0.38,0.11,0.89,-22.31,6.68,-9.05,-2.53,-3.48,0,0,0,237069,853.11,27.36,-1.65,0,0,0,0,-87,-1.65,-2.59,BEACON,"{""record_number"": 2736, ""operation_mode"": 0, ""state"": 0, ""battery_voltage"": 0, ""wifi_rssi"": -87, ""acc_data"": {""ax"": -0.38, ""ay"": 0.11, ""az"": 0.89, ""pitch"": -22.31, ""roll"": 6.68}, ""gyro_data"": {""gx"": -9.05, ""gy"": -2.53, ""gz"": -3.48}, ""gps_data"": {""latitude"": 0, ""longitude"": 0, ""gps_altitude"": 0, ""time"": 237069}, ""alt_data"": {""pressure"": 853.11, ""temperature"": 27.36, ""AGL"": -1.65, ""velocity"": 0, ""kalman_altitude"": -1.65, ""kalman_vertical_velocity"": -2.59}, ""chute_state"": {""pyro1_state"": 0, ""pyro2_state"": 0}, ""connection_status"": {""connected"": true, ""has_ever_connected"": true, ""packet_age_ms"": 0, ""timeout_exceeded"": false, ""rssi"": -87}, ""communication_mode"": ""BEACON"", ""timestamp"": 121991, ""packets_received"": 304, ""kalman_data"": {""altitude"": -1.65, ""vertical_velocity"": -2.59}, ""kalman_altitude"": -1.65, ""kalman_vertical_velocity"": -2.59, ""pyroDrogue"": 0, ""pyroMain"": 0, ""pyro1_state"": 0, ""pyro2_state"": 0}"
1768315490.848935,2026-01-13T17:44:50.848935,2737,0,0,-0.38,0.1,0.88,-22.31,6.65,-9.12,-2.47,-4.05,0,0,0,237269,853.05,27.35,-1.11,0,0,0,0,-87,-1.11,-2.5,BEACON,"{""record_number"": 2737, ""operation_mode"": 0, ""state"": 0, ""battery_voltage"": 0, ""wifi_rssi"": -87, ""acc_data"": {""ax"": -0.38, ""ay"": 0.1, ""az"": 0.88, ""pitch"": -22.31, ""roll"": 6.65}, ""gyro_data"": {""gx"": -9.12, ""gy"": -2.47, ""gz"": -4.05}, ""gps_data"": {""latitude"": 0, ""longitude"": 0, ""gps_altitude"": 0, ""time"": 237269}, ""alt_data"": {""pressure"": 853.05, ""temperature"": 27.35, ""AGL"": -1.11, ""velocity"": 0, ""kalman_altitude"": -1.11, ""kalman_vertical_velocity"": -2.5}, ""chute_state"": {""pyro1_state"": 0, ""pyro2_state"": 0}, ""connection_status"": {""connected"": true, ""has_ever_connected"": true, ""packet_age_ms"": 0, ""timeout_exceeded"": false, ""rssi"": -87}, ""communication_mode"": ""BEACON"", ""timestamp"": 122104, ""packets_received"": 305, ""kalman_data"": {""altitude"": -1.11, ""vertical_velocity"": -2.5}, ""kalman_altitude"": -1.11, ""kalman_vertical_velocity"": -2.5, ""pyroDrogue"": 0, ""pyroMain"": 0, ""pyro1_state"": 0, ""pyro2_state"": 0}"
1768315490.936147,2026-01-13T17:44:50.936147,2739,0,0,-0.38,0.1,0.88,-22,6.96,-9.39,-3.02,-3.08,0,0,0,237269,853.11,27.36,-1.62,0,0,0,0,-88,-1.61,-2.58,BEACON,"{""record_number"": 2739, ""operation_mode"": 0, ""state"": 0, ""battery_voltage"": 0, ""wifi_rssi"": -88, ""acc_data"": {""ax"": -0.38, ""ay"": 0.1, ""az"": 0.88, ""pitch"": -22, ""roll"": 6.96}, ""gyro_data"": {""gx"": -9.39, ""gy"": -3.02, ""gz"": -3.08}, ""gps_data"": {""latitude"": 0, ""longitude"": 0, ""gps_altitude"": 0, ""time"": 237269}, ""alt_data"": {""pressure"": 853.11, ""temperature"": 27.36, ""AGL"": -1.62, ""velocity"": 0, ""kalman_altitude"": -1.61, ""kalman_vertical_velocity"": -2.58}, ""chute_state"": {""pyro1_state"": 0, ""pyro2_state"": 0}, ""connection_status"": {""connected"": true, ""has_ever_connected"": true, ""packet_age_ms"": 0, ""timeout_exceeded"": false, ""rssi"": -88}, ""communication_mode"": ""BEACON"", ""timestamp"": 122216, ""packets_received"": 306, ""kalman_data"": {""altitude"": -1.61, ""vertical_velocity"": -2.58}, ""kalman_altitude"": -1.61, ""kalman_vertical_velocity"": -2.58, ""pyroDrogue"": 0, ""pyroMain"": 0, ""pyro1_state"": 0, ""pyro2_state"": 0}"
1768315491.077125,2026-01-13T17:44:51.077125,2740,0,0,-0.39,0.1,0.88,-22.79,6.83,-8.84,-3.38,-2.77,0,0,0,237470,853.05,27.34,-1.1,0,0,0,0,-87,-1.11,-2.5,BEACON,"{""record_number"": 2740, ""operation_mode"": 0, ""state"": 0, ""battery_voltage"": 0, ""wifi_rssi"": -87, ""acc_data"": {""ax"": -0.39, ""ay"": 0.1, ""az"": 0.88, ""pitch"": -22.79, ""roll"": 6.83}, ""gyro_data"": {""gx"": -8.84, ""gy"": -3.38, ""gz"": -2.77}, ""gps_data"": {""latitude"": 0, ""longitude"": 0, ""gps_altitude"": 0, ""time"": 237470}, ""alt_data"": {""pressure"": 853.05, ""temperature"": 27.34, ""AGL"": -1.1, ""velocity"": 0, ""kalman_altitude"": -1.11, ""kalman_vertical_velocity"": -2.5}, ""chute_state"": {""pyro1_state"": 0, ""pyro2_state"": 0}, ""connection_status"": {""connected"": true, ""has_ever_connected"": true, ""packet_age_ms"": 0, ""timeout_exceeded"": false, ""rssi"": -87}, ""communication_mode"": ""BEACON"", ""timestamp"": 122332, ""packets_received"": 307, ""kalman_data"": {""altitude"": -1.11, ""vertical_velocity"": -2.5}, ""kalman_altitude"": -1.11, ""kalman_vertical_velocity"": -2.5, ""pyroDrogue"": 0, ""pyroMain"": 0, ""pyro1_state"": 0, ""pyro2_state"": 0}"
1768315491.136127,2026-01-13T17:44:51.136127,2741,0,0,-0.39,0.11,0.89,-22.61,7.17,-9.51,-2.74,-4.33,0,0,0,237470,853.08,27.35,-1.36,0,0,0,0,-86,-1.36,-2.55,BEACON,"{""record_number"": 2741, ""operation_mode"": 0, ""state"": 0, ""battery_voltage"": 0, ""wifi_rssi"": -86, ""acc_data"": {""ax"": -0.39, ""ay"": 0.11, ""az"": 0.89, ""pitch"": -22.61, ""roll"": 7.17}, ""gyro_data"": {""gx"": -9.51, ""gy"": -2.74, ""gz"": -4.33}, ""gps_data"": {""latitude"": 0, ""longitude"": 0, ""gps_altitude"": 0, ""time"": 237470}, ""alt_data"": {""pressure"": 853.08, ""temperature"": 27.35, ""AGL"": -1.36, ""velocity"": 0, ""kalman_altitude"": -1.36, ""kalman_vertical_velocity"": -2.55}, ""chute_state"": {""pyro1_state"": 0, ""pyro2_state"": 0}, ""connection_status"": {""connected"": true, ""has_ever_connected"": true, ""packet_age_ms"": 1, ""timeout_exceeded"": false, ""rssi"": -86}, ""communication_mode"": ""BEACON"", ""timestamp"": 122443, ""packets_received"": 308, ""kalman_data"": {""altitude"": -1.36, ""vertical_velocity"": -2.55}, ""kalman_altitude"": -1.36, ""kalman_vertical_velocity"": -2.55, ""pyroDrogue"": 0, ""pyroMain"": 0, ""pyro1_state"": 0, ""pyro2_state"": 0}"
1768315491.248123,2026-01-13T17:44:51.248123,2888,0,0,-0.38,0.11,0.89,-22.55,6.98,-8.81,-2.71,-3.57,0,0,0,250138,853.09,27.37,-1.5,0,0,0,0,-90,-1.5,-2.69,BEACON,"{""record_number"": 2888, ""operation_mode"": 0, ""state"": 0, ""battery_voltage"": 0, ""wifi_rssi"": -90, ""acc_data"": {""ax"": -0.38, ""ay"": 0.11, ""az"": 0.89, ""pitch"": -22.55, ""roll"": 6.98}, ""gyro_data"": {""gx"": -8.81, ""gy"": -2.71, ""gz"": -3.57}, ""gps_data"": {""latitude"": 0, ""longitude"": 0, ""gps_altitude"": 0, ""time"": 250138}, ""alt_data"": {""pressure"": 853.09, ""temperature"": 27.37, ""AGL"": -1.5, ""velocity"": 0, ""kalman_altitude"": -1.5, ""kalman_vertical_velocity"": -2.69}, ""chute_state"": {""pyro1_state"": 0, ""pyro2_state"": 0}, ""connection_status"": {""connected"": true, ""has_ever_connected"": true, ""packet_age_ms"": 0, ""timeout_exceeded"": false, ""rssi"": -90}, ""communication_mode"": ""BEACON"", ""timestamp"": 134953, ""packets_received"": 415, ""kalman_data"": {""altitude"": -1.5, ""vertical_velocity"": -2.69}, ""kalman_altitude"": -1.5, ""kalman_vertical_velocity"": -2.69, ""pyroDrogue"": 0, ""pyroMain"": 0, ""pyro1_state"": 0, ""pyro2_state"": 0}"
1768315491.314125,2026-01-13T17:44:51.314125,2889,0,0,-0.38,0.1,0.89,-22.61,6.55,-8.93,-3.57,-3.81,0,0,0,250138,853.12,27.37,-1.75,0,0,0,0,-88,-1.74,-2.73,BEACON,"{""record_number"": 2889, ""operation_mode"": 0, ""state"": 0, ""battery_voltage"": 0, ""wifi_rssi"": -88, ""acc_data"": {""ax"": -0.38, ""ay"": 0.1, ""az"": 0.89, ""pitch"": -22.61, ""roll"": 6.55}, ""gyro_data"": {""gx"": -8.93, ""gy"": -3.57, ""gz"": -3.81}, ""gps_data"": {""latitude"": 0, ""longitude"": 0, ""gps_altitude"": 0, ""time"": 250138}, ""alt_data"": {""pressure"": 853.12, ""temperature"": 27.37, ""AGL"": -1.75, ""velocity"": 0, ""kalman_altitude"": -1.74, ""kalman_vertical_velocity"": -2.73}, ""chute_state"": {""pyro1_state"": 0, ""pyro2_state"": 0}, ""connection_status"": {""connected"": true, ""has_ever_connected"": true, ""packet_age_ms"": 1, ""timeout_exceeded"": false, ""rssi"": -88}, ""communication_mode"": ""BEACON"", ""timestamp"": 135066, ""packets_received"": 416, ""kalman_data"": {""altitude"": -1.74, ""vertical_velocity"": -2.73}, ""kalman_altitude"": -1.74, ""kalman_vertical_velocity"": -2.73, ""pyroDrogue"": 0, ""pyroMain"": 0, ""pyro1_state"": 0, ""pyro2_state"": 0}"
1768315491.400604,2026-01-13T17:44:51.400604,2891,0,0,-0.39,0.1,0.88,-22.55,6.75,-8.99,-3.35,-3.69,0,0,0,250337,853.11,27.37,-1.64,0,0,0,0,-86,-1.64,-2.72,BEACON,"{""record_number"": 2891, ""operation_mode"": 0, ""state"": 0, ""battery_voltage"": 0, ""wifi_rssi"": -86, ""acc_data"": {""ax"": -0.39, ""ay"": 0.1, ""az"": 0.88, ""pitch"": -22.55, ""roll"": 6.75}, ""gyro_data"": {""gx"": -8.99, ""gy"": -3.35, ""gz"": -3.69}, ""gps_data"": {""latitude"": 0, ""longitude"": 0, ""gps_altitude"": 0, ""time"": 250337}, ""alt_data"": {""pressure"": 853.11, ""temperature"": 27.37, ""AGL"": -1.64, ""velocity"": 0, ""kalman_altitude"": -1.64, ""kalman_vertical_velocity"": -2.72}, ""chute_state"": {""pyro1_state"": 0, ""pyro2_state"": 0}, ""connection_status"": {""connected"": true, ""has_ever_connected"": true, ""packet_age_ms"": 0, ""timeout_exceeded"": false, ""rssi"": -86}, ""communication_mode"": ""BEACON"", ""timestamp"": 135181, ""packets_received"": 417, ""kalman_data"": {""altitude"": -1.64, ""vertical_velocity"": -2.72}, ""kalman_altitude"": -1.64, ""kalman_vertical_velocity"": -2.72, ""pyroDrogue"": 0, ""pyroMain"": 0, ""pyro1_state"": 0, ""pyro2_state"": 0}"
1768315491.464604,2026-01-13T17:44:51.464604,2892,0,0,-0.39,0.1,0.89,-22.43,6.88,-9.66,-3.6,-4.09,0,0,0,250337,853.1,27.37,-1.57,0,0,0,0,-87,-1.57,-2.71,BEACON,"{""record_number"": 2892, ""operation_mode"": 0, ""state"": 0, ""battery_voltage"": 0, ""wifi_rssi"": -87, ""acc_data"": {""ax"": -0.39, ""ay"": 0.1, ""az"": 0.89, ""pitch"": -22.43, ""roll"": 6.88}, ""gyro_data"": {""gx"": -9.66, ""gy"": -3.6, ""gz"": -4.09}, ""gps_data"": {""latitude"": 0, ""longitude"": 0, ""gps_altitude"": 0, ""time"": 250337}, ""alt_data"": {""pressure"": 853.1, ""temperature"": 27.37, ""AGL"": -1.57, ""velocity"": 0, ""kalman_altitude"": -1.57, ""kalman_vertical_velocity"": -2.71}, ""chute_state"": {""pyro1_state"": 0, ""pyro2_state"": 0}, ""connection_status"": {""connected"": true, ""has_ever_connected"": true, ""packet_age_ms"": 0, ""timeout_exceeded"": false, ""rssi"": -87}, ""communication_mode"": ""BEACON"", ""timestamp"": 135291, ""packets_received"": 418, ""kalman_data"": {""altitude"": -1.57, ""vertical_velocity"": -2.71}, ""kalman_altitude"": -1.57, ""kalman_vertical_velocity"": -2.71, ""pyroDrogue"": 0, ""pyroMain"": 0, ""pyro1_state"": 0, ""pyro2_state"": 0}"
1768315491.56056,2026-01-13T17:44:51.560560,2893,0,0,-0.39,0.1,0.88,-22.43,6.55,-8.84,-3.41,-3.84,0,0,0,250538,853.08,27.37,-1.32,0,0,0,0,-87,-1.32,-2.67,BEACON,"{""record_number"": 2893, ""operation_mode"": 0, ""state"": 0, ""battery_voltage"": 0, ""wifi_rssi"": -87, ""acc_data"": {""ax"": -0.39, ""ay"": 0.1, ""az"": 0.88, ""pitch"": -22.43, ""roll"": 6.55}, ""gyro_data"": {""gx"": -8.84, ""gy"": -3.41, ""gz"": -3.84}, ""gps_data"": {""latitude"": 0, ""longitude"": 0, ""gps_altitude"": 0, ""time"": 250538}, ""alt_data"": {""pressure"": 853.08, ""temperature"": 27.37, ""AGL"": -1.32, ""velocity"": 0, ""kalman_altitude"": -1.32, ""kalman_vertical_velocity"": -2.67}, ""chute_state"": {""pyro1_state"": 0, ""pyro2_state"": 0}, ""connection_status"": {""connected"": true, ""has_ever_connected"": true, ""packet_age_ms"": 0, ""timeout_exceeded"": false, ""rssi"": -87}, ""communication_mode"": ""BEACON"", ""timestamp"": 135404, ""packets_received"": 419, ""kalman_data"": {""altitude"": -1.32, ""vertical_velocity"": -2.67}, ""kalman_altitude"": -1.32, ""kalman_vertical_velocity"": -2.67, ""pyroDrogue"": 0, ""pyroMain"": 0, ""pyro1_state"": 0, ""pyro2_state"": 0}"
1768315491.659562,2026-01-13T17:44:51.659562,2895,0,0,-0.38,0.11,0.89,-22.7,6.84,-9.33,-4.12,-3.93,0,0,0,250538,853.09,27.37,-1.5,0,0,0,0,-88,-1.49,-2.7,BEACON,"{""record_number"": 2895, ""operation_mode"": 0, ""state"": 0, ""battery_voltage"": 0, ""wifi_rssi"": -88, ""acc_data"": {""ax"": -0.38, ""ay"": 0.11, ""az"": 0.89, ""pitch"": -22.7, ""roll"": 6.84}, ""gyro_data"": {""gx"": -9.33, ""gy"": -4.12, ""gz"": -3.93}, ""gps_data"": {""latitude"": 0, ""longitude"": 0, ""gps_altitude"": 0, ""time"": 250538}, ""alt_data"": {""pressure"": 853.09, ""temperature"": 27.37, ""AGL"": -1.5, ""velocity"": 0, ""kalman_altitude"": -1.49, ""kalman_vertical_velocity"": -2.7}, ""chute_state"": {""pyro1_state"": 0, ""pyro2_state"": 0}, ""connection_status"": {""connected"": true, ""has_ever_connected"": true, ""packet_age_ms"": 1, ""timeout_exceeded"": false, ""rssi"": -88}, ""communication_mode"": ""BEACON"", ""timestamp"": 135518, ""packets_received"": 420, ""kalman_data"": {""altitude"": -1.49, ""vertical_velocity"": -2.7}, ""kalman_altitude"": -1.49, ""kalman_vertical_velocity"": -2.7, ""pyroDrogue"": 0, ""pyroMain"": 0, ""pyro1_state"": 0, ""pyro2_state"": 0}"
1768315491.7666,2026-01-13T17:44:51.766600,2896,0,0,-0.38,0.1,0.88,-22.46,6.94,-8.9,-3.48,-3.72,0,0,0,250742,853.12,27.37,-1.75,0,0,0,0,-88,-1.74,-2.74,BEACON,"{""record_number"": 2896, ""operation_mode"": 0, ""state"": 0, ""battery_voltage"": 0, ""wifi_rssi"": -88, ""acc_data"": {""ax"": -0.38, ""ay"": 0.1, ""az"": 0.88, ""pitch"": -22.46, ""roll"": 6.94}, ""gyro_data"": {""gx"": -8.9, ""gy"": -3.48, ""gz"": -3.72}, ""gps_data"": {""latitude"": 0, ""longitude"": 0, ""gps_altitude"": 0, ""time"": 250742}, ""alt_data"": {""pressure"": 853.12, ""temperature"": 27.37, ""AGL"": -1.75, ""velocity"": 0, ""kalman_altitude"": -1.74, ""kalman_vertical_velocity"": -2.74}, ""chute_state"": {""pyro1_state"": 0, ""pyro2_state"": 0}, ""connection_status"": {""connected"": true, ""has_ever_connected"": true, ""packet_age_ms"": 0, ""timeout_exceeded"": false, ""rssi"": -88}, ""communication_mode"": ""BEACON"", ""timestamp"": 135630, ""packets_received"": 421, ""kalman_data"": {""altitude"": -1.74, ""vertical_velocity"": -2.74}, ""kalman_altitude"": -1.74, ""kalman_vertical_velocity"": -2.74, ""pyroDrogue"": 0, ""pyroMain"": 0, ""pyro1_state"": 0, ""pyro2_state"": 0}"
1768315491.979119,2026-01-13T17:44:51.979119,2899,0,0,-0.38,0.11,0.87,-22.76,6.38,-8.93,-3.63,-3.54,0,0,0,250942,853.09,27.38,-1.47,0,0,0,0,-86,-1.47,-2.7,BEACON,"{""record_number"": 2899, ""operation_mode"": 0, ""state"": 0, ""battery_voltage"": 0, ""wifi_rssi"": -86, ""acc_data"": {""ax"": -0.38, ""ay"": 0.11, ""az"": 0.87, ""pitch"": -22.76, ""roll"": 6.38}, ""gyro_data"": {""gx"": -8.93, ""gy"": -3.63, ""gz"": -3.54}, ""gps_data"": {""latitude"": 0, ""longitude"": 0, ""gps_altitude"": 0, ""time"": 250942}, ""alt_data"": {""pressure"": 853.09, ""temperature"": 27.38, ""AGL"": -1.47, ""velocity"": 0, ""kalman_altitude"": -1.47, ""kalman_vertical_velocity"": -2.7}, ""chute_state"": {""pyro1_state"": 0, ""pyro2_state"": 0}, ""connection_status"": {""connected"": true, ""has_ever_connected"": true, ""packet_age_ms"": 0, ""timeout_exceeded"": false, ""rssi"": -86}, ""communication_mode"": ""BEACON"", ""timestamp"": 135855, ""packets_received"": 422, ""kalman_data"": {""altitude"": -1.47, ""vertical_velocity"": -2.7}, ""kalman_altitude"": -1.47, ""kalman_vertical_velocity"": -2.7, ""pyroDrogue"": 0, ""pyroMain"": 0, ""pyro1_state"": 0, ""pyro2_state"": 0}"
1768315492.111822,2026-01-13T17:44:52.111822,2900,0,0,-0.38,0.1,0.88,-22.52,6.93,-9.42,-3.72,-3.51,0,0,0,251142,853.04,27.37,-0.99,0,0,0,0,-87,-1,-2.63,BEACON,"{""record_number"": 2900, ""operation_mode"": 0, ""state"": 0, ""battery_voltage"": 0, ""wifi_rssi"": -87, ""acc_data"": {""ax"": -0.38, ""ay"": 0.1, ""az"": 0.88, ""pitch"": -22.52, ""roll"": 6.93}, ""gyro_data"": {""gx"": -9.42, ""gy"": -3.72, ""gz"": -3.51}, ""gps_data"": {""latitude"": 0, ""longitude"": 0, ""gps_altitude"": 0, ""time"": 251142}, ""alt_data"": {""pressure"": 853.04, ""temperature"": 27.37, ""AGL"": -0.99, ""velocity"": 0, ""kalman_altitude"": -1, ""kalman_vertical_velocity"": -2.63}, ""chute_state"": {""pyro1_state"": 0, ""pyro2_state"": 0}, ""connection_status"": {""connected"": true, ""has_ever_connected"": true, ""packet_age_ms"": 0, ""timeout_exceeded"": false, ""rssi"": -87}, ""communication_mode"": ""BEACON"", ""timestamp"": 135967, ""packets_received"": 423, ""kalman_data"": {""altitude"": -1, ""vertical_velocity"": -2.63}, ""kalman_altitude"": -1, ""kalman_vertical_velocity"": -2.63, ""pyroDrogue"": 0, ""pyroMain"": 0, ""pyro1_state"": 0, ""pyro2_state"": 0}"
1768315492.200821,2026-01-13T17:44:52.200821,2901,0,0,-0.38,0.11,0.89,-22.21,6.8,-9.36,-3.23,-3.6,0,0,0,251142,853.1,27.39,-1.55,0,0,0,0,-87,-1.54,-2.71,BEACON,"{""record_number"": 2901, ""operation_mode"": 0, ""state"": 0, ""battery_voltage"": 0, ""wifi_rssi"": -87, ""acc_data"": {""ax"": -0.38, ""ay"": 0.11, ""az"": 0.89, ""pitch"": -22.21, ""roll"": 6.8}, ""gyro_data"": {""gx"": -9.36, ""gy"": -3.23, ""gz"": -3.6}, ""gps_data"": {""latitude"": 0, ""longitude"": 0, ""gps_altitude"": 0, ""time"": 251142}, ""alt_data"": {""pressure"": 853.1, ""temperature"": 27.39, ""AGL"": -1.55, ""velocity"": 0, ""kalman_altitude"": -1.54, ""kalman_vertical_velocity"": -2.71}, ""chute_state"": {""pyro1_state"": 0, ""pyro2_state"": 0}, ""connection_status"": {""connected"": true, ""has_ever_connected"": true, ""packet_age_ms"": 0, ""timeout_exceeded"": false, ""rssi"": -87}, ""communication_mode"": ""BEACON"", ""timestamp"": 136080, ""packets_received"": 424, ""kalman_data"": {""altitude"": -1.54, ""vertical_velocity"": -2.71}, ""kalman_altitude"": -1.54, ""kalman_vertical_velocity"": -2.71, ""pyroDrogue"": 0, ""pyroMain"": 0, ""pyro1_state"": 0, ""pyro2_state"": 0}"
1768315492.34382,2026-01-13T17:44:52.343820,2903,0,0,-0.38,0.11,0.89,-22.85,6.53,-8.57,-3.99,-4.05,0,0,0,251342,853.11,27.37,-1.67,0,0,0,0,-89,-1.67,-2.73,BEACON,"{""record_number"": 2903, ""operation_mode"": 0, ""state"": 0, ""battery_voltage"": 0, ""wifi_rssi"": -89, ""acc_data"": {""ax"": -0.38, ""ay"": 0.11, ""az"": 0.89, ""pitch"": -22.85, ""roll"": 6.53}, ""gyro_data"": {""gx"": -8.57, ""gy"": -3.99, ""gz"": -4.05}, ""gps_data"": {""latitude"": 0, ""longitude"": 0, ""gps_altitude"": 0, ""time"": 251342}, ""alt_data"": {""pressure"": 853.11, ""temperature"": 27.37, ""AGL"": -1.67, ""velocity"": 0, ""kalman_altitude"": -1.67, ""kalman_vertical_velocity"": -2.73}, ""chute_state"": {""pyro1_state"": 0, ""pyro2_state"": 0}, ""connection_status"": {""connected"": true, ""has_ever_connected"": true, ""packet_age_ms"": 0, ""timeout_exceeded"": false, ""rssi"": -89}, ""communication_mode"": ""BEACON"", ""timestamp"": 136193, ""packets_received"": 425, ""kalman_data"": {""altitude"": -1.67, ""vertical_velocity"": -2.73}, ""kalman_altitude"": -1.67, ""kalman_vertical_velocity"": -2.73, ""pyroDrogue"": 0, ""pyroMain"": 0, ""pyro1_state"": 0, ""pyro2_state"": 0}"
1768315492.462385,2026-01-13T17:44:52.462385,2904,0,0,-0.39,0.11,0.88,-22.34,7.02,-8.87,-4.45,-3.6,0,0,0,251342,853.12,27.37,-1.71,0,0,0,0,-87,-1.71,-2.74,BEACON,"{""record_number"": 2904, ""operation_mode"": 0, ""state"": 0, ""battery_voltage"": 0, ""wifi_rssi"": -87, ""acc_data"": {""ax"": -0.39, ""ay"": 0.11, ""az"": 0.88, ""pitch"": -22.34, ""roll"": 7.02}, ""gyro_data"": {""gx"": -8.87, ""gy"": -4.45, ""gz"": -3.6}, ""gps_data"": {""latitude"": 0, ""longitude"": 0, ""gps_altitude"": 0, ""time"": 251342}, ""alt_data"": {""pressure"": 853.12, ""temperature"": 27.37, ""AGL"": -1.71, ""velocity"": 0, ""kalman_altitude"": -1.71, ""kalman_vertical_velocity"": -2.74}, ""chute_state"": {""pyro1_state"": 0, ""pyro2_state"": 0}, ""connection_status"": {""connected"": true, ""has_ever_connected"": true, ""packet_age_ms"": 0, ""timeout_exceeded"": false, ""rssi"": -87}, ""communication_mode"": ""BEACON"", ""timestamp"": 136306, ""packets_received"": 426, ""kalman_data"": {""altitude"": -1.71, ""vertical_velocity"": -2.74}, ""kalman_altitude"": -1.71, ""kalman_vertical_velocity"": -2.74, ""pyroDrogue"": 0, ""pyroMain"": 0, ""pyro1_state"": 0, ""pyro2_state"": 0}"
1768315492.577198,2026-01-13T17:44:52.577198,2905,0,0,-0.39,0.1,0.89,-22.58,6.74,-9.05,-2.9,-3.54,0,0,0,251542,853.08,27.37,-1.39,0,0,0,0,-88,-1.39,-2.69,BEACON,"{""record_number"": 2905, ""operation_mode"": 0, ""state"": 0, ""battery_voltage"": 0, ""wifi_rssi"": -88, ""acc_data"": {""ax"": -0.39, ""ay"": 0.1, ""az"": 0.89, ""pitch"": -22.58, ""roll"": 6.74}, ""gyro_data"": {""gx"": -9.05, ""gy"": -2.9, ""gz"": -3.54}, ""gps_data"": {""latitude"": 0, ""longitude"": 0, ""gps_altitude"": 0, ""time"": 251542}, ""alt_data"": {""pressure"": 853.08, ""temperature"": 27.37, ""AGL"": -1.39, ""velocity"": 0, ""kalman_altitude"": -1.39, ""kalman_vertical_velocity"": -2.69}, ""chute_state"": {""pyro1_state"": 0, ""pyro2_state"": 0}, ""connection_status"": {""connected"": true, ""has_ever_connected"": true, ""packet_age_ms"": 0, ""timeout_exceeded"": false, ""rssi"": -88}, ""communication_mode"": ""BEACON"", ""timestamp"": 136418, ""packets_received"": 427, ""kalman_data"": {""altitude"": -1.39, ""vertical_velocity"": -2.69}, ""kalman_altitude"": -1.39, ""kalman_vertical_velocity"": -2.69, ""pyroDrogue"": 0, ""pyroMain"": 0, ""pyro1_state"": 0, ""pyro2_state"": 0}"
1768315492.678134,2026-01-13T17:44:52.678134,2907,0,0,-0.39,0.1,0.88,-22.37,7.02,-8.96,-3.05,-3.75,0,0,0,251542,853.07,27.37,-1.28,0,0,0,0,-89,-1.28,-2.67,BEACON,"{""record_number"": 2907, ""operation_mode"": 0, ""state"": 0, ""battery_voltage"": 0, ""wifi_rssi"": -89, ""acc_data"": {""ax"": -0.39, ""ay"": 0.1, ""az"": 0.88, ""pitch"": -22.37, ""roll"": 7.02}, ""gyro_data"": {""gx"": -8.96, ""gy"": -3.05, ""gz"": -3.75}, ""gps_data"": {""latitude"": 0, ""longitude"": 0, ""gps_altitude"": 0, ""time"": 251542}, ""alt_data"": {""pressure"": 853.07, ""temperature"": 27.37, ""AGL"": -1.28, ""velocity"": 0, ""kalman_altitude"": -1.28, ""kalman_vertical_velocity"": -2.67}, ""chute_state"": {""pyro1_state"": 0, ""pyro2_state"": 0}, ""connection_status"": {""connected"": true, ""has_ever_connected"": true, ""packet_age_ms"": 0, ""timeout_exceeded"": false, ""rssi"": -89}, ""communication_mode"": ""BEACON"", ""timestamp"": 136530, ""packets_received"": 428, ""kalman_data"": {""altitude"": -1.28, ""vertical_velocity"": -2.67}, ""kalman_altitude"": -1.28, ""kalman_vertical_velocity"": -2.67, ""pyroDrogue"": 0, ""pyroMain"": 0, ""pyro1_state"": 0, ""pyro2_state"": 0}"
1768315492.776135,2026-01-13T17:44:52.776135,2908,0,0,-0.38,0.1,0.89,-22.67,6.67,-9.02,-2.87,-3.75,0,0,0,251747,853.12,27.39,-1.76,0,0,0,0,-89,-1.76,-2.75,BEACON,"{""record_number"": 2908, ""operation_mode"": 0, ""state"": 0, ""battery_voltage"": 0, ""wifi_rssi"": -89, ""acc_data"": {""ax"": -0.38, ""ay"": 0.1, ""az"": 0.89, ""pitch"": -22.67, ""roll"": 6.67}, ""gyro_data"": {""gx"": -9.02, ""gy"": -2.87, ""gz"": -3.75}, ""gps_data"": {""latitude"": 0, ""longitude"": 0, ""gps_altitude"": 0, ""time"": 251747}, ""alt_data"": {""pressure"": 853.12, ""temperature"": 27.39, ""AGL"": -1.76, ""velocity"": 0, ""kalman_altitude"": -1.76, ""kalman_vertical_velocity"": -2.75}, ""chute_state"": {""pyro1_state"": 0, ""pyro2_state"": 0}, ""connection_status"": {""connected"": true, ""has_ever_connected"": true, ""packet_age_ms"": 0, ""timeout_exceeded"": false, ""rssi"": -89}, ""communication_mode"": ""BEACON"", ""timestamp"": 136642, ""packets_received"": 429, ""kalman_data"": {""altitude"": -1.76, ""vertical_velocity"": -2.75}, ""kalman_altitude"": -1.76, ""kalman_vertical_velocity"": -2.75, ""pyroDrogue"": 0, ""pyroMain"": 0, ""pyro1_state"": 0, ""pyro2_state"": 0}"
1768315492.907134,2026-01-13T17:44:52.907134,2909,0,0,-0.39,0.11,0.89,-22.46,6.8,-9.48,-3.26,-3.23,0,0,0,251947,853.06,27.38,-1.15,0,0,0,0,-88,-1.15,-2.66,BEACON,"{""record_number"": 2909, ""operation_mode"": 0, ""state"": 0, ""battery_voltage"": 0, ""wifi_rssi"": -88, ""acc_data"": {""ax"": -0.39, ""ay"": 0.11, ""az"": 0.89, ""pitch"": -22.46, ""roll"": 6.8}, ""gyro_data"": {""gx"": -9.48, ""gy"": -3.26, ""gz"": -3.23}, ""gps_data"": {""latitude"": 0, ""longitude"": 0, ""gps_altitude"": 0, ""time"": 251947}, ""alt_data"": {""pressure"": 853.06, ""temperature"": 27.38, ""AGL"": -1.15, ""velocity"": 0, ""kalman_altitude"": -1.15, ""kalman_vertical_velocity"": -2.66}, ""chute_state"": {""pyro1_state"": 0, ""pyro2_state"": 0}, ""connection_status"": {""connected"": true, ""has_ever_connected"": true, ""packet_age_ms"": 0, ""timeout_exceeded"": false, ""rssi"": -88}, ""communication_mode"": ""BEACON"", ""timestamp"": 136755, ""packets_received"": 430, ""kalman_data"": {""altitude"": -1.15, ""vertical_velocity"": -2.66}, ""kalman_altitude"": -1.15, ""kalman_vertical_velocity"": -2.66, ""pyroDrogue"": 0, ""pyroMain"": 0, ""pyro1_state"": 0, ""pyro2_state"": 0}"
1768315493.065375,2026-01-13T17:44:53.065375,2911,0,0,-0.38,0.1,0.89,-22.4,6.74,-9.42,-3.69,-3.45,0,0,0,251947,853.06,27.37,-1.14,0,0,0,0,-88,-1.14,-2.66,BEACON,"{""record_number"": 2911, ""operation_mode"": 0, ""state"": 0, ""battery_voltage"": 0, ""wifi_rssi"": -88, ""acc_data"": {""ax"": -0.38, ""ay"": 0.1, ""az"": 0.89, ""pitch"": -22.4, ""roll"": 6.74}, ""gyro_data"": {""gx"": -9.42, ""gy"": -3.69, ""gz"": -3.45}, ""gps_data"": {""latitude"": 0, ""longitude"": 0, ""gps_altitude"": 0, ""time"": 251947}, ""alt_data"": {""pressure"": 853.06, ""temperature"": 27.37, ""AGL"": -1.14, ""velocity"": 0, ""kalman_altitude"": -1.14, ""kalman_vertical_velocity"": -2.66}, ""chute_state"": {""pyro1_state"": 0, ""pyro2_state"": 0}, ""connection_status"": {""connected"": true, ""has_ever_connected"": true, ""packet_age_ms"": 0, ""timeout_exceeded"": false, ""rssi"": -88}, ""communication_mode"": ""BEACON"", ""timestamp"": 136868, ""packets_received"": 431, ""kalman_data"": {""altitude"": -1.14, ""vertical_velocity"": -2.66}, ""kalman_altitude"": -1.14, ""kalman_vertical_velocity"": -2.66, ""pyroDrogue"": 0, ""pyroMain"": 0, ""pyro1_state"": 0, ""pyro2_state"": 0}"
1768315493.115772,2026-01-13T17:44:53.115772,2912,0,0,-0.38,0.11,0.89,-22.58,6.42,-8.63,-3.41,-3.63,0,0,0,252147,853.04,27.36,-0.98,0,0,0,0,-89,-0.99,-2.63,BEACON,"{""record_number"": 2912, ""operation_mode"": 0, ""state"": 0, ""battery_voltage"": 0, ""wifi_rssi"": -89, ""acc_data"": {""ax"": -0.38, ""ay"": 0.11, ""az"": 0.89, ""pitch"": -22.58, ""roll"": 6.42}, ""gyro_data"": {""gx"": -8.63, ""gy"": -3.41, ""gz"": -3.63}, ""gps_data"": {""latitude"": 0, ""longitude"": 0, ""gps_altitude"": 0, ""time"": 252147}, ""alt_data"": {""pressure"": 853.04, ""temperature"": 27.36, ""AGL"": -0.98, ""velocity"": 0, ""kalman_altitude"": -0.99, ""kalman_vertical_velocity"": -2.63}, ""chute_state"": {""pyro1_state"": 0, ""pyro2_state"": 0}, ""connection_status"": {""connected"": true, ""has_ever_connected"": true, ""packet_age_ms"": 0, ""timeout_exceeded"": false, ""rssi"": -89}, ""communication_mode"": ""BEACON"", ""timestamp"": 136981, ""packets_received"": 432, ""kalman_data"": {""altitude"": -0.99, ""vertical_velocity"": -2.63}, ""kalman_altitude"": -0.99, ""kalman_vertical_velocity"": -2.63, ""pyroDrogue"": 0, ""pyroMain"": 0, ""pyro1_state"": 0, ""pyro2_state"": 0}"
1768315493.225772,2026-01-13T17:44:53.225772,2913,0,0,-0.39,0.1,0.88,-22.85,6.27,-9.05,-2.99,-4.42,0,0,0,252147,853.12,27.37,-1.71,0,0,0,0,-88,-1.71,-2.74,BEACON,"{""record_number"": 2913, ""operation_mode"": 0, ""state"": 0, ""battery_voltage"": 0, ""wifi_rssi"": -88, ""acc_data"": {""ax"": -0.39, ""ay"": 0.1, ""az"": 0.88, ""pitch"": -22.85, ""roll"": 6.27}, ""gyro_data"": {""gx"": -9.05, ""gy"": -2.99, ""gz"": -4.42}, ""gps_data"": {""latitude"": 0, ""longitude"": 0, ""gps_altitude"": 0, ""time"": 252147}, ""alt_data"": {""pressure"": 853.12, ""temperature"": 27.37, ""AGL"": -1.71, ""velocity"": 0, ""kalman_altitude"": -1.71, ""kalman_vertical_velocity"": -2.74}, ""chute_state"": {""pyro1_state"": 0, ""pyro2_state"": 0}, ""connection_status"": {""connected"": true, ""has_ever_connected"": true, ""packet_age_ms"": 1, ""timeout_exceeded"": false, ""rssi"": -88}, ""communication_mode"": ""BEACON"", ""timestamp"": 137094, ""packets_received"": 433, ""kalman_data"": {""altitude"": -1.71, ""vertical_velocity"": -2.74}, ""kalman_altitude"": -1.71, ""kalman_vertical_velocity"": -2.74, ""pyroDrogue"": 0, ""pyroMain"": 0, ""pyro1_state"": 0, ""pyro2_state"": 0}"
1768315493.318302,2026-01-13T17:44:53.318302,2915,0,0,-0.38,0.1,0.88,-22.49,6.56,-9.12,-3.38,-3.69,0,0,0,252347,853.07,27.38,-1.25,0,0,0,0,-87,-1.26,-2.68,BEACON,"{""record_number"": 2915, ""operation_mode"": 0, ""state"": 0, ""battery_voltage"": 0, ""wifi_rssi"": -87, ""acc_data"": {""ax"": -0.38, ""ay"": 0.1, ""az"": 0.88, ""pitch"": -22.49, ""roll"": 6.56}, ""gyro_data"": {""gx"": -9.12, ""gy"": -3.38, ""gz"": -3.69}, ""gps_data"": {""latitude"": 0, ""longitude"": 0, ""gps_altitude"": 0, ""time"": 252347}, ""alt_data"": {""pressure"": 853.07, ""temperature"": 27.38, ""AGL"": -1.25, ""velocity"": 0, ""kalman_altitude"": -1.26, ""kalman_vertical_velocity"": -2.68}, ""chute_state"": {""pyro1_state"": 0, ""pyro2_state"": 0}, ""connection_status"": {""connected"": true, ""has_ever_connected"": true, ""packet_age_ms"": 0, ""timeout_exceeded"": false, ""rssi"": -87}, ""communication_mode"": ""BEACON"", ""timestamp"": 137206, ""packets_received"": 434, ""kalman_data"": {""altitude"": -1.26, ""vertical_velocity"": -2.68}, ""kalman_altitude"": -1.26, ""kalman_vertical_velocity"": -2.68, ""pyroDrogue"": 0, ""pyroMain"": 0, ""pyro1_state"": 0, ""pyro2_state"": 0}"
1768315493.498693,2026-01-13T17:44:53.498693,2916,0,0,-0.38,0.11,0.88,-22.49,6.54,-9.21,-3.11,-3.45,0,0,0,252347,853.12,27.38,-1.75,0,0,0,0,-87,-1.75,-2.75,BEACON,"{""record_number"": 2916, ""operation_mode"": 0, ""state"": 0, ""battery_voltage"": 0, ""wifi_rssi"": -87, ""acc_data"": {""ax"": -0.38, ""ay"": 0.11, ""az"": 0.88, ""pitch"": -22.49, ""roll"": 6.54}, ""gyro_data"": {""gx"": -9.21, ""gy"": -3.11, ""gz"": -3.45}, ""gps_data"": {""latitude"": 0, ""longitude"": 0, ""gps_altitude"": 0, ""time"": 252347}, ""alt_data"": {""pressure"": 853.12, ""temperature"": 27.38, ""AGL"": -1.75, ""velocity"": 0, ""kalman_altitude"": -1.75, ""kalman_vertical_velocity"": -2.75}, ""chute_state"": {""pyro1_state"": 0, ""pyro2_state"": 0}, ""connection_status"": {""connected"": true, ""has_ever_connected"": true, ""packet_age_ms"": 0, ""timeout_exceeded"": false, ""rssi"": -87}, ""communication_mode"": ""BEACON"", ""timestamp"": 137319, ""packets_received"": 435, ""kalman_data"": {""altitude"": -1.75, ""vertical_velocity"": -2.75}, ""kalman_altitude"": -1.75, ""kalman_vertical_velocity"": -2.75, ""pyroDrogue"": 0, ""pyroMain"": 0, ""pyro1_state"": 0, ""pyro2_state"": 0}"
1768315493.583695,2026-01-13T17:44:53.583695,2917,0,0,-0.38,0.1,0.89,-22.7,6.77,-8.66,-2.93,-3.38,0,0,0,252546,853.1,27.37,-1.6,0,0,0,0,-88,-1.6,-2.73,BEACON,"{""record_number"": 2917, ""operation_mode"": 0, ""state"": 0, ""battery_voltage"": 0, ""wifi_rssi"": -88, ""acc_data"": {""ax"": -0.38, ""ay"": 0.1, ""az"": 0.89, ""pitch"": -22.7, ""roll"": 6.77}, ""gyro_data"": {""gx"": -8.66, ""gy"": -2.93, ""gz"": -3.38}, ""gps_data"": {""latitude"": 0, ""longitude"": 0, ""gps_altitude"": 0, ""time"": 252546}, ""alt_data"": {""pressure"": 853.1, ""temperature"": 27.37, ""AGL"": -1.6, ""velocity"": 0, ""kalman_altitude"": -1.6, ""kalman_vertical_velocity"": -2.73}, ""chute_state"": {""pyro1_state"": 0, ""pyro2_state"": 0}, ""connection_status"": {""connected"": true, ""has_ever_connected"": true, ""packet_age_ms"": 0, ""timeout_exceeded"": false, ""rssi"": -88}, ""communication_mode"": ""BEACON"", ""timestamp"": 137433, ""packets_received"": 436, ""kalman_data"": {""altitude"": -1.6, ""vertical_velocity"": -2.73}, ""kalman_altitude"": -1.6, ""kalman_vertical_velocity"": -2.73, ""pyroDrogue"": 0, ""pyroMain"": 0, ""pyro1_state"": 0, ""pyro2_state"": 0}"
1768315493.682324,2026-01-13T17:44:53.682324,2918,0,0,-0.38,0.1,0.9,-22.06,6.77,-9.45,-2.74,-3.57,0,0,0,252546,853.1,27.38,-1.54,0,0,0,0,-89,-1.54,-2.72,BEACON,"{""record_number"": 2918, ""operation_mode"": 0, ""state"": 0, ""battery_voltage"": 0, ""wifi_rssi"": -89, ""acc_data"": {""ax"": -0.38, ""ay"": 0.1, ""az"": 0.9, ""pitch"": -22.06, ""roll"": 6.77}, ""gyro_data"": {""gx"": -9.45, ""gy"": -2.74, ""gz"": -3.57}, ""gps_data"": {""latitude"": 0, ""longitude"": 0, ""gps_altitude"": 0, ""time"": 252546}, ""alt_data"": {""pressure"": 853.1, ""temperature"": 27.38, ""AGL"": -1.54, ""velocity"": 0, ""kalman_altitude"": -1.54, ""kalman_vertical_velocity"": -2.72}, ""chute_state"": {""pyro1_state"": 0, ""pyro2_state"": 0}, ""connection_status"": {""connected"": true, ""has_ever_connected"": true, ""packet_age_ms"": 0, ""timeout_exceeded"": false, ""rssi"": -89}, ""communication_mode"": ""BEACON"", ""timestamp"": 137545, ""packets_received"": 437, ""kalman_data"": {""altitude"": -1.54, ""vertical_velocity"": -2.72}, ""kalman_altitude"": -1.54, ""kalman_vertical_velocity"": -2.72, ""pyroDrogue"": 0, ""pyroMain"": 0, ""pyro1_state"": 0, ""pyro2_state"": 0}"
1768315493.784319,2026-01-13T17:44:53.784319,2920,0,0,-0.39,0.11,0.88,-22.21,7.24,-9.85,-2.29,-3.54,0,0,0,252752,853.06,27.37,-1.17,0,0,0,0,-88,-1.18,-2.67,BEACON,"{""record_number"": 2920, ""operation_mode"": 0, ""state"": 0, ""battery_voltage"": 0, ""wifi_rssi"": -88, ""acc_data"": {""ax"": -0.39, ""ay"": 0.11, ""az"": 0.88, ""pitch"": -22.21, ""roll"": 7.24}, ""gyro_data"": {""gx"": -9.85, ""gy"": -2.29, ""gz"": -3.54}, ""gps_data"": {""latitude"": 0, ""longitude"": 0, ""gps_altitude"": 0, ""time"": 252752}, ""alt_data"": {""pressure"": 853.06, ""temperature"": 27.37, ""AGL"": -1.17, ""velocity"": 0, ""kalman_altitude"": -1.18, ""kalman_vertical_velocity"": -2.67}, ""chute_state"": {""pyro1_state"": 0, ""pyro2_state"": 0}, ""connection_status"": {""connected"": true, ""has_ever_connected"": true, ""packet_age_ms"": 0, ""timeout_exceeded"": false, ""rssi"": -88}, ""communication_mode"": ""BEACON"", ""timestamp"": 137658, ""packets_received"": 438, ""kalman_data"": {""altitude"": -1.18, ""vertical_velocity"": -2.67}, ""kalman_altitude"": -1.18, ""kalman_vertical_velocity"": -2.67, ""pyroDrogue"": 0, ""pyroMain"": 0, ""pyro1_state"": 0, ""pyro2_state"": 0}"
1768315493.92332,2026-01-13T17:44:53.923320,2921,0,0,-0.38,0.1,0.89,-22.43,6.94,-9.82,-2.99,-4.12,0,0,0,252952,853.05,27.37,-1.1,0,0,0,0,-87,-1.1,-2.66,BEACON,"{""record_number"": 2921, ""operation_mode"": 0, ""state"": 0, ""battery_voltage"": 0, ""wifi_rssi"": -87, ""acc_data"": {""ax"": -0.38, ""ay"": 0.1, ""az"": 0.89, ""pitch"": -22.43, ""roll"": 6.94}, ""gyro_data"": {""gx"": -9.82, ""gy"": -2.99, ""gz"": -4.12}, ""gps_data"": {""latitude"": 0, ""longitude"": 0, ""gps_altitude"": 0, ""time"": 252952}, ""alt_data"": {""pressure"": 853.05, ""temperature"": 27.37, ""AGL"": -1.1, ""velocity"": 0, ""kalman_altitude"": -1.1, ""kalman_vertical_velocity"": -2.66}, ""chute_state"": {""pyro1_state"": 0, ""pyro2_state"": 0}, ""connection_status"": {""connected"": true, ""has_ever_connected"": true, ""packet_age_ms"": 0, ""timeout_exceeded"": false, ""rssi"": -87}, ""communication_mode"": ""BEACON"", ""timestamp"": 137770, ""packets_received"": 439, ""kalman_data"": {""altitude"": -1.1, ""vertical_velocity"": -2.66}, ""kalman_altitude"": -1.1, ""kalman_vertical_velocity"": -2.66, ""pyroDrogue"": 0, ""pyroMain"": 0, ""pyro1_state"": 0, ""pyro2_state"": 0}"
1768315494.015857,2026-01-13T17:44:54.015857,2922,0,0,-0.38,0.11,0.88,-22.46,6.95,-9.33,-4.36,-3.48,0,0,0,252952,853.07,27.37,-1.25,0,0,0,0,-87,-1.24,-2.68,BEACON,"{""record_number"": 2922, ""operation_mode"": 0, ""state"": 0, ""battery_voltage"": 0, ""wifi_rssi"": -87, ""acc_data"": {""ax"": -0.38, ""ay"": 0.11, ""az"": 0.88, ""pitch"": -22.46, ""roll"": 6.95}, ""gyro_data"": {""gx"": -9.33, ""gy"": -4.36, ""gz"": -3.48}, ""gps_data"": {""latitude"": 0, ""longitude"": 0, ""gps_altitude"": 0, ""time"": 252952}, ""alt_data"": {""pressure"": 853.07, ""temperature"": 27.37, ""AGL"": -1.25, ""velocity"": 0, ""kalman_altitude"": -1.24, ""kalman_vertical_velocity"": -2.68}, ""chute_state"": {""pyro1_state"": 0, ""pyro2_state"": 0}, ""connection_status"": {""connected"": true, ""has_ever_connected"": true, ""packet_age_ms"": 1, ""timeout_exceeded"": false, ""rssi"": -87}, ""communication_mode"": ""BEACON"", ""timestamp"": 137885, ""packets_received"": 440, ""kalman_data"": {""altitude"": -1.24, ""vertical_velocity"": -2.68}, ""kalman_altitude"": -1.24, ""kalman_vertical_velocity"": -2.68, ""pyroDrogue"": 0, ""pyroMain"": 0, ""pyro1_state"": 0, ""pyro2_state"": 0}"
1768315494.117857,2026-01-13T17:44:54.117857,2924,0,0,-0.38,0.1,0.88,-22.15,6.71,-8.54,-2.41,-3.75,0,0,0,253151,853.02,27.36,-0.73,0,0,0,0,-87,-0.73,-2.61,BEACON,"{""record_number"": 2924, ""operation_mode"": 0, ""state"": 0, ""battery_voltage"": 0, ""wifi_rssi"": -87, ""acc_data"": {""ax"": -0.38, ""ay"": 0.1, ""az"": 0.88, ""pitch"": -22.15, ""roll"": 6.71}, ""gyro_data"": {""gx"": -8.54, ""gy"": -2.41, ""gz"": -3.75}, ""gps_data"": {""latitude"": 0, ""longitude"": 0, ""gps_altitude"": 0, ""time"": 253151}, ""alt_data"": {""pressure"": 853.02, ""temperature"": 27.36, ""AGL"": -0.73, ""velocity"": 0, ""kalman_altitude"": -0.73, ""kalman_vertical_velocity"": -2.61}, ""chute_state"": {""pyro1_state"": 0, ""pyro2_state"": 0}, ""connection_status"": {""connected"": true, ""has_ever_connected"": true, ""packet_age_ms"": 0, ""timeout_exceeded"": false, ""rssi"": -87}, ""communication_mode"": ""BEACON"", ""timestamp"": 137995, ""packets_received"": 441, ""kalman_data"": {""altitude"": -0.73, ""vertical_velocity"": -2.61}, ""kalman_altitude"": -0.73, ""kalman_vertical_velocity"": -2.61, ""pyroDrogue"": 0, ""pyroMain"": 0, ""pyro1_state"": 0, ""pyro2_state"": 0}"
1768315494.230297,2026-01-13T17:44:54.230297,2925,0,0,-0.38,0.1,0.88,-22.52,7,-8.29,-3.51,-4.18,0,0,0,253151,853.08,27.38,-1.32,0,0,0,0,-88,-1.32,-2.7,BEACON,"{""record_number"": 2925, ""operation_mode"": 0, ""state"": 0, ""battery_voltage"": 0, ""wifi_rssi"": -88, ""acc_data"": {""ax"": -0.38, ""ay"": 0.1, ""az"": 0.88, ""pitch"": -22.52, ""roll"": 7}, ""gyro_data"": {""gx"": -8.29, ""gy"": -3.51, ""gz"": -4.18}, ""gps_data"": {""latitude"": 0, ""longitude"": 0, ""gps_altitude"": 0, ""time"": 253151}, ""alt_data"": {""pressure"": 853.08, ""temperature"": 27.38, ""AGL"": -1.32, ""velocity"": 0, ""kalman_altitude"": -1.32, ""kalman_vertical_velocity"": -2.7}, ""chute_state"": {""pyro1_state"": 0, ""pyro2_state"": 0}, ""connection_status"": {""connected"": true, ""has_ever_connected"": true, ""packet_age_ms"": 1, ""timeout_exceeded"": false, ""rssi"": -88}, ""communication_mode"": ""BEACON"", ""timestamp"": 138108, ""packets_received"": 442, ""kalman_data"": {""altitude"": -1.32, ""vertical_velocity"": -2.7}, ""kalman_altitude"": -1.32, ""kalman_vertical_velocity"": -2.7, ""pyroDrogue"": 0, ""pyroMain"": 0, ""pyro1_state"": 0, ""pyro2_state"": 0}"
1768315494.356298,2026-01-13T17:44:54.356298,2926,0,0,-0.38,0.1,0.89,-22.34,6.7,-9.09,-3.26,-3.63,0,0,0,253352,853.08,27.37,-1.39,0,0,0,0,-88,-1.39,-2.71,BEACON,"{""record_number"": 2926, ""operation_mode"": 0, ""state"": 0, ""battery_voltage"": 0, ""wifi_rssi"": -88, ""acc_data"": {""ax"": -0.38, ""ay"": 0.1, ""az"": 0.89, ""pitch"": -22.34, ""roll"": 6.7}, ""gyro_data"": {""gx"": -9.09, ""gy"": -3.26, ""gz"": -3.63}, ""gps_data"": {""latitude"": 0, ""longitude"": 0, ""gps_altitude"": 0, ""time"": 253352}, ""alt_data"": {""pressure"": 853.08, ""temperature"": 27.37, ""AGL"": -1.39, ""velocity"": 0, ""kalman_altitude"": -1.39, ""kalman_vertical_velocity"": -2.71}, ""chute_state"": {""pyro1_state"": 0, ""pyro2_state"": 0}, ""connection_status"": {""connected"": true, ""has_ever_connected"": true, ""packet_age_ms"": 1, ""timeout_exceeded"": false, ""rssi"": -88}, ""communication_mode"": ""BEACON"", ""timestamp"": 138222, ""packets_received"": 443, ""kalman_data"": {""altitude"": -1.39, ""vertical_velocity"": -2.71}, ""kalman_altitude"": -1.39, ""kalman_vertical_velocity"": -2.71, ""pyroDrogue"": 0, ""pyroMain"": 0, ""pyro1_state"": 0, ""pyro2_state"": 0}"
1768315494.528628,2026-01-13T17:44:54.528628,2928,0,0,-0.38,0.1,0.89,-22.09,6.58,-9.36,-2.44,-4.27,0,0,0,253352,853.11,27.38,-1.68,0,0,0,0,-88,-1.68,-2.75,BEACON,"{""record_number"": 2928, ""operation_mode"": 0, ""state"": 0, ""battery_voltage"": 0, ""wifi_rssi"": -88, ""acc_data"": {""ax"": -0.38, ""ay"": 0.1, ""az"": 0.89, ""pitch"": -22.09, ""roll"": 6.58}, ""gyro_data"": {""gx"": -9.36, ""gy"": -2.44, ""gz"": -4.27}, ""gps_data"": {""latitude"": 0, ""longitude"": 0, ""gps_altitude"": 0, ""time"": 253352}, ""alt_data"": {""pressure"": 853.11, ""temperature"": 27.38, ""AGL"": -1.68, ""velocity"": 0, ""kalman_altitude"": -1.68, ""kalman_vertical_velocity"": -2.75}, ""chute_state"": {""pyro1_state"": 0, ""pyro2_state"": 0}, ""connection_status"": {""connected"": true, ""has_ever_connected"": true, ""packet_age_ms"": 0, ""timeout_exceeded"": false, ""rssi"": -88}, ""communication_mode"": ""BEACON"", ""timestamp"": 138333, ""packets_received"": 444, ""kalman_data"": {""altitude"": -1.68, ""vertical_velocity"": -2.75}, ""kalman_altitude"": -1.68, ""kalman_vertical_velocity"": -2.75, ""pyroDrogue"": 0, ""pyroMain"": 0, ""pyro1_state"": 0, ""pyro2_state"": 0}"
1768315494.577629,2026-01-13T17:44:54.577629,2929,0,0,-0.38,0.11,0.88,-22.37,6.81,-9.3,-2.47,-3.48,0,0,0,253552,853.12,27.38,-1.79,0,0,0,0,-87,-1.79,-2.77,BEACON,"{""record_number"": 2929, ""operation_mode"": 0, ""state"": 0, ""battery_voltage"": 0, ""wifi_rssi"": -87, ""acc_data"": {""ax"": -0.38, ""ay"": 0.11, ""az"": 0.88, ""pitch"": -22.37, ""roll"": 6.81}, ""gyro_data"": {""gx"": -9.3, ""gy"": -2.47, ""gz"": -3.48}, ""gps_data"": {""latitude"": 0, ""longitude"": 0, ""gps_altitude"": 0, ""time"": 253552}, ""alt_data"": {""pressure"": 853.12, ""temperature"": 27.38, ""AGL"": -1.79, ""velocity"": 0, ""kalman_altitude"": -1.79, ""kalman_vertical_velocity"": -2.77}, ""chute_state"": {""pyro1_state"": 0, ""pyro2_state"": 0}, ""connection_status"": {""connected"": true, ""has_ever_connected"": true, ""packet_age_ms"": 0, ""timeout_exceeded"": false, ""rssi"": -87}, ""communication_mode"": ""BEACON"", ""timestamp"": 138446, ""packets_received"": 445, ""kalman_data"": {""altitude"": -1.79, ""vertical_velocity"": -2.77}, ""kalman_altitude"": -1.79, ""kalman_vertical_velocity"": -2.77, ""pyroDrogue"": 0, ""pyroMain"": 0, ""pyro1_state"": 0, ""pyro2_state"": 0}"
1768315494.686049,2026-01-13T17:44:54.686049,2930,0,0,-0.38,0.1,0.88,-22.76,6.98,-9.51,-3.72,-3.66,0,0,0,253552,853.09,27.37,-1.5,0,0,0,0,-88,-1.5,-2.73,BEACON,"{""record_number"": 2930, ""operation_mode"": 0, ""state"": 0, ""battery_voltage"": 0, ""wifi_rssi"": -88, ""acc_data"": {""ax"": -0.38, ""ay"": 0.1, ""az"": 0.88, ""pitch"": -22.76, ""roll"": 6.98}, ""gyro_data"": {""gx"": -9.51, ""gy"": -3.72, ""gz"": -3.66}, ""gps_data"": {""latitude"": 0, ""longitude"": 0, ""gps_altitude"": 0, ""time"": 253552}, ""alt_data"": {""pressure"": 853.09, ""temperature"": 27.37, ""AGL"": -1.5, ""velocity"": 0, ""kalman_altitude"": -1.5, ""kalman_vertical_velocity"": -2.73}, ""chute_state"": {""pyro1_state"": 0, ""pyro2_state"": 0}, ""connection_status"": {""connected"": true, ""has_ever_connected"": true, ""packet_age_ms"": 0, ""timeout_exceeded"": false, ""rssi"": -88}, ""communication_mode"": ""BEACON"", ""timestamp"": 138558, ""packets_received"": 446, ""kalman_data"": {""altitude"": -1.5, ""vertical_velocity"": -2.73}, ""kalman_altitude"": -1.5, ""kalman_vertical_velocity"": -2.73, ""pyroDrogue"": 0, ""pyroMain"": 0, ""pyro1_state"": 0, ""pyro2_state"": 0}"
1768315494.968872,2026-01-13T17:44:54.968872,2933,0,0,-0.38,0.11,0.89,-22.43,6.65,-8.87,-3.48,-3.75,0,0,0,253957,853.09,27.38,-1.47,0,0,0,0,-87,-1.47,-2.72,BEACON,"{""record_number"": 2933, ""operation_mode"": 0, ""state"": 0, ""battery_voltage"": 0, ""wifi_rssi"": -87, ""acc_data"": {""ax"": -0.38, ""ay"": 0.11, ""az"": 0.89, ""pitch"": -22.43, ""roll"": 6.65}, ""gyro_data"": {""gx"": -8.87, ""gy"": -3.48, ""gz"": -3.75}, ""gps_data"": {""latitude"": 0, ""longitude"": 0, ""gps_altitude"": 0, ""time"": 253957}, ""alt_data"": {""pressure"": 853.09, ""temperature"": 27.38, ""AGL"": -1.47, ""velocity"": 0, ""kalman_altitude"": -1.47, ""kalman_vertical_velocity"": -2.72}, ""chute_state"": {""pyro1_state"": 0, ""pyro2_state"": 0}, ""connection_status"": {""connected"": true, ""has_ever_connected"": true, ""packet_age_ms"": 0, ""timeout_exceeded"": false, ""rssi"": -87}, ""communication_mode"": ""BEACON"", ""timestamp"": 138783, ""packets_received"": 447, ""kalman_data"": {""altitude"": -1.47, ""vertical_velocity"": -2.72}, ""kalman_altitude"": -1.47, ""kalman_vertical_velocity"": -2.72, ""pyroDrogue"": 0, ""pyroMain"": 0, ""pyro1_state"": 0, ""pyro2_state"": 0}"
1768315495.066363,2026-01-13T17:44:55.066363,2934,0,0,-0.38,0.11,0.9,-22.34,6.45,-8.93,-2.99,-3.66,0,0,0,253957,853.08,27.37,-1.32,0,0,0,0,-88,-1.32,-2.7,BEACON,"{""record_number"": 2934, ""operation_mode"": 0, ""state"": 0, ""battery_voltage"": 0, ""wifi_rssi"": -88, ""acc_data"": {""ax"": -0.38, ""ay"": 0.11, ""az"": 0.9, ""pitch"": -22.34, ""roll"": 6.45}, ""gyro_data"": {""gx"": -8.93, ""gy"": -2.99, ""gz"": -3.66}, ""gps_data"": {""latitude"": 0, ""longitude"": 0, ""gps_altitude"": 0, ""time"": 253957}, ""alt_data"": {""pressure"": 853.08, ""temperature"": 27.37, ""AGL"": -1.32, ""velocity"": 0, ""kalman_altitude"": -1.32, ""kalman_vertical_velocity"": -2.7}, ""chute_state"": {""pyro1_state"": 0, ""pyro2_state"": 0}, ""connection_status"": {""connected"": true, ""has_ever_connected"": true, ""packet_age_ms"": 0, ""timeout_exceeded"": false, ""rssi"": -88}, ""communication_mode"": ""BEACON"", ""timestamp"": 138895, ""packets_received"": 448, ""kalman_data"": {""altitude"": -1.32, ""vertical_velocity"": -2.7}, ""kalman_altitude"": -1.32, ""kalman_vertical_velocity"": -2.7, ""pyroDrogue"": 0, ""pyroMain"": 0, ""pyro1_state"": 0, ""pyro2_state"": 0}"
1768315495.130364,2026-01-13T17:44:55.130364,2936,0,0,-0.38,0.1,0.89,-22.55,6.62,-9.3,-2.53,-3.54,0,0,0,254158,853.08,27.37,-1.32,0,0,0,0,-88,-1.32,-2.7,BEACON,"{""record_number"": 2936, ""operation_mode"": 0, ""state"": 0, ""battery_voltage"": 0, ""wifi_rssi"": -88, ""acc_data"": {""ax"": -0.38, ""ay"": 0.1, ""az"": 0.89, ""pitch"": -22.55, ""roll"": 6.62}, ""gyro_data"": {""gx"": -9.3, ""gy"": -2.53, ""gz"": -3.54}, ""gps_data"": {""latitude"": 0, ""longitude"": 0, ""gps_altitude"": 0, ""time"": 254158}, ""alt_data"": {""pressure"": 853.08, ""temperature"": 27.37, ""AGL"": -1.32, ""velocity"": 0, ""kalman_altitude"": -1.32, ""kalman_vertical_velocity"": -2.7}, ""chute_state"": {""pyro1_state"": 0, ""pyro2_state"": 0}, ""connection_status"": {""connected"": true, ""has_ever_connected"": true, ""packet_age_ms"": 1, ""timeout_exceeded"": false, ""rssi"": -88}, ""communication_mode"": ""BEACON"", ""timestamp"": 139008, ""packets_received"": 449, ""kalman_data"": {""altitude"": -1.32, ""vertical_velocity"": -2.7}, ""kalman_altitude"": -1.32, ""kalman_vertical_velocity"": -2.7, ""pyroDrogue"": 0, ""pyroMain"": 0, ""pyro1_state"": 0, ""pyro2_state"": 0}"
1768315495.239362,2026-01-13T17:44:55.239362,2937,0,0,-0.39,0.1,0.89,-22.58,6.88,-8.93,-3.26,-3.78,0,0,0,254158,853.08,27.37,-1.35,0,0,0,0,-88,-1.35,-2.71,BEACON,"{""record_number"": 2937, ""operation_mode"": 0, ""state"": 0, ""battery_voltage"": 0, ""wifi_rssi"": -88, ""acc_data"": {""ax"": -0.39, ""ay"": 0.1, ""az"": 0.89, ""pitch"": -22.58, ""roll"": 6.88}, ""gyro_data"": {""gx"": -8.93, ""gy"": -3.26, ""gz"": -3.78}, ""gps_data"": {""latitude"": 0, ""longitude"": 0, ""gps_altitude"": 0, ""time"": 254158}, ""alt_data"": {""pressure"": 853.08, ""temperature"": 27.37, ""AGL"": -1.35, ""velocity"": 0, ""kalman_altitude"": -1.35, ""kalman_vertical_velocity"": -2.71}, ""chute_state"": {""pyro1_state"": 0, ""pyro2_state"": 0}, ""connection_status"": {""connected"": true, ""has_ever_connected"": true, ""packet_age_ms"": 0, ""timeout_exceeded"": false, ""rssi"": -88}, ""communication_mode"": ""BEACON"", ""timestamp"": 139120, ""packets_received"": 450, ""kalman_data"": {""altitude"": -1.35, ""vertical_velocity"": -2.71}, ""kalman_altitude"": -1.35, ""kalman_vertical_velocity"": -2.71, ""pyroDrogue"": 0, ""pyroMain"": 0, ""pyro1_state"": 0, ""pyro2_state"": 0}"
1768315495.451362,2026-01-13T17:44:55.451362,2938,0,0,-0.38,0.1,0.88,-22.15,6.89,-8.9,-2.23,-3.6,0,0,0,254357,853.1,27.38,-1.54,0,0,0,0,-90,-1.54,-2.74,BEACON,"{""record_number"": 2938, ""operation_mode"": 0, ""state"": 0, ""battery_voltage"": 0, ""wifi_rssi"": -90, ""acc_data"": {""ax"": -0.38, ""ay"": 0.1, ""az"": 0.88, ""pitch"": -22.15, ""roll"": 6.89}, ""gyro_data"": {""gx"": -8.9, ""gy"": -2.23, ""gz"": -3.6}, ""gps_data"": {""latitude"": 0, ""longitude"": 0, ""gps_altitude"": 0, ""time"": 254357}, ""alt_data"": {""pressure"": 853.1, ""temperature"": 27.38, ""AGL"": -1.54, ""velocity"": 0, ""kalman_altitude"": -1.54, ""kalman_vertical_velocity"": -2.74}, ""chute_state"": {""pyro1_state"": 0, ""pyro2_state"": 0}, ""connection_status"": {""connected"": true, ""has_ever_connected"": true, ""packet_age_ms"": 0, ""timeout_exceeded"": false, ""rssi"": -90}, ""communication_mode"": ""BEACON"", ""timestamp"": 139233, ""packets_received"": 451, ""kalman_data"": {""altitude"": -1.54, ""vertical_velocity"": -2.74}, ""kalman_altitude"": -1.54, ""kalman_vertical_velocity"": -2.74, ""pyroDrogue"": 0, ""pyroMain"": 0, ""pyro1_state"": 0, ""pyro2_state"": 0}"
1768315495.549361,2026-01-13T17:44:55.549361,2940,0,0,-0.38,0.11,0.89,-22.67,6.99,-9.05,-2.68,-3.45,0,0,0,254357,853.08,27.39,-1.33,0,0,0,0,-87,-1.33,-2.71,BEACON,"{""record_number"": 2940, ""operation_mode"": 0, ""state"": 0, ""battery_voltage"": 0, ""wifi_rssi"": -87, ""acc_data"": {""ax"": -0.38, ""ay"": 0.11, ""az"": 0.89, ""pitch"": -22.67, ""roll"": 6.99}, ""gyro_data"": {""gx"": -9.05, ""gy"": -2.68, ""gz"": -3.45}, ""gps_data"": {""latitude"": 0, ""longitude"": 0, ""gps_altitude"": 0, ""time"": 254357}, ""alt_data"": {""pressure"": 853.08, ""temperature"": 27.39, ""AGL"": -1.33, ""velocity"": 0, ""kalman_altitude"": -1.33, ""kalman_vertical_velocity"": -2.71}, ""chute_state"": {""pyro1_state"": 0, ""pyro2_state"": 0}, ""connection_status"": {""connected"": true, ""has_ever_connected"": true, ""packet_age_ms"": 1, ""timeout_exceeded"": false, ""rssi"": -87}, ""communication_mode"": ""BEACON"", ""timestamp"": 139346, ""packets_received"": 452, ""kalman_data"": {""altitude"": -1.33, ""vertical_velocity"": -2.71}, ""kalman_altitude"": -1.33, ""kalman_vertical_velocity"": -2.71, ""pyroDrogue"": 0, ""pyroMain"": 0, ""pyro1_state"": 0, ""pyro2_state"": 0}"
1768315495.630362,2026-01-13T17:44:55.630362,2941,0,0,-0.38,0.1,0.88,-22.52,7,-9.21,-1.92,-3.75,0,0,0,254558,853.08,27.37,-1.32,0,0,0,0,-86,-1.32,-2.71,BEACON,"{""record_number"": 2941, ""operation_mode"": 0, ""state"": 0, ""battery_voltage"": 0, ""wifi_rssi"": -86, ""acc_data"": {""ax"": -0.38, ""ay"": 0.1, ""az"": 0.88, ""pitch"": -22.52, ""roll"": 7}, ""gyro_data"": {""gx"": -9.21, ""gy"": -1.92, ""gz"": -3.75}, ""gps_data"": {""latitude"": 0, ""longitude"": 0, ""gps_altitude"": 0, ""time"": 254558}, ""alt_data"": {""pressure"": 853.08, ""temperature"": 27.37, ""AGL"": -1.32, ""velocity"": 0, ""kalman_altitude"": -1.32, ""kalman_vertical_velocity"": -2.71}, ""chute_state"": {""pyro1_state"": 0, ""pyro2_state"": 0}, ""connection_status"": {""connected"": true, ""has_ever_connected"": true, ""packet_age_ms"": 0, ""timeout_exceeded"": false, ""rssi"": -86}, ""communication_mode"": ""BEACON"", ""timestamp"": 139458, ""packets_received"": 453, ""kalman_data"": {""altitude"": -1.32, ""vertical_velocity"": -2.71}, ""kalman_altitude"": -1.32, ""kalman_vertical_velocity"": -2.71, ""pyroDrogue"": 0, ""pyroMain"": 0, ""pyro1_state"": 0, ""pyro2_state"": 0}"
1768315496.668472,2026-01-13T17:44:56.668472,2942,0,0,-0.38,0.1,0.88,-22.55,6.98,-8.99,-2.38,-3.05,0,0,0,254762,853.07,27.37,-1.28,0,0,0,0,-87,-1.28,-2.7,BEACON,"{""record_number"": 2942, ""operation_mode"": 0, ""state"": 0, ""battery_voltage"": 0, ""wifi_rssi"": -87, ""acc_data"": {""ax"": -0.38, ""ay"": 0.1, ""az"": 0.88, ""pitch"": -22.55, ""roll"": 6.98}, ""gyro_data"": {""gx"": -8.99, ""gy"": -2.38, ""gz"": -3.05}, ""gps_data"": {""latitude"": 0, ""longitude"": 0, ""gps_altitude"": 0, ""time"": 254762}, ""alt_data"": {""pressure"": 853.07, ""temperature"": 27.37, ""AGL"": -1.28, ""velocity"": 0, ""kalman_altitude"": -1.28, ""kalman_vertical_velocity"": -2.7}, ""chute_state"": {""pyro1_state"": 0, ""pyro2_state"": 0}, ""connection_status"": {""connected"": true, ""has_ever_connected"": true, ""packet_age_ms"": 0, ""timeout_exceeded"": false, ""rssi"": -87}, ""communication_mode"": ""BEACON"", ""timestamp"": 139570, ""packets_received"": 454, ""kalman_data"": {""altitude"": -1.28, ""vertical_velocity"": -2.7}, ""kalman_altitude"": -1.28, ""kalman_vertical_velocity"": -2.7, ""pyroDrogue"": 0, ""pyroMain"": 0, ""pyro1_state"": 0, ""pyro2_state"": 0}"
1768315498.135044,2026-01-13T17:44:58.135044,2944,0,0,-0.38,0.1,0.88,-22.73,6.87,-8.63,-4.05,-3.51,0,0,0,254762,853.07,27.37,-1.25,0,0,0,0,-87,-1.25,-2.7,BEACON,"{""record_number"": 2944, ""operation_mode"": 0, ""state"": 0, ""battery_voltage"": 0, ""wifi_rssi"": -87, ""acc_data"": {""ax"": -0.38, ""ay"": 0.1, ""az"": 0.88, ""pitch"": -22.73, ""roll"": 6.87}, ""gyro_data"": {""gx"": -8.63, ""gy"": -4.05, ""gz"": -3.51}, ""gps_data"": {""latitude"": 0, ""longitude"": 0, ""gps_altitude"": 0, ""time"": 254762}, ""alt_data"": {""pressure"": 853.07, ""temperature"": 27.37, ""AGL"": -1.25, ""velocity"": 0, ""kalman_altitude"": -1.25, ""kalman_vertical_velocity"": -2.7}, ""chute_state"": {""pyro1_state"": 0, ""pyro2_state"": 0}, ""connection_status"": {""connected"": true, ""has_ever_connected"": true, ""packet_age_ms"": 1, ""timeout_exceeded"": false, ""rssi"": -87}, ""communication_mode"": ""BEACON"", ""timestamp"": 139683, ""packets_received"": 455, ""kalman_data"": {""altitude"": -1.25, ""vertical_velocity"": -2.7}, ""kalman_altitude"": -1.25, ""kalman_vertical_velocity"": -2.7, ""pyroDrogue"": 0, ""pyroMain"": 0, ""pyro1_state"": 0, ""pyro2_state"": 0}"
1768315502.517238,2026-01-13T17:45:02.517238,2946,0,0,-0.38,0.1,0.89,-22.64,7.1,-9.36,-2.53,-3.38,0,0,0,254963,853.05,27.37,-1.1,0,0,0,0,-87,-1.1,-2.68,BEACON,"{""record_number"": 2946, ""operation_mode"": 0, ""state"": 0, ""battery_voltage"": 0, ""wifi_rssi"": -87, ""acc_data"": {""ax"": -0.38, ""ay"": 0.1, ""az"": 0.89, ""pitch"": -22.64, ""roll"": 7.1}, ""gyro_data"": {""gx"": -9.36, ""gy"": -2.53, ""gz"": -3.38}, ""gps_data"": {""latitude"": 0, ""longitude"": 0, ""gps_altitude"": 0, ""time"": 254963}, ""alt_data"": {""pressure"": 853.05, ""temperature"": 27.37, ""AGL"": -1.1, ""velocity"": 0, ""kalman_altitude"": -1.1, ""kalman_vertical_velocity"": -2.68}, ""chute_state"": {""pyro1_state"": 0, ""pyro2_state"": 0}, ""connection_status"": {""connected"": true, ""has_ever_connected"": true, ""packet_age_ms"": 0, ""timeout_exceeded"": false, ""rssi"": -87}, ""communication_mode"": ""BEACON"", ""timestamp"": 139909, ""packets_received"": 456, ""kalman_data"": {""altitude"": -1.1, ""vertical_velocity"": -2.68}, ""kalman_altitude"": -1.1, ""kalman_vertical_velocity"": -2.68, ""pyroDrogue"": 0, ""pyroMain"": 0, ""pyro1_state"": 0, ""pyro2_state"": 0}"
1768315506.947911,2026-01-13T17:45:06.947911,2947,0,0,-0.38,0.11,0.9,-22.76,6.61,-9.27,-3.9,-3.57,0,0,0,255163,853.08,27.37,-1.39,0,0,0,0,-88,-1.39,-2.72,BEACON,"{""record_number"": 2947, ""operation_mode"": 0, ""state"": 0, ""battery_voltage"": 0, ""wifi_rssi"": -88, ""acc_data"": {""ax"": -0.38, ""ay"": 0.11, ""az"": 0.9, ""pitch"": -22.76, ""roll"": 6.61}, ""gyro_data"": {""gx"": -9.27, ""gy"": -3.9, ""gz"": -3.57}, ""gps_data"": {""latitude"": 0, ""longitude"": 0, ""gps_altitude"": 0, ""time"": 255163}, ""alt_data"": {""pressure"": 853.08, ""temperature"": 27.37, ""AGL"": -1.39, ""velocity"": 0, ""kalman_altitude"": -1.39, ""kalman_vertical_velocity"": -2.72}, ""chute_state"": {""pyro1_state"": 0, ""pyro2_state"": 0}, ""connection_status"": {""connected"": true, ""has_ever_connected"": true, ""packet_age_ms"": 0, ""timeout_exceeded"": false, ""rssi"": -88}, ""communication_mode"": ""BEACON"", ""timestamp"": 140022, ""packets_received"": 457, ""kalman_data"": {""altitude"": -1.39, ""vertical_velocity"": -2.72}, ""kalman_altitude"": -1.39, ""kalman_vertical_velocity"": -2.72, ""pyroDrogue"": 0, ""pyroMain"": 0, ""pyro1_state"": 0, ""pyro2_state"": 0}"
1768315508.68301,2026-01-13T17:45:08.683010,2949,0,0,-0.39,0.11,0.88,-22.34,6.43,-9.27,-3.2,-3.32,0,0,0,255163,853.05,27.37,-1.03,0,0,0,0,-89,-1.03,-2.67,BEACON,"{""record_number"": 2949, ""operation_mode"": 0, ""state"": 0, ""battery_voltage"": 0, ""wifi_rssi"": -89, ""acc_data"": {""ax"": -0.39, ""ay"": 0.11, ""az"": 0.88, ""pitch"": -22.34, ""roll"": 6.43}, ""gyro_data"": {""gx"": -9.27, ""gy"": -3.2, ""gz"": -3.32}, ""gps_data"": {""latitude"": 0, ""longitude"": 0, ""gps_altitude"": 0, ""time"": 255163}, ""alt_data"": {""pressure"": 853.05, ""temperature"": 27.37, ""AGL"": -1.03, ""velocity"": 0, ""kalman_altitude"": -1.03, ""kalman_vertical_velocity"": -2.67}, ""chute_state"": {""pyro1_state"": 0, ""pyro2_state"": 0}, ""connection_status"": {""connected"": true, ""has_ever_connected"": true, ""packet_age_ms"": 0, ""timeout_exceeded"": false, ""rssi"": -89}, ""communication_mode"": ""BEACON"", ""timestamp"": 140133, ""packets_received"": 458, ""kalman_data"": {""altitude"": -1.03, ""vertical_velocity"": -2.67}, ""kalman_altitude"": -1.03, ""kalman_vertical_velocity"": -2.67, ""pyroDrogue"": 0, ""pyroMain"": 0, ""pyro1_state"": 0, ""pyro2_state"": 0}"
1768315512.898101,2026-01-13T17:45:12.898101,2950,0,0,-0.38,0.1,0.89,-22.7,6.84,-9.54,-2.96,-3.75,0,0,0,255363,853.04,27.38,-1,0,0,0,0,-88,-1,-2.67,BEACON,"{""record_number"": 2950, ""operation_mode"": 0, ""state"": 0, ""battery_voltage"": 0, ""wifi_rssi"": -88, ""acc_data"": {""ax"": -0.38, ""ay"": 0.1, ""az"": 0.89, ""pitch"": -22.7, ""roll"": 6.84}, ""gyro_data"": {""gx"": -9.54, ""gy"": -2.96, ""gz"": -3.75}, ""gps_data"": {""latitude"": 0, ""longitude"": 0, ""gps_altitude"": 0, ""time"": 255363}, ""alt_data"": {""pressure"": 853.04, ""temperature"": 27.38, ""AGL"": -1, ""velocity"": 0, ""kalman_altitude"": -1, ""kalman_vertical_velocity"": -2.67}, ""chute_state"": {""pyro1_state"": 0, ""pyro2_state"": 0}, ""connection_status"": {""connected"": true, ""has_ever_connected"": true, ""packet_age_ms"": 0, ""timeout_exceeded"": false, ""rssi"": -88}, ""communication_mode"": ""BEACON"", ""timestamp"": 140245, ""packets_received"": 459, ""kalman_data"": {""altitude"": -1, ""vertical_velocity"": -2.67}, ""kalman_altitude"": -1, ""kalman_vertical_velocity"": -2.67, ""pyroDrogue"": 0, ""pyroMain"": 0, ""pyro1_state"": 0, ""pyro2_state"": 0}"
1768315515.450085,2026-01-13T17:45:15.450085,2951,0,0,-0.38,0.11,0.89,-22.52,6.62,-8.45,-3.14,-4.18,0,0,0,255363,853.08,27.39,-1.33,0,0,0,0,-89,-1.33,-2.72,BEACON,"{""record_number"": 2951, ""operation_mode"": 0, ""state"": 0, ""battery_voltage"": 0, ""wifi_rssi"": -89, ""acc_data"": {""ax"": -0.38, ""ay"": 0.11, ""az"": 0.89, ""pitch"": -22.52, ""roll"": 6.62}, ""gyro_data"": {""gx"": -8.45, ""gy"": -3.14, ""gz"": -4.18}, ""gps_data"": {""latitude"": 0, ""longitude"": 0, ""gps_altitude"": 0, ""time"": 255363}, ""alt_data"": {""pressure"": 853.08, ""temperature"": 27.39, ""AGL"": -1.33, ""velocity"": 0, ""kalman_altitude"": -1.33, ""kalman_vertical_velocity"": -2.72}, ""chute_state"": {""pyro1_state"": 0, ""pyro2_state"": 0}, ""connection_status"": {""connected"": true, ""has_ever_connected"": true, ""packet_age_ms"": 0, ""timeout_exceeded"": false, ""rssi"": -89}, ""communication_mode"": ""BEACON"", ""timestamp"": 140361, ""packets_received"": 460, ""kalman_data"": {""altitude"": -1.33, ""vertical_velocity"": -2.72}, ""kalman_altitude"": -1.33, ""kalman_vertical_velocity"": -2.72, ""pyroDrogue"": 0, ""pyroMain"": 0, ""pyro1_state"": 0, ""pyro2_state"": 0}"
1768315519.978127,2026-01-13T17:45:19.978127,2951,0,0,-0.38,0.11,0.89,-22.52,6.62,-8.45,-3.14,-4.18,0,0,0,255563,853.1,27.37,-1.53,0,0,0,0,-88,-1.53,-2.75,BEACON,"{""record_number"": 2951, ""operation_mode"": 0, ""state"": 0, ""battery_voltage"": 0, ""wifi_rssi"": -88, ""acc_data"": {""ax"": -0.38, ""ay"": 0.11, ""az"": 0.89, ""pitch"": -22.52, ""roll"": 6.62}, ""gyro_data"": {""gx"": -8.45, ""gy"": -3.14, ""gz"": -4.18}, ""gps_data"": {""latitude"": 0, ""longitude"": 0, ""gps_altitude"": 0, ""time"": 255563}, ""alt_data"": {""pressure"": 853.1, ""temperature"": 27.37, ""AGL"": -1.53, ""velocity"": 0, ""kalman_altitude"": -1.53, ""kalman_vertical_velocity"": -2.75}, ""chute_state"": {""pyro1_state"": 0, ""pyro2_state"": 0}, ""connection_status"": {""connected"": true, ""has_ever_connected"": true, ""packet_age_ms"": 0, ""timeout_exceeded"": false, ""rssi"": -88}, ""communication_mode"": ""BEACON"", ""timestamp"": 140476, ""packets_received"": 461, ""kalman_data"": {""altitude"": -1.53, ""vertical_velocity"": -2.75}, ""kalman_altitude"": -1.53, ""kalman_vertical_velocity"": -2.75, ""pyroDrogue"": 0, ""pyroMain"": 0, ""pyro1_state"": 0, ""pyro2_state"": 0}"
1768315521.063975,2026-01-13T17:45:21.063975,2954,0,0,-0.39,0.1,0.89,-22.88,6.67,-10.03,-4.15,-3.72,0,0,0,255769,853.06,27.38,-1.18,0,0,0,0,-88,-1.18,-2.7,BEACON,"{""record_number"": 2954, ""operation_mode"": 0, ""state"": 0, ""battery_voltage"": 0, ""wifi_rssi"": -88, ""acc_data"": {""ax"": -0.39, ""ay"": 0.1, ""az"": 0.89, ""pitch"": -22.88, ""roll"": 6.67}, ""gyro_data"": {""gx"": -10.03, ""gy"": -4.15, ""gz"": -3.72}, ""gps_data"": {""latitude"": 0, ""longitude"": 0, ""gps_altitude"": 0, ""time"": 255769}, ""alt_data"": {""pressure"": 853.06, ""temperature"": 27.38, ""AGL"": -1.18, ""velocity"": 0, ""kalman_altitude"": -1.18, ""kalman_vertical_velocity"": -2.7}, ""chute_state"": {""pyro1_state"": 0, ""pyro2_state"": 0}, ""connection_status"": {""connected"": true, ""has_ever_connected"": true, ""packet_age_ms"": 1, ""timeout_exceeded"": false, ""rssi"": -88}, ""communication_mode"": ""BEACON"", ""timestamp"": 140589, ""packets_received"": 462, ""kalman_data"": {""altitude"": -1.18, ""vertical_velocity"": -2.7}, ""kalman_altitude"": -1.18, ""kalman_vertical_velocity"": -2.7, ""pyroDrogue"": 0, ""pyroMain"": 0, ""pyro1_state"": 0, ""pyro2_state"": 0}"
1768315523.346583,2026-01-13T17:45:23.346583,2957,0,0,-0.38,0.11,0.9,-22.52,6.75,-9.45,-2.77,-3.14,0,0,0,255969,853.05,27.37,-1.1,0,0,0,0,-88,-1.1,-2.69,BEACON,"{""record_number"": 2957, ""operation_mode"": 0, ""state"": 0, ""battery_voltage"": 0, ""wifi_rssi"": -88, ""acc_data"": {""ax"": -0.38, ""ay"": 0.11, ""az"": 0.9, ""pitch"": -22.52, ""roll"": 6.75}, ""gyro_data"": {""gx"": -9.45, ""gy"": -2.77, ""gz"": -3.14}, ""gps_data"": {""latitude"": 0, ""longitude"": 0, ""gps_altitude"": 0, ""time"": 255969}, ""alt_data"": {""pressure"": 853.05, ""temperature"": 27.37, ""AGL"": -1.1, ""velocity"": 0, ""kalman_altitude"": -1.1, ""kalman_vertical_velocity"": -2.69}, ""chute_state"": {""pyro1_state"": 0, ""pyro2_state"": 0}, ""connection_status"": {""connected"": true, ""has_ever_connected"": true, ""packet_age_ms"": 0, ""timeout_exceeded"": false, ""rssi"": -88}, ""communication_mode"": ""BEACON"", ""timestamp"": 140810, ""packets_received"": 463, ""kalman_data"": {""altitude"": -1.1, ""vertical_velocity"": -2.69}, ""kalman_altitude"": -1.1, ""kalman_vertical_velocity"": -2.69, ""pyroDrogue"": 0, ""pyroMain"": 0, ""pyro1_state"": 0, ""pyro2_state"": 0}"
1768315524.246165,2026-01-13T17:45:24.246165,2958,0,0,-0.38,0.1,0.88,-22.64,6.8,-9.27,-3.84,-3.45,0,0,0,255969,853.11,27.39,-1.66,0,0,0,0,-90,-1.66,-2.77,BEACON,"{""record_number"": 2958, ""operation_mode"": 0, ""state"": 0, ""battery_voltage"": 0, ""wifi_rssi"": -90, ""acc_data"": {""ax"": -0.38, ""ay"": 0.1, ""az"": 0.88, ""pitch"": -22.64, ""roll"": 6.8}, ""gyro_data"": {""gx"": -9.27, ""gy"": -3.84, ""gz"": -3.45}, ""gps_data"": {""latitude"": 0, ""longitude"": 0, ""gps_altitude"": 0, ""time"": 255969}, ""alt_data"": {""pressure"": 853.11, ""temperature"": 27.39, ""AGL"": -1.66, ""velocity"": 0, ""kalman_altitude"": -1.66, ""kalman_vertical_velocity"": -2.77}, ""chute_state"": {""pyro1_state"": 0, ""pyro2_state"": 0}, ""connection_status"": {""connected"": true, ""has_ever_connected"": true, ""packet_age_ms"": 0, ""timeout_exceeded"": false, ""rssi"": -90}, ""communication_mode"": ""BEACON"", ""timestamp"": 140920, ""packets_received"": 464, ""kalman_data"": {""altitude"": -1.66, ""vertical_velocity"": -2.77}, ""kalman_altitude"": -1.66, ""kalman_vertical_velocity"": -2.77, ""pyroDrogue"": 0, ""pyroMain"": 0, ""pyro1_state"": 0, ""pyro2_state"": 0}"
1768315525.326725,2026-01-13T17:45:25.326725,2959,0,0,-0.38,0.1,0.88,-22.52,6.58,-9.79,-3.72,-3.48,0,0,0,256169,853.1,27.38,-1.57,0,0,0,0,-87,-1.58,-2.76,BEACON,"{""record_number"": 2959, ""operation_mode"": 0, ""state"": 0, ""battery_voltage"": 0, ""wifi_rssi"": -87, ""acc_data"": {""ax"": -0.38, ""ay"": 0.1, ""az"": 0.88, ""pitch"": -22.52, ""roll"": 6.58}, ""gyro_data"": {""gx"": -9.79, ""gy"": -3.72, ""gz"": -3.48}, ""gps_data"": {""latitude"": 0, ""longitude"": 0, ""gps_altitude"": 0, ""time"": 256169}, ""alt_data"": {""pressure"": 853.1, ""temperature"": 27.38, ""AGL"": -1.57, ""velocity"": 0, ""kalman_altitude"": -1.58, ""kalman_vertical_velocity"": -2.76}, ""chute_state"": {""pyro1_state"": 0, ""pyro2_state"": 0}, ""connection_status"": {""connected"": true, ""has_ever_connected"": true, ""packet_age_ms"": 0, ""timeout_exceeded"": false, ""rssi"": -87}, ""communication_mode"": ""BEACON"", ""timestamp"": 141034, ""packets_received"": 465, ""kalman_data"": {""altitude"": -1.58, ""vertical_velocity"": -2.76}, ""kalman_altitude"": -1.58, ""kalman_vertical_velocity"": -2.76, ""pyroDrogue"": 0, ""pyroMain"": 0, ""pyro1_state"": 0, ""pyro2_state"": 0}"
1768315525.615037,2026-01-13T17:45:25.615037,2961,0,0,-0.38,0.11,0.89,-22.43,7.13,-8.54,-2.16,-4.02,0,0,0,256169,853.05,27.37,-1.1,0,0,0,0,-87,-1.11,-2.69,BEACON,"{""record_number"": 2961, ""operation_mode"": 0, ""state"": 0, ""battery_voltage"": 0, ""wifi_rssi"": -87, ""acc_data"": {""ax"": -0.38, ""ay"": 0.11, ""az"": 0.89, ""pitch"": -22.43, ""roll"": 7.13}, ""gyro_data"": {""gx"": -8.54, ""gy"": -2.16, ""gz"": -4.02}, ""gps_data"": {""latitude"": 0, ""longitude"": 0, ""gps_altitude"": 0, ""time"": 256169}, ""alt_data"": {""pressure"": 853.05, ""temperature"": 27.37, ""AGL"": -1.1, ""velocity"": 0, ""kalman_altitude"": -1.11, ""kalman_vertical_velocity"": -2.69}, ""chute_state"": {""pyro1_state"": 0, ""pyro2_state"": 0}, ""connection_status"": {""connected"": true, ""has_ever_connected"": true, ""packet_age_ms"": 0, ""timeout_exceeded"": false, ""rssi"": -87}, ""communication_mode"": ""BEACON"", ""timestamp"": 141146, ""packets_received"": 466, ""kalman_data"": {""altitude"": -1.11, ""vertical_velocity"": -2.69}, ""kalman_altitude"": -1.11, ""kalman_vertical_velocity"": -2.69, ""pyroDrogue"": 0, ""pyroMain"": 0, ""pyro1_state"": 0, ""pyro2_state"": 0}"
1768315525.843805,2026-01-13T17:45:25.843805,2962,0,0,-0.38,0.1,0.88,-22.37,6.8,-8.93,-3.32,-3.26,0,0,0,256369,853.02,27.37,-0.74,0,0,0,0,-87,-0.75,-2.64,BEACON,"{""record_number"": 2962, ""operation_mode"": 0, ""state"": 0, ""battery_voltage"": 0, ""wifi_rssi"": -87, ""acc_data"": {""ax"": -0.38, ""ay"": 0.1, ""az"": 0.88, ""pitch"": -22.37, ""roll"": 6.8}, ""gyro_data"": {""gx"": -8.93, ""gy"": -3.32, ""gz"": -3.26}, ""gps_data"": {""latitude"": 0, ""longitude"": 0, ""gps_altitude"": 0, ""time"": 256369}, ""alt_data"": {""pressure"": 853.02, ""temperature"": 27.37, ""AGL"": -0.74, ""velocity"": 0, ""kalman_altitude"": -0.75, ""kalman_vertical_velocity"": -2.64}, ""chute_state"": {""pyro1_state"": 0, ""pyro2_state"": 0}, ""connection_status"": {""connected"": true, ""has_ever_connected"": true, ""packet_age_ms"": 0, ""timeout_exceeded"": false, ""rssi"": -87}, ""communication_mode"": ""BEACON"", ""timestamp"": 141259, ""packets_received"": 467, ""kalman_data"": {""altitude"": -0.75, ""vertical_velocity"": -2.64}, ""kalman_altitude"": -0.75, ""kalman_vertical_velocity"": -2.64, ""pyroDrogue"": 0, ""pyroMain"": 0, ""pyro1_state"": 0, ""pyro2_state"": 0}"
1768315525.992678,2026-01-13T17:45:25.992678,2963,0,0,-0.38,0.11,0.88,-22.37,6.72,-9.24,-2.04,-3.63,0,0,0,256369,853.01,27.37,-0.67,0,0,0,0,-88,-0.67,-2.63,BEACON,"{""record_number"": 2963, ""operation_mode"": 0, ""state"": 0, ""battery_voltage"": 0, ""wifi_rssi"": -88, ""acc_data"": {""ax"": -0.38, ""ay"": 0.11, ""az"": 0.88, ""pitch"": -22.37, ""roll"": 6.72}, ""gyro_data"": {""gx"": -9.24, ""gy"": -2.04, ""gz"": -3.63}, ""gps_data"": {""latitude"": 0, ""longitude"": 0, ""gps_altitude"": 0, ""time"": 256369}, ""alt_data"": {""pressure"": 853.01, ""temperature"": 27.37, ""AGL"": -0.67, ""velocity"": 0, ""kalman_altitude"": -0.67, ""kalman_vertical_velocity"": -2.63}, ""chute_state"": {""pyro1_state"": 0, ""pyro2_state"": 0}, ""connection_status"": {""connected"": true, ""has_ever_connected"": true, ""packet_age_ms"": 0, ""timeout_exceeded"": false, ""rssi"": -88}, ""communication_mode"": ""BEACON"", ""timestamp"": 141371, ""packets_received"": 468, ""kalman_data"": {""altitude"": -0.67, ""vertical_velocity"": -2.63}, ""kalman_altitude"": -0.67, ""kalman_vertical_velocity"": -2.63, ""pyroDrogue"": 0, ""pyroMain"": 0, ""pyro1_state"": 0, ""pyro2_state"": 0}"
1768315526.36445,2026-01-13T17:45:26.364450,2965,0,0,-0.38,0.11,0.88,-22.21,6.62,-9.33,-2.93,-3.48,0,0,0,256568,853.04,27.37,-0.92,0,0,0,0,-88,-0.92,-2.67,BEACON,"{""record_number"": 2965, ""operation_mode"": 0, ""state"": 0, ""battery_voltage"": 0, ""wifi_rssi"": -88, ""acc_data"": {""ax"": -0.38, ""ay"": 0.11, ""az"": 0.88, ""pitch"": -22.21, ""roll"": 6.62}, ""gyro_data"": {""gx"": -9.33, ""gy"": -2.93, ""gz"": -3.48}, ""gps_data"": {""latitude"": 0, ""longitude"": 0, ""gps_altitude"": 0, ""time"": 256568}, ""alt_data"": {""pressure"": 853.04, ""temperature"": 27.37, ""AGL"": -0.92, ""velocity"": 0, ""kalman_altitude"": -0.92, ""kalman_vertical_velocity"": -2.67}, ""chute_state"": {""pyro1_state"": 0, ""pyro2_state"": 0}, ""connection_status"": {""connected"": true, ""has_ever_connected"": true, ""packet_age_ms"": 0, ""timeout_exceeded"": false, ""rssi"": -88}, ""communication_mode"": ""BEACON"", ""timestamp"": 141487, ""packets_received"": 469, ""kalman_data"": {""altitude"": -0.92, ""vertical_velocity"": -2.67}, ""kalman_altitude"": -0.92, ""kalman_vertical_velocity"": -2.67, ""pyroDrogue"": 0, ""pyroMain"": 0, ""pyro1_state"": 0, ""pyro2_state"": 0}"
1768315526.547186,2026-01-13T17:45:26.547186,2966,0,0,-0.39,0.11,0.88,-22.4,6.75,-9.05,-3.17,-4.39,0,0,0,256773,853.07,27.37,-1.28,0,0,0,0,-88,-1.28,-2.72,BEACON,"{""record_number"": 2966, ""operation_mode"": 0, ""state"": 0, ""battery_voltage"": 0, ""wifi_rssi"": -88, ""acc_data"": {""ax"": -0.39, ""ay"": 0.11, ""az"": 0.88, ""pitch"": -22.4, ""roll"": 6.75}, ""gyro_data"": {""gx"": -9.05, ""gy"": -3.17, ""gz"": -4.39}, ""gps_data"": {""latitude"": 0, ""longitude"": 0, ""gps_altitude"": 0, ""time"": 256773}, ""alt_data"": {""pressure"": 853.07, ""temperature"": 27.37, ""AGL"": -1.28, ""velocity"": 0, ""kalman_altitude"": -1.28, ""kalman_vertical_velocity"": -2.72}, ""chute_state"": {""pyro1_state"": 0, ""pyro2_state"": 0}, ""connection_status"": {""connected"": true, ""has_ever_connected"": true, ""packet_age_ms"": 0, ""timeout_exceeded"": false, ""rssi"": -88}, ""communication_mode"": ""BEACON"", ""timestamp"": 141598, ""packets_received"": 470, ""kalman_data"": {""altitude"": -1.28, ""vertical_velocity"": -2.72}, ""kalman_altitude"": -1.28, ""kalman_vertical_velocity"": -2.72, ""pyroDrogue"": 0, ""pyroMain"": 0, ""pyro1_state"": 0, ""pyro2_state"": 0}"
1768315526.681292,2026-01-13T17:45:26.681292,2969,0,0,-0.38,0.1,0.88,-22.67,7.15,-9.45,-2.84,-4.33,0,0,0,256974,853.06,27.37,-1.17,0,0,0,0,-87,-1.17,-2.71,BEACON,"{""record_number"": 2969, ""operation_mode"": 0, ""state"": 0, ""battery_voltage"": 0, ""wifi_rssi"": -87, ""acc_data"": {""ax"": -0.38, ""ay"": 0.1, ""az"": 0.88, ""pitch"": -22.67, ""roll"": 7.15}, ""gyro_data"": {""gx"": -9.45, ""gy"": -2.84, ""gz"": -4.33}, ""gps_data"": {""latitude"": 0, ""longitude"": 0, ""gps_altitude"": 0, ""time"": 256974}, ""alt_data"": {""pressure"": 853.06, ""temperature"": 27.37, ""AGL"": -1.17, ""velocity"": 0, ""kalman_altitude"": -1.17, ""kalman_vertical_velocity"": -2.71}, ""chute_state"": {""pyro1_state"": 0, ""pyro2_state"": 0}, ""connection_status"": {""connected"": true, ""has_ever_connected"": true, ""packet_age_ms"": 0, ""timeout_exceeded"": false, ""rssi"": -87}, ""communication_mode"": ""BEACON"", ""timestamp"": 141822, ""packets_received"": 471, ""kalman_data"": {""altitude"": -1.17, ""vertical_velocity"": -2.71}, ""kalman_altitude"": -1.17, ""kalman_vertical_velocity"": -2.71, ""pyroDrogue"": 0, ""pyroMain"": 0, ""pyro1_state"": 0, ""pyro2_state"": 0}"
1768315526.812595,2026-01-13T17:45:26.812595,2970,0,0,-0.38,0.1,0.89,-22.46,6.97,-8.63,-3.81,-3.78,0,0,0,256974,853.04,27.37,-0.96,0,0,0,0,-88,-0.96,-2.68,BEACON,"{""record_number"": 2970, ""operation_mode"": 0, ""state"": 0, ""battery_voltage"": 0, ""wifi_rssi"": -88, ""acc_data"": {""ax"": -0.38, ""ay"": 0.1, ""az"": 0.89, ""pitch"": -22.46, ""roll"": 6.97}, ""gyro_data"": {""gx"": -8.63, ""gy"": -3.81, ""gz"": -3.78}, ""gps_data"": {""latitude"": 0, ""longitude"": 0, ""gps_altitude"": 0, ""time"": 256974}, ""alt_data"": {""pressure"": 853.04, ""temperature"": 27.37, ""AGL"": -0.96, ""velocity"": 0, ""kalman_altitude"": -0.96, ""kalman_vertical_velocity"": -2.68}, ""chute_state"": {""pyro1_state"": 0, ""pyro2_state"": 0}, ""connection_status"": {""connected"": true, ""has_ever_connected"": true, ""packet_age_ms"": 0, ""timeout_exceeded"": false, ""rssi"": -88}, ""communication_mode"": ""BEACON"", ""timestamp"": 141934, ""packets_received"": 472, ""kalman_data"": {""altitude"": -0.96, ""vertical_velocity"": -2.68}, ""kalman_altitude"": -0.96, ""kalman_vertical_velocity"": -2.68, ""pyroDrogue"": 0, ""pyroMain"": 0, ""pyro1_state"": 0, ""pyro2_state"": 0}"
1768315527.025722,2026-01-13T17:45:27.025722,2971,0,0,-0.38,0.11,0.88,-22.37,7.03,-9.18,-3.05,-3.69,0,0,0,257174,853.06,27.37,-1.14,0,0,0,0,-88,-1.14,-2.71,BEACON,"{""record_number"": 2971, ""operation_mode"": 0, ""state"": 0, ""battery_voltage"": 0, ""wifi_rssi"": -88, ""acc_data"": {""ax"": -0.38, ""ay"": 0.11, ""az"": 0.88, ""pitch"": -22.37, ""roll"": 7.03}, ""gyro_data"": {""gx"": -9.18, ""gy"": -3.05, ""gz"": -3.69}, ""gps_data"": {""latitude"": 0, ""longitude"": 0, ""gps_altitude"": 0, ""time"": 257174}, ""alt_data"": {""pressure"": 853.06, ""temperature"": 27.37, ""AGL"": -1.14, ""velocity"": 0, ""kalman_altitude"": -1.14, ""kalman_vertical_velocity"": -2.71}, ""chute_state"": {""pyro1_state"": 0, ""pyro2_state"": 0}, ""connection_status"": {""connected"": true, ""has_ever_connected"": true, ""packet_age_ms"": 1, ""timeout_exceeded"": false, ""rssi"": -88}, ""communication_mode"": ""BEACON"", ""timestamp"": 142048, ""packets_received"": 473, ""kalman_data"": {""altitude"": -1.14, ""vertical_velocity"": -2.71}, ""kalman_altitude"": -1.14, ""kalman_vertical_velocity"": -2.71, ""pyroDrogue"": 0, ""pyroMain"": 0, ""pyro1_state"": 0, ""pyro2_state"": 0}"
1768315527.138768,2026-01-13T17:45:27.138768,2972,0,0,-0.38,0.1,0.89,-22.46,6.4,-8.93,-2.2,-3.38,0,0,0,257174,853.06,27.37,-1.14,0,0,0,0,-89,-1.14,-2.71,BEACON,"{""record_number"": 2972, ""operation_mode"": 0, ""state"": 0, ""battery_voltage"": 0, ""wifi_rssi"": -89, ""acc_data"": {""ax"": -0.38, ""ay"": 0.1, ""az"": 0.89, ""pitch"": -22.46, ""roll"": 6.4}, ""gyro_data"": {""gx"": -8.93, ""gy"": -2.2, ""gz"": -3.38}, ""gps_data"": {""latitude"": 0, ""longitude"": 0, ""gps_altitude"": 0, ""time"": 257174}, ""alt_data"": {""pressure"": 853.06, ""temperature"": 27.37, ""AGL"": -1.14, ""velocity"": 0, ""kalman_altitude"": -1.14, ""kalman_vertical_velocity"": -2.71}, ""chute_state"": {""pyro1_state"": 0, ""pyro2_state"": 0}, ""connection_status"": {""connected"": true, ""has_ever_connected"": true, ""packet_age_ms"": 0, ""timeout_exceeded"": false, ""rssi"": -89}, ""communication_mode"": ""BEACON"", ""timestamp"": 142160, ""packets_received"": 474, ""kalman_data"": {""altitude"": -1.14, ""vertical_velocity"": -2.71}, ""kalman_altitude"": -1.14, ""kalman_vertical_velocity"": -2.71, ""pyroDrogue"": 0, ""pyroMain"": 0, ""pyro1_state"": 0, ""pyro2_state"": 0}"
1768315527.275743,2026-01-13T17:45:27.275743,3308,0,0,-0.38,0.1,0.89,-22.79,6.71,-8.69,-3.75,-4.02,0,0,0,285927,853.08,27.42,-1.37,0,0,0,0,-88,-1.37,-3.03,BEACON,"{""record_number"": 3308, ""operation_mode"": 0, ""state"": 0, ""battery_voltage"": 0, ""wifi_rssi"": -88, ""acc_data"": {""ax"": -0.38, ""ay"": 0.1, ""az"": 0.89, ""pitch"": -22.79, ""roll"": 6.71}, ""gyro_data"": {""gx"": -8.69, ""gy"": -3.75, ""gz"": -4.02}, ""gps_data"": {""latitude"": 0, ""longitude"": 0, ""gps_altitude"": 0, ""time"": 285927}, ""alt_data"": {""pressure"": 853.08, ""temperature"": 27.42, ""AGL"": -1.37, ""velocity"": 0, ""kalman_altitude"": -1.37, ""kalman_vertical_velocity"": -3.03}, ""chute_state"": {""pyro1_state"": 0, ""pyro2_state"": 0}, ""connection_status"": {""connected"": true, ""has_ever_connected"": true, ""packet_age_ms"": 0, ""timeout_exceeded"": false, ""rssi"": -88}, ""communication_mode"": ""BEACON"", ""timestamp"": 170769, ""packets_received"": 722, ""kalman_data"": {""altitude"": -1.37, ""vertical_velocity"": -3.03}, ""kalman_altitude"": -1.37, ""kalman_vertical_velocity"": -3.03, ""pyroDrogue"": 0, ""pyroMain"": 0, ""pyro1_state"": 0, ""pyro2_state"": 0}"
1768315527.412749,2026-01-13T17:45:27.412749,3312,0,0,-0.38,0.11,0.89,-22.85,6.56,-9.36,-3.11,-3.45,0,0,0,286127,853.09,27.43,-1.42,0,0,0,0,-88,-1.41,-3.03,BEACON,"{""record_number"": 3312, ""operation_mode"": 0, ""state"": 0, ""battery_voltage"": 0, ""wifi_rssi"": -88, ""acc_data"": {""ax"": -0.38, ""ay"": 0.11, ""az"": 0.89, ""pitch"": -22.85, ""roll"": 6.56}, ""gyro_data"": {""gx"": -9.36, ""gy"": -3.11, ""gz"": -3.45}, ""gps_data"": {""latitude"": 0, ""longitude"": 0, ""gps_altitude"": 0, ""time"": 286127}, ""alt_data"": {""pressure"": 853.09, ""temperature"": 27.43, ""AGL"": -1.42, ""velocity"": 0, ""kalman_altitude"": -1.41, ""kalman_vertical_velocity"": -3.03}, ""chute_state"": {""pyro1_state"": 0, ""pyro2_state"": 0}, ""connection_status"": {""connected"": true, ""has_ever_connected"": true, ""packet_age_ms"": 1, ""timeout_exceeded"": false, ""rssi"": -88}, ""communication_mode"": ""BEACON"", ""timestamp"": 171105, ""packets_received"": 723, ""kalman_data"": {""altitude"": -1.41, ""vertical_velocity"": -3.03}, ""kalman_altitude"": -1.41, ""kalman_vertical_velocity"": -3.03, ""pyroDrogue"": 0, ""pyroMain"": 0, ""pyro1_state"": 0, ""pyro2_state"": 0}"
1768315527.511747,2026-01-13T17:45:27.511747,3313,0,0,-0.38,0.1,0.89,-22.49,6.57,-9.09,-2.99,-3.32,0,0,0,286328,853.09,27.43,-1.49,0,0,0,0,-88,-1.49,-3.05,BEACON,"{""record_number"": 3313, ""operation_mode"": 0, ""state"": 0, ""battery_voltage"": 0, ""wifi_rssi"": -88, ""acc_data"": {""ax"": -0.38, ""ay"": 0.1, ""az"": 0.89, ""pitch"": -22.49, ""roll"": 6.57}, ""gyro_data"": {""gx"": -9.09, ""gy"": -2.99, ""gz"": -3.32}, ""gps_data"": {""latitude"": 0, ""longitude"": 0, ""gps_altitude"": 0, ""time"": 286328}, ""alt_data"": {""pressure"": 853.09, ""temperature"": 27.43, ""AGL"": -1.49, ""velocity"": 0, ""kalman_altitude"": -1.49, ""kalman_vertical_velocity"": -3.05}, ""chute_state"": {""pyro1_state"": 0, ""pyro2_state"": 0}, ""connection_status"": {""connected"": true, ""has_ever_connected"": true, ""packet_age_ms"": 0, ""timeout_exceeded"": false, ""rssi"": -88}, ""communication_mode"": ""BEACON"", ""timestamp"": 171217, ""packets_received"": 724, ""kalman_data"": {""altitude"": -1.49, ""vertical_velocity"": -3.05}, ""kalman_altitude"": -1.49, ""kalman_vertical_velocity"": -3.05, ""pyroDrogue"": 0, ""pyroMain"": 0, ""pyro1_state"": 0, ""pyro2_state"": 0}"
1768315527.691696,2026-01-13T17:45:27.691696,3315,0,0,-0.38,0.11,0.89,-22.82,6.56,-8.99,-2.38,-3.96,0,0,0,286328,853.06,27.42,-1.19,0,0,0,0,-89,-1.2,-3.01,BEACON,"{""record_number"": 3315, ""operation_mode"": 0, ""state"": 0, ""battery_voltage"": 0, ""wifi_rssi"": -89, ""acc_data"": {""ax"": -0.38, ""ay"": 0.11, ""az"": 0.89, ""pitch"": -22.82, ""roll"": 6.56}, ""gyro_data"": {""gx"": -8.99, ""gy"": -2.38, ""gz"": -3.96}, ""gps_data"": {""latitude"": 0, ""longitude"": 0, ""gps_altitude"": 0, ""time"": 286328}, ""alt_data"": {""pressure"": 853.06, ""temperature"": 27.42, ""AGL"": -1.19, ""velocity"": 0, ""kalman_altitude"": -1.2, ""kalman_vertical_velocity"": -3.01}, ""chute_state"": {""pyro1_state"": 0, ""pyro2_state"": 0}, ""connection_status"": {""connected"": true, ""has_ever_connected"": true, ""packet_age_ms"": 0, ""timeout_exceeded"": false, ""rssi"": -89}, ""communication_mode"": ""BEACON"", ""timestamp"": 171332, ""packets_received"": 725, ""kalman_data"": {""altitude"": -1.2, ""vertical_velocity"": -3.01}, ""kalman_altitude"": -1.2, ""kalman_vertical_velocity"": -3.01, ""pyroDrogue"": 0, ""pyroMain"": 0, ""pyro1_state"": 0, ""pyro2_state"": 0}"
1768315527.789698,2026-01-13T17:45:27.789698,3316,0,0,-0.38,0.11,0.89,-22.21,7.25,-9.12,-3.81,-4.45,0,0,0,286528,853.07,27.42,-1.23,0,0,0,0,-87,-1.23,-3.01,BEACON,"{""record_number"": 3316, ""operation_mode"": 0, ""state"": 0, ""battery_voltage"": 0, ""wifi_rssi"": -87, ""acc_data"": {""ax"": -0.38, ""ay"": 0.11, ""az"": 0.89, ""pitch"": -22.21, ""roll"": 7.25}, ""gyro_data"": {""gx"": -9.12, ""gy"": -3.81, ""gz"": -4.45}, ""gps_data"": {""latitude"": 0, ""longitude"": 0, ""gps_altitude"": 0, ""time"": 286528}, ""alt_data"": {""pressure"": 853.07, ""temperature"": 27.42, ""AGL"": -1.23, ""velocity"": 0, ""kalman_altitude"": -1.23, ""kalman_vertical_velocity"": -3.01}, ""chute_state"": {""pyro1_state"": 0, ""pyro2_state"": 0}, ""connection_status"": {""connected"": true, ""has_ever_connected"": true, ""packet_age_ms"": 0, ""timeout_exceeded"": false, ""rssi"": -87}, ""communication_mode"": ""BEACON"", ""timestamp"": 171443, ""packets_received"": 726, ""kalman_data"": {""altitude"": -1.23, ""vertical_velocity"": -3.01}, ""kalman_altitude"": -1.23, ""kalman_vertical_velocity"": -3.01, ""pyroDrogue"": 0, ""pyroMain"": 0, ""pyro1_state"": 0, ""pyro2_state"": 0}"
1768315528.158696,2026-01-13T17:45:28.158696,3317,0,0,-0.38,0.11,0.88,-22.31,6.87,-8.75,-2.65,-3.45,0,0,0,286732,853.04,27.42,-0.94,0,0,0,0,-87,-0.94,-2.98,BEACON,"{""record_number"": 3317, ""operation_mode"": 0, ""state"": 0, ""battery_voltage"": 0, ""wifi_rssi"": -87, ""acc_data"": {""ax"": -0.38, ""ay"": 0.11, ""az"": 0.88, ""pitch"": -22.31, ""roll"": 6.87}, ""gyro_data"": {""gx"": -8.75, ""gy"": -2.65, ""gz"": -3.45}, ""gps_data"": {""latitude"": 0, ""longitude"": 0, ""gps_altitude"": 0, ""time"": 286732}, ""alt_data"": {""pressure"": 853.04, ""temperature"": 27.42, ""AGL"": -0.94, ""velocity"": 0, ""kalman_altitude"": -0.94, ""kalman_vertical_velocity"": -2.98}, ""chute_state"": {""pyro1_state"": 0, ""pyro2_state"": 0}, ""connection_status"": {""connected"": true, ""has_ever_connected"": true, ""packet_age_ms"": 0, ""timeout_exceeded"": false, ""rssi"": -87}, ""communication_mode"": ""BEACON"", ""timestamp"": 171557, ""packets_received"": 727, ""kalman_data"": {""altitude"": -0.94, ""vertical_velocity"": -2.98}, ""kalman_altitude"": -0.94, ""kalman_vertical_velocity"": -2.98, ""pyroDrogue"": 0, ""pyroMain"": 0, ""pyro1_state"": 0, ""pyro2_state"": 0}"
1768315528.294684,2026-01-13T17:45:28.294684,3319,0,0,-0.38,0.1,0.88,-22.31,6.9,-9.33,-3.05,-3.11,0,0,0,286732,853.07,27.42,-1.3,0,0,0,0,-89,-1.3,-3.02,BEACON,"{""record_number"": 3319, ""operation_mode"": 0, ""state"": 0, ""battery_voltage"": 0, ""wifi_rssi"": -89, ""acc_data"": {""ax"": -0.38, ""ay"": 0.1, ""az"": 0.88, ""pitch"": -22.31, ""roll"": 6.9}, ""gyro_data"": {""gx"": -9.33, ""gy"": -3.05, ""gz"": -3.11}, ""gps_data"": {""latitude"": 0, ""longitude"": 0, ""gps_altitude"": 0, ""time"": 286732}, ""alt_data"": {""pressure"": 853.07, ""temperature"": 27.42, ""AGL"": -1.3, ""velocity"": 0, ""kalman_altitude"": -1.3, ""kalman_vertical_velocity"": -3.02}, ""chute_state"": {""pyro1_state"": 0, ""pyro2_state"": 0}, ""connection_status"": {""connected"": true, ""has_ever_connected"": true, ""packet_age_ms"": 0, ""timeout_exceeded"": false, ""rssi"": -89}, ""communication_mode"": ""BEACON"", ""timestamp"": 171669, ""packets_received"": 728, ""kalman_data"": {""altitude"": -1.3, ""vertical_velocity"": -3.02}, ""kalman_altitude"": -1.3, ""kalman_vertical_velocity"": -3.02, ""pyroDrogue"": 0, ""pyroMain"": 0, ""pyro1_state"": 0, ""pyro2_state"": 0}"
1768315528.457684,2026-01-13T17:45:28.457684,3321,0,0,-0.39,0.1,0.89,-22.61,6.84,-8.99,-4.02,-3.54,0,0,0,286933,853.1,27.43,-1.59,0,0,0,0,-86,-1.59,-3.07,BEACON,"{""record_number"": 3321, ""operation_mode"": 0, ""state"": 0, ""battery_voltage"": 0, ""wifi_rssi"": -86, ""acc_data"": {""ax"": -0.39, ""ay"": 0.1, ""az"": 0.89, ""pitch"": -22.61, ""roll"": 6.84}, ""gyro_data"": {""gx"": -8.99, ""gy"": -4.02, ""gz"": -3.54}, ""gps_data"": {""latitude"": 0, ""longitude"": 0, ""gps_altitude"": 0, ""time"": 286933}, ""alt_data"": {""pressure"": 853.1, ""temperature"": 27.43, ""AGL"": -1.59, ""velocity"": 0, ""kalman_altitude"": -1.59, ""kalman_vertical_velocity"": -3.07}, ""chute_state"": {""pyro1_state"": 0, ""pyro2_state"": 0}, ""connection_status"": {""connected"": true, ""has_ever_connected"": true, ""packet_age_ms"": 0, ""timeout_exceeded"": false, ""rssi"": -86}, ""communication_mode"": ""BEACON"", ""timestamp"": 171895, ""packets_received"": 729, ""kalman_data"": {""altitude"": -1.59, ""vertical_velocity"": -3.07}, ""kalman_altitude"": -1.59, ""kalman_vertical_velocity"": -3.07, ""pyroDrogue"": 0, ""pyroMain"": 0, ""pyro1_state"": 0, ""pyro2_state"": 0}"
1768315528.622683,2026-01-13T17:45:28.622683,3323,0,0,-0.38,0.11,0.88,-22.46,7.02,-8.72,-2.44,-3.05,0,0,0,287134,853.07,27.42,-1.26,0,0,0,0,-88,-1.26,-3.02,BEACON,"{""record_number"": 3323, ""operation_mode"": 0, ""state"": 0, ""battery_voltage"": 0, ""wifi_rssi"": -88, ""acc_data"": {""ax"": -0.38, ""ay"": 0.11, ""az"": 0.88, ""pitch"": -22.46, ""roll"": 7.02}, ""gyro_data"": {""gx"": -8.72, ""gy"": -2.44, ""gz"": -3.05}, ""gps_data"": {""latitude"": 0, ""longitude"": 0, ""gps_altitude"": 0, ""time"": 287134}, ""alt_data"": {""pressure"": 853.07, ""temperature"": 27.42, ""AGL"": -1.26, ""velocity"": 0, ""kalman_altitude"": -1.26, ""kalman_vertical_velocity"": -3.02}, ""chute_state"": {""pyro1_state"": 0, ""pyro2_state"": 0}, ""connection_status"": {""connected"": true, ""has_ever_connected"": true, ""packet_age_ms"": 0, ""timeout_exceeded"": false, ""rssi"": -88}, ""communication_mode"": ""BEACON"", ""timestamp"": 172008, ""packets_received"": 730, ""kalman_data"": {""altitude"": -1.26, ""vertical_velocity"": -3.02}, ""kalman_altitude"": -1.26, ""kalman_vertical_velocity"": -3.02, ""pyroDrogue"": 0, ""pyroMain"": 0, ""pyro1_state"": 0, ""pyro2_state"": 0}"
1768315528.831364,2026-01-13T17:45:28.831364,3324,0,0,-0.38,0.11,0.89,-22.03,6.52,-9.3,-3.69,-2.8,0,0,0,287134,853.02,27.42,-0.72,0,0,0,0,-87,-0.72,-2.95,BEACON,"{""record_number"": 3324, ""operation_mode"": 0, ""state"": 0, ""battery_voltage"": 0, ""wifi_rssi"": -87, ""acc_data"": {""ax"": -0.38, ""ay"": 0.11, ""az"": 0.89, ""pitch"": -22.03, ""roll"": 6.52}, ""gyro_data"": {""gx"": -9.3, ""gy"": -3.69, ""gz"": -2.8}, ""gps_data"": {""latitude"": 0, ""longitude"": 0, ""gps_altitude"": 0, ""time"": 287134}, ""alt_data"": {""pressure"": 853.02, ""temperature"": 27.42, ""AGL"": -0.72, ""velocity"": 0, ""kalman_altitude"": -0.72, ""kalman_vertical_velocity"": -2.95}, ""chute_state"": {""pyro1_state"": 0, ""pyro2_state"": 0}, ""connection_status"": {""connected"": true, ""has_ever_connected"": true, ""packet_age_ms"": 1, ""timeout_exceeded"": false, ""rssi"": -87}, ""communication_mode"": ""BEACON"", ""timestamp"": 172121, ""packets_received"": 731, ""kalman_data"": {""altitude"": -0.72, ""vertical_velocity"": -2.95}, ""kalman_altitude"": -0.72, ""kalman_vertical_velocity"": -2.95, ""pyroDrogue"": 0, ""pyroMain"": 0, ""pyro1_state"": 0, ""pyro2_state"": 0}"
1768315529.002365,2026-01-13T17:45:29.002365,3325,0,0,-0.39,0.1,0.88,-22.58,6.82,-8.87,-3.48,-3.96,0,0,0,287334,853.02,27.42,-0.8,0,0,0,0,-89,-0.8,-2.96,BEACON,"{""record_number"": 3325, ""operation_mode"": 0, ""state"": 0, ""battery_voltage"": 0, ""wifi_rssi"": -89, ""acc_data"": {""ax"": -0.39, ""ay"": 0.1, ""az"": 0.88, ""pitch"": -22.58, ""roll"": 6.82}, ""gyro_data"": {""gx"": -8.87, ""gy"": -3.48, ""gz"": -3.96}, ""gps_data"": {""latitude"": 0, ""longitude"": 0, ""gps_altitude"": 0, ""time"": 287334}, ""alt_data"": {""pressure"": 853.02, ""temperature"": 27.42, ""AGL"": -0.8, ""velocity"": 0, ""kalman_altitude"": -0.8, ""kalman_vertical_velocity"": -2.96}, ""chute_state"": {""pyro1_state"": 0, ""pyro2_state"": 0}, ""connection_status"": {""connected"": true, ""has_ever_connected"": true, ""packet_age_ms"": 0, ""timeout_exceeded"": false, ""rssi"": -89}, ""communication_mode"": ""BEACON"", ""timestamp"": 172233, ""packets_received"": 732, ""kalman_data"": {""altitude"": -0.8, ""vertical_velocity"": -2.96}, ""kalman_altitude"": -0.8, ""kalman_vertical_velocity"": -2.96, ""pyroDrogue"": 0, ""pyroMain"": 0, ""pyro1_state"": 0, ""pyro2_state"": 0}"
1768315529.188366,2026-01-13T17:45:29.188366,3327,0,0,-0.38,0.11,0.88,-22.67,6.49,-8.9,-3.57,-3.32,0,0,0,287534,853.05,27.42,-1.05,0,0,0,0,-88,-1.05,-3,BEACON,"{""record_number"": 3327, ""operation_mode"": 0, ""state"": 0, ""battery_voltage"": 0, ""wifi_rssi"": -88, ""acc_data"": {""ax"": -0.38, ""ay"": 0.11, ""az"": 0.88, ""pitch"": -22.67, ""roll"": 6.49}, ""gyro_data"": {""gx"": -8.9, ""gy"": -3.57, ""gz"": -3.32}, ""gps_data"": {""latitude"": 0, ""longitude"": 0, ""gps_altitude"": 0, ""time"": 287534}, ""alt_data"": {""pressure"": 853.05, ""temperature"": 27.42, ""AGL"": -1.05, ""velocity"": 0, ""kalman_altitude"": -1.05, ""kalman_vertical_velocity"": -3}, ""chute_state"": {""pyro1_state"": 0, ""pyro2_state"": 0}, ""connection_status"": {""connected"": true, ""has_ever_connected"": true, ""packet_age_ms"": 1, ""timeout_exceeded"": false, ""rssi"": -88}, ""communication_mode"": ""BEACON"", ""timestamp"": 172348, ""packets_received"": 733, ""kalman_data"": {""altitude"": -1.05, ""vertical_velocity"": -3}, ""kalman_altitude"": -1.05, ""kalman_vertical_velocity"": -3, ""pyroDrogue"": 0, ""pyroMain"": 0, ""pyro1_state"": 0, ""pyro2_state"": 0}"
1768315529.323241,2026-01-13T17:45:29.323241,3328,0,0,-0.39,0.1,0.89,-22.46,6.87,-9.27,-2.56,-4.27,0,0,0,287534,853.1,27.43,-1.57,0,0,0,0,-87,-1.56,-3.07,BEACON,"{""record_number"": 3328, ""operation_mode"": 0, ""state"": 0, ""battery_voltage"": 0, ""wifi_rssi"": -87, ""acc_data"": {""ax"": -0.39, ""ay"": 0.1, ""az"": 0.89, ""pitch"": -22.46, ""roll"": 6.87}, ""gyro_data"": {""gx"": -9.27, ""gy"": -2.56, ""gz"": -4.27}, ""gps_data"": {""latitude"": 0, ""longitude"": 0, ""gps_altitude"": 0, ""time"": 287534}, ""alt_data"": {""pressure"": 853.1, ""temperature"": 27.43, ""AGL"": -1.57, ""velocity"": 0, ""kalman_altitude"": -1.56, ""kalman_vertical_velocity"": -3.07}, ""chute_state"": {""pyro1_state"": 0, ""pyro2_state"": 0}, ""connection_status"": {""connected"": true, ""has_ever_connected"": true, ""packet_age_ms"": 0, ""timeout_exceeded"": false, ""rssi"": -87}, ""communication_mode"": ""BEACON"", ""timestamp"": 172458, ""packets_received"": 734, ""kalman_data"": {""altitude"": -1.56, ""vertical_velocity"": -3.07}, ""kalman_altitude"": -1.56, ""kalman_vertical_velocity"": -3.07, ""pyroDrogue"": 0, ""pyroMain"": 0, ""pyro1_state"": 0, ""pyro2_state"": 0}"
1768315529.535508,2026-01-13T17:45:29.535508,3329,0,0,-0.38,0.11,0.9,-22.58,6.98,-9.24,-3.35,-3.99,0,0,0,287738,853.04,27.42,-1.02,0,0,0,0,-88,-1.02,-3,BEACON,"{""record_number"": 3329, ""operation_mode"": 0, ""state"": 0, ""battery_voltage"": 0, ""wifi_rssi"": -88, ""acc_data"": {""ax"": -0.38, ""ay"": 0.11, ""az"": 0.9, ""pitch"": -22.58, ""roll"": 6.98}, ""gyro_data"": {""gx"": -9.24, ""gy"": -3.35, ""gz"": -3.99}, ""gps_data"": {""latitude"": 0, ""longitude"": 0, ""gps_altitude"": 0, ""time"": 287738}, ""alt_data"": {""pressure"": 853.04, ""temperature"": 27.42, ""AGL"": -1.02, ""velocity"": 0, ""kalman_altitude"": -1.02, ""kalman_vertical_velocity"": -3}, ""chute_state"": {""pyro1_state"": 0, ""pyro2_state"": 0}, ""connection_status"": {""connected"": true, ""has_ever_connected"": true, ""packet_age_ms"": 1, ""timeout_exceeded"": false, ""rssi"": -88}, ""communication_mode"": ""BEACON"", ""timestamp"": 172570, ""packets_received"": 735, ""kalman_data"": {""altitude"": -1.02, ""vertical_velocity"": -3}, ""kalman_altitude"": -1.02, ""kalman_vertical_velocity"": -3, ""pyroDrogue"": 0, ""pyroMain"": 0, ""pyro1_state"": 0, ""pyro2_state"": 0}"
1768315529.609052,2026-01-13T17:45:29.609052,3331,0,0,-0.38,0.11,0.89,-22.25,6.84,-9.21,-3.66,-4.09,0,0,0,287738,853.04,27.42,-1.02,0,0,0,0,-88,-1.02,-3,BEACON,"{""record_number"": 3331, ""operation_mode"": 0, ""state"": 0, ""battery_voltage"": 0, ""wifi_rssi"": -88, ""acc_data"": {""ax"": -0.38, ""ay"": 0.11, ""az"": 0.89, ""pitch"": -22.25, ""roll"": 6.84}, ""gyro_data"": {""gx"": -9.21, ""gy"": -3.66, ""gz"": -4.09}, ""gps_data"": {""latitude"": 0, ""longitude"": 0, ""gps_altitude"": 0, ""time"": 287738}, ""alt_data"": {""pressure"": 853.04, ""temperature"": 27.42, ""AGL"": -1.02, ""velocity"": 0, ""kalman_altitude"": -1.02, ""kalman_vertical_velocity"": -3}, ""chute_state"": {""pyro1_state"": 0, ""pyro2_state"": 0}, ""connection_status"": {""connected"": true, ""has_ever_connected"": true, ""packet_age_ms"": 1, ""timeout_exceeded"": false, ""rssi"": -88}, ""communication_mode"": ""BEACON"", ""timestamp"": 172684, ""packets_received"": 736, ""kalman_data"": {""altitude"": -1.02, ""vertical_velocity"": -3}, ""kalman_altitude"": -1.02, ""kalman_vertical_velocity"": -3, ""pyroDrogue"": 0, ""pyroMain"": 0, ""pyro1_state"": 0, ""pyro2_state"": 0}"
1768315529.726058,2026-01-13T17:45:29.726058,3332,0,0,-0.38,0.1,0.88,-22.7,7.15,-9.27,-3.48,-4.21,0,0,0,287938,853.04,27.42,-0.98,0,0,0,0,-86,-0.98,-2.99,BEACON,"{""record_number"": 3332, ""operation_mode"": 0, ""state"": 0, ""battery_voltage"": 0, ""wifi_rssi"": -86, ""acc_data"": {""ax"": -0.38, ""ay"": 0.1, ""az"": 0.88, ""pitch"": -22.7, ""roll"": 7.15}, ""gyro_data"": {""gx"": -9.27, ""gy"": -3.48, ""gz"": -4.21}, ""gps_data"": {""latitude"": 0, ""longitude"": 0, ""gps_altitude"": 0, ""time"": 287938}, ""alt_data"": {""pressure"": 853.04, ""temperature"": 27.42, ""AGL"": -0.98, ""velocity"": 0, ""kalman_altitude"": -0.98, ""kalman_vertical_velocity"": -2.99}, ""chute_state"": {""pyro1_state"": 0, ""pyro2_state"": 0}, ""connection_status"": {""connected"": true, ""has_ever_connected"": true, ""packet_age_ms"": 0, ""timeout_exceeded"": false, ""rssi"": -86}, ""communication_mode"": ""BEACON"", ""timestamp"": 172795, ""packets_received"": 737, ""kalman_data"": {""altitude"": -0.98, ""vertical_velocity"": -2.99}, ""kalman_altitude"": -0.98, ""kalman_vertical_velocity"": -2.99, ""pyroDrogue"": 0, ""pyroMain"": 0, ""pyro1_state"": 0, ""pyro2_state"": 0}"
1768315529.856878,2026-01-13T17:45:29.856878,3333,0,0,-0.39,0.11,0.89,-22.28,6.37,-8.9,-2.65,-3.96,0,0,0,287938,853.05,27.42,-1.09,0,0,0,0,-88,-1.09,-3.01,BEACON,"{""record_number"": 3333, ""operation_mode"": 0, ""state"": 0, ""battery_voltage"": 0, ""wifi_rssi"": -88, ""acc_data"": {""ax"": -0.39, ""ay"": 0.11, ""az"": 0.89, ""pitch"": -22.28, ""roll"": 6.37}, ""gyro_data"": {""gx"": -8.9, ""gy"": -2.65, ""gz"": -3.96}, ""gps_data"": {""latitude"": 0, ""longitude"": 0, ""gps_altitude"": 0, ""time"": 287938}, ""alt_data"": {""pressure"": 853.05, ""temperature"": 27.42, ""AGL"": -1.09, ""velocity"": 0, ""kalman_altitude"": -1.09, ""kalman_vertical_velocity"": -3.01}, ""chute_state"": {""pyro1_state"": 0, ""pyro2_state"": 0}, ""connection_status"": {""connected"": true, ""has_ever_connected"": true, ""packet_age_ms"": 0, ""timeout_exceeded"": false, ""rssi"": -88}, ""communication_mode"": ""BEACON"", ""timestamp"": 172907, ""packets_received"": 738, ""kalman_data"": {""altitude"": -1.09, ""vertical_velocity"": -3.01}, ""kalman_altitude"": -1.09, ""kalman_vertical_velocity"": -3.01, ""pyroDrogue"": 0, ""pyroMain"": 0, ""pyro1_state"": 0, ""pyro2_state"": 0}"
1768315530.022881,2026-01-13T17:45:30.022881,3335,0,0,-0.38,0.11,0.89,-22.43,7.03,-9.18,-3.14,-4.45,0,0,0,288139,853.05,27.43,-1.06,0,0,0,0,-88,-1.06,-3.01,BEACON,"{""record_number"": 3335, ""operation_mode"": 0, ""state"": 0, ""battery_voltage"": 0, ""wifi_rssi"": -88, ""acc_data"": {""ax"": -0.38, ""ay"": 0.11, ""az"": 0.89, ""pitch"": -22.43, ""roll"": 7.03}, ""gyro_data"": {""gx"": -9.18, ""gy"": -3.14, ""gz"": -4.45}, ""gps_data"": {""latitude"": 0, ""longitude"": 0, ""gps_altitude"": 0, ""time"": 288139}, ""alt_data"": {""pressure"": 853.05, ""temperature"": 27.43, ""AGL"": -1.06, ""velocity"": 0, ""kalman_altitude"": -1.06, ""kalman_vertical_velocity"": -3.01}, ""chute_state"": {""pyro1_state"": 0, ""pyro2_state"": 0}, ""connection_status"": {""connected"": true, ""has_ever_connected"": true, ""packet_age_ms"": 0, ""timeout_exceeded"": false, ""rssi"": -88}, ""communication_mode"": ""BEACON"", ""timestamp"": 173020, ""packets_received"": 739, ""kalman_data"": {""altitude"": -1.06, ""vertical_velocity"": -3.01}, ""kalman_altitude"": -1.06, ""kalman_vertical_velocity"": -3.01, ""pyroDrogue"": 0, ""pyroMain"": 0, ""pyro1_state"": 0, ""pyro2_state"": 0}"
1768315530.124878,2026-01-13T17:45:30.124878,3336,0,0,-0.39,0.11,0.88,-22.46,6.37,-7.74,-2.59,-3.63,0,0,0,288139,853.05,27.42,-1.05,0,0,0,0,-88,-1.05,-3.01,BEACON,"{""record_number"": 3336, ""operation_mode"": 0, ""state"": 0, ""battery_voltage"": 0, ""wifi_rssi"": -88, ""acc_data"": {""ax"": -0.39, ""ay"": 0.11, ""az"": 0.88, ""pitch"": -22.46, ""roll"": 6.37}, ""gyro_data"": {""gx"": -7.74, ""gy"": -2.59, ""gz"": -3.63}, ""gps_data"": {""latitude"": 0, ""longitude"": 0, ""gps_altitude"": 0, ""time"": 288139}, ""alt_data"": {""pressure"": 853.05, ""temperature"": 27.42, ""AGL"": -1.05, ""velocity"": 0, ""kalman_altitude"": -1.05, ""kalman_vertical_velocity"": -3.01}, ""chute_state"": {""pyro1_state"": 0, ""pyro2_state"": 0}, ""connection_status"": {""connected"": true, ""has_ever_connected"": true, ""packet_age_ms"": 0, ""timeout_exceeded"": false, ""rssi"": -88}, ""communication_mode"": ""BEACON"", ""timestamp"": 173134, ""packets_received"": 740, ""kalman_data"": {""altitude"": -1.05, ""vertical_velocity"": -3.01}, ""kalman_altitude"": -1.05, ""kalman_vertical_velocity"": -3.01, ""pyroDrogue"": 0, ""pyroMain"": 0, ""pyro1_state"": 0, ""pyro2_state"": 0}"
1768315530.230879,2026-01-13T17:45:30.230879,3337,0,0,-0.38,0.11,0.89,-22.43,6.29,-9.33,-3.99,-3.96,0,0,0,288339,853.06,27.42,-1.12,0,0,0,0,-88,-1.12,-3.02,BEACON,"{""record_number"": 3337, ""operation_mode"": 0, ""state"": 0, ""battery_voltage"": 0, ""wifi_rssi"": -88, ""acc_data"": {""ax"": -0.38, ""ay"": 0.11, ""az"": 0.89, ""pitch"": -22.43, ""roll"": 6.29}, ""gyro_data"": {""gx"": -9.33, ""gy"": -3.99, ""gz"": -3.96}, ""gps_data"": {""latitude"": 0, ""longitude"": 0, ""gps_altitude"": 0, ""time"": 288339}, ""alt_data"": {""pressure"": 853.06, ""temperature"": 27.42, ""AGL"": -1.12, ""velocity"": 0, ""kalman_altitude"": -1.12, ""kalman_vertical_velocity"": -3.02}, ""chute_state"": {""pyro1_state"": 0, ""pyro2_state"": 0}, ""connection_status"": {""connected"": true, ""has_ever_connected"": true, ""packet_age_ms"": 1, ""timeout_exceeded"": false, ""rssi"": -88}, ""communication_mode"": ""BEACON"", ""timestamp"": 173246, ""packets_received"": 741, ""kalman_data"": {""altitude"": -1.12, ""vertical_velocity"": -3.02}, ""kalman_altitude"": -1.12, ""kalman_vertical_velocity"": -3.02, ""pyroDrogue"": 0, ""pyroMain"": 0, ""pyro1_state"": 0, ""pyro2_state"": 0}"
1768315530.414627,2026-01-13T17:45:30.414627,3340,0,0,-0.39,0.11,0.89,-22.12,7.07,-9.12,-2.93,-3.63,0,0,0,288539,853.07,27.43,-1.24,0,0,0,0,-89,-1.24,-3.03,BEACON,"{""record_number"": 3340, ""operation_mode"": 0, ""state"": 0, ""battery_voltage"": 0, ""wifi_rssi"": -89, ""acc_data"": {""ax"": -0.39, ""ay"": 0.11, ""az"": 0.89, ""pitch"": -22.12, ""roll"": 7.07}, ""gyro_data"": {""gx"": -9.12, ""gy"": -2.93, ""gz"": -3.63}, ""gps_data"": {""latitude"": 0, ""longitude"": 0, ""gps_altitude"": 0, ""time"": 288539}, ""alt_data"": {""pressure"": 853.07, ""temperature"": 27.43, ""AGL"": -1.24, ""velocity"": 0, ""kalman_altitude"": -1.24, ""kalman_vertical_velocity"": -3.03}, ""chute_state"": {""pyro1_state"": 0, ""pyro2_state"": 0}, ""connection_status"": {""connected"": true, ""has_ever_connected"": true, ""packet_age_ms"": 0, ""timeout_exceeded"": false, ""rssi"": -89}, ""communication_mode"": ""BEACON"", ""timestamp"": 173470, ""packets_received"": 742, ""kalman_data"": {""altitude"": -1.24, ""vertical_velocity"": -3.03}, ""kalman_altitude"": -1.24, ""kalman_vertical_velocity"": -3.03, ""pyroDrogue"": 0, ""pyroMain"": 0, ""pyro1_state"": 0, ""pyro2_state"": 0}"
1768315530.576334,2026-01-13T17:45:30.576334,3341,0,0,-0.39,0.11,0.88,-22.73,6.56,-9.15,-3.14,-3.63,0,0,0,288743,853.04,27.42,-1.02,0,0,0,0,-86,-1.02,-3.01,BEACON,"{""record_number"": 3341, ""operation_mode"": 0, ""state"": 0, ""battery_voltage"": 0, ""wifi_rssi"": -86, ""acc_data"": {""ax"": -0.39, ""ay"": 0.11, ""az"": 0.88, ""pitch"": -22.73, ""roll"": 6.56}, ""gyro_data"": {""gx"": -9.15, ""gy"": -3.14, ""gz"": -3.63}, ""gps_data"": {""latitude"": 0, ""longitude"": 0, ""gps_altitude"": 0, ""time"": 288743}, ""alt_data"": {""pressure"": 853.04, ""temperature"": 27.42, ""AGL"": -1.02, ""velocity"": 0, ""kalman_altitude"": -1.02, ""kalman_vertical_velocity"": -3.01}, ""chute_state"": {""pyro1_state"": 0, ""pyro2_state"": 0}, ""connection_status"": {""connected"": true, ""has_ever_connected"": true, ""packet_age_ms"": 0, ""timeout_exceeded"": false, ""rssi"": -86}, ""communication_mode"": ""BEACON"", ""timestamp"": 173588, ""packets_received"": 743, ""kalman_data"": {""altitude"": -1.02, ""vertical_velocity"": -3.01}, ""kalman_altitude"": -1.02, ""kalman_vertical_velocity"": -3.01, ""pyroDrogue"": 0, ""pyroMain"": 0, ""pyro1_state"": 0, ""pyro2_state"": 0}"
1768315530.680869,2026-01-13T17:45:30.680869,3342,0,0,-0.38,0.1,0.88,-22.49,6.76,-8.63,-2.84,-3.57,0,0,0,288743,853.06,27.43,-1.2,0,0,0,0,-88,-1.2,-3.03,BEACON,"{""record_number"": 3342, ""operation_mode"": 0, ""state"": 0, ""battery_voltage"": 0, ""wifi_rssi"": -88, ""acc_data"": {""ax"": -0.38, ""ay"": 0.1, ""az"": 0.88, ""pitch"": -22.49, ""roll"": 6.76}, ""gyro_data"": {""gx"": -8.63, ""gy"": -2.84, ""gz"": -3.57}, ""gps_data"": {""latitude"": 0, ""longitude"": 0, ""gps_altitude"": 0, ""time"": 288743}, ""alt_data"": {""pressure"": 853.06, ""temperature"": 27.43, ""AGL"": -1.2, ""velocity"": 0, ""kalman_altitude"": -1.2, ""kalman_vertical_velocity"": -3.03}, ""chute_state"": {""pyro1_state"": 0, ""pyro2_state"": 0}, ""connection_status"": {""connected"": true, ""has_ever_connected"": true, ""packet_age_ms"": 0, ""timeout_exceeded"": false, ""rssi"": -88}, ""communication_mode"": ""BEACON"", ""timestamp"": 173694, ""packets_received"": 744, ""kalman_data"": {""altitude"": -1.2, ""vertical_velocity"": -3.03}, ""kalman_altitude"": -1.2, ""kalman_vertical_velocity"": -3.03, ""pyroDrogue"": 0, ""pyroMain"": 0, ""pyro1_state"": 0, ""pyro2_state"": 0}"
1768315531.02791,2026-01-13T17:45:31.027910,3344,0,0,-0.39,0.11,0.88,-22.37,6.83,-8.81,-3.17,-3.9,0,0,0,288944,853.03,27.42,-0.84,0,0,0,0,-88,-0.84,-2.98,BEACON,"{""record_number"": 3344, ""operation_mode"": 0, ""state"": 0, ""battery_voltage"": 0, ""wifi_rssi"": -88, ""acc_data"": {""ax"": -0.39, ""ay"": 0.11, ""az"": 0.88, ""pitch"": -22.37, ""roll"": 6.83}, ""gyro_data"": {""gx"": -8.81, ""gy"": -3.17, ""gz"": -3.9}, ""gps_data"": {""latitude"": 0, ""longitude"": 0, ""gps_altitude"": 0, ""time"": 288944}, ""alt_data"": {""pressure"": 853.03, ""temperature"": 27.42, ""AGL"": -0.84, ""velocity"": 0, ""kalman_altitude"": -0.84, ""kalman_vertical_velocity"": -2.98}, ""chute_state"": {""pyro1_state"": 0, ""pyro2_state"": 0}, ""connection_status"": {""connected"": true, ""has_ever_connected"": true, ""packet_age_ms"": 0, ""timeout_exceeded"": false, ""rssi"": -88}, ""communication_mode"": ""BEACON"", ""timestamp"": 173807, ""packets_received"": 745, ""kalman_data"": {""altitude"": -0.84, ""vertical_velocity"": -2.98}, ""kalman_altitude"": -0.84, ""kalman_vertical_velocity"": -2.98, ""pyroDrogue"": 0, ""pyroMain"": 0, ""pyro1_state"": 0, ""pyro2_state"": 0}"
1768315531.27753,2026-01-13T17:45:31.277530,3346,0,0,-0.39,0.1,0.88,-22.52,6.88,-9.82,-2.93,-3.9,0,0,0,289144,853.03,27.43,-0.89,0,0,0,0,-89,-0.88,-2.99,BEACON,"{""record_number"": 3346, ""operation_mode"": 0, ""state"": 0, ""battery_voltage"": 0, ""wifi_rssi"": -89, ""acc_data"": {""ax"": -0.39, ""ay"": 0.1, ""az"": 0.88, ""pitch"": -22.52, ""roll"": 6.88}, ""gyro_data"": {""gx"": -9.82, ""gy"": -2.93, ""gz"": -3.9}, ""gps_data"": {""latitude"": 0, ""longitude"": 0, ""gps_altitude"": 0, ""time"": 289144}, ""alt_data"": {""pressure"": 853.03, ""temperature"": 27.43, ""AGL"": -0.89, ""velocity"": 0, ""kalman_altitude"": -0.88, ""kalman_vertical_velocity"": -2.99}, ""chute_state"": {""pyro1_state"": 0, ""pyro2_state"": 0}, ""connection_status"": {""connected"": true, ""has_ever_connected"": true, ""packet_age_ms"": 0, ""timeout_exceeded"": false, ""rssi"": -89}, ""communication_mode"": ""BEACON"", ""timestamp"": 174032, ""packets_received"": 746, ""kalman_data"": {""altitude"": -0.88, ""vertical_velocity"": -2.99}, ""kalman_altitude"": -0.88, ""kalman_vertical_velocity"": -2.99, ""pyroDrogue"": 0, ""pyroMain"": 0, ""pyro1_state"": 0, ""pyro2_state"": 0}"
1768315531.374533,2026-01-13T17:45:31.374533,3348,0,0,-0.38,0.11,0.88,-22.46,7.04,-9.18,-3.63,-3.51,0,0,0,289144,853.05,27.44,-1.04,0,0,0,0,-88,-1.04,-3.01,BEACON,"{""record_number"": 3348, ""operation_mode"": 0, ""state"": 0, ""battery_voltage"": 0, ""wifi_rssi"": -88, ""acc_data"": {""ax"": -0.38, ""ay"": 0.11, ""az"": 0.88, ""pitch"": -22.46, ""roll"": 7.04}, ""gyro_data"": {""gx"": -9.18, ""gy"": -3.63, ""gz"": -3.51}, ""gps_data"": {""latitude"": 0, ""longitude"": 0, ""gps_altitude"": 0, ""time"": 289144}, ""alt_data"": {""pressure"": 853.05, ""temperature"": 27.44, ""AGL"": -1.04, ""velocity"": 0, ""kalman_altitude"": -1.04, ""kalman_vertical_velocity"": -3.01}, ""chute_state"": {""pyro1_state"": 0, ""pyro2_state"": 0}, ""connection_status"": {""connected"": true, ""has_ever_connected"": true, ""packet_age_ms"": 0, ""timeout_exceeded"": false, ""rssi"": -88}, ""communication_mode"": ""BEACON"", ""timestamp"": 174146, ""packets_received"": 747, ""kalman_data"": {""altitude"": -1.04, ""vertical_velocity"": -3.01}, ""kalman_altitude"": -1.04, ""kalman_vertical_velocity"": -3.01, ""pyroDrogue"": 0, ""pyroMain"": 0, ""pyro1_state"": 0, ""pyro2_state"": 0}"
1768315531.51253,2026-01-13T17:45:31.512530,3349,0,0,-0.39,0.1,0.88,-22.52,6.97,-8.93,-3.02,-3.84,0,0,0,289344,853.02,27.43,-0.78,0,0,0,0,-88,-0.78,-2.98,BEACON,"{""record_number"": 3349, ""operation_mode"": 0, ""state"": 0, ""battery_voltage"": 0, ""wifi_rssi"": -88, ""acc_data"": {""ax"": -0.39, ""ay"": 0.1, ""az"": 0.88, ""pitch"": -22.52, ""roll"": 6.97}, ""gyro_data"": {""gx"": -8.93, ""gy"": -3.02, ""gz"": -3.84}, ""gps_data"": {""latitude"": 0, ""longitude"": 0, ""gps_altitude"": 0, ""time"": 289344}, ""alt_data"": {""pressure"": 853.02, ""temperature"": 27.43, ""AGL"": -0.78, ""velocity"": 0, ""kalman_altitude"": -0.78, ""kalman_vertical_velocity"": -2.98}, ""chute_state"": {""pyro1_state"": 0, ""pyro2_state"": 0}, ""connection_status"": {""connected"": true, ""has_ever_connected"": true, ""packet_age_ms"": 0, ""timeout_exceeded"": false, ""rssi"": -88}, ""communication_mode"": ""BEACON"", ""timestamp"": 174259, ""packets_received"": 748, ""kalman_data"": {""altitude"": -0.78, ""vertical_velocity"": -2.98}, ""kalman_altitude"": -0.78, ""kalman_vertical_velocity"": -2.98, ""pyroDrogue"": 0, ""pyroMain"": 0, ""pyro1_state"": 0, ""pyro2_state"": 0}"
1768315531.641654,2026-01-13T17:45:31.641654,3350,0,0,-0.38,0.1,0.89,-22.94,6.44,-9.51,-4.21,-2.93,0,0,0,289543,853.04,27.43,-0.99,0,0,0,0,-88,-0.99,-3.01,BEACON,"{""record_number"": 3350, ""operation_mode"": 0, ""state"": 0, ""battery_voltage"": 0, ""wifi_rssi"": -88, ""acc_data"": {""ax"": -0.38, ""ay"": 0.1, ""az"": 0.89, ""pitch"": -22.94, ""roll"": 6.44}, ""gyro_data"": {""gx"": -9.51, ""gy"": -4.21, ""gz"": -2.93}, ""gps_data"": {""latitude"": 0, ""longitude"": 0, ""gps_altitude"": 0, ""time"": 289543}, ""alt_data"": {""pressure"": 853.04, ""temperature"": 27.43, ""AGL"": -0.99, ""velocity"": 0, ""kalman_altitude"": -0.99, ""kalman_vertical_velocity"": -3.01}, ""chute_state"": {""pyro1_state"": 0, ""pyro2_state"": 0}, ""connection_status"": {""connected"": true, ""has_ever_connected"": true, ""packet_age_ms"": 0, ""timeout_exceeded"": false, ""rssi"": -88}, ""communication_mode"": ""BEACON"", ""timestamp"": 174374, ""packets_received"": 749, ""kalman_data"": {""altitude"": -0.99, ""vertical_velocity"": -3.01}, ""kalman_altitude"": -0.99, ""kalman_vertical_velocity"": -3.01, ""pyroDrogue"": 0, ""pyroMain"": 0, ""pyro1_state"": 0, ""pyro2_state"": 0}"
1768315531.737417,2026-01-13T17:45:31.737417,3352,0,0,-0.38,0.11,0.89,-22.43,6.64,-8.72,-3.69,-2.99,0,0,0,289543,853.07,27.45,-1.22,0,0,0,0,-88,-1.22,-3.04,BEACON,"{""record_number"": 3352, ""operation_mode"": 0, ""state"": 0, ""battery_voltage"": 0, ""wifi_rssi"": -88, ""acc_data"": {""ax"": -0.38, ""ay"": 0.11, ""az"": 0.89, ""pitch"": -22.43, ""roll"": 6.64}, ""gyro_data"": {""gx"": -8.72, ""gy"": -3.69, ""gz"": -2.99}, ""gps_data"": {""latitude"": 0, ""longitude"": 0, ""gps_altitude"": 0, ""time"": 289543}, ""alt_data"": {""pressure"": 853.07, ""temperature"": 27.45, ""AGL"": -1.22, ""velocity"": 0, ""kalman_altitude"": -1.22, ""kalman_vertical_velocity"": -3.04}, ""chute_state"": {""pyro1_state"": 0, ""pyro2_state"": 0}, ""connection_status"": {""connected"": true, ""has_ever_connected"": true, ""packet_age_ms"": 0, ""timeout_exceeded"": false, ""rssi"": -88}, ""communication_mode"": ""BEACON"", ""timestamp"": 174482, ""packets_received"": 750, ""kalman_data"": {""altitude"": -1.22, ""vertical_velocity"": -3.04}, ""kalman_altitude"": -1.22, ""kalman_vertical_velocity"": -3.04, ""pyroDrogue"": 0, ""pyroMain"": 0, ""pyro1_state"": 0, ""pyro2_state"": 0}"
1768315531.807414,2026-01-13T17:45:31.807414,3353,0,0,-0.39,0.1,0.87,-22.46,6.85,-10.06,-2.62,-3.69,0,0,0,289749,853.01,27.43,-0.71,0,0,0,0,-87,-0.71,-2.98,BEACON,"{""record_number"": 3353, ""operation_mode"": 0, ""state"": 0, ""battery_voltage"": 0, ""wifi_rssi"": -87, ""acc_data"": {""ax"": -0.39, ""ay"": 0.1, ""az"": 0.87, ""pitch"": -22.46, ""roll"": 6.85}, ""gyro_data"": {""gx"": -10.06, ""gy"": -2.62, ""gz"": -3.69}, ""gps_data"": {""latitude"": 0, ""longitude"": 0, ""gps_altitude"": 0, ""time"": 289749}, ""alt_data"": {""pressure"": 853.01, ""temperature"": 27.43, ""AGL"": -0.71, ""velocity"": 0, ""kalman_altitude"": -0.71, ""kalman_vertical_velocity"": -2.98}, ""chute_state"": {""pyro1_state"": 0, ""pyro2_state"": 0}, ""connection_status"": {""connected"": true, ""has_ever_connected"": true, ""packet_age_ms"": 1, ""timeout_exceeded"": false, ""rssi"": -87}, ""communication_mode"": ""BEACON"", ""timestamp"": 174598, ""packets_received"": 751, ""kalman_data"": {""altitude"": -0.71, ""vertical_velocity"": -2.98}, ""kalman_altitude"": -0.71, ""kalman_vertical_velocity"": -2.98, ""pyroDrogue"": 0, ""pyroMain"": 0, ""pyro1_state"": 0, ""pyro2_state"": 0}"
1768315531.918414,2026-01-13T17:45:31.918414,3354,0,0,-0.38,0.11,0.89,-22.85,7.08,-9.3,-2.9,-4.02,0,0,0,289749,853.04,27.44,-0.93,0,0,0,0,-89,-0.93,-3.01,BEACON,"{""record_number"": 3354, ""operation_mode"": 0, ""state"": 0, ""battery_voltage"": 0, ""wifi_rssi"": -89, ""acc_data"": {""ax"": -0.38, ""ay"": 0.11, ""az"": 0.89, ""pitch"": -22.85, ""roll"": 7.08}, ""gyro_data"": {""gx"": -9.3, ""gy"": -2.9, ""gz"": -4.02}, ""gps_data"": {""latitude"": 0, ""longitude"": 0, ""gps_altitude"": 0, ""time"": 289749}, ""alt_data"": {""pressure"": 853.04, ""temperature"": 27.44, ""AGL"": -0.93, ""velocity"": 0, ""kalman_altitude"": -0.93, ""kalman_vertical_velocity"": -3.01}, ""chute_state"": {""pyro1_state"": 0, ""pyro2_state"": 0}, ""connection_status"": {""connected"": true, ""has_ever_connected"": true, ""packet_age_ms"": 1, ""timeout_exceeded"": false, ""rssi"": -89}, ""communication_mode"": ""BEACON"", ""timestamp"": 174708, ""packets_received"": 752, ""kalman_data"": {""altitude"": -0.93, ""vertical_velocity"": -3.01}, ""kalman_altitude"": -0.93, ""kalman_vertical_velocity"": -3.01, ""pyroDrogue"": 0, ""pyroMain"": 0, ""pyro1_state"": 0, ""pyro2_state"": 0}"
1768315532.029415,2026-01-13T17:45:32.029415,3356,0,0,-0.38,0.1,0.89,-22.73,6.74,-8.93,-2.44,-3.96,0,0,0,289949,853.04,27.44,-0.93,0,0,0,0,-87,-0.93,-3.01,BEACON,"{""record_number"": 3356, ""operation_mode"": 0, ""state"": 0, ""battery_voltage"": 0, ""wifi_rssi"": -87, ""acc_data"": {""ax"": -0.38, ""ay"": 0.1, ""az"": 0.89, ""pitch"": -22.73, ""roll"": 6.74}, ""gyro_data"": {""gx"": -8.93, ""gy"": -2.44, ""gz"": -3.96}, ""gps_data"": {""latitude"": 0, ""longitude"": 0, ""gps_altitude"": 0, ""time"": 289949}, ""alt_data"": {""pressure"": 853.04, ""temperature"": 27.44, ""AGL"": -0.93, ""velocity"": 0, ""kalman_altitude"": -0.93, ""kalman_vertical_velocity"": -3.01}, ""chute_state"": {""pyro1_state"": 0, ""pyro2_state"": 0}, ""connection_status"": {""connected"": true, ""has_ever_connected"": true, ""packet_age_ms"": 0, ""timeout_exceeded"": false, ""rssi"": -87}, ""communication_mode"": ""BEACON"", ""timestamp"": 174820, ""packets_received"": 753, ""kalman_data"": {""altitude"": -0.93, ""vertical_velocity"": -3.01}, ""kalman_altitude"": -0.93, ""kalman_vertical_velocity"": -3.01, ""pyroDrogue"": 0, ""pyroMain"": 0, ""pyro1_state"": 0, ""pyro2_state"": 0}"
1768315532.243882,2026-01-13T17:45:32.243882,3357,0,0,-0.39,0.1,0.89,-22.61,6.82,-8.84,-3.08,-3.02,0,0,0,289949,853.05,27.45,-1.04,0,0,0,0,-89,-1.04,-3.02,BEACON,"{""record_number"": 3357, ""operation_mode"": 0, ""state"": 0, ""battery_voltage"": 0, ""wifi_rssi"": -89, ""acc_data"": {""ax"": -0.39, ""ay"": 0.1, ""az"": 0.89, ""pitch"": -22.61, ""roll"": 6.82}, ""gyro_data"": {""gx"": -8.84, ""gy"": -3.08, ""gz"": -3.02}, ""gps_data"": {""latitude"": 0, ""longitude"": 0, ""gps_altitude"": 0, ""time"": 289949}, ""alt_data"": {""pressure"": 853.05, ""temperature"": 27.45, ""AGL"": -1.04, ""velocity"": 0, ""kalman_altitude"": -1.04, ""kalman_vertical_velocity"": -3.02}, ""chute_state"": {""pyro1_state"": 0, ""pyro2_state"": 0}, ""connection_status"": {""connected"": true, ""has_ever_connected"": true, ""packet_age_ms"": 0, ""timeout_exceeded"": false, ""rssi"": -89}, ""communication_mode"": ""BEACON"", ""timestamp"": 174933, ""packets_received"": 754, ""kalman_data"": {""altitude"": -1.04, ""vertical_velocity"": -3.02}, ""kalman_altitude"": -1.04, ""kalman_vertical_velocity"": -3.02, ""pyroDrogue"": 0, ""pyroMain"": 0, ""pyro1_state"": 0, ""pyro2_state"": 0}"
1768315532.344885,2026-01-13T17:45:32.344885,3358,0,0,-0.38,0.1,0.89,-22.43,6.57,-9.18,-2.74,-3.66,0,0,0,290148,853.06,27.45,-1.15,0,0,0,0,-88,-1.15,-3.04,BEACON,"{""record_number"": 3358, ""operation_mode"": 0, ""state"": 0, ""battery_voltage"": 0, ""wifi_rssi"": -88, ""acc_data"": {""ax"": -0.38, ""ay"": 0.1, ""az"": 0.89, ""pitch"": -22.43, ""roll"": 6.57}, ""gyro_data"": {""gx"": -9.18, ""gy"": -2.74, ""gz"": -3.66}, ""gps_data"": {""latitude"": 0, ""longitude"": 0, ""gps_altitude"": 0, ""time"": 290148}, ""alt_data"": {""pressure"": 853.06, ""temperature"": 27.45, ""AGL"": -1.15, ""velocity"": 0, ""kalman_altitude"": -1.15, ""kalman_vertical_velocity"": -3.04}, ""chute_state"": {""pyro1_state"": 0, ""pyro2_state"": 0}, ""connection_status"": {""connected"": true, ""has_ever_connected"": true, ""packet_age_ms"": 0, ""timeout_exceeded"": false, ""rssi"": -88}, ""communication_mode"": ""BEACON"", ""timestamp"": 175046, ""packets_received"": 755, ""kalman_data"": {""altitude"": -1.15, ""vertical_velocity"": -3.04}, ""kalman_altitude"": -1.15, ""kalman_vertical_velocity"": -3.04, ""pyroDrogue"": 0, ""pyroMain"": 0, ""pyro1_state"": 0, ""pyro2_state"": 0}"
1768315532.60588,2026-01-13T17:45:32.605880,3360,0,0,-0.38,0.11,0.89,-22.61,6.95,-9.79,-2.77,-3.66,0,0,0,290349,853.06,27.43,-1.17,0,0,0,0,-87,-1.17,-3.04,BEACON,"{""record_number"": 3360, ""operation_mode"": 0, ""state"": 0, ""battery_voltage"": 0, ""wifi_rssi"": -87, ""acc_data"": {""ax"": -0.38, ""ay"": 0.11, ""az"": 0.89, ""pitch"": -22.61, ""roll"": 6.95}, ""gyro_data"": {""gx"": -9.79, ""gy"": -2.77, ""gz"": -3.66}, ""gps_data"": {""latitude"": 0, ""longitude"": 0, ""gps_altitude"": 0, ""time"": 290349}, ""alt_data"": {""pressure"": 853.06, ""temperature"": 27.43, ""AGL"": -1.17, ""velocity"": 0, ""kalman_altitude"": -1.17, ""kalman_vertical_velocity"": -3.04}, ""chute_state"": {""pyro1_state"": 0, ""pyro2_state"": 0}, ""connection_status"": {""connected"": true, ""has_ever_connected"": true, ""packet_age_ms"": 0, ""timeout_exceeded"": false, ""rssi"": -87}, ""communication_mode"": ""BEACON"", ""timestamp"": 175161, ""packets_received"": 756, ""kalman_data"": {""altitude"": -1.17, ""vertical_velocity"": -3.04}, ""kalman_altitude"": -1.17, ""kalman_vertical_velocity"": -3.04, ""pyroDrogue"": 0, ""pyroMain"": 0, ""pyro1_state"": 0, ""pyro2_state"": 0}"
1768315532.720166,2026-01-13T17:45:32.720166,3361,0,0,-0.38,0.1,0.89,-22.49,6.83,-9.57,-3.14,-3.14,0,0,0,290349,853.02,27.45,-0.79,0,0,0,0,-88,-0.79,-3,BEACON,"{""record_number"": 3361, ""operation_mode"": 0, ""state"": 0, ""battery_voltage"": 0, ""wifi_rssi"": -88, ""acc_data"": {""ax"": -0.38, ""ay"": 0.1, ""az"": 0.89, ""pitch"": -22.49, ""roll"": 6.83}, ""gyro_data"": {""gx"": -9.57, ""gy"": -3.14, ""gz"": -3.14}, ""gps_data"": {""latitude"": 0, ""longitude"": 0, ""gps_altitude"": 0, ""time"": 290349}, ""alt_data"": {""pressure"": 853.02, ""temperature"": 27.45, ""AGL"": -0.79, ""velocity"": 0, ""kalman_altitude"": -0.79, ""kalman_vertical_velocity"": -3}, ""chute_state"": {""pyro1_state"": 0, ""pyro2_state"": 0}, ""connection_status"": {""connected"": true, ""has_ever_connected"": true, ""packet_age_ms"": 0, ""timeout_exceeded"": false, ""rssi"": -88}, ""communication_mode"": ""BEACON"", ""timestamp"": 175272, ""packets_received"": 757, ""kalman_data"": {""altitude"": -0.79, ""vertical_velocity"": -3}, ""kalman_altitude"": -0.79, ""kalman_vertical_velocity"": -3, ""pyroDrogue"": 0, ""pyroMain"": 0, ""pyro1_state"": 0, ""pyro2_state"": 0}"
1768315532.867753,2026-01-13T17:45:32.867753,3362,0,0,-0.38,0.11,0.88,-22.25,6.98,-8.9,-3.69,-3.69,0,0,0,290549,853.05,27.45,-1.08,0,0,0,0,-88,-1.08,-3.03,BEACON,"{""record_number"": 3362, ""operation_mode"": 0, ""state"": 0, ""battery_voltage"": 0, ""wifi_rssi"": -88, ""acc_data"": {""ax"": -0.38, ""ay"": 0.11, ""az"": 0.88, ""pitch"": -22.25, ""roll"": 6.98}, ""gyro_data"": {""gx"": -8.9, ""gy"": -3.69, ""gz"": -3.69}, ""gps_data"": {""latitude"": 0, ""longitude"": 0, ""gps_altitude"": 0, ""time"": 290549}, ""alt_data"": {""pressure"": 853.05, ""temperature"": 27.45, ""AGL"": -1.08, ""velocity"": 0, ""kalman_altitude"": -1.08, ""kalman_vertical_velocity"": -3.03}, ""chute_state"": {""pyro1_state"": 0, ""pyro2_state"": 0}, ""connection_status"": {""connected"": true, ""has_ever_connected"": true, ""packet_age_ms"": 1, ""timeout_exceeded"": false, ""rssi"": -88}, ""communication_mode"": ""BEACON"", ""timestamp"": 175386, ""packets_received"": 758, ""kalman_data"": {""altitude"": -1.08, ""vertical_velocity"": -3.03}, ""kalman_altitude"": -1.08, ""kalman_vertical_velocity"": -3.03, ""pyroDrogue"": 0, ""pyroMain"": 0, ""pyro1_state"": 0, ""pyro2_state"": 0}"
1768315533.008748,2026-01-13T17:45:33.008748,3364,0,0,-0.39,0.11,0.89,-22.61,6.85,-9.57,-2.62,-3.38,0,0,0,290549,853.02,27.45,-0.79,0,0,0,0,-88,-0.79,-3,BEACON,"{""record_number"": 3364, ""operation_mode"": 0, ""state"": 0, ""battery_voltage"": 0, ""wifi_rssi"": -88, ""acc_data"": {""ax"": -0.39, ""ay"": 0.11, ""az"": 0.89, ""pitch"": -22.61, ""roll"": 6.85}, ""gyro_data"": {""gx"": -9.57, ""gy"": -2.62, ""gz"": -3.38}, ""gps_data"": {""latitude"": 0, ""longitude"": 0, ""gps_altitude"": 0, ""time"": 290549}, ""alt_data"": {""pressure"": 853.02, ""temperature"": 27.45, ""AGL"": -0.79, ""velocity"": 0, ""kalman_altitude"": -0.79, ""kalman_vertical_velocity"": -3}, ""chute_state"": {""pyro1_state"": 0, ""pyro2_state"": 0}, ""connection_status"": {""connected"": true, ""has_ever_connected"": true, ""packet_age_ms"": 1, ""timeout_exceeded"": false, ""rssi"": -88}, ""communication_mode"": ""BEACON"", ""timestamp"": 175497, ""packets_received"": 759, ""kalman_data"": {""altitude"": -0.79, ""vertical_velocity"": -3}, ""kalman_altitude"": -0.79, ""kalman_vertical_velocity"": -3, ""pyroDrogue"": 0, ""pyroMain"": 0, ""pyro1_state"": 0, ""pyro2_state"": 0}"
1768315533.094751,2026-01-13T17:45:33.094751,3365,0,0,-0.38,0.11,0.89,-22.55,6.87,-9.36,-3.84,-3.6,0,0,0,290753,853.03,27.45,-0.83,0,0,0,0,-89,-0.83,-3,BEACON,"{""record_number"": 3365, ""operation_mode"": 0, ""state"": 0, ""battery_voltage"": 0, ""wifi_rssi"": -89, ""acc_data"": {""ax"": -0.38, ""ay"": 0.11, ""az"": 0.89, ""pitch"": -22.55, ""roll"": 6.87}, ""gyro_data"": {""gx"": -9.36, ""gy"": -3.84, ""gz"": -3.6}, ""gps_data"": {""latitude"": 0, ""longitude"": 0, ""gps_altitude"": 0, ""time"": 290753}, ""alt_data"": {""pressure"": 853.03, ""temperature"": 27.45, ""AGL"": -0.83, ""velocity"": 0, ""kalman_altitude"": -0.83, ""kalman_vertical_velocity"": -3}, ""chute_state"": {""pyro1_state"": 0, ""pyro2_state"": 0}, ""connection_status"": {""connected"": true, ""has_ever_connected"": true, ""packet_age_ms"": 0, ""timeout_exceeded"": false, ""rssi"": -89}, ""communication_mode"": ""BEACON"", ""timestamp"": 175608, ""packets_received"": 760, ""kalman_data"": {""altitude"": -0.83, ""vertical_velocity"": -3}, ""kalman_altitude"": -0.83, ""kalman_vertical_velocity"": -3, ""pyroDrogue"": 0, ""pyroMain"": 0, ""pyro1_state"": 0, ""pyro2_state"": 0}"
1768315533.1573,2026-01-13T17:45:33.157300,3366,0,0,-0.39,0.1,0.89,-22.4,6.8,-9.33,-3.66,-4.09,0,0,0,290753,853.03,27.44,-0.86,0,0,0,0,-90,-0.86,-3.01,BEACON,"{""record_number"": 3366, ""operation_mode"": 0, ""state"": 0, ""battery_voltage"": 0, ""wifi_rssi"": -90, ""acc_data"": {""ax"": -0.39, ""ay"": 0.1, ""az"": 0.89, ""pitch"": -22.4, ""roll"": 6.8}, ""gyro_data"": {""gx"": -9.33, ""gy"": -3.66, ""gz"": -4.09}, ""gps_data"": {""latitude"": 0, ""longitude"": 0, ""gps_altitude"": 0, ""time"": 290753}, ""alt_data"": {""pressure"": 853.03, ""temperature"": 27.44, ""AGL"": -0.86, ""velocity"": 0, ""kalman_altitude"": -0.86, ""kalman_vertical_velocity"": -3.01}, ""chute_state"": {""pyro1_state"": 0, ""pyro2_state"": 0}, ""connection_status"": {""connected"": true, ""has_ever_connected"": true, ""packet_age_ms"": 1, ""timeout_exceeded"": false, ""rssi"": -90}, ""communication_mode"": ""BEACON"", ""timestamp"": 175721, ""packets_received"": 761, ""kalman_data"": {""altitude"": -0.86, ""vertical_velocity"": -3.01}, ""kalman_altitude"": -0.86, ""kalman_vertical_velocity"": -3.01, ""pyroDrogue"": 0, ""pyroMain"": 0, ""pyro1_state"": 0, ""pyro2_state"": 0}"
1768315533.269101,2026-01-13T17:45:33.269101,3368,0,0,-0.38,0.1,0.88,-22.82,6.69,-8.41,-2.84,-3.17,0,0,0,290954,853.05,27.45,-1.09,0,0,0,0,-88,-1.08,-3.04,BEACON,"{""record_number"": 3368, ""operation_mode"": 0, ""state"": 0, ""battery_voltage"": 0, ""wifi_rssi"": -88, ""acc_data"": {""ax"": -0.38, ""ay"": 0.1, ""az"": 0.88, ""pitch"": -22.82, ""roll"": 6.69}, ""gyro_data"": {""gx"": -8.41, ""gy"": -2.84, ""gz"": -3.17}, ""gps_data"": {""latitude"": 0, ""longitude"": 0, ""gps_altitude"": 0, ""time"": 290954}, ""alt_data"": {""pressure"": 853.05, ""temperature"": 27.45, ""AGL"": -1.09, ""velocity"": 0, ""kalman_altitude"": -1.08, ""kalman_vertical_velocity"": -3.04}, ""chute_state"": {""pyro1_state"": 0, ""pyro2_state"": 0}, ""connection_status"": {""connected"": true, ""has_ever_connected"": true, ""packet_age_ms"": 0, ""timeout_exceeded"": false, ""rssi"": -88}, ""communication_mode"": ""BEACON"", ""timestamp"": 175833, ""packets_received"": 762, ""kalman_data"": {""altitude"": -1.08, ""vertical_velocity"": -3.04}, ""kalman_altitude"": -1.08, ""kalman_vertical_velocity"": -3.04, ""pyroDrogue"": 0, ""pyroMain"": 0, ""pyro1_state"": 0, ""pyro2_state"": 0}"
1768315533.401107,2026-01-13T17:45:33.401107,3369,0,0,-0.39,0.1,0.88,-22.4,6.89,-8.54,-3.78,-3.2,0,0,0,290954,853.07,27.46,-1.27,0,0,0,0,-88,-1.27,-3.07,BEACON,"{""record_number"": 3369, ""operation_mode"": 0, ""state"": 0, ""battery_voltage"": 0, ""wifi_rssi"": -88, ""acc_data"": {""ax"": -0.39, ""ay"": 0.1, ""az"": 0.88, ""pitch"": -22.4, ""roll"": 6.89}, ""gyro_data"": {""gx"": -8.54, ""gy"": -3.78, ""gz"": -3.2}, ""gps_data"": {""latitude"": 0, ""longitude"": 0, ""gps_altitude"": 0, ""time"": 290954}, ""alt_data"": {""pressure"": 853.07, ""temperature"": 27.46, ""AGL"": -1.27, ""velocity"": 0, ""kalman_altitude"": -1.27, ""kalman_vertical_velocity"": -3.07}, ""chute_state"": {""pyro1_state"": 0, ""pyro2_state"": 0}, ""connection_status"": {""connected"": true, ""has_ever_connected"": true, ""packet_age_ms"": 0, ""timeout_exceeded"": false, ""rssi"": -88}, ""communication_mode"": ""BEACON"", ""timestamp"": 175946, ""packets_received"": 763, ""kalman_data"": {""altitude"": -1.27, ""vertical_velocity"": -3.07}, ""kalman_altitude"": -1.27, ""kalman_vertical_velocity"": -3.07, ""pyroDrogue"": 0, ""pyroMain"": 0, ""pyro1_state"": 0, ""pyro2_state"": 0}"
1768315533.493101,2026-01-13T17:45:33.493101,3370,0,0,-0.38,0.11,0.89,-22.61,6.78,-9.45,-3.54,-3.84,0,0,0,291154,853.06,27.45,-1.16,0,0,0,0,-88,-1.16,-3.05,BEACON,"{""record_number"": 3370, ""operation_mode"": 0, ""state"": 0, ""battery_voltage"": 0, ""wifi_rssi"": -88, ""acc_data"": {""ax"": -0.38, ""ay"": 0.11, ""az"": 0.89, ""pitch"": -22.61, ""roll"": 6.78}, ""gyro_data"": {""gx"": -9.45, ""gy"": -3.54, ""gz"": -3.84}, ""gps_data"": {""latitude"": 0, ""longitude"": 0, ""gps_altitude"": 0, ""time"": 291154}, ""alt_data"": {""pressure"": 853.06, ""temperature"": 27.45, ""AGL"": -1.16, ""velocity"": 0, ""kalman_altitude"": -1.16, ""kalman_vertical_velocity"": -3.05}, ""chute_state"": {""pyro1_state"": 0, ""pyro2_state"": 0}, ""connection_status"": {""connected"": true, ""has_ever_connected"": true, ""packet_age_ms"": 0, ""timeout_exceeded"": false, ""rssi"": -88}, ""communication_mode"": ""BEACON"", ""timestamp"": 176059, ""packets_received"": 764, ""kalman_data"": {""altitude"": -1.16, ""vertical_velocity"": -3.05}, ""kalman_altitude"": -1.16, ""kalman_vertical_velocity"": -3.05, ""pyroDrogue"": 0, ""pyroMain"": 0, ""pyro1_state"": 0, ""pyro2_state"": 0}"
1768315533.593106,2026-01-13T17:45:33.593106,3372,0,0,-0.39,0.1,0.88,-22.37,6.49,-8.08,-3.66,-3.45,0,0,0,291353,853.03,27.46,-0.91,0,0,0,0,-89,-0.91,-3.02,BEACON,"{""record_number"": 3372, ""operation_mode"": 0, ""state"": 0, ""battery_voltage"": 0, ""wifi_rssi"": -89, ""acc_data"": {""ax"": -0.39, ""ay"": 0.1, ""az"": 0.88, ""pitch"": -22.37, ""roll"": 6.49}, ""gyro_data"": {""gx"": -8.08, ""gy"": -3.66, ""gz"": -3.45}, ""gps_data"": {""latitude"": 0, ""longitude"": 0, ""gps_altitude"": 0, ""time"": 291353}, ""alt_data"": {""pressure"": 853.03, ""temperature"": 27.46, ""AGL"": -0.91, ""velocity"": 0, ""kalman_altitude"": -0.91, ""kalman_vertical_velocity"": -3.02}, ""chute_state"": {""pyro1_state"": 0, ""pyro2_state"": 0}, ""connection_status"": {""connected"": true, ""has_ever_connected"": true, ""packet_age_ms"": 0, ""timeout_exceeded"": false, ""rssi"": -89}, ""communication_mode"": ""BEACON"", ""timestamp"": 176172, ""packets_received"": 765, ""kalman_data"": {""altitude"": -0.91, ""vertical_velocity"": -3.02}, ""kalman_altitude"": -0.91, ""kalman_vertical_velocity"": -3.02, ""pyroDrogue"": 0, ""pyroMain"": 0, ""pyro1_state"": 0, ""pyro2_state"": 0}"
1768315533.704104,2026-01-13T17:45:33.704104,3373,0,0,-0.39,0.1,0.89,-22.61,6.54,-9.05,-2.96,-4.09,0,0,0,291353,852.98,27.45,-0.36,0,0,0,0,-87,-0.36,-2.95,BEACON,"{""record_number"": 3373, ""operation_mode"": 0, ""state"": 0, ""battery_voltage"": 0, ""wifi_rssi"": -87, ""acc_data"": {""ax"": -0.39, ""ay"": 0.1, ""az"": 0.89, ""pitch"": -22.61, ""roll"": 6.54}, ""gyro_data"": {""gx"": -9.05, ""gy"": -2.96, ""gz"": -4.09}, ""gps_data"": {""latitude"": 0, ""longitude"": 0, ""gps_altitude"": 0, ""time"": 291353}, ""alt_data"": {""pressure"": 852.98, ""temperature"": 27.45, ""AGL"": -0.36, ""velocity"": 0, ""kalman_altitude"": -0.36, ""kalman_vertical_velocity"": -2.95}, ""chute_state"": {""pyro1_state"": 0, ""pyro2_state"": 0}, ""connection_status"": {""connected"": true, ""has_ever_connected"": true, ""packet_age_ms"": 0, ""timeout_exceeded"": false, ""rssi"": -87}, ""communication_mode"": ""BEACON"", ""timestamp"": 176284, ""packets_received"": 766, ""kalman_data"": {""altitude"": -0.36, ""vertical_velocity"": -2.95}, ""kalman_altitude"": -0.36, ""kalman_vertical_velocity"": -2.95, ""pyroDrogue"": 0, ""pyroMain"": 0, ""pyro1_state"": 0, ""pyro2_state"": 0}"
1768315533.911763,2026-01-13T17:45:33.911763,3374,0,0,-0.38,0.1,0.89,-22.18,6.71,-8.72,-3.54,-3.57,0,0,0,291554,853.08,27.45,-1.41,0,0,0,0,-87,-1.4,-3.09,BEACON,"{""record_number"": 3374, ""operation_mode"": 0, ""state"": 0, ""battery_voltage"": 0, ""wifi_rssi"": -87, ""acc_data"": {""ax"": -0.38, ""ay"": 0.1, ""az"": 0.89, ""pitch"": -22.18, ""roll"": 6.71}, ""gyro_data"": {""gx"": -8.72, ""gy"": -3.54, ""gz"": -3.57}, ""gps_data"": {""latitude"": 0, ""longitude"": 0, ""gps_altitude"": 0, ""time"": 291554}, ""alt_data"": {""pressure"": 853.08, ""temperature"": 27.45, ""AGL"": -1.41, ""velocity"": 0, ""kalman_altitude"": -1.4, ""kalman_vertical_velocity"": -3.09}, ""chute_state"": {""pyro1_state"": 0, ""pyro2_state"": 0}, ""connection_status"": {""connected"": true, ""has_ever_connected"": true, ""packet_age_ms"": 0, ""timeout_exceeded"": false, ""rssi"": -87}, ""communication_mode"": ""BEACON"", ""timestamp"": 176396, ""packets_received"": 767, ""kalman_data"": {""altitude"": -1.4, ""vertical_velocity"": -3.09}, ""kalman_altitude"": -1.4, ""kalman_vertical_velocity"": -3.09, ""pyroDrogue"": 0, ""pyroMain"": 0, ""pyro1_state"": 0, ""pyro2_state"": 0}"
1768315534.15521,2026-01-13T17:45:34.155210,3375,0,0,-0.38,0.1,0.88,-22.55,6.89,-8.66,-3.23,-3.2,0,0,0,291554,853.06,27.46,-1.16,0,0,0,0,-87,-1.16,-3.06,BEACON,"{""record_number"": 3375, ""operation_mode"": 0, ""state"": 0, ""battery_voltage"": 0, ""wifi_rssi"": -87, ""acc_data"": {""ax"": -0.38, ""ay"": 0.1, ""az"": 0.88, ""pitch"": -22.55, ""roll"": 6.89}, ""gyro_data"": {""gx"": -8.66, ""gy"": -3.23, ""gz"": -3.2}, ""gps_data"": {""latitude"": 0, ""longitude"": 0, ""gps_altitude"": 0, ""time"": 291554}, ""alt_data"": {""pressure"": 853.06, ""temperature"": 27.46, ""AGL"": -1.16, ""velocity"": 0, ""kalman_altitude"": -1.16, ""kalman_vertical_velocity"": -3.06}, ""chute_state"": {""pyro1_state"": 0, ""pyro2_state"": 0}, ""connection_status"": {""connected"": true, ""has_ever_connected"": true, ""packet_age_ms"": 0, ""timeout_exceeded"": false, ""rssi"": -87}, ""communication_mode"": ""BEACON"", ""timestamp"": 176511, ""packets_received"": 768, ""kalman_data"": {""altitude"": -1.16, ""vertical_velocity"": -3.06}, ""kalman_altitude"": -1.16, ""kalman_vertical_velocity"": -3.06, ""pyroDrogue"": 0, ""pyroMain"": 0, ""pyro1_state"": 0, ""pyro2_state"": 0}"
1768315534.22821,2026-01-13T17:45:34.228210,3377,0,0,-0.38,0.11,0.88,-22.28,6.64,-9.66,-2.59,-3.23,0,0,0,291758,853.03,27.47,-0.89,0,0,0,0,-87,-0.89,-3.02,BEACON,"{""record_number"": 3377, ""operation_mode"": 0, ""state"": 0, ""battery_voltage"": 0, ""wifi_rssi"": -87, ""acc_data"": {""ax"": -0.38, ""ay"": 0.11, ""az"": 0.88, ""pitch"": -22.28, ""roll"": 6.64}, ""gyro_data"": {""gx"": -9.66, ""gy"": -2.59, ""gz"": -3.23}, ""gps_data"": {""latitude"": 0, ""longitude"": 0, ""gps_altitude"": 0, ""time"": 291758}, ""alt_data"": {""pressure"": 853.03, ""temperature"": 27.47, ""AGL"": -0.89, ""velocity"": 0, ""kalman_altitude"": -0.89, ""kalman_vertical_velocity"": -3.02}, ""chute_state"": {""pyro1_state"": 0, ""pyro2_state"": 0}, ""connection_status"": {""connected"": true, ""has_ever_connected"": true, ""packet_age_ms"": 0, ""timeout_exceeded"": false, ""rssi"": -87}, ""communication_mode"": ""BEACON"", ""timestamp"": 176621, ""packets_received"": 769, ""kalman_data"": {""altitude"": -0.89, ""vertical_velocity"": -3.02}, ""kalman_altitude"": -0.89, ""kalman_vertical_velocity"": -3.02, ""pyroDrogue"": 0, ""pyroMain"": 0, ""pyro1_state"": 0, ""pyro2_state"": 0}"
1768315534.344768,2026-01-13T17:45:34.344768,3378,0,0,-0.38,0.11,0.87,-22.46,6.39,-8.9,-3.9,-3.81,0,0,0,291758,853.02,27.46,-0.81,0,0,0,0,-88,-0.81,-3.01,BEACON,"{""record_number"": 3378, ""operation_mode"": 0, ""state"": 0, ""battery_voltage"": 0, ""wifi_rssi"": -88, ""acc_data"": {""ax"": -0.38, ""ay"": 0.11, ""az"": 0.87, ""pitch"": -22.46, ""roll"": 6.39}, ""gyro_data"": {""gx"": -8.9, ""gy"": -3.9, ""gz"": -3.81}, ""gps_data"": {""latitude"": 0, ""longitude"": 0, ""gps_altitude"": 0, ""time"": 291758}, ""alt_data"": {""pressure"": 853.02, ""temperature"": 27.46, ""AGL"": -0.81, ""velocity"": 0, ""kalman_altitude"": -0.81, ""kalman_vertical_velocity"": -3.01}, ""chute_state"": {""pyro1_state"": 0, ""pyro2_state"": 0}, ""connection_status"": {""connected"": true, ""has_ever_connected"": true, ""packet_age_ms"": 0, ""timeout_exceeded"": false, ""rssi"": -88}, ""communication_mode"": ""BEACON"", ""timestamp"": 176733, ""packets_received"": 770, ""kalman_data"": {""altitude"": -0.81, ""vertical_velocity"": -3.01}, ""kalman_altitude"": -0.81, ""kalman_vertical_velocity"": -3.01, ""pyroDrogue"": 0, ""pyroMain"": 0, ""pyro1_state"": 0, ""pyro2_state"": 0}"
1768315534.445043,2026-01-13T17:45:34.445043,3379,0,0,-0.38,0.1,0.89,-22.34,6.64,-9.02,-2.9,-3.75,0,0,0,291959,853.09,27.46,-1.46,0,0,0,0,-86,-1.45,-3.1,BEACON,"{""record_number"": 3379, ""operation_mode"": 0, ""state"": 0, ""battery_voltage"": 0, ""wifi_rssi"": -86, ""acc_data"": {""ax"": -0.38, ""ay"": 0.1, ""az"": 0.89, ""pitch"": -22.34, ""roll"": 6.64}, ""gyro_data"": {""gx"": -9.02, ""gy"": -2.9, ""gz"": -3.75}, ""gps_data"": {""latitude"": 0, ""longitude"": 0, ""gps_altitude"": 0, ""time"": 291959}, ""alt_data"": {""pressure"": 853.09, ""temperature"": 27.46, ""AGL"": -1.46, ""velocity"": 0, ""kalman_altitude"": -1.45, ""kalman_vertical_velocity"": -3.1}, ""chute_state"": {""pyro1_state"": 0, ""pyro2_state"": 0}, ""connection_status"": {""connected"": true, ""has_ever_connected"": true, ""packet_age_ms"": 0, ""timeout_exceeded"": false, ""rssi"": -86}, ""communication_mode"": ""BEACON"", ""timestamp"": 176847, ""packets_received"": 771, ""kalman_data"": {""altitude"": -1.45, ""vertical_velocity"": -3.1}, ""kalman_altitude"": -1.45, ""kalman_vertical_velocity"": -3.1, ""pyroDrogue"": 0, ""pyroMain"": 0, ""pyro1_state"": 0, ""pyro2_state"": 0}"
1768315534.559023,2026-01-13T17:45:34.559023,3381,0,0,-0.38,0.1,0.88,-22.58,6.68,-7.8,-2.93,-3.99,0,0,0,291959,853.03,27.46,-0.88,0,0,0,0,-88,-0.88,-3.02,BEACON,"{""record_number"": 3381, ""operation_mode"": 0, ""state"": 0, ""battery_voltage"": 0, ""wifi_rssi"": -88, ""acc_data"": {""ax"": -0.38, ""ay"": 0.1, ""az"": 0.88, ""pitch"": -22.58, ""roll"": 6.68}, ""gyro_data"": {""gx"": -7.8, ""gy"": -2.93, ""gz"": -3.99}, ""gps_data"": {""latitude"": 0, ""longitude"": 0, ""gps_altitude"": 0, ""time"": 291959}, ""alt_data"": {""pressure"": 853.03, ""temperature"": 27.46, ""AGL"": -0.88, ""velocity"": 0, ""kalman_altitude"": -0.88, ""kalman_vertical_velocity"": -3.02}, ""chute_state"": {""pyro1_state"": 0, ""pyro2_state"": 0}, ""connection_status"": {""connected"": true, ""has_ever_connected"": true, ""packet_age_ms"": 0, ""timeout_exceeded"": false, ""rssi"": -88}, ""communication_mode"": ""BEACON"", ""timestamp"": 176959, ""packets_received"": 772, ""kalman_data"": {""altitude"": -0.88, ""vertical_velocity"": -3.02}, ""kalman_altitude"": -0.88, ""kalman_vertical_velocity"": -3.02, ""pyroDrogue"": 0, ""pyroMain"": 0, ""pyro1_state"": 0, ""pyro2_state"": 0}"
1768315534.687626,2026-01-13T17:45:34.687626,3382,0,0,-0.39,0.11,0.89,-22.52,6.9,-9.12,-3.81,-3.41,0,0,0,292159,853.08,27.47,-1.32,0,0,0,0,-89,-1.32,-3.08,BEACON,"{""record_number"": 3382, ""operation_mode"": 0, ""state"": 0, ""battery_voltage"": 0, ""wifi_rssi"": -89, ""acc_data"": {""ax"": -0.39, ""ay"": 0.11, ""az"": 0.89, ""pitch"": -22.52, ""roll"": 6.9}, ""gyro_data"": {""gx"": -9.12, ""gy"": -3.81, ""gz"": -3.41}, ""gps_data"": {""latitude"": 0, ""longitude"": 0, ""gps_altitude"": 0, ""time"": 292159}, ""alt_data"": {""pressure"": 853.08, ""temperature"": 27.47, ""AGL"": -1.32, ""velocity"": 0, ""kalman_altitude"": -1.32, ""kalman_vertical_velocity"": -3.08}, ""chute_state"": {""pyro1_state"": 0, ""pyro2_state"": 0}, ""connection_status"": {""connected"": true, ""has_ever_connected"": true, ""packet_age_ms"": 0, ""timeout_exceeded"": false, ""rssi"": -89}, ""communication_mode"": ""BEACON"", ""timestamp"": 177072, ""packets_received"": 773, ""kalman_data"": {""altitude"": -1.32, ""vertical_velocity"": -3.08}, ""kalman_altitude"": -1.32, ""kalman_vertical_velocity"": -3.08, ""pyroDrogue"": 0, ""pyroMain"": 0, ""pyro1_state"": 0, ""pyro2_state"": 0}"
1768315534.770913,2026-01-13T17:45:34.770913,3383,0,0,-0.39,0.11,0.89,-22.21,6.69,-9.15,-3.45,-3.6,0,0,0,292359,853.06,27.47,-1.14,0,0,0,0,-88,-1.14,-3.06,BEACON,"{""record_number"": 3383, ""operation_mode"": 0, ""state"": 0, ""battery_voltage"": 0, ""wifi_rssi"": -88, ""acc_data"": {""ax"": -0.39, ""ay"": 0.11, ""az"": 0.89, ""pitch"": -22.21, ""roll"": 6.69}, ""gyro_data"": {""gx"": -9.15, ""gy"": -3.45, ""gz"": -3.6}, ""gps_data"": {""latitude"": 0, ""longitude"": 0, ""gps_altitude"": 0, ""time"": 292359}, ""alt_data"": {""pressure"": 853.06, ""temperature"": 27.47, ""AGL"": -1.14, ""velocity"": 0, ""kalman_altitude"": -1.14, ""kalman_vertical_velocity"": -3.06}, ""chute_state"": {""pyro1_state"": 0, ""pyro2_state"": 0}, ""connection_status"": {""connected"": true, ""has_ever_connected"": true, ""packet_age_ms"": 0, ""timeout_exceeded"": false, ""rssi"": -88}, ""communication_mode"": ""BEACON"", ""timestamp"": 177184, ""packets_received"": 774, ""kalman_data"": {""altitude"": -1.14, ""vertical_velocity"": -3.06}, ""kalman_altitude"": -1.14, ""kalman_vertical_velocity"": -3.06, ""pyroDrogue"": 0, ""pyroMain"": 0, ""pyro1_state"": 0, ""pyro2_state"": 0}"
1768315534.827916,2026-01-13T17:45:34.827916,3385,0,0,-0.38,0.11,0.9,-22.15,6.69,-9.54,-2.47,-3.41,0,0,0,292359,853.08,27.47,-1.39,0,0,0,0,-87,-1.39,-3.09,BEACON,"{""record_number"": 3385, ""operation_mode"": 0, ""state"": 0, ""battery_voltage"": 0, ""wifi_rssi"": -87, ""acc_data"": {""ax"": -0.38, ""ay"": 0.11, ""az"": 0.9, ""pitch"": -22.15, ""roll"": 6.69}, ""gyro_data"": {""gx"": -9.54, ""gy"": -2.47, ""gz"": -3.41}, ""gps_data"": {""latitude"": 0, ""longitude"": 0, ""gps_altitude"": 0, ""time"": 292359}, ""alt_data"": {""pressure"": 853.08, ""temperature"": 27.47, ""AGL"": -1.39, ""velocity"": 0, ""kalman_altitude"": -1.39, ""kalman_vertical_velocity"": -3.09}, ""chute_state"": {""pyro1_state"": 0, ""pyro2_state"": 0}, ""connection_status"": {""connected"": true, ""has_ever_connected"": true, ""packet_age_ms"": 0, ""timeout_exceeded"": false, ""rssi"": -87}, ""communication_mode"": ""BEACON"", ""timestamp"": 177298, ""packets_received"": 775, ""kalman_data"": {""altitude"": -1.39, ""vertical_velocity"": -3.09}, ""kalman_altitude"": -1.39, ""kalman_vertical_velocity"": -3.09, ""pyroDrogue"": 0, ""pyroMain"": 0, ""pyro1_state"": 0, ""pyro2_state"": 0}"
1768315534.902601,2026-01-13T17:45:34.902601,3386,0,0,-0.38,0.1,0.88,-22.58,6.85,-9.05,-2.84,-3.96,0,0,0,292558,853.02,27.46,-0.77,0,0,0,0,-88,-0.77,-3.02,BEACON,"{""record_number"": 3386, ""operation_mode"": 0, ""state"": 0, ""battery_voltage"": 0, ""wifi_rssi"": -88, ""acc_data"": {""ax"": -0.38, ""ay"": 0.1, ""az"": 0.88, ""pitch"": -22.58, ""roll"": 6.85}, ""gyro_data"": {""gx"": -9.05, ""gy"": -2.84, ""gz"": -3.96}, ""gps_data"": {""latitude"": 0, ""longitude"": 0, ""gps_altitude"": 0, ""time"": 292558}, ""alt_data"": {""pressure"": 853.02, ""temperature"": 27.46, ""AGL"": -0.77, ""velocity"": 0, ""kalman_altitude"": -0.77, ""kalman_vertical_velocity"": -3.02}, ""chute_state"": {""pyro1_state"": 0, ""pyro2_state"": 0}, ""connection_status"": {""connected"": true, ""has_ever_connected"": true, ""packet_age_ms"": 1, ""timeout_exceeded"": false, ""rssi"": -88}, ""communication_mode"": ""BEACON"", ""timestamp"": 177412, ""packets_received"": 776, ""kalman_data"": {""altitude"": -0.77, ""vertical_velocity"": -3.02}, ""kalman_altitude"": -0.77, ""kalman_vertical_velocity"": -3.02, ""pyroDrogue"": 0, ""pyroMain"": 0, ""pyro1_state"": 0, ""pyro2_state"": 0}"
1768315534.975598,2026-01-13T17:45:34.975598,3387,0,0,-0.38,0.1,0.88,-22.18,6.67,-9.39,-3.17,-4.02,0,0,0,292558,853.04,27.47,-0.96,0,0,0,0,-88,-0.96,-3.04,BEACON,"{""record_number"": 3387, ""operation_mode"": 0, ""state"": 0, ""battery_voltage"": 0, ""wifi_rssi"": -88, ""acc_data"": {""ax"": -0.38, ""ay"": 0.1, ""az"": 0.88, ""pitch"": -22.18, ""roll"": 6.67}, ""gyro_data"": {""gx"": -9.39, ""gy"": -3.17, ""gz"": -4.02}, ""gps_data"": {""latitude"": 0, ""longitude"": 0, ""gps_altitude"": 0, ""time"": 292558}, ""alt_data"": {""pressure"": 853.04, ""temperature"": 27.47, ""AGL"": -0.96, ""velocity"": 0, ""kalman_altitude"": -0.96, ""kalman_vertical_velocity"": -3.04}, ""chute_state"": {""pyro1_state"": 0, ""pyro2_state"": 0}, ""connection_status"": {""connected"": true, ""has_ever_connected"": true, ""packet_age_ms"": 0, ""timeout_exceeded"": false, ""rssi"": -88}, ""communication_mode"": ""BEACON"", ""timestamp"": 177523, ""packets_received"": 777, ""kalman_data"": {""altitude"": -0.96, ""vertical_velocity"": -3.04}, ""kalman_altitude"": -0.96, ""kalman_vertical_velocity"": -3.04, ""pyroDrogue"": 0, ""pyroMain"": 0, ""pyro1_state"": 0, ""pyro2_state"": 0}"
1768315535.054599,2026-01-13T17:45:35.054599,3389,0,0,-0.38,0.1,0.89,-22.58,6.55,-9.63,-3.99,-3.66,0,0,0,292764,853.02,27.47,-0.82,0,0,0,0,-89,-0.82,-3.02,BEACON,"{""record_number"": 3389, ""operation_mode"": 0, ""state"": 0, ""battery_voltage"": 0, ""wifi_rssi"": -89, ""acc_data"": {""ax"": -0.38, ""ay"": 0.1, ""az"": 0.89, ""pitch"": -22.58, ""roll"": 6.55}, ""gyro_data"": {""gx"": -9.63, ""gy"": -3.99, ""gz"": -3.66}, ""gps_data"": {""latitude"": 0, ""longitude"": 0, ""gps_altitude"": 0, ""time"": 292764}, ""alt_data"": {""pressure"": 853.02, ""temperature"": 27.47, ""AGL"": -0.82, ""velocity"": 0, ""kalman_altitude"": -0.82, ""kalman_vertical_velocity"": -3.02}, ""chute_state"": {""pyro1_state"": 0, ""pyro2_state"": 0}, ""connection_status"": {""connected"": true, ""has_ever_connected"": true, ""packet_age_ms"": 0, ""timeout_exceeded"": false, ""rssi"": -89}, ""communication_mode"": ""BEACON"", ""timestamp"": 177639, ""packets_received"": 778, ""kalman_data"": {""altitude"": -0.82, ""vertical_velocity"": -3.02}, ""kalman_altitude"": -0.82, ""kalman_vertical_velocity"": -3.02, ""pyroDrogue"": 0, ""pyroMain"": 0, ""pyro1_state"": 0, ""pyro2_state"": 0}"
1768315535.213092,2026-01-13T17:45:35.213092,3390,0,0,-0.38,0.1,0.89,-22.49,6.47,-9.6,-3.78,-3.9,0,0,0,292764,853.08,27.48,-1.41,0,0,0,0,-88,-1.41,-3.1,BEACON,"{""record_number"": 3390, ""operation_mode"": 0, ""state"": 0, ""battery_voltage"": 0, ""wifi_rssi"": -88, ""acc_data"": {""ax"": -0.38, ""ay"": 0.1, ""az"": 0.89, ""pitch"": -22.49, ""roll"": 6.47}, ""gyro_data"": {""gx"": -9.6, ""gy"": -3.78, ""gz"": -3.9}, ""gps_data"": {""latitude"": 0, ""longitude"": 0, ""gps_altitude"": 0, ""time"": 292764}, ""alt_data"": {""pressure"": 853.08, ""temperature"": 27.48, ""AGL"": -1.41, ""velocity"": 0, ""kalman_altitude"": -1.41, ""kalman_vertical_velocity"": -3.1}, ""chute_state"": {""pyro1_state"": 0, ""pyro2_state"": 0}, ""connection_status"": {""connected"": true, ""has_ever_connected"": true, ""packet_age_ms"": 1, ""timeout_exceeded"": false, ""rssi"": -88}, ""communication_mode"": ""BEACON"", ""timestamp"": 177748, ""packets_received"": 779, ""kalman_data"": {""altitude"": -1.41, ""vertical_velocity"": -3.1}, ""kalman_altitude"": -1.41, ""kalman_vertical_velocity"": -3.1, ""pyroDrogue"": 0, ""pyroMain"": 0, ""pyro1_state"": 0, ""pyro2_state"": 0}"
1768315535.30909,2026-01-13T17:45:35.309090,3391,0,0,-0.38,0.1,0.89,-22.79,6.87,-8.66,-1.43,-3.11,0,0,0,292964,853.06,27.49,-1.21,0,0,0,0,-86,-1.21,-3.08,BEACON,"{""record_number"": 3391, ""operation_mode"": 0, ""state"": 0, ""battery_voltage"": 0, ""wifi_rssi"": -86, ""acc_data"": {""ax"": -0.38, ""ay"": 0.1, ""az"": 0.89, ""pitch"": -22.79, ""roll"": 6.87}, ""gyro_data"": {""gx"": -8.66, ""gy"": -1.43, ""gz"": -3.11}, ""gps_data"": {""latitude"": 0, ""longitude"": 0, ""gps_altitude"": 0, ""time"": 292964}, ""alt_data"": {""pressure"": 853.06, ""temperature"": 27.49, ""AGL"": -1.21, ""velocity"": 0, ""kalman_altitude"": -1.21, ""kalman_vertical_velocity"": -3.08}, ""chute_state"": {""pyro1_state"": 0, ""pyro2_state"": 0}, ""connection_status"": {""connected"": true, ""has_ever_connected"": true, ""packet_age_ms"": 0, ""timeout_exceeded"": false, ""rssi"": -86}, ""communication_mode"": ""BEACON"", ""timestamp"": 177860, ""packets_received"": 780, ""kalman_data"": {""altitude"": -1.21, ""vertical_velocity"": -3.08}, ""kalman_altitude"": -1.21, ""kalman_vertical_velocity"": -3.08, ""pyroDrogue"": 0, ""pyroMain"": 0, ""pyro1_state"": 0, ""pyro2_state"": 0}"
1768315535.524313,2026-01-13T17:45:35.524313,3393,0,0,-0.39,0.11,0.89,-22.46,6.83,-10.03,-4.42,-3.57,0,0,0,293163,853.08,27.48,-1.36,0,0,0,0,-88,-1.36,-3.1,BEACON,"{""record_number"": 3393, ""operation_mode"": 0, ""state"": 0, ""battery_voltage"": 0, ""wifi_rssi"": -88, ""acc_data"": {""ax"": -0.39, ""ay"": 0.11, ""az"": 0.89, ""pitch"": -22.46, ""roll"": 6.83}, ""gyro_data"": {""gx"": -10.03, ""gy"": -4.42, ""gz"": -3.57}, ""gps_data"": {""latitude"": 0, ""longitude"": 0, ""gps_altitude"": 0, ""time"": 293163}, ""alt_data"": {""pressure"": 853.08, ""temperature"": 27.48, ""AGL"": -1.36, ""velocity"": 0, ""kalman_altitude"": -1.36, ""kalman_vertical_velocity"": -3.1}, ""chute_state"": {""pyro1_state"": 0, ""pyro2_state"": 0}, ""connection_status"": {""connected"": true, ""has_ever_connected"": true, ""packet_age_ms"": 0, ""timeout_exceeded"": false, ""rssi"": -88}, ""communication_mode"": ""BEACON"", ""timestamp"": 177973, ""packets_received"": 781, ""kalman_data"": {""altitude"": -1.36, ""vertical_velocity"": -3.1}, ""kalman_altitude"": -1.36, ""kalman_vertical_velocity"": -3.1, ""pyroDrogue"": 0, ""pyroMain"": 0, ""pyro1_state"": 0, ""pyro2_state"": 0}"
1768315535.589813,2026-01-13T17:45:35.589813,3394,0,0,-0.38,0.11,0.88,-22.79,6.84,-8.63,-2.56,-3.9,0,0,0,293163,853.09,27.49,-1.49,0,0,0,0,-88,-1.49,-3.12,BEACON,"{""record_number"": 3394, ""operation_mode"": 0, ""state"": 0, ""battery_voltage"": 0, ""wifi_rssi"": -88, ""acc_data"": {""ax"": -0.38, ""ay"": 0.11, ""az"": 0.88, ""pitch"": -22.79, ""roll"": 6.84}, ""gyro_data"": {""gx"": -8.63, ""gy"": -2.56, ""gz"": -3.9}, ""gps_data"": {""latitude"": 0, ""longitude"": 0, ""gps_altitude"": 0, ""time"": 293163}, ""alt_data"": {""pressure"": 853.09, ""temperature"": 27.49, ""AGL"": -1.49, ""velocity"": 0, ""kalman_altitude"": -1.49, ""kalman_vertical_velocity"": -3.12}, ""chute_state"": {""pyro1_state"": 0, ""pyro2_state"": 0}, ""connection_status"": {""connected"": true, ""has_ever_connected"": true, ""packet_age_ms"": 0, ""timeout_exceeded"": false, ""rssi"": -88}, ""communication_mode"": ""BEACON"", ""timestamp"": 178086, ""packets_received"": 782, ""kalman_data"": {""altitude"": -1.49, ""vertical_velocity"": -3.12}, ""kalman_altitude"": -1.49, ""kalman_vertical_velocity"": -3.12, ""pyroDrogue"": 0, ""pyroMain"": 0, ""pyro1_state"": 0, ""pyro2_state"": 0}"
1768315535.640812,2026-01-13T17:45:35.640812,3395,0,0,-0.39,0.1,0.89,-22.52,6.6,-9.48,-3.45,-3.57,0,0,0,293364,853.05,27.49,-1.06,0,0,0,0,-86,-1.06,-3.06,BEACON,"{""record_number"": 3395, ""operation_mode"": 0, ""state"": 0, ""battery_voltage"": 0, ""wifi_rssi"": -86, ""acc_data"": {""ax"": -0.39, ""ay"": 0.1, ""az"": 0.89, ""pitch"": -22.52, ""roll"": 6.6}, ""gyro_data"": {""gx"": -9.48, ""gy"": -3.45, ""gz"": -3.57}, ""gps_data"": {""latitude"": 0, ""longitude"": 0, ""gps_altitude"": 0, ""time"": 293364}, ""alt_data"": {""pressure"": 853.05, ""temperature"": 27.49, ""AGL"": -1.06, ""velocity"": 0, ""kalman_altitude"": -1.06, ""kalman_vertical_velocity"": -3.06}, ""chute_state"": {""pyro1_state"": 0, ""pyro2_state"": 0}, ""connection_status"": {""connected"": true, ""has_ever_connected"": true, ""packet_age_ms"": 0, ""timeout_exceeded"": false, ""rssi"": -86}, ""communication_mode"": ""BEACON"", ""timestamp"": 178199, ""packets_received"": 783, ""kalman_data"": {""altitude"": -1.06, ""vertical_velocity"": -3.06}, ""kalman_altitude"": -1.06, ""kalman_vertical_velocity"": -3.06, ""pyroDrogue"": 0, ""pyroMain"": 0, ""pyro1_state"": 0, ""pyro2_state"": 0}"
1768315535.693574,2026-01-13T17:45:35.693574,3397,0,0,-0.38,0.1,0.89,-22.09,6.84,-8.48,-3.87,-2.96,0,0,0,293364,853.11,27.51,-1.65,0,0,0,0,-87,-1.65,-3.14,BEACON,"{""record_number"": 3397, ""operation_mode"": 0, ""state"": 0, ""battery_voltage"": 0, ""wifi_rssi"": -87, ""acc_data"": {""ax"": -0.38, ""ay"": 0.1, ""az"": 0.89, ""pitch"": -22.09, ""roll"": 6.84}, ""gyro_data"": {""gx"": -8.48, ""gy"": -3.87, ""gz"": -2.96}, ""gps_data"": {""latitude"": 0, ""longitude"": 0, ""gps_altitude"": 0, ""time"": 293364}, ""alt_data"": {""pressure"": 853.11, ""temperature"": 27.51, ""AGL"": -1.65, ""velocity"": 0, ""kalman_altitude"": -1.65, ""kalman_vertical_velocity"": -3.14}, ""chute_state"": {""pyro1_state"": 0, ""pyro2_state"": 0}, ""connection_status"": {""connected"": true, ""has_ever_connected"": true, ""packet_age_ms"": 1, ""timeout_exceeded"": false, ""rssi"": -87}, ""communication_mode"": ""BEACON"", ""timestamp"": 178314, ""packets_received"": 784, ""kalman_data"": {""altitude"": -1.65, ""vertical_velocity"": -3.14}, ""kalman_altitude"": -1.65, ""kalman_vertical_velocity"": -3.14, ""pyroDrogue"": 0, ""pyroMain"": 0, ""pyro1_state"": 0, ""pyro2_state"": 0}"
1768315535.746574,2026-01-13T17:45:35.746574,3398,0,0,-0.39,0.11,0.89,-23.12,6.66,-9.85,-3.57,-3.72,0,0,0,293564,853.03,27.49,-0.88,0,0,0,0,-88,-0.88,-3.04,BEACON,"{""record_number"": 3398, ""operation_mode"": 0, ""state"": 0, ""battery_voltage"": 0, ""wifi_rssi"": -88, ""acc_data"": {""ax"": -0.39, ""ay"": 0.11, ""az"": 0.89, ""pitch"": -23.12, ""roll"": 6.66}, ""gyro_data"": {""gx"": -9.85, ""gy"": -3.57, ""gz"": -3.72}, ""gps_data"": {""latitude"": 0, ""longitude"": 0, ""gps_altitude"": 0, ""time"": 293564}, ""alt_data"": {""pressure"": 853.03, ""temperature"": 27.49, ""AGL"": -0.88, ""velocity"": 0, ""kalman_altitude"": -0.88, ""kalman_vertical_velocity"": -3.04}, ""chute_state"": {""pyro1_state"": 0, ""pyro2_state"": 0}, ""connection_status"": {""connected"": true, ""has_ever_connected"": true, ""packet_age_ms"": 0, ""timeout_exceeded"": false, ""rssi"": -88}, ""communication_mode"": ""BEACON"", ""timestamp"": 178426, ""packets_received"": 785, ""kalman_data"": {""altitude"": -0.88, ""vertical_velocity"": -3.04}, ""kalman_altitude"": -0.88, ""kalman_vertical_velocity"": -3.04, ""pyroDrogue"": 0, ""pyroMain"": 0, ""pyro1_state"": 0, ""pyro2_state"": 0}"
1768315535.812618,2026-01-13T17:45:35.812618,3399,0,0,-0.38,0.1,0.89,-22.52,6.6,-9.27,-2.32,-4.02,0,0,0,293564,853.07,27.49,-1.31,0,0,0,0,-87,-1.31,-3.1,BEACON,"{""record_number"": 3399, ""operation_mode"": 0, ""state"": 0, ""battery_voltage"": 0, ""wifi_rssi"": -87, ""acc_data"": {""ax"": -0.38, ""ay"": 0.1, ""az"": 0.89, ""pitch"": -22.52, ""roll"": 6.6}, ""gyro_data"": {""gx"": -9.27, ""gy"": -2.32, ""gz"": -4.02}, ""gps_data"": {""latitude"": 0, ""longitude"": 0, ""gps_altitude"": 0, ""time"": 293564}, ""alt_data"": {""pressure"": 853.07, ""temperature"": 27.49, ""AGL"": -1.31, ""velocity"": 0, ""kalman_altitude"": -1.31, ""kalman_vertical_velocity"": -3.1}, ""chute_state"": {""pyro1_state"": 0, ""pyro2_state"": 0}, ""connection_status"": {""connected"": true, ""has_ever_connected"": true, ""packet_age_ms"": 0, ""timeout_exceeded"": false, ""rssi"": -87}, ""communication_mode"": ""BEACON"", ""timestamp"": 178539, ""packets_received"": 786, ""kalman_data"": {""altitude"": -1.31, ""vertical_velocity"": -3.1}, ""kalman_altitude"": -1.31, ""kalman_vertical_velocity"": -3.1, ""pyroDrogue"": 0, ""pyroMain"": 0, ""pyro1_state"": 0, ""pyro2_state"": 0}"
1768315535.890131,2026-01-13T17:45:35.890131,3403,0,0,-0.38,0.1,0.89,-22.46,6.69,-8.93,-3.17,-3.99,0,0,0,293969,853.06,27.49,-1.21,0,0,0,0,-88,-1.21,-3.09,BEACON,"{""record_number"": 3403, ""operation_mode"": 0, ""state"": 0, ""battery_voltage"": 0, ""wifi_rssi"": -88, ""acc_data"": {""ax"": -0.38, ""ay"": 0.1, ""az"": 0.89, ""pitch"": -22.46, ""roll"": 6.69}, ""gyro_data"": {""gx"": -8.93, ""gy"": -3.17, ""gz"": -3.99}, ""gps_data"": {""latitude"": 0, ""longitude"": 0, ""gps_altitude"": 0, ""time"": 293969}, ""alt_data"": {""pressure"": 853.06, ""temperature"": 27.49, ""AGL"": -1.21, ""velocity"": 0, ""kalman_altitude"": -1.21, ""kalman_vertical_velocity"": -3.09}, ""chute_state"": {""pyro1_state"": 0, ""pyro2_state"": 0}, ""connection_status"": {""connected"": true, ""has_ever_connected"": true, ""packet_age_ms"": 0, ""timeout_exceeded"": false, ""rssi"": -88}, ""communication_mode"": ""BEACON"", ""timestamp"": 178877, ""packets_received"": 787, ""kalman_data"": {""altitude"": -1.21, ""vertical_velocity"": -3.09}, ""kalman_altitude"": -1.21, ""kalman_vertical_velocity"": -3.09, ""pyroDrogue"": 0, ""pyroMain"": 0, ""pyro1_state"": 0, ""pyro2_state"": 0}"
1768315535.991818,2026-01-13T17:45:35.991818,3404,0,0,-0.38,0.1,0.88,-22.49,7.06,-8.78,-3.29,-3.45,0,0,0,294169,853.04,27.49,-0.99,0,0,0,0,-90,-0.99,-3.06,BEACON,"{""record_number"": 3404, ""operation_mode"": 0, ""state"": 0, ""battery_voltage"": 0, ""wifi_rssi"": -90, ""acc_data"": {""ax"": -0.38, ""ay"": 0.1, ""az"": 0.88, ""pitch"": -22.49, ""roll"": 7.06}, ""gyro_data"": {""gx"": -8.78, ""gy"": -3.29, ""gz"": -3.45}, ""gps_data"": {""latitude"": 0, ""longitude"": 0, ""gps_altitude"": 0, ""time"": 294169}, ""alt_data"": {""pressure"": 853.04, ""temperature"": 27.49, ""AGL"": -0.99, ""velocity"": 0, ""kalman_altitude"": -0.99, ""kalman_vertical_velocity"": -3.06}, ""chute_state"": {""pyro1_state"": 0, ""pyro2_state"": 0}, ""connection_status"": {""connected"": true, ""has_ever_connected"": true, ""packet_age_ms"": 0, ""timeout_exceeded"": false, ""rssi"": -90}, ""communication_mode"": ""BEACON"", ""timestamp"": 178989, ""packets_received"": 788, ""kalman_data"": {""altitude"": -0.99, ""vertical_velocity"": -3.06}, ""kalman_altitude"": -0.99, ""kalman_vertical_velocity"": -3.06, ""pyroDrogue"": 0, ""pyroMain"": 0, ""pyro1_state"": 0, ""pyro2_state"": 0}"
1768315536.091734,2026-01-13T17:45:36.091734,3406,0,0,-0.38,0.11,0.89,-22.34,6.82,-8.48,-2.5,-3.81,0,0,0,294169,853.05,27.49,-1.03,0,0,0,0,-88,-1.03,-3.07,BEACON,"{""record_number"": 3406, ""operation_mode"": 0, ""state"": 0, ""battery_voltage"": 0, ""wifi_rssi"": -88, ""acc_data"": {""ax"": -0.38, ""ay"": 0.11, ""az"": 0.89, ""pitch"": -22.34, ""roll"": 6.82}, ""gyro_data"": {""gx"": -8.48, ""gy"": -2.5, ""gz"": -3.81}, ""gps_data"": {""latitude"": 0, ""longitude"": 0, ""gps_altitude"": 0, ""time"": 294169}, ""alt_data"": {""pressure"": 853.05, ""temperature"": 27.49, ""AGL"": -1.03, ""velocity"": 0, ""kalman_altitude"": -1.03, ""kalman_vertical_velocity"": -3.07}, ""chute_state"": {""pyro1_state"": 0, ""pyro2_state"": 0}, ""connection_status"": {""connected"": true, ""has_ever_connected"": true, ""packet_age_ms"": 0, ""timeout_exceeded"": false, ""rssi"": -88}, ""communication_mode"": ""BEACON"", ""timestamp"": 179102, ""packets_received"": 789, ""kalman_data"": {""altitude"": -1.03, ""vertical_velocity"": -3.07}, ""kalman_altitude"": -1.03, ""kalman_vertical_velocity"": -3.07, ""pyroDrogue"": 0, ""pyroMain"": 0, ""pyro1_state"": 0, ""pyro2_state"": 0}"
1768315536.205623,2026-01-13T17:45:36.205623,3407,0,0,-0.39,0.1,0.89,-22.4,6.71,-9.42,-3.45,-3.35,0,0,0,294368,853,27.48,-0.61,0,0,0,0,-88,-0.61,-3.01,BEACON,"{""record_number"": 3407, ""operation_mode"": 0, ""state"": 0, ""battery_voltage"": 0, ""wifi_rssi"": -88, ""acc_data"": {""ax"": -0.39, ""ay"": 0.1, ""az"": 0.89, ""pitch"": -22.4, ""roll"": 6.71}, ""gyro_data"": {""gx"": -9.42, ""gy"": -3.45, ""gz"": -3.35}, ""gps_data"": {""latitude"": 0, ""longitude"": 0, ""gps_altitude"": 0, ""time"": 294368}, ""alt_data"": {""pressure"": 853, ""temperature"": 27.48, ""AGL"": -0.61, ""velocity"": 0, ""kalman_altitude"": -0.61, ""kalman_vertical_velocity"": -3.01}, ""chute_state"": {""pyro1_state"": 0, ""pyro2_state"": 0}, ""connection_status"": {""connected"": true, ""has_ever_connected"": true, ""packet_age_ms"": 0, ""timeout_exceeded"": false, ""rssi"": -88}, ""communication_mode"": ""BEACON"", ""timestamp"": 179217, ""packets_received"": 790, ""kalman_data"": {""altitude"": -0.61, ""vertical_velocity"": -3.01}, ""kalman_altitude"": -0.61, ""kalman_vertical_velocity"": -3.01, ""pyroDrogue"": 0, ""pyroMain"": 0, ""pyro1_state"": 0, ""pyro2_state"": 0}"
1768315536.301892,2026-01-13T17:45:36.301892,3408,0,0,-0.38,0.11,0.89,-22.18,7.18,-9.85,-4.57,-3.51,0,0,0,294368,853.05,27.49,-1.1,0,0,0,0,-88,-1.1,-3.08,BEACON,"{""record_number"": 3408, ""operation_mode"": 0, ""state"": 0, ""battery_voltage"": 0, ""wifi_rssi"": -88, ""acc_data"": {""ax"": -0.38, ""ay"": 0.11, ""az"": 0.89, ""pitch"": -22.18, ""roll"": 7.18}, ""gyro_data"": {""gx"": -9.85, ""gy"": -4.57, ""gz"": -3.51}, ""gps_data"": {""latitude"": 0, ""longitude"": 0, ""gps_altitude"": 0, ""time"": 294368}, ""alt_data"": {""pressure"": 853.05, ""temperature"": 27.49, ""AGL"": -1.1, ""velocity"": 0, ""kalman_altitude"": -1.1, ""kalman_vertical_velocity"": -3.08}, ""chute_state"": {""pyro1_state"": 0, ""pyro2_state"": 0}, ""connection_status"": {""connected"": true, ""has_ever_connected"": true, ""packet_age_ms"": 0, ""timeout_exceeded"": false, ""rssi"": -88}, ""communication_mode"": ""BEACON"", ""timestamp"": 179328, ""packets_received"": 791, ""kalman_data"": {""altitude"": -1.1, ""vertical_velocity"": -3.08}, ""kalman_altitude"": -1.1, ""kalman_vertical_velocity"": -3.08, ""pyroDrogue"": 0, ""pyroMain"": 0, ""pyro1_state"": 0, ""pyro2_state"": 0}"
1768315536.380501,2026-01-13T17:45:36.380501,3410,0,0,-0.38,0.1,0.89,-22.76,6.39,-8.99,-4.18,-3.51,0,0,0,294569,853.08,27.49,-1.35,0,0,0,0,-88,-1.35,-3.11,BEACON,"{""record_number"": 3410, ""operation_mode"": 0, ""state"": 0, ""battery_voltage"": 0, ""wifi_rssi"": -88, ""acc_data"": {""ax"": -0.38, ""ay"": 0.1, ""az"": 0.89, ""pitch"": -22.76, ""roll"": 6.39}, ""gyro_data"": {""gx"": -8.99, ""gy"": -4.18, ""gz"": -3.51}, ""gps_data"": {""latitude"": 0, ""longitude"": 0, ""gps_altitude"": 0, ""time"": 294569}, ""alt_data"": {""pressure"": 853.08, ""temperature"": 27.49, ""AGL"": -1.35, ""velocity"": 0, ""kalman_altitude"": -1.35, ""kalman_vertical_velocity"": -3.11}, ""chute_state"": {""pyro1_state"": 0, ""pyro2_state"": 0}, ""connection_status"": {""connected"": true, ""has_ever_connected"": true, ""packet_age_ms"": 0, ""timeout_exceeded"": false, ""rssi"": -88}, ""communication_mode"": ""BEACON"", ""timestamp"": 179442, ""packets_received"": 792, ""kalman_data"": {""altitude"": -1.35, ""vertical_velocity"": -3.11}, ""kalman_altitude"": -1.35, ""kalman_vertical_velocity"": -3.11, ""pyroDrogue"": 0, ""pyroMain"": 0, ""pyro1_state"": 0, ""pyro2_state"": 0}"
1768315536.521026,2026-01-13T17:45:36.521026,3411,0,0,-0.38,0.11,0.89,-22.43,6.81,-9.12,-2.29,-3.84,0,0,0,294569,853.01,27.48,-0.69,0,0,0,0,-88,-0.69,-3.03,BEACON,"{""record_number"": 3411, ""operation_mode"": 0, ""state"": 0, ""battery_voltage"": 0, ""wifi_rssi"": -88, ""acc_data"": {""ax"": -0.38, ""ay"": 0.11, ""az"": 0.89, ""pitch"": -22.43, ""roll"": 6.81}, ""gyro_data"": {""gx"": -9.12, ""gy"": -2.29, ""gz"": -3.84}, ""gps_data"": {""latitude"": 0, ""longitude"": 0, ""gps_altitude"": 0, ""time"": 294569}, ""alt_data"": {""pressure"": 853.01, ""temperature"": 27.48, ""AGL"": -0.69, ""velocity"": 0, ""kalman_altitude"": -0.69, ""kalman_vertical_velocity"": -3.03}, ""chute_state"": {""pyro1_state"": 0, ""pyro2_state"": 0}, ""connection_status"": {""connected"": true, ""has_ever_connected"": true, ""packet_age_ms"": 0, ""timeout_exceeded"": false, ""rssi"": -88}, ""communication_mode"": ""BEACON"", ""timestamp"": 179555, ""packets_received"": 793, ""kalman_data"": {""altitude"": -0.69, ""vertical_velocity"": -3.03}, ""kalman_altitude"": -0.69, ""kalman_vertical_velocity"": -3.03, ""pyroDrogue"": 0, ""pyroMain"": 0, ""pyro1_state"": 0, ""pyro2_state"": 0}"
1768315536.59474,2026-01-13T17:45:36.594740,3412,0,0,-0.38,0.1,0.89,-22.21,6.56,-8.96,-4.12,-4.18,0,0,0,294773,853.04,27.49,-0.95,0,0,0,0,-87,-0.95,-3.06,BEACON,"{""record_number"": 3412, ""operation_mode"": 0, ""state"": 0, ""battery_voltage"": 0, ""wifi_rssi"": -87, ""acc_data"": {""ax"": -0.38, ""ay"": 0.1, ""az"": 0.89, ""pitch"": -22.21, ""roll"": 6.56}, ""gyro_data"": {""gx"": -8.96, ""gy"": -4.12, ""gz"": -4.18}, ""gps_data"": {""latitude"": 0, ""longitude"": 0, ""gps_altitude"": 0, ""time"": 294773}, ""alt_data"": {""pressure"": 853.04, ""temperature"": 27.49, ""AGL"": -0.95, ""velocity"": 0, ""kalman_altitude"": -0.95, ""kalman_vertical_velocity"": -3.06}, ""chute_state"": {""pyro1_state"": 0, ""pyro2_state"": 0}, ""connection_status"": {""connected"": true, ""has_ever_connected"": true, ""packet_age_ms"": 1, ""timeout_exceeded"": false, ""rssi"": -87}, ""communication_mode"": ""BEACON"", ""timestamp"": 179669, ""packets_received"": 794, ""kalman_data"": {""altitude"": -0.95, ""vertical_velocity"": -3.06}, ""kalman_altitude"": -0.95, ""kalman_vertical_velocity"": -3.06, ""pyroDrogue"": 0, ""pyroMain"": 0, ""pyro1_state"": 0, ""pyro2_state"": 0}"
1768315536.658734,2026-01-13T17:45:36.658734,3414,0,0,-0.38,0.1,0.89,-22.43,6.61,-9.27,-3.29,-3.05,0,0,0,294773,853.06,27.5,-1.14,0,0,0,0,-90,-1.14,-3.09,BEACON,"{""record_number"": 3414, ""operation_mode"": 0, ""state"": 0, ""battery_voltage"": 0, ""wifi_rssi"": -90, ""acc_data"": {""ax"": -0.38, ""ay"": 0.1, ""az"": 0.89, ""pitch"": -22.43, ""roll"": 6.61}, ""gyro_data"": {""gx"": -9.27, ""gy"": -3.29, ""gz"": -3.05}, ""gps_data"": {""latitude"": 0, ""longitude"": 0, ""gps_altitude"": 0, ""time"": 294773}, ""alt_data"": {""pressure"": 853.06, ""temperature"": 27.5, ""AGL"": -1.14, ""velocity"": 0, ""kalman_altitude"": -1.14, ""kalman_vertical_velocity"": -3.09}, ""chute_state"": {""pyro1_state"": 0, ""pyro2_state"": 0}, ""connection_status"": {""connected"": true, ""has_ever_connected"": true, ""packet_age_ms"": 0, ""timeout_exceeded"": false, ""rssi"": -90}, ""communication_mode"": ""BEACON"", ""timestamp"": 179781, ""packets_received"": 795, ""kalman_data"": {""altitude"": -1.14, ""vertical_velocity"": -3.09}, ""kalman_altitude"": -1.14, ""kalman_vertical_velocity"": -3.09, ""pyroDrogue"": 0, ""pyroMain"": 0, ""pyro1_state"": 0, ""pyro2_state"": 0}"
1768315536.708735,2026-01-13T17:45:36.708735,3415,0,0,-0.38,0.1,0.89,-22.73,6.79,-9.85,-3.32,-3.29,0,0,0,294975,853.05,27.5,-1.1,0,0,0,0,-87,-1.1,-3.08,BEACON,"{""record_number"": 3415, ""operation_mode"": 0, ""state"": 0, ""battery_voltage"": 0, ""wifi_rssi"": -87, ""acc_data"": {""ax"": -0.38, ""ay"": 0.1, ""az"": 0.89, ""pitch"": -22.73, ""roll"": 6.79}, ""gyro_data"": {""gx"": -9.85, ""gy"": -3.32, ""gz"": -3.29}, ""gps_data"": {""latitude"": 0, ""longitude"": 0, ""gps_altitude"": 0, ""time"": 294975}, ""alt_data"": {""pressure"": 853.05, ""temperature"": 27.5, ""AGL"": -1.1, ""velocity"": 0, ""kalman_altitude"": -1.1, ""kalman_vertical_velocity"": -3.08}, ""chute_state"": {""pyro1_state"": 0, ""pyro2_state"": 0}, ""connection_status"": {""connected"": true, ""has_ever_connected"": true, ""packet_age_ms"": 0, ""timeout_exceeded"": false, ""rssi"": -87}, ""communication_mode"": ""BEACON"", ""timestamp"": 179894, ""packets_received"": 796, ""kalman_data"": {""altitude"": -1.1, ""vertical_velocity"": -3.08}, ""kalman_altitude"": -1.1, ""kalman_vertical_velocity"": -3.08, ""pyroDrogue"": 0, ""pyroMain"": 0, ""pyro1_state"": 0, ""pyro2_state"": 0}"
1768315536.77118,2026-01-13T17:45:36.771180,3416,0,0,-0.38,0.11,0.89,-22.46,6.88,-9.42,-2.44,-4.3,0,0,0,295174,853.06,27.5,-1.18,0,0,0,0,-89,-1.18,-3.09,BEACON,"{""record_number"": 3416, ""operation_mode"": 0, ""state"": 0, ""battery_voltage"": 0, ""wifi_rssi"": -89, ""acc_data"": {""ax"": -0.38, ""ay"": 0.11, ""az"": 0.89, ""pitch"": -22.46, ""roll"": 6.88}, ""gyro_data"": {""gx"": -9.42, ""gy"": -2.44, ""gz"": -4.3}, ""gps_data"": {""latitude"": 0, ""longitude"": 0, ""gps_altitude"": 0, ""time"": 295174}, ""alt_data"": {""pressure"": 853.06, ""temperature"": 27.5, ""AGL"": -1.18, ""velocity"": 0, ""kalman_altitude"": -1.18, ""kalman_vertical_velocity"": -3.09}, ""chute_state"": {""pyro1_state"": 0, ""pyro2_state"": 0}, ""connection_status"": {""connected"": true, ""has_ever_connected"": true, ""packet_age_ms"": 0, ""timeout_exceeded"": false, ""rssi"": -89}, ""communication_mode"": ""BEACON"", ""timestamp"": 180007, ""packets_received"": 797, ""kalman_data"": {""altitude"": -1.18, ""vertical_velocity"": -3.09}, ""kalman_altitude"": -1.18, ""kalman_vertical_velocity"": -3.09, ""pyroDrogue"": 0, ""pyroMain"": 0, ""pyro1_state"": 0, ""pyro2_state"": 0}"
1768315536.825177,2026-01-13T17:45:36.825177,3418,0,0,-0.38,0.1,0.88,-22.64,6.43,-8.48,-2.5,-3.75,0,0,0,295174,853.04,27.49,-0.99,0,0,0,0,-87,-0.99,-3.07,BEACON,"{""record_number"": 3418, ""operation_mode"": 0, ""state"": 0, ""battery_voltage"": 0, ""wifi_rssi"": -87, ""acc_data"": {""ax"": -0.38, ""ay"": 0.1, ""az"": 0.88, ""pitch"": -22.64, ""roll"": 6.43}, ""gyro_data"": {""gx"": -8.48, ""gy"": -2.5, ""gz"": -3.75}, ""gps_data"": {""latitude"": 0, ""longitude"": 0, ""gps_altitude"": 0, ""time"": 295174}, ""alt_data"": {""pressure"": 853.04, ""temperature"": 27.49, ""AGL"": -0.99, ""velocity"": 0, ""kalman_altitude"": -0.99, ""kalman_vertical_velocity"": -3.07}, ""chute_state"": {""pyro1_state"": 0, ""pyro2_state"": 0}, ""connection_status"": {""connected"": true, ""has_ever_connected"": true, ""packet_age_ms"": 1, ""timeout_exceeded"": false, ""rssi"": -87}, ""communication_mode"": ""BEACON"", ""timestamp"": 180120, ""packets_received"": 798, ""kalman_data"": {""altitude"": -0.99, ""vertical_velocity"": -3.07}, ""kalman_altitude"": -0.99, ""kalman_vertical_velocity"": -3.07, ""pyroDrogue"": 0, ""pyroMain"": 0, ""pyro1_state"": 0, ""pyro2_state"": 0}"
1768315536.87521,2026-01-13T17:45:36.875210,3419,0,0,-0.39,0.11,0.88,-22.31,6.58,-8.75,-2.93,-3.41,0,0,0,295375,853.06,27.51,-1.18,0,0,0,0,-87,-1.18,-3.1,BEACON,"{""record_number"": 3419, ""operation_mode"": 0, ""state"": 0, ""battery_voltage"": 0, ""wifi_rssi"": -87, ""acc_data"": {""ax"": -0.39, ""ay"": 0.11, ""az"": 0.88, ""pitch"": -22.31, ""roll"": 6.58}, ""gyro_data"": {""gx"": -8.75, ""gy"": -2.93, ""gz"": -3.41}, ""gps_data"": {""latitude"": 0, ""longitude"": 0, ""gps_altitude"": 0, ""time"": 295375}, ""alt_data"": {""pressure"": 853.06, ""temperature"": 27.51, ""AGL"": -1.18, ""velocity"": 0, ""kalman_altitude"": -1.18, ""kalman_vertical_velocity"": -3.1}, ""chute_state"": {""pyro1_state"": 0, ""pyro2_state"": 0}, ""connection_status"": {""connected"": true, ""has_ever_connected"": true, ""packet_age_ms"": 0, ""timeout_exceeded"": false, ""rssi"": -87}, ""communication_mode"": ""BEACON"", ""timestamp"": 180232, ""packets_received"": 799, ""kalman_data"": {""altitude"": -1.18, ""vertical_velocity"": -3.1}, ""kalman_altitude"": -1.18, ""kalman_vertical_velocity"": -3.1, ""pyroDrogue"": 0, ""pyroMain"": 0, ""pyro1_state"": 0, ""pyro2_state"": 0}"
1768315536.929179,2026-01-13T17:45:36.929179,3420,0,0,-0.38,0.11,0.89,-22.97,6.65,-9.09,-4.27,-3.63,0,0,0,295375,853.11,27.5,-1.64,0,0,0,0,-90,-1.64,-3.16,BEACON,"{""record_number"": 3420, ""operation_mode"": 0, ""state"": 0, ""battery_voltage"": 0, ""wifi_rssi"": -90, ""acc_data"": {""ax"": -0.38, ""ay"": 0.11, ""az"": 0.89, ""pitch"": -22.97, ""roll"": 6.65}, ""gyro_data"": {""gx"": -9.09, ""gy"": -4.27, ""gz"": -3.63}, ""gps_data"": {""latitude"": 0, ""longitude"": 0, ""gps_altitude"": 0, ""time"": 295375}, ""alt_data"": {""pressure"": 853.11, ""temperature"": 27.5, ""AGL"": -1.64, ""velocity"": 0, ""kalman_altitude"": -1.64, ""kalman_vertical_velocity"": -3.16}, ""chute_state"": {""pyro1_state"": 0, ""pyro2_state"": 0}, ""connection_status"": {""connected"": true, ""has_ever_connected"": true, ""packet_age_ms"": 1, ""timeout_exceeded"": false, ""rssi"": -90}, ""communication_mode"": ""BEACON"", ""timestamp"": 180345, ""packets_received"": 800, ""kalman_data"": {""altitude"": -1.64, ""vertical_velocity"": -3.16}, ""kalman_altitude"": -1.64, ""kalman_vertical_velocity"": -3.16, ""pyroDrogue"": 0, ""pyroMain"": 0, ""pyro1_state"": 0, ""pyro2_state"": 0}"
1768315537.080829,2026-01-13T17:45:37.080829,3422,0,0,-0.38,0.11,0.89,-22.52,6.82,-9.21,-3.6,-3.32,0,0,0,295575,853.09,27.51,-1.43,0,0,0,0,-88,-1.43,-3.13,BEACON,"{""record_number"": 3422, ""operation_mode"": 0, ""state"": 0, ""battery_voltage"": 0, ""wifi_rssi"": -88, ""acc_data"": {""ax"": -0.38, ""ay"": 0.11, ""az"": 0.89, ""pitch"": -22.52, ""roll"": 6.82}, ""gyro_data"": {""gx"": -9.21, ""gy"": -3.6, ""gz"": -3.32}, ""gps_data"": {""latitude"": 0, ""longitude"": 0, ""gps_altitude"": 0, ""time"": 295575}, ""alt_data"": {""pressure"": 853.09, ""temperature"": 27.51, ""AGL"": -1.43, ""velocity"": 0, ""kalman_altitude"": -1.43, ""kalman_vertical_velocity"": -3.13}, ""chute_state"": {""pyro1_state"": 0, ""pyro2_state"": 0}, ""connection_status"": {""connected"": true, ""has_ever_connected"": true, ""packet_age_ms"": 0, ""timeout_exceeded"": false, ""rssi"": -88}, ""communication_mode"": ""BEACON"", ""timestamp"": 180456, ""packets_received"": 801, ""kalman_data"": {""altitude"": -1.43, ""vertical_velocity"": -3.13}, ""kalman_altitude"": -1.43, ""kalman_vertical_velocity"": -3.13, ""pyroDrogue"": 0, ""pyroMain"": 0, ""pyro1_state"": 0, ""pyro2_state"": 0}"
1768315537.144827,2026-01-13T17:45:37.144827,3423,0,0,-0.38,0.11,0.89,-22.76,6.84,-9.27,-3.17,-3.93,0,0,0,295575,853.06,27.51,-1.18,0,0,0,0,-88,-1.18,-3.1,BEACON,"{""record_number"": 3423, ""operation_mode"": 0, ""state"": 0, ""battery_voltage"": 0, ""wifi_rssi"": -88, ""acc_data"": {""ax"": -0.38, ""ay"": 0.11, ""az"": 0.89, ""pitch"": -22.76, ""roll"": 6.84}, ""gyro_data"": {""gx"": -9.27, ""gy"": -3.17, ""gz"": -3.93}, ""gps_data"": {""latitude"": 0, ""longitude"": 0, ""gps_altitude"": 0, ""time"": 295575}, ""alt_data"": {""pressure"": 853.06, ""temperature"": 27.51, ""AGL"": -1.18, ""velocity"": 0, ""kalman_altitude"": -1.18, ""kalman_vertical_velocity"": -3.1}, ""chute_state"": {""pyro1_state"": 0, ""pyro2_state"": 0}, ""connection_status"": {""connected"": true, ""has_ever_connected"": true, ""packet_age_ms"": 0, ""timeout_exceeded"": false, ""rssi"": -88}, ""communication_mode"": ""BEACON"", ""timestamp"": 180569, ""packets_received"": 802, ""kalman_data"": {""altitude"": -1.18, ""vertical_velocity"": -3.1}, ""kalman_altitude"": -1.18, ""kalman_vertical_velocity"": -3.1, ""pyroDrogue"": 0, ""pyroMain"": 0, ""pyro1_state"": 0, ""pyro2_state"": 0}"
1768315537.205849,2026-01-13T17:45:37.205849,3424,0,0,-0.38,0.1,0.88,-22.55,6.58,-8.66,-2.96,-3.84,0,0,0,295780,853.02,27.5,-0.75,0,0,0,0,-91,-0.75,-3.04,BEACON,"{""record_number"": 3424, ""operation_mode"": 0, ""state"": 0, ""battery_voltage"": 0, ""wifi_rssi"": -91, ""acc_data"": {""ax"": -0.38, ""ay"": 0.1, ""az"": 0.88, ""pitch"": -22.55, ""roll"": 6.58}, ""gyro_data"": {""gx"": -8.66, ""gy"": -2.96, ""gz"": -3.84}, ""gps_data"": {""latitude"": 0, ""longitude"": 0, ""gps_altitude"": 0, ""time"": 295780}, ""alt_data"": {""pressure"": 853.02, ""temperature"": 27.5, ""AGL"": -0.75, ""velocity"": 0, ""kalman_altitude"": -0.75, ""kalman_vertical_velocity"": -3.04}, ""chute_state"": {""pyro1_state"": 0, ""pyro2_state"": 0}, ""connection_status"": {""connected"": true, ""has_ever_connected"": true, ""packet_age_ms"": 0, ""timeout_exceeded"": false, ""rssi"": -91}, ""communication_mode"": ""BEACON"", ""timestamp"": 180682, ""packets_received"": 803, ""kalman_data"": {""altitude"": -0.75, ""vertical_velocity"": -3.04}, ""kalman_altitude"": -0.75, ""kalman_vertical_velocity"": -3.04, ""pyroDrogue"": 0, ""pyroMain"": 0, ""pyro1_state"": 0, ""pyro2_state"": 0}"
1768315537.286311,2026-01-13T17:45:37.286311,3426,0,0,-0.38,0.1,0.89,-22.58,6.37,-9.63,-3.17,-3.87,0,0,0,295980,853.01,27.5,-0.64,0,0,0,0,-88,-0.64,-3.03,BEACON,"{""record_number"": 3426, ""operation_mode"": 0, ""state"": 0, ""battery_voltage"": 0, ""wifi_rssi"": -88, ""acc_data"": {""ax"": -0.38, ""ay"": 0.1, ""az"": 0.89, ""pitch"": -22.58, ""roll"": 6.37}, ""gyro_data"": {""gx"": -9.63, ""gy"": -3.17, ""gz"": -3.87}, ""gps_data"": {""latitude"": 0, ""longitude"": 0, ""gps_altitude"": 0, ""time"": 295980}, ""alt_data"": {""pressure"": 853.01, ""temperature"": 27.5, ""AGL"": -0.64, ""velocity"": 0, ""kalman_altitude"": -0.64, ""kalman_vertical_velocity"": -3.03}, ""chute_state"": {""pyro1_state"": 0, ""pyro2_state"": 0}, ""connection_status"": {""connected"": true, ""has_ever_connected"": true, ""packet_age_ms"": 0, ""timeout_exceeded"": false, ""rssi"": -88}, ""communication_mode"": ""BEACON"", ""timestamp"": 180795, ""packets_received"": 804, ""kalman_data"": {""altitude"": -0.64, ""vertical_velocity"": -3.03}, ""kalman_altitude"": -0.64, ""kalman_vertical_velocity"": -3.03, ""pyroDrogue"": 0, ""pyroMain"": 0, ""pyro1_state"": 0, ""pyro2_state"": 0}"
1768315537.340418,2026-01-13T17:45:37.340418,3427,0,0,-0.38,0.1,0.88,-22.46,6.98,-9.82,-2.74,-3.78,0,0,0,295980,853.04,27.51,-0.98,0,0,0,0,-88,-0.97,-3.08,BEACON,"{""record_number"": 3427, ""operation_mode"": 0, ""state"": 0, ""battery_voltage"": 0, ""wifi_rssi"": -88, ""acc_data"": {""ax"": -0.38, ""ay"": 0.1, ""az"": 0.88, ""pitch"": -22.46, ""roll"": 6.98}, ""gyro_data"": {""gx"": -9.82, ""gy"": -2.74, ""gz"": -3.78}, ""gps_data"": {""latitude"": 0, ""longitude"": 0, ""gps_altitude"": 0, ""time"": 295980}, ""alt_data"": {""pressure"": 853.04, ""temperature"": 27.51, ""AGL"": -0.98, ""velocity"": 0, ""kalman_altitude"": -0.97, ""kalman_vertical_velocity"": -3.08}, ""chute_state"": {""pyro1_state"": 0, ""pyro2_state"": 0}, ""connection_status"": {""connected"": true, ""has_ever_connected"": true, ""packet_age_ms"": 0, ""timeout_exceeded"": false, ""rssi"": -88}, ""communication_mode"": ""BEACON"", ""timestamp"": 180908, ""packets_received"": 805, ""kalman_data"": {""altitude"": -0.97, ""vertical_velocity"": -3.08}, ""kalman_altitude"": -0.97, ""kalman_vertical_velocity"": -3.08, ""pyroDrogue"": 0, ""pyroMain"": 0, ""pyro1_state"": 0, ""pyro2_state"": 0}"
1768315537.396419,2026-01-13T17:45:37.396419,3428,0,0,-0.38,0.1,0.89,-22.49,6.65,-8.78,-2.96,-3.35,0,0,0,296179,853.07,27.51,-1.26,0,0,0,0,-88,-1.26,-3.11,BEACON,"{""record_number"": 3428, ""operation_mode"": 0, ""state"": 0, ""battery_voltage"": 0, ""wifi_rssi"": -88, ""acc_data"": {""ax"": -0.38, ""ay"": 0.1, ""az"": 0.89, ""pitch"": -22.49, ""roll"": 6.65}, ""gyro_data"": {""gx"": -8.78, ""gy"": -2.96, ""gz"": -3.35}, ""gps_data"": {""latitude"": 0, ""longitude"": 0, ""gps_altitude"": 0, ""time"": 296179}, ""alt_data"": {""pressure"": 853.07, ""temperature"": 27.51, ""AGL"": -1.26, ""velocity"": 0, ""kalman_altitude"": -1.26, ""kalman_vertical_velocity"": -3.11}, ""chute_state"": {""pyro1_state"": 0, ""pyro2_state"": 0}, ""connection_status"": {""connected"": true, ""has_ever_connected"": true, ""packet_age_ms"": 0, ""timeout_exceeded"": false, ""rssi"": -88}, ""communication_mode"": ""BEACON"", ""timestamp"": 181020, ""packets_received"": 806, ""kalman_data"": {""altitude"": -1.26, ""vertical_velocity"": -3.11}, ""kalman_altitude"": -1.26, ""kalman_vertical_velocity"": -3.11, ""pyroDrogue"": 0, ""pyroMain"": 0, ""pyro1_state"": 0, ""pyro2_state"": 0}"
1768315537.47542,2026-01-13T17:45:37.475420,3430,0,0,-0.38,0.11,0.89,-22.52,6.58,-8.72,-2.74,-3.99,0,0,0,296179,853.02,27.51,-0.72,0,0,0,0,-88,-0.73,-3.05,BEACON,"{""record_number"": 3430, ""operation_mode"": 0, ""state"": 0, ""battery_voltage"": 0, ""wifi_rssi"": -88, ""acc_data"": {""ax"": -0.38, ""ay"": 0.11, ""az"": 0.89, ""pitch"": -22.52, ""roll"": 6.58}, ""gyro_data"": {""gx"": -8.72, ""gy"": -2.74, ""gz"": -3.99}, ""gps_data"": {""latitude"": 0, ""longitude"": 0, ""gps_altitude"": 0, ""time"": 296179}, ""alt_data"": {""pressure"": 853.02, ""temperature"": 27.51, ""AGL"": -0.72, ""velocity"": 0, ""kalman_altitude"": -0.73, ""kalman_vertical_velocity"": -3.05}, ""chute_state"": {""pyro1_state"": 0, ""pyro2_state"": 0}, ""connection_status"": {""connected"": true, ""has_ever_connected"": true, ""packet_age_ms"": 0, ""timeout_exceeded"": false, ""rssi"": -88}, ""communication_mode"": ""BEACON"", ""timestamp"": 181133, ""packets_received"": 807, ""kalman_data"": {""altitude"": -0.73, ""vertical_velocity"": -3.05}, ""kalman_altitude"": -0.73, ""kalman_vertical_velocity"": -3.05, ""pyroDrogue"": 0, ""pyroMain"": 0, ""pyro1_state"": 0, ""pyro2_state"": 0}"
1768315537.556671,2026-01-13T17:45:37.556671,3431,0,0,-0.38,0.11,0.89,-22.49,7.17,-9.79,-3.38,-3.84,0,0,0,296380,853,27.5,-0.53,0,0,0,0,-87,-0.54,-3.02,BEACON,"{""record_number"": 3431, ""operation_mode"": 0, ""state"": 0, ""battery_voltage"": 0, ""wifi_rssi"": -87, ""acc_data"": {""ax"": -0.38, ""ay"": 0.11, ""az"": 0.89, ""pitch"": -22.49, ""roll"": 7.17}, ""gyro_data"": {""gx"": -9.79, ""gy"": -3.38, ""gz"": -3.84}, ""gps_data"": {""latitude"": 0, ""longitude"": 0, ""gps_altitude"": 0, ""time"": 296380}, ""alt_data"": {""pressure"": 853, ""temperature"": 27.5, ""AGL"": -0.53, ""velocity"": 0, ""kalman_altitude"": -0.54, ""kalman_vertical_velocity"": -3.02}, ""chute_state"": {""pyro1_state"": 0, ""pyro2_state"": 0}, ""connection_status"": {""connected"": true, ""has_ever_connected"": true, ""packet_age_ms"": 1, ""timeout_exceeded"": false, ""rssi"": -87}, ""communication_mode"": ""BEACON"", ""timestamp"": 181246, ""packets_received"": 808, ""kalman_data"": {""altitude"": -0.54, ""vertical_velocity"": -3.02}, ""kalman_altitude"": -0.54, ""kalman_vertical_velocity"": -3.02, ""pyroDrogue"": 0, ""pyroMain"": 0, ""pyro1_state"": 0, ""pyro2_state"": 0}"
1768315537.623492,2026-01-13T17:45:37.623492,3432,0,0,-0.39,0.11,0.88,-22.61,6.58,-8.08,-3.78,-3.81,0,0,0,296380,853.02,27.51,-0.8,0,0,0,0,-88,-0.8,-3.06,BEACON,"{""record_number"": 3432, ""operation_mode"": 0, ""state"": 0, ""battery_voltage"": 0, ""wifi_rssi"": -88, ""acc_data"": {""ax"": -0.39, ""ay"": 0.11, ""az"": 0.88, ""pitch"": -22.61, ""roll"": 6.58}, ""gyro_data"": {""gx"": -8.08, ""gy"": -3.78, ""gz"": -3.81}, ""gps_data"": {""latitude"": 0, ""longitude"": 0, ""gps_altitude"": 0, ""time"": 296380}, ""alt_data"": {""pressure"": 853.02, ""temperature"": 27.51, ""AGL"": -0.8, ""velocity"": 0, ""kalman_altitude"": -0.8, ""kalman_vertical_velocity"": -3.06}, ""chute_state"": {""pyro1_state"": 0, ""pyro2_state"": 0}, ""connection_status"": {""connected"": true, ""has_ever_connected"": true, ""packet_age_ms"": 0, ""timeout_exceeded"": false, ""rssi"": -88}, ""communication_mode"": ""BEACON"", ""timestamp"": 181358, ""packets_received"": 809, ""kalman_data"": {""altitude"": -0.8, ""vertical_velocity"": -3.06}, ""kalman_altitude"": -0.8, ""kalman_vertical_velocity"": -3.06, ""pyroDrogue"": 0, ""pyroMain"": 0, ""pyro1_state"": 0, ""pyro2_state"": 0}"
1768315537.695494,2026-01-13T17:45:37.695494,3434,0,0,-0.38,0.1,0.89,-22.4,7.17,-8.32,-3.6,-3.63,0,0,0,296580,853.04,27.52,-0.95,0,0,0,0,-88,-0.95,-3.08,BEACON,"{""record_number"": 3434, ""operation_mode"": 0, ""state"": 0, ""battery_voltage"": 0, ""wifi_rssi"": -88, ""acc_data"": {""ax"": -0.38, ""ay"": 0.1, ""az"": 0.89, ""pitch"": -22.4, ""roll"": 7.17}, ""gyro_data"": {""gx"": -8.32, ""gy"": -3.6, ""gz"": -3.63}, ""gps_data"": {""latitude"": 0, ""longitude"": 0, ""gps_altitude"": 0, ""time"": 296580}, ""alt_data"": {""pressure"": 853.04, ""temperature"": 27.52, ""AGL"": -0.95, ""velocity"": 0, ""kalman_altitude"": -0.95, ""kalman_vertical_velocity"": -3.08}, ""chute_state"": {""pyro1_state"": 0, ""pyro2_state"": 0}, ""connection_status"": {""connected"": true, ""has_ever_connected"": true, ""packet_age_ms"": 1, ""timeout_exceeded"": false, ""rssi"": -88}, ""communication_mode"": ""BEACON"", ""timestamp"": 181471, ""packets_received"": 810, ""kalman_data"": {""altitude"": -0.95, ""vertical_velocity"": -3.08}, ""kalman_altitude"": -0.95, ""kalman_vertical_velocity"": -3.08, ""pyroDrogue"": 0, ""pyroMain"": 0, ""pyro1_state"": 0, ""pyro2_state"": 0}"
1768315537.771851,2026-01-13T17:45:37.771851,3435,0,0,-0.38,0.1,0.88,-22.4,6.93,-8.51,-1.95,-3.51,0,0,0,296580,853.02,27.51,-0.8,0,0,0,0,-88,-0.8,-3.06,BEACON,"{""record_number"": 3435, ""operation_mode"": 0, ""state"": 0, ""battery_voltage"": 0, ""wifi_rssi"": -88, ""acc_data"": {""ax"": -0.38, ""ay"": 0.1, ""az"": 0.88, ""pitch"": -22.4, ""roll"": 6.93}, ""gyro_data"": {""gx"": -8.51, ""gy"": -1.95, ""gz"": -3.51}, ""gps_data"": {""latitude"": 0, ""longitude"": 0, ""gps_altitude"": 0, ""time"": 296580}, ""alt_data"": {""pressure"": 853.02, ""temperature"": 27.51, ""AGL"": -0.8, ""velocity"": 0, ""kalman_altitude"": -0.8, ""kalman_vertical_velocity"": -3.06}, ""chute_state"": {""pyro1_state"": 0, ""pyro2_state"": 0}, ""connection_status"": {""connected"": true, ""has_ever_connected"": true, ""packet_age_ms"": 0, ""timeout_exceeded"": false, ""rssi"": -88}, ""communication_mode"": ""BEACON"", ""timestamp"": 181583, ""packets_received"": 811, ""kalman_data"": {""altitude"": -0.8, ""vertical_velocity"": -3.06}, ""kalman_altitude"": -0.8, ""kalman_vertical_velocity"": -3.06, ""pyroDrogue"": 0, ""pyroMain"": 0, ""pyro1_state"": 0, ""pyro2_state"": 0}"
1768315537.847335,2026-01-13T17:45:37.847335,3436,0,0,-0.39,0.1,0.88,-21.94,6.87,-7.29,-4.3,-3.48,0,0,0,296785,853.04,27.52,-0.99,0,0,0,0,-90,-0.99,-3.09,BEACON,"{""record_number"": 3436, ""operation_mode"": 0, ""state"": 0, ""battery_voltage"": 0, ""wifi_rssi"": -90, ""acc_data"": {""ax"": -0.39, ""ay"": 0.1, ""az"": 0.88, ""pitch"": -21.94, ""roll"": 6.87}, ""gyro_data"": {""gx"": -7.29, ""gy"": -4.3, ""gz"": -3.48}, ""gps_data"": {""latitude"": 0, ""longitude"": 0, ""gps_altitude"": 0, ""time"": 296785}, ""alt_data"": {""pressure"": 853.04, ""temperature"": 27.52, ""AGL"": -0.99, ""velocity"": 0, ""kalman_altitude"": -0.99, ""kalman_vertical_velocity"": -3.09}, ""chute_state"": {""pyro1_state"": 0, ""pyro2_state"": 0}, ""connection_status"": {""connected"": true, ""has_ever_connected"": true, ""packet_age_ms"": 0, ""timeout_exceeded"": false, ""rssi"": -90}, ""communication_mode"": ""BEACON"", ""timestamp"": 181695, ""packets_received"": 812, ""kalman_data"": {""altitude"": -0.99, ""vertical_velocity"": -3.09}, ""kalman_altitude"": -0.99, ""kalman_vertical_velocity"": -3.09, ""pyroDrogue"": 0, ""pyroMain"": 0, ""pyro1_state"": 0, ""pyro2_state"": 0}"
1768315537.941333,2026-01-13T17:45:37.941333,3438,0,0,-0.38,0.1,0.88,-22.49,6.75,-8.78,-2.68,-4.09,0,0,0,296985,853.07,27.52,-1.24,0,0,0,0,-88,-1.24,-3.12,BEACON,"{""record_number"": 3438, ""operation_mode"": 0, ""state"": 0, ""battery_voltage"": 0, ""wifi_rssi"": -88, ""acc_data"": {""ax"": -0.38, ""ay"": 0.1, ""az"": 0.88, ""pitch"": -22.49, ""roll"": 6.75}, ""gyro_data"": {""gx"": -8.78, ""gy"": -2.68, ""gz"": -4.09}, ""gps_data"": {""latitude"": 0, ""longitude"": 0, ""gps_altitude"": 0, ""time"": 296985}, ""alt_data"": {""pressure"": 853.07, ""temperature"": 27.52, ""AGL"": -1.24, ""velocity"": 0, ""kalman_altitude"": -1.24, ""kalman_vertical_velocity"": -3.12}, ""chute_state"": {""pyro1_state"": 0, ""pyro2_state"": 0}, ""connection_status"": {""connected"": true, ""has_ever_connected"": true, ""packet_age_ms"": 0, ""timeout_exceeded"": false, ""rssi"": -88}, ""communication_mode"": ""BEACON"", ""timestamp"": 181808, ""packets_received"": 813, ""kalman_data"": {""altitude"": -1.24, ""vertical_velocity"": -3.12}, ""kalman_altitude"": -1.24, ""kalman_vertical_velocity"": -3.12, ""pyroDrogue"": 0, ""pyroMain"": 0, ""pyro1_state"": 0, ""pyro2_state"": 0}"
1768315538.061745,2026-01-13T17:45:38.061745,3439,0,0,-0.39,0.1,0.89,-22.85,6.92,-8.75,-2.74,-3.87,0,0,0,296985,853.02,27.52,-0.74,0,0,0,0,-89,-0.74,-3.06,BEACON,"{""record_number"": 3439, ""operation_mode"": 0, ""state"": 0, ""battery_voltage"": 0, ""wifi_rssi"": -89, ""acc_data"": {""ax"": -0.39, ""ay"": 0.1, ""az"": 0.89, ""pitch"": -22.85, ""roll"": 6.92}, ""gyro_data"": {""gx"": -8.75, ""gy"": -2.74, ""gz"": -3.87}, ""gps_data"": {""latitude"": 0, ""longitude"": 0, ""gps_altitude"": 0, ""time"": 296985}, ""alt_data"": {""pressure"": 853.02, ""temperature"": 27.52, ""AGL"": -0.74, ""velocity"": 0, ""kalman_altitude"": -0.74, ""kalman_vertical_velocity"": -3.06}, ""chute_state"": {""pyro1_state"": 0, ""pyro2_state"": 0}, ""connection_status"": {""connected"": true, ""has_ever_connected"": true, ""packet_age_ms"": 0, ""timeout_exceeded"": false, ""rssi"": -89}, ""communication_mode"": ""BEACON"", ""timestamp"": 181930, ""packets_received"": 814, ""kalman_data"": {""altitude"": -0.74, ""vertical_velocity"": -3.06}, ""kalman_altitude"": -0.74, ""kalman_vertical_velocity"": -3.06, ""pyroDrogue"": 0, ""pyroMain"": 0, ""pyro1_state"": 0, ""pyro2_state"": 0}"
1768315538.254501,2026-01-13T17:45:38.254501,3441,0,0,-0.39,0.11,0.88,-22.64,6.78,-8.99,-2.84,-3.35,0,0,0,297185,853.06,27.52,-1.2,0,0,0,0,-88,-1.2,-3.12,BEACON,"{""record_number"": 3441, ""operation_mode"": 0, ""state"": 0, ""battery_voltage"": 0, ""wifi_rssi"": -88, ""acc_data"": {""ax"": -0.39, ""ay"": 0.11, ""az"": 0.88, ""pitch"": -22.64, ""roll"": 6.78}, ""gyro_data"": {""gx"": -8.99, ""gy"": -2.84, ""gz"": -3.35}, ""gps_data"": {""latitude"": 0, ""longitude"": 0, ""gps_altitude"": 0, ""time"": 297185}, ""alt_data"": {""pressure"": 853.06, ""temperature"": 27.52, ""AGL"": -1.2, ""velocity"": 0, ""kalman_altitude"": -1.2, ""kalman_vertical_velocity"": -3.12}, ""chute_state"": {""pyro1_state"": 0, ""pyro2_state"": 0}, ""connection_status"": {""connected"": true, ""has_ever_connected"": true, ""packet_age_ms"": 0, ""timeout_exceeded"": false, ""rssi"": -88}, ""communication_mode"": ""BEACON"", ""timestamp"": 182147, ""packets_received"": 815, ""kalman_data"": {""altitude"": -1.2, ""vertical_velocity"": -3.12}, ""kalman_altitude"": -1.2, ""kalman_vertical_velocity"": -3.12, ""pyroDrogue"": 0, ""pyroMain"": 0, ""pyro1_state"": 0, ""pyro2_state"": 0}"
1768315538.443785,2026-01-13T17:45:38.443785,3443,0,0,-0.39,0.11,0.88,-22.55,6.88,-9.27,-2.9,-3.26,0,0,0,297384,852.98,27.51,-0.4,0,0,0,0,-89,-0.41,-3.02,BEACON,"{""record_number"": 3443, ""operation_mode"": 0, ""state"": 0, ""battery_voltage"": 0, ""wifi_rssi"": -89, ""acc_data"": {""ax"": -0.39, ""ay"": 0.11, ""az"": 0.88, ""pitch"": -22.55, ""roll"": 6.88}, ""gyro_data"": {""gx"": -9.27, ""gy"": -2.9, ""gz"": -3.26}, ""gps_data"": {""latitude"": 0, ""longitude"": 0, ""gps_altitude"": 0, ""time"": 297384}, ""alt_data"": {""pressure"": 852.98, ""temperature"": 27.51, ""AGL"": -0.4, ""velocity"": 0, ""kalman_altitude"": -0.41, ""kalman_vertical_velocity"": -3.02}, ""chute_state"": {""pyro1_state"": 0, ""pyro2_state"": 0}, ""connection_status"": {""connected"": true, ""has_ever_connected"": true, ""packet_age_ms"": 0, ""timeout_exceeded"": false, ""rssi"": -89}, ""communication_mode"": ""BEACON"", ""timestamp"": 182260, ""packets_received"": 816, ""kalman_data"": {""altitude"": -0.41, ""vertical_velocity"": -3.02}, ""kalman_altitude"": -0.41, ""kalman_vertical_velocity"": -3.02, ""pyroDrogue"": 0, ""pyroMain"": 0, ""pyro1_state"": 0, ""pyro2_state"": 0}"
1768315538.521783,2026-01-13T17:45:38.521783,3444,0,0,-0.38,0.11,0.89,-22.31,6.72,-8.81,-3.2,-2.96,0,0,0,297384,853.05,27.52,-1.02,0,0,0,0,-87,-1.02,-3.1,BEACON,"{""record_number"": 3444, ""operation_mode"": 0, ""state"": 0, ""battery_voltage"": 0, ""wifi_rssi"": -87, ""acc_data"": {""ax"": -0.38, ""ay"": 0.11, ""az"": 0.89, ""pitch"": -22.31, ""roll"": 6.72}, ""gyro_data"": {""gx"": -8.81, ""gy"": -3.2, ""gz"": -2.96}, ""gps_data"": {""latitude"": 0, ""longitude"": 0, ""gps_altitude"": 0, ""time"": 297384}, ""alt_data"": {""pressure"": 853.05, ""temperature"": 27.52, ""AGL"": -1.02, ""velocity"": 0, ""kalman_altitude"": -1.02, ""kalman_vertical_velocity"": -3.1}, ""chute_state"": {""pyro1_state"": 0, ""pyro2_state"": 0}, ""connection_status"": {""connected"": true, ""has_ever_connected"": true, ""packet_age_ms"": 1, ""timeout_exceeded"": false, ""rssi"": -87}, ""communication_mode"": ""BEACON"", ""timestamp"": 182375, ""packets_received"": 817, ""kalman_data"": {""altitude"": -1.02, ""vertical_velocity"": -3.1}, ""kalman_altitude"": -1.02, ""kalman_vertical_velocity"": -3.1, ""pyroDrogue"": 0, ""pyroMain"": 0, ""pyro1_state"": 0, ""pyro2_state"": 0}"
1768315538.633789,2026-01-13T17:45:38.633789,3445,0,0,-0.38,0.1,0.89,-22.67,6.79,-9.33,-3.41,-3.84,0,0,0,297585,853.04,27.52,-0.95,0,0,0,0,-88,-0.95,-3.09,BEACON,"{""record_number"": 3445, ""operation_mode"": 0, ""state"": 0, ""battery_voltage"": 0, ""wifi_rssi"": -88, ""acc_data"": {""ax"": -0.38, ""ay"": 0.1, ""az"": 0.89, ""pitch"": -22.67, ""roll"": 6.79}, ""gyro_data"": {""gx"": -9.33, ""gy"": -3.41, ""gz"": -3.84}, ""gps_data"": {""latitude"": 0, ""longitude"": 0, ""gps_altitude"": 0, ""time"": 297585}, ""alt_data"": {""pressure"": 853.04, ""temperature"": 27.52, ""AGL"": -0.95, ""velocity"": 0, ""kalman_altitude"": -0.95, ""kalman_vertical_velocity"": -3.09}, ""chute_state"": {""pyro1_state"": 0, ""pyro2_state"": 0}, ""connection_status"": {""connected"": true, ""has_ever_connected"": true, ""packet_age_ms"": 1, ""timeout_exceeded"": false, ""rssi"": -88}, ""communication_mode"": ""BEACON"", ""timestamp"": 182485, ""packets_received"": 818, ""kalman_data"": {""altitude"": -0.95, ""vertical_velocity"": -3.09}, ""kalman_altitude"": -0.95, ""kalman_vertical_velocity"": -3.09, ""pyroDrogue"": 0, ""pyroMain"": 0, ""pyro1_state"": 0, ""pyro2_state"": 0}"
1768315538.738791,2026-01-13T17:45:38.738791,3447,0,0,-0.39,0.11,0.88,-22.58,6.93,-8.54,-3.48,-3.84,0,0,0,297585,853,27.51,-0.58,0,0,0,0,-89,-0.58,-3.04,BEACON,"{""record_number"": 3447, ""operation_mode"": 0, ""state"": 0, ""battery_voltage"": 0, ""wifi_rssi"": -89, ""acc_data"": {""ax"": -0.39, ""ay"": 0.11, ""az"": 0.88, ""pitch"": -22.58, ""roll"": 6.93}, ""gyro_data"": {""gx"": -8.54, ""gy"": -3.48, ""gz"": -3.84}, ""gps_data"": {""latitude"": 0, ""longitude"": 0, ""gps_altitude"": 0, ""time"": 297585}, ""alt_data"": {""pressure"": 853, ""temperature"": 27.51, ""AGL"": -0.58, ""velocity"": 0, ""kalman_altitude"": -0.58, ""kalman_vertical_velocity"": -3.04}, ""chute_state"": {""pyro1_state"": 0, ""pyro2_state"": 0}, ""connection_status"": {""connected"": true, ""has_ever_connected"": true, ""packet_age_ms"": 0, ""timeout_exceeded"": false, ""rssi"": -89}, ""communication_mode"": ""BEACON"", ""timestamp"": 182599, ""packets_received"": 819, ""kalman_data"": {""altitude"": -0.58, ""vertical_velocity"": -3.04}, ""kalman_altitude"": -0.58, ""kalman_vertical_velocity"": -3.04, ""pyroDrogue"": 0, ""pyroMain"": 0, ""pyro1_state"": 0, ""pyro2_state"": 0}"
1768315538.924306,2026-01-13T17:45:38.924306,3448,0,0,-0.38,0.1,0.88,-22.46,6.52,-8.9,-3.11,-3.6,0,0,0,297790,853.04,27.52,-1.02,0,0,0,0,-89,-1.02,-3.1,BEACON,"{""record_number"": 3448, ""operation_mode"": 0, ""state"": 0, ""battery_voltage"": 0, ""wifi_rssi"": -89, ""acc_data"": {""ax"": -0.38, ""ay"": 0.1, ""az"": 0.88, ""pitch"": -22.46, ""roll"": 6.52}, ""gyro_data"": {""gx"": -8.9, ""gy"": -3.11, ""gz"": -3.6}, ""gps_data"": {""latitude"": 0, ""longitude"": 0, ""gps_altitude"": 0, ""time"": 297790}, ""alt_data"": {""pressure"": 853.04, ""temperature"": 27.52, ""AGL"": -1.02, ""velocity"": 0, ""kalman_altitude"": -1.02, ""kalman_vertical_velocity"": -3.1}, ""chute_state"": {""pyro1_state"": 0, ""pyro2_state"": 0}, ""connection_status"": {""connected"": true, ""has_ever_connected"": true, ""packet_age_ms"": 0, ""timeout_exceeded"": false, ""rssi"": -89}, ""communication_mode"": ""BEACON"", ""timestamp"": 182710, ""packets_received"": 820, ""kalman_data"": {""altitude"": -1.02, ""vertical_velocity"": -3.1}, ""kalman_altitude"": -1.02, ""kalman_vertical_velocity"": -3.1, ""pyroDrogue"": 0, ""pyroMain"": 0, ""pyro1_state"": 0, ""pyro2_state"": 0}"
1768315539.038304,2026-01-13T17:45:39.038304,3449,0,0,-0.38,0.11,0.89,-22.73,6.92,-10,-2.29,-4.15,0,0,0,297990,853.03,27.52,-0.91,0,0,0,0,-89,-0.91,-3.09,BEACON,"{""record_number"": 3449, ""operation_mode"": 0, ""state"": 0, ""battery_voltage"": 0, ""wifi_rssi"": -89, ""acc_data"": {""ax"": -0.38, ""ay"": 0.11, ""az"": 0.89, ""pitch"": -22.73, ""roll"": 6.92}, ""gyro_data"": {""gx"": -10, ""gy"": -2.29, ""gz"": -4.15}, ""gps_data"": {""latitude"": 0, ""longitude"": 0, ""gps_altitude"": 0, ""time"": 297990}, ""alt_data"": {""pressure"": 853.03, ""temperature"": 27.52, ""AGL"": -0.91, ""velocity"": 0, ""kalman_altitude"": -0.91, ""kalman_vertical_velocity"": -3.09}, ""chute_state"": {""pyro1_state"": 0, ""pyro2_state"": 0}, ""connection_status"": {""connected"": true, ""has_ever_connected"": true, ""packet_age_ms"": 0, ""timeout_exceeded"": false, ""rssi"": -89}, ""communication_mode"": ""BEACON"", ""timestamp"": 182823, ""packets_received"": 821, ""kalman_data"": {""altitude"": -0.91, ""vertical_velocity"": -3.09}, ""kalman_altitude"": -0.91, ""kalman_vertical_velocity"": -3.09, ""pyroDrogue"": 0, ""pyroMain"": 0, ""pyro1_state"": 0, ""pyro2_state"": 0}"
1768315539.106307,2026-01-13T17:45:39.106307,3451,0,0,-0.39,0.11,0.88,-22.4,6.64,-9.21,-2.59,-3.05,0,0,0,297990,853.09,27.54,-1.47,0,0,0,0,-90,-1.47,-3.16,BEACON,"{""record_number"": 3451, ""operation_mode"": 0, ""state"": 0, ""battery_voltage"": 0, ""wifi_rssi"": -90, ""acc_data"": {""ax"": -0.39, ""ay"": 0.11, ""az"": 0.88, ""pitch"": -22.4, ""roll"": 6.64}, ""gyro_data"": {""gx"": -9.21, ""gy"": -2.59, ""gz"": -3.05}, ""gps_data"": {""latitude"": 0, ""longitude"": 0, ""gps_altitude"": 0, ""time"": 297990}, ""alt_data"": {""pressure"": 853.09, ""temperature"": 27.54, ""AGL"": -1.47, ""velocity"": 0, ""kalman_altitude"": -1.47, ""kalman_vertical_velocity"": -3.16}, ""chute_state"": {""pyro1_state"": 0, ""pyro2_state"": 0}, ""connection_status"": {""connected"": true, ""has_ever_connected"": true, ""packet_age_ms"": 0, ""timeout_exceeded"": false, ""rssi"": -90}, ""communication_mode"": ""BEACON"", ""timestamp"": 182935, ""packets_received"": 822, ""kalman_data"": {""altitude"": -1.47, ""vertical_velocity"": -3.16}, ""kalman_altitude"": -1.47, ""kalman_vertical_velocity"": -3.16, ""pyroDrogue"": 0, ""pyroMain"": 0, ""pyro1_state"": 0, ""pyro2_state"": 0}"
1768315539.220383,2026-01-13T17:45:39.220383,3452,0,0,-0.38,0.1,0.88,-22.49,6.58,-10.15,-4.09,-3.75,0,0,0,298190,853,27.52,-0.59,0,0,0,0,-90,-0.59,-3.05,BEACON,"{""record_number"": 3452, ""operation_mode"": 0, ""state"": 0, ""battery_voltage"": 0, ""wifi_rssi"": -90, ""acc_data"": {""ax"": -0.38, ""ay"": 0.1, ""az"": 0.88, ""pitch"": -22.49, ""roll"": 6.58}, ""gyro_data"": {""gx"": -10.15, ""gy"": -4.09, ""gz"": -3.75}, ""gps_data"": {""latitude"": 0, ""longitude"": 0, ""gps_altitude"": 0, ""time"": 298190}, ""alt_data"": {""pressure"": 853, ""temperature"": 27.52, ""AGL"": -0.59, ""velocity"": 0, ""kalman_altitude"": -0.59, ""kalman_vertical_velocity"": -3.05}, ""chute_state"": {""pyro1_state"": 0, ""pyro2_state"": 0}, ""connection_status"": {""connected"": true, ""has_ever_connected"": true, ""packet_age_ms"": 0, ""timeout_exceeded"": false, ""rssi"": -90}, ""communication_mode"": ""BEACON"", ""timestamp"": 183048, ""packets_received"": 823, ""kalman_data"": {""altitude"": -0.59, ""vertical_velocity"": -3.05}, ""kalman_altitude"": -0.59, ""kalman_vertical_velocity"": -3.05, ""pyroDrogue"": 0, ""pyroMain"": 0, ""pyro1_state"": 0, ""pyro2_state"": 0}"
1768315539.422363,2026-01-13T17:45:39.422363,3455,0,0,-0.38,0.1,0.89,-22.49,6.67,-8.66,-2.56,-4.27,0,0,0,298390,853.03,27.53,-0.85,0,0,0,0,-88,-0.85,-3.09,BEACON,"{""record_number"": 3455, ""operation_mode"": 0, ""state"": 0, ""battery_voltage"": 0, ""wifi_rssi"": -88, ""acc_data"": {""ax"": -0.38, ""ay"": 0.1, ""az"": 0.89, ""pitch"": -22.49, ""roll"": 6.67}, ""gyro_data"": {""gx"": -8.66, ""gy"": -2.56, ""gz"": -4.27}, ""gps_data"": {""latitude"": 0, ""longitude"": 0, ""gps_altitude"": 0, ""time"": 298390}, ""alt_data"": {""pressure"": 853.03, ""temperature"": 27.53, ""AGL"": -0.85, ""velocity"": 0, ""kalman_altitude"": -0.85, ""kalman_vertical_velocity"": -3.09}, ""chute_state"": {""pyro1_state"": 0, ""pyro2_state"": 0}, ""connection_status"": {""connected"": true, ""has_ever_connected"": true, ""packet_age_ms"": 0, ""timeout_exceeded"": false, ""rssi"": -88}, ""communication_mode"": ""BEACON"", ""timestamp"": 183278, ""packets_received"": 824, ""kalman_data"": {""altitude"": -0.85, ""vertical_velocity"": -3.09}, ""kalman_altitude"": -0.85, ""kalman_vertical_velocity"": -3.09, ""pyroDrogue"": 0, ""pyroMain"": 0, ""pyro1_state"": 0, ""pyro2_state"": 0}"
1768315539.534365,2026-01-13T17:45:39.534365,3456,0,0,-0.39,0.11,0.88,-22.31,6.83,-8.87,-3.96,-3.29,0,0,0,298390,853.05,27.54,-1.04,0,0,0,0,-88,-1.04,-3.11,BEACON,"{""record_number"": 3456, ""operation_mode"": 0, ""state"": 0, ""battery_voltage"": 0, ""wifi_rssi"": -88, ""acc_data"": {""ax"": -0.39, ""ay"": 0.11, ""az"": 0.88, ""pitch"": -22.31, ""roll"": 6.83}, ""gyro_data"": {""gx"": -8.87, ""gy"": -3.96, ""gz"": -3.29}, ""gps_data"": {""latitude"": 0, ""longitude"": 0, ""gps_altitude"": 0, ""time"": 298390}, ""alt_data"": {""pressure"": 853.05, ""temperature"": 27.54, ""AGL"": -1.04, ""velocity"": 0, ""kalman_altitude"": -1.04, ""kalman_vertical_velocity"": -3.11}, ""chute_state"": {""pyro1_state"": 0, ""pyro2_state"": 0}, ""connection_status"": {""connected"": true, ""has_ever_connected"": true, ""packet_age_ms"": 0, ""timeout_exceeded"": false, ""rssi"": -88}, ""communication_mode"": ""BEACON"", ""timestamp"": 183387, ""packets_received"": 825, ""kalman_data"": {""altitude"": -1.04, ""vertical_velocity"": -3.11}, ""kalman_altitude"": -1.04, ""kalman_vertical_velocity"": -3.11, ""pyroDrogue"": 0, ""pyroMain"": 0, ""pyro1_state"": 0, ""pyro2_state"": 0}"
1768315539.710225,2026-01-13T17:45:39.710225,3457,0,0,-0.38,0.1,0.89,-22.28,7.03,-8.9,-2.59,-4.02,0,0,0,298590,853.04,27.53,-1,0,0,0,0,-89,-1,-3.11,BEACON,"{""record_number"": 3457, ""operation_mode"": 0, ""state"": 0, ""battery_voltage"": 0, ""wifi_rssi"": -89, ""acc_data"": {""ax"": -0.38, ""ay"": 0.1, ""az"": 0.89, ""pitch"": -22.28, ""roll"": 7.03}, ""gyro_data"": {""gx"": -8.9, ""gy"": -2.59, ""gz"": -4.02}, ""gps_data"": {""latitude"": 0, ""longitude"": 0, ""gps_altitude"": 0, ""time"": 298590}, ""alt_data"": {""pressure"": 853.04, ""temperature"": 27.53, ""AGL"": -1, ""velocity"": 0, ""kalman_altitude"": -1, ""kalman_vertical_velocity"": -3.11}, ""chute_state"": {""pyro1_state"": 0, ""pyro2_state"": 0}, ""connection_status"": {""connected"": true, ""has_ever_connected"": true, ""packet_age_ms"": 0, ""timeout_exceeded"": false, ""rssi"": -89}, ""communication_mode"": ""BEACON"", ""timestamp"": 183500, ""packets_received"": 826, ""kalman_data"": {""altitude"": -1, ""vertical_velocity"": -3.11}, ""kalman_altitude"": -1, ""kalman_vertical_velocity"": -3.11, ""pyroDrogue"": 0, ""pyroMain"": 0, ""pyro1_state"": 0, ""pyro2_state"": 0}"
1768315539.771304,2026-01-13T17:45:39.771304,3459,0,0,-0.38,0.1,0.88,-22.64,6.65,-9.05,-2.07,-3.87,0,0,0,298795,853.07,27.54,-1.25,0,0,0,0,-89,-1.25,-3.14,BEACON,"{""record_number"": 3459, ""operation_mode"": 0, ""state"": 0, ""battery_voltage"": 0, ""wifi_rssi"": -89, ""acc_data"": {""ax"": -0.38, ""ay"": 0.1, ""az"": 0.88, ""pitch"": -22.64, ""roll"": 6.65}, ""gyro_data"": {""gx"": -9.05, ""gy"": -2.07, ""gz"": -3.87}, ""gps_data"": {""latitude"": 0, ""longitude"": 0, ""gps_altitude"": 0, ""time"": 298795}, ""alt_data"": {""pressure"": 853.07, ""temperature"": 27.54, ""AGL"": -1.25, ""velocity"": 0, ""kalman_altitude"": -1.25, ""kalman_vertical_velocity"": -3.14}, ""chute_state"": {""pyro1_state"": 0, ""pyro2_state"": 0}, ""connection_status"": {""connected"": true, ""has_ever_connected"": true, ""packet_age_ms"": 0, ""timeout_exceeded"": false, ""rssi"": -89}, ""communication_mode"": ""BEACON"", ""timestamp"": 183612, ""packets_received"": 827, ""kalman_data"": {""altitude"": -1.25, ""vertical_velocity"": -3.14}, ""kalman_altitude"": -1.25, ""kalman_vertical_velocity"": -3.14, ""pyroDrogue"": 0, ""pyroMain"": 0, ""pyro1_state"": 0, ""pyro2_state"": 0}"
1768315539.905228,2026-01-13T17:45:39.905228,3460,0,0,-0.38,0.1,0.88,-22.49,6.72,-9.02,-4.39,-3.38,0,0,0,298795,853.03,27.54,-0.89,0,0,0,0,-87,-0.89,-3.1,BEACON,"{""record_number"": 3460, ""operation_mode"": 0, ""state"": 0, ""battery_voltage"": 0, ""wifi_rssi"": -87, ""acc_data"": {""ax"": -0.38, ""ay"": 0.1, ""az"": 0.88, ""pitch"": -22.49, ""roll"": 6.72}, ""gyro_data"": {""gx"": -9.02, ""gy"": -4.39, ""gz"": -3.38}, ""gps_data"": {""latitude"": 0, ""longitude"": 0, ""gps_altitude"": 0, ""time"": 298795}, ""alt_data"": {""pressure"": 853.03, ""temperature"": 27.54, ""AGL"": -0.89, ""velocity"": 0, ""kalman_altitude"": -0.89, ""kalman_vertical_velocity"": -3.1}, ""chute_state"": {""pyro1_state"": 0, ""pyro2_state"": 0}, ""connection_status"": {""connected"": true, ""has_ever_connected"": true, ""packet_age_ms"": 0, ""timeout_exceeded"": false, ""rssi"": -87}, ""communication_mode"": ""BEACON"", ""timestamp"": 183725, ""packets_received"": 828, ""kalman_data"": {""altitude"": -0.89, ""vertical_velocity"": -3.1}, ""kalman_altitude"": -0.89, ""kalman_vertical_velocity"": -3.1, ""pyroDrogue"": 0, ""pyroMain"": 0, ""pyro1_state"": 0, ""pyro2_state"": 0}"
1768315540.029594,2026-01-13T17:45:40.029594,3461,0,0,-0.38,0.1,0.88,-22.7,6.88,-8.69,-3.69,-3.41,0,0,0,298994,853.03,27.53,-0.89,0,0,0,0,-89,-0.89,-3.1,BEACON,"{""record_number"": 3461, ""operation_mode"": 0, ""state"": 0, ""battery_voltage"": 0, ""wifi_rssi"": -89, ""acc_data"": {""ax"": -0.38, ""ay"": 0.1, ""az"": 0.88, ""pitch"": -22.7, ""roll"": 6.88}, ""gyro_data"": {""gx"": -8.69, ""gy"": -3.69, ""gz"": -3.41}, ""gps_data"": {""latitude"": 0, ""longitude"": 0, ""gps_altitude"": 0, ""time"": 298994}, ""alt_data"": {""pressure"": 853.03, ""temperature"": 27.53, ""AGL"": -0.89, ""velocity"": 0, ""kalman_altitude"": -0.89, ""kalman_vertical_velocity"": -3.1}, ""chute_state"": {""pyro1_state"": 0, ""pyro2_state"": 0}, ""connection_status"": {""connected"": true, ""has_ever_connected"": true, ""packet_age_ms"": 0, ""timeout_exceeded"": false, ""rssi"": -89}, ""communication_mode"": ""BEACON"", ""timestamp"": 183838, ""packets_received"": 829, ""kalman_data"": {""altitude"": -0.89, ""vertical_velocity"": -3.1}, ""kalman_altitude"": -0.89, ""kalman_vertical_velocity"": -3.1, ""pyroDrogue"": 0, ""pyroMain"": 0, ""pyro1_state"": 0, ""pyro2_state"": 0}"
1768315540.32622,2026-01-13T17:45:40.326220,3465,0,0,-0.39,0.11,0.89,-22.67,7.06,-8.9,-3.57,-3.9,0,0,0,299195,853.06,27.54,-1.18,0,0,0,0,-87,-1.18,-3.14,BEACON,"{""record_number"": 3465, ""operation_mode"": 0, ""state"": 0, ""battery_voltage"": 0, ""wifi_rssi"": -87, ""acc_data"": {""ax"": -0.39, ""ay"": 0.11, ""az"": 0.89, ""pitch"": -22.67, ""roll"": 7.06}, ""gyro_data"": {""gx"": -8.9, ""gy"": -3.57, ""gz"": -3.9}, ""gps_data"": {""latitude"": 0, ""longitude"": 0, ""gps_altitude"": 0, ""time"": 299195}, ""alt_data"": {""pressure"": 853.06, ""temperature"": 27.54, ""AGL"": -1.18, ""velocity"": 0, ""kalman_altitude"": -1.18, ""kalman_vertical_velocity"": -3.14}, ""chute_state"": {""pyro1_state"": 0, ""pyro2_state"": 0}, ""connection_status"": {""connected"": true, ""has_ever_connected"": true, ""packet_age_ms"": 0, ""timeout_exceeded"": false, ""rssi"": -87}, ""communication_mode"": ""BEACON"", ""timestamp"": 184176, ""packets_received"": 830, ""kalman_data"": {""altitude"": -1.18, ""vertical_velocity"": -3.14}, ""kalman_altitude"": -1.18, ""kalman_vertical_velocity"": -3.14, ""pyroDrogue"": 0, ""pyroMain"": 0, ""pyro1_state"": 0, ""pyro2_state"": 0}"
1768315540.63878,2026-01-13T17:45:40.638780,3469,0,0,-0.38,0.1,0.89,-22.25,6.64,-8.87,-2.9,-4.18,0,0,0,299597,853.01,27.52,-0.7,0,0,0,0,-89,-0.7,-3.08,BEACON,"{""record_number"": 3469, ""operation_mode"": 0, ""state"": 0, ""battery_voltage"": 0, ""wifi_rssi"": -89, ""acc_data"": {""ax"": -0.38, ""ay"": 0.1, ""az"": 0.89, ""pitch"": -22.25, ""roll"": 6.64}, ""gyro_data"": {""gx"": -8.87, ""gy"": -2.9, ""gz"": -4.18}, ""gps_data"": {""latitude"": 0, ""longitude"": 0, ""gps_altitude"": 0, ""time"": 299597}, ""alt_data"": {""pressure"": 853.01, ""temperature"": 27.52, ""AGL"": -0.7, ""velocity"": 0, ""kalman_altitude"": -0.7, ""kalman_vertical_velocity"": -3.08}, ""chute_state"": {""pyro1_state"": 0, ""pyro2_state"": 0}, ""connection_status"": {""connected"": true, ""has_ever_connected"": true, ""packet_age_ms"": 0, ""timeout_exceeded"": false, ""rssi"": -89}, ""communication_mode"": ""BEACON"", ""timestamp"": 184514, ""packets_received"": 831, ""kalman_data"": {""altitude"": -0.7, ""vertical_velocity"": -3.08}, ""kalman_altitude"": -0.7, ""kalman_vertical_velocity"": -3.08, ""pyroDrogue"": 0, ""pyroMain"": 0, ""pyro1_state"": 0, ""pyro2_state"": 0}"
1768315540.755128,2026-01-13T17:45:40.755128,3470,0,0,-0.39,0.11,0.88,-22.15,7.03,-9.6,-3.75,-3.81,0,0,0,299801,853.04,27.53,-0.96,0,0,0,0,-87,-0.96,-3.11,BEACON,"{""record_number"": 3470, ""operation_mode"": 0, ""state"": 0, ""battery_voltage"": 0, ""wifi_rssi"": -87, ""acc_data"": {""ax"": -0.39, ""ay"": 0.11, ""az"": 0.88, ""pitch"": -22.15, ""roll"": 7.03}, ""gyro_data"": {""gx"": -9.6, ""gy"": -3.75, ""gz"": -3.81}, ""gps_data"": {""latitude"": 0, ""longitude"": 0, ""gps_altitude"": 0, ""time"": 299801}, ""alt_data"": {""pressure"": 853.04, ""temperature"": 27.53, ""AGL"": -0.96, ""velocity"": 0, ""kalman_altitude"": -0.96, ""kalman_vertical_velocity"": -3.11}, ""chute_state"": {""pyro1_state"": 0, ""pyro2_state"": 0}, ""connection_status"": {""connected"": true, ""has_ever_connected"": true, ""packet_age_ms"": 0, ""timeout_exceeded"": false, ""rssi"": -87}, ""communication_mode"": ""BEACON"", ""timestamp"": 184626, ""packets_received"": 832, ""kalman_data"": {""altitude"": -0.96, ""vertical_velocity"": -3.11}, ""kalman_altitude"": -0.96, ""kalman_vertical_velocity"": -3.11, ""pyroDrogue"": 0, ""pyroMain"": 0, ""pyro1_state"": 0, ""pyro2_state"": 0}"
1768315540.887127,2026-01-13T17:45:40.887127,3472,0,0,-0.38,0.11,0.89,-22.67,7.23,-8.84,-2.74,-3.02,0,0,0,299801,853.06,27.54,-1.15,0,0,0,0,-89,-1.15,-3.14,BEACON,"{""record_number"": 3472, ""operation_mode"": 0, ""state"": 0, ""battery_voltage"": 0, ""wifi_rssi"": -89, ""acc_data"": {""ax"": -0.38, ""ay"": 0.11, ""az"": 0.89, ""pitch"": -22.67, ""roll"": 7.23}, ""gyro_data"": {""gx"": -8.84, ""gy"": -2.74, ""gz"": -3.02}, ""gps_data"": {""latitude"": 0, ""longitude"": 0, ""gps_altitude"": 0, ""time"": 299801}, ""alt_data"": {""pressure"": 853.06, ""temperature"": 27.54, ""AGL"": -1.15, ""velocity"": 0, ""kalman_altitude"": -1.15, ""kalman_vertical_velocity"": -3.14}, ""chute_state"": {""pyro1_state"": 0, ""pyro2_state"": 0}, ""connection_status"": {""connected"": true, ""has_ever_connected"": true, ""packet_age_ms"": 0, ""timeout_exceeded"": false, ""rssi"": -89}, ""communication_mode"": ""BEACON"", ""timestamp"": 184739, ""packets_received"": 833, ""kalman_data"": {""altitude"": -1.15, ""vertical_velocity"": -3.14}, ""kalman_altitude"": -1.15, ""kalman_vertical_velocity"": -3.14, ""pyroDrogue"": 0, ""pyroMain"": 0, ""pyro1_state"": 0, ""pyro2_state"": 0}"
1768315540.988125,2026-01-13T17:45:40.988125,3473,0,0,-0.39,0.1,0.88,-22.58,6.65,-8.41,-2.13,-4.24,0,0,0,300001,853.07,27.54,-1.22,0,0,0,0,-88,-1.22,-3.15,BEACON,"{""record_number"": 3473, ""operation_mode"": 0, ""state"": 0, ""battery_voltage"": 0, ""wifi_rssi"": -88, ""acc_data"": {""ax"": -0.39, ""ay"": 0.1, ""az"": 0.88, ""pitch"": -22.58, ""roll"": 6.65}, ""gyro_data"": {""gx"": -8.41, ""gy"": -2.13, ""gz"": -4.24}, ""gps_data"": {""latitude"": 0, ""longitude"": 0, ""gps_altitude"": 0, ""time"": 300001}, ""alt_data"": {""pressure"": 853.07, ""temperature"": 27.54, ""AGL"": -1.22, ""velocity"": 0, ""kalman_altitude"": -1.22, ""kalman_vertical_velocity"": -3.15}, ""chute_state"": {""pyro1_state"": 0, ""pyro2_state"": 0}, ""connection_status"": {""connected"": true, ""has_ever_connected"": true, ""packet_age_ms"": 0, ""timeout_exceeded"": false, ""rssi"": -88}, ""communication_mode"": ""BEACON"", ""timestamp"": 184851, ""packets_received"": 834, ""kalman_data"": {""altitude"": -1.22, ""vertical_velocity"": -3.15}, ""kalman_altitude"": -1.22, ""kalman_vertical_velocity"": -3.15, ""pyroDrogue"": 0, ""pyroMain"": 0, ""pyro1_state"": 0, ""pyro2_state"": 0}"
1768315541.086677,2026-01-13T17:45:41.086677,3474,0,0,-0.38,0.11,0.89,-22.67,6.83,-8.6,-2.71,-3.75,0,0,0,300001,853.03,27.54,-0.82,0,0,0,0,-87,-0.82,-3.1,BEACON,"{""record_number"": 3474, ""operation_mode"": 0, ""state"": 0, ""battery_voltage"": 0, ""wifi_rssi"": -87, ""acc_data"": {""ax"": -0.38, ""ay"": 0.11, ""az"": 0.89, ""pitch"": -22.67, ""roll"": 6.83}, ""gyro_data"": {""gx"": -8.6, ""gy"": -2.71, ""gz"": -3.75}, ""gps_data"": {""latitude"": 0, ""longitude"": 0, ""gps_altitude"": 0, ""time"": 300001}, ""alt_data"": {""pressure"": 853.03, ""temperature"": 27.54, ""AGL"": -0.82, ""velocity"": 0, ""kalman_altitude"": -0.82, ""kalman_vertical_velocity"": -3.1}, ""chute_state"": {""pyro1_state"": 0, ""pyro2_state"": 0}, ""connection_status"": {""connected"": true, ""has_ever_connected"": true, ""packet_age_ms"": 0, ""timeout_exceeded"": false, ""rssi"": -87}, ""communication_mode"": ""BEACON"", ""timestamp"": 184964, ""packets_received"": 835, ""kalman_data"": {""altitude"": -0.82, ""vertical_velocity"": -3.1}, ""kalman_altitude"": -0.82, ""kalman_vertical_velocity"": -3.1, ""pyroDrogue"": 0, ""pyroMain"": 0, ""pyro1_state"": 0, ""pyro2_state"": 0}"
1768315541.185676,2026-01-13T17:45:41.185676,3476,0,0,-0.39,0.11,0.9,-22.61,6.59,-8.54,-2.35,-3.51,0,0,0,300200,853.07,27.54,-1.3,0,0,0,0,-87,-1.29,-3.16,BEACON,"{""record_number"": 3476, ""operation_mode"": 0, ""state"": 0, ""battery_voltage"": 0, ""wifi_rssi"": -87, ""acc_data"": {""ax"": -0.39, ""ay"": 0.11, ""az"": 0.9, ""pitch"": -22.61, ""roll"": 6.59}, ""gyro_data"": {""gx"": -8.54, ""gy"": -2.35, ""gz"": -3.51}, ""gps_data"": {""latitude"": 0, ""longitude"": 0, ""gps_altitude"": 0, ""time"": 300200}, ""alt_data"": {""pressure"": 853.07, ""temperature"": 27.54, ""AGL"": -1.3, ""velocity"": 0, ""kalman_altitude"": -1.29, ""kalman_vertical_velocity"": -3.16}, ""chute_state"": {""pyro1_state"": 0, ""pyro2_state"": 0}, ""connection_status"": {""connected"": true, ""has_ever_connected"": true, ""packet_age_ms"": 1, ""timeout_exceeded"": false, ""rssi"": -87}, ""communication_mode"": ""BEACON"", ""timestamp"": 185079, ""packets_received"": 836, ""kalman_data"": {""altitude"": -1.29, ""vertical_velocity"": -3.16}, ""kalman_altitude"": -1.29, ""kalman_vertical_velocity"": -3.16, ""pyroDrogue"": 0, ""pyroMain"": 0, ""pyro1_state"": 0, ""pyro2_state"": 0}"
1768315541.404768,2026-01-13T17:45:41.404768,3477,0,0,-0.38,0.11,0.89,-23.06,6.82,-8.38,-3.6,-3.87,0,0,0,300200,853.09,27.54,-1.51,0,0,0,0,-88,-1.51,-3.19,BEACON,"{""record_number"": 3477, ""operation_mode"": 0, ""state"": 0, ""battery_voltage"": 0, ""wifi_rssi"": -88, ""acc_data"": {""ax"": -0.38, ""ay"": 0.11, ""az"": 0.89, ""pitch"": -23.06, ""roll"": 6.82}, ""gyro_data"": {""gx"": -8.38, ""gy"": -3.6, ""gz"": -3.87}, ""gps_data"": {""latitude"": 0, ""longitude"": 0, ""gps_altitude"": 0, ""time"": 300200}, ""alt_data"": {""pressure"": 853.09, ""temperature"": 27.54, ""AGL"": -1.51, ""velocity"": 0, ""kalman_altitude"": -1.51, ""kalman_vertical_velocity"": -3.19}, ""chute_state"": {""pyro1_state"": 0, ""pyro2_state"": 0}, ""connection_status"": {""connected"": true, ""has_ever_connected"": true, ""packet_age_ms"": 0, ""timeout_exceeded"": false, ""rssi"": -88}, ""communication_mode"": ""BEACON"", ""timestamp"": 185190, ""packets_received"": 837, ""kalman_data"": {""altitude"": -1.51, ""vertical_velocity"": -3.19}, ""kalman_altitude"": -1.51, ""kalman_vertical_velocity"": -3.19, ""pyroDrogue"": 0, ""pyroMain"": 0, ""pyro1_state"": 0, ""pyro2_state"": 0}"
1768315541.471771,2026-01-13T17:45:41.471771,3478,0,0,-0.38,0.1,0.89,-22.52,6.75,-8.87,-3.69,-3.45,0,0,0,300400,853.06,27.55,-1.12,0,0,0,0,-88,-1.12,-3.14,BEACON,"{""record_number"": 3478, ""operation_mode"": 0, ""state"": 0, ""battery_voltage"": 0, ""wifi_rssi"": -88, ""acc_data"": {""ax"": -0.38, ""ay"": 0.1, ""az"": 0.89, ""pitch"": -22.52, ""roll"": 6.75}, ""gyro_data"": {""gx"": -8.87, ""gy"": -3.69, ""gz"": -3.45}, ""gps_data"": {""latitude"": 0, ""longitude"": 0, ""gps_altitude"": 0, ""time"": 300400}, ""alt_data"": {""pressure"": 853.06, ""temperature"": 27.55, ""AGL"": -1.12, ""velocity"": 0, ""kalman_altitude"": -1.12, ""kalman_vertical_velocity"": -3.14}, ""chute_state"": {""pyro1_state"": 0, ""pyro2_state"": 0}, ""connection_status"": {""connected"": true, ""has_ever_connected"": true, ""packet_age_ms"": 0, ""timeout_exceeded"": false, ""rssi"": -88}, ""communication_mode"": ""BEACON"", ""timestamp"": 185302, ""packets_received"": 838, ""kalman_data"": {""altitude"": -1.12, ""vertical_velocity"": -3.14}, ""kalman_altitude"": -1.12, ""kalman_vertical_velocity"": -3.14, ""pyroDrogue"": 0, ""pyroMain"": 0, ""pyro1_state"": 0, ""pyro2_state"": 0}"
1768315541.574981,2026-01-13T17:45:41.574981,3480,0,0,-0.38,0.11,0.89,-22.31,6.89,-9.45,-2.84,-3.9,0,0,0,300601,853.04,27.54,-0.93,0,0,0,0,-88,-0.93,-3.12,BEACON,"{""record_number"": 3480, ""operation_mode"": 0, ""state"": 0, ""battery_voltage"": 0, ""wifi_rssi"": -88, ""acc_data"": {""ax"": -0.38, ""ay"": 0.11, ""az"": 0.89, ""pitch"": -22.31, ""roll"": 6.89}, ""gyro_data"": {""gx"": -9.45, ""gy"": -2.84, ""gz"": -3.9}, ""gps_data"": {""latitude"": 0, ""longitude"": 0, ""gps_altitude"": 0, ""time"": 300601}, ""alt_data"": {""pressure"": 853.04, ""temperature"": 27.54, ""AGL"": -0.93, ""velocity"": 0, ""kalman_altitude"": -0.93, ""kalman_vertical_velocity"": -3.12}, ""chute_state"": {""pyro1_state"": 0, ""pyro2_state"": 0}, ""connection_status"": {""connected"": true, ""has_ever_connected"": true, ""packet_age_ms"": 0, ""timeout_exceeded"": false, ""rssi"": -88}, ""communication_mode"": ""BEACON"", ""timestamp"": 185414, ""packets_received"": 839, ""kalman_data"": {""altitude"": -0.93, ""vertical_velocity"": -3.12}, ""kalman_altitude"": -0.93, ""kalman_vertical_velocity"": -3.12, ""pyroDrogue"": 0, ""pyroMain"": 0, ""pyro1_state"": 0, ""pyro2_state"": 0}"
1768315541.721983,2026-01-13T17:45:41.721983,3481,0,0,-0.38,0.1,0.88,-22.49,7.16,-8.87,-3.02,-3.26,0,0,0,300601,853.06,27.55,-1.19,0,0,0,0,-87,-1.19,-3.15,BEACON,"{""record_number"": 3481, ""operation_mode"": 0, ""state"": 0, ""battery_voltage"": 0, ""wifi_rssi"": -87, ""acc_data"": {""ax"": -0.38, ""ay"": 0.1, ""az"": 0.88, ""pitch"": -22.49, ""roll"": 7.16}, ""gyro_data"": {""gx"": -8.87, ""gy"": -3.02, ""gz"": -3.26}, ""gps_data"": {""latitude"": 0, ""longitude"": 0, ""gps_altitude"": 0, ""time"": 300601}, ""alt_data"": {""pressure"": 853.06, ""temperature"": 27.55, ""AGL"": -1.19, ""velocity"": 0, ""kalman_altitude"": -1.19, ""kalman_vertical_velocity"": -3.15}, ""chute_state"": {""pyro1_state"": 0, ""pyro2_state"": 0}, ""connection_status"": {""connected"": true, ""has_ever_connected"": true, ""packet_age_ms"": 1, ""timeout_exceeded"": false, ""rssi"": -87}, ""communication_mode"": ""BEACON"", ""timestamp"": 185527, ""packets_received"": 840, ""kalman_data"": {""altitude"": -1.19, ""vertical_velocity"": -3.15}, ""kalman_altitude"": -1.19, ""kalman_vertical_velocity"": -3.15, ""pyroDrogue"": 0, ""pyroMain"": 0, ""pyro1_state"": 0, ""pyro2_state"": 0}"
1768315541.829138,2026-01-13T17:45:41.829138,3482,0,0,-0.38,0.1,0.89,-22.31,6.72,-9.12,-2.47,-3.54,0,0,0,300806,853.11,27.56,-1.63,0,0,0,0,-89,-1.63,-3.21,BEACON,"{""record_number"": 3482, ""operation_mode"": 0, ""state"": 0, ""battery_voltage"": 0, ""wifi_rssi"": -89, ""acc_data"": {""ax"": -0.38, ""ay"": 0.1, ""az"": 0.89, ""pitch"": -22.31, ""roll"": 6.72}, ""gyro_data"": {""gx"": -9.12, ""gy"": -2.47, ""gz"": -3.54}, ""gps_data"": {""latitude"": 0, ""longitude"": 0, ""gps_altitude"": 0, ""time"": 300806}, ""alt_data"": {""pressure"": 853.11, ""temperature"": 27.56, ""AGL"": -1.63, ""velocity"": 0, ""kalman_altitude"": -1.63, ""kalman_vertical_velocity"": -3.21}, ""chute_state"": {""pyro1_state"": 0, ""pyro2_state"": 0}, ""connection_status"": {""connected"": true, ""has_ever_connected"": true, ""packet_age_ms"": 0, ""timeout_exceeded"": false, ""rssi"": -89}, ""communication_mode"": ""BEACON"", ""timestamp"": 185640, ""packets_received"": 841, ""kalman_data"": {""altitude"": -1.63, ""vertical_velocity"": -3.21}, ""kalman_altitude"": -1.63, ""kalman_vertical_velocity"": -3.21, ""pyroDrogue"": 0, ""pyroMain"": 0, ""pyro1_state"": 0, ""pyro2_state"": 0}"
1768315542.104181,2026-01-13T17:45:42.104181,3485,0,0,-0.39,0.11,0.88,-22.46,7.26,-9.21,-2.71,-3.26,0,0,0,301006,853.1,27.56,-1.6,0,0,0,0,-87,-1.59,-3.21,BEACON,"{""record_number"": 3485, ""operation_mode"": 0, ""state"": 0, ""battery_voltage"": 0, ""wifi_rssi"": -87, ""acc_data"": {""ax"": -0.39, ""ay"": 0.11, ""az"": 0.88, ""pitch"": -22.46, ""roll"": 7.26}, ""gyro_data"": {""gx"": -9.21, ""gy"": -2.71, ""gz"": -3.26}, ""gps_data"": {""latitude"": 0, ""longitude"": 0, ""gps_altitude"": 0, ""time"": 301006}, ""alt_data"": {""pressure"": 853.1, ""temperature"": 27.56, ""AGL"": -1.6, ""velocity"": 0, ""kalman_altitude"": -1.59, ""kalman_vertical_velocity"": -3.21}, ""chute_state"": {""pyro1_state"": 0, ""pyro2_state"": 0}, ""connection_status"": {""connected"": true, ""has_ever_connected"": true, ""packet_age_ms"": 0, ""timeout_exceeded"": false, ""rssi"": -87}, ""communication_mode"": ""BEACON"", ""timestamp"": 185866, ""packets_received"": 842, ""kalman_data"": {""altitude"": -1.59, ""vertical_velocity"": -3.21}, ""kalman_altitude"": -1.59, ""kalman_vertical_velocity"": -3.21, ""pyroDrogue"": 0, ""pyroMain"": 0, ""pyro1_state"": 0, ""pyro2_state"": 0}"
1768315542.206683,2026-01-13T17:45:42.206683,3486,0,0,-0.38,0.11,0.89,-22.4,6.91,-8.2,-3.45,-3.38,0,0,0,301006,853.05,27.56,-1.06,0,0,0,0,-89,-1.06,-3.14,BEACON,"{""record_number"": 3486, ""operation_mode"": 0, ""state"": 0, ""battery_voltage"": 0, ""wifi_rssi"": -89, ""acc_data"": {""ax"": -0.38, ""ay"": 0.11, ""az"": 0.89, ""pitch"": -22.4, ""roll"": 6.91}, ""gyro_data"": {""gx"": -8.2, ""gy"": -3.45, ""gz"": -3.38}, ""gps_data"": {""latitude"": 0, ""longitude"": 0, ""gps_altitude"": 0, ""time"": 301006}, ""alt_data"": {""pressure"": 853.05, ""temperature"": 27.56, ""AGL"": -1.06, ""velocity"": 0, ""kalman_altitude"": -1.06, ""kalman_vertical_velocity"": -3.14}, ""chute_state"": {""pyro1_state"": 0, ""pyro2_state"": 0}, ""connection_status"": {""connected"": true, ""has_ever_connected"": true, ""packet_age_ms"": 0, ""timeout_exceeded"": false, ""rssi"": -89}, ""communication_mode"": ""BEACON"", ""timestamp"": 185979, ""packets_received"": 843, ""kalman_data"": {""altitude"": -1.06, ""vertical_velocity"": -3.14}, ""kalman_altitude"": -1.06, ""kalman_vertical_velocity"": -3.14, ""pyroDrogue"": 0, ""pyroMain"": 0, ""pyro1_state"": 0, ""pyro2_state"": 0}"
1768315542.269694,2026-01-13T17:45:42.269694,3488,0,0,-0.39,0.11,0.88,-22.76,6.46,-8.78,-2.53,-4.21,0,0,0,301205,853.05,27.54,-1.04,0,0,0,0,-87,-1.04,-3.14,BEACON,"{""record_number"": 3488, ""operation_mode"": 0, ""state"": 0, ""battery_voltage"": 0, ""wifi_rssi"": -87, ""acc_data"": {""ax"": -0.39, ""ay"": 0.11, ""az"": 0.88, ""pitch"": -22.76, ""roll"": 6.46}, ""gyro_data"": {""gx"": -8.78, ""gy"": -2.53, ""gz"": -4.21}, ""gps_data"": {""latitude"": 0, ""longitude"": 0, ""gps_altitude"": 0, ""time"": 301205}, ""alt_data"": {""pressure"": 853.05, ""temperature"": 27.54, ""AGL"": -1.04, ""velocity"": 0, ""kalman_altitude"": -1.04, ""kalman_vertical_velocity"": -3.14}, ""chute_state"": {""pyro1_state"": 0, ""pyro2_state"": 0}, ""connection_status"": {""connected"": true, ""has_ever_connected"": true, ""packet_age_ms"": 1, ""timeout_exceeded"": false, ""rssi"": -87}, ""communication_mode"": ""BEACON"", ""timestamp"": 186093, ""packets_received"": 844, ""kalman_data"": {""altitude"": -1.04, ""vertical_velocity"": -3.14}, ""kalman_altitude"": -1.04, ""kalman_vertical_velocity"": -3.14, ""pyroDrogue"": 0, ""pyroMain"": 0, ""pyro1_state"": 0, ""pyro2_state"": 0}"
1768315542.407828,2026-01-13T17:45:42.407828,3489,0,0,-0.39,0.1,0.89,-21.82,6.61,-8.9,-2.96,-3.69,0,0,0,301205,853.05,27.54,-1.08,0,0,0,0,-89,-1.08,-3.15,BEACON,"{""record_number"": 3489, ""operation_mode"": 0, ""state"": 0, ""battery_voltage"": 0, ""wifi_rssi"": -89, ""acc_data"": {""ax"": -0.39, ""ay"": 0.1, ""az"": 0.89, ""pitch"": -21.82, ""roll"": 6.61}, ""gyro_data"": {""gx"": -8.9, ""gy"": -2.96, ""gz"": -3.69}, ""gps_data"": {""latitude"": 0, ""longitude"": 0, ""gps_altitude"": 0, ""time"": 301205}, ""alt_data"": {""pressure"": 853.05, ""temperature"": 27.54, ""AGL"": -1.08, ""velocity"": 0, ""kalman_altitude"": -1.08, ""kalman_vertical_velocity"": -3.15}, ""chute_state"": {""pyro1_state"": 0, ""pyro2_state"": 0}, ""connection_status"": {""connected"": true, ""has_ever_connected"": true, ""packet_age_ms"": 0, ""timeout_exceeded"": false, ""rssi"": -89}, ""communication_mode"": ""BEACON"", ""timestamp"": 186204, ""packets_received"": 845, ""kalman_data"": {""altitude"": -1.08, ""vertical_velocity"": -3.15}, ""kalman_altitude"": -1.08, ""kalman_vertical_velocity"": -3.15, ""pyroDrogue"": 0, ""pyroMain"": 0, ""pyro1_state"": 0, ""pyro2_state"": 0}"
1768315542.494831,2026-01-13T17:45:42.494831,3490,0,0,-0.38,0.1,0.89,-22.25,6.84,-9.6,-2.77,-3.6,0,0,0,301406,853.04,27.54,-0.97,0,0,0,0,-87,-0.97,-3.13,BEACON,"{""record_number"": 3490, ""operation_mode"": 0, ""state"": 0, ""battery_voltage"": 0, ""wifi_rssi"": -87, ""acc_data"": {""ax"": -0.38, ""ay"": 0.1, ""az"": 0.89, ""pitch"": -22.25, ""roll"": 6.84}, ""gyro_data"": {""gx"": -9.6, ""gy"": -2.77, ""gz"": -3.6}, ""gps_data"": {""latitude"": 0, ""longitude"": 0, ""gps_altitude"": 0, ""time"": 301406}, ""alt_data"": {""pressure"": 853.04, ""temperature"": 27.54, ""AGL"": -0.97, ""velocity"": 0, ""kalman_altitude"": -0.97, ""kalman_vertical_velocity"": -3.13}, ""chute_state"": {""pyro1_state"": 0, ""pyro2_state"": 0}, ""connection_status"": {""connected"": true, ""has_ever_connected"": true, ""packet_age_ms"": 0, ""timeout_exceeded"": false, ""rssi"": -87}, ""communication_mode"": ""BEACON"", ""timestamp"": 186316, ""packets_received"": 846, ""kalman_data"": {""altitude"": -0.97, ""vertical_velocity"": -3.13}, ""kalman_altitude"": -0.97, ""kalman_vertical_velocity"": -3.13, ""pyroDrogue"": 0, ""pyroMain"": 0, ""pyro1_state"": 0, ""pyro2_state"": 0}"
1768315542.627993,2026-01-13T17:45:42.627993,3492,0,0,-0.38,0.11,0.89,-22.43,6.98,-9.39,-2.96,-3.29,0,0,0,301607,853.07,27.55,-1.27,0,0,0,0,-88,-1.27,-3.17,BEACON,"{""record_number"": 3492, ""operation_mode"": 0, ""state"": 0, ""battery_voltage"": 0, ""wifi_rssi"": -88, ""acc_data"": {""ax"": -0.38, ""ay"": 0.11, ""az"": 0.89, ""pitch"": -22.43, ""roll"": 6.98}, ""gyro_data"": {""gx"": -9.39, ""gy"": -2.96, ""gz"": -3.29}, ""gps_data"": {""latitude"": 0, ""longitude"": 0, ""gps_altitude"": 0, ""time"": 301607}, ""alt_data"": {""pressure"": 853.07, ""temperature"": 27.55, ""AGL"": -1.27, ""velocity"": 0, ""kalman_altitude"": -1.27, ""kalman_vertical_velocity"": -3.17}, ""chute_state"": {""pyro1_state"": 0, ""pyro2_state"": 0}, ""connection_status"": {""connected"": true, ""has_ever_connected"": true, ""packet_age_ms"": 0, ""timeout_exceeded"": false, ""rssi"": -88}, ""communication_mode"": ""BEACON"", ""timestamp"": 186428, ""packets_received"": 847, ""kalman_data"": {""altitude"": -1.27, ""vertical_velocity"": -3.17}, ""kalman_altitude"": -1.27, ""kalman_vertical_velocity"": -3.17, ""pyroDrogue"": 0, ""pyroMain"": 0, ""pyro1_state"": 0, ""pyro2_state"": 0}"
1768315542.691005,2026-01-13T17:45:42.691005,3493,0,0,-0.38,0.1,0.89,-22.61,6.66,-9.66,-2.44,-3.75,0,0,0,301607,853.04,27.55,-0.94,0,0,0,0,-90,-0.95,-3.13,BEACON,"{""record_number"": 3493, ""operation_mode"": 0, ""state"": 0, ""battery_voltage"": 0, ""wifi_rssi"": -90, ""acc_data"": {""ax"": -0.38, ""ay"": 0.1, ""az"": 0.89, ""pitch"": -22.61, ""roll"": 6.66}, ""gyro_data"": {""gx"": -9.66, ""gy"": -2.44, ""gz"": -3.75}, ""gps_data"": {""latitude"": 0, ""longitude"": 0, ""gps_altitude"": 0, ""time"": 301607}, ""alt_data"": {""pressure"": 853.04, ""temperature"": 27.55, ""AGL"": -0.94, ""velocity"": 0, ""kalman_altitude"": -0.95, ""kalman_vertical_velocity"": -3.13}, ""chute_state"": {""pyro1_state"": 0, ""pyro2_state"": 0}, ""connection_status"": {""connected"": true, ""has_ever_connected"": true, ""packet_age_ms"": 0, ""timeout_exceeded"": false, ""rssi"": -90}, ""communication_mode"": ""BEACON"", ""timestamp"": 186541, ""packets_received"": 848, ""kalman_data"": {""altitude"": -0.95, ""vertical_velocity"": -3.13}, ""kalman_altitude"": -0.95, ""kalman_vertical_velocity"": -3.13, ""pyroDrogue"": 0, ""pyroMain"": 0, ""pyro1_state"": 0, ""pyro2_state"": 0}"
1768315542.787006,2026-01-13T17:45:42.787006,3494,0,0,-0.38,0.1,0.88,-22.52,6.62,-9.02,-3.35,-3.99,0,0,0,301812,853.08,27.55,-1.37,0,0,0,0,-88,-1.37,-3.19,BEACON,"{""record_number"": 3494, ""operation_mode"": 0, ""state"": 0, ""battery_voltage"": 0, ""wifi_rssi"": -88, ""acc_data"": {""ax"": -0.38, ""ay"": 0.1, ""az"": 0.88, ""pitch"": -22.52, ""roll"": 6.62}, ""gyro_data"": {""gx"": -9.02, ""gy"": -3.35, ""gz"": -3.99}, ""gps_data"": {""latitude"": 0, ""longitude"": 0, ""gps_altitude"": 0, ""time"": 301812}, ""alt_data"": {""pressure"": 853.08, ""temperature"": 27.55, ""AGL"": -1.37, ""velocity"": 0, ""kalman_altitude"": -1.37, ""kalman_vertical_velocity"": -3.19}, ""chute_state"": {""pyro1_state"": 0, ""pyro2_state"": 0}, ""connection_status"": {""connected"": true, ""has_ever_connected"": true, ""packet_age_ms"": 0, ""timeout_exceeded"": false, ""rssi"": -88}, ""communication_mode"": ""BEACON"", ""timestamp"": 186654, ""packets_received"": 849, ""kalman_data"": {""altitude"": -1.37, ""vertical_velocity"": -3.19}, ""kalman_altitude"": -1.37, ""kalman_vertical_velocity"": -3.19, ""pyroDrogue"": 0, ""pyroMain"": 0, ""pyro1_state"": 0, ""pyro2_state"": 0}"
1768315542.891287,2026-01-13T17:45:42.891287,3496,0,0,-0.38,0.11,0.89,-22.49,6.75,-9.73,-2.96,-3.57,0,0,0,301812,853.04,27.55,-1.02,0,0,0,0,-89,-1.02,-3.14,BEACON,"{""record_number"": 3496, ""operation_mode"": 0, ""state"": 0, ""battery_voltage"": 0, ""wifi_rssi"": -89, ""acc_data"": {""ax"": -0.38, ""ay"": 0.11, ""az"": 0.89, ""pitch"": -22.49, ""roll"": 6.75}, ""gyro_data"": {""gx"": -9.73, ""gy"": -2.96, ""gz"": -3.57}, ""gps_data"": {""latitude"": 0, ""longitude"": 0, ""gps_altitude"": 0, ""time"": 301812}, ""alt_data"": {""pressure"": 853.04, ""temperature"": 27.55, ""AGL"": -1.02, ""velocity"": 0, ""kalman_altitude"": -1.02, ""kalman_vertical_velocity"": -3.14}, ""chute_state"": {""pyro1_state"": 0, ""pyro2_state"": 0}, ""connection_status"": {""connected"": true, ""has_ever_connected"": true, ""packet_age_ms"": 0, ""timeout_exceeded"": false, ""rssi"": -89}, ""communication_mode"": ""BEACON"", ""timestamp"": 186767, ""packets_received"": 850, ""kalman_data"": {""altitude"": -1.02, ""vertical_velocity"": -3.14}, ""kalman_altitude"": -1.02, ""kalman_vertical_velocity"": -3.14, ""pyroDrogue"": 0, ""pyroMain"": 0, ""pyro1_state"": 0, ""pyro2_state"": 0}"
1768315542.993289,2026-01-13T17:45:42.993289,3497,0,0,-0.38,0.1,0.88,-22.4,7,-8.35,-3.17,-3.6,0,0,0,302013,853.04,27.55,-0.94,0,0,0,0,-87,-0.94,-3.13,BEACON,"{""record_number"": 3497, ""operation_mode"": 0, ""state"": 0, ""battery_voltage"": 0, ""wifi_rssi"": -87, ""acc_data"": {""ax"": -0.38, ""ay"": 0.1, ""az"": 0.88, ""pitch"": -22.4, ""roll"": 7}, ""gyro_data"": {""gx"": -8.35, ""gy"": -3.17, ""gz"": -3.6}, ""gps_data"": {""latitude"": 0, ""longitude"": 0, ""gps_altitude"": 0, ""time"": 302013}, ""alt_data"": {""pressure"": 853.04, ""temperature"": 27.55, ""AGL"": -0.94, ""velocity"": 0, ""kalman_altitude"": -0.94, ""kalman_vertical_velocity"": -3.13}, ""chute_state"": {""pyro1_state"": 0, ""pyro2_state"": 0}, ""connection_status"": {""connected"": true, ""has_ever_connected"": true, ""packet_age_ms"": 0, ""timeout_exceeded"": false, ""rssi"": -87}, ""communication_mode"": ""BEACON"", ""timestamp"": 186880, ""packets_received"": 851, ""kalman_data"": {""altitude"": -0.94, ""vertical_velocity"": -3.13}, ""kalman_altitude"": -0.94, ""kalman_vertical_velocity"": -3.13, ""pyroDrogue"": 0, ""pyroMain"": 0, ""pyro1_state"": 0, ""pyro2_state"": 0}"
1768315543.153089,2026-01-13T17:45:43.153089,3498,0,0,-0.39,0.1,0.88,-22.49,6.68,-9.3,-3.38,-3.72,0,0,0,302013,853.09,27.56,-1.49,0,0,0,0,-89,-1.49,-3.2,BEACON,"{""record_number"": 3498, ""operation_mode"": 0, ""state"": 0, ""battery_voltage"": 0, ""wifi_rssi"": -89, ""acc_data"": {""ax"": -0.39, ""ay"": 0.1, ""az"": 0.88, ""pitch"": -22.49, ""roll"": 6.68}, ""gyro_data"": {""gx"": -9.3, ""gy"": -3.38, ""gz"": -3.72}, ""gps_data"": {""latitude"": 0, ""longitude"": 0, ""gps_altitude"": 0, ""time"": 302013}, ""alt_data"": {""pressure"": 853.09, ""temperature"": 27.56, ""AGL"": -1.49, ""velocity"": 0, ""kalman_altitude"": -1.49, ""kalman_vertical_velocity"": -3.2}, ""chute_state"": {""pyro1_state"": 0, ""pyro2_state"": 0}, ""connection_status"": {""connected"": true, ""has_ever_connected"": true, ""packet_age_ms"": 0, ""timeout_exceeded"": false, ""rssi"": -89}, ""communication_mode"": ""BEACON"", ""timestamp"": 186994, ""packets_received"": 852, ""kalman_data"": {""altitude"": -1.49, ""vertical_velocity"": -3.2}, ""kalman_altitude"": -1.49, ""kalman_vertical_velocity"": -3.2, ""pyroDrogue"": 0, ""pyroMain"": 0, ""pyro1_state"": 0, ""pyro2_state"": 0}"
1768315543.244085,2026-01-13T17:45:43.244085,3500,0,0,-0.39,0.11,0.88,-22.91,6.87,-8.29,-3.66,-3.29,0,0,0,302213,853.04,27.54,-0.94,0,0,0,0,-88,-0.94,-3.14,BEACON,"{""record_number"": 3500, ""operation_mode"": 0, ""state"": 0, ""battery_voltage"": 0, ""wifi_rssi"": -88, ""acc_data"": {""ax"": -0.39, ""ay"": 0.11, ""az"": 0.88, ""pitch"": -22.91, ""roll"": 6.87}, ""gyro_data"": {""gx"": -8.29, ""gy"": -3.66, ""gz"": -3.29}, ""gps_data"": {""latitude"": 0, ""longitude"": 0, ""gps_altitude"": 0, ""time"": 302213}, ""alt_data"": {""pressure"": 853.04, ""temperature"": 27.54, ""AGL"": -0.94, ""velocity"": 0, ""kalman_altitude"": -0.94, ""kalman_vertical_velocity"": -3.14}, ""chute_state"": {""pyro1_state"": 0, ""pyro2_state"": 0}, ""connection_status"": {""connected"": true, ""has_ever_connected"": true, ""packet_age_ms"": 1, ""timeout_exceeded"": false, ""rssi"": -88}, ""communication_mode"": ""BEACON"", ""timestamp"": 187106, ""packets_received"": 853, ""kalman_data"": {""altitude"": -0.94, ""vertical_velocity"": -3.14}, ""kalman_altitude"": -0.94, ""kalman_vertical_velocity"": -3.14, ""pyroDrogue"": 0, ""pyroMain"": 0, ""pyro1_state"": 0, ""pyro2_state"": 0}"
1768315543.35609,2026-01-13T17:45:43.356090,3501,0,0,-0.38,0.11,0.88,-22.43,6.64,-9.57,-3.2,-3.78,0,0,0,302213,853.06,27.55,-1.12,0,0,0,0,-90,-1.12,-3.16,BEACON,"{""record_number"": 3501, ""operation_mode"": 0, ""state"": 0, ""battery_voltage"": 0, ""wifi_rssi"": -90, ""acc_data"": {""ax"": -0.38, ""ay"": 0.11, ""az"": 0.88, ""pitch"": -22.43, ""roll"": 6.64}, ""gyro_data"": {""gx"": -9.57, ""gy"": -3.2, ""gz"": -3.78}, ""gps_data"": {""latitude"": 0, ""longitude"": 0, ""gps_altitude"": 0, ""time"": 302213}, ""alt_data"": {""pressure"": 853.06, ""temperature"": 27.55, ""AGL"": -1.12, ""velocity"": 0, ""kalman_altitude"": -1.12, ""kalman_vertical_velocity"": -3.16}, ""chute_state"": {""pyro1_state"": 0, ""pyro2_state"": 0}, ""connection_status"": {""connected"": true, ""has_ever_connected"": true, ""packet_age_ms"": 1, ""timeout_exceeded"": false, ""rssi"": -90}, ""communication_mode"": ""BEACON"", ""timestamp"": 187219, ""packets_received"": 854, ""kalman_data"": {""altitude"": -1.12, ""vertical_velocity"": -3.16}, ""kalman_altitude"": -1.12, ""kalman_vertical_velocity"": -3.16, ""pyroDrogue"": 0, ""pyroMain"": 0, ""pyro1_state"": 0, ""pyro2_state"": 0}"
1768315543.474572,2026-01-13T17:45:43.474572,3502,0,0,-0.39,0.11,0.88,-22.7,6.9,-9.05,-3.69,-3.66,0,0,0,302412,853.11,27.56,-1.63,0,0,0,0,-88,-1.63,-3.23,BEACON,"{""record_number"": 3502, ""operation_mode"": 0, ""state"": 0, ""battery_voltage"": 0, ""wifi_rssi"": -88, ""acc_data"": {""ax"": -0.39, ""ay"": 0.11, ""az"": 0.88, ""pitch"": -22.7, ""roll"": 6.9}, ""gyro_data"": {""gx"": -9.05, ""gy"": -3.69, ""gz"": -3.66}, ""gps_data"": {""latitude"": 0, ""longitude"": 0, ""gps_altitude"": 0, ""time"": 302412}, ""alt_data"": {""pressure"": 853.11, ""temperature"": 27.56, ""AGL"": -1.63, ""velocity"": 0, ""kalman_altitude"": -1.63, ""kalman_vertical_velocity"": -3.23}, ""chute_state"": {""pyro1_state"": 0, ""pyro2_state"": 0}, ""connection_status"": {""connected"": true, ""has_ever_connected"": true, ""packet_age_ms"": 0, ""timeout_exceeded"": false, ""rssi"": -88}, ""communication_mode"": ""BEACON"", ""timestamp"": 187331, ""packets_received"": 855, ""kalman_data"": {""altitude"": -1.63, ""vertical_velocity"": -3.23}, ""kalman_altitude"": -1.63, ""kalman_vertical_velocity"": -3.23, ""pyroDrogue"": 0, ""pyroMain"": 0, ""pyro1_state"": 0, ""pyro2_state"": 0}"
1768315543.705215,2026-01-13T17:45:43.705215,3505,0,0,-0.39,0.1,0.88,-22.43,6.71,-9.18,-2.96,-3.35,0,0,0,302614,853.07,27.54,-1.26,0,0,0,0,-89,-1.26,-3.18,BEACON,"{""record_number"": 3505, ""operation_mode"": 0, ""state"": 0, ""battery_voltage"": 0, ""wifi_rssi"": -89, ""acc_data"": {""ax"": -0.39, ""ay"": 0.1, ""az"": 0.88, ""pitch"": -22.43, ""roll"": 6.71}, ""gyro_data"": {""gx"": -9.18, ""gy"": -2.96, ""gz"": -3.35}, ""gps_data"": {""latitude"": 0, ""longitude"": 0, ""gps_altitude"": 0, ""time"": 302614}, ""alt_data"": {""pressure"": 853.07, ""temperature"": 27.54, ""AGL"": -1.26, ""velocity"": 0, ""kalman_altitude"": -1.26, ""kalman_vertical_velocity"": -3.18}, ""chute_state"": {""pyro1_state"": 0, ""pyro2_state"": 0}, ""connection_status"": {""connected"": true, ""has_ever_connected"": true, ""packet_age_ms"": 1, ""timeout_exceeded"": false, ""rssi"": -89}, ""communication_mode"": ""BEACON"", ""timestamp"": 187555, ""packets_received"": 856, ""kalman_data"": {""altitude"": -1.26, ""vertical_velocity"": -3.18}, ""kalman_altitude"": -1.26, ""kalman_vertical_velocity"": -3.18, ""pyroDrogue"": 0, ""pyroMain"": 0, ""pyro1_state"": 0, ""pyro2_state"": 0}"
1768315543.828172,2026-01-13T17:45:43.828172,3506,0,0,-0.38,0.1,0.88,-22.85,6.68,-9.15,-3.08,-3.87,0,0,0,302818,853.06,27.55,-1.12,0,0,0,0,-91,-1.12,-3.17,BEACON,"{""record_number"": 3506, ""operation_mode"": 0, ""state"": 0, ""battery_voltage"": 0, ""wifi_rssi"": -91, ""acc_data"": {""ax"": -0.38, ""ay"": 0.1, ""az"": 0.88, ""pitch"": -22.85, ""roll"": 6.68}, ""gyro_data"": {""gx"": -9.15, ""gy"": -3.08, ""gz"": -3.87}, ""gps_data"": {""latitude"": 0, ""longitude"": 0, ""gps_altitude"": 0, ""time"": 302818}, ""alt_data"": {""pressure"": 853.06, ""temperature"": 27.55, ""AGL"": -1.12, ""velocity"": 0, ""kalman_altitude"": -1.12, ""kalman_vertical_velocity"": -3.17}, ""chute_state"": {""pyro1_state"": 0, ""pyro2_state"": 0}, ""connection_status"": {""connected"": true, ""has_ever_connected"": true, ""packet_age_ms"": 0, ""timeout_exceeded"": false, ""rssi"": -91}, ""communication_mode"": ""BEACON"", ""timestamp"": 187667, ""packets_received"": 857, ""kalman_data"": {""altitude"": -1.12, ""vertical_velocity"": -3.17}, ""kalman_altitude"": -1.12, ""kalman_vertical_velocity"": -3.17, ""pyroDrogue"": 0, ""pyroMain"": 0, ""pyro1_state"": 0, ""pyro2_state"": 0}"
1768315543.956263,2026-01-13T17:45:43.956263,3507,0,0,-0.38,0.11,0.89,-22.43,6.77,-8.9,-2.44,-3.51,0,0,0,302818,853.09,27.56,-1.42,0,0,0,0,-88,-1.42,-3.2,BEACON,"{""record_number"": 3507, ""operation_mode"": 0, ""state"": 0, ""battery_voltage"": 0, ""wifi_rssi"": -88, ""acc_data"": {""ax"": -0.38, ""ay"": 0.11, ""az"": 0.89, ""pitch"": -22.43, ""roll"": 6.77}, ""gyro_data"": {""gx"": -8.9, ""gy"": -2.44, ""gz"": -3.51}, ""gps_data"": {""latitude"": 0, ""longitude"": 0, ""gps_altitude"": 0, ""time"": 302818}, ""alt_data"": {""pressure"": 853.09, ""temperature"": 27.56, ""AGL"": -1.42, ""velocity"": 0, ""kalman_altitude"": -1.42, ""kalman_vertical_velocity"": -3.2}, ""chute_state"": {""pyro1_state"": 0, ""pyro2_state"": 0}, ""connection_status"": {""connected"": true, ""has_ever_connected"": true, ""packet_age_ms"": 0, ""timeout_exceeded"": false, ""rssi"": -88}, ""communication_mode"": ""BEACON"", ""timestamp"": 187780, ""packets_received"": 858, ""kalman_data"": {""altitude"": -1.42, ""vertical_velocity"": -3.2}, ""kalman_altitude"": -1.42, ""kalman_vertical_velocity"": -3.2, ""pyroDrogue"": 0, ""pyroMain"": 0, ""pyro1_state"": 0, ""pyro2_state"": 0}"
1768315544.025155,2026-01-13T17:45:44.025155,3509,0,0,-0.38,0.11,0.89,-22.82,7.18,-8.96,-3.05,-3.6,0,0,0,303018,853.04,27.54,-0.97,0,0,0,0,-89,-0.97,-3.15,BEACON,"{""record_number"": 3509, ""operation_mode"": 0, ""state"": 0, ""battery_voltage"": 0, ""wifi_rssi"": -89, ""acc_data"": {""ax"": -0.38, ""ay"": 0.11, ""az"": 0.89, ""pitch"": -22.82, ""roll"": 7.18}, ""gyro_data"": {""gx"": -8.96, ""gy"": -3.05, ""gz"": -3.6}, ""gps_data"": {""latitude"": 0, ""longitude"": 0, ""gps_altitude"": 0, ""time"": 303018}, ""alt_data"": {""pressure"": 853.04, ""temperature"": 27.54, ""AGL"": -0.97, ""velocity"": 0, ""kalman_altitude"": -0.97, ""kalman_vertical_velocity"": -3.15}, ""chute_state"": {""pyro1_state"": 0, ""pyro2_state"": 0}, ""connection_status"": {""connected"": true, ""has_ever_connected"": true, ""packet_age_ms"": 0, ""timeout_exceeded"": false, ""rssi"": -89}, ""communication_mode"": ""BEACON"", ""timestamp"": 187893, ""packets_received"": 859, ""kalman_data"": {""altitude"": -0.97, ""vertical_velocity"": -3.15}, ""kalman_altitude"": -0.97, ""kalman_vertical_velocity"": -3.15, ""pyroDrogue"": 0, ""pyroMain"": 0, ""pyro1_state"": 0, ""pyro2_state"": 0}"
1768315544.151156,2026-01-13T17:45:44.151156,3510,0,0,-0.39,0.11,0.89,-22.58,6.8,-9.54,-1.52,-3.23,0,0,0,303018,853.05,27.54,-1.04,0,0,0,0,-88,-1.04,-3.16,BEACON,"{""record_number"": 3510, ""operation_mode"": 0, ""state"": 0, ""battery_voltage"": 0, ""wifi_rssi"": -88, ""acc_data"": {""ax"": -0.39, ""ay"": 0.11, ""az"": 0.89, ""pitch"": -22.58, ""roll"": 6.8}, ""gyro_data"": {""gx"": -9.54, ""gy"": -1.52, ""gz"": -3.23}, ""gps_data"": {""latitude"": 0, ""longitude"": 0, ""gps_altitude"": 0, ""time"": 303018}, ""alt_data"": {""pressure"": 853.05, ""temperature"": 27.54, ""AGL"": -1.04, ""velocity"": 0, ""kalman_altitude"": -1.04, ""kalman_vertical_velocity"": -3.16}, ""chute_state"": {""pyro1_state"": 0, ""pyro2_state"": 0}, ""connection_status"": {""connected"": true, ""has_ever_connected"": true, ""packet_age_ms"": 0, ""timeout_exceeded"": false, ""rssi"": -88}, ""communication_mode"": ""BEACON"", ""timestamp"": 188009, ""packets_received"": 860, ""kalman_data"": {""altitude"": -1.04, ""vertical_velocity"": -3.16}, ""kalman_altitude"": -1.04, ""kalman_vertical_velocity"": -3.16, ""pyroDrogue"": 0, ""pyroMain"": 0, ""pyro1_state"": 0, ""pyro2_state"": 0}"
1768315544.256476,2026-01-13T17:45:44.256476,3511,0,0,-0.38,0.11,0.89,-22.58,6.47,-8.6,-3.51,-3.14,0,0,0,303219,853.02,27.54,-0.72,0,0,0,0,-89,-0.72,-3.12,BEACON,"{""record_number"": 3511, ""operation_mode"": 0, ""state"": 0, ""battery_voltage"": 0, ""wifi_rssi"": -89, ""acc_data"": {""ax"": -0.38, ""ay"": 0.11, ""az"": 0.89, ""pitch"": -22.58, ""roll"": 6.47}, ""gyro_data"": {""gx"": -8.6, ""gy"": -3.51, ""gz"": -3.14}, ""gps_data"": {""latitude"": 0, ""longitude"": 0, ""gps_altitude"": 0, ""time"": 303219}, ""alt_data"": {""pressure"": 853.02, ""temperature"": 27.54, ""AGL"": -0.72, ""velocity"": 0, ""kalman_altitude"": -0.72, ""kalman_vertical_velocity"": -3.12}, ""chute_state"": {""pyro1_state"": 0, ""pyro2_state"": 0}, ""connection_status"": {""connected"": true, ""has_ever_connected"": true, ""packet_age_ms"": 0, ""timeout_exceeded"": false, ""rssi"": -89}, ""communication_mode"": ""BEACON"", ""timestamp"": 188119, ""packets_received"": 861, ""kalman_data"": {""altitude"": -0.72, ""vertical_velocity"": -3.12}, ""kalman_altitude"": -0.72, ""kalman_vertical_velocity"": -3.12, ""pyroDrogue"": 0, ""pyroMain"": 0, ""pyro1_state"": 0, ""pyro2_state"": 0}"
1768315544.356476,2026-01-13T17:45:44.356476,3513,0,0,-0.38,0.1,0.88,-22.25,6.73,-9.24,-3.41,-3.23,0,0,0,303418,853.05,27.56,-1.06,0,0,0,0,-88,-1.06,-3.16,BEACON,"{""record_number"": 3513, ""operation_mode"": 0, ""state"": 0, ""battery_voltage"": 0, ""wifi_rssi"": -88, ""acc_data"": {""ax"": -0.38, ""ay"": 0.1, ""az"": 0.88, ""pitch"": -22.25, ""roll"": 6.73}, ""gyro_data"": {""gx"": -9.24, ""gy"": -3.41, ""gz"": -3.23}, ""gps_data"": {""latitude"": 0, ""longitude"": 0, ""gps_altitude"": 0, ""time"": 303418}, ""alt_data"": {""pressure"": 853.05, ""temperature"": 27.56, ""AGL"": -1.06, ""velocity"": 0, ""kalman_altitude"": -1.06, ""kalman_vertical_velocity"": -3.16}, ""chute_state"": {""pyro1_state"": 0, ""pyro2_state"": 0}, ""connection_status"": {""connected"": true, ""has_ever_connected"": true, ""packet_age_ms"": 0, ""timeout_exceeded"": false, ""rssi"": -88}, ""communication_mode"": ""BEACON"", ""timestamp"": 188232, ""packets_received"": 862, ""kalman_data"": {""altitude"": -1.06, ""vertical_velocity"": -3.16}, ""kalman_altitude"": -1.06, ""kalman_vertical_velocity"": -3.16, ""pyroDrogue"": 0, ""pyroMain"": 0, ""pyro1_state"": 0, ""pyro2_state"": 0}"
1768315544.512411,2026-01-13T17:45:44.512411,3514,0,0,-0.38,0.11,0.89,-22.43,7.11,-9.33,-2.35,-3.2,0,0,0,303418,853.08,27.55,-1.34,0,0,0,0,-88,-1.34,-3.2,BEACON,"{""record_number"": 3514, ""operation_mode"": 0, ""state"": 0, ""battery_voltage"": 0, ""wifi_rssi"": -88, ""acc_data"": {""ax"": -0.38, ""ay"": 0.11, ""az"": 0.89, ""pitch"": -22.43, ""roll"": 7.11}, ""gyro_data"": {""gx"": -9.33, ""gy"": -2.35, ""gz"": -3.2}, ""gps_data"": {""latitude"": 0, ""longitude"": 0, ""gps_altitude"": 0, ""time"": 303418}, ""alt_data"": {""pressure"": 853.08, ""temperature"": 27.55, ""AGL"": -1.34, ""velocity"": 0, ""kalman_altitude"": -1.34, ""kalman_vertical_velocity"": -3.2}, ""chute_state"": {""pyro1_state"": 0, ""pyro2_state"": 0}, ""connection_status"": {""connected"": true, ""has_ever_connected"": true, ""packet_age_ms"": 0, ""timeout_exceeded"": false, ""rssi"": -88}, ""communication_mode"": ""BEACON"", ""timestamp"": 188344, ""packets_received"": 863, ""kalman_data"": {""altitude"": -1.34, ""vertical_velocity"": -3.2}, ""kalman_altitude"": -1.34, ""kalman_vertical_velocity"": -3.2, ""pyroDrogue"": 0, ""pyroMain"": 0, ""pyro1_state"": 0, ""pyro2_state"": 0}"
1768315544.759094,2026-01-13T17:45:44.759094,3515,0,0,-0.39,0.11,0.88,-22.73,6.78,-9.54,-3.57,-3.72,0,0,0,303621,853.06,27.56,-1.2,0,0,0,0,-88,-1.2,-3.18,BEACON,"{""record_number"": 3515, ""operation_mode"": 0, ""state"": 0, ""battery_voltage"": 0, ""wifi_rssi"": -88, ""acc_data"": {""ax"": -0.39, ""ay"": 0.11, ""az"": 0.88, ""pitch"": -22.73, ""roll"": 6.78}, ""gyro_data"": {""gx"": -9.54, ""gy"": -3.57, ""gz"": -3.72}, ""gps_data"": {""latitude"": 0, ""longitude"": 0, ""gps_altitude"": 0, ""time"": 303621}, ""alt_data"": {""pressure"": 853.06, ""temperature"": 27.56, ""AGL"": -1.2, ""velocity"": 0, ""kalman_altitude"": -1.2, ""kalman_vertical_velocity"": -3.18}, ""chute_state"": {""pyro1_state"": 0, ""pyro2_state"": 0}, ""connection_status"": {""connected"": true, ""has_ever_connected"": true, ""packet_age_ms"": 0, ""timeout_exceeded"": false, ""rssi"": -88}, ""communication_mode"": ""BEACON"", ""timestamp"": 188456, ""packets_received"": 864, ""kalman_data"": {""altitude"": -1.2, ""vertical_velocity"": -3.18}, ""kalman_altitude"": -1.2, ""kalman_vertical_velocity"": -3.18, ""pyroDrogue"": 0, ""pyroMain"": 0, ""pyro1_state"": 0, ""pyro2_state"": 0}"
1768315544.889666,2026-01-13T17:45:44.889666,3517,0,0,-0.39,0.11,0.89,-22.52,6.83,-9.02,-3.32,-3.6,0,0,0,303621,853.02,27.56,-0.81,0,0,0,0,-89,-0.81,-3.14,BEACON,"{""record_number"": 3517, ""operation_mode"": 0, ""state"": 0, ""battery_voltage"": 0, ""wifi_rssi"": -89, ""acc_data"": {""ax"": -0.39, ""ay"": 0.11, ""az"": 0.89, ""pitch"": -22.52, ""roll"": 6.83}, ""gyro_data"": {""gx"": -9.02, ""gy"": -3.32, ""gz"": -3.6}, ""gps_data"": {""latitude"": 0, ""longitude"": 0, ""gps_altitude"": 0, ""time"": 303621}, ""alt_data"": {""pressure"": 853.02, ""temperature"": 27.56, ""AGL"": -0.81, ""velocity"": 0, ""kalman_altitude"": -0.81, ""kalman_vertical_velocity"": -3.14}, ""chute_state"": {""pyro1_state"": 0, ""pyro2_state"": 0}, ""connection_status"": {""connected"": true, ""has_ever_connected"": true, ""packet_age_ms"": 1, ""timeout_exceeded"": false, ""rssi"": -89}, ""communication_mode"": ""BEACON"", ""timestamp"": 188571, ""packets_received"": 865, ""kalman_data"": {""altitude"": -0.81, ""vertical_velocity"": -3.14}, ""kalman_altitude"": -0.81, ""kalman_vertical_velocity"": -3.14, ""pyroDrogue"": 0, ""pyroMain"": 0, ""pyro1_state"": 0, ""pyro2_state"": 0}"
1768315545.003149,2026-01-13T17:45:45.003149,3518,0,0,-0.38,0.1,0.88,-22.4,5.99,-8.99,-2.44,-3.48,0,0,0,303824,853.07,27.55,-1.23,0,0,0,0,-89,-1.23,-3.19,BEACON,"{""record_number"": 3518, ""operation_mode"": 0, ""state"": 0, ""battery_voltage"": 0, ""wifi_rssi"": -89, ""acc_data"": {""ax"": -0.38, ""ay"": 0.1, ""az"": 0.88, ""pitch"": -22.4, ""roll"": 5.99}, ""gyro_data"": {""gx"": -8.99, ""gy"": -2.44, ""gz"": -3.48}, ""gps_data"": {""latitude"": 0, ""longitude"": 0, ""gps_altitude"": 0, ""time"": 303824}, ""alt_data"": {""pressure"": 853.07, ""temperature"": 27.55, ""AGL"": -1.23, ""velocity"": 0, ""kalman_altitude"": -1.23, ""kalman_vertical_velocity"": -3.19}, ""chute_state"": {""pyro1_state"": 0, ""pyro2_state"": 0}, ""connection_status"": {""connected"": true, ""has_ever_connected"": true, ""packet_age_ms"": 0, ""timeout_exceeded"": false, ""rssi"": -89}, ""communication_mode"": ""BEACON"", ""timestamp"": 188681, ""packets_received"": 866, ""kalman_data"": {""altitude"": -1.23, ""vertical_velocity"": -3.19}, ""kalman_altitude"": -1.23, ""kalman_vertical_velocity"": -3.19, ""pyroDrogue"": 0, ""pyroMain"": 0, ""pyro1_state"": 0, ""pyro2_state"": 0}"
1768315545.077149,2026-01-13T17:45:45.077149,3519,0,0,-0.39,0.11,0.89,-22.28,6.97,-9.57,-2.96,-3.63,0,0,0,303824,853.06,27.56,-1.13,0,0,0,0,-88,-1.13,-3.18,BEACON,"{""record_number"": 3519, ""operation_mode"": 0, ""state"": 0, ""battery_voltage"": 0, ""wifi_rssi"": -88, ""acc_data"": {""ax"": -0.39, ""ay"": 0.11, ""az"": 0.89, ""pitch"": -22.28, ""roll"": 6.97}, ""gyro_data"": {""gx"": -9.57, ""gy"": -2.96, ""gz"": -3.63}, ""gps_data"": {""latitude"": 0, ""longitude"": 0, ""gps_altitude"": 0, ""time"": 303824}, ""alt_data"": {""pressure"": 853.06, ""temperature"": 27.56, ""AGL"": -1.13, ""velocity"": 0, ""kalman_altitude"": -1.13, ""kalman_vertical_velocity"": -3.18}, ""chute_state"": {""pyro1_state"": 0, ""pyro2_state"": 0}, ""connection_status"": {""connected"": true, ""has_ever_connected"": true, ""packet_age_ms"": 0, ""timeout_exceeded"": false, ""rssi"": -88}, ""communication_mode"": ""BEACON"", ""timestamp"": 188794, ""packets_received"": 867, ""kalman_data"": {""altitude"": -1.13, ""vertical_velocity"": -3.18}, ""kalman_altitude"": -1.13, ""kalman_vertical_velocity"": -3.18, ""pyroDrogue"": 0, ""pyroMain"": 0, ""pyro1_state"": 0, ""pyro2_state"": 0}"
1768315545.170147,2026-01-13T17:45:45.170147,3522,0,0,-0.38,0.1,0.88,-22.46,6.79,-9.36,-3.2,-2.62,0,0,0,304025,853.14,27.55,-1.95,0,0,0,0,-87,-1.95,-3.28,BEACON,"{""record_number"": 3522, ""operation_mode"": 0, ""state"": 0, ""battery_voltage"": 0, ""wifi_rssi"": -87, ""acc_data"": {""ax"": -0.38, ""ay"": 0.1, ""az"": 0.88, ""pitch"": -22.46, ""roll"": 6.79}, ""gyro_data"": {""gx"": -9.36, ""gy"": -3.2, ""gz"": -2.62}, ""gps_data"": {""latitude"": 0, ""longitude"": 0, ""gps_altitude"": 0, ""time"": 304025}, ""alt_data"": {""pressure"": 853.14, ""temperature"": 27.55, ""AGL"": -1.95, ""velocity"": 0, ""kalman_altitude"": -1.95, ""kalman_vertical_velocity"": -3.28}, ""chute_state"": {""pyro1_state"": 0, ""pyro2_state"": 0}, ""connection_status"": {""connected"": true, ""has_ever_connected"": true, ""packet_age_ms"": 0, ""timeout_exceeded"": false, ""rssi"": -87}, ""communication_mode"": ""BEACON"", ""timestamp"": 189019, ""packets_received"": 868, ""kalman_data"": {""altitude"": -1.95, ""vertical_velocity"": -3.28}, ""kalman_altitude"": -1.95, ""kalman_vertical_velocity"": -3.28, ""pyroDrogue"": 0, ""pyroMain"": 0, ""pyro1_state"": 0, ""pyro2_state"": 0}"
1768315545.273128,2026-01-13T17:45:45.273128,3523,0,0,-0.38,0.1,0.89,-22.34,6.73,-9.82,-4.27,-3.93,0,0,0,304225,853.1,27.54,-1.58,0,0,0,0,-88,-1.58,-3.24,BEACON,"{""record_number"": 3523, ""operation_mode"": 0, ""state"": 0, ""battery_voltage"": 0, ""wifi_rssi"": -88, ""acc_data"": {""ax"": -0.38, ""ay"": 0.1, ""az"": 0.89, ""pitch"": -22.34, ""roll"": 6.73}, ""gyro_data"": {""gx"": -9.82, ""gy"": -4.27, ""gz"": -3.93}, ""gps_data"": {""latitude"": 0, ""longitude"": 0, ""gps_altitude"": 0, ""time"": 304225}, ""alt_data"": {""pressure"": 853.1, ""temperature"": 27.54, ""AGL"": -1.58, ""velocity"": 0, ""kalman_altitude"": -1.58, ""kalman_vertical_velocity"": -3.24}, ""chute_state"": {""pyro1_state"": 0, ""pyro2_state"": 0}, ""connection_status"": {""connected"": true, ""has_ever_connected"": true, ""packet_age_ms"": 0, ""timeout_exceeded"": false, ""rssi"": -88}, ""communication_mode"": ""BEACON"", ""timestamp"": 189132, ""packets_received"": 869, ""kalman_data"": {""altitude"": -1.58, ""vertical_velocity"": -3.24}, ""kalman_altitude"": -1.58, ""kalman_vertical_velocity"": -3.24, ""pyroDrogue"": 0, ""pyroMain"": 0, ""pyro1_state"": 0, ""pyro2_state"": 0}"
1768315545.408111,2026-01-13T17:45:45.408111,3525,0,0,-0.38,0.11,0.88,-22.31,6.6,-9.45,-3.14,-3.81,0,0,0,304425,853.11,27.55,-1.62,0,0,0,0,-87,-1.62,-3.24,BEACON,"{""record_number"": 3525, ""operation_mode"": 0, ""state"": 0, ""battery_voltage"": 0, ""wifi_rssi"": -87, ""acc_data"": {""ax"": -0.38, ""ay"": 0.11, ""az"": 0.88, ""pitch"": -22.31, ""roll"": 6.6}, ""gyro_data"": {""gx"": -9.45, ""gy"": -3.14, ""gz"": -3.81}, ""gps_data"": {""latitude"": 0, ""longitude"": 0, ""gps_altitude"": 0, ""time"": 304425}, ""alt_data"": {""pressure"": 853.11, ""temperature"": 27.55, ""AGL"": -1.62, ""velocity"": 0, ""kalman_altitude"": -1.62, ""kalman_vertical_velocity"": -3.24}, ""chute_state"": {""pyro1_state"": 0, ""pyro2_state"": 0}, ""connection_status"": {""connected"": true, ""has_ever_connected"": true, ""packet_age_ms"": 1, ""timeout_exceeded"": false, ""rssi"": -87}, ""communication_mode"": ""BEACON"", ""timestamp"": 189247, ""packets_received"": 870, ""kalman_data"": {""altitude"": -1.62, ""vertical_velocity"": -3.24}, ""kalman_altitude"": -1.62, ""kalman_vertical_velocity"": -3.24, ""pyroDrogue"": 0, ""pyroMain"": 0, ""pyro1_state"": 0, ""pyro2_state"": 0}"
1768315545.510667,2026-01-13T17:45:45.510667,3526,0,0,-0.38,0.11,0.9,-22.58,6.83,-8.81,-3.29,-3.57,0,0,0,304425,853.04,27.54,-0.94,0,0,0,0,-87,-0.94,-3.16,BEACON,"{""record_number"": 3526, ""operation_mode"": 0, ""state"": 0, ""battery_voltage"": 0, ""wifi_rssi"": -87, ""acc_data"": {""ax"": -0.38, ""ay"": 0.11, ""az"": 0.9, ""pitch"": -22.58, ""roll"": 6.83}, ""gyro_data"": {""gx"": -8.81, ""gy"": -3.29, ""gz"": -3.57}, ""gps_data"": {""latitude"": 0, ""longitude"": 0, ""gps_altitude"": 0, ""time"": 304425}, ""alt_data"": {""pressure"": 853.04, ""temperature"": 27.54, ""AGL"": -0.94, ""velocity"": 0, ""kalman_altitude"": -0.94, ""kalman_vertical_velocity"": -3.16}, ""chute_state"": {""pyro1_state"": 0, ""pyro2_state"": 0}, ""connection_status"": {""connected"": true, ""has_ever_connected"": true, ""packet_age_ms"": 1, ""timeout_exceeded"": false, ""rssi"": -87}, ""communication_mode"": ""BEACON"", ""timestamp"": 189357, ""packets_received"": 871, ""kalman_data"": {""altitude"": -0.94, ""vertical_velocity"": -3.16}, ""kalman_altitude"": -0.94, ""kalman_vertical_velocity"": -3.16, ""pyroDrogue"": 0, ""pyroMain"": 0, ""pyro1_state"": 0, ""pyro2_state"": 0}"
1768315545.618646,2026-01-13T17:45:45.618646,3527,0,0,-0.38,0.11,0.88,-22.49,6.63,-9.36,-2.23,-4.21,0,0,0,304626,853.08,27.54,-1.37,0,0,0,0,-89,-1.37,-3.21,BEACON,"{""record_number"": 3527, ""operation_mode"": 0, ""state"": 0, ""battery_voltage"": 0, ""wifi_rssi"": -89, ""acc_data"": {""ax"": -0.38, ""ay"": 0.11, ""az"": 0.88, ""pitch"": -22.49, ""roll"": 6.63}, ""gyro_data"": {""gx"": -9.36, ""gy"": -2.23, ""gz"": -4.21}, ""gps_data"": {""latitude"": 0, ""longitude"": 0, ""gps_altitude"": 0, ""time"": 304626}, ""alt_data"": {""pressure"": 853.08, ""temperature"": 27.54, ""AGL"": -1.37, ""velocity"": 0, ""kalman_altitude"": -1.37, ""kalman_vertical_velocity"": -3.21}, ""chute_state"": {""pyro1_state"": 0, ""pyro2_state"": 0}, ""connection_status"": {""connected"": true, ""has_ever_connected"": true, ""packet_age_ms"": 0, ""timeout_exceeded"": false, ""rssi"": -89}, ""communication_mode"": ""BEACON"", ""timestamp"": 189470, ""packets_received"": 872, ""kalman_data"": {""altitude"": -1.37, ""vertical_velocity"": -3.21}, ""kalman_altitude"": -1.37, ""kalman_vertical_velocity"": -3.21, ""pyroDrogue"": 0, ""pyroMain"": 0, ""pyro1_state"": 0, ""pyro2_state"": 0}"
1768315545.721519,2026-01-13T17:45:45.721519,3529,0,0,-0.38,0.1,0.88,-22.4,6.78,-9.42,-3.57,-4.33,0,0,0,304626,853.07,27.54,-1.25,0,0,0,0,-89,-1.25,-3.2,BEACON,"{""record_number"": 3529, ""operation_mode"": 0, ""state"": 0, ""battery_voltage"": 0, ""wifi_rssi"": -89, ""acc_data"": {""ax"": -0.38, ""ay"": 0.1, ""az"": 0.88, ""pitch"": -22.4, ""roll"": 6.78}, ""gyro_data"": {""gx"": -9.42, ""gy"": -3.57, ""gz"": -4.33}, ""gps_data"": {""latitude"": 0, ""longitude"": 0, ""gps_altitude"": 0, ""time"": 304626}, ""alt_data"": {""pressure"": 853.07, ""temperature"": 27.54, ""AGL"": -1.25, ""velocity"": 0, ""kalman_altitude"": -1.25, ""kalman_vertical_velocity"": -3.2}, ""chute_state"": {""pyro1_state"": 0, ""pyro2_state"": 0}, ""connection_status"": {""connected"": true, ""has_ever_connected"": true, ""packet_age_ms"": 1, ""timeout_exceeded"": false, ""rssi"": -89}, ""communication_mode"": ""BEACON"", ""timestamp"": 189582, ""packets_received"": 873, ""kalman_data"": {""altitude"": -1.25, ""vertical_velocity"": -3.2}, ""kalman_altitude"": -1.25, ""kalman_vertical_velocity"": -3.2, ""pyroDrogue"": 0, ""pyroMain"": 0, ""pyro1_state"": 0, ""pyro2_state"": 0}"
1768315545.854252,2026-01-13T17:45:45.854252,3530,0,0,-0.38,0.11,0.88,-22.52,7.05,-9.7,-2.53,-3.51,0,0,0,304829,853.07,27.54,-1.22,0,0,0,0,-89,-1.22,-3.2,BEACON,"{""record_number"": 3530, ""operation_mode"": 0, ""state"": 0, ""battery_voltage"": 0, ""wifi_rssi"": -89, ""acc_data"": {""ax"": -0.38, ""ay"": 0.11, ""az"": 0.88, ""pitch"": -22.52, ""roll"": 7.05}, ""gyro_data"": {""gx"": -9.7, ""gy"": -2.53, ""gz"": -3.51}, ""gps_data"": {""latitude"": 0, ""longitude"": 0, ""gps_altitude"": 0, ""time"": 304829}, ""alt_data"": {""pressure"": 853.07, ""temperature"": 27.54, ""AGL"": -1.22, ""velocity"": 0, ""kalman_altitude"": -1.22, ""kalman_vertical_velocity"": -3.2}, ""chute_state"": {""pyro1_state"": 0, ""pyro2_state"": 0}, ""connection_status"": {""connected"": true, ""has_ever_connected"": true, ""packet_age_ms"": 0, ""timeout_exceeded"": false, ""rssi"": -89}, ""communication_mode"": ""BEACON"", ""timestamp"": 189695, ""packets_received"": 874, ""kalman_data"": {""altitude"": -1.22, ""vertical_velocity"": -3.2}, ""kalman_altitude"": -1.22, ""kalman_vertical_velocity"": -3.2, ""pyroDrogue"": 0, ""pyroMain"": 0, ""pyro1_state"": 0, ""pyro2_state"": 0}"
1768315545.953253,2026-01-13T17:45:45.953253,3531,0,0,-0.38,0.11,0.89,-22.49,6.98,-8.69,-3.23,-3.14,0,0,0,304829,853.1,27.56,-1.56,0,0,0,0,-87,-1.56,-3.24,BEACON,"{""record_number"": 3531, ""operation_mode"": 0, ""state"": 0, ""battery_voltage"": 0, ""wifi_rssi"": -87, ""acc_data"": {""ax"": -0.38, ""ay"": 0.11, ""az"": 0.89, ""pitch"": -22.49, ""roll"": 6.98}, ""gyro_data"": {""gx"": -8.69, ""gy"": -3.23, ""gz"": -3.14}, ""gps_data"": {""latitude"": 0, ""longitude"": 0, ""gps_altitude"": 0, ""time"": 304829}, ""alt_data"": {""pressure"": 853.1, ""temperature"": 27.56, ""AGL"": -1.56, ""velocity"": 0, ""kalman_altitude"": -1.56, ""kalman_vertical_velocity"": -3.24}, ""chute_state"": {""pyro1_state"": 0, ""pyro2_state"": 0}, ""connection_status"": {""connected"": true, ""has_ever_connected"": true, ""packet_age_ms"": 1, ""timeout_exceeded"": false, ""rssi"": -87}, ""communication_mode"": ""BEACON"", ""timestamp"": 189807, ""packets_received"": 875, ""kalman_data"": {""altitude"": -1.56, ""vertical_velocity"": -3.24}, ""kalman_altitude"": -1.56, ""kalman_vertical_velocity"": -3.24, ""pyroDrogue"": 0, ""pyroMain"": 0, ""pyro1_state"": 0, ""pyro2_state"": 0}"
1768315546.05777,2026-01-13T17:45:46.057770,3533,0,0,-0.38,0.11,0.88,-22.25,6.8,-8.57,-2.41,-3.69,0,0,0,305030,853.08,27.54,-1.37,0,0,0,0,-87,-1.37,-3.22,BEACON,"{""record_number"": 3533, ""operation_mode"": 0, ""state"": 0, ""battery_voltage"": 0, ""wifi_rssi"": -87, ""acc_data"": {""ax"": -0.38, ""ay"": 0.11, ""az"": 0.88, ""pitch"": -22.25, ""roll"": 6.8}, ""gyro_data"": {""gx"": -8.57, ""gy"": -2.41, ""gz"": -3.69}, ""gps_data"": {""latitude"": 0, ""longitude"": 0, ""gps_altitude"": 0, ""time"": 305030}, ""alt_data"": {""pressure"": 853.08, ""temperature"": 27.54, ""AGL"": -1.37, ""velocity"": 0, ""kalman_altitude"": -1.37, ""kalman_vertical_velocity"": -3.22}, ""chute_state"": {""pyro1_state"": 0, ""pyro2_state"": 0}, ""connection_status"": {""connected"": true, ""has_ever_connected"": true, ""packet_age_ms"": 0, ""timeout_exceeded"": false, ""rssi"": -87}, ""communication_mode"": ""BEACON"", ""timestamp"": 189919, ""packets_received"": 876, ""kalman_data"": {""altitude"": -1.37, ""vertical_velocity"": -3.22}, ""kalman_altitude"": -1.37, ""kalman_vertical_velocity"": -3.22, ""pyroDrogue"": 0, ""pyroMain"": 0, ""pyro1_state"": 0, ""pyro2_state"": 0}"
1768315546.170773,2026-01-13T17:45:46.170773,3534,0,0,-0.39,0.11,0.89,-22.7,6.95,-9.27,-2.53,-3.78,0,0,0,305030,853.09,27.54,-1.47,0,0,0,0,-89,-1.47,-3.23,BEACON,"{""record_number"": 3534, ""operation_mode"": 0, ""state"": 0, ""battery_voltage"": 0, ""wifi_rssi"": -89, ""acc_data"": {""ax"": -0.39, ""ay"": 0.11, ""az"": 0.89, ""pitch"": -22.7, ""roll"": 6.95}, ""gyro_data"": {""gx"": -9.27, ""gy"": -2.53, ""gz"": -3.78}, ""gps_data"": {""latitude"": 0, ""longitude"": 0, ""gps_altitude"": 0, ""time"": 305030}, ""alt_data"": {""pressure"": 853.09, ""temperature"": 27.54, ""AGL"": -1.47, ""velocity"": 0, ""kalman_altitude"": -1.47, ""kalman_vertical_velocity"": -3.23}, ""chute_state"": {""pyro1_state"": 0, ""pyro2_state"": 0}, ""connection_status"": {""connected"": true, ""has_ever_connected"": true, ""packet_age_ms"": 1, ""timeout_exceeded"": false, ""rssi"": -89}, ""communication_mode"": ""BEACON"", ""timestamp"": 190035, ""packets_received"": 877, ""kalman_data"": {""altitude"": -1.47, ""vertical_velocity"": -3.23}, ""kalman_altitude"": -1.47, ""kalman_vertical_velocity"": -3.23, ""pyroDrogue"": 0, ""pyroMain"": 0, ""pyro1_state"": 0, ""pyro2_state"": 0}"
1768315546.267768,2026-01-13T17:45:46.267768,3535,0,0,-0.38,0.1,0.89,-22.67,6.56,-9.73,-3.41,-3.66,0,0,0,305229,853.1,27.54,-1.55,0,0,0,0,-88,-1.55,-3.24,BEACON,"{""record_number"": 3535, ""operation_mode"": 0, ""state"": 0, ""battery_voltage"": 0, ""wifi_rssi"": -88, ""acc_data"": {""ax"": -0.38, ""ay"": 0.1, ""az"": 0.89, ""pitch"": -22.67, ""roll"": 6.56}, ""gyro_data"": {""gx"": -9.73, ""gy"": -3.41, ""gz"": -3.66}, ""gps_data"": {""latitude"": 0, ""longitude"": 0, ""gps_altitude"": 0, ""time"": 305229}, ""alt_data"": {""pressure"": 853.1, ""temperature"": 27.54, ""AGL"": -1.55, ""velocity"": 0, ""kalman_altitude"": -1.55, ""kalman_vertical_velocity"": -3.24}, ""chute_state"": {""pyro1_state"": 0, ""pyro2_state"": 0}, ""connection_status"": {""connected"": true, ""has_ever_connected"": true, ""packet_age_ms"": 0, ""timeout_exceeded"": false, ""rssi"": -88}, ""communication_mode"": ""BEACON"", ""timestamp"": 190145, ""packets_received"": 878, ""kalman_data"": {""altitude"": -1.55, ""vertical_velocity"": -3.24}, ""kalman_altitude"": -1.55, ""kalman_vertical_velocity"": -3.24, ""pyroDrogue"": 0, ""pyroMain"": 0, ""pyro1_state"": 0, ""pyro2_state"": 0}"
1768315546.410381,2026-01-13T17:45:46.410381,3535,0,0,-0.38,0.1,0.89,-22.67,6.56,-9.73,-3.41,-3.66,0,0,0,305430,853.12,27.55,-1.77,0,0,0,0,-89,-1.77,-3.27,BEACON,"{""record_number"": 3535, ""operation_mode"": 0, ""state"": 0, ""battery_voltage"": 0, ""wifi_rssi"": -89, ""acc_data"": {""ax"": -0.38, ""ay"": 0.1, ""az"": 0.89, ""pitch"": -22.67, ""roll"": 6.56}, ""gyro_data"": {""gx"": -9.73, ""gy"": -3.41, ""gz"": -3.66}, ""gps_data"": {""latitude"": 0, ""longitude"": 0, ""gps_altitude"": 0, ""time"": 305430}, ""alt_data"": {""pressure"": 853.12, ""temperature"": 27.55, ""AGL"": -1.77, ""velocity"": 0, ""kalman_altitude"": -1.77, ""kalman_vertical_velocity"": -3.27}, ""chute_state"": {""pyro1_state"": 0, ""pyro2_state"": 0}, ""connection_status"": {""connected"": true, ""has_ever_connected"": true, ""packet_age_ms"": 1, ""timeout_exceeded"": false, ""rssi"": -89}, ""communication_mode"": ""BEACON"", ""timestamp"": 190259, ""packets_received"": 879, ""kalman_data"": {""altitude"": -1.77, ""vertical_velocity"": -3.27}, ""kalman_altitude"": -1.77, ""kalman_vertical_velocity"": -3.27, ""pyroDrogue"": 0, ""pyroMain"": 0, ""pyro1_state"": 0, ""pyro2_state"": 0}"
1768315546.503383,2026-01-13T17:45:46.503383,3538,0,0,-0.38,0.11,0.88,-22.49,6.66,-8.96,-3.14,-3.48,0,0,0,305430,853.04,27.53,-0.96,0,0,0,0,-89,-0.96,-3.17,BEACON,"{""record_number"": 3538, ""operation_mode"": 0, ""state"": 0, ""battery_voltage"": 0, ""wifi_rssi"": -89, ""acc_data"": {""ax"": -0.38, ""ay"": 0.11, ""az"": 0.88, ""pitch"": -22.49, ""roll"": 6.66}, ""gyro_data"": {""gx"": -8.96, ""gy"": -3.14, ""gz"": -3.48}, ""gps_data"": {""latitude"": 0, ""longitude"": 0, ""gps_altitude"": 0, ""time"": 305430}, ""alt_data"": {""pressure"": 853.04, ""temperature"": 27.53, ""AGL"": -0.96, ""velocity"": 0, ""kalman_altitude"": -0.96, ""kalman_vertical_velocity"": -3.17}, ""chute_state"": {""pyro1_state"": 0, ""pyro2_state"": 0}, ""connection_status"": {""connected"": true, ""has_ever_connected"": true, ""packet_age_ms"": 0, ""timeout_exceeded"": false, ""rssi"": -89}, ""communication_mode"": ""BEACON"", ""timestamp"": 190370, ""packets_received"": 880, ""kalman_data"": {""altitude"": -0.96, ""vertical_velocity"": -3.17}, ""kalman_altitude"": -0.96, ""kalman_vertical_velocity"": -3.17, ""pyroDrogue"": 0, ""pyroMain"": 0, ""pyro1_state"": 0, ""pyro2_state"": 0}"
1768315546.770272,2026-01-13T17:45:46.770272,3541,0,0,-0.38,0.1,0.89,-22.28,6.84,-9.15,-2.96,-3.48,0,0,0,305632,853.09,27.54,-1.51,0,0,0,0,-88,-1.51,-3.24,BEACON,"{""record_number"": 3541, ""operation_mode"": 0, ""state"": 0, ""battery_voltage"": 0, ""wifi_rssi"": -88, ""acc_data"": {""ax"": -0.38, ""ay"": 0.1, ""az"": 0.89, ""pitch"": -22.28, ""roll"": 6.84}, ""gyro_data"": {""gx"": -9.15, ""gy"": -2.96, ""gz"": -3.48}, ""gps_data"": {""latitude"": 0, ""longitude"": 0, ""gps_altitude"": 0, ""time"": 305632}, ""alt_data"": {""pressure"": 853.09, ""temperature"": 27.54, ""AGL"": -1.51, ""velocity"": 0, ""kalman_altitude"": -1.51, ""kalman_vertical_velocity"": -3.24}, ""chute_state"": {""pyro1_state"": 0, ""pyro2_state"": 0}, ""connection_status"": {""connected"": true, ""has_ever_connected"": true, ""packet_age_ms"": 1, ""timeout_exceeded"": false, ""rssi"": -88}, ""communication_mode"": ""BEACON"", ""timestamp"": 190595, ""packets_received"": 881, ""kalman_data"": {""altitude"": -1.51, ""vertical_velocity"": -3.24}, ""kalman_altitude"": -1.51, ""kalman_vertical_velocity"": -3.24, ""pyroDrogue"": 0, ""pyroMain"": 0, ""pyro1_state"": 0, ""pyro2_state"": 0}"
1768315546.867585,2026-01-13T17:45:46.867585,3542,0,0,-0.38,0.11,0.89,-22.91,6.55,-9.02,-2.87,-3.69,0,0,0,305835,853.05,27.54,-1.12,0,0,0,0,-88,-1.12,-3.19,BEACON,"{""record_number"": 3542, ""operation_mode"": 0, ""state"": 0, ""battery_voltage"": 0, ""wifi_rssi"": -88, ""acc_data"": {""ax"": -0.38, ""ay"": 0.11, ""az"": 0.89, ""pitch"": -22.91, ""roll"": 6.55}, ""gyro_data"": {""gx"": -9.02, ""gy"": -2.87, ""gz"": -3.69}, ""gps_data"": {""latitude"": 0, ""longitude"": 0, ""gps_altitude"": 0, ""time"": 305835}, ""alt_data"": {""pressure"": 853.05, ""temperature"": 27.54, ""AGL"": -1.12, ""velocity"": 0, ""kalman_altitude"": -1.12, ""kalman_vertical_velocity"": -3.19}, ""chute_state"": {""pyro1_state"": 0, ""pyro2_state"": 0}, ""connection_status"": {""connected"": true, ""has_ever_connected"": true, ""packet_age_ms"": 0, ""timeout_exceeded"": false, ""rssi"": -88}, ""communication_mode"": ""BEACON"", ""timestamp"": 190708, ""packets_received"": 882, ""kalman_data"": {""altitude"": -1.12, ""vertical_velocity"": -3.19}, ""kalman_altitude"": -1.12, ""kalman_vertical_velocity"": -3.19, ""pyroDrogue"": 0, ""pyroMain"": 0, ""pyro1_state"": 0, ""pyro2_state"": 0}"
1768315546.986583,2026-01-13T17:45:46.986583,3543,0,0,-0.38,0.11,0.88,-22.09,6.95,-8.84,-3.38,-3.57,0,0,0,305835,853.07,27.54,-1.25,0,0,0,0,-89,-1.25,-3.21,BEACON,"{""record_number"": 3543, ""operation_mode"": 0, ""state"": 0, ""battery_voltage"": 0, ""wifi_rssi"": -89, ""acc_data"": {""ax"": -0.38, ""ay"": 0.11, ""az"": 0.88, ""pitch"": -22.09, ""roll"": 6.95}, ""gyro_data"": {""gx"": -8.84, ""gy"": -3.38, ""gz"": -3.57}, ""gps_data"": {""latitude"": 0, ""longitude"": 0, ""gps_altitude"": 0, ""time"": 305835}, ""alt_data"": {""pressure"": 853.07, ""temperature"": 27.54, ""AGL"": -1.25, ""velocity"": 0, ""kalman_altitude"": -1.25, ""kalman_vertical_velocity"": -3.21}, ""chute_state"": {""pyro1_state"": 0, ""pyro2_state"": 0}, ""connection_status"": {""connected"": true, ""has_ever_connected"": true, ""packet_age_ms"": 0, ""timeout_exceeded"": false, ""rssi"": -89}, ""communication_mode"": ""BEACON"", ""timestamp"": 190820, ""packets_received"": 883, ""kalman_data"": {""altitude"": -1.25, ""vertical_velocity"": -3.21}, ""kalman_altitude"": -1.25, ""kalman_vertical_velocity"": -3.21, ""pyroDrogue"": 0, ""pyroMain"": 0, ""pyro1_state"": 0, ""pyro2_state"": 0}"
1768315547.094261,2026-01-13T17:45:47.094261,3544,0,0,-0.38,0.1,0.88,-22.43,6.94,-8.96,-4.05,-3.57,0,0,0,306035,853.13,27.56,-1.81,0,0,0,0,-87,-1.81,-3.28,BEACON,"{""record_number"": 3544, ""operation_mode"": 0, ""state"": 0, ""battery_voltage"": 0, ""wifi_rssi"": -87, ""acc_data"": {""ax"": -0.38, ""ay"": 0.1, ""az"": 0.88, ""pitch"": -22.43, ""roll"": 6.94}, ""gyro_data"": {""gx"": -8.96, ""gy"": -4.05, ""gz"": -3.57}, ""gps_data"": {""latitude"": 0, ""longitude"": 0, ""gps_altitude"": 0, ""time"": 306035}, ""alt_data"": {""pressure"": 853.13, ""temperature"": 27.56, ""AGL"": -1.81, ""velocity"": 0, ""kalman_altitude"": -1.81, ""kalman_vertical_velocity"": -3.28}, ""chute_state"": {""pyro1_state"": 0, ""pyro2_state"": 0}, ""connection_status"": {""connected"": true, ""has_ever_connected"": true, ""packet_age_ms"": 0, ""timeout_exceeded"": false, ""rssi"": -87}, ""communication_mode"": ""BEACON"", ""timestamp"": 190933, ""packets_received"": 884, ""kalman_data"": {""altitude"": -1.81, ""vertical_velocity"": -3.28}, ""kalman_altitude"": -1.81, ""kalman_vertical_velocity"": -3.28, ""pyroDrogue"": 0, ""pyroMain"": 0, ""pyro1_state"": 0, ""pyro2_state"": 0}"
1768315547.187259,2026-01-13T17:45:47.187259,3546,0,0,-0.38,0.11,0.89,-22.58,6.43,-8.81,-2.9,-3.87,0,0,0,306235,853.11,27.55,-1.66,0,0,0,0,-87,-1.66,-3.27,BEACON,"{""record_number"": 3546, ""operation_mode"": 0, ""state"": 0, ""battery_voltage"": 0, ""wifi_rssi"": -87, ""acc_data"": {""ax"": -0.38, ""ay"": 0.11, ""az"": 0.89, ""pitch"": -22.58, ""roll"": 6.43}, ""gyro_data"": {""gx"": -8.81, ""gy"": -2.9, ""gz"": -3.87}, ""gps_data"": {""latitude"": 0, ""longitude"": 0, ""gps_altitude"": 0, ""time"": 306235}, ""alt_data"": {""pressure"": 853.11, ""temperature"": 27.55, ""AGL"": -1.66, ""velocity"": 0, ""kalman_altitude"": -1.66, ""kalman_vertical_velocity"": -3.27}, ""chute_state"": {""pyro1_state"": 0, ""pyro2_state"": 0}, ""connection_status"": {""connected"": true, ""has_ever_connected"": true, ""packet_age_ms"": 0, ""timeout_exceeded"": false, ""rssi"": -87}, ""communication_mode"": ""BEACON"", ""timestamp"": 191046, ""packets_received"": 885, ""kalman_data"": {""altitude"": -1.66, ""vertical_velocity"": -3.27}, ""kalman_altitude"": -1.66, ""kalman_vertical_velocity"": -3.27, ""pyroDrogue"": 0, ""pyroMain"": 0, ""pyro1_state"": 0, ""pyro2_state"": 0}"
1768315547.287261,2026-01-13T17:45:47.287261,3547,0,0,-0.38,0.1,0.88,-22.46,7,-8.69,-2.96,-3.99,0,0,0,306235,853.12,27.56,-1.77,0,0,0,0,-88,-1.77,-3.28,BEACON,"{""record_number"": 3547, ""operation_mode"": 0, ""state"": 0, ""battery_voltage"": 0, ""wifi_rssi"": -88, ""acc_data"": {""ax"": -0.38, ""ay"": 0.1, ""az"": 0.88, ""pitch"": -22.46, ""roll"": 7}, ""gyro_data"": {""gx"": -8.69, ""gy"": -2.96, ""gz"": -3.99}, ""gps_data"": {""latitude"": 0, ""longitude"": 0, ""gps_altitude"": 0, ""time"": 306235}, ""alt_data"": {""pressure"": 853.12, ""temperature"": 27.56, ""AGL"": -1.77, ""velocity"": 0, ""kalman_altitude"": -1.77, ""kalman_vertical_velocity"": -3.28}, ""chute_state"": {""pyro1_state"": 0, ""pyro2_state"": 0}, ""connection_status"": {""connected"": true, ""has_ever_connected"": true, ""packet_age_ms"": 0, ""timeout_exceeded"": false, ""rssi"": -88}, ""communication_mode"": ""BEACON"", ""timestamp"": 191159, ""packets_received"": 886, ""kalman_data"": {""altitude"": -1.77, ""vertical_velocity"": -3.28}, ""kalman_altitude"": -1.77, ""kalman_vertical_velocity"": -3.28, ""pyroDrogue"": 0, ""pyroMain"": 0, ""pyro1_state"": 0, ""pyro2_state"": 0}"
1768315547.435066,2026-01-13T17:45:47.435066,3548,0,0,-0.38,0.11,0.9,-22.82,6.59,-9.18,-2.65,-4.21,0,0,0,306434,853.1,27.56,-1.6,0,0,0,0,-89,-1.6,-3.26,BEACON,"{""record_number"": 3548, ""operation_mode"": 0, ""state"": 0, ""battery_voltage"": 0, ""wifi_rssi"": -89, ""acc_data"": {""ax"": -0.38, ""ay"": 0.11, ""az"": 0.9, ""pitch"": -22.82, ""roll"": 6.59}, ""gyro_data"": {""gx"": -9.18, ""gy"": -2.65, ""gz"": -4.21}, ""gps_data"": {""latitude"": 0, ""longitude"": 0, ""gps_altitude"": 0, ""time"": 306434}, ""alt_data"": {""pressure"": 853.1, ""temperature"": 27.56, ""AGL"": -1.6, ""velocity"": 0, ""kalman_altitude"": -1.6, ""kalman_vertical_velocity"": -3.26}, ""chute_state"": {""pyro1_state"": 0, ""pyro2_state"": 0}, ""connection_status"": {""connected"": true, ""has_ever_connected"": true, ""packet_age_ms"": 0, ""timeout_exceeded"": false, ""rssi"": -89}, ""communication_mode"": ""BEACON"", ""timestamp"": 191271, ""packets_received"": 887, ""kalman_data"": {""altitude"": -1.6, ""vertical_velocity"": -3.26}, ""kalman_altitude"": -1.6, ""kalman_vertical_velocity"": -3.26, ""pyroDrogue"": 0, ""pyroMain"": 0, ""pyro1_state"": 0, ""pyro2_state"": 0}"
1768315547.507066,2026-01-13T17:45:47.507066,3550,0,0,-0.38,0.11,0.88,-22.73,6.94,-8.9,-3.38,-3.96,0,0,0,306434,853.09,27.56,-1.42,0,0,0,0,-89,-1.42,-3.24,BEACON,"{""record_number"": 3550, ""operation_mode"": 0, ""state"": 0, ""battery_voltage"": 0, ""wifi_rssi"": -89, ""acc_data"": {""ax"": -0.38, ""ay"": 0.11, ""az"": 0.88, ""pitch"": -22.73, ""roll"": 6.94}, ""gyro_data"": {""gx"": -8.9, ""gy"": -3.38, ""gz"": -3.96}, ""gps_data"": {""latitude"": 0, ""longitude"": 0, ""gps_altitude"": 0, ""time"": 306434}, ""alt_data"": {""pressure"": 853.09, ""temperature"": 27.56, ""AGL"": -1.42, ""velocity"": 0, ""kalman_altitude"": -1.42, ""kalman_vertical_velocity"": -3.24}, ""chute_state"": {""pyro1_state"": 0, ""pyro2_state"": 0}, ""connection_status"": {""connected"": true, ""has_ever_connected"": true, ""packet_age_ms"": 0, ""timeout_exceeded"": false, ""rssi"": -89}, ""communication_mode"": ""BEACON"", ""timestamp"": 191384, ""packets_received"": 888, ""kalman_data"": {""altitude"": -1.42, ""vertical_velocity"": -3.24}, ""kalman_altitude"": -1.42, ""kalman_vertical_velocity"": -3.24, ""pyroDrogue"": 0, ""pyroMain"": 0, ""pyro1_state"": 0, ""pyro2_state"": 0}"
1768315547.655776,2026-01-13T17:45:47.655776,3551,0,0,-0.38,0.1,0.89,-22.55,6.83,-9.91,-2.13,-3.84,0,0,0,306637,853.11,27.55,-1.7,0,0,0,0,-88,-1.69,-3.27,BEACON,"{""record_number"": 3551, ""operation_mode"": 0, ""state"": 0, ""battery_voltage"": 0, ""wifi_rssi"": -88, ""acc_data"": {""ax"": -0.38, ""ay"": 0.1, ""az"": 0.89, ""pitch"": -22.55, ""roll"": 6.83}, ""gyro_data"": {""gx"": -9.91, ""gy"": -2.13, ""gz"": -3.84}, ""gps_data"": {""latitude"": 0, ""longitude"": 0, ""gps_altitude"": 0, ""time"": 306637}, ""alt_data"": {""pressure"": 853.11, ""temperature"": 27.55, ""AGL"": -1.7, ""velocity"": 0, ""kalman_altitude"": -1.69, ""kalman_vertical_velocity"": -3.27}, ""chute_state"": {""pyro1_state"": 0, ""pyro2_state"": 0}, ""connection_status"": {""connected"": true, ""has_ever_connected"": true, ""packet_age_ms"": 1, ""timeout_exceeded"": false, ""rssi"": -88}, ""communication_mode"": ""BEACON"", ""timestamp"": 191500, ""packets_received"": 889, ""kalman_data"": {""altitude"": -1.69, ""vertical_velocity"": -3.27}, ""kalman_altitude"": -1.69, ""kalman_vertical_velocity"": -3.27, ""pyroDrogue"": 0, ""pyroMain"": 0, ""pyro1_state"": 0, ""pyro2_state"": 0}"
1768315547.750776,2026-01-13T17:45:47.750776,3552,0,0,-0.38,0.1,0.89,-22.34,6.49,-9.42,-2.23,-3.81,0,0,0,306637,853.1,27.54,-1.55,0,0,0,0,-86,-1.55,-3.26,BEACON,"{""record_number"": 3552, ""operation_mode"": 0, ""state"": 0, ""battery_voltage"": 0, ""wifi_rssi"": -86, ""acc_data"": {""ax"": -0.38, ""ay"": 0.1, ""az"": 0.89, ""pitch"": -22.34, ""roll"": 6.49}, ""gyro_data"": {""gx"": -9.42, ""gy"": -2.23, ""gz"": -3.81}, ""gps_data"": {""latitude"": 0, ""longitude"": 0, ""gps_altitude"": 0, ""time"": 306637}, ""alt_data"": {""pressure"": 853.1, ""temperature"": 27.54, ""AGL"": -1.55, ""velocity"": 0, ""kalman_altitude"": -1.55, ""kalman_vertical_velocity"": -3.26}, ""chute_state"": {""pyro1_state"": 0, ""pyro2_state"": 0}, ""connection_status"": {""connected"": true, ""has_ever_connected"": true, ""packet_age_ms"": 1, ""timeout_exceeded"": false, ""rssi"": -86}, ""communication_mode"": ""BEACON"", ""timestamp"": 191611, ""packets_received"": 890, ""kalman_data"": {""altitude"": -1.55, ""vertical_velocity"": -3.26}, ""kalman_altitude"": -1.55, ""kalman_vertical_velocity"": -3.26, ""pyroDrogue"": 0, ""pyroMain"": 0, ""pyro1_state"": 0, ""pyro2_state"": 0}"
1768315547.855777,2026-01-13T17:45:47.855777,3554,0,0,-0.39,0.11,0.89,-22.64,6.85,-8.75,-3.17,-4.05,0,0,0,306840,853.15,27.56,-2.03,0,0,0,0,-91,-2.03,-3.32,BEACON,"{""record_number"": 3554, ""operation_mode"": 0, ""state"": 0, ""battery_voltage"": 0, ""wifi_rssi"": -91, ""acc_data"": {""ax"": -0.39, ""ay"": 0.11, ""az"": 0.89, ""pitch"": -22.64, ""roll"": 6.85}, ""gyro_data"": {""gx"": -8.75, ""gy"": -3.17, ""gz"": -4.05}, ""gps_data"": {""latitude"": 0, ""longitude"": 0, ""gps_altitude"": 0, ""time"": 306840}, ""alt_data"": {""pressure"": 853.15, ""temperature"": 27.56, ""AGL"": -2.03, ""velocity"": 0, ""kalman_altitude"": -2.03, ""kalman_vertical_velocity"": -3.32}, ""chute_state"": {""pyro1_state"": 0, ""pyro2_state"": 0}, ""connection_status"": {""connected"": true, ""has_ever_connected"": true, ""packet_age_ms"": 1, ""timeout_exceeded"": false, ""rssi"": -91}, ""communication_mode"": ""BEACON"", ""timestamp"": 191722, ""packets_received"": 891, ""kalman_data"": {""altitude"": -2.03, ""vertical_velocity"": -3.32}, ""kalman_altitude"": -2.03, ""kalman_vertical_velocity"": -3.32, ""pyroDrogue"": 0, ""pyroMain"": 0, ""pyro1_state"": 0, ""pyro2_state"": 0}"
1768315548.100516,2026-01-13T17:45:48.100516,3557,0,0,-0.38,0.11,0.89,-22.91,7.14,-9.09,-2.47,-4.3,0,0,0,307039,853.09,27.56,-1.45,0,0,0,0,-90,-1.45,-3.25,BEACON,"{""record_number"": 3557, ""operation_mode"": 0, ""state"": 0, ""battery_voltage"": 0, ""wifi_rssi"": -90, ""acc_data"": {""ax"": -0.38, ""ay"": 0.11, ""az"": 0.89, ""pitch"": -22.91, ""roll"": 7.14}, ""gyro_data"": {""gx"": -9.09, ""gy"": -2.47, ""gz"": -4.3}, ""gps_data"": {""latitude"": 0, ""longitude"": 0, ""gps_altitude"": 0, ""time"": 307039}, ""alt_data"": {""pressure"": 853.09, ""temperature"": 27.56, ""AGL"": -1.45, ""velocity"": 0, ""kalman_altitude"": -1.45, ""kalman_vertical_velocity"": -3.25}, ""chute_state"": {""pyro1_state"": 0, ""pyro2_state"": 0}, ""connection_status"": {""connected"": true, ""has_ever_connected"": true, ""packet_age_ms"": 0, ""timeout_exceeded"": false, ""rssi"": -90}, ""communication_mode"": ""BEACON"", ""timestamp"": 191947, ""packets_received"": 892, ""kalman_data"": {""altitude"": -1.45, ""vertical_velocity"": -3.25}, ""kalman_altitude"": -1.45, ""kalman_vertical_velocity"": -3.25, ""pyroDrogue"": 0, ""pyroMain"": 0, ""pyro1_state"": 0, ""pyro2_state"": 0}"
1768315548.20596,2026-01-13T17:45:48.205960,3558,0,0,-0.38,0.11,0.88,-22.28,6.26,-8.99,-3.02,-3.66,0,0,0,307240,853.12,27.56,-1.75,0,0,0,0,-88,-1.74,-3.29,BEACON,"{""record_number"": 3558, ""operation_mode"": 0, ""state"": 0, ""battery_voltage"": 0, ""wifi_rssi"": -88, ""acc_data"": {""ax"": -0.38, ""ay"": 0.11, ""az"": 0.88, ""pitch"": -22.28, ""roll"": 6.26}, ""gyro_data"": {""gx"": -8.99, ""gy"": -3.02, ""gz"": -3.66}, ""gps_data"": {""latitude"": 0, ""longitude"": 0, ""gps_altitude"": 0, ""time"": 307240}, ""alt_data"": {""pressure"": 853.12, ""temperature"": 27.56, ""AGL"": -1.75, ""velocity"": 0, ""kalman_altitude"": -1.74, ""kalman_vertical_velocity"": -3.29}, ""chute_state"": {""pyro1_state"": 0, ""pyro2_state"": 0}, ""connection_status"": {""connected"": true, ""has_ever_connected"": true, ""packet_age_ms"": 1, ""timeout_exceeded"": false, ""rssi"": -88}, ""communication_mode"": ""BEACON"", ""timestamp"": 192059, ""packets_received"": 893, ""kalman_data"": {""altitude"": -1.74, ""vertical_velocity"": -3.29}, ""kalman_altitude"": -1.74, ""kalman_vertical_velocity"": -3.29, ""pyroDrogue"": 0, ""pyroMain"": 0, ""pyro1_state"": 0, ""pyro2_state"": 0}"
1768315548.38696,2026-01-13T17:45:48.386960,3559,0,0,-0.38,0.1,0.89,-22.7,6.9,-8.99,-3.81,-3.69,0,0,0,307240,853.09,27.55,-1.45,0,0,0,0,-88,-1.45,-3.25,BEACON,"{""record_number"": 3559, ""operation_mode"": 0, ""state"": 0, ""battery_voltage"": 0, ""wifi_rssi"": -88, ""acc_data"": {""ax"": -0.38, ""ay"": 0.1, ""az"": 0.89, ""pitch"": -22.7, ""roll"": 6.9}, ""gyro_data"": {""gx"": -8.99, ""gy"": -3.81, ""gz"": -3.69}, ""gps_data"": {""latitude"": 0, ""longitude"": 0, ""gps_altitude"": 0, ""time"": 307240}, ""alt_data"": {""pressure"": 853.09, ""temperature"": 27.55, ""AGL"": -1.45, ""velocity"": 0, ""kalman_altitude"": -1.45, ""kalman_vertical_velocity"": -3.25}, ""chute_state"": {""pyro1_state"": 0, ""pyro2_state"": 0}, ""connection_status"": {""connected"": true, ""has_ever_connected"": true, ""packet_age_ms"": 1, ""timeout_exceeded"": false, ""rssi"": -88}, ""communication_mode"": ""BEACON"", ""timestamp"": 192172, ""packets_received"": 894, ""kalman_data"": {""altitude"": -1.45, ""vertical_velocity"": -3.25}, ""kalman_altitude"": -1.45, ""kalman_vertical_velocity"": -3.25, ""pyroDrogue"": 0, ""pyroMain"": 0, ""pyro1_state"": 0, ""pyro2_state"": 0}"
1768315548.4392,2026-01-13T17:45:48.439200,3560,0,0,-0.38,0.11,0.88,-22.49,6.72,-8.66,-2.56,-4.39,0,0,0,307440,853.04,27.55,-0.98,0,0,0,0,-88,-0.98,-3.19,BEACON,"{""record_number"": 3560, ""operation_mode"": 0, ""state"": 0, ""battery_voltage"": 0, ""wifi_rssi"": -88, ""acc_data"": {""ax"": -0.38, ""ay"": 0.11, ""az"": 0.88, ""pitch"": -22.49, ""roll"": 6.72}, ""gyro_data"": {""gx"": -8.66, ""gy"": -2.56, ""gz"": -4.39}, ""gps_data"": {""latitude"": 0, ""longitude"": 0, ""gps_altitude"": 0, ""time"": 307440}, ""alt_data"": {""pressure"": 853.04, ""temperature"": 27.55, ""AGL"": -0.98, ""velocity"": 0, ""kalman_altitude"": -0.98, ""kalman_vertical_velocity"": -3.19}, ""chute_state"": {""pyro1_state"": 0, ""pyro2_state"": 0}, ""connection_status"": {""connected"": true, ""has_ever_connected"": true, ""packet_age_ms"": 1, ""timeout_exceeded"": false, ""rssi"": -88}, ""communication_mode"": ""BEACON"", ""timestamp"": 192284, ""packets_received"": 895, ""kalman_data"": {""altitude"": -0.98, ""vertical_velocity"": -3.19}, ""kalman_altitude"": -0.98, ""kalman_vertical_velocity"": -3.19, ""pyroDrogue"": 0, ""pyroMain"": 0, ""pyro1_state"": 0, ""pyro2_state"": 0}"
1768315548.537199,2026-01-13T17:45:48.537199,3562,0,0,-0.38,0.1,0.89,-22.43,6.78,-8.78,-4.27,-3.72,0,0,0,307440,853.06,27.54,-1.19,0,0,0,0,-87,-1.19,-3.22,BEACON,"{""record_number"": 3562, ""operation_mode"": 0, ""state"": 0, ""battery_voltage"": 0, ""wifi_rssi"": -87, ""acc_data"": {""ax"": -0.38, ""ay"": 0.1, ""az"": 0.89, ""pitch"": -22.43, ""roll"": 6.78}, ""gyro_data"": {""gx"": -8.78, ""gy"": -4.27, ""gz"": -3.72}, ""gps_data"": {""latitude"": 0, ""longitude"": 0, ""gps_altitude"": 0, ""time"": 307440}, ""alt_data"": {""pressure"": 853.06, ""temperature"": 27.54, ""AGL"": -1.19, ""velocity"": 0, ""kalman_altitude"": -1.19, ""kalman_vertical_velocity"": -3.22}, ""chute_state"": {""pyro1_state"": 0, ""pyro2_state"": 0}, ""connection_status"": {""connected"": true, ""has_ever_connected"": true, ""packet_age_ms"": 0, ""timeout_exceeded"": false, ""rssi"": -87}, ""communication_mode"": ""BEACON"", ""timestamp"": 192398, ""packets_received"": 896, ""kalman_data"": {""altitude"": -1.19, ""vertical_velocity"": -3.22}, ""kalman_altitude"": -1.19, ""kalman_vertical_velocity"": -3.22, ""pyroDrogue"": 0, ""pyroMain"": 0, ""pyro1_state"": 0, ""pyro2_state"": 0}"
1768315548.635222,2026-01-13T17:45:48.635222,3563,0,0,-0.38,0.1,0.89,-22.43,6.8,-9.24,-2.62,-3.9,0,0,0,307642,853.1,27.56,-1.6,0,0,0,0,-89,-1.59,-3.27,BEACON,"{""record_number"": 3563, ""operation_mode"": 0, ""state"": 0, ""battery_voltage"": 0, ""wifi_rssi"": -89, ""acc_data"": {""ax"": -0.38, ""ay"": 0.1, ""az"": 0.89, ""pitch"": -22.43, ""roll"": 6.8}, ""gyro_data"": {""gx"": -9.24, ""gy"": -2.62, ""gz"": -3.9}, ""gps_data"": {""latitude"": 0, ""longitude"": 0, ""gps_altitude"": 0, ""time"": 307642}, ""alt_data"": {""pressure"": 853.1, ""temperature"": 27.56, ""AGL"": -1.6, ""velocity"": 0, ""kalman_altitude"": -1.59, ""kalman_vertical_velocity"": -3.27}, ""chute_state"": {""pyro1_state"": 0, ""pyro2_state"": 0}, ""connection_status"": {""connected"": true, ""has_ever_connected"": true, ""packet_age_ms"": 0, ""timeout_exceeded"": false, ""rssi"": -89}, ""communication_mode"": ""BEACON"", ""timestamp"": 192507, ""packets_received"": 897, ""kalman_data"": {""altitude"": -1.59, ""vertical_velocity"": -3.27}, ""kalman_altitude"": -1.59, ""kalman_vertical_velocity"": -3.27, ""pyroDrogue"": 0, ""pyroMain"": 0, ""pyro1_state"": 0, ""pyro2_state"": 0}"
1768315548.742546,2026-01-13T17:45:48.742546,3564,0,0,-0.38,0.11,0.88,-22.31,6.65,-8.9,-4.05,-4.57,0,0,0,307642,853.08,27.56,-1.38,0,0,0,0,-89,-1.38,-3.25,BEACON,"{""record_number"": 3564, ""operation_mode"": 0, ""state"": 0, ""battery_voltage"": 0, ""wifi_rssi"": -89, ""acc_data"": {""ax"": -0.38, ""ay"": 0.11, ""az"": 0.88, ""pitch"": -22.31, ""roll"": 6.65}, ""gyro_data"": {""gx"": -8.9, ""gy"": -4.05, ""gz"": -4.57}, ""gps_data"": {""latitude"": 0, ""longitude"": 0, ""gps_altitude"": 0, ""time"": 307642}, ""alt_data"": {""pressure"": 853.08, ""temperature"": 27.56, ""AGL"": -1.38, ""velocity"": 0, ""kalman_altitude"": -1.38, ""kalman_vertical_velocity"": -3.25}, ""chute_state"": {""pyro1_state"": 0, ""pyro2_state"": 0}, ""connection_status"": {""connected"": true, ""has_ever_connected"": true, ""packet_age_ms"": 1, ""timeout_exceeded"": false, ""rssi"": -89}, ""communication_mode"": ""BEACON"", ""timestamp"": 192621, ""packets_received"": 898, ""kalman_data"": {""altitude"": -1.38, ""vertical_velocity"": -3.25}, ""kalman_altitude"": -1.38, ""kalman_vertical_velocity"": -3.25, ""pyroDrogue"": 0, ""pyroMain"": 0, ""pyro1_state"": 0, ""pyro2_state"": 0}"
1768315548.878546,2026-01-13T17:45:48.878546,3566,0,0,-0.38,0.1,0.89,-22.03,6.42,-9.48,-2.9,-3.32,0,0,0,307846,853.06,27.55,-1.16,0,0,0,0,-87,-1.16,-3.22,BEACON,"{""record_number"": 3566, ""operation_mode"": 0, ""state"": 0, ""battery_voltage"": 0, ""wifi_rssi"": -87, ""acc_data"": {""ax"": -0.38, ""ay"": 0.1, ""az"": 0.89, ""pitch"": -22.03, ""roll"": 6.42}, ""gyro_data"": {""gx"": -9.48, ""gy"": -2.9, ""gz"": -3.32}, ""gps_data"": {""latitude"": 0, ""longitude"": 0, ""gps_altitude"": 0, ""time"": 307846}, ""alt_data"": {""pressure"": 853.06, ""temperature"": 27.55, ""AGL"": -1.16, ""velocity"": 0, ""kalman_altitude"": -1.16, ""kalman_vertical_velocity"": -3.22}, ""chute_state"": {""pyro1_state"": 0, ""pyro2_state"": 0}, ""connection_status"": {""connected"": true, ""has_ever_connected"": true, ""packet_age_ms"": 0, ""timeout_exceeded"": false, ""rssi"": -87}, ""communication_mode"": ""BEACON"", ""timestamp"": 192739, ""packets_received"": 899, ""kalman_data"": {""altitude"": -1.16, ""vertical_velocity"": -3.22}, ""kalman_altitude"": -1.16, ""kalman_vertical_velocity"": -3.22, ""pyroDrogue"": 0, ""pyroMain"": 0, ""pyro1_state"": 0, ""pyro2_state"": 0}"
1768315548.975894,2026-01-13T17:45:48.975894,3567,0,0,-0.39,0.11,0.89,-22.46,6.78,-9.54,-3.54,-3.29,0,0,0,307846,853.09,27.56,-1.49,0,0,0,0,-88,-1.49,-3.26,BEACON,"{""record_number"": 3567, ""operation_mode"": 0, ""state"": 0, ""battery_voltage"": 0, ""wifi_rssi"": -88, ""acc_data"": {""ax"": -0.39, ""ay"": 0.11, ""az"": 0.89, ""pitch"": -22.46, ""roll"": 6.78}, ""gyro_data"": {""gx"": -9.54, ""gy"": -3.54, ""gz"": -3.29}, ""gps_data"": {""latitude"": 0, ""longitude"": 0, ""gps_altitude"": 0, ""time"": 307846}, ""alt_data"": {""pressure"": 853.09, ""temperature"": 27.56, ""AGL"": -1.49, ""velocity"": 0, ""kalman_altitude"": -1.49, ""kalman_vertical_velocity"": -3.26}, ""chute_state"": {""pyro1_state"": 0, ""pyro2_state"": 0}, ""connection_status"": {""connected"": true, ""has_ever_connected"": true, ""packet_age_ms"": 0, ""timeout_exceeded"": false, ""rssi"": -88}, ""communication_mode"": ""BEACON"", ""timestamp"": 192846, ""packets_received"": 900, ""kalman_data"": {""altitude"": -1.49, ""vertical_velocity"": -3.26}, ""kalman_altitude"": -1.49, ""kalman_vertical_velocity"": -3.26, ""pyroDrogue"": 0, ""pyroMain"": 0, ""pyro1_state"": 0, ""pyro2_state"": 0}"
1768315549.116418,2026-01-13T17:45:49.116418,3568,0,0,-0.38,0.1,0.89,-22.52,6.75,-9.42,-2.8,-3.23,0,0,0,308046,853.06,27.55,-1.19,0,0,0,0,-88,-1.2,-3.23,BEACON,"{""record_number"": 3568, ""operation_mode"": 0, ""state"": 0, ""battery_voltage"": 0, ""wifi_rssi"": -88, ""acc_data"": {""ax"": -0.38, ""ay"": 0.1, ""az"": 0.89, ""pitch"": -22.52, ""roll"": 6.75}, ""gyro_data"": {""gx"": -9.42, ""gy"": -2.8, ""gz"": -3.23}, ""gps_data"": {""latitude"": 0, ""longitude"": 0, ""gps_altitude"": 0, ""time"": 308046}, ""alt_data"": {""pressure"": 853.06, ""temperature"": 27.55, ""AGL"": -1.19, ""velocity"": 0, ""kalman_altitude"": -1.2, ""kalman_vertical_velocity"": -3.23}, ""chute_state"": {""pyro1_state"": 0, ""pyro2_state"": 0}, ""connection_status"": {""connected"": true, ""has_ever_connected"": true, ""packet_age_ms"": 1, ""timeout_exceeded"": false, ""rssi"": -88}, ""communication_mode"": ""BEACON"", ""timestamp"": 192961, ""packets_received"": 901, ""kalman_data"": {""altitude"": -1.2, ""vertical_velocity"": -3.23}, ""kalman_altitude"": -1.2, ""kalman_vertical_velocity"": -3.23, ""pyroDrogue"": 0, ""pyroMain"": 0, ""pyro1_state"": 0, ""pyro2_state"": 0}"
1768315549.207419,2026-01-13T17:45:49.207419,3570,0,0,-0.39,0.11,0.89,-22.15,7.03,-9.42,-3.66,-3.54,0,0,0,308246,853.09,27.56,-1.45,0,0,0,0,-87,-1.45,-3.26,BEACON,"{""record_number"": 3570, ""operation_mode"": 0, ""state"": 0, ""battery_voltage"": 0, ""wifi_rssi"": -87, ""acc_data"": {""ax"": -0.39, ""ay"": 0.11, ""az"": 0.89, ""pitch"": -22.15, ""roll"": 7.03}, ""gyro_data"": {""gx"": -9.42, ""gy"": -3.66, ""gz"": -3.54}, ""gps_data"": {""latitude"": 0, ""longitude"": 0, ""gps_altitude"": 0, ""time"": 308246}, ""alt_data"": {""pressure"": 853.09, ""temperature"": 27.56, ""AGL"": -1.45, ""velocity"": 0, ""kalman_altitude"": -1.45, ""kalman_vertical_velocity"": -3.26}, ""chute_state"": {""pyro1_state"": 0, ""pyro2_state"": 0}, ""connection_status"": {""connected"": true, ""has_ever_connected"": true, ""packet_age_ms"": 0, ""timeout_exceeded"": false, ""rssi"": -87}, ""communication_mode"": ""BEACON"", ""timestamp"": 193072, ""packets_received"": 902, ""kalman_data"": {""altitude"": -1.45, ""vertical_velocity"": -3.26}, ""kalman_altitude"": -1.45, ""kalman_vertical_velocity"": -3.26, ""pyroDrogue"": 0, ""pyroMain"": 0, ""pyro1_state"": 0, ""pyro2_state"": 0}"
1768315549.33661,2026-01-13T17:45:49.336610,3571,0,0,-0.38,0.1,0.88,-22.34,6.74,-9.12,-4.51,-3.2,0,0,0,308246,853.1,27.56,-1.56,0,0,0,0,-90,-1.56,-3.27,BEACON,"{""record_number"": 3571, ""operation_mode"": 0, ""state"": 0, ""battery_voltage"": 0, ""wifi_rssi"": -90, ""acc_data"": {""ax"": -0.38, ""ay"": 0.1, ""az"": 0.88, ""pitch"": -22.34, ""roll"": 6.74}, ""gyro_data"": {""gx"": -9.12, ""gy"": -4.51, ""gz"": -3.2}, ""gps_data"": {""latitude"": 0, ""longitude"": 0, ""gps_altitude"": 0, ""time"": 308246}, ""alt_data"": {""pressure"": 853.1, ""temperature"": 27.56, ""AGL"": -1.56, ""velocity"": 0, ""kalman_altitude"": -1.56, ""kalman_vertical_velocity"": -3.27}, ""chute_state"": {""pyro1_state"": 0, ""pyro2_state"": 0}, ""connection_status"": {""connected"": true, ""has_ever_connected"": true, ""packet_age_ms"": 0, ""timeout_exceeded"": false, ""rssi"": -90}, ""communication_mode"": ""BEACON"", ""timestamp"": 193185, ""packets_received"": 903, ""kalman_data"": {""altitude"": -1.56, ""vertical_velocity"": -3.27}, ""kalman_altitude"": -1.56, ""kalman_vertical_velocity"": -3.27, ""pyroDrogue"": 0, ""pyroMain"": 0, ""pyro1_state"": 0, ""pyro2_state"": 0}"
1768315549.775041,2026-01-13T17:45:49.775041,3572,0,0,-0.38,0.11,0.88,-22.88,6.86,-9.7,-2.13,-3.41,0,0,0,308446,853.07,27.54,-1.26,0,0,0,0,-86,-1.26,-3.24,BEACON,"{""record_number"": 3572, ""operation_mode"": 0, ""state"": 0, ""battery_voltage"": 0, ""wifi_rssi"": -86, ""acc_data"": {""ax"": -0.38, ""ay"": 0.11, ""az"": 0.88, ""pitch"": -22.88, ""roll"": 6.86}, ""gyro_data"": {""gx"": -9.7, ""gy"": -2.13, ""gz"": -3.41}, ""gps_data"": {""latitude"": 0, ""longitude"": 0, ""gps_altitude"": 0, ""time"": 308446}, ""alt_data"": {""pressure"": 853.07, ""temperature"": 27.54, ""AGL"": -1.26, ""velocity"": 0, ""kalman_altitude"": -1.26, ""kalman_vertical_velocity"": -3.24}, ""chute_state"": {""pyro1_state"": 0, ""pyro2_state"": 0}, ""connection_status"": {""connected"": true, ""has_ever_connected"": true, ""packet_age_ms"": 0, ""timeout_exceeded"": false, ""rssi"": -86}, ""communication_mode"": ""BEACON"", ""timestamp"": 193298, ""packets_received"": 904, ""kalman_data"": {""altitude"": -1.26, ""vertical_velocity"": -3.24}, ""kalman_altitude"": -1.26, ""kalman_vertical_velocity"": -3.24, ""pyroDrogue"": 0, ""pyroMain"": 0, ""pyro1_state"": 0, ""pyro2_state"": 0}"
1768315549.955605,2026-01-13T17:45:49.955605,3574,0,0,-0.38,0.1,0.88,-22.46,6.9,-8.63,-2.96,-3.78,0,0,0,308446,853.06,27.56,-1.17,0,0,0,0,-89,-1.16,-3.23,BEACON,"{""record_number"": 3574, ""operation_mode"": 0, ""state"": 0, ""battery_voltage"": 0, ""wifi_rssi"": -89, ""acc_data"": {""ax"": -0.38, ""ay"": 0.1, ""az"": 0.88, ""pitch"": -22.46, ""roll"": 6.9}, ""gyro_data"": {""gx"": -8.63, ""gy"": -2.96, ""gz"": -3.78}, ""gps_data"": {""latitude"": 0, ""longitude"": 0, ""gps_altitude"": 0, ""time"": 308446}, ""alt_data"": {""pressure"": 853.06, ""temperature"": 27.56, ""AGL"": -1.17, ""velocity"": 0, ""kalman_altitude"": -1.16, ""kalman_vertical_velocity"": -3.23}, ""chute_state"": {""pyro1_state"": 0, ""pyro2_state"": 0}, ""connection_status"": {""connected"": true, ""has_ever_connected"": true, ""packet_age_ms"": 1, ""timeout_exceeded"": false, ""rssi"": -89}, ""communication_mode"": ""BEACON"", ""timestamp"": 193410, ""packets_received"": 905, ""kalman_data"": {""altitude"": -1.16, ""vertical_velocity"": -3.23}, ""kalman_altitude"": -1.16, ""kalman_vertical_velocity"": -3.23, ""pyroDrogue"": 0, ""pyroMain"": 0, ""pyro1_state"": 0, ""pyro2_state"": 0}"
1768315550.034819,2026-01-13T17:45:50.034819,3575,0,0,-0.38,0.1,0.88,-22.25,6.73,-8.9,-3.6,-3.81,0,0,0,308649,853.08,27.54,-1.4,0,0,0,0,-88,-1.4,-3.26,BEACON,"{""record_number"": 3575, ""operation_mode"": 0, ""state"": 0, ""battery_voltage"": 0, ""wifi_rssi"": -88, ""acc_data"": {""ax"": -0.38, ""ay"": 0.1, ""az"": 0.88, ""pitch"": -22.25, ""roll"": 6.73}, ""gyro_data"": {""gx"": -8.9, ""gy"": -3.6, ""gz"": -3.81}, ""gps_data"": {""latitude"": 0, ""longitude"": 0, ""gps_altitude"": 0, ""time"": 308649}, ""alt_data"": {""pressure"": 853.08, ""temperature"": 27.54, ""AGL"": -1.4, ""velocity"": 0, ""kalman_altitude"": -1.4, ""kalman_vertical_velocity"": -3.26}, ""chute_state"": {""pyro1_state"": 0, ""pyro2_state"": 0}, ""connection_status"": {""connected"": true, ""has_ever_connected"": true, ""packet_age_ms"": 0, ""timeout_exceeded"": false, ""rssi"": -88}, ""communication_mode"": ""BEACON"", ""timestamp"": 193522, ""packets_received"": 906, ""kalman_data"": {""altitude"": -1.4, ""vertical_velocity"": -3.26}, ""kalman_altitude"": -1.4, ""kalman_vertical_velocity"": -3.26, ""pyroDrogue"": 0, ""pyroMain"": 0, ""pyro1_state"": 0, ""pyro2_state"": 0}"
1768315550.085894,2026-01-13T17:45:50.085894,3576,0,0,-0.38,0.1,0.88,-22.94,7.02,-8.69,-2.96,-3.69,0,0,0,308649,853.11,27.56,-1.63,0,0,0,0,-88,-1.63,-3.29,BEACON,"{""record_number"": 3576, ""operation_mode"": 0, ""state"": 0, ""battery_voltage"": 0, ""wifi_rssi"": -88, ""acc_data"": {""ax"": -0.38, ""ay"": 0.1, ""az"": 0.88, ""pitch"": -22.94, ""roll"": 7.02}, ""gyro_data"": {""gx"": -8.69, ""gy"": -2.96, ""gz"": -3.69}, ""gps_data"": {""latitude"": 0, ""longitude"": 0, ""gps_altitude"": 0, ""time"": 308649}, ""alt_data"": {""pressure"": 853.11, ""temperature"": 27.56, ""AGL"": -1.63, ""velocity"": 0, ""kalman_altitude"": -1.63, ""kalman_vertical_velocity"": -3.29}, ""chute_state"": {""pyro1_state"": 0, ""pyro2_state"": 0}, ""connection_status"": {""connected"": true, ""has_ever_connected"": true, ""packet_age_ms"": 0, ""timeout_exceeded"": false, ""rssi"": -88}, ""communication_mode"": ""BEACON"", ""timestamp"": 193634, ""packets_received"": 907, ""kalman_data"": {""altitude"": -1.63, ""vertical_velocity"": -3.29}, ""kalman_altitude"": -1.63, ""kalman_vertical_velocity"": -3.29, ""pyroDrogue"": 0, ""pyroMain"": 0, ""pyro1_state"": 0, ""pyro2_state"": 0}"
1768315550.140395,2026-01-13T17:45:50.140395,3578,0,0,-0.39,0.11,0.89,-22.91,6.68,-9.85,-2.87,-3.35,0,0,0,308853,853.13,27.56,-1.88,0,0,0,0,-88,-1.88,-3.32,BEACON,"{""record_number"": 3578, ""operation_mode"": 0, ""state"": 0, ""battery_voltage"": 0, ""wifi_rssi"": -88, ""acc_data"": {""ax"": -0.39, ""ay"": 0.11, ""az"": 0.89, ""pitch"": -22.91, ""roll"": 6.68}, ""gyro_data"": {""gx"": -9.85, ""gy"": -2.87, ""gz"": -3.35}, ""gps_data"": {""latitude"": 0, ""longitude"": 0, ""gps_altitude"": 0, ""time"": 308853}, ""alt_data"": {""pressure"": 853.13, ""temperature"": 27.56, ""AGL"": -1.88, ""velocity"": 0, ""kalman_altitude"": -1.88, ""kalman_vertical_velocity"": -3.32}, ""chute_state"": {""pyro1_state"": 0, ""pyro2_state"": 0}, ""connection_status"": {""connected"": true, ""has_ever_connected"": true, ""packet_age_ms"": 0, ""timeout_exceeded"": false, ""rssi"": -88}, ""communication_mode"": ""BEACON"", ""timestamp"": 193747, ""packets_received"": 908, ""kalman_data"": {""altitude"": -1.88, ""vertical_velocity"": -3.32}, ""kalman_altitude"": -1.88, ""kalman_vertical_velocity"": -3.32, ""pyroDrogue"": 0, ""pyroMain"": 0, ""pyro1_state"": 0, ""pyro2_state"": 0}"
1768315550.193386,2026-01-13T17:45:50.193386,3579,0,0,-0.38,0.11,0.89,-22.67,7.05,-8.93,-2.8,-3.72,0,0,0,308853,853.1,27.55,-1.55,0,0,0,0,-88,-1.55,-3.28,BEACON,"{""record_number"": 3579, ""operation_mode"": 0, ""state"": 0, ""battery_voltage"": 0, ""wifi_rssi"": -88, ""acc_data"": {""ax"": -0.38, ""ay"": 0.11, ""az"": 0.89, ""pitch"": -22.67, ""roll"": 7.05}, ""gyro_data"": {""gx"": -8.93, ""gy"": -2.8, ""gz"": -3.72}, ""gps_data"": {""latitude"": 0, ""longitude"": 0, ""gps_altitude"": 0, ""time"": 308853}, ""alt_data"": {""pressure"": 853.1, ""temperature"": 27.55, ""AGL"": -1.55, ""velocity"": 0, ""kalman_altitude"": -1.55, ""kalman_vertical_velocity"": -3.28}, ""chute_state"": {""pyro1_state"": 0, ""pyro2_state"": 0}, ""connection_status"": {""connected"": true, ""has_ever_connected"": true, ""packet_age_ms"": 0, ""timeout_exceeded"": false, ""rssi"": -88}, ""communication_mode"": ""BEACON"", ""timestamp"": 193860, ""packets_received"": 909, ""kalman_data"": {""altitude"": -1.55, ""vertical_velocity"": -3.28}, ""kalman_altitude"": -1.55, ""kalman_vertical_velocity"": -3.28, ""pyroDrogue"": 0, ""pyroMain"": 0, ""pyro1_state"": 0, ""pyro2_state"": 0}"
1768315550.245383,2026-01-13T17:45:50.245383,3580,0,0,-0.38,0.1,0.89,-22.67,6.73,-9.02,-3.48,-3.72,0,0,0,309054,853.1,27.55,-1.59,0,0,0,0,-90,-1.59,-3.29,BEACON,"{""record_number"": 3580, ""operation_mode"": 0, ""state"": 0, ""battery_voltage"": 0, ""wifi_rssi"": -90, ""acc_data"": {""ax"": -0.38, ""ay"": 0.1, ""az"": 0.89, ""pitch"": -22.67, ""roll"": 6.73}, ""gyro_data"": {""gx"": -9.02, ""gy"": -3.48, ""gz"": -3.72}, ""gps_data"": {""latitude"": 0, ""longitude"": 0, ""gps_altitude"": 0, ""time"": 309054}, ""alt_data"": {""pressure"": 853.1, ""temperature"": 27.55, ""AGL"": -1.59, ""velocity"": 0, ""kalman_altitude"": -1.59, ""kalman_vertical_velocity"": -3.29}, ""chute_state"": {""pyro1_state"": 0, ""pyro2_state"": 0}, ""connection_status"": {""connected"": true, ""has_ever_connected"": true, ""packet_age_ms"": 0, ""timeout_exceeded"": false, ""rssi"": -90}, ""communication_mode"": ""BEACON"", ""timestamp"": 193972, ""packets_received"": 910, ""kalman_data"": {""altitude"": -1.59, ""vertical_velocity"": -3.29}, ""kalman_altitude"": -1.59, ""kalman_vertical_velocity"": -3.29, ""pyroDrogue"": 0, ""pyroMain"": 0, ""pyro1_state"": 0, ""pyro2_state"": 0}"
1768315550.323501,2026-01-13T17:45:50.323501,3582,0,0,-0.38,0.11,0.88,-22.4,6.9,-8.99,-3.17,-3.96,0,0,0,309254,853.12,27.56,-1.74,0,0,0,0,-88,-1.74,-3.31,BEACON,"{""record_number"": 3582, ""operation_mode"": 0, ""state"": 0, ""battery_voltage"": 0, ""wifi_rssi"": -88, ""acc_data"": {""ax"": -0.38, ""ay"": 0.11, ""az"": 0.88, ""pitch"": -22.4, ""roll"": 6.9}, ""gyro_data"": {""gx"": -8.99, ""gy"": -3.17, ""gz"": -3.96}, ""gps_data"": {""latitude"": 0, ""longitude"": 0, ""gps_altitude"": 0, ""time"": 309254}, ""alt_data"": {""pressure"": 853.12, ""temperature"": 27.56, ""AGL"": -1.74, ""velocity"": 0, ""kalman_altitude"": -1.74, ""kalman_vertical_velocity"": -3.31}, ""chute_state"": {""pyro1_state"": 0, ""pyro2_state"": 0}, ""connection_status"": {""connected"": true, ""has_ever_connected"": true, ""packet_age_ms"": 0, ""timeout_exceeded"": false, ""rssi"": -88}, ""communication_mode"": ""BEACON"", ""timestamp"": 194085, ""packets_received"": 911, ""kalman_data"": {""altitude"": -1.74, ""vertical_velocity"": -3.31}, ""kalman_altitude"": -1.74, ""kalman_vertical_velocity"": -3.31, ""pyroDrogue"": 0, ""pyroMain"": 0, ""pyro1_state"": 0, ""pyro2_state"": 0}"
1768315550.418451,2026-01-13T17:45:50.418451,3583,0,0,-0.39,0.11,0.88,-22,6.63,-9.05,-3.45,-3.84,0,0,0,309254,853.04,27.54,-0.94,0,0,0,0,-87,-0.94,-3.21,BEACON,"{""record_number"": 3583, ""operation_mode"": 0, ""state"": 0, ""battery_voltage"": 0, ""wifi_rssi"": -87, ""acc_data"": {""ax"": -0.39, ""ay"": 0.11, ""az"": 0.88, ""pitch"": -22, ""roll"": 6.63}, ""gyro_data"": {""gx"": -9.05, ""gy"": -3.45, ""gz"": -3.84}, ""gps_data"": {""latitude"": 0, ""longitude"": 0, ""gps_altitude"": 0, ""time"": 309254}, ""alt_data"": {""pressure"": 853.04, ""temperature"": 27.54, ""AGL"": -0.94, ""velocity"": 0, ""kalman_altitude"": -0.94, ""kalman_vertical_velocity"": -3.21}, ""chute_state"": {""pyro1_state"": 0, ""pyro2_state"": 0}, ""connection_status"": {""connected"": true, ""has_ever_connected"": true, ""packet_age_ms"": 0, ""timeout_exceeded"": false, ""rssi"": -87}, ""communication_mode"": ""BEACON"", ""timestamp"": 194198, ""packets_received"": 912, ""kalman_data"": {""altitude"": -0.94, ""vertical_velocity"": -3.21}, ""kalman_altitude"": -0.94, ""kalman_vertical_velocity"": -3.21, ""pyroDrogue"": 0, ""pyroMain"": 0, ""pyro1_state"": 0, ""pyro2_state"": 0}"
1768315550.468449,2026-01-13T17:45:50.468449,3584,0,0,-0.39,0.1,0.89,-22.21,7,-8.78,-3.57,-3.75,0,0,0,309453,853.1,27.55,-1.52,0,0,0,0,-87,-1.51,-3.28,BEACON,"{""record_number"": 3584, ""operation_mode"": 0, ""state"": 0, ""battery_voltage"": 0, ""wifi_rssi"": -87, ""acc_data"": {""ax"": -0.39, ""ay"": 0.1, ""az"": 0.89, ""pitch"": -22.21, ""roll"": 7}, ""gyro_data"": {""gx"": -8.78, ""gy"": -3.57, ""gz"": -3.75}, ""gps_data"": {""latitude"": 0, ""longitude"": 0, ""gps_altitude"": 0, ""time"": 309453}, ""alt_data"": {""pressure"": 853.1, ""temperature"": 27.55, ""AGL"": -1.52, ""velocity"": 0, ""kalman_altitude"": -1.51, ""kalman_vertical_velocity"": -3.28}, ""chute_state"": {""pyro1_state"": 0, ""pyro2_state"": 0}, ""connection_status"": {""connected"": true, ""has_ever_connected"": true, ""packet_age_ms"": 0, ""timeout_exceeded"": false, ""rssi"": -87}, ""communication_mode"": ""BEACON"", ""timestamp"": 194310, ""packets_received"": 913, ""kalman_data"": {""altitude"": -1.51, ""vertical_velocity"": -3.28}, ""kalman_altitude"": -1.51, ""kalman_vertical_velocity"": -3.28, ""pyroDrogue"": 0, ""pyroMain"": 0, ""pyro1_state"": 0, ""pyro2_state"": 0}"
1768315550.56145,2026-01-13T17:45:50.561450,3586,0,0,-0.39,0.1,0.89,-22.64,6.64,-9.39,-3.29,-3.48,0,0,0,309453,853.14,27.56,-1.95,0,0,0,0,-90,-1.95,-3.33,BEACON,"{""record_number"": 3586, ""operation_mode"": 0, ""state"": 0, ""battery_voltage"": 0, ""wifi_rssi"": -90, ""acc_data"": {""ax"": -0.39, ""ay"": 0.1, ""az"": 0.89, ""pitch"": -22.64, ""roll"": 6.64}, ""gyro_data"": {""gx"": -9.39, ""gy"": -3.29, ""gz"": -3.48}, ""gps_data"": {""latitude"": 0, ""longitude"": 0, ""gps_altitude"": 0, ""time"": 309453}, ""alt_data"": {""pressure"": 853.14, ""temperature"": 27.56, ""AGL"": -1.95, ""velocity"": 0, ""kalman_altitude"": -1.95, ""kalman_vertical_velocity"": -3.33}, ""chute_state"": {""pyro1_state"": 0, ""pyro2_state"": 0}, ""connection_status"": {""connected"": true, ""has_ever_connected"": true, ""packet_age_ms"": 1, ""timeout_exceeded"": false, ""rssi"": -90}, ""communication_mode"": ""BEACON"", ""timestamp"": 194423, ""packets_received"": 914, ""kalman_data"": {""altitude"": -1.95, ""vertical_velocity"": -3.33}, ""kalman_altitude"": -1.95, ""kalman_vertical_velocity"": -3.33, ""pyroDrogue"": 0, ""pyroMain"": 0, ""pyro1_state"": 0, ""pyro2_state"": 0}"
1768315550.67474,2026-01-13T17:45:50.674740,3587,0,0,-0.39,0.1,0.88,-22.52,6.55,-8.2,-3.32,-4.33,0,0,0,309656,853.05,27.55,-1.05,0,0,0,0,-88,-1.05,-3.23,BEACON,"{""record_number"": 3587, ""operation_mode"": 0, ""state"": 0, ""battery_voltage"": 0, ""wifi_rssi"": -88, ""acc_data"": {""ax"": -0.39, ""ay"": 0.1, ""az"": 0.88, ""pitch"": -22.52, ""roll"": 6.55}, ""gyro_data"": {""gx"": -8.2, ""gy"": -3.32, ""gz"": -4.33}, ""gps_data"": {""latitude"": 0, ""longitude"": 0, ""gps_altitude"": 0, ""time"": 309656}, ""alt_data"": {""pressure"": 853.05, ""temperature"": 27.55, ""AGL"": -1.05, ""velocity"": 0, ""kalman_altitude"": -1.05, ""kalman_vertical_velocity"": -3.23}, ""chute_state"": {""pyro1_state"": 0, ""pyro2_state"": 0}, ""connection_status"": {""connected"": true, ""has_ever_connected"": true, ""packet_age_ms"": 0, ""timeout_exceeded"": false, ""rssi"": -88}, ""communication_mode"": ""BEACON"", ""timestamp"": 194535, ""packets_received"": 915, ""kalman_data"": {""altitude"": -1.05, ""vertical_velocity"": -3.23}, ""kalman_altitude"": -1.05, ""kalman_vertical_velocity"": -3.23, ""pyroDrogue"": 0, ""pyroMain"": 0, ""pyro1_state"": 0, ""pyro2_state"": 0}"
1768315550.941228,2026-01-13T17:45:50.941228,3590,0,0,-0.39,0.11,0.88,-22.34,6.59,-8.66,-3.57,-4.45,0,0,0,309859,853.05,27.54,-1.04,0,0,0,0,-88,-1.05,-3.23,BEACON,"{""record_number"": 3590, ""operation_mode"": 0, ""state"": 0, ""battery_voltage"": 0, ""wifi_rssi"": -88, ""acc_data"": {""ax"": -0.39, ""ay"": 0.11, ""az"": 0.88, ""pitch"": -22.34, ""roll"": 6.59}, ""gyro_data"": {""gx"": -8.66, ""gy"": -3.57, ""gz"": -4.45}, ""gps_data"": {""latitude"": 0, ""longitude"": 0, ""gps_altitude"": 0, ""time"": 309859}, ""alt_data"": {""pressure"": 853.05, ""temperature"": 27.54, ""AGL"": -1.04, ""velocity"": 0, ""kalman_altitude"": -1.05, ""kalman_vertical_velocity"": -3.23}, ""chute_state"": {""pyro1_state"": 0, ""pyro2_state"": 0}, ""connection_status"": {""connected"": true, ""has_ever_connected"": true, ""packet_age_ms"": 0, ""timeout_exceeded"": false, ""rssi"": -88}, ""communication_mode"": ""BEACON"", ""timestamp"": 194760, ""packets_received"": 916, ""kalman_data"": {""altitude"": -1.05, ""vertical_velocity"": -3.23}, ""kalman_altitude"": -1.05, ""kalman_vertical_velocity"": -3.23, ""pyroDrogue"": 0, ""pyroMain"": 0, ""pyro1_state"": 0, ""pyro2_state"": 0}"
1768315551.14123,2026-01-13T17:45:51.141230,3592,0,0,-0.38,0.11,0.88,-22.58,6.73,-9.6,-2.68,-3.29,0,0,0,310059,853,27.54,-0.57,0,0,0,0,-88,-0.57,-3.17,BEACON,"{""record_number"": 3592, ""operation_mode"": 0, ""state"": 0, ""battery_voltage"": 0, ""wifi_rssi"": -88, ""acc_data"": {""ax"": -0.38, ""ay"": 0.11, ""az"": 0.88, ""pitch"": -22.58, ""roll"": 6.73}, ""gyro_data"": {""gx"": -9.6, ""gy"": -2.68, ""gz"": -3.29}, ""gps_data"": {""latitude"": 0, ""longitude"": 0, ""gps_altitude"": 0, ""time"": 310059}, ""alt_data"": {""pressure"": 853, ""temperature"": 27.54, ""AGL"": -0.57, ""velocity"": 0, ""kalman_altitude"": -0.57, ""kalman_vertical_velocity"": -3.17}, ""chute_state"": {""pyro1_state"": 0, ""pyro2_state"": 0}, ""connection_status"": {""connected"": true, ""has_ever_connected"": true, ""packet_age_ms"": 0, ""timeout_exceeded"": false, ""rssi"": -88}, ""communication_mode"": ""BEACON"", ""timestamp"": 194988, ""packets_received"": 917, ""kalman_data"": {""altitude"": -0.57, ""vertical_velocity"": -3.17}, ""kalman_altitude"": -0.57, ""kalman_vertical_velocity"": -3.17, ""pyroDrogue"": 0, ""pyroMain"": 0, ""pyro1_state"": 0, ""pyro2_state"": 0}"
1768315551.238453,2026-01-13T17:45:51.238453,3594,0,0,-0.38,0.11,0.89,-22.55,6.72,-10,-2.65,-3.69,0,0,0,310260,853.04,27.54,-0.97,0,0,0,0,-90,-0.97,-3.22,BEACON,"{""record_number"": 3594, ""operation_mode"": 0, ""state"": 0, ""battery_voltage"": 0, ""wifi_rssi"": -90, ""acc_data"": {""ax"": -0.38, ""ay"": 0.11, ""az"": 0.89, ""pitch"": -22.55, ""roll"": 6.72}, ""gyro_data"": {""gx"": -10, ""gy"": -2.65, ""gz"": -3.69}, ""gps_data"": {""latitude"": 0, ""longitude"": 0, ""gps_altitude"": 0, ""time"": 310260}, ""alt_data"": {""pressure"": 853.04, ""temperature"": 27.54, ""AGL"": -0.97, ""velocity"": 0, ""kalman_altitude"": -0.97, ""kalman_vertical_velocity"": -3.22}, ""chute_state"": {""pyro1_state"": 0, ""pyro2_state"": 0}, ""connection_status"": {""connected"": true, ""has_ever_connected"": true, ""packet_age_ms"": 0, ""timeout_exceeded"": false, ""rssi"": -90}, ""communication_mode"": ""BEACON"", ""timestamp"": 195099, ""packets_received"": 918, ""kalman_data"": {""altitude"": -0.97, ""vertical_velocity"": -3.22}, ""kalman_altitude"": -0.97, ""kalman_vertical_velocity"": -3.22, ""pyroDrogue"": 0, ""pyroMain"": 0, ""pyro1_state"": 0, ""pyro2_state"": 0}"
1768315551.334296,2026-01-13T17:45:51.334296,3595,0,0,-0.38,0.11,0.88,-22.4,6.86,-9.39,-3.66,-3.75,0,0,0,310260,853.08,27.54,-1.37,0,0,0,0,-92,-1.37,-3.27,BEACON,"{""record_number"": 3595, ""operation_mode"": 0, ""state"": 0, ""battery_voltage"": 0, ""wifi_rssi"": -92, ""acc_data"": {""ax"": -0.38, ""ay"": 0.11, ""az"": 0.88, ""pitch"": -22.4, ""roll"": 6.86}, ""gyro_data"": {""gx"": -9.39, ""gy"": -3.66, ""gz"": -3.75}, ""gps_data"": {""latitude"": 0, ""longitude"": 0, ""gps_altitude"": 0, ""time"": 310260}, ""alt_data"": {""pressure"": 853.08, ""temperature"": 27.54, ""AGL"": -1.37, ""velocity"": 0, ""kalman_altitude"": -1.37, ""kalman_vertical_velocity"": -3.27}, ""chute_state"": {""pyro1_state"": 0, ""pyro2_state"": 0}, ""connection_status"": {""connected"": true, ""has_ever_connected"": true, ""packet_age_ms"": 0, ""timeout_exceeded"": false, ""rssi"": -92}, ""communication_mode"": ""BEACON"", ""timestamp"": 195212, ""packets_received"": 919, ""kalman_data"": {""altitude"": -1.37, ""vertical_velocity"": -3.27}, ""kalman_altitude"": -1.37, ""kalman_vertical_velocity"": -3.27, ""pyroDrogue"": 0, ""pyroMain"": 0, ""pyro1_state"": 0, ""pyro2_state"": 0}"
1768315551.441692,2026-01-13T17:45:51.441692,3596,0,0,-0.38,0.1,0.89,-22.28,6.76,-9.02,-2.68,-3.6,0,0,0,310460,853,27.54,-0.57,0,0,0,0,-88,-0.58,-3.18,BEACON,"{""record_number"": 3596, ""operation_mode"": 0, ""state"": 0, ""battery_voltage"": 0, ""wifi_rssi"": -88, ""acc_data"": {""ax"": -0.38, ""ay"": 0.1, ""az"": 0.89, ""pitch"": -22.28, ""roll"": 6.76}, ""gyro_data"": {""gx"": -9.02, ""gy"": -2.68, ""gz"": -3.6}, ""gps_data"": {""latitude"": 0, ""longitude"": 0, ""gps_altitude"": 0, ""time"": 310460}, ""alt_data"": {""pressure"": 853, ""temperature"": 27.54, ""AGL"": -0.57, ""velocity"": 0, ""kalman_altitude"": -0.58, ""kalman_vertical_velocity"": -3.18}, ""chute_state"": {""pyro1_state"": 0, ""pyro2_state"": 0}, ""connection_status"": {""connected"": true, ""has_ever_connected"": true, ""packet_age_ms"": 1, ""timeout_exceeded"": false, ""rssi"": -88}, ""communication_mode"": ""BEACON"", ""timestamp"": 195324, ""packets_received"": 920, ""kalman_data"": {""altitude"": -0.58, ""vertical_velocity"": -3.18}, ""kalman_altitude"": -0.58, ""kalman_vertical_velocity"": -3.18, ""pyroDrogue"": 0, ""pyroMain"": 0, ""pyro1_state"": 0, ""pyro2_state"": 0}"
1768315551.587692,2026-01-13T17:45:51.587692,3598,0,0,-0.38,0.11,0.89,-22,6.8,-9.42,-2.35,-3.17,0,0,0,310460,853.05,27.55,-1.09,0,0,0,0,-87,-1.09,-3.24,BEACON,"{""record_number"": 3598, ""operation_mode"": 0, ""state"": 0, ""battery_voltage"": 0, ""wifi_rssi"": -87, ""acc_data"": {""ax"": -0.38, ""ay"": 0.11, ""az"": 0.89, ""pitch"": -22, ""roll"": 6.8}, ""gyro_data"": {""gx"": -9.42, ""gy"": -2.35, ""gz"": -3.17}, ""gps_data"": {""latitude"": 0, ""longitude"": 0, ""gps_altitude"": 0, ""time"": 310460}, ""alt_data"": {""pressure"": 853.05, ""temperature"": 27.55, ""AGL"": -1.09, ""velocity"": 0, ""kalman_altitude"": -1.09, ""kalman_vertical_velocity"": -3.24}, ""chute_state"": {""pyro1_state"": 0, ""pyro2_state"": 0}, ""connection_status"": {""connected"": true, ""has_ever_connected"": true, ""packet_age_ms"": 0, ""timeout_exceeded"": false, ""rssi"": -87}, ""communication_mode"": ""BEACON"", ""timestamp"": 195436, ""packets_received"": 921, ""kalman_data"": {""altitude"": -1.09, ""vertical_velocity"": -3.24}, ""kalman_altitude"": -1.09, ""kalman_vertical_velocity"": -3.24, ""pyroDrogue"": 0, ""pyroMain"": 0, ""pyro1_state"": 0, ""pyro2_state"": 0}"
1768315551.703185,2026-01-13T17:45:51.703185,3599,0,0,-0.39,0.1,0.88,-22.58,6.62,-8.54,-2.65,-3.63,0,0,0,310663,853.04,27.54,-1.01,0,0,0,0,-90,-1.01,-3.23,BEACON,"{""record_number"": 3599, ""operation_mode"": 0, ""state"": 0, ""battery_voltage"": 0, ""wifi_rssi"": -90, ""acc_data"": {""ax"": -0.39, ""ay"": 0.1, ""az"": 0.88, ""pitch"": -22.58, ""roll"": 6.62}, ""gyro_data"": {""gx"": -8.54, ""gy"": -2.65, ""gz"": -3.63}, ""gps_data"": {""latitude"": 0, ""longitude"": 0, ""gps_altitude"": 0, ""time"": 310663}, ""alt_data"": {""pressure"": 853.04, ""temperature"": 27.54, ""AGL"": -1.01, ""velocity"": 0, ""kalman_altitude"": -1.01, ""kalman_vertical_velocity"": -3.23}, ""chute_state"": {""pyro1_state"": 0, ""pyro2_state"": 0}, ""connection_status"": {""connected"": true, ""has_ever_connected"": true, ""packet_age_ms"": 1, ""timeout_exceeded"": false, ""rssi"": -90}, ""communication_mode"": ""BEACON"", ""timestamp"": 195549, ""packets_received"": 922, ""kalman_data"": {""altitude"": -1.01, ""vertical_velocity"": -3.23}, ""kalman_altitude"": -1.01, ""kalman_vertical_velocity"": -3.23, ""pyroDrogue"": 0, ""pyroMain"": 0, ""pyro1_state"": 0, ""pyro2_state"": 0}"
1768315551.793708,2026-01-13T17:45:51.793708,3600,0,0,-0.38,0.1,0.89,-22.37,7.12,-8.63,-2.9,-3.75,0,0,0,310663,853.02,27.54,-0.72,0,0,0,0,-88,-0.72,-3.2,BEACON,"{""record_number"": 3600, ""operation_mode"": 0, ""state"": 0, ""battery_voltage"": 0, ""wifi_rssi"": -88, ""acc_data"": {""ax"": -0.38, ""ay"": 0.1, ""az"": 0.89, ""pitch"": -22.37, ""roll"": 7.12}, ""gyro_data"": {""gx"": -8.63, ""gy"": -2.9, ""gz"": -3.75}, ""gps_data"": {""latitude"": 0, ""longitude"": 0, ""gps_altitude"": 0, ""time"": 310663}, ""alt_data"": {""pressure"": 853.02, ""temperature"": 27.54, ""AGL"": -0.72, ""velocity"": 0, ""kalman_altitude"": -0.72, ""kalman_vertical_velocity"": -3.2}, ""chute_state"": {""pyro1_state"": 0, ""pyro2_state"": 0}, ""connection_status"": {""connected"": true, ""has_ever_connected"": true, ""packet_age_ms"": 0, ""timeout_exceeded"": false, ""rssi"": -88}, ""communication_mode"": ""BEACON"", ""timestamp"": 195661, ""packets_received"": 923, ""kalman_data"": {""altitude"": -0.72, ""vertical_velocity"": -3.2}, ""kalman_altitude"": -0.72, ""kalman_vertical_velocity"": -3.2, ""pyroDrogue"": 0, ""pyroMain"": 0, ""pyro1_state"": 0, ""pyro2_state"": 0}"
1768315551.907709,2026-01-13T17:45:51.907709,3601,0,0,-0.38,0.1,0.89,-22.43,6.93,-8.54,-2.62,-3.02,0,0,0,310865,853.03,27.55,-0.91,0,0,0,0,-88,-0.91,-3.22,BEACON,"{""record_number"": 3601, ""operation_mode"": 0, ""state"": 0, ""battery_voltage"": 0, ""wifi_rssi"": -88, ""acc_data"": {""ax"": -0.38, ""ay"": 0.1, ""az"": 0.89, ""pitch"": -22.43, ""roll"": 6.93}, ""gyro_data"": {""gx"": -8.54, ""gy"": -2.62, ""gz"": -3.02}, ""gps_data"": {""latitude"": 0, ""longitude"": 0, ""gps_altitude"": 0, ""time"": 310865}, ""alt_data"": {""pressure"": 853.03, ""temperature"": 27.55, ""AGL"": -0.91, ""velocity"": 0, ""kalman_altitude"": -0.91, ""kalman_vertical_velocity"": -3.22}, ""chute_state"": {""pyro1_state"": 0, ""pyro2_state"": 0}, ""connection_status"": {""connected"": true, ""has_ever_connected"": true, ""packet_age_ms"": 0, ""timeout_exceeded"": false, ""rssi"": -88}, ""communication_mode"": ""BEACON"", ""timestamp"": 195774, ""packets_received"": 924, ""kalman_data"": {""altitude"": -0.91, ""vertical_velocity"": -3.22}, ""kalman_altitude"": -0.91, ""kalman_vertical_velocity"": -3.22, ""pyroDrogue"": 0, ""pyroMain"": 0, ""pyro1_state"": 0, ""pyro2_state"": 0}"
1768315552.027426,2026-01-13T17:45:52.027426,3603,0,0,-0.38,0.11,0.89,-22.43,7.04,-10.37,-3.11,-3.26,0,0,0,311065,853.02,27.56,-0.81,0,0,0,0,-87,-0.81,-3.21,BEACON,"{""record_number"": 3603, ""operation_mode"": 0, ""state"": 0, ""battery_voltage"": 0, ""wifi_rssi"": -87, ""acc_data"": {""ax"": -0.38, ""ay"": 0.11, ""az"": 0.89, ""pitch"": -22.43, ""roll"": 7.04}, ""gyro_data"": {""gx"": -10.37, ""gy"": -3.11, ""gz"": -3.26}, ""gps_data"": {""latitude"": 0, ""longitude"": 0, ""gps_altitude"": 0, ""time"": 311065}, ""alt_data"": {""pressure"": 853.02, ""temperature"": 27.56, ""AGL"": -0.81, ""velocity"": 0, ""kalman_altitude"": -0.81, ""kalman_vertical_velocity"": -3.21}, ""chute_state"": {""pyro1_state"": 0, ""pyro2_state"": 0}, ""connection_status"": {""connected"": true, ""has_ever_connected"": true, ""packet_age_ms"": 0, ""timeout_exceeded"": false, ""rssi"": -87}, ""communication_mode"": ""BEACON"", ""timestamp"": 195887, ""packets_received"": 925, ""kalman_data"": {""altitude"": -0.81, ""vertical_velocity"": -3.21}, ""kalman_altitude"": -0.81, ""kalman_vertical_velocity"": -3.21, ""pyroDrogue"": 0, ""pyroMain"": 0, ""pyro1_state"": 0, ""pyro2_state"": 0}"
1768315552.240795,2026-01-13T17:45:52.240795,3605,0,0,-0.38,0.1,0.88,-22.61,6.89,-9.39,-3.54,-3.72,0,0,0,311265,853.01,27.54,-0.65,0,0,0,0,-88,-0.65,-3.19,BEACON,"{""record_number"": 3605, ""operation_mode"": 0, ""state"": 0, ""battery_voltage"": 0, ""wifi_rssi"": -88, ""acc_data"": {""ax"": -0.38, ""ay"": 0.1, ""az"": 0.88, ""pitch"": -22.61, ""roll"": 6.89}, ""gyro_data"": {""gx"": -9.39, ""gy"": -3.54, ""gz"": -3.72}, ""gps_data"": {""latitude"": 0, ""longitude"": 0, ""gps_altitude"": 0, ""time"": 311265}, ""alt_data"": {""pressure"": 853.01, ""temperature"": 27.54, ""AGL"": -0.65, ""velocity"": 0, ""kalman_altitude"": -0.65, ""kalman_vertical_velocity"": -3.19}, ""chute_state"": {""pyro1_state"": 0, ""pyro2_state"": 0}, ""connection_status"": {""connected"": true, ""has_ever_connected"": true, ""packet_age_ms"": 0, ""timeout_exceeded"": false, ""rssi"": -88}, ""communication_mode"": ""BEACON"", ""timestamp"": 196112, ""packets_received"": 926, ""kalman_data"": {""altitude"": -0.65, ""vertical_velocity"": -3.19}, ""kalman_altitude"": -0.65, ""kalman_vertical_velocity"": -3.19, ""pyroDrogue"": 0, ""pyroMain"": 0, ""pyro1_state"": 0, ""pyro2_state"": 0}"
1768315552.441415,2026-01-13T17:45:52.441415,3607,0,0,-0.38,0.12,0.88,-22.67,6.44,-9.24,-3.08,-3.2,0,0,0,311265,853,27.54,-0.57,0,0,0,0,-88,-0.57,-3.19,BEACON,"{""record_number"": 3607, ""operation_mode"": 0, ""state"": 0, ""battery_voltage"": 0, ""wifi_rssi"": -88, ""acc_data"": {""ax"": -0.38, ""ay"": 0.12, ""az"": 0.88, ""pitch"": -22.67, ""roll"": 6.44}, ""gyro_data"": {""gx"": -9.24, ""gy"": -3.08, ""gz"": -3.2}, ""gps_data"": {""latitude"": 0, ""longitude"": 0, ""gps_altitude"": 0, ""time"": 311265}, ""alt_data"": {""pressure"": 853, ""temperature"": 27.54, ""AGL"": -0.57, ""velocity"": 0, ""kalman_altitude"": -0.57, ""kalman_vertical_velocity"": -3.19}, ""chute_state"": {""pyro1_state"": 0, ""pyro2_state"": 0}, ""connection_status"": {""connected"": true, ""has_ever_connected"": true, ""packet_age_ms"": 0, ""timeout_exceeded"": false, ""rssi"": -88}, ""communication_mode"": ""BEACON"", ""timestamp"": 196226, ""packets_received"": 927, ""kalman_data"": {""altitude"": -0.57, ""vertical_velocity"": -3.19}, ""kalman_altitude"": -0.57, ""kalman_vertical_velocity"": -3.19, ""pyroDrogue"": 0, ""pyroMain"": 0, ""pyro1_state"": 0, ""pyro2_state"": 0}"
1768315552.588917,2026-01-13T17:45:52.588917,3609,0,0,-0.38,0.1,0.89,-22.12,7.07,-8.96,-4.21,-3.51,0,0,0,311465,852.99,27.54,-0.47,0,0,0,0,-88,-0.47,-3.18,BEACON,"{""record_number"": 3609, ""operation_mode"": 0, ""state"": 0, ""battery_voltage"": 0, ""wifi_rssi"": -88, ""acc_data"": {""ax"": -0.38, ""ay"": 0.1, ""az"": 0.89, ""pitch"": -22.12, ""roll"": 7.07}, ""gyro_data"": {""gx"": -8.96, ""gy"": -4.21, ""gz"": -3.51}, ""gps_data"": {""latitude"": 0, ""longitude"": 0, ""gps_altitude"": 0, ""time"": 311465}, ""alt_data"": {""pressure"": 852.99, ""temperature"": 27.54, ""AGL"": -0.47, ""velocity"": 0, ""kalman_altitude"": -0.47, ""kalman_vertical_velocity"": -3.18}, ""chute_state"": {""pyro1_state"": 0, ""pyro2_state"": 0}, ""connection_status"": {""connected"": true, ""has_ever_connected"": true, ""packet_age_ms"": 1, ""timeout_exceeded"": false, ""rssi"": -88}, ""communication_mode"": ""BEACON"", ""timestamp"": 196452, ""packets_received"": 928, ""kalman_data"": {""altitude"": -0.47, ""vertical_velocity"": -3.18}, ""kalman_altitude"": -0.47, ""kalman_vertical_velocity"": -3.18, ""pyroDrogue"": 0, ""pyroMain"": 0, ""pyro1_state"": 0, ""pyro2_state"": 0}"
1768315552.690915,2026-01-13T17:45:52.690915,3611,0,0,-0.39,0.11,0.89,-22.49,6.85,-9.18,-3.32,-3.6,0,0,0,311668,852.98,27.54,-0.36,0,0,0,0,-88,-0.36,-3.16,BEACON,"{""record_number"": 3611, ""operation_mode"": 0, ""state"": 0, ""battery_voltage"": 0, ""wifi_rssi"": -88, ""acc_data"": {""ax"": -0.39, ""ay"": 0.11, ""az"": 0.89, ""pitch"": -22.49, ""roll"": 6.85}, ""gyro_data"": {""gx"": -9.18, ""gy"": -3.32, ""gz"": -3.6}, ""gps_data"": {""latitude"": 0, ""longitude"": 0, ""gps_altitude"": 0, ""time"": 311668}, ""alt_data"": {""pressure"": 852.98, ""temperature"": 27.54, ""AGL"": -0.36, ""velocity"": 0, ""kalman_altitude"": -0.36, ""kalman_vertical_velocity"": -3.16}, ""chute_state"": {""pyro1_state"": 0, ""pyro2_state"": 0}, ""connection_status"": {""connected"": true, ""has_ever_connected"": true, ""packet_age_ms"": 1, ""timeout_exceeded"": false, ""rssi"": -88}, ""communication_mode"": ""BEACON"", ""timestamp"": 196564, ""packets_received"": 929, ""kalman_data"": {""altitude"": -0.36, ""vertical_velocity"": -3.16}, ""kalman_altitude"": -0.36, ""kalman_vertical_velocity"": -3.16, ""pyroDrogue"": 0, ""pyroMain"": 0, ""pyro1_state"": 0, ""pyro2_state"": 0}"
1768315552.804321,2026-01-13T17:45:52.804321,3612,0,0,-0.39,0.1,0.89,-22.55,6.81,-9.63,-3.72,-4.21,0,0,0,311668,852.97,27.53,-0.28,0,0,0,0,-87,-0.28,-3.15,BEACON,"{""record_number"": 3612, ""operation_mode"": 0, ""state"": 0, ""battery_voltage"": 0, ""wifi_rssi"": -87, ""acc_data"": {""ax"": -0.39, ""ay"": 0.1, ""az"": 0.89, ""pitch"": -22.55, ""roll"": 6.81}, ""gyro_data"": {""gx"": -9.63, ""gy"": -3.72, ""gz"": -4.21}, ""gps_data"": {""latitude"": 0, ""longitude"": 0, ""gps_altitude"": 0, ""time"": 311668}, ""alt_data"": {""pressure"": 852.97, ""temperature"": 27.53, ""AGL"": -0.28, ""velocity"": 0, ""kalman_altitude"": -0.28, ""kalman_vertical_velocity"": -3.15}, ""chute_state"": {""pyro1_state"": 0, ""pyro2_state"": 0}, ""connection_status"": {""connected"": true, ""has_ever_connected"": true, ""packet_age_ms"": 0, ""timeout_exceeded"": false, ""rssi"": -87}, ""communication_mode"": ""BEACON"", ""timestamp"": 196678, ""packets_received"": 930, ""kalman_data"": {""altitude"": -0.28, ""vertical_velocity"": -3.15}, ""kalman_altitude"": -0.28, ""kalman_vertical_velocity"": -3.15, ""pyroDrogue"": 0, ""pyroMain"": 0, ""pyro1_state"": 0, ""pyro2_state"": 0}"
1768315552.902328,2026-01-13T17:45:52.902328,3613,0,0,-0.39,0.1,0.88,-22.31,7.2,-9.33,-2.65,-3.48,0,0,0,311872,853.03,27.54,-0.9,0,0,0,0,-89,-0.9,-3.23,BEACON,"{""record_number"": 3613, ""operation_mode"": 0, ""state"": 0, ""battery_voltage"": 0, ""wifi_rssi"": -89, ""acc_data"": {""ax"": -0.39, ""ay"": 0.1, ""az"": 0.88, ""pitch"": -22.31, ""roll"": 7.2}, ""gyro_data"": {""gx"": -9.33, ""gy"": -2.65, ""gz"": -3.48}, ""gps_data"": {""latitude"": 0, ""longitude"": 0, ""gps_altitude"": 0, ""time"": 311872}, ""alt_data"": {""pressure"": 853.03, ""temperature"": 27.54, ""AGL"": -0.9, ""velocity"": 0, ""kalman_altitude"": -0.9, ""kalman_vertical_velocity"": -3.23}, ""chute_state"": {""pyro1_state"": 0, ""pyro2_state"": 0}, ""connection_status"": {""connected"": true, ""has_ever_connected"": true, ""packet_age_ms"": 0, ""timeout_exceeded"": false, ""rssi"": -89}, ""communication_mode"": ""BEACON"", ""timestamp"": 196790, ""packets_received"": 931, ""kalman_data"": {""altitude"": -0.9, ""vertical_velocity"": -3.23}, ""kalman_altitude"": -0.9, ""kalman_vertical_velocity"": -3.23, ""pyroDrogue"": 0, ""pyroMain"": 0, ""pyro1_state"": 0, ""pyro2_state"": 0}"
1768315553.157633,2026-01-13T17:45:53.157633,3616,0,0,-0.39,0.11,0.88,-22.64,6.8,-9.3,-3.08,-3.38,0,0,0,312072,853.01,27.52,-0.67,0,0,0,0,-89,-0.67,-3.21,BEACON,"{""record_number"": 3616, ""operation_mode"": 0, ""state"": 0, ""battery_voltage"": 0, ""wifi_rssi"": -89, ""acc_data"": {""ax"": -0.39, ""ay"": 0.11, ""az"": 0.88, ""pitch"": -22.64, ""roll"": 6.8}, ""gyro_data"": {""gx"": -9.3, ""gy"": -3.08, ""gz"": -3.38}, ""gps_data"": {""latitude"": 0, ""longitude"": 0, ""gps_altitude"": 0, ""time"": 312072}, ""alt_data"": {""pressure"": 853.01, ""temperature"": 27.52, ""AGL"": -0.67, ""velocity"": 0, ""kalman_altitude"": -0.67, ""kalman_vertical_velocity"": -3.21}, ""chute_state"": {""pyro1_state"": 0, ""pyro2_state"": 0}, ""connection_status"": {""connected"": true, ""has_ever_connected"": true, ""packet_age_ms"": 0, ""timeout_exceeded"": false, ""rssi"": -89}, ""communication_mode"": ""BEACON"", ""timestamp"": 197017, ""packets_received"": 932, ""kalman_data"": {""altitude"": -0.67, ""vertical_velocity"": -3.21}, ""kalman_altitude"": -0.67, ""kalman_vertical_velocity"": -3.21, ""pyroDrogue"": 0, ""pyroMain"": 0, ""pyro1_state"": 0, ""pyro2_state"": 0}"
1768315553.284654,2026-01-13T17:45:53.284654,3617,0,0,-0.39,0.11,0.89,-22.55,6.98,-9.63,-3.41,-4.27,0,0,0,312271,853.03,27.55,-0.84,0,0,0,0,-88,-0.84,-3.23,BEACON,"{""record_number"": 3617, ""operation_mode"": 0, ""state"": 0, ""battery_voltage"": 0, ""wifi_rssi"": -88, ""acc_data"": {""ax"": -0.39, ""ay"": 0.11, ""az"": 0.89, ""pitch"": -22.55, ""roll"": 6.98}, ""gyro_data"": {""gx"": -9.63, ""gy"": -3.41, ""gz"": -4.27}, ""gps_data"": {""latitude"": 0, ""longitude"": 0, ""gps_altitude"": 0, ""time"": 312271}, ""alt_data"": {""pressure"": 853.03, ""temperature"": 27.55, ""AGL"": -0.84, ""velocity"": 0, ""kalman_altitude"": -0.84, ""kalman_vertical_velocity"": -3.23}, ""chute_state"": {""pyro1_state"": 0, ""pyro2_state"": 0}, ""connection_status"": {""connected"": true, ""has_ever_connected"": true, ""packet_age_ms"": 1, ""timeout_exceeded"": false, ""rssi"": -88}, ""communication_mode"": ""BEACON"", ""timestamp"": 197130, ""packets_received"": 933, ""kalman_data"": {""altitude"": -0.84, ""vertical_velocity"": -3.23}, ""kalman_altitude"": -0.84, ""kalman_vertical_velocity"": -3.23, ""pyroDrogue"": 0, ""pyroMain"": 0, ""pyro1_state"": 0, ""pyro2_state"": 0}"
1768315553.375476,2026-01-13T17:45:53.375476,3619,0,0,-0.39,0.1,0.88,-22.58,7.01,-9.27,-2.87,-3.63,0,0,0,312271,853.04,27.54,-0.93,0,0,0,0,-88,-0.93,-3.24,BEACON,"{""record_number"": 3619, ""operation_mode"": 0, ""state"": 0, ""battery_voltage"": 0, ""wifi_rssi"": -88, ""acc_data"": {""ax"": -0.39, ""ay"": 0.1, ""az"": 0.88, ""pitch"": -22.58, ""roll"": 7.01}, ""gyro_data"": {""gx"": -9.27, ""gy"": -2.87, ""gz"": -3.63}, ""gps_data"": {""latitude"": 0, ""longitude"": 0, ""gps_altitude"": 0, ""time"": 312271}, ""alt_data"": {""pressure"": 853.04, ""temperature"": 27.54, ""AGL"": -0.93, ""velocity"": 0, ""kalman_altitude"": -0.93, ""kalman_vertical_velocity"": -3.24}, ""chute_state"": {""pyro1_state"": 0, ""pyro2_state"": 0}, ""connection_status"": {""connected"": true, ""has_ever_connected"": true, ""packet_age_ms"": 0, ""timeout_exceeded"": false, ""rssi"": -88}, ""communication_mode"": ""BEACON"", ""timestamp"": 197240, ""packets_received"": 934, ""kalman_data"": {""altitude"": -0.93, ""vertical_velocity"": -3.24}, ""kalman_altitude"": -0.93, ""kalman_vertical_velocity"": -3.24, ""pyroDrogue"": 0, ""pyroMain"": 0, ""pyro1_state"": 0, ""pyro2_state"": 0}"
1768315553.541596,2026-01-13T17:45:53.541596,3620,0,0,-0.38,0.1,0.88,-22.52,6.58,-9.24,-3.17,-3.63,0,0,0,312472,853.02,27.54,-0.79,0,0,0,0,-88,-0.79,-3.22,BEACON,"{""record_number"": 3620, ""operation_mode"": 0, ""state"": 0, ""battery_voltage"": 0, ""wifi_rssi"": -88, ""acc_data"": {""ax"": -0.38, ""ay"": 0.1, ""az"": 0.88, ""pitch"": -22.52, ""roll"": 6.58}, ""gyro_data"": {""gx"": -9.24, ""gy"": -3.17, ""gz"": -3.63}, ""gps_data"": {""latitude"": 0, ""longitude"": 0, ""gps_altitude"": 0, ""time"": 312472}, ""alt_data"": {""pressure"": 853.02, ""temperature"": 27.54, ""AGL"": -0.79, ""velocity"": 0, ""kalman_altitude"": -0.79, ""kalman_vertical_velocity"": -3.22}, ""chute_state"": {""pyro1_state"": 0, ""pyro2_state"": 0}, ""connection_status"": {""connected"": true, ""has_ever_connected"": true, ""packet_age_ms"": 0, ""timeout_exceeded"": false, ""rssi"": -88}, ""communication_mode"": ""BEACON"", ""timestamp"": 197353, ""packets_received"": 935, ""kalman_data"": {""altitude"": -0.79, ""vertical_velocity"": -3.22}, ""kalman_altitude"": -0.79, ""kalman_vertical_velocity"": -3.22, ""pyroDrogue"": 0, ""pyroMain"": 0, ""pyro1_state"": 0, ""pyro2_state"": 0}"
1768315553.594594,2026-01-13T17:45:53.594594,3621,0,0,-0.38,0.11,0.89,-22.12,6.84,-9.18,-3.08,-3.84,0,0,0,312472,853.06,27.54,-1.19,0,0,0,0,-91,-1.19,-3.27,BEACON,"{""record_number"": 3621, ""operation_mode"": 0, ""state"": 0, ""battery_voltage"": 0, ""wifi_rssi"": -91, ""acc_data"": {""ax"": -0.38, ""ay"": 0.11, ""az"": 0.89, ""pitch"": -22.12, ""roll"": 6.84}, ""gyro_data"": {""gx"": -9.18, ""gy"": -3.08, ""gz"": -3.84}, ""gps_data"": {""latitude"": 0, ""longitude"": 0, ""gps_altitude"": 0, ""time"": 312472}, ""alt_data"": {""pressure"": 853.06, ""temperature"": 27.54, ""AGL"": -1.19, ""velocity"": 0, ""kalman_altitude"": -1.19, ""kalman_vertical_velocity"": -3.27}, ""chute_state"": {""pyro1_state"": 0, ""pyro2_state"": 0}, ""connection_status"": {""connected"": true, ""has_ever_connected"": true, ""packet_age_ms"": 1, ""timeout_exceeded"": false, ""rssi"": -91}, ""communication_mode"": ""BEACON"", ""timestamp"": 197465, ""packets_received"": 936, ""kalman_data"": {""altitude"": -1.19, ""vertical_velocity"": -3.27}, ""kalman_altitude"": -1.19, ""kalman_vertical_velocity"": -3.27, ""pyroDrogue"": 0, ""pyroMain"": 0, ""pyro1_state"": 0, ""pyro2_state"": 0}"
1768315553.745593,2026-01-13T17:45:53.745593,3623,0,0,-0.38,0.11,0.89,-22.43,6.72,-9.15,-3.84,-3.75,0,0,0,312674,853.09,27.54,-1.44,0,0,0,0,-89,-1.44,-3.3,BEACON,"{""record_number"": 3623, ""operation_mode"": 0, ""state"": 0, ""battery_voltage"": 0, ""wifi_rssi"": -89, ""acc_data"": {""ax"": -0.38, ""ay"": 0.11, ""az"": 0.89, ""pitch"": -22.43, ""roll"": 6.72}, ""gyro_data"": {""gx"": -9.15, ""gy"": -3.84, ""gz"": -3.75}, ""gps_data"": {""latitude"": 0, ""longitude"": 0, ""gps_altitude"": 0, ""time"": 312674}, ""alt_data"": {""pressure"": 853.09, ""temperature"": 27.54, ""AGL"": -1.44, ""velocity"": 0, ""kalman_altitude"": -1.44, ""kalman_vertical_velocity"": -3.3}, ""chute_state"": {""pyro1_state"": 0, ""pyro2_state"": 0}, ""connection_status"": {""connected"": true, ""has_ever_connected"": true, ""packet_age_ms"": 0, ""timeout_exceeded"": false, ""rssi"": -89}, ""communication_mode"": ""BEACON"", ""timestamp"": 197577, ""packets_received"": 937, ""kalman_data"": {""altitude"": -1.44, ""vertical_velocity"": -3.3}, ""kalman_altitude"": -1.44, ""kalman_vertical_velocity"": -3.3, ""pyroDrogue"": 0, ""pyroMain"": 0, ""pyro1_state"": 0, ""pyro2_state"": 0}"
1768315553.815712,2026-01-13T17:45:53.815712,3624,0,0,-0.38,0.11,0.89,-22.58,6.42,-9.63,-2.71,-3.96,0,0,0,312876,853.05,27.54,-1.08,0,0,0,0,-88,-1.08,-3.26,BEACON,"{""record_number"": 3624, ""operation_mode"": 0, ""state"": 0, ""battery_voltage"": 0, ""wifi_rssi"": -88, ""acc_data"": {""ax"": -0.38, ""ay"": 0.11, ""az"": 0.89, ""pitch"": -22.58, ""roll"": 6.42}, ""gyro_data"": {""gx"": -9.63, ""gy"": -2.71, ""gz"": -3.96}, ""gps_data"": {""latitude"": 0, ""longitude"": 0, ""gps_altitude"": 0, ""time"": 312876}, ""alt_data"": {""pressure"": 853.05, ""temperature"": 27.54, ""AGL"": -1.08, ""velocity"": 0, ""kalman_altitude"": -1.08, ""kalman_vertical_velocity"": -3.26}, ""chute_state"": {""pyro1_state"": 0, ""pyro2_state"": 0}, ""connection_status"": {""connected"": true, ""has_ever_connected"": true, ""packet_age_ms"": 0, ""timeout_exceeded"": false, ""rssi"": -88}, ""communication_mode"": ""BEACON"", ""timestamp"": 197690, ""packets_received"": 938, ""kalman_data"": {""altitude"": -1.08, ""vertical_velocity"": -3.26}, ""kalman_altitude"": -1.08, ""kalman_vertical_velocity"": -3.26, ""pyroDrogue"": 0, ""pyroMain"": 0, ""pyro1_state"": 0, ""pyro2_state"": 0}"
1768315553.937707,2026-01-13T17:45:53.937707,3625,0,0,-0.38,0.11,0.89,-22.7,6.78,-9.63,-3.54,-3.29,0,0,0,312876,853.02,27.53,-0.74,0,0,0,0,-88,-0.75,-3.22,BEACON,"{""record_number"": 3625, ""operation_mode"": 0, ""state"": 0, ""battery_voltage"": 0, ""wifi_rssi"": -88, ""acc_data"": {""ax"": -0.38, ""ay"": 0.11, ""az"": 0.89, ""pitch"": -22.7, ""roll"": 6.78}, ""gyro_data"": {""gx"": -9.63, ""gy"": -3.54, ""gz"": -3.29}, ""gps_data"": {""latitude"": 0, ""longitude"": 0, ""gps_altitude"": 0, ""time"": 312876}, ""alt_data"": {""pressure"": 853.02, ""temperature"": 27.53, ""AGL"": -0.74, ""velocity"": 0, ""kalman_altitude"": -0.75, ""kalman_vertical_velocity"": -3.22}, ""chute_state"": {""pyro1_state"": 0, ""pyro2_state"": 0}, ""connection_status"": {""connected"": true, ""has_ever_connected"": true, ""packet_age_ms"": 0, ""timeout_exceeded"": false, ""rssi"": -88}, ""communication_mode"": ""BEACON"", ""timestamp"": 197803, ""packets_received"": 939, ""kalman_data"": {""altitude"": -0.75, ""vertical_velocity"": -3.22}, ""kalman_altitude"": -0.75, ""kalman_vertical_velocity"": -3.22, ""pyroDrogue"": 0, ""pyroMain"": 0, ""pyro1_state"": 0, ""pyro2_state"": 0}"
1768315554.051675,2026-01-13T17:45:54.051675,3627,0,0,-0.38,0.1,0.89,-22.67,6.9,-9.15,-3.51,-3.32,0,0,0,313077,853.05,27.55,-1.09,0,0,0,0,-89,-1.09,-3.27,BEACON,"{""record_number"": 3627, ""operation_mode"": 0, ""state"": 0, ""battery_voltage"": 0, ""wifi_rssi"": -89, ""acc_data"": {""ax"": -0.38, ""ay"": 0.1, ""az"": 0.89, ""pitch"": -22.67, ""roll"": 6.9}, ""gyro_data"": {""gx"": -9.15, ""gy"": -3.51, ""gz"": -3.32}, ""gps_data"": {""latitude"": 0, ""longitude"": 0, ""gps_altitude"": 0, ""time"": 313077}, ""alt_data"": {""pressure"": 853.05, ""temperature"": 27.55, ""AGL"": -1.09, ""velocity"": 0, ""kalman_altitude"": -1.09, ""kalman_vertical_velocity"": -3.27}, ""chute_state"": {""pyro1_state"": 0, ""pyro2_state"": 0}, ""connection_status"": {""connected"": true, ""has_ever_connected"": true, ""packet_age_ms"": 0, ""timeout_exceeded"": false, ""rssi"": -89}, ""communication_mode"": ""BEACON"", ""timestamp"": 197915, ""packets_received"": 940, ""kalman_data"": {""altitude"": -1.09, ""vertical_velocity"": -3.27}, ""kalman_altitude"": -1.09, ""kalman_vertical_velocity"": -3.27, ""pyroDrogue"": 0, ""pyroMain"": 0, ""pyro1_state"": 0, ""pyro2_state"": 0}"
1768315554.458608,2026-01-13T17:45:54.458608,3628,0,0,-0.38,0.11,0.88,-22.76,6.42,-9.76,-3.2,-3.38,0,0,0,313077,853.08,27.54,-1.4,0,0,0,0,-88,-1.4,-3.3,BEACON,"{""record_number"": 3628, ""operation_mode"": 0, ""state"": 0, ""battery_voltage"": 0, ""wifi_rssi"": -88, ""acc_data"": {""ax"": -0.38, ""ay"": 0.11, ""az"": 0.88, ""pitch"": -22.76, ""roll"": 6.42}, ""gyro_data"": {""gx"": -9.76, ""gy"": -3.2, ""gz"": -3.38}, ""gps_data"": {""latitude"": 0, ""longitude"": 0, ""gps_altitude"": 0, ""time"": 313077}, ""alt_data"": {""pressure"": 853.08, ""temperature"": 27.54, ""AGL"": -1.4, ""velocity"": 0, ""kalman_altitude"": -1.4, ""kalman_vertical_velocity"": -3.3}, ""chute_state"": {""pyro1_state"": 0, ""pyro2_state"": 0}, ""connection_status"": {""connected"": true, ""has_ever_connected"": true, ""packet_age_ms"": 1, ""timeout_exceeded"": false, ""rssi"": -88}, ""communication_mode"": ""BEACON"", ""timestamp"": 198029, ""packets_received"": 941, ""kalman_data"": {""altitude"": -1.4, ""vertical_velocity"": -3.3}, ""kalman_altitude"": -1.4, ""kalman_vertical_velocity"": -3.3, ""pyroDrogue"": 0, ""pyroMain"": 0, ""pyro1_state"": 0, ""pyro2_state"": 0}"
1768315554.634392,2026-01-13T17:45:54.634392,3629,0,0,-0.39,0.11,0.88,-22.49,6.85,-8.66,-3.6,-3.87,0,0,0,313277,853.03,27.54,-0.82,0,0,0,0,-91,-0.83,-3.24,BEACON,"{""record_number"": 3629, ""operation_mode"": 0, ""state"": 0, ""battery_voltage"": 0, ""wifi_rssi"": -91, ""acc_data"": {""ax"": -0.39, ""ay"": 0.11, ""az"": 0.88, ""pitch"": -22.49, ""roll"": 6.85}, ""gyro_data"": {""gx"": -8.66, ""gy"": -3.6, ""gz"": -3.87}, ""gps_data"": {""latitude"": 0, ""longitude"": 0, ""gps_altitude"": 0, ""time"": 313277}, ""alt_data"": {""pressure"": 853.03, ""temperature"": 27.54, ""AGL"": -0.82, ""velocity"": 0, ""kalman_altitude"": -0.83, ""kalman_vertical_velocity"": -3.24}, ""chute_state"": {""pyro1_state"": 0, ""pyro2_state"": 0}, ""connection_status"": {""connected"": true, ""has_ever_connected"": true, ""packet_age_ms"": 0, ""timeout_exceeded"": false, ""rssi"": -91}, ""communication_mode"": ""BEACON"", ""timestamp"": 198141, ""packets_received"": 942, ""kalman_data"": {""altitude"": -0.83, ""vertical_velocity"": -3.24}, ""kalman_altitude"": -0.83, ""kalman_vertical_velocity"": -3.24, ""pyroDrogue"": 0, ""pyroMain"": 0, ""pyro1_state"": 0, ""pyro2_state"": 0}"
1768315554.716331,2026-01-13T17:45:54.716331,3631,0,0,-0.38,0.11,0.89,-22.76,6.66,-9.21,-3.78,-3.72,0,0,0,313277,853.08,27.54,-1.33,0,0,0,0,-88,-1.33,-3.3,BEACON,"{""record_number"": 3631, ""operation_mode"": 0, ""state"": 0, ""battery_voltage"": 0, ""wifi_rssi"": -88, ""acc_data"": {""ax"": -0.38, ""ay"": 0.11, ""az"": 0.89, ""pitch"": -22.76, ""roll"": 6.66}, ""gyro_data"": {""gx"": -9.21, ""gy"": -3.78, ""gz"": -3.72}, ""gps_data"": {""latitude"": 0, ""longitude"": 0, ""gps_altitude"": 0, ""time"": 313277}, ""alt_data"": {""pressure"": 853.08, ""temperature"": 27.54, ""AGL"": -1.33, ""velocity"": 0, ""kalman_altitude"": -1.33, ""kalman_vertical_velocity"": -3.3}, ""chute_state"": {""pyro1_state"": 0, ""pyro2_state"": 0}, ""connection_status"": {""connected"": true, ""has_ever_connected"": true, ""packet_age_ms"": 1, ""timeout_exceeded"": false, ""rssi"": -88}, ""communication_mode"": ""BEACON"", ""timestamp"": 198253, ""packets_received"": 943, ""kalman_data"": {""altitude"": -1.33, ""vertical_velocity"": -3.3}, ""kalman_altitude"": -1.33, ""kalman_vertical_velocity"": -3.3, ""pyroDrogue"": 0, ""pyroMain"": 0, ""pyro1_state"": 0, ""pyro2_state"": 0}"
1768315554.855336,2026-01-13T17:45:54.855336,3632,0,0,-0.38,0.1,0.89,-22.58,6.71,-9.42,-3.38,-2.99,0,0,0,313476,853.1,27.54,-1.55,0,0,0,0,-88,-1.54,-3.33,BEACON,"{""record_number"": 3632, ""operation_mode"": 0, ""state"": 0, ""battery_voltage"": 0, ""wifi_rssi"": -88, ""acc_data"": {""ax"": -0.38, ""ay"": 0.1, ""az"": 0.89, ""pitch"": -22.58, ""roll"": 6.71}, ""gyro_data"": {""gx"": -9.42, ""gy"": -3.38, ""gz"": -2.99}, ""gps_data"": {""latitude"": 0, ""longitude"": 0, ""gps_altitude"": 0, ""time"": 313476}, ""alt_data"": {""pressure"": 853.1, ""temperature"": 27.54, ""AGL"": -1.55, ""velocity"": 0, ""kalman_altitude"": -1.54, ""kalman_vertical_velocity"": -3.33}, ""chute_state"": {""pyro1_state"": 0, ""pyro2_state"": 0}, ""connection_status"": {""connected"": true, ""has_ever_connected"": true, ""packet_age_ms"": 1, ""timeout_exceeded"": false, ""rssi"": -88}, ""communication_mode"": ""BEACON"", ""timestamp"": 198366, ""packets_received"": 944, ""kalman_data"": {""altitude"": -1.54, ""vertical_velocity"": -3.33}, ""kalman_altitude"": -1.54, ""kalman_vertical_velocity"": -3.33, ""pyroDrogue"": 0, ""pyroMain"": 0, ""pyro1_state"": 0, ""pyro2_state"": 0}"
1768315554.935808,2026-01-13T17:45:54.935808,3633,0,0,-0.38,0.1,0.89,-22.7,6.94,-9.36,-2.59,-3.35,0,0,0,313476,853.02,27.53,-0.74,0,0,0,0,-90,-0.75,-3.23,BEACON,"{""record_number"": 3633, ""operation_mode"": 0, ""state"": 0, ""battery_voltage"": 0, ""wifi_rssi"": -90, ""acc_data"": {""ax"": -0.38, ""ay"": 0.1, ""az"": 0.89, ""pitch"": -22.7, ""roll"": 6.94}, ""gyro_data"": {""gx"": -9.36, ""gy"": -2.59, ""gz"": -3.35}, ""gps_data"": {""latitude"": 0, ""longitude"": 0, ""gps_altitude"": 0, ""time"": 313476}, ""alt_data"": {""pressure"": 853.02, ""temperature"": 27.53, ""AGL"": -0.74, ""velocity"": 0, ""kalman_altitude"": -0.75, ""kalman_vertical_velocity"": -3.23}, ""chute_state"": {""pyro1_state"": 0, ""pyro2_state"": 0}, ""connection_status"": {""connected"": true, ""has_ever_connected"": true, ""packet_age_ms"": 1, ""timeout_exceeded"": false, ""rssi"": -90}, ""communication_mode"": ""BEACON"", ""timestamp"": 198477, ""packets_received"": 945, ""kalman_data"": {""altitude"": -0.75, ""vertical_velocity"": -3.23}, ""kalman_altitude"": -0.75, ""kalman_vertical_velocity"": -3.23, ""pyroDrogue"": 0, ""pyroMain"": 0, ""pyro1_state"": 0, ""pyro2_state"": 0}"
1768315554.994199,2026-01-13T17:45:54.994199,3634,0,0,-0.38,0.11,0.89,-22.49,6.47,-9.48,-4.05,-3.63,0,0,0,313681,853.04,27.54,-0.97,0,0,0,0,-89,-0.97,-3.26,BEACON,"{""record_number"": 3634, ""operation_mode"": 0, ""state"": 0, ""battery_voltage"": 0, ""wifi_rssi"": -89, ""acc_data"": {""ax"": -0.38, ""ay"": 0.11, ""az"": 0.89, ""pitch"": -22.49, ""roll"": 6.47}, ""gyro_data"": {""gx"": -9.48, ""gy"": -4.05, ""gz"": -3.63}, ""gps_data"": {""latitude"": 0, ""longitude"": 0, ""gps_altitude"": 0, ""time"": 313681}, ""alt_data"": {""pressure"": 853.04, ""temperature"": 27.54, ""AGL"": -0.97, ""velocity"": 0, ""kalman_altitude"": -0.97, ""kalman_vertical_velocity"": -3.26}, ""chute_state"": {""pyro1_state"": 0, ""pyro2_state"": 0}, ""connection_status"": {""connected"": true, ""has_ever_connected"": true, ""packet_age_ms"": 0, ""timeout_exceeded"": false, ""rssi"": -89}, ""communication_mode"": ""BEACON"", ""timestamp"": 198590, ""packets_received"": 946, ""kalman_data"": {""altitude"": -0.97, ""vertical_velocity"": -3.26}, ""kalman_altitude"": -0.97, ""kalman_vertical_velocity"": -3.26, ""pyroDrogue"": 0, ""pyroMain"": 0, ""pyro1_state"": 0, ""pyro2_state"": 0}"
1768315555.05118,2026-01-13T17:45:55.051180,3636,0,0,-0.38,0.11,0.89,-22.31,7.07,-8.99,-3.29,-3.93,0,0,0,313883,853.09,27.54,-1.47,0,0,0,0,-88,-1.47,-3.32,BEACON,"{""record_number"": 3636, ""operation_mode"": 0, ""state"": 0, ""battery_voltage"": 0, ""wifi_rssi"": -88, ""acc_data"": {""ax"": -0.38, ""ay"": 0.11, ""az"": 0.89, ""pitch"": -22.31, ""roll"": 7.07}, ""gyro_data"": {""gx"": -8.99, ""gy"": -3.29, ""gz"": -3.93}, ""gps_data"": {""latitude"": 0, ""longitude"": 0, ""gps_altitude"": 0, ""time"": 313883}, ""alt_data"": {""pressure"": 853.09, ""temperature"": 27.54, ""AGL"": -1.47, ""velocity"": 0, ""kalman_altitude"": -1.47, ""kalman_vertical_velocity"": -3.32}, ""chute_state"": {""pyro1_state"": 0, ""pyro2_state"": 0}, ""connection_status"": {""connected"": true, ""has_ever_connected"": true, ""packet_age_ms"": 0, ""timeout_exceeded"": false, ""rssi"": -88}, ""communication_mode"": ""BEACON"", ""timestamp"": 198704, ""packets_received"": 947, ""kalman_data"": {""altitude"": -1.47, ""vertical_velocity"": -3.32}, ""kalman_altitude"": -1.47, ""kalman_vertical_velocity"": -3.32, ""pyroDrogue"": 0, ""pyroMain"": 0, ""pyro1_state"": 0, ""pyro2_state"": 0}"
1768315555.099757,2026-01-13T17:45:55.099757,3637,0,0,-0.38,0.11,0.88,-22.7,6.74,-9.45,-2.68,-3.26,0,0,0,313883,853.03,27.54,-0.82,0,0,0,0,-89,-0.83,-3.24,BEACON,"{""record_number"": 3637, ""operation_mode"": 0, ""state"": 0, ""battery_voltage"": 0, ""wifi_rssi"": -89, ""acc_data"": {""ax"": -0.38, ""ay"": 0.11, ""az"": 0.88, ""pitch"": -22.7, ""roll"": 6.74}, ""gyro_data"": {""gx"": -9.45, ""gy"": -2.68, ""gz"": -3.26}, ""gps_data"": {""latitude"": 0, ""longitude"": 0, ""gps_altitude"": 0, ""time"": 313883}, ""alt_data"": {""pressure"": 853.03, ""temperature"": 27.54, ""AGL"": -0.82, ""velocity"": 0, ""kalman_altitude"": -0.83, ""kalman_vertical_velocity"": -3.24}, ""chute_state"": {""pyro1_state"": 0, ""pyro2_state"": 0}, ""connection_status"": {""connected"": true, ""has_ever_connected"": true, ""packet_age_ms"": 0, ""timeout_exceeded"": false, ""rssi"": -89}, ""communication_mode"": ""BEACON"", ""timestamp"": 198815, ""packets_received"": 948, ""kalman_data"": {""altitude"": -0.83, ""vertical_velocity"": -3.24}, ""kalman_altitude"": -0.83, ""kalman_vertical_velocity"": -3.24, ""pyroDrogue"": 0, ""pyroMain"": 0, ""pyro1_state"": 0, ""pyro2_state"": 0}"
1768315555.143721,2026-01-13T17:45:55.143721,3638,0,0,-0.38,0.1,0.88,-22.82,6.76,-9.33,-3.02,-3.84,0,0,0,314082,853,27.54,-0.61,0,0,0,0,-89,-0.61,-3.22,BEACON,"{""record_number"": 3638, ""operation_mode"": 0, ""state"": 0, ""battery_voltage"": 0, ""wifi_rssi"": -89, ""acc_data"": {""ax"": -0.38, ""ay"": 0.1, ""az"": 0.88, ""pitch"": -22.82, ""roll"": 6.76}, ""gyro_data"": {""gx"": -9.33, ""gy"": -3.02, ""gz"": -3.84}, ""gps_data"": {""latitude"": 0, ""longitude"": 0, ""gps_altitude"": 0, ""time"": 314082}, ""alt_data"": {""pressure"": 853, ""temperature"": 27.54, ""AGL"": -0.61, ""velocity"": 0, ""kalman_altitude"": -0.61, ""kalman_vertical_velocity"": -3.22}, ""chute_state"": {""pyro1_state"": 0, ""pyro2_state"": 0}, ""connection_status"": {""connected"": true, ""has_ever_connected"": true, ""packet_age_ms"": 1, ""timeout_exceeded"": false, ""rssi"": -89}, ""communication_mode"": ""BEACON"", ""timestamp"": 198932, ""packets_received"": 949, ""kalman_data"": {""altitude"": -0.61, ""vertical_velocity"": -3.22}, ""kalman_altitude"": -0.61, ""kalman_vertical_velocity"": -3.22, ""pyroDrogue"": 0, ""pyroMain"": 0, ""pyro1_state"": 0, ""pyro2_state"": 0}"
1768315555.210177,2026-01-13T17:45:55.210177,3640,0,0,-0.38,0.11,0.88,-22.4,6.62,-9.24,-2.9,-3.48,0,0,0,314082,853.08,27.54,-1.37,0,0,0,0,-86,-1.36,-3.31,BEACON,"{""record_number"": 3640, ""operation_mode"": 0, ""state"": 0, ""battery_voltage"": 0, ""wifi_rssi"": -86, ""acc_data"": {""ax"": -0.38, ""ay"": 0.11, ""az"": 0.88, ""pitch"": -22.4, ""roll"": 6.62}, ""gyro_data"": {""gx"": -9.24, ""gy"": -2.9, ""gz"": -3.48}, ""gps_data"": {""latitude"": 0, ""longitude"": 0, ""gps_altitude"": 0, ""time"": 314082}, ""alt_data"": {""pressure"": 853.08, ""temperature"": 27.54, ""AGL"": -1.37, ""velocity"": 0, ""kalman_altitude"": -1.36, ""kalman_vertical_velocity"": -3.31}, ""chute_state"": {""pyro1_state"": 0, ""pyro2_state"": 0}, ""connection_status"": {""connected"": true, ""has_ever_connected"": true, ""packet_age_ms"": 0, ""timeout_exceeded"": false, ""rssi"": -86}, ""communication_mode"": ""BEACON"", ""timestamp"": 199043, ""packets_received"": 950, ""kalman_data"": {""altitude"": -1.36, ""vertical_velocity"": -3.31}, ""kalman_altitude"": -1.36, ""kalman_vertical_velocity"": -3.31, ""pyroDrogue"": 0, ""pyroMain"": 0, ""pyro1_state"": 0, ""pyro2_state"": 0}"
1768315555.301178,2026-01-13T17:45:55.301178,3641,0,0,-0.38,0.1,0.89,-22.7,7.01,-9.48,-3.08,-3.48,0,0,0,314283,853.07,27.54,-1.3,0,0,0,0,-88,-1.29,-3.3,BEACON,"{""record_number"": 3641, ""operation_mode"": 0, ""state"": 0, ""battery_voltage"": 0, ""wifi_rssi"": -88, ""acc_data"": {""ax"": -0.38, ""ay"": 0.1, ""az"": 0.89, ""pitch"": -22.7, ""roll"": 7.01}, ""gyro_data"": {""gx"": -9.48, ""gy"": -3.08, ""gz"": -3.48}, ""gps_data"": {""latitude"": 0, ""longitude"": 0, ""gps_altitude"": 0, ""time"": 314283}, ""alt_data"": {""pressure"": 853.07, ""temperature"": 27.54, ""AGL"": -1.3, ""velocity"": 0, ""kalman_altitude"": -1.29, ""kalman_vertical_velocity"": -3.3}, ""chute_state"": {""pyro1_state"": 0, ""pyro2_state"": 0}, ""connection_status"": {""connected"": true, ""has_ever_connected"": true, ""packet_age_ms"": 0, ""timeout_exceeded"": false, ""rssi"": -88}, ""communication_mode"": ""BEACON"", ""timestamp"": 199154, ""packets_received"": 951, ""kalman_data"": {""altitude"": -1.29, ""vertical_velocity"": -3.3}, ""kalman_altitude"": -1.29, ""kalman_vertical_velocity"": -3.3, ""pyroDrogue"": 0, ""pyroMain"": 0, ""pyro1_state"": 0, ""pyro2_state"": 0}"
1768315555.421175,2026-01-13T17:45:55.421175,3642,0,0,-0.38,0.11,0.89,-22.55,7.1,-8.75,-2.41,-3.75,0,0,0,314283,853.08,27.54,-1.32,0,0,0,0,-89,-1.32,-3.31,BEACON,"{""record_number"": 3642, ""operation_mode"": 0, ""state"": 0, ""battery_voltage"": 0, ""wifi_rssi"": -89, ""acc_data"": {""ax"": -0.38, ""ay"": 0.11, ""az"": 0.89, ""pitch"": -22.55, ""roll"": 7.1}, ""gyro_data"": {""gx"": -8.75, ""gy"": -2.41, ""gz"": -3.75}, ""gps_data"": {""latitude"": 0, ""longitude"": 0, ""gps_altitude"": 0, ""time"": 314283}, ""alt_data"": {""pressure"": 853.08, ""temperature"": 27.54, ""AGL"": -1.32, ""velocity"": 0, ""kalman_altitude"": -1.32, ""kalman_vertical_velocity"": -3.31}, ""chute_state"": {""pyro1_state"": 0, ""pyro2_state"": 0}, ""connection_status"": {""connected"": true, ""has_ever_connected"": true, ""packet_age_ms"": 1, ""timeout_exceeded"": false, ""rssi"": -89}, ""communication_mode"": ""BEACON"", ""timestamp"": 199267, ""packets_received"": 952, ""kalman_data"": {""altitude"": -1.32, ""vertical_velocity"": -3.31}, ""kalman_altitude"": -1.32, ""kalman_vertical_velocity"": -3.31, ""pyroDrogue"": 0, ""pyroMain"": 0, ""pyro1_state"": 0, ""pyro2_state"": 0}"
1768315555.510805,2026-01-13T17:45:55.510805,3644,0,0,-0.38,0.1,0.88,-22.52,7.07,-9.36,-2.71,-3.96,0,0,0,314483,853.04,27.53,-0.92,0,0,0,0,-89,-0.93,-3.26,BEACON,"{""record_number"": 3644, ""operation_mode"": 0, ""state"": 0, ""battery_voltage"": 0, ""wifi_rssi"": -89, ""acc_data"": {""ax"": -0.38, ""ay"": 0.1, ""az"": 0.88, ""pitch"": -22.52, ""roll"": 7.07}, ""gyro_data"": {""gx"": -9.36, ""gy"": -2.71, ""gz"": -3.96}, ""gps_data"": {""latitude"": 0, ""longitude"": 0, ""gps_altitude"": 0, ""time"": 314483}, ""alt_data"": {""pressure"": 853.04, ""temperature"": 27.53, ""AGL"": -0.92, ""velocity"": 0, ""kalman_altitude"": -0.93, ""kalman_vertical_velocity"": -3.26}, ""chute_state"": {""pyro1_state"": 0, ""pyro2_state"": 0}, ""connection_status"": {""connected"": true, ""has_ever_connected"": true, ""packet_age_ms"": 0, ""timeout_exceeded"": false, ""rssi"": -89}, ""communication_mode"": ""BEACON"", ""timestamp"": 199378, ""packets_received"": 953, ""kalman_data"": {""altitude"": -0.93, ""vertical_velocity"": -3.26}, ""kalman_altitude"": -0.93, ""kalman_vertical_velocity"": -3.26, ""pyroDrogue"": 0, ""pyroMain"": 0, ""pyro1_state"": 0, ""pyro2_state"": 0}"
1768315555.655498,2026-01-13T17:45:55.655498,3645,0,0,-0.38,0.1,0.88,-22.34,6.76,-9.7,-3.17,-3.26,0,0,0,314483,853.02,27.54,-0.79,0,0,0,0,-89,-0.79,-3.25,BEACON,"{""record_number"": 3645, ""operation_mode"": 0, ""state"": 0, ""battery_voltage"": 0, ""wifi_rssi"": -89, ""acc_data"": {""ax"": -0.38, ""ay"": 0.1, ""az"": 0.88, ""pitch"": -22.34, ""roll"": 6.76}, ""gyro_data"": {""gx"": -9.7, ""gy"": -3.17, ""gz"": -3.26}, ""gps_data"": {""latitude"": 0, ""longitude"": 0, ""gps_altitude"": 0, ""time"": 314483}, ""alt_data"": {""pressure"": 853.02, ""temperature"": 27.54, ""AGL"": -0.79, ""velocity"": 0, ""kalman_altitude"": -0.79, ""kalman_vertical_velocity"": -3.25}, ""chute_state"": {""pyro1_state"": 0, ""pyro2_state"": 0}, ""connection_status"": {""connected"": true, ""has_ever_connected"": true, ""packet_age_ms"": 0, ""timeout_exceeded"": false, ""rssi"": -89}, ""communication_mode"": ""BEACON"", ""timestamp"": 199492, ""packets_received"": 954, ""kalman_data"": {""altitude"": -0.79, ""vertical_velocity"": -3.25}, ""kalman_altitude"": -0.79, ""kalman_vertical_velocity"": -3.25, ""pyroDrogue"": 0, ""pyroMain"": 0, ""pyro1_state"": 0, ""pyro2_state"": 0}"
1768315556.0049,2026-01-13T17:45:56.004900,3649,0,0,-0.38,0.11,0.88,-22.21,6.81,-8.72,-3.72,-3.75,0,0,0,314890,853.13,27.54,-1.83,0,0,0,0,-89,-1.82,-3.37,BEACON,"{""record_number"": 3649, ""operation_mode"": 0, ""state"": 0, ""battery_voltage"": 0, ""wifi_rssi"": -89, ""acc_data"": {""ax"": -0.38, ""ay"": 0.11, ""az"": 0.88, ""pitch"": -22.21, ""roll"": 6.81}, ""gyro_data"": {""gx"": -8.72, ""gy"": -3.72, ""gz"": -3.75}, ""gps_data"": {""latitude"": 0, ""longitude"": 0, ""gps_altitude"": 0, ""time"": 314890}, ""alt_data"": {""pressure"": 853.13, ""temperature"": 27.54, ""AGL"": -1.83, ""velocity"": 0, ""kalman_altitude"": -1.82, ""kalman_vertical_velocity"": -3.37}, ""chute_state"": {""pyro1_state"": 0, ""pyro2_state"": 0}, ""connection_status"": {""connected"": true, ""has_ever_connected"": true, ""packet_age_ms"": 1, ""timeout_exceeded"": false, ""rssi"": -89}, ""communication_mode"": ""BEACON"", ""timestamp"": 199831, ""packets_received"": 955, ""kalman_data"": {""altitude"": -1.82, ""vertical_velocity"": -3.37}, ""kalman_altitude"": -1.82, ""kalman_vertical_velocity"": -3.37, ""pyroDrogue"": 0, ""pyroMain"": 0, ""pyro1_state"": 0, ""pyro2_state"": 0}"
1768315556.200853,2026-01-13T17:45:56.200853,3652,0,0,-0.38,0.11,0.89,-22.46,6.46,-8.93,-3.32,-3.66,0,0,0,315091,853.09,27.54,-1.43,0,0,0,0,-86,-1.43,-3.33,BEACON,"{""record_number"": 3652, ""operation_mode"": 0, ""state"": 0, ""battery_voltage"": 0, ""wifi_rssi"": -86, ""acc_data"": {""ax"": -0.38, ""ay"": 0.11, ""az"": 0.89, ""pitch"": -22.46, ""roll"": 6.46}, ""gyro_data"": {""gx"": -8.93, ""gy"": -3.32, ""gz"": -3.66}, ""gps_data"": {""latitude"": 0, ""longitude"": 0, ""gps_altitude"": 0, ""time"": 315091}, ""alt_data"": {""pressure"": 853.09, ""temperature"": 27.54, ""AGL"": -1.43, ""velocity"": 0, ""kalman_altitude"": -1.43, ""kalman_vertical_velocity"": -3.33}, ""chute_state"": {""pyro1_state"": 0, ""pyro2_state"": 0}, ""connection_status"": {""connected"": true, ""has_ever_connected"": true, ""packet_age_ms"": 0, ""timeout_exceeded"": false, ""rssi"": -86}, ""communication_mode"": ""BEACON"", ""timestamp"": 200056, ""packets_received"": 956, ""kalman_data"": {""altitude"": -1.43, ""vertical_velocity"": -3.33}, ""kalman_altitude"": -1.43, ""kalman_vertical_velocity"": -3.33, ""pyroDrogue"": 0, ""pyroMain"": 0, ""pyro1_state"": 0, ""pyro2_state"": 0}"
1768315556.333015,2026-01-13T17:45:56.333015,3653,0,0,-0.38,0.1,0.88,-22.43,7.13,-9.66,-2.71,-4.09,0,0,0,315290,853.07,27.54,-1.22,0,0,0,0,-88,-1.22,-3.3,BEACON,"{""record_number"": 3653, ""operation_mode"": 0, ""state"": 0, ""battery_voltage"": 0, ""wifi_rssi"": -88, ""acc_data"": {""ax"": -0.38, ""ay"": 0.1, ""az"": 0.88, ""pitch"": -22.43, ""roll"": 7.13}, ""gyro_data"": {""gx"": -9.66, ""gy"": -2.71, ""gz"": -4.09}, ""gps_data"": {""latitude"": 0, ""longitude"": 0, ""gps_altitude"": 0, ""time"": 315290}, ""alt_data"": {""pressure"": 853.07, ""temperature"": 27.54, ""AGL"": -1.22, ""velocity"": 0, ""kalman_altitude"": -1.22, ""kalman_vertical_velocity"": -3.3}, ""chute_state"": {""pyro1_state"": 0, ""pyro2_state"": 0}, ""connection_status"": {""connected"": true, ""has_ever_connected"": true, ""packet_age_ms"": 0, ""timeout_exceeded"": false, ""rssi"": -88}, ""communication_mode"": ""BEACON"", ""timestamp"": 200169, ""packets_received"": 957, ""kalman_data"": {""altitude"": -1.22, ""vertical_velocity"": -3.3}, ""kalman_altitude"": -1.22, ""kalman_vertical_velocity"": -3.3, ""pyroDrogue"": 0, ""pyroMain"": 0, ""pyro1_state"": 0, ""pyro2_state"": 0}"
1768315556.48902,2026-01-13T17:45:56.489020,3654,0,0,-0.38,0.1,0.9,-22.43,6.49,-8.51,-3.38,-3.23,0,0,0,315290,853.09,27.54,-1.51,0,0,0,0,-87,-1.51,-3.34,BEACON,"{""record_number"": 3654, ""operation_mode"": 0, ""state"": 0, ""battery_voltage"": 0, ""wifi_rssi"": -87, ""acc_data"": {""ax"": -0.38, ""ay"": 0.1, ""az"": 0.9, ""pitch"": -22.43, ""roll"": 6.49}, ""gyro_data"": {""gx"": -8.51, ""gy"": -3.38, ""gz"": -3.23}, ""gps_data"": {""latitude"": 0, ""longitude"": 0, ""gps_altitude"": 0, ""time"": 315290}, ""alt_data"": {""pressure"": 853.09, ""temperature"": 27.54, ""AGL"": -1.51, ""velocity"": 0, ""kalman_altitude"": -1.51, ""kalman_vertical_velocity"": -3.34}, ""chute_state"": {""pyro1_state"": 0, ""pyro2_state"": 0}, ""connection_status"": {""connected"": true, ""has_ever_connected"": true, ""packet_age_ms"": 0, ""timeout_exceeded"": false, ""rssi"": -87}, ""communication_mode"": ""BEACON"", ""timestamp"": 200281, ""packets_received"": 958, ""kalman_data"": {""altitude"": -1.51, ""vertical_velocity"": -3.34}, ""kalman_altitude"": -1.51, ""kalman_vertical_velocity"": -3.34, ""pyroDrogue"": 0, ""pyroMain"": 0, ""pyro1_state"": 0, ""pyro2_state"": 0}"
1768315556.571025,2026-01-13T17:45:56.571025,3655,0,0,-0.38,0.1,0.89,-22.55,6.73,-9.18,-3.66,-3.45,0,0,0,315491,853.1,27.54,-1.54,0,0,0,0,-88,-1.54,-3.35,BEACON,"{""record_number"": 3655, ""operation_mode"": 0, ""state"": 0, ""battery_voltage"": 0, ""wifi_rssi"": -88, ""acc_data"": {""ax"": -0.38, ""ay"": 0.1, ""az"": 0.89, ""pitch"": -22.55, ""roll"": 6.73}, ""gyro_data"": {""gx"": -9.18, ""gy"": -3.66, ""gz"": -3.45}, ""gps_data"": {""latitude"": 0, ""longitude"": 0, ""gps_altitude"": 0, ""time"": 315491}, ""alt_data"": {""pressure"": 853.1, ""temperature"": 27.54, ""AGL"": -1.54, ""velocity"": 0, ""kalman_altitude"": -1.54, ""kalman_vertical_velocity"": -3.35}, ""chute_state"": {""pyro1_state"": 0, ""pyro2_state"": 0}, ""connection_status"": {""connected"": true, ""has_ever_connected"": true, ""packet_age_ms"": 0, ""timeout_exceeded"": false, ""rssi"": -88}, ""communication_mode"": ""BEACON"", ""timestamp"": 200395, ""packets_received"": 959, ""kalman_data"": {""altitude"": -1.54, ""vertical_velocity"": -3.35}, ""kalman_altitude"": -1.54, ""kalman_vertical_velocity"": -3.35, ""pyroDrogue"": 0, ""pyroMain"": 0, ""pyro1_state"": 0, ""pyro2_state"": 0}"
1768315556.668356,2026-01-13T17:45:56.668356,3657,0,0,-0.38,0.11,0.88,-22.73,6.83,-9.27,-3.51,-3.32,0,0,0,315695,853.08,27.53,-1.35,0,0,0,0,-90,-1.35,-3.32,BEACON,"{""record_number"": 3657, ""operation_mode"": 0, ""state"": 0, ""battery_voltage"": 0, ""wifi_rssi"": -90, ""acc_data"": {""ax"": -0.38, ""ay"": 0.11, ""az"": 0.88, ""pitch"": -22.73, ""roll"": 6.83}, ""gyro_data"": {""gx"": -9.27, ""gy"": -3.51, ""gz"": -3.32}, ""gps_data"": {""latitude"": 0, ""longitude"": 0, ""gps_altitude"": 0, ""time"": 315695}, ""alt_data"": {""pressure"": 853.08, ""temperature"": 27.53, ""AGL"": -1.35, ""velocity"": 0, ""kalman_altitude"": -1.35, ""kalman_vertical_velocity"": -3.32}, ""chute_state"": {""pyro1_state"": 0, ""pyro2_state"": 0}, ""connection_status"": {""connected"": true, ""has_ever_connected"": true, ""packet_age_ms"": 0, ""timeout_exceeded"": false, ""rssi"": -90}, ""communication_mode"": ""BEACON"", ""timestamp"": 200506, ""packets_received"": 960, ""kalman_data"": {""altitude"": -1.35, ""vertical_velocity"": -3.32}, ""kalman_altitude"": -1.35, ""kalman_vertical_velocity"": -3.32, ""pyroDrogue"": 0, ""pyroMain"": 0, ""pyro1_state"": 0, ""pyro2_state"": 0}"
1768315556.759951,2026-01-13T17:45:56.759951,3658,0,0,-0.38,0.11,0.89,-22.28,6.87,-9.73,-3.23,-4.02,0,0,0,315695,853.1,27.54,-1.61,0,0,0,0,-87,-1.61,-3.36,BEACON,"{""record_number"": 3658, ""operation_mode"": 0, ""state"": 0, ""battery_voltage"": 0, ""wifi_rssi"": -87, ""acc_data"": {""ax"": -0.38, ""ay"": 0.11, ""az"": 0.89, ""pitch"": -22.28, ""roll"": 6.87}, ""gyro_data"": {""gx"": -9.73, ""gy"": -3.23, ""gz"": -4.02}, ""gps_data"": {""latitude"": 0, ""longitude"": 0, ""gps_altitude"": 0, ""time"": 315695}, ""alt_data"": {""pressure"": 853.1, ""temperature"": 27.54, ""AGL"": -1.61, ""velocity"": 0, ""kalman_altitude"": -1.61, ""kalman_vertical_velocity"": -3.36}, ""chute_state"": {""pyro1_state"": 0, ""pyro2_state"": 0}, ""connection_status"": {""connected"": true, ""has_ever_connected"": true, ""packet_age_ms"": 1, ""timeout_exceeded"": false, ""rssi"": -87}, ""communication_mode"": ""BEACON"", ""timestamp"": 200619, ""packets_received"": 961, ""kalman_data"": {""altitude"": -1.61, ""vertical_velocity"": -3.36}, ""kalman_altitude"": -1.61, ""kalman_vertical_velocity"": -3.36, ""pyroDrogue"": 0, ""pyroMain"": 0, ""pyro1_state"": 0, ""pyro2_state"": 0}"
1768315556.883607,2026-01-13T17:45:56.883607,3659,0,0,-0.38,0.1,0.89,-22.31,7.23,-9.3,-3.6,-3.26,0,0,0,315897,853.12,27.54,-1.72,0,0,0,0,-88,-1.72,-3.37,BEACON,"{""record_number"": 3659, ""operation_mode"": 0, ""state"": 0, ""battery_voltage"": 0, ""wifi_rssi"": -88, ""acc_data"": {""ax"": -0.38, ""ay"": 0.1, ""az"": 0.89, ""pitch"": -22.31, ""roll"": 7.23}, ""gyro_data"": {""gx"": -9.3, ""gy"": -3.6, ""gz"": -3.26}, ""gps_data"": {""latitude"": 0, ""longitude"": 0, ""gps_altitude"": 0, ""time"": 315897}, ""alt_data"": {""pressure"": 853.12, ""temperature"": 27.54, ""AGL"": -1.72, ""velocity"": 0, ""kalman_altitude"": -1.72, ""kalman_vertical_velocity"": -3.37}, ""chute_state"": {""pyro1_state"": 0, ""pyro2_state"": 0}, ""connection_status"": {""connected"": true, ""has_ever_connected"": true, ""packet_age_ms"": 0, ""timeout_exceeded"": false, ""rssi"": -88}, ""communication_mode"": ""BEACON"", ""timestamp"": 200731, ""packets_received"": 962, ""kalman_data"": {""altitude"": -1.72, ""vertical_velocity"": -3.37}, ""kalman_altitude"": -1.72, ""kalman_vertical_velocity"": -3.37, ""pyroDrogue"": 0, ""pyroMain"": 0, ""pyro1_state"": 0, ""pyro2_state"": 0}"
1768315556.993975,2026-01-13T17:45:56.993975,3661,0,0,-0.38,0.11,0.88,-22.31,6.52,-9.79,-2.99,-2.96,0,0,0,315897,853.07,27.54,-1.3,0,0,0,0,-89,-1.3,-3.32,BEACON,"{""record_number"": 3661, ""operation_mode"": 0, ""state"": 0, ""battery_voltage"": 0, ""wifi_rssi"": -89, ""acc_data"": {""ax"": -0.38, ""ay"": 0.11, ""az"": 0.88, ""pitch"": -22.31, ""roll"": 6.52}, ""gyro_data"": {""gx"": -9.79, ""gy"": -2.99, ""gz"": -2.96}, ""gps_data"": {""latitude"": 0, ""longitude"": 0, ""gps_altitude"": 0, ""time"": 315897}, ""alt_data"": {""pressure"": 853.07, ""temperature"": 27.54, ""AGL"": -1.3, ""velocity"": 0, ""kalman_altitude"": -1.3, ""kalman_vertical_velocity"": -3.32}, ""chute_state"": {""pyro1_state"": 0, ""pyro2_state"": 0}, ""connection_status"": {""connected"": true, ""has_ever_connected"": true, ""packet_age_ms"": 0, ""timeout_exceeded"": false, ""rssi"": -89}, ""communication_mode"": ""BEACON"", ""timestamp"": 200844, ""packets_received"": 963, ""kalman_data"": {""altitude"": -1.3, ""vertical_velocity"": -3.32}, ""kalman_altitude"": -1.3, ""kalman_vertical_velocity"": -3.32, ""pyroDrogue"": 0, ""pyroMain"": 0, ""pyro1_state"": 0, ""pyro2_state"": 0}"
1768315557.15551,2026-01-13T17:45:57.155510,3662,0,0,-0.38,0.1,0.88,-22.76,6.91,-9.7,-3.11,-3.38,0,0,0,316098,853.06,27.54,-1.15,0,0,0,0,-88,-1.15,-3.3,BEACON,"{""record_number"": 3662, ""operation_mode"": 0, ""state"": 0, ""battery_voltage"": 0, ""wifi_rssi"": -88, ""acc_data"": {""ax"": -0.38, ""ay"": 0.1, ""az"": 0.88, ""pitch"": -22.76, ""roll"": 6.91}, ""gyro_data"": {""gx"": -9.7, ""gy"": -3.11, ""gz"": -3.38}, ""gps_data"": {""latitude"": 0, ""longitude"": 0, ""gps_altitude"": 0, ""time"": 316098}, ""alt_data"": {""pressure"": 853.06, ""temperature"": 27.54, ""AGL"": -1.15, ""velocity"": 0, ""kalman_altitude"": -1.15, ""kalman_vertical_velocity"": -3.3}, ""chute_state"": {""pyro1_state"": 0, ""pyro2_state"": 0}, ""connection_status"": {""connected"": true, ""has_ever_connected"": true, ""packet_age_ms"": 0, ""timeout_exceeded"": false, ""rssi"": -88}, ""communication_mode"": ""BEACON"", ""timestamp"": 200957, ""packets_received"": 964, ""kalman_data"": {""altitude"": -1.15, ""vertical_velocity"": -3.3}, ""kalman_altitude"": -1.15, ""kalman_vertical_velocity"": -3.3, ""pyroDrogue"": 0, ""pyroMain"": 0, ""pyro1_state"": 0, ""pyro2_state"": 0}"
1768315557.484361,2026-01-13T17:45:57.484361,3666,0,0,-0.39,0.1,0.88,-22.37,6.98,-9.24,-3.2,-3.63,0,0,0,316298,853.1,27.54,-1.57,0,0,0,0,-89,-1.58,-3.36,BEACON,"{""record_number"": 3666, ""operation_mode"": 0, ""state"": 0, ""battery_voltage"": 0, ""wifi_rssi"": -89, ""acc_data"": {""ax"": -0.39, ""ay"": 0.1, ""az"": 0.88, ""pitch"": -22.37, ""roll"": 6.98}, ""gyro_data"": {""gx"": -9.24, ""gy"": -3.2, ""gz"": -3.63}, ""gps_data"": {""latitude"": 0, ""longitude"": 0, ""gps_altitude"": 0, ""time"": 316298}, ""alt_data"": {""pressure"": 853.1, ""temperature"": 27.54, ""AGL"": -1.57, ""velocity"": 0, ""kalman_altitude"": -1.58, ""kalman_vertical_velocity"": -3.36}, ""chute_state"": {""pyro1_state"": 0, ""pyro2_state"": 0}, ""connection_status"": {""connected"": true, ""has_ever_connected"": true, ""packet_age_ms"": 0, ""timeout_exceeded"": false, ""rssi"": -89}, ""communication_mode"": ""BEACON"", ""timestamp"": 201294, ""packets_received"": 965, ""kalman_data"": {""altitude"": -1.58, ""vertical_velocity"": -3.36}, ""kalman_altitude"": -1.58, ""kalman_vertical_velocity"": -3.36, ""pyroDrogue"": 0, ""pyroMain"": 0, ""pyro1_state"": 0, ""pyro2_state"": 0}"
1768315557.553358,2026-01-13T17:45:57.553358,3667,0,0,-0.39,0.11,0.88,-22.46,6.72,-9.54,-3.02,-3.66,0,0,0,316498,853.12,27.55,-1.77,0,0,0,0,-90,-1.77,-3.38,BEACON,"{""record_number"": 3667, ""operation_mode"": 0, ""state"": 0, ""battery_voltage"": 0, ""wifi_rssi"": -90, ""acc_data"": {""ax"": -0.39, ""ay"": 0.11, ""az"": 0.88, ""pitch"": -22.46, ""roll"": 6.72}, ""gyro_data"": {""gx"": -9.54, ""gy"": -3.02, ""gz"": -3.66}, ""gps_data"": {""latitude"": 0, ""longitude"": 0, ""gps_altitude"": 0, ""time"": 316498}, ""alt_data"": {""pressure"": 853.12, ""temperature"": 27.55, ""AGL"": -1.77, ""velocity"": 0, ""kalman_altitude"": -1.77, ""kalman_vertical_velocity"": -3.38}, ""chute_state"": {""pyro1_state"": 0, ""pyro2_state"": 0}, ""connection_status"": {""connected"": true, ""has_ever_connected"": true, ""packet_age_ms"": 0, ""timeout_exceeded"": false, ""rssi"": -90}, ""communication_mode"": ""BEACON"", ""timestamp"": 201406, ""packets_received"": 966, ""kalman_data"": {""altitude"": -1.77, ""vertical_velocity"": -3.38}, ""kalman_altitude"": -1.77, ""kalman_vertical_velocity"": -3.38, ""pyroDrogue"": 0, ""pyroMain"": 0, ""pyro1_state"": 0, ""pyro2_state"": 0}"
1768315557.651503,2026-01-13T17:45:57.651503,3669,0,0,-0.38,0.11,0.88,-22.43,6.32,-9.73,-2.2,-3.51,0,0,0,316702,853.09,27.54,-1.47,0,0,0,0,-87,-1.48,-3.35,BEACON,"{""record_number"": 3669, ""operation_mode"": 0, ""state"": 0, ""battery_voltage"": 0, ""wifi_rssi"": -87, ""acc_data"": {""ax"": -0.38, ""ay"": 0.11, ""az"": 0.88, ""pitch"": -22.43, ""roll"": 6.32}, ""gyro_data"": {""gx"": -9.73, ""gy"": -2.2, ""gz"": -3.51}, ""gps_data"": {""latitude"": 0, ""longitude"": 0, ""gps_altitude"": 0, ""time"": 316702}, ""alt_data"": {""pressure"": 853.09, ""temperature"": 27.54, ""AGL"": -1.47, ""velocity"": 0, ""kalman_altitude"": -1.48, ""kalman_vertical_velocity"": -3.35}, ""chute_state"": {""pyro1_state"": 0, ""pyro2_state"": 0}, ""connection_status"": {""connected"": true, ""has_ever_connected"": true, ""packet_age_ms"": 0, ""timeout_exceeded"": false, ""rssi"": -87}, ""communication_mode"": ""BEACON"", ""timestamp"": 201520, ""packets_received"": 967, ""kalman_data"": {""altitude"": -1.48, ""vertical_velocity"": -3.35}, ""kalman_altitude"": -1.48, ""kalman_vertical_velocity"": -3.35, ""pyroDrogue"": 0, ""pyroMain"": 0, ""pyro1_state"": 0, ""pyro2_state"": 0}"
1768315557.904631,2026-01-13T17:45:57.904631,3671,0,0,-0.38,0.1,0.88,-22.4,7.07,-9.42,-2.93,-3.72,0,0,0,316903,853.09,27.54,-1.5,0,0,0,0,-86,-1.5,-3.36,BEACON,"{""record_number"": 3671, ""operation_mode"": 0, ""state"": 0, ""battery_voltage"": 0, ""wifi_rssi"": -86, ""acc_data"": {""ax"": -0.38, ""ay"": 0.1, ""az"": 0.88, ""pitch"": -22.4, ""roll"": 7.07}, ""gyro_data"": {""gx"": -9.42, ""gy"": -2.93, ""gz"": -3.72}, ""gps_data"": {""latitude"": 0, ""longitude"": 0, ""gps_altitude"": 0, ""time"": 316903}, ""alt_data"": {""pressure"": 853.09, ""temperature"": 27.54, ""AGL"": -1.5, ""velocity"": 0, ""kalman_altitude"": -1.5, ""kalman_vertical_velocity"": -3.36}, ""chute_state"": {""pyro1_state"": 0, ""pyro2_state"": 0}, ""connection_status"": {""connected"": true, ""has_ever_connected"": true, ""packet_age_ms"": 0, ""timeout_exceeded"": false, ""rssi"": -86}, ""communication_mode"": ""BEACON"", ""timestamp"": 201744, ""packets_received"": 968, ""kalman_data"": {""altitude"": -1.5, ""vertical_velocity"": -3.36}, ""kalman_altitude"": -1.5, ""kalman_vertical_velocity"": -3.36, ""pyroDrogue"": 0, ""pyroMain"": 0, ""pyro1_state"": 0, ""pyro2_state"": 0}"
1768315558.092792,2026-01-13T17:45:58.092792,3674,0,0,-0.38,0.11,0.89,-22.64,6.65,-8.81,-2.8,-3.72,0,0,0,317104,853.08,27.54,-1.4,0,0,0,0,-87,-1.4,-3.35,BEACON,"{""record_number"": 3674, ""operation_mode"": 0, ""state"": 0, ""battery_voltage"": 0, ""wifi_rssi"": -87, ""acc_data"": {""ax"": -0.38, ""ay"": 0.11, ""az"": 0.89, ""pitch"": -22.64, ""roll"": 6.65}, ""gyro_data"": {""gx"": -8.81, ""gy"": -2.8, ""gz"": -3.72}, ""gps_data"": {""latitude"": 0, ""longitude"": 0, ""gps_altitude"": 0, ""time"": 317104}, ""alt_data"": {""pressure"": 853.08, ""temperature"": 27.54, ""AGL"": -1.4, ""velocity"": 0, ""kalman_altitude"": -1.4, ""kalman_vertical_velocity"": -3.35}, ""chute_state"": {""pyro1_state"": 0, ""pyro2_state"": 0}, ""connection_status"": {""connected"": true, ""has_ever_connected"": true, ""packet_age_ms"": 0, ""timeout_exceeded"": false, ""rssi"": -87}, ""communication_mode"": ""BEACON"", ""timestamp"": 201968, ""packets_received"": 969, ""kalman_data"": {""altitude"": -1.4, ""vertical_velocity"": -3.35}, ""kalman_altitude"": -1.4, ""kalman_vertical_velocity"": -3.35, ""pyroDrogue"": 0, ""pyroMain"": 0, ""pyro1_state"": 0, ""pyro2_state"": 0}"
1768315558.237357,2026-01-13T17:45:58.237357,3675,0,0,-0.39,0.1,0.88,-22.25,6.81,-9.3,-2.41,-3.66,0,0,0,317104,853.07,27.53,-1.28,0,0,0,0,-90,-1.28,-3.33,BEACON,"{""record_number"": 3675, ""operation_mode"": 0, ""state"": 0, ""battery_voltage"": 0, ""wifi_rssi"": -90, ""acc_data"": {""ax"": -0.39, ""ay"": 0.1, ""az"": 0.88, ""pitch"": -22.25, ""roll"": 6.81}, ""gyro_data"": {""gx"": -9.3, ""gy"": -2.41, ""gz"": -3.66}, ""gps_data"": {""latitude"": 0, ""longitude"": 0, ""gps_altitude"": 0, ""time"": 317104}, ""alt_data"": {""pressure"": 853.07, ""temperature"": 27.53, ""AGL"": -1.28, ""velocity"": 0, ""kalman_altitude"": -1.28, ""kalman_vertical_velocity"": -3.33}, ""chute_state"": {""pyro1_state"": 0, ""pyro2_state"": 0}, ""connection_status"": {""connected"": true, ""has_ever_connected"": true, ""packet_age_ms"": 0, ""timeout_exceeded"": false, ""rssi"": -90}, ""communication_mode"": ""BEACON"", ""timestamp"": 202081, ""packets_received"": 970, ""kalman_data"": {""altitude"": -1.28, ""vertical_velocity"": -3.33}, ""kalman_altitude"": -1.28, ""kalman_vertical_velocity"": -3.33, ""pyroDrogue"": 0, ""pyroMain"": 0, ""pyro1_state"": 0, ""pyro2_state"": 0}"
1768315558.377159,2026-01-13T17:45:58.377159,3677,0,0,-0.39,0.1,0.88,-22.55,6.64,-9.54,-3.14,-3.38,0,0,0,317303,853.08,27.54,-1.37,0,0,0,0,-88,-1.37,-3.34,BEACON,"{""record_number"": 3677, ""operation_mode"": 0, ""state"": 0, ""battery_voltage"": 0, ""wifi_rssi"": -88, ""acc_data"": {""ax"": -0.39, ""ay"": 0.1, ""az"": 0.88, ""pitch"": -22.55, ""roll"": 6.64}, ""gyro_data"": {""gx"": -9.54, ""gy"": -3.14, ""gz"": -3.38}, ""gps_data"": {""latitude"": 0, ""longitude"": 0, ""gps_altitude"": 0, ""time"": 317303}, ""alt_data"": {""pressure"": 853.08, ""temperature"": 27.54, ""AGL"": -1.37, ""velocity"": 0, ""kalman_altitude"": -1.37, ""kalman_vertical_velocity"": -3.34}, ""chute_state"": {""pyro1_state"": 0, ""pyro2_state"": 0}, ""connection_status"": {""connected"": true, ""has_ever_connected"": true, ""packet_age_ms"": 0, ""timeout_exceeded"": false, ""rssi"": -88}, ""communication_mode"": ""BEACON"", ""timestamp"": 202194, ""packets_received"": 971, ""kalman_data"": {""altitude"": -1.37, ""vertical_velocity"": -3.34}, ""kalman_altitude"": -1.37, ""kalman_vertical_velocity"": -3.34, ""pyroDrogue"": 0, ""pyroMain"": 0, ""pyro1_state"": 0, ""pyro2_state"": 0}"
1768315558.491156,2026-01-13T17:45:58.491156,3678,0,0,-0.38,0.1,0.88,-22.49,6.69,-8.99,-2.53,-3.23,0,0,0,317303,853.13,27.55,-1.84,0,0,0,0,-91,-1.84,-3.4,BEACON,"{""record_number"": 3678, ""operation_mode"": 0, ""state"": 0, ""battery_voltage"": 0, ""wifi_rssi"": -91, ""acc_data"": {""ax"": -0.38, ""ay"": 0.1, ""az"": 0.88, ""pitch"": -22.49, ""roll"": 6.69}, ""gyro_data"": {""gx"": -8.99, ""gy"": -2.53, ""gz"": -3.23}, ""gps_data"": {""latitude"": 0, ""longitude"": 0, ""gps_altitude"": 0, ""time"": 317303}, ""alt_data"": {""pressure"": 853.13, ""temperature"": 27.55, ""AGL"": -1.84, ""velocity"": 0, ""kalman_altitude"": -1.84, ""kalman_vertical_velocity"": -3.4}, ""chute_state"": {""pyro1_state"": 0, ""pyro2_state"": 0}, ""connection_status"": {""connected"": true, ""has_ever_connected"": true, ""packet_age_ms"": 1, ""timeout_exceeded"": false, ""rssi"": -91}, ""communication_mode"": ""BEACON"", ""timestamp"": 202308, ""packets_received"": 972, ""kalman_data"": {""altitude"": -1.84, ""vertical_velocity"": -3.4}, ""kalman_altitude"": -1.84, ""kalman_vertical_velocity"": -3.4, ""pyroDrogue"": 0, ""pyroMain"": 0, ""pyro1_state"": 0, ""pyro2_state"": 0}"
1768315558.587156,2026-01-13T17:45:58.587156,3679,0,0,-0.39,0.11,0.88,-22.43,6.15,-8.69,-2.74,-3.45,0,0,0,317504,853.11,27.54,-1.62,0,0,0,0,-88,-1.62,-3.38,BEACON,"{""record_number"": 3679, ""operation_mode"": 0, ""state"": 0, ""battery_voltage"": 0, ""wifi_rssi"": -88, ""acc_data"": {""ax"": -0.39, ""ay"": 0.11, ""az"": 0.88, ""pitch"": -22.43, ""roll"": 6.15}, ""gyro_data"": {""gx"": -8.69, ""gy"": -2.74, ""gz"": -3.45}, ""gps_data"": {""latitude"": 0, ""longitude"": 0, ""gps_altitude"": 0, ""time"": 317504}, ""alt_data"": {""pressure"": 853.11, ""temperature"": 27.54, ""AGL"": -1.62, ""velocity"": 0, ""kalman_altitude"": -1.62, ""kalman_vertical_velocity"": -3.38}, ""chute_state"": {""pyro1_state"": 0, ""pyro2_state"": 0}, ""connection_status"": {""connected"": true, ""has_ever_connected"": true, ""packet_age_ms"": 0, ""timeout_exceeded"": false, ""rssi"": -88}, ""communication_mode"": ""BEACON"", ""timestamp"": 202420, ""packets_received"": 973, ""kalman_data"": {""altitude"": -1.62, ""vertical_velocity"": -3.38}, ""kalman_altitude"": -1.62, ""kalman_vertical_velocity"": -3.38, ""pyroDrogue"": 0, ""pyroMain"": 0, ""pyro1_state"": 0, ""pyro2_state"": 0}"
1768315558.681893,2026-01-13T17:45:58.681893,3681,0,0,-0.38,0.11,0.89,-22.61,6.54,-9.6,-2.74,-3.96,0,0,0,317708,853.08,27.54,-1.32,0,0,0,0,-88,-1.33,-3.34,BEACON,"{""record_number"": 3681, ""operation_mode"": 0, ""state"": 0, ""battery_voltage"": 0, ""wifi_rssi"": -88, ""acc_data"": {""ax"": -0.38, ""ay"": 0.11, ""az"": 0.89, ""pitch"": -22.61, ""roll"": 6.54}, ""gyro_data"": {""gx"": -9.6, ""gy"": -2.74, ""gz"": -3.96}, ""gps_data"": {""latitude"": 0, ""longitude"": 0, ""gps_altitude"": 0, ""time"": 317708}, ""alt_data"": {""pressure"": 853.08, ""temperature"": 27.54, ""AGL"": -1.32, ""velocity"": 0, ""kalman_altitude"": -1.33, ""kalman_vertical_velocity"": -3.34}, ""chute_state"": {""pyro1_state"": 0, ""pyro2_state"": 0}, ""connection_status"": {""connected"": true, ""has_ever_connected"": true, ""packet_age_ms"": 1, ""timeout_exceeded"": false, ""rssi"": -88}, ""communication_mode"": ""BEACON"", ""timestamp"": 202533, ""packets_received"": 974, ""kalman_data"": {""altitude"": -1.33, ""vertical_velocity"": -3.34}, ""kalman_altitude"": -1.33, ""kalman_vertical_velocity"": -3.34, ""pyroDrogue"": 0, ""pyroMain"": 0, ""pyro1_state"": 0, ""pyro2_state"": 0}"
1768315558.783194,2026-01-13T17:45:58.783194,3682,0,0,-0.39,0.1,0.89,-22.09,7.15,-9.05,-3.9,-3.17,0,0,0,317708,853.05,27.54,-1.12,0,0,0,0,-87,-1.12,-3.32,BEACON,"{""record_number"": 3682, ""operation_mode"": 0, ""state"": 0, ""battery_voltage"": 0, ""wifi_rssi"": -87, ""acc_data"": {""ax"": -0.39, ""ay"": 0.1, ""az"": 0.89, ""pitch"": -22.09, ""roll"": 7.15}, ""gyro_data"": {""gx"": -9.05, ""gy"": -3.9, ""gz"": -3.17}, ""gps_data"": {""latitude"": 0, ""longitude"": 0, ""gps_altitude"": 0, ""time"": 317708}, ""alt_data"": {""pressure"": 853.05, ""temperature"": 27.54, ""AGL"": -1.12, ""velocity"": 0, ""kalman_altitude"": -1.12, ""kalman_vertical_velocity"": -3.32}, ""chute_state"": {""pyro1_state"": 0, ""pyro2_state"": 0}, ""connection_status"": {""connected"": true, ""has_ever_connected"": true, ""packet_age_ms"": 0, ""timeout_exceeded"": false, ""rssi"": -87}, ""communication_mode"": ""BEACON"", ""timestamp"": 202646, ""packets_received"": 975, ""kalman_data"": {""altitude"": -1.12, ""vertical_velocity"": -3.32}, ""kalman_altitude"": -1.12, ""kalman_vertical_velocity"": -3.32, ""pyroDrogue"": 0, ""pyroMain"": 0, ""pyro1_state"": 0, ""pyro2_state"": 0}"
1768315558.870482,2026-01-13T17:45:58.870482,3683,0,0,-0.39,0.11,0.89,-22.7,6.9,-9.6,-3.02,-4.09,0,0,0,317908,853.06,27.54,-1.15,0,0,0,0,-87,-1.15,-3.32,BEACON,"{""record_number"": 3683, ""operation_mode"": 0, ""state"": 0, ""battery_voltage"": 0, ""wifi_rssi"": -87, ""acc_data"": {""ax"": -0.39, ""ay"": 0.11, ""az"": 0.89, ""pitch"": -22.7, ""roll"": 6.9}, ""gyro_data"": {""gx"": -9.6, ""gy"": -3.02, ""gz"": -4.09}, ""gps_data"": {""latitude"": 0, ""longitude"": 0, ""gps_altitude"": 0, ""time"": 317908}, ""alt_data"": {""pressure"": 853.06, ""temperature"": 27.54, ""AGL"": -1.15, ""velocity"": 0, ""kalman_altitude"": -1.15, ""kalman_vertical_velocity"": -3.32}, ""chute_state"": {""pyro1_state"": 0, ""pyro2_state"": 0}, ""connection_status"": {""connected"": true, ""has_ever_connected"": true, ""packet_age_ms"": 0, ""timeout_exceeded"": false, ""rssi"": -87}, ""communication_mode"": ""BEACON"", ""timestamp"": 202759, ""packets_received"": 976, ""kalman_data"": {""altitude"": -1.15, ""vertical_velocity"": -3.32}, ""kalman_altitude"": -1.15, ""kalman_vertical_velocity"": -3.32, ""pyroDrogue"": 0, ""pyroMain"": 0, ""pyro1_state"": 0, ""pyro2_state"": 0}"
1768315559.007482,2026-01-13T17:45:59.007482,3685,0,0,-0.38,0.1,0.89,-22.58,6.71,-8.93,-3.69,-3.48,0,0,0,317908,853.07,27.54,-1.22,0,0,0,0,-86,-1.22,-3.33,BEACON,"{""record_number"": 3685, ""operation_mode"": 0, ""state"": 0, ""battery_voltage"": 0, ""wifi_rssi"": -86, ""acc_data"": {""ax"": -0.38, ""ay"": 0.1, ""az"": 0.89, ""pitch"": -22.58, ""roll"": 6.71}, ""gyro_data"": {""gx"": -8.93, ""gy"": -3.69, ""gz"": -3.48}, ""gps_data"": {""latitude"": 0, ""longitude"": 0, ""gps_altitude"": 0, ""time"": 317908}, ""alt_data"": {""pressure"": 853.07, ""temperature"": 27.54, ""AGL"": -1.22, ""velocity"": 0, ""kalman_altitude"": -1.22, ""kalman_vertical_velocity"": -3.33}, ""chute_state"": {""pyro1_state"": 0, ""pyro2_state"": 0}, ""connection_status"": {""connected"": true, ""has_ever_connected"": true, ""packet_age_ms"": 0, ""timeout_exceeded"": false, ""rssi"": -86}, ""communication_mode"": ""BEACON"", ""timestamp"": 202871, ""packets_received"": 977, ""kalman_data"": {""altitude"": -1.22, ""vertical_velocity"": -3.33}, ""kalman_altitude"": -1.22, ""kalman_vertical_velocity"": -3.33, ""pyroDrogue"": 0, ""pyroMain"": 0, ""pyro1_state"": 0, ""pyro2_state"": 0}"
1768315559.197357,2026-01-13T17:45:59.197357,3687,0,0,-0.38,0.11,0.89,-22.79,6.58,-8.9,-3.11,-4.42,0,0,0,318109,853.05,27.54,-1.12,0,0,0,0,-88,-1.12,-3.32,BEACON,"{""record_number"": 3687, ""operation_mode"": 0, ""state"": 0, ""battery_voltage"": 0, ""wifi_rssi"": -88, ""acc_data"": {""ax"": -0.38, ""ay"": 0.11, ""az"": 0.89, ""pitch"": -22.79, ""roll"": 6.58}, ""gyro_data"": {""gx"": -8.9, ""gy"": -3.11, ""gz"": -4.42}, ""gps_data"": {""latitude"": 0, ""longitude"": 0, ""gps_altitude"": 0, ""time"": 318109}, ""alt_data"": {""pressure"": 853.05, ""temperature"": 27.54, ""AGL"": -1.12, ""velocity"": 0, ""kalman_altitude"": -1.12, ""kalman_vertical_velocity"": -3.32}, ""chute_state"": {""pyro1_state"": 0, ""pyro2_state"": 0}, ""connection_status"": {""connected"": true, ""has_ever_connected"": true, ""packet_age_ms"": 0, ""timeout_exceeded"": false, ""rssi"": -88}, ""communication_mode"": ""BEACON"", ""timestamp"": 203097, ""packets_received"": 978, ""kalman_data"": {""altitude"": -1.12, ""vertical_velocity"": -3.32}, ""kalman_altitude"": -1.12, ""kalman_vertical_velocity"": -3.32, ""pyroDrogue"": 0, ""pyroMain"": 0, ""pyro1_state"": 0, ""pyro2_state"": 0}"
1768315559.372185,2026-01-13T17:45:59.372185,3689,0,0,-0.38,0.1,0.9,-22.67,6.67,-9.02,-2.47,-3.66,0,0,0,318309,853.09,27.54,-1.44,0,0,0,0,-88,-1.44,-3.36,BEACON,"{""record_number"": 3689, ""operation_mode"": 0, ""state"": 0, ""battery_voltage"": 0, ""wifi_rssi"": -88, ""acc_data"": {""ax"": -0.38, ""ay"": 0.1, ""az"": 0.9, ""pitch"": -22.67, ""roll"": 6.67}, ""gyro_data"": {""gx"": -9.02, ""gy"": -2.47, ""gz"": -3.66}, ""gps_data"": {""latitude"": 0, ""longitude"": 0, ""gps_altitude"": 0, ""time"": 318309}, ""alt_data"": {""pressure"": 853.09, ""temperature"": 27.54, ""AGL"": -1.44, ""velocity"": 0, ""kalman_altitude"": -1.44, ""kalman_vertical_velocity"": -3.36}, ""chute_state"": {""pyro1_state"": 0, ""pyro2_state"": 0}, ""connection_status"": {""connected"": true, ""has_ever_connected"": true, ""packet_age_ms"": 0, ""timeout_exceeded"": false, ""rssi"": -88}, ""communication_mode"": ""BEACON"", ""timestamp"": 203209, ""packets_received"": 979, ""kalman_data"": {""altitude"": -1.44, ""vertical_velocity"": -3.36}, ""kalman_altitude"": -1.44, ""kalman_vertical_velocity"": -3.36, ""pyroDrogue"": 0, ""pyroMain"": 0, ""pyro1_state"": 0, ""pyro2_state"": 0}"
1768315559.490185,2026-01-13T17:45:59.490185,3690,0,0,-0.38,0.11,0.88,-22.49,6.88,-9.33,-3.05,-4.48,0,0,0,318509,853.07,27.56,-1.27,0,0,0,0,-89,-1.28,-3.34,BEACON,"{""record_number"": 3690, ""operation_mode"": 0, ""state"": 0, ""battery_voltage"": 0, ""wifi_rssi"": -89, ""acc_data"": {""ax"": -0.38, ""ay"": 0.11, ""az"": 0.88, ""pitch"": -22.49, ""roll"": 6.88}, ""gyro_data"": {""gx"": -9.33, ""gy"": -3.05, ""gz"": -4.48}, ""gps_data"": {""latitude"": 0, ""longitude"": 0, ""gps_altitude"": 0, ""time"": 318509}, ""alt_data"": {""pressure"": 853.07, ""temperature"": 27.56, ""AGL"": -1.27, ""velocity"": 0, ""kalman_altitude"": -1.28, ""kalman_vertical_velocity"": -3.34}, ""chute_state"": {""pyro1_state"": 0, ""pyro2_state"": 0}, ""connection_status"": {""connected"": true, ""has_ever_connected"": true, ""packet_age_ms"": 1, ""timeout_exceeded"": false, ""rssi"": -89}, ""communication_mode"": ""BEACON"", ""timestamp"": 203323, ""packets_received"": 980, ""kalman_data"": {""altitude"": -1.28, ""vertical_velocity"": -3.34}, ""kalman_altitude"": -1.28, ""kalman_vertical_velocity"": -3.34, ""pyroDrogue"": 0, ""pyroMain"": 0, ""pyro1_state"": 0, ""pyro2_state"": 0}"
1768315559.719669,2026-01-13T17:45:59.719669,3693,0,0,-0.38,0.1,0.89,-22.88,6.36,-9.39,-2.56,-4.36,0,0,0,318713,853.07,27.55,-1.23,0,0,0,0,-88,-1.23,-3.34,BEACON,"{""record_number"": 3693, ""operation_mode"": 0, ""state"": 0, ""battery_voltage"": 0, ""wifi_rssi"": -88, ""acc_data"": {""ax"": -0.38, ""ay"": 0.1, ""az"": 0.89, ""pitch"": -22.88, ""roll"": 6.36}, ""gyro_data"": {""gx"": -9.39, ""gy"": -2.56, ""gz"": -4.36}, ""gps_data"": {""latitude"": 0, ""longitude"": 0, ""gps_altitude"": 0, ""time"": 318713}, ""alt_data"": {""pressure"": 853.07, ""temperature"": 27.55, ""AGL"": -1.23, ""velocity"": 0, ""kalman_altitude"": -1.23, ""kalman_vertical_velocity"": -3.34}, ""chute_state"": {""pyro1_state"": 0, ""pyro2_state"": 0}, ""connection_status"": {""connected"": true, ""has_ever_connected"": true, ""packet_age_ms"": 0, ""timeout_exceeded"": false, ""rssi"": -88}, ""communication_mode"": ""BEACON"", ""timestamp"": 203547, ""packets_received"": 981, ""kalman_data"": {""altitude"": -1.23, ""vertical_velocity"": -3.34}, ""kalman_altitude"": -1.23, ""kalman_vertical_velocity"": -3.34, ""pyroDrogue"": 0, ""pyroMain"": 0, ""pyro1_state"": 0, ""pyro2_state"": 0}"
1768315559.768672,2026-01-13T17:45:59.768672,3694,0,0,-0.38,0.11,0.89,-22.61,6.75,-8.23,-3.08,-3.63,0,0,0,318713,853.14,27.56,-1.92,0,0,0,0,-88,-1.91,-3.42,BEACON,"{""record_number"": 3694, ""operation_mode"": 0, ""state"": 0, ""battery_voltage"": 0, ""wifi_rssi"": -88, ""acc_data"": {""ax"": -0.38, ""ay"": 0.11, ""az"": 0.89, ""pitch"": -22.61, ""roll"": 6.75}, ""gyro_data"": {""gx"": -8.23, ""gy"": -3.08, ""gz"": -3.63}, ""gps_data"": {""latitude"": 0, ""longitude"": 0, ""gps_altitude"": 0, ""time"": 318713}, ""alt_data"": {""pressure"": 853.14, ""temperature"": 27.56, ""AGL"": -1.92, ""velocity"": 0, ""kalman_altitude"": -1.91, ""kalman_vertical_velocity"": -3.42}, ""chute_state"": {""pyro1_state"": 0, ""pyro2_state"": 0}, ""connection_status"": {""connected"": true, ""has_ever_connected"": true, ""packet_age_ms"": 0, ""timeout_exceeded"": false, ""rssi"": -88}, ""communication_mode"": ""BEACON"", ""timestamp"": 203660, ""packets_received"": 982, ""kalman_data"": {""altitude"": -1.91, ""vertical_velocity"": -3.42}, ""kalman_altitude"": -1.91, ""kalman_vertical_velocity"": -3.42, ""pyroDrogue"": 0, ""pyroMain"": 0, ""pyro1_state"": 0, ""pyro2_state"": 0}"
1768315559.909287,2026-01-13T17:45:59.909287,3695,0,0,-0.38,0.11,0.89,-22.09,6.54,-9.42,-3.02,-3.99,0,0,0,318913,853.05,27.54,-1.12,0,0,0,0,-89,-1.12,-3.33,BEACON,"{""record_number"": 3695, ""operation_mode"": 0, ""state"": 0, ""battery_voltage"": 0, ""wifi_rssi"": -89, ""acc_data"": {""ax"": -0.38, ""ay"": 0.11, ""az"": 0.89, ""pitch"": -22.09, ""roll"": 6.54}, ""gyro_data"": {""gx"": -9.42, ""gy"": -3.02, ""gz"": -3.99}, ""gps_data"": {""latitude"": 0, ""longitude"": 0, ""gps_altitude"": 0, ""time"": 318913}, ""alt_data"": {""pressure"": 853.05, ""temperature"": 27.54, ""AGL"": -1.12, ""velocity"": 0, ""kalman_altitude"": -1.12, ""kalman_vertical_velocity"": -3.33}, ""chute_state"": {""pyro1_state"": 0, ""pyro2_state"": 0}, ""connection_status"": {""connected"": true, ""has_ever_connected"": true, ""packet_age_ms"": 0, ""timeout_exceeded"": false, ""rssi"": -89}, ""communication_mode"": ""BEACON"", ""timestamp"": 203772, ""packets_received"": 983, ""kalman_data"": {""altitude"": -1.12, ""vertical_velocity"": -3.33}, ""kalman_altitude"": -1.12, ""kalman_vertical_velocity"": -3.33, ""pyroDrogue"": 0, ""pyroMain"": 0, ""pyro1_state"": 0, ""pyro2_state"": 0}"
1768315560.001288,2026-01-13T17:46:00.001288,3697,0,0,-0.38,0.1,0.89,-22.82,6.63,-9.15,-3.05,-2.96,0,0,0,318913,853.11,27.56,-1.63,0,0,0,0,-87,-1.63,-3.39,BEACON,"{""record_number"": 3697, ""operation_mode"": 0, ""state"": 0, ""battery_voltage"": 0, ""wifi_rssi"": -87, ""acc_data"": {""ax"": -0.38, ""ay"": 0.1, ""az"": 0.89, ""pitch"": -22.82, ""roll"": 6.63}, ""gyro_data"": {""gx"": -9.15, ""gy"": -3.05, ""gz"": -2.96}, ""gps_data"": {""latitude"": 0, ""longitude"": 0, ""gps_altitude"": 0, ""time"": 318913}, ""alt_data"": {""pressure"": 853.11, ""temperature"": 27.56, ""AGL"": -1.63, ""velocity"": 0, ""kalman_altitude"": -1.63, ""kalman_vertical_velocity"": -3.39}, ""chute_state"": {""pyro1_state"": 0, ""pyro2_state"": 0}, ""connection_status"": {""connected"": true, ""has_ever_connected"": true, ""packet_age_ms"": 0, ""timeout_exceeded"": false, ""rssi"": -87}, ""communication_mode"": ""BEACON"", ""timestamp"": 203885, ""packets_received"": 984, ""kalman_data"": {""altitude"": -1.63, ""vertical_velocity"": -3.39}, ""kalman_altitude"": -1.63, ""kalman_vertical_velocity"": -3.39, ""pyroDrogue"": 0, ""pyroMain"": 0, ""pyro1_state"": 0, ""pyro2_state"": 0}"
1768315560.133055,2026-01-13T17:46:00.133055,3698,0,0,-0.38,0.1,0.89,-22.76,6.71,-8.84,-2.59,-4.82,0,0,0,319114,853.06,27.54,-1.19,0,0,0,0,-88,-1.19,-3.34,BEACON,"{""record_number"": 3698, ""operation_mode"": 0, ""state"": 0, ""battery_voltage"": 0, ""wifi_rssi"": -88, ""acc_data"": {""ax"": -0.38, ""ay"": 0.1, ""az"": 0.89, ""pitch"": -22.76, ""roll"": 6.71}, ""gyro_data"": {""gx"": -8.84, ""gy"": -2.59, ""gz"": -4.82}, ""gps_data"": {""latitude"": 0, ""longitude"": 0, ""gps_altitude"": 0, ""time"": 319114}, ""alt_data"": {""pressure"": 853.06, ""temperature"": 27.54, ""AGL"": -1.19, ""velocity"": 0, ""kalman_altitude"": -1.19, ""kalman_vertical_velocity"": -3.34}, ""chute_state"": {""pyro1_state"": 0, ""pyro2_state"": 0}, ""connection_status"": {""connected"": true, ""has_ever_connected"": true, ""packet_age_ms"": 0, ""timeout_exceeded"": false, ""rssi"": -88}, ""communication_mode"": ""BEACON"", ""timestamp"": 203998, ""packets_received"": 985, ""kalman_data"": {""altitude"": -1.19, ""vertical_velocity"": -3.34}, ""kalman_altitude"": -1.19, ""kalman_vertical_velocity"": -3.34, ""pyroDrogue"": 0, ""pyroMain"": 0, ""pyro1_state"": 0, ""pyro2_state"": 0}"
1768315560.476491,2026-01-13T17:46:00.476491,3702,0,0,-0.38,0.11,0.88,-22.64,6.66,-9.21,-3.63,-3.81,0,0,0,319513,853.08,27.56,-1.34,0,0,0,0,-88,-1.34,-3.36,BEACON,"{""record_number"": 3702, ""operation_mode"": 0, ""state"": 0, ""battery_voltage"": 0, ""wifi_rssi"": -88, ""acc_data"": {""ax"": -0.38, ""ay"": 0.11, ""az"": 0.88, ""pitch"": -22.64, ""roll"": 6.66}, ""gyro_data"": {""gx"": -9.21, ""gy"": -3.63, ""gz"": -3.81}, ""gps_data"": {""latitude"": 0, ""longitude"": 0, ""gps_altitude"": 0, ""time"": 319513}, ""alt_data"": {""pressure"": 853.08, ""temperature"": 27.56, ""AGL"": -1.34, ""velocity"": 0, ""kalman_altitude"": -1.34, ""kalman_vertical_velocity"": -3.36}, ""chute_state"": {""pyro1_state"": 0, ""pyro2_state"": 0}, ""connection_status"": {""connected"": true, ""has_ever_connected"": true, ""packet_age_ms"": 0, ""timeout_exceeded"": false, ""rssi"": -88}, ""communication_mode"": ""BEACON"", ""timestamp"": 204335, ""packets_received"": 986, ""kalman_data"": {""altitude"": -1.34, ""vertical_velocity"": -3.36}, ""kalman_altitude"": -1.34, ""kalman_vertical_velocity"": -3.36, ""pyroDrogue"": 0, ""pyroMain"": 0, ""pyro1_state"": 0, ""pyro2_state"": 0}"
1768315560.62226,2026-01-13T17:46:00.622260,3703,0,0,-0.38,0.11,0.88,-22.73,6.3,-8.63,-3.02,-3.48,0,0,0,319513,853.07,27.56,-1.31,0,0,0,0,-88,-1.31,-3.36,BEACON,"{""record_number"": 3703, ""operation_mode"": 0, ""state"": 0, ""battery_voltage"": 0, ""wifi_rssi"": -88, ""acc_data"": {""ax"": -0.38, ""ay"": 0.11, ""az"": 0.88, ""pitch"": -22.73, ""roll"": 6.3}, ""gyro_data"": {""gx"": -8.63, ""gy"": -3.02, ""gz"": -3.48}, ""gps_data"": {""latitude"": 0, ""longitude"": 0, ""gps_altitude"": 0, ""time"": 319513}, ""alt_data"": {""pressure"": 853.07, ""temperature"": 27.56, ""AGL"": -1.31, ""velocity"": 0, ""kalman_altitude"": -1.31, ""kalman_vertical_velocity"": -3.36}, ""chute_state"": {""pyro1_state"": 0, ""pyro2_state"": 0}, ""connection_status"": {""connected"": true, ""has_ever_connected"": true, ""packet_age_ms"": 0, ""timeout_exceeded"": false, ""rssi"": -88}, ""communication_mode"": ""BEACON"", ""timestamp"": 204448, ""packets_received"": 987, ""kalman_data"": {""altitude"": -1.31, ""vertical_velocity"": -3.36}, ""kalman_altitude"": -1.31, ""kalman_vertical_velocity"": -3.36, ""pyroDrogue"": 0, ""pyroMain"": 0, ""pyro1_state"": 0, ""pyro2_state"": 0}"
1768315560.826938,2026-01-13T17:46:00.826938,3704,0,0,-0.38,0.11,0.89,-22.58,6.67,-9.24,-2.62,-3.08,0,0,0,319719,853.05,27.54,-1.04,0,0,0,0,-88,-1.04,-3.33,BEACON,"{""record_number"": 3704, ""operation_mode"": 0, ""state"": 0, ""battery_voltage"": 0, ""wifi_rssi"": -88, ""acc_data"": {""ax"": -0.38, ""ay"": 0.11, ""az"": 0.89, ""pitch"": -22.58, ""roll"": 6.67}, ""gyro_data"": {""gx"": -9.24, ""gy"": -2.62, ""gz"": -3.08}, ""gps_data"": {""latitude"": 0, ""longitude"": 0, ""gps_altitude"": 0, ""time"": 319719}, ""alt_data"": {""pressure"": 853.05, ""temperature"": 27.54, ""AGL"": -1.04, ""velocity"": 0, ""kalman_altitude"": -1.04, ""kalman_vertical_velocity"": -3.33}, ""chute_state"": {""pyro1_state"": 0, ""pyro2_state"": 0}, ""connection_status"": {""connected"": true, ""has_ever_connected"": true, ""packet_age_ms"": 0, ""timeout_exceeded"": false, ""rssi"": -88}, ""communication_mode"": ""BEACON"", ""timestamp"": 204563, ""packets_received"": 988, ""kalman_data"": {""altitude"": -1.04, ""vertical_velocity"": -3.33}, ""kalman_altitude"": -1.04, ""kalman_vertical_velocity"": -3.33, ""pyroDrogue"": 0, ""pyroMain"": 0, ""pyro1_state"": 0, ""pyro2_state"": 0}"
1768315560.97378,2026-01-13T17:46:00.973780,3706,0,0,-0.39,0.1,0.89,-22.43,6.88,-9.45,-3.05,-3.6,0,0,0,319719,853.07,27.54,-1.3,0,0,0,0,-89,-1.29,-3.36,BEACON,"{""record_number"": 3706, ""operation_mode"": 0, ""state"": 0, ""battery_voltage"": 0, ""wifi_rssi"": -89, ""acc_data"": {""ax"": -0.39, ""ay"": 0.1, ""az"": 0.89, ""pitch"": -22.43, ""roll"": 6.88}, ""gyro_data"": {""gx"": -9.45, ""gy"": -3.05, ""gz"": -3.6}, ""gps_data"": {""latitude"": 0, ""longitude"": 0, ""gps_altitude"": 0, ""time"": 319719}, ""alt_data"": {""pressure"": 853.07, ""temperature"": 27.54, ""AGL"": -1.3, ""velocity"": 0, ""kalman_altitude"": -1.29, ""kalman_vertical_velocity"": -3.36}, ""chute_state"": {""pyro1_state"": 0, ""pyro2_state"": 0}, ""connection_status"": {""connected"": true, ""has_ever_connected"": true, ""packet_age_ms"": 0, ""timeout_exceeded"": false, ""rssi"": -89}, ""communication_mode"": ""BEACON"", ""timestamp"": 204673, ""packets_received"": 989, ""kalman_data"": {""altitude"": -1.29, ""vertical_velocity"": -3.36}, ""kalman_altitude"": -1.29, ""kalman_vertical_velocity"": -3.36, ""pyroDrogue"": 0, ""pyroMain"": 0, ""pyro1_state"": 0, ""pyro2_state"": 0}"
1768315561.059106,2026-01-13T17:46:01.059106,3709,0,0,-0.38,0.1,0.88,-22.25,6.33,-9.05,-3.38,-3.11,0,0,0,319921,853.13,27.56,-1.89,0,0,0,0,-89,-1.88,-3.43,BEACON,"{""record_number"": 3709, ""operation_mode"": 0, ""state"": 0, ""battery_voltage"": 0, ""wifi_rssi"": -89, ""acc_data"": {""ax"": -0.38, ""ay"": 0.1, ""az"": 0.88, ""pitch"": -22.25, ""roll"": 6.33}, ""gyro_data"": {""gx"": -9.05, ""gy"": -3.38, ""gz"": -3.11}, ""gps_data"": {""latitude"": 0, ""longitude"": 0, ""gps_altitude"": 0, ""time"": 319921}, ""alt_data"": {""pressure"": 853.13, ""temperature"": 27.56, ""AGL"": -1.89, ""velocity"": 0, ""kalman_altitude"": -1.88, ""kalman_vertical_velocity"": -3.43}, ""chute_state"": {""pyro1_state"": 0, ""pyro2_state"": 0}, ""connection_status"": {""connected"": true, ""has_ever_connected"": true, ""packet_age_ms"": 0, ""timeout_exceeded"": false, ""rssi"": -89}, ""communication_mode"": ""BEACON"", ""timestamp"": 204898, ""packets_received"": 990, ""kalman_data"": {""altitude"": -1.88, ""vertical_velocity"": -3.43}, ""kalman_altitude"": -1.88, ""kalman_vertical_velocity"": -3.43, ""pyroDrogue"": 0, ""pyroMain"": 0, ""pyro1_state"": 0, ""pyro2_state"": 0}"
1768315561.207108,2026-01-13T17:46:01.207108,3710,0,0,-0.38,0.11,0.88,-22.73,6.53,-9.94,-3.2,-4.42,0,0,0,320120,853.03,27.54,-0.9,0,0,0,0,-89,-0.9,-3.32,BEACON,"{""record_number"": 3710, ""operation_mode"": 0, ""state"": 0, ""battery_voltage"": 0, ""wifi_rssi"": -89, ""acc_data"": {""ax"": -0.38, ""ay"": 0.11, ""az"": 0.88, ""pitch"": -22.73, ""roll"": 6.53}, ""gyro_data"": {""gx"": -9.94, ""gy"": -3.2, ""gz"": -4.42}, ""gps_data"": {""latitude"": 0, ""longitude"": 0, ""gps_altitude"": 0, ""time"": 320120}, ""alt_data"": {""pressure"": 853.03, ""temperature"": 27.54, ""AGL"": -0.9, ""velocity"": 0, ""kalman_altitude"": -0.9, ""kalman_vertical_velocity"": -3.32}, ""chute_state"": {""pyro1_state"": 0, ""pyro2_state"": 0}, ""connection_status"": {""connected"": true, ""has_ever_connected"": true, ""packet_age_ms"": 0, ""timeout_exceeded"": false, ""rssi"": -89}, ""communication_mode"": ""BEACON"", ""timestamp"": 205011, ""packets_received"": 991, ""kalman_data"": {""altitude"": -0.9, ""vertical_velocity"": -3.32}, ""kalman_altitude"": -0.9, ""kalman_vertical_velocity"": -3.32, ""pyroDrogue"": 0, ""pyroMain"": 0, ""pyro1_state"": 0, ""pyro2_state"": 0}"
1768315561.293867,2026-01-13T17:46:01.293867,3711,0,0,-0.38,0.1,0.89,-22.85,6.77,-9.82,-3.69,-3.81,0,0,0,320120,853.11,27.56,-1.67,0,0,0,0,-87,-1.66,-3.41,BEACON,"{""record_number"": 3711, ""operation_mode"": 0, ""state"": 0, ""battery_voltage"": 0, ""wifi_rssi"": -87, ""acc_data"": {""ax"": -0.38, ""ay"": 0.1, ""az"": 0.89, ""pitch"": -22.85, ""roll"": 6.77}, ""gyro_data"": {""gx"": -9.82, ""gy"": -3.69, ""gz"": -3.81}, ""gps_data"": {""latitude"": 0, ""longitude"": 0, ""gps_altitude"": 0, ""time"": 320120}, ""alt_data"": {""pressure"": 853.11, ""temperature"": 27.56, ""AGL"": -1.67, ""velocity"": 0, ""kalman_altitude"": -1.66, ""kalman_vertical_velocity"": -3.41}, ""chute_state"": {""pyro1_state"": 0, ""pyro2_state"": 0}, ""connection_status"": {""connected"": true, ""has_ever_connected"": true, ""packet_age_ms"": 0, ""timeout_exceeded"": false, ""rssi"": -87}, ""communication_mode"": ""BEACON"", ""timestamp"": 205124, ""packets_received"": 992, ""kalman_data"": {""altitude"": -1.66, ""vertical_velocity"": -3.41}, ""kalman_altitude"": -1.66, ""kalman_vertical_velocity"": -3.41, ""pyroDrogue"": 0, ""pyroMain"": 0, ""pyro1_state"": 0, ""pyro2_state"": 0}"
1768315561.40087,2026-01-13T17:46:01.400870,3713,0,0,-0.38,0.11,0.89,-22.67,6.9,-9.48,-2.84,-3.69,0,0,0,320321,853.05,27.55,-1.09,0,0,0,0,-88,-1.09,-3.34,BEACON,"{""record_number"": 3713, ""operation_mode"": 0, ""state"": 0, ""battery_voltage"": 0, ""wifi_rssi"": -88, ""acc_data"": {""ax"": -0.38, ""ay"": 0.11, ""az"": 0.89, ""pitch"": -22.67, ""roll"": 6.9}, ""gyro_data"": {""gx"": -9.48, ""gy"": -2.84, ""gz"": -3.69}, ""gps_data"": {""latitude"": 0, ""longitude"": 0, ""gps_altitude"": 0, ""time"": 320321}, ""alt_data"": {""pressure"": 853.05, ""temperature"": 27.55, ""AGL"": -1.09, ""velocity"": 0, ""kalman_altitude"": -1.09, ""kalman_vertical_velocity"": -3.34}, ""chute_state"": {""pyro1_state"": 0, ""pyro2_state"": 0}, ""connection_status"": {""connected"": true, ""has_ever_connected"": true, ""packet_age_ms"": 0, ""timeout_exceeded"": false, ""rssi"": -88}, ""communication_mode"": ""BEACON"", ""timestamp"": 205236, ""packets_received"": 993, ""kalman_data"": {""altitude"": -1.09, ""vertical_velocity"": -3.34}, ""kalman_altitude"": -1.09, ""kalman_vertical_velocity"": -3.34, ""pyroDrogue"": 0, ""pyroMain"": 0, ""pyro1_state"": 0, ""pyro2_state"": 0}"
1768315561.658147,2026-01-13T17:46:01.658147,3715,0,0,-0.38,0.11,0.89,-22.37,7.12,-8.54,-3.14,-3.99,0,0,0,320521,853.1,27.54,-1.55,0,0,0,0,-87,-1.55,-3.4,BEACON,"{""record_number"": 3715, ""operation_mode"": 0, ""state"": 0, ""battery_voltage"": 0, ""wifi_rssi"": -87, ""acc_data"": {""ax"": -0.38, ""ay"": 0.11, ""az"": 0.89, ""pitch"": -22.37, ""roll"": 7.12}, ""gyro_data"": {""gx"": -8.54, ""gy"": -3.14, ""gz"": -3.99}, ""gps_data"": {""latitude"": 0, ""longitude"": 0, ""gps_altitude"": 0, ""time"": 320521}, ""alt_data"": {""pressure"": 853.1, ""temperature"": 27.54, ""AGL"": -1.55, ""velocity"": 0, ""kalman_altitude"": -1.55, ""kalman_vertical_velocity"": -3.4}, ""chute_state"": {""pyro1_state"": 0, ""pyro2_state"": 0}, ""connection_status"": {""connected"": true, ""has_ever_connected"": true, ""packet_age_ms"": 0, ""timeout_exceeded"": false, ""rssi"": -87}, ""communication_mode"": ""BEACON"", ""timestamp"": 205461, ""packets_received"": 994, ""kalman_data"": {""altitude"": -1.55, ""vertical_velocity"": -3.4}, ""kalman_altitude"": -1.55, ""kalman_vertical_velocity"": -3.4, ""pyroDrogue"": 0, ""pyroMain"": 0, ""pyro1_state"": 0, ""pyro2_state"": 0}"
1768315562.339488,2026-01-13T17:46:02.339488,3717,0,0,-0.39,0.1,0.89,-22.06,6.57,-9.02,-3.08,-3.99,0,0,0,320725,853.07,27.54,-1.26,0,0,0,0,-87,-1.26,-3.36,BEACON,"{""record_number"": 3717, ""operation_mode"": 0, ""state"": 0, ""battery_voltage"": 0, ""wifi_rssi"": -87, ""acc_data"": {""ax"": -0.39, ""ay"": 0.1, ""az"": 0.89, ""pitch"": -22.06, ""roll"": 6.57}, ""gyro_data"": {""gx"": -9.02, ""gy"": -3.08, ""gz"": -3.99}, ""gps_data"": {""latitude"": 0, ""longitude"": 0, ""gps_altitude"": 0, ""time"": 320725}, ""alt_data"": {""pressure"": 853.07, ""temperature"": 27.54, ""AGL"": -1.26, ""velocity"": 0, ""kalman_altitude"": -1.26, ""kalman_vertical_velocity"": -3.36}, ""chute_state"": {""pyro1_state"": 0, ""pyro2_state"": 0}, ""connection_status"": {""connected"": true, ""has_ever_connected"": true, ""packet_age_ms"": 0, ""timeout_exceeded"": false, ""rssi"": -87}, ""communication_mode"": ""BEACON"", ""timestamp"": 205574, ""packets_received"": 995, ""kalman_data"": {""altitude"": -1.26, ""vertical_velocity"": -3.36}, ""kalman_altitude"": -1.26, ""kalman_vertical_velocity"": -3.36, ""pyroDrogue"": 0, ""pyroMain"": 0, ""pyro1_state"": 0, ""pyro2_state"": 0}"
1768315562.738509,2026-01-13T17:46:02.738509,3718,0,0,-0.38,0.1,0.88,-22.52,6.94,-10.24,-3.14,-3.57,0,0,0,320725,853.09,27.56,-1.49,0,0,0,0,-88,-1.49,-3.39,BEACON,"{""record_number"": 3718, ""operation_mode"": 0, ""state"": 0, ""battery_voltage"": 0, ""wifi_rssi"": -88, ""acc_data"": {""ax"": -0.38, ""ay"": 0.1, ""az"": 0.88, ""pitch"": -22.52, ""roll"": 6.94}, ""gyro_data"": {""gx"": -10.24, ""gy"": -3.14, ""gz"": -3.57}, ""gps_data"": {""latitude"": 0, ""longitude"": 0, ""gps_altitude"": 0, ""time"": 320725}, ""alt_data"": {""pressure"": 853.09, ""temperature"": 27.56, ""AGL"": -1.49, ""velocity"": 0, ""kalman_altitude"": -1.49, ""kalman_vertical_velocity"": -3.39}, ""chute_state"": {""pyro1_state"": 0, ""pyro2_state"": 0}, ""connection_status"": {""connected"": true, ""has_ever_connected"": true, ""packet_age_ms"": 0, ""timeout_exceeded"": false, ""rssi"": -88}, ""communication_mode"": ""BEACON"", ""timestamp"": 205687, ""packets_received"": 996, ""kalman_data"": {""altitude"": -1.49, ""vertical_velocity"": -3.39}, ""kalman_altitude"": -1.49, ""kalman_vertical_velocity"": -3.39, ""pyroDrogue"": 0, ""pyroMain"": 0, ""pyro1_state"": 0, ""pyro2_state"": 0}"
1768315563.093656,2026-01-13T17:46:03.093656,3719,0,0,-0.38,0.1,0.88,-22.52,7.23,-8.96,-3.41,-3.66,0,0,0,320925,853.12,27.56,-1.78,0,0,0,0,-89,-1.78,-3.43,BEACON,"{""record_number"": 3719, ""operation_mode"": 0, ""state"": 0, ""battery_voltage"": 0, ""wifi_rssi"": -89, ""acc_data"": {""ax"": -0.38, ""ay"": 0.1, ""az"": 0.88, ""pitch"": -22.52, ""roll"": 7.23}, ""gyro_data"": {""gx"": -8.96, ""gy"": -3.41, ""gz"": -3.66}, ""gps_data"": {""latitude"": 0, ""longitude"": 0, ""gps_altitude"": 0, ""time"": 320925}, ""alt_data"": {""pressure"": 853.12, ""temperature"": 27.56, ""AGL"": -1.78, ""velocity"": 0, ""kalman_altitude"": -1.78, ""kalman_vertical_velocity"": -3.43}, ""chute_state"": {""pyro1_state"": 0, ""pyro2_state"": 0}, ""connection_status"": {""connected"": true, ""has_ever_connected"": true, ""packet_age_ms"": 0, ""timeout_exceeded"": false, ""rssi"": -89}, ""communication_mode"": ""BEACON"", ""timestamp"": 205800, ""packets_received"": 997, ""kalman_data"": {""altitude"": -1.78, ""vertical_velocity"": -3.43}, ""kalman_altitude"": -1.78, ""kalman_vertical_velocity"": -3.43, ""pyroDrogue"": 0, ""pyroMain"": 0, ""pyro1_state"": 0, ""pyro2_state"": 0}"
1768315565.119206,2026-01-13T17:46:05.119206,3720,0,0,-0.38,0.11,0.89,-22.28,6.89,-9.33,-2.71,-4.27,0,0,0,320925,853.08,27.55,-1.34,0,0,0,0,-89,-1.34,-3.38,BEACON,"{""record_number"": 3720, ""operation_mode"": 0, ""state"": 0, ""battery_voltage"": 0, ""wifi_rssi"": -89, ""acc_data"": {""ax"": -0.38, ""ay"": 0.11, ""az"": 0.89, ""pitch"": -22.28, ""roll"": 6.89}, ""gyro_data"": {""gx"": -9.33, ""gy"": -2.71, ""gz"": -4.27}, ""gps_data"": {""latitude"": 0, ""longitude"": 0, ""gps_altitude"": 0, ""time"": 320925}, ""alt_data"": {""pressure"": 853.08, ""temperature"": 27.55, ""AGL"": -1.34, ""velocity"": 0, ""kalman_altitude"": -1.34, ""kalman_vertical_velocity"": -3.38}, ""chute_state"": {""pyro1_state"": 0, ""pyro2_state"": 0}, ""connection_status"": {""connected"": true, ""has_ever_connected"": true, ""packet_age_ms"": 0, ""timeout_exceeded"": false, ""rssi"": -89}, ""communication_mode"": ""BEACON"", ""timestamp"": 205913, ""packets_received"": 998, ""kalman_data"": {""altitude"": -1.34, ""vertical_velocity"": -3.38}, ""kalman_altitude"": -1.34, ""kalman_vertical_velocity"": -3.38, ""pyroDrogue"": 0, ""pyroMain"": 0, ""pyro1_state"": 0, ""pyro2_state"": 0}"
1768315565.552818,2026-01-13T17:46:05.552818,3722,0,0,-0.38,0.11,0.89,-22.64,6.86,-8.72,-2.99,-3.11,0,0,0,321126,853.06,27.55,-1.12,0,0,0,0,-88,-1.13,-3.35,BEACON,"{""record_number"": 3722, ""operation_mode"": 0, ""state"": 0, ""battery_voltage"": 0, ""wifi_rssi"": -88, ""acc_data"": {""ax"": -0.38, ""ay"": 0.11, ""az"": 0.89, ""pitch"": -22.64, ""roll"": 6.86}, ""gyro_data"": {""gx"": -8.72, ""gy"": -2.99, ""gz"": -3.11}, ""gps_data"": {""latitude"": 0, ""longitude"": 0, ""gps_altitude"": 0, ""time"": 321126}, ""alt_data"": {""pressure"": 853.06, ""temperature"": 27.55, ""AGL"": -1.12, ""velocity"": 0, ""kalman_altitude"": -1.13, ""kalman_vertical_velocity"": -3.35}, ""chute_state"": {""pyro1_state"": 0, ""pyro2_state"": 0}, ""connection_status"": {""connected"": true, ""has_ever_connected"": true, ""packet_age_ms"": 1, ""timeout_exceeded"": false, ""rssi"": -88}, ""communication_mode"": ""BEACON"", ""timestamp"": 206027, ""packets_received"": 999, ""kalman_data"": {""altitude"": -1.13, ""vertical_velocity"": -3.35}, ""kalman_altitude"": -1.13, ""kalman_vertical_velocity"": -3.35, ""pyroDrogue"": 0, ""pyroMain"": 0, ""pyro1_state"": 0, ""pyro2_state"": 0}"
1768315565.7237,2026-01-13T17:46:05.723700,3723,0,0,-0.38,0.1,0.89,-22.52,6.84,-9.15,-2.84,-4.02,0,0,0,321325,853.11,27.55,-1.62,0,0,0,0,-89,-1.62,-3.41,BEACON,"{""record_number"": 3723, ""operation_mode"": 0, ""state"": 0, ""battery_voltage"": 0, ""wifi_rssi"": -89, ""acc_data"": {""ax"": -0.38, ""ay"": 0.1, ""az"": 0.89, ""pitch"": -22.52, ""roll"": 6.84}, ""gyro_data"": {""gx"": -9.15, ""gy"": -2.84, ""gz"": -4.02}, ""gps_data"": {""latitude"": 0, ""longitude"": 0, ""gps_altitude"": 0, ""time"": 321325}, ""alt_data"": {""pressure"": 853.11, ""temperature"": 27.55, ""AGL"": -1.62, ""velocity"": 0, ""kalman_altitude"": -1.62, ""kalman_vertical_velocity"": -3.41}, ""chute_state"": {""pyro1_state"": 0, ""pyro2_state"": 0}, ""connection_status"": {""connected"": true, ""has_ever_connected"": true, ""packet_age_ms"": 0, ""timeout_exceeded"": false, ""rssi"": -89}, ""communication_mode"": ""BEACON"", ""timestamp"": 206139, ""packets_received"": 1000, ""kalman_data"": {""altitude"": -1.62, ""vertical_velocity"": -3.41}, ""kalman_altitude"": -1.62, ""kalman_vertical_velocity"": -3.41, ""pyroDrogue"": 0, ""pyroMain"": 0, ""pyro1_state"": 0, ""pyro2_state"": 0}"
1768315565.859975,2026-01-13T17:46:05.859975,3724,0,0,-0.38,0.1,0.89,-22.61,6.73,-9.3,-2.74,-3.23,0,0,0,321325,853.11,27.56,-1.63,0,0,0,0,-89,-1.63,-3.41,BEACON,"{""record_number"": 3724, ""operation_mode"": 0, ""state"": 0, ""battery_voltage"": 0, ""wifi_rssi"": -89, ""acc_data"": {""ax"": -0.38, ""ay"": 0.1, ""az"": 0.89, ""pitch"": -22.61, ""roll"": 6.73}, ""gyro_data"": {""gx"": -9.3, ""gy"": -2.74, ""gz"": -3.23}, ""gps_data"": {""latitude"": 0, ""longitude"": 0, ""gps_altitude"": 0, ""time"": 321325}, ""alt_data"": {""pressure"": 853.11, ""temperature"": 27.56, ""AGL"": -1.63, ""velocity"": 0, ""kalman_altitude"": -1.63, ""kalman_vertical_velocity"": -3.41}, ""chute_state"": {""pyro1_state"": 0, ""pyro2_state"": 0}, ""connection_status"": {""connected"": true, ""has_ever_connected"": true, ""packet_age_ms"": 1, ""timeout_exceeded"": false, ""rssi"": -89}, ""communication_mode"": ""BEACON"", ""timestamp"": 206252, ""packets_received"": 1001, ""kalman_data"": {""altitude"": -1.63, ""vertical_velocity"": -3.41}, ""kalman_altitude"": -1.63, ""kalman_vertical_velocity"": -3.41, ""pyroDrogue"": 0, ""pyroMain"": 0, ""pyro1_state"": 0, ""pyro2_state"": 0}"
1768315566.091471,2026-01-13T17:46:06.091471,3726,0,0,-0.39,0.11,0.89,-22.58,6.76,-9.05,-2.87,-3.35,0,0,0,321526,853.05,27.54,-1.12,0,0,0,0,-87,-1.12,-3.36,BEACON,"{""record_number"": 3726, ""operation_mode"": 0, ""state"": 0, ""battery_voltage"": 0, ""wifi_rssi"": -87, ""acc_data"": {""ax"": -0.39, ""ay"": 0.11, ""az"": 0.89, ""pitch"": -22.58, ""roll"": 6.76}, ""gyro_data"": {""gx"": -9.05, ""gy"": -2.87, ""gz"": -3.35}, ""gps_data"": {""latitude"": 0, ""longitude"": 0, ""gps_altitude"": 0, ""time"": 321526}, ""alt_data"": {""pressure"": 853.05, ""temperature"": 27.54, ""AGL"": -1.12, ""velocity"": 0, ""kalman_altitude"": -1.12, ""kalman_vertical_velocity"": -3.36}, ""chute_state"": {""pyro1_state"": 0, ""pyro2_state"": 0}, ""connection_status"": {""connected"": true, ""has_ever_connected"": true, ""packet_age_ms"": 0, ""timeout_exceeded"": false, ""rssi"": -87}, ""communication_mode"": ""BEACON"", ""timestamp"": 206370, ""packets_received"": 1002, ""kalman_data"": {""altitude"": -1.12, ""vertical_velocity"": -3.36}, ""kalman_altitude"": -1.12, ""kalman_vertical_velocity"": -3.36, ""pyroDrogue"": 0, ""pyroMain"": 0, ""pyro1_state"": 0, ""pyro2_state"": 0}"
1768315566.186228,2026-01-13T17:46:06.186228,3727,0,0,-0.38,0.1,0.88,-22.46,6.92,-8.93,-3.35,-2.9,0,0,0,321526,853.12,27.55,-1.8,0,0,0,0,-88,-1.8,-3.44,BEACON,"{""record_number"": 3727, ""operation_mode"": 0, ""state"": 0, ""battery_voltage"": 0, ""wifi_rssi"": -88, ""acc_data"": {""ax"": -0.38, ""ay"": 0.1, ""az"": 0.88, ""pitch"": -22.46, ""roll"": 6.92}, ""gyro_data"": {""gx"": -8.93, ""gy"": -3.35, ""gz"": -2.9}, ""gps_data"": {""latitude"": 0, ""longitude"": 0, ""gps_altitude"": 0, ""time"": 321526}, ""alt_data"": {""pressure"": 853.12, ""temperature"": 27.55, ""AGL"": -1.8, ""velocity"": 0, ""kalman_altitude"": -1.8, ""kalman_vertical_velocity"": -3.44}, ""chute_state"": {""pyro1_state"": 0, ""pyro2_state"": 0}, ""connection_status"": {""connected"": true, ""has_ever_connected"": true, ""packet_age_ms"": 0, ""timeout_exceeded"": false, ""rssi"": -88}, ""communication_mode"": ""BEACON"", ""timestamp"": 206476, ""packets_received"": 1003, ""kalman_data"": {""altitude"": -1.8, ""vertical_velocity"": -3.44}, ""kalman_altitude"": -1.8, ""kalman_vertical_velocity"": -3.44, ""pyroDrogue"": 0, ""pyroMain"": 0, ""pyro1_state"": 0, ""pyro2_state"": 0}"
1768315566.274225,2026-01-13T17:46:06.274225,3728,0,0,-0.38,0.11,0.89,-22.76,6.61,-9.66,-2.56,-3.66,0,0,0,321730,853.06,27.54,-1.19,0,0,0,0,-89,-1.19,-3.37,BEACON,"{""record_number"": 3728, ""operation_mode"": 0, ""state"": 0, ""battery_voltage"": 0, ""wifi_rssi"": -89, ""acc_data"": {""ax"": -0.38, ""ay"": 0.11, ""az"": 0.89, ""pitch"": -22.76, ""roll"": 6.61}, ""gyro_data"": {""gx"": -9.66, ""gy"": -2.56, ""gz"": -3.66}, ""gps_data"": {""latitude"": 0, ""longitude"": 0, ""gps_altitude"": 0, ""time"": 321730}, ""alt_data"": {""pressure"": 853.06, ""temperature"": 27.54, ""AGL"": -1.19, ""velocity"": 0, ""kalman_altitude"": -1.19, ""kalman_vertical_velocity"": -3.37}, ""chute_state"": {""pyro1_state"": 0, ""pyro2_state"": 0}, ""connection_status"": {""connected"": true, ""has_ever_connected"": true, ""packet_age_ms"": 0, ""timeout_exceeded"": false, ""rssi"": -89}, ""communication_mode"": ""BEACON"", ""timestamp"": 206593, ""packets_received"": 1004, ""kalman_data"": {""altitude"": -1.19, ""vertical_velocity"": -3.37}, ""kalman_altitude"": -1.19, ""kalman_vertical_velocity"": -3.37, ""pyroDrogue"": 0, ""pyroMain"": 0, ""pyro1_state"": 0, ""pyro2_state"": 0}"
1768315566.939684,2026-01-13T17:46:06.939684,3731,0,0,-0.38,0.11,0.89,-22.64,6.51,-9.09,-4.51,-3.45,0,0,0,321931,853.09,27.55,-1.45,0,0,0,0,-88,-1.44,-3.4,BEACON,"{""record_number"": 3731, ""operation_mode"": 0, ""state"": 0, ""battery_voltage"": 0, ""wifi_rssi"": -88, ""acc_data"": {""ax"": -0.38, ""ay"": 0.11, ""az"": 0.89, ""pitch"": -22.64, ""roll"": 6.51}, ""gyro_data"": {""gx"": -9.09, ""gy"": -4.51, ""gz"": -3.45}, ""gps_data"": {""latitude"": 0, ""longitude"": 0, ""gps_altitude"": 0, ""time"": 321931}, ""alt_data"": {""pressure"": 853.09, ""temperature"": 27.55, ""AGL"": -1.45, ""velocity"": 0, ""kalman_altitude"": -1.44, ""kalman_vertical_velocity"": -3.4}, ""chute_state"": {""pyro1_state"": 0, ""pyro2_state"": 0}, ""connection_status"": {""connected"": true, ""has_ever_connected"": true, ""packet_age_ms"": 1, ""timeout_exceeded"": false, ""rssi"": -88}, ""communication_mode"": ""BEACON"", ""timestamp"": 206814, ""packets_received"": 1005, ""kalman_data"": {""altitude"": -1.44, ""vertical_velocity"": -3.4}, ""kalman_altitude"": -1.44, ""kalman_vertical_velocity"": -3.4, ""pyroDrogue"": 0, ""pyroMain"": 0, ""pyro1_state"": 0, ""pyro2_state"": 0}"
1768315567.192055,2026-01-13T17:46:07.192055,3732,0,0,-0.38,0.1,0.88,-22.76,6.87,-9.02,-2.1,-3.54,0,0,0,321931,853.04,27.54,-0.97,0,0,0,0,-90,-0.97,-3.34,BEACON,"{""record_number"": 3732, ""operation_mode"": 0, ""state"": 0, ""battery_voltage"": 0, ""wifi_rssi"": -90, ""acc_data"": {""ax"": -0.38, ""ay"": 0.1, ""az"": 0.88, ""pitch"": -22.76, ""roll"": 6.87}, ""gyro_data"": {""gx"": -9.02, ""gy"": -2.1, ""gz"": -3.54}, ""gps_data"": {""latitude"": 0, ""longitude"": 0, ""gps_altitude"": 0, ""time"": 321931}, ""alt_data"": {""pressure"": 853.04, ""temperature"": 27.54, ""AGL"": -0.97, ""velocity"": 0, ""kalman_altitude"": -0.97, ""kalman_vertical_velocity"": -3.34}, ""chute_state"": {""pyro1_state"": 0, ""pyro2_state"": 0}, ""connection_status"": {""connected"": true, ""has_ever_connected"": true, ""packet_age_ms"": 0, ""timeout_exceeded"": false, ""rssi"": -90}, ""communication_mode"": ""BEACON"", ""timestamp"": 206926, ""packets_received"": 1006, ""kalman_data"": {""altitude"": -0.97, ""vertical_velocity"": -3.34}, ""kalman_altitude"": -0.97, ""kalman_vertical_velocity"": -3.34, ""pyroDrogue"": 0, ""pyroMain"": 0, ""pyro1_state"": 0, ""pyro2_state"": 0}"
1768315567.317029,2026-01-13T17:46:07.317029,3733,0,0,-0.38,0.1,0.9,-22.52,6.97,-9.6,-3.26,-4.39,0,0,0,322331,853.06,27.54,-1.15,0,0,0,0,-89,-1.15,-3.37,BEACON,"{""record_number"": 3733, ""operation_mode"": 0, ""state"": 0, ""battery_voltage"": 0, ""wifi_rssi"": -89, ""acc_data"": {""ax"": -0.38, ""ay"": 0.1, ""az"": 0.9, ""pitch"": -22.52, ""roll"": 6.97}, ""gyro_data"": {""gx"": -9.6, ""gy"": -3.26, ""gz"": -4.39}, ""gps_data"": {""latitude"": 0, ""longitude"": 0, ""gps_altitude"": 0, ""time"": 322331}, ""alt_data"": {""pressure"": 853.06, ""temperature"": 27.54, ""AGL"": -1.15, ""velocity"": 0, ""kalman_altitude"": -1.15, ""kalman_vertical_velocity"": -3.37}, ""chute_state"": {""pyro1_state"": 0, ""pyro2_state"": 0}, ""connection_status"": {""connected"": true, ""has_ever_connected"": true, ""packet_age_ms"": 1, ""timeout_exceeded"": false, ""rssi"": -89}, ""communication_mode"": ""BEACON"", ""timestamp"": 207153, ""packets_received"": 1007, ""kalman_data"": {""altitude"": -1.15, ""vertical_velocity"": -3.37}, ""kalman_altitude"": -1.15, ""kalman_vertical_velocity"": -3.37, ""pyroDrogue"": 0, ""pyroMain"": 0, ""pyro1_state"": 0, ""pyro2_state"": 0}"
1768315567.48479,2026-01-13T17:46:07.484790,3736,0,0,-0.38,0.11,0.89,-22.73,6.86,-8.81,-3.69,-4.02,0,0,0,322331,853.07,27.55,-1.23,0,0,0,0,-90,-1.23,-3.38,BEACON,"{""record_number"": 3736, ""operation_mode"": 0, ""state"": 0, ""battery_voltage"": 0, ""wifi_rssi"": -90, ""acc_data"": {""ax"": -0.38, ""ay"": 0.11, ""az"": 0.89, ""pitch"": -22.73, ""roll"": 6.86}, ""gyro_data"": {""gx"": -8.81, ""gy"": -3.69, ""gz"": -4.02}, ""gps_data"": {""latitude"": 0, ""longitude"": 0, ""gps_altitude"": 0, ""time"": 322331}, ""alt_data"": {""pressure"": 853.07, ""temperature"": 27.55, ""AGL"": -1.23, ""velocity"": 0, ""kalman_altitude"": -1.23, ""kalman_vertical_velocity"": -3.38}, ""chute_state"": {""pyro1_state"": 0, ""pyro2_state"": 0}, ""connection_status"": {""connected"": true, ""has_ever_connected"": true, ""packet_age_ms"": 0, ""timeout_exceeded"": false, ""rssi"": -90}, ""communication_mode"": ""BEACON"", ""timestamp"": 207264, ""packets_received"": 1008, ""kalman_data"": {""altitude"": -1.23, ""vertical_velocity"": -3.38}, ""kalman_altitude"": -1.23, ""kalman_vertical_velocity"": -3.38, ""pyroDrogue"": 0, ""pyroMain"": 0, ""pyro1_state"": 0, ""pyro2_state"": 0}"
1768315567.61461,2026-01-13T17:46:07.614610,3738,0,0,-0.38,0.11,0.88,-22.76,6.82,-9.3,-3.26,-3.6,0,0,0,322531,853.1,27.55,-1.55,0,0,0,0,-89,-1.55,-3.42,BEACON,"{""record_number"": 3738, ""operation_mode"": 0, ""state"": 0, ""battery_voltage"": 0, ""wifi_rssi"": -89, ""acc_data"": {""ax"": -0.38, ""ay"": 0.11, ""az"": 0.88, ""pitch"": -22.76, ""roll"": 6.82}, ""gyro_data"": {""gx"": -9.3, ""gy"": -3.26, ""gz"": -3.6}, ""gps_data"": {""latitude"": 0, ""longitude"": 0, ""gps_altitude"": 0, ""time"": 322531}, ""alt_data"": {""pressure"": 853.1, ""temperature"": 27.55, ""AGL"": -1.55, ""velocity"": 0, ""kalman_altitude"": -1.55, ""kalman_vertical_velocity"": -3.42}, ""chute_state"": {""pyro1_state"": 0, ""pyro2_state"": 0}, ""connection_status"": {""connected"": true, ""has_ever_connected"": true, ""packet_age_ms"": 0, ""timeout_exceeded"": false, ""rssi"": -89}, ""communication_mode"": ""BEACON"", ""timestamp"": 207377, ""packets_received"": 1009, ""kalman_data"": {""altitude"": -1.55, ""vertical_velocity"": -3.42}, ""kalman_altitude"": -1.55, ""kalman_vertical_velocity"": -3.42, ""pyroDrogue"": 0, ""pyroMain"": 0, ""pyro1_state"": 0, ""pyro2_state"": 0}"
1768315567.768086,2026-01-13T17:46:07.768086,3739,0,0,-0.39,0.11,0.89,-22.64,6.69,-9.82,-3.54,-3.45,0,0,0,322531,853.08,27.54,-1.4,0,0,0,0,-87,-1.4,-3.4,BEACON,"{""record_number"": 3739, ""operation_mode"": 0, ""state"": 0, ""battery_voltage"": 0, ""wifi_rssi"": -87, ""acc_data"": {""ax"": -0.39, ""ay"": 0.11, ""az"": 0.89, ""pitch"": -22.64, ""roll"": 6.69}, ""gyro_data"": {""gx"": -9.82, ""gy"": -3.54, ""gz"": -3.45}, ""gps_data"": {""latitude"": 0, ""longitude"": 0, ""gps_altitude"": 0, ""time"": 322531}, ""alt_data"": {""pressure"": 853.08, ""temperature"": 27.54, ""AGL"": -1.4, ""velocity"": 0, ""kalman_altitude"": -1.4, ""kalman_vertical_velocity"": -3.4}, ""chute_state"": {""pyro1_state"": 0, ""pyro2_state"": 0}, ""connection_status"": {""connected"": true, ""has_ever_connected"": true, ""packet_age_ms"": 0, ""timeout_exceeded"": false, ""rssi"": -87}, ""communication_mode"": ""BEACON"", ""timestamp"": 207490, ""packets_received"": 1010, ""kalman_data"": {""altitude"": -1.4, ""vertical_velocity"": -3.4}, ""kalman_altitude"": -1.4, ""kalman_vertical_velocity"": -3.4, ""pyroDrogue"": 0, ""pyroMain"": 0, ""pyro1_state"": 0, ""pyro2_state"": 0}"
1768315567.925909,2026-01-13T17:46:07.925909,3740,0,0,-0.39,0.11,0.88,-22.61,6.67,-8.17,-2.59,-3.66,0,0,0,322735,853.1,27.55,-1.59,0,0,0,0,-88,-1.59,-3.42,BEACON,"{""record_number"": 3740, ""operation_mode"": 0, ""state"": 0, ""battery_voltage"": 0, ""wifi_rssi"": -88, ""acc_data"": {""ax"": -0.39, ""ay"": 0.11, ""az"": 0.88, ""pitch"": -22.61, ""roll"": 6.67}, ""gyro_data"": {""gx"": -8.17, ""gy"": -2.59, ""gz"": -3.66}, ""gps_data"": {""latitude"": 0, ""longitude"": 0, ""gps_altitude"": 0, ""time"": 322735}, ""alt_data"": {""pressure"": 853.1, ""temperature"": 27.55, ""AGL"": -1.59, ""velocity"": 0, ""kalman_altitude"": -1.59, ""kalman_vertical_velocity"": -3.42}, ""chute_state"": {""pyro1_state"": 0, ""pyro2_state"": 0}, ""connection_status"": {""connected"": true, ""has_ever_connected"": true, ""packet_age_ms"": 0, ""timeout_exceeded"": false, ""rssi"": -88}, ""communication_mode"": ""BEACON"", ""timestamp"": 207602, ""packets_received"": 1011, ""kalman_data"": {""altitude"": -1.59, ""vertical_velocity"": -3.42}, ""kalman_altitude"": -1.59, ""kalman_vertical_velocity"": -3.42, ""pyroDrogue"": 0, ""pyroMain"": 0, ""pyro1_state"": 0, ""pyro2_state"": 0}"
1768315568.091868,2026-01-13T17:46:08.091868,3742,0,0,-0.38,0.1,0.88,-22.73,6.49,-9.54,-2.44,-3.08,0,0,0,322735,853.08,27.54,-1.33,0,0,0,0,-88,-1.33,-3.39,BEACON,"{""record_number"": 3742, ""operation_mode"": 0, ""state"": 0, ""battery_voltage"": 0, ""wifi_rssi"": -88, ""acc_data"": {""ax"": -0.38, ""ay"": 0.1, ""az"": 0.88, ""pitch"": -22.73, ""roll"": 6.49}, ""gyro_data"": {""gx"": -9.54, ""gy"": -2.44, ""gz"": -3.08}, ""gps_data"": {""latitude"": 0, ""longitude"": 0, ""gps_altitude"": 0, ""time"": 322735}, ""alt_data"": {""pressure"": 853.08, ""temperature"": 27.54, ""AGL"": -1.33, ""velocity"": 0, ""kalman_altitude"": -1.33, ""kalman_vertical_velocity"": -3.39}, ""chute_state"": {""pyro1_state"": 0, ""pyro2_state"": 0}, ""connection_status"": {""connected"": true, ""has_ever_connected"": true, ""packet_age_ms"": 0, ""timeout_exceeded"": false, ""rssi"": -88}, ""communication_mode"": ""BEACON"", ""timestamp"": 207715, ""packets_received"": 1012, ""kalman_data"": {""altitude"": -1.33, ""vertical_velocity"": -3.39}, ""kalman_altitude"": -1.33, ""kalman_vertical_velocity"": -3.39, ""pyroDrogue"": 0, ""pyroMain"": 0, ""pyro1_state"": 0, ""pyro2_state"": 0}"
1768315568.488108,2026-01-13T17:46:08.488108,3743,0,0,-0.38,0.11,0.88,-22.61,6.58,-8.66,-3.32,-3.38,0,0,0,322936,853.11,27.55,-1.62,0,0,0,0,-87,-1.62,-3.43,BEACON,"{""record_number"": 3743, ""operation_mode"": 0, ""state"": 0, ""battery_voltage"": 0, ""wifi_rssi"": -87, ""acc_data"": {""ax"": -0.38, ""ay"": 0.11, ""az"": 0.88, ""pitch"": -22.61, ""roll"": 6.58}, ""gyro_data"": {""gx"": -8.66, ""gy"": -3.32, ""gz"": -3.38}, ""gps_data"": {""latitude"": 0, ""longitude"": 0, ""gps_altitude"": 0, ""time"": 322936}, ""alt_data"": {""pressure"": 853.11, ""temperature"": 27.55, ""AGL"": -1.62, ""velocity"": 0, ""kalman_altitude"": -1.62, ""kalman_vertical_velocity"": -3.43}, ""chute_state"": {""pyro1_state"": 0, ""pyro2_state"": 0}, ""connection_status"": {""connected"": true, ""has_ever_connected"": true, ""packet_age_ms"": 0, ""timeout_exceeded"": false, ""rssi"": -87}, ""communication_mode"": ""BEACON"", ""timestamp"": 207829, ""packets_received"": 1013, ""kalman_data"": {""altitude"": -1.62, ""vertical_velocity"": -3.43}, ""kalman_altitude"": -1.62, ""kalman_vertical_velocity"": -3.43, ""pyroDrogue"": 0, ""pyroMain"": 0, ""pyro1_state"": 0, ""pyro2_state"": 0}"
1768315568.706101,2026-01-13T17:46:08.706101,3744,0,0,-0.38,0.11,0.88,-22.28,6.88,-8.87,-2.99,-3.35,0,0,0,322936,853.13,27.56,-1.85,0,0,0,0,-88,-1.85,-3.46,BEACON,"{""record_number"": 3744, ""operation_mode"": 0, ""state"": 0, ""battery_voltage"": 0, ""wifi_rssi"": -88, ""acc_data"": {""ax"": -0.38, ""ay"": 0.11, ""az"": 0.88, ""pitch"": -22.28, ""roll"": 6.88}, ""gyro_data"": {""gx"": -8.87, ""gy"": -2.99, ""gz"": -3.35}, ""gps_data"": {""latitude"": 0, ""longitude"": 0, ""gps_altitude"": 0, ""time"": 322936}, ""alt_data"": {""pressure"": 853.13, ""temperature"": 27.56, ""AGL"": -1.85, ""velocity"": 0, ""kalman_altitude"": -1.85, ""kalman_vertical_velocity"": -3.46}, ""chute_state"": {""pyro1_state"": 0, ""pyro2_state"": 0}, ""connection_status"": {""connected"": true, ""has_ever_connected"": true, ""packet_age_ms"": 0, ""timeout_exceeded"": false, ""rssi"": -88}, ""communication_mode"": ""BEACON"", ""timestamp"": 207941, ""packets_received"": 1014, ""kalman_data"": {""altitude"": -1.85, ""vertical_velocity"": -3.46}, ""kalman_altitude"": -1.85, ""kalman_vertical_velocity"": -3.46, ""pyroDrogue"": 0, ""pyroMain"": 0, ""pyro1_state"": 0, ""pyro2_state"": 0}"
1768315568.833631,2026-01-13T17:46:08.833631,3746,0,0,-0.39,0.11,0.91,-22.79,6.63,-6.83,-3.08,-4.76,0,0,0,323135,853.08,27.54,-1.33,0,0,0,0,-88,-1.33,-3.4,BEACON,"{""record_number"": 3746, ""operation_mode"": 0, ""state"": 0, ""battery_voltage"": 0, ""wifi_rssi"": -88, ""acc_data"": {""ax"": -0.39, ""ay"": 0.11, ""az"": 0.91, ""pitch"": -22.79, ""roll"": 6.63}, ""gyro_data"": {""gx"": -6.83, ""gy"": -3.08, ""gz"": -4.76}, ""gps_data"": {""latitude"": 0, ""longitude"": 0, ""gps_altitude"": 0, ""time"": 323135}, ""alt_data"": {""pressure"": 853.08, ""temperature"": 27.54, ""AGL"": -1.33, ""velocity"": 0, ""kalman_altitude"": -1.33, ""kalman_vertical_velocity"": -3.4}, ""chute_state"": {""pyro1_state"": 0, ""pyro2_state"": 0}, ""connection_status"": {""connected"": true, ""has_ever_connected"": true, ""packet_age_ms"": 0, ""timeout_exceeded"": false, ""rssi"": -88}, ""communication_mode"": ""BEACON"", ""timestamp"": 208054, ""packets_received"": 1015, ""kalman_data"": {""altitude"": -1.33, ""vertical_velocity"": -3.4}, ""kalman_altitude"": -1.33, ""kalman_vertical_velocity"": -3.4, ""pyroDrogue"": 0, ""pyroMain"": 0, ""pyro1_state"": 0, ""pyro2_state"": 0}"
1768315569.00886,2026-01-13T17:46:09.008860,3747,0,0,-0.38,0.11,0.88,-22.21,7.28,-9.85,-3.87,-3.32,0,0,0,323336,853.1,27.54,-1.58,0,0,0,0,-89,-1.58,-3.43,BEACON,"{""record_number"": 3747, ""operation_mode"": 0, ""state"": 0, ""battery_voltage"": 0, ""wifi_rssi"": -89, ""acc_data"": {""ax"": -0.38, ""ay"": 0.11, ""az"": 0.88, ""pitch"": -22.21, ""roll"": 7.28}, ""gyro_data"": {""gx"": -9.85, ""gy"": -3.87, ""gz"": -3.32}, ""gps_data"": {""latitude"": 0, ""longitude"": 0, ""gps_altitude"": 0, ""time"": 323336}, ""alt_data"": {""pressure"": 853.1, ""temperature"": 27.54, ""AGL"": -1.58, ""velocity"": 0, ""kalman_altitude"": -1.58, ""kalman_vertical_velocity"": -3.43}, ""chute_state"": {""pyro1_state"": 0, ""pyro2_state"": 0}, ""connection_status"": {""connected"": true, ""has_ever_connected"": true, ""packet_age_ms"": 0, ""timeout_exceeded"": false, ""rssi"": -89}, ""communication_mode"": ""BEACON"", ""timestamp"": 208166, ""packets_received"": 1016, ""kalman_data"": {""altitude"": -1.58, ""vertical_velocity"": -3.43}, ""kalman_altitude"": -1.58, ""kalman_vertical_velocity"": -3.43, ""pyroDrogue"": 0, ""pyroMain"": 0, ""pyro1_state"": 0, ""pyro2_state"": 0}"
1768315569.250413,2026-01-13T17:46:09.250413,3748,0,0,-0.38,0.11,0.89,-22.73,6.88,-8.93,-3.05,-3.38,0,0,0,323336,853.13,27.55,-1.87,0,0,0,0,-89,-1.87,-3.46,BEACON,"{""record_number"": 3748, ""operation_mode"": 0, ""state"": 0, ""battery_voltage"": 0, ""wifi_rssi"": -89, ""acc_data"": {""ax"": -0.38, ""ay"": 0.11, ""az"": 0.89, ""pitch"": -22.73, ""roll"": 6.88}, ""gyro_data"": {""gx"": -8.93, ""gy"": -3.05, ""gz"": -3.38}, ""gps_data"": {""latitude"": 0, ""longitude"": 0, ""gps_altitude"": 0, ""time"": 323336}, ""alt_data"": {""pressure"": 853.13, ""temperature"": 27.55, ""AGL"": -1.87, ""velocity"": 0, ""kalman_altitude"": -1.87, ""kalman_vertical_velocity"": -3.46}, ""chute_state"": {""pyro1_state"": 0, ""pyro2_state"": 0}, ""connection_status"": {""connected"": true, ""has_ever_connected"": true, ""packet_age_ms"": 0, ""timeout_exceeded"": false, ""rssi"": -89}, ""communication_mode"": ""BEACON"", ""timestamp"": 208278, ""packets_received"": 1017, ""kalman_data"": {""altitude"": -1.87, ""vertical_velocity"": -3.46}, ""kalman_altitude"": -1.87, ""kalman_vertical_velocity"": -3.46, ""pyroDrogue"": 0, ""pyroMain"": 0, ""pyro1_state"": 0, ""pyro2_state"": 0}"
1768315569.585218,2026-01-13T17:46:09.585218,3787,0,0,-0.38,0.1,0.88,-22.49,6.48,-9.09,-2.2,-3.17,0,0,0,326552,853.15,27.55,-2.02,0,0,0,0,-89,-2.02,-3.51,BEACON,"{""record_number"": 3787, ""operation_mode"": 0, ""state"": 0, ""battery_voltage"": 0, ""wifi_rssi"": -89, ""acc_data"": {""ax"": -0.38, ""ay"": 0.1, ""az"": 0.88, ""pitch"": -22.49, ""roll"": 6.48}, ""gyro_data"": {""gx"": -9.09, ""gy"": -2.2, ""gz"": -3.17}, ""gps_data"": {""latitude"": 0, ""longitude"": 0, ""gps_altitude"": 0, ""time"": 326552}, ""alt_data"": {""pressure"": 853.15, ""temperature"": 27.55, ""AGL"": -2.02, ""velocity"": 0, ""kalman_altitude"": -2.02, ""kalman_vertical_velocity"": -3.51}, ""chute_state"": {""pyro1_state"": 0, ""pyro2_state"": 0}, ""connection_status"": {""connected"": true, ""has_ever_connected"": true, ""packet_age_ms"": 1, ""timeout_exceeded"": false, ""rssi"": -89}, ""communication_mode"": ""BEACON"", ""timestamp"": 211544, ""packets_received"": 1044, ""kalman_data"": {""altitude"": -2.02, ""vertical_velocity"": -3.51}, ""kalman_altitude"": -2.02, ""kalman_vertical_velocity"": -3.51, ""pyroDrogue"": 0, ""pyroMain"": 0, ""pyro1_state"": 0, ""pyro2_state"": 0}"
1768315569.686212,2026-01-13T17:46:09.686212,3788,0,0,-0.39,0.11,0.89,-22.43,6.78,-8.51,-3.05,-3.87,0,0,0,326757,853.14,27.56,-1.99,0,0,0,0,-88,-1.99,-3.51,BEACON,"{""record_number"": 3788, ""operation_mode"": 0, ""state"": 0, ""battery_voltage"": 0, ""wifi_rssi"": -88, ""acc_data"": {""ax"": -0.39, ""ay"": 0.11, ""az"": 0.89, ""pitch"": -22.43, ""roll"": 6.78}, ""gyro_data"": {""gx"": -8.51, ""gy"": -3.05, ""gz"": -3.87}, ""gps_data"": {""latitude"": 0, ""longitude"": 0, ""gps_altitude"": 0, ""time"": 326757}, ""alt_data"": {""pressure"": 853.14, ""temperature"": 27.56, ""AGL"": -1.99, ""velocity"": 0, ""kalman_altitude"": -1.99, ""kalman_vertical_velocity"": -3.51}, ""chute_state"": {""pyro1_state"": 0, ""pyro2_state"": 0}, ""connection_status"": {""connected"": true, ""has_ever_connected"": true, ""packet_age_ms"": 0, ""timeout_exceeded"": false, ""rssi"": -88}, ""communication_mode"": ""BEACON"", ""timestamp"": 211657, ""packets_received"": 1045, ""kalman_data"": {""altitude"": -1.99, ""vertical_velocity"": -3.51}, ""kalman_altitude"": -1.99, ""kalman_vertical_velocity"": -3.51, ""pyroDrogue"": 0, ""pyroMain"": 0, ""pyro1_state"": 0, ""pyro2_state"": 0}"
1768315570.673794,2026-01-13T17:46:10.673794,3789,0,0,-0.38,0.11,0.88,-22.46,6.76,-9.21,-2.53,-4.3,0,0,0,326958,853.11,27.55,-1.7,0,0,0,0,-90,-1.7,-3.48,BEACON,"{""record_number"": 3789, ""operation_mode"": 0, ""state"": 0, ""battery_voltage"": 0, ""wifi_rssi"": -90, ""acc_data"": {""ax"": -0.38, ""ay"": 0.11, ""az"": 0.88, ""pitch"": -22.46, ""roll"": 6.76}, ""gyro_data"": {""gx"": -9.21, ""gy"": -2.53, ""gz"": -4.3}, ""gps_data"": {""latitude"": 0, ""longitude"": 0, ""gps_altitude"": 0, ""time"": 326958}, ""alt_data"": {""pressure"": 853.11, ""temperature"": 27.55, ""AGL"": -1.7, ""velocity"": 0, ""kalman_altitude"": -1.7, ""kalman_vertical_velocity"": -3.48}, ""chute_state"": {""pyro1_state"": 0, ""pyro2_state"": 0}, ""connection_status"": {""connected"": true, ""has_ever_connected"": true, ""packet_age_ms"": 0, ""timeout_exceeded"": false, ""rssi"": -90}, ""communication_mode"": ""BEACON"", ""timestamp"": 211770, ""packets_received"": 1046, ""kalman_data"": {""altitude"": -1.7, ""vertical_velocity"": -3.48}, ""kalman_altitude"": -1.7, ""kalman_vertical_velocity"": -3.48, ""pyroDrogue"": 0, ""pyroMain"": 0, ""pyro1_state"": 0, ""pyro2_state"": 0}"
1768315572.350182,2026-01-13T17:46:12.350182,3791,0,0,-0.38,0.1,0.88,-22.37,6.37,-8.45,-3.11,-3.69,0,0,0,326958,853.11,27.56,-1.67,0,0,0,0,-89,-1.67,-3.48,BEACON,"{""record_number"": 3791, ""operation_mode"": 0, ""state"": 0, ""battery_voltage"": 0, ""wifi_rssi"": -89, ""acc_data"": {""ax"": -0.38, ""ay"": 0.1, ""az"": 0.88, ""pitch"": -22.37, ""roll"": 6.37}, ""gyro_data"": {""gx"": -8.45, ""gy"": -3.11, ""gz"": -3.69}, ""gps_data"": {""latitude"": 0, ""longitude"": 0, ""gps_altitude"": 0, ""time"": 326958}, ""alt_data"": {""pressure"": 853.11, ""temperature"": 27.56, ""AGL"": -1.67, ""velocity"": 0, ""kalman_altitude"": -1.67, ""kalman_vertical_velocity"": -3.48}, ""chute_state"": {""pyro1_state"": 0, ""pyro2_state"": 0}, ""connection_status"": {""connected"": true, ""has_ever_connected"": true, ""packet_age_ms"": 0, ""timeout_exceeded"": false, ""rssi"": -89}, ""communication_mode"": ""BEACON"", ""timestamp"": 211883, ""packets_received"": 1047, ""kalman_data"": {""altitude"": -1.67, ""vertical_velocity"": -3.48}, ""kalman_altitude"": -1.67, ""kalman_vertical_velocity"": -3.48, ""pyroDrogue"": 0, ""pyroMain"": 0, ""pyro1_state"": 0, ""pyro2_state"": 0}"
1768315574.866149,2026-01-13T17:46:14.866149,3792,0,0,-0.39,0.11,0.89,-22.55,6.57,-9.18,-2.65,-3.96,0,0,0,327157,853.13,27.56,-1.85,0,0,0,0,-89,-1.85,-3.5,BEACON,"{""record_number"": 3792, ""operation_mode"": 0, ""state"": 0, ""battery_voltage"": 0, ""wifi_rssi"": -89, ""acc_data"": {""ax"": -0.39, ""ay"": 0.11, ""az"": 0.89, ""pitch"": -22.55, ""roll"": 6.57}, ""gyro_data"": {""gx"": -9.18, ""gy"": -2.65, ""gz"": -3.96}, ""gps_data"": {""latitude"": 0, ""longitude"": 0, ""gps_altitude"": 0, ""time"": 327157}, ""alt_data"": {""pressure"": 853.13, ""temperature"": 27.56, ""AGL"": -1.85, ""velocity"": 0, ""kalman_altitude"": -1.85, ""kalman_vertical_velocity"": -3.5}, ""chute_state"": {""pyro1_state"": 0, ""pyro2_state"": 0}, ""connection_status"": {""connected"": true, ""has_ever_connected"": true, ""packet_age_ms"": 0, ""timeout_exceeded"": false, ""rssi"": -89}, ""communication_mode"": ""BEACON"", ""timestamp"": 211996, ""packets_received"": 1048, ""kalman_data"": {""altitude"": -1.85, ""vertical_velocity"": -3.5}, ""kalman_altitude"": -1.85, ""kalman_vertical_velocity"": -3.5, ""pyroDrogue"": 0, ""pyroMain"": 0, ""pyro1_state"": 0, ""pyro2_state"": 0}"
1768315575.374058,2026-01-13T17:46:15.374058,3793,0,0,-0.38,0.11,0.89,-22.03,6.72,-8.57,-3.69,-4.12,0,0,0,327157,853.1,27.56,-1.56,0,0,0,0,-90,-1.56,-3.47,BEACON,"{""record_number"": 3793, ""operation_mode"": 0, ""state"": 0, ""battery_voltage"": 0, ""wifi_rssi"": -90, ""acc_data"": {""ax"": -0.38, ""ay"": 0.11, ""az"": 0.89, ""pitch"": -22.03, ""roll"": 6.72}, ""gyro_data"": {""gx"": -8.57, ""gy"": -3.69, ""gz"": -4.12}, ""gps_data"": {""latitude"": 0, ""longitude"": 0, ""gps_altitude"": 0, ""time"": 327157}, ""alt_data"": {""pressure"": 853.1, ""temperature"": 27.56, ""AGL"": -1.56, ""velocity"": 0, ""kalman_altitude"": -1.56, ""kalman_vertical_velocity"": -3.47}, ""chute_state"": {""pyro1_state"": 0, ""pyro2_state"": 0}, ""connection_status"": {""connected"": true, ""has_ever_connected"": true, ""packet_age_ms"": 1, ""timeout_exceeded"": false, ""rssi"": -90}, ""communication_mode"": ""BEACON"", ""timestamp"": 212110, ""packets_received"": 1049, ""kalman_data"": {""altitude"": -1.56, ""vertical_velocity"": -3.47}, ""kalman_altitude"": -1.56, ""kalman_vertical_velocity"": -3.47, ""pyroDrogue"": 0, ""pyroMain"": 0, ""pyro1_state"": 0, ""pyro2_state"": 0}"
1768315575.507911,2026-01-13T17:46:15.507911,3795,0,0,-0.38,0.11,0.89,-22.73,6.55,-9.27,-3.57,-4.24,0,0,0,327358,853.03,27.54,-0.87,0,0,0,0,-89,-0.87,-3.39,BEACON,"{""record_number"": 3795, ""operation_mode"": 0, ""state"": 0, ""battery_voltage"": 0, ""wifi_rssi"": -89, ""acc_data"": {""ax"": -0.38, ""ay"": 0.11, ""az"": 0.89, ""pitch"": -22.73, ""roll"": 6.55}, ""gyro_data"": {""gx"": -9.27, ""gy"": -3.57, ""gz"": -4.24}, ""gps_data"": {""latitude"": 0, ""longitude"": 0, ""gps_altitude"": 0, ""time"": 327358}, ""alt_data"": {""pressure"": 853.03, ""temperature"": 27.54, ""AGL"": -0.87, ""velocity"": 0, ""kalman_altitude"": -0.87, ""kalman_vertical_velocity"": -3.39}, ""chute_state"": {""pyro1_state"": 0, ""pyro2_state"": 0}, ""connection_status"": {""connected"": true, ""has_ever_connected"": true, ""packet_age_ms"": 0, ""timeout_exceeded"": false, ""rssi"": -89}, ""communication_mode"": ""BEACON"", ""timestamp"": 212220, ""packets_received"": 1050, ""kalman_data"": {""altitude"": -0.87, ""vertical_velocity"": -3.39}, ""kalman_altitude"": -0.87, ""kalman_vertical_velocity"": -3.39, ""pyroDrogue"": 0, ""pyroMain"": 0, ""pyro1_state"": 0, ""pyro2_state"": 0}"
1768315575.717961,2026-01-13T17:46:15.717961,3796,0,0,-0.38,0.11,0.88,-22.4,6.83,-8.99,-2.99,-3.45,0,0,0,327358,853.05,27.54,-1.08,0,0,0,0,-88,-1.08,-3.41,BEACON,"{""record_number"": 3796, ""operation_mode"": 0, ""state"": 0, ""battery_voltage"": 0, ""wifi_rssi"": -88, ""acc_data"": {""ax"": -0.38, ""ay"": 0.11, ""az"": 0.88, ""pitch"": -22.4, ""roll"": 6.83}, ""gyro_data"": {""gx"": -8.99, ""gy"": -2.99, ""gz"": -3.45}, ""gps_data"": {""latitude"": 0, ""longitude"": 0, ""gps_altitude"": 0, ""time"": 327358}, ""alt_data"": {""pressure"": 853.05, ""temperature"": 27.54, ""AGL"": -1.08, ""velocity"": 0, ""kalman_altitude"": -1.08, ""kalman_vertical_velocity"": -3.41}, ""chute_state"": {""pyro1_state"": 0, ""pyro2_state"": 0}, ""connection_status"": {""connected"": true, ""has_ever_connected"": true, ""packet_age_ms"": 0, ""timeout_exceeded"": false, ""rssi"": -88}, ""communication_mode"": ""BEACON"", ""timestamp"": 212332, ""packets_received"": 1051, ""kalman_data"": {""altitude"": -1.08, ""vertical_velocity"": -3.41}, ""kalman_altitude"": -1.08, ""kalman_vertical_velocity"": -3.41, ""pyroDrogue"": 0, ""pyroMain"": 0, ""pyro1_state"": 0, ""pyro2_state"": 0}"
1768315575.840259,2026-01-13T17:46:15.840259,3797,0,0,-0.38,0.11,0.88,-22.7,7.08,-8.57,-3.63,-3.99,0,0,0,327557,853.08,27.55,-1.41,0,0,0,0,-90,-1.41,-3.45,BEACON,"{""record_number"": 3797, ""operation_mode"": 0, ""state"": 0, ""battery_voltage"": 0, ""wifi_rssi"": -90, ""acc_data"": {""ax"": -0.38, ""ay"": 0.11, ""az"": 0.88, ""pitch"": -22.7, ""roll"": 7.08}, ""gyro_data"": {""gx"": -8.57, ""gy"": -3.63, ""gz"": -3.99}, ""gps_data"": {""latitude"": 0, ""longitude"": 0, ""gps_altitude"": 0, ""time"": 327557}, ""alt_data"": {""pressure"": 853.08, ""temperature"": 27.55, ""AGL"": -1.41, ""velocity"": 0, ""kalman_altitude"": -1.41, ""kalman_vertical_velocity"": -3.45}, ""chute_state"": {""pyro1_state"": 0, ""pyro2_state"": 0}, ""connection_status"": {""connected"": true, ""has_ever_connected"": true, ""packet_age_ms"": 1, ""timeout_exceeded"": false, ""rssi"": -90}, ""communication_mode"": ""BEACON"", ""timestamp"": 212445, ""packets_received"": 1052, ""kalman_data"": {""altitude"": -1.41, ""vertical_velocity"": -3.45}, ""kalman_altitude"": -1.41, ""kalman_vertical_velocity"": -3.45, ""pyroDrogue"": 0, ""pyroMain"": 0, ""pyro1_state"": 0, ""pyro2_state"": 0}"
1768315576.030024,2026-01-13T17:46:16.030024,3800,0,0,-0.39,0.1,0.88,-22.37,6.94,-9.36,-3.26,-2.96,0,0,0,327764,853.08,27.54,-1.36,0,0,0,0,-88,-1.36,-3.45,BEACON,"{""record_number"": 3800, ""operation_mode"": 0, ""state"": 0, ""battery_voltage"": 0, ""wifi_rssi"": -88, ""acc_data"": {""ax"": -0.39, ""ay"": 0.1, ""az"": 0.88, ""pitch"": -22.37, ""roll"": 6.94}, ""gyro_data"": {""gx"": -9.36, ""gy"": -3.26, ""gz"": -2.96}, ""gps_data"": {""latitude"": 0, ""longitude"": 0, ""gps_altitude"": 0, ""time"": 327764}, ""alt_data"": {""pressure"": 853.08, ""temperature"": 27.54, ""AGL"": -1.36, ""velocity"": 0, ""kalman_altitude"": -1.36, ""kalman_vertical_velocity"": -3.45}, ""chute_state"": {""pyro1_state"": 0, ""pyro2_state"": 0}, ""connection_status"": {""connected"": true, ""has_ever_connected"": true, ""packet_age_ms"": 0, ""timeout_exceeded"": false, ""rssi"": -88}, ""communication_mode"": ""BEACON"", ""timestamp"": 212671, ""packets_received"": 1053, ""kalman_data"": {""altitude"": -1.36, ""vertical_velocity"": -3.45}, ""kalman_altitude"": -1.36, ""kalman_vertical_velocity"": -3.45, ""pyroDrogue"": 0, ""pyroMain"": 0, ""pyro1_state"": 0, ""pyro2_state"": 0}"
1768315576.3751,2026-01-13T17:46:16.375100,3801,0,0,-0.38,0.1,0.88,-22.61,6.55,-8.51,-2.68,-3.48,0,0,0,327965,853.12,27.56,-1.74,0,0,0,0,-87,-1.74,-3.49,BEACON,"{""record_number"": 3801, ""operation_mode"": 0, ""state"": 0, ""battery_voltage"": 0, ""wifi_rssi"": -87, ""acc_data"": {""ax"": -0.38, ""ay"": 0.1, ""az"": 0.88, ""pitch"": -22.61, ""roll"": 6.55}, ""gyro_data"": {""gx"": -8.51, ""gy"": -2.68, ""gz"": -3.48}, ""gps_data"": {""latitude"": 0, ""longitude"": 0, ""gps_altitude"": 0, ""time"": 327965}, ""alt_data"": {""pressure"": 853.12, ""temperature"": 27.56, ""AGL"": -1.74, ""velocity"": 0, ""kalman_altitude"": -1.74, ""kalman_vertical_velocity"": -3.49}, ""chute_state"": {""pyro1_state"": 0, ""pyro2_state"": 0}, ""connection_status"": {""connected"": true, ""has_ever_connected"": true, ""packet_age_ms"": 0, ""timeout_exceeded"": false, ""rssi"": -87}, ""communication_mode"": ""BEACON"", ""timestamp"": 212785, ""packets_received"": 1054, ""kalman_data"": {""altitude"": -1.74, ""vertical_velocity"": -3.49}, ""kalman_altitude"": -1.74, ""kalman_vertical_velocity"": -3.49, ""pyroDrogue"": 0, ""pyroMain"": 0, ""pyro1_state"": 0, ""pyro2_state"": 0}"
1768315576.716796,2026-01-13T17:46:16.716796,3814,0,0,-0.39,0.1,0.89,-22.28,6.71,-8.78,-3.35,-4.12,0,0,0,328970,853.1,27.56,-1.6,0,0,0,0,-90,-1.6,-3.49,BEACON,"{""record_number"": 3814, ""operation_mode"": 0, ""state"": 0, ""battery_voltage"": 0, ""wifi_rssi"": -90, ""acc_data"": {""ax"": -0.39, ""ay"": 0.1, ""az"": 0.89, ""pitch"": -22.28, ""roll"": 6.71}, ""gyro_data"": {""gx"": -8.78, ""gy"": -3.35, ""gz"": -4.12}, ""gps_data"": {""latitude"": 0, ""longitude"": 0, ""gps_altitude"": 0, ""time"": 328970}, ""alt_data"": {""pressure"": 853.1, ""temperature"": 27.56, ""AGL"": -1.6, ""velocity"": 0, ""kalman_altitude"": -1.6, ""kalman_vertical_velocity"": -3.49}, ""chute_state"": {""pyro1_state"": 0, ""pyro2_state"": 0}, ""connection_status"": {""connected"": true, ""has_ever_connected"": true, ""packet_age_ms"": 0, ""timeout_exceeded"": false, ""rssi"": -90}, ""communication_mode"": ""BEACON"", ""timestamp"": 213907, ""packets_received"": 1064, ""kalman_data"": {""altitude"": -1.6, ""vertical_velocity"": -3.49}, ""kalman_altitude"": -1.6, ""kalman_vertical_velocity"": -3.49, ""pyroDrogue"": 0, ""pyroMain"": 0, ""pyro1_state"": 0, ""pyro2_state"": 0}"
1768315576.770849,2026-01-13T17:46:16.770849,3816,0,0,-0.38,0.1,0.89,-22.18,6.63,-8.29,-3.54,-3.38,0,0,0,329170,853.13,27.56,-1.88,0,0,0,0,-90,-1.88,-3.52,BEACON,"{""record_number"": 3816, ""operation_mode"": 0, ""state"": 0, ""battery_voltage"": 0, ""wifi_rssi"": -90, ""acc_data"": {""ax"": -0.38, ""ay"": 0.1, ""az"": 0.89, ""pitch"": -22.18, ""roll"": 6.63}, ""gyro_data"": {""gx"": -8.29, ""gy"": -3.54, ""gz"": -3.38}, ""gps_data"": {""latitude"": 0, ""longitude"": 0, ""gps_altitude"": 0, ""time"": 329170}, ""alt_data"": {""pressure"": 853.13, ""temperature"": 27.56, ""AGL"": -1.88, ""velocity"": 0, ""kalman_altitude"": -1.88, ""kalman_vertical_velocity"": -3.52}, ""chute_state"": {""pyro1_state"": 0, ""pyro2_state"": 0}, ""connection_status"": {""connected"": true, ""has_ever_connected"": true, ""packet_age_ms"": 0, ""timeout_exceeded"": false, ""rssi"": -90}, ""communication_mode"": ""BEACON"", ""timestamp"": 214019, ""packets_received"": 1065, ""kalman_data"": {""altitude"": -1.88, ""vertical_velocity"": -3.52}, ""kalman_altitude"": -1.88, ""kalman_vertical_velocity"": -3.52, ""pyroDrogue"": 0, ""pyroMain"": 0, ""pyro1_state"": 0, ""pyro2_state"": 0}"
1768315576.854777,2026-01-13T17:46:16.854777,3890,0,0,-0.38,0.11,0.88,-22.61,6.66,-8.96,-3.48,-3.29,0,0,0,335403,853.15,27.55,-2.02,0,0,0,0,-89,-2.02,-3.6,BEACON,"{""record_number"": 3890, ""operation_mode"": 0, ""state"": 0, ""battery_voltage"": 0, ""wifi_rssi"": -89, ""acc_data"": {""ax"": -0.38, ""ay"": 0.11, ""az"": 0.88, ""pitch"": -22.61, ""roll"": 6.66}, ""gyro_data"": {""gx"": -8.96, ""gy"": -3.48, ""gz"": -3.29}, ""gps_data"": {""latitude"": 0, ""longitude"": 0, ""gps_altitude"": 0, ""time"": 335403}, ""alt_data"": {""pressure"": 853.15, ""temperature"": 27.55, ""AGL"": -2.02, ""velocity"": 0, ""kalman_altitude"": -2.02, ""kalman_vertical_velocity"": -3.6}, ""chute_state"": {""pyro1_state"": 0, ""pyro2_state"": 0}, ""connection_status"": {""connected"": true, ""has_ever_connected"": true, ""packet_age_ms"": 0, ""timeout_exceeded"": false, ""rssi"": -89}, ""communication_mode"": ""BEACON"", ""timestamp"": 220330, ""packets_received"": 1116, ""kalman_data"": {""altitude"": -2.02, ""vertical_velocity"": -3.6}, ""kalman_altitude"": -2.02, ""kalman_vertical_velocity"": -3.6, ""pyroDrogue"": 0, ""pyroMain"": 0, ""pyro1_state"": 0, ""pyro2_state"": 0}"
1768315577.034777,2026-01-13T17:46:17.034777,3891,0,0,-0.38,0.11,0.89,-22.31,7.11,-9.09,-3.63,-4.05,0,0,0,335604,853.1,27.54,-1.54,0,0,0,0,-87,-1.54,-3.55,BEACON,"{""record_number"": 3891, ""operation_mode"": 0, ""state"": 0, ""battery_voltage"": 0, ""wifi_rssi"": -87, ""acc_data"": {""ax"": -0.38, ""ay"": 0.11, ""az"": 0.89, ""pitch"": -22.31, ""roll"": 7.11}, ""gyro_data"": {""gx"": -9.09, ""gy"": -3.63, ""gz"": -4.05}, ""gps_data"": {""latitude"": 0, ""longitude"": 0, ""gps_altitude"": 0, ""time"": 335604}, ""alt_data"": {""pressure"": 853.1, ""temperature"": 27.54, ""AGL"": -1.54, ""velocity"": 0, ""kalman_altitude"": -1.54, ""kalman_vertical_velocity"": -3.55}, ""chute_state"": {""pyro1_state"": 0, ""pyro2_state"": 0}, ""connection_status"": {""connected"": true, ""has_ever_connected"": true, ""packet_age_ms"": 0, ""timeout_exceeded"": false, ""rssi"": -87}, ""communication_mode"": ""BEACON"", ""timestamp"": 220443, ""packets_received"": 1117, ""kalman_data"": {""altitude"": -1.54, ""vertical_velocity"": -3.55}, ""kalman_altitude"": -1.54, ""kalman_vertical_velocity"": -3.55, ""pyroDrogue"": 0, ""pyroMain"": 0, ""pyro1_state"": 0, ""pyro2_state"": 0}"
1768315577.108408,2026-01-13T17:46:17.108408,3892,0,0,-0.38,0.11,0.88,-22.79,6.96,-8.96,-3.02,-3.9,0,0,0,335604,853.12,27.54,-1.8,0,0,0,0,-89,-1.8,-3.58,BEACON,"{""record_number"": 3892, ""operation_mode"": 0, ""state"": 0, ""battery_voltage"": 0, ""wifi_rssi"": -89, ""acc_data"": {""ax"": -0.38, ""ay"": 0.11, ""az"": 0.88, ""pitch"": -22.79, ""roll"": 6.96}, ""gyro_data"": {""gx"": -8.96, ""gy"": -3.02, ""gz"": -3.9}, ""gps_data"": {""latitude"": 0, ""longitude"": 0, ""gps_altitude"": 0, ""time"": 335604}, ""alt_data"": {""pressure"": 853.12, ""temperature"": 27.54, ""AGL"": -1.8, ""velocity"": 0, ""kalman_altitude"": -1.8, ""kalman_vertical_velocity"": -3.58}, ""chute_state"": {""pyro1_state"": 0, ""pyro2_state"": 0}, ""connection_status"": {""connected"": true, ""has_ever_connected"": true, ""packet_age_ms"": 0, ""timeout_exceeded"": false, ""rssi"": -89}, ""communication_mode"": ""BEACON"", ""timestamp"": 220556, ""packets_received"": 1118, ""kalman_data"": {""altitude"": -1.8, ""vertical_velocity"": -3.58}, ""kalman_altitude"": -1.8, ""kalman_vertical_velocity"": -3.58, ""pyroDrogue"": 0, ""pyroMain"": 0, ""pyro1_state"": 0, ""pyro2_state"": 0}"
1768315577.151217,2026-01-13T17:46:17.151217,3894,1,0,-0.38,0.1,0.89,-22.12,6.58,-9.97,-3.35,-4.3,0,0,0,335807,853.12,27.55,-1.73,0,0,0,0,-88,-1.73,-3.57,BEACON,"{""record_number"": 3894, ""operation_mode"": 1, ""state"": 0, ""battery_voltage"": 0, ""wifi_rssi"": -88, ""acc_data"": {""ax"": -0.38, ""ay"": 0.1, ""az"": 0.89, ""pitch"": -22.12, ""roll"": 6.58}, ""gyro_data"": {""gx"": -9.97, ""gy"": -3.35, ""gz"": -4.3}, ""gps_data"": {""latitude"": 0, ""longitude"": 0, ""gps_altitude"": 0, ""time"": 335807}, ""alt_data"": {""pressure"": 853.12, ""temperature"": 27.55, ""AGL"": -1.73, ""velocity"": 0, ""kalman_altitude"": -1.73, ""kalman_vertical_velocity"": -3.57}, ""chute_state"": {""pyro1_state"": 0, ""pyro2_state"": 0}, ""connection_status"": {""connected"": true, ""has_ever_connected"": true, ""packet_age_ms"": 1, ""timeout_exceeded"": false, ""rssi"": -88}, ""communication_mode"": ""BEACON"", ""timestamp"": 220669, ""packets_received"": 1119, ""kalman_data"": {""altitude"": -1.73, ""vertical_velocity"": -3.57}, ""kalman_altitude"": -1.73, ""kalman_vertical_velocity"": -3.57, ""pyroDrogue"": 0, ""pyroMain"": 0, ""pyro1_state"": 0, ""pyro2_state"": 0}"
1768315577.189214,2026-01-13T17:46:17.189214,3895,1,0,-0.38,0.11,0.89,-22.15,7.24,-8.14,-3.81,-3.54,0,0,0,335807,853.08,27.53,-1.32,0,0,0,0,-88,-1.32,-3.52,BEACON,"{""record_number"": 3895, ""operation_mode"": 1, ""state"": 0, ""battery_voltage"": 0, ""wifi_rssi"": -88, ""acc_data"": {""ax"": -0.38, ""ay"": 0.11, ""az"": 0.89, ""pitch"": -22.15, ""roll"": 7.24}, ""gyro_data"": {""gx"": -8.14, ""gy"": -3.81, ""gz"": -3.54}, ""gps_data"": {""latitude"": 0, ""longitude"": 0, ""gps_altitude"": 0, ""time"": 335807}, ""alt_data"": {""pressure"": 853.08, ""temperature"": 27.53, ""AGL"": -1.32, ""velocity"": 0, ""kalman_altitude"": -1.32, ""kalman_vertical_velocity"": -3.52}, ""chute_state"": {""pyro1_state"": 0, ""pyro2_state"": 0}, ""connection_status"": {""connected"": true, ""has_ever_connected"": true, ""packet_age_ms"": 1, ""timeout_exceeded"": false, ""rssi"": -88}, ""communication_mode"": ""BEACON"", ""timestamp"": 220782, ""packets_received"": 1120, ""kalman_data"": {""altitude"": -1.32, ""vertical_velocity"": -3.52}, ""kalman_altitude"": -1.32, ""kalman_vertical_velocity"": -3.52, ""pyroDrogue"": 0, ""pyroMain"": 0, ""pyro1_state"": 0, ""pyro2_state"": 0}"
1768315577.230211,2026-01-13T17:46:17.230211,3896,1,0,-0.38,0.12,0.88,-22.52,7.13,-8.87,-3.69,-4.02,0,0,0,336008,853.09,27.54,-1.51,0,0,0,0,-89,-1.51,-3.55,BEACON,"{""record_number"": 3896, ""operation_mode"": 1, ""state"": 0, ""battery_voltage"": 0, ""wifi_rssi"": -89, ""acc_data"": {""ax"": -0.38, ""ay"": 0.12, ""az"": 0.88, ""pitch"": -22.52, ""roll"": 7.13}, ""gyro_data"": {""gx"": -8.87, ""gy"": -3.69, ""gz"": -4.02}, ""gps_data"": {""latitude"": 0, ""longitude"": 0, ""gps_altitude"": 0, ""time"": 336008}, ""alt_data"": {""pressure"": 853.09, ""temperature"": 27.54, ""AGL"": -1.51, ""velocity"": 0, ""kalman_altitude"": -1.51, ""kalman_vertical_velocity"": -3.55}, ""chute_state"": {""pyro1_state"": 0, ""pyro2_state"": 0}, ""connection_status"": {""connected"": true, ""has_ever_connected"": true, ""packet_age_ms"": 0, ""timeout_exceeded"": false, ""rssi"": -89}, ""communication_mode"": ""BEACON"", ""timestamp"": 220895, ""packets_received"": 1121, ""kalman_data"": {""altitude"": -1.51, ""vertical_velocity"": -3.55}, ""kalman_altitude"": -1.51, ""kalman_vertical_velocity"": -3.55, ""pyroDrogue"": 0, ""pyroMain"": 0, ""pyro1_state"": 0, ""pyro2_state"": 0}"
1768315577.250215,2026-01-13T17:46:17.250215,3898,1,0,-0.38,0.12,0.88,-22.49,8.1,-8.38,-3.99,-3.78,0,0,0,336008,853.15,27.56,-2.1,0,0,0,0,-88,-2.09,-3.61,BEACON,"{""record_number"": 3898, ""operation_mode"": 1, ""state"": 0, ""battery_voltage"": 0, ""wifi_rssi"": -88, ""acc_data"": {""ax"": -0.38, ""ay"": 0.12, ""az"": 0.88, ""pitch"": -22.49, ""roll"": 8.1}, ""gyro_data"": {""gx"": -8.38, ""gy"": -3.99, ""gz"": -3.78}, ""gps_data"": {""latitude"": 0, ""longitude"": 0, ""gps_altitude"": 0, ""time"": 336008}, ""alt_data"": {""pressure"": 853.15, ""temperature"": 27.56, ""AGL"": -2.1, ""velocity"": 0, ""kalman_altitude"": -2.09, ""kalman_vertical_velocity"": -3.61}, ""chute_state"": {""pyro1_state"": 0, ""pyro2_state"": 0}, ""connection_status"": {""connected"": true, ""has_ever_connected"": true, ""packet_age_ms"": 1, ""timeout_exceeded"": false, ""rssi"": -88}, ""communication_mode"": ""BEACON"", ""timestamp"": 221008, ""packets_received"": 1122, ""kalman_data"": {""altitude"": -2.09, ""vertical_velocity"": -3.61}, ""kalman_altitude"": -2.09, ""kalman_vertical_velocity"": -3.61, ""pyroDrogue"": 0, ""pyroMain"": 0, ""pyro1_state"": 0, ""pyro2_state"": 0}"
1768315577.274214,2026-01-13T17:46:17.274214,3899,1,0,-0.38,0.09,0.88,-22.61,5.06,-9.3,-3.14,-3.29,0,0,0,336208,853.07,27.54,-1.29,0,0,0,0,-91,-1.29,-3.52,BEACON,"{""record_number"": 3899, ""operation_mode"": 1, ""state"": 0, ""battery_voltage"": 0, ""wifi_rssi"": -91, ""acc_data"": {""ax"": -0.38, ""ay"": 0.09, ""az"": 0.88, ""pitch"": -22.61, ""roll"": 5.06}, ""gyro_data"": {""gx"": -9.3, ""gy"": -3.14, ""gz"": -3.29}, ""gps_data"": {""latitude"": 0, ""longitude"": 0, ""gps_altitude"": 0, ""time"": 336208}, ""alt_data"": {""pressure"": 853.07, ""temperature"": 27.54, ""AGL"": -1.29, ""velocity"": 0, ""kalman_altitude"": -1.29, ""kalman_vertical_velocity"": -3.52}, ""chute_state"": {""pyro1_state"": 0, ""pyro2_state"": 0}, ""connection_status"": {""connected"": true, ""has_ever_connected"": true, ""packet_age_ms"": 1, ""timeout_exceeded"": false, ""rssi"": -91}, ""communication_mode"": ""BEACON"", ""timestamp"": 221120, ""packets_received"": 1123, ""kalman_data"": {""altitude"": -1.29, ""vertical_velocity"": -3.52}, ""kalman_altitude"": -1.29, ""kalman_vertical_velocity"": -3.52, ""pyroDrogue"": 0, ""pyroMain"": 0, ""pyro1_state"": 0, ""pyro2_state"": 0}"
1768315577.391564,2026-01-13T17:46:17.391564,3900,1,0,-0.39,0.06,0.89,-22.21,6.58,-10,-3.54,-3.84,0,0,0,336408,853.11,27.54,-1.62,0,0,0,0,-89,-1.62,-3.56,BEACON,"{""record_number"": 3900, ""operation_mode"": 1, ""state"": 0, ""battery_voltage"": 0, ""wifi_rssi"": -89, ""acc_data"": {""ax"": -0.39, ""ay"": 0.06, ""az"": 0.89, ""pitch"": -22.21, ""roll"": 6.58}, ""gyro_data"": {""gx"": -10, ""gy"": -3.54, ""gz"": -3.84}, ""gps_data"": {""latitude"": 0, ""longitude"": 0, ""gps_altitude"": 0, ""time"": 336408}, ""alt_data"": {""pressure"": 853.11, ""temperature"": 27.54, ""AGL"": -1.62, ""velocity"": 0, ""kalman_altitude"": -1.62, ""kalman_vertical_velocity"": -3.56}, ""chute_state"": {""pyro1_state"": 0, ""pyro2_state"": 0}, ""connection_status"": {""connected"": true, ""has_ever_connected"": true, ""packet_age_ms"": 1, ""timeout_exceeded"": false, ""rssi"": -89}, ""communication_mode"": ""BEACON"", ""timestamp"": 221232, ""packets_received"": 1124, ""kalman_data"": {""altitude"": -1.62, ""vertical_velocity"": -3.56}, ""kalman_altitude"": -1.62, ""kalman_vertical_velocity"": -3.56, ""pyroDrogue"": 0, ""pyroMain"": 0, ""pyro1_state"": 0, ""pyro2_state"": 0}"
1768315577.523567,2026-01-13T17:46:17.523567,3902,1,0,-0.39,0.1,0.88,-22.91,7.01,-8.72,-3.6,-4.18,0,0,0,336408,853.1,27.54,-1.58,0,0,0,0,-88,-1.58,-3.56,BEACON,"{""record_number"": 3902, ""operation_mode"": 1, ""state"": 0, ""battery_voltage"": 0, ""wifi_rssi"": -88, ""acc_data"": {""ax"": -0.39, ""ay"": 0.1, ""az"": 0.88, ""pitch"": -22.91, ""roll"": 7.01}, ""gyro_data"": {""gx"": -8.72, ""gy"": -3.6, ""gz"": -4.18}, ""gps_data"": {""latitude"": 0, ""longitude"": 0, ""gps_altitude"": 0, ""time"": 336408}, ""alt_data"": {""pressure"": 853.1, ""temperature"": 27.54, ""AGL"": -1.58, ""velocity"": 0, ""kalman_altitude"": -1.58, ""kalman_vertical_velocity"": -3.56}, ""chute_state"": {""pyro1_state"": 0, ""pyro2_state"": 0}, ""connection_status"": {""connected"": true, ""has_ever_connected"": true, ""packet_age_ms"": 0, ""timeout_exceeded"": false, ""rssi"": -88}, ""communication_mode"": ""BEACON"", ""timestamp"": 221344, ""packets_received"": 1125, ""kalman_data"": {""altitude"": -1.58, ""vertical_velocity"": -3.56}, ""kalman_altitude"": -1.58, ""kalman_vertical_velocity"": -3.56, ""pyroDrogue"": 0, ""pyroMain"": 0, ""pyro1_state"": 0, ""pyro2_state"": 0}"
1768315578.090008,2026-01-13T17:46:18.090008,3903,1,0,-0.37,0.1,0.89,-22.4,6.43,-8.96,-2.62,-3.9,0,0,0,336609,853.09,27.53,-1.5,0,0,0,0,-88,-1.5,-3.55,BEACON,"{""record_number"": 3903, ""operation_mode"": 1, ""state"": 0, ""battery_voltage"": 0, ""wifi_rssi"": -88, ""acc_data"": {""ax"": -0.37, ""ay"": 0.1, ""az"": 0.89, ""pitch"": -22.4, ""roll"": 6.43}, ""gyro_data"": {""gx"": -8.96, ""gy"": -2.62, ""gz"": -3.9}, ""gps_data"": {""latitude"": 0, ""longitude"": 0, ""gps_altitude"": 0, ""time"": 336609}, ""alt_data"": {""pressure"": 853.09, ""temperature"": 27.53, ""AGL"": -1.5, ""velocity"": 0, ""kalman_altitude"": -1.5, ""kalman_vertical_velocity"": -3.55}, ""chute_state"": {""pyro1_state"": 0, ""pyro2_state"": 0}, ""connection_status"": {""connected"": true, ""has_ever_connected"": true, ""packet_age_ms"": 1, ""timeout_exceeded"": false, ""rssi"": -88}, ""communication_mode"": ""BEACON"", ""timestamp"": 221457, ""packets_received"": 1126, ""kalman_data"": {""altitude"": -1.5, ""vertical_velocity"": -3.55}, ""kalman_altitude"": -1.5, ""kalman_vertical_velocity"": -3.55, ""pyroDrogue"": 0, ""pyroMain"": 0, ""pyro1_state"": 0, ""pyro2_state"": 0}"
1768315578.197128,2026-01-13T17:46:18.197128,3904,1,0,-0.38,0.1,0.89,-22.61,6.37,-8.6,-3.87,-3.48,0,0,0,336609,853.15,27.54,-2.08,0,0,0,0,-90,-2.07,-3.62,BEACON,"{""record_number"": 3904, ""operation_mode"": 1, ""state"": 0, ""battery_voltage"": 0, ""wifi_rssi"": -90, ""acc_data"": {""ax"": -0.38, ""ay"": 0.1, ""az"": 0.89, ""pitch"": -22.61, ""roll"": 6.37}, ""gyro_data"": {""gx"": -8.6, ""gy"": -3.87, ""gz"": -3.48}, ""gps_data"": {""latitude"": 0, ""longitude"": 0, ""gps_altitude"": 0, ""time"": 336609}, ""alt_data"": {""pressure"": 853.15, ""temperature"": 27.54, ""AGL"": -2.08, ""velocity"": 0, ""kalman_altitude"": -2.07, ""kalman_vertical_velocity"": -3.62}, ""chute_state"": {""pyro1_state"": 0, ""pyro2_state"": 0}, ""connection_status"": {""connected"": true, ""has_ever_connected"": true, ""packet_age_ms"": 1, ""timeout_exceeded"": false, ""rssi"": -90}, ""communication_mode"": ""BEACON"", ""timestamp"": 221572, ""packets_received"": 1127, ""kalman_data"": {""altitude"": -2.07, ""vertical_velocity"": -3.62}, ""kalman_altitude"": -2.07, ""kalman_vertical_velocity"": -3.62, ""pyroDrogue"": 0, ""pyroMain"": 0, ""pyro1_state"": 0, ""pyro2_state"": 0}"
1768315578.268115,2026-01-13T17:46:18.268115,3906,1,0,-0.39,0.11,0.88,-22.09,6.55,-8.54,-3.81,-3.99,0,0,0,336815,853.12,27.54,-1.75,0,0,0,0,-87,-1.75,-3.58,BEACON,"{""record_number"": 3906, ""operation_mode"": 1, ""state"": 0, ""battery_voltage"": 0, ""wifi_rssi"": -87, ""acc_data"": {""ax"": -0.39, ""ay"": 0.11, ""az"": 0.88, ""pitch"": -22.09, ""roll"": 6.55}, ""gyro_data"": {""gx"": -8.54, ""gy"": -3.81, ""gz"": -3.99}, ""gps_data"": {""latitude"": 0, ""longitude"": 0, ""gps_altitude"": 0, ""time"": 336815}, ""alt_data"": {""pressure"": 853.12, ""temperature"": 27.54, ""AGL"": -1.75, ""velocity"": 0, ""kalman_altitude"": -1.75, ""kalman_vertical_velocity"": -3.58}, ""chute_state"": {""pyro1_state"": 0, ""pyro2_state"": 0}, ""connection_status"": {""connected"": true, ""has_ever_connected"": true, ""packet_age_ms"": 0, ""timeout_exceeded"": false, ""rssi"": -87}, ""communication_mode"": ""BEACON"", ""timestamp"": 221682, ""packets_received"": 1128, ""kalman_data"": {""altitude"": -1.75, ""vertical_velocity"": -3.58}, ""kalman_altitude"": -1.75, ""kalman_vertical_velocity"": -3.58, ""pyroDrogue"": 0, ""pyroMain"": 0, ""pyro1_state"": 0, ""pyro2_state"": 0}"
1768315578.338679,2026-01-13T17:46:18.338679,3907,1,0,-0.39,0.1,0.89,-22.55,6.65,-8.93,-3.87,-3.63,0,0,0,336815,853.09,27.54,-1.5,0,0,0,0,-91,-1.5,-3.56,BEACON,"{""record_number"": 3907, ""operation_mode"": 1, ""state"": 0, ""battery_voltage"": 0, ""wifi_rssi"": -91, ""acc_data"": {""ax"": -0.39, ""ay"": 0.1, ""az"": 0.89, ""pitch"": -22.55, ""roll"": 6.65}, ""gyro_data"": {""gx"": -8.93, ""gy"": -3.87, ""gz"": -3.63}, ""gps_data"": {""latitude"": 0, ""longitude"": 0, ""gps_altitude"": 0, ""time"": 336815}, ""alt_data"": {""pressure"": 853.09, ""temperature"": 27.54, ""AGL"": -1.5, ""velocity"": 0, ""kalman_altitude"": -1.5, ""kalman_vertical_velocity"": -3.56}, ""chute_state"": {""pyro1_state"": 0, ""pyro2_state"": 0}, ""connection_status"": {""connected"": true, ""has_ever_connected"": true, ""packet_age_ms"": 0, ""timeout_exceeded"": false, ""rssi"": -91}, ""communication_mode"": ""BEACON"", ""timestamp"": 221795, ""packets_received"": 1129, ""kalman_data"": {""altitude"": -1.5, ""vertical_velocity"": -3.56}, ""kalman_altitude"": -1.5, ""kalman_vertical_velocity"": -3.56, ""pyroDrogue"": 0, ""pyroMain"": 0, ""pyro1_state"": 0, ""pyro2_state"": 0}"
1768315578.403678,2026-01-13T17:46:18.403678,3908,1,0,-0.38,0.1,0.89,-22.18,6.62,-9.12,-3.11,-3.41,0,0,0,337015,853.08,27.53,-1.35,0,0,0,0,-88,-1.35,-3.54,BEACON,"{""record_number"": 3908, ""operation_mode"": 1, ""state"": 0, ""battery_voltage"": 0, ""wifi_rssi"": -88, ""acc_data"": {""ax"": -0.38, ""ay"": 0.1, ""az"": 0.89, ""pitch"": -22.18, ""roll"": 6.62}, ""gyro_data"": {""gx"": -9.12, ""gy"": -3.11, ""gz"": -3.41}, ""gps_data"": {""latitude"": 0, ""longitude"": 0, ""gps_altitude"": 0, ""time"": 337015}, ""alt_data"": {""pressure"": 853.08, ""temperature"": 27.53, ""AGL"": -1.35, ""velocity"": 0, ""kalman_altitude"": -1.35, ""kalman_vertical_velocity"": -3.54}, ""chute_state"": {""pyro1_state"": 0, ""pyro2_state"": 0}, ""connection_status"": {""connected"": true, ""has_ever_connected"": true, ""packet_age_ms"": 0, ""timeout_exceeded"": false, ""rssi"": -88}, ""communication_mode"": ""BEACON"", ""timestamp"": 221908, ""packets_received"": 1130, ""kalman_data"": {""altitude"": -1.35, ""vertical_velocity"": -3.54}, ""kalman_altitude"": -1.35, ""kalman_vertical_velocity"": -3.54, ""pyroDrogue"": 0, ""pyroMain"": 0, ""pyro1_state"": 0, ""pyro2_state"": 0}"
1768315578.453677,2026-01-13T17:46:18.453677,3910,1,0,-0.38,0.1,0.9,-22.58,7.01,-8.78,-2.93,-3.81,0,0,0,337015,853.07,27.53,-1.25,0,0,0,0,-89,-1.25,-3.53,BEACON,"{""record_number"": 3910, ""operation_mode"": 1, ""state"": 0, ""battery_voltage"": 0, ""wifi_rssi"": -89, ""acc_data"": {""ax"": -0.38, ""ay"": 0.1, ""az"": 0.9, ""pitch"": -22.58, ""roll"": 7.01}, ""gyro_data"": {""gx"": -8.78, ""gy"": -2.93, ""gz"": -3.81}, ""gps_data"": {""latitude"": 0, ""longitude"": 0, ""gps_altitude"": 0, ""time"": 337015}, ""alt_data"": {""pressure"": 853.07, ""temperature"": 27.53, ""AGL"": -1.25, ""velocity"": 0, ""kalman_altitude"": -1.25, ""kalman_vertical_velocity"": -3.53}, ""chute_state"": {""pyro1_state"": 0, ""pyro2_state"": 0}, ""connection_status"": {""connected"": true, ""has_ever_connected"": true, ""packet_age_ms"": 0, ""timeout_exceeded"": false, ""rssi"": -89}, ""communication_mode"": ""BEACON"", ""timestamp"": 222021, ""packets_received"": 1131, ""kalman_data"": {""altitude"": -1.25, ""vertical_velocity"": -3.53}, ""kalman_altitude"": -1.25, ""kalman_vertical_velocity"": -3.53, ""pyroDrogue"": 0, ""pyroMain"": 0, ""pyro1_state"": 0, ""pyro2_state"": 0}"
1768315578.490676,2026-01-13T17:46:18.490676,3911,1,0,-0.38,0.11,0.88,-22.67,6.78,-9.42,-3.69,-3.17,0,0,0,337215,853.05,27.53,-1.03,0,0,0,0,-89,-1.03,-3.51,BEACON,"{""record_number"": 3911, ""operation_mode"": 1, ""state"": 0, ""battery_voltage"": 0, ""wifi_rssi"": -89, ""acc_data"": {""ax"": -0.38, ""ay"": 0.11, ""az"": 0.88, ""pitch"": -22.67, ""roll"": 6.78}, ""gyro_data"": {""gx"": -9.42, ""gy"": -3.69, ""gz"": -3.17}, ""gps_data"": {""latitude"": 0, ""longitude"": 0, ""gps_altitude"": 0, ""time"": 337215}, ""alt_data"": {""pressure"": 853.05, ""temperature"": 27.53, ""AGL"": -1.03, ""velocity"": 0, ""kalman_altitude"": -1.03, ""kalman_vertical_velocity"": -3.51}, ""chute_state"": {""pyro1_state"": 0, ""pyro2_state"": 0}, ""connection_status"": {""connected"": true, ""has_ever_connected"": true, ""packet_age_ms"": 0, ""timeout_exceeded"": false, ""rssi"": -89}, ""communication_mode"": ""BEACON"", ""timestamp"": 222133, ""packets_received"": 1132, ""kalman_data"": {""altitude"": -1.03, ""vertical_velocity"": -3.51}, ""kalman_altitude"": -1.03, ""kalman_vertical_velocity"": -3.51, ""pyroDrogue"": 0, ""pyroMain"": 0, ""pyro1_state"": 0, ""pyro2_state"": 0}"
1768315578.589751,2026-01-13T17:46:18.589751,3912,1,0,-0.38,0.11,0.89,-22.85,6.95,-9.24,-2.87,-3.84,0,0,0,337415,853.06,27.52,-1.2,0,0,0,0,-88,-1.2,-3.53,BEACON,"{""record_number"": 3912, ""operation_mode"": 1, ""state"": 0, ""battery_voltage"": 0, ""wifi_rssi"": -88, ""acc_data"": {""ax"": -0.38, ""ay"": 0.11, ""az"": 0.89, ""pitch"": -22.85, ""roll"": 6.95}, ""gyro_data"": {""gx"": -9.24, ""gy"": -2.87, ""gz"": -3.84}, ""gps_data"": {""latitude"": 0, ""longitude"": 0, ""gps_altitude"": 0, ""time"": 337415}, ""alt_data"": {""pressure"": 853.06, ""temperature"": 27.52, ""AGL"": -1.2, ""velocity"": 0, ""kalman_altitude"": -1.2, ""kalman_vertical_velocity"": -3.53}, ""chute_state"": {""pyro1_state"": 0, ""pyro2_state"": 0}, ""connection_status"": {""connected"": true, ""has_ever_connected"": true, ""packet_age_ms"": 0, ""timeout_exceeded"": false, ""rssi"": -88}, ""communication_mode"": ""BEACON"", ""timestamp"": 222245, ""packets_received"": 1133, ""kalman_data"": {""altitude"": -1.2, ""vertical_velocity"": -3.53}, ""kalman_altitude"": -1.2, ""kalman_vertical_velocity"": -3.53, ""pyroDrogue"": 0, ""pyroMain"": 0, ""pyro1_state"": 0, ""pyro2_state"": 0}"
1768315578.724754,2026-01-13T17:46:18.724754,3914,1,0,-0.39,0.11,0.88,-22.55,6.55,-8.93,-3.23,-3.26,0,0,0,337415,853.06,27.54,-1.18,0,0,0,0,-91,-1.18,-3.52,BEACON,"{""record_number"": 3914, ""operation_mode"": 1, ""state"": 0, ""battery_voltage"": 0, ""wifi_rssi"": -91, ""acc_data"": {""ax"": -0.39, ""ay"": 0.11, ""az"": 0.88, ""pitch"": -22.55, ""roll"": 6.55}, ""gyro_data"": {""gx"": -8.93, ""gy"": -3.23, ""gz"": -3.26}, ""gps_data"": {""latitude"": 0, ""longitude"": 0, ""gps_altitude"": 0, ""time"": 337415}, ""alt_data"": {""pressure"": 853.06, ""temperature"": 27.54, ""AGL"": -1.18, ""velocity"": 0, ""kalman_altitude"": -1.18, ""kalman_vertical_velocity"": -3.52}, ""chute_state"": {""pyro1_state"": 0, ""pyro2_state"": 0}, ""connection_status"": {""connected"": true, ""has_ever_connected"": true, ""packet_age_ms"": 0, ""timeout_exceeded"": false, ""rssi"": -91}, ""communication_mode"": ""BEACON"", ""timestamp"": 222357, ""packets_received"": 1134, ""kalman_data"": {""altitude"": -1.18, ""vertical_velocity"": -3.52}, ""kalman_altitude"": -1.18, ""kalman_vertical_velocity"": -3.52, ""pyroDrogue"": 0, ""pyroMain"": 0, ""pyro1_state"": 0, ""pyro2_state"": 0}"
1768315579.013334,2026-01-13T17:46:19.013334,3916,1,0,-0.38,0.11,0.89,-22.43,6.83,-9.33,-3.17,-3.87,0,0,0,337616,853.09,27.54,-1.47,0,0,0,0,-89,-1.47,-3.56,BEACON,"{""record_number"": 3916, ""operation_mode"": 1, ""state"": 0, ""battery_voltage"": 0, ""wifi_rssi"": -89, ""acc_data"": {""ax"": -0.38, ""ay"": 0.11, ""az"": 0.89, ""pitch"": -22.43, ""roll"": 6.83}, ""gyro_data"": {""gx"": -9.33, ""gy"": -3.17, ""gz"": -3.87}, ""gps_data"": {""latitude"": 0, ""longitude"": 0, ""gps_altitude"": 0, ""time"": 337616}, ""alt_data"": {""pressure"": 853.09, ""temperature"": 27.54, ""AGL"": -1.47, ""velocity"": 0, ""kalman_altitude"": -1.47, ""kalman_vertical_velocity"": -3.56}, ""chute_state"": {""pyro1_state"": 0, ""pyro2_state"": 0}, ""connection_status"": {""connected"": true, ""has_ever_connected"": true, ""packet_age_ms"": 0, ""timeout_exceeded"": false, ""rssi"": -89}, ""communication_mode"": ""BEACON"", ""timestamp"": 222583, ""packets_received"": 1135, ""kalman_data"": {""altitude"": -1.47, ""vertical_velocity"": -3.56}, ""kalman_altitude"": -1.47, ""kalman_vertical_velocity"": -3.56, ""pyroDrogue"": 0, ""pyroMain"": 0, ""pyro1_state"": 0, ""pyro2_state"": 0}"
1768315579.374433,2026-01-13T17:46:19.374433,3918,1,0,-0.38,0.1,0.89,-22.37,6.76,-8.63,-3.35,-3.38,0,0,0,337820,853.11,27.54,-1.68,0,0,0,0,-89,-1.68,-3.58,BEACON,"{""record_number"": 3918, ""operation_mode"": 1, ""state"": 0, ""battery_voltage"": 0, ""wifi_rssi"": -89, ""acc_data"": {""ax"": -0.38, ""ay"": 0.1, ""az"": 0.89, ""pitch"": -22.37, ""roll"": 6.76}, ""gyro_data"": {""gx"": -8.63, ""gy"": -3.35, ""gz"": -3.38}, ""gps_data"": {""latitude"": 0, ""longitude"": 0, ""gps_altitude"": 0, ""time"": 337820}, ""alt_data"": {""pressure"": 853.11, ""temperature"": 27.54, ""AGL"": -1.68, ""velocity"": 0, ""kalman_altitude"": -1.68, ""kalman_vertical_velocity"": -3.58}, ""chute_state"": {""pyro1_state"": 0, ""pyro2_state"": 0}, ""connection_status"": {""connected"": true, ""has_ever_connected"": true, ""packet_age_ms"": 0, ""timeout_exceeded"": false, ""rssi"": -89}, ""communication_mode"": ""BEACON"", ""timestamp"": 222695, ""packets_received"": 1136, ""kalman_data"": {""altitude"": -1.68, ""vertical_velocity"": -3.58}, ""kalman_altitude"": -1.68, ""kalman_vertical_velocity"": -3.58, ""pyroDrogue"": 0, ""pyroMain"": 0, ""pyro1_state"": 0, ""pyro2_state"": 0}"
1768315579.855677,2026-01-13T17:46:19.855677,3919,1,0,-0.38,0.11,0.89,-22.28,7.23,-8.93,-3.02,-3.26,0,0,0,337820,853.14,27.54,-1.94,0,0,0,0,-88,-1.94,-3.61,BEACON,"{""record_number"": 3919, ""operation_mode"": 1, ""state"": 0, ""battery_voltage"": 0, ""wifi_rssi"": -88, ""acc_data"": {""ax"": -0.38, ""ay"": 0.11, ""az"": 0.89, ""pitch"": -22.28, ""roll"": 7.23}, ""gyro_data"": {""gx"": -8.93, ""gy"": -3.02, ""gz"": -3.26}, ""gps_data"": {""latitude"": 0, ""longitude"": 0, ""gps_altitude"": 0, ""time"": 337820}, ""alt_data"": {""pressure"": 853.14, ""temperature"": 27.54, ""AGL"": -1.94, ""velocity"": 0, ""kalman_altitude"": -1.94, ""kalman_vertical_velocity"": -3.61}, ""chute_state"": {""pyro1_state"": 0, ""pyro2_state"": 0}, ""connection_status"": {""connected"": true, ""has_ever_connected"": true, ""packet_age_ms"": 0, ""timeout_exceeded"": false, ""rssi"": -88}, ""communication_mode"": ""BEACON"", ""timestamp"": 222808, ""packets_received"": 1137, ""kalman_data"": {""altitude"": -1.94, ""vertical_velocity"": -3.61}, ""kalman_altitude"": -1.94, ""kalman_vertical_velocity"": -3.61, ""pyroDrogue"": 0, ""pyroMain"": 0, ""pyro1_state"": 0, ""pyro2_state"": 0}"
1768315580.534393,2026-01-13T17:46:20.534393,3920,1,0,-0.39,0.1,0.89,-22.82,6.6,-8.32,-3.45,-3.99,0,0,0,338020,853.09,27.52,-1.49,0,0,0,0,-88,-1.49,-3.56,BEACON,"{""record_number"": 3920, ""operation_mode"": 1, ""state"": 0, ""battery_voltage"": 0, ""wifi_rssi"": -88, ""acc_data"": {""ax"": -0.39, ""ay"": 0.1, ""az"": 0.89, ""pitch"": -22.82, ""roll"": 6.6}, ""gyro_data"": {""gx"": -8.32, ""gy"": -3.45, ""gz"": -3.99}, ""gps_data"": {""latitude"": 0, ""longitude"": 0, ""gps_altitude"": 0, ""time"": 338020}, ""alt_data"": {""pressure"": 853.09, ""temperature"": 27.52, ""AGL"": -1.49, ""velocity"": 0, ""kalman_altitude"": -1.49, ""kalman_vertical_velocity"": -3.56}, ""chute_state"": {""pyro1_state"": 0, ""pyro2_state"": 0}, ""connection_status"": {""connected"": true, ""has_ever_connected"": true, ""packet_age_ms"": 0, ""timeout_exceeded"": false, ""rssi"": -88}, ""communication_mode"": ""BEACON"", ""timestamp"": 222921, ""packets_received"": 1138, ""kalman_data"": {""altitude"": -1.49, ""vertical_velocity"": -3.56}, ""kalman_altitude"": -1.49, ""kalman_vertical_velocity"": -3.56, ""pyroDrogue"": 0, ""pyroMain"": 0, ""pyro1_state"": 0, ""pyro2_state"": 0}"
1768315580.935161,2026-01-13T17:46:20.935161,3921,1,0,-0.38,0.1,0.89,-22.7,6.81,-9.51,-2.47,-3.81,0,0,0,338221,853.1,27.53,-1.53,0,0,0,0,-88,-1.53,-3.57,BEACON,"{""record_number"": 3921, ""operation_mode"": 1, ""state"": 0, ""battery_voltage"": 0, ""wifi_rssi"": -88, ""acc_data"": {""ax"": -0.38, ""ay"": 0.1, ""az"": 0.89, ""pitch"": -22.7, ""roll"": 6.81}, ""gyro_data"": {""gx"": -9.51, ""gy"": -2.47, ""gz"": -3.81}, ""gps_data"": {""latitude"": 0, ""longitude"": 0, ""gps_altitude"": 0, ""time"": 338221}, ""alt_data"": {""pressure"": 853.1, ""temperature"": 27.53, ""AGL"": -1.53, ""velocity"": 0, ""kalman_altitude"": -1.53, ""kalman_vertical_velocity"": -3.57}, ""chute_state"": {""pyro1_state"": 0, ""pyro2_state"": 0}, ""connection_status"": {""connected"": true, ""has_ever_connected"": true, ""packet_age_ms"": 0, ""timeout_exceeded"": false, ""rssi"": -88}, ""communication_mode"": ""BEACON"", ""timestamp"": 223045, ""packets_received"": 1139, ""kalman_data"": {""altitude"": -1.53, ""vertical_velocity"": -3.57}, ""kalman_altitude"": -1.53, ""kalman_vertical_velocity"": -3.57, ""pyroDrogue"": 0, ""pyroMain"": 0, ""pyro1_state"": 0, ""pyro2_state"": 0}"
1768315581.099417,2026-01-13T17:46:21.099417,3923,1,0,-0.38,0.11,0.89,-22.82,6.77,-9.33,-2.84,-4.27,0,0,0,338221,853.11,27.52,-1.63,0,0,0,0,-88,-1.63,-3.58,BEACON,"{""record_number"": 3923, ""operation_mode"": 1, ""state"": 0, ""battery_voltage"": 0, ""wifi_rssi"": -88, ""acc_data"": {""ax"": -0.38, ""ay"": 0.11, ""az"": 0.89, ""pitch"": -22.82, ""roll"": 6.77}, ""gyro_data"": {""gx"": -9.33, ""gy"": -2.84, ""gz"": -4.27}, ""gps_data"": {""latitude"": 0, ""longitude"": 0, ""gps_altitude"": 0, ""time"": 338221}, ""alt_data"": {""pressure"": 853.11, ""temperature"": 27.52, ""AGL"": -1.63, ""velocity"": 0, ""kalman_altitude"": -1.63, ""kalman_vertical_velocity"": -3.58}, ""chute_state"": {""pyro1_state"": 0, ""pyro2_state"": 0}, ""connection_status"": {""connected"": true, ""has_ever_connected"": true, ""packet_age_ms"": 1, ""timeout_exceeded"": false, ""rssi"": -88}, ""communication_mode"": ""BEACON"", ""timestamp"": 223147, ""packets_received"": 1140, ""kalman_data"": {""altitude"": -1.63, ""vertical_velocity"": -3.58}, ""kalman_altitude"": -1.63, ""kalman_vertical_velocity"": -3.58, ""pyroDrogue"": 0, ""pyroMain"": 0, ""pyro1_state"": 0, ""pyro2_state"": 0}"
1768315581.198391,2026-01-13T17:46:21.198391,3924,1,0,-0.38,0.1,0.89,-22.88,6.77,-8.29,-2.2,-3.9,0,0,0,338421,853.07,27.53,-1.25,0,0,0,0,-87,-1.25,-3.54,BEACON,"{""record_number"": 3924, ""operation_mode"": 1, ""state"": 0, ""battery_voltage"": 0, ""wifi_rssi"": -87, ""acc_data"": {""ax"": -0.38, ""ay"": 0.1, ""az"": 0.89, ""pitch"": -22.88, ""roll"": 6.77}, ""gyro_data"": {""gx"": -8.29, ""gy"": -2.2, ""gz"": -3.9}, ""gps_data"": {""latitude"": 0, ""longitude"": 0, ""gps_altitude"": 0, ""time"": 338421}, ""alt_data"": {""pressure"": 853.07, ""temperature"": 27.53, ""AGL"": -1.25, ""velocity"": 0, ""kalman_altitude"": -1.25, ""kalman_vertical_velocity"": -3.54}, ""chute_state"": {""pyro1_state"": 0, ""pyro2_state"": 0}, ""connection_status"": {""connected"": true, ""has_ever_connected"": true, ""packet_age_ms"": 0, ""timeout_exceeded"": false, ""rssi"": -87}, ""communication_mode"": ""BEACON"", ""timestamp"": 223259, ""packets_received"": 1141, ""kalman_data"": {""altitude"": -1.25, ""vertical_velocity"": -3.54}, ""kalman_altitude"": -1.25, ""kalman_vertical_velocity"": -3.54, ""pyroDrogue"": 0, ""pyroMain"": 0, ""pyro1_state"": 0, ""pyro2_state"": 0}"
1768315581.316649,2026-01-13T17:46:21.316649,3925,1,0,-0.38,0.1,0.88,-22.12,6.44,-9.42,-3.2,-3.48,0,0,0,338421,853.08,27.54,-1.36,0,0,0,0,-88,-1.36,-3.55,BEACON,"{""record_number"": 3925, ""operation_mode"": 1, ""state"": 0, ""battery_voltage"": 0, ""wifi_rssi"": -88, ""acc_data"": {""ax"": -0.38, ""ay"": 0.1, ""az"": 0.88, ""pitch"": -22.12, ""roll"": 6.44}, ""gyro_data"": {""gx"": -9.42, ""gy"": -3.2, ""gz"": -3.48}, ""gps_data"": {""latitude"": 0, ""longitude"": 0, ""gps_altitude"": 0, ""time"": 338421}, ""alt_data"": {""pressure"": 853.08, ""temperature"": 27.54, ""AGL"": -1.36, ""velocity"": 0, ""kalman_altitude"": -1.36, ""kalman_vertical_velocity"": -3.55}, ""chute_state"": {""pyro1_state"": 0, ""pyro2_state"": 0}, ""connection_status"": {""connected"": true, ""has_ever_connected"": true, ""packet_age_ms"": 0, ""timeout_exceeded"": false, ""rssi"": -88}, ""communication_mode"": ""BEACON"", ""timestamp"": 223376, ""packets_received"": 1142, ""kalman_data"": {""altitude"": -1.36, ""vertical_velocity"": -3.55}, ""kalman_altitude"": -1.36, ""kalman_vertical_velocity"": -3.55, ""pyroDrogue"": 0, ""pyroMain"": 0, ""pyro1_state"": 0, ""pyro2_state"": 0}"
1768315581.553651,2026-01-13T17:46:21.553651,3927,1,0,-0.39,0.1,0.89,-22.31,6.52,-9.15,-1.13,-3.41,0,0,0,338622,853.07,27.54,-1.25,0,0,0,0,-87,-1.25,-3.54,BEACON,"{""record_number"": 3927, ""operation_mode"": 1, ""state"": 0, ""battery_voltage"": 0, ""wifi_rssi"": -87, ""acc_data"": {""ax"": -0.39, ""ay"": 0.1, ""az"": 0.89, ""pitch"": -22.31, ""roll"": 6.52}, ""gyro_data"": {""gx"": -9.15, ""gy"": -1.13, ""gz"": -3.41}, ""gps_data"": {""latitude"": 0, ""longitude"": 0, ""gps_altitude"": 0, ""time"": 338622}, ""alt_data"": {""pressure"": 853.07, ""temperature"": 27.54, ""AGL"": -1.25, ""velocity"": 0, ""kalman_altitude"": -1.25, ""kalman_vertical_velocity"": -3.54}, ""chute_state"": {""pyro1_state"": 0, ""pyro2_state"": 0}, ""connection_status"": {""connected"": true, ""has_ever_connected"": true, ""packet_age_ms"": 1, ""timeout_exceeded"": false, ""rssi"": -87}, ""communication_mode"": ""BEACON"", ""timestamp"": 223483, ""packets_received"": 1143, ""kalman_data"": {""altitude"": -1.25, ""vertical_velocity"": -3.54}, ""kalman_altitude"": -1.25, ""kalman_vertical_velocity"": -3.54, ""pyroDrogue"": 0, ""pyroMain"": 0, ""pyro1_state"": 0, ""pyro2_state"": 0}"
1768315581.723417,2026-01-13T17:46:21.723417,3928,1,0,-0.39,0.11,0.89,-22.43,7,-9.7,-0.73,-3.66,0,0,0,338622,853.09,27.53,-1.5,0,0,0,0,-87,-1.5,-3.57,BEACON,"{""record_number"": 3928, ""operation_mode"": 1, ""state"": 0, ""battery_voltage"": 0, ""wifi_rssi"": -87, ""acc_data"": {""ax"": -0.39, ""ay"": 0.11, ""az"": 0.89, ""pitch"": -22.43, ""roll"": 7}, ""gyro_data"": {""gx"": -9.7, ""gy"": -0.73, ""gz"": -3.66}, ""gps_data"": {""latitude"": 0, ""longitude"": 0, ""gps_altitude"": 0, ""time"": 338622}, ""alt_data"": {""pressure"": 853.09, ""temperature"": 27.53, ""AGL"": -1.5, ""velocity"": 0, ""kalman_altitude"": -1.5, ""kalman_vertical_velocity"": -3.57}, ""chute_state"": {""pyro1_state"": 0, ""pyro2_state"": 0}, ""connection_status"": {""connected"": true, ""has_ever_connected"": true, ""packet_age_ms"": 0, ""timeout_exceeded"": false, ""rssi"": -87}, ""communication_mode"": ""BEACON"", ""timestamp"": 223596, ""packets_received"": 1144, ""kalman_data"": {""altitude"": -1.5, ""vertical_velocity"": -3.57}, ""kalman_altitude"": -1.5, ""kalman_vertical_velocity"": -3.57, ""pyroDrogue"": 0, ""pyroMain"": 0, ""pyro1_state"": 0, ""pyro2_state"": 0}"
1768315581.981479,2026-01-13T17:46:21.981479,3929,1,0,-0.38,0.11,0.88,-22.34,6.76,-9.15,-3.41,-3.93,0,0,0,338825,853.04,27.52,-0.98,0,0,0,0,-88,-0.98,-3.52,BEACON,"{""record_number"": 3929, ""operation_mode"": 1, ""state"": 0, ""battery_voltage"": 0, ""wifi_rssi"": -88, ""acc_data"": {""ax"": -0.38, ""ay"": 0.11, ""az"": 0.88, ""pitch"": -22.34, ""roll"": 6.76}, ""gyro_data"": {""gx"": -9.15, ""gy"": -3.41, ""gz"": -3.93}, ""gps_data"": {""latitude"": 0, ""longitude"": 0, ""gps_altitude"": 0, ""time"": 338825}, ""alt_data"": {""pressure"": 853.04, ""temperature"": 27.52, ""AGL"": -0.98, ""velocity"": 0, ""kalman_altitude"": -0.98, ""kalman_vertical_velocity"": -3.52}, ""chute_state"": {""pyro1_state"": 0, ""pyro2_state"": 0}, ""connection_status"": {""connected"": true, ""has_ever_connected"": true, ""packet_age_ms"": 0, ""timeout_exceeded"": false, ""rssi"": -88}, ""communication_mode"": ""BEACON"", ""timestamp"": 223709, ""packets_received"": 1145, ""kalman_data"": {""altitude"": -0.98, ""vertical_velocity"": -3.52}, ""kalman_altitude"": -0.98, ""kalman_vertical_velocity"": -3.52, ""pyroDrogue"": 0, ""pyroMain"": 0, ""pyro1_state"": 0, ""pyro2_state"": 0}"
1768315582.423775,2026-01-13T17:46:22.423775,3931,1,0,-0.38,0.1,0.88,-22.46,6.76,-9.02,-3.48,-3.69,0,0,0,338825,853.11,27.54,-1.68,0,0,0,0,-89,-1.68,-3.59,BEACON,"{""record_number"": 3931, ""operation_mode"": 1, ""state"": 0, ""battery_voltage"": 0, ""wifi_rssi"": -89, ""acc_data"": {""ax"": -0.38, ""ay"": 0.1, ""az"": 0.88, ""pitch"": -22.46, ""roll"": 6.76}, ""gyro_data"": {""gx"": -9.02, ""gy"": -3.48, ""gz"": -3.69}, ""gps_data"": {""latitude"": 0, ""longitude"": 0, ""gps_altitude"": 0, ""time"": 338825}, ""alt_data"": {""pressure"": 853.11, ""temperature"": 27.54, ""AGL"": -1.68, ""velocity"": 0, ""kalman_altitude"": -1.68, ""kalman_vertical_velocity"": -3.59}, ""chute_state"": {""pyro1_state"": 0, ""pyro2_state"": 0}, ""connection_status"": {""connected"": true, ""has_ever_connected"": true, ""packet_age_ms"": 0, ""timeout_exceeded"": false, ""rssi"": -89}, ""communication_mode"": ""BEACON"", ""timestamp"": 223822, ""packets_received"": 1146, ""kalman_data"": {""altitude"": -1.68, ""vertical_velocity"": -3.59}, ""kalman_altitude"": -1.68, ""kalman_vertical_velocity"": -3.59, ""pyroDrogue"": 0, ""pyroMain"": 0, ""pyro1_state"": 0, ""pyro2_state"": 0}"
1768315582.720284,2026-01-13T17:46:22.720284,3932,1,0,-0.38,0.1,0.89,-22.25,6.73,-9.02,-2.53,-3.63,0,0,0,339025,853.12,27.54,-1.72,0,0,0,0,-89,-1.73,-3.6,BEACON,"{""record_number"": 3932, ""operation_mode"": 1, ""state"": 0, ""battery_voltage"": 0, ""wifi_rssi"": -89, ""acc_data"": {""ax"": -0.38, ""ay"": 0.1, ""az"": 0.89, ""pitch"": -22.25, ""roll"": 6.73}, ""gyro_data"": {""gx"": -9.02, ""gy"": -2.53, ""gz"": -3.63}, ""gps_data"": {""latitude"": 0, ""longitude"": 0, ""gps_altitude"": 0, ""time"": 339025}, ""alt_data"": {""pressure"": 853.12, ""temperature"": 27.54, ""AGL"": -1.72, ""velocity"": 0, ""kalman_altitude"": -1.73, ""kalman_vertical_velocity"": -3.6}, ""chute_state"": {""pyro1_state"": 0, ""pyro2_state"": 0}, ""connection_status"": {""connected"": true, ""has_ever_connected"": true, ""packet_age_ms"": 0, ""timeout_exceeded"": false, ""rssi"": -89}, ""communication_mode"": ""BEACON"", ""timestamp"": 223934, ""packets_received"": 1147, ""kalman_data"": {""altitude"": -1.73, ""vertical_velocity"": -3.6}, ""kalman_altitude"": -1.73, ""kalman_vertical_velocity"": -3.6, ""pyroDrogue"": 0, ""pyroMain"": 0, ""pyro1_state"": 0, ""pyro2_state"": 0}"
1768315582.969205,2026-01-13T17:46:22.969205,3933,1,0,-0.38,0.11,0.88,-22.37,6.68,-8.9,-4.48,-2.87,0,0,0,339225,853.08,27.54,-1.4,0,0,0,0,-91,-1.4,-3.56,BEACON,"{""record_number"": 3933, ""operation_mode"": 1, ""state"": 0, ""battery_voltage"": 0, ""wifi_rssi"": -91, ""acc_data"": {""ax"": -0.38, ""ay"": 0.11, ""az"": 0.88, ""pitch"": -22.37, ""roll"": 6.68}, ""gyro_data"": {""gx"": -8.9, ""gy"": -4.48, ""gz"": -2.87}, ""gps_data"": {""latitude"": 0, ""longitude"": 0, ""gps_altitude"": 0, ""time"": 339225}, ""alt_data"": {""pressure"": 853.08, ""temperature"": 27.54, ""AGL"": -1.4, ""velocity"": 0, ""kalman_altitude"": -1.4, ""kalman_vertical_velocity"": -3.56}, ""chute_state"": {""pyro1_state"": 0, ""pyro2_state"": 0}, ""connection_status"": {""connected"": true, ""has_ever_connected"": true, ""packet_age_ms"": 0, ""timeout_exceeded"": false, ""rssi"": -91}, ""communication_mode"": ""BEACON"", ""timestamp"": 224047, ""packets_received"": 1148, ""kalman_data"": {""altitude"": -1.4, ""vertical_velocity"": -3.56}, ""kalman_altitude"": -1.4, ""kalman_vertical_velocity"": -3.56, ""pyroDrogue"": 0, ""pyroMain"": 0, ""pyro1_state"": 0, ""pyro2_state"": 0}"
1768315583.141098,2026-01-13T17:46:23.141098,3935,1,0,-0.38,0.1,0.89,-22.25,6.58,-9.7,-3.72,-4.3,0,0,0,339225,853.11,27.54,-1.65,0,0,0,0,-88,-1.65,-3.59,BEACON,"{""record_number"": 3935, ""operation_mode"": 1, ""state"": 0, ""battery_voltage"": 0, ""wifi_rssi"": -88, ""acc_data"": {""ax"": -0.38, ""ay"": 0.1, ""az"": 0.89, ""pitch"": -22.25, ""roll"": 6.58}, ""gyro_data"": {""gx"": -9.7, ""gy"": -3.72, ""gz"": -4.3}, ""gps_data"": {""latitude"": 0, ""longitude"": 0, ""gps_altitude"": 0, ""time"": 339225}, ""alt_data"": {""pressure"": 853.11, ""temperature"": 27.54, ""AGL"": -1.65, ""velocity"": 0, ""kalman_altitude"": -1.65, ""kalman_vertical_velocity"": -3.59}, ""chute_state"": {""pyro1_state"": 0, ""pyro2_state"": 0}, ""connection_status"": {""connected"": true, ""has_ever_connected"": true, ""packet_age_ms"": 0, ""timeout_exceeded"": false, ""rssi"": -88}, ""communication_mode"": ""BEACON"", ""timestamp"": 224159, ""packets_received"": 1149, ""kalman_data"": {""altitude"": -1.65, ""vertical_velocity"": -3.59}, ""kalman_altitude"": -1.65, ""kalman_vertical_velocity"": -3.59, ""pyroDrogue"": 0, ""pyroMain"": 0, ""pyro1_state"": 0, ""pyro2_state"": 0}"
1768315583.767925,2026-01-13T17:46:23.767925,3936,1,0,-0.39,0.1,0.9,-22.58,6.98,-9.63,-2.84,-3.29,0,0,0,339425,853.06,27.54,-1.18,0,0,0,0,-92,-1.18,-3.54,BEACON,"{""record_number"": 3936, ""operation_mode"": 1, ""state"": 0, ""battery_voltage"": 0, ""wifi_rssi"": -92, ""acc_data"": {""ax"": -0.39, ""ay"": 0.1, ""az"": 0.9, ""pitch"": -22.58, ""roll"": 6.98}, ""gyro_data"": {""gx"": -9.63, ""gy"": -2.84, ""gz"": -3.29}, ""gps_data"": {""latitude"": 0, ""longitude"": 0, ""gps_altitude"": 0, ""time"": 339425}, ""alt_data"": {""pressure"": 853.06, ""temperature"": 27.54, ""AGL"": -1.18, ""velocity"": 0, ""kalman_altitude"": -1.18, ""kalman_vertical_velocity"": -3.54}, ""chute_state"": {""pyro1_state"": 0, ""pyro2_state"": 0}, ""connection_status"": {""connected"": true, ""has_ever_connected"": true, ""packet_age_ms"": 1, ""timeout_exceeded"": false, ""rssi"": -92}, ""communication_mode"": ""BEACON"", ""timestamp"": 224273, ""packets_received"": 1150, ""kalman_data"": {""altitude"": -1.18, ""vertical_velocity"": -3.54}, ""kalman_altitude"": -1.18, ""kalman_vertical_velocity"": -3.54, ""pyroDrogue"": 0, ""pyroMain"": 0, ""pyro1_state"": 0, ""pyro2_state"": 0}"
1768315584.064512,2026-01-13T17:46:24.064512,3937,1,0,-0.38,0.11,0.9,-22.4,7,-9.94,-3.08,-2.8,0,0,0,339425,853.12,27.54,-1.72,0,0,0,0,-86,-1.72,-3.6,BEACON,"{""record_number"": 3937, ""operation_mode"": 1, ""state"": 0, ""battery_voltage"": 0, ""wifi_rssi"": -86, ""acc_data"": {""ax"": -0.38, ""ay"": 0.11, ""az"": 0.9, ""pitch"": -22.4, ""roll"": 7}, ""gyro_data"": {""gx"": -9.94, ""gy"": -3.08, ""gz"": -2.8}, ""gps_data"": {""latitude"": 0, ""longitude"": 0, ""gps_altitude"": 0, ""time"": 339425}, ""alt_data"": {""pressure"": 853.12, ""temperature"": 27.54, ""AGL"": -1.72, ""velocity"": 0, ""kalman_altitude"": -1.72, ""kalman_vertical_velocity"": -3.6}, ""chute_state"": {""pyro1_state"": 0, ""pyro2_state"": 0}, ""connection_status"": {""connected"": true, ""has_ever_connected"": true, ""packet_age_ms"": 1, ""timeout_exceeded"": false, ""rssi"": -86}, ""communication_mode"": ""BEACON"", ""timestamp"": 224384, ""packets_received"": 1151, ""kalman_data"": {""altitude"": -1.72, ""vertical_velocity"": -3.6}, ""kalman_altitude"": -1.72, ""kalman_vertical_velocity"": -3.6, ""pyroDrogue"": 0, ""pyroMain"": 0, ""pyro1_state"": 0, ""pyro2_state"": 0}"
1768315584.299311,2026-01-13T17:46:24.299311,3939,1,0,-0.38,0.1,0.89,-22.15,6.74,-9.39,-3.14,-3.63,0,0,0,339626,853.14,27.54,-1.94,0,0,0,0,-88,-1.94,-3.63,BEACON,"{""record_number"": 3939, ""operation_mode"": 1, ""state"": 0, ""battery_voltage"": 0, ""wifi_rssi"": -88, ""acc_data"": {""ax"": -0.38, ""ay"": 0.1, ""az"": 0.89, ""pitch"": -22.15, ""roll"": 6.74}, ""gyro_data"": {""gx"": -9.39, ""gy"": -3.14, ""gz"": -3.63}, ""gps_data"": {""latitude"": 0, ""longitude"": 0, ""gps_altitude"": 0, ""time"": 339626}, ""alt_data"": {""pressure"": 853.14, ""temperature"": 27.54, ""AGL"": -1.94, ""velocity"": 0, ""kalman_altitude"": -1.94, ""kalman_vertical_velocity"": -3.63}, ""chute_state"": {""pyro1_state"": 0, ""pyro2_state"": 0}, ""connection_status"": {""connected"": true, ""has_ever_connected"": true, ""packet_age_ms"": 0, ""timeout_exceeded"": false, ""rssi"": -88}, ""communication_mode"": ""BEACON"", ""timestamp"": 224496, ""packets_received"": 1152, ""kalman_data"": {""altitude"": -1.94, ""vertical_velocity"": -3.63}, ""kalman_altitude"": -1.94, ""kalman_vertical_velocity"": -3.63, ""pyroDrogue"": 0, ""pyroMain"": 0, ""pyro1_state"": 0, ""pyro2_state"": 0}"
1768315584.429935,2026-01-13T17:46:24.429935,3940,1,0,-0.38,0.1,0.91,-20.89,6.84,-12.62,-10.82,-2.62,0,0,0,339626,853.11,27.54,-1.65,0,0,0,0,-88,-1.65,-3.6,BEACON,"{""record_number"": 3940, ""operation_mode"": 1, ""state"": 0, ""battery_voltage"": 0, ""wifi_rssi"": -88, ""acc_data"": {""ax"": -0.38, ""ay"": 0.1, ""az"": 0.91, ""pitch"": -20.89, ""roll"": 6.84}, ""gyro_data"": {""gx"": -12.62, ""gy"": -10.82, ""gz"": -2.62}, ""gps_data"": {""latitude"": 0, ""longitude"": 0, ""gps_altitude"": 0, ""time"": 339626}, ""alt_data"": {""pressure"": 853.11, ""temperature"": 27.54, ""AGL"": -1.65, ""velocity"": 0, ""kalman_altitude"": -1.65, ""kalman_vertical_velocity"": -3.6}, ""chute_state"": {""pyro1_state"": 0, ""pyro2_state"": 0}, ""connection_status"": {""connected"": true, ""has_ever_connected"": true, ""packet_age_ms"": 0, ""timeout_exceeded"": false, ""rssi"": -88}, ""communication_mode"": ""BEACON"", ""timestamp"": 224609, ""packets_received"": 1153, ""kalman_data"": {""altitude"": -1.65, ""vertical_velocity"": -3.6}, ""kalman_altitude"": -1.65, ""kalman_vertical_velocity"": -3.6, ""pyroDrogue"": 0, ""pyroMain"": 0, ""pyro1_state"": 0, ""pyro2_state"": 0}"
1768315585.274518,2026-01-13T17:46:25.274518,3941,1,0,-0.36,0.1,0.85,-21.94,6.93,-6.16,-3.6,-4.54,0,0,0,339829,853.1,27.54,-1.57,0,0,0,0,-90,-1.58,-3.59,BEACON,"{""record_number"": 3941, ""operation_mode"": 1, ""state"": 0, ""battery_voltage"": 0, ""wifi_rssi"": -90, ""acc_data"": {""ax"": -0.36, ""ay"": 0.1, ""az"": 0.85, ""pitch"": -21.94, ""roll"": 6.93}, ""gyro_data"": {""gx"": -6.16, ""gy"": -3.6, ""gz"": -4.54}, ""gps_data"": {""latitude"": 0, ""longitude"": 0, ""gps_altitude"": 0, ""time"": 339829}, ""alt_data"": {""pressure"": 853.1, ""temperature"": 27.54, ""AGL"": -1.57, ""velocity"": 0, ""kalman_altitude"": -1.58, ""kalman_vertical_velocity"": -3.59}, ""chute_state"": {""pyro1_state"": 0, ""pyro2_state"": 0}, ""connection_status"": {""connected"": true, ""has_ever_connected"": true, ""packet_age_ms"": 1, ""timeout_exceeded"": false, ""rssi"": -90}, ""communication_mode"": ""BEACON"", ""timestamp"": 224722, ""packets_received"": 1154, ""kalman_data"": {""altitude"": -1.58, ""vertical_velocity"": -3.59}, ""kalman_altitude"": -1.58, ""kalman_vertical_velocity"": -3.59, ""pyroDrogue"": 0, ""pyroMain"": 0, ""pyro1_state"": 0, ""pyro2_state"": 0}"
1768315585.648826,2026-01-13T17:46:25.648826,3943,1,0,-0.38,0.1,0.9,-22.15,6.88,-11.19,-1.95,-2.96,0,0,0,339829,853.11,27.54,-1.62,0,0,0,0,-87,-1.62,-3.6,BEACON,"{""record_number"": 3943, ""operation_mode"": 1, ""state"": 0, ""battery_voltage"": 0, ""wifi_rssi"": -87, ""acc_data"": {""ax"": -0.38, ""ay"": 0.1, ""az"": 0.9, ""pitch"": -22.15, ""roll"": 6.88}, ""gyro_data"": {""gx"": -11.19, ""gy"": -1.95, ""gz"": -2.96}, ""gps_data"": {""latitude"": 0, ""longitude"": 0, ""gps_altitude"": 0, ""time"": 339829}, ""alt_data"": {""pressure"": 853.11, ""temperature"": 27.54, ""AGL"": -1.62, ""velocity"": 0, ""kalman_altitude"": -1.62, ""kalman_vertical_velocity"": -3.6}, ""chute_state"": {""pyro1_state"": 0, ""pyro2_state"": 0}, ""connection_status"": {""connected"": true, ""has_ever_connected"": true, ""packet_age_ms"": 0, ""timeout_exceeded"": false, ""rssi"": -87}, ""communication_mode"": ""BEACON"", ""timestamp"": 224842, ""packets_received"": 1155, ""kalman_data"": {""altitude"": -1.62, ""vertical_velocity"": -3.6}, ""kalman_altitude"": -1.62, ""kalman_vertical_velocity"": -3.6, ""pyroDrogue"": 0, ""pyroMain"": 0, ""pyro1_state"": 0, ""pyro2_state"": 0}"
1768315585.86962,2026-01-13T17:46:25.869620,3944,1,0,-0.38,0.1,0.87,-22.94,6.65,-8.02,-4.7,-3.57,0,0,0,340029,853.09,27.54,-1.5,0,0,0,0,-89,-1.5,-3.59,BEACON,"{""record_number"": 3944, ""operation_mode"": 1, ""state"": 0, ""battery_voltage"": 0, ""wifi_rssi"": -89, ""acc_data"": {""ax"": -0.38, ""ay"": 0.1, ""az"": 0.87, ""pitch"": -22.94, ""roll"": 6.65}, ""gyro_data"": {""gx"": -8.02, ""gy"": -4.7, ""gz"": -3.57}, ""gps_data"": {""latitude"": 0, ""longitude"": 0, ""gps_altitude"": 0, ""time"": 340029}, ""alt_data"": {""pressure"": 853.09, ""temperature"": 27.54, ""AGL"": -1.5, ""velocity"": 0, ""kalman_altitude"": -1.5, ""kalman_vertical_velocity"": -3.59}, ""chute_state"": {""pyro1_state"": 0, ""pyro2_state"": 0}, ""connection_status"": {""connected"": true, ""has_ever_connected"": true, ""packet_age_ms"": 0, ""timeout_exceeded"": false, ""rssi"": -89}, ""communication_mode"": ""BEACON"", ""timestamp"": 224947, ""packets_received"": 1156, ""kalman_data"": {""altitude"": -1.5, ""vertical_velocity"": -3.59}, ""kalman_altitude"": -1.5, ""kalman_vertical_velocity"": -3.59, ""pyroDrogue"": 0, ""pyroMain"": 0, ""pyro1_state"": 0, ""pyro2_state"": 0}"
1768315586.040731,2026-01-13T17:46:26.040731,3945,1,0,-0.38,0.11,0.89,-22.46,6.95,-9.51,-2.01,-3.57,0,0,0,340228,853.09,27.54,-1.51,0,0,0,0,-88,-1.51,-3.59,BEACON,"{""record_number"": 3945, ""operation_mode"": 1, ""state"": 0, ""battery_voltage"": 0, ""wifi_rssi"": -88, ""acc_data"": {""ax"": -0.38, ""ay"": 0.11, ""az"": 0.89, ""pitch"": -22.46, ""roll"": 6.95}, ""gyro_data"": {""gx"": -9.51, ""gy"": -2.01, ""gz"": -3.57}, ""gps_data"": {""latitude"": 0, ""longitude"": 0, ""gps_altitude"": 0, ""time"": 340228}, ""alt_data"": {""pressure"": 853.09, ""temperature"": 27.54, ""AGL"": -1.51, ""velocity"": 0, ""kalman_altitude"": -1.51, ""kalman_vertical_velocity"": -3.59}, ""chute_state"": {""pyro1_state"": 0, ""pyro2_state"": 0}, ""connection_status"": {""connected"": true, ""has_ever_connected"": true, ""packet_age_ms"": 0, ""timeout_exceeded"": false, ""rssi"": -88}, ""communication_mode"": ""BEACON"", ""timestamp"": 225064, ""packets_received"": 1157, ""kalman_data"": {""altitude"": -1.51, ""vertical_velocity"": -3.59}, ""kalman_altitude"": -1.51, ""kalman_vertical_velocity"": -3.59, ""pyroDrogue"": 0, ""pyroMain"": 0, ""pyro1_state"": 0, ""pyro2_state"": 0}"
1768315586.640286,2026-01-13T17:46:26.640286,3990,1,0,-0.39,0.1,0.89,-22.76,6.73,-9.36,-3.23,-4.18,0,0,0,344049,853.12,27.54,-1.72,0,0,0,0,-87,-1.72,-3.65,BEACON,"{""record_number"": 3990, ""operation_mode"": 1, ""state"": 0, ""battery_voltage"": 0, ""wifi_rssi"": -87, ""acc_data"": {""ax"": -0.39, ""ay"": 0.1, ""az"": 0.89, ""pitch"": -22.76, ""roll"": 6.73}, ""gyro_data"": {""gx"": -9.36, ""gy"": -3.23, ""gz"": -4.18}, ""gps_data"": {""latitude"": 0, ""longitude"": 0, ""gps_altitude"": 0, ""time"": 344049}, ""alt_data"": {""pressure"": 853.12, ""temperature"": 27.54, ""AGL"": -1.72, ""velocity"": 0, ""kalman_altitude"": -1.72, ""kalman_vertical_velocity"": -3.65}, ""chute_state"": {""pyro1_state"": 0, ""pyro2_state"": 0}, ""connection_status"": {""connected"": true, ""has_ever_connected"": true, ""packet_age_ms"": 0, ""timeout_exceeded"": false, ""rssi"": -87}, ""communication_mode"": ""BEACON"", ""timestamp"": 228892, ""packets_received"": 1188, ""kalman_data"": {""altitude"": -1.72, ""vertical_velocity"": -3.65}, ""kalman_altitude"": -1.72, ""kalman_vertical_velocity"": -3.65, ""pyroDrogue"": 0, ""pyroMain"": 0, ""pyro1_state"": 0, ""pyro2_state"": 0}"
1768315586.852712,2026-01-13T17:46:26.852712,3992,1,0,-0.39,0.1,0.88,-22.64,7.09,-8.87,-3.32,-2.77,0,0,0,344049,853.08,27.54,-1.32,0,0,0,0,-90,-1.33,-3.61,BEACON,"{""record_number"": 3992, ""operation_mode"": 1, ""state"": 0, ""battery_voltage"": 0, ""wifi_rssi"": -90, ""acc_data"": {""ax"": -0.39, ""ay"": 0.1, ""az"": 0.88, ""pitch"": -22.64, ""roll"": 7.09}, ""gyro_data"": {""gx"": -8.87, ""gy"": -3.32, ""gz"": -2.77}, ""gps_data"": {""latitude"": 0, ""longitude"": 0, ""gps_altitude"": 0, ""time"": 344049}, ""alt_data"": {""pressure"": 853.08, ""temperature"": 27.54, ""AGL"": -1.32, ""velocity"": 0, ""kalman_altitude"": -1.33, ""kalman_vertical_velocity"": -3.61}, ""chute_state"": {""pyro1_state"": 0, ""pyro2_state"": 0}, ""connection_status"": {""connected"": true, ""has_ever_connected"": true, ""packet_age_ms"": 1, ""timeout_exceeded"": false, ""rssi"": -90}, ""communication_mode"": ""BEACON"", ""timestamp"": 229005, ""packets_received"": 1189, ""kalman_data"": {""altitude"": -1.33, ""vertical_velocity"": -3.61}, ""kalman_altitude"": -1.33, ""kalman_vertical_velocity"": -3.61, ""pyroDrogue"": 0, ""pyroMain"": 0, ""pyro1_state"": 0, ""pyro2_state"": 0}"
1768315587.152521,2026-01-13T17:46:27.152521,3993,1,0,-0.38,0.11,0.88,-22.58,6.88,-8.9,-2.13,-4.05,0,0,0,344250,853.07,27.54,-1.22,0,0,0,0,-88,-1.22,-3.6,BEACON,"{""record_number"": 3993, ""operation_mode"": 1, ""state"": 0, ""battery_voltage"": 0, ""wifi_rssi"": -88, ""acc_data"": {""ax"": -0.38, ""ay"": 0.11, ""az"": 0.88, ""pitch"": -22.58, ""roll"": 6.88}, ""gyro_data"": {""gx"": -8.9, ""gy"": -2.13, ""gz"": -4.05}, ""gps_data"": {""latitude"": 0, ""longitude"": 0, ""gps_altitude"": 0, ""time"": 344250}, ""alt_data"": {""pressure"": 853.07, ""temperature"": 27.54, ""AGL"": -1.22, ""velocity"": 0, ""kalman_altitude"": -1.22, ""kalman_vertical_velocity"": -3.6}, ""chute_state"": {""pyro1_state"": 0, ""pyro2_state"": 0}, ""connection_status"": {""connected"": true, ""has_ever_connected"": true, ""packet_age_ms"": 0, ""timeout_exceeded"": false, ""rssi"": -88}, ""communication_mode"": ""BEACON"", ""timestamp"": 229116, ""packets_received"": 1190, ""kalman_data"": {""altitude"": -1.22, ""vertical_velocity"": -3.6}, ""kalman_altitude"": -1.22, ""kalman_vertical_velocity"": -3.6, ""pyroDrogue"": 0, ""pyroMain"": 0, ""pyro1_state"": 0, ""pyro2_state"": 0}"
1768315587.304187,2026-01-13T17:46:27.304187,3994,1,0,-0.38,0.1,0.89,-22.67,6.83,-9.09,-3.9,-3.45,0,0,0,344250,853.12,27.55,-1.77,0,0,0,0,-88,-1.77,-3.66,BEACON,"{""record_number"": 3994, ""operation_mode"": 1, ""state"": 0, ""battery_voltage"": 0, ""wifi_rssi"": -88, ""acc_data"": {""ax"": -0.38, ""ay"": 0.1, ""az"": 0.89, ""pitch"": -22.67, ""roll"": 6.83}, ""gyro_data"": {""gx"": -9.09, ""gy"": -3.9, ""gz"": -3.45}, ""gps_data"": {""latitude"": 0, ""longitude"": 0, ""gps_altitude"": 0, ""time"": 344250}, ""alt_data"": {""pressure"": 853.12, ""temperature"": 27.55, ""AGL"": -1.77, ""velocity"": 0, ""kalman_altitude"": -1.77, ""kalman_vertical_velocity"": -3.66}, ""chute_state"": {""pyro1_state"": 0, ""pyro2_state"": 0}, ""connection_status"": {""connected"": true, ""has_ever_connected"": true, ""packet_age_ms"": 1, ""timeout_exceeded"": false, ""rssi"": -88}, ""communication_mode"": ""BEACON"", ""timestamp"": 229229, ""packets_received"": 1191, ""kalman_data"": {""altitude"": -1.77, ""vertical_velocity"": -3.66}, ""kalman_altitude"": -1.77, ""kalman_vertical_velocity"": -3.66, ""pyroDrogue"": 0, ""pyroMain"": 0, ""pyro1_state"": 0, ""pyro2_state"": 0}"
1768315587.440779,2026-01-13T17:46:27.440779,3995,1,0,-0.38,0.11,0.89,-22.91,6.83,-9.36,-3.45,-4.27,0,0,0,344450,853.1,27.54,-1.58,0,0,0,0,-90,-1.58,-3.64,BEACON,"{""record_number"": 3995, ""operation_mode"": 1, ""state"": 0, ""battery_voltage"": 0, ""wifi_rssi"": -90, ""acc_data"": {""ax"": -0.38, ""ay"": 0.11, ""az"": 0.89, ""pitch"": -22.91, ""roll"": 6.83}, ""gyro_data"": {""gx"": -9.36, ""gy"": -3.45, ""gz"": -4.27}, ""gps_data"": {""latitude"": 0, ""longitude"": 0, ""gps_altitude"": 0, ""time"": 344450}, ""alt_data"": {""pressure"": 853.1, ""temperature"": 27.54, ""AGL"": -1.58, ""velocity"": 0, ""kalman_altitude"": -1.58, ""kalman_vertical_velocity"": -3.64}, ""chute_state"": {""pyro1_state"": 0, ""pyro2_state"": 0}, ""connection_status"": {""connected"": true, ""has_ever_connected"": true, ""packet_age_ms"": 1, ""timeout_exceeded"": false, ""rssi"": -90}, ""communication_mode"": ""BEACON"", ""timestamp"": 229342, ""packets_received"": 1192, ""kalman_data"": {""altitude"": -1.58, ""vertical_velocity"": -3.64}, ""kalman_altitude"": -1.58, ""kalman_vertical_velocity"": -3.64, ""pyroDrogue"": 0, ""pyroMain"": 0, ""pyro1_state"": 0, ""pyro2_state"": 0}"
1768315587.640419,2026-01-13T17:46:27.640419,3997,1,0,-0.38,0.1,0.88,-22.03,6.99,-8.87,-3.11,-3.78,0,0,0,344450,853.1,27.55,-1.55,0,0,0,0,-87,-1.55,-3.64,BEACON,"{""record_number"": 3997, ""operation_mode"": 1, ""state"": 0, ""battery_voltage"": 0, ""wifi_rssi"": -87, ""acc_data"": {""ax"": -0.38, ""ay"": 0.1, ""az"": 0.88, ""pitch"": -22.03, ""roll"": 6.99}, ""gyro_data"": {""gx"": -8.87, ""gy"": -3.11, ""gz"": -3.78}, ""gps_data"": {""latitude"": 0, ""longitude"": 0, ""gps_altitude"": 0, ""time"": 344450}, ""alt_data"": {""pressure"": 853.1, ""temperature"": 27.55, ""AGL"": -1.55, ""velocity"": 0, ""kalman_altitude"": -1.55, ""kalman_vertical_velocity"": -3.64}, ""chute_state"": {""pyro1_state"": 0, ""pyro2_state"": 0}, ""connection_status"": {""connected"": true, ""has_ever_connected"": true, ""packet_age_ms"": 1, ""timeout_exceeded"": false, ""rssi"": -87}, ""communication_mode"": ""BEACON"", ""timestamp"": 229455, ""packets_received"": 1193, ""kalman_data"": {""altitude"": -1.55, ""vertical_velocity"": -3.64}, ""kalman_altitude"": -1.55, ""kalman_vertical_velocity"": -3.64, ""pyroDrogue"": 0, ""pyroMain"": 0, ""pyro1_state"": 0, ""pyro2_state"": 0}"
1768315587.730479,2026-01-13T17:46:27.730479,3998,1,0,-0.38,0.1,0.89,-22.55,6.49,-8.84,-3.14,-4.15,0,0,0,344652,853.12,27.54,-1.75,0,0,0,0,-90,-1.75,-3.66,BEACON,"{""record_number"": 3998, ""operation_mode"": 1, ""state"": 0, ""battery_voltage"": 0, ""wifi_rssi"": -90, ""acc_data"": {""ax"": -0.38, ""ay"": 0.1, ""az"": 0.89, ""pitch"": -22.55, ""roll"": 6.49}, ""gyro_data"": {""gx"": -8.84, ""gy"": -3.14, ""gz"": -4.15}, ""gps_data"": {""latitude"": 0, ""longitude"": 0, ""gps_altitude"": 0, ""time"": 344652}, ""alt_data"": {""pressure"": 853.12, ""temperature"": 27.54, ""AGL"": -1.75, ""velocity"": 0, ""kalman_altitude"": -1.75, ""kalman_vertical_velocity"": -3.66}, ""chute_state"": {""pyro1_state"": 0, ""pyro2_state"": 0}, ""connection_status"": {""connected"": true, ""has_ever_connected"": true, ""packet_age_ms"": 0, ""timeout_exceeded"": false, ""rssi"": -90}, ""communication_mode"": ""BEACON"", ""timestamp"": 229567, ""packets_received"": 1194, ""kalman_data"": {""altitude"": -1.75, ""vertical_velocity"": -3.66}, ""kalman_altitude"": -1.75, ""kalman_vertical_velocity"": -3.66, ""pyroDrogue"": 0, ""pyroMain"": 0, ""pyro1_state"": 0, ""pyro2_state"": 0}"
