timestamp,iso_timestamp,record_number,operation_mode,state,ax,ay,az,pitch,roll,gx,gy,gz,latitude,longitude,gps_altitude,gps_time,pressure,temperature,agl_altitude,velocity,pyro1_state,pyro2_state,battery_voltage,wifi_rssi,kalman_altitude,kalman_vertical_velocity,communication_mode,raw_data
1764328724.145507,2025-11-28T14:18:44.145507,99,0,0,-0.57,-0.3,0.73,-34.99,-22.56,-11.37,-8.6,-8.38,0,0,0,12507,849.06,26.06,0.17,0,0,0,0,-94,-0.06,-0.48,BEACON,"{""record_number"": 99, ""operation_mode"": 0, ""state"": 0, ""battery_voltage"": 0, ""wifi_rssi"": -94, ""acc_data"": {""ax"": -0.57, ""ay"": -0.3, ""az"": 0.73, ""pitch"": -34.99, ""roll"": -22.56}, ""gyro_data"": {""gx"": -11.37, ""gy"": -8.6, ""gz"": -8.38}, ""gps_data"": {""latitude"": 0, ""longitude"": 0, ""gps_altitude"": 0, ""time"": 12507}, ""alt_data"": {""pressure"": 849.06, ""temperature"": 26.06, ""AGL"": 0.17, ""velocity"": 0, ""kalman_altitude"": -0.06, ""kalman_vertical_velocity"": -0.48}, ""chute_state"": {""pyro1_state"": 0, ""pyro2_state"": 0}, ""connection_status"": {""connected"": true, ""has_ever_connected"": true, ""packet_age_ms"": 1, ""timeout_exceeded"": false, ""rssi"": -94}, ""communication_mode"": ""BEACON"", ""timestamp"": 74865, ""packets_received"": 1, ""kalman_data"": {""altitude"": -0.06, ""vertical_velocity"": -0.48}, ""kalman_altitude"": -0.06, ""kalman_vertical_velocity"": -0.48, ""pyroDrogue"": 0, ""pyroMain"": 0, ""pyro1_state"": 0, ""pyro2_state"": 0}"
1764328724.253506,2025-11-28T14:18:44.253506,101,0,0,-0.58,-0.29,0.73,-34.85,-21.13,-0.03,10.82,0.58,0,0,0,12507,849.07,26.06,0,0,0,0,0,-85,-0.06,-0.49,BEACON,"{""record_number"": 101, ""operation_mode"": 0, ""state"": 0, ""battery_voltage"": 0, ""wifi_rssi"": -85, ""acc_data"": {""ax"": -0.58, ""ay"": -0.29, ""az"": 0.73, ""pitch"": -34.85, ""roll"": -21.13}, ""gyro_data"": {""gx"": -0.03, ""gy"": 10.82, ""gz"": 0.58}, ""gps_data"": {""latitude"": 0, ""longitude"": 0, ""gps_altitude"": 0, ""time"": 12507}, ""alt_data"": {""pressure"": 849.07, ""temperature"": 26.06, ""AGL"": 0, ""velocity"": 0, ""kalman_altitude"": -0.06, ""kalman_vertical_velocity"": -0.49}, ""chute_state"": {""pyro1_state"": 0, ""pyro2_state"": 0}, ""connection_status"": {""connected"": true, ""has_ever_connected"": true, ""packet_age_ms"": 0, ""timeout_exceeded"": false, ""rssi"": -85}, ""communication_mode"": ""BEACON"", ""timestamp"": 74977, ""packets_received"": 2, ""kalman_data"": {""altitude"": -0.06, ""vertical_velocity"": -0.49}, ""kalman_altitude"": -0.06, ""kalman_vertical_velocity"": -0.49, ""pyroDrogue"": 0, ""pyroMain"": 0, ""pyro1_state"": 0, ""pyro2_state"": 0}"
1764328724.379076,2025-11-28T14:18:44.379076,102,0,0,-0.57,-0.28,0.71,-34.82,-21.64,-12.01,-2.87,-0.76,0,0,0,12710,849.09,26.08,-0.17,0,0,0,0,-86,-0.06,-0.5,BEACON,"{""record_number"": 102, ""operation_mode"": 0, ""state"": 0, ""battery_voltage"": 0, ""wifi_rssi"": -86, ""acc_data"": {""ax"": -0.57, ""ay"": -0.28, ""az"": 0.71, ""pitch"": -34.82, ""roll"": -21.64}, ""gyro_data"": {""gx"": -12.01, ""gy"": -2.87, ""gz"": -0.76}, ""gps_data"": {""latitude"": 0, ""longitude"": 0, ""gps_altitude"": 0, ""time"": 12710}, ""alt_data"": {""pressure"": 849.09, ""temperature"": 26.08, ""AGL"": -0.17, ""velocity"": 0, ""kalman_altitude"": -0.06, ""kalman_vertical_velocity"": -0.5}, ""chute_state"": {""pyro1_state"": 0, ""pyro2_state"": 0}, ""connection_status"": {""connected"": true, ""has_ever_connected"": true, ""packet_age_ms"": 0, ""timeout_exceeded"": false, ""rssi"": -86}, ""communication_mode"": ""BEACON"", ""timestamp"": 75090, ""packets_received"": 3, ""kalman_data"": {""altitude"": -0.06, ""vertical_velocity"": -0.5}, ""kalman_altitude"": -0.06, ""kalman_vertical_velocity"": -0.5, ""pyroDrogue"": 0, ""pyroMain"": 0, ""pyro1_state"": 0, ""pyro2_state"": 0}"
1764328724.477789,2025-11-28T14:18:44.477789,103,0,0,-0.55,-0.3,0.69,-32.87,-22.92,-21.68,13.51,9.15,0,0,0,12710,849.06,26.06,0.14,0,0,0,0,-91,-0.07,-0.5,BEACON,"{""record_number"": 103, ""operation_mode"": 0, ""state"": 0, ""battery_voltage"": 0, ""wifi_rssi"": -91, ""acc_data"": {""ax"": -0.55, ""ay"": -0.3, ""az"": 0.69, ""pitch"": -32.87, ""roll"": -22.92}, ""gyro_data"": {""gx"": -21.68, ""gy"": 13.51, ""gz"": 9.15}, ""gps_data"": {""latitude"": 0, ""longitude"": 0, ""gps_altitude"": 0, ""time"": 12710}, ""alt_data"": {""pressure"": 849.06, ""temperature"": 26.06, ""AGL"": 0.14, ""velocity"": 0, ""kalman_altitude"": -0.07, ""kalman_vertical_velocity"": -0.5}, ""chute_state"": {""pyro1_state"": 0, ""pyro2_state"": 0}, ""connection_status"": {""connected"": true, ""has_ever_connected"": true, ""packet_age_ms"": 0, ""timeout_exceeded"": false, ""rssi"": -91}, ""communication_mode"": ""BEACON"", ""timestamp"": 75203, ""packets_received"": 4, ""kalman_data"": {""altitude"": -0.07, ""vertical_velocity"": -0.5}, ""kalman_altitude"": -0.07, ""kalman_vertical_velocity"": -0.5, ""pyroDrogue"": 0, ""pyroMain"": 0, ""pyro1_state"": 0, ""pyro2_state"": 0}"
1764328724.81287,2025-11-28T14:18:44.812870,107,0,0,-0.6,-0.31,0.71,-36.96,-23.68,-22.1,-3.02,4.63,0,0,0,13111,849.09,26.07,-0.2,0,0,0,0,-91,-0.07,-0.51,BEACON,"{""record_number"": 107, ""operation_mode"": 0, ""state"": 0, ""battery_voltage"": 0, ""wifi_rssi"": -91, ""acc_data"": {""ax"": -0.6, ""ay"": -0.31, ""az"": 0.71, ""pitch"": -36.96, ""roll"": -23.68}, ""gyro_data"": {""gx"": -22.1, ""gy"": -3.02, ""gz"": 4.63}, ""gps_data"": {""latitude"": 0, ""longitude"": 0, ""gps_altitude"": 0, ""time"": 13111}, ""alt_data"": {""pressure"": 849.09, ""temperature"": 26.07, ""AGL"": -0.2, ""velocity"": 0, ""kalman_altitude"": -0.07, ""kalman_vertical_velocity"": -0.51}, ""chute_state"": {""pyro1_state"": 0, ""pyro2_state"": 0}, ""connection_status"": {""connected"": true, ""has_ever_connected"": true, ""packet_age_ms"": 1, ""timeout_exceeded"": false, ""rssi"": -91}, ""communication_mode"": ""BEACON"", ""timestamp"": 75539, ""packets_received"": 5, ""kalman_data"": {""altitude"": -0.07, ""vertical_velocity"": -0.51}, ""kalman_altitude"": -0.07, ""kalman_vertical_velocity"": -0.51, ""pyroDrogue"": 0, ""pyroMain"": 0, ""pyro1_state"": 0, ""pyro2_state"": 0}"
1764328725.151216,2025-11-28T14:18:45.151216,111,0,0,-0.6,-0.31,0.7,-36.72,-23.98,-27.5,-12.04,-21.16,0,0,0,13510,849.07,26.07,0.01,0,0,0,0,-86,-0.07,-0.53,BEACON,"{""record_number"": 111, ""operation_mode"": 0, ""state"": 0, ""battery_voltage"": 0, ""wifi_rssi"": -86, ""acc_data"": {""ax"": -0.6, ""ay"": -0.31, ""az"": 0.7, ""pitch"": -36.72, ""roll"": -23.98}, ""gyro_data"": {""gx"": -27.5, ""gy"": -12.04, ""gz"": -21.16}, ""gps_data"": {""latitude"": 0, ""longitude"": 0, ""gps_altitude"": 0, ""time"": 13510}, ""alt_data"": {""pressure"": 849.07, ""temperature"": 26.07, ""AGL"": 0.01, ""velocity"": 0, ""kalman_altitude"": -0.07, ""kalman_vertical_velocity"": -0.53}, ""chute_state"": {""pyro1_state"": 0, ""pyro2_state"": 0}, ""connection_status"": {""connected"": true, ""has_ever_connected"": true, ""packet_age_ms"": 1, ""timeout_exceeded"": false, ""rssi"": -86}, ""communication_mode"": ""BEACON"", ""timestamp"": 75876, ""packets_received"": 6, ""kalman_data"": {""altitude"": -0.07, ""vertical_velocity"": -0.53}, ""kalman_altitude"": -0.07, ""kalman_vertical_velocity"": -0.53, ""pyroDrogue"": 0, ""pyroMain"": 0, ""pyro1_state"": 0, ""pyro2_state"": 0}"
1764328725.272216,2025-11-28T14:18:45.272216,112,0,0,-0.56,-0.31,0.71,-33.74,-23.71,-4.7,-4.27,4.09,0,0,0,13510,849.08,26.07,-0.02,0,0,0,0,-82,-0.07,-0.54,BEACON,"{""record_number"": 112, ""operation_mode"": 0, ""state"": 0, ""battery_voltage"": 0, ""wifi_rssi"": -82, ""acc_data"": {""ax"": -0.56, ""ay"": -0.31, ""az"": 0.71, ""pitch"": -33.74, ""roll"": -23.71}, ""gyro_data"": {""gx"": -4.7, ""gy"": -4.27, ""gz"": 4.09}, ""gps_data"": {""latitude"": 0, ""longitude"": 0, ""gps_altitude"": 0, ""time"": 13510}, ""alt_data"": {""pressure"": 849.08, ""temperature"": 26.07, ""AGL"": -0.02, ""velocity"": 0, ""kalman_altitude"": -0.07, ""kalman_vertical_velocity"": -0.54}, ""chute_state"": {""pyro1_state"": 0, ""pyro2_state"": 0}, ""connection_status"": {""connected"": true, ""has_ever_connected"": true, ""packet_age_ms"": 1, ""timeout_exceeded"": false, ""rssi"": -82}, ""communication_mode"": ""BEACON"", ""timestamp"": 75990, ""packets_received"": 7, ""kalman_data"": {""altitude"": -0.07, ""vertical_velocity"": -0.54}, ""kalman_altitude"": -0.07, ""kalman_vertical_velocity"": -0.54, ""pyroDrogue"": 0, ""pyroMain"": 0, ""pyro1_state"": 0, ""pyro2_state"": 0}"
1764328725.509761,2025-11-28T14:18:45.509761,115,0,0,-0.58,-0.26,0.7,-35.2,-20.56,-34.12,-8.9,43.87,0,0,0,13715,849.03,26.06,0.43,0,0,0,0,-81,-0.08,-0.55,BEACON,"{""record_number"": 115, ""operation_mode"": 0, ""state"": 0, ""battery_voltage"": 0, ""wifi_rssi"": -81, ""acc_data"": {""ax"": -0.58, ""ay"": -0.26, ""az"": 0.7, ""pitch"": -35.2, ""roll"": -20.56}, ""gyro_data"": {""gx"": -34.12, ""gy"": -8.9, ""gz"": 43.87}, ""gps_data"": {""latitude"": 0, ""longitude"": 0, ""gps_altitude"": 0, ""time"": 13715}, ""alt_data"": {""pressure"": 849.03, ""temperature"": 26.06, ""AGL"": 0.43, ""velocity"": 0, ""kalman_altitude"": -0.08, ""kalman_vertical_velocity"": -0.55}, ""chute_state"": {""pyro1_state"": 0, ""pyro2_state"": 0}, ""connection_status"": {""connected"": true, ""has_ever_connected"": true, ""packet_age_ms"": 0, ""timeout_exceeded"": false, ""rssi"": -81}, ""communication_mode"": ""BEACON"", ""timestamp"": 76213, ""packets_received"": 8, ""kalman_data"": {""altitude"": -0.08, ""vertical_velocity"": -0.55}, ""kalman_altitude"": -0.08, ""kalman_vertical_velocity"": -0.55, ""pyroDrogue"": 0, ""pyroMain"": 0, ""pyro1_state"": 0, ""pyro2_state"": 0}"
1764328725.713194,2025-11-28T14:18:45.713194,118,0,0,-0.58,-0.33,0.73,-35.23,-24.39,-45.37,-7.68,36.04,0,0,0,13916,849.06,26.07,0.09,0,0,0,0,-82,-0.08,-0.56,BEACON,"{""record_number"": 118, ""operation_mode"": 0, ""state"": 0, ""battery_voltage"": 0, ""wifi_rssi"": -82, ""acc_data"": {""ax"": -0.58, ""ay"": -0.33, ""az"": 0.73, ""pitch"": -35.23, ""roll"": -24.39}, ""gyro_data"": {""gx"": -45.37, ""gy"": -7.68, ""gz"": 36.04}, ""gps_data"": {""latitude"": 0, ""longitude"": 0, ""gps_altitude"": 0, ""time"": 13916}, ""alt_data"": {""pressure"": 849.06, ""temperature"": 26.07, ""AGL"": 0.09, ""velocity"": 0, ""kalman_altitude"": -0.08, ""kalman_vertical_velocity"": -0.56}, ""chute_state"": {""pyro1_state"": 0, ""pyro2_state"": 0}, ""connection_status"": {""connected"": true, ""has_ever_connected"": true, ""packet_age_ms"": 1, ""timeout_exceeded"": false, ""rssi"": -82}, ""communication_mode"": ""BEACON"", ""timestamp"": 76437, ""packets_received"": 9, ""kalman_data"": {""altitude"": -0.08, ""vertical_velocity"": -0.56}, ""kalman_altitude"": -0.08, ""kalman_vertical_velocity"": -0.56, ""pyroDrogue"": 0, ""pyroMain"": 0, ""pyro1_state"": 0, ""pyro2_state"": 0}"
1764328725.850432,2025-11-28T14:18:45.850432,119,0,0,-0.56,-0.31,0.7,-34.85,-23.82,-10.91,-6.34,-4.79,0,0,0,14116,849.1,26.07,-0.23,0,0,0,0,-82,-0.08,-0.59,BEACON,"{""record_number"": 119, ""operation_mode"": 0, ""state"": 0, ""battery_voltage"": 0, ""wifi_rssi"": -82, ""acc_data"": {""ax"": -0.56, ""ay"": -0.31, ""az"": 0.7, ""pitch"": -34.85, ""roll"": -23.82}, ""gyro_data"": {""gx"": -10.91, ""gy"": -6.34, ""gz"": -4.79}, ""gps_data"": {""latitude"": 0, ""longitude"": 0, ""gps_altitude"": 0, ""time"": 14116}, ""alt_data"": {""pressure"": 849.1, ""temperature"": 26.07, ""AGL"": -0.23, ""velocity"": 0, ""kalman_altitude"": -0.08, ""kalman_vertical_velocity"": -0.59}, ""chute_state"": {""pyro1_state"": 0, ""pyro2_state"": 0}, ""connection_status"": {""connected"": true, ""has_ever_connected"": true, ""packet_age_ms"": 0, ""timeout_exceeded"": false, ""rssi"": -82}, ""communication_mode"": ""BEACON"", ""timestamp"": 76548, ""packets_received"": 10, ""kalman_data"": {""altitude"": -0.08, ""vertical_velocity"": -0.59}, ""kalman_altitude"": -0.08, ""kalman_vertical_velocity"": -0.59, ""pyroDrogue"": 0, ""pyroMain"": 0, ""pyro1_state"": 0, ""pyro2_state"": 0}"
1764328725.937432,2025-11-28T14:18:45.937432,120,0,0,-0.59,-0.31,0.69,-35.82,-23.9,-12.87,-9.02,-6.25,0,0,0,14315,849.1,26.07,-0.27,0,0,0,0,-83,-0.09,-0.6,BEACON,"{""record_number"": 120, ""operation_mode"": 0, ""state"": 0, ""battery_voltage"": 0, ""wifi_rssi"": -83, ""acc_data"": {""ax"": -0.59, ""ay"": -0.31, ""az"": 0.69, ""pitch"": -35.82, ""roll"": -23.9}, ""gyro_data"": {""gx"": -12.87, ""gy"": -9.02, ""gz"": -6.25}, ""gps_data"": {""latitude"": 0, ""longitude"": 0, ""gps_altitude"": 0, ""time"": 14315}, ""alt_data"": {""pressure"": 849.1, ""temperature"": 26.07, ""AGL"": -0.27, ""velocity"": 0, ""kalman_altitude"": -0.09, ""kalman_vertical_velocity"": -0.6}, ""chute_state"": {""pyro1_state"": 0, ""pyro2_state"": 0}, ""connection_status"": {""connected"": true, ""has_ever_connected"": true, ""packet_age_ms"": 1, ""timeout_exceeded"": false, ""rssi"": -83}, ""communication_mode"": ""BEACON"", ""timestamp"": 76661, ""packets_received"": 11, ""kalman_data"": {""altitude"": -0.09, ""vertical_velocity"": -0.6}, ""kalman_altitude"": -0.09, ""kalman_vertical_velocity"": -0.6, ""pyroDrogue"": 0, ""pyroMain"": 0, ""pyro1_state"": 0, ""pyro2_state"": 0}"
1764328727.169425,2025-11-28T14:18:47.169425,134,0,0,-0.68,-0.09,0.92,-42.95,-6.22,-12.07,88.6,-13.93,0,0,0,15521,849.06,26.07,0.16,0,0,0,0,-85,-0.07,-0.54,BEACON,"{""record_number"": 134, ""operation_mode"": 0, ""state"": 0, ""battery_voltage"": 0, ""wifi_rssi"": -85, ""acc_data"": {""ax"": -0.68, ""ay"": -0.09, ""az"": 0.92, ""pitch"": -42.95, ""roll"": -6.22}, ""gyro_data"": {""gx"": -12.07, ""gy"": 88.6, ""gz"": -13.93}, ""gps_data"": {""latitude"": 0, ""longitude"": 0, ""gps_altitude"": 0, ""time"": 15521}, ""alt_data"": {""pressure"": 849.06, ""temperature"": 26.07, ""AGL"": 0.16, ""velocity"": 0, ""kalman_altitude"": -0.07, ""kalman_vertical_velocity"": -0.54}, ""chute_state"": {""pyro1_state"": 0, ""pyro2_state"": 0}, ""connection_status"": {""connected"": true, ""has_ever_connected"": true, ""packet_age_ms"": 1, ""timeout_exceeded"": false, ""rssi"": -85}, ""communication_mode"": ""BEACON"", ""timestamp"": 77895, ""packets_received"": 12, ""kalman_data"": {""altitude"": -0.07, ""vertical_velocity"": -0.54}, ""kalman_altitude"": -0.07, ""kalman_vertical_velocity"": -0.54, ""pyroDrogue"": 0, ""pyroMain"": 0, ""pyro1_state"": 0, ""pyro2_state"": 0}"
1764328729.787011,2025-11-28T14:18:49.787011,164,0,0,-0.73,0,0.39,-50.38,1.55,426.07,188.41,-112.47,0,0,0,17935,849.03,26.06,0.46,0,0,0,0,-93,-0.01,-0.5,BEACON,"{""record_number"": 164, ""operation_mode"": 0, ""state"": 0, ""battery_voltage"": 0, ""wifi_rssi"": -93, ""acc_data"": {""ax"": -0.73, ""ay"": 0, ""az"": 0.39, ""pitch"": -50.38, ""roll"": 1.55}, ""gyro_data"": {""gx"": 426.07, ""gy"": 188.41, ""gz"": -112.47}, ""gps_data"": {""latitude"": 0, ""longitude"": 0, ""gps_altitude"": 0, ""time"": 17935}, ""alt_data"": {""pressure"": 849.03, ""temperature"": 26.06, ""AGL"": 0.46, ""velocity"": 0, ""kalman_altitude"": -0.01, ""kalman_vertical_velocity"": -0.5}, ""chute_state"": {""pyro1_state"": 0, ""pyro2_state"": 0}, ""connection_status"": {""connected"": true, ""has_ever_connected"": true, ""packet_age_ms"": 1, ""timeout_exceeded"": false, ""rssi"": -93}, ""communication_mode"": ""BEACON"", ""timestamp"": 80367, ""packets_received"": 13, ""kalman_data"": {""altitude"": -0.01, ""vertical_velocity"": -0.5}, ""kalman_altitude"": -0.01, ""kalman_vertical_velocity"": -0.5, ""pyroDrogue"": 0, ""pyroMain"": 0, ""pyro1_state"": 0, ""pyro2_state"": 0}"
1764328731.665974,2025-11-28T14:18:51.665974,187,0,0,-0.64,-0.52,0.64,-38.99,-39.35,-177.5,-125.76,-385.52,0,0,0,19945,849.02,26.07,0.48,0,0,0,0,-80,0.18,-0.13,BEACON,"{""record_number"": 187, ""operation_mode"": 0, ""state"": 0, ""battery_voltage"": 0, ""wifi_rssi"": -80, ""acc_data"": {""ax"": -0.64, ""ay"": -0.52, ""az"": 0.64, ""pitch"": -38.99, ""roll"": -39.35}, ""gyro_data"": {""gx"": -177.5, ""gy"": -125.76, ""gz"": -385.52}, ""gps_data"": {""latitude"": 0, ""longitude"": 0, ""gps_altitude"": 0, ""time"": 19945}, ""alt_data"": {""pressure"": 849.02, ""temperature"": 26.07, ""AGL"": 0.48, ""velocity"": 0, ""kalman_altitude"": 0.18, ""kalman_vertical_velocity"": -0.13}, ""chute_state"": {""pyro1_state"": 0, ""pyro2_state"": 0}, ""connection_status"": {""connected"": true, ""has_ever_connected"": true, ""packet_age_ms"": 1, ""timeout_exceeded"": false, ""rssi"": -80}, ""communication_mode"": ""BEACON"", ""timestamp"": 82389, ""packets_received"": 14, ""kalman_data"": {""altitude"": 0.18, ""vertical_velocity"": -0.13}, ""kalman_altitude"": 0.18, ""kalman_vertical_velocity"": -0.13, ""pyroDrogue"": 0, ""pyroMain"": 0, ""pyro1_state"": 0, ""pyro2_state"": 0}"
1764328731.774466,2025-11-28T14:18:51.774466,189,0,0,-0.37,-0.55,0.75,-21.37,-35.68,84.36,-667.87,-372.77,0,0,0,20145,849.09,26.08,-0.17,0,0,0,0,-75,0.16,-0.17,BEACON,"{""record_number"": 189, ""operation_mode"": 0, ""state"": 0, ""battery_voltage"": 0, ""wifi_rssi"": -75, ""acc_data"": {""ax"": -0.37, ""ay"": -0.55, ""az"": 0.75, ""pitch"": -21.37, ""roll"": -35.68}, ""gyro_data"": {""gx"": 84.36, ""gy"": -667.87, ""gz"": -372.77}, ""gps_data"": {""latitude"": 0, ""longitude"": 0, ""gps_altitude"": 0, ""time"": 20145}, ""alt_data"": {""pressure"": 849.09, ""temperature"": 26.08, ""AGL"": -0.17, ""velocity"": 0, ""kalman_altitude"": 0.16, ""kalman_vertical_velocity"": -0.17}, ""chute_state"": {""pyro1_state"": 0, ""pyro2_state"": 0}, ""connection_status"": {""connected"": true, ""has_ever_connected"": true, ""packet_age_ms"": 1, ""timeout_exceeded"": false, ""rssi"": -75}, ""communication_mode"": ""BEACON"", ""timestamp"": 82498, ""packets_received"": 15, ""kalman_data"": {""altitude"": 0.16, ""vertical_velocity"": -0.17}, ""kalman_altitude"": 0.16, ""kalman_vertical_velocity"": -0.17, ""pyroDrogue"": 0, ""pyroMain"": 0, ""pyro1_state"": 0, ""pyro2_state"": 0}"
1764328732.298586,2025-11-28T14:18:52.298586,194,0,0,0.08,-0.62,0.66,3.25,-43.66,-161.8,189.76,-147.59,0,0,0,20544,849.07,26.08,0,0,0,0,0,-80,0.14,-0.23,BEACON,"{""record_number"": 194, ""operation_mode"": 0, ""state"": 0, ""battery_voltage"": 0, ""wifi_rssi"": -80, ""acc_data"": {""ax"": 0.08, ""ay"": -0.62, ""az"": 0.66, ""pitch"": 3.25, ""roll"": -43.66}, ""gyro_data"": {""gx"": -161.8, ""gy"": 189.76, ""gz"": -147.59}, ""gps_data"": {""latitude"": 0, ""longitude"": 0, ""gps_altitude"": 0, ""time"": 20544}, ""alt_data"": {""pressure"": 849.07, ""temperature"": 26.08, ""AGL"": 0, ""velocity"": 0, ""kalman_altitude"": 0.14, ""kalman_vertical_velocity"": -0.23}, ""chute_state"": {""pyro1_state"": 0, ""pyro2_state"": 0}, ""connection_status"": {""connected"": true, ""has_ever_connected"": true, ""packet_age_ms"": 1, ""timeout_exceeded"": false, ""rssi"": -80}, ""communication_mode"": ""BEACON"", ""timestamp"": 82946, ""packets_received"": 16, ""kalman_data"": {""altitude"": 0.14, ""vertical_velocity"": -0.23}, ""kalman_altitude"": 0.14, ""kalman_vertical_velocity"": -0.23, ""pyroDrogue"": 0, ""pyroMain"": 0, ""pyro1_state"": 0, ""pyro2_state"": 0}"
1764328732.454226,2025-11-28T14:18:52.454226,196,0,0,-0.29,-0.8,0.74,-16.84,-47.75,-126.19,278.23,209.05,0,0,0,20751,849.04,26.07,0.37,0,0,0,0,-83,0.16,-0.21,BEACON,"{""record_number"": 196, ""operation_mode"": 0, ""state"": 0, ""battery_voltage"": 0, ""wifi_rssi"": -83, ""acc_data"": {""ax"": -0.29, ""ay"": -0.8, ""az"": 0.74, ""pitch"": -16.84, ""roll"": -47.75}, ""gyro_data"": {""gx"": -126.19, ""gy"": 278.23, ""gz"": 209.05}, ""gps_data"": {""latitude"": 0, ""longitude"": 0, ""gps_altitude"": 0, ""time"": 20751}, ""alt_data"": {""pressure"": 849.04, ""temperature"": 26.07, ""AGL"": 0.37, ""velocity"": 0, ""kalman_altitude"": 0.16, ""kalman_vertical_velocity"": -0.21}, ""chute_state"": {""pyro1_state"": 0, ""pyro2_state"": 0}, ""connection_status"": {""connected"": true, ""has_ever_connected"": true, ""packet_age_ms"": 0, ""timeout_exceeded"": false, ""rssi"": -83}, ""communication_mode"": ""BEACON"", ""timestamp"": 83172, ""packets_received"": 17, ""kalman_data"": {""altitude"": 0.16, ""vertical_velocity"": -0.21}, ""kalman_altitude"": 0.16, ""kalman_vertical_velocity"": -0.21, ""pyroDrogue"": 0, ""pyroMain"": 0, ""pyro1_state"": 0, ""pyro2_state"": 0}"
1764328732.918343,2025-11-28T14:18:52.918343,202,0,0,-0.96,-0.7,0.56,-73.27,-50.74,3.11,214.36,431.74,0,0,0,21150,849.04,26.07,0.37,0,0,0,0,-77,0.2,-0.19,BEACON,"{""record_number"": 202, ""operation_mode"": 0, ""state"": 0, ""battery_voltage"": 0, ""wifi_rssi"": -77, ""acc_data"": {""ax"": -0.96, ""ay"": -0.7, ""az"": 0.56, ""pitch"": -73.27, ""roll"": -50.74}, ""gyro_data"": {""gx"": 3.11, ""gy"": 214.36, ""gz"": 431.74}, ""gps_data"": {""latitude"": 0, ""longitude"": 0, ""gps_altitude"": 0, ""time"": 21150}, ""alt_data"": {""pressure"": 849.04, ""temperature"": 26.07, ""AGL"": 0.37, ""velocity"": 0, ""kalman_altitude"": 0.2, ""kalman_vertical_velocity"": -0.19}, ""chute_state"": {""pyro1_state"": 0, ""pyro2_state"": 0}, ""connection_status"": {""connected"": true, ""has_ever_connected"": true, ""packet_age_ms"": 0, ""timeout_exceeded"": false, ""rssi"": -77}, ""communication_mode"": ""BEACON"", ""timestamp"": 83618, ""packets_received"": 18, ""kalman_data"": {""altitude"": 0.2, ""vertical_velocity"": -0.19}, ""kalman_altitude"": 0.2, ""kalman_vertical_velocity"": -0.19, ""pyroDrogue"": 0, ""pyroMain"": 0, ""pyro1_state"": 0, ""pyro2_state"": 0}"
1764328733.06787,2025-11-28T14:18:53.067870,203,0,0,-0.98,-0.47,0.48,-76.36,-45.52,67.96,239.94,597.1,0,0,0,21351,849,26.08,0.75,0,0,0,0,-72,0.23,-0.16,BEACON,"{""record_number"": 203, ""operation_mode"": 0, ""state"": 0, ""battery_voltage"": 0, ""wifi_rssi"": -72, ""acc_data"": {""ax"": -0.98, ""ay"": -0.47, ""az"": 0.48, ""pitch"": -76.36, ""roll"": -45.52}, ""gyro_data"": {""gx"": 67.96, ""gy"": 239.94, ""gz"": 597.1}, ""gps_data"": {""latitude"": 0, ""longitude"": 0, ""gps_altitude"": 0, ""time"": 21351}, ""alt_data"": {""pressure"": 849, ""temperature"": 26.08, ""AGL"": 0.75, ""velocity"": 0, ""kalman_altitude"": 0.23, ""kalman_vertical_velocity"": -0.16}, ""chute_state"": {""pyro1_state"": 0, ""pyro2_state"": 0}, ""connection_status"": {""connected"": true, ""has_ever_connected"": true, ""packet_age_ms"": 1, ""timeout_exceeded"": false, ""rssi"": -72}, ""communication_mode"": ""BEACON"", ""timestamp"": 83730, ""packets_received"": 19, ""kalman_data"": {""altitude"": 0.23, ""vertical_velocity"": -0.16}, ""kalman_altitude"": 0.23, ""kalman_vertical_velocity"": -0.16, ""pyroDrogue"": 0, ""pyroMain"": 0, ""pyro1_state"": 0, ""pyro2_state"": 0}"
1764328733.370327,2025-11-28T14:18:53.370327,204,0,0,-0.83,-0.16,0.38,-54.9,-21.51,161.98,235.55,720.79,0,0,0,21351,849,26.06,0.71,0,0,0,0,-70,0.26,-0.13,BEACON,"{""record_number"": 204, ""operation_mode"": 0, ""state"": 0, ""battery_voltage"": 0, ""wifi_rssi"": -70, ""acc_data"": {""ax"": -0.83, ""ay"": -0.16, ""az"": 0.38, ""pitch"": -54.9, ""roll"": -21.51}, ""gyro_data"": {""gx"": 161.98, ""gy"": 235.55, ""gz"": 720.79}, ""gps_data"": {""latitude"": 0, ""longitude"": 0, ""gps_altitude"": 0, ""time"": 21351}, ""alt_data"": {""pressure"": 849, ""temperature"": 26.06, ""AGL"": 0.71, ""velocity"": 0, ""kalman_altitude"": 0.26, ""kalman_vertical_velocity"": -0.13}, ""chute_state"": {""pyro1_state"": 0, ""pyro2_state"": 0}, ""connection_status"": {""connected"": true, ""has_ever_connected"": true, ""packet_age_ms"": 1, ""timeout_exceeded"": false, ""rssi"": -70}, ""communication_mode"": ""BEACON"", ""timestamp"": 83844, ""packets_received"": 20, ""kalman_data"": {""altitude"": 0.26, ""vertical_velocity"": -0.13}, ""kalman_altitude"": 0.26, ""kalman_vertical_velocity"": -0.13, ""pyroDrogue"": 0, ""pyroMain"": 0, ""pyro1_state"": 0, ""pyro2_state"": 0}"
1764328733.504315,2025-11-28T14:18:53.504315,206,0,0,-0.65,0.31,0.13,-40.77,70.39,126.86,248.14,521.1,0,0,0,21551,849.02,26.07,0.52,0,0,0,0,-70,0.27,-0.13,BEACON,"{""record_number"": 206, ""operation_mode"": 0, ""state"": 0, ""battery_voltage"": 0, ""wifi_rssi"": -70, ""acc_data"": {""ax"": -0.65, ""ay"": 0.31, ""az"": 0.13, ""pitch"": -40.77, ""roll"": 70.39}, ""gyro_data"": {""gx"": 126.86, ""gy"": 248.14, ""gz"": 521.1}, ""gps_data"": {""latitude"": 0, ""longitude"": 0, ""gps_altitude"": 0, ""time"": 21551}, ""alt_data"": {""pressure"": 849.02, ""temperature"": 26.07, ""AGL"": 0.52, ""velocity"": 0, ""kalman_altitude"": 0.27, ""kalman_vertical_velocity"": -0.13}, ""chute_state"": {""pyro1_state"": 0, ""pyro2_state"": 0}, ""connection_status"": {""connected"": true, ""has_ever_connected"": true, ""packet_age_ms"": 0, ""timeout_exceeded"": false, ""rssi"": -70}, ""communication_mode"": ""BEACON"", ""timestamp"": 83956, ""packets_received"": 21, ""kalman_data"": {""altitude"": 0.27, ""vertical_velocity"": -0.13}, ""kalman_altitude"": 0.27, ""kalman_vertical_velocity"": -0.13, ""pyroDrogue"": 0, ""pyroMain"": 0, ""pyro1_state"": 0, ""pyro2_state"": 0}"
1764328733.606516,2025-11-28T14:18:53.606516,207,0,0,-0.85,0.53,0.07,-59.93,81.28,-51.34,80.61,120.34,0,0,0,21551,849.04,26.08,0.33,0,0,0,0,-70,0.26,-0.18,BEACON,"{""record_number"": 207, ""operation_mode"": 0, ""state"": 0, ""battery_voltage"": 0, ""wifi_rssi"": -70, ""acc_data"": {""ax"": -0.85, ""ay"": 0.53, ""az"": 0.07, ""pitch"": -59.93, ""roll"": 81.28}, ""gyro_data"": {""gx"": -51.34, ""gy"": 80.61, ""gz"": 120.34}, ""gps_data"": {""latitude"": 0, ""longitude"": 0, ""gps_altitude"": 0, ""time"": 21551}, ""alt_data"": {""pressure"": 849.04, ""temperature"": 26.08, ""AGL"": 0.33, ""velocity"": 0, ""kalman_altitude"": 0.26, ""kalman_vertical_velocity"": -0.18}, ""chute_state"": {""pyro1_state"": 0, ""pyro2_state"": 0}, ""connection_status"": {""connected"": true, ""has_ever_connected"": true, ""packet_age_ms"": 0, ""timeout_exceeded"": false, ""rssi"": -70}, ""communication_mode"": ""BEACON"", ""timestamp"": 84065, ""packets_received"": 22, ""kalman_data"": {""altitude"": 0.26, ""vertical_velocity"": -0.18}, ""kalman_altitude"": 0.26, ""kalman_vertical_velocity"": -0.18, ""pyroDrogue"": 0, ""pyroMain"": 0, ""pyro1_state"": 0, ""pyro2_state"": 0}"
1764328733.717586,2025-11-28T14:18:53.717586,208,0,0,-0.77,0.55,0.05,-50.07,86.29,-9.54,-16.43,83.41,0,0,0,21755,849.08,26.08,-0.1,0,0,0,0,-70,0.24,-0.25,BEACON,"{""record_number"": 208, ""operation_mode"": 0, ""state"": 0, ""battery_voltage"": 0, ""wifi_rssi"": -70, ""acc_data"": {""ax"": -0.77, ""ay"": 0.55, ""az"": 0.05, ""pitch"": -50.07, ""roll"": 86.29}, ""gyro_data"": {""gx"": -9.54, ""gy"": -16.43, ""gz"": 83.41}, ""gps_data"": {""latitude"": 0, ""longitude"": 0, ""gps_altitude"": 0, ""time"": 21755}, ""alt_data"": {""pressure"": 849.08, ""temperature"": 26.08, ""AGL"": -0.1, ""velocity"": 0, ""kalman_altitude"": 0.24, ""kalman_vertical_velocity"": -0.25}, ""chute_state"": {""pyro1_state"": 0, ""pyro2_state"": 0}, ""connection_status"": {""connected"": true, ""has_ever_connected"": true, ""packet_age_ms"": 0, ""timeout_exceeded"": false, ""rssi"": -70}, ""communication_mode"": ""BEACON"", ""timestamp"": 84178, ""packets_received"": 23, ""kalman_data"": {""altitude"": 0.24, ""vertical_velocity"": -0.25}, ""kalman_altitude"": 0.24, ""kalman_vertical_velocity"": -0.25, ""pyroDrogue"": 0, ""pyroMain"": 0, ""pyro1_state"": 0, ""pyro2_state"": 0}"
1764328733.864831,2025-11-28T14:18:53.864831,210,0,0,-0.67,0.5,0.2,-42.12,70.59,65.3,101.16,73.84,0,0,0,21755,849,26.07,0.73,0,0,0,0,-70,0.27,-0.22,BEACON,"{""record_number"": 210, ""operation_mode"": 0, ""state"": 0, ""battery_voltage"": 0, ""wifi_rssi"": -70, ""acc_data"": {""ax"": -0.67, ""ay"": 0.5, ""az"": 0.2, ""pitch"": -42.12, ""roll"": 70.59}, ""gyro_data"": {""gx"": 65.3, ""gy"": 101.16, ""gz"": 73.84}, ""gps_data"": {""latitude"": 0, ""longitude"": 0, ""gps_altitude"": 0, ""time"": 21755}, ""alt_data"": {""pressure"": 849, ""temperature"": 26.07, ""AGL"": 0.73, ""velocity"": 0, ""kalman_altitude"": 0.27, ""kalman_vertical_velocity"": -0.22}, ""chute_state"": {""pyro1_state"": 0, ""pyro2_state"": 0}, ""connection_status"": {""connected"": true, ""has_ever_connected"": true, ""packet_age_ms"": 1, ""timeout_exceeded"": false, ""rssi"": -70}, ""communication_mode"": ""BEACON"", ""timestamp"": 84291, ""packets_received"": 24, ""kalman_data"": {""altitude"": 0.27, ""vertical_velocity"": -0.22}, ""kalman_altitude"": 0.27, ""kalman_vertical_velocity"": -0.22, ""pyroDrogue"": 0, ""pyroMain"": 0, ""pyro1_state"": 0, ""pyro2_state"": 0}"
1764328733.932906,2025-11-28T14:18:53.932906,211,0,0,-0.85,0.62,0,-58.62,90.31,11.59,0.49,-74.3,0,0,0,21956,849.04,26.07,0.37,0,0,0,0,-72,0.31,-0.2,BEACON,"{""record_number"": 211, ""operation_mode"": 0, ""state"": 0, ""battery_voltage"": 0, ""wifi_rssi"": -72, ""acc_data"": {""ax"": -0.85, ""ay"": 0.62, ""az"": 0, ""pitch"": -58.62, ""roll"": 90.31}, ""gyro_data"": {""gx"": 11.59, ""gy"": 0.49, ""gz"": -74.3}, ""gps_data"": {""latitude"": 0, ""longitude"": 0, ""gps_altitude"": 0, ""time"": 21956}, ""alt_data"": {""pressure"": 849.04, ""temperature"": 26.07, ""AGL"": 0.37, ""velocity"": 0, ""kalman_altitude"": 0.31, ""kalman_vertical_velocity"": -0.2}, ""chute_state"": {""pyro1_state"": 0, ""pyro2_state"": 0}, ""connection_status"": {""connected"": true, ""has_ever_connected"": true, ""packet_age_ms"": 0, ""timeout_exceeded"": false, ""rssi"": -72}, ""communication_mode"": ""BEACON"", ""timestamp"": 84402, ""packets_received"": 25, ""kalman_data"": {""altitude"": 0.31, ""vertical_velocity"": -0.2}, ""kalman_altitude"": 0.31, ""kalman_vertical_velocity"": -0.2, ""pyroDrogue"": 0, ""pyroMain"": 0, ""pyro1_state"": 0, ""pyro2_state"": 0}"
1764328734.043855,2025-11-28T14:18:54.043855,212,0,0,-0.8,0.47,0.1,-53.04,77.86,-114.18,-2.04,-7.53,0,0,0,22156,849.06,26.07,0.09,0,0,0,0,-71,0.29,-0.25,BEACON,"{""record_number"": 212, ""operation_mode"": 0, ""state"": 0, ""battery_voltage"": 0, ""wifi_rssi"": -71, ""acc_data"": {""ax"": -0.8, ""ay"": 0.47, ""az"": 0.1, ""pitch"": -53.04, ""roll"": 77.86}, ""gyro_data"": {""gx"": -114.18, ""gy"": -2.04, ""gz"": -7.53}, ""gps_data"": {""latitude"": 0, ""longitude"": 0, ""gps_altitude"": 0, ""time"": 22156}, ""alt_data"": {""pressure"": 849.06, ""temperature"": 26.07, ""AGL"": 0.09, ""velocity"": 0, ""kalman_altitude"": 0.29, ""kalman_vertical_velocity"": -0.25}, ""chute_state"": {""pyro1_state"": 0, ""pyro2_state"": 0}, ""connection_status"": {""connected"": true, ""has_ever_connected"": true, ""packet_age_ms"": 0, ""timeout_exceeded"": false, ""rssi"": -71}, ""communication_mode"": ""BEACON"", ""timestamp"": 84515, ""packets_received"": 26, ""kalman_data"": {""altitude"": 0.29, ""vertical_velocity"": -0.25}, ""kalman_altitude"": 0.29, ""kalman_vertical_velocity"": -0.25, ""pyroDrogue"": 0, ""pyroMain"": 0, ""pyro1_state"": 0, ""pyro2_state"": 0}"
1764328734.20152,2025-11-28T14:18:54.201520,213,0,0,-0.77,0.53,0.08,-50.29,82.5,-37.04,22.01,30.46,0,0,0,22156,848.96,26.07,1.1,0,0,0,0,-73,0.34,-0.18,BEACON,"{""record_number"": 213, ""operation_mode"": 0, ""state"": 0, ""battery_voltage"": 0, ""wifi_rssi"": -73, ""acc_data"": {""ax"": -0.77, ""ay"": 0.53, ""az"": 0.08, ""pitch"": -50.29, ""roll"": 82.5}, ""gyro_data"": {""gx"": -37.04, ""gy"": 22.01, ""gz"": 30.46}, ""gps_data"": {""latitude"": 0, ""longitude"": 0, ""gps_altitude"": 0, ""time"": 22156}, ""alt_data"": {""pressure"": 848.96, ""temperature"": 26.07, ""AGL"": 1.1, ""velocity"": 0, ""kalman_altitude"": 0.34, ""kalman_vertical_velocity"": -0.18}, ""chute_state"": {""pyro1_state"": 0, ""pyro2_state"": 0}, ""connection_status"": {""connected"": true, ""has_ever_connected"": true, ""packet_age_ms"": 0, ""timeout_exceeded"": false, ""rssi"": -73}, ""communication_mode"": ""BEACON"", ""timestamp"": 84627, ""packets_received"": 27, ""kalman_data"": {""altitude"": 0.34, ""vertical_velocity"": -0.18}, ""kalman_altitude"": 0.34, ""kalman_vertical_velocity"": -0.18, ""pyroDrogue"": 0, ""pyroMain"": 0, ""pyro1_state"": 0, ""pyro2_state"": 0}"
1764328735.021828,2025-11-28T14:18:55.021828,215,0,0,-0.73,0.53,0.13,-46.42,77.48,5.3,61.34,94.09,0,0,0,22356,849.01,26.08,0.62,0,0,0,0,-73,0.35,-0.2,BEACON,"{""record_number"": 215, ""operation_mode"": 0, ""state"": 0, ""battery_voltage"": 0, ""wifi_rssi"": -73, ""acc_data"": {""ax"": -0.73, ""ay"": 0.53, ""az"": 0.13, ""pitch"": -46.42, ""roll"": 77.48}, ""gyro_data"": {""gx"": 5.3, ""gy"": 61.34, ""gz"": 94.09}, ""gps_data"": {""latitude"": 0, ""longitude"": 0, ""gps_altitude"": 0, ""time"": 22356}, ""alt_data"": {""pressure"": 849.01, ""temperature"": 26.08, ""AGL"": 0.62, ""velocity"": 0, ""kalman_altitude"": 0.35, ""kalman_vertical_velocity"": -0.2}, ""chute_state"": {""pyro1_state"": 0, ""pyro2_state"": 0}, ""connection_status"": {""connected"": true, ""has_ever_connected"": true, ""packet_age_ms"": 1, ""timeout_exceeded"": false, ""rssi"": -73}, ""communication_mode"": ""BEACON"", ""timestamp"": 84739, ""packets_received"": 28, ""kalman_data"": {""altitude"": 0.35, ""vertical_velocity"": -0.2}, ""kalman_altitude"": 0.35, ""kalman_vertical_velocity"": -0.2, ""pyroDrogue"": 0, ""pyroMain"": 0, ""pyro1_state"": 0, ""pyro2_state"": 0}"
1764328735.234543,2025-11-28T14:18:55.234543,216,0,0,-0.8,0.57,0.06,-53.79,83.67,-17.65,15.49,15.49,0,0,0,22356,849.01,26.07,0.62,0,0,0,0,-72,0.36,-0.2,BEACON,"{""record_number"": 216, ""operation_mode"": 0, ""state"": 0, ""battery_voltage"": 0, ""wifi_rssi"": -72, ""acc_data"": {""ax"": -0.8, ""ay"": 0.57, ""az"": 0.06, ""pitch"": -53.79, ""roll"": 83.67}, ""gyro_data"": {""gx"": -17.65, ""gy"": 15.49, ""gz"": 15.49}, ""gps_data"": {""latitude"": 0, ""longitude"": 0, ""gps_altitude"": 0, ""time"": 22356}, ""alt_data"": {""pressure"": 849.01, ""temperature"": 26.07, ""AGL"": 0.62, ""velocity"": 0, ""kalman_altitude"": 0.36, ""kalman_vertical_velocity"": -0.2}, ""chute_state"": {""pyro1_state"": 0, ""pyro2_state"": 0}, ""connection_status"": {""connected"": true, ""has_ever_connected"": true, ""packet_age_ms"": 0, ""timeout_exceeded"": false, ""rssi"": -72}, ""communication_mode"": ""BEACON"", ""timestamp"": 84850, ""packets_received"": 29, ""kalman_data"": {""altitude"": 0.36, ""vertical_velocity"": -0.2}, ""kalman_altitude"": 0.36, ""kalman_vertical_velocity"": -0.2, ""pyroDrogue"": 0, ""pyroMain"": 0, ""pyro1_state"": 0, ""pyro2_state"": 0}"
1764328735.353422,2025-11-28T14:18:55.353422,217,0,0,-0.73,0.52,0.08,-47.19,80.91,-43.75,3.14,0.37,0,0,0,22556,848.98,26.07,0.87,0,0,0,0,-75,0.39,-0.16,BEACON,"{""record_number"": 217, ""operation_mode"": 0, ""state"": 0, ""battery_voltage"": 0, ""wifi_rssi"": -75, ""acc_data"": {""ax"": -0.73, ""ay"": 0.52, ""az"": 0.08, ""pitch"": -47.19, ""roll"": 80.91}, ""gyro_data"": {""gx"": -43.75, ""gy"": 3.14, ""gz"": 0.37}, ""gps_data"": {""latitude"": 0, ""longitude"": 0, ""gps_altitude"": 0, ""time"": 22556}, ""alt_data"": {""pressure"": 848.98, ""temperature"": 26.07, ""AGL"": 0.87, ""velocity"": 0, ""kalman_altitude"": 0.39, ""kalman_vertical_velocity"": -0.16}, ""chute_state"": {""pyro1_state"": 0, ""pyro2_state"": 0}, ""connection_status"": {""connected"": true, ""has_ever_connected"": true, ""packet_age_ms"": 0, ""timeout_exceeded"": false, ""rssi"": -75}, ""communication_mode"": ""BEACON"", ""timestamp"": 84962, ""packets_received"": 30, ""kalman_data"": {""altitude"": 0.39, ""vertical_velocity"": -0.16}, ""kalman_altitude"": 0.39, ""kalman_vertical_velocity"": -0.16, ""pyroDrogue"": 0, ""pyroMain"": 0, ""pyro1_state"": 0, ""pyro2_state"": 0}"
1764328735.471394,2025-11-28T14:18:55.471394,219,0,0,-0.77,0.58,0.06,-50.25,84.77,2.16,-9.27,0.55,0,0,0,22556,849.02,26.08,0.51,0,0,0,0,-75,0.4,-0.17,BEACON,"{""record_number"": 219, ""operation_mode"": 0, ""state"": 0, ""battery_voltage"": 0, ""wifi_rssi"": -75, ""acc_data"": {""ax"": -0.77, ""ay"": 0.58, ""az"": 0.06, ""pitch"": -50.25, ""roll"": 84.77}, ""gyro_data"": {""gx"": 2.16, ""gy"": -9.27, ""gz"": 0.55}, ""gps_data"": {""latitude"": 0, ""longitude"": 0, ""gps_altitude"": 0, ""time"": 22556}, ""alt_data"": {""pressure"": 849.02, ""temperature"": 26.08, ""AGL"": 0.51, ""velocity"": 0, ""kalman_altitude"": 0.4, ""kalman_vertical_velocity"": -0.17}, ""chute_state"": {""pyro1_state"": 0, ""pyro2_state"": 0}, ""connection_status"": {""connected"": true, ""has_ever_connected"": true, ""packet_age_ms"": 0, ""timeout_exceeded"": false, ""rssi"": -75}, ""communication_mode"": ""BEACON"", ""timestamp"": 85077, ""packets_received"": 31, ""kalman_data"": {""altitude"": 0.4, ""vertical_velocity"": -0.17}, ""kalman_altitude"": 0.4, ""kalman_vertical_velocity"": -0.17, ""pyroDrogue"": 0, ""pyroMain"": 0, ""pyro1_state"": 0, ""pyro2_state"": 0}"
1764328735.638917,2025-11-28T14:18:55.638917,220,0,0,-0.72,0.57,0.08,-48.57,80.43,-47.2,5.18,-34.27,0,0,0,22761,849.07,26.08,0.04,0,0,0,0,-75,0.39,-0.23,BEACON,"{""record_number"": 220, ""operation_mode"": 0, ""state"": 0, ""battery_voltage"": 0, ""wifi_rssi"": -75, ""acc_data"": {""ax"": -0.72, ""ay"": 0.57, ""az"": 0.08, ""pitch"": -48.57, ""roll"": 80.43}, ""gyro_data"": {""gx"": -47.2, ""gy"": 5.18, ""gz"": -34.27}, ""gps_data"": {""latitude"": 0, ""longitude"": 0, ""gps_altitude"": 0, ""time"": 22761}, ""alt_data"": {""pressure"": 849.07, ""temperature"": 26.08, ""AGL"": 0.04, ""velocity"": 0, ""kalman_altitude"": 0.39, ""kalman_vertical_velocity"": -0.23}, ""chute_state"": {""pyro1_state"": 0, ""pyro2_state"": 0}, ""connection_status"": {""connected"": true, ""has_ever_connected"": true, ""packet_age_ms"": 0, ""timeout_exceeded"": false, ""rssi"": -75}, ""communication_mode"": ""BEACON"", ""timestamp"": 85188, ""packets_received"": 32, ""kalman_data"": {""altitude"": 0.39, ""vertical_velocity"": -0.23}, ""kalman_altitude"": 0.39, ""kalman_vertical_velocity"": -0.23, ""pyroDrogue"": 0, ""pyroMain"": 0, ""pyro1_state"": 0, ""pyro2_state"": 0}"
1764328735.707496,2025-11-28T14:18:55.707496,221,0,0,-0.8,0.51,0.12,-52.9,77.53,-30.21,-37.16,-42.8,0,0,0,22960,849.01,26.08,0.64,0,0,0,0,-76,0.41,-0.23,BEACON,"{""record_number"": 221, ""operation_mode"": 0, ""state"": 0, ""battery_voltage"": 0, ""wifi_rssi"": -76, ""acc_data"": {""ax"": -0.8, ""ay"": 0.51, ""az"": 0.12, ""pitch"": -52.9, ""roll"": 77.53}, ""gyro_data"": {""gx"": -30.21, ""gy"": -37.16, ""gz"": -42.8}, ""gps_data"": {""latitude"": 0, ""longitude"": 0, ""gps_altitude"": 0, ""time"": 22960}, ""alt_data"": {""pressure"": 849.01, ""temperature"": 26.08, ""AGL"": 0.64, ""velocity"": 0, ""kalman_altitude"": 0.41, ""kalman_vertical_velocity"": -0.23}, ""chute_state"": {""pyro1_state"": 0, ""pyro2_state"": 0}, ""connection_status"": {""connected"": true, ""has_ever_connected"": true, ""packet_age_ms"": 0, ""timeout_exceeded"": false, ""rssi"": -76}, ""communication_mode"": ""BEACON"", ""timestamp"": 85300, ""packets_received"": 33, ""kalman_data"": {""altitude"": 0.41, ""vertical_velocity"": -0.23}, ""kalman_altitude"": 0.41, ""kalman_vertical_velocity"": -0.23, ""pyroDrogue"": 0, ""pyroMain"": 0, ""pyro1_state"": 0, ""pyro2_state"": 0}"
1764328735.863881,2025-11-28T14:18:55.863881,221,0,0,-0.68,0.53,0.13,-43.61,77.18,-41.62,-218.48,-347.77,0,0,0,22960,849,26.08,0.71,0,0,0,0,-79,0.43,-0.21,BEACON,"{""record_number"": 221, ""operation_mode"": 0, ""state"": 0, ""battery_voltage"": 0, ""wifi_rssi"": -79, ""acc_data"": {""ax"": -0.68, ""ay"": 0.53, ""az"": 0.13, ""pitch"": -43.61, ""roll"": 77.18}, ""gyro_data"": {""gx"": -41.62, ""gy"": -218.48, ""gz"": -347.77}, ""gps_data"": {""latitude"": 0, ""longitude"": 0, ""gps_altitude"": 0, ""time"": 22960}, ""alt_data"": {""pressure"": 849, ""temperature"": 26.08, ""AGL"": 0.71, ""velocity"": 0, ""kalman_altitude"": 0.43, ""kalman_vertical_velocity"": -0.21}, ""chute_state"": {""pyro1_state"": 0, ""pyro2_state"": 0}, ""connection_status"": {""connected"": true, ""has_ever_connected"": true, ""packet_age_ms"": 0, ""timeout_exceeded"": false, ""rssi"": -79}, ""communication_mode"": ""BEACON"", ""timestamp"": 85416, ""packets_received"": 34, ""kalman_data"": {""altitude"": 0.43, ""vertical_velocity"": -0.21}, ""kalman_altitude"": 0.43, ""kalman_vertical_velocity"": -0.21, ""pyroDrogue"": 0, ""pyroMain"": 0, ""pyro1_state"": 0, ""pyro2_state"": 0}"
1764328736.012148,2025-11-28T14:18:56.012148,224,0,0,-0.88,0.2,0.3,-63.98,32.57,-155.52,-474.85,-720.52,0,0,0,23161,849.06,26.1,0.08,0,0,0,0,-82,0.4,-0.28,BEACON,"{""record_number"": 224, ""operation_mode"": 0, ""state"": 0, ""battery_voltage"": 0, ""wifi_rssi"": -82, ""acc_data"": {""ax"": -0.88, ""ay"": 0.2, ""az"": 0.3, ""pitch"": -63.98, ""roll"": 32.57}, ""gyro_data"": {""gx"": -155.52, ""gy"": -474.85, ""gz"": -720.52}, ""gps_data"": {""latitude"": 0, ""longitude"": 0, ""gps_altitude"": 0, ""time"": 23161}, ""alt_data"": {""pressure"": 849.06, ""temperature"": 26.1, ""AGL"": 0.08, ""velocity"": 0, ""kalman_altitude"": 0.4, ""kalman_vertical_velocity"": -0.28}, ""chute_state"": {""pyro1_state"": 0, ""pyro2_state"": 0}, ""connection_status"": {""connected"": true, ""has_ever_connected"": true, ""packet_age_ms"": 0, ""timeout_exceeded"": false, ""rssi"": -82}, ""communication_mode"": ""BEACON"", ""timestamp"": 85531, ""packets_received"": 35, ""kalman_data"": {""altitude"": 0.4, ""vertical_velocity"": -0.28}, ""kalman_altitude"": 0.4, ""kalman_vertical_velocity"": -0.28, ""pyroDrogue"": 0, ""pyroMain"": 0, ""pyro1_state"": 0, ""pyro2_state"": 0}"
1764328736.106388,2025-11-28T14:18:56.106388,225,0,0,-0.88,-0.08,0.52,-60.22,-9.28,-219.45,-369.24,-482.04,0,0,0,23161,849.03,26.1,0.45,0,0,0,0,-83,0.4,-0.29,BEACON,"{""record_number"": 225, ""operation_mode"": 0, ""state"": 0, ""battery_voltage"": 0, ""wifi_rssi"": -83, ""acc_data"": {""ax"": -0.88, ""ay"": -0.08, ""az"": 0.52, ""pitch"": -60.22, ""roll"": -9.28}, ""gyro_data"": {""gx"": -219.45, ""gy"": -369.24, ""gz"": -482.04}, ""gps_data"": {""latitude"": 0, ""longitude"": 0, ""gps_altitude"": 0, ""time"": 23161}, ""alt_data"": {""pressure"": 849.03, ""temperature"": 26.1, ""AGL"": 0.45, ""velocity"": 0, ""kalman_altitude"": 0.4, ""kalman_vertical_velocity"": -0.29}, ""chute_state"": {""pyro1_state"": 0, ""pyro2_state"": 0}, ""connection_status"": {""connected"": true, ""has_ever_connected"": true, ""packet_age_ms"": 0, ""timeout_exceeded"": false, ""rssi"": -83}, ""communication_mode"": ""BEACON"", ""timestamp"": 85639, ""packets_received"": 36, ""kalman_data"": {""altitude"": 0.4, ""vertical_velocity"": -0.29}, ""kalman_altitude"": 0.4, ""kalman_vertical_velocity"": -0.29, ""pyroDrogue"": 0, ""pyroMain"": 0, ""pyro1_state"": 0, ""pyro2_state"": 0}"
1764328736.331852,2025-11-28T14:18:56.331852,227,0,0,-0.75,-0.16,0.54,-46.9,-16.91,74.21,40.37,-43.93,0,0,0,23360,849,26.08,0.68,0,0,0,0,-83,0.42,-0.26,BEACON,"{""record_number"": 227, ""operation_mode"": 0, ""state"": 0, ""battery_voltage"": 0, ""wifi_rssi"": -83, ""acc_data"": {""ax"": -0.75, ""ay"": -0.16, ""az"": 0.54, ""pitch"": -46.9, ""roll"": -16.91}, ""gyro_data"": {""gx"": 74.21, ""gy"": 40.37, ""gz"": -43.93}, ""gps_data"": {""latitude"": 0, ""longitude"": 0, ""gps_altitude"": 0, ""time"": 23360}, ""alt_data"": {""pressure"": 849, ""temperature"": 26.08, ""AGL"": 0.68, ""velocity"": 0, ""kalman_altitude"": 0.42, ""kalman_vertical_velocity"": -0.26}, ""chute_state"": {""pyro1_state"": 0, ""pyro2_state"": 0}, ""connection_status"": {""connected"": true, ""has_ever_connected"": true, ""packet_age_ms"": 0, ""timeout_exceeded"": false, ""rssi"": -83}, ""communication_mode"": ""BEACON"", ""timestamp"": 85750, ""packets_received"": 37, ""kalman_data"": {""altitude"": 0.42, ""vertical_velocity"": -0.26}, ""kalman_altitude"": 0.42, ""kalman_vertical_velocity"": -0.26, ""pyroDrogue"": 0, ""pyroMain"": 0, ""pyro1_state"": 0, ""pyro2_state"": 0}"
1764328736.499197,2025-11-28T14:18:56.499197,228,0,0,-0.81,-0.23,0.52,-54.85,-22.43,4.91,98.41,-68.2,0,0,0,23360,849.02,26.09,0.53,0,0,0,0,-78,0.44,-0.26,BEACON,"{""record_number"": 228, ""operation_mode"": 0, ""state"": 0, ""battery_voltage"": 0, ""wifi_rssi"": -78, ""acc_data"": {""ax"": -0.81, ""ay"": -0.23, ""az"": 0.52, ""pitch"": -54.85, ""roll"": -22.43}, ""gyro_data"": {""gx"": 4.91, ""gy"": 98.41, ""gz"": -68.2}, ""gps_data"": {""latitude"": 0, ""longitude"": 0, ""gps_altitude"": 0, ""time"": 23360}, ""alt_data"": {""pressure"": 849.02, ""temperature"": 26.09, ""AGL"": 0.53, ""velocity"": 0, ""kalman_altitude"": 0.44, ""kalman_vertical_velocity"": -0.26}, ""chute_state"": {""pyro1_state"": 0, ""pyro2_state"": 0}, ""connection_status"": {""connected"": true, ""has_ever_connected"": true, ""packet_age_ms"": 0, ""timeout_exceeded"": false, ""rssi"": -78}, ""communication_mode"": ""BEACON"", ""timestamp"": 85863, ""packets_received"": 38, ""kalman_data"": {""altitude"": 0.44, ""vertical_velocity"": -0.26}, ""kalman_altitude"": 0.44, ""kalman_vertical_velocity"": -0.26, ""pyroDrogue"": 0, ""pyroMain"": 0, ""pyro1_state"": 0, ""pyro2_state"": 0}"
1764328736.672287,2025-11-28T14:18:56.672287,229,0,0,-0.9,-0.15,0.38,-63.04,-21.13,27.13,386.68,274.7,0,0,0,23561,849.07,26.1,0.04,0,0,0,0,-76,0.41,-0.33,BEACON,"{""record_number"": 229, ""operation_mode"": 0, ""state"": 0, ""battery_voltage"": 0, ""wifi_rssi"": -76, ""acc_data"": {""ax"": -0.9, ""ay"": -0.15, ""az"": 0.38, ""pitch"": -63.04, ""roll"": -21.13}, ""gyro_data"": {""gx"": 27.13, ""gy"": 386.68, ""gz"": 274.7}, ""gps_data"": {""latitude"": 0, ""longitude"": 0, ""gps_altitude"": 0, ""time"": 23561}, ""alt_data"": {""pressure"": 849.07, ""temperature"": 26.1, ""AGL"": 0.04, ""velocity"": 0, ""kalman_altitude"": 0.41, ""kalman_vertical_velocity"": -0.33}, ""chute_state"": {""pyro1_state"": 0, ""pyro2_state"": 0}, ""connection_status"": {""connected"": true, ""has_ever_connected"": true, ""packet_age_ms"": 0, ""timeout_exceeded"": false, ""rssi"": -76}, ""communication_mode"": ""BEACON"", ""timestamp"": 85974, ""packets_received"": 39, ""kalman_data"": {""altitude"": 0.41, ""vertical_velocity"": -0.33}, ""kalman_altitude"": 0.41, ""kalman_vertical_velocity"": -0.33, ""pyroDrogue"": 0, ""pyroMain"": 0, ""pyro1_state"": 0, ""pyro2_state"": 0}"
1764328736.743819,2025-11-28T14:18:56.743819,231,0,0,-0.86,0.19,0.2,-59.71,46.39,45.64,262.07,482.47,0,0,0,23561,848.96,26.08,1.15,0,0,0,0,-76,0.46,-0.25,BEACON,"{""record_number"": 231, ""operation_mode"": 0, ""state"": 0, ""battery_voltage"": 0, ""wifi_rssi"": -76, ""acc_data"": {""ax"": -0.86, ""ay"": 0.19, ""az"": 0.2, ""pitch"": -59.71, ""roll"": 46.39}, ""gyro_data"": {""gx"": 45.64, ""gy"": 262.07, ""gz"": 482.47}, ""gps_data"": {""latitude"": 0, ""longitude"": 0, ""gps_altitude"": 0, ""time"": 23561}, ""alt_data"": {""pressure"": 848.96, ""temperature"": 26.08, ""AGL"": 1.15, ""velocity"": 0, ""kalman_altitude"": 0.46, ""kalman_vertical_velocity"": -0.25}, ""chute_state"": {""pyro1_state"": 0, ""pyro2_state"": 0}, ""connection_status"": {""connected"": true, ""has_ever_connected"": true, ""packet_age_ms"": 1, ""timeout_exceeded"": false, ""rssi"": -76}, ""communication_mode"": ""BEACON"", ""timestamp"": 86087, ""packets_received"": 40, ""kalman_data"": {""altitude"": 0.46, ""vertical_velocity"": -0.25}, ""kalman_altitude"": 0.46, ""kalman_vertical_velocity"": -0.25, ""pyroDrogue"": 0, ""pyroMain"": 0, ""pyro1_state"": 0, ""pyro2_state"": 0}"
1764328736.902808,2025-11-28T14:18:56.902808,232,0,0,-0.71,0.33,0.2,-43.8,60.03,46.46,66.62,260.7,0,0,0,23767,848.96,26.09,1.14,0,0,0,0,-78,0.52,-0.19,BEACON,"{""record_number"": 232, ""operation_mode"": 0, ""state"": 0, ""battery_voltage"": 0, ""wifi_rssi"": -78, ""acc_data"": {""ax"": -0.71, ""ay"": 0.33, ""az"": 0.2, ""pitch"": -43.8, ""roll"": 60.03}, ""gyro_data"": {""gx"": 46.46, ""gy"": 66.62, ""gz"": 260.7}, ""gps_data"": {""latitude"": 0, ""longitude"": 0, ""gps_altitude"": 0, ""time"": 23767}, ""alt_data"": {""pressure"": 848.96, ""temperature"": 26.09, ""AGL"": 1.14, ""velocity"": 0, ""kalman_altitude"": 0.52, ""kalman_vertical_velocity"": -0.19}, ""chute_state"": {""pyro1_state"": 0, ""pyro2_state"": 0}, ""connection_status"": {""connected"": true, ""has_ever_connected"": true, ""packet_age_ms"": 0, ""timeout_exceeded"": false, ""rssi"": -78}, ""communication_mode"": ""BEACON"", ""timestamp"": 86199, ""packets_received"": 41, ""kalman_data"": {""altitude"": 0.52, ""vertical_velocity"": -0.19}, ""kalman_altitude"": 0.52, ""kalman_vertical_velocity"": -0.19, ""pyroDrogue"": 0, ""pyroMain"": 0, ""pyro1_state"": 0, ""pyro2_state"": 0}"
1764328737.015488,2025-11-28T14:18:57.015488,233,0,0,-0.69,0.4,0.09,-45.53,74.09,-46.77,-215.73,-353.29,0,0,0,23966,848.98,26.1,0.95,0,0,0,0,-78,0.55,-0.15,BEACON,"{""record_number"": 233, ""operation_mode"": 0, ""state"": 0, ""battery_voltage"": 0, ""wifi_rssi"": -78, ""acc_data"": {""ax"": -0.69, ""ay"": 0.4, ""az"": 0.09, ""pitch"": -45.53, ""roll"": 74.09}, ""gyro_data"": {""gx"": -46.77, ""gy"": -215.73, ""gz"": -353.29}, ""gps_data"": {""latitude"": 0, ""longitude"": 0, ""gps_altitude"": 0, ""time"": 23966}, ""alt_data"": {""pressure"": 848.98, ""temperature"": 26.1, ""AGL"": 0.95, ""velocity"": 0, ""kalman_altitude"": 0.55, ""kalman_vertical_velocity"": -0.15}, ""chute_state"": {""pyro1_state"": 0, ""pyro2_state"": 0}, ""connection_status"": {""connected"": true, ""has_ever_connected"": true, ""packet_age_ms"": 1, ""timeout_exceeded"": false, ""rssi"": -78}, ""communication_mode"": ""BEACON"", ""timestamp"": 86313, ""packets_received"": 42, ""kalman_data"": {""altitude"": 0.55, ""vertical_velocity"": -0.15}, ""kalman_altitude"": 0.55, ""kalman_vertical_velocity"": -0.15, ""pyroDrogue"": 0, ""pyroMain"": 0, ""pyro1_state"": 0, ""pyro2_state"": 0}"
1764328737.113084,2025-11-28T14:18:57.113084,235,0,0,-0.87,0.08,0.38,-58.09,10.48,-51.89,-158.41,-63.93,0,0,0,23966,849.03,26.1,0.41,0,0,0,0,-79,0.54,-0.19,BEACON,"{""record_number"": 235, ""operation_mode"": 0, ""state"": 0, ""battery_voltage"": 0, ""wifi_rssi"": -79, ""acc_data"": {""ax"": -0.87, ""ay"": 0.08, ""az"": 0.38, ""pitch"": -58.09, ""roll"": 10.48}, ""gyro_data"": {""gx"": -51.89, ""gy"": -158.41, ""gz"": -63.93}, ""gps_data"": {""latitude"": 0, ""longitude"": 0, ""gps_altitude"": 0, ""time"": 23966}, ""alt_data"": {""pressure"": 849.03, ""temperature"": 26.1, ""AGL"": 0.41, ""velocity"": 0, ""kalman_altitude"": 0.54, ""kalman_vertical_velocity"": -0.19}, ""chute_state"": {""pyro1_state"": 0, ""pyro2_state"": 0}, ""connection_status"": {""connected"": true, ""has_ever_connected"": true, ""packet_age_ms"": 0, ""timeout_exceeded"": false, ""rssi"": -79}, ""communication_mode"": ""BEACON"", ""timestamp"": 86423, ""packets_received"": 43, ""kalman_data"": {""altitude"": 0.54, ""vertical_velocity"": -0.19}, ""kalman_altitude"": 0.54, ""kalman_vertical_velocity"": -0.19, ""pyroDrogue"": 0, ""pyroMain"": 0, ""pyro1_state"": 0, ""pyro2_state"": 0}"
1764328737.220055,2025-11-28T14:18:57.220055,236,0,0,-0.76,0.04,0.36,-50.33,5.63,36.46,38.54,62.9,0,0,0,24167,849.04,26.1,0.3,0,0,0,0,-78,0.51,-0.27,BEACON,"{""record_number"": 236, ""operation_mode"": 0, ""state"": 0, ""battery_voltage"": 0, ""wifi_rssi"": -78, ""acc_data"": {""ax"": -0.76, ""ay"": 0.04, ""az"": 0.36, ""pitch"": -50.33, ""roll"": 5.63}, ""gyro_data"": {""gx"": 36.46, ""gy"": 38.54, ""gz"": 62.9}, ""gps_data"": {""latitude"": 0, ""longitude"": 0, ""gps_altitude"": 0, ""time"": 24167}, ""alt_data"": {""pressure"": 849.04, ""temperature"": 26.1, ""AGL"": 0.3, ""velocity"": 0, ""kalman_altitude"": 0.51, ""kalman_vertical_velocity"": -0.27}, ""chute_state"": {""pyro1_state"": 0, ""pyro2_state"": 0}, ""connection_status"": {""connected"": true, ""has_ever_connected"": true, ""packet_age_ms"": 0, ""timeout_exceeded"": false, ""rssi"": -78}, ""communication_mode"": ""BEACON"", ""timestamp"": 86535, ""packets_received"": 44, ""kalman_data"": {""altitude"": 0.51, ""vertical_velocity"": -0.27}, ""kalman_altitude"": 0.51, ""kalman_vertical_velocity"": -0.27, ""pyroDrogue"": 0, ""pyroMain"": 0, ""pyro1_state"": 0, ""pyro2_state"": 0}"
1764328738.119263,2025-11-28T14:18:58.119263,238,0,0,-0.89,0.25,0.24,-62.43,43,115.21,-118.38,146.71,0,0,0,24367,849.09,26.11,-0.19,0,0,0,0,-80,0.44,-0.42,BEACON,"{""record_number"": 238, ""operation_mode"": 0, ""state"": 0, ""battery_voltage"": 0, ""wifi_rssi"": -80, ""acc_data"": {""ax"": -0.89, ""ay"": 0.25, ""az"": 0.24, ""pitch"": -62.43, ""roll"": 43}, ""gyro_data"": {""gx"": 115.21, ""gy"": -118.38, ""gz"": 146.71}, ""gps_data"": {""latitude"": 0, ""longitude"": 0, ""gps_altitude"": 0, ""time"": 24367}, ""alt_data"": {""pressure"": 849.09, ""temperature"": 26.11, ""AGL"": -0.19, ""velocity"": 0, ""kalman_altitude"": 0.44, ""kalman_vertical_velocity"": -0.42}, ""chute_state"": {""pyro1_state"": 0, ""pyro2_state"": 0}, ""connection_status"": {""connected"": true, ""has_ever_connected"": true, ""packet_age_ms"": 1, ""timeout_exceeded"": false, ""rssi"": -80}, ""communication_mode"": ""BEACON"", ""timestamp"": 86760, ""packets_received"": 45, ""kalman_data"": {""altitude"": 0.44, ""vertical_velocity"": -0.42}, ""kalman_altitude"": 0.44, ""kalman_vertical_velocity"": -0.42, ""pyroDrogue"": 0, ""pyroMain"": 0, ""pyro1_state"": 0, ""pyro2_state"": 0}"
1764328738.260458,2025-11-28T14:18:58.260458,241,0,0,-0.61,0.23,0.32,-36.82,34.36,-237.13,49.91,148.41,0,0,0,24566,849.03,26.11,0.42,0,0,0,0,-78,0.4,-0.54,BEACON,"{""record_number"": 241, ""operation_mode"": 0, ""state"": 0, ""battery_voltage"": 0, ""wifi_rssi"": -78, ""acc_data"": {""ax"": -0.61, ""ay"": 0.23, ""az"": 0.32, ""pitch"": -36.82, ""roll"": 34.36}, ""gyro_data"": {""gx"": -237.13, ""gy"": 49.91, ""gz"": 148.41}, ""gps_data"": {""latitude"": 0, ""longitude"": 0, ""gps_altitude"": 0, ""time"": 24566}, ""alt_data"": {""pressure"": 849.03, ""temperature"": 26.11, ""AGL"": 0.42, ""velocity"": 0, ""kalman_altitude"": 0.4, ""kalman_vertical_velocity"": -0.54}, ""chute_state"": {""pyro1_state"": 0, ""pyro2_state"": 0}, ""connection_status"": {""connected"": true, ""has_ever_connected"": true, ""packet_age_ms"": 1, ""timeout_exceeded"": false, ""rssi"": -78}, ""communication_mode"": ""BEACON"", ""timestamp"": 86986, ""packets_received"": 46, ""kalman_data"": {""altitude"": 0.4, ""vertical_velocity"": -0.54}, ""kalman_altitude"": 0.4, ""kalman_vertical_velocity"": -0.54, ""pyroDrogue"": 0, ""pyroMain"": 0, ""pyro1_state"": 0, ""pyro2_state"": 0}"
1764328738.37346,2025-11-28T14:18:58.373460,242,0,0,-0.81,0.36,0.41,-55.58,42.09,-127.35,-37.56,-18.11,0,0,0,24566,849,26.11,0.72,0,0,0,0,-78,0.42,-0.51,BEACON,"{""record_number"": 242, ""operation_mode"": 0, ""state"": 0, ""battery_voltage"": 0, ""wifi_rssi"": -78, ""acc_data"": {""ax"": -0.81, ""ay"": 0.36, ""az"": 0.41, ""pitch"": -55.58, ""roll"": 42.09}, ""gyro_data"": {""gx"": -127.35, ""gy"": -37.56, ""gz"": -18.11}, ""gps_data"": {""latitude"": 0, ""longitude"": 0, ""gps_altitude"": 0, ""time"": 24566}, ""alt_data"": {""pressure"": 849, ""temperature"": 26.11, ""AGL"": 0.72, ""velocity"": 0, ""kalman_altitude"": 0.42, ""kalman_vertical_velocity"": -0.51}, ""chute_state"": {""pyro1_state"": 0, ""pyro2_state"": 0}, ""connection_status"": {""connected"": true, ""has_ever_connected"": true, ""packet_age_ms"": 0, ""timeout_exceeded"": false, ""rssi"": -78}, ""communication_mode"": ""BEACON"", ""timestamp"": 87096, ""packets_received"": 47, ""kalman_data"": {""altitude"": 0.42, ""vertical_velocity"": -0.51}, ""kalman_altitude"": 0.42, ""kalman_vertical_velocity"": -0.51, ""pyroDrogue"": 0, ""pyroMain"": 0, ""pyro1_state"": 0, ""pyro2_state"": 0}"
1764328738.473392,2025-11-28T14:18:58.473392,244,0,0,-0.6,0.39,0.52,-38.13,37.57,10.24,-30.64,86.19,0,0,0,24772,849.04,26.11,0.36,0,0,0,0,-82,0.42,-0.53,BEACON,"{""record_number"": 244, ""operation_mode"": 0, ""state"": 0, ""battery_voltage"": 0, ""wifi_rssi"": -82, ""acc_data"": {""ax"": -0.6, ""ay"": 0.39, ""az"": 0.52, ""pitch"": -38.13, ""roll"": 37.57}, ""gyro_data"": {""gx"": 10.24, ""gy"": -30.64, ""gz"": 86.19}, ""gps_data"": {""latitude"": 0, ""longitude"": 0, ""gps_altitude"": 0, ""time"": 24772}, ""alt_data"": {""pressure"": 849.04, ""temperature"": 26.11, ""AGL"": 0.36, ""velocity"": 0, ""kalman_altitude"": 0.42, ""kalman_vertical_velocity"": -0.53}, ""chute_state"": {""pyro1_state"": 0, ""pyro2_state"": 0}, ""connection_status"": {""connected"": true, ""has_ever_connected"": true, ""packet_age_ms"": 1, ""timeout_exceeded"": false, ""rssi"": -82}, ""communication_mode"": ""BEACON"", ""timestamp"": 87210, ""packets_received"": 48, ""kalman_data"": {""altitude"": 0.42, ""vertical_velocity"": -0.53}, ""kalman_altitude"": 0.42, ""kalman_vertical_velocity"": -0.53, ""pyroDrogue"": 0, ""pyroMain"": 0, ""pyro1_state"": 0, ""pyro2_state"": 0}"
1764328738.605335,2025-11-28T14:18:58.605335,246,0,0,-0.78,0.35,0.54,-50.77,32.85,22.47,-84.42,68.35,0,0,0,24972,849.02,26.12,0.48,0,0,0,0,-80,0.4,-0.59,BEACON,"{""record_number"": 246, ""operation_mode"": 0, ""state"": 0, ""battery_voltage"": 0, ""wifi_rssi"": -80, ""acc_data"": {""ax"": -0.78, ""ay"": 0.35, ""az"": 0.54, ""pitch"": -50.77, ""roll"": 32.85}, ""gyro_data"": {""gx"": 22.47, ""gy"": -84.42, ""gz"": 68.35}, ""gps_data"": {""latitude"": 0, ""longitude"": 0, ""gps_altitude"": 0, ""time"": 24972}, ""alt_data"": {""pressure"": 849.02, ""temperature"": 26.12, ""AGL"": 0.48, ""velocity"": 0, ""kalman_altitude"": 0.4, ""kalman_vertical_velocity"": -0.59}, ""chute_state"": {""pyro1_state"": 0, ""pyro2_state"": 0}, ""connection_status"": {""connected"": true, ""has_ever_connected"": true, ""packet_age_ms"": 0, ""timeout_exceeded"": false, ""rssi"": -80}, ""communication_mode"": ""BEACON"", ""timestamp"": 87433, ""packets_received"": 49, ""kalman_data"": {""altitude"": 0.4, ""vertical_velocity"": -0.59}, ""kalman_altitude"": 0.4, ""kalman_vertical_velocity"": -0.59, ""pyroDrogue"": 0, ""pyroMain"": 0, ""pyro1_state"": 0, ""pyro2_state"": 0}"
1764328738.714342,2025-11-28T14:18:58.714342,249,0,0,-0.65,0.51,0.44,-40.4,48.04,25,-1.34,7.68,0,0,0,25171,849.05,26.11,0.21,0,0,0,0,-79,0.39,-0.64,BEACON,"{""record_number"": 249, ""operation_mode"": 0, ""state"": 0, ""battery_voltage"": 0, ""wifi_rssi"": -79, ""acc_data"": {""ax"": -0.65, ""ay"": 0.51, ""az"": 0.44, ""pitch"": -40.4, ""roll"": 48.04}, ""gyro_data"": {""gx"": 25, ""gy"": -1.34, ""gz"": 7.68}, ""gps_data"": {""latitude"": 0, ""longitude"": 0, ""gps_altitude"": 0, ""time"": 25171}, ""alt_data"": {""pressure"": 849.05, ""temperature"": 26.11, ""AGL"": 0.21, ""velocity"": 0, ""kalman_altitude"": 0.39, ""kalman_vertical_velocity"": -0.64}, ""chute_state"": {""pyro1_state"": 0, ""pyro2_state"": 0}, ""connection_status"": {""connected"": true, ""has_ever_connected"": true, ""packet_age_ms"": 1, ""timeout_exceeded"": false, ""rssi"": -79}, ""communication_mode"": ""BEACON"", ""timestamp"": 87659, ""packets_received"": 50, ""kalman_data"": {""altitude"": 0.39, ""vertical_velocity"": -0.64}, ""kalman_altitude"": 0.39, ""kalman_vertical_velocity"": -0.64, ""pyroDrogue"": 0, ""pyroMain"": 0, ""pyro1_state"": 0, ""pyro2_state"": 0}"
1764328738.811262,2025-11-28T14:18:58.811262,250,0,0,-0.57,0.47,0.56,-35.33,40.63,-40,12.01,-19.33,0,0,0,25372,849,26.11,0.72,0,0,0,0,-80,0.42,-0.6,BEACON,"{""record_number"": 250, ""operation_mode"": 0, ""state"": 0, ""battery_voltage"": 0, ""wifi_rssi"": -80, ""acc_data"": {""ax"": -0.57, ""ay"": 0.47, ""az"": 0.56, ""pitch"": -35.33, ""roll"": 40.63}, ""gyro_data"": {""gx"": -40, ""gy"": 12.01, ""gz"": -19.33}, ""gps_data"": {""latitude"": 0, ""longitude"": 0, ""gps_altitude"": 0, ""time"": 25372}, ""alt_data"": {""pressure"": 849, ""temperature"": 26.11, ""AGL"": 0.72, ""velocity"": 0, ""kalman_altitude"": 0.42, ""kalman_vertical_velocity"": -0.6}, ""chute_state"": {""pyro1_state"": 0, ""pyro2_state"": 0}, ""connection_status"": {""connected"": true, ""has_ever_connected"": true, ""packet_age_ms"": 0, ""timeout_exceeded"": false, ""rssi"": -80}, ""communication_mode"": ""BEACON"", ""timestamp"": 87770, ""packets_received"": 51, ""kalman_data"": {""altitude"": 0.42, ""vertical_velocity"": -0.6}, ""kalman_altitude"": 0.42, ""kalman_vertical_velocity"": -0.6, ""pyroDrogue"": 0, ""pyroMain"": 0, ""pyro1_state"": 0, ""pyro2_state"": 0}"
1764328738.994266,2025-11-28T14:18:58.994266,256,0,0,-0.66,0.38,0.56,-40.99,35.12,-4.91,-3.26,-2.96,0,0,0,25776,849.04,26.11,0.31,0,0,0,0,-80,0.5,-0.49,BEACON,"{""record_number"": 256, ""operation_mode"": 0, ""state"": 0, ""battery_voltage"": 0, ""wifi_rssi"": -80, ""acc_data"": {""ax"": -0.66, ""ay"": 0.38, ""az"": 0.56, ""pitch"": -40.99, ""roll"": 35.12}, ""gyro_data"": {""gx"": -4.91, ""gy"": -3.26, ""gz"": -2.96}, ""gps_data"": {""latitude"": 0, ""longitude"": 0, ""gps_altitude"": 0, ""time"": 25776}, ""alt_data"": {""pressure"": 849.04, ""temperature"": 26.11, ""AGL"": 0.31, ""velocity"": 0, ""kalman_altitude"": 0.5, ""kalman_vertical_velocity"": -0.49}, ""chute_state"": {""pyro1_state"": 0, ""pyro2_state"": 0}, ""connection_status"": {""connected"": true, ""has_ever_connected"": true, ""packet_age_ms"": 0, ""timeout_exceeded"": false, ""rssi"": -80}, ""communication_mode"": ""BEACON"", ""timestamp"": 88219, ""packets_received"": 52, ""kalman_data"": {""altitude"": 0.5, ""vertical_velocity"": -0.49}, ""kalman_altitude"": 0.5, ""kalman_vertical_velocity"": -0.49, ""pyroDrogue"": 0, ""pyroMain"": 0, ""pyro1_state"": 0, ""pyro2_state"": 0}"
1764328739.173572,2025-11-28T14:18:59.173572,257,0,0,-0.68,0.42,0.52,-42.46,38.41,-14.85,-5.06,-2.62,0,0,0,25977,849.03,26.11,0.39,0,0,0,0,-81,0.49,-0.53,BEACON,"{""record_number"": 257, ""operation_mode"": 0, ""state"": 0, ""battery_voltage"": 0, ""wifi_rssi"": -81, ""acc_data"": {""ax"": -0.68, ""ay"": 0.42, ""az"": 0.52, ""pitch"": -42.46, ""roll"": 38.41}, ""gyro_data"": {""gx"": -14.85, ""gy"": -5.06, ""gz"": -2.62}, ""gps_data"": {""latitude"": 0, ""longitude"": 0, ""gps_altitude"": 0, ""time"": 25977}, ""alt_data"": {""pressure"": 849.03, ""temperature"": 26.11, ""AGL"": 0.39, ""velocity"": 0, ""kalman_altitude"": 0.49, ""kalman_vertical_velocity"": -0.53}, ""chute_state"": {""pyro1_state"": 0, ""pyro2_state"": 0}, ""connection_status"": {""connected"": true, ""has_ever_connected"": true, ""packet_age_ms"": 0, ""timeout_exceeded"": false, ""rssi"": -81}, ""communication_mode"": ""BEACON"", ""timestamp"": 88332, ""packets_received"": 53, ""kalman_data"": {""altitude"": 0.49, ""vertical_velocity"": -0.53}, ""kalman_altitude"": 0.49, ""kalman_vertical_velocity"": -0.53, ""pyroDrogue"": 0, ""pyroMain"": 0, ""pyro1_state"": 0, ""pyro2_state"": 0}"
1764328739.420252,2025-11-28T14:18:59.420252,259,0,0,-0.66,0.4,0.54,-41.93,35.38,-1.59,-6.71,-10.67,0,0,0,26177,849.02,26.1,0.55,0,0,0,0,-82,0.48,-0.57,BEACON,"{""record_number"": 259, ""operation_mode"": 0, ""state"": 0, ""battery_voltage"": 0, ""wifi_rssi"": -82, ""acc_data"": {""ax"": -0.66, ""ay"": 0.4, ""az"": 0.54, ""pitch"": -41.93, ""roll"": 35.38}, ""gyro_data"": {""gx"": -1.59, ""gy"": -6.71, ""gz"": -10.67}, ""gps_data"": {""latitude"": 0, ""longitude"": 0, ""gps_altitude"": 0, ""time"": 26177}, ""alt_data"": {""pressure"": 849.02, ""temperature"": 26.1, ""AGL"": 0.55, ""velocity"": 0, ""kalman_altitude"": 0.48, ""kalman_vertical_velocity"": -0.57}, ""chute_state"": {""pyro1_state"": 0, ""pyro2_state"": 0}, ""connection_status"": {""connected"": true, ""has_ever_connected"": true, ""packet_age_ms"": 0, ""timeout_exceeded"": false, ""rssi"": -82}, ""communication_mode"": ""BEACON"", ""timestamp"": 88557, ""packets_received"": 54, ""kalman_data"": {""altitude"": 0.48, ""vertical_velocity"": -0.57}, ""kalman_altitude"": 0.48, ""kalman_vertical_velocity"": -0.57, ""pyroDrogue"": 0, ""pyroMain"": 0, ""pyro1_state"": 0, ""pyro2_state"": 0}"
1764328739.584696,2025-11-28T14:18:59.584696,262,0,0,-0.67,0.41,0.54,-41.74,37.03,-9.54,-0.43,-0.79,0,0,0,26377,848.98,26.1,0.95,0,0,0,0,-82,0.47,-0.6,BEACON,"{""record_number"": 262, ""operation_mode"": 0, ""state"": 0, ""battery_voltage"": 0, ""wifi_rssi"": -82, ""acc_data"": {""ax"": -0.67, ""ay"": 0.41, ""az"": 0.54, ""pitch"": -41.74, ""roll"": 37.03}, ""gyro_data"": {""gx"": -9.54, ""gy"": -0.43, ""gz"": -0.79}, ""gps_data"": {""latitude"": 0, ""longitude"": 0, ""gps_altitude"": 0, ""time"": 26377}, ""alt_data"": {""pressure"": 848.98, ""temperature"": 26.1, ""AGL"": 0.95, ""velocity"": 0, ""kalman_altitude"": 0.47, ""kalman_vertical_velocity"": -0.6}, ""chute_state"": {""pyro1_state"": 0, ""pyro2_state"": 0}, ""connection_status"": {""connected"": true, ""has_ever_connected"": true, ""packet_age_ms"": 1, ""timeout_exceeded"": false, ""rssi"": -82}, ""communication_mode"": ""BEACON"", ""timestamp"": 88782, ""packets_received"": 55, ""kalman_data"": {""altitude"": 0.47, ""vertical_velocity"": -0.6}, ""kalman_altitude"": 0.47, ""kalman_vertical_velocity"": -0.6, ""pyroDrogue"": 0, ""pyroMain"": 0, ""pyro1_state"": 0, ""pyro2_state"": 0}"
1764328739.699135,2025-11-28T14:18:59.699135,263,0,0,-0.67,0.4,0.55,-42.04,35.5,-11.25,-7.9,0.15,0,0,0,26377,848.99,26.11,0.79,0,0,0,0,-81,0.5,-0.56,BEACON,"{""record_number"": 263, ""operation_mode"": 0, ""state"": 0, ""battery_voltage"": 0, ""wifi_rssi"": -81, ""acc_data"": {""ax"": -0.67, ""ay"": 0.4, ""az"": 0.55, ""pitch"": -42.04, ""roll"": 35.5}, ""gyro_data"": {""gx"": -11.25, ""gy"": -7.9, ""gz"": 0.15}, ""gps_data"": {""latitude"": 0, ""longitude"": 0, ""gps_altitude"": 0, ""time"": 26377}, ""alt_data"": {""pressure"": 848.99, ""temperature"": 26.11, ""AGL"": 0.79, ""velocity"": 0, ""kalman_altitude"": 0.5, ""kalman_vertical_velocity"": -0.56}, ""chute_state"": {""pyro1_state"": 0, ""pyro2_state"": 0}, ""connection_status"": {""connected"": true, ""has_ever_connected"": true, ""packet_age_ms"": 1, ""timeout_exceeded"": false, ""rssi"": -81}, ""communication_mode"": ""BEACON"", ""timestamp"": 88894, ""packets_received"": 56, ""kalman_data"": {""altitude"": 0.5, ""vertical_velocity"": -0.56}, ""kalman_altitude"": 0.5, ""kalman_vertical_velocity"": -0.56, ""pyroDrogue"": 0, ""pyroMain"": 0, ""pyro1_state"": 0, ""pyro2_state"": 0}"
1764328739.878473,2025-11-28T14:18:59.878473,265,0,0,-0.68,0.4,0.54,-42.49,36.17,-5.76,-5.06,-0.61,0,0,0,26577,849.01,26.1,0.58,0,0,0,0,-82,0.51,-0.56,BEACON,"{""record_number"": 265, ""operation_mode"": 0, ""state"": 0, ""battery_voltage"": 0, ""wifi_rssi"": -82, ""acc_data"": {""ax"": -0.68, ""ay"": 0.4, ""az"": 0.54, ""pitch"": -42.49, ""roll"": 36.17}, ""gyro_data"": {""gx"": -5.76, ""gy"": -5.06, ""gz"": -0.61}, ""gps_data"": {""latitude"": 0, ""longitude"": 0, ""gps_altitude"": 0, ""time"": 26577}, ""alt_data"": {""pressure"": 849.01, ""temperature"": 26.1, ""AGL"": 0.58, ""velocity"": 0, ""kalman_altitude"": 0.51, ""kalman_vertical_velocity"": -0.56}, ""chute_state"": {""pyro1_state"": 0, ""pyro2_state"": 0}, ""connection_status"": {""connected"": true, ""has_ever_connected"": true, ""packet_age_ms"": 0, ""timeout_exceeded"": false, ""rssi"": -82}, ""communication_mode"": ""BEACON"", ""timestamp"": 89005, ""packets_received"": 57, ""kalman_data"": {""altitude"": 0.51, ""vertical_velocity"": -0.56}, ""kalman_altitude"": 0.51, ""kalman_vertical_velocity"": -0.56, ""pyroDrogue"": 0, ""pyroMain"": 0, ""pyro1_state"": 0, ""pyro2_state"": 0}"
1764328739.994473,2025-11-28T14:18:59.994473,266,0,0,-0.67,0.39,0.55,-41.89,34.88,-12.16,-11.34,-11.25,0,0,0,26577,849.02,26.11,0.57,0,0,0,0,-81,0.48,-0.62,BEACON,"{""record_number"": 266, ""operation_mode"": 0, ""state"": 0, ""battery_voltage"": 0, ""wifi_rssi"": -81, ""acc_data"": {""ax"": -0.67, ""ay"": 0.39, ""az"": 0.55, ""pitch"": -41.89, ""roll"": 34.88}, ""gyro_data"": {""gx"": -12.16, ""gy"": -11.34, ""gz"": -11.25}, ""gps_data"": {""latitude"": 0, ""longitude"": 0, ""gps_altitude"": 0, ""time"": 26577}, ""alt_data"": {""pressure"": 849.02, ""temperature"": 26.11, ""AGL"": 0.57, ""velocity"": 0, ""kalman_altitude"": 0.48, ""kalman_vertical_velocity"": -0.62}, ""chute_state"": {""pyro1_state"": 0, ""pyro2_state"": 0}, ""connection_status"": {""connected"": true, ""has_ever_connected"": true, ""packet_age_ms"": 1, ""timeout_exceeded"": false, ""rssi"": -81}, ""communication_mode"": ""BEACON"", ""timestamp"": 89121, ""packets_received"": 58, ""kalman_data"": {""altitude"": 0.48, ""vertical_velocity"": -0.62}, ""kalman_altitude"": 0.48, ""kalman_vertical_velocity"": -0.62, ""pyroDrogue"": 0, ""pyroMain"": 0, ""pyro1_state"": 0, ""pyro2_state"": 0}"
1764328740.159472,2025-11-28T14:19:00.159472,269,0,0,-0.67,0.39,0.56,-41.33,35.21,-11.71,-8.69,-6.22,0,0,0,26983,849,26.1,0.76,0,0,0,0,-80,0.55,-0.53,BEACON,"{""record_number"": 269, ""operation_mode"": 0, ""state"": 0, ""battery_voltage"": 0, ""wifi_rssi"": -80, ""acc_data"": {""ax"": -0.67, ""ay"": 0.39, ""az"": 0.56, ""pitch"": -41.33, ""roll"": 35.21}, ""gyro_data"": {""gx"": -11.71, ""gy"": -8.69, ""gz"": -6.22}, ""gps_data"": {""latitude"": 0, ""longitude"": 0, ""gps_altitude"": 0, ""time"": 26983}, ""alt_data"": {""pressure"": 849, ""temperature"": 26.1, ""AGL"": 0.76, ""velocity"": 0, ""kalman_altitude"": 0.55, ""kalman_vertical_velocity"": -0.53}, ""chute_state"": {""pyro1_state"": 0, ""pyro2_state"": 0}, ""connection_status"": {""connected"": true, ""has_ever_connected"": true, ""packet_age_ms"": 0, ""timeout_exceeded"": false, ""rssi"": -80}, ""communication_mode"": ""BEACON"", ""timestamp"": 89350, ""packets_received"": 59, ""kalman_data"": {""altitude"": 0.55, ""vertical_velocity"": -0.53}, ""kalman_altitude"": 0.55, ""kalman_vertical_velocity"": -0.53, ""pyroDrogue"": 0, ""pyroMain"": 0, ""pyro1_state"": 0, ""pyro2_state"": 0}"
1764328740.323421,2025-11-28T14:19:00.323421,270,0,0,-0.67,0.41,0.55,-41.29,35.89,-7.1,-4.63,-3.63,0,0,0,26983,849.05,26.11,0.18,0,0,0,0,-81,0.51,-0.61,BEACON,"{""record_number"": 270, ""operation_mode"": 0, ""state"": 0, ""battery_voltage"": 0, ""wifi_rssi"": -81, ""acc_data"": {""ax"": -0.67, ""ay"": 0.41, ""az"": 0.55, ""pitch"": -41.29, ""roll"": 35.89}, ""gyro_data"": {""gx"": -7.1, ""gy"": -4.63, ""gz"": -3.63}, ""gps_data"": {""latitude"": 0, ""longitude"": 0, ""gps_altitude"": 0, ""time"": 26983}, ""alt_data"": {""pressure"": 849.05, ""temperature"": 26.11, ""AGL"": 0.18, ""velocity"": 0, ""kalman_altitude"": 0.51, ""kalman_vertical_velocity"": -0.61}, ""chute_state"": {""pyro1_state"": 0, ""pyro2_state"": 0}, ""connection_status"": {""connected"": true, ""has_ever_connected"": true, ""packet_age_ms"": 1, ""timeout_exceeded"": false, ""rssi"": -81}, ""communication_mode"": ""BEACON"", ""timestamp"": 89458, ""packets_received"": 60, ""kalman_data"": {""altitude"": 0.51, ""vertical_velocity"": -0.61}, ""kalman_altitude"": 0.51, ""kalman_vertical_velocity"": -0.61, ""pyroDrogue"": 0, ""pyroMain"": 0, ""pyro1_state"": 0, ""pyro2_state"": 0}"
1764328740.429299,2025-11-28T14:19:00.429299,271,0,0,-0.66,0.39,0.55,-41.74,35.16,-8.26,-5.43,-5.4,0,0,0,27183,849.08,26.11,-0.07,0,0,0,0,-81,0.44,-0.73,BEACON,"{""record_number"": 271, ""operation_mode"": 0, ""state"": 0, ""battery_voltage"": 0, ""wifi_rssi"": -81, ""acc_data"": {""ax"": -0.66, ""ay"": 0.39, ""az"": 0.55, ""pitch"": -41.74, ""roll"": 35.16}, ""gyro_data"": {""gx"": -8.26, ""gy"": -5.43, ""gz"": -5.4}, ""gps_data"": {""latitude"": 0, ""longitude"": 0, ""gps_altitude"": 0, ""time"": 27183}, ""alt_data"": {""pressure"": 849.08, ""temperature"": 26.11, ""AGL"": -0.07, ""velocity"": 0, ""kalman_altitude"": 0.44, ""kalman_vertical_velocity"": -0.73}, ""chute_state"": {""pyro1_state"": 0, ""pyro2_state"": 0}, ""connection_status"": {""connected"": true, ""has_ever_connected"": true, ""packet_age_ms"": 1, ""timeout_exceeded"": false, ""rssi"": -81}, ""communication_mode"": ""BEACON"", ""timestamp"": 89571, ""packets_received"": 61, ""kalman_data"": {""altitude"": 0.44, ""vertical_velocity"": -0.73}, ""kalman_altitude"": 0.44, ""kalman_vertical_velocity"": -0.73, ""pyroDrogue"": 0, ""pyroMain"": 0, ""pyro1_state"": 0, ""pyro2_state"": 0}"
1764328740.623295,2025-11-28T14:19:00.623295,273,0,0,-0.66,0.39,0.56,-41.25,34.97,-8.41,-3.11,-5.46,0,0,0,27183,849.03,26.11,0.47,0,0,0,0,-80,0.44,-0.73,BEACON,"{""record_number"": 273, ""operation_mode"": 0, ""state"": 0, ""battery_voltage"": 0, ""wifi_rssi"": -80, ""acc_data"": {""ax"": -0.66, ""ay"": 0.39, ""az"": 0.56, ""pitch"": -41.25, ""roll"": 34.97}, ""gyro_data"": {""gx"": -8.41, ""gy"": -3.11, ""gz"": -5.46}, ""gps_data"": {""latitude"": 0, ""longitude"": 0, ""gps_altitude"": 0, ""time"": 27183}, ""alt_data"": {""pressure"": 849.03, ""temperature"": 26.11, ""AGL"": 0.47, ""velocity"": 0, ""kalman_altitude"": 0.44, ""kalman_vertical_velocity"": -0.73}, ""chute_state"": {""pyro1_state"": 0, ""pyro2_state"": 0}, ""connection_status"": {""connected"": true, ""has_ever_connected"": true, ""packet_age_ms"": 1, ""timeout_exceeded"": false, ""rssi"": -80}, ""communication_mode"": ""BEACON"", ""timestamp"": 89683, ""packets_received"": 62, ""kalman_data"": {""altitude"": 0.44, ""vertical_velocity"": -0.73}, ""kalman_altitude"": 0.44, ""kalman_vertical_velocity"": -0.73, ""pyroDrogue"": 0, ""pyroMain"": 0, ""pyro1_state"": 0, ""pyro2_state"": 0}"
1764328741.069987,2025-11-28T14:19:01.069987,274,0,0,-0.67,0.4,0.54,-41.89,36.05,-10.34,-4.36,-6.46,0,0,0,27382,848.97,26.1,1.01,0,0,0,0,-82,0.56,-0.57,BEACON,"{""record_number"": 274, ""operation_mode"": 0, ""state"": 0, ""battery_voltage"": 0, ""wifi_rssi"": -82, ""acc_data"": {""ax"": -0.67, ""ay"": 0.4, ""az"": 0.54, ""pitch"": -41.89, ""roll"": 36.05}, ""gyro_data"": {""gx"": -10.34, ""gy"": -4.36, ""gz"": -6.46}, ""gps_data"": {""latitude"": 0, ""longitude"": 0, ""gps_altitude"": 0, ""time"": 27382}, ""alt_data"": {""pressure"": 848.97, ""temperature"": 26.1, ""AGL"": 1.01, ""velocity"": 0, ""kalman_altitude"": 0.56, ""kalman_vertical_velocity"": -0.57}, ""chute_state"": {""pyro1_state"": 0, ""pyro2_state"": 0}, ""connection_status"": {""connected"": true, ""has_ever_connected"": true, ""packet_age_ms"": 1, ""timeout_exceeded"": false, ""rssi"": -82}, ""communication_mode"": ""BEACON"", ""timestamp"": 89795, ""packets_received"": 63, ""kalman_data"": {""altitude"": 0.56, ""vertical_velocity"": -0.57}, ""kalman_altitude"": 0.56, ""kalman_vertical_velocity"": -0.57, ""pyroDrogue"": 0, ""pyroMain"": 0, ""pyro1_state"": 0, ""pyro2_state"": 0}"
1764328741.339205,2025-11-28T14:19:01.339205,277,0,0,-0.66,0.38,0.58,-41.29,33.55,-9.57,0.15,-7.47,0,0,0,27583,848.97,26.1,1.05,0,0,0,0,-77,0.6,-0.52,BEACON,"{""record_number"": 277, ""operation_mode"": 0, ""state"": 0, ""battery_voltage"": 0, ""wifi_rssi"": -77, ""acc_data"": {""ax"": -0.66, ""ay"": 0.38, ""az"": 0.58, ""pitch"": -41.29, ""roll"": 33.55}, ""gyro_data"": {""gx"": -9.57, ""gy"": 0.15, ""gz"": -7.47}, ""gps_data"": {""latitude"": 0, ""longitude"": 0, ""gps_altitude"": 0, ""time"": 27583}, ""alt_data"": {""pressure"": 848.97, ""temperature"": 26.1, ""AGL"": 1.05, ""velocity"": 0, ""kalman_altitude"": 0.6, ""kalman_vertical_velocity"": -0.52}, ""chute_state"": {""pyro1_state"": 0, ""pyro2_state"": 0}, ""connection_status"": {""connected"": true, ""has_ever_connected"": true, ""packet_age_ms"": 1, ""timeout_exceeded"": false, ""rssi"": -77}, ""communication_mode"": ""BEACON"", ""timestamp"": 90019, ""packets_received"": 64, ""kalman_data"": {""altitude"": 0.6, ""vertical_velocity"": -0.52}, ""kalman_altitude"": 0.6, ""kalman_vertical_velocity"": -0.52, ""pyroDrogue"": 0, ""pyroMain"": 0, ""pyro1_state"": 0, ""pyro2_state"": 0}"
1764328741.461112,2025-11-28T14:19:01.461112,281,0,0,-0.67,0.38,0.57,-41.67,33.93,-7.99,-9.05,-7.96,0,0,0,27988,849.05,26.1,0.22,0,0,0,0,-83,0.5,-0.72,BEACON,"{""record_number"": 281, ""operation_mode"": 0, ""state"": 0, ""battery_voltage"": 0, ""wifi_rssi"": -83, ""acc_data"": {""ax"": -0.67, ""ay"": 0.38, ""az"": 0.57, ""pitch"": -41.67, ""roll"": 33.93}, ""gyro_data"": {""gx"": -7.99, ""gy"": -9.05, ""gz"": -7.96}, ""gps_data"": {""latitude"": 0, ""longitude"": 0, ""gps_altitude"": 0, ""time"": 27988}, ""alt_data"": {""pressure"": 849.05, ""temperature"": 26.1, ""AGL"": 0.22, ""velocity"": 0, ""kalman_altitude"": 0.5, ""kalman_vertical_velocity"": -0.72}, ""chute_state"": {""pyro1_state"": 0, ""pyro2_state"": 0}, ""connection_status"": {""connected"": true, ""has_ever_connected"": true, ""packet_age_ms"": 0, ""timeout_exceeded"": false, ""rssi"": -83}, ""communication_mode"": ""BEACON"", ""timestamp"": 90356, ""packets_received"": 65, ""kalman_data"": {""altitude"": 0.5, ""vertical_velocity"": -0.72}, ""kalman_altitude"": 0.5, ""kalman_vertical_velocity"": -0.72, ""pyroDrogue"": 0, ""pyroMain"": 0, ""pyro1_state"": 0, ""pyro2_state"": 0}"
1764328741.612114,2025-11-28T14:19:01.612114,282,0,0,-0.67,0.39,0.56,-42.08,34.96,-1.74,-8.81,-6.68,0,0,0,27988,849.04,26.12,0.34,0,0,0,0,-84,0.49,-0.75,BEACON,"{""record_number"": 282, ""operation_mode"": 0, ""state"": 0, ""battery_voltage"": 0, ""wifi_rssi"": -84, ""acc_data"": {""ax"": -0.67, ""ay"": 0.39, ""az"": 0.56, ""pitch"": -42.08, ""roll"": 34.96}, ""gyro_data"": {""gx"": -1.74, ""gy"": -8.81, ""gz"": -6.68}, ""gps_data"": {""latitude"": 0, ""longitude"": 0, ""gps_altitude"": 0, ""time"": 27988}, ""alt_data"": {""pressure"": 849.04, ""temperature"": 26.12, ""AGL"": 0.34, ""velocity"": 0, ""kalman_altitude"": 0.49, ""kalman_vertical_velocity"": -0.75}, ""chute_state"": {""pyro1_state"": 0, ""pyro2_state"": 0}, ""connection_status"": {""connected"": true, ""has_ever_connected"": true, ""packet_age_ms"": 0, ""timeout_exceeded"": false, ""rssi"": -84}, ""communication_mode"": ""BEACON"", ""timestamp"": 90471, ""packets_received"": 66, ""kalman_data"": {""altitude"": 0.49, ""vertical_velocity"": -0.75}, ""kalman_altitude"": 0.49, ""kalman_vertical_velocity"": -0.75, ""pyroDrogue"": 0, ""pyroMain"": 0, ""pyro1_state"": 0, ""pyro2_state"": 0}"
1764328741.745561,2025-11-28T14:19:01.745561,283,0,0,-0.65,0.39,0.56,-40.7,35.49,-5.24,-2.26,-3.11,0,0,0,28188,849.02,26.1,0.51,0,0,0,0,-86,0.49,-0.76,BEACON,"{""record_number"": 283, ""operation_mode"": 0, ""state"": 0, ""battery_voltage"": 0, ""wifi_rssi"": -86, ""acc_data"": {""ax"": -0.65, ""ay"": 0.39, ""az"": 0.56, ""pitch"": -40.7, ""roll"": 35.49}, ""gyro_data"": {""gx"": -5.24, ""gy"": -2.26, ""gz"": -3.11}, ""gps_data"": {""latitude"": 0, ""longitude"": 0, ""gps_altitude"": 0, ""time"": 28188}, ""alt_data"": {""pressure"": 849.02, ""temperature"": 26.1, ""AGL"": 0.51, ""velocity"": 0, ""kalman_altitude"": 0.49, ""kalman_vertical_velocity"": -0.76}, ""chute_state"": {""pyro1_state"": 0, ""pyro2_state"": 0}, ""connection_status"": {""connected"": true, ""has_ever_connected"": true, ""packet_age_ms"": 1, ""timeout_exceeded"": false, ""rssi"": -86}, ""communication_mode"": ""BEACON"", ""timestamp"": 90581, ""packets_received"": 67, ""kalman_data"": {""altitude"": 0.49, ""vertical_velocity"": -0.76}, ""kalman_altitude"": 0.49, ""kalman_vertical_velocity"": -0.76, ""pyroDrogue"": 0, ""pyroMain"": 0, ""pyro1_state"": 0, ""pyro2_state"": 0}"
1764328741.82856,2025-11-28T14:19:01.828560,285,0,0,-0.67,0.39,0.55,-42.27,34.47,-12.93,-9.24,-7.29,0,0,0,28188,849.04,26.11,0.32,0,0,0,0,-82,0.46,-0.8,BEACON,"{""record_number"": 285, ""operation_mode"": 0, ""state"": 0, ""battery_voltage"": 0, ""wifi_rssi"": -82, ""acc_data"": {""ax"": -0.67, ""ay"": 0.39, ""az"": 0.55, ""pitch"": -42.27, ""roll"": 34.47}, ""gyro_data"": {""gx"": -12.93, ""gy"": -9.24, ""gz"": -7.29}, ""gps_data"": {""latitude"": 0, ""longitude"": 0, ""gps_altitude"": 0, ""time"": 28188}, ""alt_data"": {""pressure"": 849.04, ""temperature"": 26.11, ""AGL"": 0.32, ""velocity"": 0, ""kalman_altitude"": 0.46, ""kalman_vertical_velocity"": -0.8}, ""chute_state"": {""pyro1_state"": 0, ""pyro2_state"": 0}, ""connection_status"": {""connected"": true, ""has_ever_connected"": true, ""packet_age_ms"": 0, ""timeout_exceeded"": false, ""rssi"": -82}, ""communication_mode"": ""BEACON"", ""timestamp"": 90692, ""packets_received"": 68, ""kalman_data"": {""altitude"": 0.46, ""vertical_velocity"": -0.8}, ""kalman_altitude"": 0.46, ""kalman_vertical_velocity"": -0.8, ""pyroDrogue"": 0, ""pyroMain"": 0, ""pyro1_state"": 0, ""pyro2_state"": 0}"
1764328742.039913,2025-11-28T14:19:02.039913,286,0,0,-0.67,0.39,0.56,-42.19,34.04,-5.09,-6.95,-3.45,0,0,0,28387,849.02,26.11,0.49,0,0,0,0,-83,0.47,-0.8,BEACON,"{""record_number"": 286, ""operation_mode"": 0, ""state"": 0, ""battery_voltage"": 0, ""wifi_rssi"": -83, ""acc_data"": {""ax"": -0.67, ""ay"": 0.39, ""az"": 0.56, ""pitch"": -42.19, ""roll"": 34.04}, ""gyro_data"": {""gx"": -5.09, ""gy"": -6.95, ""gz"": -3.45}, ""gps_data"": {""latitude"": 0, ""longitude"": 0, ""gps_altitude"": 0, ""time"": 28387}, ""alt_data"": {""pressure"": 849.02, ""temperature"": 26.11, ""AGL"": 0.49, ""velocity"": 0, ""kalman_altitude"": 0.47, ""kalman_vertical_velocity"": -0.8}, ""chute_state"": {""pyro1_state"": 0, ""pyro2_state"": 0}, ""connection_status"": {""connected"": true, ""has_ever_connected"": true, ""packet_age_ms"": 0, ""timeout_exceeded"": false, ""rssi"": -83}, ""communication_mode"": ""BEACON"", ""timestamp"": 90804, ""packets_received"": 69, ""kalman_data"": {""altitude"": 0.47, ""vertical_velocity"": -0.8}, ""kalman_altitude"": 0.47, ""kalman_vertical_velocity"": -0.8, ""pyroDrogue"": 0, ""pyroMain"": 0, ""pyro1_state"": 0, ""pyro2_state"": 0}"
1764328742.225804,2025-11-28T14:19:02.225804,287,0,0,-0.65,0.38,0.56,-41.33,33.72,-12.44,-6.28,-8.99,0,0,0,28387,848.95,26.11,1.18,0,0,0,0,-79,0.56,-0.68,BEACON,"{""record_number"": 287, ""operation_mode"": 0, ""state"": 0, ""battery_voltage"": 0, ""wifi_rssi"": -79, ""acc_data"": {""ax"": -0.65, ""ay"": 0.38, ""az"": 0.56, ""pitch"": -41.33, ""roll"": 33.72}, ""gyro_data"": {""gx"": -12.44, ""gy"": -6.28, ""gz"": -8.99}, ""gps_data"": {""latitude"": 0, ""longitude"": 0, ""gps_altitude"": 0, ""time"": 28387}, ""alt_data"": {""pressure"": 848.95, ""temperature"": 26.11, ""AGL"": 1.18, ""velocity"": 0, ""kalman_altitude"": 0.56, ""kalman_vertical_velocity"": -0.68}, ""chute_state"": {""pyro1_state"": 0, ""pyro2_state"": 0}, ""connection_status"": {""connected"": true, ""has_ever_connected"": true, ""packet_age_ms"": 0, ""timeout_exceeded"": false, ""rssi"": -79}, ""communication_mode"": ""BEACON"", ""timestamp"": 90917, ""packets_received"": 70, ""kalman_data"": {""altitude"": 0.56, ""vertical_velocity"": -0.68}, ""kalman_altitude"": 0.56, ""kalman_vertical_velocity"": -0.68, ""pyroDrogue"": 0, ""pyroMain"": 0, ""pyro1_state"": 0, ""pyro2_state"": 0}"
1764328742.312331,2025-11-28T14:19:02.312331,288,0,0,-0.65,0.39,0.55,-40.44,34.36,-0.18,12.38,-10.34,0,0,0,28588,848.96,26.11,1.1,0,0,0,0,-86,0.63,-0.58,BEACON,"{""record_number"": 288, ""operation_mode"": 0, ""state"": 0, ""battery_voltage"": 0, ""wifi_rssi"": -86, ""acc_data"": {""ax"": -0.65, ""ay"": 0.39, ""az"": 0.55, ""pitch"": -40.44, ""roll"": 34.36}, ""gyro_data"": {""gx"": -0.18, ""gy"": 12.38, ""gz"": -10.34}, ""gps_data"": {""latitude"": 0, ""longitude"": 0, ""gps_altitude"": 0, ""time"": 28588}, ""alt_data"": {""pressure"": 848.96, ""temperature"": 26.11, ""AGL"": 1.1, ""velocity"": 0, ""kalman_altitude"": 0.63, ""kalman_vertical_velocity"": -0.58}, ""chute_state"": {""pyro1_state"": 0, ""pyro2_state"": 0}, ""connection_status"": {""connected"": true, ""has_ever_connected"": true, ""packet_age_ms"": 0, ""timeout_exceeded"": false, ""rssi"": -86}, ""communication_mode"": ""BEACON"", ""timestamp"": 91032, ""packets_received"": 71, ""kalman_data"": {""altitude"": 0.63, ""vertical_velocity"": -0.58}, ""kalman_altitude"": 0.63, ""kalman_vertical_velocity"": -0.58, ""pyroDrogue"": 0, ""pyroMain"": 0, ""pyro1_state"": 0, ""pyro2_state"": 0}"
1764328742.393331,2025-11-28T14:19:02.393331,298,0,0,-0.7,-0.12,0.41,-45.73,-19.7,56.13,229.39,-497.29,0,0,0,29394,849.04,26.13,0.37,0,0,0,0,-91,0.56,-0.78,BEACON,"{""record_number"": 298, ""operation_mode"": 0, ""state"": 0, ""battery_voltage"": 0, ""wifi_rssi"": -91, ""acc_data"": {""ax"": -0.7, ""ay"": -0.12, ""az"": 0.41, ""pitch"": -45.73, ""roll"": -19.7}, ""gyro_data"": {""gx"": 56.13, ""gy"": 229.39, ""gz"": -497.29}, ""gps_data"": {""latitude"": 0, ""longitude"": 0, ""gps_altitude"": 0, ""time"": 29394}, ""alt_data"": {""pressure"": 849.04, ""temperature"": 26.13, ""AGL"": 0.37, ""velocity"": 0, ""kalman_altitude"": 0.56, ""kalman_vertical_velocity"": -0.78}, ""chute_state"": {""pyro1_state"": 0, ""pyro2_state"": 0}, ""connection_status"": {""connected"": true, ""has_ever_connected"": true, ""packet_age_ms"": 1, ""timeout_exceeded"": false, ""rssi"": -91}, ""communication_mode"": ""BEACON"", ""timestamp"": 91814, ""packets_received"": 72, ""kalman_data"": {""altitude"": 0.56, ""vertical_velocity"": -0.78}, ""kalman_altitude"": 0.56, ""kalman_vertical_velocity"": -0.78, ""pyroDrogue"": 0, ""pyroMain"": 0, ""pyro1_state"": 0, ""pyro2_state"": 0}"
1764328742.503808,2025-11-28T14:19:02.503808,300,0,0,-1.16,-0.31,0.24,-82.65,-49.2,-193.75,-97.01,-150,0,0,0,29594,849.02,26.13,0.5,0,0,0,0,-87,0.52,-0.88,BEACON,"{""record_number"": 300, ""operation_mode"": 0, ""state"": 0, ""battery_voltage"": 0, ""wifi_rssi"": -87, ""acc_data"": {""ax"": -1.16, ""ay"": -0.31, ""az"": 0.24, ""pitch"": -82.65, ""roll"": -49.2}, ""gyro_data"": {""gx"": -193.75, ""gy"": -97.01, ""gz"": -150}, ""gps_data"": {""latitude"": 0, ""longitude"": 0, ""gps_altitude"": 0, ""time"": 29594}, ""alt_data"": {""pressure"": 849.02, ""temperature"": 26.13, ""AGL"": 0.5, ""velocity"": 0, ""kalman_altitude"": 0.52, ""kalman_vertical_velocity"": -0.88}, ""chute_state"": {""pyro1_state"": 0, ""pyro2_state"": 0}, ""connection_status"": {""connected"": true, ""has_ever_connected"": true, ""packet_age_ms"": 0, ""timeout_exceeded"": false, ""rssi"": -87}, ""communication_mode"": ""BEACON"", ""timestamp"": 92040, ""packets_received"": 73, ""kalman_data"": {""altitude"": 0.52, ""vertical_velocity"": -0.88}, ""kalman_altitude"": 0.52, ""kalman_vertical_velocity"": -0.88, ""pyroDrogue"": 0, ""pyroMain"": 0, ""pyro1_state"": 0, ""pyro2_state"": 0}"
1764328742.606099,2025-11-28T14:19:02.606099,305,0,0,-0.62,-0.15,0.24,-38.48,-33.26,-20.49,-153.51,4.79,0,0,0,29998,849.01,26.13,0.62,0,0,0,0,-91,0.5,-0.98,BEACON,"{""record_number"": 305, ""operation_mode"": 0, ""state"": 0, ""battery_voltage"": 0, ""wifi_rssi"": -91, ""acc_data"": {""ax"": -0.62, ""ay"": -0.15, ""az"": 0.24, ""pitch"": -38.48, ""roll"": -33.26}, ""gyro_data"": {""gx"": -20.49, ""gy"": -153.51, ""gz"": 4.79}, ""gps_data"": {""latitude"": 0, ""longitude"": 0, ""gps_altitude"": 0, ""time"": 29998}, ""alt_data"": {""pressure"": 849.01, ""temperature"": 26.13, ""AGL"": 0.62, ""velocity"": 0, ""kalman_altitude"": 0.5, ""kalman_vertical_velocity"": -0.98}, ""chute_state"": {""pyro1_state"": 0, ""pyro2_state"": 0}, ""connection_status"": {""connected"": true, ""has_ever_connected"": true, ""packet_age_ms"": 0, ""timeout_exceeded"": false, ""rssi"": -91}, ""communication_mode"": ""BEACON"", ""timestamp"": 92488, ""packets_received"": 74, ""kalman_data"": {""altitude"": 0.5, ""vertical_velocity"": -0.98}, ""kalman_altitude"": 0.5, ""kalman_vertical_velocity"": -0.98, ""pyroDrogue"": 0, ""pyroMain"": 0, ""pyro1_state"": 0, ""pyro2_state"": 0}"
1764328742.781101,2025-11-28T14:19:02.781101,307,0,0,-0.88,-0.13,0.38,-60.55,-19.31,-25,-101.52,-69.27,0,0,0,30197,849.07,26.13,0.04,0,0,0,0,-90,0.35,-1.21,BEACON,"{""record_number"": 307, ""operation_mode"": 0, ""state"": 0, ""battery_voltage"": 0, ""wifi_rssi"": -90, ""acc_data"": {""ax"": -0.88, ""ay"": -0.13, ""az"": 0.38, ""pitch"": -60.55, ""roll"": -19.31}, ""gyro_data"": {""gx"": -25, ""gy"": -101.52, ""gz"": -69.27}, ""gps_data"": {""latitude"": 0, ""longitude"": 0, ""gps_altitude"": 0, ""time"": 30197}, ""alt_data"": {""pressure"": 849.07, ""temperature"": 26.13, ""AGL"": 0.04, ""velocity"": 0, ""kalman_altitude"": 0.35, ""kalman_vertical_velocity"": -1.21}, ""chute_state"": {""pyro1_state"": 0, ""pyro2_state"": 0}, ""connection_status"": {""connected"": true, ""has_ever_connected"": true, ""packet_age_ms"": 1, ""timeout_exceeded"": false, ""rssi"": -90}, ""communication_mode"": ""BEACON"", ""timestamp"": 92601, ""packets_received"": 75, ""kalman_data"": {""altitude"": 0.35, ""vertical_velocity"": -1.21}, ""kalman_altitude"": 0.35, ""kalman_vertical_velocity"": -1.21, ""pyroDrogue"": 0, ""pyroMain"": 0, ""pyro1_state"": 0, ""pyro2_state"": 0}"
1764328742.929728,2025-11-28T14:19:02.929728,308,0,0,-0.88,-0.22,0.54,-62.31,-22.94,-25.21,-26.62,12.13,0,0,0,30197,849,26.12,0.74,0,0,0,0,-96,0.41,-1.14,BEACON,"{""record_number"": 308, ""operation_mode"": 0, ""state"": 0, ""battery_voltage"": 0, ""wifi_rssi"": -96, ""acc_data"": {""ax"": -0.88, ""ay"": -0.22, ""az"": 0.54, ""pitch"": -62.31, ""roll"": -22.94}, ""gyro_data"": {""gx"": -25.21, ""gy"": -26.62, ""gz"": 12.13}, ""gps_data"": {""latitude"": 0, ""longitude"": 0, ""gps_altitude"": 0, ""time"": 30197}, ""alt_data"": {""pressure"": 849, ""temperature"": 26.12, ""AGL"": 0.74, ""velocity"": 0, ""kalman_altitude"": 0.41, ""kalman_vertical_velocity"": -1.14}, ""chute_state"": {""pyro1_state"": 0, ""pyro2_state"": 0}, ""connection_status"": {""connected"": true, ""has_ever_connected"": true, ""packet_age_ms"": 0, ""timeout_exceeded"": false, ""rssi"": -96}, ""communication_mode"": ""BEACON"", ""timestamp"": 92713, ""packets_received"": 76, ""kalman_data"": {""altitude"": 0.41, ""vertical_velocity"": -1.14}, ""kalman_altitude"": 0.41, ""kalman_vertical_velocity"": -1.14, ""pyroDrogue"": 0, ""pyroMain"": 0, ""pyro1_state"": 0, ""pyro2_state"": 0}"
1764328743.076742,2025-11-28T14:19:03.076742,311,0,0,-0.81,-0.15,0.43,-55.09,-19.85,8.45,18.9,-4.57,0,0,0,30598,849.04,26.12,0.31,0,0,0,0,-84,0.34,-1.26,BEACON,"{""record_number"": 311, ""operation_mode"": 0, ""state"": 0, ""battery_voltage"": 0, ""wifi_rssi"": -84, ""acc_data"": {""ax"": -0.81, ""ay"": -0.15, ""az"": 0.43, ""pitch"": -55.09, ""roll"": -19.85}, ""gyro_data"": {""gx"": 8.45, ""gy"": 18.9, ""gz"": -4.57}, ""gps_data"": {""latitude"": 0, ""longitude"": 0, ""gps_altitude"": 0, ""time"": 30598}, ""alt_data"": {""pressure"": 849.04, ""temperature"": 26.12, ""AGL"": 0.31, ""velocity"": 0, ""kalman_altitude"": 0.34, ""kalman_vertical_velocity"": -1.26}, ""chute_state"": {""pyro1_state"": 0, ""pyro2_state"": 0}, ""connection_status"": {""connected"": true, ""has_ever_connected"": true, ""packet_age_ms"": 0, ""timeout_exceeded"": false, ""rssi"": -84}, ""communication_mode"": ""BEACON"", ""timestamp"": 92938, ""packets_received"": 77, ""kalman_data"": {""altitude"": 0.34, ""vertical_velocity"": -1.26}, ""kalman_altitude"": 0.34, ""kalman_vertical_velocity"": -1.26, ""pyroDrogue"": 0, ""pyroMain"": 0, ""pyro1_state"": 0, ""pyro2_state"": 0}"
1764328743.210739,2025-11-28T14:19:03.210739,312,0,0,-0.79,-0.16,0.44,-53.18,-21.84,-18.05,-5.82,-20.15,0,0,0,30598,849.01,26.11,0.64,0,0,0,0,-84,0.39,-1.21,BEACON,"{""record_number"": 312, ""operation_mode"": 0, ""state"": 0, ""battery_voltage"": 0, ""wifi_rssi"": -84, ""acc_data"": {""ax"": -0.79, ""ay"": -0.16, ""az"": 0.44, ""pitch"": -53.18, ""roll"": -21.84}, ""gyro_data"": {""gx"": -18.05, ""gy"": -5.82, ""gz"": -20.15}, ""gps_data"": {""latitude"": 0, ""longitude"": 0, ""gps_altitude"": 0, ""time"": 30598}, ""alt_data"": {""pressure"": 849.01, ""temperature"": 26.11, ""AGL"": 0.64, ""velocity"": 0, ""kalman_altitude"": 0.39, ""kalman_vertical_velocity"": -1.21}, ""chute_state"": {""pyro1_state"": 0, ""pyro2_state"": 0}, ""connection_status"": {""connected"": true, ""has_ever_connected"": true, ""packet_age_ms"": 0, ""timeout_exceeded"": false, ""rssi"": -84}, ""communication_mode"": ""BEACON"", ""timestamp"": 93050, ""packets_received"": 78, ""kalman_data"": {""altitude"": 0.39, ""vertical_velocity"": -1.21}, ""kalman_altitude"": 0.39, ""kalman_vertical_velocity"": -1.21, ""pyroDrogue"": 0, ""pyroMain"": 0, ""pyro1_state"": 0, ""pyro2_state"": 0}"
1764328743.498799,2025-11-28T14:19:03.498799,319,0,0,-0.8,-0.13,0.44,-53.23,-15.72,-60,-17.65,-5.27,0,0,0,31203,849.04,26.12,0.31,0,0,0,0,-91,0.37,-1.3,BEACON,"{""record_number"": 319, ""operation_mode"": 0, ""state"": 0, ""battery_voltage"": 0, ""wifi_rssi"": -91, ""acc_data"": {""ax"": -0.8, ""ay"": -0.13, ""az"": 0.44, ""pitch"": -53.23, ""roll"": -15.72}, ""gyro_data"": {""gx"": -60, ""gy"": -17.65, ""gz"": -5.27}, ""gps_data"": {""latitude"": 0, ""longitude"": 0, ""gps_altitude"": 0, ""time"": 31203}, ""alt_data"": {""pressure"": 849.04, ""temperature"": 26.12, ""AGL"": 0.31, ""velocity"": 0, ""kalman_altitude"": 0.37, ""kalman_vertical_velocity"": -1.3}, ""chute_state"": {""pyro1_state"": 0, ""pyro2_state"": 0}, ""connection_status"": {""connected"": true, ""has_ever_connected"": true, ""packet_age_ms"": 0, ""timeout_exceeded"": false, ""rssi"": -91}, ""communication_mode"": ""BEACON"", ""timestamp"": 93611, ""packets_received"": 79, ""kalman_data"": {""altitude"": 0.37, ""vertical_velocity"": -1.3}, ""kalman_altitude"": 0.37, ""kalman_vertical_velocity"": -1.3, ""pyroDrogue"": 0, ""pyroMain"": 0, ""pyro1_state"": 0, ""pyro2_state"": 0}"
1764328743.78832,2025-11-28T14:19:03.788320,320,0,0,-0.82,-0.16,0.5,-55.98,-17.4,-20.09,-9.63,-18.87,0,0,0,31203,849.03,26.11,0.42,0,0,0,0,-89,0.38,-1.3,BEACON,"{""record_number"": 320, ""operation_mode"": 0, ""state"": 0, ""battery_voltage"": 0, ""wifi_rssi"": -89, ""acc_data"": {""ax"": -0.82, ""ay"": -0.16, ""az"": 0.5, ""pitch"": -55.98, ""roll"": -17.4}, ""gyro_data"": {""gx"": -20.09, ""gy"": -9.63, ""gz"": -18.87}, ""gps_data"": {""latitude"": 0, ""longitude"": 0, ""gps_altitude"": 0, ""time"": 31203}, ""alt_data"": {""pressure"": 849.03, ""temperature"": 26.11, ""AGL"": 0.42, ""velocity"": 0, ""kalman_altitude"": 0.38, ""kalman_vertical_velocity"": -1.3}, ""chute_state"": {""pyro1_state"": 0, ""pyro2_state"": 0}, ""connection_status"": {""connected"": true, ""has_ever_connected"": true, ""packet_age_ms"": 0, ""timeout_exceeded"": false, ""rssi"": -89}, ""communication_mode"": ""BEACON"", ""timestamp"": 93724, ""packets_received"": 80, ""kalman_data"": {""altitude"": 0.38, ""vertical_velocity"": -1.3}, ""kalman_altitude"": 0.38, ""kalman_vertical_velocity"": -1.3, ""pyroDrogue"": 0, ""pyroMain"": 0, ""pyro1_state"": 0, ""pyro2_state"": 0}"
1764328744.109908,2025-11-28T14:19:04.109908,321,0,0,-0.83,-0.11,0.42,-56.03,-15.67,0.24,-5.55,-20.7,0,0,0,31403,848.99,26.11,0.85,0,0,0,0,-89,0.45,-1.2,BEACON,"{""record_number"": 321, ""operation_mode"": 0, ""state"": 0, ""battery_voltage"": 0, ""wifi_rssi"": -89, ""acc_data"": {""ax"": -0.83, ""ay"": -0.11, ""az"": 0.42, ""pitch"": -56.03, ""roll"": -15.67}, ""gyro_data"": {""gx"": 0.24, ""gy"": -5.55, ""gz"": -20.7}, ""gps_data"": {""latitude"": 0, ""longitude"": 0, ""gps_altitude"": 0, ""time"": 31403}, ""alt_data"": {""pressure"": 848.99, ""temperature"": 26.11, ""AGL"": 0.85, ""velocity"": 0, ""kalman_altitude"": 0.45, ""kalman_vertical_velocity"": -1.2}, ""chute_state"": {""pyro1_state"": 0, ""pyro2_state"": 0}, ""connection_status"": {""connected"": true, ""has_ever_connected"": true, ""packet_age_ms"": 0, ""timeout_exceeded"": false, ""rssi"": -89}, ""communication_mode"": ""BEACON"", ""timestamp"": 93836, ""packets_received"": 81, ""kalman_data"": {""altitude"": 0.45, ""vertical_velocity"": -1.2}, ""kalman_altitude"": 0.45, ""kalman_vertical_velocity"": -1.2, ""pyroDrogue"": 0, ""pyroMain"": 0, ""pyro1_state"": 0, ""pyro2_state"": 0}"
1764328744.250017,2025-11-28T14:19:04.250017,323,0,0,-0.83,-0.14,0.42,-55.24,-18.87,-4.33,-5.64,1.34,0,0,0,31604,849.02,26.11,0.57,0,0,0,0,-92,0.43,-1.25,BEACON,"{""record_number"": 323, ""operation_mode"": 0, ""state"": 0, ""battery_voltage"": 0, ""wifi_rssi"": -92, ""acc_data"": {""ax"": -0.83, ""ay"": -0.14, ""az"": 0.42, ""pitch"": -55.24, ""roll"": -18.87}, ""gyro_data"": {""gx"": -4.33, ""gy"": -5.64, ""gz"": 1.34}, ""gps_data"": {""latitude"": 0, ""longitude"": 0, ""gps_altitude"": 0, ""time"": 31604}, ""alt_data"": {""pressure"": 849.02, ""temperature"": 26.11, ""AGL"": 0.57, ""velocity"": 0, ""kalman_altitude"": 0.43, ""kalman_vertical_velocity"": -1.25}, ""chute_state"": {""pyro1_state"": 0, ""pyro2_state"": 0}, ""connection_status"": {""connected"": true, ""has_ever_connected"": true, ""packet_age_ms"": 0, ""timeout_exceeded"": false, ""rssi"": -92}, ""communication_mode"": ""BEACON"", ""timestamp"": 93948, ""packets_received"": 82, ""kalman_data"": {""altitude"": 0.43, ""vertical_velocity"": -1.25}, ""kalman_altitude"": 0.43, ""kalman_vertical_velocity"": -1.25, ""pyroDrogue"": 0, ""pyroMain"": 0, ""pyro1_state"": 0, ""pyro2_state"": 0}"
1764328744.403674,2025-11-28T14:19:04.403674,324,0,0,-0.81,-0.16,0.46,-54.17,-19.18,-21.71,-9.42,-9.85,0,0,0,31604,848.99,26.11,0.86,0,0,0,0,-89,0.5,-1.17,BEACON,"{""record_number"": 324, ""operation_mode"": 0, ""state"": 0, ""battery_voltage"": 0, ""wifi_rssi"": -89, ""acc_data"": {""ax"": -0.81, ""ay"": -0.16, ""az"": 0.46, ""pitch"": -54.17, ""roll"": -19.18}, ""gyro_data"": {""gx"": -21.71, ""gy"": -9.42, ""gz"": -9.85}, ""gps_data"": {""latitude"": 0, ""longitude"": 0, ""gps_altitude"": 0, ""time"": 31604}, ""alt_data"": {""pressure"": 848.99, ""temperature"": 26.11, ""AGL"": 0.86, ""velocity"": 0, ""kalman_altitude"": 0.5, ""kalman_vertical_velocity"": -1.17}, ""chute_state"": {""pyro1_state"": 0, ""pyro2_state"": 0}, ""connection_status"": {""connected"": true, ""has_ever_connected"": true, ""packet_age_ms"": 1, ""timeout_exceeded"": false, ""rssi"": -89}, ""communication_mode"": ""BEACON"", ""timestamp"": 94061, ""packets_received"": 83, ""kalman_data"": {""altitude"": 0.5, ""vertical_velocity"": -1.17}, ""kalman_altitude"": 0.5, ""kalman_vertical_velocity"": -1.17, ""pyroDrogue"": 0, ""pyroMain"": 0, ""pyro1_state"": 0, ""pyro2_state"": 0}"
1764328744.634837,2025-11-28T14:19:04.634837,325,0,0,-0.84,-0.14,0.45,-55.78,-17.63,-19.42,-2.41,-6.34,0,0,0,31808,848.99,26.11,0.86,0,0,0,0,-88,0.56,-1.09,BEACON,"{""record_number"": 325, ""operation_mode"": 0, ""state"": 0, ""battery_voltage"": 0, ""wifi_rssi"": -88, ""acc_data"": {""ax"": -0.84, ""ay"": -0.14, ""az"": 0.45, ""pitch"": -55.78, ""roll"": -17.63}, ""gyro_data"": {""gx"": -19.42, ""gy"": -2.41, ""gz"": -6.34}, ""gps_data"": {""latitude"": 0, ""longitude"": 0, ""gps_altitude"": 0, ""time"": 31808}, ""alt_data"": {""pressure"": 848.99, ""temperature"": 26.11, ""AGL"": 0.86, ""velocity"": 0, ""kalman_altitude"": 0.56, ""kalman_vertical_velocity"": -1.09}, ""chute_state"": {""pyro1_state"": 0, ""pyro2_state"": 0}, ""connection_status"": {""connected"": true, ""has_ever_connected"": true, ""packet_age_ms"": 0, ""timeout_exceeded"": false, ""rssi"": -88}, ""communication_mode"": ""BEACON"", ""timestamp"": 94173, ""packets_received"": 84, ""kalman_data"": {""altitude"": 0.56, ""vertical_velocity"": -1.09}, ""kalman_altitude"": 0.56, ""kalman_vertical_velocity"": -1.09, ""pyroDrogue"": 0, ""pyroMain"": 0, ""pyro1_state"": 0, ""pyro2_state"": 0}"
1764328744.799123,2025-11-28T14:19:04.799123,327,0,0,-0.83,-0.14,0.45,-55.78,-17.61,-9.51,-1.07,3.51,0,0,0,31808,848.97,26.11,1.07,0,0,0,0,-87,0.65,-0.99,BEACON,"{""record_number"": 327, ""operation_mode"": 0, ""state"": 0, ""battery_voltage"": 0, ""wifi_rssi"": -87, ""acc_data"": {""ax"": -0.83, ""ay"": -0.14, ""az"": 0.45, ""pitch"": -55.78, ""roll"": -17.61}, ""gyro_data"": {""gx"": -9.51, ""gy"": -1.07, ""gz"": 3.51}, ""gps_data"": {""latitude"": 0, ""longitude"": 0, ""gps_altitude"": 0, ""time"": 31808}, ""alt_data"": {""pressure"": 848.97, ""temperature"": 26.11, ""AGL"": 1.07, ""velocity"": 0, ""kalman_altitude"": 0.65, ""kalman_vertical_velocity"": -0.99}, ""chute_state"": {""pyro1_state"": 0, ""pyro2_state"": 0}, ""connection_status"": {""connected"": true, ""has_ever_connected"": true, ""packet_age_ms"": 0, ""timeout_exceeded"": false, ""rssi"": -87}, ""communication_mode"": ""BEACON"", ""timestamp"": 94287, ""packets_received"": 85, ""kalman_data"": {""altitude"": 0.65, ""vertical_velocity"": -0.99}, ""kalman_altitude"": 0.65, ""kalman_vertical_velocity"": -0.99, ""pyroDrogue"": 0, ""pyroMain"": 0, ""pyro1_state"": 0, ""pyro2_state"": 0}"
1764328745.335514,2025-11-28T14:19:05.335514,328,0,0,-0.82,-0.15,0.43,-54.41,-19.39,-11.8,-5.67,-11.71,0,0,0,32008,849.04,26.12,0.34,0,0,0,0,-87,0.55,-1.14,BEACON,"{""record_number"": 328, ""operation_mode"": 0, ""state"": 0, ""battery_voltage"": 0, ""wifi_rssi"": -87, ""acc_data"": {""ax"": -0.82, ""ay"": -0.15, ""az"": 0.43, ""pitch"": -54.41, ""roll"": -19.39}, ""gyro_data"": {""gx"": -11.8, ""gy"": -5.67, ""gz"": -11.71}, ""gps_data"": {""latitude"": 0, ""longitude"": 0, ""gps_altitude"": 0, ""time"": 32008}, ""alt_data"": {""pressure"": 849.04, ""temperature"": 26.12, ""AGL"": 0.34, ""velocity"": 0, ""kalman_altitude"": 0.55, ""kalman_vertical_velocity"": -1.14}, ""chute_state"": {""pyro1_state"": 0, ""pyro2_state"": 0}, ""connection_status"": {""connected"": true, ""has_ever_connected"": true, ""packet_age_ms"": 1, ""timeout_exceeded"": false, ""rssi"": -87}, ""communication_mode"": ""BEACON"", ""timestamp"": 94399, ""packets_received"": 86, ""kalman_data"": {""altitude"": 0.55, ""vertical_velocity"": -1.14}, ""kalman_altitude"": 0.55, ""kalman_vertical_velocity"": -1.14, ""pyroDrogue"": 0, ""pyroMain"": 0, ""pyro1_state"": 0, ""pyro2_state"": 0}"
1764328745.850524,2025-11-28T14:19:05.850524,329,0,0,-0.84,-0.15,0.46,-56.94,-18.9,-19.66,-14.02,-11.16,0,0,0,32008,849.04,26.13,0.3,0,0,0,0,-86,0.5,-1.22,BEACON,"{""record_number"": 329, ""operation_mode"": 0, ""state"": 0, ""battery_voltage"": 0, ""wifi_rssi"": -86, ""acc_data"": {""ax"": -0.84, ""ay"": -0.15, ""az"": 0.46, ""pitch"": -56.94, ""roll"": -18.9}, ""gyro_data"": {""gx"": -19.66, ""gy"": -14.02, ""gz"": -11.16}, ""gps_data"": {""latitude"": 0, ""longitude"": 0, ""gps_altitude"": 0, ""time"": 32008}, ""alt_data"": {""pressure"": 849.04, ""temperature"": 26.13, ""AGL"": 0.3, ""velocity"": 0, ""kalman_altitude"": 0.5, ""kalman_vertical_velocity"": -1.22}, ""chute_state"": {""pyro1_state"": 0, ""pyro2_state"": 0}, ""connection_status"": {""connected"": true, ""has_ever_connected"": true, ""packet_age_ms"": 0, ""timeout_exceeded"": false, ""rssi"": -86}, ""communication_mode"": ""BEACON"", ""timestamp"": 94508, ""packets_received"": 87, ""kalman_data"": {""altitude"": 0.5, ""vertical_velocity"": -1.22}, ""kalman_altitude"": 0.5, ""kalman_vertical_velocity"": -1.22, ""pyroDrogue"": 0, ""pyroMain"": 0, ""pyro1_state"": 0, ""pyro2_state"": 0}"
1764328746.533688,2025-11-28T14:19:06.533688,333,0,0,-0.82,-0.17,0.46,-55.48,-20.31,-14.94,-1.52,-6.46,0,0,0,32407,849.01,26.12,0.66,0,0,0,0,-89,0.51,-1.25,BEACON,"{""record_number"": 333, ""operation_mode"": 0, ""state"": 0, ""battery_voltage"": 0, ""wifi_rssi"": -89, ""acc_data"": {""ax"": -0.82, ""ay"": -0.17, ""az"": 0.46, ""pitch"": -55.48, ""roll"": -20.31}, ""gyro_data"": {""gx"": -14.94, ""gy"": -1.52, ""gz"": -6.46}, ""gps_data"": {""latitude"": 0, ""longitude"": 0, ""gps_altitude"": 0, ""time"": 32407}, ""alt_data"": {""pressure"": 849.01, ""temperature"": 26.12, ""AGL"": 0.66, ""velocity"": 0, ""kalman_altitude"": 0.51, ""kalman_vertical_velocity"": -1.25}, ""chute_state"": {""pyro1_state"": 0, ""pyro2_state"": 0}, ""connection_status"": {""connected"": true, ""has_ever_connected"": true, ""packet_age_ms"": 1, ""timeout_exceeded"": false, ""rssi"": -89}, ""communication_mode"": ""BEACON"", ""timestamp"": 94846, ""packets_received"": 88, ""kalman_data"": {""altitude"": 0.51, ""vertical_velocity"": -1.25}, ""kalman_altitude"": 0.51, ""kalman_vertical_velocity"": -1.25, ""pyroDrogue"": 0, ""pyroMain"": 0, ""pyro1_state"": 0, ""pyro2_state"": 0}"
1764328746.816902,2025-11-28T14:19:06.816902,335,0,0,-0.84,-0.15,0.45,-56.89,-18.52,-13.84,-5.52,-2.77,0,0,0,32609,849,26.12,0.74,0,0,0,0,-89,0.55,-1.21,BEACON,"{""record_number"": 335, ""operation_mode"": 0, ""state"": 0, ""battery_voltage"": 0, ""wifi_rssi"": -89, ""acc_data"": {""ax"": -0.84, ""ay"": -0.15, ""az"": 0.45, ""pitch"": -56.89, ""roll"": -18.52}, ""gyro_data"": {""gx"": -13.84, ""gy"": -5.52, ""gz"": -2.77}, ""gps_data"": {""latitude"": 0, ""longitude"": 0, ""gps_altitude"": 0, ""time"": 32609}, ""alt_data"": {""pressure"": 849, ""temperature"": 26.12, ""AGL"": 0.74, ""velocity"": 0, ""kalman_altitude"": 0.55, ""kalman_vertical_velocity"": -1.21}, ""chute_state"": {""pyro1_state"": 0, ""pyro2_state"": 0}, ""connection_status"": {""connected"": true, ""has_ever_connected"": true, ""packet_age_ms"": 0, ""timeout_exceeded"": false, ""rssi"": -89}, ""communication_mode"": ""BEACON"", ""timestamp"": 94962, ""packets_received"": 89, ""kalman_data"": {""altitude"": 0.55, ""vertical_velocity"": -1.21}, ""kalman_altitude"": 0.55, ""kalman_vertical_velocity"": -1.21, ""pyroDrogue"": 0, ""pyroMain"": 0, ""pyro1_state"": 0, ""pyro2_state"": 0}"
1764328747.721219,2025-11-28T14:19:07.721219,340,0,0,-0.81,-0.16,0.46,-54.56,-19.81,-13.84,-7.59,-2.16,0,0,0,33012,848.98,26.12,0.88,0,0,0,0,-91,0.48,-1.35,BEACON,"{""record_number"": 340, ""operation_mode"": 0, ""state"": 0, ""battery_voltage"": 0, ""wifi_rssi"": -91, ""acc_data"": {""ax"": -0.81, ""ay"": -0.16, ""az"": 0.46, ""pitch"": -54.56, ""roll"": -19.81}, ""gyro_data"": {""gx"": -13.84, ""gy"": -7.59, ""gz"": -2.16}, ""gps_data"": {""latitude"": 0, ""longitude"": 0, ""gps_altitude"": 0, ""time"": 33012}, ""alt_data"": {""pressure"": 848.98, ""temperature"": 26.12, ""AGL"": 0.88, ""velocity"": 0, ""kalman_altitude"": 0.48, ""kalman_vertical_velocity"": -1.35}, ""chute_state"": {""pyro1_state"": 0, ""pyro2_state"": 0}, ""connection_status"": {""connected"": true, ""has_ever_connected"": true, ""packet_age_ms"": 1, ""timeout_exceeded"": false, ""rssi"": -91}, ""communication_mode"": ""BEACON"", ""timestamp"": 95414, ""packets_received"": 90, ""kalman_data"": {""altitude"": 0.48, ""vertical_velocity"": -1.35}, ""kalman_altitude"": 0.48, ""kalman_vertical_velocity"": -1.35, ""pyroDrogue"": 0, ""pyroMain"": 0, ""pyro1_state"": 0, ""pyro2_state"": 0}"
1764328747.870459,2025-11-28T14:19:07.870459,343,0,0,-0.83,-0.14,0.46,-56.13,-18.18,-8.38,0.34,-2.87,0,0,0,33213,849.03,26.13,0.47,0,0,0,0,-87,0.55,-1.27,BEACON,"{""record_number"": 343, ""operation_mode"": 0, ""state"": 0, ""battery_voltage"": 0, ""wifi_rssi"": -87, ""acc_data"": {""ax"": -0.83, ""ay"": -0.14, ""az"": 0.46, ""pitch"": -56.13, ""roll"": -18.18}, ""gyro_data"": {""gx"": -8.38, ""gy"": 0.34, ""gz"": -2.87}, ""gps_data"": {""latitude"": 0, ""longitude"": 0, ""gps_altitude"": 0, ""time"": 33213}, ""alt_data"": {""pressure"": 849.03, ""temperature"": 26.13, ""AGL"": 0.47, ""velocity"": 0, ""kalman_altitude"": 0.55, ""kalman_vertical_velocity"": -1.27}, ""chute_state"": {""pyro1_state"": 0, ""pyro2_state"": 0}, ""connection_status"": {""connected"": true, ""has_ever_connected"": true, ""packet_age_ms"": 0, ""timeout_exceeded"": false, ""rssi"": -87}, ""communication_mode"": ""BEACON"", ""timestamp"": 95631, ""packets_received"": 91, ""kalman_data"": {""altitude"": 0.55, ""vertical_velocity"": -1.27}, ""kalman_altitude"": 0.55, ""kalman_vertical_velocity"": -1.27, ""pyroDrogue"": 0, ""pyroMain"": 0, ""pyro1_state"": 0, ""pyro2_state"": 0}"
1764328748.066821,2025-11-28T14:19:08.066821,344,0,0,-0.82,-0.16,0.46,-54.6,-20.28,-13.48,0.79,3.87,0,0,0,33213,849.06,26.13,0.15,0,0,0,0,-89,0.46,-1.42,BEACON,"{""record_number"": 344, ""operation_mode"": 0, ""state"": 0, ""battery_voltage"": 0, ""wifi_rssi"": -89, ""acc_data"": {""ax"": -0.82, ""ay"": -0.16, ""az"": 0.46, ""pitch"": -54.6, ""roll"": -20.28}, ""gyro_data"": {""gx"": -13.48, ""gy"": 0.79, ""gz"": 3.87}, ""gps_data"": {""latitude"": 0, ""longitude"": 0, ""gps_altitude"": 0, ""time"": 33213}, ""alt_data"": {""pressure"": 849.06, ""temperature"": 26.13, ""AGL"": 0.15, ""velocity"": 0, ""kalman_altitude"": 0.46, ""kalman_vertical_velocity"": -1.42}, ""chute_state"": {""pyro1_state"": 0, ""pyro2_state"": 0}, ""connection_status"": {""connected"": true, ""has_ever_connected"": true, ""packet_age_ms"": 0, ""timeout_exceeded"": false, ""rssi"": -89}, ""communication_mode"": ""BEACON"", ""timestamp"": 95743, ""packets_received"": 92, ""kalman_data"": {""altitude"": 0.46, ""vertical_velocity"": -1.42}, ""kalman_altitude"": 0.46, ""kalman_vertical_velocity"": -1.42, ""pyroDrogue"": 0, ""pyroMain"": 0, ""pyro1_state"": 0, ""pyro2_state"": 0}"
1764328748.253095,2025-11-28T14:19:08.253095,345,0,0,-0.81,-0.18,0.46,-53.98,-21.34,-8.02,-3.57,-4.85,0,0,0,33413,849.05,26.13,0.19,0,0,0,0,-90,0.4,-1.5,BEACON,"{""record_number"": 345, ""operation_mode"": 0, ""state"": 0, ""battery_voltage"": 0, ""wifi_rssi"": -90, ""acc_data"": {""ax"": -0.81, ""ay"": -0.18, ""az"": 0.46, ""pitch"": -53.98, ""roll"": -21.34}, ""gyro_data"": {""gx"": -8.02, ""gy"": -3.57, ""gz"": -4.85}, ""gps_data"": {""latitude"": 0, ""longitude"": 0, ""gps_altitude"": 0, ""time"": 33413}, ""alt_data"": {""pressure"": 849.05, ""temperature"": 26.13, ""AGL"": 0.19, ""velocity"": 0, ""kalman_altitude"": 0.4, ""kalman_vertical_velocity"": -1.5}, ""chute_state"": {""pyro1_state"": 0, ""pyro2_state"": 0}, ""connection_status"": {""connected"": true, ""has_ever_connected"": true, ""packet_age_ms"": 0, ""timeout_exceeded"": false, ""rssi"": -90}, ""communication_mode"": ""BEACON"", ""timestamp"": 95857, ""packets_received"": 93, ""kalman_data"": {""altitude"": 0.4, ""vertical_velocity"": -1.5}, ""kalman_altitude"": 0.4, ""kalman_vertical_velocity"": -1.5, ""pyroDrogue"": 0, ""pyroMain"": 0, ""pyro1_state"": 0, ""pyro2_state"": 0}"
1764328748.961973,2025-11-28T14:19:08.961973,346,0,0,-0.82,-0.16,0.44,-55.88,-19.06,-1.31,1.13,-5.98,0,0,0,33614,849.07,26.13,0.07,0,0,0,0,-90,0.33,-1.6,BEACON,"{""record_number"": 346, ""operation_mode"": 0, ""state"": 0, ""battery_voltage"": 0, ""wifi_rssi"": -90, ""acc_data"": {""ax"": -0.82, ""ay"": -0.16, ""az"": 0.44, ""pitch"": -55.88, ""roll"": -19.06}, ""gyro_data"": {""gx"": -1.31, ""gy"": 1.13, ""gz"": -5.98}, ""gps_data"": {""latitude"": 0, ""longitude"": 0, ""gps_altitude"": 0, ""time"": 33614}, ""alt_data"": {""pressure"": 849.07, ""temperature"": 26.13, ""AGL"": 0.07, ""velocity"": 0, ""kalman_altitude"": 0.33, ""kalman_vertical_velocity"": -1.6}, ""chute_state"": {""pyro1_state"": 0, ""pyro2_state"": 0}, ""connection_status"": {""connected"": true, ""has_ever_connected"": true, ""packet_age_ms"": 0, ""timeout_exceeded"": false, ""rssi"": -90}, ""communication_mode"": ""BEACON"", ""timestamp"": 95969, ""packets_received"": 94, ""kalman_data"": {""altitude"": 0.33, ""vertical_velocity"": -1.6}, ""kalman_altitude"": 0.33, ""kalman_vertical_velocity"": -1.6, ""pyroDrogue"": 0, ""pyroMain"": 0, ""pyro1_state"": 0, ""pyro2_state"": 0}"
1764328749.230875,2025-11-28T14:19:09.230875,348,0,0,-0.81,-0.16,0.47,-53.89,-20.36,-10.21,-6.28,-1.4,0,0,0,33614,849.04,26.13,0.29,0,0,0,0,-89,0.33,-1.61,BEACON,"{""record_number"": 348, ""operation_mode"": 0, ""state"": 0, ""battery_voltage"": 0, ""wifi_rssi"": -89, ""acc_data"": {""ax"": -0.81, ""ay"": -0.16, ""az"": 0.47, ""pitch"": -53.89, ""roll"": -20.36}, ""gyro_data"": {""gx"": -10.21, ""gy"": -6.28, ""gz"": -1.4}, ""gps_data"": {""latitude"": 0, ""longitude"": 0, ""gps_altitude"": 0, ""time"": 33614}, ""alt_data"": {""pressure"": 849.04, ""temperature"": 26.13, ""AGL"": 0.29, ""velocity"": 0, ""kalman_altitude"": 0.33, ""kalman_vertical_velocity"": -1.61}, ""chute_state"": {""pyro1_state"": 0, ""pyro2_state"": 0}, ""connection_status"": {""connected"": true, ""has_ever_connected"": true, ""packet_age_ms"": 0, ""timeout_exceeded"": false, ""rssi"": -89}, ""communication_mode"": ""BEACON"", ""timestamp"": 96079, ""packets_received"": 95, ""kalman_data"": {""altitude"": 0.33, ""vertical_velocity"": -1.61}, ""kalman_altitude"": 0.33, ""kalman_vertical_velocity"": -1.61, ""pyroDrogue"": 0, ""pyroMain"": 0, ""pyro1_state"": 0, ""pyro2_state"": 0}"
1764328749.387058,2025-11-28T14:19:09.387058,349,0,0,-0.82,-0.16,0.46,-54.9,-19.05,-2.38,-0.03,-2.1,0,0,0,33818,849.09,26.14,-0.19,0,0,0,0,-90,0.21,-1.76,BEACON,"{""record_number"": 349, ""operation_mode"": 0, ""state"": 0, ""battery_voltage"": 0, ""wifi_rssi"": -90, ""acc_data"": {""ax"": -0.82, ""ay"": -0.16, ""az"": 0.46, ""pitch"": -54.9, ""roll"": -19.05}, ""gyro_data"": {""gx"": -2.38, ""gy"": -0.03, ""gz"": -2.1}, ""gps_data"": {""latitude"": 0, ""longitude"": 0, ""gps_altitude"": 0, ""time"": 33818}, ""alt_data"": {""pressure"": 849.09, ""temperature"": 26.14, ""AGL"": -0.19, ""velocity"": 0, ""kalman_altitude"": 0.21, ""kalman_vertical_velocity"": -1.76}, ""chute_state"": {""pyro1_state"": 0, ""pyro2_state"": 0}, ""connection_status"": {""connected"": true, ""has_ever_connected"": true, ""packet_age_ms"": 0, ""timeout_exceeded"": false, ""rssi"": -90}, ""communication_mode"": ""BEACON"", ""timestamp"": 96191, ""packets_received"": 96, ""kalman_data"": {""altitude"": 0.21, ""vertical_velocity"": -1.76}, ""kalman_altitude"": 0.21, ""kalman_vertical_velocity"": -1.76, ""pyroDrogue"": 0, ""pyroMain"": 0, ""pyro1_state"": 0, ""pyro2_state"": 0}"
1764328749.508685,2025-11-28T14:19:09.508685,350,0,0,-0.82,-0.15,0.44,-55.48,-18.37,-12.29,-4.3,-6.19,0,0,0,33818,849.06,26.12,0.16,0,0,0,0,-89,0.2,-1.79,BEACON,"{""record_number"": 350, ""operation_mode"": 0, ""state"": 0, ""battery_voltage"": 0, ""wifi_rssi"": -89, ""acc_data"": {""ax"": -0.82, ""ay"": -0.15, ""az"": 0.44, ""pitch"": -55.48, ""roll"": -18.37}, ""gyro_data"": {""gx"": -12.29, ""gy"": -4.3, ""gz"": -6.19}, ""gps_data"": {""latitude"": 0, ""longitude"": 0, ""gps_altitude"": 0, ""time"": 33818}, ""alt_data"": {""pressure"": 849.06, ""temperature"": 26.12, ""AGL"": 0.16, ""velocity"": 0, ""kalman_altitude"": 0.2, ""kalman_vertical_velocity"": -1.79}, ""chute_state"": {""pyro1_state"": 0, ""pyro2_state"": 0}, ""connection_status"": {""connected"": true, ""has_ever_connected"": true, ""packet_age_ms"": 0, ""timeout_exceeded"": false, ""rssi"": -89}, ""communication_mode"": ""BEACON"", ""timestamp"": 96307, ""packets_received"": 97, ""kalman_data"": {""altitude"": 0.2, ""vertical_velocity"": -1.79}, ""kalman_altitude"": 0.2, ""kalman_vertical_velocity"": -1.79, ""pyroDrogue"": 0, ""pyroMain"": 0, ""pyro1_state"": 0, ""pyro2_state"": 0}"
1764328749.870031,2025-11-28T14:19:09.870031,351,0,0,-0.81,-0.16,0.44,-54.32,-19.16,14.42,-8.75,1.68,0,0,0,34018,849.11,26.14,-0.36,0,0,0,0,-89,-0.01,-2.07,BEACON,"{""record_number"": 351, ""operation_mode"": 0, ""state"": 0, ""battery_voltage"": 0, ""wifi_rssi"": -89, ""acc_data"": {""ax"": -0.81, ""ay"": -0.16, ""az"": 0.44, ""pitch"": -54.32, ""roll"": -19.16}, ""gyro_data"": {""gx"": 14.42, ""gy"": -8.75, ""gz"": 1.68}, ""gps_data"": {""latitude"": 0, ""longitude"": 0, ""gps_altitude"": 0, ""time"": 34018}, ""alt_data"": {""pressure"": 849.11, ""temperature"": 26.14, ""AGL"": -0.36, ""velocity"": 0, ""kalman_altitude"": -0.01, ""kalman_vertical_velocity"": -2.07}, ""chute_state"": {""pyro1_state"": 0, ""pyro2_state"": 0}, ""connection_status"": {""connected"": true, ""has_ever_connected"": true, ""packet_age_ms"": 0, ""timeout_exceeded"": false, ""rssi"": -89}, ""communication_mode"": ""BEACON"", ""timestamp"": 96530, ""packets_received"": 98, ""kalman_data"": {""altitude"": -0.01, ""vertical_velocity"": -2.07}, ""kalman_altitude"": -0.01, ""kalman_vertical_velocity"": -2.07, ""pyroDrogue"": 0, ""pyroMain"": 0, ""pyro1_state"": 0, ""pyro2_state"": 0}"
1764328750.130022,2025-11-28T14:19:10.130022,354,0,0,-0.82,-0.16,0.46,-55.29,-18.48,-3.63,-15.46,2.01,0,0,0,34218,849.05,26.12,0.2,0,0,0,0,-89,0.03,-2.03,BEACON,"{""record_number"": 354, ""operation_mode"": 0, ""state"": 0, ""battery_voltage"": 0, ""wifi_rssi"": -89, ""acc_data"": {""ax"": -0.82, ""ay"": -0.16, ""az"": 0.46, ""pitch"": -55.29, ""roll"": -18.48}, ""gyro_data"": {""gx"": -3.63, ""gy"": -15.46, ""gz"": 2.01}, ""gps_data"": {""latitude"": 0, ""longitude"": 0, ""gps_altitude"": 0, ""time"": 34218}, ""alt_data"": {""pressure"": 849.05, ""temperature"": 26.12, ""AGL"": 0.2, ""velocity"": 0, ""kalman_altitude"": 0.03, ""kalman_vertical_velocity"": -2.03}, ""chute_state"": {""pyro1_state"": 0, ""pyro2_state"": 0}, ""connection_status"": {""connected"": true, ""has_ever_connected"": true, ""packet_age_ms"": 0, ""timeout_exceeded"": false, ""rssi"": -89}, ""communication_mode"": ""BEACON"", ""timestamp"": 96645, ""packets_received"": 99, ""kalman_data"": {""altitude"": 0.03, ""vertical_velocity"": -2.03}, ""kalman_altitude"": 0.03, ""kalman_vertical_velocity"": -2.03, ""pyroDrogue"": 0, ""pyroMain"": 0, ""pyro1_state"": 0, ""pyro2_state"": 0}"
1764328750.368193,2025-11-28T14:19:10.368193,356,0,0,-0.83,-0.15,0.49,-55.43,-17.12,-11.19,3.14,2.62,0,0,0,34218,848.99,26.11,0.79,0,0,0,0,-88,0.19,-1.83,BEACON,"{""record_number"": 356, ""operation_mode"": 0, ""state"": 0, ""battery_voltage"": 0, ""wifi_rssi"": -88, ""acc_data"": {""ax"": -0.83, ""ay"": -0.15, ""az"": 0.49, ""pitch"": -55.43, ""roll"": -17.12}, ""gyro_data"": {""gx"": -11.19, ""gy"": 3.14, ""gz"": 2.62}, ""gps_data"": {""latitude"": 0, ""longitude"": 0, ""gps_altitude"": 0, ""time"": 34218}, ""alt_data"": {""pressure"": 848.99, ""temperature"": 26.11, ""AGL"": 0.79, ""velocity"": 0, ""kalman_altitude"": 0.19, ""kalman_vertical_velocity"": -1.83}, ""chute_state"": {""pyro1_state"": 0, ""pyro2_state"": 0}, ""connection_status"": {""connected"": true, ""has_ever_connected"": true, ""packet_age_ms"": 0, ""timeout_exceeded"": false, ""rssi"": -88}, ""communication_mode"": ""BEACON"", ""timestamp"": 96758, ""packets_received"": 100, ""kalman_data"": {""altitude"": 0.19, ""vertical_velocity"": -1.83}, ""kalman_altitude"": 0.19, ""kalman_vertical_velocity"": -1.83, ""pyroDrogue"": 0, ""pyroMain"": 0, ""pyro1_state"": 0, ""pyro2_state"": 0}"
1764328750.62878,2025-11-28T14:19:10.628780,357,0,0,-0.81,-0.14,0.45,-55.34,-16.89,-6.55,-6.52,-9.21,0,0,0,34419,849.02,26.13,0.5,0,0,0,0,-85,0.26,-1.76,BEACON,"{""record_number"": 357, ""operation_mode"": 0, ""state"": 0, ""battery_voltage"": 0, ""wifi_rssi"": -85, ""acc_data"": {""ax"": -0.81, ""ay"": -0.14, ""az"": 0.45, ""pitch"": -55.34, ""roll"": -16.89}, ""gyro_data"": {""gx"": -6.55, ""gy"": -6.52, ""gz"": -9.21}, ""gps_data"": {""latitude"": 0, ""longitude"": 0, ""gps_altitude"": 0, ""time"": 34419}, ""alt_data"": {""pressure"": 849.02, ""temperature"": 26.13, ""AGL"": 0.5, ""velocity"": 0, ""kalman_altitude"": 0.26, ""kalman_vertical_velocity"": -1.76}, ""chute_state"": {""pyro1_state"": 0, ""pyro2_state"": 0}, ""connection_status"": {""connected"": true, ""has_ever_connected"": true, ""packet_age_ms"": 0, ""timeout_exceeded"": false, ""rssi"": -85}, ""communication_mode"": ""BEACON"", ""timestamp"": 96867, ""packets_received"": 101, ""kalman_data"": {""altitude"": 0.26, ""vertical_velocity"": -1.76}, ""kalman_altitude"": 0.26, ""kalman_vertical_velocity"": -1.76, ""pyroDrogue"": 0, ""pyroMain"": 0, ""pyro1_state"": 0, ""pyro2_state"": 0}"
1764328750.750506,2025-11-28T14:19:10.750506,358,0,0,-0.81,-0.14,0.46,-54.6,-18.16,-6.01,-9.12,-10.09,0,0,0,34620,849.04,26.13,0.32,0,0,0,0,-90,0.27,-1.75,BEACON,"{""record_number"": 358, ""operation_mode"": 0, ""state"": 0, ""battery_voltage"": 0, ""wifi_rssi"": -90, ""acc_data"": {""ax"": -0.81, ""ay"": -0.14, ""az"": 0.46, ""pitch"": -54.6, ""roll"": -18.16}, ""gyro_data"": {""gx"": -6.01, ""gy"": -9.12, ""gz"": -10.09}, ""gps_data"": {""latitude"": 0, ""longitude"": 0, ""gps_altitude"": 0, ""time"": 34620}, ""alt_data"": {""pressure"": 849.04, ""temperature"": 26.13, ""AGL"": 0.32, ""velocity"": 0, ""kalman_altitude"": 0.27, ""kalman_vertical_velocity"": -1.75}, ""chute_state"": {""pyro1_state"": 0, ""pyro2_state"": 0}, ""connection_status"": {""connected"": true, ""has_ever_connected"": true, ""packet_age_ms"": 0, ""timeout_exceeded"": false, ""rssi"": -90}, ""communication_mode"": ""BEACON"", ""timestamp"": 96980, ""packets_received"": 102, ""kalman_data"": {""altitude"": 0.27, ""vertical_velocity"": -1.75}, ""kalman_altitude"": 0.27, ""kalman_vertical_velocity"": -1.75, ""pyroDrogue"": 0, ""pyroMain"": 0, ""pyro1_state"": 0, ""pyro2_state"": 0}"
1764328750.950581,2025-11-28T14:19:10.950581,360,0,0,-0.82,-0.14,0.44,-54.85,-16.97,-12.29,-7.68,-5.46,0,0,0,34620,849.02,26.13,0.51,0,0,0,0,-87,0.32,-1.7,BEACON,"{""record_number"": 360, ""operation_mode"": 0, ""state"": 0, ""battery_voltage"": 0, ""wifi_rssi"": -87, ""acc_data"": {""ax"": -0.82, ""ay"": -0.14, ""az"": 0.44, ""pitch"": -54.85, ""roll"": -16.97}, ""gyro_data"": {""gx"": -12.29, ""gy"": -7.68, ""gz"": -5.46}, ""gps_data"": {""latitude"": 0, ""longitude"": 0, ""gps_altitude"": 0, ""time"": 34620}, ""alt_data"": {""pressure"": 849.02, ""temperature"": 26.13, ""AGL"": 0.51, ""velocity"": 0, ""kalman_altitude"": 0.32, ""kalman_vertical_velocity"": -1.7}, ""chute_state"": {""pyro1_state"": 0, ""pyro2_state"": 0}, ""connection_status"": {""connected"": true, ""has_ever_connected"": true, ""packet_age_ms"": 1, ""timeout_exceeded"": false, ""rssi"": -87}, ""communication_mode"": ""BEACON"", ""timestamp"": 97092, ""packets_received"": 103, ""kalman_data"": {""altitude"": 0.32, ""vertical_velocity"": -1.7}, ""kalman_altitude"": 0.32, ""kalman_vertical_velocity"": -1.7, ""pyroDrogue"": 0, ""pyroMain"": 0, ""pyro1_state"": 0, ""pyro2_state"": 0}"
1764328751.052279,2025-11-28T14:19:11.052279,361,0,0,-0.81,-0.16,0.5,-53.74,-18.54,-5.73,-1.89,-3.72,0,0,0,34824,849.02,26.13,0.5,0,0,0,0,-85,0.36,-1.67,BEACON,"{""record_number"": 361, ""operation_mode"": 0, ""state"": 0, ""battery_voltage"": 0, ""wifi_rssi"": -85, ""acc_data"": {""ax"": -0.81, ""ay"": -0.16, ""az"": 0.5, ""pitch"": -53.74, ""roll"": -18.54}, ""gyro_data"": {""gx"": -5.73, ""gy"": -1.89, ""gz"": -3.72}, ""gps_data"": {""latitude"": 0, ""longitude"": 0, ""gps_altitude"": 0, ""time"": 34824}, ""alt_data"": {""pressure"": 849.02, ""temperature"": 26.13, ""AGL"": 0.5, ""velocity"": 0, ""kalman_altitude"": 0.36, ""kalman_vertical_velocity"": -1.67}, ""chute_state"": {""pyro1_state"": 0, ""pyro2_state"": 0}, ""connection_status"": {""connected"": true, ""has_ever_connected"": true, ""packet_age_ms"": 1, ""timeout_exceeded"": false, ""rssi"": -85}, ""communication_mode"": ""BEACON"", ""timestamp"": 97205, ""packets_received"": 104, ""kalman_data"": {""altitude"": 0.36, ""vertical_velocity"": -1.67}, ""kalman_altitude"": 0.36, ""kalman_vertical_velocity"": -1.67, ""pyroDrogue"": 0, ""pyroMain"": 0, ""pyro1_state"": 0, ""pyro2_state"": 0}"
1764328751.198534,2025-11-28T14:19:11.198534,363,0,0,-0.82,-0.14,0.47,-54.7,-16.94,-4.7,-1.8,0.88,0,0,0,35024,849.02,26.13,0.55,0,0,0,0,-90,0.38,-1.67,BEACON,"{""record_number"": 363, ""operation_mode"": 0, ""state"": 0, ""battery_voltage"": 0, ""wifi_rssi"": -90, ""acc_data"": {""ax"": -0.82, ""ay"": -0.14, ""az"": 0.47, ""pitch"": -54.7, ""roll"": -16.94}, ""gyro_data"": {""gx"": -4.7, ""gy"": -1.8, ""gz"": 0.88}, ""gps_data"": {""latitude"": 0, ""longitude"": 0, ""gps_altitude"": 0, ""time"": 35024}, ""alt_data"": {""pressure"": 849.02, ""temperature"": 26.13, ""AGL"": 0.55, ""velocity"": 0, ""kalman_altitude"": 0.38, ""kalman_vertical_velocity"": -1.67}, ""chute_state"": {""pyro1_state"": 0, ""pyro2_state"": 0}, ""connection_status"": {""connected"": true, ""has_ever_connected"": true, ""packet_age_ms"": 0, ""timeout_exceeded"": false, ""rssi"": -90}, ""communication_mode"": ""BEACON"", ""timestamp"": 97430, ""packets_received"": 105, ""kalman_data"": {""altitude"": 0.38, ""vertical_velocity"": -1.67}, ""kalman_altitude"": 0.38, ""kalman_vertical_velocity"": -1.67, ""pyroDrogue"": 0, ""pyroMain"": 0, ""pyro1_state"": 0, ""pyro2_state"": 0}"
1764328751.361848,2025-11-28T14:19:11.361848,365,0,0,-0.82,-0.15,0.47,-55.14,-17.61,1.16,3.63,-3.66,0,0,0,35024,849.04,26.13,0.36,0,0,0,0,-88,0.38,-1.67,BEACON,"{""record_number"": 365, ""operation_mode"": 0, ""state"": 0, ""battery_voltage"": 0, ""wifi_rssi"": -88, ""acc_data"": {""ax"": -0.82, ""ay"": -0.15, ""az"": 0.47, ""pitch"": -55.14, ""roll"": -17.61}, ""gyro_data"": {""gx"": 1.16, ""gy"": 3.63, ""gz"": -3.66}, ""gps_data"": {""latitude"": 0, ""longitude"": 0, ""gps_altitude"": 0, ""time"": 35024}, ""alt_data"": {""pressure"": 849.04, ""temperature"": 26.13, ""AGL"": 0.36, ""velocity"": 0, ""kalman_altitude"": 0.38, ""kalman_vertical_velocity"": -1.67}, ""chute_state"": {""pyro1_state"": 0, ""pyro2_state"": 0}, ""connection_status"": {""connected"": true, ""has_ever_connected"": true, ""packet_age_ms"": 1, ""timeout_exceeded"": false, ""rssi"": -88}, ""communication_mode"": ""BEACON"", ""timestamp"": 97542, ""packets_received"": 106, ""kalman_data"": {""altitude"": 0.38, ""vertical_velocity"": -1.67}, ""kalman_altitude"": 0.38, ""kalman_vertical_velocity"": -1.67, ""pyroDrogue"": 0, ""pyroMain"": 0, ""pyro1_state"": 0, ""pyro2_state"": 0}"
1764328751.482468,2025-11-28T14:19:11.482468,367,0,0,-0.82,-0.15,0.46,-54.8,-17.31,-9.05,-0.09,0.64,0,0,0,35424,849.04,26.13,0.3,0,0,0,0,-87,0.39,-1.68,BEACON,"{""record_number"": 367, ""operation_mode"": 0, ""state"": 0, ""battery_voltage"": 0, ""wifi_rssi"": -87, ""acc_data"": {""ax"": -0.82, ""ay"": -0.15, ""az"": 0.46, ""pitch"": -54.8, ""roll"": -17.31}, ""gyro_data"": {""gx"": -9.05, ""gy"": -0.09, ""gz"": 0.64}, ""gps_data"": {""latitude"": 0, ""longitude"": 0, ""gps_altitude"": 0, ""time"": 35424}, ""alt_data"": {""pressure"": 849.04, ""temperature"": 26.13, ""AGL"": 0.3, ""velocity"": 0, ""kalman_altitude"": 0.39, ""kalman_vertical_velocity"": -1.68}, ""chute_state"": {""pyro1_state"": 0, ""pyro2_state"": 0}, ""connection_status"": {""connected"": true, ""has_ever_connected"": true, ""packet_age_ms"": 0, ""timeout_exceeded"": false, ""rssi"": -87}, ""communication_mode"": ""BEACON"", ""timestamp"": 97765, ""packets_received"": 107, ""kalman_data"": {""altitude"": 0.39, ""vertical_velocity"": -1.68}, ""kalman_altitude"": 0.39, ""kalman_vertical_velocity"": -1.68, ""pyroDrogue"": 0, ""pyroMain"": 0, ""pyro1_state"": 0, ""pyro2_state"": 0}"
1764328751.754385,2025-11-28T14:19:11.754385,370,0,0,-0.81,-0.14,0.46,-54.99,-17.11,-6.68,-7.99,-5.98,0,0,0,35625,849,26.12,0.77,0,0,0,0,-88,0.52,-1.56,BEACON,"{""record_number"": 370, ""operation_mode"": 0, ""state"": 0, ""battery_voltage"": 0, ""wifi_rssi"": -88, ""acc_data"": {""ax"": -0.81, ""ay"": -0.14, ""az"": 0.46, ""pitch"": -54.99, ""roll"": -17.11}, ""gyro_data"": {""gx"": -6.68, ""gy"": -7.99, ""gz"": -5.98}, ""gps_data"": {""latitude"": 0, ""longitude"": 0, ""gps_altitude"": 0, ""time"": 35625}, ""alt_data"": {""pressure"": 849, ""temperature"": 26.12, ""AGL"": 0.77, ""velocity"": 0, ""kalman_altitude"": 0.52, ""kalman_vertical_velocity"": -1.56}, ""chute_state"": {""pyro1_state"": 0, ""pyro2_state"": 0}, ""connection_status"": {""connected"": true, ""has_ever_connected"": true, ""packet_age_ms"": 0, ""timeout_exceeded"": false, ""rssi"": -88}, ""communication_mode"": ""BEACON"", ""timestamp"": 97990, ""packets_received"": 108, ""kalman_data"": {""altitude"": 0.52, ""vertical_velocity"": -1.56}, ""kalman_altitude"": 0.52, ""kalman_vertical_velocity"": -1.56, ""pyroDrogue"": 0, ""pyroMain"": 0, ""pyro1_state"": 0, ""pyro2_state"": 0}"
1764328751.967744,2025-11-28T14:19:11.967744,371,0,0,-0.83,-0.13,0.43,-55.98,-16.81,-1.19,-0.98,-2.47,0,0,0,35625,849.02,26.13,0.54,0,0,0,0,-86,0.52,-1.56,BEACON,"{""record_number"": 371, ""operation_mode"": 0, ""state"": 0, ""battery_voltage"": 0, ""wifi_rssi"": -86, ""acc_data"": {""ax"": -0.83, ""ay"": -0.13, ""az"": 0.43, ""pitch"": -55.98, ""roll"": -16.81}, ""gyro_data"": {""gx"": -1.19, ""gy"": -0.98, ""gz"": -2.47}, ""gps_data"": {""latitude"": 0, ""longitude"": 0, ""gps_altitude"": 0, ""time"": 35625}, ""alt_data"": {""pressure"": 849.02, ""temperature"": 26.13, ""AGL"": 0.54, ""velocity"": 0, ""kalman_altitude"": 0.52, ""kalman_vertical_velocity"": -1.56}, ""chute_state"": {""pyro1_state"": 0, ""pyro2_state"": 0}, ""connection_status"": {""connected"": true, ""has_ever_connected"": true, ""packet_age_ms"": 1, ""timeout_exceeded"": false, ""rssi"": -86}, ""communication_mode"": ""BEACON"", ""timestamp"": 98103, ""packets_received"": 109, ""kalman_data"": {""altitude"": 0.52, ""vertical_velocity"": -1.56}, ""kalman_altitude"": 0.52, ""kalman_vertical_velocity"": -1.56, ""pyroDrogue"": 0, ""pyroMain"": 0, ""pyro1_state"": 0, ""pyro2_state"": 0}"
1764328752.087109,2025-11-28T14:19:12.087109,373,0,0,-0.81,-0.14,0.43,-55.24,-18.14,-17.68,-6.55,-3.9,0,0,0,35829,848.99,26.12,0.81,0,0,0,0,-91,0.58,-1.49,BEACON,"{""record_number"": 373, ""operation_mode"": 0, ""state"": 0, ""battery_voltage"": 0, ""wifi_rssi"": -91, ""acc_data"": {""ax"": -0.81, ""ay"": -0.14, ""az"": 0.43, ""pitch"": -55.24, ""roll"": -18.14}, ""gyro_data"": {""gx"": -17.68, ""gy"": -6.55, ""gz"": -3.9}, ""gps_data"": {""latitude"": 0, ""longitude"": 0, ""gps_altitude"": 0, ""time"": 35829}, ""alt_data"": {""pressure"": 848.99, ""temperature"": 26.12, ""AGL"": 0.81, ""velocity"": 0, ""kalman_altitude"": 0.58, ""kalman_vertical_velocity"": -1.49}, ""chute_state"": {""pyro1_state"": 0, ""pyro2_state"": 0}, ""connection_status"": {""connected"": true, ""has_ever_connected"": true, ""packet_age_ms"": 0, ""timeout_exceeded"": false, ""rssi"": -91}, ""communication_mode"": ""BEACON"", ""timestamp"": 98216, ""packets_received"": 110, ""kalman_data"": {""altitude"": 0.58, ""vertical_velocity"": -1.49}, ""kalman_altitude"": 0.58, ""kalman_vertical_velocity"": -1.49, ""pyroDrogue"": 0, ""pyroMain"": 0, ""pyro1_state"": 0, ""pyro2_state"": 0}"
1764328752.287519,2025-11-28T14:19:12.287519,377,0,0,-0.82,-0.16,0.48,-54.56,-18.8,-13.32,-4.36,-3.84,0,0,0,36029,849.06,26.13,0.15,0,0,0,0,-85,0.45,-1.68,BEACON,"{""record_number"": 377, ""operation_mode"": 0, ""state"": 0, ""battery_voltage"": 0, ""wifi_rssi"": -85, ""acc_data"": {""ax"": -0.82, ""ay"": -0.16, ""az"": 0.48, ""pitch"": -54.56, ""roll"": -18.8}, ""gyro_data"": {""gx"": -13.32, ""gy"": -4.36, ""gz"": -3.84}, ""gps_data"": {""latitude"": 0, ""longitude"": 0, ""gps_altitude"": 0, ""time"": 36029}, ""alt_data"": {""pressure"": 849.06, ""temperature"": 26.13, ""AGL"": 0.15, ""velocity"": 0, ""kalman_altitude"": 0.45, ""kalman_vertical_velocity"": -1.68}, ""chute_state"": {""pyro1_state"": 0, ""pyro2_state"": 0}, ""connection_status"": {""connected"": true, ""has_ever_connected"": true, ""packet_age_ms"": 0, ""timeout_exceeded"": false, ""rssi"": -85}, ""communication_mode"": ""BEACON"", ""timestamp"": 98552, ""packets_received"": 111, ""kalman_data"": {""altitude"": 0.45, ""vertical_velocity"": -1.68}, ""kalman_altitude"": 0.45, ""kalman_vertical_velocity"": -1.68, ""pyroDrogue"": 0, ""pyroMain"": 0, ""pyro1_state"": 0, ""pyro2_state"": 0}"
1764328752.897173,2025-11-28T14:19:12.897173,379,0,0,-0.82,-0.14,0.46,-54.36,-17.51,5.49,-1.43,-2.74,0,0,0,36429,849.04,26.13,0.3,0,0,0,0,-90,0.53,-1.62,BEACON,"{""record_number"": 379, ""operation_mode"": 0, ""state"": 0, ""battery_voltage"": 0, ""wifi_rssi"": -90, ""acc_data"": {""ax"": -0.82, ""ay"": -0.14, ""az"": 0.46, ""pitch"": -54.36, ""roll"": -17.51}, ""gyro_data"": {""gx"": 5.49, ""gy"": -1.43, ""gz"": -2.74}, ""gps_data"": {""latitude"": 0, ""longitude"": 0, ""gps_altitude"": 0, ""time"": 36429}, ""alt_data"": {""pressure"": 849.04, ""temperature"": 26.13, ""AGL"": 0.3, ""velocity"": 0, ""kalman_altitude"": 0.53, ""kalman_vertical_velocity"": -1.62}, ""chute_state"": {""pyro1_state"": 0, ""pyro2_state"": 0}, ""connection_status"": {""connected"": true, ""has_ever_connected"": true, ""packet_age_ms"": 0, ""timeout_exceeded"": false, ""rssi"": -90}, ""communication_mode"": ""BEACON"", ""timestamp"": 98775, ""packets_received"": 112, ""kalman_data"": {""altitude"": 0.53, ""vertical_velocity"": -1.62}, ""kalman_altitude"": 0.53, ""kalman_vertical_velocity"": -1.62, ""pyroDrogue"": 0, ""pyroMain"": 0, ""pyro1_state"": 0, ""pyro2_state"": 0}"
1764328753.253683,2025-11-28T14:19:13.253683,381,0,0,-0.82,-0.15,0.47,-55.58,-17.68,-7.99,-7.87,-5.46,0,0,0,36429,849.03,26.13,0.4,0,0,0,0,-86,0.49,-1.67,BEACON,"{""record_number"": 381, ""operation_mode"": 0, ""state"": 0, ""battery_voltage"": 0, ""wifi_rssi"": -86, ""acc_data"": {""ax"": -0.82, ""ay"": -0.15, ""az"": 0.47, ""pitch"": -55.58, ""roll"": -17.68}, ""gyro_data"": {""gx"": -7.99, ""gy"": -7.87, ""gz"": -5.46}, ""gps_data"": {""latitude"": 0, ""longitude"": 0, ""gps_altitude"": 0, ""time"": 36429}, ""alt_data"": {""pressure"": 849.03, ""temperature"": 26.13, ""AGL"": 0.4, ""velocity"": 0, ""kalman_altitude"": 0.49, ""kalman_vertical_velocity"": -1.67}, ""chute_state"": {""pyro1_state"": 0, ""pyro2_state"": 0}, ""connection_status"": {""connected"": true, ""has_ever_connected"": true, ""packet_age_ms"": 1, ""timeout_exceeded"": false, ""rssi"": -86}, ""communication_mode"": ""BEACON"", ""timestamp"": 98891, ""packets_received"": 113, ""kalman_data"": {""altitude"": 0.49, ""vertical_velocity"": -1.67}, ""kalman_altitude"": 0.49, ""kalman_vertical_velocity"": -1.67, ""pyroDrogue"": 0, ""pyroMain"": 0, ""pyro1_state"": 0, ""pyro2_state"": 0}"
1764328753.420682,2025-11-28T14:19:13.420682,383,0,0,-0.82,-0.15,0.46,-53.98,-18.37,-5.4,-1.55,-1.16,0,0,0,36630,849.01,26.13,0.62,0,0,0,0,-85,0.52,-1.66,BEACON,"{""record_number"": 383, ""operation_mode"": 0, ""state"": 0, ""battery_voltage"": 0, ""wifi_rssi"": -85, ""acc_data"": {""ax"": -0.82, ""ay"": -0.15, ""az"": 0.46, ""pitch"": -53.98, ""roll"": -18.37}, ""gyro_data"": {""gx"": -5.4, ""gy"": -1.55, ""gz"": -1.16}, ""gps_data"": {""latitude"": 0, ""longitude"": 0, ""gps_altitude"": 0, ""time"": 36630}, ""alt_data"": {""pressure"": 849.01, ""temperature"": 26.13, ""AGL"": 0.62, ""velocity"": 0, ""kalman_altitude"": 0.52, ""kalman_vertical_velocity"": -1.66}, ""chute_state"": {""pyro1_state"": 0, ""pyro2_state"": 0}, ""connection_status"": {""connected"": true, ""has_ever_connected"": true, ""packet_age_ms"": 0, ""timeout_exceeded"": false, ""rssi"": -85}, ""communication_mode"": ""BEACON"", ""timestamp"": 99113, ""packets_received"": 114, ""kalman_data"": {""altitude"": 0.52, ""vertical_velocity"": -1.66}, ""kalman_altitude"": 0.52, ""kalman_vertical_velocity"": -1.66, ""pyroDrogue"": 0, ""pyroMain"": 0, ""pyro1_state"": 0, ""pyro2_state"": 0}"
1764328753.765984,2025-11-28T14:19:13.765984,384,0,0,-0.81,-0.15,0.44,-54.94,-18.79,-11.55,-5.34,-5.3,0,0,0,36834,849.02,26.13,0.5,0,0,0,0,-89,0.51,-1.68,BEACON,"{""record_number"": 384, ""operation_mode"": 0, ""state"": 0, ""battery_voltage"": 0, ""wifi_rssi"": -89, ""acc_data"": {""ax"": -0.81, ""ay"": -0.15, ""az"": 0.44, ""pitch"": -54.94, ""roll"": -18.79}, ""gyro_data"": {""gx"": -11.55, ""gy"": -5.34, ""gz"": -5.3}, ""gps_data"": {""latitude"": 0, ""longitude"": 0, ""gps_altitude"": 0, ""time"": 36834}, ""alt_data"": {""pressure"": 849.02, ""temperature"": 26.13, ""AGL"": 0.5, ""velocity"": 0, ""kalman_altitude"": 0.51, ""kalman_vertical_velocity"": -1.68}, ""chute_state"": {""pyro1_state"": 0, ""pyro2_state"": 0}, ""connection_status"": {""connected"": true, ""has_ever_connected"": true, ""packet_age_ms"": 1, ""timeout_exceeded"": false, ""rssi"": -89}, ""communication_mode"": ""BEACON"", ""timestamp"": 99226, ""packets_received"": 115, ""kalman_data"": {""altitude"": 0.51, ""vertical_velocity"": -1.68}, ""kalman_altitude"": 0.51, ""kalman_vertical_velocity"": -1.68, ""pyroDrogue"": 0, ""pyroMain"": 0, ""pyro1_state"": 0, ""pyro2_state"": 0}"
1764328753.8991,2025-11-28T14:19:13.899100,390,0,0,-0.84,-0.09,0.41,-57.56,-13.66,25.43,-0.58,7.44,0,0,0,37233,849.04,26.13,0.36,0,0,0,0,-90,0.33,-1.92,BEACON,"{""record_number"": 390, ""operation_mode"": 0, ""state"": 0, ""battery_voltage"": 0, ""wifi_rssi"": -90, ""acc_data"": {""ax"": -0.84, ""ay"": -0.09, ""az"": 0.41, ""pitch"": -57.56, ""roll"": -13.66}, ""gyro_data"": {""gx"": 25.43, ""gy"": -0.58, ""gz"": 7.44}, ""gps_data"": {""latitude"": 0, ""longitude"": 0, ""gps_altitude"": 0, ""time"": 37233}, ""alt_data"": {""pressure"": 849.04, ""temperature"": 26.13, ""AGL"": 0.36, ""velocity"": 0, ""kalman_altitude"": 0.33, ""kalman_vertical_velocity"": -1.92}, ""chute_state"": {""pyro1_state"": 0, ""pyro2_state"": 0}, ""connection_status"": {""connected"": true, ""has_ever_connected"": true, ""packet_age_ms"": 0, ""timeout_exceeded"": false, ""rssi"": -90}, ""communication_mode"": ""BEACON"", ""timestamp"": 99674, ""packets_received"": 116, ""kalman_data"": {""altitude"": 0.33, ""vertical_velocity"": -1.92}, ""kalman_altitude"": 0.33, ""kalman_vertical_velocity"": -1.92, ""pyroDrogue"": 0, ""pyroMain"": 0, ""pyro1_state"": 0, ""pyro2_state"": 0}"
1764328754.135318,2025-11-28T14:19:14.135318,392,0,0,-0.82,-0.17,0.53,-54.65,-18.09,-5.76,-8.48,-19.91,0,0,0,37434,849.04,26.13,0.37,0,0,0,0,-89,0.31,-1.97,BEACON,"{""record_number"": 392, ""operation_mode"": 0, ""state"": 0, ""battery_voltage"": 0, ""wifi_rssi"": -89, ""acc_data"": {""ax"": -0.82, ""ay"": -0.17, ""az"": 0.53, ""pitch"": -54.65, ""roll"": -18.09}, ""gyro_data"": {""gx"": -5.76, ""gy"": -8.48, ""gz"": -19.91}, ""gps_data"": {""latitude"": 0, ""longitude"": 0, ""gps_altitude"": 0, ""time"": 37434}, ""alt_data"": {""pressure"": 849.04, ""temperature"": 26.13, ""AGL"": 0.37, ""velocity"": 0, ""kalman_altitude"": 0.31, ""kalman_vertical_velocity"": -1.97}, ""chute_state"": {""pyro1_state"": 0, ""pyro2_state"": 0}, ""connection_status"": {""connected"": true, ""has_ever_connected"": true, ""packet_age_ms"": 1, ""timeout_exceeded"": false, ""rssi"": -89}, ""communication_mode"": ""BEACON"", ""timestamp"": 99899, ""packets_received"": 117, ""kalman_data"": {""altitude"": 0.31, ""vertical_velocity"": -1.97}, ""kalman_altitude"": 0.31, ""kalman_vertical_velocity"": -1.97, ""pyroDrogue"": 0, ""pyroMain"": 0, ""pyro1_state"": 0, ""pyro2_state"": 0}"
1764328754.312477,2025-11-28T14:19:14.312477,394,0,0,-0.85,-0.12,0.44,-58.73,-14.52,-26.04,-4.45,1.52,0,0,0,37636,849.06,26.14,0.17,0,0,0,0,-85,0.27,-2.02,BEACON,"{""record_number"": 394, ""operation_mode"": 0, ""state"": 0, ""battery_voltage"": 0, ""wifi_rssi"": -85, ""acc_data"": {""ax"": -0.85, ""ay"": -0.12, ""az"": 0.44, ""pitch"": -58.73, ""roll"": -14.52}, ""gyro_data"": {""gx"": -26.04, ""gy"": -4.45, ""gz"": 1.52}, ""gps_data"": {""latitude"": 0, ""longitude"": 0, ""gps_altitude"": 0, ""time"": 37636}, ""alt_data"": {""pressure"": 849.06, ""temperature"": 26.14, ""AGL"": 0.17, ""velocity"": 0, ""kalman_altitude"": 0.27, ""kalman_vertical_velocity"": -2.02}, ""chute_state"": {""pyro1_state"": 0, ""pyro2_state"": 0}, ""connection_status"": {""connected"": true, ""has_ever_connected"": true, ""packet_age_ms"": 1, ""timeout_exceeded"": false, ""rssi"": -85}, ""communication_mode"": ""BEACON"", ""timestamp"": 100011, ""packets_received"": 118, ""kalman_data"": {""altitude"": 0.27, ""vertical_velocity"": -2.02}, ""kalman_altitude"": 0.27, ""kalman_vertical_velocity"": -2.02, ""pyroDrogue"": 0, ""pyroMain"": 0, ""pyro1_state"": 0, ""pyro2_state"": 0}"
1764328754.619778,2025-11-28T14:19:14.619778,400,0,0,-0.84,-0.12,0.46,-56.99,-15.59,12.53,0.03,-0.27,0,0,0,38039,849.06,26.14,0.13,0,0,0,0,-91,0.36,-1.97,BEACON,"{""record_number"": 400, ""operation_mode"": 0, ""state"": 0, ""battery_voltage"": 0, ""wifi_rssi"": -91, ""acc_data"": {""ax"": -0.84, ""ay"": -0.12, ""az"": 0.46, ""pitch"": -56.99, ""roll"": -15.59}, ""gyro_data"": {""gx"": 12.53, ""gy"": 0.03, ""gz"": -0.27}, ""gps_data"": {""latitude"": 0, ""longitude"": 0, ""gps_altitude"": 0, ""time"": 38039}, ""alt_data"": {""pressure"": 849.06, ""temperature"": 26.14, ""AGL"": 0.13, ""velocity"": 0, ""kalman_altitude"": 0.36, ""kalman_vertical_velocity"": -1.97}, ""chute_state"": {""pyro1_state"": 0, ""pyro2_state"": 0}, ""connection_status"": {""connected"": true, ""has_ever_connected"": true, ""packet_age_ms"": 0, ""timeout_exceeded"": false, ""rssi"": -91}, ""communication_mode"": ""BEACON"", ""timestamp"": 100572, ""packets_received"": 119, ""kalman_data"": {""altitude"": 0.36, ""vertical_velocity"": -1.97}, ""kalman_altitude"": 0.36, ""kalman_vertical_velocity"": -1.97, ""pyroDrogue"": 0, ""pyroMain"": 0, ""pyro1_state"": 0, ""pyro2_state"": 0}"
1764328759.648996,2025-11-28T14:19:19.648996,513,0,0,-0.61,-0.13,0.73,-37.24,-9.68,-1.86,-2.38,-4.51,0,0,0,47692,848.96,26.21,1.08,0,0,0,0,-78,0.97,-1.88,BEACON,"{""record_number"": 513, ""operation_mode"": 0, ""state"": 0, ""battery_voltage"": 0, ""wifi_rssi"": -78, ""acc_data"": {""ax"": -0.61, ""ay"": -0.13, ""az"": 0.73, ""pitch"": -37.24, ""roll"": -9.68}, ""gyro_data"": {""gx"": -1.86, ""gy"": -2.38, ""gz"": -4.51}, ""gps_data"": {""latitude"": 0, ""longitude"": 0, ""gps_altitude"": 0, ""time"": 47692}, ""alt_data"": {""pressure"": 848.96, ""temperature"": 26.21, ""AGL"": 1.08, ""velocity"": 0, ""kalman_altitude"": 0.97, ""kalman_vertical_velocity"": -1.88}, ""chute_state"": {""pyro1_state"": 0, ""pyro2_state"": 0}, ""connection_status"": {""connected"": true, ""has_ever_connected"": true, ""packet_age_ms"": 0, ""timeout_exceeded"": false, ""rssi"": -78}, ""communication_mode"": ""BEACON"", ""timestamp"": 110167, ""packets_received"": 148, ""kalman_data"": {""altitude"": 0.97, ""vertical_velocity"": -1.88}, ""kalman_altitude"": 0.97, ""kalman_vertical_velocity"": -1.88, ""pyroDrogue"": 0, ""pyroMain"": 0, ""pyro1_state"": 0, ""pyro2_state"": 0}"
1764328759.769779,2025-11-28T14:19:19.769779,514,0,0,-0.59,-0.12,0.74,-36.13,-9.24,-7.9,-2.56,-7.8,0,0,0,47894,848.97,26.22,0.99,0,0,0,0,-79,0.97,-1.88,BEACON,"{""record_number"": 514, ""operation_mode"": 0, ""state"": 0, ""battery_voltage"": 0, ""wifi_rssi"": -79, ""acc_data"": {""ax"": -0.59, ""ay"": -0.12, ""az"": 0.74, ""pitch"": -36.13, ""roll"": -9.24}, ""gyro_data"": {""gx"": -7.9, ""gy"": -2.56, ""gz"": -7.8}, ""gps_data"": {""latitude"": 0, ""longitude"": 0, ""gps_altitude"": 0, ""time"": 47894}, ""alt_data"": {""pressure"": 848.97, ""temperature"": 26.22, ""AGL"": 0.99, ""velocity"": 0, ""kalman_altitude"": 0.97, ""kalman_vertical_velocity"": -1.88}, ""chute_state"": {""pyro1_state"": 0, ""pyro2_state"": 0}, ""connection_status"": {""connected"": true, ""has_ever_connected"": true, ""packet_age_ms"": 1, ""timeout_exceeded"": false, ""rssi"": -79}, ""communication_mode"": ""BEACON"", ""timestamp"": 110278, ""packets_received"": 149, ""kalman_data"": {""altitude"": 0.97, ""vertical_velocity"": -1.88}, ""kalman_altitude"": 0.97, ""kalman_vertical_velocity"": -1.88, ""pyroDrogue"": 0, ""pyroMain"": 0, ""pyro1_state"": 0, ""pyro2_state"": 0}"
1764328760.183422,2025-11-28T14:19:20.183422,516,0,0,-0.6,-0.13,0.74,-36.75,-9.64,-10.7,0.52,3.32,0,0,0,48094,849,26.23,0.73,0,0,0,0,-81,0.85,-1.98,BEACON,"{""record_number"": 516, ""operation_mode"": 0, ""state"": 0, ""battery_voltage"": 0, ""wifi_rssi"": -81, ""acc_data"": {""ax"": -0.6, ""ay"": -0.13, ""az"": 0.74, ""pitch"": -36.75, ""roll"": -9.64}, ""gyro_data"": {""gx"": -10.7, ""gy"": 0.52, ""gz"": 3.32}, ""gps_data"": {""latitude"": 0, ""longitude"": 0, ""gps_altitude"": 0, ""time"": 48094}, ""alt_data"": {""pressure"": 849, ""temperature"": 26.23, ""AGL"": 0.73, ""velocity"": 0, ""kalman_altitude"": 0.85, ""kalman_vertical_velocity"": -1.98}, ""chute_state"": {""pyro1_state"": 0, ""pyro2_state"": 0}, ""connection_status"": {""connected"": true, ""has_ever_connected"": true, ""packet_age_ms"": 1, ""timeout_exceeded"": false, ""rssi"": -81}, ""communication_mode"": ""BEACON"", ""timestamp"": 110504, ""packets_received"": 150, ""kalman_data"": {""altitude"": 0.85, ""vertical_velocity"": -1.98}, ""kalman_altitude"": 0.85, ""kalman_vertical_velocity"": -1.98, ""pyroDrogue"": 0, ""pyroMain"": 0, ""pyro1_state"": 0, ""pyro2_state"": 0}"
1764328760.645526,2025-11-28T14:19:20.645526,518,0,0,-0.61,-0.13,0.74,-36.93,-10.04,-10.73,-4.36,7.26,0,0,0,48094,849.01,26.22,0.67,0,0,0,0,-80,0.76,-2.06,BEACON,"{""record_number"": 518, ""operation_mode"": 0, ""state"": 0, ""battery_voltage"": 0, ""wifi_rssi"": -80, ""acc_data"": {""ax"": -0.61, ""ay"": -0.13, ""az"": 0.74, ""pitch"": -36.93, ""roll"": -10.04}, ""gyro_data"": {""gx"": -10.73, ""gy"": -4.36, ""gz"": 7.26}, ""gps_data"": {""latitude"": 0, ""longitude"": 0, ""gps_altitude"": 0, ""time"": 48094}, ""alt_data"": {""pressure"": 849.01, ""temperature"": 26.22, ""AGL"": 0.67, ""velocity"": 0, ""kalman_altitude"": 0.76, ""kalman_vertical_velocity"": -2.06}, ""chute_state"": {""pyro1_state"": 0, ""pyro2_state"": 0}, ""connection_status"": {""connected"": true, ""has_ever_connected"": true, ""packet_age_ms"": 1, ""timeout_exceeded"": false, ""rssi"": -80}, ""communication_mode"": ""BEACON"", ""timestamp"": 110617, ""packets_received"": 151, ""kalman_data"": {""altitude"": 0.76, ""vertical_velocity"": -2.06}, ""kalman_altitude"": 0.76, ""kalman_vertical_velocity"": -2.06, ""pyroDrogue"": 0, ""pyroMain"": 0, ""pyro1_state"": 0, ""pyro2_state"": 0}"
1764328760.801056,2025-11-28T14:19:20.801056,519,0,0,-0.6,-0.14,0.75,-36.37,-9.72,-23.87,-11.89,-1.31,0,0,0,48293,849.02,26.23,0.48,0,0,0,0,-80,0.56,-2.23,BEACON,"{""record_number"": 519, ""operation_mode"": 0, ""state"": 0, ""battery_voltage"": 0, ""wifi_rssi"": -80, ""acc_data"": {""ax"": -0.6, ""ay"": -0.14, ""az"": 0.75, ""pitch"": -36.37, ""roll"": -9.72}, ""gyro_data"": {""gx"": -23.87, ""gy"": -11.89, ""gz"": -1.31}, ""gps_data"": {""latitude"": 0, ""longitude"": 0, ""gps_altitude"": 0, ""time"": 48293}, ""alt_data"": {""pressure"": 849.02, ""temperature"": 26.23, ""AGL"": 0.48, ""velocity"": 0, ""kalman_altitude"": 0.56, ""kalman_vertical_velocity"": -2.23}, ""chute_state"": {""pyro1_state"": 0, ""pyro2_state"": 0}, ""connection_status"": {""connected"": true, ""has_ever_connected"": true, ""packet_age_ms"": 0, ""timeout_exceeded"": false, ""rssi"": -80}, ""communication_mode"": ""BEACON"", ""timestamp"": 110730, ""packets_received"": 152, ""kalman_data"": {""altitude"": 0.56, ""vertical_velocity"": -2.23}, ""kalman_altitude"": 0.56, ""kalman_vertical_velocity"": -2.23, ""pyroDrogue"": 0, ""pyroMain"": 0, ""pyro1_state"": 0, ""pyro2_state"": 0}"
1764328760.926069,2025-11-28T14:19:20.926069,522,0,0,-0.59,-0.14,0.75,-36.68,-10.95,-1.62,-3.72,-9.21,0,0,0,48494,849,26.22,0.7,0,0,0,0,-80,0.6,-2.2,BEACON,"{""record_number"": 522, ""operation_mode"": 0, ""state"": 0, ""battery_voltage"": 0, ""wifi_rssi"": -80, ""acc_data"": {""ax"": -0.59, ""ay"": -0.14, ""az"": 0.75, ""pitch"": -36.68, ""roll"": -10.95}, ""gyro_data"": {""gx"": -1.62, ""gy"": -3.72, ""gz"": -9.21}, ""gps_data"": {""latitude"": 0, ""longitude"": 0, ""gps_altitude"": 0, ""time"": 48494}, ""alt_data"": {""pressure"": 849, ""temperature"": 26.22, ""AGL"": 0.7, ""velocity"": 0, ""kalman_altitude"": 0.6, ""kalman_vertical_velocity"": -2.2}, ""chute_state"": {""pyro1_state"": 0, ""pyro2_state"": 0}, ""connection_status"": {""connected"": true, ""has_ever_connected"": true, ""packet_age_ms"": 0, ""timeout_exceeded"": false, ""rssi"": -80}, ""communication_mode"": ""BEACON"", ""timestamp"": 110955, ""packets_received"": 153, ""kalman_data"": {""altitude"": 0.6, ""vertical_velocity"": -2.2}, ""kalman_altitude"": 0.6, ""kalman_vertical_velocity"": -2.2, ""pyroDrogue"": 0, ""pyroMain"": 0, ""pyro1_state"": 0, ""pyro2_state"": 0}"
1764328761.249554,2025-11-28T14:19:21.249554,523,0,0,-0.61,-0.12,0.74,-37.14,-8.57,3.41,-7.56,-11.89,0,0,0,48697,849.01,26.22,0.64,0,0,0,0,-79,0.61,-2.19,BEACON,"{""record_number"": 523, ""operation_mode"": 0, ""state"": 0, ""battery_voltage"": 0, ""wifi_rssi"": -79, ""acc_data"": {""ax"": -0.61, ""ay"": -0.12, ""az"": 0.74, ""pitch"": -37.14, ""roll"": -8.57}, ""gyro_data"": {""gx"": 3.41, ""gy"": -7.56, ""gz"": -11.89}, ""gps_data"": {""latitude"": 0, ""longitude"": 0, ""gps_altitude"": 0, ""time"": 48697}, ""alt_data"": {""pressure"": 849.01, ""temperature"": 26.22, ""AGL"": 0.64, ""velocity"": 0, ""kalman_altitude"": 0.61, ""kalman_vertical_velocity"": -2.19}, ""chute_state"": {""pyro1_state"": 0, ""pyro2_state"": 0}, ""connection_status"": {""connected"": true, ""has_ever_connected"": true, ""packet_age_ms"": 0, ""timeout_exceeded"": false, ""rssi"": -79}, ""communication_mode"": ""BEACON"", ""timestamp"": 111068, ""packets_received"": 154, ""kalman_data"": {""altitude"": 0.61, ""vertical_velocity"": -2.19}, ""kalman_altitude"": 0.61, ""kalman_vertical_velocity"": -2.19, ""pyroDrogue"": 0, ""pyroMain"": 0, ""pyro1_state"": 0, ""pyro2_state"": 0}"
1764328761.778537,2025-11-28T14:19:21.778537,537,0,0,-0.59,-0.12,0.78,-36.3,-8.7,-21.46,-39.05,5,0,0,0,49905,849,26.21,0.68,0,0,0,0,-78,0.67,-2.14,BEACON,"{""record_number"": 537, ""operation_mode"": 0, ""state"": 0, ""battery_voltage"": 0, ""wifi_rssi"": -78, ""acc_data"": {""ax"": -0.59, ""ay"": -0.12, ""az"": 0.78, ""pitch"": -36.3, ""roll"": -8.7}, ""gyro_data"": {""gx"": -21.46, ""gy"": -39.05, ""gz"": 5}, ""gps_data"": {""latitude"": 0, ""longitude"": 0, ""gps_altitude"": 0, ""time"": 49905}, ""alt_data"": {""pressure"": 849, ""temperature"": 26.21, ""AGL"": 0.68, ""velocity"": 0, ""kalman_altitude"": 0.67, ""kalman_vertical_velocity"": -2.14}, ""chute_state"": {""pyro1_state"": 0, ""pyro2_state"": 0}, ""connection_status"": {""connected"": true, ""has_ever_connected"": true, ""packet_age_ms"": 0, ""timeout_exceeded"": false, ""rssi"": -78}, ""communication_mode"": ""BEACON"", ""timestamp"": 112312, ""packets_received"": 162, ""kalman_data"": {""altitude"": 0.67, ""vertical_velocity"": -2.14}, ""kalman_altitude"": 0.67, ""kalman_vertical_velocity"": -2.14, ""pyroDrogue"": 0, ""pyroMain"": 0, ""pyro1_state"": 0, ""pyro2_state"": 0}"
1764328761.817542,2025-11-28T14:19:21.817542,540,0,0,-0.69,-0.09,0.82,-42.95,-6.45,-9.63,-184.24,225.91,0,0,0,50105,849.05,26.23,0.23,0,0,0,0,-78,0.32,-2.42,BEACON,"{""record_number"": 540, ""operation_mode"": 0, ""state"": 0, ""battery_voltage"": 0, ""wifi_rssi"": -78, ""acc_data"": {""ax"": -0.69, ""ay"": -0.09, ""az"": 0.82, ""pitch"": -42.95, ""roll"": -6.45}, ""gyro_data"": {""gx"": -9.63, ""gy"": -184.24, ""gz"": 225.91}, ""gps_data"": {""latitude"": 0, ""longitude"": 0, ""gps_altitude"": 0, ""time"": 50105}, ""alt_data"": {""pressure"": 849.05, ""temperature"": 26.23, ""AGL"": 0.23, ""velocity"": 0, ""kalman_altitude"": 0.32, ""kalman_vertical_velocity"": -2.42}, ""chute_state"": {""pyro1_state"": 0, ""pyro2_state"": 0}, ""connection_status"": {""connected"": true, ""has_ever_connected"": true, ""packet_age_ms"": 0, ""timeout_exceeded"": false, ""rssi"": -78}, ""communication_mode"": ""BEACON"", ""timestamp"": 112541, ""packets_received"": 163, ""kalman_data"": {""altitude"": 0.32, ""vertical_velocity"": -2.42}, ""kalman_altitude"": 0.32, ""kalman_vertical_velocity"": -2.42, ""pyroDrogue"": 0, ""pyroMain"": 0, ""pyro1_state"": 0, ""pyro2_state"": 0}"
1764328764.920257,2025-11-28T14:19:24.920257,541,0,0,-0.41,-0.05,0.78,-23.89,-3.99,-26.83,-196.31,255.58,0,0,0,50305,849,26.22,0.71,0,0,0,0,-75,0.51,-2.26,BEACON,"{""record_number"": 541, ""operation_mode"": 0, ""state"": 0, ""battery_voltage"": 0, ""wifi_rssi"": -75, ""acc_data"": {""ax"": -0.41, ""ay"": -0.05, ""az"": 0.78, ""pitch"": -23.89, ""roll"": -3.99}, ""gyro_data"": {""gx"": -26.83, ""gy"": -196.31, ""gz"": 255.58}, ""gps_data"": {""latitude"": 0, ""longitude"": 0, ""gps_altitude"": 0, ""time"": 50305}, ""alt_data"": {""pressure"": 849, ""temperature"": 26.22, ""AGL"": 0.71, ""velocity"": 0, ""kalman_altitude"": 0.51, ""kalman_vertical_velocity"": -2.26}, ""chute_state"": {""pyro1_state"": 0, ""pyro2_state"": 0}, ""connection_status"": {""connected"": true, ""has_ever_connected"": true, ""packet_age_ms"": 0, ""timeout_exceeded"": false, ""rssi"": -75}, ""communication_mode"": ""BEACON"", ""timestamp"": 112651, ""packets_received"": 164, ""kalman_data"": {""altitude"": 0.51, ""vertical_velocity"": -2.26}, ""kalman_altitude"": 0.51, ""kalman_vertical_velocity"": -2.26, ""pyroDrogue"": 0, ""pyroMain"": 0, ""pyro1_state"": 0, ""pyro2_state"": 0}"
1764328765.549651,2025-11-28T14:19:25.549651,543,0,0,-0.11,-0.18,0.93,-6.23,-11.62,-249.85,10.4,-125.91,0,0,0,50305,849.03,26.22,0.38,0,0,0,0,-74,0.44,-2.31,BEACON,"{""record_number"": 543, ""operation_mode"": 0, ""state"": 0, ""battery_voltage"": 0, ""wifi_rssi"": -74, ""acc_data"": {""ax"": -0.11, ""ay"": -0.18, ""az"": 0.93, ""pitch"": -6.23, ""roll"": -11.62}, ""gyro_data"": {""gx"": -249.85, ""gy"": 10.4, ""gz"": -125.91}, ""gps_data"": {""latitude"": 0, ""longitude"": 0, ""gps_altitude"": 0, ""time"": 50305}, ""alt_data"": {""pressure"": 849.03, ""temperature"": 26.22, ""AGL"": 0.38, ""velocity"": 0, ""kalman_altitude"": 0.44, ""kalman_vertical_velocity"": -2.31}, ""chute_state"": {""pyro1_state"": 0, ""pyro2_state"": 0}, ""connection_status"": {""connected"": true, ""has_ever_connected"": true, ""packet_age_ms"": 0, ""timeout_exceeded"": false, ""rssi"": -74}, ""communication_mode"": ""BEACON"", ""timestamp"": 112764, ""packets_received"": 165, ""kalman_data"": {""altitude"": 0.44, ""vertical_velocity"": -2.31}, ""kalman_altitude"": 0.44, ""kalman_vertical_velocity"": -2.31, ""pyroDrogue"": 0, ""pyroMain"": 0, ""pyro1_state"": 0, ""pyro2_state"": 0}"
1764328765.984067,2025-11-28T14:19:25.984067,544,0,0,-0.59,-0.24,0.89,-37.31,-15.12,-171.89,34.88,-225.85,0,0,0,50505,848.98,26.22,0.93,0,0,0,0,-76,0.71,-2.09,BEACON,"{""record_number"": 544, ""operation_mode"": 0, ""state"": 0, ""battery_voltage"": 0, ""wifi_rssi"": -76, ""acc_data"": {""ax"": -0.59, ""ay"": -0.24, ""az"": 0.89, ""pitch"": -37.31, ""roll"": -15.12}, ""gyro_data"": {""gx"": -171.89, ""gy"": 34.88, ""gz"": -225.85}, ""gps_data"": {""latitude"": 0, ""longitude"": 0, ""gps_altitude"": 0, ""time"": 50505}, ""alt_data"": {""pressure"": 848.98, ""temperature"": 26.22, ""AGL"": 0.93, ""velocity"": 0, ""kalman_altitude"": 0.71, ""kalman_vertical_velocity"": -2.09}, ""chute_state"": {""pyro1_state"": 0, ""pyro2_state"": 0}, ""connection_status"": {""connected"": true, ""has_ever_connected"": true, ""packet_age_ms"": 0, ""timeout_exceeded"": false, ""rssi"": -76}, ""communication_mode"": ""BEACON"", ""timestamp"": 112876, ""packets_received"": 166, ""kalman_data"": {""altitude"": 0.71, ""vertical_velocity"": -2.09}, ""kalman_altitude"": 0.71, ""kalman_vertical_velocity"": -2.09, ""pyroDrogue"": 0, ""pyroMain"": 0, ""pyro1_state"": 0, ""pyro2_state"": 0}"
1764328766.550971,2025-11-28T14:19:26.550971,593,0,0,-0.41,-0.01,0.93,-24.72,-1.31,-50.76,-36.46,68.57,0,0,0,54525,848.99,26.23,0.8,0,0,0,0,-72,0.78,-1.91,BEACON,"{""record_number"": 593, ""operation_mode"": 0, ""state"": 0, ""battery_voltage"": 0, ""wifi_rssi"": -72, ""acc_data"": {""ax"": -0.41, ""ay"": -0.01, ""az"": 0.93, ""pitch"": -24.72, ""roll"": -1.31}, ""gyro_data"": {""gx"": -50.76, ""gy"": -36.46, ""gz"": 68.57}, ""gps_data"": {""latitude"": 0, ""longitude"": 0, ""gps_altitude"": 0, ""time"": 54525}, ""alt_data"": {""pressure"": 848.99, ""temperature"": 26.23, ""AGL"": 0.8, ""velocity"": 0, ""kalman_altitude"": 0.78, ""kalman_vertical_velocity"": -1.91}, ""chute_state"": {""pyro1_state"": 0, ""pyro2_state"": 0}, ""connection_status"": {""connected"": true, ""has_ever_connected"": true, ""packet_age_ms"": 0, ""timeout_exceeded"": false, ""rssi"": -72}, ""communication_mode"": ""BEACON"", ""timestamp"": 117056, ""packets_received"": 202, ""kalman_data"": {""altitude"": 0.78, ""vertical_velocity"": -1.91}, ""kalman_altitude"": 0.78, ""kalman_vertical_velocity"": -1.91, ""pyroDrogue"": 0, ""pyroMain"": 0, ""pyro1_state"": 0, ""pyro2_state"": 0}"
1764328766.657401,2025-11-28T14:19:26.657401,594,0,0,-0.31,-0.04,0.96,-18.6,-1.99,26.59,-67.5,44.57,0,0,0,54730,849.01,26.25,0.63,0,0,0,0,-72,0.7,-1.97,BEACON,"{""record_number"": 594, ""operation_mode"": 0, ""state"": 0, ""battery_voltage"": 0, ""wifi_rssi"": -72, ""acc_data"": {""ax"": -0.31, ""ay"": -0.04, ""az"": 0.96, ""pitch"": -18.6, ""roll"": -1.99}, ""gyro_data"": {""gx"": 26.59, ""gy"": -67.5, ""gz"": 44.57}, ""gps_data"": {""latitude"": 0, ""longitude"": 0, ""gps_altitude"": 0, ""time"": 54730}, ""alt_data"": {""pressure"": 849.01, ""temperature"": 26.25, ""AGL"": 0.63, ""velocity"": 0, ""kalman_altitude"": 0.7, ""kalman_vertical_velocity"": -1.97}, ""chute_state"": {""pyro1_state"": 0, ""pyro2_state"": 0}, ""connection_status"": {""connected"": true, ""has_ever_connected"": true, ""packet_age_ms"": 0, ""timeout_exceeded"": false, ""rssi"": -72}, ""communication_mode"": ""BEACON"", ""timestamp"": 117169, ""packets_received"": 203, ""kalman_data"": {""altitude"": 0.7, ""vertical_velocity"": -1.97}, ""kalman_altitude"": 0.7, ""kalman_vertical_velocity"": -1.97, ""pyroDrogue"": 0, ""pyroMain"": 0, ""pyro1_state"": 0, ""pyro2_state"": 0}"
1764328766.832118,2025-11-28T14:19:26.832118,595,0,0,-0.35,0.05,0.89,-20.47,2.91,47.1,-35.21,-59.21,0,0,0,54931,849.01,26.24,0.64,0,0,0,0,-72,0.66,-1.99,BEACON,"{""record_number"": 595, ""operation_mode"": 0, ""state"": 0, ""battery_voltage"": 0, ""wifi_rssi"": -72, ""acc_data"": {""ax"": -0.35, ""ay"": 0.05, ""az"": 0.89, ""pitch"": -20.47, ""roll"": 2.91}, ""gyro_data"": {""gx"": 47.1, ""gy"": -35.21, ""gz"": -59.21}, ""gps_data"": {""latitude"": 0, ""longitude"": 0, ""gps_altitude"": 0, ""time"": 54931}, ""alt_data"": {""pressure"": 849.01, ""temperature"": 26.24, ""AGL"": 0.64, ""velocity"": 0, ""kalman_altitude"": 0.66, ""kalman_vertical_velocity"": -1.99}, ""chute_state"": {""pyro1_state"": 0, ""pyro2_state"": 0}, ""connection_status"": {""connected"": true, ""has_ever_connected"": true, ""packet_age_ms"": 1, ""timeout_exceeded"": false, ""rssi"": -72}, ""communication_mode"": ""BEACON"", ""timestamp"": 117281, ""packets_received"": 204, ""kalman_data"": {""altitude"": 0.66, ""vertical_velocity"": -1.99}, ""kalman_altitude"": 0.66, ""kalman_vertical_velocity"": -1.99, ""pyroDrogue"": 0, ""pyroMain"": 0, ""pyro1_state"": 0, ""pyro2_state"": 0}"
1764328767.127061,2025-11-28T14:19:27.127061,597,0,0,-0.32,0.01,0.91,-18.81,0.34,42.99,12.07,-46.55,0,0,0,54931,848.97,26.23,1.02,0,0,0,0,-71,0.84,-1.86,BEACON,"{""record_number"": 597, ""operation_mode"": 0, ""state"": 0, ""battery_voltage"": 0, ""wifi_rssi"": -71, ""acc_data"": {""ax"": -0.32, ""ay"": 0.01, ""az"": 0.91, ""pitch"": -18.81, ""roll"": 0.34}, ""gyro_data"": {""gx"": 42.99, ""gy"": 12.07, ""gz"": -46.55}, ""gps_data"": {""latitude"": 0, ""longitude"": 0, ""gps_altitude"": 0, ""time"": 54931}, ""alt_data"": {""pressure"": 848.97, ""temperature"": 26.23, ""AGL"": 1.02, ""velocity"": 0, ""kalman_altitude"": 0.84, ""kalman_vertical_velocity"": -1.86}, ""chute_state"": {""pyro1_state"": 0, ""pyro2_state"": 0}, ""connection_status"": {""connected"": true, ""has_ever_connected"": true, ""packet_age_ms"": 0, ""timeout_exceeded"": false, ""rssi"": -71}, ""communication_mode"": ""BEACON"", ""timestamp"": 117394, ""packets_received"": 205, ""kalman_data"": {""altitude"": 0.84, ""vertical_velocity"": -1.86}, ""kalman_altitude"": 0.84, ""kalman_vertical_velocity"": -1.86, ""pyroDrogue"": 0, ""pyroMain"": 0, ""pyro1_state"": 0, ""pyro2_state"": 0}"
1764328767.224933,2025-11-28T14:19:27.224933,598,0,0,-0.36,-0.05,0.93,-21.43,-2.91,-23.93,32.13,-22.59,0,0,0,55131,849.03,26.24,0.43,0,0,0,0,-72,0.6,-2.03,BEACON,"{""record_number"": 598, ""operation_mode"": 0, ""state"": 0, ""battery_voltage"": 0, ""wifi_rssi"": -72, ""acc_data"": {""ax"": -0.36, ""ay"": -0.05, ""az"": 0.93, ""pitch"": -21.43, ""roll"": -2.91}, ""gyro_data"": {""gx"": -23.93, ""gy"": 32.13, ""gz"": -22.59}, ""gps_data"": {""latitude"": 0, ""longitude"": 0, ""gps_altitude"": 0, ""time"": 55131}, ""alt_data"": {""pressure"": 849.03, ""temperature"": 26.24, ""AGL"": 0.43, ""velocity"": 0, ""kalman_altitude"": 0.6, ""kalman_vertical_velocity"": -2.03}, ""chute_state"": {""pyro1_state"": 0, ""pyro2_state"": 0}, ""connection_status"": {""connected"": true, ""has_ever_connected"": true, ""packet_age_ms"": 1, ""timeout_exceeded"": false, ""rssi"": -72}, ""communication_mode"": ""BEACON"", ""timestamp"": 117506, ""packets_received"": 206, ""kalman_data"": {""altitude"": 0.6, ""vertical_velocity"": -2.03}, ""kalman_altitude"": 0.6, ""kalman_vertical_velocity"": -2.03, ""pyroDrogue"": 0, ""pyroMain"": 0, ""pyro1_state"": 0, ""pyro2_state"": 0}"
1764328767.339936,2025-11-28T14:19:27.339936,599,0,0,-0.37,-0.02,0.91,-22.58,-1.51,34.79,20.73,-56.98,0,0,0,55131,849.04,26.25,0.34,0,0,0,0,-73,0.45,-2.14,BEACON,"{""record_number"": 599, ""operation_mode"": 0, ""state"": 0, ""battery_voltage"": 0, ""wifi_rssi"": -73, ""acc_data"": {""ax"": -0.37, ""ay"": -0.02, ""az"": 0.91, ""pitch"": -22.58, ""roll"": -1.51}, ""gyro_data"": {""gx"": 34.79, ""gy"": 20.73, ""gz"": -56.98}, ""gps_data"": {""latitude"": 0, ""longitude"": 0, ""gps_altitude"": 0, ""time"": 55131}, ""alt_data"": {""pressure"": 849.04, ""temperature"": 26.25, ""AGL"": 0.34, ""velocity"": 0, ""kalman_altitude"": 0.45, ""kalman_vertical_velocity"": -2.14}, ""chute_state"": {""pyro1_state"": 0, ""pyro2_state"": 0}, ""connection_status"": {""connected"": true, ""has_ever_connected"": true, ""packet_age_ms"": 0, ""timeout_exceeded"": false, ""rssi"": -73}, ""communication_mode"": ""BEACON"", ""timestamp"": 117618, ""packets_received"": 207, ""kalman_data"": {""altitude"": 0.45, ""vertical_velocity"": -2.14}, ""kalman_altitude"": 0.45, ""kalman_vertical_velocity"": -2.14, ""pyroDrogue"": 0, ""pyroMain"": 0, ""pyro1_state"": 0, ""pyro2_state"": 0}"
1764328767.439933,2025-11-28T14:19:27.439933,601,0,0,-0.38,0.03,0.91,-22.91,1.5,-25.98,3.93,12.8,0,0,0,55330,848.95,26.25,1.17,0,0,0,0,-73,0.86,-1.83,BEACON,"{""record_number"": 601, ""operation_mode"": 0, ""state"": 0, ""battery_voltage"": 0, ""wifi_rssi"": -73, ""acc_data"": {""ax"": -0.38, ""ay"": 0.03, ""az"": 0.91, ""pitch"": -22.91, ""roll"": 1.5}, ""gyro_data"": {""gx"": -25.98, ""gy"": 3.93, ""gz"": 12.8}, ""gps_data"": {""latitude"": 0, ""longitude"": 0, ""gps_altitude"": 0, ""time"": 55330}, ""alt_data"": {""pressure"": 848.95, ""temperature"": 26.25, ""AGL"": 1.17, ""velocity"": 0, ""kalman_altitude"": 0.86, ""kalman_vertical_velocity"": -1.83}, ""chute_state"": {""pyro1_state"": 0, ""pyro2_state"": 0}, ""connection_status"": {""connected"": true, ""has_ever_connected"": true, ""packet_age_ms"": 1, ""timeout_exceeded"": false, ""rssi"": -73}, ""communication_mode"": ""BEACON"", ""timestamp"": 117731, ""packets_received"": 208, ""kalman_data"": {""altitude"": 0.86, ""vertical_velocity"": -1.83}, ""kalman_altitude"": 0.86, ""kalman_vertical_velocity"": -1.83, ""pyroDrogue"": 0, ""pyroMain"": 0, ""pyro1_state"": 0, ""pyro2_state"": 0}"
1764328767.539307,2025-11-28T14:19:27.539307,602,0,0,-0.38,-0.03,0.92,-21.61,-2.06,-24.63,3.69,11.68,0,0,0,55330,849.07,26.25,0.06,0,0,0,0,-72,0.54,-2.06,BEACON,"{""record_number"": 602, ""operation_mode"": 0, ""state"": 0, ""battery_voltage"": 0, ""wifi_rssi"": -72, ""acc_data"": {""ax"": -0.38, ""ay"": -0.03, ""az"": 0.92, ""pitch"": -21.61, ""roll"": -2.06}, ""gyro_data"": {""gx"": -24.63, ""gy"": 3.69, ""gz"": 11.68}, ""gps_data"": {""latitude"": 0, ""longitude"": 0, ""gps_altitude"": 0, ""time"": 55330}, ""alt_data"": {""pressure"": 849.07, ""temperature"": 26.25, ""AGL"": 0.06, ""velocity"": 0, ""kalman_altitude"": 0.54, ""kalman_vertical_velocity"": -2.06}, ""chute_state"": {""pyro1_state"": 0, ""pyro2_state"": 0}, ""connection_status"": {""connected"": true, ""has_ever_connected"": true, ""packet_age_ms"": 0, ""timeout_exceeded"": false, ""rssi"": -72}, ""communication_mode"": ""BEACON"", ""timestamp"": 117844, ""packets_received"": 209, ""kalman_data"": {""altitude"": 0.54, ""vertical_velocity"": -2.06}, ""kalman_altitude"": 0.54, ""kalman_vertical_velocity"": -2.06, ""pyroDrogue"": 0, ""pyroMain"": 0, ""pyro1_state"": 0, ""pyro2_state"": 0}"
1764328767.685114,2025-11-28T14:19:27.685114,603,0,0,-0.38,-0.02,0.9,-21.85,-1.34,-7.5,4.39,5.46,0,0,0,55531,848.98,26.24,0.93,0,0,0,0,-73,0.76,-1.89,BEACON,"{""record_number"": 603, ""operation_mode"": 0, ""state"": 0, ""battery_voltage"": 0, ""wifi_rssi"": -73, ""acc_data"": {""ax"": -0.38, ""ay"": -0.02, ""az"": 0.9, ""pitch"": -21.85, ""roll"": -1.34}, ""gyro_data"": {""gx"": -7.5, ""gy"": 4.39, ""gz"": 5.46}, ""gps_data"": {""latitude"": 0, ""longitude"": 0, ""gps_altitude"": 0, ""time"": 55531}, ""alt_data"": {""pressure"": 848.98, ""temperature"": 26.24, ""AGL"": 0.93, ""velocity"": 0, ""kalman_altitude"": 0.76, ""kalman_vertical_velocity"": -1.89}, ""chute_state"": {""pyro1_state"": 0, ""pyro2_state"": 0}, ""connection_status"": {""connected"": true, ""has_ever_connected"": true, ""packet_age_ms"": 0, ""timeout_exceeded"": false, ""rssi"": -73}, ""communication_mode"": ""BEACON"", ""timestamp"": 117957, ""packets_received"": 210, ""kalman_data"": {""altitude"": 0.76, ""vertical_velocity"": -1.89}, ""kalman_altitude"": 0.76, ""kalman_vertical_velocity"": -1.89, ""pyroDrogue"": 0, ""pyroMain"": 0, ""pyro1_state"": 0, ""pyro2_state"": 0}"
1764328767.87824,2025-11-28T14:19:27.878240,605,0,0,-0.37,0.02,0.91,-22.52,1.17,-3.75,5.43,-1.04,0,0,0,55531,849,26.25,0.77,0,0,0,0,-72,0.76,-1.89,BEACON,"{""record_number"": 605, ""operation_mode"": 0, ""state"": 0, ""battery_voltage"": 0, ""wifi_rssi"": -72, ""acc_data"": {""ax"": -0.37, ""ay"": 0.02, ""az"": 0.91, ""pitch"": -22.52, ""roll"": 1.17}, ""gyro_data"": {""gx"": -3.75, ""gy"": 5.43, ""gz"": -1.04}, ""gps_data"": {""latitude"": 0, ""longitude"": 0, ""gps_altitude"": 0, ""time"": 55531}, ""alt_data"": {""pressure"": 849, ""temperature"": 26.25, ""AGL"": 0.77, ""velocity"": 0, ""kalman_altitude"": 0.76, ""kalman_vertical_velocity"": -1.89}, ""chute_state"": {""pyro1_state"": 0, ""pyro2_state"": 0}, ""connection_status"": {""connected"": true, ""has_ever_connected"": true, ""packet_age_ms"": 0, ""timeout_exceeded"": false, ""rssi"": -72}, ""communication_mode"": ""BEACON"", ""timestamp"": 118071, ""packets_received"": 211, ""kalman_data"": {""altitude"": 0.76, ""vertical_velocity"": -1.89}, ""kalman_altitude"": 0.76, ""kalman_vertical_velocity"": -1.89, ""pyroDrogue"": 0, ""pyroMain"": 0, ""pyro1_state"": 0, ""pyro2_state"": 0}"
1764328767.994314,2025-11-28T14:19:27.994314,606,0,0,-0.41,0.01,0.88,-23.67,0.35,-20.55,-3.32,1.22,0,0,0,55739,848.99,26.25,0.85,0,0,0,0,-73,0.7,-1.93,BEACON,"{""record_number"": 606, ""operation_mode"": 0, ""state"": 0, ""battery_voltage"": 0, ""wifi_rssi"": -73, ""acc_data"": {""ax"": -0.41, ""ay"": 0.01, ""az"": 0.88, ""pitch"": -23.67, ""roll"": 0.35}, ""gyro_data"": {""gx"": -20.55, ""gy"": -3.32, ""gz"": 1.22}, ""gps_data"": {""latitude"": 0, ""longitude"": 0, ""gps_altitude"": 0, ""time"": 55739}, ""alt_data"": {""pressure"": 848.99, ""temperature"": 26.25, ""AGL"": 0.85, ""velocity"": 0, ""kalman_altitude"": 0.7, ""kalman_vertical_velocity"": -1.93}, ""chute_state"": {""pyro1_state"": 0, ""pyro2_state"": 0}, ""connection_status"": {""connected"": true, ""has_ever_connected"": true, ""packet_age_ms"": 1, ""timeout_exceeded"": false, ""rssi"": -73}, ""communication_mode"": ""BEACON"", ""timestamp"": 118185, ""packets_received"": 212, ""kalman_data"": {""altitude"": 0.7, ""vertical_velocity"": -1.93}, ""kalman_altitude"": 0.7, ""kalman_vertical_velocity"": -1.93, ""pyroDrogue"": 0, ""pyroMain"": 0, ""pyro1_state"": 0, ""pyro2_state"": 0}"
1764328768.107668,2025-11-28T14:19:28.107668,607,0,0,-0.4,0,0.9,-23.52,-0.38,-2.04,8.48,-4.94,0,0,0,55939,849.03,26.25,0.38,0,0,0,0,-73,0.51,-2.06,BEACON,"{""record_number"": 607, ""operation_mode"": 0, ""state"": 0, ""battery_voltage"": 0, ""wifi_rssi"": -73, ""acc_data"": {""ax"": -0.4, ""ay"": 0, ""az"": 0.9, ""pitch"": -23.52, ""roll"": -0.38}, ""gyro_data"": {""gx"": -2.04, ""gy"": 8.48, ""gz"": -4.94}, ""gps_data"": {""latitude"": 0, ""longitude"": 0, ""gps_altitude"": 0, ""time"": 55939}, ""alt_data"": {""pressure"": 849.03, ""temperature"": 26.25, ""AGL"": 0.38, ""velocity"": 0, ""kalman_altitude"": 0.51, ""kalman_vertical_velocity"": -2.06}, ""chute_state"": {""pyro1_state"": 0, ""pyro2_state"": 0}, ""connection_status"": {""connected"": true, ""has_ever_connected"": true, ""packet_age_ms"": 1, ""timeout_exceeded"": false, ""rssi"": -73}, ""communication_mode"": ""BEACON"", ""timestamp"": 118297, ""packets_received"": 213, ""kalman_data"": {""altitude"": 0.51, ""vertical_velocity"": -2.06}, ""kalman_altitude"": 0.51, ""kalman_vertical_velocity"": -2.06, ""pyroDrogue"": 0, ""pyroMain"": 0, ""pyro1_state"": 0, ""pyro2_state"": 0}"
1764328768.202962,2025-11-28T14:19:28.202962,609,0,0,-0.41,0.03,0.86,-24.13,1.89,1.74,7.87,3.14,0,0,0,55939,849,26.25,0.77,0,0,0,0,-73,0.66,-1.95,BEACON,"{""record_number"": 609, ""operation_mode"": 0, ""state"": 0, ""battery_voltage"": 0, ""wifi_rssi"": -73, ""acc_data"": {""ax"": -0.41, ""ay"": 0.03, ""az"": 0.86, ""pitch"": -24.13, ""roll"": 1.89}, ""gyro_data"": {""gx"": 1.74, ""gy"": 7.87, ""gz"": 3.14}, ""gps_data"": {""latitude"": 0, ""longitude"": 0, ""gps_altitude"": 0, ""time"": 55939}, ""alt_data"": {""pressure"": 849, ""temperature"": 26.25, ""AGL"": 0.77, ""velocity"": 0, ""kalman_altitude"": 0.66, ""kalman_vertical_velocity"": -1.95}, ""chute_state"": {""pyro1_state"": 0, ""pyro2_state"": 0}, ""connection_status"": {""connected"": true, ""has_ever_connected"": true, ""packet_age_ms"": 1, ""timeout_exceeded"": false, ""rssi"": -73}, ""communication_mode"": ""BEACON"", ""timestamp"": 118409, ""packets_received"": 214, ""kalman_data"": {""altitude"": 0.66, ""vertical_velocity"": -1.95}, ""kalman_altitude"": 0.66, ""kalman_vertical_velocity"": -1.95, ""pyroDrogue"": 0, ""pyroMain"": 0, ""pyro1_state"": 0, ""pyro2_state"": 0}"
1764328768.331132,2025-11-28T14:19:28.331132,610,0,0,-0.4,0,0.9,-23.34,0.22,-21.55,-15.27,-9.02,0,0,0,56140,849.04,26.25,0.34,0,0,0,0,-72,0.63,-1.97,BEACON,"{""record_number"": 610, ""operation_mode"": 0, ""state"": 0, ""battery_voltage"": 0, ""wifi_rssi"": -72, ""acc_data"": {""ax"": -0.4, ""ay"": 0, ""az"": 0.9, ""pitch"": -23.34, ""roll"": 0.22}, ""gyro_data"": {""gx"": -21.55, ""gy"": -15.27, ""gz"": -9.02}, ""gps_data"": {""latitude"": 0, ""longitude"": 0, ""gps_altitude"": 0, ""time"": 56140}, ""alt_data"": {""pressure"": 849.04, ""temperature"": 26.25, ""AGL"": 0.34, ""velocity"": 0, ""kalman_altitude"": 0.63, ""kalman_vertical_velocity"": -1.97}, ""chute_state"": {""pyro1_state"": 0, ""pyro2_state"": 0}, ""connection_status"": {""connected"": true, ""has_ever_connected"": true, ""packet_age_ms"": 1, ""timeout_exceeded"": false, ""rssi"": -72}, ""communication_mode"": ""BEACON"", ""timestamp"": 118522, ""packets_received"": 215, ""kalman_data"": {""altitude"": 0.63, ""vertical_velocity"": -1.97}, ""kalman_altitude"": 0.63, ""kalman_vertical_velocity"": -1.97, ""pyroDrogue"": 0, ""pyroMain"": 0, ""pyro1_state"": 0, ""pyro2_state"": 0}"
1764328768.489532,2025-11-28T14:19:28.489532,611,0,0,-0.43,0.02,0.88,-25.37,0.76,-13.26,-6.46,-5.18,0,0,0,56140,849.03,26.25,0.45,0,0,0,0,-73,0.52,-2.05,BEACON,"{""record_number"": 611, ""operation_mode"": 0, ""state"": 0, ""battery_voltage"": 0, ""wifi_rssi"": -73, ""acc_data"": {""ax"": -0.43, ""ay"": 0.02, ""az"": 0.88, ""pitch"": -25.37, ""roll"": 0.76}, ""gyro_data"": {""gx"": -13.26, ""gy"": -6.46, ""gz"": -5.18}, ""gps_data"": {""latitude"": 0, ""longitude"": 0, ""gps_altitude"": 0, ""time"": 56140}, ""alt_data"": {""pressure"": 849.03, ""temperature"": 26.25, ""AGL"": 0.45, ""velocity"": 0, ""kalman_altitude"": 0.52, ""kalman_vertical_velocity"": -2.05}, ""chute_state"": {""pyro1_state"": 0, ""pyro2_state"": 0}, ""connection_status"": {""connected"": true, ""has_ever_connected"": true, ""packet_age_ms"": 0, ""timeout_exceeded"": false, ""rssi"": -73}, ""communication_mode"": ""BEACON"", ""timestamp"": 118634, ""packets_received"": 216, ""kalman_data"": {""altitude"": 0.52, ""vertical_velocity"": -2.05}, ""kalman_altitude"": 0.52, ""kalman_vertical_velocity"": -2.05, ""pyroDrogue"": 0, ""pyroMain"": 0, ""pyro1_state"": 0, ""pyro2_state"": 0}"
1764328768.553264,2025-11-28T14:19:28.553264,613,0,0,-0.41,0.02,0.87,-24.1,1.66,-14.42,3.69,-0.91,0,0,0,56340,849.06,26.25,0.12,0,0,0,0,-72,0.28,-2.21,BEACON,"{""record_number"": 613, ""operation_mode"": 0, ""state"": 0, ""battery_voltage"": 0, ""wifi_rssi"": -72, ""acc_data"": {""ax"": -0.41, ""ay"": 0.02, ""az"": 0.87, ""pitch"": -24.1, ""roll"": 1.66}, ""gyro_data"": {""gx"": -14.42, ""gy"": 3.69, ""gz"": -0.91}, ""gps_data"": {""latitude"": 0, ""longitude"": 0, ""gps_altitude"": 0, ""time"": 56340}, ""alt_data"": {""pressure"": 849.06, ""temperature"": 26.25, ""AGL"": 0.12, ""velocity"": 0, ""kalman_altitude"": 0.28, ""kalman_vertical_velocity"": -2.21}, ""chute_state"": {""pyro1_state"": 0, ""pyro2_state"": 0}, ""connection_status"": {""connected"": true, ""has_ever_connected"": true, ""packet_age_ms"": 0, ""timeout_exceeded"": false, ""rssi"": -72}, ""communication_mode"": ""BEACON"", ""timestamp"": 118748, ""packets_received"": 217, ""kalman_data"": {""altitude"": 0.28, ""vertical_velocity"": -2.21}, ""kalman_altitude"": 0.28, ""kalman_vertical_velocity"": -2.21, ""pyroDrogue"": 0, ""pyroMain"": 0, ""pyro1_state"": 0, ""pyro2_state"": 0}"
1764328768.666896,2025-11-28T14:19:28.666896,614,0,0,-0.4,0.02,0.88,-23.77,1.72,-4.02,10.27,5.58,0,0,0,56340,849.04,26.25,0.3,0,0,0,0,-73,0.32,-2.18,BEACON,"{""record_number"": 614, ""operation_mode"": 0, ""state"": 0, ""battery_voltage"": 0, ""wifi_rssi"": -73, ""acc_data"": {""ax"": -0.4, ""ay"": 0.02, ""az"": 0.88, ""pitch"": -23.77, ""roll"": 1.72}, ""gyro_data"": {""gx"": -4.02, ""gy"": 10.27, ""gz"": 5.58}, ""gps_data"": {""latitude"": 0, ""longitude"": 0, ""gps_altitude"": 0, ""time"": 56340}, ""alt_data"": {""pressure"": 849.04, ""temperature"": 26.25, ""AGL"": 0.3, ""velocity"": 0, ""kalman_altitude"": 0.32, ""kalman_vertical_velocity"": -2.18}, ""chute_state"": {""pyro1_state"": 0, ""pyro2_state"": 0}, ""connection_status"": {""connected"": true, ""has_ever_connected"": true, ""packet_age_ms"": 0, ""timeout_exceeded"": false, ""rssi"": -73}, ""communication_mode"": ""BEACON"", ""timestamp"": 118861, ""packets_received"": 218, ""kalman_data"": {""altitude"": 0.32, ""vertical_velocity"": -2.18}, ""kalman_altitude"": 0.32, ""kalman_vertical_velocity"": -2.18, ""pyroDrogue"": 0, ""pyroMain"": 0, ""pyro1_state"": 0, ""pyro2_state"": 0}"
1764328768.760893,2025-11-28T14:19:28.760893,615,0,0,-0.41,0.02,0.88,-24.32,0.63,-11.13,-0.21,-0.95,0,0,0,56539,849.03,26.25,0.41,0,0,0,0,-73,0.37,-2.14,BEACON,"{""record_number"": 615, ""operation_mode"": 0, ""state"": 0, ""battery_voltage"": 0, ""wifi_rssi"": -73, ""acc_data"": {""ax"": -0.41, ""ay"": 0.02, ""az"": 0.88, ""pitch"": -24.32, ""roll"": 0.63}, ""gyro_data"": {""gx"": -11.13, ""gy"": -0.21, ""gz"": -0.95}, ""gps_data"": {""latitude"": 0, ""longitude"": 0, ""gps_altitude"": 0, ""time"": 56539}, ""alt_data"": {""pressure"": 849.03, ""temperature"": 26.25, ""AGL"": 0.41, ""velocity"": 0, ""kalman_altitude"": 0.37, ""kalman_vertical_velocity"": -2.14}, ""chute_state"": {""pyro1_state"": 0, ""pyro2_state"": 0}, ""connection_status"": {""connected"": true, ""has_ever_connected"": true, ""packet_age_ms"": 0, ""timeout_exceeded"": false, ""rssi"": -73}, ""communication_mode"": ""BEACON"", ""timestamp"": 118974, ""packets_received"": 219, ""kalman_data"": {""altitude"": 0.37, ""vertical_velocity"": -2.14}, ""kalman_altitude"": 0.37, ""kalman_vertical_velocity"": -2.14, ""pyroDrogue"": 0, ""pyroMain"": 0, ""pyro1_state"": 0, ""pyro2_state"": 0}"
1764328768.951895,2025-11-28T14:19:28.951895,616,0,0,-0.42,0.02,0.88,-24.96,1.53,-6.25,0.3,-0.95,0,0,0,56747,848.99,26.25,0.81,0,0,0,0,-73,0.63,-1.96,BEACON,"{""record_number"": 616, ""operation_mode"": 0, ""state"": 0, ""battery_voltage"": 0, ""wifi_rssi"": -73, ""acc_data"": {""ax"": -0.42, ""ay"": 0.02, ""az"": 0.88, ""pitch"": -24.96, ""roll"": 1.53}, ""gyro_data"": {""gx"": -6.25, ""gy"": 0.3, ""gz"": -0.95}, ""gps_data"": {""latitude"": 0, ""longitude"": 0, ""gps_altitude"": 0, ""time"": 56747}, ""alt_data"": {""pressure"": 848.99, ""temperature"": 26.25, ""AGL"": 0.81, ""velocity"": 0, ""kalman_altitude"": 0.63, ""kalman_vertical_velocity"": -1.96}, ""chute_state"": {""pyro1_state"": 0, ""pyro2_state"": 0}, ""connection_status"": {""connected"": true, ""has_ever_connected"": true, ""packet_age_ms"": 0, ""timeout_exceeded"": false, ""rssi"": -73}, ""communication_mode"": ""BEACON"", ""timestamp"": 119088, ""packets_received"": 220, ""kalman_data"": {""altitude"": 0.63, ""vertical_velocity"": -1.96}, ""kalman_altitude"": 0.63, ""kalman_vertical_velocity"": -1.96, ""pyroDrogue"": 0, ""pyroMain"": 0, ""pyro1_state"": 0, ""pyro2_state"": 0}"
1764328769.184469,2025-11-28T14:19:29.184469,618,0,0,-0.42,0.02,0.89,-24.41,1.04,-15.88,4.91,0.03,0,0,0,56747,849.02,26.25,0.52,0,0,0,0,-73,0.46,-2.07,BEACON,"{""record_number"": 618, ""operation_mode"": 0, ""state"": 0, ""battery_voltage"": 0, ""wifi_rssi"": -73, ""acc_data"": {""ax"": -0.42, ""ay"": 0.02, ""az"": 0.89, ""pitch"": -24.41, ""roll"": 1.04}, ""gyro_data"": {""gx"": -15.88, ""gy"": 4.91, ""gz"": 0.03}, ""gps_data"": {""latitude"": 0, ""longitude"": 0, ""gps_altitude"": 0, ""time"": 56747}, ""alt_data"": {""pressure"": 849.02, ""temperature"": 26.25, ""AGL"": 0.52, ""velocity"": 0, ""kalman_altitude"": 0.46, ""kalman_vertical_velocity"": -2.07}, ""chute_state"": {""pyro1_state"": 0, ""pyro2_state"": 0}, ""connection_status"": {""connected"": true, ""has_ever_connected"": true, ""packet_age_ms"": 0, ""timeout_exceeded"": false, ""rssi"": -73}, ""communication_mode"": ""BEACON"", ""timestamp"": 119200, ""packets_received"": 221, ""kalman_data"": {""altitude"": 0.46, ""vertical_velocity"": -2.07}, ""kalman_altitude"": 0.46, ""kalman_vertical_velocity"": -2.07, ""pyroDrogue"": 0, ""pyroMain"": 0, ""pyro1_state"": 0, ""pyro2_state"": 0}"
1764328769.434168,2025-11-28T14:19:29.434168,619,0,0,-0.42,0.01,0.89,-25.06,0.54,-4.05,-4.51,-4.73,0,0,0,56946,849.04,26.26,0.3,0,0,0,0,-73,0.36,-2.14,BEACON,"{""record_number"": 619, ""operation_mode"": 0, ""state"": 0, ""battery_voltage"": 0, ""wifi_rssi"": -73, ""acc_data"": {""ax"": -0.42, ""ay"": 0.01, ""az"": 0.89, ""pitch"": -25.06, ""roll"": 0.54}, ""gyro_data"": {""gx"": -4.05, ""gy"": -4.51, ""gz"": -4.73}, ""gps_data"": {""latitude"": 0, ""longitude"": 0, ""gps_altitude"": 0, ""time"": 56946}, ""alt_data"": {""pressure"": 849.04, ""temperature"": 26.26, ""AGL"": 0.3, ""velocity"": 0, ""kalman_altitude"": 0.36, ""kalman_vertical_velocity"": -2.14}, ""chute_state"": {""pyro1_state"": 0, ""pyro2_state"": 0}, ""connection_status"": {""connected"": true, ""has_ever_connected"": true, ""packet_age_ms"": 1, ""timeout_exceeded"": false, ""rssi"": -73}, ""communication_mode"": ""BEACON"", ""timestamp"": 119316, ""packets_received"": 222, ""kalman_data"": {""altitude"": 0.36, ""vertical_velocity"": -2.14}, ""kalman_altitude"": 0.36, ""kalman_vertical_velocity"": -2.14, ""pyroDrogue"": 0, ""pyroMain"": 0, ""pyro1_state"": 0, ""pyro2_state"": 0}"
1764328769.532166,2025-11-28T14:19:29.532166,620,0,0,-0.41,0.01,0.88,-24.16,1.12,2.38,-2.68,-3.38,0,0,0,56946,849.04,26.25,0.38,0,0,0,0,-74,0.37,-2.13,BEACON,"{""record_number"": 620, ""operation_mode"": 0, ""state"": 0, ""battery_voltage"": 0, ""wifi_rssi"": -74, ""acc_data"": {""ax"": -0.41, ""ay"": 0.01, ""az"": 0.88, ""pitch"": -24.16, ""roll"": 1.12}, ""gyro_data"": {""gx"": 2.38, ""gy"": -2.68, ""gz"": -3.38}, ""gps_data"": {""latitude"": 0, ""longitude"": 0, ""gps_altitude"": 0, ""time"": 56946}, ""alt_data"": {""pressure"": 849.04, ""temperature"": 26.25, ""AGL"": 0.38, ""velocity"": 0, ""kalman_altitude"": 0.37, ""kalman_vertical_velocity"": -2.13}, ""chute_state"": {""pyro1_state"": 0, ""pyro2_state"": 0}, ""connection_status"": {""connected"": true, ""has_ever_connected"": true, ""packet_age_ms"": 0, ""timeout_exceeded"": false, ""rssi"": -74}, ""communication_mode"": ""BEACON"", ""timestamp"": 119426, ""packets_received"": 223, ""kalman_data"": {""altitude"": 0.37, ""vertical_velocity"": -2.13}, ""kalman_altitude"": 0.37, ""kalman_vertical_velocity"": -2.13, ""pyroDrogue"": 0, ""pyroMain"": 0, ""pyro1_state"": 0, ""pyro2_state"": 0}"
1764328769.726167,2025-11-28T14:19:29.726167,622,0,0,-0.43,0.03,0.89,-25.4,1.86,-16.59,3.23,0.85,0,0,0,57147,848.96,26.26,1.12,0,0,0,0,-74,0.74,-1.86,BEACON,"{""record_number"": 622, ""operation_mode"": 0, ""state"": 0, ""battery_voltage"": 0, ""wifi_rssi"": -74, ""acc_data"": {""ax"": -0.43, ""ay"": 0.03, ""az"": 0.89, ""pitch"": -25.4, ""roll"": 1.86}, ""gyro_data"": {""gx"": -16.59, ""gy"": 3.23, ""gz"": 0.85}, ""gps_data"": {""latitude"": 0, ""longitude"": 0, ""gps_altitude"": 0, ""time"": 57147}, ""alt_data"": {""pressure"": 848.96, ""temperature"": 26.26, ""AGL"": 1.12, ""velocity"": 0, ""kalman_altitude"": 0.74, ""kalman_vertical_velocity"": -1.86}, ""chute_state"": {""pyro1_state"": 0, ""pyro2_state"": 0}, ""connection_status"": {""connected"": true, ""has_ever_connected"": true, ""packet_age_ms"": 1, ""timeout_exceeded"": false, ""rssi"": -74}, ""communication_mode"": ""BEACON"", ""timestamp"": 119540, ""packets_received"": 224, ""kalman_data"": {""altitude"": 0.74, ""vertical_velocity"": -1.86}, ""kalman_altitude"": 0.74, ""kalman_vertical_velocity"": -1.86, ""pyroDrogue"": 0, ""pyroMain"": 0, ""pyro1_state"": 0, ""pyro2_state"": 0}"
1764328769.933459,2025-11-28T14:19:29.933459,623,0,0,-0.42,0.02,0.87,-25.06,1.46,-2.68,9.76,7.47,0,0,0,57147,849.05,26.27,0.22,0,0,0,0,-75,0.42,-2.09,BEACON,"{""record_number"": 623, ""operation_mode"": 0, ""state"": 0, ""battery_voltage"": 0, ""wifi_rssi"": -75, ""acc_data"": {""ax"": -0.42, ""ay"": 0.02, ""az"": 0.87, ""pitch"": -25.06, ""roll"": 1.46}, ""gyro_data"": {""gx"": -2.68, ""gy"": 9.76, ""gz"": 7.47}, ""gps_data"": {""latitude"": 0, ""longitude"": 0, ""gps_altitude"": 0, ""time"": 57147}, ""alt_data"": {""pressure"": 849.05, ""temperature"": 26.27, ""AGL"": 0.22, ""velocity"": 0, ""kalman_altitude"": 0.42, ""kalman_vertical_velocity"": -2.09}, ""chute_state"": {""pyro1_state"": 0, ""pyro2_state"": 0}, ""connection_status"": {""connected"": true, ""has_ever_connected"": true, ""packet_age_ms"": 0, ""timeout_exceeded"": false, ""rssi"": -75}, ""communication_mode"": ""BEACON"", ""timestamp"": 119653, ""packets_received"": 225, ""kalman_data"": {""altitude"": 0.42, ""vertical_velocity"": -2.09}, ""kalman_altitude"": 0.42, ""kalman_vertical_velocity"": -2.09, ""pyroDrogue"": 0, ""pyroMain"": 0, ""pyro1_state"": 0, ""pyro2_state"": 0}"
1764328770.157816,2025-11-28T14:19:30.157816,636,0,0,-0.42,0.02,0.88,-25.15,1.24,-13.69,-4.48,-8.72,0,0,0,58353,849.03,26.3,0.45,0,0,0,0,-74,0.54,-1.97,BEACON,"{""record_number"": 636, ""operation_mode"": 0, ""state"": 0, ""battery_voltage"": 0, ""wifi_rssi"": -74, ""acc_data"": {""ax"": -0.42, ""ay"": 0.02, ""az"": 0.88, ""pitch"": -25.15, ""roll"": 1.24}, ""gyro_data"": {""gx"": -13.69, ""gy"": -4.48, ""gz"": -8.72}, ""gps_data"": {""latitude"": 0, ""longitude"": 0, ""gps_altitude"": 0, ""time"": 58353}, ""alt_data"": {""pressure"": 849.03, ""temperature"": 26.3, ""AGL"": 0.45, ""velocity"": 0, ""kalman_altitude"": 0.54, ""kalman_vertical_velocity"": -1.97}, ""chute_state"": {""pyro1_state"": 0, ""pyro2_state"": 0}, ""connection_status"": {""connected"": true, ""has_ever_connected"": true, ""packet_age_ms"": 0, ""timeout_exceeded"": false, ""rssi"": -74}, ""communication_mode"": ""BEACON"", ""timestamp"": 120782, ""packets_received"": 235, ""kalman_data"": {""altitude"": 0.54, ""vertical_velocity"": -1.97}, ""kalman_altitude"": 0.54, ""kalman_vertical_velocity"": -1.97, ""pyroDrogue"": 0, ""pyroMain"": 0, ""pyro1_state"": 0, ""pyro2_state"": 0}"
1764328770.345659,2025-11-28T14:19:30.345659,638,0,0,-0.42,0.01,0.86,-25.09,0.7,-4.18,-4.88,-6.13,0,0,0,58552,849,26.3,0.7,0,0,0,0,-74,0.64,-1.9,BEACON,"{""record_number"": 638, ""operation_mode"": 0, ""state"": 0, ""battery_voltage"": 0, ""wifi_rssi"": -74, ""acc_data"": {""ax"": -0.42, ""ay"": 0.01, ""az"": 0.86, ""pitch"": -25.09, ""roll"": 0.7}, ""gyro_data"": {""gx"": -4.18, ""gy"": -4.88, ""gz"": -6.13}, ""gps_data"": {""latitude"": 0, ""longitude"": 0, ""gps_altitude"": 0, ""time"": 58552}, ""alt_data"": {""pressure"": 849, ""temperature"": 26.3, ""AGL"": 0.7, ""velocity"": 0, ""kalman_altitude"": 0.64, ""kalman_vertical_velocity"": -1.9}, ""chute_state"": {""pyro1_state"": 0, ""pyro2_state"": 0}, ""connection_status"": {""connected"": true, ""has_ever_connected"": true, ""packet_age_ms"": 0, ""timeout_exceeded"": false, ""rssi"": -74}, ""communication_mode"": ""BEACON"", ""timestamp"": 120895, ""packets_received"": 236, ""kalman_data"": {""altitude"": 0.64, ""vertical_velocity"": -1.9}, ""kalman_altitude"": 0.64, ""kalman_vertical_velocity"": -1.9, ""pyroDrogue"": 0, ""pyroMain"": 0, ""pyro1_state"": 0, ""pyro2_state"": 0}"
1764328770.598685,2025-11-28T14:19:30.598685,639,0,0,-0.42,0.01,0.88,-24.41,0.82,-7.2,-5.98,-6.55,0,0,0,58552,849.03,26.33,0.39,0,0,0,0,-75,0.49,-2,BEACON,"{""record_number"": 639, ""operation_mode"": 0, ""state"": 0, ""battery_voltage"": 0, ""wifi_rssi"": -75, ""acc_data"": {""ax"": -0.42, ""ay"": 0.01, ""az"": 0.88, ""pitch"": -24.41, ""roll"": 0.82}, ""gyro_data"": {""gx"": -7.2, ""gy"": -5.98, ""gz"": -6.55}, ""gps_data"": {""latitude"": 0, ""longitude"": 0, ""gps_altitude"": 0, ""time"": 58552}, ""alt_data"": {""pressure"": 849.03, ""temperature"": 26.33, ""AGL"": 0.39, ""velocity"": 0, ""kalman_altitude"": 0.49, ""kalman_vertical_velocity"": -2}, ""chute_state"": {""pyro1_state"": 0, ""pyro2_state"": 0}, ""connection_status"": {""connected"": true, ""has_ever_connected"": true, ""packet_age_ms"": 0, ""timeout_exceeded"": false, ""rssi"": -75}, ""communication_mode"": ""BEACON"", ""timestamp"": 121008, ""packets_received"": 237, ""kalman_data"": {""altitude"": 0.49, ""vertical_velocity"": -2}, ""kalman_altitude"": 0.49, ""kalman_vertical_velocity"": -2, ""pyroDrogue"": 0, ""pyroMain"": 0, ""pyro1_state"": 0, ""pyro2_state"": 0}"
1764328770.719256,2025-11-28T14:19:30.719256,640,0,0,-0.43,0.02,0.88,-25.68,1.4,-9.88,0.79,-1.04,0,0,0,58758,849,26.32,0.68,0,0,0,0,-76,0.61,-1.92,BEACON,"{""record_number"": 640, ""operation_mode"": 0, ""state"": 0, ""battery_voltage"": 0, ""wifi_rssi"": -76, ""acc_data"": {""ax"": -0.43, ""ay"": 0.02, ""az"": 0.88, ""pitch"": -25.68, ""roll"": 1.4}, ""gyro_data"": {""gx"": -9.88, ""gy"": 0.79, ""gz"": -1.04}, ""gps_data"": {""latitude"": 0, ""longitude"": 0, ""gps_altitude"": 0, ""time"": 58758}, ""alt_data"": {""pressure"": 849, ""temperature"": 26.32, ""AGL"": 0.68, ""velocity"": 0, ""kalman_altitude"": 0.61, ""kalman_vertical_velocity"": -1.92}, ""chute_state"": {""pyro1_state"": 0, ""pyro2_state"": 0}, ""connection_status"": {""connected"": true, ""has_ever_connected"": true, ""packet_age_ms"": 1, ""timeout_exceeded"": false, ""rssi"": -76}, ""communication_mode"": ""BEACON"", ""timestamp"": 121121, ""packets_received"": 238, ""kalman_data"": {""altitude"": 0.61, ""vertical_velocity"": -1.92}, ""kalman_altitude"": 0.61, ""kalman_vertical_velocity"": -1.92, ""pyroDrogue"": 0, ""pyroMain"": 0, ""pyro1_state"": 0, ""pyro2_state"": 0}"
1764328770.80238,2025-11-28T14:19:30.802380,642,0,0,-0.42,0.01,0.88,-24.59,0.57,-8.69,-2.47,-3.93,0,0,0,58758,848.96,26.32,1.08,0,0,0,0,-75,0.9,-1.72,BEACON,"{""record_number"": 642, ""operation_mode"": 0, ""state"": 0, ""battery_voltage"": 0, ""wifi_rssi"": -75, ""acc_data"": {""ax"": -0.42, ""ay"": 0.01, ""az"": 0.88, ""pitch"": -24.59, ""roll"": 0.57}, ""gyro_data"": {""gx"": -8.69, ""gy"": -2.47, ""gz"": -3.93}, ""gps_data"": {""latitude"": 0, ""longitude"": 0, ""gps_altitude"": 0, ""time"": 58758}, ""alt_data"": {""pressure"": 848.96, ""temperature"": 26.32, ""AGL"": 1.08, ""velocity"": 0, ""kalman_altitude"": 0.9, ""kalman_vertical_velocity"": -1.72}, ""chute_state"": {""pyro1_state"": 0, ""pyro2_state"": 0}, ""connection_status"": {""connected"": true, ""has_ever_connected"": true, ""packet_age_ms"": 1, ""timeout_exceeded"": false, ""rssi"": -75}, ""communication_mode"": ""BEACON"", ""timestamp"": 121234, ""packets_received"": 239, ""kalman_data"": {""altitude"": 0.9, ""vertical_velocity"": -1.72}, ""kalman_altitude"": 0.9, ""kalman_vertical_velocity"": -1.72, ""pyroDrogue"": 0, ""pyroMain"": 0, ""pyro1_state"": 0, ""pyro2_state"": 0}"
1764328771.119051,2025-11-28T14:19:31.119051,643,0,0,-0.4,0.01,0.89,-24.32,0.48,-10.55,-0.85,-5.03,0,0,0,58957,849.01,26.33,0.6,0,0,0,0,-74,0.66,-1.88,BEACON,"{""record_number"": 643, ""operation_mode"": 0, ""state"": 0, ""battery_voltage"": 0, ""wifi_rssi"": -74, ""acc_data"": {""ax"": -0.4, ""ay"": 0.01, ""az"": 0.89, ""pitch"": -24.32, ""roll"": 0.48}, ""gyro_data"": {""gx"": -10.55, ""gy"": -0.85, ""gz"": -5.03}, ""gps_data"": {""latitude"": 0, ""longitude"": 0, ""gps_altitude"": 0, ""time"": 58957}, ""alt_data"": {""pressure"": 849.01, ""temperature"": 26.33, ""AGL"": 0.6, ""velocity"": 0, ""kalman_altitude"": 0.66, ""kalman_vertical_velocity"": -1.88}, ""chute_state"": {""pyro1_state"": 0, ""pyro2_state"": 0}, ""connection_status"": {""connected"": true, ""has_ever_connected"": true, ""packet_age_ms"": 0, ""timeout_exceeded"": false, ""rssi"": -74}, ""communication_mode"": ""BEACON"", ""timestamp"": 121347, ""packets_received"": 240, ""kalman_data"": {""altitude"": 0.66, ""vertical_velocity"": -1.88}, ""kalman_altitude"": 0.66, ""kalman_vertical_velocity"": -1.88, ""pyroDrogue"": 0, ""pyroMain"": 0, ""pyro1_state"": 0, ""pyro2_state"": 0}"
1764328771.366306,2025-11-28T14:19:31.366306,644,0,0,-0.43,0.02,0.88,-25.86,1.02,-8.45,-2.65,-3.51,0,0,0,58957,849.04,26.33,0.35,0,0,0,0,-75,0.46,-2.01,BEACON,"{""record_number"": 644, ""operation_mode"": 0, ""state"": 0, ""battery_voltage"": 0, ""wifi_rssi"": -75, ""acc_data"": {""ax"": -0.43, ""ay"": 0.02, ""az"": 0.88, ""pitch"": -25.86, ""roll"": 1.02}, ""gyro_data"": {""gx"": -8.45, ""gy"": -2.65, ""gz"": -3.51}, ""gps_data"": {""latitude"": 0, ""longitude"": 0, ""gps_altitude"": 0, ""time"": 58957}, ""alt_data"": {""pressure"": 849.04, ""temperature"": 26.33, ""AGL"": 0.35, ""velocity"": 0, ""kalman_altitude"": 0.46, ""kalman_vertical_velocity"": -2.01}, ""chute_state"": {""pyro1_state"": 0, ""pyro2_state"": 0}, ""connection_status"": {""connected"": true, ""has_ever_connected"": true, ""packet_age_ms"": 0, ""timeout_exceeded"": false, ""rssi"": -75}, ""communication_mode"": ""BEACON"", ""timestamp"": 121460, ""packets_received"": 241, ""kalman_data"": {""altitude"": 0.46, ""vertical_velocity"": -2.01}, ""kalman_altitude"": 0.46, ""kalman_vertical_velocity"": -2.01, ""pyroDrogue"": 0, ""pyroMain"": 0, ""pyro1_state"": 0, ""pyro2_state"": 0}"
1764328771.510841,2025-11-28T14:19:31.510841,645,0,0,-0.42,0.01,0.87,-24.62,0.96,-1.49,0.27,0.4,0,0,0,59158,849.02,26.33,0.49,0,0,0,0,-74,0.48,-2,BEACON,"{""record_number"": 645, ""operation_mode"": 0, ""state"": 0, ""battery_voltage"": 0, ""wifi_rssi"": -74, ""acc_data"": {""ax"": -0.42, ""ay"": 0.01, ""az"": 0.87, ""pitch"": -24.62, ""roll"": 0.96}, ""gyro_data"": {""gx"": -1.49, ""gy"": 0.27, ""gz"": 0.4}, ""gps_data"": {""latitude"": 0, ""longitude"": 0, ""gps_altitude"": 0, ""time"": 59158}, ""alt_data"": {""pressure"": 849.02, ""temperature"": 26.33, ""AGL"": 0.49, ""velocity"": 0, ""kalman_altitude"": 0.48, ""kalman_vertical_velocity"": -2}, ""chute_state"": {""pyro1_state"": 0, ""pyro2_state"": 0}, ""connection_status"": {""connected"": true, ""has_ever_connected"": true, ""packet_age_ms"": 1, ""timeout_exceeded"": false, ""rssi"": -74}, ""communication_mode"": ""BEACON"", ""timestamp"": 121573, ""packets_received"": 242, ""kalman_data"": {""altitude"": 0.48, ""vertical_velocity"": -2}, ""kalman_altitude"": 0.48, ""kalman_vertical_velocity"": -2, ""pyroDrogue"": 0, ""pyroMain"": 0, ""pyro1_state"": 0, ""pyro2_state"": 0}"
1764328771.817941,2025-11-28T14:19:31.817941,647,0,0,-0.44,0.01,0.87,-26.39,1.18,-8.66,-2.65,-0.09,0,0,0,59158,849.03,26.33,0.42,0,0,0,0,-74,0.5,-1.98,BEACON,"{""record_number"": 647, ""operation_mode"": 0, ""state"": 0, ""battery_voltage"": 0, ""wifi_rssi"": -74, ""acc_data"": {""ax"": -0.44, ""ay"": 0.01, ""az"": 0.87, ""pitch"": -26.39, ""roll"": 1.18}, ""gyro_data"": {""gx"": -8.66, ""gy"": -2.65, ""gz"": -0.09}, ""gps_data"": {""latitude"": 0, ""longitude"": 0, ""gps_altitude"": 0, ""time"": 59158}, ""alt_data"": {""pressure"": 849.03, ""temperature"": 26.33, ""AGL"": 0.42, ""velocity"": 0, ""kalman_altitude"": 0.5, ""kalman_vertical_velocity"": -1.98}, ""chute_state"": {""pyro1_state"": 0, ""pyro2_state"": 0}, ""connection_status"": {""connected"": true, ""has_ever_connected"": true, ""packet_age_ms"": 0, ""timeout_exceeded"": false, ""rssi"": -74}, ""communication_mode"": ""BEACON"", ""timestamp"": 121686, ""packets_received"": 243, ""kalman_data"": {""altitude"": 0.5, ""vertical_velocity"": -1.98}, ""kalman_altitude"": 0.5, ""kalman_vertical_velocity"": -1.98, ""pyroDrogue"": 0, ""pyroMain"": 0, ""pyro1_state"": 0, ""pyro2_state"": 0}"
1764328772.018005,2025-11-28T14:19:32.018005,648,0,0,-0.41,0.01,0.87,-24.53,0.42,-7.07,-2.71,-8.66,0,0,0,59357,848.98,26.33,0.92,0,0,0,0,-74,0.76,-1.8,BEACON,"{""record_number"": 648, ""operation_mode"": 0, ""state"": 0, ""battery_voltage"": 0, ""wifi_rssi"": -74, ""acc_data"": {""ax"": -0.41, ""ay"": 0.01, ""az"": 0.87, ""pitch"": -24.53, ""roll"": 0.42}, ""gyro_data"": {""gx"": -7.07, ""gy"": -2.71, ""gz"": -8.66}, ""gps_data"": {""latitude"": 0, ""longitude"": 0, ""gps_altitude"": 0, ""time"": 59357}, ""alt_data"": {""pressure"": 848.98, ""temperature"": 26.33, ""AGL"": 0.92, ""velocity"": 0, ""kalman_altitude"": 0.76, ""kalman_vertical_velocity"": -1.8}, ""chute_state"": {""pyro1_state"": 0, ""pyro2_state"": 0}, ""connection_status"": {""connected"": true, ""has_ever_connected"": true, ""packet_age_ms"": 0, ""timeout_exceeded"": false, ""rssi"": -74}, ""communication_mode"": ""BEACON"", ""timestamp"": 121799, ""packets_received"": 244, ""kalman_data"": {""altitude"": 0.76, ""vertical_velocity"": -1.8}, ""kalman_altitude"": 0.76, ""kalman_vertical_velocity"": -1.8, ""pyroDrogue"": 0, ""pyroMain"": 0, ""pyro1_state"": 0, ""pyro2_state"": 0}"
1764328772.191986,2025-11-28T14:19:32.191986,649,0,0,-0.43,0,0.89,-24.78,0.31,-20.37,-10.4,-7.26,0,0,0,59558,848.97,26.33,1.03,0,0,0,0,-73,0.93,-1.68,BEACON,"{""record_number"": 649, ""operation_mode"": 0, ""state"": 0, ""battery_voltage"": 0, ""wifi_rssi"": -73, ""acc_data"": {""ax"": -0.43, ""ay"": 0, ""az"": 0.89, ""pitch"": -24.78, ""roll"": 0.31}, ""gyro_data"": {""gx"": -20.37, ""gy"": -10.4, ""gz"": -7.26}, ""gps_data"": {""latitude"": 0, ""longitude"": 0, ""gps_altitude"": 0, ""time"": 59558}, ""alt_data"": {""pressure"": 848.97, ""temperature"": 26.33, ""AGL"": 1.03, ""velocity"": 0, ""kalman_altitude"": 0.93, ""kalman_vertical_velocity"": -1.68}, ""chute_state"": {""pyro1_state"": 0, ""pyro2_state"": 0}, ""connection_status"": {""connected"": true, ""has_ever_connected"": true, ""packet_age_ms"": 0, ""timeout_exceeded"": false, ""rssi"": -73}, ""communication_mode"": ""BEACON"", ""timestamp"": 121911, ""packets_received"": 245, ""kalman_data"": {""altitude"": 0.93, ""vertical_velocity"": -1.68}, ""kalman_altitude"": 0.93, ""kalman_vertical_velocity"": -1.68, ""pyroDrogue"": 0, ""pyroMain"": 0, ""pyro1_state"": 0, ""pyro2_state"": 0}"
1764328772.332975,2025-11-28T14:19:32.332975,651,0,0,-0.42,0.02,0.87,-24.9,0.71,-15.88,-3.93,-7.65,0,0,0,59558,849.02,26.34,0.55,0,0,0,0,-74,0.69,-1.85,BEACON,"{""record_number"": 651, ""operation_mode"": 0, ""state"": 0, ""battery_voltage"": 0, ""wifi_rssi"": -74, ""acc_data"": {""ax"": -0.42, ""ay"": 0.02, ""az"": 0.87, ""pitch"": -24.9, ""roll"": 0.71}, ""gyro_data"": {""gx"": -15.88, ""gy"": -3.93, ""gz"": -7.65}, ""gps_data"": {""latitude"": 0, ""longitude"": 0, ""gps_altitude"": 0, ""time"": 59558}, ""alt_data"": {""pressure"": 849.02, ""temperature"": 26.34, ""AGL"": 0.55, ""velocity"": 0, ""kalman_altitude"": 0.69, ""kalman_vertical_velocity"": -1.85}, ""chute_state"": {""pyro1_state"": 0, ""pyro2_state"": 0}, ""connection_status"": {""connected"": true, ""has_ever_connected"": true, ""packet_age_ms"": 0, ""timeout_exceeded"": false, ""rssi"": -74}, ""communication_mode"": ""BEACON"", ""timestamp"": 122023, ""packets_received"": 246, ""kalman_data"": {""altitude"": 0.69, ""vertical_velocity"": -1.85}, ""kalman_altitude"": 0.69, ""kalman_vertical_velocity"": -1.85, ""pyroDrogue"": 0, ""pyroMain"": 0, ""pyro1_state"": 0, ""pyro2_state"": 0}"
1764328772.691237,2025-11-28T14:19:32.691237,652,0,0,-0.43,0,0.88,-25.46,-0.47,-27.13,-3.69,-1.77,0,0,0,59763,848.96,26.32,1.12,0,0,0,0,-74,1,-1.63,BEACON,"{""record_number"": 652, ""operation_mode"": 0, ""state"": 0, ""battery_voltage"": 0, ""wifi_rssi"": -74, ""acc_data"": {""ax"": -0.43, ""ay"": 0, ""az"": 0.88, ""pitch"": -25.46, ""roll"": -0.47}, ""gyro_data"": {""gx"": -27.13, ""gy"": -3.69, ""gz"": -1.77}, ""gps_data"": {""latitude"": 0, ""longitude"": 0, ""gps_altitude"": 0, ""time"": 59763}, ""alt_data"": {""pressure"": 848.96, ""temperature"": 26.32, ""AGL"": 1.12, ""velocity"": 0, ""kalman_altitude"": 1, ""kalman_vertical_velocity"": -1.63}, ""chute_state"": {""pyro1_state"": 0, ""pyro2_state"": 0}, ""connection_status"": {""connected"": true, ""has_ever_connected"": true, ""packet_age_ms"": 0, ""timeout_exceeded"": false, ""rssi"": -74}, ""communication_mode"": ""BEACON"", ""timestamp"": 122137, ""packets_received"": 247, ""kalman_data"": {""altitude"": 1, ""vertical_velocity"": -1.63}, ""kalman_altitude"": 1, ""kalman_vertical_velocity"": -1.63, ""pyroDrogue"": 0, ""pyroMain"": 0, ""pyro1_state"": 0, ""pyro2_state"": 0}"
1764328772.841215,2025-11-28T14:19:32.841215,653,0,0,-0.42,0,0.88,-25.09,-0.16,2.68,-1.13,-3.75,0,0,0,59763,849,26.33,0.74,0,0,0,0,-75,0.84,-1.74,BEACON,"{""record_number"": 653, ""operation_mode"": 0, ""state"": 0, ""battery_voltage"": 0, ""wifi_rssi"": -75, ""acc_data"": {""ax"": -0.42, ""ay"": 0, ""az"": 0.88, ""pitch"": -25.09, ""roll"": -0.16}, ""gyro_data"": {""gx"": 2.68, ""gy"": -1.13, ""gz"": -3.75}, ""gps_data"": {""latitude"": 0, ""longitude"": 0, ""gps_altitude"": 0, ""time"": 59763}, ""alt_data"": {""pressure"": 849, ""temperature"": 26.33, ""AGL"": 0.74, ""velocity"": 0, ""kalman_altitude"": 0.84, ""kalman_vertical_velocity"": -1.74}, ""chute_state"": {""pyro1_state"": 0, ""pyro2_state"": 0}, ""connection_status"": {""connected"": true, ""has_ever_connected"": true, ""packet_age_ms"": 0, ""timeout_exceeded"": false, ""rssi"": -75}, ""communication_mode"": ""BEACON"", ""timestamp"": 122249, ""packets_received"": 248, ""kalman_data"": {""altitude"": 0.84, ""vertical_velocity"": -1.74}, ""kalman_altitude"": 0.84, ""kalman_vertical_velocity"": -1.74, ""pyroDrogue"": 0, ""pyroMain"": 0, ""pyro1_state"": 0, ""pyro2_state"": 0}"
1764328773.808062,2025-11-28T14:19:33.808062,655,0,0,-0.42,-0.01,0.87,-25.18,-0.16,-13.99,-6.59,-8.41,0,0,0,59964,848.94,26.32,1.3,0,0,0,0,-75,1.13,-1.54,BEACON,"{""record_number"": 655, ""operation_mode"": 0, ""state"": 0, ""battery_voltage"": 0, ""wifi_rssi"": -75, ""acc_data"": {""ax"": -0.42, ""ay"": -0.01, ""az"": 0.87, ""pitch"": -25.18, ""roll"": -0.16}, ""gyro_data"": {""gx"": -13.99, ""gy"": -6.59, ""gz"": -8.41}, ""gps_data"": {""latitude"": 0, ""longitude"": 0, ""gps_altitude"": 0, ""time"": 59964}, ""alt_data"": {""pressure"": 848.94, ""temperature"": 26.32, ""AGL"": 1.3, ""velocity"": 0, ""kalman_altitude"": 1.13, ""kalman_vertical_velocity"": -1.54}, ""chute_state"": {""pyro1_state"": 0, ""pyro2_state"": 0}, ""connection_status"": {""connected"": true, ""has_ever_connected"": true, ""packet_age_ms"": 0, ""timeout_exceeded"": false, ""rssi"": -75}, ""communication_mode"": ""BEACON"", ""timestamp"": 122362, ""packets_received"": 249, ""kalman_data"": {""altitude"": 1.13, ""vertical_velocity"": -1.54}, ""kalman_altitude"": 1.13, ""kalman_vertical_velocity"": -1.54, ""pyroDrogue"": 0, ""pyroMain"": 0, ""pyro1_state"": 0, ""pyro2_state"": 0}"
1764328773.999677,2025-11-28T14:19:33.999677,656,0,0,-0.41,0,0.87,-24.44,-0.22,-16.68,-8.93,-5.64,0,0,0,59964,848.99,26.33,0.85,0,0,0,0,-74,0.83,-1.74,BEACON,"{""record_number"": 656, ""operation_mode"": 0, ""state"": 0, ""battery_voltage"": 0, ""wifi_rssi"": -74, ""acc_data"": {""ax"": -0.41, ""ay"": 0, ""az"": 0.87, ""pitch"": -24.44, ""roll"": -0.22}, ""gyro_data"": {""gx"": -16.68, ""gy"": -8.93, ""gz"": -5.64}, ""gps_data"": {""latitude"": 0, ""longitude"": 0, ""gps_altitude"": 0, ""time"": 59964}, ""alt_data"": {""pressure"": 848.99, ""temperature"": 26.33, ""AGL"": 0.85, ""velocity"": 0, ""kalman_altitude"": 0.83, ""kalman_vertical_velocity"": -1.74}, ""chute_state"": {""pyro1_state"": 0, ""pyro2_state"": 0}, ""connection_status"": {""connected"": true, ""has_ever_connected"": true, ""packet_age_ms"": 1, ""timeout_exceeded"": false, ""rssi"": -74}, ""communication_mode"": ""BEACON"", ""timestamp"": 122475, ""packets_received"": 250, ""kalman_data"": {""altitude"": 0.83, ""vertical_velocity"": -1.74}, ""kalman_altitude"": 0.83, ""kalman_vertical_velocity"": -1.74, ""pyroDrogue"": 0, ""pyroMain"": 0, ""pyro1_state"": 0, ""pyro2_state"": 0}"
1764328774.551187,2025-11-28T14:19:34.551187,657,0,0,-0.41,0,0.87,-24.41,-0.61,-7.47,-0.37,-4.76,0,0,0,60164,848.95,26.33,1.2,0,0,0,0,-74,1.06,-1.58,BEACON,"{""record_number"": 657, ""operation_mode"": 0, ""state"": 0, ""battery_voltage"": 0, ""wifi_rssi"": -74, ""acc_data"": {""ax"": -0.41, ""ay"": 0, ""az"": 0.87, ""pitch"": -24.41, ""roll"": -0.61}, ""gyro_data"": {""gx"": -7.47, ""gy"": -0.37, ""gz"": -4.76}, ""gps_data"": {""latitude"": 0, ""longitude"": 0, ""gps_altitude"": 0, ""time"": 60164}, ""alt_data"": {""pressure"": 848.95, ""temperature"": 26.33, ""AGL"": 1.2, ""velocity"": 0, ""kalman_altitude"": 1.06, ""kalman_vertical_velocity"": -1.58}, ""chute_state"": {""pyro1_state"": 0, ""pyro2_state"": 0}, ""connection_status"": {""connected"": true, ""has_ever_connected"": true, ""packet_age_ms"": 0, ""timeout_exceeded"": false, ""rssi"": -74}, ""communication_mode"": ""BEACON"", ""timestamp"": 122588, ""packets_received"": 251, ""kalman_data"": {""altitude"": 1.06, ""vertical_velocity"": -1.58}, ""kalman_altitude"": 1.06, ""kalman_vertical_velocity"": -1.58, ""pyroDrogue"": 0, ""pyroMain"": 0, ""pyro1_state"": 0, ""pyro2_state"": 0}"
1764328774.890445,2025-11-28T14:19:34.890445,659,0,0,-0.43,0,0.86,-24.81,0.16,-11.62,-4.48,-4.02,0,0,0,60164,848.97,26.34,1.02,0,0,0,0,-74,1.03,-1.6,BEACON,"{""record_number"": 659, ""operation_mode"": 0, ""state"": 0, ""battery_voltage"": 0, ""wifi_rssi"": -74, ""acc_data"": {""ax"": -0.43, ""ay"": 0, ""az"": 0.86, ""pitch"": -24.81, ""roll"": 0.16}, ""gyro_data"": {""gx"": -11.62, ""gy"": -4.48, ""gz"": -4.02}, ""gps_data"": {""latitude"": 0, ""longitude"": 0, ""gps_altitude"": 0, ""time"": 60164}, ""alt_data"": {""pressure"": 848.97, ""temperature"": 26.34, ""AGL"": 1.02, ""velocity"": 0, ""kalman_altitude"": 1.03, ""kalman_vertical_velocity"": -1.6}, ""chute_state"": {""pyro1_state"": 0, ""pyro2_state"": 0}, ""connection_status"": {""connected"": true, ""has_ever_connected"": true, ""packet_age_ms"": 1, ""timeout_exceeded"": false, ""rssi"": -74}, ""communication_mode"": ""BEACON"", ""timestamp"": 122701, ""packets_received"": 252, ""kalman_data"": {""altitude"": 1.03, ""vertical_velocity"": -1.6}, ""kalman_altitude"": 1.03, ""kalman_vertical_velocity"": -1.6, ""pyroDrogue"": 0, ""pyroMain"": 0, ""pyro1_state"": 0, ""pyro2_state"": 0}"
1764328775.344622,2025-11-28T14:19:35.344622,660,0,0,-0.42,0,0.88,-25.46,-0.16,-9.79,2.35,-4.79,0,0,0,60365,849.02,26.34,0.48,0,0,0,0,-73,0.77,-1.77,BEACON,"{""record_number"": 660, ""operation_mode"": 0, ""state"": 0, ""battery_voltage"": 0, ""wifi_rssi"": -73, ""acc_data"": {""ax"": -0.42, ""ay"": 0, ""az"": 0.88, ""pitch"": -25.46, ""roll"": -0.16}, ""gyro_data"": {""gx"": -9.79, ""gy"": 2.35, ""gz"": -4.79}, ""gps_data"": {""latitude"": 0, ""longitude"": 0, ""gps_altitude"": 0, ""time"": 60365}, ""alt_data"": {""pressure"": 849.02, ""temperature"": 26.34, ""AGL"": 0.48, ""velocity"": 0, ""kalman_altitude"": 0.77, ""kalman_vertical_velocity"": -1.77}, ""chute_state"": {""pyro1_state"": 0, ""pyro2_state"": 0}, ""connection_status"": {""connected"": true, ""has_ever_connected"": true, ""packet_age_ms"": 0, ""timeout_exceeded"": false, ""rssi"": -73}, ""communication_mode"": ""BEACON"", ""timestamp"": 122814, ""packets_received"": 253, ""kalman_data"": {""altitude"": 0.77, ""vertical_velocity"": -1.77}, ""kalman_altitude"": 0.77, ""kalman_vertical_velocity"": -1.77, ""pyroDrogue"": 0, ""pyroMain"": 0, ""pyro1_state"": 0, ""pyro2_state"": 0}"
1764328775.849812,2025-11-28T14:19:35.849812,661,0,0,-0.43,-0.01,0.88,-25.33,-0.51,-6.77,-3.02,-2.56,0,0,0,60565,848.96,26.33,1.13,0,0,0,0,-73,1,-1.62,BEACON,"{""record_number"": 661, ""operation_mode"": 0, ""state"": 0, ""battery_voltage"": 0, ""wifi_rssi"": -73, ""acc_data"": {""ax"": -0.43, ""ay"": -0.01, ""az"": 0.88, ""pitch"": -25.33, ""roll"": -0.51}, ""gyro_data"": {""gx"": -6.77, ""gy"": -3.02, ""gz"": -2.56}, ""gps_data"": {""latitude"": 0, ""longitude"": 0, ""gps_altitude"": 0, ""time"": 60565}, ""alt_data"": {""pressure"": 848.96, ""temperature"": 26.33, ""AGL"": 1.13, ""velocity"": 0, ""kalman_altitude"": 1, ""kalman_vertical_velocity"": -1.62}, ""chute_state"": {""pyro1_state"": 0, ""pyro2_state"": 0}, ""connection_status"": {""connected"": true, ""has_ever_connected"": true, ""packet_age_ms"": 0, ""timeout_exceeded"": false, ""rssi"": -73}, ""communication_mode"": ""BEACON"", ""timestamp"": 122926, ""packets_received"": 254, ""kalman_data"": {""altitude"": 1, ""vertical_velocity"": -1.62}, ""kalman_altitude"": 1, ""kalman_vertical_velocity"": -1.62, ""pyroDrogue"": 0, ""pyroMain"": 0, ""pyro1_state"": 0, ""pyro2_state"": 0}"
1764328776.129366,2025-11-28T14:19:36.129366,663,0,0,-0.43,0,0.9,-25.58,-0.53,-23.48,-6.31,-3.14,0,0,0,60565,848.95,26.33,1.17,0,0,0,0,-74,1.11,-1.55,BEACON,"{""record_number"": 663, ""operation_mode"": 0, ""state"": 0, ""battery_voltage"": 0, ""wifi_rssi"": -74, ""acc_data"": {""ax"": -0.43, ""ay"": 0, ""az"": 0.9, ""pitch"": -25.58, ""roll"": -0.53}, ""gyro_data"": {""gx"": -23.48, ""gy"": -6.31, ""gz"": -3.14}, ""gps_data"": {""latitude"": 0, ""longitude"": 0, ""gps_altitude"": 0, ""time"": 60565}, ""alt_data"": {""pressure"": 848.95, ""temperature"": 26.33, ""AGL"": 1.17, ""velocity"": 0, ""kalman_altitude"": 1.11, ""kalman_vertical_velocity"": -1.55}, ""chute_state"": {""pyro1_state"": 0, ""pyro2_state"": 0}, ""connection_status"": {""connected"": true, ""has_ever_connected"": true, ""packet_age_ms"": 0, ""timeout_exceeded"": false, ""rssi"": -74}, ""communication_mode"": ""BEACON"", ""timestamp"": 123039, ""packets_received"": 255, ""kalman_data"": {""altitude"": 1.11, ""vertical_velocity"": -1.55}, ""kalman_altitude"": 1.11, ""kalman_vertical_velocity"": -1.55, ""pyroDrogue"": 0, ""pyroMain"": 0, ""pyro1_state"": 0, ""pyro2_state"": 0}"
1764328776.263139,2025-11-28T14:19:36.263139,664,0,0,-0.42,0,0.87,-25.24,0.13,-7.93,-5.46,-0.7,0,0,0,60770,848.97,26.34,0.98,0,0,0,0,-73,1.22,-1.47,BEACON,"{""record_number"": 664, ""operation_mode"": 0, ""state"": 0, ""battery_voltage"": 0, ""wifi_rssi"": -73, ""acc_data"": {""ax"": -0.42, ""ay"": 0, ""az"": 0.87, ""pitch"": -25.24, ""roll"": 0.13}, ""gyro_data"": {""gx"": -7.93, ""gy"": -5.46, ""gz"": -0.7}, ""gps_data"": {""latitude"": 0, ""longitude"": 0, ""gps_altitude"": 0, ""time"": 60770}, ""alt_data"": {""pressure"": 848.97, ""temperature"": 26.34, ""AGL"": 0.98, ""velocity"": 0, ""kalman_altitude"": 1.22, ""kalman_vertical_velocity"": -1.47}, ""chute_state"": {""pyro1_state"": 0, ""pyro2_state"": 0}, ""connection_status"": {""connected"": true, ""has_ever_connected"": true, ""packet_age_ms"": 0, ""timeout_exceeded"": false, ""rssi"": -73}, ""communication_mode"": ""BEACON"", ""timestamp"": 123152, ""packets_received"": 256, ""kalman_data"": {""altitude"": 1.22, ""vertical_velocity"": -1.47}, ""kalman_altitude"": 1.22, ""kalman_vertical_velocity"": -1.47, ""pyroDrogue"": 0, ""pyroMain"": 0, ""pyro1_state"": 0, ""pyro2_state"": 0}"
1764328776.359076,2025-11-28T14:19:36.359076,665,0,0,-0.42,-0.01,0.88,-24.22,-0.42,-13.38,-0.21,-2.68,0,0,0,60770,848.95,26.33,1.2,0,0,0,0,-73,1.21,-1.48,BEACON,"{""record_number"": 665, ""operation_mode"": 0, ""state"": 0, ""battery_voltage"": 0, ""wifi_rssi"": -73, ""acc_data"": {""ax"": -0.42, ""ay"": -0.01, ""az"": 0.88, ""pitch"": -24.22, ""roll"": -0.42}, ""gyro_data"": {""gx"": -13.38, ""gy"": -0.21, ""gz"": -2.68}, ""gps_data"": {""latitude"": 0, ""longitude"": 0, ""gps_altitude"": 0, ""time"": 60770}, ""alt_data"": {""pressure"": 848.95, ""temperature"": 26.33, ""AGL"": 1.2, ""velocity"": 0, ""kalman_altitude"": 1.21, ""kalman_vertical_velocity"": -1.48}, ""chute_state"": {""pyro1_state"": 0, ""pyro2_state"": 0}, ""connection_status"": {""connected"": true, ""has_ever_connected"": true, ""packet_age_ms"": 1, ""timeout_exceeded"": false, ""rssi"": -73}, ""communication_mode"": ""BEACON"", ""timestamp"": 123265, ""packets_received"": 257, ""kalman_data"": {""altitude"": 1.21, ""vertical_velocity"": -1.48}, ""kalman_altitude"": 1.21, ""kalman_vertical_velocity"": -1.48, ""pyroDrogue"": 0, ""pyroMain"": 0, ""pyro1_state"": 0, ""pyro2_state"": 0}"
1764328776.414236,2025-11-28T14:19:36.414236,667,0,0,-0.42,-0.01,0.87,-24.81,-0.61,-18.26,-5.98,-10.61,0,0,0,60970,848.95,26.35,1.26,0,0,0,0,-73,1.24,-1.46,BEACON,"{""record_number"": 667, ""operation_mode"": 0, ""state"": 0, ""battery_voltage"": 0, ""wifi_rssi"": -73, ""acc_data"": {""ax"": -0.42, ""ay"": -0.01, ""az"": 0.87, ""pitch"": -24.81, ""roll"": -0.61}, ""gyro_data"": {""gx"": -18.26, ""gy"": -5.98, ""gz"": -10.61}, ""gps_data"": {""latitude"": 0, ""longitude"": 0, ""gps_altitude"": 0, ""time"": 60970}, ""alt_data"": {""pressure"": 848.95, ""temperature"": 26.35, ""AGL"": 1.26, ""velocity"": 0, ""kalman_altitude"": 1.24, ""kalman_vertical_velocity"": -1.46}, ""chute_state"": {""pyro1_state"": 0, ""pyro2_state"": 0}, ""connection_status"": {""connected"": true, ""has_ever_connected"": true, ""packet_age_ms"": 1, ""timeout_exceeded"": false, ""rssi"": -73}, ""communication_mode"": ""BEACON"", ""timestamp"": 123378, ""packets_received"": 258, ""kalman_data"": {""altitude"": 1.24, ""vertical_velocity"": -1.46}, ""kalman_altitude"": 1.24, ""kalman_vertical_velocity"": -1.46, ""pyroDrogue"": 0, ""pyroMain"": 0, ""pyro1_state"": 0, ""pyro2_state"": 0}"
1764328776.525243,2025-11-28T14:19:36.525243,668,0,0,-0.42,-0.03,0.87,-24.56,-1.87,-21.89,-7.04,-4.85,0,0,0,60970,848.96,26.35,1.15,0,0,0,0,-74,1.14,-1.52,BEACON,"{""record_number"": 668, ""operation_mode"": 0, ""state"": 0, ""battery_voltage"": 0, ""wifi_rssi"": -74, ""acc_data"": {""ax"": -0.42, ""ay"": -0.03, ""az"": 0.87, ""pitch"": -24.56, ""roll"": -1.87}, ""gyro_data"": {""gx"": -21.89, ""gy"": -7.04, ""gz"": -4.85}, ""gps_data"": {""latitude"": 0, ""longitude"": 0, ""gps_altitude"": 0, ""time"": 60970}, ""alt_data"": {""pressure"": 848.96, ""temperature"": 26.35, ""AGL"": 1.15, ""velocity"": 0, ""kalman_altitude"": 1.14, ""kalman_vertical_velocity"": -1.52}, ""chute_state"": {""pyro1_state"": 0, ""pyro2_state"": 0}, ""connection_status"": {""connected"": true, ""has_ever_connected"": true, ""packet_age_ms"": 1, ""timeout_exceeded"": false, ""rssi"": -74}, ""communication_mode"": ""BEACON"", ""timestamp"": 123492, ""packets_received"": 259, ""kalman_data"": {""altitude"": 1.14, ""vertical_velocity"": -1.52}, ""kalman_altitude"": 1.14, ""kalman_vertical_velocity"": -1.52, ""pyroDrogue"": 0, ""pyroMain"": 0, ""pyro1_state"": 0, ""pyro2_state"": 0}"
1764328776.765888,2025-11-28T14:19:36.765888,669,0,0,-0.43,-0.03,0.89,-25.4,-2.29,-40.82,-5.46,-14.91,0,0,0,61170,848.94,26.34,1.34,0,0,0,0,-73,1.27,-1.44,BEACON,"{""record_number"": 669, ""operation_mode"": 0, ""state"": 0, ""battery_voltage"": 0, ""wifi_rssi"": -73, ""acc_data"": {""ax"": -0.43, ""ay"": -0.03, ""az"": 0.89, ""pitch"": -25.4, ""roll"": -2.29}, ""gyro_data"": {""gx"": -40.82, ""gy"": -5.46, ""gz"": -14.91}, ""gps_data"": {""latitude"": 0, ""longitude"": 0, ""gps_altitude"": 0, ""time"": 61170}, ""alt_data"": {""pressure"": 848.94, ""temperature"": 26.34, ""AGL"": 1.34, ""velocity"": 0, ""kalman_altitude"": 1.27, ""kalman_vertical_velocity"": -1.44}, ""chute_state"": {""pyro1_state"": 0, ""pyro2_state"": 0}, ""connection_status"": {""connected"": true, ""has_ever_connected"": true, ""packet_age_ms"": 1, ""timeout_exceeded"": false, ""rssi"": -73}, ""communication_mode"": ""BEACON"", ""timestamp"": 123605, ""packets_received"": 260, ""kalman_data"": {""altitude"": 1.27, ""vertical_velocity"": -1.44}, ""kalman_altitude"": 1.27, ""kalman_vertical_velocity"": -1.44, ""pyroDrogue"": 0, ""pyroMain"": 0, ""pyro1_state"": 0, ""pyro2_state"": 0}"
1764328777.014541,2025-11-28T14:19:37.014541,670,0,0,-0.44,-0.03,0.89,-26.17,-1.75,-17.35,-3.99,-4.42,0,0,0,61370,848.97,26.34,0.98,0,0,0,0,-73,1.08,-1.56,BEACON,"{""record_number"": 670, ""operation_mode"": 0, ""state"": 0, ""battery_voltage"": 0, ""wifi_rssi"": -73, ""acc_data"": {""ax"": -0.44, ""ay"": -0.03, ""az"": 0.89, ""pitch"": -26.17, ""roll"": -1.75}, ""gyro_data"": {""gx"": -17.35, ""gy"": -3.99, ""gz"": -4.42}, ""gps_data"": {""latitude"": 0, ""longitude"": 0, ""gps_altitude"": 0, ""time"": 61370}, ""alt_data"": {""pressure"": 848.97, ""temperature"": 26.34, ""AGL"": 0.98, ""velocity"": 0, ""kalman_altitude"": 1.08, ""kalman_vertical_velocity"": -1.56}, ""chute_state"": {""pyro1_state"": 0, ""pyro2_state"": 0}, ""connection_status"": {""connected"": true, ""has_ever_connected"": true, ""packet_age_ms"": 0, ""timeout_exceeded"": false, ""rssi"": -73}, ""communication_mode"": ""BEACON"", ""timestamp"": 123718, ""packets_received"": 261, ""kalman_data"": {""altitude"": 1.08, ""vertical_velocity"": -1.56}, ""kalman_altitude"": 1.08, ""kalman_vertical_velocity"": -1.56, ""pyroDrogue"": 0, ""pyroMain"": 0, ""pyro1_state"": 0, ""pyro2_state"": 0}"
1764328777.167067,2025-11-28T14:19:37.167067,672,0,0,-0.42,-0.03,0.87,-24.87,-2,-10.15,0.34,-1.95,0,0,0,61370,848.95,26.34,1.23,0,0,0,0,-72,1.12,-1.66,BEACON,"{""record_number"": 672, ""operation_mode"": 0, ""state"": 0, ""battery_voltage"": 0, ""wifi_rssi"": -72, ""acc_data"": {""ax"": -0.42, ""ay"": -0.03, ""az"": 0.87, ""pitch"": -24.87, ""roll"": -2}, ""gyro_data"": {""gx"": -10.15, ""gy"": 0.34, ""gz"": -1.95}, ""gps_data"": {""latitude"": 0, ""longitude"": 0, ""gps_altitude"": 0, ""time"": 61370}, ""alt_data"": {""pressure"": 848.95, ""temperature"": 26.34, ""AGL"": 1.23, ""velocity"": 0, ""kalman_altitude"": 1.12, ""kalman_vertical_velocity"": -1.66}, ""chute_state"": {""pyro1_state"": 0, ""pyro2_state"": 0}, ""connection_status"": {""connected"": true, ""has_ever_connected"": true, ""packet_age_ms"": 0, ""timeout_exceeded"": false, ""rssi"": -72}, ""communication_mode"": ""BEACON"", ""timestamp"": 123832, ""packets_received"": 262, ""kalman_data"": {""altitude"": 1.12, ""vertical_velocity"": -1.66}, ""kalman_altitude"": 1.12, ""kalman_vertical_velocity"": -1.66, ""pyroDrogue"": 0, ""pyroMain"": 0, ""pyro1_state"": 0, ""pyro2_state"": 0}"
1764328777.297177,2025-11-28T14:19:37.297177,673,0,0,-0.42,-0.04,0.88,-25.64,-2.94,-14.18,-1.89,-11.8,0,0,0,61569,849,26.35,0.72,0,0,0,0,-72,0.86,-1.7,BEACON,"{""record_number"": 673, ""operation_mode"": 0, ""state"": 0, ""battery_voltage"": 0, ""wifi_rssi"": -72, ""acc_data"": {""ax"": -0.42, ""ay"": -0.04, ""az"": 0.88, ""pitch"": -25.64, ""roll"": -2.94}, ""gyro_data"": {""gx"": -14.18, ""gy"": -1.89, ""gz"": -11.8}, ""gps_data"": {""latitude"": 0, ""longitude"": 0, ""gps_altitude"": 0, ""time"": 61569}, ""alt_data"": {""pressure"": 849, ""temperature"": 26.35, ""AGL"": 0.72, ""velocity"": 0, ""kalman_altitude"": 0.86, ""kalman_vertical_velocity"": -1.7}, ""chute_state"": {""pyro1_state"": 0, ""pyro2_state"": 0}, ""connection_status"": {""connected"": true, ""has_ever_connected"": true, ""packet_age_ms"": 1, ""timeout_exceeded"": false, ""rssi"": -72}, ""communication_mode"": ""BEACON"", ""timestamp"": 123945, ""packets_received"": 263, ""kalman_data"": {""altitude"": 0.86, ""vertical_velocity"": -1.7}, ""kalman_altitude"": 0.86, ""kalman_vertical_velocity"": -1.7, ""pyroDrogue"": 0, ""pyroMain"": 0, ""pyro1_state"": 0, ""pyro2_state"": 0}"
1764328777.698733,2025-11-28T14:19:37.698733,674,0,0,-0.42,-0.03,0.88,-24.72,-1.82,-6.04,-2.41,-4.12,0,0,0,61569,848.98,26.35,0.89,0,0,0,0,-73,0.88,-1.69,BEACON,"{""record_number"": 674, ""operation_mode"": 0, ""state"": 0, ""battery_voltage"": 0, ""wifi_rssi"": -73, ""acc_data"": {""ax"": -0.42, ""ay"": -0.03, ""az"": 0.88, ""pitch"": -24.72, ""roll"": -1.82}, ""gyro_data"": {""gx"": -6.04, ""gy"": -2.41, ""gz"": -4.12}, ""gps_data"": {""latitude"": 0, ""longitude"": 0, ""gps_altitude"": 0, ""time"": 61569}, ""alt_data"": {""pressure"": 848.98, ""temperature"": 26.35, ""AGL"": 0.89, ""velocity"": 0, ""kalman_altitude"": 0.88, ""kalman_vertical_velocity"": -1.69}, ""chute_state"": {""pyro1_state"": 0, ""pyro2_state"": 0}, ""connection_status"": {""connected"": true, ""has_ever_connected"": true, ""packet_age_ms"": 1, ""timeout_exceeded"": false, ""rssi"": -73}, ""communication_mode"": ""BEACON"", ""timestamp"": 124057, ""packets_received"": 264, ""kalman_data"": {""altitude"": 0.88, ""vertical_velocity"": -1.69}, ""kalman_altitude"": 0.88, ""kalman_vertical_velocity"": -1.69, ""pyroDrogue"": 0, ""pyroMain"": 0, ""pyro1_state"": 0, ""pyro2_state"": 0}"
1764328777.829734,2025-11-28T14:19:37.829734,676,0,0,-0.43,-0.03,0.87,-25.27,-1.54,-10.91,-10.55,-5.58,0,0,0,61776,848.99,26.35,0.86,0,0,0,0,-72,0.95,-1.64,BEACON,"{""record_number"": 676, ""operation_mode"": 0, ""state"": 0, ""battery_voltage"": 0, ""wifi_rssi"": -72, ""acc_data"": {""ax"": -0.43, ""ay"": -0.03, ""az"": 0.87, ""pitch"": -25.27, ""roll"": -1.54}, ""gyro_data"": {""gx"": -10.91, ""gy"": -10.55, ""gz"": -5.58}, ""gps_data"": {""latitude"": 0, ""longitude"": 0, ""gps_altitude"": 0, ""time"": 61776}, ""alt_data"": {""pressure"": 848.99, ""temperature"": 26.35, ""AGL"": 0.86, ""velocity"": 0, ""kalman_altitude"": 0.95, ""kalman_vertical_velocity"": -1.64}, ""chute_state"": {""pyro1_state"": 0, ""pyro2_state"": 0}, ""connection_status"": {""connected"": true, ""has_ever_connected"": true, ""packet_age_ms"": 0, ""timeout_exceeded"": false, ""rssi"": -72}, ""communication_mode"": ""BEACON"", ""timestamp"": 124169, ""packets_received"": 265, ""kalman_data"": {""altitude"": 0.95, ""vertical_velocity"": -1.64}, ""kalman_altitude"": 0.95, ""kalman_vertical_velocity"": -1.64, ""pyroDrogue"": 0, ""pyroMain"": 0, ""pyro1_state"": 0, ""pyro2_state"": 0}"
1764328778.213738,2025-11-28T14:19:38.213738,677,0,0,-0.42,-0.05,0.88,-24.75,-3.11,-8.9,-3.35,-6.07,0,0,0,61776,848.95,26.35,1.18,0,0,0,0,-73,1.1,-1.54,BEACON,"{""record_number"": 677, ""operation_mode"": 0, ""state"": 0, ""battery_voltage"": 0, ""wifi_rssi"": -73, ""acc_data"": {""ax"": -0.42, ""ay"": -0.05, ""az"": 0.88, ""pitch"": -24.75, ""roll"": -3.11}, ""gyro_data"": {""gx"": -8.9, ""gy"": -3.35, ""gz"": -6.07}, ""gps_data"": {""latitude"": 0, ""longitude"": 0, ""gps_altitude"": 0, ""time"": 61776}, ""alt_data"": {""pressure"": 848.95, ""temperature"": 26.35, ""AGL"": 1.18, ""velocity"": 0, ""kalman_altitude"": 1.1, ""kalman_vertical_velocity"": -1.54}, ""chute_state"": {""pyro1_state"": 0, ""pyro2_state"": 0}, ""connection_status"": {""connected"": true, ""has_ever_connected"": true, ""packet_age_ms"": 0, ""timeout_exceeded"": false, ""rssi"": -73}, ""communication_mode"": ""BEACON"", ""timestamp"": 124282, ""packets_received"": 266, ""kalman_data"": {""altitude"": 1.1, ""vertical_velocity"": -1.54}, ""kalman_altitude"": 1.1, ""kalman_vertical_velocity"": -1.54, ""pyroDrogue"": 0, ""pyroMain"": 0, ""pyro1_state"": 0, ""pyro2_state"": 0}"
1764328778.655413,2025-11-28T14:19:38.655413,678,0,0,-0.42,-0.03,0.88,-25.27,-2.3,-7.53,0.7,-5.34,0,0,0,61976,849.01,26.35,0.64,0,0,0,0,-72,0.79,-1.74,BEACON,"{""record_number"": 678, ""operation_mode"": 0, ""state"": 0, ""battery_voltage"": 0, ""wifi_rssi"": -72, ""acc_data"": {""ax"": -0.42, ""ay"": -0.03, ""az"": 0.88, ""pitch"": -25.27, ""roll"": -2.3}, ""gyro_data"": {""gx"": -7.53, ""gy"": 0.7, ""gz"": -5.34}, ""gps_data"": {""latitude"": 0, ""longitude"": 0, ""gps_altitude"": 0, ""time"": 61976}, ""alt_data"": {""pressure"": 849.01, ""temperature"": 26.35, ""AGL"": 0.64, ""velocity"": 0, ""kalman_altitude"": 0.79, ""kalman_vertical_velocity"": -1.74}, ""chute_state"": {""pyro1_state"": 0, ""pyro2_state"": 0}, ""connection_status"": {""connected"": true, ""has_ever_connected"": true, ""packet_age_ms"": 0, ""timeout_exceeded"": false, ""rssi"": -72}, ""communication_mode"": ""BEACON"", ""timestamp"": 124397, ""packets_received"": 267, ""kalman_data"": {""altitude"": 0.79, ""vertical_velocity"": -1.74}, ""kalman_altitude"": 0.79, ""kalman_vertical_velocity"": -1.74, ""pyroDrogue"": 0, ""pyroMain"": 0, ""pyro1_state"": 0, ""pyro2_state"": 0}"
1764328781.587975,2025-11-28T14:19:41.587975,680,0,0,-0.43,-0.04,0.88,-25.61,-2.47,-7.26,1.98,2.1,0,0,0,61976,849.03,26.35,0.46,0,0,0,0,-73,0.57,-1.88,BEACON,"{""record_number"": 680, ""operation_mode"": 0, ""state"": 0, ""battery_voltage"": 0, ""wifi_rssi"": -73, ""acc_data"": {""ax"": -0.43, ""ay"": -0.04, ""az"": 0.88, ""pitch"": -25.61, ""roll"": -2.47}, ""gyro_data"": {""gx"": -7.26, ""gy"": 1.98, ""gz"": 2.1}, ""gps_data"": {""latitude"": 0, ""longitude"": 0, ""gps_altitude"": 0, ""time"": 61976}, ""alt_data"": {""pressure"": 849.03, ""temperature"": 26.35, ""AGL"": 0.46, ""velocity"": 0, ""kalman_altitude"": 0.57, ""kalman_vertical_velocity"": -1.88}, ""chute_state"": {""pyro1_state"": 0, ""pyro2_state"": 0}, ""connection_status"": {""connected"": true, ""has_ever_connected"": true, ""packet_age_ms"": 0, ""timeout_exceeded"": false, ""rssi"": -73}, ""communication_mode"": ""BEACON"", ""timestamp"": 124508, ""packets_received"": 268, ""kalman_data"": {""altitude"": 0.57, ""vertical_velocity"": -1.88}, ""kalman_altitude"": 0.57, ""kalman_vertical_velocity"": -1.88, ""pyroDrogue"": 0, ""pyroMain"": 0, ""pyro1_state"": 0, ""pyro2_state"": 0}"
1764328781.798565,2025-11-28T14:19:41.798565,681,0,0,-0.42,-0.04,0.88,-25.58,-2.63,-6.68,-2.99,-4.94,0,0,0,62176,848.99,26.35,0.82,0,0,0,0,-72,0.77,-1.75,BEACON,"{""record_number"": 681, ""operation_mode"": 0, ""state"": 0, ""battery_voltage"": 0, ""wifi_rssi"": -72, ""acc_data"": {""ax"": -0.42, ""ay"": -0.04, ""az"": 0.88, ""pitch"": -25.58, ""roll"": -2.63}, ""gyro_data"": {""gx"": -6.68, ""gy"": -2.99, ""gz"": -4.94}, ""gps_data"": {""latitude"": 0, ""longitude"": 0, ""gps_altitude"": 0, ""time"": 62176}, ""alt_data"": {""pressure"": 848.99, ""temperature"": 26.35, ""AGL"": 0.82, ""velocity"": 0, ""kalman_altitude"": 0.77, ""kalman_vertical_velocity"": -1.75}, ""chute_state"": {""pyro1_state"": 0, ""pyro2_state"": 0}, ""connection_status"": {""connected"": true, ""has_ever_connected"": true, ""packet_age_ms"": 1, ""timeout_exceeded"": false, ""rssi"": -72}, ""communication_mode"": ""BEACON"", ""timestamp"": 124621, ""packets_received"": 269, ""kalman_data"": {""altitude"": 0.77, ""vertical_velocity"": -1.75}, ""kalman_altitude"": 0.77, ""kalman_vertical_velocity"": -1.75, ""pyroDrogue"": 0, ""pyroMain"": 0, ""pyro1_state"": 0, ""pyro2_state"": 0}"
1764328781.854866,2025-11-28T14:19:41.854866,682,0,0,-0.42,-0.03,0.86,-24.5,-2.1,-12.87,-3.57,-1.19,0,0,0,62376,848.99,26.35,0.86,0,0,0,0,-74,0.82,-1.71,BEACON,"{""record_number"": 682, ""operation_mode"": 0, ""state"": 0, ""battery_voltage"": 0, ""wifi_rssi"": -74, ""acc_data"": {""ax"": -0.42, ""ay"": -0.03, ""az"": 0.86, ""pitch"": -24.5, ""roll"": -2.1}, ""gyro_data"": {""gx"": -12.87, ""gy"": -3.57, ""gz"": -1.19}, ""gps_data"": {""latitude"": 0, ""longitude"": 0, ""gps_altitude"": 0, ""time"": 62376}, ""alt_data"": {""pressure"": 848.99, ""temperature"": 26.35, ""AGL"": 0.86, ""velocity"": 0, ""kalman_altitude"": 0.82, ""kalman_vertical_velocity"": -1.71}, ""chute_state"": {""pyro1_state"": 0, ""pyro2_state"": 0}, ""connection_status"": {""connected"": true, ""has_ever_connected"": true, ""packet_age_ms"": 0, ""timeout_exceeded"": false, ""rssi"": -74}, ""communication_mode"": ""BEACON"", ""timestamp"": 124734, ""packets_received"": 270, ""kalman_data"": {""altitude"": 0.82, ""vertical_velocity"": -1.71}, ""kalman_altitude"": 0.82, ""kalman_vertical_velocity"": -1.71, ""pyroDrogue"": 0, ""pyroMain"": 0, ""pyro1_state"": 0, ""pyro2_state"": 0}"
1764328781.898866,2025-11-28T14:19:41.898866,684,0,0,-0.42,-0.04,0.87,-25.03,-2.92,-3.08,-0.73,-0.98,0,0,0,62376,849,26.35,0.71,0,0,0,0,-71,0.75,-1.76,BEACON,"{""record_number"": 684, ""operation_mode"": 0, ""state"": 0, ""battery_voltage"": 0, ""wifi_rssi"": -71, ""acc_data"": {""ax"": -0.42, ""ay"": -0.04, ""az"": 0.87, ""pitch"": -25.03, ""roll"": -2.92}, ""gyro_data"": {""gx"": -3.08, ""gy"": -0.73, ""gz"": -0.98}, ""gps_data"": {""latitude"": 0, ""longitude"": 0, ""gps_altitude"": 0, ""time"": 62376}, ""alt_data"": {""pressure"": 849, ""temperature"": 26.35, ""AGL"": 0.71, ""velocity"": 0, ""kalman_altitude"": 0.75, ""kalman_vertical_velocity"": -1.76}, ""chute_state"": {""pyro1_state"": 0, ""pyro2_state"": 0}, ""connection_status"": {""connected"": true, ""has_ever_connected"": true, ""packet_age_ms"": 0, ""timeout_exceeded"": false, ""rssi"": -71}, ""communication_mode"": ""BEACON"", ""timestamp"": 124847, ""packets_received"": 271, ""kalman_data"": {""altitude"": 0.75, ""vertical_velocity"": -1.76}, ""kalman_altitude"": 0.75, ""kalman_vertical_velocity"": -1.76, ""pyroDrogue"": 0, ""pyroMain"": 0, ""pyro1_state"": 0, ""pyro2_state"": 0}"
1764328781.989864,2025-11-28T14:19:41.989864,685,0,0,-0.43,-0.04,0.88,-25.74,-2.2,-7.04,-0.18,-5.21,0,0,0,62576,848.98,26.35,0.96,0,0,0,0,-72,0.93,-1.64,BEACON,"{""record_number"": 685, ""operation_mode"": 0, ""state"": 0, ""battery_voltage"": 0, ""wifi_rssi"": -72, ""acc_data"": {""ax"": -0.43, ""ay"": -0.04, ""az"": 0.88, ""pitch"": -25.74, ""roll"": -2.2}, ""gyro_data"": {""gx"": -7.04, ""gy"": -0.18, ""gz"": -5.21}, ""gps_data"": {""latitude"": 0, ""longitude"": 0, ""gps_altitude"": 0, ""time"": 62576}, ""alt_data"": {""pressure"": 848.98, ""temperature"": 26.35, ""AGL"": 0.96, ""velocity"": 0, ""kalman_altitude"": 0.93, ""kalman_vertical_velocity"": -1.64}, ""chute_state"": {""pyro1_state"": 0, ""pyro2_state"": 0}, ""connection_status"": {""connected"": true, ""has_ever_connected"": true, ""packet_age_ms"": 1, ""timeout_exceeded"": false, ""rssi"": -72}, ""communication_mode"": ""BEACON"", ""timestamp"": 124963, ""packets_received"": 272, ""kalman_data"": {""altitude"": 0.93, ""vertical_velocity"": -1.64}, ""kalman_altitude"": 0.93, ""kalman_vertical_velocity"": -1.64, ""pyroDrogue"": 0, ""pyroMain"": 0, ""pyro1_state"": 0, ""pyro2_state"": 0}"
1764328782.097866,2025-11-28T14:19:42.097866,686,0,0,-0.44,-0.04,0.88,-26.05,-2.47,-9.76,-4.85,-5.3,0,0,0,62576,848.98,26.35,0.89,0,0,0,0,-72,0.9,-1.66,BEACON,"{""record_number"": 686, ""operation_mode"": 0, ""state"": 0, ""battery_voltage"": 0, ""wifi_rssi"": -72, ""acc_data"": {""ax"": -0.44, ""ay"": -0.04, ""az"": 0.88, ""pitch"": -26.05, ""roll"": -2.47}, ""gyro_data"": {""gx"": -9.76, ""gy"": -4.85, ""gz"": -5.3}, ""gps_data"": {""latitude"": 0, ""longitude"": 0, ""gps_altitude"": 0, ""time"": 62576}, ""alt_data"": {""pressure"": 848.98, ""temperature"": 26.35, ""AGL"": 0.89, ""velocity"": 0, ""kalman_altitude"": 0.9, ""kalman_vertical_velocity"": -1.66}, ""chute_state"": {""pyro1_state"": 0, ""pyro2_state"": 0}, ""connection_status"": {""connected"": true, ""has_ever_connected"": true, ""packet_age_ms"": 1, ""timeout_exceeded"": false, ""rssi"": -72}, ""communication_mode"": ""BEACON"", ""timestamp"": 125071, ""packets_received"": 273, ""kalman_data"": {""altitude"": 0.9, ""vertical_velocity"": -1.66}, ""kalman_altitude"": 0.9, ""kalman_vertical_velocity"": -1.66, ""pyroDrogue"": 0, ""pyroMain"": 0, ""pyro1_state"": 0, ""pyro2_state"": 0}"
1764328782.197946,2025-11-28T14:19:42.197946,688,0,0,-0.43,-0.05,0.88,-25.4,-3.16,-14.7,-9.18,-1.95,0,0,0,62781,848.97,26.35,1.04,0,0,0,0,-72,0.99,-1.6,BEACON,"{""record_number"": 688, ""operation_mode"": 0, ""state"": 0, ""battery_voltage"": 0, ""wifi_rssi"": -72, ""acc_data"": {""ax"": -0.43, ""ay"": -0.05, ""az"": 0.88, ""pitch"": -25.4, ""roll"": -3.16}, ""gyro_data"": {""gx"": -14.7, ""gy"": -9.18, ""gz"": -1.95}, ""gps_data"": {""latitude"": 0, ""longitude"": 0, ""gps_altitude"": 0, ""time"": 62781}, ""alt_data"": {""pressure"": 848.97, ""temperature"": 26.35, ""AGL"": 1.04, ""velocity"": 0, ""kalman_altitude"": 0.99, ""kalman_vertical_velocity"": -1.6}, ""chute_state"": {""pyro1_state"": 0, ""pyro2_state"": 0}, ""connection_status"": {""connected"": true, ""has_ever_connected"": true, ""packet_age_ms"": 1, ""timeout_exceeded"": false, ""rssi"": -72}, ""communication_mode"": ""BEACON"", ""timestamp"": 125183, ""packets_received"": 274, ""kalman_data"": {""altitude"": 0.99, ""vertical_velocity"": -1.6}, ""kalman_altitude"": 0.99, ""kalman_vertical_velocity"": -1.6, ""pyroDrogue"": 0, ""pyroMain"": 0, ""pyro1_state"": 0, ""pyro2_state"": 0}"
1764328782.230473,2025-11-28T14:19:42.230473,689,0,0,-0.43,-0.06,0.91,-25.74,-3.7,-6.83,-23.6,-6.28,0,0,0,62781,848.94,26.35,1.29,0,0,0,0,-72,1.11,-1.52,BEACON,"{""record_number"": 689, ""operation_mode"": 0, ""state"": 0, ""battery_voltage"": 0, ""wifi_rssi"": -72, ""acc_data"": {""ax"": -0.43, ""ay"": -0.06, ""az"": 0.91, ""pitch"": -25.74, ""roll"": -3.7}, ""gyro_data"": {""gx"": -6.83, ""gy"": -23.6, ""gz"": -6.28}, ""gps_data"": {""latitude"": 0, ""longitude"": 0, ""gps_altitude"": 0, ""time"": 62781}, ""alt_data"": {""pressure"": 848.94, ""temperature"": 26.35, ""AGL"": 1.29, ""velocity"": 0, ""kalman_altitude"": 1.11, ""kalman_vertical_velocity"": -1.52}, ""chute_state"": {""pyro1_state"": 0, ""pyro2_state"": 0}, ""connection_status"": {""connected"": true, ""has_ever_connected"": true, ""packet_age_ms"": 1, ""timeout_exceeded"": false, ""rssi"": -72}, ""communication_mode"": ""BEACON"", ""timestamp"": 125296, ""packets_received"": 275, ""kalman_data"": {""altitude"": 1.11, ""vertical_velocity"": -1.52}, ""kalman_altitude"": 1.11, ""kalman_vertical_velocity"": -1.52, ""pyroDrogue"": 0, ""pyroMain"": 0, ""pyro1_state"": 0, ""pyro2_state"": 0}"
1764328782.284544,2025-11-28T14:19:42.284544,690,0,0,-0.38,-0.02,0.84,-21.49,-1.48,30.09,-14.21,-5.24,0,0,0,62981,849.01,26.36,0.66,0,0,0,0,-71,0.81,-1.71,BEACON,"{""record_number"": 690, ""operation_mode"": 0, ""state"": 0, ""battery_voltage"": 0, ""wifi_rssi"": -71, ""acc_data"": {""ax"": -0.38, ""ay"": -0.02, ""az"": 0.84, ""pitch"": -21.49, ""roll"": -1.48}, ""gyro_data"": {""gx"": 30.09, ""gy"": -14.21, ""gz"": -5.24}, ""gps_data"": {""latitude"": 0, ""longitude"": 0, ""gps_altitude"": 0, ""time"": 62981}, ""alt_data"": {""pressure"": 849.01, ""temperature"": 26.36, ""AGL"": 0.66, ""velocity"": 0, ""kalman_altitude"": 0.81, ""kalman_vertical_velocity"": -1.71}, ""chute_state"": {""pyro1_state"": 0, ""pyro2_state"": 0}, ""connection_status"": {""connected"": true, ""has_ever_connected"": true, ""packet_age_ms"": 0, ""timeout_exceeded"": false, ""rssi"": -71}, ""communication_mode"": ""BEACON"", ""timestamp"": 125409, ""packets_received"": 276, ""kalman_data"": {""altitude"": 0.81, ""vertical_velocity"": -1.71}, ""kalman_altitude"": 0.81, ""kalman_vertical_velocity"": -1.71, ""pyroDrogue"": 0, ""pyroMain"": 0, ""pyro1_state"": 0, ""pyro2_state"": 0}"
1764328782.320636,2025-11-28T14:19:42.320636,692,0,0,-0.44,-0.14,0.91,-25.03,-9.44,-182.1,-135.3,-96.8,0,0,0,63180,848.98,26.35,0.89,0,0,0,0,-74,0.86,-1.67,BEACON,"{""record_number"": 692, ""operation_mode"": 0, ""state"": 0, ""battery_voltage"": 0, ""wifi_rssi"": -74, ""acc_data"": {""ax"": -0.44, ""ay"": -0.14, ""az"": 0.91, ""pitch"": -25.03, ""roll"": -9.44}, ""gyro_data"": {""gx"": -182.1, ""gy"": -135.3, ""gz"": -96.8}, ""gps_data"": {""latitude"": 0, ""longitude"": 0, ""gps_altitude"": 0, ""time"": 63180}, ""alt_data"": {""pressure"": 848.98, ""temperature"": 26.35, ""AGL"": 0.89, ""velocity"": 0, ""kalman_altitude"": 0.86, ""kalman_vertical_velocity"": -1.67}, ""chute_state"": {""pyro1_state"": 0, ""pyro2_state"": 0}, ""connection_status"": {""connected"": true, ""has_ever_connected"": true, ""packet_age_ms"": 0, ""timeout_exceeded"": false, ""rssi"": -74}, ""communication_mode"": ""BEACON"", ""timestamp"": 125522, ""packets_received"": 277, ""kalman_data"": {""altitude"": 0.86, ""vertical_velocity"": -1.67}, ""kalman_altitude"": 0.86, ""kalman_vertical_velocity"": -1.67, ""pyroDrogue"": 0, ""pyroMain"": 0, ""pyro1_state"": 0, ""pyro2_state"": 0}"
1764328782.371727,2025-11-28T14:19:42.371727,693,0,0,-0.29,-0.22,1,-17.54,-12.53,-112.35,-200.18,-93.48,0,0,0,63180,848.98,26.36,0.92,0,0,0,0,-72,0.86,-1.67,BEACON,"{""record_number"": 693, ""operation_mode"": 0, ""state"": 0, ""battery_voltage"": 0, ""wifi_rssi"": -72, ""acc_data"": {""ax"": -0.29, ""ay"": -0.22, ""az"": 1, ""pitch"": -17.54, ""roll"": -12.53}, ""gyro_data"": {""gx"": -112.35, ""gy"": -200.18, ""gz"": -93.48}, ""gps_data"": {""latitude"": 0, ""longitude"": 0, ""gps_altitude"": 0, ""time"": 63180}, ""alt_data"": {""pressure"": 848.98, ""temperature"": 26.36, ""AGL"": 0.92, ""velocity"": 0, ""kalman_altitude"": 0.86, ""kalman_vertical_velocity"": -1.67}, ""chute_state"": {""pyro1_state"": 0, ""pyro2_state"": 0}, ""connection_status"": {""connected"": true, ""has_ever_connected"": true, ""packet_age_ms"": 0, ""timeout_exceeded"": false, ""rssi"": -72}, ""communication_mode"": ""BEACON"", ""timestamp"": 125635, ""packets_received"": 278, ""kalman_data"": {""altitude"": 0.86, ""vertical_velocity"": -1.67}, ""kalman_altitude"": 0.86, ""kalman_vertical_velocity"": -1.67, ""pyroDrogue"": 0, ""pyroMain"": 0, ""pyro1_state"": 0, ""pyro2_state"": 0}"
1764328782.567256,2025-11-28T14:19:42.567256,694,0,0,-0.3,-0.17,0.98,-17.22,-10.22,-7.26,-64.3,-30.64,0,0,0,63381,848.99,26.35,0.86,0,0,0,0,-73,0.85,-1.67,BEACON,"{""record_number"": 694, ""operation_mode"": 0, ""state"": 0, ""battery_voltage"": 0, ""wifi_rssi"": -73, ""acc_data"": {""ax"": -0.3, ""ay"": -0.17, ""az"": 0.98, ""pitch"": -17.22, ""roll"": -10.22}, ""gyro_data"": {""gx"": -7.26, ""gy"": -64.3, ""gz"": -30.64}, ""gps_data"": {""latitude"": 0, ""longitude"": 0, ""gps_altitude"": 0, ""time"": 63381}, ""alt_data"": {""pressure"": 848.99, ""temperature"": 26.35, ""AGL"": 0.86, ""velocity"": 0, ""kalman_altitude"": 0.85, ""kalman_vertical_velocity"": -1.67}, ""chute_state"": {""pyro1_state"": 0, ""pyro2_state"": 0}, ""connection_status"": {""connected"": true, ""has_ever_connected"": true, ""packet_age_ms"": 1, ""timeout_exceeded"": false, ""rssi"": -73}, ""communication_mode"": ""BEACON"", ""timestamp"": 125748, ""packets_received"": 279, ""kalman_data"": {""altitude"": 0.85, ""vertical_velocity"": -1.67}, ""kalman_altitude"": 0.85, ""kalman_vertical_velocity"": -1.67, ""pyroDrogue"": 0, ""pyroMain"": 0, ""pyro1_state"": 0, ""pyro2_state"": 0}"
1764328782.81148,2025-11-28T14:19:42.811480,696,0,0,-0.21,-0.22,0.94,-12.73,-13.54,-64.12,-48.32,-12.8,0,0,0,63381,848.93,26.35,1.47,0,0,0,0,-72,1.27,-1.41,BEACON,"{""record_number"": 696, ""operation_mode"": 0, ""state"": 0, ""battery_voltage"": 0, ""wifi_rssi"": -72, ""acc_data"": {""ax"": -0.21, ""ay"": -0.22, ""az"": 0.94, ""pitch"": -12.73, ""roll"": -13.54}, ""gyro_data"": {""gx"": -64.12, ""gy"": -48.32, ""gz"": -12.8}, ""gps_data"": {""latitude"": 0, ""longitude"": 0, ""gps_altitude"": 0, ""time"": 63381}, ""alt_data"": {""pressure"": 848.93, ""temperature"": 26.35, ""AGL"": 1.47, ""velocity"": 0, ""kalman_altitude"": 1.27, ""kalman_vertical_velocity"": -1.41}, ""chute_state"": {""pyro1_state"": 0, ""pyro2_state"": 0}, ""connection_status"": {""connected"": true, ""has_ever_connected"": true, ""packet_age_ms"": 0, ""timeout_exceeded"": false, ""rssi"": -72}, ""communication_mode"": ""BEACON"", ""timestamp"": 125860, ""packets_received"": 280, ""kalman_data"": {""altitude"": 1.27, ""vertical_velocity"": -1.41}, ""kalman_altitude"": 1.27, ""kalman_vertical_velocity"": -1.41, ""pyroDrogue"": 0, ""pyroMain"": 0, ""pyro1_state"": 0, ""pyro2_state"": 0}"
1764328782.917482,2025-11-28T14:19:42.917482,697,0,0,-0.22,-0.2,0.94,-12.47,-12.31,-24.39,-32.9,-10.91,0,0,0,63581,848.98,26.35,0.96,0,0,0,0,-71,1,-1.57,BEACON,"{""record_number"": 697, ""operation_mode"": 0, ""state"": 0, ""battery_voltage"": 0, ""wifi_rssi"": -71, ""acc_data"": {""ax"": -0.22, ""ay"": -0.2, ""az"": 0.94, ""pitch"": -12.47, ""roll"": -12.31}, ""gyro_data"": {""gx"": -24.39, ""gy"": -32.9, ""gz"": -10.91}, ""gps_data"": {""latitude"": 0, ""longitude"": 0, ""gps_altitude"": 0, ""time"": 63581}, ""alt_data"": {""pressure"": 848.98, ""temperature"": 26.35, ""AGL"": 0.96, ""velocity"": 0, ""kalman_altitude"": 1, ""kalman_vertical_velocity"": -1.57}, ""chute_state"": {""pyro1_state"": 0, ""pyro2_state"": 0}, ""connection_status"": {""connected"": true, ""has_ever_connected"": true, ""packet_age_ms"": 0, ""timeout_exceeded"": false, ""rssi"": -71}, ""communication_mode"": ""BEACON"", ""timestamp"": 125973, ""packets_received"": 281, ""kalman_data"": {""altitude"": 1, ""vertical_velocity"": -1.57}, ""kalman_altitude"": 1, ""kalman_vertical_velocity"": -1.57, ""pyroDrogue"": 0, ""pyroMain"": 0, ""pyro1_state"": 0, ""pyro2_state"": 0}"
1764328782.974481,2025-11-28T14:19:42.974481,698,0,0,-0.24,-0.21,0.95,-13.22,-12.55,-26.55,-51.37,9.48,0,0,0,63581,849,26.36,0.77,0,0,0,0,-72,0.84,-1.67,BEACON,"{""record_number"": 698, ""operation_mode"": 0, ""state"": 0, ""battery_voltage"": 0, ""wifi_rssi"": -72, ""acc_data"": {""ax"": -0.24, ""ay"": -0.21, ""az"": 0.95, ""pitch"": -13.22, ""roll"": -12.55}, ""gyro_data"": {""gx"": -26.55, ""gy"": -51.37, ""gz"": 9.48}, ""gps_data"": {""latitude"": 0, ""longitude"": 0, ""gps_altitude"": 0, ""time"": 63581}, ""alt_data"": {""pressure"": 849, ""temperature"": 26.36, ""AGL"": 0.77, ""velocity"": 0, ""kalman_altitude"": 0.84, ""kalman_vertical_velocity"": -1.67}, ""chute_state"": {""pyro1_state"": 0, ""pyro2_state"": 0}, ""connection_status"": {""connected"": true, ""has_ever_connected"": true, ""packet_age_ms"": 0, ""timeout_exceeded"": false, ""rssi"": -72}, ""communication_mode"": ""BEACON"", ""timestamp"": 126086, ""packets_received"": 282, ""kalman_data"": {""altitude"": 0.84, ""vertical_velocity"": -1.67}, ""kalman_altitude"": 0.84, ""kalman_vertical_velocity"": -1.67, ""pyroDrogue"": 0, ""pyroMain"": 0, ""pyro1_state"": 0, ""pyro2_state"": 0}"
1764328783.005479,2025-11-28T14:19:43.005479,699,0,0,-0.16,-0.22,0.92,-8.74,-13.49,-54.3,-82.07,-1.37,0,0,0,63786,849,26.37,0.69,0,0,0,0,-73,0.74,-1.73,BEACON,"{""record_number"": 699, ""operation_mode"": 0, ""state"": 0, ""battery_voltage"": 0, ""wifi_rssi"": -73, ""acc_data"": {""ax"": -0.16, ""ay"": -0.22, ""az"": 0.92, ""pitch"": -8.74, ""roll"": -13.49}, ""gyro_data"": {""gx"": -54.3, ""gy"": -82.07, ""gz"": -1.37}, ""gps_data"": {""latitude"": 0, ""longitude"": 0, ""gps_altitude"": 0, ""time"": 63786}, ""alt_data"": {""pressure"": 849, ""temperature"": 26.37, ""AGL"": 0.69, ""velocity"": 0, ""kalman_altitude"": 0.74, ""kalman_vertical_velocity"": -1.73}, ""chute_state"": {""pyro1_state"": 0, ""pyro2_state"": 0}, ""connection_status"": {""connected"": true, ""has_ever_connected"": true, ""packet_age_ms"": 0, ""timeout_exceeded"": false, ""rssi"": -73}, ""communication_mode"": ""BEACON"", ""timestamp"": 126199, ""packets_received"": 283, ""kalman_data"": {""altitude"": 0.74, ""vertical_velocity"": -1.73}, ""kalman_altitude"": 0.74, ""kalman_vertical_velocity"": -1.73, ""pyroDrogue"": 0, ""pyroMain"": 0, ""pyro1_state"": 0, ""pyro2_state"": 0}"
1764328783.043481,2025-11-28T14:19:43.043481,701,0,0,-0.18,-0.26,0.94,-10.38,-14.91,-17.32,-33.96,3.05,0,0,0,63786,849.02,26.36,0.52,0,0,0,0,-73,0.58,-1.82,BEACON,"{""record_number"": 701, ""operation_mode"": 0, ""state"": 0, ""battery_voltage"": 0, ""wifi_rssi"": -73, ""acc_data"": {""ax"": -0.18, ""ay"": -0.26, ""az"": 0.94, ""pitch"": -10.38, ""roll"": -14.91}, ""gyro_data"": {""gx"": -17.32, ""gy"": -33.96, ""gz"": 3.05}, ""gps_data"": {""latitude"": 0, ""longitude"": 0, ""gps_altitude"": 0, ""time"": 63786}, ""alt_data"": {""pressure"": 849.02, ""temperature"": 26.36, ""AGL"": 0.52, ""velocity"": 0, ""kalman_altitude"": 0.58, ""kalman_vertical_velocity"": -1.82}, ""chute_state"": {""pyro1_state"": 0, ""pyro2_state"": 0}, ""connection_status"": {""connected"": true, ""has_ever_connected"": true, ""packet_age_ms"": 0, ""timeout_exceeded"": false, ""rssi"": -73}, ""communication_mode"": ""BEACON"", ""timestamp"": 126312, ""packets_received"": 284, ""kalman_data"": {""altitude"": 0.58, ""vertical_velocity"": -1.82}, ""kalman_altitude"": 0.58, ""kalman_vertical_velocity"": -1.82, ""pyroDrogue"": 0, ""pyroMain"": 0, ""pyro1_state"": 0, ""pyro2_state"": 0}"
1764328783.095109,2025-11-28T14:19:43.095109,702,0,0,-0.14,-0.24,0.93,-8.62,-14.68,-18.23,-13.48,-6.92,0,0,0,63986,848.98,26.36,0.88,0,0,0,0,-73,0.85,-1.65,BEACON,"{""record_number"": 702, ""operation_mode"": 0, ""state"": 0, ""battery_voltage"": 0, ""wifi_rssi"": -73, ""acc_data"": {""ax"": -0.14, ""ay"": -0.24, ""az"": 0.93, ""pitch"": -8.62, ""roll"": -14.68}, ""gyro_data"": {""gx"": -18.23, ""gy"": -13.48, ""gz"": -6.92}, ""gps_data"": {""latitude"": 0, ""longitude"": 0, ""gps_altitude"": 0, ""time"": 63986}, ""alt_data"": {""pressure"": 848.98, ""temperature"": 26.36, ""AGL"": 0.88, ""velocity"": 0, ""kalman_altitude"": 0.85, ""kalman_vertical_velocity"": -1.65}, ""chute_state"": {""pyro1_state"": 0, ""pyro2_state"": 0}, ""connection_status"": {""connected"": true, ""has_ever_connected"": true, ""packet_age_ms"": 1, ""timeout_exceeded"": false, ""rssi"": -73}, ""communication_mode"": ""BEACON"", ""timestamp"": 126425, ""packets_received"": 285, ""kalman_data"": {""altitude"": 0.85, ""vertical_velocity"": -1.65}, ""kalman_altitude"": 0.85, ""kalman_vertical_velocity"": -1.65, ""pyroDrogue"": 0, ""pyroMain"": 0, ""pyro1_state"": 0, ""pyro2_state"": 0}"
1764328783.140812,2025-11-28T14:19:43.140812,703,0,0,-0.18,-0.26,0.95,-10.01,-15.3,-21.16,5.79,6.65,0,0,0,64186,848.98,26.36,0.88,0,0,0,0,-73,0.87,-1.63,BEACON,"{""record_number"": 703, ""operation_mode"": 0, ""state"": 0, ""battery_voltage"": 0, ""wifi_rssi"": -73, ""acc_data"": {""ax"": -0.18, ""ay"": -0.26, ""az"": 0.95, ""pitch"": -10.01, ""roll"": -15.3}, ""gyro_data"": {""gx"": -21.16, ""gy"": 5.79, ""gz"": 6.65}, ""gps_data"": {""latitude"": 0, ""longitude"": 0, ""gps_altitude"": 0, ""time"": 64186}, ""alt_data"": {""pressure"": 848.98, ""temperature"": 26.36, ""AGL"": 0.88, ""velocity"": 0, ""kalman_altitude"": 0.87, ""kalman_vertical_velocity"": -1.63}, ""chute_state"": {""pyro1_state"": 0, ""pyro2_state"": 0}, ""connection_status"": {""connected"": true, ""has_ever_connected"": true, ""packet_age_ms"": 0, ""timeout_exceeded"": false, ""rssi"": -73}, ""communication_mode"": ""BEACON"", ""timestamp"": 126538, ""packets_received"": 286, ""kalman_data"": {""altitude"": 0.87, ""vertical_velocity"": -1.63}, ""kalman_altitude"": 0.87, ""kalman_vertical_velocity"": -1.63, ""pyroDrogue"": 0, ""pyroMain"": 0, ""pyro1_state"": 0, ""pyro2_state"": 0}"
1764328783.181811,2025-11-28T14:19:43.181811,705,0,0,-0.17,-0.25,0.94,-10.1,-14.74,-2.32,-7.62,-9.18,0,0,0,64186,848.94,26.35,1.29,0,0,0,0,-73,1.14,-1.46,BEACON,"{""record_number"": 705, ""operation_mode"": 0, ""state"": 0, ""battery_voltage"": 0, ""wifi_rssi"": -73, ""acc_data"": {""ax"": -0.17, ""ay"": -0.25, ""az"": 0.94, ""pitch"": -10.1, ""roll"": -14.74}, ""gyro_data"": {""gx"": -2.32, ""gy"": -7.62, ""gz"": -9.18}, ""gps_data"": {""latitude"": 0, ""longitude"": 0, ""gps_altitude"": 0, ""time"": 64186}, ""alt_data"": {""pressure"": 848.94, ""temperature"": 26.35, ""AGL"": 1.29, ""velocity"": 0, ""kalman_altitude"": 1.14, ""kalman_vertical_velocity"": -1.46}, ""chute_state"": {""pyro1_state"": 0, ""pyro2_state"": 0}, ""connection_status"": {""connected"": true, ""has_ever_connected"": true, ""packet_age_ms"": 0, ""timeout_exceeded"": false, ""rssi"": -73}, ""communication_mode"": ""BEACON"", ""timestamp"": 126651, ""packets_received"": 287, ""kalman_data"": {""altitude"": 1.14, ""vertical_velocity"": -1.46}, ""kalman_altitude"": 1.14, ""kalman_vertical_velocity"": -1.46, ""pyroDrogue"": 0, ""pyroMain"": 0, ""pyro1_state"": 0, ""pyro2_state"": 0}"
1764328783.222812,2025-11-28T14:19:43.222812,706,0,0,-0.17,-0.25,0.92,-10.21,-15.18,-13.9,-9.6,-2.44,0,0,0,64386,848.96,26.36,1.09,0,0,0,0,-73,1.1,-1.48,BEACON,"{""record_number"": 706, ""operation_mode"": 0, ""state"": 0, ""battery_voltage"": 0, ""wifi_rssi"": -73, ""acc_data"": {""ax"": -0.17, ""ay"": -0.25, ""az"": 0.92, ""pitch"": -10.21, ""roll"": -15.18}, ""gyro_data"": {""gx"": -13.9, ""gy"": -9.6, ""gz"": -2.44}, ""gps_data"": {""latitude"": 0, ""longitude"": 0, ""gps_altitude"": 0, ""time"": 64386}, ""alt_data"": {""pressure"": 848.96, ""temperature"": 26.36, ""AGL"": 1.09, ""velocity"": 0, ""kalman_altitude"": 1.1, ""kalman_vertical_velocity"": -1.48}, ""chute_state"": {""pyro1_state"": 0, ""pyro2_state"": 0}, ""connection_status"": {""connected"": true, ""has_ever_connected"": true, ""packet_age_ms"": 0, ""timeout_exceeded"": false, ""rssi"": -73}, ""communication_mode"": ""BEACON"", ""timestamp"": 126763, ""packets_received"": 288, ""kalman_data"": {""altitude"": 1.1, ""vertical_velocity"": -1.48}, ""kalman_altitude"": 1.1, ""kalman_vertical_velocity"": -1.48, ""pyroDrogue"": 0, ""pyroMain"": 0, ""pyro1_state"": 0, ""pyro2_state"": 0}"
1764328783.265811,2025-11-28T14:19:43.265811,707,0,0,-0.17,-0.26,0.93,-9.39,-15.44,-15.82,5.37,2.26,0,0,0,64386,848.95,26.35,1.18,0,0,0,0,-74,1.15,-1.45,BEACON,"{""record_number"": 707, ""operation_mode"": 0, ""state"": 0, ""battery_voltage"": 0, ""wifi_rssi"": -74, ""acc_data"": {""ax"": -0.17, ""ay"": -0.26, ""az"": 0.93, ""pitch"": -9.39, ""roll"": -15.44}, ""gyro_data"": {""gx"": -15.82, ""gy"": 5.37, ""gz"": 2.26}, ""gps_data"": {""latitude"": 0, ""longitude"": 0, ""gps_altitude"": 0, ""time"": 64386}, ""alt_data"": {""pressure"": 848.95, ""temperature"": 26.35, ""AGL"": 1.18, ""velocity"": 0, ""kalman_altitude"": 1.15, ""kalman_vertical_velocity"": -1.45}, ""chute_state"": {""pyro1_state"": 0, ""pyro2_state"": 0}, ""connection_status"": {""connected"": true, ""has_ever_connected"": true, ""packet_age_ms"": 0, ""timeout_exceeded"": false, ""rssi"": -74}, ""communication_mode"": ""BEACON"", ""timestamp"": 126877, ""packets_received"": 289, ""kalman_data"": {""altitude"": 1.15, ""vertical_velocity"": -1.45}, ""kalman_altitude"": 1.15, ""kalman_vertical_velocity"": -1.45, ""pyroDrogue"": 0, ""pyroMain"": 0, ""pyro1_state"": 0, ""pyro2_state"": 0}"
1764328783.316852,2025-11-28T14:19:43.316852,709,0,0,-0.19,-0.24,0.94,-10.47,-14.65,0.03,14.94,7.96,0,0,0,64585,849.01,26.36,0.66,0,0,0,0,-74,0.81,-1.65,BEACON,"{""record_number"": 709, ""operation_mode"": 0, ""state"": 0, ""battery_voltage"": 0, ""wifi_rssi"": -74, ""acc_data"": {""ax"": -0.19, ""ay"": -0.24, ""az"": 0.94, ""pitch"": -10.47, ""roll"": -14.65}, ""gyro_data"": {""gx"": 0.03, ""gy"": 14.94, ""gz"": 7.96}, ""gps_data"": {""latitude"": 0, ""longitude"": 0, ""gps_altitude"": 0, ""time"": 64585}, ""alt_data"": {""pressure"": 849.01, ""temperature"": 26.36, ""AGL"": 0.66, ""velocity"": 0, ""kalman_altitude"": 0.81, ""kalman_vertical_velocity"": -1.65}, ""chute_state"": {""pyro1_state"": 0, ""pyro2_state"": 0}, ""connection_status"": {""connected"": true, ""has_ever_connected"": true, ""packet_age_ms"": 1, ""timeout_exceeded"": false, ""rssi"": -74}, ""communication_mode"": ""BEACON"", ""timestamp"": 126989, ""packets_received"": 290, ""kalman_data"": {""altitude"": 0.81, ""vertical_velocity"": -1.65}, ""kalman_altitude"": 0.81, ""kalman_vertical_velocity"": -1.65, ""pyroDrogue"": 0, ""pyroMain"": 0, ""pyro1_state"": 0, ""pyro2_state"": 0}"
1764328783.355815,2025-11-28T14:19:43.355815,710,0,0,-0.18,-0.26,0.95,-10.41,-15.37,-11.83,-9.36,1.49,0,0,0,64585,848.99,26.37,0.83,0,0,0,0,-73,0.81,-1.65,BEACON,"{""record_number"": 710, ""operation_mode"": 0, ""state"": 0, ""battery_voltage"": 0, ""wifi_rssi"": -73, ""acc_data"": {""ax"": -0.18, ""ay"": -0.26, ""az"": 0.95, ""pitch"": -10.41, ""roll"": -15.37}, ""gyro_data"": {""gx"": -11.83, ""gy"": -9.36, ""gz"": 1.49}, ""gps_data"": {""latitude"": 0, ""longitude"": 0, ""gps_altitude"": 0, ""time"": 64585}, ""alt_data"": {""pressure"": 848.99, ""temperature"": 26.37, ""AGL"": 0.83, ""velocity"": 0, ""kalman_altitude"": 0.81, ""kalman_vertical_velocity"": -1.65}, ""chute_state"": {""pyro1_state"": 0, ""pyro2_state"": 0}, ""connection_status"": {""connected"": true, ""has_ever_connected"": true, ""packet_age_ms"": 1, ""timeout_exceeded"": false, ""rssi"": -73}, ""communication_mode"": ""BEACON"", ""timestamp"": 127102, ""packets_received"": 291, ""kalman_data"": {""altitude"": 0.81, ""vertical_velocity"": -1.65}, ""kalman_altitude"": 0.81, ""kalman_vertical_velocity"": -1.65, ""pyroDrogue"": 0, ""pyroMain"": 0, ""pyro1_state"": 0, ""pyro2_state"": 0}"
1764328783.391813,2025-11-28T14:19:43.391813,711,0,0,-0.17,-0.27,0.93,-9.84,-15.85,-4.51,0.49,-0.61,0,0,0,64791,848.99,26.36,0.8,0,0,0,0,-74,0.8,-1.65,BEACON,"{""record_number"": 711, ""operation_mode"": 0, ""state"": 0, ""battery_voltage"": 0, ""wifi_rssi"": -74, ""acc_data"": {""ax"": -0.17, ""ay"": -0.27, ""az"": 0.93, ""pitch"": -9.84, ""roll"": -15.85}, ""gyro_data"": {""gx"": -4.51, ""gy"": 0.49, ""gz"": -0.61}, ""gps_data"": {""latitude"": 0, ""longitude"": 0, ""gps_altitude"": 0, ""time"": 64791}, ""alt_data"": {""pressure"": 848.99, ""temperature"": 26.36, ""AGL"": 0.8, ""velocity"": 0, ""kalman_altitude"": 0.8, ""kalman_vertical_velocity"": -1.65}, ""chute_state"": {""pyro1_state"": 0, ""pyro2_state"": 0}, ""connection_status"": {""connected"": true, ""has_ever_connected"": true, ""packet_age_ms"": 1, ""timeout_exceeded"": false, ""rssi"": -74}, ""communication_mode"": ""BEACON"", ""timestamp"": 127214, ""packets_received"": 292, ""kalman_data"": {""altitude"": 0.8, ""vertical_velocity"": -1.65}, ""kalman_altitude"": 0.8, ""kalman_vertical_velocity"": -1.65, ""pyroDrogue"": 0, ""pyroMain"": 0, ""pyro1_state"": 0, ""pyro2_state"": 0}"
1764328783.420811,2025-11-28T14:19:43.420811,714,0,0,-0.19,-0.23,0.94,-10.98,-13.48,-3.54,-5.49,-9.76,0,0,0,64990,848.98,26.37,0.94,0,0,0,0,-74,0.95,-1.55,BEACON,"{""record_number"": 714, ""operation_mode"": 0, ""state"": 0, ""battery_voltage"": 0, ""wifi_rssi"": -74, ""acc_data"": {""ax"": -0.19, ""ay"": -0.23, ""az"": 0.94, ""pitch"": -10.98, ""roll"": -13.48}, ""gyro_data"": {""gx"": -3.54, ""gy"": -5.49, ""gz"": -9.76}, ""gps_data"": {""latitude"": 0, ""longitude"": 0, ""gps_altitude"": 0, ""time"": 64990}, ""alt_data"": {""pressure"": 848.98, ""temperature"": 26.37, ""AGL"": 0.94, ""velocity"": 0, ""kalman_altitude"": 0.95, ""kalman_vertical_velocity"": -1.55}, ""chute_state"": {""pyro1_state"": 0, ""pyro2_state"": 0}, ""connection_status"": {""connected"": true, ""has_ever_connected"": true, ""packet_age_ms"": 1, ""timeout_exceeded"": false, ""rssi"": -74}, ""communication_mode"": ""BEACON"", ""timestamp"": 127440, ""packets_received"": 293, ""kalman_data"": {""altitude"": 0.95, ""vertical_velocity"": -1.55}, ""kalman_altitude"": 0.95, ""kalman_vertical_velocity"": -1.55, ""pyroDrogue"": 0, ""pyroMain"": 0, ""pyro1_state"": 0, ""pyro2_state"": 0}"
1764328783.464878,2025-11-28T14:19:43.464878,715,0,0,-0.18,-0.23,0.93,-9.9,-14.6,-10,9.12,-0.43,0,0,0,65191,848.94,26.36,1.28,0,0,0,0,-74,1.18,-1.41,BEACON,"{""record_number"": 715, ""operation_mode"": 0, ""state"": 0, ""battery_voltage"": 0, ""wifi_rssi"": -74, ""acc_data"": {""ax"": -0.18, ""ay"": -0.23, ""az"": 0.93, ""pitch"": -9.9, ""roll"": -14.6}, ""gyro_data"": {""gx"": -10, ""gy"": 9.12, ""gz"": -0.43}, ""gps_data"": {""latitude"": 0, ""longitude"": 0, ""gps_altitude"": 0, ""time"": 65191}, ""alt_data"": {""pressure"": 848.94, ""temperature"": 26.36, ""AGL"": 1.28, ""velocity"": 0, ""kalman_altitude"": 1.18, ""kalman_vertical_velocity"": -1.41}, ""chute_state"": {""pyro1_state"": 0, ""pyro2_state"": 0}, ""connection_status"": {""connected"": true, ""has_ever_connected"": true, ""packet_age_ms"": 1, ""timeout_exceeded"": false, ""rssi"": -74}, ""communication_mode"": ""BEACON"", ""timestamp"": 127553, ""packets_received"": 294, ""kalman_data"": {""altitude"": 1.18, ""vertical_velocity"": -1.41}, ""kalman_altitude"": 1.18, ""kalman_vertical_velocity"": -1.41, ""pyroDrogue"": 0, ""pyroMain"": 0, ""pyro1_state"": 0, ""pyro2_state"": 0}"
1764328783.507876,2025-11-28T14:19:43.507876,717,0,0,-0.2,-0.24,0.96,-11.72,-13.87,-4.18,8.45,2.2,0,0,0,65191,848.95,26.36,1.23,0,0,0,0,-74,1.22,-1.38,BEACON,"{""record_number"": 717, ""operation_mode"": 0, ""state"": 0, ""battery_voltage"": 0, ""wifi_rssi"": -74, ""acc_data"": {""ax"": -0.2, ""ay"": -0.24, ""az"": 0.96, ""pitch"": -11.72, ""roll"": -13.87}, ""gyro_data"": {""gx"": -4.18, ""gy"": 8.45, ""gz"": 2.2}, ""gps_data"": {""latitude"": 0, ""longitude"": 0, ""gps_altitude"": 0, ""time"": 65191}, ""alt_data"": {""pressure"": 848.95, ""temperature"": 26.36, ""AGL"": 1.23, ""velocity"": 0, ""kalman_altitude"": 1.22, ""kalman_vertical_velocity"": -1.38}, ""chute_state"": {""pyro1_state"": 0, ""pyro2_state"": 0}, ""connection_status"": {""connected"": true, ""has_ever_connected"": true, ""packet_age_ms"": 0, ""timeout_exceeded"": false, ""rssi"": -74}, ""communication_mode"": ""BEACON"", ""timestamp"": 127667, ""packets_received"": 295, ""kalman_data"": {""altitude"": 1.22, ""vertical_velocity"": -1.38}, ""kalman_altitude"": 1.22, ""kalman_vertical_velocity"": -1.38, ""pyroDrogue"": 0, ""pyroMain"": 0, ""pyro1_state"": 0, ""pyro2_state"": 0}"
1764328783.556404,2025-11-28T14:19:43.556404,718,0,0,-0.18,-0.24,0.95,-10.21,-14.33,6.04,-2.2,4.91,0,0,0,65391,848.96,26.36,1.09,0,0,0,0,-73,1.09,-1.46,BEACON,"{""record_number"": 718, ""operation_mode"": 0, ""state"": 0, ""battery_voltage"": 0, ""wifi_rssi"": -73, ""acc_data"": {""ax"": -0.18, ""ay"": -0.24, ""az"": 0.95, ""pitch"": -10.21, ""roll"": -14.33}, ""gyro_data"": {""gx"": 6.04, ""gy"": -2.2, ""gz"": 4.91}, ""gps_data"": {""latitude"": 0, ""longitude"": 0, ""gps_altitude"": 0, ""time"": 65391}, ""alt_data"": {""pressure"": 848.96, ""temperature"": 26.36, ""AGL"": 1.09, ""velocity"": 0, ""kalman_altitude"": 1.09, ""kalman_vertical_velocity"": -1.46}, ""chute_state"": {""pyro1_state"": 0, ""pyro2_state"": 0}, ""connection_status"": {""connected"": true, ""has_ever_connected"": true, ""packet_age_ms"": 0, ""timeout_exceeded"": false, ""rssi"": -73}, ""communication_mode"": ""BEACON"", ""timestamp"": 127779, ""packets_received"": 296, ""kalman_data"": {""altitude"": 1.09, ""vertical_velocity"": -1.46}, ""kalman_altitude"": 1.09, ""kalman_vertical_velocity"": -1.46, ""pyroDrogue"": 0, ""pyroMain"": 0, ""pyro1_state"": 0, ""pyro2_state"": 0}"
1764328783.623405,2025-11-28T14:19:43.623405,719,0,0,-0.19,-0.25,0.96,-10.67,-14.21,18.81,11.07,8.54,0,0,0,65391,849,26.37,0.72,0,0,0,0,-74,0.83,-1.61,BEACON,"{""record_number"": 719, ""operation_mode"": 0, ""state"": 0, ""battery_voltage"": 0, ""wifi_rssi"": -74, ""acc_data"": {""ax"": -0.19, ""ay"": -0.25, ""az"": 0.96, ""pitch"": -10.67, ""roll"": -14.21}, ""gyro_data"": {""gx"": 18.81, ""gy"": 11.07, ""gz"": 8.54}, ""gps_data"": {""latitude"": 0, ""longitude"": 0, ""gps_altitude"": 0, ""time"": 65391}, ""alt_data"": {""pressure"": 849, ""temperature"": 26.37, ""AGL"": 0.72, ""velocity"": 0, ""kalman_altitude"": 0.83, ""kalman_vertical_velocity"": -1.61}, ""chute_state"": {""pyro1_state"": 0, ""pyro2_state"": 0}, ""connection_status"": {""connected"": true, ""has_ever_connected"": true, ""packet_age_ms"": 0, ""timeout_exceeded"": false, ""rssi"": -74}, ""communication_mode"": ""BEACON"", ""timestamp"": 127892, ""packets_received"": 297, ""kalman_data"": {""altitude"": 0.83, ""vertical_velocity"": -1.61}, ""kalman_altitude"": 0.83, ""kalman_vertical_velocity"": -1.61, ""pyroDrogue"": 0, ""pyroMain"": 0, ""pyro1_state"": 0, ""pyro2_state"": 0}"
1764328783.656405,2025-11-28T14:19:43.656405,720,0,0,-0.21,-0.21,0.96,-12.13,-13.07,32.77,7.71,1.77,0,0,0,65591,849.02,26.36,0.52,0,0,0,0,-75,0.61,-1.74,BEACON,"{""record_number"": 720, ""operation_mode"": 0, ""state"": 0, ""battery_voltage"": 0, ""wifi_rssi"": -75, ""acc_data"": {""ax"": -0.21, ""ay"": -0.21, ""az"": 0.96, ""pitch"": -12.13, ""roll"": -13.07}, ""gyro_data"": {""gx"": 32.77, ""gy"": 7.71, ""gz"": 1.77}, ""gps_data"": {""latitude"": 0, ""longitude"": 0, ""gps_altitude"": 0, ""time"": 65591}, ""alt_data"": {""pressure"": 849.02, ""temperature"": 26.36, ""AGL"": 0.52, ""velocity"": 0, ""kalman_altitude"": 0.61, ""kalman_vertical_velocity"": -1.74}, ""chute_state"": {""pyro1_state"": 0, ""pyro2_state"": 0}, ""connection_status"": {""connected"": true, ""has_ever_connected"": true, ""packet_age_ms"": 1, ""timeout_exceeded"": false, ""rssi"": -75}, ""communication_mode"": ""BEACON"", ""timestamp"": 128005, ""packets_received"": 298, ""kalman_data"": {""altitude"": 0.61, ""vertical_velocity"": -1.74}, ""kalman_altitude"": 0.61, ""kalman_vertical_velocity"": -1.74, ""pyroDrogue"": 0, ""pyroMain"": 0, ""pyro1_state"": 0, ""pyro2_state"": 0}"
1764328783.691405,2025-11-28T14:19:43.691405,722,0,0,-0.23,-0.17,0.94,-13.56,-10.62,45.95,49.57,23.38,0,0,0,65591,849.01,26.38,0.6,0,0,0,0,-75,0.6,-1.74,BEACON,"{""record_number"": 722, ""operation_mode"": 0, ""state"": 0, ""battery_voltage"": 0, ""wifi_rssi"": -75, ""acc_data"": {""ax"": -0.23, ""ay"": -0.17, ""az"": 0.94, ""pitch"": -13.56, ""roll"": -10.62}, ""gyro_data"": {""gx"": 45.95, ""gy"": 49.57, ""gz"": 23.38}, ""gps_data"": {""latitude"": 0, ""longitude"": 0, ""gps_altitude"": 0, ""time"": 65591}, ""alt_data"": {""pressure"": 849.01, ""temperature"": 26.38, ""AGL"": 0.6, ""velocity"": 0, ""kalman_altitude"": 0.6, ""kalman_vertical_velocity"": -1.74}, ""chute_state"": {""pyro1_state"": 0, ""pyro2_state"": 0}, ""connection_status"": {""connected"": true, ""has_ever_connected"": true, ""packet_age_ms"": 1, ""timeout_exceeded"": false, ""rssi"": -75}, ""communication_mode"": ""BEACON"", ""timestamp"": 128117, ""packets_received"": 299, ""kalman_data"": {""altitude"": 0.6, ""vertical_velocity"": -1.74}, ""kalman_altitude"": 0.6, ""kalman_vertical_velocity"": -1.74, ""pyroDrogue"": 0, ""pyroMain"": 0, ""pyro1_state"": 0, ""pyro2_state"": 0}"
1764328783.739405,2025-11-28T14:19:43.739405,723,0,0,-0.24,-0.14,0.92,-13.94,-7.72,22.38,52.71,25.43,0,0,0,65796,848.99,26.37,0.83,0,0,0,0,-74,0.78,-1.63,BEACON,"{""record_number"": 723, ""operation_mode"": 0, ""state"": 0, ""battery_voltage"": 0, ""wifi_rssi"": -74, ""acc_data"": {""ax"": -0.24, ""ay"": -0.14, ""az"": 0.92, ""pitch"": -13.94, ""roll"": -7.72}, ""gyro_data"": {""gx"": 22.38, ""gy"": 52.71, ""gz"": 25.43}, ""gps_data"": {""latitude"": 0, ""longitude"": 0, ""gps_altitude"": 0, ""time"": 65796}, ""alt_data"": {""pressure"": 848.99, ""temperature"": 26.37, ""AGL"": 0.83, ""velocity"": 0, ""kalman_altitude"": 0.78, ""kalman_vertical_velocity"": -1.63}, ""chute_state"": {""pyro1_state"": 0, ""pyro2_state"": 0}, ""connection_status"": {""connected"": true, ""has_ever_connected"": true, ""packet_age_ms"": 1, ""timeout_exceeded"": false, ""rssi"": -74}, ""communication_mode"": ""BEACON"", ""timestamp"": 128229, ""packets_received"": 300, ""kalman_data"": {""altitude"": 0.78, ""vertical_velocity"": -1.63}, ""kalman_altitude"": 0.78, ""kalman_vertical_velocity"": -1.63, ""pyroDrogue"": 0, ""pyroMain"": 0, ""pyro1_state"": 0, ""pyro2_state"": 0}"
1764328783.787408,2025-11-28T14:19:43.787408,724,0,0,-0.26,-0.13,0.92,-15.53,-8.18,-30.64,-10.34,-2.93,0,0,0,65997,849.01,26.36,0.62,0,0,0,0,-74,0.67,-1.69,BEACON,"{""record_number"": 724, ""operation_mode"": 0, ""state"": 0, ""battery_voltage"": 0, ""wifi_rssi"": -74, ""acc_data"": {""ax"": -0.26, ""ay"": -0.13, ""az"": 0.92, ""pitch"": -15.53, ""roll"": -8.18}, ""gyro_data"": {""gx"": -30.64, ""gy"": -10.34, ""gz"": -2.93}, ""gps_data"": {""latitude"": 0, ""longitude"": 0, ""gps_altitude"": 0, ""time"": 65997}, ""alt_data"": {""pressure"": 849.01, ""temperature"": 26.36, ""AGL"": 0.62, ""velocity"": 0, ""kalman_altitude"": 0.67, ""kalman_vertical_velocity"": -1.69}, ""chute_state"": {""pyro1_state"": 0, ""pyro2_state"": 0}, ""connection_status"": {""connected"": true, ""has_ever_connected"": true, ""packet_age_ms"": 0, ""timeout_exceeded"": false, ""rssi"": -74}, ""communication_mode"": ""BEACON"", ""timestamp"": 128343, ""packets_received"": 301, ""kalman_data"": {""altitude"": 0.67, ""vertical_velocity"": -1.69}, ""kalman_altitude"": 0.67, ""kalman_vertical_velocity"": -1.69, ""pyroDrogue"": 0, ""pyroMain"": 0, ""pyro1_state"": 0, ""pyro2_state"": 0}"
1764328783.858375,2025-11-28T14:19:43.858375,726,0,0,-0.23,-0.18,0.95,-13.22,-10.82,-24.48,-45.95,-22.71,0,0,0,65997,848.97,26.37,1.05,0,0,0,0,-75,0.93,-1.53,BEACON,"{""record_number"": 726, ""operation_mode"": 0, ""state"": 0, ""battery_voltage"": 0, ""wifi_rssi"": -75, ""acc_data"": {""ax"": -0.23, ""ay"": -0.18, ""az"": 0.95, ""pitch"": -13.22, ""roll"": -10.82}, ""gyro_data"": {""gx"": -24.48, ""gy"": -45.95, ""gz"": -22.71}, ""gps_data"": {""latitude"": 0, ""longitude"": 0, ""gps_altitude"": 0, ""time"": 65997}, ""alt_data"": {""pressure"": 848.97, ""temperature"": 26.37, ""AGL"": 1.05, ""velocity"": 0, ""kalman_altitude"": 0.93, ""kalman_vertical_velocity"": -1.53}, ""chute_state"": {""pyro1_state"": 0, ""pyro2_state"": 0}, ""connection_status"": {""connected"": true, ""has_ever_connected"": true, ""packet_age_ms"": 0, ""timeout_exceeded"": false, ""rssi"": -75}, ""communication_mode"": ""BEACON"", ""timestamp"": 128455, ""packets_received"": 302, ""kalman_data"": {""altitude"": 0.93, ""vertical_velocity"": -1.53}, ""kalman_altitude"": 0.93, ""kalman_vertical_velocity"": -1.53, ""pyroDrogue"": 0, ""pyroMain"": 0, ""pyro1_state"": 0, ""pyro2_state"": 0}"
1764328783.910777,2025-11-28T14:19:43.910777,727,0,0,-0.21,-0.17,0.94,-12.67,-10.19,-3.14,-7.53,-11.62,0,0,0,66197,848.99,26.35,0.82,0,0,0,0,-74,0.92,-1.54,BEACON,"{""record_number"": 727, ""operation_mode"": 0, ""state"": 0, ""battery_voltage"": 0, ""wifi_rssi"": -74, ""acc_data"": {""ax"": -0.21, ""ay"": -0.17, ""az"": 0.94, ""pitch"": -12.67, ""roll"": -10.19}, ""gyro_data"": {""gx"": -3.14, ""gy"": -7.53, ""gz"": -11.62}, ""gps_data"": {""latitude"": 0, ""longitude"": 0, ""gps_altitude"": 0, ""time"": 66197}, ""alt_data"": {""pressure"": 848.99, ""temperature"": 26.35, ""AGL"": 0.82, ""velocity"": 0, ""kalman_altitude"": 0.92, ""kalman_vertical_velocity"": -1.54}, ""chute_state"": {""pyro1_state"": 0, ""pyro2_state"": 0}, ""connection_status"": {""connected"": true, ""has_ever_connected"": true, ""packet_age_ms"": 0, ""timeout_exceeded"": false, ""rssi"": -74}, ""communication_mode"": ""BEACON"", ""timestamp"": 128569, ""packets_received"": 303, ""kalman_data"": {""altitude"": 0.92, ""vertical_velocity"": -1.54}, ""kalman_altitude"": 0.92, ""kalman_vertical_velocity"": -1.54, ""pyroDrogue"": 0, ""pyroMain"": 0, ""pyro1_state"": 0, ""pyro2_state"": 0}"
1764328783.976777,2025-11-28T14:19:43.976777,728,0,0,-0.24,-0.16,0.94,-13.85,-9.82,-6.37,17.77,4.73,0,0,0,66197,849,26.36,0.73,0,0,0,0,-74,0.78,-1.61,BEACON,"{""record_number"": 728, ""operation_mode"": 0, ""state"": 0, ""battery_voltage"": 0, ""wifi_rssi"": -74, ""acc_data"": {""ax"": -0.24, ""ay"": -0.16, ""az"": 0.94, ""pitch"": -13.85, ""roll"": -9.82}, ""gyro_data"": {""gx"": -6.37, ""gy"": 17.77, ""gz"": 4.73}, ""gps_data"": {""latitude"": 0, ""longitude"": 0, ""gps_altitude"": 0, ""time"": 66197}, ""alt_data"": {""pressure"": 849, ""temperature"": 26.36, ""AGL"": 0.73, ""velocity"": 0, ""kalman_altitude"": 0.78, ""kalman_vertical_velocity"": -1.61}, ""chute_state"": {""pyro1_state"": 0, ""pyro2_state"": 0}, ""connection_status"": {""connected"": true, ""has_ever_connected"": true, ""packet_age_ms"": 1, ""timeout_exceeded"": false, ""rssi"": -74}, ""communication_mode"": ""BEACON"", ""timestamp"": 128682, ""packets_received"": 304, ""kalman_data"": {""altitude"": 0.78, ""vertical_velocity"": -1.61}, ""kalman_altitude"": 0.78, ""kalman_vertical_velocity"": -1.61, ""pyroDrogue"": 0, ""pyroMain"": 0, ""pyro1_state"": 0, ""pyro2_state"": 0}"
1764328784.083805,2025-11-28T14:19:44.083805,730,0,0,-0.22,-0.17,0.95,-12.78,-10.56,-10.55,-8.99,-7.99,0,0,0,66397,848.98,26.35,0.89,0,0,0,0,-74,0.86,-1.57,BEACON,"{""record_number"": 730, ""operation_mode"": 0, ""state"": 0, ""battery_voltage"": 0, ""wifi_rssi"": -74, ""acc_data"": {""ax"": -0.22, ""ay"": -0.17, ""az"": 0.95, ""pitch"": -12.78, ""roll"": -10.56}, ""gyro_data"": {""gx"": -10.55, ""gy"": -8.99, ""gz"": -7.99}, ""gps_data"": {""latitude"": 0, ""longitude"": 0, ""gps_altitude"": 0, ""time"": 66397}, ""alt_data"": {""pressure"": 848.98, ""temperature"": 26.35, ""AGL"": 0.89, ""velocity"": 0, ""kalman_altitude"": 0.86, ""kalman_vertical_velocity"": -1.57}, ""chute_state"": {""pyro1_state"": 0, ""pyro2_state"": 0}, ""connection_status"": {""connected"": true, ""has_ever_connected"": true, ""packet_age_ms"": 0, ""timeout_exceeded"": false, ""rssi"": -74}, ""communication_mode"": ""BEACON"", ""timestamp"": 128794, ""packets_received"": 305, ""kalman_data"": {""altitude"": 0.86, ""vertical_velocity"": -1.57}, ""kalman_altitude"": 0.86, ""kalman_vertical_velocity"": -1.57, ""pyroDrogue"": 0, ""pyroMain"": 0, ""pyro1_state"": 0, ""pyro2_state"": 0}"
1764328784.150775,2025-11-28T14:19:44.150775,731,0,0,-0.22,-0.17,0.94,-13.3,-10.24,-5.67,-8.11,-6.25,0,0,0,66397,848.99,26.37,0.83,0,0,0,0,-74,0.87,-1.55,BEACON,"{""record_number"": 731, ""operation_mode"": 0, ""state"": 0, ""battery_voltage"": 0, ""wifi_rssi"": -74, ""acc_data"": {""ax"": -0.22, ""ay"": -0.17, ""az"": 0.94, ""pitch"": -13.3, ""roll"": -10.24}, ""gyro_data"": {""gx"": -5.67, ""gy"": -8.11, ""gz"": -6.25}, ""gps_data"": {""latitude"": 0, ""longitude"": 0, ""gps_altitude"": 0, ""time"": 66397}, ""alt_data"": {""pressure"": 848.99, ""temperature"": 26.37, ""AGL"": 0.83, ""velocity"": 0, ""kalman_altitude"": 0.87, ""kalman_vertical_velocity"": -1.55}, ""chute_state"": {""pyro1_state"": 0, ""pyro2_state"": 0}, ""connection_status"": {""connected"": true, ""has_ever_connected"": true, ""packet_age_ms"": 1, ""timeout_exceeded"": false, ""rssi"": -74}, ""communication_mode"": ""BEACON"", ""timestamp"": 128907, ""packets_received"": 306, ""kalman_data"": {""altitude"": 0.87, ""vertical_velocity"": -1.55}, ""kalman_altitude"": 0.87, ""kalman_vertical_velocity"": -1.55, ""pyroDrogue"": 0, ""pyroMain"": 0, ""pyro1_state"": 0, ""pyro2_state"": 0}"
1764328784.211075,2025-11-28T14:19:44.211075,732,0,0,-0.2,-0.17,0.94,-11.75,-10.62,-9.18,-11.71,-9.21,0,0,0,66598,849.01,26.38,0.61,0,0,0,0,-74,0.68,-1.66,BEACON,"{""record_number"": 732, ""operation_mode"": 0, ""state"": 0, ""battery_voltage"": 0, ""wifi_rssi"": -74, ""acc_data"": {""ax"": -0.2, ""ay"": -0.17, ""az"": 0.94, ""pitch"": -11.75, ""roll"": -10.62}, ""gyro_data"": {""gx"": -9.18, ""gy"": -11.71, ""gz"": -9.21}, ""gps_data"": {""latitude"": 0, ""longitude"": 0, ""gps_altitude"": 0, ""time"": 66598}, ""alt_data"": {""pressure"": 849.01, ""temperature"": 26.38, ""AGL"": 0.61, ""velocity"": 0, ""kalman_altitude"": 0.68, ""kalman_vertical_velocity"": -1.66}, ""chute_state"": {""pyro1_state"": 0, ""pyro2_state"": 0}, ""connection_status"": {""connected"": true, ""has_ever_connected"": true, ""packet_age_ms"": 0, ""timeout_exceeded"": false, ""rssi"": -74}, ""communication_mode"": ""BEACON"", ""timestamp"": 129018, ""packets_received"": 307, ""kalman_data"": {""altitude"": 0.68, ""vertical_velocity"": -1.66}, ""kalman_altitude"": 0.68, ""kalman_vertical_velocity"": -1.66, ""pyroDrogue"": 0, ""pyroMain"": 0, ""pyro1_state"": 0, ""pyro2_state"": 0}"
1764328784.260072,2025-11-28T14:19:44.260072,734,0,0,-0.24,-0.19,0.94,-13.68,-10.97,-8.17,13.75,0.43,0,0,0,66598,849.05,26.37,0.26,0,0,0,0,-74,0.38,-1.84,BEACON,"{""record_number"": 734, ""operation_mode"": 0, ""state"": 0, ""battery_voltage"": 0, ""wifi_rssi"": -74, ""acc_data"": {""ax"": -0.24, ""ay"": -0.19, ""az"": 0.94, ""pitch"": -13.68, ""roll"": -10.97}, ""gyro_data"": {""gx"": -8.17, ""gy"": 13.75, ""gz"": 0.43}, ""gps_data"": {""latitude"": 0, ""longitude"": 0, ""gps_altitude"": 0, ""time"": 66598}, ""alt_data"": {""pressure"": 849.05, ""temperature"": 26.37, ""AGL"": 0.26, ""velocity"": 0, ""kalman_altitude"": 0.38, ""kalman_vertical_velocity"": -1.84}, ""chute_state"": {""pyro1_state"": 0, ""pyro2_state"": 0}, ""connection_status"": {""connected"": true, ""has_ever_connected"": true, ""packet_age_ms"": 1, ""timeout_exceeded"": false, ""rssi"": -74}, ""communication_mode"": ""BEACON"", ""timestamp"": 129135, ""packets_received"": 308, ""kalman_data"": {""altitude"": 0.38, ""vertical_velocity"": -1.84}, ""kalman_altitude"": 0.38, ""kalman_vertical_velocity"": -1.84, ""pyroDrogue"": 0, ""pyroMain"": 0, ""pyro1_state"": 0, ""pyro2_state"": 0}"
1764328784.289072,2025-11-28T14:19:44.289072,735,0,0,-0.23,-0.18,0.95,-13.56,-10.78,-18.17,14.73,-4.39,0,0,0,66802,848.99,26.36,0.78,0,0,0,0,-74,0.63,-1.69,BEACON,"{""record_number"": 735, ""operation_mode"": 0, ""state"": 0, ""battery_voltage"": 0, ""wifi_rssi"": -74, ""acc_data"": {""ax"": -0.23, ""ay"": -0.18, ""az"": 0.95, ""pitch"": -13.56, ""roll"": -10.78}, ""gyro_data"": {""gx"": -18.17, ""gy"": 14.73, ""gz"": -4.39}, ""gps_data"": {""latitude"": 0, ""longitude"": 0, ""gps_altitude"": 0, ""time"": 66802}, ""alt_data"": {""pressure"": 848.99, ""temperature"": 26.36, ""AGL"": 0.78, ""velocity"": 0, ""kalman_altitude"": 0.63, ""kalman_vertical_velocity"": -1.69}, ""chute_state"": {""pyro1_state"": 0, ""pyro2_state"": 0}, ""connection_status"": {""connected"": true, ""has_ever_connected"": true, ""packet_age_ms"": 1, ""timeout_exceeded"": false, ""rssi"": -74}, ""communication_mode"": ""BEACON"", ""timestamp"": 129244, ""packets_received"": 309, ""kalman_data"": {""altitude"": 0.63, ""vertical_velocity"": -1.69}, ""kalman_altitude"": 0.63, ""kalman_vertical_velocity"": -1.69, ""pyroDrogue"": 0, ""pyroMain"": 0, ""pyro1_state"": 0, ""pyro2_state"": 0}"
1764328784.325072,2025-11-28T14:19:44.325072,738,0,0,-0.26,-0.2,0.94,-15.24,-11.27,-12.9,7.65,5.7,0,0,0,67002,849.03,26.37,0.47,0,0,0,0,-77,0.47,-1.77,BEACON,"{""record_number"": 738, ""operation_mode"": 0, ""state"": 0, ""battery_voltage"": 0, ""wifi_rssi"": -77, ""acc_data"": {""ax"": -0.26, ""ay"": -0.2, ""az"": 0.94, ""pitch"": -15.24, ""roll"": -11.27}, ""gyro_data"": {""gx"": -12.9, ""gy"": 7.65, ""gz"": 5.7}, ""gps_data"": {""latitude"": 0, ""longitude"": 0, ""gps_altitude"": 0, ""time"": 67002}, ""alt_data"": {""pressure"": 849.03, ""temperature"": 26.37, ""AGL"": 0.47, ""velocity"": 0, ""kalman_altitude"": 0.47, ""kalman_vertical_velocity"": -1.77}, ""chute_state"": {""pyro1_state"": 0, ""pyro2_state"": 0}, ""connection_status"": {""connected"": true, ""has_ever_connected"": true, ""packet_age_ms"": 1, ""timeout_exceeded"": false, ""rssi"": -77}, ""communication_mode"": ""BEACON"", ""timestamp"": 129470, ""packets_received"": 310, ""kalman_data"": {""altitude"": 0.47, ""vertical_velocity"": -1.77}, ""kalman_altitude"": 0.47, ""kalman_vertical_velocity"": -1.77, ""pyroDrogue"": 0, ""pyroMain"": 0, ""pyro1_state"": 0, ""pyro2_state"": 0}"
1764328784.356079,2025-11-28T14:19:44.356079,739,0,0,-0.27,-0.18,0.94,-16.14,-10.9,-9.97,9.09,0.27,0,0,0,67202,848.97,26.36,1.03,0,0,0,0,-75,0.89,-1.52,BEACON,"{""record_number"": 739, ""operation_mode"": 0, ""state"": 0, ""battery_voltage"": 0, ""wifi_rssi"": -75, ""acc_data"": {""ax"": -0.27, ""ay"": -0.18, ""az"": 0.94, ""pitch"": -16.14, ""roll"": -10.9}, ""gyro_data"": {""gx"": -9.97, ""gy"": 9.09, ""gz"": 0.27}, ""gps_data"": {""latitude"": 0, ""longitude"": 0, ""gps_altitude"": 0, ""time"": 67202}, ""alt_data"": {""pressure"": 848.97, ""temperature"": 26.36, ""AGL"": 1.03, ""velocity"": 0, ""kalman_altitude"": 0.89, ""kalman_vertical_velocity"": -1.52}, ""chute_state"": {""pyro1_state"": 0, ""pyro2_state"": 0}, ""connection_status"": {""connected"": true, ""has_ever_connected"": true, ""packet_age_ms"": 1, ""timeout_exceeded"": false, ""rssi"": -75}, ""communication_mode"": ""BEACON"", ""timestamp"": 129583, ""packets_received"": 311, ""kalman_data"": {""altitude"": 0.89, ""vertical_velocity"": -1.52}, ""kalman_altitude"": 0.89, ""kalman_vertical_velocity"": -1.52, ""pyroDrogue"": 0, ""pyroMain"": 0, ""pyro1_state"": 0, ""pyro2_state"": 0}"
1764328784.398246,2025-11-28T14:19:44.398246,740,0,0,-0.29,-0.15,0.93,-16.4,-9.44,-0.21,26.19,21.22,0,0,0,67202,849.01,26.37,0.65,0,0,0,0,-75,0.72,-1.62,BEACON,"{""record_number"": 740, ""operation_mode"": 0, ""state"": 0, ""battery_voltage"": 0, ""wifi_rssi"": -75, ""acc_data"": {""ax"": -0.29, ""ay"": -0.15, ""az"": 0.93, ""pitch"": -16.4, ""roll"": -9.44}, ""gyro_data"": {""gx"": -0.21, ""gy"": 26.19, ""gz"": 21.22}, ""gps_data"": {""latitude"": 0, ""longitude"": 0, ""gps_altitude"": 0, ""time"": 67202}, ""alt_data"": {""pressure"": 849.01, ""temperature"": 26.37, ""AGL"": 0.65, ""velocity"": 0, ""kalman_altitude"": 0.72, ""kalman_vertical_velocity"": -1.62}, ""chute_state"": {""pyro1_state"": 0, ""pyro2_state"": 0}, ""connection_status"": {""connected"": true, ""has_ever_connected"": true, ""packet_age_ms"": 1, ""timeout_exceeded"": false, ""rssi"": -75}, ""communication_mode"": ""BEACON"", ""timestamp"": 129696, ""packets_received"": 312, ""kalman_data"": {""altitude"": 0.72, ""vertical_velocity"": -1.62}, ""kalman_altitude"": 0.72, ""kalman_vertical_velocity"": -1.62, ""pyroDrogue"": 0, ""pyroMain"": 0, ""pyro1_state"": 0, ""pyro2_state"": 0}"
1764328784.448321,2025-11-28T14:19:44.448321,741,0,0,-0.27,-0.19,0.92,-15.35,-11.64,-18.41,5.55,29.91,0,0,0,67403,849.02,26.37,0.54,0,0,0,0,-75,0.59,-1.69,BEACON,"{""record_number"": 741, ""operation_mode"": 0, ""state"": 0, ""battery_voltage"": 0, ""wifi_rssi"": -75, ""acc_data"": {""ax"": -0.27, ""ay"": -0.19, ""az"": 0.92, ""pitch"": -15.35, ""roll"": -11.64}, ""gyro_data"": {""gx"": -18.41, ""gy"": 5.55, ""gz"": 29.91}, ""gps_data"": {""latitude"": 0, ""longitude"": 0, ""gps_altitude"": 0, ""time"": 67403}, ""alt_data"": {""pressure"": 849.02, ""temperature"": 26.37, ""AGL"": 0.54, ""velocity"": 0, ""kalman_altitude"": 0.59, ""kalman_vertical_velocity"": -1.69}, ""chute_state"": {""pyro1_state"": 0, ""pyro2_state"": 0}, ""connection_status"": {""connected"": true, ""has_ever_connected"": true, ""packet_age_ms"": 1, ""timeout_exceeded"": false, ""rssi"": -75}, ""communication_mode"": ""BEACON"", ""timestamp"": 129809, ""packets_received"": 313, ""kalman_data"": {""altitude"": 0.59, ""vertical_velocity"": -1.69}, ""kalman_altitude"": 0.59, ""kalman_vertical_velocity"": -1.69, ""pyroDrogue"": 0, ""pyroMain"": 0, ""pyro1_state"": 0, ""pyro2_state"": 0}"
1764328784.495319,2025-11-28T14:19:44.495319,743,0,0,-0.3,-0.18,0.92,-18.51,-10.66,-0.49,-2.62,-28.32,0,0,0,67403,849.09,26.38,-0.18,0,0,0,0,-75,-0.01,-2.04,BEACON,"{""record_number"": 743, ""operation_mode"": 0, ""state"": 0, ""battery_voltage"": 0, ""wifi_rssi"": -75, ""acc_data"": {""ax"": -0.3, ""ay"": -0.18, ""az"": 0.92, ""pitch"": -18.51, ""roll"": -10.66}, ""gyro_data"": {""gx"": -0.49, ""gy"": -2.62, ""gz"": -28.32}, ""gps_data"": {""latitude"": 0, ""longitude"": 0, ""gps_altitude"": 0, ""time"": 67403}, ""alt_data"": {""pressure"": 849.09, ""temperature"": 26.38, ""AGL"": -0.18, ""velocity"": 0, ""kalman_altitude"": -0.01, ""kalman_vertical_velocity"": -2.04}, ""chute_state"": {""pyro1_state"": 0, ""pyro2_state"": 0}, ""connection_status"": {""connected"": true, ""has_ever_connected"": true, ""packet_age_ms"": 0, ""timeout_exceeded"": false, ""rssi"": -75}, ""communication_mode"": ""BEACON"", ""timestamp"": 129922, ""packets_received"": 314, ""kalman_data"": {""altitude"": -0.01, ""vertical_velocity"": -2.04}, ""kalman_altitude"": -0.01, ""kalman_vertical_velocity"": -2.04, ""pyroDrogue"": 0, ""pyroMain"": 0, ""pyro1_state"": 0, ""pyro2_state"": 0}"
1764328784.543322,2025-11-28T14:19:44.543322,744,0,0,-0.28,-0.15,0.9,-16.17,-9.64,-3.02,3.41,4.21,0,0,0,67604,849.02,26.37,0.54,0,0,0,0,-73,0.39,-1.81,BEACON,"{""record_number"": 744, ""operation_mode"": 0, ""state"": 0, ""battery_voltage"": 0, ""wifi_rssi"": -73, ""acc_data"": {""ax"": -0.28, ""ay"": -0.15, ""az"": 0.9, ""pitch"": -16.17, ""roll"": -9.64}, ""gyro_data"": {""gx"": -3.02, ""gy"": 3.41, ""gz"": 4.21}, ""gps_data"": {""latitude"": 0, ""longitude"": 0, ""gps_altitude"": 0, ""time"": 67604}, ""alt_data"": {""pressure"": 849.02, ""temperature"": 26.37, ""AGL"": 0.54, ""velocity"": 0, ""kalman_altitude"": 0.39, ""kalman_vertical_velocity"": -1.81}, ""chute_state"": {""pyro1_state"": 0, ""pyro2_state"": 0}, ""connection_status"": {""connected"": true, ""has_ever_connected"": true, ""packet_age_ms"": 0, ""timeout_exceeded"": false, ""rssi"": -73}, ""communication_mode"": ""BEACON"", ""timestamp"": 130035, ""packets_received"": 315, ""kalman_data"": {""altitude"": 0.39, ""vertical_velocity"": -1.81}, ""kalman_altitude"": 0.39, ""kalman_vertical_velocity"": -1.81, ""pyroDrogue"": 0, ""pyroMain"": 0, ""pyro1_state"": 0, ""pyro2_state"": 0}"
1764328784.591353,2025-11-28T14:19:44.591353,745,0,0,-0.29,-0.17,0.93,-17.28,-10.46,-29.48,-2.32,3.41,0,0,0,67808,848.99,26.36,0.8,0,0,0,0,-74,0.69,-1.63,BEACON,"{""record_number"": 745, ""operation_mode"": 0, ""state"": 0, ""battery_voltage"": 0, ""wifi_rssi"": -74, ""acc_data"": {""ax"": -0.29, ""ay"": -0.17, ""az"": 0.93, ""pitch"": -17.28, ""roll"": -10.46}, ""gyro_data"": {""gx"": -29.48, ""gy"": -2.32, ""gz"": 3.41}, ""gps_data"": {""latitude"": 0, ""longitude"": 0, ""gps_altitude"": 0, ""time"": 67808}, ""alt_data"": {""pressure"": 848.99, ""temperature"": 26.36, ""AGL"": 0.8, ""velocity"": 0, ""kalman_altitude"": 0.69, ""kalman_vertical_velocity"": -1.63}, ""chute_state"": {""pyro1_state"": 0, ""pyro2_state"": 0}, ""connection_status"": {""connected"": true, ""has_ever_connected"": true, ""packet_age_ms"": 1, ""timeout_exceeded"": false, ""rssi"": -74}, ""communication_mode"": ""BEACON"", ""timestamp"": 130148, ""packets_received"": 316, ""kalman_data"": {""altitude"": 0.69, ""vertical_velocity"": -1.63}, ""kalman_altitude"": 0.69, ""kalman_vertical_velocity"": -1.63, ""pyroDrogue"": 0, ""pyroMain"": 0, ""pyro1_state"": 0, ""pyro2_state"": 0}"
1764328784.628318,2025-11-28T14:19:44.628318,747,0,0,-0.36,-0.19,0.95,-21.55,-11.28,-16.59,-17.23,-4.51,0,0,0,67808,849,26.36,0.7,0,0,0,0,-74,0.69,-1.62,BEACON,"{""record_number"": 747, ""operation_mode"": 0, ""state"": 0, ""battery_voltage"": 0, ""wifi_rssi"": -74, ""acc_data"": {""ax"": -0.36, ""ay"": -0.19, ""az"": 0.95, ""pitch"": -21.55, ""roll"": -11.28}, ""gyro_data"": {""gx"": -16.59, ""gy"": -17.23, ""gz"": -4.51}, ""gps_data"": {""latitude"": 0, ""longitude"": 0, ""gps_altitude"": 0, ""time"": 67808}, ""alt_data"": {""pressure"": 849, ""temperature"": 26.36, ""AGL"": 0.7, ""velocity"": 0, ""kalman_altitude"": 0.69, ""kalman_vertical_velocity"": -1.62}, ""chute_state"": {""pyro1_state"": 0, ""pyro2_state"": 0}, ""connection_status"": {""connected"": true, ""has_ever_connected"": true, ""packet_age_ms"": 0, ""timeout_exceeded"": false, ""rssi"": -74}, ""communication_mode"": ""BEACON"", ""timestamp"": 130261, ""packets_received"": 317, ""kalman_data"": {""altitude"": 0.69, ""vertical_velocity"": -1.62}, ""kalman_altitude"": 0.69, ""kalman_vertical_velocity"": -1.62, ""pyroDrogue"": 0, ""pyroMain"": 0, ""pyro1_state"": 0, ""pyro2_state"": 0}"
1764328784.675321,2025-11-28T14:19:44.675321,748,0,0,-0.26,-0.21,0.9,-14.86,-13.06,-5.76,2.07,1.8,0,0,0,68009,849.03,26.37,0.47,0,0,0,0,-75,0.61,-1.67,BEACON,"{""record_number"": 748, ""operation_mode"": 0, ""state"": 0, ""battery_voltage"": 0, ""wifi_rssi"": -75, ""acc_data"": {""ax"": -0.26, ""ay"": -0.21, ""az"": 0.9, ""pitch"": -14.86, ""roll"": -13.06}, ""gyro_data"": {""gx"": -5.76, ""gy"": 2.07, ""gz"": 1.8}, ""gps_data"": {""latitude"": 0, ""longitude"": 0, ""gps_altitude"": 0, ""time"": 68009}, ""alt_data"": {""pressure"": 849.03, ""temperature"": 26.37, ""AGL"": 0.47, ""velocity"": 0, ""kalman_altitude"": 0.61, ""kalman_vertical_velocity"": -1.67}, ""chute_state"": {""pyro1_state"": 0, ""pyro2_state"": 0}, ""connection_status"": {""connected"": true, ""has_ever_connected"": true, ""packet_age_ms"": 1, ""timeout_exceeded"": false, ""rssi"": -75}, ""communication_mode"": ""BEACON"", ""timestamp"": 130374, ""packets_received"": 318, ""kalman_data"": {""altitude"": 0.61, ""vertical_velocity"": -1.67}, ""kalman_altitude"": 0.61, ""kalman_vertical_velocity"": -1.67, ""pyroDrogue"": 0, ""pyroMain"": 0, ""pyro1_state"": 0, ""pyro2_state"": 0}"
1764328784.714321,2025-11-28T14:19:44.714321,749,0,0,-0.32,-0.18,0.9,-18.69,-11.07,-27.38,31.71,-26.92,0,0,0,68009,849.01,26.37,0.58,0,0,0,0,-76,0.59,-1.68,BEACON,"{""record_number"": 749, ""operation_mode"": 0, ""state"": 0, ""battery_voltage"": 0, ""wifi_rssi"": -76, ""acc_data"": {""ax"": -0.32, ""ay"": -0.18, ""az"": 0.9, ""pitch"": -18.69, ""roll"": -11.07}, ""gyro_data"": {""gx"": -27.38, ""gy"": 31.71, ""gz"": -26.92}, ""gps_data"": {""latitude"": 0, ""longitude"": 0, ""gps_altitude"": 0, ""time"": 68009}, ""alt_data"": {""pressure"": 849.01, ""temperature"": 26.37, ""AGL"": 0.58, ""velocity"": 0, ""kalman_altitude"": 0.59, ""kalman_vertical_velocity"": -1.68}, ""chute_state"": {""pyro1_state"": 0, ""pyro2_state"": 0}, ""connection_status"": {""connected"": true, ""has_ever_connected"": true, ""packet_age_ms"": 0, ""timeout_exceeded"": false, ""rssi"": -76}, ""communication_mode"": ""BEACON"", ""timestamp"": 130488, ""packets_received"": 319, ""kalman_data"": {""altitude"": 0.59, ""vertical_velocity"": -1.68}, ""kalman_altitude"": 0.59, ""kalman_vertical_velocity"": -1.68, ""pyroDrogue"": 0, ""pyroMain"": 0, ""pyro1_state"": 0, ""pyro2_state"": 0}"
1764328784.780895,2025-11-28T14:19:44.780895,751,0,0,-0.32,-0.19,0.87,-18.96,-12.49,24.27,155.49,16.74,0,0,0,68209,849.02,26.38,0.54,0,0,0,0,-78,0.55,-1.7,BEACON,"{""record_number"": 751, ""operation_mode"": 0, ""state"": 0, ""battery_voltage"": 0, ""wifi_rssi"": -78, ""acc_data"": {""ax"": -0.32, ""ay"": -0.19, ""az"": 0.87, ""pitch"": -18.96, ""roll"": -12.49}, ""gyro_data"": {""gx"": 24.27, ""gy"": 155.49, ""gz"": 16.74}, ""gps_data"": {""latitude"": 0, ""longitude"": 0, ""gps_altitude"": 0, ""time"": 68209}, ""alt_data"": {""pressure"": 849.02, ""temperature"": 26.38, ""AGL"": 0.54, ""velocity"": 0, ""kalman_altitude"": 0.55, ""kalman_vertical_velocity"": -1.7}, ""chute_state"": {""pyro1_state"": 0, ""pyro2_state"": 0}, ""connection_status"": {""connected"": true, ""has_ever_connected"": true, ""packet_age_ms"": 0, ""timeout_exceeded"": false, ""rssi"": -78}, ""communication_mode"": ""BEACON"", ""timestamp"": 130600, ""packets_received"": 320, ""kalman_data"": {""altitude"": 0.55, ""vertical_velocity"": -1.7}, ""kalman_altitude"": 0.55, ""kalman_vertical_velocity"": -1.7, ""pyroDrogue"": 0, ""pyroMain"": 0, ""pyro1_state"": 0, ""pyro2_state"": 0}"
1764328784.808894,2025-11-28T14:19:44.808894,752,0,0,-0.44,-0.17,0.94,-27.02,-9.89,30.24,48.96,-53.54,0,0,0,68209,849.04,26.37,0.33,0,0,0,0,-79,0.37,-1.81,BEACON,"{""record_number"": 752, ""operation_mode"": 0, ""state"": 0, ""battery_voltage"": 0, ""wifi_rssi"": -79, ""acc_data"": {""ax"": -0.44, ""ay"": -0.17, ""az"": 0.94, ""pitch"": -27.02, ""roll"": -9.89}, ""gyro_data"": {""gx"": 30.24, ""gy"": 48.96, ""gz"": -53.54}, ""gps_data"": {""latitude"": 0, ""longitude"": 0, ""gps_altitude"": 0, ""time"": 68209}, ""alt_data"": {""pressure"": 849.04, ""temperature"": 26.37, ""AGL"": 0.33, ""velocity"": 0, ""kalman_altitude"": 0.37, ""kalman_vertical_velocity"": -1.81}, ""chute_state"": {""pyro1_state"": 0, ""pyro2_state"": 0}, ""connection_status"": {""connected"": true, ""has_ever_connected"": true, ""packet_age_ms"": 0, ""timeout_exceeded"": false, ""rssi"": -79}, ""communication_mode"": ""BEACON"", ""timestamp"": 130712, ""packets_received"": 321, ""kalman_data"": {""altitude"": 0.37, ""vertical_velocity"": -1.81}, ""kalman_altitude"": 0.37, ""kalman_vertical_velocity"": -1.81, ""pyroDrogue"": 0, ""pyroMain"": 0, ""pyro1_state"": 0, ""pyro2_state"": 0}"
1764328784.85496,2025-11-28T14:19:44.854960,755,0,0,-0.42,-0.06,0.81,-25.71,-4.99,10.4,-6.01,0.76,0,0,0,68408,848.99,26.38,0.86,0,0,0,0,-80,0.72,-1.6,BEACON,"{""record_number"": 755, ""operation_mode"": 0, ""state"": 0, ""battery_voltage"": 0, ""wifi_rssi"": -80, ""acc_data"": {""ax"": -0.42, ""ay"": -0.06, ""az"": 0.81, ""pitch"": -25.71, ""roll"": -4.99}, ""gyro_data"": {""gx"": 10.4, ""gy"": -6.01, ""gz"": 0.76}, ""gps_data"": {""latitude"": 0, ""longitude"": 0, ""gps_altitude"": 0, ""time"": 68408}, ""alt_data"": {""pressure"": 848.99, ""temperature"": 26.38, ""AGL"": 0.86, ""velocity"": 0, ""kalman_altitude"": 0.72, ""kalman_vertical_velocity"": -1.6}, ""chute_state"": {""pyro1_state"": 0, ""pyro2_state"": 0}, ""connection_status"": {""connected"": true, ""has_ever_connected"": true, ""packet_age_ms"": 1, ""timeout_exceeded"": false, ""rssi"": -80}, ""communication_mode"": ""BEACON"", ""timestamp"": 130938, ""packets_received"": 322, ""kalman_data"": {""altitude"": 0.72, ""vertical_velocity"": -1.6}, ""kalman_altitude"": 0.72, ""kalman_vertical_velocity"": -1.6, ""pyroDrogue"": 0, ""pyroMain"": 0, ""pyro1_state"": 0, ""pyro2_state"": 0}"
1764328784.891963,2025-11-28T14:19:44.891963,756,0,0,-0.41,-0.06,0.86,-24.81,-4.12,-50.43,-0.4,-29.91,0,0,0,68610,849.04,26.38,0.32,0,0,0,0,-81,0.45,-1.76,BEACON,"{""record_number"": 756, ""operation_mode"": 0, ""state"": 0, ""battery_voltage"": 0, ""wifi_rssi"": -81, ""acc_data"": {""ax"": -0.41, ""ay"": -0.06, ""az"": 0.86, ""pitch"": -24.81, ""roll"": -4.12}, ""gyro_data"": {""gx"": -50.43, ""gy"": -0.4, ""gz"": -29.91}, ""gps_data"": {""latitude"": 0, ""longitude"": 0, ""gps_altitude"": 0, ""time"": 68610}, ""alt_data"": {""pressure"": 849.04, ""temperature"": 26.38, ""AGL"": 0.32, ""velocity"": 0, ""kalman_altitude"": 0.45, ""kalman_vertical_velocity"": -1.76}, ""chute_state"": {""pyro1_state"": 0, ""pyro2_state"": 0}, ""connection_status"": {""connected"": true, ""has_ever_connected"": true, ""packet_age_ms"": 0, ""timeout_exceeded"": false, ""rssi"": -81}, ""communication_mode"": ""BEACON"", ""timestamp"": 131052, ""packets_received"": 323, ""kalman_data"": {""altitude"": 0.45, ""vertical_velocity"": -1.76}, ""kalman_altitude"": 0.45, ""kalman_vertical_velocity"": -1.76, ""pyroDrogue"": 0, ""pyroMain"": 0, ""pyro1_state"": 0, ""pyro2_state"": 0}"
1764328784.929155,2025-11-28T14:19:44.929155,757,0,0,-0.47,-0.05,0.88,-28.19,-2.78,-7.56,37.35,-20.98,0,0,0,68814,848.97,26.36,1.05,0,0,0,0,-80,0.89,-1.51,BEACON,"{""record_number"": 757, ""operation_mode"": 0, ""state"": 0, ""battery_voltage"": 0, ""wifi_rssi"": -80, ""acc_data"": {""ax"": -0.47, ""ay"": -0.05, ""az"": 0.88, ""pitch"": -28.19, ""roll"": -2.78}, ""gyro_data"": {""gx"": -7.56, ""gy"": 37.35, ""gz"": -20.98}, ""gps_data"": {""latitude"": 0, ""longitude"": 0, ""gps_altitude"": 0, ""time"": 68814}, ""alt_data"": {""pressure"": 848.97, ""temperature"": 26.36, ""AGL"": 1.05, ""velocity"": 0, ""kalman_altitude"": 0.89, ""kalman_vertical_velocity"": -1.51}, ""chute_state"": {""pyro1_state"": 0, ""pyro2_state"": 0}, ""connection_status"": {""connected"": true, ""has_ever_connected"": true, ""packet_age_ms"": 1, ""timeout_exceeded"": false, ""rssi"": -80}, ""communication_mode"": ""BEACON"", ""timestamp"": 131165, ""packets_received"": 324, ""kalman_data"": {""altitude"": 0.89, ""vertical_velocity"": -1.51}, ""kalman_altitude"": 0.89, ""kalman_vertical_velocity"": -1.51, ""pyroDrogue"": 0, ""pyroMain"": 0, ""pyro1_state"": 0, ""pyro2_state"": 0}"
1764328784.974263,2025-11-28T14:19:44.974263,758,0,0,-0.49,-0.07,0.84,-29.37,-3.89,36.07,50.12,3.84,0,0,0,68814,849.05,26.36,0.23,0,0,0,0,-79,0.41,-1.79,BEACON,"{""record_number"": 758, ""operation_mode"": 0, ""state"": 0, ""battery_voltage"": 0, ""wifi_rssi"": -79, ""acc_data"": {""ax"": -0.49, ""ay"": -0.07, ""az"": 0.84, ""pitch"": -29.37, ""roll"": -3.89}, ""gyro_data"": {""gx"": 36.07, ""gy"": 50.12, ""gz"": 3.84}, ""gps_data"": {""latitude"": 0, ""longitude"": 0, ""gps_altitude"": 0, ""time"": 68814}, ""alt_data"": {""pressure"": 849.05, ""temperature"": 26.36, ""AGL"": 0.23, ""velocity"": 0, ""kalman_altitude"": 0.41, ""kalman_vertical_velocity"": -1.79}, ""chute_state"": {""pyro1_state"": 0, ""pyro2_state"": 0}, ""connection_status"": {""connected"": true, ""has_ever_connected"": true, ""packet_age_ms"": 0, ""timeout_exceeded"": false, ""rssi"": -79}, ""communication_mode"": ""BEACON"", ""timestamp"": 131277, ""packets_received"": 325, ""kalman_data"": {""altitude"": 0.41, ""vertical_velocity"": -1.79}, ""kalman_altitude"": 0.41, ""kalman_vertical_velocity"": -1.79, ""pyroDrogue"": 0, ""pyroMain"": 0, ""pyro1_state"": 0, ""pyro2_state"": 0}"
1764328785.004787,2025-11-28T14:19:45.004787,761,0,0,-0.49,-0.07,0.84,-28.76,-4.37,-7.8,-19.51,-16.28,0,0,0,69014,849.01,26.36,0.59,0,0,0,0,-82,0.59,-1.69,BEACON,"{""record_number"": 761, ""operation_mode"": 0, ""state"": 0, ""battery_voltage"": 0, ""wifi_rssi"": -82, ""acc_data"": {""ax"": -0.49, ""ay"": -0.07, ""az"": 0.84, ""pitch"": -28.76, ""roll"": -4.37}, ""gyro_data"": {""gx"": -7.8, ""gy"": -19.51, ""gz"": -16.28}, ""gps_data"": {""latitude"": 0, ""longitude"": 0, ""gps_altitude"": 0, ""time"": 69014}, ""alt_data"": {""pressure"": 849.01, ""temperature"": 26.36, ""AGL"": 0.59, ""velocity"": 0, ""kalman_altitude"": 0.59, ""kalman_vertical_velocity"": -1.69}, ""chute_state"": {""pyro1_state"": 0, ""pyro2_state"": 0}, ""connection_status"": {""connected"": true, ""has_ever_connected"": true, ""packet_age_ms"": 0, ""timeout_exceeded"": false, ""rssi"": -82}, ""communication_mode"": ""BEACON"", ""timestamp"": 131503, ""packets_received"": 326, ""kalman_data"": {""altitude"": 0.59, ""vertical_velocity"": -1.69}, ""kalman_altitude"": 0.59, ""kalman_vertical_velocity"": -1.69, ""pyroDrogue"": 0, ""pyroMain"": 0, ""pyro1_state"": 0, ""pyro2_state"": 0}"
1764328785.046785,2025-11-28T14:19:45.046785,762,0,0,-0.53,-0.07,0.78,-31.97,-4.81,37.68,-30.09,-43.38,0,0,0,69213,848.98,26.36,0.91,0,0,0,0,-81,0.82,-1.55,BEACON,"{""record_number"": 762, ""operation_mode"": 0, ""state"": 0, ""battery_voltage"": 0, ""wifi_rssi"": -81, ""acc_data"": {""ax"": -0.53, ""ay"": -0.07, ""az"": 0.78, ""pitch"": -31.97, ""roll"": -4.81}, ""gyro_data"": {""gx"": 37.68, ""gy"": -30.09, ""gz"": -43.38}, ""gps_data"": {""latitude"": 0, ""longitude"": 0, ""gps_altitude"": 0, ""time"": 69213}, ""alt_data"": {""pressure"": 848.98, ""temperature"": 26.36, ""AGL"": 0.91, ""velocity"": 0, ""kalman_altitude"": 0.82, ""kalman_vertical_velocity"": -1.55}, ""chute_state"": {""pyro1_state"": 0, ""pyro2_state"": 0}, ""connection_status"": {""connected"": true, ""has_ever_connected"": true, ""packet_age_ms"": 1, ""timeout_exceeded"": false, ""rssi"": -81}, ""communication_mode"": ""BEACON"", ""timestamp"": 131617, ""packets_received"": 327, ""kalman_data"": {""altitude"": 0.82, ""vertical_velocity"": -1.55}, ""kalman_altitude"": 0.82, ""kalman_vertical_velocity"": -1.55, ""pyroDrogue"": 0, ""pyroMain"": 0, ""pyro1_state"": 0, ""pyro2_state"": 0}"
1764328785.083308,2025-11-28T14:19:45.083308,764,0,0,-0.61,-0.09,0.98,-36.65,-4.88,-110.76,-13.48,-66.52,0,0,0,69213,848.95,26.36,1.23,0,0,0,0,-77,1.12,-1.38,BEACON,"{""record_number"": 764, ""operation_mode"": 0, ""state"": 0, ""battery_voltage"": 0, ""wifi_rssi"": -77, ""acc_data"": {""ax"": -0.61, ""ay"": -0.09, ""az"": 0.98, ""pitch"": -36.65, ""roll"": -4.88}, ""gyro_data"": {""gx"": -110.76, ""gy"": -13.48, ""gz"": -66.52}, ""gps_data"": {""latitude"": 0, ""longitude"": 0, ""gps_altitude"": 0, ""time"": 69213}, ""alt_data"": {""pressure"": 848.95, ""temperature"": 26.36, ""AGL"": 1.23, ""velocity"": 0, ""kalman_altitude"": 1.12, ""kalman_vertical_velocity"": -1.38}, ""chute_state"": {""pyro1_state"": 0, ""pyro2_state"": 0}, ""connection_status"": {""connected"": true, ""has_ever_connected"": true, ""packet_age_ms"": 0, ""timeout_exceeded"": false, ""rssi"": -77}, ""communication_mode"": ""BEACON"", ""timestamp"": 131729, ""packets_received"": 328, ""kalman_data"": {""altitude"": 1.12, ""vertical_velocity"": -1.38}, ""kalman_altitude"": 1.12, ""kalman_vertical_velocity"": -1.38, ""pyroDrogue"": 0, ""pyroMain"": 0, ""pyro1_state"": 0, ""pyro2_state"": 0}"
1764328785.137309,2025-11-28T14:19:45.137309,765,0,0,-0.58,-0.07,0.78,-35.82,-4.74,-2.71,-7.32,4.15,0,0,0,69414,849.04,26.38,0.29,0,0,0,0,-79,0.53,-1.72,BEACON,"{""record_number"": 765, ""operation_mode"": 0, ""state"": 0, ""battery_voltage"": 0, ""wifi_rssi"": -79, ""acc_data"": {""ax"": -0.58, ""ay"": -0.07, ""az"": 0.78, ""pitch"": -35.82, ""roll"": -4.74}, ""gyro_data"": {""gx"": -2.71, ""gy"": -7.32, ""gz"": 4.15}, ""gps_data"": {""latitude"": 0, ""longitude"": 0, ""gps_altitude"": 0, ""time"": 69414}, ""alt_data"": {""pressure"": 849.04, ""temperature"": 26.38, ""AGL"": 0.29, ""velocity"": 0, ""kalman_altitude"": 0.53, ""kalman_vertical_velocity"": -1.72}, ""chute_state"": {""pyro1_state"": 0, ""pyro2_state"": 0}, ""connection_status"": {""connected"": true, ""has_ever_connected"": true, ""packet_age_ms"": 0, ""timeout_exceeded"": false, ""rssi"": -79}, ""communication_mode"": ""BEACON"", ""timestamp"": 131841, ""packets_received"": 329, ""kalman_data"": {""altitude"": 0.53, ""vertical_velocity"": -1.72}, ""kalman_altitude"": 0.53, ""kalman_vertical_velocity"": -1.72, ""pyroDrogue"": 0, ""pyroMain"": 0, ""pyro1_state"": 0, ""pyro2_state"": 0}"
1764328785.176307,2025-11-28T14:19:45.176307,769,0,0,-0.52,-0.07,0.8,-31.51,-4.75,-0.91,2.62,0.06,0,0,0,69819,849.01,26.38,0.64,0,0,0,0,-78,0.67,-1.64,BEACON,"{""record_number"": 769, ""operation_mode"": 0, ""state"": 0, ""battery_voltage"": 0, ""wifi_rssi"": -78, ""acc_data"": {""ax"": -0.52, ""ay"": -0.07, ""az"": 0.8, ""pitch"": -31.51, ""roll"": -4.75}, ""gyro_data"": {""gx"": -0.91, ""gy"": 2.62, ""gz"": 0.06}, ""gps_data"": {""latitude"": 0, ""longitude"": 0, ""gps_altitude"": 0, ""time"": 69819}, ""alt_data"": {""pressure"": 849.01, ""temperature"": 26.38, ""AGL"": 0.64, ""velocity"": 0, ""kalman_altitude"": 0.67, ""kalman_vertical_velocity"": -1.64}, ""chute_state"": {""pyro1_state"": 0, ""pyro2_state"": 0}, ""connection_status"": {""connected"": true, ""has_ever_connected"": true, ""packet_age_ms"": 0, ""timeout_exceeded"": false, ""rssi"": -78}, ""communication_mode"": ""BEACON"", ""timestamp"": 132181, ""packets_received"": 330, ""kalman_data"": {""altitude"": 0.67, ""vertical_velocity"": -1.64}, ""kalman_altitude"": 0.67, ""kalman_vertical_velocity"": -1.64, ""pyroDrogue"": 0, ""pyroMain"": 0, ""pyro1_state"": 0, ""pyro2_state"": 0}"
1764328785.220346,2025-11-28T14:19:45.220346,770,0,0,-0.48,-0.11,0.85,-28.51,-7.41,-15.37,-5.49,6.43,0,0,0,69819,849.02,26.37,0.54,0,0,0,0,-80,0.58,-1.7,BEACON,"{""record_number"": 770, ""operation_mode"": 0, ""state"": 0, ""battery_voltage"": 0, ""wifi_rssi"": -80, ""acc_data"": {""ax"": -0.48, ""ay"": -0.11, ""az"": 0.85, ""pitch"": -28.51, ""roll"": -7.41}, ""gyro_data"": {""gx"": -15.37, ""gy"": -5.49, ""gz"": 6.43}, ""gps_data"": {""latitude"": 0, ""longitude"": 0, ""gps_altitude"": 0, ""time"": 69819}, ""alt_data"": {""pressure"": 849.02, ""temperature"": 26.37, ""AGL"": 0.54, ""velocity"": 0, ""kalman_altitude"": 0.58, ""kalman_vertical_velocity"": -1.7}, ""chute_state"": {""pyro1_state"": 0, ""pyro2_state"": 0}, ""connection_status"": {""connected"": true, ""has_ever_connected"": true, ""packet_age_ms"": 0, ""timeout_exceeded"": false, ""rssi"": -80}, ""communication_mode"": ""BEACON"", ""timestamp"": 132294, ""packets_received"": 331, ""kalman_data"": {""altitude"": 0.58, ""vertical_velocity"": -1.7}, ""kalman_altitude"": 0.58, ""kalman_vertical_velocity"": -1.7, ""pyroDrogue"": 0, ""pyroMain"": 0, ""pyro1_state"": 0, ""pyro2_state"": 0}"
1764328785.275308,2025-11-28T14:19:45.275308,772,0,0,-0.49,-0.08,0.82,-29.4,-5.87,-7.32,-2.96,-8.35,0,0,0,70019,848.99,26.38,0.82,0,0,0,0,-79,0.76,-1.6,BEACON,"{""record_number"": 772, ""operation_mode"": 0, ""state"": 0, ""battery_voltage"": 0, ""wifi_rssi"": -79, ""acc_data"": {""ax"": -0.49, ""ay"": -0.08, ""az"": 0.82, ""pitch"": -29.4, ""roll"": -5.87}, ""gyro_data"": {""gx"": -7.32, ""gy"": -2.96, ""gz"": -8.35}, ""gps_data"": {""latitude"": 0, ""longitude"": 0, ""gps_altitude"": 0, ""time"": 70019}, ""alt_data"": {""pressure"": 848.99, ""temperature"": 26.38, ""AGL"": 0.82, ""velocity"": 0, ""kalman_altitude"": 0.76, ""kalman_vertical_velocity"": -1.6}, ""chute_state"": {""pyro1_state"": 0, ""pyro2_state"": 0}, ""connection_status"": {""connected"": true, ""has_ever_connected"": true, ""packet_age_ms"": 0, ""timeout_exceeded"": false, ""rssi"": -79}, ""communication_mode"": ""BEACON"", ""timestamp"": 132408, ""packets_received"": 332, ""kalman_data"": {""altitude"": 0.76, ""vertical_velocity"": -1.6}, ""kalman_altitude"": 0.76, ""kalman_vertical_velocity"": -1.6, ""pyroDrogue"": 0, ""pyroMain"": 0, ""pyro1_state"": 0, ""pyro2_state"": 0}"
1764328785.329307,2025-11-28T14:19:45.329307,774,0,0,-0.5,-0.09,0.79,-30.27,-7.31,-11.52,-6.25,-0.85,0,0,0,70219,849.04,26.38,0.31,0,0,0,0,-78,0.41,-1.8,BEACON,"{""record_number"": 774, ""operation_mode"": 0, ""state"": 0, ""battery_voltage"": 0, ""wifi_rssi"": -78, ""acc_data"": {""ax"": -0.5, ""ay"": -0.09, ""az"": 0.79, ""pitch"": -30.27, ""roll"": -7.31}, ""gyro_data"": {""gx"": -11.52, ""gy"": -6.25, ""gz"": -0.85}, ""gps_data"": {""latitude"": 0, ""longitude"": 0, ""gps_altitude"": 0, ""time"": 70219}, ""alt_data"": {""pressure"": 849.04, ""temperature"": 26.38, ""AGL"": 0.31, ""velocity"": 0, ""kalman_altitude"": 0.41, ""kalman_vertical_velocity"": -1.8}, ""chute_state"": {""pyro1_state"": 0, ""pyro2_state"": 0}, ""connection_status"": {""connected"": true, ""has_ever_connected"": true, ""packet_age_ms"": 1, ""timeout_exceeded"": false, ""rssi"": -78}, ""communication_mode"": ""BEACON"", ""timestamp"": 132632, ""packets_received"": 333, ""kalman_data"": {""altitude"": 0.41, ""vertical_velocity"": -1.8}, ""kalman_altitude"": 0.41, ""kalman_vertical_velocity"": -1.8, ""pyroDrogue"": 0, ""pyroMain"": 0, ""pyro1_state"": 0, ""pyro2_state"": 0}"
1764328785.359306,2025-11-28T14:19:45.359306,776,0,0,-0.55,-0.11,0.82,-33.03,-7.25,-5.24,-2.68,-6.52,0,0,0,70219,849.01,26.37,0.65,0,0,0,0,-80,0.59,-1.7,BEACON,"{""record_number"": 776, ""operation_mode"": 0, ""state"": 0, ""battery_voltage"": 0, ""wifi_rssi"": -80, ""acc_data"": {""ax"": -0.55, ""ay"": -0.11, ""az"": 0.82, ""pitch"": -33.03, ""roll"": -7.25}, ""gyro_data"": {""gx"": -5.24, ""gy"": -2.68, ""gz"": -6.52}, ""gps_data"": {""latitude"": 0, ""longitude"": 0, ""gps_altitude"": 0, ""time"": 70219}, ""alt_data"": {""pressure"": 849.01, ""temperature"": 26.37, ""AGL"": 0.65, ""velocity"": 0, ""kalman_altitude"": 0.59, ""kalman_vertical_velocity"": -1.7}, ""chute_state"": {""pyro1_state"": 0, ""pyro2_state"": 0}, ""connection_status"": {""connected"": true, ""has_ever_connected"": true, ""packet_age_ms"": 0, ""timeout_exceeded"": false, ""rssi"": -80}, ""communication_mode"": ""BEACON"", ""timestamp"": 132744, ""packets_received"": 334, ""kalman_data"": {""altitude"": 0.59, ""vertical_velocity"": -1.7}, ""kalman_altitude"": 0.59, ""kalman_vertical_velocity"": -1.7, ""pyroDrogue"": 0, ""pyroMain"": 0, ""pyro1_state"": 0, ""pyro2_state"": 0}"
1764328785.404661,2025-11-28T14:19:45.404661,777,0,0,-0.48,-0.09,0.82,-28.98,-5.89,-19.42,-2.8,-9.15,0,0,0,70418,849,26.37,0.76,0,0,0,0,-80,0.61,-1.69,BEACON,"{""record_number"": 777, ""operation_mode"": 0, ""state"": 0, ""battery_voltage"": 0, ""wifi_rssi"": -80, ""acc_data"": {""ax"": -0.48, ""ay"": -0.09, ""az"": 0.82, ""pitch"": -28.98, ""roll"": -5.89}, ""gyro_data"": {""gx"": -19.42, ""gy"": -2.8, ""gz"": -9.15}, ""gps_data"": {""latitude"": 0, ""longitude"": 0, ""gps_altitude"": 0, ""time"": 70418}, ""alt_data"": {""pressure"": 849, ""temperature"": 26.37, ""AGL"": 0.76, ""velocity"": 0, ""kalman_altitude"": 0.61, ""kalman_vertical_velocity"": -1.69}, ""chute_state"": {""pyro1_state"": 0, ""pyro2_state"": 0}, ""connection_status"": {""connected"": true, ""has_ever_connected"": true, ""packet_age_ms"": 0, ""timeout_exceeded"": false, ""rssi"": -80}, ""communication_mode"": ""BEACON"", ""timestamp"": 132857, ""packets_received"": 335, ""kalman_data"": {""altitude"": 0.61, ""vertical_velocity"": -1.69}, ""kalman_altitude"": 0.61, ""kalman_vertical_velocity"": -1.69, ""pyroDrogue"": 0, ""pyroMain"": 0, ""pyro1_state"": 0, ""pyro2_state"": 0}"
1764328785.437951,2025-11-28T14:19:45.437951,778,0,0,-0.5,-0.09,0.8,-29.95,-7.36,-3.96,-0.64,1.71,0,0,0,70620,849.02,26.38,0.54,0,0,0,0,-80,0.55,-1.72,BEACON,"{""record_number"": 778, ""operation_mode"": 0, ""state"": 0, ""battery_voltage"": 0, ""wifi_rssi"": -80, ""acc_data"": {""ax"": -0.5, ""ay"": -0.09, ""az"": 0.8, ""pitch"": -29.95, ""roll"": -7.36}, ""gyro_data"": {""gx"": -3.96, ""gy"": -0.64, ""gz"": 1.71}, ""gps_data"": {""latitude"": 0, ""longitude"": 0, ""gps_altitude"": 0, ""time"": 70620}, ""alt_data"": {""pressure"": 849.02, ""temperature"": 26.38, ""AGL"": 0.54, ""velocity"": 0, ""kalman_altitude"": 0.55, ""kalman_vertical_velocity"": -1.72}, ""chute_state"": {""pyro1_state"": 0, ""pyro2_state"": 0}, ""connection_status"": {""connected"": true, ""has_ever_connected"": true, ""packet_age_ms"": 0, ""timeout_exceeded"": false, ""rssi"": -80}, ""communication_mode"": ""BEACON"", ""timestamp"": 132970, ""packets_received"": 336, ""kalman_data"": {""altitude"": 0.55, ""vertical_velocity"": -1.72}, ""kalman_altitude"": 0.55, ""kalman_vertical_velocity"": -1.72, ""pyroDrogue"": 0, ""pyroMain"": 0, ""pyro1_state"": 0, ""pyro2_state"": 0}"
1764328785.475224,2025-11-28T14:19:45.475224,779,0,0,-0.52,-0.1,0.82,-30.53,-6.9,-20.73,-0.79,-10.24,0,0,0,70620,849.01,26.38,0.67,0,0,0,0,-78,0.64,-1.67,BEACON,"{""record_number"": 779, ""operation_mode"": 0, ""state"": 0, ""battery_voltage"": 0, ""wifi_rssi"": -78, ""acc_data"": {""ax"": -0.52, ""ay"": -0.1, ""az"": 0.82, ""pitch"": -30.53, ""roll"": -6.9}, ""gyro_data"": {""gx"": -20.73, ""gy"": -0.79, ""gz"": -10.24}, ""gps_data"": {""latitude"": 0, ""longitude"": 0, ""gps_altitude"": 0, ""time"": 70620}, ""alt_data"": {""pressure"": 849.01, ""temperature"": 26.38, ""AGL"": 0.67, ""velocity"": 0, ""kalman_altitude"": 0.64, ""kalman_vertical_velocity"": -1.67}, ""chute_state"": {""pyro1_state"": 0, ""pyro2_state"": 0}, ""connection_status"": {""connected"": true, ""has_ever_connected"": true, ""packet_age_ms"": 0, ""timeout_exceeded"": false, ""rssi"": -78}, ""communication_mode"": ""BEACON"", ""timestamp"": 133083, ""packets_received"": 337, ""kalman_data"": {""altitude"": 0.64, ""vertical_velocity"": -1.67}, ""kalman_altitude"": 0.64, ""kalman_vertical_velocity"": -1.67, ""pyroDrogue"": 0, ""pyroMain"": 0, ""pyro1_state"": 0, ""pyro2_state"": 0}"
1764328785.509221,2025-11-28T14:19:45.509221,781,0,0,-0.52,-0.1,0.82,-31.12,-6.44,4.33,-1.68,6.74,0,0,0,70824,849.03,26.38,0.47,0,0,0,0,-79,0.53,-1.74,BEACON,"{""record_number"": 781, ""operation_mode"": 0, ""state"": 0, ""battery_voltage"": 0, ""wifi_rssi"": -79, ""acc_data"": {""ax"": -0.52, ""ay"": -0.1, ""az"": 0.82, ""pitch"": -31.12, ""roll"": -6.44}, ""gyro_data"": {""gx"": 4.33, ""gy"": -1.68, ""gz"": 6.74}, ""gps_data"": {""latitude"": 0, ""longitude"": 0, ""gps_altitude"": 0, ""time"": 70824}, ""alt_data"": {""pressure"": 849.03, ""temperature"": 26.38, ""AGL"": 0.47, ""velocity"": 0, ""kalman_altitude"": 0.53, ""kalman_vertical_velocity"": -1.74}, ""chute_state"": {""pyro1_state"": 0, ""pyro2_state"": 0}, ""connection_status"": {""connected"": true, ""has_ever_connected"": true, ""packet_age_ms"": 0, ""timeout_exceeded"": false, ""rssi"": -79}, ""communication_mode"": ""BEACON"", ""timestamp"": 133196, ""packets_received"": 338, ""kalman_data"": {""altitude"": 0.53, ""vertical_velocity"": -1.74}, ""kalman_altitude"": 0.53, ""kalman_vertical_velocity"": -1.74, ""pyroDrogue"": 0, ""pyroMain"": 0, ""pyro1_state"": 0, ""pyro2_state"": 0}"
1764328785.547223,2025-11-28T14:19:45.547223,782,0,0,-0.5,-0.12,0.8,-30.73,-8.81,-16.74,-2.35,-8.23,0,0,0,70824,848.99,26.38,0.82,0,0,0,0,-78,0.75,-1.61,BEACON,"{""record_number"": 782, ""operation_mode"": 0, ""state"": 0, ""battery_voltage"": 0, ""wifi_rssi"": -78, ""acc_data"": {""ax"": -0.5, ""ay"": -0.12, ""az"": 0.8, ""pitch"": -30.73, ""roll"": -8.81}, ""gyro_data"": {""gx"": -16.74, ""gy"": -2.35, ""gz"": -8.23}, ""gps_data"": {""latitude"": 0, ""longitude"": 0, ""gps_altitude"": 0, ""time"": 70824}, ""alt_data"": {""pressure"": 848.99, ""temperature"": 26.38, ""AGL"": 0.82, ""velocity"": 0, ""kalman_altitude"": 0.75, ""kalman_vertical_velocity"": -1.61}, ""chute_state"": {""pyro1_state"": 0, ""pyro2_state"": 0}, ""connection_status"": {""connected"": true, ""has_ever_connected"": true, ""packet_age_ms"": 1, ""timeout_exceeded"": false, ""rssi"": -78}, ""communication_mode"": ""BEACON"", ""timestamp"": 133309, ""packets_received"": 339, ""kalman_data"": {""altitude"": 0.75, ""vertical_velocity"": -1.61}, ""kalman_altitude"": 0.75, ""kalman_vertical_velocity"": -1.61, ""pyroDrogue"": 0, ""pyroMain"": 0, ""pyro1_state"": 0, ""pyro2_state"": 0}"
1764328785.589221,2025-11-28T14:19:45.589221,783,0,0,-0.52,-0.1,0.82,-31.54,-6.03,-11.52,-5.12,-15.12,0,0,0,71023,848.97,26.37,1.05,0,0,0,0,-80,0.97,-1.49,BEACON,"{""record_number"": 783, ""operation_mode"": 0, ""state"": 0, ""battery_voltage"": 0, ""wifi_rssi"": -80, ""acc_data"": {""ax"": -0.52, ""ay"": -0.1, ""az"": 0.82, ""pitch"": -31.54, ""roll"": -6.03}, ""gyro_data"": {""gx"": -11.52, ""gy"": -5.12, ""gz"": -15.12}, ""gps_data"": {""latitude"": 0, ""longitude"": 0, ""gps_altitude"": 0, ""time"": 71023}, ""alt_data"": {""pressure"": 848.97, ""temperature"": 26.37, ""AGL"": 1.05, ""velocity"": 0, ""kalman_altitude"": 0.97, ""kalman_vertical_velocity"": -1.49}, ""chute_state"": {""pyro1_state"": 0, ""pyro2_state"": 0}, ""connection_status"": {""connected"": true, ""has_ever_connected"": true, ""packet_age_ms"": 1, ""timeout_exceeded"": false, ""rssi"": -80}, ""communication_mode"": ""BEACON"", ""timestamp"": 133425, ""packets_received"": 340, ""kalman_data"": {""altitude"": 0.97, ""vertical_velocity"": -1.49}, ""kalman_altitude"": 0.97, ""kalman_vertical_velocity"": -1.49, ""pyroDrogue"": 0, ""pyroMain"": 0, ""pyro1_state"": 0, ""pyro2_state"": 0}"
1764328785.628222,2025-11-28T14:19:45.628222,785,0,0,-0.49,-0.12,0.81,-29.53,-8.01,-7.26,-7.13,-3.63,0,0,0,71023,849,26.38,0.75,0,0,0,0,-80,0.86,-1.56,BEACON,"{""record_number"": 785, ""operation_mode"": 0, ""state"": 0, ""battery_voltage"": 0, ""wifi_rssi"": -80, ""acc_data"": {""ax"": -0.49, ""ay"": -0.12, ""az"": 0.81, ""pitch"": -29.53, ""roll"": -8.01}, ""gyro_data"": {""gx"": -7.26, ""gy"": -7.13, ""gz"": -3.63}, ""gps_data"": {""latitude"": 0, ""longitude"": 0, ""gps_altitude"": 0, ""time"": 71023}, ""alt_data"": {""pressure"": 849, ""temperature"": 26.38, ""AGL"": 0.75, ""velocity"": 0, ""kalman_altitude"": 0.86, ""kalman_vertical_velocity"": -1.56}, ""chute_state"": {""pyro1_state"": 0, ""pyro2_state"": 0}, ""connection_status"": {""connected"": true, ""has_ever_connected"": true, ""packet_age_ms"": 1, ""timeout_exceeded"": false, ""rssi"": -80}, ""communication_mode"": ""BEACON"", ""timestamp"": 133535, ""packets_received"": 341, ""kalman_data"": {""altitude"": 0.86, ""vertical_velocity"": -1.56}, ""kalman_altitude"": 0.86, ""kalman_vertical_velocity"": -1.56, ""pyroDrogue"": 0, ""pyroMain"": 0, ""pyro1_state"": 0, ""pyro2_state"": 0}"
1764328785.667222,2025-11-28T14:19:45.667222,789,0,0,-0.51,-0.13,0.82,-30.47,-8.85,-24.42,-4.79,-3.32,0,0,0,71424,848.94,26.38,1.28,0,0,0,0,-82,1.15,-1.4,BEACON,"{""record_number"": 789, ""operation_mode"": 0, ""state"": 0, ""battery_voltage"": 0, ""wifi_rssi"": -82, ""acc_data"": {""ax"": -0.51, ""ay"": -0.13, ""az"": 0.82, ""pitch"": -30.47, ""roll"": -8.85}, ""gyro_data"": {""gx"": -24.42, ""gy"": -4.79, ""gz"": -3.32}, ""gps_data"": {""latitude"": 0, ""longitude"": 0, ""gps_altitude"": 0, ""time"": 71424}, ""alt_data"": {""pressure"": 848.94, ""temperature"": 26.38, ""AGL"": 1.28, ""velocity"": 0, ""kalman_altitude"": 1.15, ""kalman_vertical_velocity"": -1.4}, ""chute_state"": {""pyro1_state"": 0, ""pyro2_state"": 0}, ""connection_status"": {""connected"": true, ""has_ever_connected"": true, ""packet_age_ms"": 0, ""timeout_exceeded"": false, ""rssi"": -82}, ""communication_mode"": ""BEACON"", ""timestamp"": 133872, ""packets_received"": 342, ""kalman_data"": {""altitude"": 1.15, ""vertical_velocity"": -1.4}, ""kalman_altitude"": 1.15, ""kalman_vertical_velocity"": -1.4, ""pyroDrogue"": 0, ""pyroMain"": 0, ""pyro1_state"": 0, ""pyro2_state"": 0}"
1764328785.70929,2025-11-28T14:19:45.709290,790,0,0,-0.53,-0.11,0.81,-32.43,-7.44,-9.73,0.58,-2.26,0,0,0,71625,848.97,26.38,1,0,0,0,0,-80,1.03,-1.47,BEACON,"{""record_number"": 790, ""operation_mode"": 0, ""state"": 0, ""battery_voltage"": 0, ""wifi_rssi"": -80, ""acc_data"": {""ax"": -0.53, ""ay"": -0.11, ""az"": 0.81, ""pitch"": -32.43, ""roll"": -7.44}, ""gyro_data"": {""gx"": -9.73, ""gy"": 0.58, ""gz"": -2.26}, ""gps_data"": {""latitude"": 0, ""longitude"": 0, ""gps_altitude"": 0, ""time"": 71625}, ""alt_data"": {""pressure"": 848.97, ""temperature"": 26.38, ""AGL"": 1, ""velocity"": 0, ""kalman_altitude"": 1.03, ""kalman_vertical_velocity"": -1.47}, ""chute_state"": {""pyro1_state"": 0, ""pyro2_state"": 0}, ""connection_status"": {""connected"": true, ""has_ever_connected"": true, ""packet_age_ms"": 0, ""timeout_exceeded"": false, ""rssi"": -80}, ""communication_mode"": ""BEACON"", ""timestamp"": 133986, ""packets_received"": 343, ""kalman_data"": {""altitude"": 1.03, ""vertical_velocity"": -1.47}, ""kalman_altitude"": 1.03, ""kalman_vertical_velocity"": -1.47, ""pyroDrogue"": 0, ""pyroMain"": 0, ""pyro1_state"": 0, ""pyro2_state"": 0}"
1764328785.740221,2025-11-28T14:19:45.740221,791,0,0,-0.5,-0.11,0.8,-30.37,-7.59,-14.73,-5.03,-3.54,0,0,0,71625,848.94,26.37,1.37,0,0,0,0,-79,1.29,-1.33,BEACON,"{""record_number"": 791, ""operation_mode"": 0, ""state"": 0, ""battery_voltage"": 0, ""wifi_rssi"": -79, ""acc_data"": {""ax"": -0.5, ""ay"": -0.11, ""az"": 0.8, ""pitch"": -30.37, ""roll"": -7.59}, ""gyro_data"": {""gx"": -14.73, ""gy"": -5.03, ""gz"": -3.54}, ""gps_data"": {""latitude"": 0, ""longitude"": 0, ""gps_altitude"": 0, ""time"": 71625}, ""alt_data"": {""pressure"": 848.94, ""temperature"": 26.37, ""AGL"": 1.37, ""velocity"": 0, ""kalman_altitude"": 1.29, ""kalman_vertical_velocity"": -1.33}, ""chute_state"": {""pyro1_state"": 0, ""pyro2_state"": 0}, ""connection_status"": {""connected"": true, ""has_ever_connected"": true, ""packet_age_ms"": 1, ""timeout_exceeded"": false, ""rssi"": -79}, ""communication_mode"": ""BEACON"", ""timestamp"": 134099, ""packets_received"": 344, ""kalman_data"": {""altitude"": 1.29, ""vertical_velocity"": -1.33}, ""kalman_altitude"": 1.29, ""kalman_vertical_velocity"": -1.33, ""pyroDrogue"": 0, ""pyroMain"": 0, ""pyro1_state"": 0, ""pyro2_state"": 0}"
1764328785.776223,2025-11-28T14:19:45.776223,793,0,0,-0.51,-0.12,0.8,-29.95,-8.61,-16.22,-8.08,5.43,0,0,0,71829,848.98,26.38,0.92,0,0,0,0,-80,1.01,-1.48,BEACON,"{""record_number"": 793, ""operation_mode"": 0, ""state"": 0, ""battery_voltage"": 0, ""wifi_rssi"": -80, ""acc_data"": {""ax"": -0.51, ""ay"": -0.12, ""az"": 0.8, ""pitch"": -29.95, ""roll"": -8.61}, ""gyro_data"": {""gx"": -16.22, ""gy"": -8.08, ""gz"": 5.43}, ""gps_data"": {""latitude"": 0, ""longitude"": 0, ""gps_altitude"": 0, ""time"": 71829}, ""alt_data"": {""pressure"": 848.98, ""temperature"": 26.38, ""AGL"": 0.92, ""velocity"": 0, ""kalman_altitude"": 1.01, ""kalman_vertical_velocity"": -1.48}, ""chute_state"": {""pyro1_state"": 0, ""pyro2_state"": 0}, ""connection_status"": {""connected"": true, ""has_ever_connected"": true, ""packet_age_ms"": 0, ""timeout_exceeded"": false, ""rssi"": -80}, ""communication_mode"": ""BEACON"", ""timestamp"": 134212, ""packets_received"": 345, ""kalman_data"": {""altitude"": 1.01, ""vertical_velocity"": -1.48}, ""kalman_altitude"": 1.01, ""kalman_vertical_velocity"": -1.48, ""pyroDrogue"": 0, ""pyroMain"": 0, ""pyro1_state"": 0, ""pyro2_state"": 0}"
1764328785.809223,2025-11-28T14:19:45.809223,794,0,0,-0.5,-0.14,0.84,-30.92,-8.57,-15.52,2.38,-19.51,0,0,0,71829,849.02,26.39,0.55,0,0,0,0,-79,0.68,-1.67,BEACON,"{""record_number"": 794, ""operation_mode"": 0, ""state"": 0, ""battery_voltage"": 0, ""wifi_rssi"": -79, ""acc_data"": {""ax"": -0.5, ""ay"": -0.14, ""az"": 0.84, ""pitch"": -30.92, ""roll"": -8.57}, ""gyro_data"": {""gx"": -15.52, ""gy"": 2.38, ""gz"": -19.51}, ""gps_data"": {""latitude"": 0, ""longitude"": 0, ""gps_altitude"": 0, ""time"": 71829}, ""alt_data"": {""pressure"": 849.02, ""temperature"": 26.39, ""AGL"": 0.55, ""velocity"": 0, ""kalman_altitude"": 0.68, ""kalman_vertical_velocity"": -1.67}, ""chute_state"": {""pyro1_state"": 0, ""pyro2_state"": 0}, ""connection_status"": {""connected"": true, ""has_ever_connected"": true, ""packet_age_ms"": 0, ""timeout_exceeded"": false, ""rssi"": -79}, ""communication_mode"": ""BEACON"", ""timestamp"": 134324, ""packets_received"": 346, ""kalman_data"": {""altitude"": 0.68, ""vertical_velocity"": -1.67}, ""kalman_altitude"": 0.68, ""kalman_vertical_velocity"": -1.67, ""pyroDrogue"": 0, ""pyroMain"": 0, ""pyro1_state"": 0, ""pyro2_state"": 0}"
1764328785.841776,2025-11-28T14:19:45.841776,795,0,0,-0.52,-0.11,0.81,-31.28,-7.43,-2.99,-5.46,-1.59,0,0,0,72030,848.97,26.38,1,0,0,0,0,-80,0.92,-1.53,BEACON,"{""record_number"": 795, ""operation_mode"": 0, ""state"": 0, ""battery_voltage"": 0, ""wifi_rssi"": -80, ""acc_data"": {""ax"": -0.52, ""ay"": -0.11, ""az"": 0.81, ""pitch"": -31.28, ""roll"": -7.43}, ""gyro_data"": {""gx"": -2.99, ""gy"": -5.46, ""gz"": -1.59}, ""gps_data"": {""latitude"": 0, ""longitude"": 0, ""gps_altitude"": 0, ""time"": 72030}, ""alt_data"": {""pressure"": 848.97, ""temperature"": 26.38, ""AGL"": 1, ""velocity"": 0, ""kalman_altitude"": 0.92, ""kalman_vertical_velocity"": -1.53}, ""chute_state"": {""pyro1_state"": 0, ""pyro2_state"": 0}, ""connection_status"": {""connected"": true, ""has_ever_connected"": true, ""packet_age_ms"": 1, ""timeout_exceeded"": false, ""rssi"": -80}, ""communication_mode"": ""BEACON"", ""timestamp"": 134438, ""packets_received"": 347, ""kalman_data"": {""altitude"": 0.92, ""vertical_velocity"": -1.53}, ""kalman_altitude"": 0.92, ""kalman_vertical_velocity"": -1.53, ""pyroDrogue"": 0, ""pyroMain"": 0, ""pyro1_state"": 0, ""pyro2_state"": 0}"
1764328785.883774,2025-11-28T14:19:45.883774,797,0,0,-0.5,-0.13,0.84,-30.37,-8.67,-16.19,-8.9,-6.04,0,0,0,72030,848.94,26.38,1.29,0,0,0,0,-79,1.2,-1.38,BEACON,"{""record_number"": 797, ""operation_mode"": 0, ""state"": 0, ""battery_voltage"": 0, ""wifi_rssi"": -79, ""acc_data"": {""ax"": -0.5, ""ay"": -0.13, ""az"": 0.84, ""pitch"": -30.37, ""roll"": -8.67}, ""gyro_data"": {""gx"": -16.19, ""gy"": -8.9, ""gz"": -6.04}, ""gps_data"": {""latitude"": 0, ""longitude"": 0, ""gps_altitude"": 0, ""time"": 72030}, ""alt_data"": {""pressure"": 848.94, ""temperature"": 26.38, ""AGL"": 1.29, ""velocity"": 0, ""kalman_altitude"": 1.2, ""kalman_vertical_velocity"": -1.38}, ""chute_state"": {""pyro1_state"": 0, ""pyro2_state"": 0}, ""connection_status"": {""connected"": true, ""has_ever_connected"": true, ""packet_age_ms"": 1, ""timeout_exceeded"": false, ""rssi"": -79}, ""communication_mode"": ""BEACON"", ""timestamp"": 134553, ""packets_received"": 348, ""kalman_data"": {""altitude"": 1.2, ""vertical_velocity"": -1.38}, ""kalman_altitude"": 1.2, ""kalman_vertical_velocity"": -1.38, ""pyroDrogue"": 0, ""pyroMain"": 0, ""pyro1_state"": 0, ""pyro2_state"": 0}"
1764328785.920772,2025-11-28T14:19:45.920772,798,0,0,-0.5,-0.13,0.81,-30.14,-8.8,-9.97,-4.33,-7.93,0,0,0,72230,848.97,26.38,1.04,0,0,0,0,-80,1.04,-1.47,BEACON,"{""record_number"": 798, ""operation_mode"": 0, ""state"": 0, ""battery_voltage"": 0, ""wifi_rssi"": -80, ""acc_data"": {""ax"": -0.5, ""ay"": -0.13, ""az"": 0.81, ""pitch"": -30.14, ""roll"": -8.8}, ""gyro_data"": {""gx"": -9.97, ""gy"": -4.33, ""gz"": -7.93}, ""gps_data"": {""latitude"": 0, ""longitude"": 0, ""gps_altitude"": 0, ""time"": 72230}, ""alt_data"": {""pressure"": 848.97, ""temperature"": 26.38, ""AGL"": 1.04, ""velocity"": 0, ""kalman_altitude"": 1.04, ""kalman_vertical_velocity"": -1.47}, ""chute_state"": {""pyro1_state"": 0, ""pyro2_state"": 0}, ""connection_status"": {""connected"": true, ""has_ever_connected"": true, ""packet_age_ms"": 0, ""timeout_exceeded"": false, ""rssi"": -80}, ""communication_mode"": ""BEACON"", ""timestamp"": 134664, ""packets_received"": 349, ""kalman_data"": {""altitude"": 1.04, ""vertical_velocity"": -1.47}, ""kalman_altitude"": 1.04, ""kalman_vertical_velocity"": -1.47, ""pyroDrogue"": 0, ""pyroMain"": 0, ""pyro1_state"": 0, ""pyro2_state"": 0}"
1764328785.964715,2025-11-28T14:19:45.964715,801,0,0,-0.52,-0.1,0.81,-31.97,-7.52,-8.93,-8.14,-11.59,0,0,0,72430,848.98,26.39,0.92,0,0,0,0,-80,0.87,-1.57,BEACON,"{""record_number"": 801, ""operation_mode"": 0, ""state"": 0, ""battery_voltage"": 0, ""wifi_rssi"": -80, ""acc_data"": {""ax"": -0.52, ""ay"": -0.1, ""az"": 0.81, ""pitch"": -31.97, ""roll"": -7.52}, ""gyro_data"": {""gx"": -8.93, ""gy"": -8.14, ""gz"": -11.59}, ""gps_data"": {""latitude"": 0, ""longitude"": 0, ""gps_altitude"": 0, ""time"": 72430}, ""alt_data"": {""pressure"": 848.98, ""temperature"": 26.39, ""AGL"": 0.92, ""velocity"": 0, ""kalman_altitude"": 0.87, ""kalman_vertical_velocity"": -1.57}, ""chute_state"": {""pyro1_state"": 0, ""pyro2_state"": 0}, ""connection_status"": {""connected"": true, ""has_ever_connected"": true, ""packet_age_ms"": 1, ""timeout_exceeded"": false, ""rssi"": -80}, ""communication_mode"": ""BEACON"", ""timestamp"": 134892, ""packets_received"": 350, ""kalman_data"": {""altitude"": 0.87, ""vertical_velocity"": -1.57}, ""kalman_altitude"": 0.87, ""kalman_vertical_velocity"": -1.57, ""pyroDrogue"": 0, ""pyroMain"": 0, ""pyro1_state"": 0, ""pyro2_state"": 0}"
1764328786.014238,2025-11-28T14:19:46.014238,802,0,0,-0.5,-0.13,0.8,-29.79,-9.65,-13.11,-9.76,2.35,0,0,0,72631,849.02,26.39,0.56,0,0,0,0,-80,0.64,-1.7,BEACON,"{""record_number"": 802, ""operation_mode"": 0, ""state"": 0, ""battery_voltage"": 0, ""wifi_rssi"": -80, ""acc_data"": {""ax"": -0.5, ""ay"": -0.13, ""az"": 0.8, ""pitch"": -29.79, ""roll"": -9.65}, ""gyro_data"": {""gx"": -13.11, ""gy"": -9.76, ""gz"": 2.35}, ""gps_data"": {""latitude"": 0, ""longitude"": 0, ""gps_altitude"": 0, ""time"": 72631}, ""alt_data"": {""pressure"": 849.02, ""temperature"": 26.39, ""AGL"": 0.56, ""velocity"": 0, ""kalman_altitude"": 0.64, ""kalman_vertical_velocity"": -1.7}, ""chute_state"": {""pyro1_state"": 0, ""pyro2_state"": 0}, ""connection_status"": {""connected"": true, ""has_ever_connected"": true, ""packet_age_ms"": 0, ""timeout_exceeded"": false, ""rssi"": -80}, ""communication_mode"": ""BEACON"", ""timestamp"": 135005, ""packets_received"": 351, ""kalman_data"": {""altitude"": 0.64, ""vertical_velocity"": -1.7}, ""kalman_altitude"": 0.64, ""kalman_vertical_velocity"": -1.7, ""pyroDrogue"": 0, ""pyroMain"": 0, ""pyro1_state"": 0, ""pyro2_state"": 0}"
1764328786.063236,2025-11-28T14:19:46.063236,803,0,0,-0.49,-0.12,0.82,-29.59,-8.71,-11.34,-3.05,-15.15,0,0,0,72631,849.02,26.39,0.48,0,0,0,0,-80,0.51,-1.77,BEACON,"{""record_number"": 803, ""operation_mode"": 0, ""state"": 0, ""battery_voltage"": 0, ""wifi_rssi"": -80, ""acc_data"": {""ax"": -0.49, ""ay"": -0.12, ""az"": 0.82, ""pitch"": -29.59, ""roll"": -8.71}, ""gyro_data"": {""gx"": -11.34, ""gy"": -3.05, ""gz"": -15.15}, ""gps_data"": {""latitude"": 0, ""longitude"": 0, ""gps_altitude"": 0, ""time"": 72631}, ""alt_data"": {""pressure"": 849.02, ""temperature"": 26.39, ""AGL"": 0.48, ""velocity"": 0, ""kalman_altitude"": 0.51, ""kalman_vertical_velocity"": -1.77}, ""chute_state"": {""pyro1_state"": 0, ""pyro2_state"": 0}, ""connection_status"": {""connected"": true, ""has_ever_connected"": true, ""packet_age_ms"": 0, ""timeout_exceeded"": false, ""rssi"": -80}, ""communication_mode"": ""BEACON"", ""timestamp"": 135118, ""packets_received"": 352, ""kalman_data"": {""altitude"": 0.51, ""vertical_velocity"": -1.77}, ""kalman_altitude"": 0.51, ""kalman_vertical_velocity"": -1.77, ""pyroDrogue"": 0, ""pyroMain"": 0, ""pyro1_state"": 0, ""pyro2_state"": 0}"
1764328786.116237,2025-11-28T14:19:46.116237,805,0,0,-0.5,-0.11,0.8,-30.27,-7.83,-15.95,-4.6,-5.91,0,0,0,72835,849.01,26.39,0.63,0,0,0,0,-79,0.6,-1.72,BEACON,"{""record_number"": 805, ""operation_mode"": 0, ""state"": 0, ""battery_voltage"": 0, ""wifi_rssi"": -79, ""acc_data"": {""ax"": -0.5, ""ay"": -0.11, ""az"": 0.8, ""pitch"": -30.27, ""roll"": -7.83}, ""gyro_data"": {""gx"": -15.95, ""gy"": -4.6, ""gz"": -5.91}, ""gps_data"": {""latitude"": 0, ""longitude"": 0, ""gps_altitude"": 0, ""time"": 72835}, ""alt_data"": {""pressure"": 849.01, ""temperature"": 26.39, ""AGL"": 0.63, ""velocity"": 0, ""kalman_altitude"": 0.6, ""kalman_vertical_velocity"": -1.72}, ""chute_state"": {""pyro1_state"": 0, ""pyro2_state"": 0}, ""connection_status"": {""connected"": true, ""has_ever_connected"": true, ""packet_age_ms"": 0, ""timeout_exceeded"": false, ""rssi"": -79}, ""communication_mode"": ""BEACON"", ""timestamp"": 135231, ""packets_received"": 353, ""kalman_data"": {""altitude"": 0.6, ""vertical_velocity"": -1.72}, ""kalman_altitude"": 0.6, ""kalman_vertical_velocity"": -1.72, ""pyroDrogue"": 0, ""pyroMain"": 0, ""pyro1_state"": 0, ""pyro2_state"": 0}"
1764328786.158236,2025-11-28T14:19:46.158236,806,0,0,-0.5,-0.14,0.82,-29.72,-9.58,-28.75,-4.6,-3.54,0,0,0,72835,848.95,26.38,1.22,0,0,0,0,-79,1.01,-1.5,BEACON,"{""record_number"": 806, ""operation_mode"": 0, ""state"": 0, ""battery_voltage"": 0, ""wifi_rssi"": -79, ""acc_data"": {""ax"": -0.5, ""ay"": -0.14, ""az"": 0.82, ""pitch"": -29.72, ""roll"": -9.58}, ""gyro_data"": {""gx"": -28.75, ""gy"": -4.6, ""gz"": -3.54}, ""gps_data"": {""latitude"": 0, ""longitude"": 0, ""gps_altitude"": 0, ""time"": 72835}, ""alt_data"": {""pressure"": 848.95, ""temperature"": 26.38, ""AGL"": 1.22, ""velocity"": 0, ""kalman_altitude"": 1.01, ""kalman_vertical_velocity"": -1.5}, ""chute_state"": {""pyro1_state"": 0, ""pyro2_state"": 0}, ""connection_status"": {""connected"": true, ""has_ever_connected"": true, ""packet_age_ms"": 0, ""timeout_exceeded"": false, ""rssi"": -79}, ""communication_mode"": ""BEACON"", ""timestamp"": 135344, ""packets_received"": 354, ""kalman_data"": {""altitude"": 1.01, ""vertical_velocity"": -1.5}, ""kalman_altitude"": 1.01, ""kalman_vertical_velocity"": -1.5, ""pyroDrogue"": 0, ""pyroMain"": 0, ""pyro1_state"": 0, ""pyro2_state"": 0}"
1764328786.208329,2025-11-28T14:19:46.208329,807,0,0,-0.51,-0.14,0.82,-31.18,-9.49,-6.25,-4.45,-6.71,0,0,0,73036,849.01,26.39,0.66,0,0,0,0,-79,0.74,-1.65,BEACON,"{""record_number"": 807, ""operation_mode"": 0, ""state"": 0, ""battery_voltage"": 0, ""wifi_rssi"": -79, ""acc_data"": {""ax"": -0.51, ""ay"": -0.14, ""az"": 0.82, ""pitch"": -31.18, ""roll"": -9.49}, ""gyro_data"": {""gx"": -6.25, ""gy"": -4.45, ""gz"": -6.71}, ""gps_data"": {""latitude"": 0, ""longitude"": 0, ""gps_altitude"": 0, ""time"": 73036}, ""alt_data"": {""pressure"": 849.01, ""temperature"": 26.39, ""AGL"": 0.66, ""velocity"": 0, ""kalman_altitude"": 0.74, ""kalman_vertical_velocity"": -1.65}, ""chute_state"": {""pyro1_state"": 0, ""pyro2_state"": 0}, ""connection_status"": {""connected"": true, ""has_ever_connected"": true, ""packet_age_ms"": 0, ""timeout_exceeded"": false, ""rssi"": -79}, ""communication_mode"": ""BEACON"", ""timestamp"": 135458, ""packets_received"": 355, ""kalman_data"": {""altitude"": 0.74, ""vertical_velocity"": -1.65}, ""kalman_altitude"": 0.74, ""kalman_vertical_velocity"": -1.65, ""pyroDrogue"": 0, ""pyroMain"": 0, ""pyro1_state"": 0, ""pyro2_state"": 0}"
1764328786.248331,2025-11-28T14:19:46.248331,808,0,0,-0.5,-0.12,0.82,-29.88,-8.06,-1.25,-9.7,0.21,0,0,0,73036,849.06,26.4,0.15,0,0,0,0,-80,0.28,-1.9,BEACON,"{""record_number"": 808, ""operation_mode"": 0, ""state"": 0, ""battery_voltage"": 0, ""wifi_rssi"": -80, ""acc_data"": {""ax"": -0.5, ""ay"": -0.12, ""az"": 0.82, ""pitch"": -29.88, ""roll"": -8.06}, ""gyro_data"": {""gx"": -1.25, ""gy"": -9.7, ""gz"": 0.21}, ""gps_data"": {""latitude"": 0, ""longitude"": 0, ""gps_altitude"": 0, ""time"": 73036}, ""alt_data"": {""pressure"": 849.06, ""temperature"": 26.4, ""AGL"": 0.15, ""velocity"": 0, ""kalman_altitude"": 0.28, ""kalman_vertical_velocity"": -1.9}, ""chute_state"": {""pyro1_state"": 0, ""pyro2_state"": 0}, ""connection_status"": {""connected"": true, ""has_ever_connected"": true, ""packet_age_ms"": 1, ""timeout_exceeded"": false, ""rssi"": -80}, ""communication_mode"": ""BEACON"", ""timestamp"": 135571, ""packets_received"": 356, ""kalman_data"": {""altitude"": 0.28, ""vertical_velocity"": -1.9}, ""kalman_altitude"": 0.28, ""kalman_vertical_velocity"": -1.9, ""pyroDrogue"": 0, ""pyroMain"": 0, ""pyro1_state"": 0, ""pyro2_state"": 0}"
1764328786.288478,2025-11-28T14:19:46.288478,810,0,0,-0.48,-0.13,0.8,-28.7,-9.13,-5.82,-21.07,-14.79,0,0,0,73236,849,26.39,0.74,0,0,0,0,-79,0.68,-1.69,BEACON,"{""record_number"": 810, ""operation_mode"": 0, ""state"": 0, ""battery_voltage"": 0, ""wifi_rssi"": -79, ""acc_data"": {""ax"": -0.48, ""ay"": -0.13, ""az"": 0.8, ""pitch"": -28.7, ""roll"": -9.13}, ""gyro_data"": {""gx"": -5.82, ""gy"": -21.07, ""gz"": -14.79}, ""gps_data"": {""latitude"": 0, ""longitude"": 0, ""gps_altitude"": 0, ""time"": 73236}, ""alt_data"": {""pressure"": 849, ""temperature"": 26.39, ""AGL"": 0.74, ""velocity"": 0, ""kalman_altitude"": 0.68, ""kalman_vertical_velocity"": -1.69}, ""chute_state"": {""pyro1_state"": 0, ""pyro2_state"": 0}, ""connection_status"": {""connected"": true, ""has_ever_connected"": true, ""packet_age_ms"": 0, ""timeout_exceeded"": false, ""rssi"": -79}, ""communication_mode"": ""BEACON"", ""timestamp"": 135683, ""packets_received"": 357, ""kalman_data"": {""altitude"": 0.68, ""vertical_velocity"": -1.69}, ""kalman_altitude"": 0.68, ""kalman_vertical_velocity"": -1.69, ""pyroDrogue"": 0, ""pyroMain"": 0, ""pyro1_state"": 0, ""pyro2_state"": 0}"
1764328786.325373,2025-11-28T14:19:46.325373,811,0,0,-0.5,-0.15,0.84,-30.17,-9.43,-12.77,-7.5,-8.35,0,0,0,73436,848.99,26.39,0.81,0,0,0,0,-81,0.78,-1.63,BEACON,"{""record_number"": 811, ""operation_mode"": 0, ""state"": 0, ""battery_voltage"": 0, ""wifi_rssi"": -81, ""acc_data"": {""ax"": -0.5, ""ay"": -0.15, ""az"": 0.84, ""pitch"": -30.17, ""roll"": -9.43}, ""gyro_data"": {""gx"": -12.77, ""gy"": -7.5, ""gz"": -8.35}, ""gps_data"": {""latitude"": 0, ""longitude"": 0, ""gps_altitude"": 0, ""time"": 73436}, ""alt_data"": {""pressure"": 848.99, ""temperature"": 26.39, ""AGL"": 0.81, ""velocity"": 0, ""kalman_altitude"": 0.78, ""kalman_vertical_velocity"": -1.63}, ""chute_state"": {""pyro1_state"": 0, ""pyro2_state"": 0}, ""connection_status"": {""connected"": true, ""has_ever_connected"": true, ""packet_age_ms"": 0, ""timeout_exceeded"": false, ""rssi"": -81}, ""communication_mode"": ""BEACON"", ""timestamp"": 135796, ""packets_received"": 358, ""kalman_data"": {""altitude"": 0.78, ""vertical_velocity"": -1.63}, ""kalman_altitude"": 0.78, ""kalman_vertical_velocity"": -1.63, ""pyroDrogue"": 0, ""pyroMain"": 0, ""pyro1_state"": 0, ""pyro2_state"": 0}"
1764328786.371184,2025-11-28T14:19:46.371184,812,0,0,-0.52,-0.12,0.81,-30.92,-9.13,2.41,1.1,10.88,0,0,0,73436,849.01,26.39,0.59,0,0,0,0,-81,0.63,-1.71,BEACON,"{""record_number"": 812, ""operation_mode"": 0, ""state"": 0, ""battery_voltage"": 0, ""wifi_rssi"": -81, ""acc_data"": {""ax"": -0.52, ""ay"": -0.12, ""az"": 0.81, ""pitch"": -30.92, ""roll"": -9.13}, ""gyro_data"": {""gx"": 2.41, ""gy"": 1.1, ""gz"": 10.88}, ""gps_data"": {""latitude"": 0, ""longitude"": 0, ""gps_altitude"": 0, ""time"": 73436}, ""alt_data"": {""pressure"": 849.01, ""temperature"": 26.39, ""AGL"": 0.59, ""velocity"": 0, ""kalman_altitude"": 0.63, ""kalman_vertical_velocity"": -1.71}, ""chute_state"": {""pyro1_state"": 0, ""pyro2_state"": 0}, ""connection_status"": {""connected"": true, ""has_ever_connected"": true, ""packet_age_ms"": 1, ""timeout_exceeded"": false, ""rssi"": -81}, ""communication_mode"": ""BEACON"", ""timestamp"": 135909, ""packets_received"": 359, ""kalman_data"": {""altitude"": 0.63, ""vertical_velocity"": -1.71}, ""kalman_altitude"": 0.63, ""kalman_vertical_velocity"": -1.71, ""pyroDrogue"": 0, ""pyroMain"": 0, ""pyro1_state"": 0, ""pyro2_state"": 0}"
1764328786.458166,2025-11-28T14:19:46.458166,815,0,0,-0.55,-0.09,0.84,-32.14,-5.85,5.03,56.65,131.4,0,0,0,73638,849,26.38,0.74,0,0,0,0,-81,0.74,-1.66,BEACON,"{""record_number"": 815, ""operation_mode"": 0, ""state"": 0, ""battery_voltage"": 0, ""wifi_rssi"": -81, ""acc_data"": {""ax"": -0.55, ""ay"": -0.09, ""az"": 0.84, ""pitch"": -32.14, ""roll"": -5.85}, ""gyro_data"": {""gx"": 5.03, ""gy"": 56.65, ""gz"": 131.4}, ""gps_data"": {""latitude"": 0, ""longitude"": 0, ""gps_altitude"": 0, ""time"": 73638}, ""alt_data"": {""pressure"": 849, ""temperature"": 26.38, ""AGL"": 0.74, ""velocity"": 0, ""kalman_altitude"": 0.74, ""kalman_vertical_velocity"": -1.66}, ""chute_state"": {""pyro1_state"": 0, ""pyro2_state"": 0}, ""connection_status"": {""connected"": true, ""has_ever_connected"": true, ""packet_age_ms"": 0, ""timeout_exceeded"": false, ""rssi"": -81}, ""communication_mode"": ""BEACON"", ""timestamp"": 136135, ""packets_received"": 360, ""kalman_data"": {""altitude"": 0.74, ""vertical_velocity"": -1.66}, ""kalman_altitude"": 0.74, ""kalman_vertical_velocity"": -1.66, ""pyroDrogue"": 0, ""pyroMain"": 0, ""pyro1_state"": 0, ""pyro2_state"": 0}"
1764328786.496747,2025-11-28T14:19:46.496747,816,0,0,-0.51,-0.09,0.77,-29.37,-6.88,-17.74,-6.83,97.41,0,0,0,73841,849,26.39,0.7,0,0,0,0,-82,0.71,-1.68,BEACON,"{""record_number"": 816, ""operation_mode"": 0, ""state"": 0, ""battery_voltage"": 0, ""wifi_rssi"": -82, ""acc_data"": {""ax"": -0.51, ""ay"": -0.09, ""az"": 0.77, ""pitch"": -29.37, ""roll"": -6.88}, ""gyro_data"": {""gx"": -17.74, ""gy"": -6.83, ""gz"": 97.41}, ""gps_data"": {""latitude"": 0, ""longitude"": 0, ""gps_altitude"": 0, ""time"": 73841}, ""alt_data"": {""pressure"": 849, ""temperature"": 26.39, ""AGL"": 0.7, ""velocity"": 0, ""kalman_altitude"": 0.71, ""kalman_vertical_velocity"": -1.68}, ""chute_state"": {""pyro1_state"": 0, ""pyro2_state"": 0}, ""connection_status"": {""connected"": true, ""has_ever_connected"": true, ""packet_age_ms"": 0, ""timeout_exceeded"": false, ""rssi"": -82}, ""communication_mode"": ""BEACON"", ""timestamp"": 136248, ""packets_received"": 361, ""kalman_data"": {""altitude"": 0.71, ""vertical_velocity"": -1.68}, ""kalman_altitude"": 0.71, ""kalman_vertical_velocity"": -1.68, ""pyroDrogue"": 0, ""pyroMain"": 0, ""pyro1_state"": 0, ""pyro2_state"": 0}"
1764328786.533344,2025-11-28T14:19:46.533344,818,0,0,-0.53,-0.06,0.8,-31.25,-3.46,-1.28,-14.24,-20.58,0,0,0,73841,849.01,26.39,0.63,0,0,0,0,-82,0.65,-1.71,BEACON,"{""record_number"": 818, ""operation_mode"": 0, ""state"": 0, ""battery_voltage"": 0, ""wifi_rssi"": -82, ""acc_data"": {""ax"": -0.53, ""ay"": -0.06, ""az"": 0.8, ""pitch"": -31.25, ""roll"": -3.46}, ""gyro_data"": {""gx"": -1.28, ""gy"": -14.24, ""gz"": -20.58}, ""gps_data"": {""latitude"": 0, ""longitude"": 0, ""gps_altitude"": 0, ""time"": 73841}, ""alt_data"": {""pressure"": 849.01, ""temperature"": 26.39, ""AGL"": 0.63, ""velocity"": 0, ""kalman_altitude"": 0.65, ""kalman_vertical_velocity"": -1.71}, ""chute_state"": {""pyro1_state"": 0, ""pyro2_state"": 0}, ""connection_status"": {""connected"": true, ""has_ever_connected"": true, ""packet_age_ms"": 0, ""timeout_exceeded"": false, ""rssi"": -82}, ""communication_mode"": ""BEACON"", ""timestamp"": 136361, ""packets_received"": 362, ""kalman_data"": {""altitude"": 0.65, ""vertical_velocity"": -1.71}, ""kalman_altitude"": 0.65, ""kalman_vertical_velocity"": -1.71, ""pyroDrogue"": 0, ""pyroMain"": 0, ""pyro1_state"": 0, ""pyro2_state"": 0}"
1764328786.575871,2025-11-28T14:19:46.575871,819,0,0,-0.54,-0.06,0.79,-32.43,-4.99,0.03,-1.34,6.1,0,0,0,74040,849.01,26.4,0.58,0,0,0,0,-82,0.63,-1.73,BEACON,"{""record_number"": 819, ""operation_mode"": 0, ""state"": 0, ""battery_voltage"": 0, ""wifi_rssi"": -82, ""acc_data"": {""ax"": -0.54, ""ay"": -0.06, ""az"": 0.79, ""pitch"": -32.43, ""roll"": -4.99}, ""gyro_data"": {""gx"": 0.03, ""gy"": -1.34, ""gz"": 6.1}, ""gps_data"": {""latitude"": 0, ""longitude"": 0, ""gps_altitude"": 0, ""time"": 74040}, ""alt_data"": {""pressure"": 849.01, ""temperature"": 26.4, ""AGL"": 0.58, ""velocity"": 0, ""kalman_altitude"": 0.63, ""kalman_vertical_velocity"": -1.73}, ""chute_state"": {""pyro1_state"": 0, ""pyro2_state"": 0}, ""connection_status"": {""connected"": true, ""has_ever_connected"": true, ""packet_age_ms"": 0, ""timeout_exceeded"": false, ""rssi"": -82}, ""communication_mode"": ""BEACON"", ""timestamp"": 136475, ""packets_received"": 363, ""kalman_data"": {""altitude"": 0.63, ""vertical_velocity"": -1.73}, ""kalman_altitude"": 0.63, ""kalman_vertical_velocity"": -1.73, ""pyroDrogue"": 0, ""pyroMain"": 0, ""pyro1_state"": 0, ""pyro2_state"": 0}"
1764328786.608916,2025-11-28T14:19:46.608916,820,0,0,-0.48,-0.08,0.82,-29.56,-5,-12.74,4.15,-6.98,0,0,0,74241,849,26.39,0.76,0,0,0,0,-81,0.73,-1.67,BEACON,"{""record_number"": 820, ""operation_mode"": 0, ""state"": 0, ""battery_voltage"": 0, ""wifi_rssi"": -81, ""acc_data"": {""ax"": -0.48, ""ay"": -0.08, ""az"": 0.82, ""pitch"": -29.56, ""roll"": -5}, ""gyro_data"": {""gx"": -12.74, ""gy"": 4.15, ""gz"": -6.98}, ""gps_data"": {""latitude"": 0, ""longitude"": 0, ""gps_altitude"": 0, ""time"": 74241}, ""alt_data"": {""pressure"": 849, ""temperature"": 26.39, ""AGL"": 0.76, ""velocity"": 0, ""kalman_altitude"": 0.73, ""kalman_vertical_velocity"": -1.67}, ""chute_state"": {""pyro1_state"": 0, ""pyro2_state"": 0}, ""connection_status"": {""connected"": true, ""has_ever_connected"": true, ""packet_age_ms"": 0, ""timeout_exceeded"": false, ""rssi"": -81}, ""communication_mode"": ""BEACON"", ""timestamp"": 136587, ""packets_received"": 364, ""kalman_data"": {""altitude"": 0.73, ""vertical_velocity"": -1.67}, ""kalman_altitude"": 0.73, ""kalman_vertical_velocity"": -1.67, ""pyroDrogue"": 0, ""pyroMain"": 0, ""pyro1_state"": 0, ""pyro2_state"": 0}"
1764328786.646917,2025-11-28T14:19:46.646917,822,0,0,-0.52,-0.06,0.82,-30.92,-5.04,20.88,1.89,13.11,0,0,0,74241,849.01,26.4,0.61,0,0,0,0,-77,0.64,-1.72,BEACON,"{""record_number"": 822, ""operation_mode"": 0, ""state"": 0, ""battery_voltage"": 0, ""wifi_rssi"": -77, ""acc_data"": {""ax"": -0.52, ""ay"": -0.06, ""az"": 0.82, ""pitch"": -30.92, ""roll"": -5.04}, ""gyro_data"": {""gx"": 20.88, ""gy"": 1.89, ""gz"": 13.11}, ""gps_data"": {""latitude"": 0, ""longitude"": 0, ""gps_altitude"": 0, ""time"": 74241}, ""alt_data"": {""pressure"": 849.01, ""temperature"": 26.4, ""AGL"": 0.61, ""velocity"": 0, ""kalman_altitude"": 0.64, ""kalman_vertical_velocity"": -1.72}, ""chute_state"": {""pyro1_state"": 0, ""pyro2_state"": 0}, ""connection_status"": {""connected"": true, ""has_ever_connected"": true, ""packet_age_ms"": 1, ""timeout_exceeded"": false, ""rssi"": -77}, ""communication_mode"": ""BEACON"", ""timestamp"": 136702, ""packets_received"": 365, ""kalman_data"": {""altitude"": 0.64, ""vertical_velocity"": -1.72}, ""kalman_altitude"": 0.64, ""kalman_vertical_velocity"": -1.72, ""pyroDrogue"": 0, ""pyroMain"": 0, ""pyro1_state"": 0, ""pyro2_state"": 0}"
1764328786.681919,2025-11-28T14:19:46.681919,823,0,0,-0.5,-0.06,0.85,-30.27,-4.1,14.82,-13.51,-9.36,0,0,0,74441,848.95,26.38,1.25,0,0,0,0,-76,1.06,-1.5,BEACON,"{""record_number"": 823, ""operation_mode"": 0, ""state"": 0, ""battery_voltage"": 0, ""wifi_rssi"": -76, ""acc_data"": {""ax"": -0.5, ""ay"": -0.06, ""az"": 0.85, ""pitch"": -30.27, ""roll"": -4.1}, ""gyro_data"": {""gx"": 14.82, ""gy"": -13.51, ""gz"": -9.36}, ""gps_data"": {""latitude"": 0, ""longitude"": 0, ""gps_altitude"": 0, ""time"": 74441}, ""alt_data"": {""pressure"": 848.95, ""temperature"": 26.38, ""AGL"": 1.25, ""velocity"": 0, ""kalman_altitude"": 1.06, ""kalman_vertical_velocity"": -1.5}, ""chute_state"": {""pyro1_state"": 0, ""pyro2_state"": 0}, ""connection_status"": {""connected"": true, ""has_ever_connected"": true, ""packet_age_ms"": 0, ""timeout_exceeded"": false, ""rssi"": -76}, ""communication_mode"": ""BEACON"", ""timestamp"": 136814, ""packets_received"": 366, ""kalman_data"": {""altitude"": 1.06, ""vertical_velocity"": -1.5}, ""kalman_altitude"": 1.06, ""kalman_vertical_velocity"": -1.5, ""pyroDrogue"": 0, ""pyroMain"": 0, ""pyro1_state"": 0, ""pyro2_state"": 0}"
1764328786.720918,2025-11-28T14:19:46.720918,824,0,0,-0.54,-0.01,0.82,-31.94,-0.1,67.59,-102.38,-50.76,0,0,0,74441,848.99,26.39,0.8,0,0,0,0,-75,0.86,-1.61,BEACON,"{""record_number"": 824, ""operation_mode"": 0, ""state"": 0, ""battery_voltage"": 0, ""wifi_rssi"": -75, ""acc_data"": {""ax"": -0.54, ""ay"": -0.01, ""az"": 0.82, ""pitch"": -31.94, ""roll"": -0.1}, ""gyro_data"": {""gx"": 67.59, ""gy"": -102.38, ""gz"": -50.76}, ""gps_data"": {""latitude"": 0, ""longitude"": 0, ""gps_altitude"": 0, ""time"": 74441}, ""alt_data"": {""pressure"": 848.99, ""temperature"": 26.39, ""AGL"": 0.8, ""velocity"": 0, ""kalman_altitude"": 0.86, ""kalman_vertical_velocity"": -1.61}, ""chute_state"": {""pyro1_state"": 0, ""pyro2_state"": 0}, ""connection_status"": {""connected"": true, ""has_ever_connected"": true, ""packet_age_ms"": 0, ""timeout_exceeded"": false, ""rssi"": -75}, ""communication_mode"": ""BEACON"", ""timestamp"": 136927, ""packets_received"": 367, ""kalman_data"": {""altitude"": 0.86, ""vertical_velocity"": -1.61}, ""kalman_altitude"": 0.86, ""kalman_vertical_velocity"": -1.61, ""pyroDrogue"": 0, ""pyroMain"": 0, ""pyro1_state"": 0, ""pyro2_state"": 0}"
1764328786.75692,2025-11-28T14:19:46.756920,826,0,0,-0.43,-0.1,0.83,-26.02,-7.24,-112.41,-184.21,-117.74,0,0,0,74643,848.96,26.39,1.09,0,0,0,0,-74,1.03,-1.51,BEACON,"{""record_number"": 826, ""operation_mode"": 0, ""state"": 0, ""battery_voltage"": 0, ""wifi_rssi"": -74, ""acc_data"": {""ax"": -0.43, ""ay"": -0.1, ""az"": 0.83, ""pitch"": -26.02, ""roll"": -7.24}, ""gyro_data"": {""gx"": -112.41, ""gy"": -184.21, ""gz"": -117.74}, ""gps_data"": {""latitude"": 0, ""longitude"": 0, ""gps_altitude"": 0, ""time"": 74643}, ""alt_data"": {""pressure"": 848.96, ""temperature"": 26.39, ""AGL"": 1.09, ""velocity"": 0, ""kalman_altitude"": 1.03, ""kalman_vertical_velocity"": -1.51}, ""chute_state"": {""pyro1_state"": 0, ""pyro2_state"": 0}, ""connection_status"": {""connected"": true, ""has_ever_connected"": true, ""packet_age_ms"": 0, ""timeout_exceeded"": false, ""rssi"": -74}, ""communication_mode"": ""BEACON"", ""timestamp"": 137043, ""packets_received"": 368, ""kalman_data"": {""altitude"": 1.03, ""vertical_velocity"": -1.51}, ""kalman_altitude"": 1.03, ""kalman_vertical_velocity"": -1.51, ""pyroDrogue"": 0, ""pyroMain"": 0, ""pyro1_state"": 0, ""pyro2_state"": 0}"
1764328786.792102,2025-11-28T14:19:46.792102,827,0,0,-0.33,-0.12,0.9,-18.51,-8.74,-172.77,-404.05,-147.47,0,0,0,74643,848.96,26.39,1.13,0,0,0,0,-74,1.09,-1.48,BEACON,"{""record_number"": 827, ""operation_mode"": 0, ""state"": 0, ""battery_voltage"": 0, ""wifi_rssi"": -74, ""acc_data"": {""ax"": -0.33, ""ay"": -0.12, ""az"": 0.9, ""pitch"": -18.51, ""roll"": -8.74}, ""gyro_data"": {""gx"": -172.77, ""gy"": -404.05, ""gz"": -147.47}, ""gps_data"": {""latitude"": 0, ""longitude"": 0, ""gps_altitude"": 0, ""time"": 74643}, ""alt_data"": {""pressure"": 848.96, ""temperature"": 26.39, ""AGL"": 1.13, ""velocity"": 0, ""kalman_altitude"": 1.09, ""kalman_vertical_velocity"": -1.48}, ""chute_state"": {""pyro1_state"": 0, ""pyro2_state"": 0}, ""connection_status"": {""connected"": true, ""has_ever_connected"": true, ""packet_age_ms"": 0, ""timeout_exceeded"": false, ""rssi"": -74}, ""communication_mode"": ""BEACON"", ""timestamp"": 137153, ""packets_received"": 369, ""kalman_data"": {""altitude"": 1.09, ""vertical_velocity"": -1.48}, ""kalman_altitude"": 1.09, ""kalman_vertical_velocity"": -1.48, ""pyroDrogue"": 0, ""pyroMain"": 0, ""pyro1_state"": 0, ""pyro2_state"": 0}"
1764328786.828818,2025-11-28T14:19:46.828818,828,0,0,-0.2,-0.22,1.01,-12.07,-12.24,-95.67,-228.32,-30.61,0,0,0,74846,848.98,26.39,0.94,0,0,0,0,-73,0.97,-1.54,BEACON,"{""record_number"": 828, ""operation_mode"": 0, ""state"": 0, ""battery_voltage"": 0, ""wifi_rssi"": -73, ""acc_data"": {""ax"": -0.2, ""ay"": -0.22, ""az"": 1.01, ""pitch"": -12.07, ""roll"": -12.24}, ""gyro_data"": {""gx"": -95.67, ""gy"": -228.32, ""gz"": -30.61}, ""gps_data"": {""latitude"": 0, ""longitude"": 0, ""gps_altitude"": 0, ""time"": 74846}, ""alt_data"": {""pressure"": 848.98, ""temperature"": 26.39, ""AGL"": 0.94, ""velocity"": 0, ""kalman_altitude"": 0.97, ""kalman_vertical_velocity"": -1.54}, ""chute_state"": {""pyro1_state"": 0, ""pyro2_state"": 0}, ""connection_status"": {""connected"": true, ""has_ever_connected"": true, ""packet_age_ms"": 1, ""timeout_exceeded"": false, ""rssi"": -73}, ""communication_mode"": ""BEACON"", ""timestamp"": 137266, ""packets_received"": 370, ""kalman_data"": {""altitude"": 0.97, ""vertical_velocity"": -1.54}, ""kalman_altitude"": 0.97, ""kalman_vertical_velocity"": -1.54, ""pyroDrogue"": 0, ""pyroMain"": 0, ""pyro1_state"": 0, ""pyro2_state"": 0}"
1764328786.865819,2025-11-28T14:19:46.865819,830,0,0,-0.09,-0.27,0.95,-5.07,-16.27,-39.33,-58.35,-15.91,0,0,0,74846,849.01,26.39,0.62,0,0,0,0,-73,0.7,-1.68,BEACON,"{""record_number"": 830, ""operation_mode"": 0, ""state"": 0, ""battery_voltage"": 0, ""wifi_rssi"": -73, ""acc_data"": {""ax"": -0.09, ""ay"": -0.27, ""az"": 0.95, ""pitch"": -5.07, ""roll"": -16.27}, ""gyro_data"": {""gx"": -39.33, ""gy"": -58.35, ""gz"": -15.91}, ""gps_data"": {""latitude"": 0, ""longitude"": 0, ""gps_altitude"": 0, ""time"": 74846}, ""alt_data"": {""pressure"": 849.01, ""temperature"": 26.39, ""AGL"": 0.62, ""velocity"": 0, ""kalman_altitude"": 0.7, ""kalman_vertical_velocity"": -1.68}, ""chute_state"": {""pyro1_state"": 0, ""pyro2_state"": 0}, ""connection_status"": {""connected"": true, ""has_ever_connected"": true, ""packet_age_ms"": 0, ""timeout_exceeded"": false, ""rssi"": -73}, ""communication_mode"": ""BEACON"", ""timestamp"": 137380, ""packets_received"": 371, ""kalman_data"": {""altitude"": 0.7, ""vertical_velocity"": -1.68}, ""kalman_altitude"": 0.7, ""kalman_vertical_velocity"": -1.68, ""pyroDrogue"": 0, ""pyroMain"": 0, ""pyro1_state"": 0, ""pyro2_state"": 0}"
1764328786.909375,2025-11-28T14:19:46.909375,831,0,0,-0.09,-0.26,0.96,-5.55,-15.78,-36.8,-1.22,-10.95,0,0,0,75047,848.99,26.39,0.87,0,0,0,0,-73,0.84,-1.6,BEACON,"{""record_number"": 831, ""operation_mode"": 0, ""state"": 0, ""battery_voltage"": 0, ""wifi_rssi"": -73, ""acc_data"": {""ax"": -0.09, ""ay"": -0.26, ""az"": 0.96, ""pitch"": -5.55, ""roll"": -15.78}, ""gyro_data"": {""gx"": -36.8, ""gy"": -1.22, ""gz"": -10.95}, ""gps_data"": {""latitude"": 0, ""longitude"": 0, ""gps_altitude"": 0, ""time"": 75047}, ""alt_data"": {""pressure"": 848.99, ""temperature"": 26.39, ""AGL"": 0.87, ""velocity"": 0, ""kalman_altitude"": 0.84, ""kalman_vertical_velocity"": -1.6}, ""chute_state"": {""pyro1_state"": 0, ""pyro2_state"": 0}, ""connection_status"": {""connected"": true, ""has_ever_connected"": true, ""packet_age_ms"": 1, ""timeout_exceeded"": false, ""rssi"": -73}, ""communication_mode"": ""BEACON"", ""timestamp"": 137492, ""packets_received"": 372, ""kalman_data"": {""altitude"": 0.84, ""vertical_velocity"": -1.6}, ""kalman_altitude"": 0.84, ""kalman_vertical_velocity"": -1.6, ""pyroDrogue"": 0, ""pyroMain"": 0, ""pyro1_state"": 0, ""pyro2_state"": 0}"
1764328786.948353,2025-11-28T14:19:46.948353,832,0,0,-0.08,-0.26,0.98,-4.68,-15.09,-58.99,0.64,-9.24,0,0,0,75247,849.03,26.39,0.44,0,0,0,0,-74,0.53,-1.76,BEACON,"{""record_number"": 832, ""operation_mode"": 0, ""state"": 0, ""battery_voltage"": 0, ""wifi_rssi"": -74, ""acc_data"": {""ax"": -0.08, ""ay"": -0.26, ""az"": 0.98, ""pitch"": -4.68, ""roll"": -15.09}, ""gyro_data"": {""gx"": -58.99, ""gy"": 0.64, ""gz"": -9.24}, ""gps_data"": {""latitude"": 0, ""longitude"": 0, ""gps_altitude"": 0, ""time"": 75247}, ""alt_data"": {""pressure"": 849.03, ""temperature"": 26.39, ""AGL"": 0.44, ""velocity"": 0, ""kalman_altitude"": 0.53, ""kalman_vertical_velocity"": -1.76}, ""chute_state"": {""pyro1_state"": 0, ""pyro2_state"": 0}, ""connection_status"": {""connected"": true, ""has_ever_connected"": true, ""packet_age_ms"": 0, ""timeout_exceeded"": false, ""rssi"": -74}, ""communication_mode"": ""BEACON"", ""timestamp"": 137605, ""packets_received"": 373, ""kalman_data"": {""altitude"": 0.53, ""vertical_velocity"": -1.76}, ""kalman_altitude"": 0.53, ""kalman_vertical_velocity"": -1.76, ""pyroDrogue"": 0, ""pyroMain"": 0, ""pyro1_state"": 0, ""pyro2_state"": 0}"
1764328786.99517,2025-11-28T14:19:46.995170,834,0,0,-0.11,-0.26,0.92,-6.79,-16.15,20.34,5,-0.88,0,0,0,75247,849.03,26.4,0.47,0,0,0,0,-74,0.48,-1.78,BEACON,"{""record_number"": 834, ""operation_mode"": 0, ""state"": 0, ""battery_voltage"": 0, ""wifi_rssi"": -74, ""acc_data"": {""ax"": -0.11, ""ay"": -0.26, ""az"": 0.92, ""pitch"": -6.79, ""roll"": -16.15}, ""gyro_data"": {""gx"": 20.34, ""gy"": 5, ""gz"": -0.88}, ""gps_data"": {""latitude"": 0, ""longitude"": 0, ""gps_altitude"": 0, ""time"": 75247}, ""alt_data"": {""pressure"": 849.03, ""temperature"": 26.4, ""AGL"": 0.47, ""velocity"": 0, ""kalman_altitude"": 0.48, ""kalman_vertical_velocity"": -1.78}, ""chute_state"": {""pyro1_state"": 0, ""pyro2_state"": 0}, ""connection_status"": {""connected"": true, ""has_ever_connected"": true, ""packet_age_ms"": 1, ""timeout_exceeded"": false, ""rssi"": -74}, ""communication_mode"": ""BEACON"", ""timestamp"": 137715, ""packets_received"": 374, ""kalman_data"": {""altitude"": 0.48, ""vertical_velocity"": -1.78}, ""kalman_altitude"": 0.48, ""kalman_vertical_velocity"": -1.78, ""pyroDrogue"": 0, ""pyroMain"": 0, ""pyro1_state"": 0, ""pyro2_state"": 0}"
1764328787.102503,2025-11-28T14:19:47.102503,835,0,0,-0.09,-0.27,0.99,-4.76,-15.21,-24.3,-6.16,-4.57,0,0,0,75447,848.99,26.39,0.8,0,0,0,0,-74,0.8,-1.61,BEACON,"{""record_number"": 835, ""operation_mode"": 0, ""state"": 0, ""battery_voltage"": 0, ""wifi_rssi"": -74, ""acc_data"": {""ax"": -0.09, ""ay"": -0.27, ""az"": 0.99, ""pitch"": -4.76, ""roll"": -15.21}, ""gyro_data"": {""gx"": -24.3, ""gy"": -6.16, ""gz"": -4.57}, ""gps_data"": {""latitude"": 0, ""longitude"": 0, ""gps_altitude"": 0, ""time"": 75447}, ""alt_data"": {""pressure"": 848.99, ""temperature"": 26.39, ""AGL"": 0.8, ""velocity"": 0, ""kalman_altitude"": 0.8, ""kalman_vertical_velocity"": -1.61}, ""chute_state"": {""pyro1_state"": 0, ""pyro2_state"": 0}, ""connection_status"": {""connected"": true, ""has_ever_connected"": true, ""packet_age_ms"": 1, ""timeout_exceeded"": false, ""rssi"": -74}, ""communication_mode"": ""BEACON"", ""timestamp"": 137828, ""packets_received"": 375, ""kalman_data"": {""altitude"": 0.8, ""vertical_velocity"": -1.61}, ""kalman_altitude"": 0.8, ""kalman_vertical_velocity"": -1.61, ""pyroDrogue"": 0, ""pyroMain"": 0, ""pyro1_state"": 0, ""pyro2_state"": 0}"
1764328787.230278,2025-11-28T14:19:47.230278,836,0,0,-0.12,-0.27,0.92,-6.56,-16.56,24.05,2.29,23.23,0,0,0,75447,849,26.39,0.74,0,0,0,0,-74,0.75,-1.64,BEACON,"{""record_number"": 836, ""operation_mode"": 0, ""state"": 0, ""battery_voltage"": 0, ""wifi_rssi"": -74, ""acc_data"": {""ax"": -0.12, ""ay"": -0.27, ""az"": 0.92, ""pitch"": -6.56, ""roll"": -16.56}, ""gyro_data"": {""gx"": 24.05, ""gy"": 2.29, ""gz"": 23.23}, ""gps_data"": {""latitude"": 0, ""longitude"": 0, ""gps_altitude"": 0, ""time"": 75447}, ""alt_data"": {""pressure"": 849, ""temperature"": 26.39, ""AGL"": 0.74, ""velocity"": 0, ""kalman_altitude"": 0.75, ""kalman_vertical_velocity"": -1.64}, ""chute_state"": {""pyro1_state"": 0, ""pyro2_state"": 0}, ""connection_status"": {""connected"": true, ""has_ever_connected"": true, ""packet_age_ms"": 0, ""timeout_exceeded"": false, ""rssi"": -74}, ""communication_mode"": ""BEACON"", ""timestamp"": 137940, ""packets_received"": 376, ""kalman_data"": {""altitude"": 0.75, ""vertical_velocity"": -1.64}, ""kalman_altitude"": 0.75, ""kalman_vertical_velocity"": -1.64, ""pyroDrogue"": 0, ""pyroMain"": 0, ""pyro1_state"": 0, ""pyro2_state"": 0}"
1764328787.32689,2025-11-28T14:19:47.326890,837,0,0,-0.09,-0.3,0.94,-4.74,-17.17,-15.88,16.68,4.27,0,0,0,75649,849.01,26.4,0.58,0,0,0,0,-74,0.61,-1.7,BEACON,"{""record_number"": 837, ""operation_mode"": 0, ""state"": 0, ""battery_voltage"": 0, ""wifi_rssi"": -74, ""acc_data"": {""ax"": -0.09, ""ay"": -0.3, ""az"": 0.94, ""pitch"": -4.74, ""roll"": -17.17}, ""gyro_data"": {""gx"": -15.88, ""gy"": 16.68, ""gz"": 4.27}, ""gps_data"": {""latitude"": 0, ""longitude"": 0, ""gps_altitude"": 0, ""time"": 75649}, ""alt_data"": {""pressure"": 849.01, ""temperature"": 26.4, ""AGL"": 0.58, ""velocity"": 0, ""kalman_altitude"": 0.61, ""kalman_vertical_velocity"": -1.7}, ""chute_state"": {""pyro1_state"": 0, ""pyro2_state"": 0}, ""connection_status"": {""connected"": true, ""has_ever_connected"": true, ""packet_age_ms"": 0, ""timeout_exceeded"": false, ""rssi"": -74}, ""communication_mode"": ""BEACON"", ""timestamp"": 138054, ""packets_received"": 377, ""kalman_data"": {""altitude"": 0.61, ""vertical_velocity"": -1.7}, ""kalman_altitude"": 0.61, ""kalman_vertical_velocity"": -1.7, ""pyroDrogue"": 0, ""pyroMain"": 0, ""pyro1_state"": 0, ""pyro2_state"": 0}"
1764328787.459936,2025-11-28T14:19:47.459936,839,0,0,-0.11,-0.26,0.96,-6.51,-14.85,-9.6,-0.91,6.65,0,0,0,75649,849.06,26.4,0.15,0,0,0,0,-73,0.25,-1.89,BEACON,"{""record_number"": 839, ""operation_mode"": 0, ""state"": 0, ""battery_voltage"": 0, ""wifi_rssi"": -73, ""acc_data"": {""ax"": -0.11, ""ay"": -0.26, ""az"": 0.96, ""pitch"": -6.51, ""roll"": -14.85}, ""gyro_data"": {""gx"": -9.6, ""gy"": -0.91, ""gz"": 6.65}, ""gps_data"": {""latitude"": 0, ""longitude"": 0, ""gps_altitude"": 0, ""time"": 75649}, ""alt_data"": {""pressure"": 849.06, ""temperature"": 26.4, ""AGL"": 0.15, ""velocity"": 0, ""kalman_altitude"": 0.25, ""kalman_vertical_velocity"": -1.89}, ""chute_state"": {""pyro1_state"": 0, ""pyro2_state"": 0}, ""connection_status"": {""connected"": true, ""has_ever_connected"": true, ""packet_age_ms"": 1, ""timeout_exceeded"": false, ""rssi"": -73}, ""communication_mode"": ""BEACON"", ""timestamp"": 138170, ""packets_received"": 378, ""kalman_data"": {""altitude"": 0.25, ""vertical_velocity"": -1.89}, ""kalman_altitude"": 0.25, ""kalman_vertical_velocity"": -1.89, ""pyroDrogue"": 0, ""pyroMain"": 0, ""pyro1_state"": 0, ""pyro2_state"": 0}"
1764328787.609246,2025-11-28T14:19:47.609246,840,0,0,-0.13,-0.26,0.96,-7.61,-15.87,-5.88,-6.25,-8.75,0,0,0,75853,849.04,26.39,0.3,0,0,0,0,-73,0.36,-1.83,BEACON,"{""record_number"": 840, ""operation_mode"": 0, ""state"": 0, ""battery_voltage"": 0, ""wifi_rssi"": -73, ""acc_data"": {""ax"": -0.13, ""ay"": -0.26, ""az"": 0.96, ""pitch"": -7.61, ""roll"": -15.87}, ""gyro_data"": {""gx"": -5.88, ""gy"": -6.25, ""gz"": -8.75}, ""gps_data"": {""latitude"": 0, ""longitude"": 0, ""gps_altitude"": 0, ""time"": 75853}, ""alt_data"": {""pressure"": 849.04, ""temperature"": 26.39, ""AGL"": 0.3, ""velocity"": 0, ""kalman_altitude"": 0.36, ""kalman_vertical_velocity"": -1.83}, ""chute_state"": {""pyro1_state"": 0, ""pyro2_state"": 0}, ""connection_status"": {""connected"": true, ""has_ever_connected"": true, ""packet_age_ms"": 1, ""timeout_exceeded"": false, ""rssi"": -73}, ""communication_mode"": ""BEACON"", ""timestamp"": 138281, ""packets_received"": 379, ""kalman_data"": {""altitude"": 0.36, ""vertical_velocity"": -1.83}, ""kalman_altitude"": 0.36, ""kalman_vertical_velocity"": -1.83, ""pyroDrogue"": 0, ""pyroMain"": 0, ""pyro1_state"": 0, ""pyro2_state"": 0}"
1764328787.727802,2025-11-28T14:19:47.727802,841,0,0,-0.1,-0.32,0.95,-5.24,-18.49,-17.01,-28.84,9.48,0,0,0,76053,849.01,26.4,0.58,0,0,0,0,-73,0.53,-1.74,BEACON,"{""record_number"": 841, ""operation_mode"": 0, ""state"": 0, ""battery_voltage"": 0, ""wifi_rssi"": -73, ""acc_data"": {""ax"": -0.1, ""ay"": -0.32, ""az"": 0.95, ""pitch"": -5.24, ""roll"": -18.49}, ""gyro_data"": {""gx"": -17.01, ""gy"": -28.84, ""gz"": 9.48}, ""gps_data"": {""latitude"": 0, ""longitude"": 0, ""gps_altitude"": 0, ""time"": 76053}, ""alt_data"": {""pressure"": 849.01, ""temperature"": 26.4, ""AGL"": 0.58, ""velocity"": 0, ""kalman_altitude"": 0.53, ""kalman_vertical_velocity"": -1.74}, ""chute_state"": {""pyro1_state"": 0, ""pyro2_state"": 0}, ""connection_status"": {""connected"": true, ""has_ever_connected"": true, ""packet_age_ms"": 0, ""timeout_exceeded"": false, ""rssi"": -73}, ""communication_mode"": ""BEACON"", ""timestamp"": 138392, ""packets_received"": 380, ""kalman_data"": {""altitude"": 0.53, ""vertical_velocity"": -1.74}, ""kalman_altitude"": 0.53, ""kalman_vertical_velocity"": -1.74, ""pyroDrogue"": 0, ""pyroMain"": 0, ""pyro1_state"": 0, ""pyro2_state"": 0}"
1764328787.979804,2025-11-28T14:19:47.979804,843,0,0,-0.05,-0.13,0.86,-2.07,-6.95,47.07,70.91,4.39,0,0,0,76053,849,26.39,0.7,0,0,0,0,-73,0.66,-1.66,BEACON,"{""record_number"": 843, ""operation_mode"": 0, ""state"": 0, ""battery_voltage"": 0, ""wifi_rssi"": -73, ""acc_data"": {""ax"": -0.05, ""ay"": -0.13, ""az"": 0.86, ""pitch"": -2.07, ""roll"": -6.95}, ""gyro_data"": {""gx"": 47.07, ""gy"": 70.91, ""gz"": 4.39}, ""gps_data"": {""latitude"": 0, ""longitude"": 0, ""gps_altitude"": 0, ""time"": 76053}, ""alt_data"": {""pressure"": 849, ""temperature"": 26.39, ""AGL"": 0.7, ""velocity"": 0, ""kalman_altitude"": 0.66, ""kalman_vertical_velocity"": -1.66}, ""chute_state"": {""pyro1_state"": 0, ""pyro2_state"": 0}, ""connection_status"": {""connected"": true, ""has_ever_connected"": true, ""packet_age_ms"": 0, ""timeout_exceeded"": false, ""rssi"": -73}, ""communication_mode"": ""BEACON"", ""timestamp"": 138507, ""packets_received"": 381, ""kalman_data"": {""altitude"": 0.66, ""vertical_velocity"": -1.66}, ""kalman_altitude"": 0.66, ""kalman_vertical_velocity"": -1.66, ""pyroDrogue"": 0, ""pyroMain"": 0, ""pyro1_state"": 0, ""pyro2_state"": 0}"
1764328788.022804,2025-11-28T14:19:48.022804,844,0,0,-0.27,-0.3,1.2,-16.34,-13.78,-84.27,-87.44,-42.65,0,0,0,76252,849.01,26.39,0.63,0,0,0,0,-74,0.69,-1.64,BEACON,"{""record_number"": 844, ""operation_mode"": 0, ""state"": 0, ""battery_voltage"": 0, ""wifi_rssi"": -74, ""acc_data"": {""ax"": -0.27, ""ay"": -0.3, ""az"": 1.2, ""pitch"": -16.34, ""roll"": -13.78}, ""gyro_data"": {""gx"": -84.27, ""gy"": -87.44, ""gz"": -42.65}, ""gps_data"": {""latitude"": 0, ""longitude"": 0, ""gps_altitude"": 0, ""time"": 76252}, ""alt_data"": {""pressure"": 849.01, ""temperature"": 26.39, ""AGL"": 0.63, ""velocity"": 0, ""kalman_altitude"": 0.69, ""kalman_vertical_velocity"": -1.64}, ""chute_state"": {""pyro1_state"": 0, ""pyro2_state"": 0}, ""connection_status"": {""connected"": true, ""has_ever_connected"": true, ""packet_age_ms"": 1, ""timeout_exceeded"": false, ""rssi"": -74}, ""communication_mode"": ""BEACON"", ""timestamp"": 138619, ""packets_received"": 382, ""kalman_data"": {""altitude"": 0.69, ""vertical_velocity"": -1.64}, ""kalman_altitude"": 0.69, ""kalman_vertical_velocity"": -1.64, ""pyroDrogue"": 0, ""pyroMain"": 0, ""pyro1_state"": 0, ""pyro2_state"": 0}"
1764328788.604283,2025-11-28T14:19:48.604283,845,0,0,-0.06,-0.35,0.9,-2.3,-21.16,-66.37,-20.34,26.52,0,0,0,76252,849,26.39,0.69,0,0,0,0,-73,0.69,-1.64,BEACON,"{""record_number"": 845, ""operation_mode"": 0, ""state"": 0, ""battery_voltage"": 0, ""wifi_rssi"": -73, ""acc_data"": {""ax"": -0.06, ""ay"": -0.35, ""az"": 0.9, ""pitch"": -2.3, ""roll"": -21.16}, ""gyro_data"": {""gx"": -66.37, ""gy"": -20.34, ""gz"": 26.52}, ""gps_data"": {""latitude"": 0, ""longitude"": 0, ""gps_altitude"": 0, ""time"": 76252}, ""alt_data"": {""pressure"": 849, ""temperature"": 26.39, ""AGL"": 0.69, ""velocity"": 0, ""kalman_altitude"": 0.69, ""kalman_vertical_velocity"": -1.64}, ""chute_state"": {""pyro1_state"": 0, ""pyro2_state"": 0}, ""connection_status"": {""connected"": true, ""has_ever_connected"": true, ""packet_age_ms"": 1, ""timeout_exceeded"": false, ""rssi"": -73}, ""communication_mode"": ""BEACON"", ""timestamp"": 138730, ""packets_received"": 383, ""kalman_data"": {""altitude"": 0.69, ""vertical_velocity"": -1.64}, ""kalman_altitude"": 0.69, ""kalman_vertical_velocity"": -1.64, ""pyroDrogue"": 0, ""pyroMain"": 0, ""pyro1_state"": 0, ""pyro2_state"": 0}"
1764328788.644162,2025-11-28T14:19:48.644162,847,0,0,-0.18,-0.26,0.98,-10.5,-15.13,25.58,18.32,5.4,0,0,0,76453,849.07,26.4,0.07,0,0,0,0,-73,0.2,-1.89,BEACON,"{""record_number"": 847, ""operation_mode"": 0, ""state"": 0, ""battery_voltage"": 0, ""wifi_rssi"": -73, ""acc_data"": {""ax"": -0.18, ""ay"": -0.26, ""az"": 0.98, ""pitch"": -10.5, ""roll"": -15.13}, ""gyro_data"": {""gx"": 25.58, ""gy"": 18.32, ""gz"": 5.4}, ""gps_data"": {""latitude"": 0, ""longitude"": 0, ""gps_altitude"": 0, ""time"": 76453}, ""alt_data"": {""pressure"": 849.07, ""temperature"": 26.4, ""AGL"": 0.07, ""velocity"": 0, ""kalman_altitude"": 0.2, ""kalman_vertical_velocity"": -1.89}, ""chute_state"": {""pyro1_state"": 0, ""pyro2_state"": 0}, ""connection_status"": {""connected"": true, ""has_ever_connected"": true, ""packet_age_ms"": 1, ""timeout_exceeded"": false, ""rssi"": -73}, ""communication_mode"": ""BEACON"", ""timestamp"": 138842, ""packets_received"": 384, ""kalman_data"": {""altitude"": 0.2, ""vertical_velocity"": -1.89}, ""kalman_altitude"": 0.2, ""kalman_vertical_velocity"": -1.89, ""pyroDrogue"": 0, ""pyroMain"": 0, ""pyro1_state"": 0, ""pyro2_state"": 0}"
1764328788.687164,2025-11-28T14:19:48.687164,848,0,0,-0.1,-0.26,0.92,-5.66,-15.85,-32.29,-24.24,4.36,0,0,0,76453,848.99,26.41,0.78,0,0,0,0,-73,0.7,-1.63,BEACON,"{""record_number"": 848, ""operation_mode"": 0, ""state"": 0, ""battery_voltage"": 0, ""wifi_rssi"": -73, ""acc_data"": {""ax"": -0.1, ""ay"": -0.26, ""az"": 0.92, ""pitch"": -5.66, ""roll"": -15.85}, ""gyro_data"": {""gx"": -32.29, ""gy"": -24.24, ""gz"": 4.36}, ""gps_data"": {""latitude"": 0, ""longitude"": 0, ""gps_altitude"": 0, ""time"": 76453}, ""alt_data"": {""pressure"": 848.99, ""temperature"": 26.41, ""AGL"": 0.78, ""velocity"": 0, ""kalman_altitude"": 0.7, ""kalman_vertical_velocity"": -1.63}, ""chute_state"": {""pyro1_state"": 0, ""pyro2_state"": 0}, ""connection_status"": {""connected"": true, ""has_ever_connected"": true, ""packet_age_ms"": 1, ""timeout_exceeded"": false, ""rssi"": -73}, ""communication_mode"": ""BEACON"", ""timestamp"": 138955, ""packets_received"": 385, ""kalman_data"": {""altitude"": 0.7, ""vertical_velocity"": -1.63}, ""kalman_altitude"": 0.7, ""kalman_vertical_velocity"": -1.63, ""pyroDrogue"": 0, ""pyroMain"": 0, ""pyro1_state"": 0, ""pyro2_state"": 0}"
1764328788.750165,2025-11-28T14:19:48.750165,849,0,0,-0.12,-0.3,0.93,-6.73,-17.45,-24.45,21.28,7.41,0,0,0,76655,848.95,26.38,1.25,0,0,0,0,-74,1.13,-1.4,BEACON,"{""record_number"": 849, ""operation_mode"": 0, ""state"": 0, ""battery_voltage"": 0, ""wifi_rssi"": -74, ""acc_data"": {""ax"": -0.12, ""ay"": -0.3, ""az"": 0.93, ""pitch"": -6.73, ""roll"": -17.45}, ""gyro_data"": {""gx"": -24.45, ""gy"": 21.28, ""gz"": 7.41}, ""gps_data"": {""latitude"": 0, ""longitude"": 0, ""gps_altitude"": 0, ""time"": 76655}, ""alt_data"": {""pressure"": 848.95, ""temperature"": 26.38, ""AGL"": 1.25, ""velocity"": 0, ""kalman_altitude"": 1.13, ""kalman_vertical_velocity"": -1.4}, ""chute_state"": {""pyro1_state"": 0, ""pyro2_state"": 0}, ""connection_status"": {""connected"": true, ""has_ever_connected"": true, ""packet_age_ms"": 0, ""timeout_exceeded"": false, ""rssi"": -74}, ""communication_mode"": ""BEACON"", ""timestamp"": 139068, ""packets_received"": 386, ""kalman_data"": {""altitude"": 1.13, ""vertical_velocity"": -1.4}, ""kalman_altitude"": 1.13, ""kalman_vertical_velocity"": -1.4, ""pyroDrogue"": 0, ""pyroMain"": 0, ""pyro1_state"": 0, ""pyro2_state"": 0}"
1764328788.807164,2025-11-28T14:19:48.807164,851,0,0,-0.14,-0.32,0.95,-7.64,-18.56,-23.26,-9.79,-4.33,0,0,0,76655,849.01,26.4,0.65,0,0,0,0,-74,0.75,-1.6,BEACON,"{""record_number"": 851, ""operation_mode"": 0, ""state"": 0, ""battery_voltage"": 0, ""wifi_rssi"": -74, ""acc_data"": {""ax"": -0.14, ""ay"": -0.32, ""az"": 0.95, ""pitch"": -7.64, ""roll"": -18.56}, ""gyro_data"": {""gx"": -23.26, ""gy"": -9.79, ""gz"": -4.33}, ""gps_data"": {""latitude"": 0, ""longitude"": 0, ""gps_altitude"": 0, ""time"": 76655}, ""alt_data"": {""pressure"": 849.01, ""temperature"": 26.4, ""AGL"": 0.65, ""velocity"": 0, ""kalman_altitude"": 0.75, ""kalman_vertical_velocity"": -1.6}, ""chute_state"": {""pyro1_state"": 0, ""pyro2_state"": 0}, ""connection_status"": {""connected"": true, ""has_ever_connected"": true, ""packet_age_ms"": 0, ""timeout_exceeded"": false, ""rssi"": -74}, ""communication_mode"": ""BEACON"", ""timestamp"": 139181, ""packets_received"": 387, ""kalman_data"": {""altitude"": 0.75, ""vertical_velocity"": -1.6}, ""kalman_altitude"": 0.75, ""kalman_vertical_velocity"": -1.6, ""pyroDrogue"": 0, ""pyroMain"": 0, ""pyro1_state"": 0, ""pyro2_state"": 0}"
1764328788.976611,2025-11-28T14:19:48.976611,852,0,0,-0.14,-0.32,0.95,-8.23,-19.33,-24.15,-2.41,-17.9,0,0,0,76858,849,26.4,0.76,0,0,0,0,-73,0.73,-1.61,BEACON,"{""record_number"": 852, ""operation_mode"": 0, ""state"": 0, ""battery_voltage"": 0, ""wifi_rssi"": -73, ""acc_data"": {""ax"": -0.14, ""ay"": -0.32, ""az"": 0.95, ""pitch"": -8.23, ""roll"": -19.33}, ""gyro_data"": {""gx"": -24.15, ""gy"": -2.41, ""gz"": -17.9}, ""gps_data"": {""latitude"": 0, ""longitude"": 0, ""gps_altitude"": 0, ""time"": 76858}, ""alt_data"": {""pressure"": 849, ""temperature"": 26.4, ""AGL"": 0.76, ""velocity"": 0, ""kalman_altitude"": 0.73, ""kalman_vertical_velocity"": -1.61}, ""chute_state"": {""pyro1_state"": 0, ""pyro2_state"": 0}, ""connection_status"": {""connected"": true, ""has_ever_connected"": true, ""packet_age_ms"": 0, ""timeout_exceeded"": false, ""rssi"": -73}, ""communication_mode"": ""BEACON"", ""timestamp"": 139294, ""packets_received"": 388, ""kalman_data"": {""altitude"": 0.73, ""vertical_velocity"": -1.61}, ""kalman_altitude"": 0.73, ""kalman_vertical_velocity"": -1.61, ""pyroDrogue"": 0, ""pyroMain"": 0, ""pyro1_state"": 0, ""pyro2_state"": 0}"
1764328789.02916,2025-11-28T14:19:49.029160,853,0,0,-0.14,-0.29,0.89,-7.24,-18.01,16.62,65.18,26.01,0,0,0,77057,848.99,26.41,0.78,0,0,0,0,-73,0.77,-1.58,BEACON,"{""record_number"": 853, ""operation_mode"": 0, ""state"": 0, ""battery_voltage"": 0, ""wifi_rssi"": -73, ""acc_data"": {""ax"": -0.14, ""ay"": -0.29, ""az"": 0.89, ""pitch"": -7.24, ""roll"": -18.01}, ""gyro_data"": {""gx"": 16.62, ""gy"": 65.18, ""gz"": 26.01}, ""gps_data"": {""latitude"": 0, ""longitude"": 0, ""gps_altitude"": 0, ""time"": 77057}, ""alt_data"": {""pressure"": 848.99, ""temperature"": 26.41, ""AGL"": 0.78, ""velocity"": 0, ""kalman_altitude"": 0.77, ""kalman_vertical_velocity"": -1.58}, ""chute_state"": {""pyro1_state"": 0, ""pyro2_state"": 0}, ""connection_status"": {""connected"": true, ""has_ever_connected"": true, ""packet_age_ms"": 1, ""timeout_exceeded"": false, ""rssi"": -73}, ""communication_mode"": ""BEACON"", ""timestamp"": 139407, ""packets_received"": 389, ""kalman_data"": {""altitude"": 0.77, ""vertical_velocity"": -1.58}, ""kalman_altitude"": 0.77, ""kalman_vertical_velocity"": -1.58, ""pyroDrogue"": 0, ""pyroMain"": 0, ""pyro1_state"": 0, ""pyro2_state"": 0}"
1764328789.143798,2025-11-28T14:19:49.143798,855,0,0,-0.09,-0.27,0.86,-4.54,-18.32,-41.62,219.79,-49.18,0,0,0,77057,849,26.39,0.73,0,0,0,0,-73,0.74,-1.6,BEACON,"{""record_number"": 855, ""operation_mode"": 0, ""state"": 0, ""battery_voltage"": 0, ""wifi_rssi"": -73, ""acc_data"": {""ax"": -0.09, ""ay"": -0.27, ""az"": 0.86, ""pitch"": -4.54, ""roll"": -18.32}, ""gyro_data"": {""gx"": -41.62, ""gy"": 219.79, ""gz"": -49.18}, ""gps_data"": {""latitude"": 0, ""longitude"": 0, ""gps_altitude"": 0, ""time"": 77057}, ""alt_data"": {""pressure"": 849, ""temperature"": 26.39, ""AGL"": 0.73, ""velocity"": 0, ""kalman_altitude"": 0.74, ""kalman_vertical_velocity"": -1.6}, ""chute_state"": {""pyro1_state"": 0, ""pyro2_state"": 0}, ""connection_status"": {""connected"": true, ""has_ever_connected"": true, ""packet_age_ms"": 0, ""timeout_exceeded"": false, ""rssi"": -73}, ""communication_mode"": ""BEACON"", ""timestamp"": 139519, ""packets_received"": 390, ""kalman_data"": {""altitude"": 0.74, ""vertical_velocity"": -1.6}, ""kalman_altitude"": 0.74, ""kalman_vertical_velocity"": -1.6, ""pyroDrogue"": 0, ""pyroMain"": 0, ""pyro1_state"": 0, ""pyro2_state"": 0}"
1764328789.211329,2025-11-28T14:19:49.211329,856,0,0,-0.17,-0.4,0.82,-10.64,-26.34,-196.52,4.27,-184.15,0,0,0,77258,849.01,26.41,0.67,0,0,0,0,-74,0.71,-1.61,BEACON,"{""record_number"": 856, ""operation_mode"": 0, ""state"": 0, ""battery_voltage"": 0, ""wifi_rssi"": -74, ""acc_data"": {""ax"": -0.17, ""ay"": -0.4, ""az"": 0.82, ""pitch"": -10.64, ""roll"": -26.34}, ""gyro_data"": {""gx"": -196.52, ""gy"": 4.27, ""gz"": -184.15}, ""gps_data"": {""latitude"": 0, ""longitude"": 0, ""gps_altitude"": 0, ""time"": 77258}, ""alt_data"": {""pressure"": 849.01, ""temperature"": 26.41, ""AGL"": 0.67, ""velocity"": 0, ""kalman_altitude"": 0.71, ""kalman_vertical_velocity"": -1.61}, ""chute_state"": {""pyro1_state"": 0, ""pyro2_state"": 0}, ""connection_status"": {""connected"": true, ""has_ever_connected"": true, ""packet_age_ms"": 0, ""timeout_exceeded"": false, ""rssi"": -74}, ""communication_mode"": ""BEACON"", ""timestamp"": 139634, ""packets_received"": 391, ""kalman_data"": {""altitude"": 0.71, ""vertical_velocity"": -1.61}, ""kalman_altitude"": 0.71, ""kalman_vertical_velocity"": -1.61, ""pyroDrogue"": 0, ""pyroMain"": 0, ""pyro1_state"": 0, ""pyro2_state"": 0}"
1764328789.243131,2025-11-28T14:19:49.243131,857,0,0,-0.27,-0.49,0.94,-15.64,-27.43,-132.96,60.67,-109.91,0,0,0,77258,848.98,26.39,0.91,0,0,0,0,-75,0.87,-1.53,BEACON,"{""record_number"": 857, ""operation_mode"": 0, ""state"": 0, ""battery_voltage"": 0, ""wifi_rssi"": -75, ""acc_data"": {""ax"": -0.27, ""ay"": -0.49, ""az"": 0.94, ""pitch"": -15.64, ""roll"": -27.43}, ""gyro_data"": {""gx"": -132.96, ""gy"": 60.67, ""gz"": -109.91}, ""gps_data"": {""latitude"": 0, ""longitude"": 0, ""gps_altitude"": 0, ""time"": 77258}, ""alt_data"": {""pressure"": 848.98, ""temperature"": 26.39, ""AGL"": 0.91, ""velocity"": 0, ""kalman_altitude"": 0.87, ""kalman_vertical_velocity"": -1.53}, ""chute_state"": {""pyro1_state"": 0, ""pyro2_state"": 0}, ""connection_status"": {""connected"": true, ""has_ever_connected"": true, ""packet_age_ms"": 0, ""timeout_exceeded"": false, ""rssi"": -75}, ""communication_mode"": ""BEACON"", ""timestamp"": 139744, ""packets_received"": 392, ""kalman_data"": {""altitude"": 0.87, ""vertical_velocity"": -1.53}, ""kalman_altitude"": 0.87, ""kalman_vertical_velocity"": -1.53, ""pyroDrogue"": 0, ""pyroMain"": 0, ""pyro1_state"": 0, ""pyro2_state"": 0}"
1764328789.288134,2025-11-28T14:19:49.288134,858,0,0,-0.24,-0.48,0.91,-13.62,-28.23,4.42,18.87,-62.01,0,0,0,77458,849,26.39,0.73,0,0,0,0,-76,0.76,-1.59,BEACON,"{""record_number"": 858, ""operation_mode"": 0, ""state"": 0, ""battery_voltage"": 0, ""wifi_rssi"": -76, ""acc_data"": {""ax"": -0.24, ""ay"": -0.48, ""az"": 0.91, ""pitch"": -13.62, ""roll"": -28.23}, ""gyro_data"": {""gx"": 4.42, ""gy"": 18.87, ""gz"": -62.01}, ""gps_data"": {""latitude"": 0, ""longitude"": 0, ""gps_altitude"": 0, ""time"": 77458}, ""alt_data"": {""pressure"": 849, ""temperature"": 26.39, ""AGL"": 0.73, ""velocity"": 0, ""kalman_altitude"": 0.76, ""kalman_vertical_velocity"": -1.59}, ""chute_state"": {""pyro1_state"": 0, ""pyro2_state"": 0}, ""connection_status"": {""connected"": true, ""has_ever_connected"": true, ""packet_age_ms"": 1, ""timeout_exceeded"": false, ""rssi"": -76}, ""communication_mode"": ""BEACON"", ""timestamp"": 139858, ""packets_received"": 393, ""kalman_data"": {""altitude"": 0.76, ""vertical_velocity"": -1.59}, ""kalman_altitude"": 0.76, ""kalman_vertical_velocity"": -1.59, ""pyroDrogue"": 0, ""pyroMain"": 0, ""pyro1_state"": 0, ""pyro2_state"": 0}"
1764328789.33315,2025-11-28T14:19:49.333150,860,0,0,-0.23,-0.45,0.81,-13.79,-28.75,78.02,8.9,22.62,0,0,0,77458,849.02,26.4,0.5,0,0,0,0,-76,0.48,-1.73,BEACON,"{""record_number"": 860, ""operation_mode"": 0, ""state"": 0, ""battery_voltage"": 0, ""wifi_rssi"": -76, ""acc_data"": {""ax"": -0.23, ""ay"": -0.45, ""az"": 0.81, ""pitch"": -13.79, ""roll"": -28.75}, ""gyro_data"": {""gx"": 78.02, ""gy"": 8.9, ""gz"": 22.62}, ""gps_data"": {""latitude"": 0, ""longitude"": 0, ""gps_altitude"": 0, ""time"": 77458}, ""alt_data"": {""pressure"": 849.02, ""temperature"": 26.4, ""AGL"": 0.5, ""velocity"": 0, ""kalman_altitude"": 0.48, ""kalman_vertical_velocity"": -1.73}, ""chute_state"": {""pyro1_state"": 0, ""pyro2_state"": 0}, ""connection_status"": {""connected"": true, ""has_ever_connected"": true, ""packet_age_ms"": 0, ""timeout_exceeded"": false, ""rssi"": -76}, ""communication_mode"": ""BEACON"", ""timestamp"": 139971, ""packets_received"": 394, ""kalman_data"": {""altitude"": 0.48, ""vertical_velocity"": -1.73}, ""kalman_altitude"": 0.48, ""kalman_vertical_velocity"": -1.73, ""pyroDrogue"": 0, ""pyroMain"": 0, ""pyro1_state"": 0, ""pyro2_state"": 0}"
1764328789.395134,2025-11-28T14:19:49.395134,861,0,0,-0.22,-0.43,0.84,-13.04,-26.6,-17.16,-3.08,17.87,0,0,0,77660,849,26.4,0.68,0,0,0,0,-76,0.64,-1.65,BEACON,"{""record_number"": 861, ""operation_mode"": 0, ""state"": 0, ""battery_voltage"": 0, ""wifi_rssi"": -76, ""acc_data"": {""ax"": -0.22, ""ay"": -0.43, ""az"": 0.84, ""pitch"": -13.04, ""roll"": -26.6}, ""gyro_data"": {""gx"": -17.16, ""gy"": -3.08, ""gz"": 17.87}, ""gps_data"": {""latitude"": 0, ""longitude"": 0, ""gps_altitude"": 0, ""time"": 77660}, ""alt_data"": {""pressure"": 849, ""temperature"": 26.4, ""AGL"": 0.68, ""velocity"": 0, ""kalman_altitude"": 0.64, ""kalman_vertical_velocity"": -1.65}, ""chute_state"": {""pyro1_state"": 0, ""pyro2_state"": 0}, ""connection_status"": {""connected"": true, ""has_ever_connected"": true, ""packet_age_ms"": 0, ""timeout_exceeded"": false, ""rssi"": -76}, ""communication_mode"": ""BEACON"", ""timestamp"": 140083, ""packets_received"": 395, ""kalman_data"": {""altitude"": 0.64, ""vertical_velocity"": -1.65}, ""kalman_altitude"": 0.64, ""kalman_vertical_velocity"": -1.65, ""pyroDrogue"": 0, ""pyroMain"": 0, ""pyro1_state"": 0, ""pyro2_state"": 0}"
1764328789.669149,2025-11-28T14:19:49.669149,864,0,0,-0.26,-0.39,0.85,-14.98,-24.7,29.73,-11.4,-6.16,0,0,0,77863,849.03,26.41,0.38,0,0,0,0,-75,0.42,-1.76,BEACON,"{""record_number"": 864, ""operation_mode"": 0, ""state"": 0, ""battery_voltage"": 0, ""wifi_rssi"": -75, ""acc_data"": {""ax"": -0.26, ""ay"": -0.39, ""az"": 0.85, ""pitch"": -14.98, ""roll"": -24.7}, ""gyro_data"": {""gx"": 29.73, ""gy"": -11.4, ""gz"": -6.16}, ""gps_data"": {""latitude"": 0, ""longitude"": 0, ""gps_altitude"": 0, ""time"": 77863}, ""alt_data"": {""pressure"": 849.03, ""temperature"": 26.41, ""AGL"": 0.38, ""velocity"": 0, ""kalman_altitude"": 0.42, ""kalman_vertical_velocity"": -1.76}, ""chute_state"": {""pyro1_state"": 0, ""pyro2_state"": 0}, ""connection_status"": {""connected"": true, ""has_ever_connected"": true, ""packet_age_ms"": 1, ""timeout_exceeded"": false, ""rssi"": -75}, ""communication_mode"": ""BEACON"", ""timestamp"": 140309, ""packets_received"": 396, ""kalman_data"": {""altitude"": 0.42, ""vertical_velocity"": -1.76}, ""kalman_altitude"": 0.42, ""kalman_vertical_velocity"": -1.76, ""pyroDrogue"": 0, ""pyroMain"": 0, ""pyro1_state"": 0, ""pyro2_state"": 0}"
1764328789.747396,2025-11-28T14:19:49.747396,865,0,0,-0.24,-0.38,0.86,-13.56,-24.26,-4.54,-22.65,-0.4,0,0,0,78064,849.03,26.41,0.43,0,0,0,0,-75,0.42,-1.76,BEACON,"{""record_number"": 865, ""operation_mode"": 0, ""state"": 0, ""battery_voltage"": 0, ""wifi_rssi"": -75, ""acc_data"": {""ax"": -0.24, ""ay"": -0.38, ""az"": 0.86, ""pitch"": -13.56, ""roll"": -24.26}, ""gyro_data"": {""gx"": -4.54, ""gy"": -22.65, ""gz"": -0.4}, ""gps_data"": {""latitude"": 0, ""longitude"": 0, ""gps_altitude"": 0, ""time"": 78064}, ""alt_data"": {""pressure"": 849.03, ""temperature"": 26.41, ""AGL"": 0.43, ""velocity"": 0, ""kalman_altitude"": 0.42, ""kalman_vertical_velocity"": -1.76}, ""chute_state"": {""pyro1_state"": 0, ""pyro2_state"": 0}, ""connection_status"": {""connected"": true, ""has_ever_connected"": true, ""packet_age_ms"": 0, ""timeout_exceeded"": false, ""rssi"": -75}, ""communication_mode"": ""BEACON"", ""timestamp"": 140421, ""packets_received"": 397, ""kalman_data"": {""altitude"": 0.42, ""vertical_velocity"": -1.76}, ""kalman_altitude"": 0.42, ""kalman_vertical_velocity"": -1.76, ""pyroDrogue"": 0, ""pyroMain"": 0, ""pyro1_state"": 0, ""pyro2_state"": 0}"
1764328789.924447,2025-11-28T14:19:49.924447,866,0,0,-0.21,-0.42,0.85,-12.38,-26.33,-44.39,-47.9,-23.63,0,0,0,78064,849,26.39,0.69,0,0,0,0,-75,0.64,-1.65,BEACON,"{""record_number"": 866, ""operation_mode"": 0, ""state"": 0, ""battery_voltage"": 0, ""wifi_rssi"": -75, ""acc_data"": {""ax"": -0.21, ""ay"": -0.42, ""az"": 0.85, ""pitch"": -12.38, ""roll"": -26.33}, ""gyro_data"": {""gx"": -44.39, ""gy"": -47.9, ""gz"": -23.63}, ""gps_data"": {""latitude"": 0, ""longitude"": 0, ""gps_altitude"": 0, ""time"": 78064}, ""alt_data"": {""pressure"": 849, ""temperature"": 26.39, ""AGL"": 0.69, ""velocity"": 0, ""kalman_altitude"": 0.64, ""kalman_vertical_velocity"": -1.65}, ""chute_state"": {""pyro1_state"": 0, ""pyro2_state"": 0}, ""connection_status"": {""connected"": true, ""has_ever_connected"": true, ""packet_age_ms"": 1, ""timeout_exceeded"": false, ""rssi"": -75}, ""communication_mode"": ""BEACON"", ""timestamp"": 140535, ""packets_received"": 398, ""kalman_data"": {""altitude"": 0.64, ""vertical_velocity"": -1.65}, ""kalman_altitude"": 0.64, ""kalman_vertical_velocity"": -1.65, ""pyroDrogue"": 0, ""pyroMain"": 0, ""pyro1_state"": 0, ""pyro2_state"": 0}"
1764328790.157896,2025-11-28T14:19:50.157896,868,0,0,-0.17,-0.46,0.84,-9.9,-28.85,-56.52,-187.1,-84.02,0,0,0,78264,848.97,26.39,0.98,0,0,0,0,-75,0.91,-1.51,BEACON,"{""record_number"": 868, ""operation_mode"": 0, ""state"": 0, ""battery_voltage"": 0, ""wifi_rssi"": -75, ""acc_data"": {""ax"": -0.17, ""ay"": -0.46, ""az"": 0.84, ""pitch"": -9.9, ""roll"": -28.85}, ""gyro_data"": {""gx"": -56.52, ""gy"": -187.1, ""gz"": -84.02}, ""gps_data"": {""latitude"": 0, ""longitude"": 0, ""gps_altitude"": 0, ""time"": 78264}, ""alt_data"": {""pressure"": 848.97, ""temperature"": 26.39, ""AGL"": 0.98, ""velocity"": 0, ""kalman_altitude"": 0.91, ""kalman_vertical_velocity"": -1.51}, ""chute_state"": {""pyro1_state"": 0, ""pyro2_state"": 0}, ""connection_status"": {""connected"": true, ""has_ever_connected"": true, ""packet_age_ms"": 1, ""timeout_exceeded"": false, ""rssi"": -75}, ""communication_mode"": ""BEACON"", ""timestamp"": 140647, ""packets_received"": 399, ""kalman_data"": {""altitude"": 0.91, ""vertical_velocity"": -1.51}, ""kalman_altitude"": 0.91, ""kalman_vertical_velocity"": -1.51, ""pyroDrogue"": 0, ""pyroMain"": 0, ""pyro1_state"": 0, ""pyro2_state"": 0}"
1764328790.214029,2025-11-28T14:19:50.214029,869,0,0,-0.11,-0.5,0.91,-7.21,-29.09,-68.11,-246.92,-116.89,0,0,0,78264,849.02,26.4,0.5,0,0,0,0,-76,0.47,-1.74,BEACON,"{""record_number"": 869, ""operation_mode"": 0, ""state"": 0, ""battery_voltage"": 0, ""wifi_rssi"": -76, ""acc_data"": {""ax"": -0.11, ""ay"": -0.5, ""az"": 0.91, ""pitch"": -7.21, ""roll"": -29.09}, ""gyro_data"": {""gx"": -68.11, ""gy"": -246.92, ""gz"": -116.89}, ""gps_data"": {""latitude"": 0, ""longitude"": 0, ""gps_altitude"": 0, ""time"": 78264}, ""alt_data"": {""pressure"": 849.02, ""temperature"": 26.4, ""AGL"": 0.5, ""velocity"": 0, ""kalman_altitude"": 0.47, ""kalman_vertical_velocity"": -1.74}, ""chute_state"": {""pyro1_state"": 0, ""pyro2_state"": 0}, ""connection_status"": {""connected"": true, ""has_ever_connected"": true, ""packet_age_ms"": 1, ""timeout_exceeded"": false, ""rssi"": -76}, ""communication_mode"": ""BEACON"", ""timestamp"": 140759, ""packets_received"": 400, ""kalman_data"": {""altitude"": 0.47, ""vertical_velocity"": -1.74}, ""kalman_altitude"": 0.47, ""kalman_vertical_velocity"": -1.74, ""pyroDrogue"": 0, ""pyroMain"": 0, ""pyro1_state"": 0, ""pyro2_state"": 0}"
1764328790.282027,2025-11-28T14:19:50.282027,870,0,0,-0.03,-0.5,0.85,-1.96,-30.4,-45.67,-144.73,-86.43,0,0,0,78464,849.02,26.4,0.5,0,0,0,0,-75,0.5,-1.72,BEACON,"{""record_number"": 870, ""operation_mode"": 0, ""state"": 0, ""battery_voltage"": 0, ""wifi_rssi"": -75, ""acc_data"": {""ax"": -0.03, ""ay"": -0.5, ""az"": 0.85, ""pitch"": -1.96, ""roll"": -30.4}, ""gyro_data"": {""gx"": -45.67, ""gy"": -144.73, ""gz"": -86.43}, ""gps_data"": {""latitude"": 0, ""longitude"": 0, ""gps_altitude"": 0, ""time"": 78464}, ""alt_data"": {""pressure"": 849.02, ""temperature"": 26.4, ""AGL"": 0.5, ""velocity"": 0, ""kalman_altitude"": 0.5, ""kalman_vertical_velocity"": -1.72}, ""chute_state"": {""pyro1_state"": 0, ""pyro2_state"": 0}, ""connection_status"": {""connected"": true, ""has_ever_connected"": true, ""packet_age_ms"": 0, ""timeout_exceeded"": false, ""rssi"": -75}, ""communication_mode"": ""BEACON"", ""timestamp"": 140871, ""packets_received"": 401, ""kalman_data"": {""altitude"": 0.5, ""vertical_velocity"": -1.72}, ""kalman_altitude"": 0.5, ""kalman_vertical_velocity"": -1.72, ""pyroDrogue"": 0, ""pyroMain"": 0, ""pyro1_state"": 0, ""pyro2_state"": 0}"
1764328790.359072,2025-11-28T14:19:50.359072,872,0,0,0.03,-0.5,0.88,2.8,-30.93,-64.15,-46.68,-14.97,0,0,0,78464,848.99,26.39,0.84,0,0,0,0,-75,0.77,-1.59,BEACON,"{""record_number"": 872, ""operation_mode"": 0, ""state"": 0, ""battery_voltage"": 0, ""wifi_rssi"": -75, ""acc_data"": {""ax"": 0.03, ""ay"": -0.5, ""az"": 0.88, ""pitch"": 2.8, ""roll"": -30.93}, ""gyro_data"": {""gx"": -64.15, ""gy"": -46.68, ""gz"": -14.97}, ""gps_data"": {""latitude"": 0, ""longitude"": 0, ""gps_altitude"": 0, ""time"": 78464}, ""alt_data"": {""pressure"": 848.99, ""temperature"": 26.39, ""AGL"": 0.84, ""velocity"": 0, ""kalman_altitude"": 0.77, ""kalman_vertical_velocity"": -1.59}, ""chute_state"": {""pyro1_state"": 0, ""pyro2_state"": 0}, ""connection_status"": {""connected"": true, ""has_ever_connected"": true, ""packet_age_ms"": 0, ""timeout_exceeded"": false, ""rssi"": -75}, ""communication_mode"": ""BEACON"", ""timestamp"": 140985, ""packets_received"": 402, ""kalman_data"": {""altitude"": 0.77, ""vertical_velocity"": -1.59}, ""kalman_altitude"": 0.77, ""kalman_vertical_velocity"": -1.59, ""pyroDrogue"": 0, ""pyroMain"": 0, ""pyro1_state"": 0, ""pyro2_state"": 0}"
1764328790.422072,2025-11-28T14:19:50.422072,873,0,0,0.09,-0.53,0.86,5.38,-31.43,-99.12,-97.65,-36.19,0,0,0,78667,849.03,26.4,0.47,0,0,0,0,-74,0.56,-1.69,BEACON,"{""record_number"": 873, ""operation_mode"": 0, ""state"": 0, ""battery_voltage"": 0, ""wifi_rssi"": -74, ""acc_data"": {""ax"": 0.09, ""ay"": -0.53, ""az"": 0.86, ""pitch"": 5.38, ""roll"": -31.43}, ""gyro_data"": {""gx"": -99.12, ""gy"": -97.65, ""gz"": -36.19}, ""gps_data"": {""latitude"": 0, ""longitude"": 0, ""gps_altitude"": 0, ""time"": 78667}, ""alt_data"": {""pressure"": 849.03, ""temperature"": 26.4, ""AGL"": 0.47, ""velocity"": 0, ""kalman_altitude"": 0.56, ""kalman_vertical_velocity"": -1.69}, ""chute_state"": {""pyro1_state"": 0, ""pyro2_state"": 0}, ""connection_status"": {""connected"": true, ""has_ever_connected"": true, ""packet_age_ms"": 1, ""timeout_exceeded"": false, ""rssi"": -74}, ""communication_mode"": ""BEACON"", ""timestamp"": 141098, ""packets_received"": 403, ""kalman_data"": {""altitude"": 0.56, ""vertical_velocity"": -1.69}, ""kalman_altitude"": 0.56, ""kalman_vertical_velocity"": -1.69, ""pyroDrogue"": 0, ""pyroMain"": 0, ""pyro1_state"": 0, ""pyro2_state"": 0}"
1764328790.525972,2025-11-28T14:19:50.525972,874,0,0,0.14,-0.57,0.86,8.09,-33.54,-16.68,-28.51,-15.34,0,0,0,78869,849,26.39,0.69,0,0,0,0,-76,0.67,-1.64,BEACON,"{""record_number"": 874, ""operation_mode"": 0, ""state"": 0, ""battery_voltage"": 0, ""wifi_rssi"": -76, ""acc_data"": {""ax"": 0.14, ""ay"": -0.57, ""az"": 0.86, ""pitch"": 8.09, ""roll"": -33.54}, ""gyro_data"": {""gx"": -16.68, ""gy"": -28.51, ""gz"": -15.34}, ""gps_data"": {""latitude"": 0, ""longitude"": 0, ""gps_altitude"": 0, ""time"": 78869}, ""alt_data"": {""pressure"": 849, ""temperature"": 26.39, ""AGL"": 0.69, ""velocity"": 0, ""kalman_altitude"": 0.67, ""kalman_vertical_velocity"": -1.64}, ""chute_state"": {""pyro1_state"": 0, ""pyro2_state"": 0}, ""connection_status"": {""connected"": true, ""has_ever_connected"": true, ""packet_age_ms"": 0, ""timeout_exceeded"": false, ""rssi"": -76}, ""communication_mode"": ""BEACON"", ""timestamp"": 141211, ""packets_received"": 404, ""kalman_data"": {""altitude"": 0.67, ""vertical_velocity"": -1.64}, ""kalman_altitude"": 0.67, ""kalman_vertical_velocity"": -1.64, ""pyroDrogue"": 0, ""pyroMain"": 0, ""pyro1_state"": 0, ""pyro2_state"": 0}"
1764328790.658587,2025-11-28T14:19:50.658587,876,0,0,0.14,-0.55,0.82,8.29,-33.81,-8.78,-3.41,-3.78,0,0,0,78869,849.01,26.41,0.6,0,0,0,0,-74,0.61,-1.67,BEACON,"{""record_number"": 876, ""operation_mode"": 0, ""state"": 0, ""battery_voltage"": 0, ""wifi_rssi"": -74, ""acc_data"": {""ax"": 0.14, ""ay"": -0.55, ""az"": 0.82, ""pitch"": 8.29, ""roll"": -33.81}, ""gyro_data"": {""gx"": -8.78, ""gy"": -3.41, ""gz"": -3.78}, ""gps_data"": {""latitude"": 0, ""longitude"": 0, ""gps_altitude"": 0, ""time"": 78869}, ""alt_data"": {""pressure"": 849.01, ""temperature"": 26.41, ""AGL"": 0.6, ""velocity"": 0, ""kalman_altitude"": 0.61, ""kalman_vertical_velocity"": -1.67}, ""chute_state"": {""pyro1_state"": 0, ""pyro2_state"": 0}, ""connection_status"": {""connected"": true, ""has_ever_connected"": true, ""packet_age_ms"": 1, ""timeout_exceeded"": false, ""rssi"": -74}, ""communication_mode"": ""BEACON"", ""timestamp"": 141324, ""packets_received"": 405, ""kalman_data"": {""altitude"": 0.61, ""vertical_velocity"": -1.67}, ""kalman_altitude"": 0.61, ""kalman_vertical_velocity"": -1.67, ""pyroDrogue"": 0, ""pyroMain"": 0, ""pyro1_state"": 0, ""pyro2_state"": 0}"
1764328790.743947,2025-11-28T14:19:50.743947,877,0,0,0.12,-0.56,0.83,6.93,-33.45,-11.31,7.53,17.41,0,0,0,79070,848.97,26.39,1.02,0,0,0,0,-74,0.95,-1.5,BEACON,"{""record_number"": 877, ""operation_mode"": 0, ""state"": 0, ""battery_voltage"": 0, ""wifi_rssi"": -74, ""acc_data"": {""ax"": 0.12, ""ay"": -0.56, ""az"": 0.83, ""pitch"": 6.93, ""roll"": -33.45}, ""gyro_data"": {""gx"": -11.31, ""gy"": 7.53, ""gz"": 17.41}, ""gps_data"": {""latitude"": 0, ""longitude"": 0, ""gps_altitude"": 0, ""time"": 79070}, ""alt_data"": {""pressure"": 848.97, ""temperature"": 26.39, ""AGL"": 1.02, ""velocity"": 0, ""kalman_altitude"": 0.95, ""kalman_vertical_velocity"": -1.5}, ""chute_state"": {""pyro1_state"": 0, ""pyro2_state"": 0}, ""connection_status"": {""connected"": true, ""has_ever_connected"": true, ""packet_age_ms"": 1, ""timeout_exceeded"": false, ""rssi"": -74}, ""communication_mode"": ""BEACON"", ""timestamp"": 141438, ""packets_received"": 406, ""kalman_data"": {""altitude"": 0.95, ""vertical_velocity"": -1.5}, ""kalman_altitude"": 0.95, ""kalman_vertical_velocity"": -1.5, ""pyroDrogue"": 0, ""pyroMain"": 0, ""pyro1_state"": 0, ""pyro2_state"": 0}"
1764328790.877839,2025-11-28T14:19:50.877839,878,0,0,0.15,-0.59,0.83,8.82,-35.61,-35.03,-28.93,-12.07,0,0,0,79070,849.05,26.41,0.2,0,0,0,0,-75,0.35,-1.81,BEACON,"{""record_number"": 878, ""operation_mode"": 0, ""state"": 0, ""battery_voltage"": 0, ""wifi_rssi"": -75, ""acc_data"": {""ax"": 0.15, ""ay"": -0.59, ""az"": 0.83, ""pitch"": 8.82, ""roll"": -35.61}, ""gyro_data"": {""gx"": -35.03, ""gy"": -28.93, ""gz"": -12.07}, ""gps_data"": {""latitude"": 0, ""longitude"": 0, ""gps_altitude"": 0, ""time"": 79070}, ""alt_data"": {""pressure"": 849.05, ""temperature"": 26.41, ""AGL"": 0.2, ""velocity"": 0, ""kalman_altitude"": 0.35, ""kalman_vertical_velocity"": -1.81}, ""chute_state"": {""pyro1_state"": 0, ""pyro2_state"": 0}, ""connection_status"": {""connected"": true, ""has_ever_connected"": true, ""packet_age_ms"": 0, ""timeout_exceeded"": false, ""rssi"": -75}, ""communication_mode"": ""BEACON"", ""timestamp"": 141549, ""packets_received"": 407, ""kalman_data"": {""altitude"": 0.35, ""vertical_velocity"": -1.81}, ""kalman_altitude"": 0.35, ""kalman_vertical_velocity"": -1.81, ""pyroDrogue"": 0, ""pyroMain"": 0, ""pyro1_state"": 0, ""pyro2_state"": 0}"
1764328790.969838,2025-11-28T14:19:50.969838,880,0,0,0.14,-0.57,0.81,8.31,-34.56,-29.27,-15.27,1.49,0,0,0,79270,849,26.4,0.68,0,0,0,0,-75,0.62,-1.67,BEACON,"{""record_number"": 880, ""operation_mode"": 0, ""state"": 0, ""battery_voltage"": 0, ""wifi_rssi"": -75, ""acc_data"": {""ax"": 0.14, ""ay"": -0.57, ""az"": 0.81, ""pitch"": 8.31, ""roll"": -34.56}, ""gyro_data"": {""gx"": -29.27, ""gy"": -15.27, ""gz"": 1.49}, ""gps_data"": {""latitude"": 0, ""longitude"": 0, ""gps_altitude"": 0, ""time"": 79270}, ""alt_data"": {""pressure"": 849, ""temperature"": 26.4, ""AGL"": 0.68, ""velocity"": 0, ""kalman_altitude"": 0.62, ""kalman_vertical_velocity"": -1.67}, ""chute_state"": {""pyro1_state"": 0, ""pyro2_state"": 0}, ""connection_status"": {""connected"": true, ""has_ever_connected"": true, ""packet_age_ms"": 1, ""timeout_exceeded"": false, ""rssi"": -75}, ""communication_mode"": ""BEACON"", ""timestamp"": 141663, ""packets_received"": 408, ""kalman_data"": {""altitude"": 0.62, ""vertical_velocity"": -1.67}, ""kalman_altitude"": 0.62, ""kalman_vertical_velocity"": -1.67, ""pyroDrogue"": 0, ""pyroMain"": 0, ""pyro1_state"": 0, ""pyro2_state"": 0}"
1764328791.1231,2025-11-28T14:19:51.123100,881,0,0,0.12,-0.58,0.86,7.86,-34.04,21.62,73.11,32.62,0,0,0,79270,849.02,26.41,0.49,0,0,0,0,-74,0.55,-1.71,BEACON,"{""record_number"": 881, ""operation_mode"": 0, ""state"": 0, ""battery_voltage"": 0, ""wifi_rssi"": -74, ""acc_data"": {""ax"": 0.12, ""ay"": -0.58, ""az"": 0.86, ""pitch"": 7.86, ""roll"": -34.04}, ""gyro_data"": {""gx"": 21.62, ""gy"": 73.11, ""gz"": 32.62}, ""gps_data"": {""latitude"": 0, ""longitude"": 0, ""gps_altitude"": 0, ""time"": 79270}, ""alt_data"": {""pressure"": 849.02, ""temperature"": 26.41, ""AGL"": 0.49, ""velocity"": 0, ""kalman_altitude"": 0.55, ""kalman_vertical_velocity"": -1.71}, ""chute_state"": {""pyro1_state"": 0, ""pyro2_state"": 0}, ""connection_status"": {""connected"": true, ""has_ever_connected"": true, ""packet_age_ms"": 0, ""timeout_exceeded"": false, ""rssi"": -74}, ""communication_mode"": ""BEACON"", ""timestamp"": 141776, ""packets_received"": 409, ""kalman_data"": {""altitude"": 0.55, ""vertical_velocity"": -1.71}, ""kalman_altitude"": 0.55, ""kalman_vertical_velocity"": -1.71, ""pyroDrogue"": 0, ""pyroMain"": 0, ""pyro1_state"": 0, ""pyro2_state"": 0}"
1764328791.194903,2025-11-28T14:19:51.194903,882,0,0,0.09,-0.58,0.79,4.76,-35.44,49.82,107.9,44.45,0,0,0,79470,848.99,26.4,0.86,0,0,0,0,-76,0.8,-1.58,BEACON,"{""record_number"": 882, ""operation_mode"": 0, ""state"": 0, ""battery_voltage"": 0, ""wifi_rssi"": -76, ""acc_data"": {""ax"": 0.09, ""ay"": -0.58, ""az"": 0.79, ""pitch"": 4.76, ""roll"": -35.44}, ""gyro_data"": {""gx"": 49.82, ""gy"": 107.9, ""gz"": 44.45}, ""gps_data"": {""latitude"": 0, ""longitude"": 0, ""gps_altitude"": 0, ""time"": 79470}, ""alt_data"": {""pressure"": 848.99, ""temperature"": 26.4, ""AGL"": 0.86, ""velocity"": 0, ""kalman_altitude"": 0.8, ""kalman_vertical_velocity"": -1.58}, ""chute_state"": {""pyro1_state"": 0, ""pyro2_state"": 0}, ""connection_status"": {""connected"": true, ""has_ever_connected"": true, ""packet_age_ms"": 1, ""timeout_exceeded"": false, ""rssi"": -76}, ""communication_mode"": ""BEACON"", ""timestamp"": 141889, ""packets_received"": 410, ""kalman_data"": {""altitude"": 0.8, ""vertical_velocity"": -1.58}, ""kalman_altitude"": 0.8, ""kalman_vertical_velocity"": -1.58, ""pyroDrogue"": 0, ""pyroMain"": 0, ""pyro1_state"": 0, ""pyro2_state"": 0}"
1764328791.293969,2025-11-28T14:19:51.293969,883,0,0,0.01,-0.57,0.85,0.11,-33.95,60.61,267.23,36.98,0,0,0,79470,849.01,26.39,0.66,0,0,0,0,-76,0.68,-1.64,BEACON,"{""record_number"": 883, ""operation_mode"": 0, ""state"": 0, ""battery_voltage"": 0, ""wifi_rssi"": -76, ""acc_data"": {""ax"": 0.01, ""ay"": -0.57, ""az"": 0.85, ""pitch"": 0.11, ""roll"": -33.95}, ""gyro_data"": {""gx"": 60.61, ""gy"": 267.23, ""gz"": 36.98}, ""gps_data"": {""latitude"": 0, ""longitude"": 0, ""gps_altitude"": 0, ""time"": 79470}, ""alt_data"": {""pressure"": 849.01, ""temperature"": 26.39, ""AGL"": 0.66, ""velocity"": 0, ""kalman_altitude"": 0.68, ""kalman_vertical_velocity"": -1.64}, ""chute_state"": {""pyro1_state"": 0, ""pyro2_state"": 0}, ""connection_status"": {""connected"": true, ""has_ever_connected"": true, ""packet_age_ms"": 0, ""timeout_exceeded"": false, ""rssi"": -76}, ""communication_mode"": ""BEACON"", ""timestamp"": 142001, ""packets_received"": 411, ""kalman_data"": {""altitude"": 0.68, ""vertical_velocity"": -1.64}, ""kalman_altitude"": 0.68, ""kalman_vertical_velocity"": -1.64, ""pyroDrogue"": 0, ""pyroMain"": 0, ""pyro1_state"": 0, ""pyro2_state"": 0}"
1764328791.389534,2025-11-28T14:19:51.389534,885,0,0,-0.09,-0.48,0.8,-5.13,-31.09,-28.6,112.99,70,0,0,0,79673,848.99,26.4,0.83,0,0,0,0,-76,0.77,-1.6,BEACON,"{""record_number"": 885, ""operation_mode"": 0, ""state"": 0, ""battery_voltage"": 0, ""wifi_rssi"": -76, ""acc_data"": {""ax"": -0.09, ""ay"": -0.48, ""az"": 0.8, ""pitch"": -5.13, ""roll"": -31.09}, ""gyro_data"": {""gx"": -28.6, ""gy"": 112.99, ""gz"": 70}, ""gps_data"": {""latitude"": 0, ""longitude"": 0, ""gps_altitude"": 0, ""time"": 79673}, ""alt_data"": {""pressure"": 848.99, ""temperature"": 26.4, ""AGL"": 0.83, ""velocity"": 0, ""kalman_altitude"": 0.77, ""kalman_vertical_velocity"": -1.6}, ""chute_state"": {""pyro1_state"": 0, ""pyro2_state"": 0}, ""connection_status"": {""connected"": true, ""has_ever_connected"": true, ""packet_age_ms"": 0, ""timeout_exceeded"": false, ""rssi"": -76}, ""communication_mode"": ""BEACON"", ""timestamp"": 142114, ""packets_received"": 412, ""kalman_data"": {""altitude"": 0.77, ""vertical_velocity"": -1.6}, ""kalman_altitude"": 0.77, ""kalman_vertical_velocity"": -1.6, ""pyroDrogue"": 0, ""pyroMain"": 0, ""pyro1_state"": 0, ""pyro2_state"": 0}"
1764328791.546085,2025-11-28T14:19:51.546085,886,0,0,-0.25,-0.51,0.89,-15.47,-30.58,-34.48,68.05,19.94,0,0,0,79875,849.01,26.41,0.63,0,0,0,0,-76,0.66,-1.66,BEACON,"{""record_number"": 886, ""operation_mode"": 0, ""state"": 0, ""battery_voltage"": 0, ""wifi_rssi"": -76, ""acc_data"": {""ax"": -0.25, ""ay"": -0.51, ""az"": 0.89, ""pitch"": -15.47, ""roll"": -30.58}, ""gyro_data"": {""gx"": -34.48, ""gy"": 68.05, ""gz"": 19.94}, ""gps_data"": {""latitude"": 0, ""longitude"": 0, ""gps_altitude"": 0, ""time"": 79875}, ""alt_data"": {""pressure"": 849.01, ""temperature"": 26.41, ""AGL"": 0.63, ""velocity"": 0, ""kalman_altitude"": 0.66, ""kalman_vertical_velocity"": -1.66}, ""chute_state"": {""pyro1_state"": 0, ""pyro2_state"": 0}, ""connection_status"": {""connected"": true, ""has_ever_connected"": true, ""packet_age_ms"": 0, ""timeout_exceeded"": false, ""rssi"": -76}, ""communication_mode"": ""BEACON"", ""timestamp"": 142228, ""packets_received"": 413, ""kalman_data"": {""altitude"": 0.66, ""vertical_velocity"": -1.66}, ""kalman_altitude"": 0.66, ""kalman_vertical_velocity"": -1.66, ""pyroDrogue"": 0, ""pyroMain"": 0, ""pyro1_state"": 0, ""pyro2_state"": 0}"
1764328791.645087,2025-11-28T14:19:51.645087,888,0,0,-0.19,-0.61,0.83,-10.67,-36.56,-72.53,-33.9,-77.23,0,0,0,79875,849.04,26.41,0.35,0,0,0,0,-76,0.41,-1.79,BEACON,"{""record_number"": 888, ""operation_mode"": 0, ""state"": 0, ""battery_voltage"": 0, ""wifi_rssi"": -76, ""acc_data"": {""ax"": -0.19, ""ay"": -0.61, ""az"": 0.83, ""pitch"": -10.67, ""roll"": -36.56}, ""gyro_data"": {""gx"": -72.53, ""gy"": -33.9, ""gz"": -77.23}, ""gps_data"": {""latitude"": 0, ""longitude"": 0, ""gps_altitude"": 0, ""time"": 79875}, ""alt_data"": {""pressure"": 849.04, ""temperature"": 26.41, ""AGL"": 0.35, ""velocity"": 0, ""kalman_altitude"": 0.41, ""kalman_vertical_velocity"": -1.79}, ""chute_state"": {""pyro1_state"": 0, ""pyro2_state"": 0}, ""connection_status"": {""connected"": true, ""has_ever_connected"": true, ""packet_age_ms"": 0, ""timeout_exceeded"": false, ""rssi"": -76}, ""communication_mode"": ""BEACON"", ""timestamp"": 142341, ""packets_received"": 414, ""kalman_data"": {""altitude"": 0.41, ""vertical_velocity"": -1.79}, ""kalman_altitude"": 0.41, ""kalman_vertical_velocity"": -1.79, ""pyroDrogue"": 0, ""pyroMain"": 0, ""pyro1_state"": 0, ""pyro2_state"": 0}"
1764328791.740849,2025-11-28T14:19:51.740849,889,0,0,-0.18,-0.52,0.8,-9.65,-33.52,-35.52,23.38,-18.11,0,0,0,80074,849.03,26.41,0.46,0,0,0,0,-78,0.44,-1.77,BEACON,"{""record_number"": 889, ""operation_mode"": 0, ""state"": 0, ""battery_voltage"": 0, ""wifi_rssi"": -78, ""acc_data"": {""ax"": -0.18, ""ay"": -0.52, ""az"": 0.8, ""pitch"": -9.65, ""roll"": -33.52}, ""gyro_data"": {""gx"": -35.52, ""gy"": 23.38, ""gz"": -18.11}, ""gps_data"": {""latitude"": 0, ""longitude"": 0, ""gps_altitude"": 0, ""time"": 80074}, ""alt_data"": {""pressure"": 849.03, ""temperature"": 26.41, ""AGL"": 0.46, ""velocity"": 0, ""kalman_altitude"": 0.44, ""kalman_vertical_velocity"": -1.77}, ""chute_state"": {""pyro1_state"": 0, ""pyro2_state"": 0}, ""connection_status"": {""connected"": true, ""has_ever_connected"": true, ""packet_age_ms"": 0, ""timeout_exceeded"": false, ""rssi"": -78}, ""communication_mode"": ""BEACON"", ""timestamp"": 142453, ""packets_received"": 415, ""kalman_data"": {""altitude"": 0.44, ""vertical_velocity"": -1.77}, ""kalman_altitude"": 0.44, ""kalman_vertical_velocity"": -1.77, ""pyroDrogue"": 0, ""pyroMain"": 0, ""pyro1_state"": 0, ""pyro2_state"": 0}"
1764328791.839207,2025-11-28T14:19:51.839207,890,0,0,-0.19,-0.6,0.83,-9.87,-36.36,2.38,-49.91,-51.25,0,0,0,80074,848.97,26.4,1.01,0,0,0,0,-77,0.9,-1.55,BEACON,"{""record_number"": 890, ""operation_mode"": 0, ""state"": 0, ""battery_voltage"": 0, ""wifi_rssi"": -77, ""acc_data"": {""ax"": -0.19, ""ay"": -0.6, ""az"": 0.83, ""pitch"": -9.87, ""roll"": -36.36}, ""gyro_data"": {""gx"": 2.38, ""gy"": -49.91, ""gz"": -51.25}, ""gps_data"": {""latitude"": 0, ""longitude"": 0, ""gps_altitude"": 0, ""time"": 80074}, ""alt_data"": {""pressure"": 848.97, ""temperature"": 26.4, ""AGL"": 1.01, ""velocity"": 0, ""kalman_altitude"": 0.9, ""kalman_vertical_velocity"": -1.55}, ""chute_state"": {""pyro1_state"": 0, ""pyro2_state"": 0}, ""connection_status"": {""connected"": true, ""has_ever_connected"": true, ""packet_age_ms"": 0, ""timeout_exceeded"": false, ""rssi"": -77}, ""communication_mode"": ""BEACON"", ""timestamp"": 142566, ""packets_received"": 416, ""kalman_data"": {""altitude"": 0.9, ""vertical_velocity"": -1.55}, ""kalman_altitude"": 0.9, ""kalman_vertical_velocity"": -1.55, ""pyroDrogue"": 0, ""pyroMain"": 0, ""pyro1_state"": 0, ""pyro2_state"": 0}"
1764328792.045341,2025-11-28T14:19:52.045341,892,0,0,-0.21,-0.49,0.75,-12.04,-32.95,115.03,186.77,70.4,0,0,0,80275,849.02,26.42,0.55,0,0,0,0,-78,0.62,-1.69,BEACON,"{""record_number"": 892, ""operation_mode"": 0, ""state"": 0, ""battery_voltage"": 0, ""wifi_rssi"": -78, ""acc_data"": {""ax"": -0.21, ""ay"": -0.49, ""az"": 0.75, ""pitch"": -12.04, ""roll"": -32.95}, ""gyro_data"": {""gx"": 115.03, ""gy"": 186.77, ""gz"": 70.4}, ""gps_data"": {""latitude"": 0, ""longitude"": 0, ""gps_altitude"": 0, ""time"": 80275}, ""alt_data"": {""pressure"": 849.02, ""temperature"": 26.42, ""AGL"": 0.55, ""velocity"": 0, ""kalman_altitude"": 0.62, ""kalman_vertical_velocity"": -1.69}, ""chute_state"": {""pyro1_state"": 0, ""pyro2_state"": 0}, ""connection_status"": {""connected"": true, ""has_ever_connected"": true, ""packet_age_ms"": 0, ""timeout_exceeded"": false, ""rssi"": -78}, ""communication_mode"": ""BEACON"", ""timestamp"": 142679, ""packets_received"": 417, ""kalman_data"": {""altitude"": 0.62, ""vertical_velocity"": -1.69}, ""kalman_altitude"": 0.62, ""kalman_vertical_velocity"": -1.69, ""pyroDrogue"": 0, ""pyroMain"": 0, ""pyro1_state"": 0, ""pyro2_state"": 0}"
1764328792.116848,2025-11-28T14:19:52.116848,893,0,0,-0.26,-0.52,0.79,-15.24,-33.54,-7.62,59.12,12.93,0,0,0,80275,849.02,26.42,0.52,0,0,0,0,-78,0.5,-1.75,BEACON,"{""record_number"": 893, ""operation_mode"": 0, ""state"": 0, ""battery_voltage"": 0, ""wifi_rssi"": -78, ""acc_data"": {""ax"": -0.26, ""ay"": -0.52, ""az"": 0.79, ""pitch"": -15.24, ""roll"": -33.54}, ""gyro_data"": {""gx"": -7.62, ""gy"": 59.12, ""gz"": 12.93}, ""gps_data"": {""latitude"": 0, ""longitude"": 0, ""gps_altitude"": 0, ""time"": 80275}, ""alt_data"": {""pressure"": 849.02, ""temperature"": 26.42, ""AGL"": 0.52, ""velocity"": 0, ""kalman_altitude"": 0.5, ""kalman_vertical_velocity"": -1.75}, ""chute_state"": {""pyro1_state"": 0, ""pyro2_state"": 0}, ""connection_status"": {""connected"": true, ""has_ever_connected"": true, ""packet_age_ms"": 0, ""timeout_exceeded"": false, ""rssi"": -78}, ""communication_mode"": ""BEACON"", ""timestamp"": 142791, ""packets_received"": 418, ""kalman_data"": {""altitude"": 0.5, ""vertical_velocity"": -1.75}, ""kalman_altitude"": 0.5, ""kalman_vertical_velocity"": -1.75, ""pyroDrogue"": 0, ""pyroMain"": 0, ""pyro1_state"": 0, ""pyro2_state"": 0}"
1764328792.226902,2025-11-28T14:19:52.226902,894,0,0,-0.29,-0.5,0.8,-16.31,-31.51,-32.13,55.37,38.54,0,0,0,80474,848.98,26.42,0.91,0,0,0,0,-77,0.84,-1.59,BEACON,"{""record_number"": 894, ""operation_mode"": 0, ""state"": 0, ""battery_voltage"": 0, ""wifi_rssi"": -77, ""acc_data"": {""ax"": -0.29, ""ay"": -0.5, ""az"": 0.8, ""pitch"": -16.31, ""roll"": -31.51}, ""gyro_data"": {""gx"": -32.13, ""gy"": 55.37, ""gz"": 38.54}, ""gps_data"": {""latitude"": 0, ""longitude"": 0, ""gps_altitude"": 0, ""time"": 80474}, ""alt_data"": {""pressure"": 848.98, ""temperature"": 26.42, ""AGL"": 0.91, ""velocity"": 0, ""kalman_altitude"": 0.84, ""kalman_vertical_velocity"": -1.59}, ""chute_state"": {""pyro1_state"": 0, ""pyro2_state"": 0}, ""connection_status"": {""connected"": true, ""has_ever_connected"": true, ""packet_age_ms"": 1, ""timeout_exceeded"": false, ""rssi"": -77}, ""communication_mode"": ""BEACON"", ""timestamp"": 142904, ""packets_received"": 419, ""kalman_data"": {""altitude"": 0.84, ""vertical_velocity"": -1.59}, ""kalman_altitude"": 0.84, ""kalman_vertical_velocity"": -1.59, ""pyroDrogue"": 0, ""pyroMain"": 0, ""pyro1_state"": 0, ""pyro2_state"": 0}"
1764328792.314952,2025-11-28T14:19:52.314952,896,0,0,-0.33,-0.5,0.74,-19.55,-34.72,-27.32,46.34,36.77,0,0,0,80678,848.99,26.41,0.85,0,0,0,0,-78,0.84,-1.59,BEACON,"{""record_number"": 896, ""operation_mode"": 0, ""state"": 0, ""battery_voltage"": 0, ""wifi_rssi"": -78, ""acc_data"": {""ax"": -0.33, ""ay"": -0.5, ""az"": 0.74, ""pitch"": -19.55, ""roll"": -34.72}, ""gyro_data"": {""gx"": -27.32, ""gy"": 46.34, ""gz"": 36.77}, ""gps_data"": {""latitude"": 0, ""longitude"": 0, ""gps_altitude"": 0, ""time"": 80678}, ""alt_data"": {""pressure"": 848.99, ""temperature"": 26.41, ""AGL"": 0.85, ""velocity"": 0, ""kalman_altitude"": 0.84, ""kalman_vertical_velocity"": -1.59}, ""chute_state"": {""pyro1_state"": 0, ""pyro2_state"": 0}, ""connection_status"": {""connected"": true, ""has_ever_connected"": true, ""packet_age_ms"": 0, ""timeout_exceeded"": false, ""rssi"": -78}, ""communication_mode"": ""BEACON"", ""timestamp"": 143021, ""packets_received"": 420, ""kalman_data"": {""altitude"": 0.84, ""vertical_velocity"": -1.59}, ""kalman_altitude"": 0.84, ""kalman_vertical_velocity"": -1.59, ""pyroDrogue"": 0, ""pyroMain"": 0, ""pyro1_state"": 0, ""pyro2_state"": 0}"
1764328792.40408,2025-11-28T14:19:52.404080,897,0,0,-0.29,-0.54,0.77,-17.86,-34.74,-52.74,18.63,-4.02,0,0,0,80678,849.02,26.41,0.56,0,0,0,0,-77,0.53,-1.75,BEACON,"{""record_number"": 897, ""operation_mode"": 0, ""state"": 0, ""battery_voltage"": 0, ""wifi_rssi"": -77, ""acc_data"": {""ax"": -0.29, ""ay"": -0.54, ""az"": 0.77, ""pitch"": -17.86, ""roll"": -34.74}, ""gyro_data"": {""gx"": -52.74, ""gy"": 18.63, ""gz"": -4.02}, ""gps_data"": {""latitude"": 0, ""longitude"": 0, ""gps_altitude"": 0, ""time"": 80678}, ""alt_data"": {""pressure"": 849.02, ""temperature"": 26.41, ""AGL"": 0.56, ""velocity"": 0, ""kalman_altitude"": 0.53, ""kalman_vertical_velocity"": -1.75}, ""chute_state"": {""pyro1_state"": 0, ""pyro2_state"": 0}, ""connection_status"": {""connected"": true, ""has_ever_connected"": true, ""packet_age_ms"": 0, ""timeout_exceeded"": false, ""rssi"": -77}, ""communication_mode"": ""BEACON"", ""timestamp"": 143130, ""packets_received"": 421, ""kalman_data"": {""altitude"": 0.53, ""vertical_velocity"": -1.75}, ""kalman_altitude"": 0.53, ""kalman_vertical_velocity"": -1.75, ""pyroDrogue"": 0, ""pyroMain"": 0, ""pyro1_state"": 0, ""pyro2_state"": 0}"
1764328792.530034,2025-11-28T14:19:52.530034,898,0,0,-0.34,-0.52,0.76,-19.85,-34.99,-85.7,15.3,-5.91,0,0,0,80881,849.02,26.42,0.55,0,0,0,0,-77,0.54,-1.75,BEACON,"{""record_number"": 898, ""operation_mode"": 0, ""state"": 0, ""battery_voltage"": 0, ""wifi_rssi"": -77, ""acc_data"": {""ax"": -0.34, ""ay"": -0.52, ""az"": 0.76, ""pitch"": -19.85, ""roll"": -34.99}, ""gyro_data"": {""gx"": -85.7, ""gy"": 15.3, ""gz"": -5.91}, ""gps_data"": {""latitude"": 0, ""longitude"": 0, ""gps_altitude"": 0, ""time"": 80881}, ""alt_data"": {""pressure"": 849.02, ""temperature"": 26.42, ""AGL"": 0.55, ""velocity"": 0, ""kalman_altitude"": 0.54, ""kalman_vertical_velocity"": -1.75}, ""chute_state"": {""pyro1_state"": 0, ""pyro2_state"": 0}, ""connection_status"": {""connected"": true, ""has_ever_connected"": true, ""packet_age_ms"": 1, ""timeout_exceeded"": false, ""rssi"": -77}, ""communication_mode"": ""BEACON"", ""timestamp"": 143244, ""packets_received"": 422, ""kalman_data"": {""altitude"": 0.54, ""vertical_velocity"": -1.75}, ""kalman_altitude"": 0.54, ""kalman_vertical_velocity"": -1.75, ""pyroDrogue"": 0, ""pyroMain"": 0, ""pyro1_state"": 0, ""pyro2_state"": 0}"
1764328792.632032,2025-11-28T14:19:52.632032,899,0,0,-0.35,-0.55,0.77,-21.16,-35.61,-24.24,-1.01,4.54,0,0,0,80881,848.98,26.41,0.96,0,0,0,0,-78,0.88,-1.58,BEACON,"{""record_number"": 899, ""operation_mode"": 0, ""state"": 0, ""battery_voltage"": 0, ""wifi_rssi"": -78, ""acc_data"": {""ax"": -0.35, ""ay"": -0.55, ""az"": 0.77, ""pitch"": -21.16, ""roll"": -35.61}, ""gyro_data"": {""gx"": -24.24, ""gy"": -1.01, ""gz"": 4.54}, ""gps_data"": {""latitude"": 0, ""longitude"": 0, ""gps_altitude"": 0, ""time"": 80881}, ""alt_data"": {""pressure"": 848.98, ""temperature"": 26.41, ""AGL"": 0.96, ""velocity"": 0, ""kalman_altitude"": 0.88, ""kalman_vertical_velocity"": -1.58}, ""chute_state"": {""pyro1_state"": 0, ""pyro2_state"": 0}, ""connection_status"": {""connected"": true, ""has_ever_connected"": true, ""packet_age_ms"": 1, ""timeout_exceeded"": false, ""rssi"": -78}, ""communication_mode"": ""BEACON"", ""timestamp"": 143358, ""packets_received"": 423, ""kalman_data"": {""altitude"": 0.88, ""vertical_velocity"": -1.58}, ""kalman_altitude"": 0.88, ""kalman_vertical_velocity"": -1.58, ""pyroDrogue"": 0, ""pyroMain"": 0, ""pyro1_state"": 0, ""pyro2_state"": 0}"
1764328792.762484,2025-11-28T14:19:52.762484,901,0,0,-0.3,-0.58,0.73,-17.37,-37.83,-10.98,10.06,-85.52,0,0,0,81082,849.03,26.42,0.4,0,0,0,0,-77,0.49,-1.78,BEACON,"{""record_number"": 901, ""operation_mode"": 0, ""state"": 0, ""battery_voltage"": 0, ""wifi_rssi"": -77, ""acc_data"": {""ax"": -0.3, ""ay"": -0.58, ""az"": 0.73, ""pitch"": -17.37, ""roll"": -37.83}, ""gyro_data"": {""gx"": -10.98, ""gy"": 10.06, ""gz"": -85.52}, ""gps_data"": {""latitude"": 0, ""longitude"": 0, ""gps_altitude"": 0, ""time"": 81082}, ""alt_data"": {""pressure"": 849.03, ""temperature"": 26.42, ""AGL"": 0.4, ""velocity"": 0, ""kalman_altitude"": 0.49, ""kalman_vertical_velocity"": -1.78}, ""chute_state"": {""pyro1_state"": 0, ""pyro2_state"": 0}, ""connection_status"": {""connected"": true, ""has_ever_connected"": true, ""packet_age_ms"": 0, ""timeout_exceeded"": false, ""rssi"": -77}, ""communication_mode"": ""BEACON"", ""timestamp"": 143469, ""packets_received"": 424, ""kalman_data"": {""altitude"": 0.49, ""vertical_velocity"": -1.78}, ""kalman_altitude"": 0.49, ""kalman_vertical_velocity"": -1.78, ""pyroDrogue"": 0, ""pyroMain"": 0, ""pyro1_state"": 0, ""pyro2_state"": 0}"
1764328792.855664,2025-11-28T14:19:52.855664,902,0,0,-0.34,-0.53,0.75,-20.41,-34.37,-9.76,22.77,-73.57,0,0,0,81082,849.01,26.42,0.58,0,0,0,0,-78,0.56,-1.75,BEACON,"{""record_number"": 902, ""operation_mode"": 0, ""state"": 0, ""battery_voltage"": 0, ""wifi_rssi"": -78, ""acc_data"": {""ax"": -0.34, ""ay"": -0.53, ""az"": 0.75, ""pitch"": -20.41, ""roll"": -34.37}, ""gyro_data"": {""gx"": -9.76, ""gy"": 22.77, ""gz"": -73.57}, ""gps_data"": {""latitude"": 0, ""longitude"": 0, ""gps_altitude"": 0, ""time"": 81082}, ""alt_data"": {""pressure"": 849.01, ""temperature"": 26.42, ""AGL"": 0.58, ""velocity"": 0, ""kalman_altitude"": 0.56, ""kalman_vertical_velocity"": -1.75}, ""chute_state"": {""pyro1_state"": 0, ""pyro2_state"": 0}, ""connection_status"": {""connected"": true, ""has_ever_connected"": true, ""packet_age_ms"": 1, ""timeout_exceeded"": false, ""rssi"": -78}, ""communication_mode"": ""BEACON"", ""timestamp"": 143582, ""packets_received"": 425, ""kalman_data"": {""altitude"": 0.56, ""vertical_velocity"": -1.75}, ""kalman_altitude"": 0.56, ""kalman_vertical_velocity"": -1.75, ""pyroDrogue"": 0, ""pyroMain"": 0, ""pyro1_state"": 0, ""pyro2_state"": 0}"
1764328793.004936,2025-11-28T14:19:53.004936,904,0,0,-0.29,-0.52,0.77,-16.4,-33.83,92.74,-48.26,64.02,0,0,0,81282,849,26.42,0.69,0,0,0,0,-78,0.66,-1.7,BEACON,"{""record_number"": 904, ""operation_mode"": 0, ""state"": 0, ""battery_voltage"": 0, ""wifi_rssi"": -78, ""acc_data"": {""ax"": -0.29, ""ay"": -0.52, ""az"": 0.77, ""pitch"": -16.4, ""roll"": -33.83}, ""gyro_data"": {""gx"": 92.74, ""gy"": -48.26, ""gz"": 64.02}, ""gps_data"": {""latitude"": 0, ""longitude"": 0, ""gps_altitude"": 0, ""time"": 81282}, ""alt_data"": {""pressure"": 849, ""temperature"": 26.42, ""AGL"": 0.69, ""velocity"": 0, ""kalman_altitude"": 0.66, ""kalman_vertical_velocity"": -1.7}, ""chute_state"": {""pyro1_state"": 0, ""pyro2_state"": 0}, ""connection_status"": {""connected"": true, ""has_ever_connected"": true, ""packet_age_ms"": 1, ""timeout_exceeded"": false, ""rssi"": -78}, ""communication_mode"": ""BEACON"", ""timestamp"": 143695, ""packets_received"": 426, ""kalman_data"": {""altitude"": 0.66, ""vertical_velocity"": -1.7}, ""kalman_altitude"": 0.66, ""kalman_vertical_velocity"": -1.7, ""pyroDrogue"": 0, ""pyroMain"": 0, ""pyro1_state"": 0, ""pyro2_state"": 0}"
1764328793.085982,2025-11-28T14:19:53.085982,905,0,0,-0.3,-0.51,0.77,-16.72,-32.9,-11.68,-28.87,20.67,0,0,0,81282,848.99,26.41,0.85,0,0,0,0,-77,0.79,-1.64,BEACON,"{""record_number"": 905, ""operation_mode"": 0, ""state"": 0, ""battery_voltage"": 0, ""wifi_rssi"": -77, ""acc_data"": {""ax"": -0.3, ""ay"": -0.51, ""az"": 0.77, ""pitch"": -16.72, ""roll"": -32.9}, ""gyro_data"": {""gx"": -11.68, ""gy"": -28.87, ""gz"": 20.67}, ""gps_data"": {""latitude"": 0, ""longitude"": 0, ""gps_altitude"": 0, ""time"": 81282}, ""alt_data"": {""pressure"": 848.99, ""temperature"": 26.41, ""AGL"": 0.85, ""velocity"": 0, ""kalman_altitude"": 0.79, ""kalman_vertical_velocity"": -1.64}, ""chute_state"": {""pyro1_state"": 0, ""pyro2_state"": 0}, ""connection_status"": {""connected"": true, ""has_ever_connected"": true, ""packet_age_ms"": 0, ""timeout_exceeded"": false, ""rssi"": -77}, ""communication_mode"": ""BEACON"", ""timestamp"": 143808, ""packets_received"": 427, ""kalman_data"": {""altitude"": 0.79, ""vertical_velocity"": -1.64}, ""kalman_altitude"": 0.79, ""kalman_vertical_velocity"": -1.64, ""pyroDrogue"": 0, ""pyroMain"": 0, ""pyro1_state"": 0, ""pyro2_state"": 0}"
1764328793.223092,2025-11-28T14:19:53.223092,906,0,0,-0.31,-0.48,0.78,-18.48,-32.25,-35.91,-2.5,30.73,0,0,0,81482,849.01,26.42,0.66,0,0,0,0,-76,0.68,-1.7,BEACON,"{""record_number"": 906, ""operation_mode"": 0, ""state"": 0, ""battery_voltage"": 0, ""wifi_rssi"": -76, ""acc_data"": {""ax"": -0.31, ""ay"": -0.48, ""az"": 0.78, ""pitch"": -18.48, ""roll"": -32.25}, ""gyro_data"": {""gx"": -35.91, ""gy"": -2.5, ""gz"": 30.73}, ""gps_data"": {""latitude"": 0, ""longitude"": 0, ""gps_altitude"": 0, ""time"": 81482}, ""alt_data"": {""pressure"": 849.01, ""temperature"": 26.42, ""AGL"": 0.66, ""velocity"": 0, ""kalman_altitude"": 0.68, ""kalman_vertical_velocity"": -1.7}, ""chute_state"": {""pyro1_state"": 0, ""pyro2_state"": 0}, ""connection_status"": {""connected"": true, ""has_ever_connected"": true, ""packet_age_ms"": 0, ""timeout_exceeded"": false, ""rssi"": -76}, ""communication_mode"": ""BEACON"", ""timestamp"": 143923, ""packets_received"": 428, ""kalman_data"": {""altitude"": 0.68, ""vertical_velocity"": -1.7}, ""kalman_altitude"": 0.68, ""kalman_vertical_velocity"": -1.7, ""pyroDrogue"": 0, ""pyroMain"": 0, ""pyro1_state"": 0, ""pyro2_state"": 0}"
1764328793.42521,2025-11-28T14:19:53.425210,909,0,0,-0.36,-0.52,0.77,-21.43,-33.92,-21.89,-11.59,-7.29,0,0,0,81685,849,26.41,0.74,0,0,0,0,-77,0.71,-1.69,BEACON,"{""record_number"": 909, ""operation_mode"": 0, ""state"": 0, ""battery_voltage"": 0, ""wifi_rssi"": -77, ""acc_data"": {""ax"": -0.36, ""ay"": -0.52, ""az"": 0.77, ""pitch"": -21.43, ""roll"": -33.92}, ""gyro_data"": {""gx"": -21.89, ""gy"": -11.59, ""gz"": -7.29}, ""gps_data"": {""latitude"": 0, ""longitude"": 0, ""gps_altitude"": 0, ""time"": 81685}, ""alt_data"": {""pressure"": 849, ""temperature"": 26.41, ""AGL"": 0.74, ""velocity"": 0, ""kalman_altitude"": 0.71, ""kalman_vertical_velocity"": -1.69}, ""chute_state"": {""pyro1_state"": 0, ""pyro2_state"": 0}, ""connection_status"": {""connected"": true, ""has_ever_connected"": true, ""packet_age_ms"": 1, ""timeout_exceeded"": false, ""rssi"": -77}, ""communication_mode"": ""BEACON"", ""timestamp"": 144147, ""packets_received"": 429, ""kalman_data"": {""altitude"": 0.71, ""vertical_velocity"": -1.69}, ""kalman_altitude"": 0.71, ""kalman_vertical_velocity"": -1.69, ""pyroDrogue"": 0, ""pyroMain"": 0, ""pyro1_state"": 0, ""pyro2_state"": 0}"
1764328793.55804,2025-11-28T14:19:53.558040,910,0,0,-0.36,-0.48,0.74,-20.77,-33.41,18.93,3.38,12.26,0,0,0,81888,849.01,26.42,0.66,0,0,0,0,-78,0.66,-1.72,BEACON,"{""record_number"": 910, ""operation_mode"": 0, ""state"": 0, ""battery_voltage"": 0, ""wifi_rssi"": -78, ""acc_data"": {""ax"": -0.36, ""ay"": -0.48, ""az"": 0.74, ""pitch"": -20.77, ""roll"": -33.41}, ""gyro_data"": {""gx"": 18.93, ""gy"": 3.38, ""gz"": 12.26}, ""gps_data"": {""latitude"": 0, ""longitude"": 0, ""gps_altitude"": 0, ""time"": 81888}, ""alt_data"": {""pressure"": 849.01, ""temperature"": 26.42, ""AGL"": 0.66, ""velocity"": 0, ""kalman_altitude"": 0.66, ""kalman_vertical_velocity"": -1.72}, ""chute_state"": {""pyro1_state"": 0, ""pyro2_state"": 0}, ""connection_status"": {""connected"": true, ""has_ever_connected"": true, ""packet_age_ms"": 0, ""timeout_exceeded"": false, ""rssi"": -78}, ""communication_mode"": ""BEACON"", ""timestamp"": 144262, ""packets_received"": 430, ""kalman_data"": {""altitude"": 0.66, ""vertical_velocity"": -1.72}, ""kalman_altitude"": 0.66, ""kalman_vertical_velocity"": -1.72, ""pyroDrogue"": 0, ""pyroMain"": 0, ""pyro1_state"": 0, ""pyro2_state"": 0}"
1764328793.646089,2025-11-28T14:19:53.646089,911,0,0,-0.33,-0.49,0.76,-19.1,-33.04,-3.57,5.37,1.86,0,0,0,81888,848.96,26.41,1.11,0,0,0,0,-77,1.03,-1.55,BEACON,"{""record_number"": 911, ""operation_mode"": 0, ""state"": 0, ""battery_voltage"": 0, ""wifi_rssi"": -77, ""acc_data"": {""ax"": -0.33, ""ay"": -0.49, ""az"": 0.76, ""pitch"": -19.1, ""roll"": -33.04}, ""gyro_data"": {""gx"": -3.57, ""gy"": 5.37, ""gz"": 1.86}, ""gps_data"": {""latitude"": 0, ""longitude"": 0, ""gps_altitude"": 0, ""time"": 81888}, ""alt_data"": {""pressure"": 848.96, ""temperature"": 26.41, ""AGL"": 1.11, ""velocity"": 0, ""kalman_altitude"": 1.03, ""kalman_vertical_velocity"": -1.55}, ""chute_state"": {""pyro1_state"": 0, ""pyro2_state"": 0}, ""connection_status"": {""connected"": true, ""has_ever_connected"": true, ""packet_age_ms"": 1, ""timeout_exceeded"": false, ""rssi"": -77}, ""communication_mode"": ""BEACON"", ""timestamp"": 144373, ""packets_received"": 431, ""kalman_data"": {""altitude"": 1.03, ""vertical_velocity"": -1.55}, ""kalman_altitude"": 1.03, ""kalman_vertical_velocity"": -1.55, ""pyroDrogue"": 0, ""pyroMain"": 0, ""pyro1_state"": 0, ""pyro2_state"": 0}"
1764328793.796649,2025-11-28T14:19:53.796649,913,0,0,-0.37,-0.47,0.77,-22,-31.82,-5.21,-7.35,-7.13,0,0,0,82088,848.99,26.41,0.81,0,0,0,0,-77,0.85,-1.64,BEACON,"{""record_number"": 913, ""operation_mode"": 0, ""state"": 0, ""battery_voltage"": 0, ""wifi_rssi"": -77, ""acc_data"": {""ax"": -0.37, ""ay"": -0.47, ""az"": 0.77, ""pitch"": -22, ""roll"": -31.82}, ""gyro_data"": {""gx"": -5.21, ""gy"": -7.35, ""gz"": -7.13}, ""gps_data"": {""latitude"": 0, ""longitude"": 0, ""gps_altitude"": 0, ""time"": 82088}, ""alt_data"": {""pressure"": 848.99, ""temperature"": 26.41, ""AGL"": 0.81, ""velocity"": 0, ""kalman_altitude"": 0.85, ""kalman_vertical_velocity"": -1.64}, ""chute_state"": {""pyro1_state"": 0, ""pyro2_state"": 0}, ""connection_status"": {""connected"": true, ""has_ever_connected"": true, ""packet_age_ms"": 0, ""timeout_exceeded"": false, ""rssi"": -77}, ""communication_mode"": ""BEACON"", ""timestamp"": 144485, ""packets_received"": 432, ""kalman_data"": {""altitude"": 0.85, ""vertical_velocity"": -1.64}, ""kalman_altitude"": 0.85, ""kalman_vertical_velocity"": -1.64, ""pyroDrogue"": 0, ""pyroMain"": 0, ""pyro1_state"": 0, ""pyro2_state"": 0}"
1764328793.999782,2025-11-28T14:19:53.999782,915,0,0,-0.35,-0.46,0.76,-20.68,-31.43,6.34,-7.8,-6.98,0,0,0,82287,848.99,26.4,0.83,0,0,0,0,-77,0.83,-1.65,BEACON,"{""record_number"": 915, ""operation_mode"": 0, ""state"": 0, ""battery_voltage"": 0, ""wifi_rssi"": -77, ""acc_data"": {""ax"": -0.35, ""ay"": -0.46, ""az"": 0.76, ""pitch"": -20.68, ""roll"": -31.43}, ""gyro_data"": {""gx"": 6.34, ""gy"": -7.8, ""gz"": -6.98}, ""gps_data"": {""latitude"": 0, ""longitude"": 0, ""gps_altitude"": 0, ""time"": 82287}, ""alt_data"": {""pressure"": 848.99, ""temperature"": 26.4, ""AGL"": 0.83, ""velocity"": 0, ""kalman_altitude"": 0.83, ""kalman_vertical_velocity"": -1.65}, ""chute_state"": {""pyro1_state"": 0, ""pyro2_state"": 0}, ""connection_status"": {""connected"": true, ""has_ever_connected"": true, ""packet_age_ms"": 1, ""timeout_exceeded"": false, ""rssi"": -77}, ""communication_mode"": ""BEACON"", ""timestamp"": 144711, ""packets_received"": 433, ""kalman_data"": {""altitude"": 0.83, ""vertical_velocity"": -1.65}, ""kalman_altitude"": 0.83, ""kalman_vertical_velocity"": -1.65, ""pyroDrogue"": 0, ""pyroMain"": 0, ""pyro1_state"": 0, ""pyro2_state"": 0}"
1764328794.09794,2025-11-28T14:19:54.097940,917,0,0,-0.38,-0.45,0.78,-22,-30.24,-1.68,-5.43,7.13,0,0,0,82287,849.01,26.41,0.63,0,0,0,0,-77,0.67,-1.74,BEACON,"{""record_number"": 917, ""operation_mode"": 0, ""state"": 0, ""battery_voltage"": 0, ""wifi_rssi"": -77, ""acc_data"": {""ax"": -0.38, ""ay"": -0.45, ""az"": 0.78, ""pitch"": -22, ""roll"": -30.24}, ""gyro_data"": {""gx"": -1.68, ""gy"": -5.43, ""gz"": 7.13}, ""gps_data"": {""latitude"": 0, ""longitude"": 0, ""gps_altitude"": 0, ""time"": 82287}, ""alt_data"": {""pressure"": 849.01, ""temperature"": 26.41, ""AGL"": 0.63, ""velocity"": 0, ""kalman_altitude"": 0.67, ""kalman_vertical_velocity"": -1.74}, ""chute_state"": {""pyro1_state"": 0, ""pyro2_state"": 0}, ""connection_status"": {""connected"": true, ""has_ever_connected"": true, ""packet_age_ms"": 0, ""timeout_exceeded"": false, ""rssi"": -77}, ""communication_mode"": ""BEACON"", ""timestamp"": 144825, ""packets_received"": 434, ""kalman_data"": {""altitude"": 0.67, ""vertical_velocity"": -1.74}, ""kalman_altitude"": 0.67, ""kalman_vertical_velocity"": -1.74, ""pyroDrogue"": 0, ""pyroMain"": 0, ""pyro1_state"": 0, ""pyro2_state"": 0}"
1764328794.227942,2025-11-28T14:19:54.227942,918,0,0,-0.35,-0.46,0.79,-21.13,-30.97,-6.34,-13.99,-1.95,0,0,0,82488,848.99,26.4,0.79,0,0,0,0,-77,0.8,-1.68,BEACON,"{""record_number"": 918, ""operation_mode"": 0, ""state"": 0, ""battery_voltage"": 0, ""wifi_rssi"": -77, ""acc_data"": {""ax"": -0.35, ""ay"": -0.46, ""az"": 0.79, ""pitch"": -21.13, ""roll"": -30.97}, ""gyro_data"": {""gx"": -6.34, ""gy"": -13.99, ""gz"": -1.95}, ""gps_data"": {""latitude"": 0, ""longitude"": 0, ""gps_altitude"": 0, ""time"": 82488}, ""alt_data"": {""pressure"": 848.99, ""temperature"": 26.4, ""AGL"": 0.79, ""velocity"": 0, ""kalman_altitude"": 0.8, ""kalman_vertical_velocity"": -1.68}, ""chute_state"": {""pyro1_state"": 0, ""pyro2_state"": 0}, ""connection_status"": {""connected"": true, ""has_ever_connected"": true, ""packet_age_ms"": 1, ""timeout_exceeded"": false, ""rssi"": -77}, ""communication_mode"": ""BEACON"", ""timestamp"": 144941, ""packets_received"": 435, ""kalman_data"": {""altitude"": 0.8, ""vertical_velocity"": -1.68}, ""kalman_altitude"": 0.8, ""kalman_vertical_velocity"": -1.68, ""pyroDrogue"": 0, ""pyroMain"": 0, ""pyro1_state"": 0, ""pyro2_state"": 0}"
1764328794.361454,2025-11-28T14:19:54.361454,919,0,0,-0.36,-0.47,0.78,-20.89,-31.44,2.77,7.2,4.48,0,0,0,82693,849,26.4,0.72,0,0,0,0,-77,0.73,-1.71,BEACON,"{""record_number"": 919, ""operation_mode"": 0, ""state"": 0, ""battery_voltage"": 0, ""wifi_rssi"": -77, ""acc_data"": {""ax"": -0.36, ""ay"": -0.47, ""az"": 0.78, ""pitch"": -20.89, ""roll"": -31.44}, ""gyro_data"": {""gx"": 2.77, ""gy"": 7.2, ""gz"": 4.48}, ""gps_data"": {""latitude"": 0, ""longitude"": 0, ""gps_altitude"": 0, ""time"": 82693}, ""alt_data"": {""pressure"": 849, ""temperature"": 26.4, ""AGL"": 0.72, ""velocity"": 0, ""kalman_altitude"": 0.73, ""kalman_vertical_velocity"": -1.71}, ""chute_state"": {""pyro1_state"": 0, ""pyro2_state"": 0}, ""connection_status"": {""connected"": true, ""has_ever_connected"": true, ""packet_age_ms"": 1, ""timeout_exceeded"": false, ""rssi"": -77}, ""communication_mode"": ""BEACON"", ""timestamp"": 145050, ""packets_received"": 436, ""kalman_data"": {""altitude"": 0.73, ""vertical_velocity"": -1.71}, ""kalman_altitude"": 0.73, ""kalman_vertical_velocity"": -1.71, ""pyroDrogue"": 0, ""pyroMain"": 0, ""pyro1_state"": 0, ""pyro2_state"": 0}"
1764328794.460979,2025-11-28T14:19:54.460979,921,0,0,-0.38,-0.44,0.77,-21.61,-29.61,-6.22,-15.79,5.85,0,0,0,82693,848.95,26.39,1.2,0,0,0,0,-76,1.12,-1.53,BEACON,"{""record_number"": 921, ""operation_mode"": 0, ""state"": 0, ""battery_voltage"": 0, ""wifi_rssi"": -76, ""acc_data"": {""ax"": -0.38, ""ay"": -0.44, ""az"": 0.77, ""pitch"": -21.61, ""roll"": -29.61}, ""gyro_data"": {""gx"": -6.22, ""gy"": -15.79, ""gz"": 5.85}, ""gps_data"": {""latitude"": 0, ""longitude"": 0, ""gps_altitude"": 0, ""time"": 82693}, ""alt_data"": {""pressure"": 848.95, ""temperature"": 26.39, ""AGL"": 1.2, ""velocity"": 0, ""kalman_altitude"": 1.12, ""kalman_vertical_velocity"": -1.53}, ""chute_state"": {""pyro1_state"": 0, ""pyro2_state"": 0}, ""connection_status"": {""connected"": true, ""has_ever_connected"": true, ""packet_age_ms"": 0, ""timeout_exceeded"": false, ""rssi"": -76}, ""communication_mode"": ""BEACON"", ""timestamp"": 145163, ""packets_received"": 437, ""kalman_data"": {""altitude"": 1.12, ""vertical_velocity"": -1.53}, ""kalman_altitude"": 1.12, ""kalman_vertical_velocity"": -1.53, ""pyroDrogue"": 0, ""pyroMain"": 0, ""pyro1_state"": 0, ""pyro2_state"": 0}"
1764328794.552984,2025-11-28T14:19:54.552984,922,0,0,-0.36,-0.47,0.78,-21.4,-31.09,-20,-15.15,-0.49,0,0,0,82894,848.99,26.4,0.79,0,0,0,0,-76,0.83,-1.67,BEACON,"{""record_number"": 922, ""operation_mode"": 0, ""state"": 0, ""battery_voltage"": 0, ""wifi_rssi"": -76, ""acc_data"": {""ax"": -0.36, ""ay"": -0.47, ""az"": 0.78, ""pitch"": -21.4, ""roll"": -31.09}, ""gyro_data"": {""gx"": -20, ""gy"": -15.15, ""gz"": -0.49}, ""gps_data"": {""latitude"": 0, ""longitude"": 0, ""gps_altitude"": 0, ""time"": 82894}, ""alt_data"": {""pressure"": 848.99, ""temperature"": 26.4, ""AGL"": 0.79, ""velocity"": 0, ""kalman_altitude"": 0.83, ""kalman_vertical_velocity"": -1.67}, ""chute_state"": {""pyro1_state"": 0, ""pyro2_state"": 0}, ""connection_status"": {""connected"": true, ""has_ever_connected"": true, ""packet_age_ms"": 0, ""timeout_exceeded"": false, ""rssi"": -76}, ""communication_mode"": ""BEACON"", ""timestamp"": 145277, ""packets_received"": 438, ""kalman_data"": {""altitude"": 0.83, ""vertical_velocity"": -1.67}, ""kalman_altitude"": 0.83, ""kalman_vertical_velocity"": -1.67, ""pyroDrogue"": 0, ""pyroMain"": 0, ""pyro1_state"": 0, ""pyro2_state"": 0}"
1764328794.6932,2025-11-28T14:19:54.693200,923,0,0,-0.37,-0.48,0.81,-21.55,-30.66,-20.73,-2.74,-9.05,0,0,0,82894,848.97,26.39,1.06,0,0,0,0,-77,1.02,-1.58,BEACON,"{""record_number"": 923, ""operation_mode"": 0, ""state"": 0, ""battery_voltage"": 0, ""wifi_rssi"": -77, ""acc_data"": {""ax"": -0.37, ""ay"": -0.48, ""az"": 0.81, ""pitch"": -21.55, ""roll"": -30.66}, ""gyro_data"": {""gx"": -20.73, ""gy"": -2.74, ""gz"": -9.05}, ""gps_data"": {""latitude"": 0, ""longitude"": 0, ""gps_altitude"": 0, ""time"": 82894}, ""alt_data"": {""pressure"": 848.97, ""temperature"": 26.39, ""AGL"": 1.06, ""velocity"": 0, ""kalman_altitude"": 1.02, ""kalman_vertical_velocity"": -1.58}, ""chute_state"": {""pyro1_state"": 0, ""pyro2_state"": 0}, ""connection_status"": {""connected"": true, ""has_ever_connected"": true, ""packet_age_ms"": 1, ""timeout_exceeded"": false, ""rssi"": -77}, ""communication_mode"": ""BEACON"", ""timestamp"": 145389, ""packets_received"": 439, ""kalman_data"": {""altitude"": 1.02, ""vertical_velocity"": -1.58}, ""kalman_altitude"": 1.02, ""kalman_vertical_velocity"": -1.58, ""pyroDrogue"": 0, ""pyroMain"": 0, ""pyro1_state"": 0, ""pyro2_state"": 0}"
1764328794.778832,2025-11-28T14:19:54.778832,924,0,0,-0.36,-0.47,0.77,-21.01,-31.04,4.79,40.37,-1.65,0,0,0,83094,848.98,26.39,0.91,0,0,0,0,-76,0.93,-1.63,BEACON,"{""record_number"": 924, ""operation_mode"": 0, ""state"": 0, ""battery_voltage"": 0, ""wifi_rssi"": -76, ""acc_data"": {""ax"": -0.36, ""ay"": -0.47, ""az"": 0.77, ""pitch"": -21.01, ""roll"": -31.04}, ""gyro_data"": {""gx"": 4.79, ""gy"": 40.37, ""gz"": -1.65}, ""gps_data"": {""latitude"": 0, ""longitude"": 0, ""gps_altitude"": 0, ""time"": 83094}, ""alt_data"": {""pressure"": 848.98, ""temperature"": 26.39, ""AGL"": 0.91, ""velocity"": 0, ""kalman_altitude"": 0.93, ""kalman_vertical_velocity"": -1.63}, ""chute_state"": {""pyro1_state"": 0, ""pyro2_state"": 0}, ""connection_status"": {""connected"": true, ""has_ever_connected"": true, ""packet_age_ms"": 0, ""timeout_exceeded"": false, ""rssi"": -76}, ""communication_mode"": ""BEACON"", ""timestamp"": 145502, ""packets_received"": 440, ""kalman_data"": {""altitude"": 0.93, ""vertical_velocity"": -1.63}, ""kalman_altitude"": 0.93, ""kalman_vertical_velocity"": -1.63, ""pyroDrogue"": 0, ""pyroMain"": 0, ""pyro1_state"": 0, ""pyro2_state"": 0}"
1764328794.917826,2025-11-28T14:19:54.917826,926,0,0,-0.38,-0.46,0.76,-21.82,-31.01,-14.02,-2.77,7.74,0,0,0,83094,848.96,26.39,1.16,0,0,0,0,-76,1.22,-1.5,BEACON,"{""record_number"": 926, ""operation_mode"": 0, ""state"": 0, ""battery_voltage"": 0, ""wifi_rssi"": -76, ""acc_data"": {""ax"": -0.38, ""ay"": -0.46, ""az"": 0.76, ""pitch"": -21.82, ""roll"": -31.01}, ""gyro_data"": {""gx"": -14.02, ""gy"": -2.77, ""gz"": 7.74}, ""gps_data"": {""latitude"": 0, ""longitude"": 0, ""gps_altitude"": 0, ""time"": 83094}, ""alt_data"": {""pressure"": 848.96, ""temperature"": 26.39, ""AGL"": 1.16, ""velocity"": 0, ""kalman_altitude"": 1.22, ""kalman_vertical_velocity"": -1.5}, ""chute_state"": {""pyro1_state"": 0, ""pyro2_state"": 0}, ""connection_status"": {""connected"": true, ""has_ever_connected"": true, ""packet_age_ms"": 0, ""timeout_exceeded"": false, ""rssi"": -76}, ""communication_mode"": ""BEACON"", ""timestamp"": 145615, ""packets_received"": 441, ""kalman_data"": {""altitude"": 1.22, ""vertical_velocity"": -1.5}, ""kalman_altitude"": 1.22, ""kalman_vertical_velocity"": -1.5, ""pyroDrogue"": 0, ""pyroMain"": 0, ""pyro1_state"": 0, ""pyro2_state"": 0}"
1764328795.002061,2025-11-28T14:19:55.002061,927,0,0,-0.39,-0.47,0.75,-22.94,-31.02,-22.38,-0.09,-13.02,0,0,0,83295,848.99,26.4,0.79,0,0,0,0,-77,0.86,-1.67,BEACON,"{""record_number"": 927, ""operation_mode"": 0, ""state"": 0, ""battery_voltage"": 0, ""wifi_rssi"": -77, ""acc_data"": {""ax"": -0.39, ""ay"": -0.47, ""az"": 0.75, ""pitch"": -22.94, ""roll"": -31.02}, ""gyro_data"": {""gx"": -22.38, ""gy"": -0.09, ""gz"": -13.02}, ""gps_data"": {""latitude"": 0, ""longitude"": 0, ""gps_altitude"": 0, ""time"": 83295}, ""alt_data"": {""pressure"": 848.99, ""temperature"": 26.4, ""AGL"": 0.79, ""velocity"": 0, ""kalman_altitude"": 0.86, ""kalman_vertical_velocity"": -1.67}, ""chute_state"": {""pyro1_state"": 0, ""pyro2_state"": 0}, ""connection_status"": {""connected"": true, ""has_ever_connected"": true, ""packet_age_ms"": 1, ""timeout_exceeded"": false, ""rssi"": -77}, ""communication_mode"": ""BEACON"", ""timestamp"": 145728, ""packets_received"": 442, ""kalman_data"": {""altitude"": 0.86, ""vertical_velocity"": -1.67}, ""kalman_altitude"": 0.86, ""kalman_vertical_velocity"": -1.67, ""pyroDrogue"": 0, ""pyroMain"": 0, ""pyro1_state"": 0, ""pyro2_state"": 0}"
1764328795.130057,2025-11-28T14:19:55.130057,928,0,0,-0.39,-0.48,0.79,-23.03,-31.02,-27.77,-14.66,-19.33,0,0,0,83495,848.96,26.39,1.09,0,0,0,0,-78,1.05,-1.59,BEACON,"{""record_number"": 928, ""operation_mode"": 0, ""state"": 0, ""battery_voltage"": 0, ""wifi_rssi"": -78, ""acc_data"": {""ax"": -0.39, ""ay"": -0.48, ""az"": 0.79, ""pitch"": -23.03, ""roll"": -31.02}, ""gyro_data"": {""gx"": -27.77, ""gy"": -14.66, ""gz"": -19.33}, ""gps_data"": {""latitude"": 0, ""longitude"": 0, ""gps_altitude"": 0, ""time"": 83495}, ""alt_data"": {""pressure"": 848.96, ""temperature"": 26.39, ""AGL"": 1.09, ""velocity"": 0, ""kalman_altitude"": 1.05, ""kalman_vertical_velocity"": -1.59}, ""chute_state"": {""pyro1_state"": 0, ""pyro2_state"": 0}, ""connection_status"": {""connected"": true, ""has_ever_connected"": true, ""packet_age_ms"": 1, ""timeout_exceeded"": false, ""rssi"": -78}, ""communication_mode"": ""BEACON"", ""timestamp"": 145842, ""packets_received"": 443, ""kalman_data"": {""altitude"": 1.05, ""vertical_velocity"": -1.59}, ""kalman_altitude"": 1.05, ""kalman_vertical_velocity"": -1.59, ""pyroDrogue"": 0, ""pyroMain"": 0, ""pyro1_state"": 0, ""pyro2_state"": 0}"
1764328795.249059,2025-11-28T14:19:55.249059,930,0,0,-0.39,-0.46,0.77,-22.49,-31.69,-2.23,-3.38,3.57,0,0,0,83495,848.96,26.39,1.17,0,0,0,0,-77,1.1,-1.57,BEACON,"{""record_number"": 930, ""operation_mode"": 0, ""state"": 0, ""battery_voltage"": 0, ""wifi_rssi"": -77, ""acc_data"": {""ax"": -0.39, ""ay"": -0.46, ""az"": 0.77, ""pitch"": -22.49, ""roll"": -31.69}, ""gyro_data"": {""gx"": -2.23, ""gy"": -3.38, ""gz"": 3.57}, ""gps_data"": {""latitude"": 0, ""longitude"": 0, ""gps_altitude"": 0, ""time"": 83495}, ""alt_data"": {""pressure"": 848.96, ""temperature"": 26.39, ""AGL"": 1.17, ""velocity"": 0, ""kalman_altitude"": 1.1, ""kalman_vertical_velocity"": -1.57}, ""chute_state"": {""pyro1_state"": 0, ""pyro2_state"": 0}, ""connection_status"": {""connected"": true, ""has_ever_connected"": true, ""packet_age_ms"": 0, ""timeout_exceeded"": false, ""rssi"": -77}, ""communication_mode"": ""BEACON"", ""timestamp"": 145958, ""packets_received"": 444, ""kalman_data"": {""altitude"": 1.1, ""vertical_velocity"": -1.57}, ""kalman_altitude"": 1.1, ""kalman_vertical_velocity"": -1.57, ""pyroDrogue"": 0, ""pyroMain"": 0, ""pyro1_state"": 0, ""pyro2_state"": 0}"
1764328795.369583,2025-11-28T14:19:55.369583,931,0,0,-0.39,-0.46,0.77,-23.46,-31.34,-10.64,-1.55,-4.76,0,0,0,83698,848.98,26.39,0.91,0,0,0,0,-78,0.94,-1.65,BEACON,"{""record_number"": 931, ""operation_mode"": 0, ""state"": 0, ""battery_voltage"": 0, ""wifi_rssi"": -78, ""acc_data"": {""ax"": -0.39, ""ay"": -0.46, ""az"": 0.77, ""pitch"": -23.46, ""roll"": -31.34}, ""gyro_data"": {""gx"": -10.64, ""gy"": -1.55, ""gz"": -4.76}, ""gps_data"": {""latitude"": 0, ""longitude"": 0, ""gps_altitude"": 0, ""time"": 83698}, ""alt_data"": {""pressure"": 848.98, ""temperature"": 26.39, ""AGL"": 0.91, ""velocity"": 0, ""kalman_altitude"": 0.94, ""kalman_vertical_velocity"": -1.65}, ""chute_state"": {""pyro1_state"": 0, ""pyro2_state"": 0}, ""connection_status"": {""connected"": true, ""has_ever_connected"": true, ""packet_age_ms"": 0, ""timeout_exceeded"": false, ""rssi"": -78}, ""communication_mode"": ""BEACON"", ""timestamp"": 146072, ""packets_received"": 445, ""kalman_data"": {""altitude"": 0.94, ""vertical_velocity"": -1.65}, ""kalman_altitude"": 0.94, ""kalman_vertical_velocity"": -1.65, ""pyroDrogue"": 0, ""pyroMain"": 0, ""pyro1_state"": 0, ""pyro2_state"": 0}"
1764328795.456141,2025-11-28T14:19:55.456141,932,0,0,-0.36,-0.47,0.78,-21.28,-30.65,-14.63,-5.64,2.13,0,0,0,83698,848.98,26.39,0.94,0,0,0,0,-77,0.94,-1.65,BEACON,"{""record_number"": 932, ""operation_mode"": 0, ""state"": 0, ""battery_voltage"": 0, ""wifi_rssi"": -77, ""acc_data"": {""ax"": -0.36, ""ay"": -0.47, ""az"": 0.78, ""pitch"": -21.28, ""roll"": -30.65}, ""gyro_data"": {""gx"": -14.63, ""gy"": -5.64, ""gz"": 2.13}, ""gps_data"": {""latitude"": 0, ""longitude"": 0, ""gps_altitude"": 0, ""time"": 83698}, ""alt_data"": {""pressure"": 848.98, ""temperature"": 26.39, ""AGL"": 0.94, ""velocity"": 0, ""kalman_altitude"": 0.94, ""kalman_vertical_velocity"": -1.65}, ""chute_state"": {""pyro1_state"": 0, ""pyro2_state"": 0}, ""connection_status"": {""connected"": true, ""has_ever_connected"": true, ""packet_age_ms"": 0, ""timeout_exceeded"": false, ""rssi"": -77}, ""communication_mode"": ""BEACON"", ""timestamp"": 146182, ""packets_received"": 446, ""kalman_data"": {""altitude"": 0.94, ""vertical_velocity"": -1.65}, ""kalman_altitude"": 0.94, ""kalman_vertical_velocity"": -1.65, ""pyroDrogue"": 0, ""pyroMain"": 0, ""pyro1_state"": 0, ""pyro2_state"": 0}"
1764328795.603997,2025-11-28T14:19:55.603997,934,0,0,-0.38,-0.46,0.75,-21.73,-31.69,16.1,18.2,-11.89,0,0,0,83900,849,26.4,0.72,0,0,0,0,-77,0.76,-1.74,BEACON,"{""record_number"": 934, ""operation_mode"": 0, ""state"": 0, ""battery_voltage"": 0, ""wifi_rssi"": -77, ""acc_data"": {""ax"": -0.38, ""ay"": -0.46, ""az"": 0.75, ""pitch"": -21.73, ""roll"": -31.69}, ""gyro_data"": {""gx"": 16.1, ""gy"": 18.2, ""gz"": -11.89}, ""gps_data"": {""latitude"": 0, ""longitude"": 0, ""gps_altitude"": 0, ""time"": 83900}, ""alt_data"": {""pressure"": 849, ""temperature"": 26.4, ""AGL"": 0.72, ""velocity"": 0, ""kalman_altitude"": 0.76, ""kalman_vertical_velocity"": -1.74}, ""chute_state"": {""pyro1_state"": 0, ""pyro2_state"": 0}, ""connection_status"": {""connected"": true, ""has_ever_connected"": true, ""packet_age_ms"": 1, ""timeout_exceeded"": false, ""rssi"": -77}, ""communication_mode"": ""BEACON"", ""timestamp"": 146293, ""packets_received"": 447, ""kalman_data"": {""altitude"": 0.76, ""vertical_velocity"": -1.74}, ""kalman_altitude"": 0.76, ""kalman_vertical_velocity"": -1.74, ""pyroDrogue"": 0, ""pyroMain"": 0, ""pyro1_state"": 0, ""pyro2_state"": 0}"
1764328795.692062,2025-11-28T14:19:55.692062,935,0,0,-0.38,-0.49,0.79,-22.49,-31.17,-26.28,15.73,-27.07,0,0,0,83900,848.96,26.39,1.17,0,0,0,0,-77,1.1,-1.58,BEACON,"{""record_number"": 935, ""operation_mode"": 0, ""state"": 0, ""battery_voltage"": 0, ""wifi_rssi"": -77, ""acc_data"": {""ax"": -0.38, ""ay"": -0.49, ""az"": 0.79, ""pitch"": -22.49, ""roll"": -31.17}, ""gyro_data"": {""gx"": -26.28, ""gy"": 15.73, ""gz"": -27.07}, ""gps_data"": {""latitude"": 0, ""longitude"": 0, ""gps_altitude"": 0, ""time"": 83900}, ""alt_data"": {""pressure"": 848.96, ""temperature"": 26.39, ""AGL"": 1.17, ""velocity"": 0, ""kalman_altitude"": 1.1, ""kalman_vertical_velocity"": -1.58}, ""chute_state"": {""pyro1_state"": 0, ""pyro2_state"": 0}, ""connection_status"": {""connected"": true, ""has_ever_connected"": true, ""packet_age_ms"": 0, ""timeout_exceeded"": false, ""rssi"": -77}, ""communication_mode"": ""BEACON"", ""timestamp"": 146405, ""packets_received"": 448, ""kalman_data"": {""altitude"": 1.1, ""vertical_velocity"": -1.58}, ""kalman_altitude"": 1.1, ""kalman_vertical_velocity"": -1.58, ""pyroDrogue"": 0, ""pyroMain"": 0, ""pyro1_state"": 0, ""pyro2_state"": 0}"
1764328795.791142,2025-11-28T14:19:55.791142,936,0,0,-0.46,-0.44,0.83,-27.4,-28.43,12.07,-2.62,-29.24,0,0,0,84100,848.96,26.4,1.15,0,0,0,0,-77,1.14,-1.57,BEACON,"{""record_number"": 936, ""operation_mode"": 0, ""state"": 0, ""battery_voltage"": 0, ""wifi_rssi"": -77, ""acc_data"": {""ax"": -0.46, ""ay"": -0.44, ""az"": 0.83, ""pitch"": -27.4, ""roll"": -28.43}, ""gyro_data"": {""gx"": 12.07, ""gy"": -2.62, ""gz"": -29.24}, ""gps_data"": {""latitude"": 0, ""longitude"": 0, ""gps_altitude"": 0, ""time"": 84100}, ""alt_data"": {""pressure"": 848.96, ""temperature"": 26.4, ""AGL"": 1.15, ""velocity"": 0, ""kalman_altitude"": 1.14, ""kalman_vertical_velocity"": -1.57}, ""chute_state"": {""pyro1_state"": 0, ""pyro2_state"": 0}, ""connection_status"": {""connected"": true, ""has_ever_connected"": true, ""packet_age_ms"": 1, ""timeout_exceeded"": false, ""rssi"": -77}, ""communication_mode"": ""BEACON"", ""timestamp"": 146517, ""packets_received"": 449, ""kalman_data"": {""altitude"": 1.14, ""vertical_velocity"": -1.57}, ""kalman_altitude"": 1.14, ""kalman_vertical_velocity"": -1.57, ""pyroDrogue"": 0, ""pyroMain"": 0, ""pyro1_state"": 0, ""pyro2_state"": 0}"
1764328796.039108,2025-11-28T14:19:56.039108,939,0,0,-0.43,-0.48,0.76,-25.37,-32.14,-13.05,63.75,8.63,0,0,0,84301,848.96,26.39,1.16,0,0,0,0,-78,1.12,-1.59,BEACON,"{""record_number"": 939, ""operation_mode"": 0, ""state"": 0, ""battery_voltage"": 0, ""wifi_rssi"": -78, ""acc_data"": {""ax"": -0.43, ""ay"": -0.48, ""az"": 0.76, ""pitch"": -25.37, ""roll"": -32.14}, ""gyro_data"": {""gx"": -13.05, ""gy"": 63.75, ""gz"": 8.63}, ""gps_data"": {""latitude"": 0, ""longitude"": 0, ""gps_altitude"": 0, ""time"": 84301}, ""alt_data"": {""pressure"": 848.96, ""temperature"": 26.39, ""AGL"": 1.16, ""velocity"": 0, ""kalman_altitude"": 1.12, ""kalman_vertical_velocity"": -1.59}, ""chute_state"": {""pyro1_state"": 0, ""pyro2_state"": 0}, ""connection_status"": {""connected"": true, ""has_ever_connected"": true, ""packet_age_ms"": 0, ""timeout_exceeded"": false, ""rssi"": -78}, ""communication_mode"": ""BEACON"", ""timestamp"": 146745, ""packets_received"": 450, ""kalman_data"": {""altitude"": 1.12, ""vertical_velocity"": -1.59}, ""kalman_altitude"": 1.12, ""kalman_vertical_velocity"": -1.59, ""pyroDrogue"": 0, ""pyroMain"": 0, ""pyro1_state"": 0, ""pyro2_state"": 0}"
1764328796.130107,2025-11-28T14:19:56.130107,940,0,0,-0.34,-0.43,0.79,-20.32,-29.04,24.79,225.7,6.89,0,0,0,84501,848.98,26.41,0.89,0,0,0,0,-81,0.93,-1.68,BEACON,"{""record_number"": 940, ""operation_mode"": 0, ""state"": 0, ""battery_voltage"": 0, ""wifi_rssi"": -81, ""acc_data"": {""ax"": -0.34, ""ay"": -0.43, ""az"": 0.79, ""pitch"": -20.32, ""roll"": -29.04}, ""gyro_data"": {""gx"": 24.79, ""gy"": 225.7, ""gz"": 6.89}, ""gps_data"": {""latitude"": 0, ""longitude"": 0, ""gps_altitude"": 0, ""time"": 84501}, ""alt_data"": {""pressure"": 848.98, ""temperature"": 26.41, ""AGL"": 0.89, ""velocity"": 0, ""kalman_altitude"": 0.93, ""kalman_vertical_velocity"": -1.68}, ""chute_state"": {""pyro1_state"": 0, ""pyro2_state"": 0}, ""connection_status"": {""connected"": true, ""has_ever_connected"": true, ""packet_age_ms"": 1, ""timeout_exceeded"": false, ""rssi"": -81}, ""communication_mode"": ""BEACON"", ""timestamp"": 146856, ""packets_received"": 451, ""kalman_data"": {""altitude"": 0.93, ""vertical_velocity"": -1.68}, ""kalman_altitude"": 0.93, ""kalman_vertical_velocity"": -1.68, ""pyroDrogue"": 0, ""pyroMain"": 0, ""pyro1_state"": 0, ""pyro2_state"": 0}"
1764328796.262436,2025-11-28T14:19:56.262436,942,0,0,-0.72,-0.33,0.65,-45.85,-25.62,96.22,220.24,100.15,0,0,0,84501,848.99,26.4,0.86,0,0,0,0,-83,0.87,-1.72,BEACON,"{""record_number"": 942, ""operation_mode"": 0, ""state"": 0, ""battery_voltage"": 0, ""wifi_rssi"": -83, ""acc_data"": {""ax"": -0.72, ""ay"": -0.33, ""az"": 0.65, ""pitch"": -45.85, ""roll"": -25.62}, ""gyro_data"": {""gx"": 96.22, ""gy"": 220.24, ""gz"": 100.15}, ""gps_data"": {""latitude"": 0, ""longitude"": 0, ""gps_altitude"": 0, ""time"": 84501}, ""alt_data"": {""pressure"": 848.99, ""temperature"": 26.4, ""AGL"": 0.86, ""velocity"": 0, ""kalman_altitude"": 0.87, ""kalman_vertical_velocity"": -1.72}, ""chute_state"": {""pyro1_state"": 0, ""pyro2_state"": 0}, ""connection_status"": {""connected"": true, ""has_ever_connected"": true, ""packet_age_ms"": 1, ""timeout_exceeded"": false, ""rssi"": -83}, ""communication_mode"": ""BEACON"", ""timestamp"": 146969, ""packets_received"": 452, ""kalman_data"": {""altitude"": 0.87, ""vertical_velocity"": -1.72}, ""kalman_altitude"": 0.87, ""kalman_vertical_velocity"": -1.72, ""pyroDrogue"": 0, ""pyroMain"": 0, ""pyro1_state"": 0, ""pyro2_state"": 0}"
1764328796.475033,2025-11-28T14:19:56.475033,944,0,0,-0.71,-0.22,0.55,-45.05,-21.65,43.48,131.22,193.63,0,0,0,84705,848.99,26.4,0.79,0,0,0,0,-81,0.81,-1.78,BEACON,"{""record_number"": 944, ""operation_mode"": 0, ""state"": 0, ""battery_voltage"": 0, ""wifi_rssi"": -81, ""acc_data"": {""ax"": -0.71, ""ay"": -0.22, ""az"": 0.55, ""pitch"": -45.05, ""roll"": -21.65}, ""gyro_data"": {""gx"": 43.48, ""gy"": 131.22, ""gz"": 193.63}, ""gps_data"": {""latitude"": 0, ""longitude"": 0, ""gps_altitude"": 0, ""time"": 84705}, ""alt_data"": {""pressure"": 848.99, ""temperature"": 26.4, ""AGL"": 0.79, ""velocity"": 0, ""kalman_altitude"": 0.81, ""kalman_vertical_velocity"": -1.78}, ""chute_state"": {""pyro1_state"": 0, ""pyro2_state"": 0}, ""connection_status"": {""connected"": true, ""has_ever_connected"": true, ""packet_age_ms"": 0, ""timeout_exceeded"": false, ""rssi"": -81}, ""communication_mode"": ""BEACON"", ""timestamp"": 147196, ""packets_received"": 453, ""kalman_data"": {""altitude"": 0.81, ""vertical_velocity"": -1.78}, ""kalman_altitude"": 0.81, ""kalman_vertical_velocity"": -1.78, ""pyroDrogue"": 0, ""pyroMain"": 0, ""pyro1_state"": 0, ""pyro2_state"": 0}"
1764328796.605275,2025-11-28T14:19:56.605275,945,0,0,-0.75,-0.08,0.5,-48.32,-9.99,-5.64,19.39,114.42,0,0,0,84906,848.99,26.39,0.8,0,0,0,0,-82,0.8,-1.79,BEACON,"{""record_number"": 945, ""operation_mode"": 0, ""state"": 0, ""battery_voltage"": 0, ""wifi_rssi"": -82, ""acc_data"": {""ax"": -0.75, ""ay"": -0.08, ""az"": 0.5, ""pitch"": -48.32, ""roll"": -9.99}, ""gyro_data"": {""gx"": -5.64, ""gy"": 19.39, ""gz"": 114.42}, ""gps_data"": {""latitude"": 0, ""longitude"": 0, ""gps_altitude"": 0, ""time"": 84906}, ""alt_data"": {""pressure"": 848.99, ""temperature"": 26.39, ""AGL"": 0.8, ""velocity"": 0, ""kalman_altitude"": 0.8, ""kalman_vertical_velocity"": -1.79}, ""chute_state"": {""pyro1_state"": 0, ""pyro2_state"": 0}, ""connection_status"": {""connected"": true, ""has_ever_connected"": true, ""packet_age_ms"": 0, ""timeout_exceeded"": false, ""rssi"": -82}, ""communication_mode"": ""BEACON"", ""timestamp"": 147310, ""packets_received"": 454, ""kalman_data"": {""altitude"": 0.8, ""vertical_velocity"": -1.79}, ""kalman_altitude"": 0.8, ""kalman_vertical_velocity"": -1.79, ""pyroDrogue"": 0, ""pyroMain"": 0, ""pyro1_state"": 0, ""pyro2_state"": 0}"
1764328796.793845,2025-11-28T14:19:56.793845,947,0,0,-0.69,-0.15,0.59,-44.07,-13.38,-81.68,-54.88,33.69,0,0,0,84906,848.94,26.39,1.3,0,0,0,0,-79,1.26,-1.59,BEACON,"{""record_number"": 947, ""operation_mode"": 0, ""state"": 0, ""battery_voltage"": 0, ""wifi_rssi"": -79, ""acc_data"": {""ax"": -0.69, ""ay"": -0.15, ""az"": 0.59, ""pitch"": -44.07, ""roll"": -13.38}, ""gyro_data"": {""gx"": -81.68, ""gy"": -54.88, ""gz"": 33.69}, ""gps_data"": {""latitude"": 0, ""longitude"": 0, ""gps_altitude"": 0, ""time"": 84906}, ""alt_data"": {""pressure"": 848.94, ""temperature"": 26.39, ""AGL"": 1.3, ""velocity"": 0, ""kalman_altitude"": 1.26, ""kalman_vertical_velocity"": -1.59}, ""chute_state"": {""pyro1_state"": 0, ""pyro2_state"": 0}, ""connection_status"": {""connected"": true, ""has_ever_connected"": true, ""packet_age_ms"": 0, ""timeout_exceeded"": false, ""rssi"": -79}, ""communication_mode"": ""BEACON"", ""timestamp"": 147424, ""packets_received"": 455, ""kalman_data"": {""altitude"": 1.26, ""vertical_velocity"": -1.59}, ""kalman_altitude"": 1.26, ""kalman_vertical_velocity"": -1.59, ""pyroDrogue"": 0, ""pyroMain"": 0, ""pyro1_state"": 0, ""pyro2_state"": 0}"
1764328796.890118,2025-11-28T14:19:56.890118,948,0,0,-0.73,-0.09,0.57,-46.82,-7.51,-10.4,-132.65,-1.52,0,0,0,85106,848.97,26.39,0.98,0,0,0,0,-77,1.02,-1.71,BEACON,"{""record_number"": 948, ""operation_mode"": 0, ""state"": 0, ""battery_voltage"": 0, ""wifi_rssi"": -77, ""acc_data"": {""ax"": -0.73, ""ay"": -0.09, ""az"": 0.57, ""pitch"": -46.82, ""roll"": -7.51}, ""gyro_data"": {""gx"": -10.4, ""gy"": -132.65, ""gz"": -1.52}, ""gps_data"": {""latitude"": 0, ""longitude"": 0, ""gps_altitude"": 0, ""time"": 85106}, ""alt_data"": {""pressure"": 848.97, ""temperature"": 26.39, ""AGL"": 0.98, ""velocity"": 0, ""kalman_altitude"": 1.02, ""kalman_vertical_velocity"": -1.71}, ""chute_state"": {""pyro1_state"": 0, ""pyro2_state"": 0}, ""connection_status"": {""connected"": true, ""has_ever_connected"": true, ""packet_age_ms"": 1, ""timeout_exceeded"": false, ""rssi"": -77}, ""communication_mode"": ""BEACON"", ""timestamp"": 147534, ""packets_received"": 456, ""kalman_data"": {""altitude"": 1.02, ""vertical_velocity"": -1.71}, ""kalman_altitude"": 1.02, ""kalman_vertical_velocity"": -1.71, ""pyroDrogue"": 0, ""pyroMain"": 0, ""pyro1_state"": 0, ""pyro2_state"": 0}"
1764328796.961898,2025-11-28T14:19:56.961898,949,0,0,-0.76,-0.08,0.58,-50.25,-7.5,-10.82,-181.01,52.23,0,0,0,85306,848.96,26.4,1.08,0,0,0,0,-76,1.07,-1.69,BEACON,"{""record_number"": 949, ""operation_mode"": 0, ""state"": 0, ""battery_voltage"": 0, ""wifi_rssi"": -76, ""acc_data"": {""ax"": -0.76, ""ay"": -0.08, ""az"": 0.58, ""pitch"": -50.25, ""roll"": -7.5}, ""gyro_data"": {""gx"": -10.82, ""gy"": -181.01, ""gz"": 52.23}, ""gps_data"": {""latitude"": 0, ""longitude"": 0, ""gps_altitude"": 0, ""time"": 85306}, ""alt_data"": {""pressure"": 848.96, ""temperature"": 26.4, ""AGL"": 1.08, ""velocity"": 0, ""kalman_altitude"": 1.07, ""kalman_vertical_velocity"": -1.69}, ""chute_state"": {""pyro1_state"": 0, ""pyro2_state"": 0}, ""connection_status"": {""connected"": true, ""has_ever_connected"": true, ""packet_age_ms"": 0, ""timeout_exceeded"": false, ""rssi"": -76}, ""communication_mode"": ""BEACON"", ""timestamp"": 147646, ""packets_received"": 457, ""kalman_data"": {""altitude"": 1.07, ""vertical_velocity"": -1.69}, ""kalman_altitude"": 1.07, ""kalman_vertical_velocity"": -1.69, ""pyroDrogue"": 0, ""pyroMain"": 0, ""pyro1_state"": 0, ""pyro2_state"": 0}"
1764328797.045883,2025-11-28T14:19:57.045883,951,0,0,-0.6,-0.15,0.73,-35.92,-11.2,-61.86,-166.77,12.13,0,0,0,85306,848.99,26.4,0.83,0,0,0,0,-76,0.87,-1.79,BEACON,"{""record_number"": 951, ""operation_mode"": 0, ""state"": 0, ""battery_voltage"": 0, ""wifi_rssi"": -76, ""acc_data"": {""ax"": -0.6, ""ay"": -0.15, ""az"": 0.73, ""pitch"": -35.92, ""roll"": -11.2}, ""gyro_data"": {""gx"": -61.86, ""gy"": -166.77, ""gz"": 12.13}, ""gps_data"": {""latitude"": 0, ""longitude"": 0, ""gps_altitude"": 0, ""time"": 85306}, ""alt_data"": {""pressure"": 848.99, ""temperature"": 26.4, ""AGL"": 0.83, ""velocity"": 0, ""kalman_altitude"": 0.87, ""kalman_vertical_velocity"": -1.79}, ""chute_state"": {""pyro1_state"": 0, ""pyro2_state"": 0}, ""connection_status"": {""connected"": true, ""has_ever_connected"": true, ""packet_age_ms"": 0, ""timeout_exceeded"": false, ""rssi"": -76}, ""communication_mode"": ""BEACON"", ""timestamp"": 147762, ""packets_received"": 458, ""kalman_data"": {""altitude"": 0.87, ""vertical_velocity"": -1.79}, ""kalman_altitude"": 0.87, ""kalman_vertical_velocity"": -1.79, ""pyroDrogue"": 0, ""pyroMain"": 0, ""pyro1_state"": 0, ""pyro2_state"": 0}"
1764328797.424547,2025-11-28T14:19:57.424547,952,0,0,-0.56,-0.17,0.77,-33.87,-11.97,-34.7,-122.93,-9.45,0,0,0,85506,849.01,26.41,0.64,0,0,0,0,-75,0.69,-1.87,BEACON,"{""record_number"": 952, ""operation_mode"": 0, ""state"": 0, ""battery_voltage"": 0, ""wifi_rssi"": -75, ""acc_data"": {""ax"": -0.56, ""ay"": -0.17, ""az"": 0.77, ""pitch"": -33.87, ""roll"": -11.97}, ""gyro_data"": {""gx"": -34.7, ""gy"": -122.93, ""gz"": -9.45}, ""gps_data"": {""latitude"": 0, ""longitude"": 0, ""gps_altitude"": 0, ""time"": 85506}, ""alt_data"": {""pressure"": 849.01, ""temperature"": 26.41, ""AGL"": 0.64, ""velocity"": 0, ""kalman_altitude"": 0.69, ""kalman_vertical_velocity"": -1.87}, ""chute_state"": {""pyro1_state"": 0, ""pyro2_state"": 0}, ""connection_status"": {""connected"": true, ""has_ever_connected"": true, ""packet_age_ms"": 0, ""timeout_exceeded"": false, ""rssi"": -75}, ""communication_mode"": ""BEACON"", ""timestamp"": 147872, ""packets_received"": 459, ""kalman_data"": {""altitude"": 0.69, ""vertical_velocity"": -1.87}, ""kalman_altitude"": 0.69, ""kalman_vertical_velocity"": -1.87, ""pyroDrogue"": 0, ""pyroMain"": 0, ""pyro1_state"": 0, ""pyro2_state"": 0}"
1764328797.46921,2025-11-28T14:19:57.469210,953,0,0,-0.56,-0.12,0.79,-33.67,-8.19,-67.8,-83.78,-15.37,0,0,0,85506,848.97,26.4,1.04,0,0,0,0,-74,0.99,-1.74,BEACON,"{""record_number"": 953, ""operation_mode"": 0, ""state"": 0, ""battery_voltage"": 0, ""wifi_rssi"": -74, ""acc_data"": {""ax"": -0.56, ""ay"": -0.12, ""az"": 0.79, ""pitch"": -33.67, ""roll"": -8.19}, ""gyro_data"": {""gx"": -67.8, ""gy"": -83.78, ""gz"": -15.37}, ""gps_data"": {""latitude"": 0, ""longitude"": 0, ""gps_altitude"": 0, ""time"": 85506}, ""alt_data"": {""pressure"": 848.97, ""temperature"": 26.4, ""AGL"": 1.04, ""velocity"": 0, ""kalman_altitude"": 0.99, ""kalman_vertical_velocity"": -1.74}, ""chute_state"": {""pyro1_state"": 0, ""pyro2_state"": 0}, ""connection_status"": {""connected"": true, ""has_ever_connected"": true, ""packet_age_ms"": 0, ""timeout_exceeded"": false, ""rssi"": -74}, ""communication_mode"": ""BEACON"", ""timestamp"": 147989, ""packets_received"": 460, ""kalman_data"": {""altitude"": 0.99, ""vertical_velocity"": -1.74}, ""kalman_altitude"": 0.99, ""kalman_vertical_velocity"": -1.74, ""pyroDrogue"": 0, ""pyroMain"": 0, ""pyro1_state"": 0, ""pyro2_state"": 0}"
1764328797.530163,2025-11-28T14:19:57.530163,955,0,0,-0.53,-0.17,0.81,-31.81,-11.64,-83.81,-79.57,26.86,0,0,0,85711,848.96,26.39,1.16,0,0,0,0,-73,1.13,-1.68,BEACON,"{""record_number"": 955, ""operation_mode"": 0, ""state"": 0, ""battery_voltage"": 0, ""wifi_rssi"": -73, ""acc_data"": {""ax"": -0.53, ""ay"": -0.17, ""az"": 0.81, ""pitch"": -31.81, ""roll"": -11.64}, ""gyro_data"": {""gx"": -83.81, ""gy"": -79.57, ""gz"": 26.86}, ""gps_data"": {""latitude"": 0, ""longitude"": 0, ""gps_altitude"": 0, ""time"": 85711}, ""alt_data"": {""pressure"": 848.96, ""temperature"": 26.39, ""AGL"": 1.16, ""velocity"": 0, ""kalman_altitude"": 1.13, ""kalman_vertical_velocity"": -1.68}, ""chute_state"": {""pyro1_state"": 0, ""pyro2_state"": 0}, ""connection_status"": {""connected"": true, ""has_ever_connected"": true, ""packet_age_ms"": 0, ""timeout_exceeded"": false, ""rssi"": -73}, ""communication_mode"": ""BEACON"", ""timestamp"": 148098, ""packets_received"": 461, ""kalman_data"": {""altitude"": 1.13, ""vertical_velocity"": -1.68}, ""kalman_altitude"": 1.13, ""kalman_vertical_velocity"": -1.68, ""pyroDrogue"": 0, ""pyroMain"": 0, ""pyro1_state"": 0, ""pyro2_state"": 0}"
1764328797.579819,2025-11-28T14:19:57.579819,956,0,0,-0.51,-0.18,0.82,-30.99,-11.87,-55.79,-73.45,38.17,0,0,0,85711,849,26.39,0.76,0,0,0,0,-74,0.79,-1.83,BEACON,"{""record_number"": 956, ""operation_mode"": 0, ""state"": 0, ""battery_voltage"": 0, ""wifi_rssi"": -74, ""acc_data"": {""ax"": -0.51, ""ay"": -0.18, ""az"": 0.82, ""pitch"": -30.99, ""roll"": -11.87}, ""gyro_data"": {""gx"": -55.79, ""gy"": -73.45, ""gz"": 38.17}, ""gps_data"": {""latitude"": 0, ""longitude"": 0, ""gps_altitude"": 0, ""time"": 85711}, ""alt_data"": {""pressure"": 849, ""temperature"": 26.39, ""AGL"": 0.76, ""velocity"": 0, ""kalman_altitude"": 0.79, ""kalman_vertical_velocity"": -1.83}, ""chute_state"": {""pyro1_state"": 0, ""pyro2_state"": 0}, ""connection_status"": {""connected"": true, ""has_ever_connected"": true, ""packet_age_ms"": 0, ""timeout_exceeded"": false, ""rssi"": -74}, ""communication_mode"": ""BEACON"", ""timestamp"": 148211, ""packets_received"": 462, ""kalman_data"": {""altitude"": 0.79, ""vertical_velocity"": -1.83}, ""kalman_altitude"": 0.79, ""kalman_vertical_velocity"": -1.83, ""pyroDrogue"": 0, ""pyroMain"": 0, ""pyro1_state"": 0, ""pyro2_state"": 0}"
1764328797.615819,2025-11-28T14:19:57.615819,957,0,0,-0.51,-0.16,0.84,-31.28,-11.51,-42.16,-89.94,63.2,0,0,0,85914,849,26.4,0.72,0,0,0,0,-74,0.73,-1.86,BEACON,"{""record_number"": 957, ""operation_mode"": 0, ""state"": 0, ""battery_voltage"": 0, ""wifi_rssi"": -74, ""acc_data"": {""ax"": -0.51, ""ay"": -0.16, ""az"": 0.84, ""pitch"": -31.28, ""roll"": -11.51}, ""gyro_data"": {""gx"": -42.16, ""gy"": -89.94, ""gz"": 63.2}, ""gps_data"": {""latitude"": 0, ""longitude"": 0, ""gps_altitude"": 0, ""time"": 85914}, ""alt_data"": {""pressure"": 849, ""temperature"": 26.4, ""AGL"": 0.72, ""velocity"": 0, ""kalman_altitude"": 0.73, ""kalman_vertical_velocity"": -1.86}, ""chute_state"": {""pyro1_state"": 0, ""pyro2_state"": 0}, ""connection_status"": {""connected"": true, ""has_ever_connected"": true, ""packet_age_ms"": 0, ""timeout_exceeded"": false, ""rssi"": -74}, ""communication_mode"": ""BEACON"", ""timestamp"": 148324, ""packets_received"": 463, ""kalman_data"": {""altitude"": 0.73, ""vertical_velocity"": -1.86}, ""kalman_altitude"": 0.73, ""kalman_vertical_velocity"": -1.86, ""pyroDrogue"": 0, ""pyroMain"": 0, ""pyro1_state"": 0, ""pyro2_state"": 0}"
1764328797.708819,2025-11-28T14:19:57.708819,959,0,0,-0.36,-0.17,0.84,-20.92,-12.18,-8.26,-29.51,46.19,0,0,0,85914,849.03,26.41,0.46,0,0,0,0,-75,0.5,-1.97,BEACON,"{""record_number"": 959, ""operation_mode"": 0, ""state"": 0, ""battery_voltage"": 0, ""wifi_rssi"": -75, ""acc_data"": {""ax"": -0.36, ""ay"": -0.17, ""az"": 0.84, ""pitch"": -20.92, ""roll"": -12.18}, ""gyro_data"": {""gx"": -8.26, ""gy"": -29.51, ""gz"": 46.19}, ""gps_data"": {""latitude"": 0, ""longitude"": 0, ""gps_altitude"": 0, ""time"": 85914}, ""alt_data"": {""pressure"": 849.03, ""temperature"": 26.41, ""AGL"": 0.46, ""velocity"": 0, ""kalman_altitude"": 0.5, ""kalman_vertical_velocity"": -1.97}, ""chute_state"": {""pyro1_state"": 0, ""pyro2_state"": 0}, ""connection_status"": {""connected"": true, ""has_ever_connected"": true, ""packet_age_ms"": 1, ""timeout_exceeded"": false, ""rssi"": -75}, ""communication_mode"": ""BEACON"", ""timestamp"": 148436, ""packets_received"": 464, ""kalman_data"": {""altitude"": 0.5, ""vertical_velocity"": -1.97}, ""kalman_altitude"": 0.5, ""kalman_vertical_velocity"": -1.97, ""pyroDrogue"": 0, ""pyroMain"": 0, ""pyro1_state"": 0, ""pyro2_state"": 0}"
1764328797.915125,2025-11-28T14:19:57.915125,960,0,0,-0.44,-0.19,0.84,-25.99,-12.34,-21.77,-29.18,-43.02,0,0,0,86113,849.03,26.41,0.39,0,0,0,0,-78,0.45,-1.99,BEACON,"{""record_number"": 960, ""operation_mode"": 0, ""state"": 0, ""battery_voltage"": 0, ""wifi_rssi"": -78, ""acc_data"": {""ax"": -0.44, ""ay"": -0.19, ""az"": 0.84, ""pitch"": -25.99, ""roll"": -12.34}, ""gyro_data"": {""gx"": -21.77, ""gy"": -29.18, ""gz"": -43.02}, ""gps_data"": {""latitude"": 0, ""longitude"": 0, ""gps_altitude"": 0, ""time"": 86113}, ""alt_data"": {""pressure"": 849.03, ""temperature"": 26.41, ""AGL"": 0.39, ""velocity"": 0, ""kalman_altitude"": 0.45, ""kalman_vertical_velocity"": -1.99}, ""chute_state"": {""pyro1_state"": 0, ""pyro2_state"": 0}, ""connection_status"": {""connected"": true, ""has_ever_connected"": true, ""packet_age_ms"": 1, ""timeout_exceeded"": false, ""rssi"": -78}, ""communication_mode"": ""BEACON"", ""timestamp"": 148549, ""packets_received"": 465, ""kalman_data"": {""altitude"": 0.45, ""vertical_velocity"": -1.99}, ""kalman_altitude"": 0.45, ""kalman_vertical_velocity"": -1.99, ""pyroDrogue"": 0, ""pyroMain"": 0, ""pyro1_state"": 0, ""pyro2_state"": 0}"
1764328798.106077,2025-11-28T14:19:58.106077,961,0,0,-0.4,-0.18,0.91,-23.64,-11.39,17.32,-17.87,-13.99,0,0,0,86314,848.98,26.41,0.96,0,0,0,0,-80,0.88,-1.79,BEACON,"{""record_number"": 961, ""operation_mode"": 0, ""state"": 0, ""battery_voltage"": 0, ""wifi_rssi"": -80, ""acc_data"": {""ax"": -0.4, ""ay"": -0.18, ""az"": 0.91, ""pitch"": -23.64, ""roll"": -11.39}, ""gyro_data"": {""gx"": 17.32, ""gy"": -17.87, ""gz"": -13.99}, ""gps_data"": {""latitude"": 0, ""longitude"": 0, ""gps_altitude"": 0, ""time"": 86314}, ""alt_data"": {""pressure"": 848.98, ""temperature"": 26.41, ""AGL"": 0.96, ""velocity"": 0, ""kalman_altitude"": 0.88, ""kalman_vertical_velocity"": -1.79}, ""chute_state"": {""pyro1_state"": 0, ""pyro2_state"": 0}, ""connection_status"": {""connected"": true, ""has_ever_connected"": true, ""packet_age_ms"": 1, ""timeout_exceeded"": false, ""rssi"": -80}, ""communication_mode"": ""BEACON"", ""timestamp"": 148661, ""packets_received"": 466, ""kalman_data"": {""altitude"": 0.88, ""vertical_velocity"": -1.79}, ""kalman_altitude"": 0.88, ""kalman_vertical_velocity"": -1.79, ""pyroDrogue"": 0, ""pyroMain"": 0, ""pyro1_state"": 0, ""pyro2_state"": 0}"
1764328798.215141,2025-11-28T14:19:58.215141,962,0,0,-0.42,-0.18,0.9,-24.38,-11.02,74.91,-34.05,-51.07,0,0,0,86314,849.01,26.41,0.67,0,0,0,0,-79,0.7,-1.87,BEACON,"{""record_number"": 962, ""operation_mode"": 0, ""state"": 0, ""battery_voltage"": 0, ""wifi_rssi"": -79, ""acc_data"": {""ax"": -0.42, ""ay"": -0.18, ""az"": 0.9, ""pitch"": -24.38, ""roll"": -11.02}, ""gyro_data"": {""gx"": 74.91, ""gy"": -34.05, ""gz"": -51.07}, ""gps_data"": {""latitude"": 0, ""longitude"": 0, ""gps_altitude"": 0, ""time"": 86314}, ""alt_data"": {""pressure"": 849.01, ""temperature"": 26.41, ""AGL"": 0.67, ""velocity"": 0, ""kalman_altitude"": 0.7, ""kalman_vertical_velocity"": -1.87}, ""chute_state"": {""pyro1_state"": 0, ""pyro2_state"": 0}, ""connection_status"": {""connected"": true, ""has_ever_connected"": true, ""packet_age_ms"": 1, ""timeout_exceeded"": false, ""rssi"": -79}, ""communication_mode"": ""BEACON"", ""timestamp"": 148777, ""packets_received"": 467, ""kalman_data"": {""altitude"": 0.7, ""vertical_velocity"": -1.87}, ""kalman_altitude"": 0.7, ""kalman_vertical_velocity"": -1.87, ""pyroDrogue"": 0, ""pyroMain"": 0, ""pyro1_state"": 0, ""pyro2_state"": 0}"
1764328798.281144,2025-11-28T14:19:58.281144,964,0,0,-0.41,-0.09,0.83,-24.96,-6.27,119.51,-2.07,-183.51,0,0,0,86514,849,26.4,0.76,0,0,0,0,-75,0.75,-1.85,BEACON,"{""record_number"": 964, ""operation_mode"": 0, ""state"": 0, ""battery_voltage"": 0, ""wifi_rssi"": -75, ""acc_data"": {""ax"": -0.41, ""ay"": -0.09, ""az"": 0.83, ""pitch"": -24.96, ""roll"": -6.27}, ""gyro_data"": {""gx"": 119.51, ""gy"": -2.07, ""gz"": -183.51}, ""gps_data"": {""latitude"": 0, ""longitude"": 0, ""gps_altitude"": 0, ""time"": 86514}, ""alt_data"": {""pressure"": 849, ""temperature"": 26.4, ""AGL"": 0.76, ""velocity"": 0, ""kalman_altitude"": 0.75, ""kalman_vertical_velocity"": -1.85}, ""chute_state"": {""pyro1_state"": 0, ""pyro2_state"": 0}, ""connection_status"": {""connected"": true, ""has_ever_connected"": true, ""packet_age_ms"": 0, ""timeout_exceeded"": false, ""rssi"": -75}, ""communication_mode"": ""BEACON"", ""timestamp"": 148889, ""packets_received"": 468, ""kalman_data"": {""altitude"": 0.75, ""vertical_velocity"": -1.85}, ""kalman_altitude"": 0.75, ""kalman_vertical_velocity"": -1.85, ""pyroDrogue"": 0, ""pyroMain"": 0, ""pyro1_state"": 0, ""pyro2_state"": 0}"
1764328798.323199,2025-11-28T14:19:58.323199,965,0,0,-0.45,-0.08,0.86,-26.89,-5.48,80.46,-4.6,-181.68,0,0,0,86514,849,26.4,0.72,0,0,0,0,-73,0.79,-1.83,BEACON,"{""record_number"": 965, ""operation_mode"": 0, ""state"": 0, ""battery_voltage"": 0, ""wifi_rssi"": -73, ""acc_data"": {""ax"": -0.45, ""ay"": -0.08, ""az"": 0.86, ""pitch"": -26.89, ""roll"": -5.48}, ""gyro_data"": {""gx"": 80.46, ""gy"": -4.6, ""gz"": -181.68}, ""gps_data"": {""latitude"": 0, ""longitude"": 0, ""gps_altitude"": 0, ""time"": 86514}, ""alt_data"": {""pressure"": 849, ""temperature"": 26.4, ""AGL"": 0.72, ""velocity"": 0, ""kalman_altitude"": 0.79, ""kalman_vertical_velocity"": -1.83}, ""chute_state"": {""pyro1_state"": 0, ""pyro2_state"": 0}, ""connection_status"": {""connected"": true, ""has_ever_connected"": true, ""packet_age_ms"": 0, ""timeout_exceeded"": false, ""rssi"": -73}, ""communication_mode"": ""BEACON"", ""timestamp"": 149000, ""packets_received"": 469, ""kalman_data"": {""altitude"": 0.79, ""vertical_velocity"": -1.83}, ""kalman_altitude"": 0.79, ""kalman_vertical_velocity"": -1.83, ""pyroDrogue"": 0, ""pyroMain"": 0, ""pyro1_state"": 0, ""pyro2_state"": 0}"
1764328798.407198,2025-11-28T14:19:58.407198,966,0,0,-0.36,-0.11,0.84,-20.77,-6.94,26.71,-32.04,-205.79,0,0,0,86718,848.94,26.39,1.34,0,0,0,0,-72,1.25,-1.62,BEACON,"{""record_number"": 966, ""operation_mode"": 0, ""state"": 0, ""battery_voltage"": 0, ""wifi_rssi"": -72, ""acc_data"": {""ax"": -0.36, ""ay"": -0.11, ""az"": 0.84, ""pitch"": -20.77, ""roll"": -6.94}, ""gyro_data"": {""gx"": 26.71, ""gy"": -32.04, ""gz"": -205.79}, ""gps_data"": {""latitude"": 0, ""longitude"": 0, ""gps_altitude"": 0, ""time"": 86718}, ""alt_data"": {""pressure"": 848.94, ""temperature"": 26.39, ""AGL"": 1.34, ""velocity"": 0, ""kalman_altitude"": 1.25, ""kalman_vertical_velocity"": -1.62}, ""chute_state"": {""pyro1_state"": 0, ""pyro2_state"": 0}, ""connection_status"": {""connected"": true, ""has_ever_connected"": true, ""packet_age_ms"": 0, ""timeout_exceeded"": false, ""rssi"": -72}, ""communication_mode"": ""BEACON"", ""timestamp"": 149114, ""packets_received"": 470, ""kalman_data"": {""altitude"": 1.25, ""vertical_velocity"": -1.62}, ""kalman_altitude"": 1.25, ""kalman_vertical_velocity"": -1.62, ""pyroDrogue"": 0, ""pyroMain"": 0, ""pyro1_state"": 0, ""pyro2_state"": 0}"
1764328798.501728,2025-11-28T14:19:58.501728,968,0,0,-0.43,-0.16,0.92,-25.27,-10.01,21.62,-36.74,-137.04,0,0,0,86718,849,26.4,0.76,0,0,0,0,-71,0.83,-1.81,BEACON,"{""record_number"": 968, ""operation_mode"": 0, ""state"": 0, ""battery_voltage"": 0, ""wifi_rssi"": -71, ""acc_data"": {""ax"": -0.43, ""ay"": -0.16, ""az"": 0.92, ""pitch"": -25.27, ""roll"": -10.01}, ""gyro_data"": {""gx"": 21.62, ""gy"": -36.74, ""gz"": -137.04}, ""gps_data"": {""latitude"": 0, ""longitude"": 0, ""gps_altitude"": 0, ""time"": 86718}, ""alt_data"": {""pressure"": 849, ""temperature"": 26.4, ""AGL"": 0.76, ""velocity"": 0, ""kalman_altitude"": 0.83, ""kalman_vertical_velocity"": -1.81}, ""chute_state"": {""pyro1_state"": 0, ""pyro2_state"": 0}, ""connection_status"": {""connected"": true, ""has_ever_connected"": true, ""packet_age_ms"": 0, ""timeout_exceeded"": false, ""rssi"": -71}, ""communication_mode"": ""BEACON"", ""timestamp"": 149227, ""packets_received"": 471, ""kalman_data"": {""altitude"": 0.83, ""vertical_velocity"": -1.81}, ""kalman_altitude"": 0.83, ""kalman_vertical_velocity"": -1.81, ""pyroDrogue"": 0, ""pyroMain"": 0, ""pyro1_state"": 0, ""pyro2_state"": 0}"
1764328798.630098,2025-11-28T14:19:58.630098,969,0,0,-0.35,-0.17,0.95,-20.32,-10.68,94.97,-46.89,-109.42,0,0,0,86919,848.93,26.39,1.37,0,0,0,0,-69,1.34,-1.58,BEACON,"{""record_number"": 969, ""operation_mode"": 0, ""state"": 0, ""battery_voltage"": 0, ""wifi_rssi"": -69, ""acc_data"": {""ax"": -0.35, ""ay"": -0.17, ""az"": 0.95, ""pitch"": -20.32, ""roll"": -10.68}, ""gyro_data"": {""gx"": 94.97, ""gy"": -46.89, ""gz"": -109.42}, ""gps_data"": {""latitude"": 0, ""longitude"": 0, ""gps_altitude"": 0, ""time"": 86919}, ""alt_data"": {""pressure"": 848.93, ""temperature"": 26.39, ""AGL"": 1.37, ""velocity"": 0, ""kalman_altitude"": 1.34, ""kalman_vertical_velocity"": -1.58}, ""chute_state"": {""pyro1_state"": 0, ""pyro2_state"": 0}, ""connection_status"": {""connected"": true, ""has_ever_connected"": true, ""packet_age_ms"": 1, ""timeout_exceeded"": false, ""rssi"": -69}, ""communication_mode"": ""BEACON"", ""timestamp"": 149339, ""packets_received"": 472, ""kalman_data"": {""altitude"": 1.34, ""vertical_velocity"": -1.58}, ""kalman_altitude"": 1.34, ""kalman_vertical_velocity"": -1.58, ""pyroDrogue"": 0, ""pyroMain"": 0, ""pyro1_state"": 0, ""pyro2_state"": 0}"
1764328798.724886,2025-11-28T14:19:58.724886,970,0,0,-0.29,-0.19,0.92,-17.25,-11.28,110.3,-21.4,-87.9,0,0,0,86919,848.95,26.4,1.19,0,0,0,0,-68,1.21,-1.63,BEACON,"{""record_number"": 970, ""operation_mode"": 0, ""state"": 0, ""battery_voltage"": 0, ""wifi_rssi"": -68, ""acc_data"": {""ax"": -0.29, ""ay"": -0.19, ""az"": 0.92, ""pitch"": -17.25, ""roll"": -11.28}, ""gyro_data"": {""gx"": 110.3, ""gy"": -21.4, ""gz"": -87.9}, ""gps_data"": {""latitude"": 0, ""longitude"": 0, ""gps_altitude"": 0, ""time"": 86919}, ""alt_data"": {""pressure"": 848.95, ""temperature"": 26.4, ""AGL"": 1.19, ""velocity"": 0, ""kalman_altitude"": 1.21, ""kalman_vertical_velocity"": -1.63}, ""chute_state"": {""pyro1_state"": 0, ""pyro2_state"": 0}, ""connection_status"": {""connected"": true, ""has_ever_connected"": true, ""packet_age_ms"": 0, ""timeout_exceeded"": false, ""rssi"": -68}, ""communication_mode"": ""BEACON"", ""timestamp"": 149451, ""packets_received"": 473, ""kalman_data"": {""altitude"": 1.21, ""vertical_velocity"": -1.63}, ""kalman_altitude"": 1.21, ""kalman_vertical_velocity"": -1.63, ""pyroDrogue"": 0, ""pyroMain"": 0, ""pyro1_state"": 0, ""pyro2_state"": 0}"
1764328798.870871,2025-11-28T14:19:58.870871,972,0,0,-0.4,-0.13,0.93,-23.22,-8.34,-11.31,86.68,-14.79,0,0,0,87119,848.99,26.41,0.78,0,0,0,0,-69,0.85,-1.8,BEACON,"{""record_number"": 972, ""operation_mode"": 0, ""state"": 0, ""battery_voltage"": 0, ""wifi_rssi"": -69, ""acc_data"": {""ax"": -0.4, ""ay"": -0.13, ""az"": 0.93, ""pitch"": -23.22, ""roll"": -8.34}, ""gyro_data"": {""gx"": -11.31, ""gy"": 86.68, ""gz"": -14.79}, ""gps_data"": {""latitude"": 0, ""longitude"": 0, ""gps_altitude"": 0, ""time"": 87119}, ""alt_data"": {""pressure"": 848.99, ""temperature"": 26.41, ""AGL"": 0.78, ""velocity"": 0, ""kalman_altitude"": 0.85, ""kalman_vertical_velocity"": -1.8}, ""chute_state"": {""pyro1_state"": 0, ""pyro2_state"": 0}, ""connection_status"": {""connected"": true, ""has_ever_connected"": true, ""packet_age_ms"": 1, ""timeout_exceeded"": false, ""rssi"": -69}, ""communication_mode"": ""BEACON"", ""timestamp"": 149565, ""packets_received"": 474, ""kalman_data"": {""altitude"": 0.85, ""vertical_velocity"": -1.8}, ""kalman_altitude"": 0.85, ""kalman_vertical_velocity"": -1.8, ""pyroDrogue"": 0, ""pyroMain"": 0, ""pyro1_state"": 0, ""pyro2_state"": 0}"
1764328798.959475,2025-11-28T14:19:58.959475,973,0,0,-0.38,-0.14,0.96,-22.28,-8.5,-25.7,111.4,-19.51,0,0,0,87319,848.98,26.41,0.89,0,0,0,0,-66,0.9,-1.77,BEACON,"{""record_number"": 973, ""operation_mode"": 0, ""state"": 0, ""battery_voltage"": 0, ""wifi_rssi"": -66, ""acc_data"": {""ax"": -0.38, ""ay"": -0.14, ""az"": 0.96, ""pitch"": -22.28, ""roll"": -8.5}, ""gyro_data"": {""gx"": -25.7, ""gy"": 111.4, ""gz"": -19.51}, ""gps_data"": {""latitude"": 0, ""longitude"": 0, ""gps_altitude"": 0, ""time"": 87319}, ""alt_data"": {""pressure"": 848.98, ""temperature"": 26.41, ""AGL"": 0.89, ""velocity"": 0, ""kalman_altitude"": 0.9, ""kalman_vertical_velocity"": -1.77}, ""chute_state"": {""pyro1_state"": 0, ""pyro2_state"": 0}, ""connection_status"": {""connected"": true, ""has_ever_connected"": true, ""packet_age_ms"": 1, ""timeout_exceeded"": false, ""rssi"": -66}, ""communication_mode"": ""BEACON"", ""timestamp"": 149678, ""packets_received"": 475, ""kalman_data"": {""altitude"": 0.9, ""vertical_velocity"": -1.77}, ""kalman_altitude"": 0.9, ""kalman_vertical_velocity"": -1.77, ""pyroDrogue"": 0, ""pyroMain"": 0, ""pyro1_state"": 0, ""pyro2_state"": 0}"
1764328799.064051,2025-11-28T14:19:59.064051,974,0,0,-0.41,-0.17,0.88,-23.43,-9.5,34.94,176.83,-5.91,0,0,0,87319,849.01,26.42,0.66,0,0,0,0,-66,0.7,-1.87,BEACON,"{""record_number"": 974, ""operation_mode"": 0, ""state"": 0, ""battery_voltage"": 0, ""wifi_rssi"": -66, ""acc_data"": {""ax"": -0.41, ""ay"": -0.17, ""az"": 0.88, ""pitch"": -23.43, ""roll"": -9.5}, ""gyro_data"": {""gx"": 34.94, ""gy"": 176.83, ""gz"": -5.91}, ""gps_data"": {""latitude"": 0, ""longitude"": 0, ""gps_altitude"": 0, ""time"": 87319}, ""alt_data"": {""pressure"": 849.01, ""temperature"": 26.42, ""AGL"": 0.66, ""velocity"": 0, ""kalman_altitude"": 0.7, ""kalman_vertical_velocity"": -1.87}, ""chute_state"": {""pyro1_state"": 0, ""pyro2_state"": 0}, ""connection_status"": {""connected"": true, ""has_ever_connected"": true, ""packet_age_ms"": 1, ""timeout_exceeded"": false, ""rssi"": -66}, ""communication_mode"": ""BEACON"", ""timestamp"": 149791, ""packets_received"": 476, ""kalman_data"": {""altitude"": 0.7, ""vertical_velocity"": -1.87}, ""kalman_altitude"": 0.7, ""kalman_vertical_velocity"": -1.87, ""pyroDrogue"": 0, ""pyroMain"": 0, ""pyro1_state"": 0, ""pyro2_state"": 0}"
1764328799.192532,2025-11-28T14:19:59.192532,976,0,0,-0.41,-0.2,0.83,-24.19,-13.77,-19.88,40.34,-34.76,0,0,0,87518,848.98,26.4,0.97,0,0,0,0,-67,0.93,-1.76,BEACON,"{""record_number"": 976, ""operation_mode"": 0, ""state"": 0, ""battery_voltage"": 0, ""wifi_rssi"": -67, ""acc_data"": {""ax"": -0.41, ""ay"": -0.2, ""az"": 0.83, ""pitch"": -24.19, ""roll"": -13.77}, ""gyro_data"": {""gx"": -19.88, ""gy"": 40.34, ""gz"": -34.76}, ""gps_data"": {""latitude"": 0, ""longitude"": 0, ""gps_altitude"": 0, ""time"": 87518}, ""alt_data"": {""pressure"": 848.98, ""temperature"": 26.4, ""AGL"": 0.97, ""velocity"": 0, ""kalman_altitude"": 0.93, ""kalman_vertical_velocity"": -1.76}, ""chute_state"": {""pyro1_state"": 0, ""pyro2_state"": 0}, ""connection_status"": {""connected"": true, ""has_ever_connected"": true, ""packet_age_ms"": 1, ""timeout_exceeded"": false, ""rssi"": -67}, ""communication_mode"": ""BEACON"", ""timestamp"": 149904, ""packets_received"": 477, ""kalman_data"": {""altitude"": 0.93, ""vertical_velocity"": -1.76}, ""kalman_altitude"": 0.93, ""kalman_vertical_velocity"": -1.76, ""pyroDrogue"": 0, ""pyroMain"": 0, ""pyro1_state"": 0, ""pyro2_state"": 0}"
1764328799.291307,2025-11-28T14:19:59.291307,977,0,0,-0.42,-0.26,0.84,-24.84,-16.21,21.49,-6.68,-35.82,0,0,0,87518,848.99,26.42,0.8,0,0,0,0,-66,0.85,-1.8,BEACON,"{""record_number"": 977, ""operation_mode"": 0, ""state"": 0, ""battery_voltage"": 0, ""wifi_rssi"": -66, ""acc_data"": {""ax"": -0.42, ""ay"": -0.26, ""az"": 0.84, ""pitch"": -24.84, ""roll"": -16.21}, ""gyro_data"": {""gx"": 21.49, ""gy"": -6.68, ""gz"": -35.82}, ""gps_data"": {""latitude"": 0, ""longitude"": 0, ""gps_altitude"": 0, ""time"": 87518}, ""alt_data"": {""pressure"": 848.99, ""temperature"": 26.42, ""AGL"": 0.8, ""velocity"": 0, ""kalman_altitude"": 0.85, ""kalman_vertical_velocity"": -1.8}, ""chute_state"": {""pyro1_state"": 0, ""pyro2_state"": 0}, ""connection_status"": {""connected"": true, ""has_ever_connected"": true, ""packet_age_ms"": 0, ""timeout_exceeded"": false, ""rssi"": -66}, ""communication_mode"": ""BEACON"", ""timestamp"": 150017, ""packets_received"": 478, ""kalman_data"": {""altitude"": 0.85, ""vertical_velocity"": -1.8}, ""kalman_altitude"": 0.85, ""kalman_vertical_velocity"": -1.8, ""pyroDrogue"": 0, ""pyroMain"": 0, ""pyro1_state"": 0, ""pyro2_state"": 0}"
1764328799.427585,2025-11-28T14:19:59.427585,978,0,0,-0.44,-0.16,0.8,-26.86,-11.97,35.49,-20.37,-31.19,0,0,0,87723,849.01,26.42,0.66,0,0,0,0,-67,0.69,-1.87,BEACON,"{""record_number"": 978, ""operation_mode"": 0, ""state"": 0, ""battery_voltage"": 0, ""wifi_rssi"": -67, ""acc_data"": {""ax"": -0.44, ""ay"": -0.16, ""az"": 0.8, ""pitch"": -26.86, ""roll"": -11.97}, ""gyro_data"": {""gx"": 35.49, ""gy"": -20.37, ""gz"": -31.19}, ""gps_data"": {""latitude"": 0, ""longitude"": 0, ""gps_altitude"": 0, ""time"": 87723}, ""alt_data"": {""pressure"": 849.01, ""temperature"": 26.42, ""AGL"": 0.66, ""velocity"": 0, ""kalman_altitude"": 0.69, ""kalman_vertical_velocity"": -1.87}, ""chute_state"": {""pyro1_state"": 0, ""pyro2_state"": 0}, ""connection_status"": {""connected"": true, ""has_ever_connected"": true, ""packet_age_ms"": 0, ""timeout_exceeded"": false, ""rssi"": -67}, ""communication_mode"": ""BEACON"", ""timestamp"": 150130, ""packets_received"": 479, ""kalman_data"": {""altitude"": 0.69, ""vertical_velocity"": -1.87}, ""kalman_altitude"": 0.69, ""kalman_vertical_velocity"": -1.87, ""pyroDrogue"": 0, ""pyroMain"": 0, ""pyro1_state"": 0, ""pyro2_state"": 0}"
1764328799.518134,2025-11-28T14:19:59.518134,980,0,0,-0.44,-0.2,0.85,-26.39,-13.32,-14.3,-10.18,-15.52,0,0,0,87723,848.96,26.41,1.14,0,0,0,0,-68,1.08,-1.7,BEACON,"{""record_number"": 980, ""operation_mode"": 0, ""state"": 0, ""battery_voltage"": 0, ""wifi_rssi"": -68, ""acc_data"": {""ax"": -0.44, ""ay"": -0.2, ""az"": 0.85, ""pitch"": -26.39, ""roll"": -13.32}, ""gyro_data"": {""gx"": -14.3, ""gy"": -10.18, ""gz"": -15.52}, ""gps_data"": {""latitude"": 0, ""longitude"": 0, ""gps_altitude"": 0, ""time"": 87723}, ""alt_data"": {""pressure"": 848.96, ""temperature"": 26.41, ""AGL"": 1.14, ""velocity"": 0, ""kalman_altitude"": 1.08, ""kalman_vertical_velocity"": -1.7}, ""chute_state"": {""pyro1_state"": 0, ""pyro2_state"": 0}, ""connection_status"": {""connected"": true, ""has_ever_connected"": true, ""packet_age_ms"": 1, ""timeout_exceeded"": false, ""rssi"": -68}, ""communication_mode"": ""BEACON"", ""timestamp"": 150243, ""packets_received"": 480, ""kalman_data"": {""altitude"": 1.08, ""vertical_velocity"": -1.7}, ""kalman_altitude"": 1.08, ""kalman_vertical_velocity"": -1.7, ""pyroDrogue"": 0, ""pyroMain"": 0, ""pyro1_state"": 0, ""pyro2_state"": 0}"
1764328799.647274,2025-11-28T14:19:59.647274,981,0,0,-0.43,-0.19,0.85,-25.33,-12.55,18.23,1.1,23.66,0,0,0,87924,849,26.42,0.77,0,0,0,0,-70,0.76,-1.84,BEACON,"{""record_number"": 981, ""operation_mode"": 0, ""state"": 0, ""battery_voltage"": 0, ""wifi_rssi"": -70, ""acc_data"": {""ax"": -0.43, ""ay"": -0.19, ""az"": 0.85, ""pitch"": -25.33, ""roll"": -12.55}, ""gyro_data"": {""gx"": 18.23, ""gy"": 1.1, ""gz"": 23.66}, ""gps_data"": {""latitude"": 0, ""longitude"": 0, ""gps_altitude"": 0, ""time"": 87924}, ""alt_data"": {""pressure"": 849, ""temperature"": 26.42, ""AGL"": 0.77, ""velocity"": 0, ""kalman_altitude"": 0.76, ""kalman_vertical_velocity"": -1.84}, ""chute_state"": {""pyro1_state"": 0, ""pyro2_state"": 0}, ""connection_status"": {""connected"": true, ""has_ever_connected"": true, ""packet_age_ms"": 1, ""timeout_exceeded"": false, ""rssi"": -70}, ""communication_mode"": ""BEACON"", ""timestamp"": 150356, ""packets_received"": 481, ""kalman_data"": {""altitude"": 0.76, ""vertical_velocity"": -1.84}, ""kalman_altitude"": 0.76, ""kalman_vertical_velocity"": -1.84, ""pyroDrogue"": 0, ""pyroMain"": 0, ""pyro1_state"": 0, ""pyro2_state"": 0}"
1764328799.741554,2025-11-28T14:19:59.741554,982,0,0,-0.41,-0.17,0.8,-23.98,-11.26,4.45,11.74,23.23,0,0,0,88124,849.03,26.42,0.44,0,0,0,0,-73,0.48,-1.97,BEACON,"{""record_number"": 982, ""operation_mode"": 0, ""state"": 0, ""battery_voltage"": 0, ""wifi_rssi"": -73, ""acc_data"": {""ax"": -0.41, ""ay"": -0.17, ""az"": 0.8, ""pitch"": -23.98, ""roll"": -11.26}, ""gyro_data"": {""gx"": 4.45, ""gy"": 11.74, ""gz"": 23.23}, ""gps_data"": {""latitude"": 0, ""longitude"": 0, ""gps_altitude"": 0, ""time"": 88124}, ""alt_data"": {""pressure"": 849.03, ""temperature"": 26.42, ""AGL"": 0.44, ""velocity"": 0, ""kalman_altitude"": 0.48, ""kalman_vertical_velocity"": -1.97}, ""chute_state"": {""pyro1_state"": 0, ""pyro2_state"": 0}, ""connection_status"": {""connected"": true, ""has_ever_connected"": true, ""packet_age_ms"": 1, ""timeout_exceeded"": false, ""rssi"": -73}, ""communication_mode"": ""BEACON"", ""timestamp"": 150469, ""packets_received"": 482, ""kalman_data"": {""altitude"": 0.48, ""vertical_velocity"": -1.97}, ""kalman_altitude"": 0.48, ""kalman_vertical_velocity"": -1.97, ""pyroDrogue"": 0, ""pyroMain"": 0, ""pyro1_state"": 0, ""pyro2_state"": 0}"
1764328799.880143,2025-11-28T14:19:59.880143,983,0,0,-0.35,-0.21,0.82,-20.71,-14.99,-51.62,-95.21,-6.59,0,0,0,88124,848.98,26.42,0.95,0,0,0,0,-75,0.88,-1.79,BEACON,"{""record_number"": 983, ""operation_mode"": 0, ""state"": 0, ""battery_voltage"": 0, ""wifi_rssi"": -75, ""acc_data"": {""ax"": -0.35, ""ay"": -0.21, ""az"": 0.82, ""pitch"": -20.71, ""roll"": -14.99}, ""gyro_data"": {""gx"": -51.62, ""gy"": -95.21, ""gz"": -6.59}, ""gps_data"": {""latitude"": 0, ""longitude"": 0, ""gps_altitude"": 0, ""time"": 88124}, ""alt_data"": {""pressure"": 848.98, ""temperature"": 26.42, ""AGL"": 0.95, ""velocity"": 0, ""kalman_altitude"": 0.88, ""kalman_vertical_velocity"": -1.79}, ""chute_state"": {""pyro1_state"": 0, ""pyro2_state"": 0}, ""connection_status"": {""connected"": true, ""has_ever_connected"": true, ""packet_age_ms"": 0, ""timeout_exceeded"": false, ""rssi"": -75}, ""communication_mode"": ""BEACON"", ""timestamp"": 150580, ""packets_received"": 483, ""kalman_data"": {""altitude"": 0.88, ""vertical_velocity"": -1.79}, ""kalman_altitude"": 0.88, ""kalman_vertical_velocity"": -1.79, ""pyroDrogue"": 0, ""pyroMain"": 0, ""pyro1_state"": 0, ""pyro2_state"": 0}"
1764328799.972166,2025-11-28T14:19:59.972166,985,0,0,-0.4,-0.21,0.84,-23.61,-14.08,-20.27,-32.04,128.14,0,0,0,88323,849.03,26.42,0.44,0,0,0,0,-76,0.49,-1.97,BEACON,"{""record_number"": 985, ""operation_mode"": 0, ""state"": 0, ""battery_voltage"": 0, ""wifi_rssi"": -76, ""acc_data"": {""ax"": -0.4, ""ay"": -0.21, ""az"": 0.84, ""pitch"": -23.61, ""roll"": -14.08}, ""gyro_data"": {""gx"": -20.27, ""gy"": -32.04, ""gz"": 128.14}, ""gps_data"": {""latitude"": 0, ""longitude"": 0, ""gps_altitude"": 0, ""time"": 88323}, ""alt_data"": {""pressure"": 849.03, ""temperature"": 26.42, ""AGL"": 0.44, ""velocity"": 0, ""kalman_altitude"": 0.49, ""kalman_vertical_velocity"": -1.97}, ""chute_state"": {""pyro1_state"": 0, ""pyro2_state"": 0}, ""connection_status"": {""connected"": true, ""has_ever_connected"": true, ""packet_age_ms"": 0, ""timeout_exceeded"": false, ""rssi"": -76}, ""communication_mode"": ""BEACON"", ""timestamp"": 150698, ""packets_received"": 484, ""kalman_data"": {""altitude"": 0.49, ""vertical_velocity"": -1.97}, ""kalman_altitude"": 0.49, ""kalman_vertical_velocity"": -1.97, ""pyroDrogue"": 0, ""pyroMain"": 0, ""pyro1_state"": 0, ""pyro2_state"": 0}"
1764328800.107933,2025-11-28T14:20:00.107933,986,0,0,-0.33,-0.17,0.85,-20.68,-11.11,-51.52,61.01,106.43,0,0,0,88323,848.96,26.42,1.13,0,0,0,0,-76,1.03,-1.72,BEACON,"{""record_number"": 986, ""operation_mode"": 0, ""state"": 0, ""battery_voltage"": 0, ""wifi_rssi"": -76, ""acc_data"": {""ax"": -0.33, ""ay"": -0.17, ""az"": 0.85, ""pitch"": -20.68, ""roll"": -11.11}, ""gyro_data"": {""gx"": -51.52, ""gy"": 61.01, ""gz"": 106.43}, ""gps_data"": {""latitude"": 0, ""longitude"": 0, ""gps_altitude"": 0, ""time"": 88323}, ""alt_data"": {""pressure"": 848.96, ""temperature"": 26.42, ""AGL"": 1.13, ""velocity"": 0, ""kalman_altitude"": 1.03, ""kalman_vertical_velocity"": -1.72}, ""chute_state"": {""pyro1_state"": 0, ""pyro2_state"": 0}, ""connection_status"": {""connected"": true, ""has_ever_connected"": true, ""packet_age_ms"": 0, ""timeout_exceeded"": false, ""rssi"": -76}, ""communication_mode"": ""BEACON"", ""timestamp"": 150807, ""packets_received"": 485, ""kalman_data"": {""altitude"": 1.03, ""vertical_velocity"": -1.72}, ""kalman_altitude"": 1.03, ""kalman_vertical_velocity"": -1.72, ""pyroDrogue"": 0, ""pyroMain"": 0, ""pyro1_state"": 0, ""pyro2_state"": 0}"
1764328800.196935,2025-11-28T14:20:00.196935,987,0,0,-0.36,-0.18,0.88,-21.4,-12.47,-73.02,110.88,88.81,0,0,0,88524,848.98,26.41,0.96,0,0,0,0,-75,0.97,-1.75,BEACON,"{""record_number"": 987, ""operation_mode"": 0, ""state"": 0, ""battery_voltage"": 0, ""wifi_rssi"": -75, ""acc_data"": {""ax"": -0.36, ""ay"": -0.18, ""az"": 0.88, ""pitch"": -21.4, ""roll"": -12.47}, ""gyro_data"": {""gx"": -73.02, ""gy"": 110.88, ""gz"": 88.81}, ""gps_data"": {""latitude"": 0, ""longitude"": 0, ""gps_altitude"": 0, ""time"": 88524}, ""alt_data"": {""pressure"": 848.98, ""temperature"": 26.41, ""AGL"": 0.96, ""velocity"": 0, ""kalman_altitude"": 0.97, ""kalman_vertical_velocity"": -1.75}, ""chute_state"": {""pyro1_state"": 0, ""pyro2_state"": 0}, ""connection_status"": {""connected"": true, ""has_ever_connected"": true, ""packet_age_ms"": 1, ""timeout_exceeded"": false, ""rssi"": -75}, ""communication_mode"": ""BEACON"", ""timestamp"": 150920, ""packets_received"": 486, ""kalman_data"": {""altitude"": 0.97, ""vertical_velocity"": -1.75}, ""kalman_altitude"": 0.97, ""kalman_vertical_velocity"": -1.75, ""pyroDrogue"": 0, ""pyroMain"": 0, ""pyro1_state"": 0, ""pyro2_state"": 0}"
1764328800.343093,2025-11-28T14:20:00.343093,989,0,0,-0.41,-0.22,0.86,-24.41,-14,23.87,-27.56,48.35,0,0,0,88524,849.01,26.42,0.62,0,0,0,0,-75,0.67,-1.89,BEACON,"{""record_number"": 989, ""operation_mode"": 0, ""state"": 0, ""battery_voltage"": 0, ""wifi_rssi"": -75, ""acc_data"": {""ax"": -0.41, ""ay"": -0.22, ""az"": 0.86, ""pitch"": -24.41, ""roll"": -14}, ""gyro_data"": {""gx"": 23.87, ""gy"": -27.56, ""gz"": 48.35}, ""gps_data"": {""latitude"": 0, ""longitude"": 0, ""gps_altitude"": 0, ""time"": 88524}, ""alt_data"": {""pressure"": 849.01, ""temperature"": 26.42, ""AGL"": 0.62, ""velocity"": 0, ""kalman_altitude"": 0.67, ""kalman_vertical_velocity"": -1.89}, ""chute_state"": {""pyro1_state"": 0, ""pyro2_state"": 0}, ""connection_status"": {""connected"": true, ""has_ever_connected"": true, ""packet_age_ms"": 1, ""timeout_exceeded"": false, ""rssi"": -75}, ""communication_mode"": ""BEACON"", ""timestamp"": 151035, ""packets_received"": 487, ""kalman_data"": {""altitude"": 0.67, ""vertical_velocity"": -1.89}, ""kalman_altitude"": 0.67, ""kalman_vertical_velocity"": -1.89, ""pyroDrogue"": 0, ""pyroMain"": 0, ""pyro1_state"": 0, ""pyro2_state"": 0}"
1764328800.528894,2025-11-28T14:20:00.528894,990,0,0,-0.4,-0.19,0.83,-22.82,-13.03,14.33,-20.82,9.02,0,0,0,88728,848.97,26.41,1.06,0,0,0,0,-77,1.06,-1.72,BEACON,"{""record_number"": 990, ""operation_mode"": 0, ""state"": 0, ""battery_voltage"": 0, ""wifi_rssi"": -77, ""acc_data"": {""ax"": -0.4, ""ay"": -0.19, ""az"": 0.83, ""pitch"": -22.82, ""roll"": -13.03}, ""gyro_data"": {""gx"": 14.33, ""gy"": -20.82, ""gz"": 9.02}, ""gps_data"": {""latitude"": 0, ""longitude"": 0, ""gps_altitude"": 0, ""time"": 88728}, ""alt_data"": {""pressure"": 848.97, ""temperature"": 26.41, ""AGL"": 1.06, ""velocity"": 0, ""kalman_altitude"": 1.06, ""kalman_vertical_velocity"": -1.72}, ""chute_state"": {""pyro1_state"": 0, ""pyro2_state"": 0}, ""connection_status"": {""connected"": true, ""has_ever_connected"": true, ""packet_age_ms"": 1, ""timeout_exceeded"": false, ""rssi"": -77}, ""communication_mode"": ""BEACON"", ""timestamp"": 151147, ""packets_received"": 488, ""kalman_data"": {""altitude"": 1.06, ""vertical_velocity"": -1.72}, ""kalman_altitude"": 1.06, ""kalman_vertical_velocity"": -1.72, ""pyroDrogue"": 0, ""pyroMain"": 0, ""pyro1_state"": 0, ""pyro2_state"": 0}"
1764328800.668421,2025-11-28T14:20:00.668421,991,0,0,-0.43,-0.18,0.77,-25.24,-12.97,-39.15,-15.43,-34.7,0,0,0,88728,848.98,26.42,0.91,0,0,0,0,-79,0.93,-1.77,BEACON,"{""record_number"": 991, ""operation_mode"": 0, ""state"": 0, ""battery_voltage"": 0, ""wifi_rssi"": -79, ""acc_data"": {""ax"": -0.43, ""ay"": -0.18, ""az"": 0.77, ""pitch"": -25.24, ""roll"": -12.97}, ""gyro_data"": {""gx"": -39.15, ""gy"": -15.43, ""gz"": -34.7}, ""gps_data"": {""latitude"": 0, ""longitude"": 0, ""gps_altitude"": 0, ""time"": 88728}, ""alt_data"": {""pressure"": 848.98, ""temperature"": 26.42, ""AGL"": 0.91, ""velocity"": 0, ""kalman_altitude"": 0.93, ""kalman_vertical_velocity"": -1.77}, ""chute_state"": {""pyro1_state"": 0, ""pyro2_state"": 0}, ""connection_status"": {""connected"": true, ""has_ever_connected"": true, ""packet_age_ms"": 0, ""timeout_exceeded"": false, ""rssi"": -79}, ""communication_mode"": ""BEACON"", ""timestamp"": 151266, ""packets_received"": 489, ""kalman_data"": {""altitude"": 0.93, ""vertical_velocity"": -1.77}, ""kalman_altitude"": 0.93, ""kalman_vertical_velocity"": -1.77, ""pyroDrogue"": 0, ""pyroMain"": 0, ""pyro1_state"": 0, ""pyro2_state"": 0}"
1764328801.508123,2025-11-28T14:20:01.508123,999,0,0,-0.54,-0.23,0.8,-33.54,-16.26,1.28,20.55,-2.9,0,0,0,89529,848.98,26.42,0.88,0,0,0,0,-79,0.89,-1.81,BEACON,"{""record_number"": 999, ""operation_mode"": 0, ""state"": 0, ""battery_voltage"": 0, ""wifi_rssi"": -79, ""acc_data"": {""ax"": -0.54, ""ay"": -0.23, ""az"": 0.8, ""pitch"": -33.54, ""roll"": -16.26}, ""gyro_data"": {""gx"": 1.28, ""gy"": 20.55, ""gz"": -2.9}, ""gps_data"": {""latitude"": 0, ""longitude"": 0, ""gps_altitude"": 0, ""time"": 89529}, ""alt_data"": {""pressure"": 848.98, ""temperature"": 26.42, ""AGL"": 0.88, ""velocity"": 0, ""kalman_altitude"": 0.89, ""kalman_vertical_velocity"": -1.81}, ""chute_state"": {""pyro1_state"": 0, ""pyro2_state"": 0}, ""connection_status"": {""connected"": true, ""has_ever_connected"": true, ""packet_age_ms"": 0, ""timeout_exceeded"": false, ""rssi"": -79}, ""communication_mode"": ""BEACON"", ""timestamp"": 151937, ""packets_received"": 490, ""kalman_data"": {""altitude"": 0.89, ""vertical_velocity"": -1.81}, ""kalman_altitude"": 0.89, ""kalman_vertical_velocity"": -1.81, ""pyroDrogue"": 0, ""pyroMain"": 0, ""pyro1_state"": 0, ""pyro2_state"": 0}"
1764328801.604214,2025-11-28T14:20:01.604214,1000,0,0,-0.55,-0.23,0.76,-32.34,-16.85,42.5,42.23,30.3,0,0,0,89529,849.02,26.42,0.55,0,0,0,0,-78,0.6,-1.95,BEACON,"{""record_number"": 1000, ""operation_mode"": 0, ""state"": 0, ""battery_voltage"": 0, ""wifi_rssi"": -78, ""acc_data"": {""ax"": -0.55, ""ay"": -0.23, ""az"": 0.76, ""pitch"": -32.34, ""roll"": -16.85}, ""gyro_data"": {""gx"": 42.5, ""gy"": 42.23, ""gz"": 30.3}, ""gps_data"": {""latitude"": 0, ""longitude"": 0, ""gps_altitude"": 0, ""time"": 89529}, ""alt_data"": {""pressure"": 849.02, ""temperature"": 26.42, ""AGL"": 0.55, ""velocity"": 0, ""kalman_altitude"": 0.6, ""kalman_vertical_velocity"": -1.95}, ""chute_state"": {""pyro1_state"": 0, ""pyro2_state"": 0}, ""connection_status"": {""connected"": true, ""has_ever_connected"": true, ""packet_age_ms"": 0, ""timeout_exceeded"": false, ""rssi"": -78}, ""communication_mode"": ""BEACON"", ""timestamp"": 152051, ""packets_received"": 491, ""kalman_data"": {""altitude"": 0.6, ""vertical_velocity"": -1.95}, ""kalman_altitude"": 0.6, ""kalman_vertical_velocity"": -1.95, ""pyroDrogue"": 0, ""pyroMain"": 0, ""pyro1_state"": 0, ""pyro2_state"": 0}"
1764328804.154601,2025-11-28T14:20:04.154601,1002,0,0,-0.52,-0.23,0.74,-31.51,-17.34,14.88,14.7,6.65,0,0,0,89736,848.99,26.41,0.85,0,0,0,0,-79,0.81,-1.85,BEACON,"{""record_number"": 1002, ""operation_mode"": 0, ""state"": 0, ""battery_voltage"": 0, ""wifi_rssi"": -79, ""acc_data"": {""ax"": -0.52, ""ay"": -0.23, ""az"": 0.74, ""pitch"": -31.51, ""roll"": -17.34}, ""gyro_data"": {""gx"": 14.88, ""gy"": 14.7, ""gz"": 6.65}, ""gps_data"": {""latitude"": 0, ""longitude"": 0, ""gps_altitude"": 0, ""time"": 89736}, ""alt_data"": {""pressure"": 848.99, ""temperature"": 26.41, ""AGL"": 0.85, ""velocity"": 0, ""kalman_altitude"": 0.81, ""kalman_vertical_velocity"": -1.85}, ""chute_state"": {""pyro1_state"": 0, ""pyro2_state"": 0}, ""connection_status"": {""connected"": true, ""has_ever_connected"": true, ""packet_age_ms"": 1, ""timeout_exceeded"": false, ""rssi"": -79}, ""communication_mode"": ""BEACON"", ""timestamp"": 152165, ""packets_received"": 492, ""kalman_data"": {""altitude"": 0.81, ""vertical_velocity"": -1.85}, ""kalman_altitude"": 0.81, ""kalman_vertical_velocity"": -1.85, ""pyroDrogue"": 0, ""pyroMain"": 0, ""pyro1_state"": 0, ""pyro2_state"": 0}"
1764328805.110928,2025-11-28T14:20:05.110928,1003,0,0,-0.54,-0.23,0.77,-32.9,-16.55,19.51,40.82,-44.12,0,0,0,89936,848.99,26.41,0.78,0,0,0,0,-80,0.75,-1.89,BEACON,"{""record_number"": 1003, ""operation_mode"": 0, ""state"": 0, ""battery_voltage"": 0, ""wifi_rssi"": -80, ""acc_data"": {""ax"": -0.54, ""ay"": -0.23, ""az"": 0.77, ""pitch"": -32.9, ""roll"": -16.55}, ""gyro_data"": {""gx"": 19.51, ""gy"": 40.82, ""gz"": -44.12}, ""gps_data"": {""latitude"": 0, ""longitude"": 0, ""gps_altitude"": 0, ""time"": 89936}, ""alt_data"": {""pressure"": 848.99, ""temperature"": 26.41, ""AGL"": 0.78, ""velocity"": 0, ""kalman_altitude"": 0.75, ""kalman_vertical_velocity"": -1.89}, ""chute_state"": {""pyro1_state"": 0, ""pyro2_state"": 0}, ""connection_status"": {""connected"": true, ""has_ever_connected"": true, ""packet_age_ms"": 0, ""timeout_exceeded"": false, ""rssi"": -80}, ""communication_mode"": ""BEACON"", ""timestamp"": 152276, ""packets_received"": 493, ""kalman_data"": {""altitude"": 0.75, ""vertical_velocity"": -1.89}, ""kalman_altitude"": 0.75, ""kalman_vertical_velocity"": -1.89, ""pyroDrogue"": 0, ""pyroMain"": 0, ""pyro1_state"": 0, ""pyro2_state"": 0}"
1764328805.219809,2025-11-28T14:20:05.219809,1004,0,0,-0.62,-0.23,0.71,-37.81,-18.66,74.45,45.18,-25.79,0,0,0,89936,848.99,26.41,0.85,0,0,0,0,-81,0.83,-1.86,BEACON,"{""record_number"": 1004, ""operation_mode"": 0, ""state"": 0, ""battery_voltage"": 0, ""wifi_rssi"": -81, ""acc_data"": {""ax"": -0.62, ""ay"": -0.23, ""az"": 0.71, ""pitch"": -37.81, ""roll"": -18.66}, ""gyro_data"": {""gx"": 74.45, ""gy"": 45.18, ""gz"": -25.79}, ""gps_data"": {""latitude"": 0, ""longitude"": 0, ""gps_altitude"": 0, ""time"": 89936}, ""alt_data"": {""pressure"": 848.99, ""temperature"": 26.41, ""AGL"": 0.85, ""velocity"": 0, ""kalman_altitude"": 0.83, ""kalman_vertical_velocity"": -1.86}, ""chute_state"": {""pyro1_state"": 0, ""pyro2_state"": 0}, ""connection_status"": {""connected"": true, ""has_ever_connected"": true, ""packet_age_ms"": 0, ""timeout_exceeded"": false, ""rssi"": -81}, ""communication_mode"": ""BEACON"", ""timestamp"": 152388, ""packets_received"": 494, ""kalman_data"": {""altitude"": 0.83, ""vertical_velocity"": -1.86}, ""kalman_altitude"": 0.83, ""kalman_vertical_velocity"": -1.86, ""pyroDrogue"": 0, ""pyroMain"": 0, ""pyro1_state"": 0, ""pyro2_state"": 0}"
1764328805.425902,2025-11-28T14:20:05.425902,1006,0,0,-0.61,-0.19,0.73,-37.24,-14.97,-21.68,-1.98,-19.94,0,0,0,90137,848.99,26.41,0.82,0,0,0,0,-81,0.82,-1.87,BEACON,"{""record_number"": 1006, ""operation_mode"": 0, ""state"": 0, ""battery_voltage"": 0, ""wifi_rssi"": -81, ""acc_data"": {""ax"": -0.61, ""ay"": -0.19, ""az"": 0.73, ""pitch"": -37.24, ""roll"": -14.97}, ""gyro_data"": {""gx"": -21.68, ""gy"": -1.98, ""gz"": -19.94}, ""gps_data"": {""latitude"": 0, ""longitude"": 0, ""gps_altitude"": 0, ""time"": 90137}, ""alt_data"": {""pressure"": 848.99, ""temperature"": 26.41, ""AGL"": 0.82, ""velocity"": 0, ""kalman_altitude"": 0.82, ""kalman_vertical_velocity"": -1.87}, ""chute_state"": {""pyro1_state"": 0, ""pyro2_state"": 0}, ""connection_status"": {""connected"": true, ""has_ever_connected"": true, ""packet_age_ms"": 1, ""timeout_exceeded"": false, ""rssi"": -81}, ""communication_mode"": ""BEACON"", ""timestamp"": 152501, ""packets_received"": 495, ""kalman_data"": {""altitude"": 0.82, ""vertical_velocity"": -1.87}, ""kalman_altitude"": 0.82, ""kalman_vertical_velocity"": -1.87, ""pyroDrogue"": 0, ""pyroMain"": 0, ""pyro1_state"": 0, ""pyro2_state"": 0}"
1764328805.895221,2025-11-28T14:20:05.895221,1052,0,0,-0.47,-0.19,0.84,-27.87,-12.91,-6.62,-9.24,-3.81,0,0,0,93960,848.96,26.4,1.15,0,0,0,0,-79,1.19,-1.79,BEACON,"{""record_number"": 1052, ""operation_mode"": 0, ""state"": 0, ""battery_voltage"": 0, ""wifi_rssi"": -79, ""acc_data"": {""ax"": -0.47, ""ay"": -0.19, ""az"": 0.84, ""pitch"": -27.87, ""roll"": -12.91}, ""gyro_data"": {""gx"": -6.62, ""gy"": -9.24, ""gz"": -3.81}, ""gps_data"": {""latitude"": 0, ""longitude"": 0, ""gps_altitude"": 0, ""time"": 93960}, ""alt_data"": {""pressure"": 848.96, ""temperature"": 26.4, ""AGL"": 1.15, ""velocity"": 0, ""kalman_altitude"": 1.19, ""kalman_vertical_velocity"": -1.79}, ""chute_state"": {""pyro1_state"": 0, ""pyro2_state"": 0}, ""connection_status"": {""connected"": true, ""has_ever_connected"": true, ""packet_age_ms"": 1, ""timeout_exceeded"": false, ""rssi"": -79}, ""communication_mode"": ""BEACON"", ""timestamp"": 156467, ""packets_received"": 512, ""kalman_data"": {""altitude"": 1.19, ""vertical_velocity"": -1.79}, ""kalman_altitude"": 1.19, ""kalman_vertical_velocity"": -1.79, ""pyroDrogue"": 0, ""pyroMain"": 0, ""pyro1_state"": 0, ""pyro2_state"": 0}"
1764328806.270279,2025-11-28T14:20:06.270279,1053,0,0,-0.48,-0.19,0.83,-28.73,-12.73,-14.54,-12.26,-8.26,0,0,0,94159,848.97,26.41,1,0,0,0,0,-79,1.02,-1.87,BEACON,"{""record_number"": 1053, ""operation_mode"": 0, ""state"": 0, ""battery_voltage"": 0, ""wifi_rssi"": -79, ""acc_data"": {""ax"": -0.48, ""ay"": -0.19, ""az"": 0.83, ""pitch"": -28.73, ""roll"": -12.73}, ""gyro_data"": {""gx"": -14.54, ""gy"": -12.26, ""gz"": -8.26}, ""gps_data"": {""latitude"": 0, ""longitude"": 0, ""gps_altitude"": 0, ""time"": 94159}, ""alt_data"": {""pressure"": 848.97, ""temperature"": 26.41, ""AGL"": 1, ""velocity"": 0, ""kalman_altitude"": 1.02, ""kalman_vertical_velocity"": -1.87}, ""chute_state"": {""pyro1_state"": 0, ""pyro2_state"": 0}, ""connection_status"": {""connected"": true, ""has_ever_connected"": true, ""packet_age_ms"": 1, ""timeout_exceeded"": false, ""rssi"": -79}, ""communication_mode"": ""BEACON"", ""timestamp"": 156574, ""packets_received"": 513, ""kalman_data"": {""altitude"": 1.02, ""vertical_velocity"": -1.87}, ""kalman_altitude"": 1.02, ""kalman_vertical_velocity"": -1.87, ""pyroDrogue"": 0, ""pyroMain"": 0, ""pyro1_state"": 0, ""pyro2_state"": 0}"
1764328806.368813,2025-11-28T14:20:06.368813,1054,0,0,-0.48,-0.19,0.83,-28.31,-12.35,-18.2,-7.23,-7.9,0,0,0,94159,848.98,26.4,0.97,0,0,0,0,-78,0.98,-1.89,BEACON,"{""record_number"": 1054, ""operation_mode"": 0, ""state"": 0, ""battery_voltage"": 0, ""wifi_rssi"": -78, ""acc_data"": {""ax"": -0.48, ""ay"": -0.19, ""az"": 0.83, ""pitch"": -28.31, ""roll"": -12.35}, ""gyro_data"": {""gx"": -18.2, ""gy"": -7.23, ""gz"": -7.9}, ""gps_data"": {""latitude"": 0, ""longitude"": 0, ""gps_altitude"": 0, ""time"": 94159}, ""alt_data"": {""pressure"": 848.98, ""temperature"": 26.4, ""AGL"": 0.97, ""velocity"": 0, ""kalman_altitude"": 0.98, ""kalman_vertical_velocity"": -1.89}, ""chute_state"": {""pyro1_state"": 0, ""pyro2_state"": 0}, ""connection_status"": {""connected"": true, ""has_ever_connected"": true, ""packet_age_ms"": 1, ""timeout_exceeded"": false, ""rssi"": -78}, ""communication_mode"": ""BEACON"", ""timestamp"": 156679, ""packets_received"": 514, ""kalman_data"": {""altitude"": 0.98, ""vertical_velocity"": -1.89}, ""kalman_altitude"": 0.98, ""kalman_vertical_velocity"": -1.89, ""pyroDrogue"": 0, ""pyroMain"": 0, ""pyro1_state"": 0, ""pyro2_state"": 0}"
1764328806.444343,2025-11-28T14:20:06.444343,1056,0,0,-0.47,-0.19,0.82,-28.06,-13.16,-5.95,-6.83,-6.86,0,0,0,94360,848.97,26.41,1.07,0,0,0,0,-78,1.13,-1.83,BEACON,"{""record_number"": 1056, ""operation_mode"": 0, ""state"": 0, ""battery_voltage"": 0, ""wifi_rssi"": -78, ""acc_data"": {""ax"": -0.47, ""ay"": -0.19, ""az"": 0.82, ""pitch"": -28.06, ""roll"": -13.16}, ""gyro_data"": {""gx"": -5.95, ""gy"": -6.83, ""gz"": -6.86}, ""gps_data"": {""latitude"": 0, ""longitude"": 0, ""gps_altitude"": 0, ""time"": 94360}, ""alt_data"": {""pressure"": 848.97, ""temperature"": 26.41, ""AGL"": 1.07, ""velocity"": 0, ""kalman_altitude"": 1.13, ""kalman_vertical_velocity"": -1.83}, ""chute_state"": {""pyro1_state"": 0, ""pyro2_state"": 0}, ""connection_status"": {""connected"": true, ""has_ever_connected"": true, ""packet_age_ms"": 0, ""timeout_exceeded"": false, ""rssi"": -78}, ""communication_mode"": ""BEACON"", ""timestamp"": 156792, ""packets_received"": 515, ""kalman_data"": {""altitude"": 1.13, ""vertical_velocity"": -1.83}, ""kalman_altitude"": 1.13, ""kalman_vertical_velocity"": -1.83, ""pyroDrogue"": 0, ""pyroMain"": 0, ""pyro1_state"": 0, ""pyro2_state"": 0}"
1764328806.54019,2025-11-28T14:20:06.540190,1057,0,0,-0.47,-0.2,0.83,-27.74,-13.11,-9.12,-8.66,-3.84,0,0,0,94559,848.98,26.4,0.9,0,0,0,0,-79,0.93,-1.91,BEACON,"{""record_number"": 1057, ""operation_mode"": 0, ""state"": 0, ""battery_voltage"": 0, ""wifi_rssi"": -79, ""acc_data"": {""ax"": -0.47, ""ay"": -0.2, ""az"": 0.83, ""pitch"": -27.74, ""roll"": -13.11}, ""gyro_data"": {""gx"": -9.12, ""gy"": -8.66, ""gz"": -3.84}, ""gps_data"": {""latitude"": 0, ""longitude"": 0, ""gps_altitude"": 0, ""time"": 94559}, ""alt_data"": {""pressure"": 848.98, ""temperature"": 26.4, ""AGL"": 0.9, ""velocity"": 0, ""kalman_altitude"": 0.93, ""kalman_vertical_velocity"": -1.91}, ""chute_state"": {""pyro1_state"": 0, ""pyro2_state"": 0}, ""connection_status"": {""connected"": true, ""has_ever_connected"": true, ""packet_age_ms"": 0, ""timeout_exceeded"": false, ""rssi"": -79}, ""communication_mode"": ""BEACON"", ""timestamp"": 156915, ""packets_received"": 516, ""kalman_data"": {""altitude"": 0.93, ""vertical_velocity"": -1.91}, ""kalman_altitude"": 0.93, ""kalman_vertical_velocity"": -1.91, ""pyroDrogue"": 0, ""pyroMain"": 0, ""pyro1_state"": 0, ""pyro2_state"": 0}"
1764328806.659186,2025-11-28T14:20:06.659186,1058,0,0,-0.46,-0.19,0.81,-27.9,-12.94,-6.65,-2.9,-5.03,0,0,0,94559,848.96,26.4,1.11,0,0,0,0,-79,1.09,-1.84,BEACON,"{""record_number"": 1058, ""operation_mode"": 0, ""state"": 0, ""battery_voltage"": 0, ""wifi_rssi"": -79, ""acc_data"": {""ax"": -0.46, ""ay"": -0.19, ""az"": 0.81, ""pitch"": -27.9, ""roll"": -12.94}, ""gyro_data"": {""gx"": -6.65, ""gy"": -2.9, ""gz"": -5.03}, ""gps_data"": {""latitude"": 0, ""longitude"": 0, ""gps_altitude"": 0, ""time"": 94559}, ""alt_data"": {""pressure"": 848.96, ""temperature"": 26.4, ""AGL"": 1.11, ""velocity"": 0, ""kalman_altitude"": 1.09, ""kalman_vertical_velocity"": -1.84}, ""chute_state"": {""pyro1_state"": 0, ""pyro2_state"": 0}, ""connection_status"": {""connected"": true, ""has_ever_connected"": true, ""packet_age_ms"": 0, ""timeout_exceeded"": false, ""rssi"": -79}, ""communication_mode"": ""BEACON"", ""timestamp"": 157021, ""packets_received"": 517, ""kalman_data"": {""altitude"": 1.09, ""vertical_velocity"": -1.84}, ""kalman_altitude"": 1.09, ""kalman_vertical_velocity"": -1.84, ""pyroDrogue"": 0, ""pyroMain"": 0, ""pyro1_state"": 0, ""pyro2_state"": 0}"
1764328806.739252,2025-11-28T14:20:06.739252,1058,0,0,-0.46,-0.19,0.81,-27.9,-12.94,-6.65,-2.9,-5.03,0,0,0,9476,848.92,26.39,1.55,0,0,0,0,-79,1.5,-1.68,BEACON,"{""record_number"": 1058, ""operation_mode"": 0, ""state"": 0, ""battery_voltage"": 0, ""wifi_rssi"": -79, ""acc_data"": {""ax"": -0.46, ""ay"": -0.19, ""az"": 0.81, ""pitch"": -27.9, ""roll"": -12.94}, ""gyro_data"": {""gx"": -6.65, ""gy"": -2.9, ""gz"": -5.03}, ""gps_data"": {""latitude"": 0, ""longitude"": 0, ""gps_altitude"": 0, ""time"": 9476}, ""alt_data"": {""pressure"": 848.92, ""temperature"": 26.39, ""AGL"": 1.55, ""velocity"": 0, ""kalman_altitude"": 1.5, ""kalman_vertical_velocity"": -1.68}, ""chute_state"": {""pyro1_state"": 0, ""pyro2_state"": 0}, ""connection_status"": {""connected"": true, ""has_ever_connected"": true, ""packet_age_ms"": 1, ""timeout_exceeded"": false, ""rssi"": -79}, ""communication_mode"": ""BEACON"", ""timestamp"": 157132, ""packets_received"": 518, ""kalman_data"": {""altitude"": 1.5, ""vertical_velocity"": -1.68}, ""kalman_altitude"": 1.5, ""kalman_vertical_velocity"": -1.68, ""pyroDrogue"": 0, ""pyroMain"": 0, ""pyro1_state"": 0, ""pyro2_state"": 0}"
1764328806.838252,2025-11-28T14:20:06.838252,1061,0,0,-0.47,-0.19,0.83,-28.28,-12.58,-11.07,-3.87,-6.46,0,0,0,94765,848.99,26.4,0.83,0,0,0,0,-79,0.91,-1.92,BEACON,"{""record_number"": 1061, ""operation_mode"": 0, ""state"": 0, ""battery_voltage"": 0, ""wifi_rssi"": -79, ""acc_data"": {""ax"": -0.47, ""ay"": -0.19, ""az"": 0.83, ""pitch"": -28.28, ""roll"": -12.58}, ""gyro_data"": {""gx"": -11.07, ""gy"": -3.87, ""gz"": -6.46}, ""gps_data"": {""latitude"": 0, ""longitude"": 0, ""gps_altitude"": 0, ""time"": 94765}, ""alt_data"": {""pressure"": 848.99, ""temperature"": 26.4, ""AGL"": 0.83, ""velocity"": 0, ""kalman_altitude"": 0.91, ""kalman_vertical_velocity"": -1.92}, ""chute_state"": {""pyro1_state"": 0, ""pyro2_state"": 0}, ""connection_status"": {""connected"": true, ""has_ever_connected"": true, ""packet_age_ms"": 0, ""timeout_exceeded"": false, ""rssi"": -79}, ""communication_mode"": ""BEACON"", ""timestamp"": 157244, ""packets_received"": 519, ""kalman_data"": {""altitude"": 0.91, ""vertical_velocity"": -1.92}, ""kalman_altitude"": 0.91, ""kalman_vertical_velocity"": -1.92, ""pyroDrogue"": 0, ""pyroMain"": 0, ""pyro1_state"": 0, ""pyro2_state"": 0}"
1764328806.910252,2025-11-28T14:20:06.910252,1062,0,0,-0.47,-0.2,0.84,-27.97,-13.18,-10.64,-1.28,-2.68,0,0,0,94964,848.97,26.4,1.04,0,0,0,0,-79,1.03,-1.88,BEACON,"{""record_number"": 1062, ""operation_mode"": 0, ""state"": 0, ""battery_voltage"": 0, ""wifi_rssi"": -79, ""acc_data"": {""ax"": -0.47, ""ay"": -0.2, ""az"": 0.84, ""pitch"": -27.97, ""roll"": -13.18}, ""gyro_data"": {""gx"": -10.64, ""gy"": -1.28, ""gz"": -2.68}, ""gps_data"": {""latitude"": 0, ""longitude"": 0, ""gps_altitude"": 0, ""time"": 94964}, ""alt_data"": {""pressure"": 848.97, ""temperature"": 26.4, ""AGL"": 1.04, ""velocity"": 0, ""kalman_altitude"": 1.03, ""kalman_vertical_velocity"": -1.88}, ""chute_state"": {""pyro1_state"": 0, ""pyro2_state"": 0}, ""connection_status"": {""connected"": true, ""has_ever_connected"": true, ""packet_age_ms"": 0, ""timeout_exceeded"": false, ""rssi"": -79}, ""communication_mode"": ""BEACON"", ""timestamp"": 157356, ""packets_received"": 520, ""kalman_data"": {""altitude"": 1.03, ""vertical_velocity"": -1.88}, ""kalman_altitude"": 1.03, ""kalman_vertical_velocity"": -1.88, ""pyroDrogue"": 0, ""pyroMain"": 0, ""pyro1_state"": 0, ""pyro2_state"": 0}"
1764328807.06103,2025-11-28T14:20:07.061030,1064,0,0,-0.48,-0.19,0.84,-29.05,-12.38,-3.72,-4.24,-3.54,0,0,0,94964,848.96,26.41,1.14,0,0,0,0,-78,1.13,-1.84,BEACON,"{""record_number"": 1064, ""operation_mode"": 0, ""state"": 0, ""battery_voltage"": 0, ""wifi_rssi"": -78, ""acc_data"": {""ax"": -0.48, ""ay"": -0.19, ""az"": 0.84, ""pitch"": -29.05, ""roll"": -12.38}, ""gyro_data"": {""gx"": -3.72, ""gy"": -4.24, ""gz"": -3.54}, ""gps_data"": {""latitude"": 0, ""longitude"": 0, ""gps_altitude"": 0, ""time"": 94964}, ""alt_data"": {""pressure"": 848.96, ""temperature"": 26.41, ""AGL"": 1.14, ""velocity"": 0, ""kalman_altitude"": 1.13, ""kalman_vertical_velocity"": -1.84}, ""chute_state"": {""pyro1_state"": 0, ""pyro2_state"": 0}, ""connection_status"": {""connected"": true, ""has_ever_connected"": true, ""packet_age_ms"": 0, ""timeout_exceeded"": false, ""rssi"": -78}, ""communication_mode"": ""BEACON"", ""timestamp"": 157469, ""packets_received"": 521, ""kalman_data"": {""altitude"": 1.13, ""vertical_velocity"": -1.84}, ""kalman_altitude"": 1.13, ""kalman_vertical_velocity"": -1.84, ""pyroDrogue"": 0, ""pyroMain"": 0, ""pyro1_state"": 0, ""pyro2_state"": 0}"
1764328807.144037,2025-11-28T14:20:07.144037,1065,0,0,-0.47,-0.19,0.83,-27.93,-12.91,-10.7,-10.73,-3.23,0,0,0,95165,848.93,26.39,1.37,0,0,0,0,-79,1.4,-1.73,BEACON,"{""record_number"": 1065, ""operation_mode"": 0, ""state"": 0, ""battery_voltage"": 0, ""wifi_rssi"": -79, ""acc_data"": {""ax"": -0.47, ""ay"": -0.19, ""az"": 0.83, ""pitch"": -27.93, ""roll"": -12.91}, ""gyro_data"": {""gx"": -10.7, ""gy"": -10.73, ""gz"": -3.23}, ""gps_data"": {""latitude"": 0, ""longitude"": 0, ""gps_altitude"": 0, ""time"": 95165}, ""alt_data"": {""pressure"": 848.93, ""temperature"": 26.39, ""AGL"": 1.37, ""velocity"": 0, ""kalman_altitude"": 1.4, ""kalman_vertical_velocity"": -1.73}, ""chute_state"": {""pyro1_state"": 0, ""pyro2_state"": 0}, ""connection_status"": {""connected"": true, ""has_ever_connected"": true, ""packet_age_ms"": 0, ""timeout_exceeded"": false, ""rssi"": -79}, ""communication_mode"": ""BEACON"", ""timestamp"": 157584, ""packets_received"": 522, ""kalman_data"": {""altitude"": 1.4, ""vertical_velocity"": -1.73}, ""kalman_altitude"": 1.4, ""kalman_vertical_velocity"": -1.73, ""pyroDrogue"": 0, ""pyroMain"": 0, ""pyro1_state"": 0, ""pyro2_state"": 0}"
1764328807.22804,2025-11-28T14:20:07.228040,1068,0,0,-0.48,-0.19,0.82,-28.51,-13.18,-10.79,-5.58,-6.07,0,0,0,95365,848.99,26.41,0.81,0,0,0,0,-86,0.83,-1.96,BEACON,"{""record_number"": 1068, ""operation_mode"": 0, ""state"": 0, ""battery_voltage"": 0, ""wifi_rssi"": -86, ""acc_data"": {""ax"": -0.48, ""ay"": -0.19, ""az"": 0.82, ""pitch"": -28.51, ""roll"": -13.18}, ""gyro_data"": {""gx"": -10.79, ""gy"": -5.58, ""gz"": -6.07}, ""gps_data"": {""latitude"": 0, ""longitude"": 0, ""gps_altitude"": 0, ""time"": 95365}, ""alt_data"": {""pressure"": 848.99, ""temperature"": 26.41, ""AGL"": 0.81, ""velocity"": 0, ""kalman_altitude"": 0.83, ""kalman_vertical_velocity"": -1.96}, ""chute_state"": {""pyro1_state"": 0, ""pyro2_state"": 0}, ""connection_status"": {""connected"": true, ""has_ever_connected"": true, ""packet_age_ms"": 0, ""timeout_exceeded"": false, ""rssi"": -86}, ""communication_mode"": ""BEACON"", ""timestamp"": 157810, ""packets_received"": 523, ""kalman_data"": {""altitude"": 0.83, ""vertical_velocity"": -1.96}, ""kalman_altitude"": 0.83, ""kalman_vertical_velocity"": -1.96, ""pyroDrogue"": 0, ""pyroMain"": 0, ""pyro1_state"": 0, ""pyro2_state"": 0}"
1764328807.323924,2025-11-28T14:20:07.323924,1069,0,0,-0.48,-0.18,0.84,-28.22,-12.42,-7.29,-6.65,-2.71,0,0,0,95565,848.96,26.4,1.08,0,0,0,0,-78,1.07,-1.87,BEACON,"{""record_number"": 1069, ""operation_mode"": 0, ""state"": 0, ""battery_voltage"": 0, ""wifi_rssi"": -78, ""acc_data"": {""ax"": -0.48, ""ay"": -0.18, ""az"": 0.84, ""pitch"": -28.22, ""roll"": -12.42}, ""gyro_data"": {""gx"": -7.29, ""gy"": -6.65, ""gz"": -2.71}, ""gps_data"": {""latitude"": 0, ""longitude"": 0, ""gps_altitude"": 0, ""time"": 95565}, ""alt_data"": {""pressure"": 848.96, ""temperature"": 26.4, ""AGL"": 1.08, ""velocity"": 0, ""kalman_altitude"": 1.07, ""kalman_vertical_velocity"": -1.87}, ""chute_state"": {""pyro1_state"": 0, ""pyro2_state"": 0}, ""connection_status"": {""connected"": true, ""has_ever_connected"": true, ""packet_age_ms"": 0, ""timeout_exceeded"": false, ""rssi"": -78}, ""communication_mode"": ""BEACON"", ""timestamp"": 157924, ""packets_received"": 524, ""kalman_data"": {""altitude"": 1.07, ""vertical_velocity"": -1.87}, ""kalman_altitude"": 1.07, ""kalman_vertical_velocity"": -1.87, ""pyroDrogue"": 0, ""pyroMain"": 0, ""pyro1_state"": 0, ""pyro2_state"": 0}"
1764328807.636184,2025-11-28T14:20:07.636184,1070,0,0,-0.47,-0.19,0.84,-28.47,-13.43,-20.21,-6.37,-0.46,0,0,0,95565,848.96,26.4,1.11,0,0,0,0,-84,1.11,-1.85,BEACON,"{""record_number"": 1070, ""operation_mode"": 0, ""state"": 0, ""battery_voltage"": 0, ""wifi_rssi"": -84, ""acc_data"": {""ax"": -0.47, ""ay"": -0.19, ""az"": 0.84, ""pitch"": -28.47, ""roll"": -13.43}, ""gyro_data"": {""gx"": -20.21, ""gy"": -6.37, ""gz"": -0.46}, ""gps_data"": {""latitude"": 0, ""longitude"": 0, ""gps_altitude"": 0, ""time"": 95565}, ""alt_data"": {""pressure"": 848.96, ""temperature"": 26.4, ""AGL"": 1.11, ""velocity"": 0, ""kalman_altitude"": 1.11, ""kalman_vertical_velocity"": -1.85}, ""chute_state"": {""pyro1_state"": 0, ""pyro2_state"": 0}, ""connection_status"": {""connected"": true, ""has_ever_connected"": true, ""packet_age_ms"": 0, ""timeout_exceeded"": false, ""rssi"": -84}, ""communication_mode"": ""BEACON"", ""timestamp"": 158042, ""packets_received"": 525, ""kalman_data"": {""altitude"": 1.11, ""vertical_velocity"": -1.85}, ""kalman_altitude"": 1.11, ""kalman_vertical_velocity"": -1.85, ""pyroDrogue"": 0, ""pyroMain"": 0, ""pyro1_state"": 0, ""pyro2_state"": 0}"
1764328807.697053,2025-11-28T14:20:07.697053,1072,0,0,-0.47,-0.19,0.83,-27.49,-12.63,-11.34,-6.28,-6.74,0,0,0,95770,848.96,26.4,1.11,0,0,0,0,-86,1.11,-1.85,BEACON,"{""record_number"": 1072, ""operation_mode"": 0, ""state"": 0, ""battery_voltage"": 0, ""wifi_rssi"": -86, ""acc_data"": {""ax"": -0.47, ""ay"": -0.19, ""az"": 0.83, ""pitch"": -27.49, ""roll"": -12.63}, ""gyro_data"": {""gx"": -11.34, ""gy"": -6.28, ""gz"": -6.74}, ""gps_data"": {""latitude"": 0, ""longitude"": 0, ""gps_altitude"": 0, ""time"": 95770}, ""alt_data"": {""pressure"": 848.96, ""temperature"": 26.4, ""AGL"": 1.11, ""velocity"": 0, ""kalman_altitude"": 1.11, ""kalman_vertical_velocity"": -1.85}, ""chute_state"": {""pyro1_state"": 0, ""pyro2_state"": 0}, ""connection_status"": {""connected"": true, ""has_ever_connected"": true, ""packet_age_ms"": 0, ""timeout_exceeded"": false, ""rssi"": -86}, ""communication_mode"": ""BEACON"", ""timestamp"": 158146, ""packets_received"": 526, ""kalman_data"": {""altitude"": 1.11, ""vertical_velocity"": -1.85}, ""kalman_altitude"": 1.11, ""kalman_vertical_velocity"": -1.85, ""pyroDrogue"": 0, ""pyroMain"": 0, ""pyro1_state"": 0, ""pyro2_state"": 0}"
1764328807.936428,2025-11-28T14:20:07.936428,1077,0,0,-0.46,-0.2,0.83,-27.36,-13.29,-8.75,0.03,5.58,0,0,0,96170,848.97,26.41,1.04,0,0,0,0,-78,1.04,-1.89,BEACON,"{""record_number"": 1077, ""operation_mode"": 0, ""state"": 0, ""battery_voltage"": 0, ""wifi_rssi"": -78, ""acc_data"": {""ax"": -0.46, ""ay"": -0.2, ""az"": 0.83, ""pitch"": -27.36, ""roll"": -13.29}, ""gyro_data"": {""gx"": -8.75, ""gy"": 0.03, ""gz"": 5.58}, ""gps_data"": {""latitude"": 0, ""longitude"": 0, ""gps_altitude"": 0, ""time"": 96170}, ""alt_data"": {""pressure"": 848.97, ""temperature"": 26.41, ""AGL"": 1.04, ""velocity"": 0, ""kalman_altitude"": 1.04, ""kalman_vertical_velocity"": -1.89}, ""chute_state"": {""pyro1_state"": 0, ""pyro2_state"": 0}, ""connection_status"": {""connected"": true, ""has_ever_connected"": true, ""packet_age_ms"": 1, ""timeout_exceeded"": false, ""rssi"": -78}, ""communication_mode"": ""BEACON"", ""timestamp"": 158599, ""packets_received"": 528, ""kalman_data"": {""altitude"": 1.04, ""vertical_velocity"": -1.89}, ""kalman_altitude"": 1.04, ""kalman_vertical_velocity"": -1.89, ""pyroDrogue"": 0, ""pyroMain"": 0, ""pyro1_state"": 0, ""pyro2_state"": 0}"
1764328808.027457,2025-11-28T14:20:08.027457,1078,0,0,-0.47,-0.2,0.83,-28.09,-13.08,-13.9,-2.8,0.34,0,0,0,96370,848.96,26.41,1.1,0,0,0,0,-76,1.09,-1.87,BEACON,"{""record_number"": 1078, ""operation_mode"": 0, ""state"": 0, ""battery_voltage"": 0, ""wifi_rssi"": -76, ""acc_data"": {""ax"": -0.47, ""ay"": -0.2, ""az"": 0.83, ""pitch"": -28.09, ""roll"": -13.08}, ""gyro_data"": {""gx"": -13.9, ""gy"": -2.8, ""gz"": 0.34}, ""gps_data"": {""latitude"": 0, ""longitude"": 0, ""gps_altitude"": 0, ""time"": 96370}, ""alt_data"": {""pressure"": 848.96, ""temperature"": 26.41, ""AGL"": 1.1, ""velocity"": 0, ""kalman_altitude"": 1.09, ""kalman_vertical_velocity"": -1.87}, ""chute_state"": {""pyro1_state"": 0, ""pyro2_state"": 0}, ""connection_status"": {""connected"": true, ""has_ever_connected"": true, ""packet_age_ms"": 1, ""timeout_exceeded"": false, ""rssi"": -76}, ""communication_mode"": ""BEACON"", ""timestamp"": 158720, ""packets_received"": 529, ""kalman_data"": {""altitude"": 1.09, ""vertical_velocity"": -1.87}, ""kalman_altitude"": 1.09, ""kalman_vertical_velocity"": -1.87, ""pyroDrogue"": 0, ""pyroMain"": 0, ""pyro1_state"": 0, ""pyro2_state"": 0}"
1764328808.727768,2025-11-28T14:20:08.727768,1081,0,0,-0.48,-0.19,0.84,-28.28,-13,-9.97,-4.91,-1.13,0,0,0,96570,848.96,26.4,1.15,0,0,0,0,-78,1.13,-1.86,BEACON,"{""record_number"": 1081, ""operation_mode"": 0, ""state"": 0, ""battery_voltage"": 0, ""wifi_rssi"": -78, ""acc_data"": {""ax"": -0.48, ""ay"": -0.19, ""az"": 0.84, ""pitch"": -28.28, ""roll"": -13}, ""gyro_data"": {""gx"": -9.97, ""gy"": -4.91, ""gz"": -1.13}, ""gps_data"": {""latitude"": 0, ""longitude"": 0, ""gps_altitude"": 0, ""time"": 96570}, ""alt_data"": {""pressure"": 848.96, ""temperature"": 26.4, ""AGL"": 1.15, ""velocity"": 0, ""kalman_altitude"": 1.13, ""kalman_vertical_velocity"": -1.86}, ""chute_state"": {""pyro1_state"": 0, ""pyro2_state"": 0}, ""connection_status"": {""connected"": true, ""has_ever_connected"": true, ""packet_age_ms"": 0, ""timeout_exceeded"": false, ""rssi"": -78}, ""communication_mode"": ""BEACON"", ""timestamp"": 158937, ""packets_received"": 530, ""kalman_data"": {""altitude"": 1.13, ""vertical_velocity"": -1.86}, ""kalman_altitude"": 1.13, ""kalman_vertical_velocity"": -1.86, ""pyroDrogue"": 0, ""pyroMain"": 0, ""pyro1_state"": 0, ""pyro2_state"": 0}"
1764328812.544967,2025-11-28T14:20:12.544967,1082,0,0,-0.46,-0.2,0.83,-27.27,-13.38,-12.16,-3.6,-2.35,0,0,0,96570,848.97,26.4,1.01,0,0,0,0,-77,1.02,-1.9,BEACON,"{""record_number"": 1082, ""operation_mode"": 0, ""state"": 0, ""battery_voltage"": 0, ""wifi_rssi"": -77, ""acc_data"": {""ax"": -0.46, ""ay"": -0.2, ""az"": 0.83, ""pitch"": -27.27, ""roll"": -13.38}, ""gyro_data"": {""gx"": -12.16, ""gy"": -3.6, ""gz"": -2.35}, ""gps_data"": {""latitude"": 0, ""longitude"": 0, ""gps_altitude"": 0, ""time"": 96570}, ""alt_data"": {""pressure"": 848.97, ""temperature"": 26.4, ""AGL"": 1.01, ""velocity"": 0, ""kalman_altitude"": 1.02, ""kalman_vertical_velocity"": -1.9}, ""chute_state"": {""pyro1_state"": 0, ""pyro2_state"": 0}, ""connection_status"": {""connected"": true, ""has_ever_connected"": true, ""packet_age_ms"": 0, ""timeout_exceeded"": false, ""rssi"": -77}, ""communication_mode"": ""BEACON"", ""timestamp"": 159066, ""packets_received"": 531, ""kalman_data"": {""altitude"": 1.02, ""vertical_velocity"": -1.9}, ""kalman_altitude"": 1.02, ""kalman_vertical_velocity"": -1.9, ""pyroDrogue"": 0, ""pyroMain"": 0, ""pyro1_state"": 0, ""pyro2_state"": 0}"
1764328814.338834,2025-11-28T14:20:14.338834,1083,0,0,-0.47,-0.19,0.82,-28.25,-12.97,-11.77,-4.82,-6.25,0,0,0,96775,848.94,26.4,1.33,0,0,0,0,-77,1.29,-1.79,BEACON,"{""record_number"": 1083, ""operation_mode"": 0, ""state"": 0, ""battery_voltage"": 0, ""wifi_rssi"": -77, ""acc_data"": {""ax"": -0.47, ""ay"": -0.19, ""az"": 0.82, ""pitch"": -28.25, ""roll"": -12.97}, ""gyro_data"": {""gx"": -11.77, ""gy"": -4.82, ""gz"": -6.25}, ""gps_data"": {""latitude"": 0, ""longitude"": 0, ""gps_altitude"": 0, ""time"": 96775}, ""alt_data"": {""pressure"": 848.94, ""temperature"": 26.4, ""AGL"": 1.33, ""velocity"": 0, ""kalman_altitude"": 1.29, ""kalman_vertical_velocity"": -1.79}, ""chute_state"": {""pyro1_state"": 0, ""pyro2_state"": 0}, ""connection_status"": {""connected"": true, ""has_ever_connected"": true, ""packet_age_ms"": 0, ""timeout_exceeded"": false, ""rssi"": -77}, ""communication_mode"": ""BEACON"", ""timestamp"": 159176, ""packets_received"": 532, ""kalman_data"": {""altitude"": 1.29, ""vertical_velocity"": -1.79}, ""kalman_altitude"": 1.29, ""kalman_vertical_velocity"": -1.79, ""pyroDrogue"": 0, ""pyroMain"": 0, ""pyro1_state"": 0, ""pyro2_state"": 0}"
1764328815.33745,2025-11-28T14:20:15.337450,1086,0,0,-0.46,-0.2,0.83,-28.16,-13.32,-9.33,-6.77,-6.34,0,0,0,96975,848.93,26.39,1.41,0,0,0,0,-77,1.38,-1.76,BEACON,"{""record_number"": 1086, ""operation_mode"": 0, ""state"": 0, ""battery_voltage"": 0, ""wifi_rssi"": -77, ""acc_data"": {""ax"": -0.46, ""ay"": -0.2, ""az"": 0.83, ""pitch"": -28.16, ""roll"": -13.32}, ""gyro_data"": {""gx"": -9.33, ""gy"": -6.77, ""gz"": -6.34}, ""gps_data"": {""latitude"": 0, ""longitude"": 0, ""gps_altitude"": 0, ""time"": 96975}, ""alt_data"": {""pressure"": 848.93, ""temperature"": 26.39, ""AGL"": 1.41, ""velocity"": 0, ""kalman_altitude"": 1.38, ""kalman_vertical_velocity"": -1.76}, ""chute_state"": {""pyro1_state"": 0, ""pyro2_state"": 0}, ""connection_status"": {""connected"": true, ""has_ever_connected"": true, ""packet_age_ms"": 0, ""timeout_exceeded"": false, ""rssi"": -77}, ""communication_mode"": ""BEACON"", ""timestamp"": 159390, ""packets_received"": 533, ""kalman_data"": {""altitude"": 1.38, ""vertical_velocity"": -1.76}, ""kalman_altitude"": 1.38, ""kalman_vertical_velocity"": -1.76, ""pyroDrogue"": 0, ""pyroMain"": 0, ""pyro1_state"": 0, ""pyro2_state"": 0}"
1764328815.523446,2025-11-28T14:20:15.523446,1087,0,0,-0.48,-0.19,0.82,-28.03,-12.62,-7.87,-5.27,-8.54,0,0,0,96975,849.01,26.41,0.63,0,0,0,0,-77,0.72,-2.03,BEACON,"{""record_number"": 1087, ""operation_mode"": 0, ""state"": 0, ""battery_voltage"": 0, ""wifi_rssi"": -77, ""acc_data"": {""ax"": -0.48, ""ay"": -0.19, ""az"": 0.82, ""pitch"": -28.03, ""roll"": -12.62}, ""gyro_data"": {""gx"": -7.87, ""gy"": -5.27, ""gz"": -8.54}, ""gps_data"": {""latitude"": 0, ""longitude"": 0, ""gps_altitude"": 0, ""time"": 96975}, ""alt_data"": {""pressure"": 849.01, ""temperature"": 26.41, ""AGL"": 0.63, ""velocity"": 0, ""kalman_altitude"": 0.72, ""kalman_vertical_velocity"": -2.03}, ""chute_state"": {""pyro1_state"": 0, ""pyro2_state"": 0}, ""connection_status"": {""connected"": true, ""has_ever_connected"": true, ""packet_age_ms"": 1, ""timeout_exceeded"": false, ""rssi"": -77}, ""communication_mode"": ""BEACON"", ""timestamp"": 159500, ""packets_received"": 534, ""kalman_data"": {""altitude"": 0.72, ""vertical_velocity"": -2.03}, ""kalman_altitude"": 0.72, ""kalman_vertical_velocity"": -2.03, ""pyroDrogue"": 0, ""pyroMain"": 0, ""pyro1_state"": 0, ""pyro2_state"": 0}"
1764328815.657284,2025-11-28T14:20:15.657284,1089,0,0,-0.46,-0.19,0.83,-27.3,-13.24,-9.12,0.7,-3.2,0,0,0,97174,849.01,26.41,0.67,0,0,0,0,-78,0.68,-2.05,BEACON,"{""record_number"": 1089, ""operation_mode"": 0, ""state"": 0, ""battery_voltage"": 0, ""wifi_rssi"": -78, ""acc_data"": {""ax"": -0.46, ""ay"": -0.19, ""az"": 0.83, ""pitch"": -27.3, ""roll"": -13.24}, ""gyro_data"": {""gx"": -9.12, ""gy"": 0.7, ""gz"": -3.2}, ""gps_data"": {""latitude"": 0, ""longitude"": 0, ""gps_altitude"": 0, ""time"": 97174}, ""alt_data"": {""pressure"": 849.01, ""temperature"": 26.41, ""AGL"": 0.67, ""velocity"": 0, ""kalman_altitude"": 0.68, ""kalman_vertical_velocity"": -2.05}, ""chute_state"": {""pyro1_state"": 0, ""pyro2_state"": 0}, ""connection_status"": {""connected"": true, ""has_ever_connected"": true, ""packet_age_ms"": 0, ""timeout_exceeded"": false, ""rssi"": -78}, ""communication_mode"": ""BEACON"", ""timestamp"": 159613, ""packets_received"": 535, ""kalman_data"": {""altitude"": 0.68, ""vertical_velocity"": -2.05}, ""kalman_altitude"": 0.68, ""kalman_vertical_velocity"": -2.05, ""pyroDrogue"": 0, ""pyroMain"": 0, ""pyro1_state"": 0, ""pyro2_state"": 0}"
1764328815.896853,2025-11-28T14:20:15.896853,1090,0,0,-0.47,-0.2,0.84,-28.12,-12.98,-12.04,-5.24,-3.32,0,0,0,97375,848.96,26.41,1.11,0,0,0,0,-78,1.06,-1.9,BEACON,"{""record_number"": 1090, ""operation_mode"": 0, ""state"": 0, ""battery_voltage"": 0, ""wifi_rssi"": -78, ""acc_data"": {""ax"": -0.47, ""ay"": -0.2, ""az"": 0.84, ""pitch"": -28.12, ""roll"": -12.98}, ""gyro_data"": {""gx"": -12.04, ""gy"": -5.24, ""gz"": -3.32}, ""gps_data"": {""latitude"": 0, ""longitude"": 0, ""gps_altitude"": 0, ""time"": 97375}, ""alt_data"": {""pressure"": 848.96, ""temperature"": 26.41, ""AGL"": 1.11, ""velocity"": 0, ""kalman_altitude"": 1.06, ""kalman_vertical_velocity"": -1.9}, ""chute_state"": {""pyro1_state"": 0, ""pyro2_state"": 0}, ""connection_status"": {""connected"": true, ""has_ever_connected"": true, ""packet_age_ms"": 0, ""timeout_exceeded"": false, ""rssi"": -78}, ""communication_mode"": ""BEACON"", ""timestamp"": 159726, ""packets_received"": 536, ""kalman_data"": {""altitude"": 1.06, ""vertical_velocity"": -1.9}, ""kalman_altitude"": 1.06, ""kalman_vertical_velocity"": -1.9, ""pyroDrogue"": 0, ""pyroMain"": 0, ""pyro1_state"": 0, ""pyro2_state"": 0}"
1764328817.009192,2025-11-28T14:20:17.009192,1091,0,0,-0.47,-0.19,0.82,-28.47,-13.25,-10.79,-9.7,-5.43,0,0,0,97375,848.99,26.41,0.85,0,0,0,0,-78,0.87,-1.97,BEACON,"{""record_number"": 1091, ""operation_mode"": 0, ""state"": 0, ""battery_voltage"": 0, ""wifi_rssi"": -78, ""acc_data"": {""ax"": -0.47, ""ay"": -0.19, ""az"": 0.82, ""pitch"": -28.47, ""roll"": -13.25}, ""gyro_data"": {""gx"": -10.79, ""gy"": -9.7, ""gz"": -5.43}, ""gps_data"": {""latitude"": 0, ""longitude"": 0, ""gps_altitude"": 0, ""time"": 97375}, ""alt_data"": {""pressure"": 848.99, ""temperature"": 26.41, ""AGL"": 0.85, ""velocity"": 0, ""kalman_altitude"": 0.87, ""kalman_vertical_velocity"": -1.97}, ""chute_state"": {""pyro1_state"": 0, ""pyro2_state"": 0}, ""connection_status"": {""connected"": true, ""has_ever_connected"": true, ""packet_age_ms"": 0, ""timeout_exceeded"": false, ""rssi"": -78}, ""communication_mode"": ""BEACON"", ""timestamp"": 159838, ""packets_received"": 537, ""kalman_data"": {""altitude"": 0.87, ""vertical_velocity"": -1.97}, ""kalman_altitude"": 0.87, ""kalman_vertical_velocity"": -1.97, ""pyroDrogue"": 0, ""pyroMain"": 0, ""pyro1_state"": 0, ""pyro2_state"": 0}"
1764328817.771515,2025-11-28T14:20:17.771515,1093,0,0,-0.47,-0.2,0.83,-28.09,-13.54,-8.75,-7.35,-4.97,0,0,0,97575,848.95,26.42,1.2,0,0,0,0,-78,1.16,-1.86,BEACON,"{""record_number"": 1093, ""operation_mode"": 0, ""state"": 0, ""battery_voltage"": 0, ""wifi_rssi"": -78, ""acc_data"": {""ax"": -0.47, ""ay"": -0.2, ""az"": 0.83, ""pitch"": -28.09, ""roll"": -13.54}, ""gyro_data"": {""gx"": -8.75, ""gy"": -7.35, ""gz"": -4.97}, ""gps_data"": {""latitude"": 0, ""longitude"": 0, ""gps_altitude"": 0, ""time"": 97575}, ""alt_data"": {""pressure"": 848.95, ""temperature"": 26.42, ""AGL"": 1.2, ""velocity"": 0, ""kalman_altitude"": 1.16, ""kalman_vertical_velocity"": -1.86}, ""chute_state"": {""pyro1_state"": 0, ""pyro2_state"": 0}, ""connection_status"": {""connected"": true, ""has_ever_connected"": true, ""packet_age_ms"": 0, ""timeout_exceeded"": false, ""rssi"": -78}, ""communication_mode"": ""BEACON"", ""timestamp"": 159951, ""packets_received"": 538, ""kalman_data"": {""altitude"": 1.16, ""vertical_velocity"": -1.86}, ""kalman_altitude"": 1.16, ""kalman_vertical_velocity"": -1.86, ""pyroDrogue"": 0, ""pyroMain"": 0, ""pyro1_state"": 0, ""pyro2_state"": 0}"
1764328818.266858,2025-11-28T14:20:18.266858,1190,0,0,-0.49,-0.05,0.82,-29.34,-3.98,-29.39,12.77,-16.34,0,0,0,105826,848.96,26.42,1.15,0,0,0,0,-79,1.1,-2.04,BEACON,"{""record_number"": 1190, ""operation_mode"": 0, ""state"": 0, ""battery_voltage"": 0, ""wifi_rssi"": -79, ""acc_data"": {""ax"": -0.49, ""ay"": -0.05, ""az"": 0.82, ""pitch"": -29.34, ""roll"": -3.98}, ""gyro_data"": {""gx"": -29.39, ""gy"": 12.77, ""gz"": -16.34}, ""gps_data"": {""latitude"": 0, ""longitude"": 0, ""gps_altitude"": 0, ""time"": 105826}, ""alt_data"": {""pressure"": 848.96, ""temperature"": 26.42, ""AGL"": 1.15, ""velocity"": 0, ""kalman_altitude"": 1.1, ""kalman_vertical_velocity"": -2.04}, ""chute_state"": {""pyro1_state"": 0, ""pyro2_state"": 0}, ""connection_status"": {""connected"": true, ""has_ever_connected"": true, ""packet_age_ms"": 0, ""timeout_exceeded"": false, ""rssi"": -79}, ""communication_mode"": ""BEACON"", ""timestamp"": 168303, ""packets_received"": 599, ""kalman_data"": {""altitude"": 1.1, ""vertical_velocity"": -2.04}, ""kalman_altitude"": 1.1, ""kalman_vertical_velocity"": -2.04, ""pyroDrogue"": 0, ""pyroMain"": 0, ""pyro1_state"": 0, ""pyro2_state"": 0}"
1764328818.410157,2025-11-28T14:20:18.410157,1192,0,0,-0.54,-0.07,0.84,-32.6,-5.15,9.88,-3.87,-3.96,0,0,0,106026,848.99,26.42,0.8,0,0,0,0,-78,0.82,-2.14,BEACON,"{""record_number"": 1192, ""operation_mode"": 0, ""state"": 0, ""battery_voltage"": 0, ""wifi_rssi"": -78, ""acc_data"": {""ax"": -0.54, ""ay"": -0.07, ""az"": 0.84, ""pitch"": -32.6, ""roll"": -5.15}, ""gyro_data"": {""gx"": 9.88, ""gy"": -3.87, ""gz"": -3.96}, ""gps_data"": {""latitude"": 0, ""longitude"": 0, ""gps_altitude"": 0, ""time"": 106026}, ""alt_data"": {""pressure"": 848.99, ""temperature"": 26.42, ""AGL"": 0.8, ""velocity"": 0, ""kalman_altitude"": 0.82, ""kalman_vertical_velocity"": -2.14}, ""chute_state"": {""pyro1_state"": 0, ""pyro2_state"": 0}, ""connection_status"": {""connected"": true, ""has_ever_connected"": true, ""packet_age_ms"": 1, ""timeout_exceeded"": false, ""rssi"": -78}, ""communication_mode"": ""BEACON"", ""timestamp"": 168416, ""packets_received"": 600, ""kalman_data"": {""altitude"": 0.82, ""vertical_velocity"": -2.14}, ""kalman_altitude"": 0.82, ""kalman_vertical_velocity"": -2.14, ""pyroDrogue"": 0, ""pyroMain"": 0, ""pyro1_state"": 0, ""pyro2_state"": 0}"
1764328818.911946,2025-11-28T14:20:18.911946,1194,0,0,-0.51,-0.06,0.82,-30.69,-4.31,-22.74,-4.39,-2.93,0,0,0,106226,849.02,26.44,0.53,0,0,0,0,-78,0.57,-2.24,BEACON,"{""record_number"": 1194, ""operation_mode"": 0, ""state"": 0, ""battery_voltage"": 0, ""wifi_rssi"": -78, ""acc_data"": {""ax"": -0.51, ""ay"": -0.06, ""az"": 0.82, ""pitch"": -30.69, ""roll"": -4.31}, ""gyro_data"": {""gx"": -22.74, ""gy"": -4.39, ""gz"": -2.93}, ""gps_data"": {""latitude"": 0, ""longitude"": 0, ""gps_altitude"": 0, ""time"": 106226}, ""alt_data"": {""pressure"": 849.02, ""temperature"": 26.44, ""AGL"": 0.53, ""velocity"": 0, ""kalman_altitude"": 0.57, ""kalman_vertical_velocity"": -2.24}, ""chute_state"": {""pyro1_state"": 0, ""pyro2_state"": 0}, ""connection_status"": {""connected"": true, ""has_ever_connected"": true, ""packet_age_ms"": 0, ""timeout_exceeded"": false, ""rssi"": -78}, ""communication_mode"": ""BEACON"", ""timestamp"": 168647, ""packets_received"": 601, ""kalman_data"": {""altitude"": 0.57, ""vertical_velocity"": -2.24}, ""kalman_altitude"": 0.57, ""kalman_vertical_velocity"": -2.24, ""pyroDrogue"": 0, ""pyroMain"": 0, ""pyro1_state"": 0, ""pyro2_state"": 0}"
1764328819.528921,2025-11-28T14:20:19.528921,1195,0,0,-0.51,-0.07,0.82,-31.25,-4.69,-13.45,0.73,4.12,0,0,0,106226,849.01,26.42,0.62,0,0,0,0,-76,0.61,-2.23,BEACON,"{""record_number"": 1195, ""operation_mode"": 0, ""state"": 0, ""battery_voltage"": 0, ""wifi_rssi"": -76, ""acc_data"": {""ax"": -0.51, ""ay"": -0.07, ""az"": 0.82, ""pitch"": -31.25, ""roll"": -4.69}, ""gyro_data"": {""gx"": -13.45, ""gy"": 0.73, ""gz"": 4.12}, ""gps_data"": {""latitude"": 0, ""longitude"": 0, ""gps_altitude"": 0, ""time"": 106226}, ""alt_data"": {""pressure"": 849.01, ""temperature"": 26.42, ""AGL"": 0.62, ""velocity"": 0, ""kalman_altitude"": 0.61, ""kalman_vertical_velocity"": -2.23}, ""chute_state"": {""pyro1_state"": 0, ""pyro2_state"": 0}, ""connection_status"": {""connected"": true, ""has_ever_connected"": true, ""packet_age_ms"": 1, ""timeout_exceeded"": false, ""rssi"": -76}, ""communication_mode"": ""BEACON"", ""timestamp"": 168755, ""packets_received"": 602, ""kalman_data"": {""altitude"": 0.61, ""vertical_velocity"": -2.23}, ""kalman_altitude"": 0.61, ""kalman_vertical_velocity"": -2.23, ""pyroDrogue"": 0, ""pyroMain"": 0, ""pyro1_state"": 0, ""pyro2_state"": 0}"
1764328819.775656,2025-11-28T14:20:19.775656,1197,0,0,-0.5,-0.05,0.81,-30.27,-3.86,-5.85,-1.55,-5.7,0,0,0,106426,849.01,26.42,0.58,0,0,0,0,-78,0.6,-2.23,BEACON,"{""record_number"": 1197, ""operation_mode"": 0, ""state"": 0, ""battery_voltage"": 0, ""wifi_rssi"": -78, ""acc_data"": {""ax"": -0.5, ""ay"": -0.05, ""az"": 0.81, ""pitch"": -30.27, ""roll"": -3.86}, ""gyro_data"": {""gx"": -5.85, ""gy"": -1.55, ""gz"": -5.7}, ""gps_data"": {""latitude"": 0, ""longitude"": 0, ""gps_altitude"": 0, ""time"": 106426}, ""alt_data"": {""pressure"": 849.01, ""temperature"": 26.42, ""AGL"": 0.58, ""velocity"": 0, ""kalman_altitude"": 0.6, ""kalman_vertical_velocity"": -2.23}, ""chute_state"": {""pyro1_state"": 0, ""pyro2_state"": 0}, ""connection_status"": {""connected"": true, ""has_ever_connected"": true, ""packet_age_ms"": 1, ""timeout_exceeded"": false, ""rssi"": -78}, ""communication_mode"": ""BEACON"", ""timestamp"": 168868, ""packets_received"": 603, ""kalman_data"": {""altitude"": 0.6, ""vertical_velocity"": -2.23}, ""kalman_altitude"": 0.6, ""kalman_vertical_velocity"": -2.23, ""pyroDrogue"": 0, ""pyroMain"": 0, ""pyro1_state"": 0, ""pyro2_state"": 0}"
1764328820.238013,2025-11-28T14:20:20.238013,1198,0,0,-0.52,-0.06,0.83,-30.79,-4.05,-9.63,-1.65,0.27,0,0,0,106627,848.97,26.42,1.01,0,0,0,0,-77,0.98,-2.1,BEACON,"{""record_number"": 1198, ""operation_mode"": 0, ""state"": 0, ""battery_voltage"": 0, ""wifi_rssi"": -77, ""acc_data"": {""ax"": -0.52, ""ay"": -0.06, ""az"": 0.83, ""pitch"": -30.79, ""roll"": -4.05}, ""gyro_data"": {""gx"": -9.63, ""gy"": -1.65, ""gz"": 0.27}, ""gps_data"": {""latitude"": 0, ""longitude"": 0, ""gps_altitude"": 0, ""time"": 106627}, ""alt_data"": {""pressure"": 848.97, ""temperature"": 26.42, ""AGL"": 1.01, ""velocity"": 0, ""kalman_altitude"": 0.98, ""kalman_vertical_velocity"": -2.1}, ""chute_state"": {""pyro1_state"": 0, ""pyro2_state"": 0}, ""connection_status"": {""connected"": true, ""has_ever_connected"": true, ""packet_age_ms"": 1, ""timeout_exceeded"": false, ""rssi"": -77}, ""communication_mode"": ""BEACON"", ""timestamp"": 168980, ""packets_received"": 604, ""kalman_data"": {""altitude"": 0.98, ""vertical_velocity"": -2.1}, ""kalman_altitude"": 0.98, ""kalman_vertical_velocity"": -2.1, ""pyroDrogue"": 0, ""pyroMain"": 0, ""pyro1_state"": 0, ""pyro2_state"": 0}"
1764328821.1122,2025-11-28T14:20:21.112200,1224,0,0,-0.52,-0.08,0.82,-30.63,-5.39,-8.51,0.91,-1.31,0,0,0,108843,848.98,26.43,0.93,0,0,0,0,-77,0.9,-2.17,BEACON,"{""record_number"": 1224, ""operation_mode"": 0, ""state"": 0, ""battery_voltage"": 0, ""wifi_rssi"": -77, ""acc_data"": {""ax"": -0.52, ""ay"": -0.08, ""az"": 0.82, ""pitch"": -30.63, ""roll"": -5.39}, ""gyro_data"": {""gx"": -8.51, ""gy"": 0.91, ""gz"": -1.31}, ""gps_data"": {""latitude"": 0, ""longitude"": 0, ""gps_altitude"": 0, ""time"": 108843}, ""alt_data"": {""pressure"": 848.98, ""temperature"": 26.43, ""AGL"": 0.93, ""velocity"": 0, ""kalman_altitude"": 0.9, ""kalman_vertical_velocity"": -2.17}, ""chute_state"": {""pyro1_state"": 0, ""pyro2_state"": 0}, ""connection_status"": {""connected"": true, ""has_ever_connected"": true, ""packet_age_ms"": 1, ""timeout_exceeded"": false, ""rssi"": -77}, ""communication_mode"": ""BEACON"", ""timestamp"": 171253, ""packets_received"": 614, ""kalman_data"": {""altitude"": 0.9, ""vertical_velocity"": -2.17}, ""kalman_altitude"": 0.9, ""kalman_vertical_velocity"": -2.17, ""pyroDrogue"": 0, ""pyroMain"": 0, ""pyro1_state"": 0, ""pyro2_state"": 0}"
1764328821.294132,2025-11-28T14:20:21.294132,1226,0,0,-0.51,-0.09,0.82,-31.09,-6.31,-10.98,-6.1,-8.48,0,0,0,108843,849.02,26.43,0.54,0,0,0,0,-78,0.57,-2.29,BEACON,"{""record_number"": 1226, ""operation_mode"": 0, ""state"": 0, ""battery_voltage"": 0, ""wifi_rssi"": -78, ""acc_data"": {""ax"": -0.51, ""ay"": -0.09, ""az"": 0.82, ""pitch"": -31.09, ""roll"": -6.31}, ""gyro_data"": {""gx"": -10.98, ""gy"": -6.1, ""gz"": -8.48}, ""gps_data"": {""latitude"": 0, ""longitude"": 0, ""gps_altitude"": 0, ""time"": 108843}, ""alt_data"": {""pressure"": 849.02, ""temperature"": 26.43, ""AGL"": 0.54, ""velocity"": 0, ""kalman_altitude"": 0.57, ""kalman_vertical_velocity"": -2.29}, ""chute_state"": {""pyro1_state"": 0, ""pyro2_state"": 0}, ""connection_status"": {""connected"": true, ""has_ever_connected"": true, ""packet_age_ms"": 0, ""timeout_exceeded"": false, ""rssi"": -78}, ""communication_mode"": ""BEACON"", ""timestamp"": 171350, ""packets_received"": 615, ""kalman_data"": {""altitude"": 0.57, ""vertical_velocity"": -2.29}, ""kalman_altitude"": 0.57, ""kalman_vertical_velocity"": -2.29, ""pyroDrogue"": 0, ""pyroMain"": 0, ""pyro1_state"": 0, ""pyro2_state"": 0}"
1764328821.425248,2025-11-28T14:20:21.425248,1227,0,0,-0.52,-0.09,0.81,-30.73,-6.48,-12.8,-7.16,-5.91,0,0,0,109043,848.96,26.42,1.15,0,0,0,0,-81,1.1,-2.1,BEACON,"{""record_number"": 1227, ""operation_mode"": 0, ""state"": 0, ""battery_voltage"": 0, ""wifi_rssi"": -81, ""acc_data"": {""ax"": -0.52, ""ay"": -0.09, ""az"": 0.81, ""pitch"": -30.73, ""roll"": -6.48}, ""gyro_data"": {""gx"": -12.8, ""gy"": -7.16, ""gz"": -5.91}, ""gps_data"": {""latitude"": 0, ""longitude"": 0, ""gps_altitude"": 0, ""time"": 109043}, ""alt_data"": {""pressure"": 848.96, ""temperature"": 26.42, ""AGL"": 1.15, ""velocity"": 0, ""kalman_altitude"": 1.1, ""kalman_vertical_velocity"": -2.1}, ""chute_state"": {""pyro1_state"": 0, ""pyro2_state"": 0}, ""connection_status"": {""connected"": true, ""has_ever_connected"": true, ""packet_age_ms"": 0, ""timeout_exceeded"": false, ""rssi"": -81}, ""communication_mode"": ""BEACON"", ""timestamp"": 171462, ""packets_received"": 616, ""kalman_data"": {""altitude"": 1.1, ""vertical_velocity"": -2.1}, ""kalman_altitude"": 1.1, ""kalman_vertical_velocity"": -2.1, ""pyroDrogue"": 0, ""pyroMain"": 0, ""pyro1_state"": 0, ""pyro2_state"": 0}"
1764328821.944266,2025-11-28T14:20:21.944266,1239,0,0,-0.51,-0.08,0.82,-31.25,-5.67,-9.3,-1.16,-12.87,0,0,0,110048,849,26.44,0.71,0,0,0,0,-77,0.72,-2.25,BEACON,"{""record_number"": 1239, ""operation_mode"": 0, ""state"": 0, ""battery_voltage"": 0, ""wifi_rssi"": -77, ""acc_data"": {""ax"": -0.51, ""ay"": -0.08, ""az"": 0.82, ""pitch"": -31.25, ""roll"": -5.67}, ""gyro_data"": {""gx"": -9.3, ""gy"": -1.16, ""gz"": -12.87}, ""gps_data"": {""latitude"": 0, ""longitude"": 0, ""gps_altitude"": 0, ""time"": 110048}, ""alt_data"": {""pressure"": 849, ""temperature"": 26.44, ""AGL"": 0.71, ""velocity"": 0, ""kalman_altitude"": 0.72, ""kalman_vertical_velocity"": -2.25}, ""chute_state"": {""pyro1_state"": 0, ""pyro2_state"": 0}, ""connection_status"": {""connected"": true, ""has_ever_connected"": true, ""packet_age_ms"": 0, ""timeout_exceeded"": false, ""rssi"": -77}, ""communication_mode"": ""BEACON"", ""timestamp"": 172477, ""packets_received"": 621, ""kalman_data"": {""altitude"": 0.72, ""vertical_velocity"": -2.25}, ""kalman_altitude"": 0.72, ""kalman_vertical_velocity"": -2.25, ""pyroDrogue"": 0, ""pyroMain"": 0, ""pyro1_state"": 0, ""pyro2_state"": 0}"
1764328823.143837,2025-11-28T14:20:23.143837,1240,0,0,-0.51,-0.09,0.82,-30.17,-6.18,-7.65,-2.44,-0.46,0,0,0,110249,849.05,26.44,0.23,0,0,0,0,-78,0.27,-2.42,BEACON,"{""record_number"": 1240, ""operation_mode"": 0, ""state"": 0, ""battery_voltage"": 0, ""wifi_rssi"": -78, ""acc_data"": {""ax"": -0.51, ""ay"": -0.09, ""az"": 0.82, ""pitch"": -30.17, ""roll"": -6.18}, ""gyro_data"": {""gx"": -7.65, ""gy"": -2.44, ""gz"": -0.46}, ""gps_data"": {""latitude"": 0, ""longitude"": 0, ""gps_altitude"": 0, ""time"": 110249}, ""alt_data"": {""pressure"": 849.05, ""temperature"": 26.44, ""AGL"": 0.23, ""velocity"": 0, ""kalman_altitude"": 0.27, ""kalman_vertical_velocity"": -2.42}, ""chute_state"": {""pyro1_state"": 0, ""pyro2_state"": 0}, ""connection_status"": {""connected"": true, ""has_ever_connected"": true, ""packet_age_ms"": 1, ""timeout_exceeded"": false, ""rssi"": -78}, ""communication_mode"": ""BEACON"", ""timestamp"": 172591, ""packets_received"": 622, ""kalman_data"": {""altitude"": 0.27, ""vertical_velocity"": -2.42}, ""kalman_altitude"": 0.27, ""kalman_vertical_velocity"": -2.42, ""pyroDrogue"": 0, ""pyroMain"": 0, ""pyro1_state"": 0, ""pyro2_state"": 0}"
1764328823.812217,2025-11-28T14:20:23.812217,1241,0,0,-0.51,-0.1,0.82,-31.12,-7.09,-9.3,-9.42,-7.62,0,0,0,110249,849.01,26.43,0.61,0,0,0,0,-77,0.58,-2.31,BEACON,"{""record_number"": 1241, ""operation_mode"": 0, ""state"": 0, ""battery_voltage"": 0, ""wifi_rssi"": -77, ""acc_data"": {""ax"": -0.51, ""ay"": -0.1, ""az"": 0.82, ""pitch"": -31.12, ""roll"": -7.09}, ""gyro_data"": {""gx"": -9.3, ""gy"": -9.42, ""gz"": -7.62}, ""gps_data"": {""latitude"": 0, ""longitude"": 0, ""gps_altitude"": 0, ""time"": 110249}, ""alt_data"": {""pressure"": 849.01, ""temperature"": 26.43, ""AGL"": 0.61, ""velocity"": 0, ""kalman_altitude"": 0.58, ""kalman_vertical_velocity"": -2.31}, ""chute_state"": {""pyro1_state"": 0, ""pyro2_state"": 0}, ""connection_status"": {""connected"": true, ""has_ever_connected"": true, ""packet_age_ms"": 0, ""timeout_exceeded"": false, ""rssi"": -77}, ""communication_mode"": ""BEACON"", ""timestamp"": 172707, ""packets_received"": 623, ""kalman_data"": {""altitude"": 0.58, ""vertical_velocity"": -2.31}, ""kalman_altitude"": 0.58, ""kalman_vertical_velocity"": -2.31, ""pyroDrogue"": 0, ""pyroMain"": 0, ""pyro1_state"": 0, ""pyro2_state"": 0}"
1764328823.984078,2025-11-28T14:20:23.984078,1243,0,0,-0.5,-0.1,0.82,-30.63,-6.64,-17.5,-8.84,-7.87,0,0,0,110448,848.99,26.43,0.79,0,0,0,0,-78,0.77,-2.24,BEACON,"{""record_number"": 1243, ""operation_mode"": 0, ""state"": 0, ""battery_voltage"": 0, ""wifi_rssi"": -78, ""acc_data"": {""ax"": -0.5, ""ay"": -0.1, ""az"": 0.82, ""pitch"": -30.63, ""roll"": -6.64}, ""gyro_data"": {""gx"": -17.5, ""gy"": -8.84, ""gz"": -7.87}, ""gps_data"": {""latitude"": 0, ""longitude"": 0, ""gps_altitude"": 0, ""time"": 110448}, ""alt_data"": {""pressure"": 848.99, ""temperature"": 26.43, ""AGL"": 0.79, ""velocity"": 0, ""kalman_altitude"": 0.77, ""kalman_vertical_velocity"": -2.24}, ""chute_state"": {""pyro1_state"": 0, ""pyro2_state"": 0}, ""connection_status"": {""connected"": true, ""has_ever_connected"": true, ""packet_age_ms"": 0, ""timeout_exceeded"": false, ""rssi"": -78}, ""communication_mode"": ""BEACON"", ""timestamp"": 172817, ""packets_received"": 624, ""kalman_data"": {""altitude"": 0.77, ""vertical_velocity"": -2.24}, ""kalman_altitude"": 0.77, ""kalman_vertical_velocity"": -2.24, ""pyroDrogue"": 0, ""pyroMain"": 0, ""pyro1_state"": 0, ""pyro2_state"": 0}"
1764328824.066579,2025-11-28T14:20:24.066579,1244,0,0,-0.51,-0.1,0.83,-30.56,-6.55,-8.87,-6.07,-3.93,0,0,0,110448,848.99,26.44,0.78,0,0,0,0,-78,0.78,-2.24,BEACON,"{""record_number"": 1244, ""operation_mode"": 0, ""state"": 0, ""battery_voltage"": 0, ""wifi_rssi"": -78, ""acc_data"": {""ax"": -0.51, ""ay"": -0.1, ""az"": 0.83, ""pitch"": -30.56, ""roll"": -6.55}, ""gyro_data"": {""gx"": -8.87, ""gy"": -6.07, ""gz"": -3.93}, ""gps_data"": {""latitude"": 0, ""longitude"": 0, ""gps_altitude"": 0, ""time"": 110448}, ""alt_data"": {""pressure"": 848.99, ""temperature"": 26.44, ""AGL"": 0.78, ""velocity"": 0, ""kalman_altitude"": 0.78, ""kalman_vertical_velocity"": -2.24}, ""chute_state"": {""pyro1_state"": 0, ""pyro2_state"": 0}, ""connection_status"": {""connected"": true, ""has_ever_connected"": true, ""packet_age_ms"": 0, ""timeout_exceeded"": false, ""rssi"": -78}, ""communication_mode"": ""BEACON"", ""timestamp"": 172930, ""packets_received"": 625, ""kalman_data"": {""altitude"": 0.78, ""vertical_velocity"": -2.24}, ""kalman_altitude"": 0.78, ""kalman_vertical_velocity"": -2.24, ""pyroDrogue"": 0, ""pyroMain"": 0, ""pyro1_state"": 0, ""pyro2_state"": 0}"
1764328824.654376,2025-11-28T14:20:24.654376,1245,0,0,-0.49,-0.09,0.82,-29.34,-6.24,-3.41,1.55,-2.59,0,0,0,110651,848.97,26.42,1.05,0,0,0,0,-78,1.03,-2.15,BEACON,"{""record_number"": 1245, ""operation_mode"": 0, ""state"": 0, ""battery_voltage"": 0, ""wifi_rssi"": -78, ""acc_data"": {""ax"": -0.49, ""ay"": -0.09, ""az"": 0.82, ""pitch"": -29.34, ""roll"": -6.24}, ""gyro_data"": {""gx"": -3.41, ""gy"": 1.55, ""gz"": -2.59}, ""gps_data"": {""latitude"": 0, ""longitude"": 0, ""gps_altitude"": 0, ""time"": 110651}, ""alt_data"": {""pressure"": 848.97, ""temperature"": 26.42, ""AGL"": 1.05, ""velocity"": 0, ""kalman_altitude"": 1.03, ""kalman_vertical_velocity"": -2.15}, ""chute_state"": {""pyro1_state"": 0, ""pyro2_state"": 0}, ""connection_status"": {""connected"": true, ""has_ever_connected"": true, ""packet_age_ms"": 0, ""timeout_exceeded"": false, ""rssi"": -78}, ""communication_mode"": ""BEACON"", ""timestamp"": 173041, ""packets_received"": 626, ""kalman_data"": {""altitude"": 1.03, ""vertical_velocity"": -2.15}, ""kalman_altitude"": 1.03, ""kalman_vertical_velocity"": -2.15, ""pyroDrogue"": 0, ""pyroMain"": 0, ""pyro1_state"": 0, ""pyro2_state"": 0}"
1764328825.034935,2025-11-28T14:20:25.034935,1247,0,0,-0.5,-0.09,0.82,-30.05,-6.55,-8.84,-2.38,3.17,0,0,0,110651,849,26.44,0.71,0,0,0,0,-77,0.73,-2.26,BEACON,"{""record_number"": 1247, ""operation_mode"": 0, ""state"": 0, ""battery_voltage"": 0, ""wifi_rssi"": -77, ""acc_data"": {""ax"": -0.5, ""ay"": -0.09, ""az"": 0.82, ""pitch"": -30.05, ""roll"": -6.55}, ""gyro_data"": {""gx"": -8.84, ""gy"": -2.38, ""gz"": 3.17}, ""gps_data"": {""latitude"": 0, ""longitude"": 0, ""gps_altitude"": 0, ""time"": 110651}, ""alt_data"": {""pressure"": 849, ""temperature"": 26.44, ""AGL"": 0.71, ""velocity"": 0, ""kalman_altitude"": 0.73, ""kalman_vertical_velocity"": -2.26}, ""chute_state"": {""pyro1_state"": 0, ""pyro2_state"": 0}, ""connection_status"": {""connected"": true, ""has_ever_connected"": true, ""packet_age_ms"": 0, ""timeout_exceeded"": false, ""rssi"": -77}, ""communication_mode"": ""BEACON"", ""timestamp"": 173156, ""packets_received"": 627, ""kalman_data"": {""altitude"": 0.73, ""vertical_velocity"": -2.26}, ""kalman_altitude"": 0.73, ""kalman_vertical_velocity"": -2.26, ""pyroDrogue"": 0, ""pyroMain"": 0, ""pyro1_state"": 0, ""pyro2_state"": 0}"
1764328825.135398,2025-11-28T14:20:25.135398,1248,0,0,-0.51,-0.13,0.86,-30.86,-8.83,-8.6,-10.15,-5.82,0,0,0,110855,849.01,26.44,0.64,0,0,0,0,-77,0.64,-2.29,BEACON,"{""record_number"": 1248, ""operation_mode"": 0, ""state"": 0, ""battery_voltage"": 0, ""wifi_rssi"": -77, ""acc_data"": {""ax"": -0.51, ""ay"": -0.13, ""az"": 0.86, ""pitch"": -30.86, ""roll"": -8.83}, ""gyro_data"": {""gx"": -8.6, ""gy"": -10.15, ""gz"": -5.82}, ""gps_data"": {""latitude"": 0, ""longitude"": 0, ""gps_altitude"": 0, ""time"": 110855}, ""alt_data"": {""pressure"": 849.01, ""temperature"": 26.44, ""AGL"": 0.64, ""velocity"": 0, ""kalman_altitude"": 0.64, ""kalman_vertical_velocity"": -2.29}, ""chute_state"": {""pyro1_state"": 0, ""pyro2_state"": 0}, ""connection_status"": {""connected"": true, ""has_ever_connected"": true, ""packet_age_ms"": 1, ""timeout_exceeded"": false, ""rssi"": -77}, ""communication_mode"": ""BEACON"", ""timestamp"": 173268, ""packets_received"": 628, ""kalman_data"": {""altitude"": 0.64, ""vertical_velocity"": -2.29}, ""kalman_altitude"": 0.64, ""kalman_vertical_velocity"": -2.29, ""pyroDrogue"": 0, ""pyroMain"": 0, ""pyro1_state"": 0, ""pyro2_state"": 0}"
1764328825.243214,2025-11-28T14:20:25.243214,1251,0,0,-0.54,-0.03,0.78,-32.27,-2.53,19.02,2.01,35.55,0,0,0,111055,849.01,26.44,0.59,0,0,0,0,-79,0.59,-2.32,BEACON,"{""record_number"": 1251, ""operation_mode"": 0, ""state"": 0, ""battery_voltage"": 0, ""wifi_rssi"": -79, ""acc_data"": {""ax"": -0.54, ""ay"": -0.03, ""az"": 0.78, ""pitch"": -32.27, ""roll"": -2.53}, ""gyro_data"": {""gx"": 19.02, ""gy"": 2.01, ""gz"": 35.55}, ""gps_data"": {""latitude"": 0, ""longitude"": 0, ""gps_altitude"": 0, ""time"": 111055}, ""alt_data"": {""pressure"": 849.01, ""temperature"": 26.44, ""AGL"": 0.59, ""velocity"": 0, ""kalman_altitude"": 0.59, ""kalman_vertical_velocity"": -2.32}, ""chute_state"": {""pyro1_state"": 0, ""pyro2_state"": 0}, ""connection_status"": {""connected"": true, ""has_ever_connected"": true, ""packet_age_ms"": 1, ""timeout_exceeded"": false, ""rssi"": -79}, ""communication_mode"": ""BEACON"", ""timestamp"": 173496, ""packets_received"": 629, ""kalman_data"": {""altitude"": 0.59, ""vertical_velocity"": -2.32}, ""kalman_altitude"": 0.59, ""kalman_vertical_velocity"": -2.32, ""pyroDrogue"": 0, ""pyroMain"": 0, ""pyro1_state"": 0, ""pyro2_state"": 0}"
1764328825.374269,2025-11-28T14:20:25.374269,1252,0,0,-0.49,-0.08,0.84,-29.69,-5.33,-24.91,-18.45,8.17,0,0,0,111255,849,26.42,0.72,0,0,0,0,-78,0.7,-2.28,BEACON,"{""record_number"": 1252, ""operation_mode"": 0, ""state"": 0, ""battery_voltage"": 0, ""wifi_rssi"": -78, ""acc_data"": {""ax"": -0.49, ""ay"": -0.08, ""az"": 0.84, ""pitch"": -29.69, ""roll"": -5.33}, ""gyro_data"": {""gx"": -24.91, ""gy"": -18.45, ""gz"": 8.17}, ""gps_data"": {""latitude"": 0, ""longitude"": 0, ""gps_altitude"": 0, ""time"": 111255}, ""alt_data"": {""pressure"": 849, ""temperature"": 26.42, ""AGL"": 0.72, ""velocity"": 0, ""kalman_altitude"": 0.7, ""kalman_vertical_velocity"": -2.28}, ""chute_state"": {""pyro1_state"": 0, ""pyro2_state"": 0}, ""connection_status"": {""connected"": true, ""has_ever_connected"": true, ""packet_age_ms"": 1, ""timeout_exceeded"": false, ""rssi"": -78}, ""communication_mode"": ""BEACON"", ""timestamp"": 173607, ""packets_received"": 630, ""kalman_data"": {""altitude"": 0.7, ""vertical_velocity"": -2.28}, ""kalman_altitude"": 0.7, ""kalman_vertical_velocity"": -2.28, ""pyroDrogue"": 0, ""pyroMain"": 0, ""pyro1_state"": 0, ""pyro2_state"": 0}"
1764328825.50923,2025-11-28T14:20:25.509230,1253,0,0,-0.42,-0.08,0.83,-23.19,-5.12,-20.88,-9.54,-2.84,0,0,0,111255,849,26.42,0.69,0,0,0,0,-77,0.69,-2.28,BEACON,"{""record_number"": 1253, ""operation_mode"": 0, ""state"": 0, ""battery_voltage"": 0, ""wifi_rssi"": -77, ""acc_data"": {""ax"": -0.42, ""ay"": -0.08, ""az"": 0.83, ""pitch"": -23.19, ""roll"": -5.12}, ""gyro_data"": {""gx"": -20.88, ""gy"": -9.54, ""gz"": -2.84}, ""gps_data"": {""latitude"": 0, ""longitude"": 0, ""gps_altitude"": 0, ""time"": 111255}, ""alt_data"": {""pressure"": 849, ""temperature"": 26.42, ""AGL"": 0.69, ""velocity"": 0, ""kalman_altitude"": 0.69, ""kalman_vertical_velocity"": -2.28}, ""chute_state"": {""pyro1_state"": 0, ""pyro2_state"": 0}, ""connection_status"": {""connected"": true, ""has_ever_connected"": true, ""packet_age_ms"": 1, ""timeout_exceeded"": false, ""rssi"": -77}, ""communication_mode"": ""BEACON"", ""timestamp"": 173720, ""packets_received"": 631, ""kalman_data"": {""altitude"": 0.69, ""vertical_velocity"": -2.28}, ""kalman_altitude"": 0.69, ""kalman_vertical_velocity"": -2.28, ""pyroDrogue"": 0, ""pyroMain"": 0, ""pyro1_state"": 0, ""pyro2_state"": 0}"
1764328825.637081,2025-11-28T14:20:25.637081,1255,0,0,-0.53,-0.05,0.83,-32.1,-3.49,36.98,20.21,-72.96,0,0,0,111454,849,26.43,0.72,0,0,0,0,-77,0.71,-2.28,BEACON,"{""record_number"": 1255, ""operation_mode"": 0, ""state"": 0, ""battery_voltage"": 0, ""wifi_rssi"": -77, ""acc_data"": {""ax"": -0.53, ""ay"": -0.05, ""az"": 0.83, ""pitch"": -32.1, ""roll"": -3.49}, ""gyro_data"": {""gx"": 36.98, ""gy"": 20.21, ""gz"": -72.96}, ""gps_data"": {""latitude"": 0, ""longitude"": 0, ""gps_altitude"": 0, ""time"": 111454}, ""alt_data"": {""pressure"": 849, ""temperature"": 26.43, ""AGL"": 0.72, ""velocity"": 0, ""kalman_altitude"": 0.71, ""kalman_vertical_velocity"": -2.28}, ""chute_state"": {""pyro1_state"": 0, ""pyro2_state"": 0}, ""connection_status"": {""connected"": true, ""has_ever_connected"": true, ""packet_age_ms"": 0, ""timeout_exceeded"": false, ""rssi"": -77}, ""communication_mode"": ""BEACON"", ""timestamp"": 173832, ""packets_received"": 632, ""kalman_data"": {""altitude"": 0.71, ""vertical_velocity"": -2.28}, ""kalman_altitude"": 0.71, ""kalman_vertical_velocity"": -2.28, ""pyroDrogue"": 0, ""pyroMain"": 0, ""pyro1_state"": 0, ""pyro2_state"": 0}"
1764328825.741624,2025-11-28T14:20:25.741624,1256,0,0,-0.58,-0.03,0.73,-35.68,-3.03,36.01,31.62,-9.54,0,0,0,111454,848.97,26.42,1.05,0,0,0,0,-79,1.02,-2.17,BEACON,"{""record_number"": 1256, ""operation_mode"": 0, ""state"": 0, ""battery_voltage"": 0, ""wifi_rssi"": -79, ""acc_data"": {""ax"": -0.58, ""ay"": -0.03, ""az"": 0.73, ""pitch"": -35.68, ""roll"": -3.03}, ""gyro_data"": {""gx"": 36.01, ""gy"": 31.62, ""gz"": -9.54}, ""gps_data"": {""latitude"": 0, ""longitude"": 0, ""gps_altitude"": 0, ""time"": 111454}, ""alt_data"": {""pressure"": 848.97, ""temperature"": 26.42, ""AGL"": 1.05, ""velocity"": 0, ""kalman_altitude"": 1.02, ""kalman_vertical_velocity"": -2.17}, ""chute_state"": {""pyro1_state"": 0, ""pyro2_state"": 0}, ""connection_status"": {""connected"": true, ""has_ever_connected"": true, ""packet_age_ms"": 0, ""timeout_exceeded"": false, ""rssi"": -79}, ""communication_mode"": ""BEACON"", ""timestamp"": 173944, ""packets_received"": 633, ""kalman_data"": {""altitude"": 1.02, ""vertical_velocity"": -2.17}, ""kalman_altitude"": 1.02, ""kalman_vertical_velocity"": -2.17, ""pyroDrogue"": 0, ""pyroMain"": 0, ""pyro1_state"": 0, ""pyro2_state"": 0}"
1764328825.918499,2025-11-28T14:20:25.918499,1257,0,0,-0.49,-0.08,0.86,-30.01,-5.29,-54.82,-11.28,-24.94,0,0,0,111657,848.98,26.43,0.93,0,0,0,0,-78,0.94,-2.21,BEACON,"{""record_number"": 1257, ""operation_mode"": 0, ""state"": 0, ""battery_voltage"": 0, ""wifi_rssi"": -78, ""acc_data"": {""ax"": -0.49, ""ay"": -0.08, ""az"": 0.86, ""pitch"": -30.01, ""roll"": -5.29}, ""gyro_data"": {""gx"": -54.82, ""gy"": -11.28, ""gz"": -24.94}, ""gps_data"": {""latitude"": 0, ""longitude"": 0, ""gps_altitude"": 0, ""time"": 111657}, ""alt_data"": {""pressure"": 848.98, ""temperature"": 26.43, ""AGL"": 0.93, ""velocity"": 0, ""kalman_altitude"": 0.94, ""kalman_vertical_velocity"": -2.21}, ""chute_state"": {""pyro1_state"": 0, ""pyro2_state"": 0}, ""connection_status"": {""connected"": true, ""has_ever_connected"": true, ""packet_age_ms"": 0, ""timeout_exceeded"": false, ""rssi"": -78}, ""communication_mode"": ""BEACON"", ""timestamp"": 174056, ""packets_received"": 634, ""kalman_data"": {""altitude"": 0.94, ""vertical_velocity"": -2.21}, ""kalman_altitude"": 0.94, ""kalman_vertical_velocity"": -2.21, ""pyroDrogue"": 0, ""pyroMain"": 0, ""pyro1_state"": 0, ""pyro2_state"": 0}"
1764328825.983503,2025-11-28T14:20:25.983503,1259,0,0,-0.52,-0.05,0.79,-31.05,-4.62,-25.82,-0.95,19.21,0,0,0,111657,849.01,26.44,0.59,0,0,0,0,-78,0.62,-2.32,BEACON,"{""record_number"": 1259, ""operation_mode"": 0, ""state"": 0, ""battery_voltage"": 0, ""wifi_rssi"": -78, ""acc_data"": {""ax"": -0.52, ""ay"": -0.05, ""az"": 0.79, ""pitch"": -31.05, ""roll"": -4.62}, ""gyro_data"": {""gx"": -25.82, ""gy"": -0.95, ""gz"": 19.21}, ""gps_data"": {""latitude"": 0, ""longitude"": 0, ""gps_altitude"": 0, ""time"": 111657}, ""alt_data"": {""pressure"": 849.01, ""temperature"": 26.44, ""AGL"": 0.59, ""velocity"": 0, ""kalman_altitude"": 0.62, ""kalman_vertical_velocity"": -2.32}, ""chute_state"": {""pyro1_state"": 0, ""pyro2_state"": 0}, ""connection_status"": {""connected"": true, ""has_ever_connected"": true, ""packet_age_ms"": 0, ""timeout_exceeded"": false, ""rssi"": -78}, ""communication_mode"": ""BEACON"", ""timestamp"": 174173, ""packets_received"": 635, ""kalman_data"": {""altitude"": 0.62, ""vertical_velocity"": -2.32}, ""kalman_altitude"": 0.62, ""kalman_vertical_velocity"": -2.32, ""pyroDrogue"": 0, ""pyroMain"": 0, ""pyro1_state"": 0, ""pyro2_state"": 0}"
1764328826.109907,2025-11-28T14:20:26.109907,1260,0,0,-0.48,-0.08,0.83,-28.86,-5.94,-31.4,-1.1,-9.54,0,0,0,111860,849.02,26.44,0.57,0,0,0,0,-79,0.58,-2.33,BEACON,"{""record_number"": 1260, ""operation_mode"": 0, ""state"": 0, ""battery_voltage"": 0, ""wifi_rssi"": -79, ""acc_data"": {""ax"": -0.48, ""ay"": -0.08, ""az"": 0.83, ""pitch"": -28.86, ""roll"": -5.94}, ""gyro_data"": {""gx"": -31.4, ""gy"": -1.1, ""gz"": -9.54}, ""gps_data"": {""latitude"": 0, ""longitude"": 0, ""gps_altitude"": 0, ""time"": 111860}, ""alt_data"": {""pressure"": 849.02, ""temperature"": 26.44, ""AGL"": 0.57, ""velocity"": 0, ""kalman_altitude"": 0.58, ""kalman_vertical_velocity"": -2.33}, ""chute_state"": {""pyro1_state"": 0, ""pyro2_state"": 0}, ""connection_status"": {""connected"": true, ""has_ever_connected"": true, ""packet_age_ms"": 0, ""timeout_exceeded"": false, ""rssi"": -79}, ""communication_mode"": ""BEACON"", ""timestamp"": 174283, ""packets_received"": 636, ""kalman_data"": {""altitude"": 0.58, ""vertical_velocity"": -2.33}, ""kalman_altitude"": 0.58, ""kalman_vertical_velocity"": -2.33, ""pyroDrogue"": 0, ""pyroMain"": 0, ""pyro1_state"": 0, ""pyro2_state"": 0}"
1764328826.625361,2025-11-28T14:20:26.625361,1261,0,0,-0.54,-0.04,0.84,-33.07,-2.81,-5.79,-7.1,-22.87,0,0,0,111860,848.99,26.43,0.79,0,0,0,0,-78,0.77,-2.27,BEACON,"{""record_number"": 1261, ""operation_mode"": 0, ""state"": 0, ""battery_voltage"": 0, ""wifi_rssi"": -78, ""acc_data"": {""ax"": -0.54, ""ay"": -0.04, ""az"": 0.84, ""pitch"": -33.07, ""roll"": -2.81}, ""gyro_data"": {""gx"": -5.79, ""gy"": -7.1, ""gz"": -22.87}, ""gps_data"": {""latitude"": 0, ""longitude"": 0, ""gps_altitude"": 0, ""time"": 111860}, ""alt_data"": {""pressure"": 848.99, ""temperature"": 26.43, ""AGL"": 0.79, ""velocity"": 0, ""kalman_altitude"": 0.77, ""kalman_vertical_velocity"": -2.27}, ""chute_state"": {""pyro1_state"": 0, ""pyro2_state"": 0}, ""connection_status"": {""connected"": true, ""has_ever_connected"": true, ""packet_age_ms"": 1, ""timeout_exceeded"": false, ""rssi"": -78}, ""communication_mode"": ""BEACON"", ""timestamp"": 174396, ""packets_received"": 637, ""kalman_data"": {""altitude"": 0.77, ""vertical_velocity"": -2.27}, ""kalman_altitude"": 0.77, ""kalman_vertical_velocity"": -2.27, ""pyroDrogue"": 0, ""pyroMain"": 0, ""pyro1_state"": 0, ""pyro2_state"": 0}"
1764328826.741601,2025-11-28T14:20:26.741601,1263,0,0,-0.52,-0.04,0.78,-30.99,-2.74,-37.26,-0.98,19.7,0,0,0,112060,849.03,26.43,0.43,0,0,0,0,-77,0.45,-2.38,BEACON,"{""record_number"": 1263, ""operation_mode"": 0, ""state"": 0, ""battery_voltage"": 0, ""wifi_rssi"": -77, ""acc_data"": {""ax"": -0.52, ""ay"": -0.04, ""az"": 0.78, ""pitch"": -30.99, ""roll"": -2.74}, ""gyro_data"": {""gx"": -37.26, ""gy"": -0.98, ""gz"": 19.7}, ""gps_data"": {""latitude"": 0, ""longitude"": 0, ""gps_altitude"": 0, ""time"": 112060}, ""alt_data"": {""pressure"": 849.03, ""temperature"": 26.43, ""AGL"": 0.43, ""velocity"": 0, ""kalman_altitude"": 0.45, ""kalman_vertical_velocity"": -2.38}, ""chute_state"": {""pyro1_state"": 0, ""pyro2_state"": 0}, ""connection_status"": {""connected"": true, ""has_ever_connected"": true, ""packet_age_ms"": 1, ""timeout_exceeded"": false, ""rssi"": -77}, ""communication_mode"": ""BEACON"", ""timestamp"": 174509, ""packets_received"": 638, ""kalman_data"": {""altitude"": 0.45, ""vertical_velocity"": -2.38}, ""kalman_altitude"": 0.45, ""kalman_vertical_velocity"": -2.38, ""pyroDrogue"": 0, ""pyroMain"": 0, ""pyro1_state"": 0, ""pyro2_state"": 0}"
1764328826.873937,2025-11-28T14:20:26.873937,1264,0,0,-0.55,-0.06,0.81,-33.3,-4.76,-36.62,-5.79,4.88,0,0,0,112260,848.98,26.43,0.93,0,0,0,0,-79,0.94,-2.22,BEACON,"{""record_number"": 1264, ""operation_mode"": 0, ""state"": 0, ""battery_voltage"": 0, ""wifi_rssi"": -79, ""acc_data"": {""ax"": -0.55, ""ay"": -0.06, ""az"": 0.81, ""pitch"": -33.3, ""roll"": -4.76}, ""gyro_data"": {""gx"": -36.62, ""gy"": -5.79, ""gz"": 4.88}, ""gps_data"": {""latitude"": 0, ""longitude"": 0, ""gps_altitude"": 0, ""time"": 112260}, ""alt_data"": {""pressure"": 848.98, ""temperature"": 26.43, ""AGL"": 0.93, ""velocity"": 0, ""kalman_altitude"": 0.94, ""kalman_vertical_velocity"": -2.22}, ""chute_state"": {""pyro1_state"": 0, ""pyro2_state"": 0}, ""connection_status"": {""connected"": true, ""has_ever_connected"": true, ""packet_age_ms"": 0, ""timeout_exceeded"": false, ""rssi"": -79}, ""communication_mode"": ""BEACON"", ""timestamp"": 174622, ""packets_received"": 639, ""kalman_data"": {""altitude"": 0.94, ""vertical_velocity"": -2.22}, ""kalman_altitude"": 0.94, ""kalman_vertical_velocity"": -2.22, ""pyroDrogue"": 0, ""pyroMain"": 0, ""pyro1_state"": 0, ""pyro2_state"": 0}"
1764328826.958938,2025-11-28T14:20:26.958938,1265,0,0,-0.47,-0.07,0.81,-28.16,-4.94,-49.66,2.23,6.92,0,0,0,112260,849.02,26.44,0.49,0,0,0,0,-80,0.53,-2.36,BEACON,"{""record_number"": 1265, ""operation_mode"": 0, ""state"": 0, ""battery_voltage"": 0, ""wifi_rssi"": -80, ""acc_data"": {""ax"": -0.47, ""ay"": -0.07, ""az"": 0.81, ""pitch"": -28.16, ""roll"": -4.94}, ""gyro_data"": {""gx"": -49.66, ""gy"": 2.23, ""gz"": 6.92}, ""gps_data"": {""latitude"": 0, ""longitude"": 0, ""gps_altitude"": 0, ""time"": 112260}, ""alt_data"": {""pressure"": 849.02, ""temperature"": 26.44, ""AGL"": 0.49, ""velocity"": 0, ""kalman_altitude"": 0.53, ""kalman_vertical_velocity"": -2.36}, ""chute_state"": {""pyro1_state"": 0, ""pyro2_state"": 0}, ""connection_status"": {""connected"": true, ""has_ever_connected"": true, ""packet_age_ms"": 0, ""timeout_exceeded"": false, ""rssi"": -80}, ""communication_mode"": ""BEACON"", ""timestamp"": 174735, ""packets_received"": 640, ""kalman_data"": {""altitude"": 0.53, ""vertical_velocity"": -2.36}, ""kalman_altitude"": 0.53, ""kalman_vertical_velocity"": -2.36, ""pyroDrogue"": 0, ""pyroMain"": 0, ""pyro1_state"": 0, ""pyro2_state"": 0}"
1764328827.187747,2025-11-28T14:20:27.187747,1266,0,0,-0.57,-0.06,0.79,-34.41,-4.76,-23.81,10.09,-14.85,0,0,0,112461,849.01,26.42,0.62,0,0,0,0,-81,0.61,-2.33,BEACON,"{""record_number"": 1266, ""operation_mode"": 0, ""state"": 0, ""battery_voltage"": 0, ""wifi_rssi"": -81, ""acc_data"": {""ax"": -0.57, ""ay"": -0.06, ""az"": 0.79, ""pitch"": -34.41, ""roll"": -4.76}, ""gyro_data"": {""gx"": -23.81, ""gy"": 10.09, ""gz"": -14.85}, ""gps_data"": {""latitude"": 0, ""longitude"": 0, ""gps_altitude"": 0, ""time"": 112461}, ""alt_data"": {""pressure"": 849.01, ""temperature"": 26.42, ""AGL"": 0.62, ""velocity"": 0, ""kalman_altitude"": 0.61, ""kalman_vertical_velocity"": -2.33}, ""chute_state"": {""pyro1_state"": 0, ""pyro2_state"": 0}, ""connection_status"": {""connected"": true, ""has_ever_connected"": true, ""packet_age_ms"": 1, ""timeout_exceeded"": false, ""rssi"": -81}, ""communication_mode"": ""BEACON"", ""timestamp"": 174847, ""packets_received"": 641, ""kalman_data"": {""altitude"": 0.61, ""vertical_velocity"": -2.33}, ""kalman_altitude"": 0.61, ""kalman_vertical_velocity"": -2.33, ""pyroDrogue"": 0, ""pyroMain"": 0, ""pyro1_state"": 0, ""pyro2_state"": 0}"
1764328827.306415,2025-11-28T14:20:27.306415,1268,0,0,-0.53,-0.11,0.88,-32.14,-7.23,18.05,-1.34,-32.2,0,0,0,112461,849.06,26.44,0.17,0,0,0,0,-78,0.2,-2.48,BEACON,"{""record_number"": 1268, ""operation_mode"": 0, ""state"": 0, ""battery_voltage"": 0, ""wifi_rssi"": -78, ""acc_data"": {""ax"": -0.53, ""ay"": -0.11, ""az"": 0.88, ""pitch"": -32.14, ""roll"": -7.23}, ""gyro_data"": {""gx"": 18.05, ""gy"": -1.34, ""gz"": -32.2}, ""gps_data"": {""latitude"": 0, ""longitude"": 0, ""gps_altitude"": 0, ""time"": 112461}, ""alt_data"": {""pressure"": 849.06, ""temperature"": 26.44, ""AGL"": 0.17, ""velocity"": 0, ""kalman_altitude"": 0.2, ""kalman_vertical_velocity"": -2.48}, ""chute_state"": {""pyro1_state"": 0, ""pyro2_state"": 0}, ""connection_status"": {""connected"": true, ""has_ever_connected"": true, ""packet_age_ms"": 0, ""timeout_exceeded"": false, ""rssi"": -78}, ""communication_mode"": ""BEACON"", ""timestamp"": 174960, ""packets_received"": 642, ""kalman_data"": {""altitude"": 0.2, ""vertical_velocity"": -2.48}, ""kalman_altitude"": 0.2, ""kalman_vertical_velocity"": -2.48, ""pyroDrogue"": 0, ""pyroMain"": 0, ""pyro1_state"": 0, ""pyro2_state"": 0}"
1764328827.434417,2025-11-28T14:20:27.434417,1269,0,0,-0.56,-0.04,0.74,-33.77,-3.39,10.37,-4.05,0.85,0,0,0,112664,849.01,26.44,0.64,0,0,0,0,-80,0.67,-2.32,BEACON,"{""record_number"": 1269, ""operation_mode"": 0, ""state"": 0, ""battery_voltage"": 0, ""wifi_rssi"": -80, ""acc_data"": {""ax"": -0.56, ""ay"": -0.04, ""az"": 0.74, ""pitch"": -33.77, ""roll"": -3.39}, ""gyro_data"": {""gx"": 10.37, ""gy"": -4.05, ""gz"": 0.85}, ""gps_data"": {""latitude"": 0, ""longitude"": 0, ""gps_altitude"": 0, ""time"": 112664}, ""alt_data"": {""pressure"": 849.01, ""temperature"": 26.44, ""AGL"": 0.64, ""velocity"": 0, ""kalman_altitude"": 0.67, ""kalman_vertical_velocity"": -2.32}, ""chute_state"": {""pyro1_state"": 0, ""pyro2_state"": 0}, ""connection_status"": {""connected"": true, ""has_ever_connected"": true, ""packet_age_ms"": 0, ""timeout_exceeded"": false, ""rssi"": -80}, ""communication_mode"": ""BEACON"", ""timestamp"": 175074, ""packets_received"": 643, ""kalman_data"": {""altitude"": 0.67, ""vertical_velocity"": -2.32}, ""kalman_altitude"": 0.67, ""kalman_vertical_velocity"": -2.32, ""pyroDrogue"": 0, ""pyroMain"": 0, ""pyro1_state"": 0, ""pyro2_state"": 0}"
1764328827.544121,2025-11-28T14:20:27.544121,1270,0,0,-0.5,-0.08,0.81,-29.95,-5.26,-60.73,-13.2,-5.06,0,0,0,112664,849.02,26.44,0.49,0,0,0,0,-80,0.51,-2.38,BEACON,"{""record_number"": 1270, ""operation_mode"": 0, ""state"": 0, ""battery_voltage"": 0, ""wifi_rssi"": -80, ""acc_data"": {""ax"": -0.5, ""ay"": -0.08, ""az"": 0.81, ""pitch"": -29.95, ""roll"": -5.26}, ""gyro_data"": {""gx"": -60.73, ""gy"": -13.2, ""gz"": -5.06}, ""gps_data"": {""latitude"": 0, ""longitude"": 0, ""gps_altitude"": 0, ""time"": 112664}, ""alt_data"": {""pressure"": 849.02, ""temperature"": 26.44, ""AGL"": 0.49, ""velocity"": 0, ""kalman_altitude"": 0.51, ""kalman_vertical_velocity"": -2.38}, ""chute_state"": {""pyro1_state"": 0, ""pyro2_state"": 0}, ""connection_status"": {""connected"": true, ""has_ever_connected"": true, ""packet_age_ms"": 1, ""timeout_exceeded"": false, ""rssi"": -80}, ""communication_mode"": ""BEACON"", ""timestamp"": 175189, ""packets_received"": 644, ""kalman_data"": {""altitude"": 0.51, ""vertical_velocity"": -2.38}, ""kalman_altitude"": 0.51, ""kalman_vertical_velocity"": -2.38, ""pyroDrogue"": 0, ""pyroMain"": 0, ""pyro1_state"": 0, ""pyro2_state"": 0}"
1764328828.391197,2025-11-28T14:20:28.391197,1272,0,0,-0.58,-0.1,0.8,-34.89,-6.07,-12.62,-8.41,-3.38,0,0,0,112866,849.01,26.44,0.59,0,0,0,0,-79,0.59,-2.35,BEACON,"{""record_number"": 1272, ""operation_mode"": 0, ""state"": 0, ""battery_voltage"": 0, ""wifi_rssi"": -79, ""acc_data"": {""ax"": -0.58, ""ay"": -0.1, ""az"": 0.8, ""pitch"": -34.89, ""roll"": -6.07}, ""gyro_data"": {""gx"": -12.62, ""gy"": -8.41, ""gz"": -3.38}, ""gps_data"": {""latitude"": 0, ""longitude"": 0, ""gps_altitude"": 0, ""time"": 112866}, ""alt_data"": {""pressure"": 849.01, ""temperature"": 26.44, ""AGL"": 0.59, ""velocity"": 0, ""kalman_altitude"": 0.59, ""kalman_vertical_velocity"": -2.35}, ""chute_state"": {""pyro1_state"": 0, ""pyro2_state"": 0}, ""connection_status"": {""connected"": true, ""has_ever_connected"": true, ""packet_age_ms"": 1, ""timeout_exceeded"": false, ""rssi"": -79}, ""communication_mode"": ""BEACON"", ""timestamp"": 175298, ""packets_received"": 645, ""kalman_data"": {""altitude"": 0.59, ""vertical_velocity"": -2.35}, ""kalman_altitude"": 0.59, ""kalman_vertical_velocity"": -2.35, ""pyroDrogue"": 0, ""pyroMain"": 0, ""pyro1_state"": 0, ""pyro2_state"": 0}"
1764328828.505086,2025-11-28T14:20:28.505086,1273,0,0,-0.53,-0.06,0.79,-31.91,-4.36,14.79,0.91,-11.07,0,0,0,113067,849.02,26.44,0.57,0,0,0,0,-78,0.56,-2.37,BEACON,"{""record_number"": 1273, ""operation_mode"": 0, ""state"": 0, ""battery_voltage"": 0, ""wifi_rssi"": -78, ""acc_data"": {""ax"": -0.53, ""ay"": -0.06, ""az"": 0.79, ""pitch"": -31.91, ""roll"": -4.36}, ""gyro_data"": {""gx"": 14.79, ""gy"": 0.91, ""gz"": -11.07}, ""gps_data"": {""latitude"": 0, ""longitude"": 0, ""gps_altitude"": 0, ""time"": 113067}, ""alt_data"": {""pressure"": 849.02, ""temperature"": 26.44, ""AGL"": 0.57, ""velocity"": 0, ""kalman_altitude"": 0.56, ""kalman_vertical_velocity"": -2.37}, ""chute_state"": {""pyro1_state"": 0, ""pyro2_state"": 0}, ""connection_status"": {""connected"": true, ""has_ever_connected"": true, ""packet_age_ms"": 1, ""timeout_exceeded"": false, ""rssi"": -78}, ""communication_mode"": ""BEACON"", ""timestamp"": 175411, ""packets_received"": 646, ""kalman_data"": {""altitude"": 0.56, ""vertical_velocity"": -2.37}, ""kalman_altitude"": 0.56, ""kalman_vertical_velocity"": -2.37, ""pyroDrogue"": 0, ""pyroMain"": 0, ""pyro1_state"": 0, ""pyro2_state"": 0}"
1764328828.592019,2025-11-28T14:20:28.592019,1274,0,0,-0.55,-0.09,0.82,-33.74,-5.38,-23.11,-15.4,-9.36,0,0,0,113067,849.05,26.45,0.19,0,0,0,0,-76,0.22,-2.49,BEACON,"{""record_number"": 1274, ""operation_mode"": 0, ""state"": 0, ""battery_voltage"": 0, ""wifi_rssi"": -76, ""acc_data"": {""ax"": -0.55, ""ay"": -0.09, ""az"": 0.82, ""pitch"": -33.74, ""roll"": -5.38}, ""gyro_data"": {""gx"": -23.11, ""gy"": -15.4, ""gz"": -9.36}, ""gps_data"": {""latitude"": 0, ""longitude"": 0, ""gps_altitude"": 0, ""time"": 113067}, ""alt_data"": {""pressure"": 849.05, ""temperature"": 26.45, ""AGL"": 0.19, ""velocity"": 0, ""kalman_altitude"": 0.22, ""kalman_vertical_velocity"": -2.49}, ""chute_state"": {""pyro1_state"": 0, ""pyro2_state"": 0}, ""connection_status"": {""connected"": true, ""has_ever_connected"": true, ""packet_age_ms"": 0, ""timeout_exceeded"": false, ""rssi"": -76}, ""communication_mode"": ""BEACON"", ""timestamp"": 175524, ""packets_received"": 647, ""kalman_data"": {""altitude"": 0.22, ""vertical_velocity"": -2.49}, ""kalman_altitude"": 0.22, ""kalman_vertical_velocity"": -2.49, ""pyroDrogue"": 0, ""pyroMain"": 0, ""pyro1_state"": 0, ""pyro2_state"": 0}"
1764328828.699607,2025-11-28T14:20:28.699607,1276,0,0,-0.51,-0.09,0.81,-30.69,-6.61,-6.49,-1.37,4.45,0,0,0,113266,849.01,26.44,0.63,0,0,0,0,-78,0.6,-2.36,BEACON,"{""record_number"": 1276, ""operation_mode"": 0, ""state"": 0, ""battery_voltage"": 0, ""wifi_rssi"": -78, ""acc_data"": {""ax"": -0.51, ""ay"": -0.09, ""az"": 0.81, ""pitch"": -30.69, ""roll"": -6.61}, ""gyro_data"": {""gx"": -6.49, ""gy"": -1.37, ""gz"": 4.45}, ""gps_data"": {""latitude"": 0, ""longitude"": 0, ""gps_altitude"": 0, ""time"": 113266}, ""alt_data"": {""pressure"": 849.01, ""temperature"": 26.44, ""AGL"": 0.63, ""velocity"": 0, ""kalman_altitude"": 0.6, ""kalman_vertical_velocity"": -2.36}, ""chute_state"": {""pyro1_state"": 0, ""pyro2_state"": 0}, ""connection_status"": {""connected"": true, ""has_ever_connected"": true, ""packet_age_ms"": 0, ""timeout_exceeded"": false, ""rssi"": -78}, ""communication_mode"": ""BEACON"", ""timestamp"": 175636, ""packets_received"": 648, ""kalman_data"": {""altitude"": 0.6, ""vertical_velocity"": -2.36}, ""kalman_altitude"": 0.6, ""kalman_vertical_velocity"": -2.36, ""pyroDrogue"": 0, ""pyroMain"": 0, ""pyro1_state"": 0, ""pyro2_state"": 0}"
1764328828.793606,2025-11-28T14:20:28.793606,1277,0,0,-0.53,-0.08,0.8,-31.84,-5.83,-11.49,-8.69,-9.76,0,0,0,113266,848.99,26.43,0.79,0,0,0,0,-79,0.79,-2.29,BEACON,"{""record_number"": 1277, ""operation_mode"": 0, ""state"": 0, ""battery_voltage"": 0, ""wifi_rssi"": -79, ""acc_data"": {""ax"": -0.53, ""ay"": -0.08, ""az"": 0.8, ""pitch"": -31.84, ""roll"": -5.83}, ""gyro_data"": {""gx"": -11.49, ""gy"": -8.69, ""gz"": -9.76}, ""gps_data"": {""latitude"": 0, ""longitude"": 0, ""gps_altitude"": 0, ""time"": 113266}, ""alt_data"": {""pressure"": 848.99, ""temperature"": 26.43, ""AGL"": 0.79, ""velocity"": 0, ""kalman_altitude"": 0.79, ""kalman_vertical_velocity"": -2.29}, ""chute_state"": {""pyro1_state"": 0, ""pyro2_state"": 0}, ""connection_status"": {""connected"": true, ""has_ever_connected"": true, ""packet_age_ms"": 1, ""timeout_exceeded"": false, ""rssi"": -79}, ""communication_mode"": ""BEACON"", ""timestamp"": 175749, ""packets_received"": 649, ""kalman_data"": {""altitude"": 0.79, ""vertical_velocity"": -2.29}, ""kalman_altitude"": 0.79, ""kalman_vertical_velocity"": -2.29, ""pyroDrogue"": 0, ""pyroMain"": 0, ""pyro1_state"": 0, ""pyro2_state"": 0}"
1764328828.916136,2025-11-28T14:20:28.916136,1278,0,0,-0.54,-0.09,0.81,-32.97,-6.46,-18.78,-19.3,-13.78,0,0,0,113467,849,26.45,0.69,0,0,0,0,-79,0.7,-2.33,BEACON,"{""record_number"": 1278, ""operation_mode"": 0, ""state"": 0, ""battery_voltage"": 0, ""wifi_rssi"": -79, ""acc_data"": {""ax"": -0.54, ""ay"": -0.09, ""az"": 0.81, ""pitch"": -32.97, ""roll"": -6.46}, ""gyro_data"": {""gx"": -18.78, ""gy"": -19.3, ""gz"": -13.78}, ""gps_data"": {""latitude"": 0, ""longitude"": 0, ""gps_altitude"": 0, ""time"": 113467}, ""alt_data"": {""pressure"": 849, ""temperature"": 26.45, ""AGL"": 0.69, ""velocity"": 0, ""kalman_altitude"": 0.7, ""kalman_vertical_velocity"": -2.33}, ""chute_state"": {""pyro1_state"": 0, ""pyro2_state"": 0}, ""connection_status"": {""connected"": true, ""has_ever_connected"": true, ""packet_age_ms"": 0, ""timeout_exceeded"": false, ""rssi"": -79}, ""communication_mode"": ""BEACON"", ""timestamp"": 175861, ""packets_received"": 650, ""kalman_data"": {""altitude"": 0.7, ""vertical_velocity"": -2.33}, ""kalman_altitude"": 0.7, ""kalman_vertical_velocity"": -2.33, ""pyroDrogue"": 0, ""pyroMain"": 0, ""pyro1_state"": 0, ""pyro2_state"": 0}"
1764328828.973134,2025-11-28T14:20:28.973134,1280,0,0,-0.55,-0.07,0.78,-33.7,-4.95,-20.7,-23.87,17.84,0,0,0,113467,849.01,26.45,0.62,0,0,0,0,-79,0.63,-2.36,BEACON,"{""record_number"": 1280, ""operation_mode"": 0, ""state"": 0, ""battery_voltage"": 0, ""wifi_rssi"": -79, ""acc_data"": {""ax"": -0.55, ""ay"": -0.07, ""az"": 0.78, ""pitch"": -33.7, ""roll"": -4.95}, ""gyro_data"": {""gx"": -20.7, ""gy"": -23.87, ""gz"": 17.84}, ""gps_data"": {""latitude"": 0, ""longitude"": 0, ""gps_altitude"": 0, ""time"": 113467}, ""alt_data"": {""pressure"": 849.01, ""temperature"": 26.45, ""AGL"": 0.62, ""velocity"": 0, ""kalman_altitude"": 0.63, ""kalman_vertical_velocity"": -2.36}, ""chute_state"": {""pyro1_state"": 0, ""pyro2_state"": 0}, ""connection_status"": {""connected"": true, ""has_ever_connected"": true, ""packet_age_ms"": 1, ""timeout_exceeded"": false, ""rssi"": -79}, ""communication_mode"": ""BEACON"", ""timestamp"": 175974, ""packets_received"": 651, ""kalman_data"": {""altitude"": 0.63, ""vertical_velocity"": -2.36}, ""kalman_altitude"": 0.63, ""kalman_vertical_velocity"": -2.36, ""pyroDrogue"": 0, ""pyroMain"": 0, ""pyro1_state"": 0, ""pyro2_state"": 0}"
1764328829.092245,2025-11-28T14:20:29.092245,1281,0,0,-0.53,-0.06,0.79,-31.61,-4.19,-25.4,-10.06,42.44,0,0,0,113670,848.97,26.44,1.03,0,0,0,0,-79,0.99,-2.23,BEACON,"{""record_number"": 1281, ""operation_mode"": 0, ""state"": 0, ""battery_voltage"": 0, ""wifi_rssi"": -79, ""acc_data"": {""ax"": -0.53, ""ay"": -0.06, ""az"": 0.79, ""pitch"": -31.61, ""roll"": -4.19}, ""gyro_data"": {""gx"": -25.4, ""gy"": -10.06, ""gz"": 42.44}, ""gps_data"": {""latitude"": 0, ""longitude"": 0, ""gps_altitude"": 0, ""time"": 113670}, ""alt_data"": {""pressure"": 848.97, ""temperature"": 26.44, ""AGL"": 1.03, ""velocity"": 0, ""kalman_altitude"": 0.99, ""kalman_vertical_velocity"": -2.23}, ""chute_state"": {""pyro1_state"": 0, ""pyro2_state"": 0}, ""connection_status"": {""connected"": true, ""has_ever_connected"": true, ""packet_age_ms"": 1, ""timeout_exceeded"": false, ""rssi"": -79}, ""communication_mode"": ""BEACON"", ""timestamp"": 176091, ""packets_received"": 652, ""kalman_data"": {""altitude"": 0.99, ""vertical_velocity"": -2.23}, ""kalman_altitude"": 0.99, ""kalman_vertical_velocity"": -2.23, ""pyroDrogue"": 0, ""pyroMain"": 0, ""pyro1_state"": 0, ""pyro2_state"": 0}"
1764328829.189232,2025-11-28T14:20:29.189232,1282,0,0,-0.5,-0.12,0.83,-29.21,-7.46,-60,-17.1,17.01,0,0,0,113670,848.99,26.43,0.86,0,0,0,0,-79,0.87,-2.28,BEACON,"{""record_number"": 1282, ""operation_mode"": 0, ""state"": 0, ""battery_voltage"": 0, ""wifi_rssi"": -79, ""acc_data"": {""ax"": -0.5, ""ay"": -0.12, ""az"": 0.83, ""pitch"": -29.21, ""roll"": -7.46}, ""gyro_data"": {""gx"": -60, ""gy"": -17.1, ""gz"": 17.01}, ""gps_data"": {""latitude"": 0, ""longitude"": 0, ""gps_altitude"": 0, ""time"": 113670}, ""alt_data"": {""pressure"": 848.99, ""temperature"": 26.43, ""AGL"": 0.86, ""velocity"": 0, ""kalman_altitude"": 0.87, ""kalman_vertical_velocity"": -2.28}, ""chute_state"": {""pyro1_state"": 0, ""pyro2_state"": 0}, ""connection_status"": {""connected"": true, ""has_ever_connected"": true, ""packet_age_ms"": 0, ""timeout_exceeded"": false, ""rssi"": -79}, ""communication_mode"": ""BEACON"", ""timestamp"": 176199, ""packets_received"": 653, ""kalman_data"": {""altitude"": 0.87, ""vertical_velocity"": -2.28}, ""kalman_altitude"": 0.87, ""kalman_vertical_velocity"": -2.28, ""pyroDrogue"": 0, ""pyroMain"": 0, ""pyro1_state"": 0, ""pyro2_state"": 0}"
1764328829.261198,2025-11-28T14:20:29.261198,1284,0,0,-0.51,-0.06,0.81,-30.69,-3.62,3.05,-2.56,-2.16,0,0,0,113872,848.99,26.44,0.78,0,0,0,0,-76,0.79,-2.31,BEACON,"{""record_number"": 1284, ""operation_mode"": 0, ""state"": 0, ""battery_voltage"": 0, ""wifi_rssi"": -76, ""acc_data"": {""ax"": -0.51, ""ay"": -0.06, ""az"": 0.81, ""pitch"": -30.69, ""roll"": -3.62}, ""gyro_data"": {""gx"": 3.05, ""gy"": -2.56, ""gz"": -2.16}, ""gps_data"": {""latitude"": 0, ""longitude"": 0, ""gps_altitude"": 0, ""time"": 113872}, ""alt_data"": {""pressure"": 848.99, ""temperature"": 26.44, ""AGL"": 0.78, ""velocity"": 0, ""kalman_altitude"": 0.79, ""kalman_vertical_velocity"": -2.31}, ""chute_state"": {""pyro1_state"": 0, ""pyro2_state"": 0}, ""connection_status"": {""connected"": true, ""has_ever_connected"": true, ""packet_age_ms"": 0, ""timeout_exceeded"": false, ""rssi"": -76}, ""communication_mode"": ""BEACON"", ""timestamp"": 176314, ""packets_received"": 654, ""kalman_data"": {""altitude"": 0.79, ""vertical_velocity"": -2.31}, ""kalman_altitude"": 0.79, ""kalman_vertical_velocity"": -2.31, ""pyroDrogue"": 0, ""pyroMain"": 0, ""pyro1_state"": 0, ""pyro2_state"": 0}"
1764328829.443198,2025-11-28T14:20:29.443198,1285,0,0,-0.54,-0.08,0.79,-31.94,-5.38,-14.12,-2.35,3.57,0,0,0,114073,848.97,26.42,0.98,0,0,0,0,-78,0.97,-2.25,BEACON,"{""record_number"": 1285, ""operation_mode"": 0, ""state"": 0, ""battery_voltage"": 0, ""wifi_rssi"": -78, ""acc_data"": {""ax"": -0.54, ""ay"": -0.08, ""az"": 0.79, ""pitch"": -31.94, ""roll"": -5.38}, ""gyro_data"": {""gx"": -14.12, ""gy"": -2.35, ""gz"": 3.57}, ""gps_data"": {""latitude"": 0, ""longitude"": 0, ""gps_altitude"": 0, ""time"": 114073}, ""alt_data"": {""pressure"": 848.97, ""temperature"": 26.42, ""AGL"": 0.98, ""velocity"": 0, ""kalman_altitude"": 0.97, ""kalman_vertical_velocity"": -2.25}, ""chute_state"": {""pyro1_state"": 0, ""pyro2_state"": 0}, ""connection_status"": {""connected"": true, ""has_ever_connected"": true, ""packet_age_ms"": 1, ""timeout_exceeded"": false, ""rssi"": -78}, ""communication_mode"": ""BEACON"", ""timestamp"": 176426, ""packets_received"": 655, ""kalman_data"": {""altitude"": 0.97, ""vertical_velocity"": -2.25}, ""kalman_altitude"": 0.97, ""kalman_vertical_velocity"": -2.25, ""pyroDrogue"": 0, ""pyroMain"": 0, ""pyro1_state"": 0, ""pyro2_state"": 0}"
1764328829.618914,2025-11-28T14:20:29.618914,1286,0,0,-0.51,-0.11,0.82,-30.27,-7.06,-38.57,-15.21,-1.95,0,0,0,114073,848.97,26.43,1,0,0,0,0,-79,1,-2.24,BEACON,"{""record_number"": 1286, ""operation_mode"": 0, ""state"": 0, ""battery_voltage"": 0, ""wifi_rssi"": -79, ""acc_data"": {""ax"": -0.51, ""ay"": -0.11, ""az"": 0.82, ""pitch"": -30.27, ""roll"": -7.06}, ""gyro_data"": {""gx"": -38.57, ""gy"": -15.21, ""gz"": -1.95}, ""gps_data"": {""latitude"": 0, ""longitude"": 0, ""gps_altitude"": 0, ""time"": 114073}, ""alt_data"": {""pressure"": 848.97, ""temperature"": 26.43, ""AGL"": 1, ""velocity"": 0, ""kalman_altitude"": 1, ""kalman_vertical_velocity"": -2.24}, ""chute_state"": {""pyro1_state"": 0, ""pyro2_state"": 0}, ""connection_status"": {""connected"": true, ""has_ever_connected"": true, ""packet_age_ms"": 1, ""timeout_exceeded"": false, ""rssi"": -79}, ""communication_mode"": ""BEACON"", ""timestamp"": 176539, ""packets_received"": 656, ""kalman_data"": {""altitude"": 1, ""vertical_velocity"": -2.24}, ""kalman_altitude"": 1, ""kalman_vertical_velocity"": -2.24, ""pyroDrogue"": 0, ""pyroMain"": 0, ""pyro1_state"": 0, ""pyro2_state"": 0}"
1764328829.693274,2025-11-28T14:20:29.693274,1288,0,0,-0.51,-0.12,0.85,-31.58,-8.4,-7.47,-4.02,-18.2,0,0,0,114272,849.02,26.44,0.49,0,0,0,0,-78,0.53,-2.4,BEACON,"{""record_number"": 1288, ""operation_mode"": 0, ""state"": 0, ""battery_voltage"": 0, ""wifi_rssi"": -78, ""acc_data"": {""ax"": -0.51, ""ay"": -0.12, ""az"": 0.85, ""pitch"": -31.58, ""roll"": -8.4}, ""gyro_data"": {""gx"": -7.47, ""gy"": -4.02, ""gz"": -18.2}, ""gps_data"": {""latitude"": 0, ""longitude"": 0, ""gps_altitude"": 0, ""time"": 114272}, ""alt_data"": {""pressure"": 849.02, ""temperature"": 26.44, ""AGL"": 0.49, ""velocity"": 0, ""kalman_altitude"": 0.53, ""kalman_vertical_velocity"": -2.4}, ""chute_state"": {""pyro1_state"": 0, ""pyro2_state"": 0}, ""connection_status"": {""connected"": true, ""has_ever_connected"": true, ""packet_age_ms"": 1, ""timeout_exceeded"": false, ""rssi"": -78}, ""communication_mode"": ""BEACON"", ""timestamp"": 176652, ""packets_received"": 657, ""kalman_data"": {""altitude"": 0.53, ""vertical_velocity"": -2.4}, ""kalman_altitude"": 0.53, ""kalman_vertical_velocity"": -2.4, ""pyroDrogue"": 0, ""pyroMain"": 0, ""pyro1_state"": 0, ""pyro2_state"": 0}"
1764328829.783967,2025-11-28T14:20:29.783967,1287,0,0,-0.49,-0.06,0.8,-34.41,-4.18,9.02,-7.47,-13.45,0,0,0,114272,849.02,26.43,0.57,0,0,0,0,-79,0.55,-2.4,BEACON,"{""record_number"": 1287, ""operation_mode"": 0, ""state"": 0, ""battery_voltage"": 0, ""wifi_rssi"": -79, ""acc_data"": {""ax"": -0.49, ""ay"": -0.06, ""az"": 0.8, ""pitch"": -34.41, ""roll"": -4.18}, ""gyro_data"": {""gx"": 9.02, ""gy"": -7.47, ""gz"": -13.45}, ""gps_data"": {""latitude"": 0, ""longitude"": 0, ""gps_altitude"": 0, ""time"": 114272}, ""alt_data"": {""pressure"": 849.02, ""temperature"": 26.43, ""AGL"": 0.57, ""velocity"": 0, ""kalman_altitude"": 0.55, ""kalman_vertical_velocity"": -2.4}, ""chute_state"": {""pyro1_state"": 0, ""pyro2_state"": 0}, ""connection_status"": {""connected"": true, ""has_ever_connected"": true, ""packet_age_ms"": 1, ""timeout_exceeded"": false, ""rssi"": -79}, ""communication_mode"": ""BEACON"", ""timestamp"": 176767, ""packets_received"": 658, ""kalman_data"": {""altitude"": 0.55, ""vertical_velocity"": -2.4}, ""kalman_altitude"": 0.55, ""kalman_vertical_velocity"": -2.4, ""pyroDrogue"": 0, ""pyroMain"": 0, ""pyro1_state"": 0, ""pyro2_state"": 0}"
1764328829.85897,2025-11-28T14:20:29.858970,1290,0,0,-0.48,-0.07,0.8,-29.46,-5.72,-16.55,-1.68,-0.12,0,0,0,114473,849.03,26.44,0.46,0,0,0,0,-78,0.46,-2.43,BEACON,"{""record_number"": 1290, ""operation_mode"": 0, ""state"": 0, ""battery_voltage"": 0, ""wifi_rssi"": -78, ""acc_data"": {""ax"": -0.48, ""ay"": -0.07, ""az"": 0.8, ""pitch"": -29.46, ""roll"": -5.72}, ""gyro_data"": {""gx"": -16.55, ""gy"": -1.68, ""gz"": -0.12}, ""gps_data"": {""latitude"": 0, ""longitude"": 0, ""gps_altitude"": 0, ""time"": 114473}, ""alt_data"": {""pressure"": 849.03, ""temperature"": 26.44, ""AGL"": 0.46, ""velocity"": 0, ""kalman_altitude"": 0.46, ""kalman_vertical_velocity"": -2.43}, ""chute_state"": {""pyro1_state"": 0, ""pyro2_state"": 0}, ""connection_status"": {""connected"": true, ""has_ever_connected"": true, ""packet_age_ms"": 0, ""timeout_exceeded"": false, ""rssi"": -78}, ""communication_mode"": ""BEACON"", ""timestamp"": 176881, ""packets_received"": 659, ""kalman_data"": {""altitude"": 0.46, ""vertical_velocity"": -2.43}, ""kalman_altitude"": 0.46, ""kalman_vertical_velocity"": -2.43, ""pyroDrogue"": 0, ""pyroMain"": 0, ""pyro1_state"": 0, ""pyro2_state"": 0}"
1764328829.92802,2025-11-28T14:20:29.928020,1291,0,0,-0.51,-0.13,0.85,-30.92,-8.29,-28.35,-3.2,-11.62,0,0,0,114473,849,26.43,0.75,0,0,0,0,-78,0.73,-2.34,BEACON,"{""record_number"": 1291, ""operation_mode"": 0, ""state"": 0, ""battery_voltage"": 0, ""wifi_rssi"": -78, ""acc_data"": {""ax"": -0.51, ""ay"": -0.13, ""az"": 0.85, ""pitch"": -30.92, ""roll"": -8.29}, ""gyro_data"": {""gx"": -28.35, ""gy"": -3.2, ""gz"": -11.62}, ""gps_data"": {""latitude"": 0, ""longitude"": 0, ""gps_altitude"": 0, ""time"": 114473}, ""alt_data"": {""pressure"": 849, ""temperature"": 26.43, ""AGL"": 0.75, ""velocity"": 0, ""kalman_altitude"": 0.73, ""kalman_vertical_velocity"": -2.34}, ""chute_state"": {""pyro1_state"": 0, ""pyro2_state"": 0}, ""connection_status"": {""connected"": true, ""has_ever_connected"": true, ""packet_age_ms"": 0, ""timeout_exceeded"": false, ""rssi"": -78}, ""communication_mode"": ""BEACON"", ""timestamp"": 177004, ""packets_received"": 660, ""kalman_data"": {""altitude"": 0.73, ""vertical_velocity"": -2.34}, ""kalman_altitude"": 0.73, ""kalman_vertical_velocity"": -2.34, ""pyroDrogue"": 0, ""pyroMain"": 0, ""pyro1_state"": 0, ""pyro2_state"": 0}"
1764328829.993109,2025-11-28T14:20:29.993109,1293,0,0,-0.49,-0.08,0.8,-28.76,-6.6,1.04,8.99,6.62,0,0,0,114676,849.03,26.43,0.47,0,0,0,0,-78,0.48,-2.42,BEACON,"{""record_number"": 1293, ""operation_mode"": 0, ""state"": 0, ""battery_voltage"": 0, ""wifi_rssi"": -78, ""acc_data"": {""ax"": -0.49, ""ay"": -0.08, ""az"": 0.8, ""pitch"": -28.76, ""roll"": -6.6}, ""gyro_data"": {""gx"": 1.04, ""gy"": 8.99, ""gz"": 6.62}, ""gps_data"": {""latitude"": 0, ""longitude"": 0, ""gps_altitude"": 0, ""time"": 114676}, ""alt_data"": {""pressure"": 849.03, ""temperature"": 26.43, ""AGL"": 0.47, ""velocity"": 0, ""kalman_altitude"": 0.48, ""kalman_vertical_velocity"": -2.42}, ""chute_state"": {""pyro1_state"": 0, ""pyro2_state"": 0}, ""connection_status"": {""connected"": true, ""has_ever_connected"": true, ""packet_age_ms"": 0, ""timeout_exceeded"": false, ""rssi"": -78}, ""communication_mode"": ""BEACON"", ""timestamp"": 177105, ""packets_received"": 661, ""kalman_data"": {""altitude"": 0.48, ""vertical_velocity"": -2.42}, ""kalman_altitude"": 0.48, ""kalman_vertical_velocity"": -2.42, ""pyroDrogue"": 0, ""pyroMain"": 0, ""pyro1_state"": 0, ""pyro2_state"": 0}"
1764328830.065109,2025-11-28T14:20:30.065109,1294,0,0,-0.51,-0.1,0.83,-31.15,-7.2,-23.6,-10.85,-13.26,0,0,0,114879,849.06,26.43,0.14,0,0,0,0,-77,0.15,-2.54,BEACON,"{""record_number"": 1294, ""operation_mode"": 0, ""state"": 0, ""battery_voltage"": 0, ""wifi_rssi"": -77, ""acc_data"": {""ax"": -0.51, ""ay"": -0.1, ""az"": 0.83, ""pitch"": -31.15, ""roll"": -7.2}, ""gyro_data"": {""gx"": -23.6, ""gy"": -10.85, ""gz"": -13.26}, ""gps_data"": {""latitude"": 0, ""longitude"": 0, ""gps_altitude"": 0, ""time"": 114879}, ""alt_data"": {""pressure"": 849.06, ""temperature"": 26.43, ""AGL"": 0.14, ""velocity"": 0, ""kalman_altitude"": 0.15, ""kalman_vertical_velocity"": -2.54}, ""chute_state"": {""pyro1_state"": 0, ""pyro2_state"": 0}, ""connection_status"": {""connected"": true, ""has_ever_connected"": true, ""packet_age_ms"": 0, ""timeout_exceeded"": false, ""rssi"": -77}, ""communication_mode"": ""BEACON"", ""timestamp"": 177217, ""packets_received"": 662, ""kalman_data"": {""altitude"": 0.15, ""vertical_velocity"": -2.54}, ""kalman_altitude"": 0.15, ""kalman_vertical_velocity"": -2.54, ""pyroDrogue"": 0, ""pyroMain"": 0, ""pyro1_state"": 0, ""pyro2_state"": 0}"
1764328830.138109,2025-11-28T14:20:30.138109,1295,0,0,-0.52,-0.09,0.8,-30.79,-5.58,-2.01,0.52,4.88,0,0,0,114879,849,26.44,0.71,0,0,0,0,-78,0.67,-2.37,BEACON,"{""record_number"": 1295, ""operation_mode"": 0, ""state"": 0, ""battery_voltage"": 0, ""wifi_rssi"": -78, ""acc_data"": {""ax"": -0.52, ""ay"": -0.09, ""az"": 0.8, ""pitch"": -30.79, ""roll"": -5.58}, ""gyro_data"": {""gx"": -2.01, ""gy"": 0.52, ""gz"": 4.88}, ""gps_data"": {""latitude"": 0, ""longitude"": 0, ""gps_altitude"": 0, ""time"": 114879}, ""alt_data"": {""pressure"": 849, ""temperature"": 26.44, ""AGL"": 0.71, ""velocity"": 0, ""kalman_altitude"": 0.67, ""kalman_vertical_velocity"": -2.37}, ""chute_state"": {""pyro1_state"": 0, ""pyro2_state"": 0}, ""connection_status"": {""connected"": true, ""has_ever_connected"": true, ""packet_age_ms"": 0, ""timeout_exceeded"": false, ""rssi"": -78}, ""communication_mode"": ""BEACON"", ""timestamp"": 177339, ""packets_received"": 663, ""kalman_data"": {""altitude"": 0.67, ""vertical_velocity"": -2.37}, ""kalman_altitude"": 0.67, ""kalman_vertical_velocity"": -2.37, ""pyroDrogue"": 0, ""pyroMain"": 0, ""pyro1_state"": 0, ""pyro2_state"": 0}"
1764328830.204797,2025-11-28T14:20:30.204797,1297,0,0,-0.5,-0.1,0.8,-28.98,-7.55,-28.08,-8.17,-14.3,0,0,0,115080,848.94,26.43,1.29,0,0,0,0,-78,1.25,-2.17,BEACON,"{""record_number"": 1297, ""operation_mode"": 0, ""state"": 0, ""battery_voltage"": 0, ""wifi_rssi"": -78, ""acc_data"": {""ax"": -0.5, ""ay"": -0.1, ""az"": 0.8, ""pitch"": -28.98, ""roll"": -7.55}, ""gyro_data"": {""gx"": -28.08, ""gy"": -8.17, ""gz"": -14.3}, ""gps_data"": {""latitude"": 0, ""longitude"": 0, ""gps_altitude"": 0, ""time"": 115080}, ""alt_data"": {""pressure"": 848.94, ""temperature"": 26.43, ""AGL"": 1.29, ""velocity"": 0, ""kalman_altitude"": 1.25, ""kalman_vertical_velocity"": -2.17}, ""chute_state"": {""pyro1_state"": 0, ""pyro2_state"": 0}, ""connection_status"": {""connected"": true, ""has_ever_connected"": true, ""packet_age_ms"": 1, ""timeout_exceeded"": false, ""rssi"": -78}, ""communication_mode"": ""BEACON"", ""timestamp"": 177443, ""packets_received"": 664, ""kalman_data"": {""altitude"": 1.25, ""vertical_velocity"": -2.17}, ""kalman_altitude"": 1.25, ""kalman_vertical_velocity"": -2.17, ""pyroDrogue"": 0, ""pyroMain"": 0, ""pyro1_state"": 0, ""pyro2_state"": 0}"
1764328830.359775,2025-11-28T14:20:30.359775,1298,0,0,-0.52,-0.11,0.82,-30.73,-7.83,-16.25,-7.13,-17.07,0,0,0,115080,848.98,26.42,0.94,0,0,0,0,-79,0.95,-2.27,BEACON,"{""record_number"": 1298, ""operation_mode"": 0, ""state"": 0, ""battery_voltage"": 0, ""wifi_rssi"": -79, ""acc_data"": {""ax"": -0.52, ""ay"": -0.11, ""az"": 0.82, ""pitch"": -30.73, ""roll"": -7.83}, ""gyro_data"": {""gx"": -16.25, ""gy"": -7.13, ""gz"": -17.07}, ""gps_data"": {""latitude"": 0, ""longitude"": 0, ""gps_altitude"": 0, ""time"": 115080}, ""alt_data"": {""pressure"": 848.98, ""temperature"": 26.42, ""AGL"": 0.94, ""velocity"": 0, ""kalman_altitude"": 0.95, ""kalman_vertical_velocity"": -2.27}, ""chute_state"": {""pyro1_state"": 0, ""pyro2_state"": 0}, ""connection_status"": {""connected"": true, ""has_ever_connected"": true, ""packet_age_ms"": 0, ""timeout_exceeded"": false, ""rssi"": -79}, ""communication_mode"": ""BEACON"", ""timestamp"": 177556, ""packets_received"": 665, ""kalman_data"": {""altitude"": 0.95, ""vertical_velocity"": -2.27}, ""kalman_altitude"": 0.95, ""kalman_vertical_velocity"": -2.27, ""pyroDrogue"": 0, ""pyroMain"": 0, ""pyro1_state"": 0, ""pyro2_state"": 0}"
1764328830.432774,2025-11-28T14:20:30.432774,1299,0,0,-0.51,-0.09,0.85,-30.47,-6.31,27.9,9.57,12.23,0,0,0,115280,849,26.43,0.75,0,0,0,0,-79,0.77,-2.34,BEACON,"{""record_number"": 1299, ""operation_mode"": 0, ""state"": 0, ""battery_voltage"": 0, ""wifi_rssi"": -79, ""acc_data"": {""ax"": -0.51, ""ay"": -0.09, ""az"": 0.85, ""pitch"": -30.47, ""roll"": -6.31}, ""gyro_data"": {""gx"": 27.9, ""gy"": 9.57, ""gz"": 12.23}, ""gps_data"": {""latitude"": 0, ""longitude"": 0, ""gps_altitude"": 0, ""time"": 115280}, ""alt_data"": {""pressure"": 849, ""temperature"": 26.43, ""AGL"": 0.75, ""velocity"": 0, ""kalman_altitude"": 0.77, ""kalman_vertical_velocity"": -2.34}, ""chute_state"": {""pyro1_state"": 0, ""pyro2_state"": 0}, ""connection_status"": {""connected"": true, ""has_ever_connected"": true, ""packet_age_ms"": 0, ""timeout_exceeded"": false, ""rssi"": -79}, ""communication_mode"": ""BEACON"", ""timestamp"": 177669, ""packets_received"": 666, ""kalman_data"": {""altitude"": 0.77, ""vertical_velocity"": -2.34}, ""kalman_altitude"": 0.77, ""kalman_vertical_velocity"": -2.34, ""pyroDrogue"": 0, ""pyroMain"": 0, ""pyro1_state"": 0, ""pyro2_state"": 0}"
1764328830.515924,2025-11-28T14:20:30.515924,1301,0,0,-0.53,-0.1,0.8,-31.54,-6.4,-12.01,-13.08,-16.68,0,0,0,115280,848.95,26.43,1.18,0,0,0,0,-78,1.15,-2.21,BEACON,"{""record_number"": 1301, ""operation_mode"": 0, ""state"": 0, ""battery_voltage"": 0, ""wifi_rssi"": -78, ""acc_data"": {""ax"": -0.53, ""ay"": -0.1, ""az"": 0.8, ""pitch"": -31.54, ""roll"": -6.4}, ""gyro_data"": {""gx"": -12.01, ""gy"": -13.08, ""gz"": -16.68}, ""gps_data"": {""latitude"": 0, ""longitude"": 0, ""gps_altitude"": 0, ""time"": 115280}, ""alt_data"": {""pressure"": 848.95, ""temperature"": 26.43, ""AGL"": 1.18, ""velocity"": 0, ""kalman_altitude"": 1.15, ""kalman_vertical_velocity"": -2.21}, ""chute_state"": {""pyro1_state"": 0, ""pyro2_state"": 0}, ""connection_status"": {""connected"": true, ""has_ever_connected"": true, ""packet_age_ms"": 0, ""timeout_exceeded"": false, ""rssi"": -78}, ""communication_mode"": ""BEACON"", ""timestamp"": 177782, ""packets_received"": 667, ""kalman_data"": {""altitude"": 1.15, ""vertical_velocity"": -2.21}, ""kalman_altitude"": 1.15, ""kalman_vertical_velocity"": -2.21, ""pyroDrogue"": 0, ""pyroMain"": 0, ""pyro1_state"": 0, ""pyro2_state"": 0}"
1764328830.624924,2025-11-28T14:20:30.624924,1302,0,0,-0.51,-0.11,0.79,-30.43,-8.58,-34.73,-9.36,-11.71,0,0,0,115480,848.98,26.43,0.97,0,0,0,0,-79,0.95,-2.28,BEACON,"{""record_number"": 1302, ""operation_mode"": 0, ""state"": 0, ""battery_voltage"": 0, ""wifi_rssi"": -79, ""acc_data"": {""ax"": -0.51, ""ay"": -0.11, ""az"": 0.79, ""pitch"": -30.43, ""roll"": -8.58}, ""gyro_data"": {""gx"": -34.73, ""gy"": -9.36, ""gz"": -11.71}, ""gps_data"": {""latitude"": 0, ""longitude"": 0, ""gps_altitude"": 0, ""time"": 115480}, ""alt_data"": {""pressure"": 848.98, ""temperature"": 26.43, ""AGL"": 0.97, ""velocity"": 0, ""kalman_altitude"": 0.95, ""kalman_vertical_velocity"": -2.28}, ""chute_state"": {""pyro1_state"": 0, ""pyro2_state"": 0}, ""connection_status"": {""connected"": true, ""has_ever_connected"": true, ""packet_age_ms"": 0, ""timeout_exceeded"": false, ""rssi"": -79}, ""communication_mode"": ""BEACON"", ""timestamp"": 177895, ""packets_received"": 668, ""kalman_data"": {""altitude"": 0.95, ""vertical_velocity"": -2.28}, ""kalman_altitude"": 0.95, ""kalman_vertical_velocity"": -2.28, ""pyroDrogue"": 0, ""pyroMain"": 0, ""pyro1_state"": 0, ""pyro2_state"": 0}"
1764328830.795181,2025-11-28T14:20:30.795181,1304,0,0,-0.55,-0.05,0.83,-33.67,-3.33,15,3.75,-0.79,0,0,0,115684,849.02,26.44,0.52,0,0,0,0,-78,0.54,-2.42,BEACON,"{""record_number"": 1304, ""operation_mode"": 0, ""state"": 0, ""battery_voltage"": 0, ""wifi_rssi"": -78, ""acc_data"": {""ax"": -0.55, ""ay"": -0.05, ""az"": 0.83, ""pitch"": -33.67, ""roll"": -3.33}, ""gyro_data"": {""gx"": 15, ""gy"": 3.75, ""gz"": -0.79}, ""gps_data"": {""latitude"": 0, ""longitude"": 0, ""gps_altitude"": 0, ""time"": 115684}, ""alt_data"": {""pressure"": 849.02, ""temperature"": 26.44, ""AGL"": 0.52, ""velocity"": 0, ""kalman_altitude"": 0.54, ""kalman_vertical_velocity"": -2.42}, ""chute_state"": {""pyro1_state"": 0, ""pyro2_state"": 0}, ""connection_status"": {""connected"": true, ""has_ever_connected"": true, ""packet_age_ms"": 0, ""timeout_exceeded"": false, ""rssi"": -78}, ""communication_mode"": ""BEACON"", ""timestamp"": 178121, ""packets_received"": 669, ""kalman_data"": {""altitude"": 0.54, ""vertical_velocity"": -2.42}, ""kalman_altitude"": 0.54, ""kalman_vertical_velocity"": -2.42, ""pyroDrogue"": 0, ""pyroMain"": 0, ""pyro1_state"": 0, ""pyro2_state"": 0}"
1764328830.960344,2025-11-28T14:20:30.960344,1310,0,0,-0.31,-0.11,0.88,-19.28,-7.59,20.67,4.85,-115.52,0,0,0,116085,849.01,26.44,0.66,0,0,0,0,-78,0.66,-2.38,BEACON,"{""record_number"": 1310, ""operation_mode"": 0, ""state"": 0, ""battery_voltage"": 0, ""wifi_rssi"": -78, ""acc_data"": {""ax"": -0.31, ""ay"": -0.11, ""az"": 0.88, ""pitch"": -19.28, ""roll"": -7.59}, ""gyro_data"": {""gx"": 20.67, ""gy"": 4.85, ""gz"": -115.52}, ""gps_data"": {""latitude"": 0, ""longitude"": 0, ""gps_altitude"": 0, ""time"": 116085}, ""alt_data"": {""pressure"": 849.01, ""temperature"": 26.44, ""AGL"": 0.66, ""velocity"": 0, ""kalman_altitude"": 0.66, ""kalman_vertical_velocity"": -2.38}, ""chute_state"": {""pyro1_state"": 0, ""pyro2_state"": 0}, ""connection_status"": {""connected"": true, ""has_ever_connected"": true, ""packet_age_ms"": 0, ""timeout_exceeded"": false, ""rssi"": -78}, ""communication_mode"": ""BEACON"", ""timestamp"": 178572, ""packets_received"": 670, ""kalman_data"": {""altitude"": 0.66, ""vertical_velocity"": -2.38}, ""kalman_altitude"": 0.66, ""kalman_vertical_velocity"": -2.38, ""pyroDrogue"": 0, ""pyroMain"": 0, ""pyro1_state"": 0, ""pyro2_state"": 0}"
1764328831.075829,2025-11-28T14:20:31.075829,1311,0,0,-0.46,-0.09,0.94,-26.96,-5.13,60.76,40.85,-102.59,0,0,0,116285,849.02,26.44,0.56,0,0,0,0,-78,0.56,-2.42,BEACON,"{""record_number"": 1311, ""operation_mode"": 0, ""state"": 0, ""battery_voltage"": 0, ""wifi_rssi"": -78, ""acc_data"": {""ax"": -0.46, ""ay"": -0.09, ""az"": 0.94, ""pitch"": -26.96, ""roll"": -5.13}, ""gyro_data"": {""gx"": 60.76, ""gy"": 40.85, ""gz"": -102.59}, ""gps_data"": {""latitude"": 0, ""longitude"": 0, ""gps_altitude"": 0, ""time"": 116285}, ""alt_data"": {""pressure"": 849.02, ""temperature"": 26.44, ""AGL"": 0.56, ""velocity"": 0, ""kalman_altitude"": 0.56, ""kalman_vertical_velocity"": -2.42}, ""chute_state"": {""pyro1_state"": 0, ""pyro2_state"": 0}, ""connection_status"": {""connected"": true, ""has_ever_connected"": true, ""packet_age_ms"": 1, ""timeout_exceeded"": false, ""rssi"": -78}, ""communication_mode"": ""BEACON"", ""timestamp"": 178685, ""packets_received"": 671, ""kalman_data"": {""altitude"": 0.56, ""vertical_velocity"": -2.42}, ""kalman_altitude"": 0.56, ""kalman_vertical_velocity"": -2.42, ""pyroDrogue"": 0, ""pyroMain"": 0, ""pyro1_state"": 0, ""pyro2_state"": 0}"
1764328831.184834,2025-11-28T14:20:31.184834,1312,0,0,-0.46,-0.07,0.8,-28.63,-4.52,72.9,-24.45,-203.11,0,0,0,116285,848.97,26.43,1,0,0,0,0,-77,0.97,-2.28,BEACON,"{""record_number"": 1312, ""operation_mode"": 0, ""state"": 0, ""battery_voltage"": 0, ""wifi_rssi"": -77, ""acc_data"": {""ax"": -0.46, ""ay"": -0.07, ""az"": 0.8, ""pitch"": -28.63, ""roll"": -4.52}, ""gyro_data"": {""gx"": 72.9, ""gy"": -24.45, ""gz"": -203.11}, ""gps_data"": {""latitude"": 0, ""longitude"": 0, ""gps_altitude"": 0, ""time"": 116285}, ""alt_data"": {""pressure"": 848.97, ""temperature"": 26.43, ""AGL"": 1, ""velocity"": 0, ""kalman_altitude"": 0.97, ""kalman_vertical_velocity"": -2.28}, ""chute_state"": {""pyro1_state"": 0, ""pyro2_state"": 0}, ""connection_status"": {""connected"": true, ""has_ever_connected"": true, ""packet_age_ms"": 0, ""timeout_exceeded"": false, ""rssi"": -77}, ""communication_mode"": ""BEACON"", ""timestamp"": 178797, ""packets_received"": 672, ""kalman_data"": {""altitude"": 0.97, ""vertical_velocity"": -2.28}, ""kalman_altitude"": 0.97, ""kalman_vertical_velocity"": -2.28, ""pyroDrogue"": 0, ""pyroMain"": 0, ""pyro1_state"": 0, ""pyro2_state"": 0}"
1764328831.27802,2025-11-28T14:20:31.278020,1315,0,0,-0.39,-0.05,0.81,-23.43,-3.72,-25.27,-11.19,22.62,0,0,0,116486,849.01,26.44,0.63,0,0,0,0,-79,0.61,-2.41,BEACON,"{""record_number"": 1315, ""operation_mode"": 0, ""state"": 0, ""battery_voltage"": 0, ""wifi_rssi"": -79, ""acc_data"": {""ax"": -0.39, ""ay"": -0.05, ""az"": 0.81, ""pitch"": -23.43, ""roll"": -3.72}, ""gyro_data"": {""gx"": -25.27, ""gy"": -11.19, ""gz"": 22.62}, ""gps_data"": {""latitude"": 0, ""longitude"": 0, ""gps_altitude"": 0, ""time"": 116486}, ""alt_data"": {""pressure"": 849.01, ""temperature"": 26.44, ""AGL"": 0.63, ""velocity"": 0, ""kalman_altitude"": 0.61, ""kalman_vertical_velocity"": -2.41}, ""chute_state"": {""pyro1_state"": 0, ""pyro2_state"": 0}, ""connection_status"": {""connected"": true, ""has_ever_connected"": true, ""packet_age_ms"": 1, ""timeout_exceeded"": false, ""rssi"": -79}, ""communication_mode"": ""BEACON"", ""timestamp"": 179022, ""packets_received"": 673, ""kalman_data"": {""altitude"": 0.61, ""vertical_velocity"": -2.41}, ""kalman_altitude"": 0.61, ""kalman_vertical_velocity"": -2.41, ""pyroDrogue"": 0, ""pyroMain"": 0, ""pyro1_state"": 0, ""pyro2_state"": 0}"
1764328831.383599,2025-11-28T14:20:31.383599,1316,0,0,-0.46,-0.05,0.87,-26.89,-3.02,-25.24,27.01,11.07,0,0,0,116690,849.01,26.44,0.66,0,0,0,0,-78,0.66,-2.39,BEACON,"{""record_number"": 1316, ""operation_mode"": 0, ""state"": 0, ""battery_voltage"": 0, ""wifi_rssi"": -78, ""acc_data"": {""ax"": -0.46, ""ay"": -0.05, ""az"": 0.87, ""pitch"": -26.89, ""roll"": -3.02}, ""gyro_data"": {""gx"": -25.24, ""gy"": 27.01, ""gz"": 11.07}, ""gps_data"": {""latitude"": 0, ""longitude"": 0, ""gps_altitude"": 0, ""time"": 116690}, ""alt_data"": {""pressure"": 849.01, ""temperature"": 26.44, ""AGL"": 0.66, ""velocity"": 0, ""kalman_altitude"": 0.66, ""kalman_vertical_velocity"": -2.39}, ""chute_state"": {""pyro1_state"": 0, ""pyro2_state"": 0}, ""connection_status"": {""connected"": true, ""has_ever_connected"": true, ""packet_age_ms"": 1, ""timeout_exceeded"": false, ""rssi"": -78}, ""communication_mode"": ""BEACON"", ""timestamp"": 179135, ""packets_received"": 674, ""kalman_data"": {""altitude"": 0.66, ""vertical_velocity"": -2.39}, ""kalman_altitude"": 0.66, ""kalman_vertical_velocity"": -2.39, ""pyroDrogue"": 0, ""pyroMain"": 0, ""pyro1_state"": 0, ""pyro2_state"": 0}"
1764328831.485924,2025-11-28T14:20:31.485924,1318,0,0,-0.45,-0.03,0.83,-26.77,-2.28,-17.13,22.35,12.04,0,0,0,116891,849.02,26.45,0.51,0,0,0,0,-78,0.52,-2.44,BEACON,"{""record_number"": 1318, ""operation_mode"": 0, ""state"": 0, ""battery_voltage"": 0, ""wifi_rssi"": -78, ""acc_data"": {""ax"": -0.45, ""ay"": -0.03, ""az"": 0.83, ""pitch"": -26.77, ""roll"": -2.28}, ""gyro_data"": {""gx"": -17.13, ""gy"": 22.35, ""gz"": 12.04}, ""gps_data"": {""latitude"": 0, ""longitude"": 0, ""gps_altitude"": 0, ""time"": 116891}, ""alt_data"": {""pressure"": 849.02, ""temperature"": 26.45, ""AGL"": 0.51, ""velocity"": 0, ""kalman_altitude"": 0.52, ""kalman_vertical_velocity"": -2.44}, ""chute_state"": {""pyro1_state"": 0, ""pyro2_state"": 0}, ""connection_status"": {""connected"": true, ""has_ever_connected"": true, ""packet_age_ms"": 1, ""timeout_exceeded"": false, ""rssi"": -78}, ""communication_mode"": ""BEACON"", ""timestamp"": 179248, ""packets_received"": 675, ""kalman_data"": {""altitude"": 0.52, ""vertical_velocity"": -2.44}, ""kalman_altitude"": 0.52, ""kalman_vertical_velocity"": -2.44, ""pyroDrogue"": 0, ""pyroMain"": 0, ""pyro1_state"": 0, ""pyro2_state"": 0}"
1764328831.567631,2025-11-28T14:20:31.567631,1319,0,0,-0.5,-0.03,0.86,-29.59,-1.99,-22.35,20.18,12.5,0,0,0,116891,849.05,26.45,0.23,0,0,0,0,-78,0.24,-2.53,BEACON,"{""record_number"": 1319, ""operation_mode"": 0, ""state"": 0, ""battery_voltage"": 0, ""wifi_rssi"": -78, ""acc_data"": {""ax"": -0.5, ""ay"": -0.03, ""az"": 0.86, ""pitch"": -29.59, ""roll"": -1.99}, ""gyro_data"": {""gx"": -22.35, ""gy"": 20.18, ""gz"": 12.5}, ""gps_data"": {""latitude"": 0, ""longitude"": 0, ""gps_altitude"": 0, ""time"": 116891}, ""alt_data"": {""pressure"": 849.05, ""temperature"": 26.45, ""AGL"": 0.23, ""velocity"": 0, ""kalman_altitude"": 0.24, ""kalman_vertical_velocity"": -2.53}, ""chute_state"": {""pyro1_state"": 0, ""pyro2_state"": 0}, ""connection_status"": {""connected"": true, ""has_ever_connected"": true, ""packet_age_ms"": 1, ""timeout_exceeded"": false, ""rssi"": -78}, ""communication_mode"": ""BEACON"", ""timestamp"": 179361, ""packets_received"": 676, ""kalman_data"": {""altitude"": 0.24, ""vertical_velocity"": -2.53}, ""kalman_altitude"": 0.24, ""kalman_vertical_velocity"": -2.53, ""pyroDrogue"": 0, ""pyroMain"": 0, ""pyro1_state"": 0, ""pyro2_state"": 0}"
1764328831.636228,2025-11-28T14:20:31.636228,1320,0,0,-0.5,-0.03,0.84,-29.63,-2.35,-17.04,10.98,15.21,0,0,0,117092,849.03,26.44,0.45,0,0,0,0,-77,0.44,-2.47,BEACON,"{""record_number"": 1320, ""operation_mode"": 0, ""state"": 0, ""battery_voltage"": 0, ""wifi_rssi"": -77, ""acc_data"": {""ax"": -0.5, ""ay"": -0.03, ""az"": 0.84, ""pitch"": -29.63, ""roll"": -2.35}, ""gyro_data"": {""gx"": -17.04, ""gy"": 10.98, ""gz"": 15.21}, ""gps_data"": {""latitude"": 0, ""longitude"": 0, ""gps_altitude"": 0, ""time"": 117092}, ""alt_data"": {""pressure"": 849.03, ""temperature"": 26.44, ""AGL"": 0.45, ""velocity"": 0, ""kalman_altitude"": 0.44, ""kalman_vertical_velocity"": -2.47}, ""chute_state"": {""pyro1_state"": 0, ""pyro2_state"": 0}, ""connection_status"": {""connected"": true, ""has_ever_connected"": true, ""packet_age_ms"": 1, ""timeout_exceeded"": false, ""rssi"": -77}, ""communication_mode"": ""BEACON"", ""timestamp"": 179474, ""packets_received"": 677, ""kalman_data"": {""altitude"": 0.44, ""vertical_velocity"": -2.47}, ""kalman_altitude"": 0.44, ""kalman_vertical_velocity"": -2.47, ""pyroDrogue"": 0, ""pyroMain"": 0, ""pyro1_state"": 0, ""pyro2_state"": 0}"
1764328832.383789,2025-11-28T14:20:32.383789,1322,0,0,-0.47,-0.06,0.83,-28.22,-3.91,-12.53,5.55,5.06,0,0,0,117092,849.02,26.45,0.48,0,0,0,0,-78,0.47,-2.45,BEACON,"{""record_number"": 1322, ""operation_mode"": 0, ""state"": 0, ""battery_voltage"": 0, ""wifi_rssi"": -78, ""acc_data"": {""ax"": -0.47, ""ay"": -0.06, ""az"": 0.83, ""pitch"": -28.22, ""roll"": -3.91}, ""gyro_data"": {""gx"": -12.53, ""gy"": 5.55, ""gz"": 5.06}, ""gps_data"": {""latitude"": 0, ""longitude"": 0, ""gps_altitude"": 0, ""time"": 117092}, ""alt_data"": {""pressure"": 849.02, ""temperature"": 26.45, ""AGL"": 0.48, ""velocity"": 0, ""kalman_altitude"": 0.47, ""kalman_vertical_velocity"": -2.45}, ""chute_state"": {""pyro1_state"": 0, ""pyro2_state"": 0}, ""connection_status"": {""connected"": true, ""has_ever_connected"": true, ""packet_age_ms"": 0, ""timeout_exceeded"": false, ""rssi"": -78}, ""communication_mode"": ""BEACON"", ""timestamp"": 179587, ""packets_received"": 678, ""kalman_data"": {""altitude"": 0.47, ""vertical_velocity"": -2.45}, ""kalman_altitude"": 0.47, ""kalman_vertical_velocity"": -2.45, ""pyroDrogue"": 0, ""pyroMain"": 0, ""pyro1_state"": 0, ""pyro2_state"": 0}"
1764328832.56115,2025-11-28T14:20:32.561150,1323,0,0,-0.49,-0.03,0.84,-29.37,-2.22,-23.57,2.59,-12.56,0,0,0,117292,849.02,26.45,0.55,0,0,0,0,-78,0.54,-2.43,BEACON,"{""record_number"": 1323, ""operation_mode"": 0, ""state"": 0, ""battery_voltage"": 0, ""wifi_rssi"": -78, ""acc_data"": {""ax"": -0.49, ""ay"": -0.03, ""az"": 0.84, ""pitch"": -29.37, ""roll"": -2.22}, ""gyro_data"": {""gx"": -23.57, ""gy"": 2.59, ""gz"": -12.56}, ""gps_data"": {""latitude"": 0, ""longitude"": 0, ""gps_altitude"": 0, ""time"": 117292}, ""alt_data"": {""pressure"": 849.02, ""temperature"": 26.45, ""AGL"": 0.55, ""velocity"": 0, ""kalman_altitude"": 0.54, ""kalman_vertical_velocity"": -2.43}, ""chute_state"": {""pyro1_state"": 0, ""pyro2_state"": 0}, ""connection_status"": {""connected"": true, ""has_ever_connected"": true, ""packet_age_ms"": 0, ""timeout_exceeded"": false, ""rssi"": -78}, ""communication_mode"": ""BEACON"", ""timestamp"": 179700, ""packets_received"": 679, ""kalman_data"": {""altitude"": 0.54, ""vertical_velocity"": -2.43}, ""kalman_altitude"": 0.54, ""kalman_vertical_velocity"": -2.43, ""pyroDrogue"": 0, ""pyroMain"": 0, ""pyro1_state"": 0, ""pyro2_state"": 0}"
1764328832.638503,2025-11-28T14:20:32.638503,1324,0,0,-0.49,-0.05,0.83,-29.85,-3.83,-12.47,-2.38,-7.9,0,0,0,117292,848.98,26.43,0.97,0,0,0,0,-78,0.94,-2.3,BEACON,"{""record_number"": 1324, ""operation_mode"": 0, ""state"": 0, ""battery_voltage"": 0, ""wifi_rssi"": -78, ""acc_data"": {""ax"": -0.49, ""ay"": -0.05, ""az"": 0.83, ""pitch"": -29.85, ""roll"": -3.83}, ""gyro_data"": {""gx"": -12.47, ""gy"": -2.38, ""gz"": -7.9}, ""gps_data"": {""latitude"": 0, ""longitude"": 0, ""gps_altitude"": 0, ""time"": 117292}, ""alt_data"": {""pressure"": 848.98, ""temperature"": 26.43, ""AGL"": 0.97, ""velocity"": 0, ""kalman_altitude"": 0.94, ""kalman_vertical_velocity"": -2.3}, ""chute_state"": {""pyro1_state"": 0, ""pyro2_state"": 0}, ""connection_status"": {""connected"": true, ""has_ever_connected"": true, ""packet_age_ms"": 0, ""timeout_exceeded"": false, ""rssi"": -78}, ""communication_mode"": ""BEACON"", ""timestamp"": 179814, ""packets_received"": 680, ""kalman_data"": {""altitude"": 0.94, ""vertical_velocity"": -2.3}, ""kalman_altitude"": 0.94, ""kalman_vertical_velocity"": -2.3, ""pyroDrogue"": 0, ""pyroMain"": 0, ""pyro1_state"": 0, ""pyro2_state"": 0}"
1764328832.720112,2025-11-28T14:20:32.720112,1326,0,0,-0.48,-0.07,0.85,-28.66,-4.91,-9.82,-3.87,-13.75,0,0,0,117492,849.01,26.45,0.59,0,0,0,0,-79,0.61,-2.41,BEACON,"{""record_number"": 1326, ""operation_mode"": 0, ""state"": 0, ""battery_voltage"": 0, ""wifi_rssi"": -79, ""acc_data"": {""ax"": -0.48, ""ay"": -0.07, ""az"": 0.85, ""pitch"": -28.66, ""roll"": -4.91}, ""gyro_data"": {""gx"": -9.82, ""gy"": -3.87, ""gz"": -13.75}, ""gps_data"": {""latitude"": 0, ""longitude"": 0, ""gps_altitude"": 0, ""time"": 117492}, ""alt_data"": {""pressure"": 849.01, ""temperature"": 26.45, ""AGL"": 0.59, ""velocity"": 0, ""kalman_altitude"": 0.61, ""kalman_vertical_velocity"": -2.41}, ""chute_state"": {""pyro1_state"": 0, ""pyro2_state"": 0}, ""connection_status"": {""connected"": true, ""has_ever_connected"": true, ""packet_age_ms"": 1, ""timeout_exceeded"": false, ""rssi"": -79}, ""communication_mode"": ""BEACON"", ""timestamp"": 179928, ""packets_received"": 681, ""kalman_data"": {""altitude"": 0.61, ""vertical_velocity"": -2.41}, ""kalman_altitude"": 0.61, ""kalman_vertical_velocity"": -2.41, ""pyroDrogue"": 0, ""pyroMain"": 0, ""pyro1_state"": 0, ""pyro2_state"": 0}"
1764328832.808736,2025-11-28T14:20:32.808736,1327,0,0,-0.5,-0.03,0.83,-30.08,-2.24,4.94,6.8,-8.84,0,0,0,117695,849,26.45,0.76,0,0,0,0,-78,0.74,-2.37,BEACON,"{""record_number"": 1327, ""operation_mode"": 0, ""state"": 0, ""battery_voltage"": 0, ""wifi_rssi"": -78, ""acc_data"": {""ax"": -0.5, ""ay"": -0.03, ""az"": 0.83, ""pitch"": -30.08, ""roll"": -2.24}, ""gyro_data"": {""gx"": 4.94, ""gy"": 6.8, ""gz"": -8.84}, ""gps_data"": {""latitude"": 0, ""longitude"": 0, ""gps_altitude"": 0, ""time"": 117695}, ""alt_data"": {""pressure"": 849, ""temperature"": 26.45, ""AGL"": 0.76, ""velocity"": 0, ""kalman_altitude"": 0.74, ""kalman_vertical_velocity"": -2.37}, ""chute_state"": {""pyro1_state"": 0, ""pyro2_state"": 0}, ""connection_status"": {""connected"": true, ""has_ever_connected"": true, ""packet_age_ms"": 1, ""timeout_exceeded"": false, ""rssi"": -78}, ""communication_mode"": ""BEACON"", ""timestamp"": 180039, ""packets_received"": 682, ""kalman_data"": {""altitude"": 0.74, ""vertical_velocity"": -2.37}, ""kalman_altitude"": 0.74, ""kalman_vertical_velocity"": -2.37, ""pyroDrogue"": 0, ""pyroMain"": 0, ""pyro1_state"": 0, ""pyro2_state"": 0}"
1764328832.854276,2025-11-28T14:20:32.854276,1328,0,0,-0.5,-0.04,0.82,-29.37,-2.69,-21.01,2.9,0.82,0,0,0,117695,849.03,26.45,0.44,0,0,0,0,-78,0.46,-2.47,BEACON,"{""record_number"": 1328, ""operation_mode"": 0, ""state"": 0, ""battery_voltage"": 0, ""wifi_rssi"": -78, ""acc_data"": {""ax"": -0.5, ""ay"": -0.04, ""az"": 0.82, ""pitch"": -29.37, ""roll"": -2.69}, ""gyro_data"": {""gx"": -21.01, ""gy"": 2.9, ""gz"": 0.82}, ""gps_data"": {""latitude"": 0, ""longitude"": 0, ""gps_altitude"": 0, ""time"": 117695}, ""alt_data"": {""pressure"": 849.03, ""temperature"": 26.45, ""AGL"": 0.44, ""velocity"": 0, ""kalman_altitude"": 0.46, ""kalman_vertical_velocity"": -2.47}, ""chute_state"": {""pyro1_state"": 0, ""pyro2_state"": 0}, ""connection_status"": {""connected"": true, ""has_ever_connected"": true, ""packet_age_ms"": 0, ""timeout_exceeded"": false, ""rssi"": -78}, ""communication_mode"": ""BEACON"", ""timestamp"": 180152, ""packets_received"": 683, ""kalman_data"": {""altitude"": 0.46, ""vertical_velocity"": -2.47}, ""kalman_altitude"": 0.46, ""kalman_vertical_velocity"": -2.47, ""pyroDrogue"": 0, ""pyroMain"": 0, ""pyro1_state"": 0, ""pyro2_state"": 0}"
1764328832.920799,2025-11-28T14:20:32.920799,1330,0,0,-0.5,-0.08,0.84,-30.01,-4.53,-34.15,-8.29,-2.74,0,0,0,117897,849.01,26.44,0.63,0,0,0,0,-78,0.62,-2.41,BEACON,"{""record_number"": 1330, ""operation_mode"": 0, ""state"": 0, ""battery_voltage"": 0, ""wifi_rssi"": -78, ""acc_data"": {""ax"": -0.5, ""ay"": -0.08, ""az"": 0.84, ""pitch"": -30.01, ""roll"": -4.53}, ""gyro_data"": {""gx"": -34.15, ""gy"": -8.29, ""gz"": -2.74}, ""gps_data"": {""latitude"": 0, ""longitude"": 0, ""gps_altitude"": 0, ""time"": 117897}, ""alt_data"": {""pressure"": 849.01, ""temperature"": 26.44, ""AGL"": 0.63, ""velocity"": 0, ""kalman_altitude"": 0.62, ""kalman_vertical_velocity"": -2.41}, ""chute_state"": {""pyro1_state"": 0, ""pyro2_state"": 0}, ""connection_status"": {""connected"": true, ""has_ever_connected"": true, ""packet_age_ms"": 0, ""timeout_exceeded"": false, ""rssi"": -78}, ""communication_mode"": ""BEACON"", ""timestamp"": 180265, ""packets_received"": 684, ""kalman_data"": {""altitude"": 0.62, ""vertical_velocity"": -2.41}, ""kalman_altitude"": 0.62, ""kalman_vertical_velocity"": -2.41, ""pyroDrogue"": 0, ""pyroMain"": 0, ""pyro1_state"": 0, ""pyro2_state"": 0}"
1764328833.036845,2025-11-28T14:20:33.036845,1331,0,0,-0.51,-0.07,0.86,-30.66,-4.81,9.6,-5.55,-1.49,0,0,0,117897,848.96,26.44,1.13,0,0,0,0,-78,1.11,-2.26,BEACON,"{""record_number"": 1331, ""operation_mode"": 0, ""state"": 0, ""battery_voltage"": 0, ""wifi_rssi"": -78, ""acc_data"": {""ax"": -0.51, ""ay"": -0.07, ""az"": 0.86, ""pitch"": -30.66, ""roll"": -4.81}, ""gyro_data"": {""gx"": 9.6, ""gy"": -5.55, ""gz"": -1.49}, ""gps_data"": {""latitude"": 0, ""longitude"": 0, ""gps_altitude"": 0, ""time"": 117897}, ""alt_data"": {""pressure"": 848.96, ""temperature"": 26.44, ""AGL"": 1.13, ""velocity"": 0, ""kalman_altitude"": 1.11, ""kalman_vertical_velocity"": -2.26}, ""chute_state"": {""pyro1_state"": 0, ""pyro2_state"": 0}, ""connection_status"": {""connected"": true, ""has_ever_connected"": true, ""packet_age_ms"": 1, ""timeout_exceeded"": false, ""rssi"": -78}, ""communication_mode"": ""BEACON"", ""timestamp"": 180378, ""packets_received"": 685, ""kalman_data"": {""altitude"": 1.11, ""vertical_velocity"": -2.26}, ""kalman_altitude"": 1.11, ""kalman_vertical_velocity"": -2.26, ""pyroDrogue"": 0, ""pyroMain"": 0, ""pyro1_state"": 0, ""pyro2_state"": 0}"
1764328833.3052,2025-11-28T14:20:33.305200,1332,0,0,-0.49,-0.05,0.81,-29.37,-3.82,12.16,-8.99,-3.05,0,0,0,118097,849.01,26.44,0.66,0,0,0,0,-78,0.69,-2.39,BEACON,"{""record_number"": 1332, ""operation_mode"": 0, ""state"": 0, ""battery_voltage"": 0, ""wifi_rssi"": -78, ""acc_data"": {""ax"": -0.49, ""ay"": -0.05, ""az"": 0.81, ""pitch"": -29.37, ""roll"": -3.82}, ""gyro_data"": {""gx"": 12.16, ""gy"": -8.99, ""gz"": -3.05}, ""gps_data"": {""latitude"": 0, ""longitude"": 0, ""gps_altitude"": 0, ""time"": 118097}, ""alt_data"": {""pressure"": 849.01, ""temperature"": 26.44, ""AGL"": 0.66, ""velocity"": 0, ""kalman_altitude"": 0.69, ""kalman_vertical_velocity"": -2.39}, ""chute_state"": {""pyro1_state"": 0, ""pyro2_state"": 0}, ""connection_status"": {""connected"": true, ""has_ever_connected"": true, ""packet_age_ms"": 1, ""timeout_exceeded"": false, ""rssi"": -78}, ""communication_mode"": ""BEACON"", ""timestamp"": 180491, ""packets_received"": 686, ""kalman_data"": {""altitude"": 0.69, ""vertical_velocity"": -2.39}, ""kalman_altitude"": 0.69, ""kalman_vertical_velocity"": -2.39, ""pyroDrogue"": 0, ""pyroMain"": 0, ""pyro1_state"": 0, ""pyro2_state"": 0}"
1764328833.388657,2025-11-28T14:20:33.388657,1335,0,0,-0.5,-0.06,0.84,-29.66,-4.04,9.57,-3.75,-2.41,0,0,0,118297,849,26.44,0.7,0,0,0,0,-79,0.71,-2.39,BEACON,"{""record_number"": 1335, ""operation_mode"": 0, ""state"": 0, ""battery_voltage"": 0, ""wifi_rssi"": -79, ""acc_data"": {""ax"": -0.5, ""ay"": -0.06, ""az"": 0.84, ""pitch"": -29.66, ""roll"": -4.04}, ""gyro_data"": {""gx"": 9.57, ""gy"": -3.75, ""gz"": -2.41}, ""gps_data"": {""latitude"": 0, ""longitude"": 0, ""gps_altitude"": 0, ""time"": 118297}, ""alt_data"": {""pressure"": 849, ""temperature"": 26.44, ""AGL"": 0.7, ""velocity"": 0, ""kalman_altitude"": 0.71, ""kalman_vertical_velocity"": -2.39}, ""chute_state"": {""pyro1_state"": 0, ""pyro2_state"": 0}, ""connection_status"": {""connected"": true, ""has_ever_connected"": true, ""packet_age_ms"": 1, ""timeout_exceeded"": false, ""rssi"": -79}, ""communication_mode"": ""BEACON"", ""timestamp"": 180716, ""packets_received"": 687, ""kalman_data"": {""altitude"": 0.71, ""vertical_velocity"": -2.39}, ""kalman_altitude"": 0.71, ""kalman_vertical_velocity"": -2.39, ""pyroDrogue"": 0, ""pyroMain"": 0, ""pyro1_state"": 0, ""pyro2_state"": 0}"
1764328833.525838,2025-11-28T14:20:33.525838,1338,0,0,-0.49,-0.05,0.82,-29.11,-3.98,-9.21,-5.95,-4.57,0,0,0,118497,849.04,26.45,0.3,0,0,0,0,-78,0.33,-2.52,BEACON,"{""record_number"": 1338, ""operation_mode"": 0, ""state"": 0, ""battery_voltage"": 0, ""wifi_rssi"": -78, ""acc_data"": {""ax"": -0.49, ""ay"": -0.05, ""az"": 0.82, ""pitch"": -29.11, ""roll"": -3.98}, ""gyro_data"": {""gx"": -9.21, ""gy"": -5.95, ""gz"": -4.57}, ""gps_data"": {""latitude"": 0, ""longitude"": 0, ""gps_altitude"": 0, ""time"": 118497}, ""alt_data"": {""pressure"": 849.04, ""temperature"": 26.45, ""AGL"": 0.3, ""velocity"": 0, ""kalman_altitude"": 0.33, ""kalman_vertical_velocity"": -2.52}, ""chute_state"": {""pyro1_state"": 0, ""pyro2_state"": 0}, ""connection_status"": {""connected"": true, ""has_ever_connected"": true, ""packet_age_ms"": 0, ""timeout_exceeded"": false, ""rssi"": -78}, ""communication_mode"": ""BEACON"", ""timestamp"": 180951, ""packets_received"": 688, ""kalman_data"": {""altitude"": 0.33, ""vertical_velocity"": -2.52}, ""kalman_altitude"": 0.33, ""kalman_vertical_velocity"": -2.52, ""pyroDrogue"": 0, ""pyroMain"": 0, ""pyro1_state"": 0, ""pyro2_state"": 0}"
1764328833.852759,2025-11-28T14:20:33.852759,1339,0,0,-0.5,-0.06,0.84,-29.79,-4.37,-13.05,-1.04,3.69,0,0,0,118701,849.03,26.44,0.38,0,0,0,0,-79,0.43,-2.49,BEACON,"{""record_number"": 1339, ""operation_mode"": 0, ""state"": 0, ""battery_voltage"": 0, ""wifi_rssi"": -79, ""acc_data"": {""ax"": -0.5, ""ay"": -0.06, ""az"": 0.84, ""pitch"": -29.79, ""roll"": -4.37}, ""gyro_data"": {""gx"": -13.05, ""gy"": -1.04, ""gz"": 3.69}, ""gps_data"": {""latitude"": 0, ""longitude"": 0, ""gps_altitude"": 0, ""time"": 118701}, ""alt_data"": {""pressure"": 849.03, ""temperature"": 26.44, ""AGL"": 0.38, ""velocity"": 0, ""kalman_altitude"": 0.43, ""kalman_vertical_velocity"": -2.49}, ""chute_state"": {""pyro1_state"": 0, ""pyro2_state"": 0}, ""connection_status"": {""connected"": true, ""has_ever_connected"": true, ""packet_age_ms"": 0, ""timeout_exceeded"": false, ""rssi"": -79}, ""communication_mode"": ""BEACON"", ""timestamp"": 181055, ""packets_received"": 689, ""kalman_data"": {""altitude"": 0.43, ""vertical_velocity"": -2.49}, ""kalman_altitude"": 0.43, ""kalman_vertical_velocity"": -2.49, ""pyroDrogue"": 0, ""pyroMain"": 0, ""pyro1_state"": 0, ""pyro2_state"": 0}"
1764328833.942317,2025-11-28T14:20:33.942317,1340,0,0,-0.49,-0.07,0.84,-29.27,-5.47,-19.18,-7.26,3.38,0,0,0,118701,848.99,26.45,0.87,0,0,0,0,-77,0.84,-2.35,BEACON,"{""record_number"": 1340, ""operation_mode"": 0, ""state"": 0, ""battery_voltage"": 0, ""wifi_rssi"": -77, ""acc_data"": {""ax"": -0.49, ""ay"": -0.07, ""az"": 0.84, ""pitch"": -29.27, ""roll"": -5.47}, ""gyro_data"": {""gx"": -19.18, ""gy"": -7.26, ""gz"": 3.38}, ""gps_data"": {""latitude"": 0, ""longitude"": 0, ""gps_altitude"": 0, ""time"": 118701}, ""alt_data"": {""pressure"": 848.99, ""temperature"": 26.45, ""AGL"": 0.87, ""velocity"": 0, ""kalman_altitude"": 0.84, ""kalman_vertical_velocity"": -2.35}, ""chute_state"": {""pyro1_state"": 0, ""pyro2_state"": 0}, ""connection_status"": {""connected"": true, ""has_ever_connected"": true, ""packet_age_ms"": 0, ""timeout_exceeded"": false, ""rssi"": -77}, ""communication_mode"": ""BEACON"", ""timestamp"": 181168, ""packets_received"": 690, ""kalman_data"": {""altitude"": 0.84, ""vertical_velocity"": -2.35}, ""kalman_altitude"": 0.84, ""kalman_vertical_velocity"": -2.35, ""pyroDrogue"": 0, ""pyroMain"": 0, ""pyro1_state"": 0, ""pyro2_state"": 0}"
1764328834.052318,2025-11-28T14:20:34.052318,1343,0,0,-0.47,-0.08,0.86,-27.49,-5.73,-26.46,-28.11,-14.94,0,0,0,118902,849.06,26.46,0.17,0,0,0,0,-78,0.2,-2.57,BEACON,"{""record_number"": 1343, ""operation_mode"": 0, ""state"": 0, ""battery_voltage"": 0, ""wifi_rssi"": -78, ""acc_data"": {""ax"": -0.47, ""ay"": -0.08, ""az"": 0.86, ""pitch"": -27.49, ""roll"": -5.73}, ""gyro_data"": {""gx"": -26.46, ""gy"": -28.11, ""gz"": -14.94}, ""gps_data"": {""latitude"": 0, ""longitude"": 0, ""gps_altitude"": 0, ""time"": 118902}, ""alt_data"": {""pressure"": 849.06, ""temperature"": 26.46, ""AGL"": 0.17, ""velocity"": 0, ""kalman_altitude"": 0.2, ""kalman_vertical_velocity"": -2.57}, ""chute_state"": {""pyro1_state"": 0, ""pyro2_state"": 0}, ""connection_status"": {""connected"": true, ""has_ever_connected"": true, ""packet_age_ms"": 1, ""timeout_exceeded"": false, ""rssi"": -78}, ""communication_mode"": ""BEACON"", ""timestamp"": 181396, ""packets_received"": 691, ""kalman_data"": {""altitude"": 0.2, ""vertical_velocity"": -2.57}, ""kalman_altitude"": 0.2, ""kalman_vertical_velocity"": -2.57, ""pyroDrogue"": 0, ""pyroMain"": 0, ""pyro1_state"": 0, ""pyro2_state"": 0}"
1764328834.159919,2025-11-28T14:20:34.159919,1343,0,0,-0.47,-0.08,0.86,-27.49,-5.73,-26.46,-28.11,-14.94,0,0,0,119103,849,26.45,0.33,0,0,0,0,-79,0.35,-2.52,BEACON,"{""record_number"": 1343, ""operation_mode"": 0, ""state"": 0, ""battery_voltage"": 0, ""wifi_rssi"": -79, ""acc_data"": {""ax"": -0.47, ""ay"": -0.08, ""az"": 0.86, ""pitch"": -27.49, ""roll"": -5.73}, ""gyro_data"": {""gx"": -26.46, ""gy"": -28.11, ""gz"": -14.94}, ""gps_data"": {""latitude"": 0, ""longitude"": 0, ""gps_altitude"": 0, ""time"": 119103}, ""alt_data"": {""pressure"": 849, ""temperature"": 26.45, ""AGL"": 0.33, ""velocity"": 0, ""kalman_altitude"": 0.35, ""kalman_vertical_velocity"": -2.52}, ""chute_state"": {""pyro1_state"": 0, ""pyro2_state"": 0}, ""connection_status"": {""connected"": true, ""has_ever_connected"": true, ""packet_age_ms"": 1, ""timeout_exceeded"": false, ""rssi"": -79}, ""communication_mode"": ""BEACON"", ""timestamp"": 181621, ""packets_received"": 692, ""kalman_data"": {""altitude"": 0.35, ""vertical_velocity"": -2.52}, ""kalman_altitude"": 0.35, ""kalman_vertical_velocity"": -2.52, ""pyroDrogue"": 0, ""pyroMain"": 0, ""pyro1_state"": 0, ""pyro2_state"": 0}"
1764328834.238844,2025-11-28T14:20:34.238844,1347,0,0,-0.46,-0.08,0.86,-27.62,-5.89,-11.92,1.95,-0.06,0,0,0,119303,849,26.45,0.73,0,0,0,0,-78,0.72,-2.4,BEACON,"{""record_number"": 1347, ""operation_mode"": 0, ""state"": 0, ""battery_voltage"": 0, ""wifi_rssi"": -78, ""acc_data"": {""ax"": -0.46, ""ay"": -0.08, ""az"": 0.86, ""pitch"": -27.62, ""roll"": -5.89}, ""gyro_data"": {""gx"": -11.92, ""gy"": 1.95, ""gz"": -0.06}, ""gps_data"": {""latitude"": 0, ""longitude"": 0, ""gps_altitude"": 0, ""time"": 119303}, ""alt_data"": {""pressure"": 849, ""temperature"": 26.45, ""AGL"": 0.73, ""velocity"": 0, ""kalman_altitude"": 0.72, ""kalman_vertical_velocity"": -2.4}, ""chute_state"": {""pyro1_state"": 0, ""pyro2_state"": 0}, ""connection_status"": {""connected"": true, ""has_ever_connected"": true, ""packet_age_ms"": 0, ""timeout_exceeded"": false, ""rssi"": -78}, ""communication_mode"": ""BEACON"", ""timestamp"": 181736, ""packets_received"": 693, ""kalman_data"": {""altitude"": 0.72, ""vertical_velocity"": -2.4}, ""kalman_altitude"": 0.72, ""kalman_vertical_velocity"": -2.4, ""pyroDrogue"": 0, ""pyroMain"": 0, ""pyro1_state"": 0, ""pyro2_state"": 0}"
1764328834.331844,2025-11-28T14:20:34.331844,1348,0,0,-0.47,-0.08,0.85,-27.84,-4.8,-5.12,6.31,5.7,0,0,0,119503,848.99,26.44,0.84,0,0,0,0,-76,0.84,-2.36,BEACON,"{""record_number"": 1348, ""operation_mode"": 0, ""state"": 0, ""battery_voltage"": 0, ""wifi_rssi"": -76, ""acc_data"": {""ax"": -0.47, ""ay"": -0.08, ""az"": 0.85, ""pitch"": -27.84, ""roll"": -4.8}, ""gyro_data"": {""gx"": -5.12, ""gy"": 6.31, ""gz"": 5.7}, ""gps_data"": {""latitude"": 0, ""longitude"": 0, ""gps_altitude"": 0, ""time"": 119503}, ""alt_data"": {""pressure"": 848.99, ""temperature"": 26.44, ""AGL"": 0.84, ""velocity"": 0, ""kalman_altitude"": 0.84, ""kalman_vertical_velocity"": -2.36}, ""chute_state"": {""pyro1_state"": 0, ""pyro2_state"": 0}, ""connection_status"": {""connected"": true, ""has_ever_connected"": true, ""packet_age_ms"": 0, ""timeout_exceeded"": false, ""rssi"": -76}, ""communication_mode"": ""BEACON"", ""timestamp"": 181847, ""packets_received"": 694, ""kalman_data"": {""altitude"": 0.84, ""vertical_velocity"": -2.36}, ""kalman_altitude"": 0.84, ""kalman_vertical_velocity"": -2.36, ""pyroDrogue"": 0, ""pyroMain"": 0, ""pyro1_state"": 0, ""pyro2_state"": 0}"
1764328834.432825,2025-11-28T14:20:34.432825,1351,0,0,-0.47,-0.08,0.84,-28.06,-5.17,-1.89,13.05,4.42,0,0,0,119708,848.98,26.45,0.94,0,0,0,0,-79,0.92,-2.33,BEACON,"{""record_number"": 1351, ""operation_mode"": 0, ""state"": 0, ""battery_voltage"": 0, ""wifi_rssi"": -79, ""acc_data"": {""ax"": -0.47, ""ay"": -0.08, ""az"": 0.84, ""pitch"": -28.06, ""roll"": -5.17}, ""gyro_data"": {""gx"": -1.89, ""gy"": 13.05, ""gz"": 4.42}, ""gps_data"": {""latitude"": 0, ""longitude"": 0, ""gps_altitude"": 0, ""time"": 119708}, ""alt_data"": {""pressure"": 848.98, ""temperature"": 26.45, ""AGL"": 0.94, ""velocity"": 0, ""kalman_altitude"": 0.92, ""kalman_vertical_velocity"": -2.33}, ""chute_state"": {""pyro1_state"": 0, ""pyro2_state"": 0}, ""connection_status"": {""connected"": true, ""has_ever_connected"": true, ""packet_age_ms"": 0, ""timeout_exceeded"": false, ""rssi"": -79}, ""communication_mode"": ""BEACON"", ""timestamp"": 182074, ""packets_received"": 695, ""kalman_data"": {""altitude"": 0.92, ""vertical_velocity"": -2.33}, ""kalman_altitude"": 0.92, ""kalman_vertical_velocity"": -2.33, ""pyroDrogue"": 0, ""pyroMain"": 0, ""pyro1_state"": 0, ""pyro2_state"": 0}"
1764328834.500909,2025-11-28T14:20:34.500909,1352,0,0,-0.48,-0.07,0.84,-28.51,-4.7,-11.43,-0.73,-3.02,0,0,0,119708,848.99,26.45,0.8,0,0,0,0,-80,0.81,-2.37,BEACON,"{""record_number"": 1352, ""operation_mode"": 0, ""state"": 0, ""battery_voltage"": 0, ""wifi_rssi"": -80, ""acc_data"": {""ax"": -0.48, ""ay"": -0.07, ""az"": 0.84, ""pitch"": -28.51, ""roll"": -4.7}, ""gyro_data"": {""gx"": -11.43, ""gy"": -0.73, ""gz"": -3.02}, ""gps_data"": {""latitude"": 0, ""longitude"": 0, ""gps_altitude"": 0, ""time"": 119708}, ""alt_data"": {""pressure"": 848.99, ""temperature"": 26.45, ""AGL"": 0.8, ""velocity"": 0, ""kalman_altitude"": 0.81, ""kalman_vertical_velocity"": -2.37}, ""chute_state"": {""pyro1_state"": 0, ""pyro2_state"": 0}, ""connection_status"": {""connected"": true, ""has_ever_connected"": true, ""packet_age_ms"": 1, ""timeout_exceeded"": false, ""rssi"": -80}, ""communication_mode"": ""BEACON"", ""timestamp"": 182188, ""packets_received"": 696, ""kalman_data"": {""altitude"": 0.81, ""vertical_velocity"": -2.37}, ""kalman_altitude"": 0.81, ""kalman_vertical_velocity"": -2.37, ""pyroDrogue"": 0, ""pyroMain"": 0, ""pyro1_state"": 0, ""pyro2_state"": 0}"
1764328834.593905,2025-11-28T14:20:34.593905,1354,0,0,-0.48,-0.07,0.84,-28.66,-4.56,-13.75,-6.22,-3.99,0,0,0,119910,849,26.46,0.76,0,0,0,0,-78,0.76,-2.39,BEACON,"{""record_number"": 1354, ""operation_mode"": 0, ""state"": 0, ""battery_voltage"": 0, ""wifi_rssi"": -78, ""acc_data"": {""ax"": -0.48, ""ay"": -0.07, ""az"": 0.84, ""pitch"": -28.66, ""roll"": -4.56}, ""gyro_data"": {""gx"": -13.75, ""gy"": -6.22, ""gz"": -3.99}, ""gps_data"": {""latitude"": 0, ""longitude"": 0, ""gps_altitude"": 0, ""time"": 119910}, ""alt_data"": {""pressure"": 849, ""temperature"": 26.46, ""AGL"": 0.76, ""velocity"": 0, ""kalman_altitude"": 0.76, ""kalman_vertical_velocity"": -2.39}, ""chute_state"": {""pyro1_state"": 0, ""pyro2_state"": 0}, ""connection_status"": {""connected"": true, ""has_ever_connected"": true, ""packet_age_ms"": 1, ""timeout_exceeded"": false, ""rssi"": -78}, ""communication_mode"": ""BEACON"", ""timestamp"": 182302, ""packets_received"": 697, ""kalman_data"": {""altitude"": 0.76, ""vertical_velocity"": -2.39}, ""kalman_altitude"": 0.76, ""kalman_vertical_velocity"": -2.39, ""pyroDrogue"": 0, ""pyroMain"": 0, ""pyro1_state"": 0, ""pyro2_state"": 0}"
1764328834.703989,2025-11-28T14:20:34.703989,1356,0,0,-0.48,-0.08,0.84,-29.34,-4.72,-5.21,-1.28,-10.46,0,0,0,120109,848.96,26.44,1.17,0,0,0,0,-79,1.15,-2.26,BEACON,"{""record_number"": 1356, ""operation_mode"": 0, ""state"": 0, ""battery_voltage"": 0, ""wifi_rssi"": -79, ""acc_data"": {""ax"": -0.48, ""ay"": -0.08, ""az"": 0.84, ""pitch"": -29.34, ""roll"": -4.72}, ""gyro_data"": {""gx"": -5.21, ""gy"": -1.28, ""gz"": -10.46}, ""gps_data"": {""latitude"": 0, ""longitude"": 0, ""gps_altitude"": 0, ""time"": 120109}, ""alt_data"": {""pressure"": 848.96, ""temperature"": 26.44, ""AGL"": 1.17, ""velocity"": 0, ""kalman_altitude"": 1.15, ""kalman_vertical_velocity"": -2.26}, ""chute_state"": {""pyro1_state"": 0, ""pyro2_state"": 0}, ""connection_status"": {""connected"": true, ""has_ever_connected"": true, ""packet_age_ms"": 1, ""timeout_exceeded"": false, ""rssi"": -79}, ""communication_mode"": ""BEACON"", ""timestamp"": 182527, ""packets_received"": 698, ""kalman_data"": {""altitude"": 1.15, ""vertical_velocity"": -2.26}, ""kalman_altitude"": 1.15, ""kalman_vertical_velocity"": -2.26, ""pyroDrogue"": 0, ""pyroMain"": 0, ""pyro1_state"": 0, ""pyro2_state"": 0}"
1764328834.788027,2025-11-28T14:20:34.788027,1357,0,0,-0.48,-0.06,0.84,-29.08,-4.66,-6.89,3.2,-0.7,0,0,0,120109,848.98,26.45,0.94,0,0,0,0,-78,0.96,-2.33,BEACON,"{""record_number"": 1357, ""operation_mode"": 0, ""state"": 0, ""battery_voltage"": 0, ""wifi_rssi"": -78, ""acc_data"": {""ax"": -0.48, ""ay"": -0.06, ""az"": 0.84, ""pitch"": -29.08, ""roll"": -4.66}, ""gyro_data"": {""gx"": -6.89, ""gy"": 3.2, ""gz"": -0.7}, ""gps_data"": {""latitude"": 0, ""longitude"": 0, ""gps_altitude"": 0, ""time"": 120109}, ""alt_data"": {""pressure"": 848.98, ""temperature"": 26.45, ""AGL"": 0.94, ""velocity"": 0, ""kalman_altitude"": 0.96, ""kalman_vertical_velocity"": -2.33}, ""chute_state"": {""pyro1_state"": 0, ""pyro2_state"": 0}, ""connection_status"": {""connected"": true, ""has_ever_connected"": true, ""packet_age_ms"": 1, ""timeout_exceeded"": false, ""rssi"": -78}, ""communication_mode"": ""BEACON"", ""timestamp"": 182639, ""packets_received"": 699, ""kalman_data"": {""altitude"": 0.96, ""vertical_velocity"": -2.33}, ""kalman_altitude"": 0.96, ""kalman_vertical_velocity"": -2.33, ""pyroDrogue"": 0, ""pyroMain"": 0, ""pyro1_state"": 0, ""pyro2_state"": 0}"
1764328834.883071,2025-11-28T14:20:34.883071,1359,0,0,-0.48,-0.07,0.85,-28.86,-5.47,-7.35,3.63,1.01,0,0,0,120310,848.97,26.44,1.02,0,0,0,0,-79,1,-2.32,BEACON,"{""record_number"": 1359, ""operation_mode"": 0, ""state"": 0, ""battery_voltage"": 0, ""wifi_rssi"": -79, ""acc_data"": {""ax"": -0.48, ""ay"": -0.07, ""az"": 0.85, ""pitch"": -28.86, ""roll"": -5.47}, ""gyro_data"": {""gx"": -7.35, ""gy"": 3.63, ""gz"": 1.01}, ""gps_data"": {""latitude"": 0, ""longitude"": 0, ""gps_altitude"": 0, ""time"": 120310}, ""alt_data"": {""pressure"": 848.97, ""temperature"": 26.44, ""AGL"": 1.02, ""velocity"": 0, ""kalman_altitude"": 1, ""kalman_vertical_velocity"": -2.32}, ""chute_state"": {""pyro1_state"": 0, ""pyro2_state"": 0}, ""connection_status"": {""connected"": true, ""has_ever_connected"": true, ""packet_age_ms"": 1, ""timeout_exceeded"": false, ""rssi"": -79}, ""communication_mode"": ""BEACON"", ""timestamp"": 182752, ""packets_received"": 700, ""kalman_data"": {""altitude"": 1, ""vertical_velocity"": -2.32}, ""kalman_altitude"": 1, ""kalman_vertical_velocity"": -2.32, ""pyroDrogue"": 0, ""pyroMain"": 0, ""pyro1_state"": 0, ""pyro2_state"": 0}"
1764328835.175837,2025-11-28T14:20:35.175837,1361,0,0,-0.47,-0.07,0.85,-28.38,-4.71,-8.35,4.33,2.77,0,0,0,120510,849,26.45,0.69,0,0,0,0,-79,0.71,-2.41,BEACON,"{""record_number"": 1361, ""operation_mode"": 0, ""state"": 0, ""battery_voltage"": 0, ""wifi_rssi"": -79, ""acc_data"": {""ax"": -0.47, ""ay"": -0.07, ""az"": 0.85, ""pitch"": -28.38, ""roll"": -4.71}, ""gyro_data"": {""gx"": -8.35, ""gy"": 4.33, ""gz"": 2.77}, ""gps_data"": {""latitude"": 0, ""longitude"": 0, ""gps_altitude"": 0, ""time"": 120510}, ""alt_data"": {""pressure"": 849, ""temperature"": 26.45, ""AGL"": 0.69, ""velocity"": 0, ""kalman_altitude"": 0.71, ""kalman_vertical_velocity"": -2.41}, ""chute_state"": {""pyro1_state"": 0, ""pyro2_state"": 0}, ""connection_status"": {""connected"": true, ""has_ever_connected"": true, ""packet_age_ms"": 1, ""timeout_exceeded"": false, ""rssi"": -79}, ""communication_mode"": ""BEACON"", ""timestamp"": 182980, ""packets_received"": 701, ""kalman_data"": {""altitude"": 0.71, ""vertical_velocity"": -2.41}, ""kalman_altitude"": 0.71, ""kalman_vertical_velocity"": -2.41, ""pyroDrogue"": 0, ""pyroMain"": 0, ""pyro1_state"": 0, ""pyro2_state"": 0}"
1764328835.387894,2025-11-28T14:20:35.387894,1363,0,0,-0.49,-0.07,0.84,-29.37,-4.51,-9.79,-5.61,-4.12,0,0,0,120714,849.02,26.46,0.53,0,0,0,0,-76,0.55,-2.46,BEACON,"{""record_number"": 1363, ""operation_mode"": 0, ""state"": 0, ""battery_voltage"": 0, ""wifi_rssi"": -76, ""acc_data"": {""ax"": -0.49, ""ay"": -0.07, ""az"": 0.84, ""pitch"": -29.37, ""roll"": -4.51}, ""gyro_data"": {""gx"": -9.79, ""gy"": -5.61, ""gz"": -4.12}, ""gps_data"": {""latitude"": 0, ""longitude"": 0, ""gps_altitude"": 0, ""time"": 120714}, ""alt_data"": {""pressure"": 849.02, ""temperature"": 26.46, ""AGL"": 0.53, ""velocity"": 0, ""kalman_altitude"": 0.55, ""kalman_vertical_velocity"": -2.46}, ""chute_state"": {""pyro1_state"": 0, ""pyro2_state"": 0}, ""connection_status"": {""connected"": true, ""has_ever_connected"": true, ""packet_age_ms"": 0, ""timeout_exceeded"": false, ""rssi"": -76}, ""communication_mode"": ""BEACON"", ""timestamp"": 183091, ""packets_received"": 702, ""kalman_data"": {""altitude"": 0.55, ""vertical_velocity"": -2.46}, ""kalman_altitude"": 0.55, ""kalman_vertical_velocity"": -2.46, ""pyroDrogue"": 0, ""pyroMain"": 0, ""pyro1_state"": 0, ""pyro2_state"": 0}"
1764328835.570416,2025-11-28T14:20:35.570416,1364,0,0,-0.47,-0.09,0.84,-27.49,-6.21,-19.63,-15.03,-16.98,0,0,0,120714,848.99,26.45,0.84,0,0,0,0,-78,0.82,-2.38,BEACON,"{""record_number"": 1364, ""operation_mode"": 0, ""state"": 0, ""battery_voltage"": 0, ""wifi_rssi"": -78, ""acc_data"": {""ax"": -0.47, ""ay"": -0.09, ""az"": 0.84, ""pitch"": -27.49, ""roll"": -6.21}, ""gyro_data"": {""gx"": -19.63, ""gy"": -15.03, ""gz"": -16.98}, ""gps_data"": {""latitude"": 0, ""longitude"": 0, ""gps_altitude"": 0, ""time"": 120714}, ""alt_data"": {""pressure"": 848.99, ""temperature"": 26.45, ""AGL"": 0.84, ""velocity"": 0, ""kalman_altitude"": 0.82, ""kalman_vertical_velocity"": -2.38}, ""chute_state"": {""pyro1_state"": 0, ""pyro2_state"": 0}, ""connection_status"": {""connected"": true, ""has_ever_connected"": true, ""packet_age_ms"": 0, ""timeout_exceeded"": false, ""rssi"": -78}, ""communication_mode"": ""BEACON"", ""timestamp"": 183206, ""packets_received"": 703, ""kalman_data"": {""altitude"": 0.82, ""vertical_velocity"": -2.38}, ""kalman_altitude"": 0.82, ""kalman_vertical_velocity"": -2.38, ""pyroDrogue"": 0, ""pyroMain"": 0, ""pyro1_state"": 0, ""pyro2_state"": 0}"
1764328835.667018,2025-11-28T14:20:35.667018,1367,0,0,-0.52,-0.04,0.82,-30.6,-3.38,9.79,-8.51,17.32,0,0,0,120916,848.97,26.45,1.02,0,0,0,0,-81,0.99,-2.33,BEACON,"{""record_number"": 1367, ""operation_mode"": 0, ""state"": 0, ""battery_voltage"": 0, ""wifi_rssi"": -81, ""acc_data"": {""ax"": -0.52, ""ay"": -0.04, ""az"": 0.82, ""pitch"": -30.6, ""roll"": -3.38}, ""gyro_data"": {""gx"": 9.79, ""gy"": -8.51, ""gz"": 17.32}, ""gps_data"": {""latitude"": 0, ""longitude"": 0, ""gps_altitude"": 0, ""time"": 120916}, ""alt_data"": {""pressure"": 848.97, ""temperature"": 26.45, ""AGL"": 1.02, ""velocity"": 0, ""kalman_altitude"": 0.99, ""kalman_vertical_velocity"": -2.33}, ""chute_state"": {""pyro1_state"": 0, ""pyro2_state"": 0}, ""connection_status"": {""connected"": true, ""has_ever_connected"": true, ""packet_age_ms"": 1, ""timeout_exceeded"": false, ""rssi"": -81}, ""communication_mode"": ""BEACON"", ""timestamp"": 183431, ""packets_received"": 704, ""kalman_data"": {""altitude"": 0.99, ""vertical_velocity"": -2.33}, ""kalman_altitude"": 0.99, ""kalman_vertical_velocity"": -2.33, ""pyroDrogue"": 0, ""pyroMain"": 0, ""pyro1_state"": 0, ""pyro2_state"": 0}"
1764328835.747021,2025-11-28T14:20:35.747021,1368,0,0,-0.44,-0.11,0.82,-26.67,-7.83,-5.12,-0.64,-1.34,0,0,0,121116,848.95,26.45,1.23,0,0,0,0,-80,1.23,-2.25,BEACON,"{""record_number"": 1368, ""operation_mode"": 0, ""state"": 0, ""battery_voltage"": 0, ""wifi_rssi"": -80, ""acc_data"": {""ax"": -0.44, ""ay"": -0.11, ""az"": 0.82, ""pitch"": -26.67, ""roll"": -7.83}, ""gyro_data"": {""gx"": -5.12, ""gy"": -0.64, ""gz"": -1.34}, ""gps_data"": {""latitude"": 0, ""longitude"": 0, ""gps_altitude"": 0, ""time"": 121116}, ""alt_data"": {""pressure"": 848.95, ""temperature"": 26.45, ""AGL"": 1.23, ""velocity"": 0, ""kalman_altitude"": 1.23, ""kalman_vertical_velocity"": -2.25}, ""chute_state"": {""pyro1_state"": 0, ""pyro2_state"": 0}, ""connection_status"": {""connected"": true, ""has_ever_connected"": true, ""packet_age_ms"": 1, ""timeout_exceeded"": false, ""rssi"": -80}, ""communication_mode"": ""BEACON"", ""timestamp"": 183545, ""packets_received"": 705, ""kalman_data"": {""altitude"": 1.23, ""vertical_velocity"": -2.25}, ""kalman_altitude"": 1.23, ""kalman_vertical_velocity"": -2.25, ""pyroDrogue"": 0, ""pyroMain"": 0, ""pyro1_state"": 0, ""pyro2_state"": 0}"
1764328835.840021,2025-11-28T14:20:35.840021,1369,0,0,-0.46,-0.1,0.86,-27.08,-6.51,-31.1,-15.7,-36.43,0,0,0,121316,849.01,26.46,0.64,0,0,0,0,-79,0.68,-2.43,BEACON,"{""record_number"": 1369, ""operation_mode"": 0, ""state"": 0, ""battery_voltage"": 0, ""wifi_rssi"": -79, ""acc_data"": {""ax"": -0.46, ""ay"": -0.1, ""az"": 0.86, ""pitch"": -27.08, ""roll"": -6.51}, ""gyro_data"": {""gx"": -31.1, ""gy"": -15.7, ""gz"": -36.43}, ""gps_data"": {""latitude"": 0, ""longitude"": 0, ""gps_altitude"": 0, ""time"": 121316}, ""alt_data"": {""pressure"": 849.01, ""temperature"": 26.46, ""AGL"": 0.64, ""velocity"": 0, ""kalman_altitude"": 0.68, ""kalman_vertical_velocity"": -2.43}, ""chute_state"": {""pyro1_state"": 0, ""pyro2_state"": 0}, ""connection_status"": {""connected"": true, ""has_ever_connected"": true, ""packet_age_ms"": 0, ""timeout_exceeded"": false, ""rssi"": -79}, ""communication_mode"": ""BEACON"", ""timestamp"": 183656, ""packets_received"": 706, ""kalman_data"": {""altitude"": 0.68, ""vertical_velocity"": -2.43}, ""kalman_altitude"": 0.68, ""kalman_vertical_velocity"": -2.43, ""pyroDrogue"": 0, ""pyroMain"": 0, ""pyro1_state"": 0, ""pyro2_state"": 0}"
1764328835.908037,2025-11-28T14:20:35.908037,1373,0,0,-0.47,-0.08,0.85,-28.41,-5.32,-14.76,-7.99,-18.29,0,0,0,121516,848.98,26.45,0.94,0,0,0,0,-80,0.93,-2.35,BEACON,"{""record_number"": 1373, ""operation_mode"": 0, ""state"": 0, ""battery_voltage"": 0, ""wifi_rssi"": -80, ""acc_data"": {""ax"": -0.47, ""ay"": -0.08, ""az"": 0.85, ""pitch"": -28.41, ""roll"": -5.32}, ""gyro_data"": {""gx"": -14.76, ""gy"": -7.99, ""gz"": -18.29}, ""gps_data"": {""latitude"": 0, ""longitude"": 0, ""gps_altitude"": 0, ""time"": 121516}, ""alt_data"": {""pressure"": 848.98, ""temperature"": 26.45, ""AGL"": 0.94, ""velocity"": 0, ""kalman_altitude"": 0.93, ""kalman_vertical_velocity"": -2.35}, ""chute_state"": {""pyro1_state"": 0, ""pyro2_state"": 0}, ""connection_status"": {""connected"": true, ""has_ever_connected"": true, ""packet_age_ms"": 1, ""timeout_exceeded"": false, ""rssi"": -80}, ""communication_mode"": ""BEACON"", ""timestamp"": 184000, ""packets_received"": 707, ""kalman_data"": {""altitude"": 0.93, ""vertical_velocity"": -2.35}, ""kalman_altitude"": 0.93, ""kalman_vertical_velocity"": -2.35, ""pyroDrogue"": 0, ""pyroMain"": 0, ""pyro1_state"": 0, ""pyro2_state"": 0}"
1764328835.959017,2025-11-28T14:20:35.959017,1378,0,0,-0.48,-0.08,0.83,-28.28,-5.08,11.65,8.9,-0.3,0,0,0,121922,848.99,26.46,0.86,0,0,0,0,-79,0.83,-2.38,BEACON,"{""record_number"": 1378, ""operation_mode"": 0, ""state"": 0, ""battery_voltage"": 0, ""wifi_rssi"": -79, ""acc_data"": {""ax"": -0.48, ""ay"": -0.08, ""az"": 0.83, ""pitch"": -28.28, ""roll"": -5.08}, ""gyro_data"": {""gx"": 11.65, ""gy"": 8.9, ""gz"": -0.3}, ""gps_data"": {""latitude"": 0, ""longitude"": 0, ""gps_altitude"": 0, ""time"": 121922}, ""alt_data"": {""pressure"": 848.99, ""temperature"": 26.46, ""AGL"": 0.86, ""velocity"": 0, ""kalman_altitude"": 0.83, ""kalman_vertical_velocity"": -2.38}, ""chute_state"": {""pyro1_state"": 0, ""pyro2_state"": 0}, ""connection_status"": {""connected"": true, ""has_ever_connected"": true, ""packet_age_ms"": 1, ""timeout_exceeded"": false, ""rssi"": -79}, ""communication_mode"": ""BEACON"", ""timestamp"": 184447, ""packets_received"": 708, ""kalman_data"": {""altitude"": 0.83, ""vertical_velocity"": -2.38}, ""kalman_altitude"": 0.83, ""kalman_vertical_velocity"": -2.38, ""pyroDrogue"": 0, ""pyroMain"": 0, ""pyro1_state"": 0, ""pyro2_state"": 0}"
1764328836.093016,2025-11-28T14:20:36.093016,1380,0,0,-0.48,-0.07,0.85,-28.47,-5.19,-8.69,-3.51,-1.71,0,0,0,122122,849.01,26.45,0.66,0,0,0,0,-80,0.67,-2.44,BEACON,"{""record_number"": 1380, ""operation_mode"": 0, ""state"": 0, ""battery_voltage"": 0, ""wifi_rssi"": -80, ""acc_data"": {""ax"": -0.48, ""ay"": -0.07, ""az"": 0.85, ""pitch"": -28.47, ""roll"": -5.19}, ""gyro_data"": {""gx"": -8.69, ""gy"": -3.51, ""gz"": -1.71}, ""gps_data"": {""latitude"": 0, ""longitude"": 0, ""gps_altitude"": 0, ""time"": 122122}, ""alt_data"": {""pressure"": 849.01, ""temperature"": 26.45, ""AGL"": 0.66, ""velocity"": 0, ""kalman_altitude"": 0.67, ""kalman_vertical_velocity"": -2.44}, ""chute_state"": {""pyro1_state"": 0, ""pyro2_state"": 0}, ""connection_status"": {""connected"": true, ""has_ever_connected"": true, ""packet_age_ms"": 1, ""timeout_exceeded"": false, ""rssi"": -80}, ""communication_mode"": ""BEACON"", ""timestamp"": 184560, ""packets_received"": 709, ""kalman_data"": {""altitude"": 0.67, ""vertical_velocity"": -2.44}, ""kalman_altitude"": 0.67, ""kalman_vertical_velocity"": -2.44, ""pyroDrogue"": 0, ""pyroMain"": 0, ""pyro1_state"": 0, ""pyro2_state"": 0}"
1764328836.184017,2025-11-28T14:20:36.184017,1381,0,0,-0.47,-0.1,0.85,-27.33,-6.95,-8.93,0.24,5.55,0,0,0,122321,849.05,26.46,0.25,0,0,0,0,-79,0.29,-2.56,BEACON,"{""record_number"": 1381, ""operation_mode"": 0, ""state"": 0, ""battery_voltage"": 0, ""wifi_rssi"": -79, ""acc_data"": {""ax"": -0.47, ""ay"": -0.1, ""az"": 0.85, ""pitch"": -27.33, ""roll"": -6.95}, ""gyro_data"": {""gx"": -8.93, ""gy"": 0.24, ""gz"": 5.55}, ""gps_data"": {""latitude"": 0, ""longitude"": 0, ""gps_altitude"": 0, ""time"": 122321}, ""alt_data"": {""pressure"": 849.05, ""temperature"": 26.46, ""AGL"": 0.25, ""velocity"": 0, ""kalman_altitude"": 0.29, ""kalman_vertical_velocity"": -2.56}, ""chute_state"": {""pyro1_state"": 0, ""pyro2_state"": 0}, ""connection_status"": {""connected"": true, ""has_ever_connected"": true, ""packet_age_ms"": 0, ""timeout_exceeded"": false, ""rssi"": -79}, ""communication_mode"": ""BEACON"", ""timestamp"": 184672, ""packets_received"": 710, ""kalman_data"": {""altitude"": 0.29, ""vertical_velocity"": -2.56}, ""kalman_altitude"": 0.29, ""kalman_vertical_velocity"": -2.56, ""pyroDrogue"": 0, ""pyroMain"": 0, ""pyro1_state"": 0, ""pyro2_state"": 0}"
1764328836.285017,2025-11-28T14:20:36.285017,1382,0,0,-0.46,-0.07,0.84,-27.9,-4.52,8.35,9.66,-9.02,0,0,0,122321,849.02,26.45,0.48,0,0,0,0,-81,0.47,-2.51,BEACON,"{""record_number"": 1382, ""operation_mode"": 0, ""state"": 0, ""battery_voltage"": 0, ""wifi_rssi"": -81, ""acc_data"": {""ax"": -0.46, ""ay"": -0.07, ""az"": 0.84, ""pitch"": -27.9, ""roll"": -4.52}, ""gyro_data"": {""gx"": 8.35, ""gy"": 9.66, ""gz"": -9.02}, ""gps_data"": {""latitude"": 0, ""longitude"": 0, ""gps_altitude"": 0, ""time"": 122321}, ""alt_data"": {""pressure"": 849.02, ""temperature"": 26.45, ""AGL"": 0.48, ""velocity"": 0, ""kalman_altitude"": 0.47, ""kalman_vertical_velocity"": -2.51}, ""chute_state"": {""pyro1_state"": 0, ""pyro2_state"": 0}, ""connection_status"": {""connected"": true, ""has_ever_connected"": true, ""packet_age_ms"": 0, ""timeout_exceeded"": false, ""rssi"": -81}, ""communication_mode"": ""BEACON"", ""timestamp"": 184784, ""packets_received"": 711, ""kalman_data"": {""altitude"": 0.47, ""vertical_velocity"": -2.51}, ""kalman_altitude"": 0.47, ""kalman_vertical_velocity"": -2.51, ""pyroDrogue"": 0, ""pyroMain"": 0, ""pyro1_state"": 0, ""pyro2_state"": 0}"
1764328836.353034,2025-11-28T14:20:36.353034,1385,0,0,-0.48,-0.07,0.82,-27.68,-5.49,3.66,3.9,-2.47,0,0,0,122522,849,26.45,0.69,0,0,0,0,-77,0.67,-2.44,BEACON,"{""record_number"": 1385, ""operation_mode"": 0, ""state"": 0, ""battery_voltage"": 0, ""wifi_rssi"": -77, ""acc_data"": {""ax"": -0.48, ""ay"": -0.07, ""az"": 0.82, ""pitch"": -27.68, ""roll"": -5.49}, ""gyro_data"": {""gx"": 3.66, ""gy"": 3.9, ""gz"": -2.47}, ""gps_data"": {""latitude"": 0, ""longitude"": 0, ""gps_altitude"": 0, ""time"": 122522}, ""alt_data"": {""pressure"": 849, ""temperature"": 26.45, ""AGL"": 0.69, ""velocity"": 0, ""kalman_altitude"": 0.67, ""kalman_vertical_velocity"": -2.44}, ""chute_state"": {""pyro1_state"": 0, ""pyro2_state"": 0}, ""connection_status"": {""connected"": true, ""has_ever_connected"": true, ""packet_age_ms"": 0, ""timeout_exceeded"": false, ""rssi"": -77}, ""communication_mode"": ""BEACON"", ""timestamp"": 185009, ""packets_received"": 712, ""kalman_data"": {""altitude"": 0.67, ""vertical_velocity"": -2.44}, ""kalman_altitude"": 0.67, ""kalman_vertical_velocity"": -2.44, ""pyroDrogue"": 0, ""pyroMain"": 0, ""pyro1_state"": 0, ""pyro2_state"": 0}"
1764328836.659018,2025-11-28T14:20:36.659018,1388,0,0,-0.48,-0.09,0.88,-29.72,-5.89,2.16,-4.09,-13.87,0,0,0,122728,848.96,26.44,1.1,0,0,0,0,-79,1.07,-2.32,BEACON,"{""record_number"": 1388, ""operation_mode"": 0, ""state"": 0, ""battery_voltage"": 0, ""wifi_rssi"": -79, ""acc_data"": {""ax"": -0.48, ""ay"": -0.09, ""az"": 0.88, ""pitch"": -29.72, ""roll"": -5.89}, ""gyro_data"": {""gx"": 2.16, ""gy"": -4.09, ""gz"": -13.87}, ""gps_data"": {""latitude"": 0, ""longitude"": 0, ""gps_altitude"": 0, ""time"": 122728}, ""alt_data"": {""pressure"": 848.96, ""temperature"": 26.44, ""AGL"": 1.1, ""velocity"": 0, ""kalman_altitude"": 1.07, ""kalman_vertical_velocity"": -2.32}, ""chute_state"": {""pyro1_state"": 0, ""pyro2_state"": 0}, ""connection_status"": {""connected"": true, ""has_ever_connected"": true, ""packet_age_ms"": 1, ""timeout_exceeded"": false, ""rssi"": -79}, ""communication_mode"": ""BEACON"", ""timestamp"": 185236, ""packets_received"": 713, ""kalman_data"": {""altitude"": 1.07, ""vertical_velocity"": -2.32}, ""kalman_altitude"": 1.07, ""kalman_vertical_velocity"": -2.32, ""pyroDrogue"": 0, ""pyroMain"": 0, ""pyro1_state"": 0, ""pyro2_state"": 0}"
1764328836.770982,2025-11-28T14:20:36.770982,1389,0,0,-0.5,-0.06,0.81,-30.17,-4.42,-0.4,-5.52,-2.56,0,0,0,122929,849.05,26.46,0.21,0,0,0,0,-79,0.24,-2.58,BEACON,"{""record_number"": 1389, ""operation_mode"": 0, ""state"": 0, ""battery_voltage"": 0, ""wifi_rssi"": -79, ""acc_data"": {""ax"": -0.5, ""ay"": -0.06, ""az"": 0.81, ""pitch"": -30.17, ""roll"": -4.42}, ""gyro_data"": {""gx"": -0.4, ""gy"": -5.52, ""gz"": -2.56}, ""gps_data"": {""latitude"": 0, ""longitude"": 0, ""gps_altitude"": 0, ""time"": 122929}, ""alt_data"": {""pressure"": 849.05, ""temperature"": 26.46, ""AGL"": 0.21, ""velocity"": 0, ""kalman_altitude"": 0.24, ""kalman_vertical_velocity"": -2.58}, ""chute_state"": {""pyro1_state"": 0, ""pyro2_state"": 0}, ""connection_status"": {""connected"": true, ""has_ever_connected"": true, ""packet_age_ms"": 0, ""timeout_exceeded"": false, ""rssi"": -79}, ""communication_mode"": ""BEACON"", ""timestamp"": 185349, ""packets_received"": 714, ""kalman_data"": {""altitude"": 0.24, ""vertical_velocity"": -2.58}, ""kalman_altitude"": 0.24, ""kalman_vertical_velocity"": -2.58, ""pyroDrogue"": 0, ""pyroMain"": 0, ""pyro1_state"": 0, ""pyro2_state"": 0}"
1764328836.948311,2025-11-28T14:20:36.948311,1390,0,0,-0.45,-0.07,0.84,-26.52,-4.81,-13.2,-5.82,-3.54,0,0,0,122929,849.03,26.46,0.39,0,0,0,0,-79,0.38,-2.54,BEACON,"{""record_number"": 1390, ""operation_mode"": 0, ""state"": 0, ""battery_voltage"": 0, ""wifi_rssi"": -79, ""acc_data"": {""ax"": -0.45, ""ay"": -0.07, ""az"": 0.84, ""pitch"": -26.52, ""roll"": -4.81}, ""gyro_data"": {""gx"": -13.2, ""gy"": -5.82, ""gz"": -3.54}, ""gps_data"": {""latitude"": 0, ""longitude"": 0, ""gps_altitude"": 0, ""time"": 122929}, ""alt_data"": {""pressure"": 849.03, ""temperature"": 26.46, ""AGL"": 0.39, ""velocity"": 0, ""kalman_altitude"": 0.38, ""kalman_vertical_velocity"": -2.54}, ""chute_state"": {""pyro1_state"": 0, ""pyro2_state"": 0}, ""connection_status"": {""connected"": true, ""has_ever_connected"": true, ""packet_age_ms"": 1, ""timeout_exceeded"": false, ""rssi"": -79}, ""communication_mode"": ""BEACON"", ""timestamp"": 185462, ""packets_received"": 715, ""kalman_data"": {""altitude"": 0.38, ""vertical_velocity"": -2.54}, ""kalman_altitude"": 0.38, ""kalman_vertical_velocity"": -2.54, ""pyroDrogue"": 0, ""pyroMain"": 0, ""pyro1_state"": 0, ""pyro2_state"": 0}"
1764328837.041278,2025-11-28T14:20:37.041278,1392,0,0,-0.47,-0.08,0.84,-28.51,-5.29,-2.04,1.25,-5.73,0,0,0,123129,849.02,26.47,0.56,0,0,0,0,-79,0.55,-2.49,BEACON,"{""record_number"": 1392, ""operation_mode"": 0, ""state"": 0, ""battery_voltage"": 0, ""wifi_rssi"": -79, ""acc_data"": {""ax"": -0.47, ""ay"": -0.08, ""az"": 0.84, ""pitch"": -28.51, ""roll"": -5.29}, ""gyro_data"": {""gx"": -2.04, ""gy"": 1.25, ""gz"": -5.73}, ""gps_data"": {""latitude"": 0, ""longitude"": 0, ""gps_altitude"": 0, ""time"": 123129}, ""alt_data"": {""pressure"": 849.02, ""temperature"": 26.47, ""AGL"": 0.56, ""velocity"": 0, ""kalman_altitude"": 0.55, ""kalman_vertical_velocity"": -2.49}, ""chute_state"": {""pyro1_state"": 0, ""pyro2_state"": 0}, ""connection_status"": {""connected"": true, ""has_ever_connected"": true, ""packet_age_ms"": 0, ""timeout_exceeded"": false, ""rssi"": -79}, ""communication_mode"": ""BEACON"", ""timestamp"": 185575, ""packets_received"": 716, ""kalman_data"": {""altitude"": 0.55, ""vertical_velocity"": -2.49}, ""kalman_altitude"": 0.55, ""kalman_vertical_velocity"": -2.49, ""pyroDrogue"": 0, ""pyroMain"": 0, ""pyro1_state"": 0, ""pyro2_state"": 0}"
1764328837.118279,2025-11-28T14:20:37.118279,1393,0,0,-0.49,-0.08,0.84,-29.14,-5.69,-12.59,-8.96,-2.13,0,0,0,123329,848.99,26.46,0.79,0,0,0,0,-77,0.78,-2.41,BEACON,"{""record_number"": 1393, ""operation_mode"": 0, ""state"": 0, ""battery_voltage"": 0, ""wifi_rssi"": -77, ""acc_data"": {""ax"": -0.49, ""ay"": -0.08, ""az"": 0.84, ""pitch"": -29.14, ""roll"": -5.69}, ""gyro_data"": {""gx"": -12.59, ""gy"": -8.96, ""gz"": -2.13}, ""gps_data"": {""latitude"": 0, ""longitude"": 0, ""gps_altitude"": 0, ""time"": 123329}, ""alt_data"": {""pressure"": 848.99, ""temperature"": 26.46, ""AGL"": 0.79, ""velocity"": 0, ""kalman_altitude"": 0.78, ""kalman_vertical_velocity"": -2.41}, ""chute_state"": {""pyro1_state"": 0, ""pyro2_state"": 0}, ""connection_status"": {""connected"": true, ""has_ever_connected"": true, ""packet_age_ms"": 0, ""timeout_exceeded"": false, ""rssi"": -77}, ""communication_mode"": ""BEACON"", ""timestamp"": 185686, ""packets_received"": 717, ""kalman_data"": {""altitude"": 0.78, ""vertical_velocity"": -2.41}, ""kalman_altitude"": 0.78, ""kalman_vertical_velocity"": -2.41, ""pyroDrogue"": 0, ""pyroMain"": 0, ""pyro1_state"": 0, ""pyro2_state"": 0}"
1764328837.205981,2025-11-28T14:20:37.205981,1394,0,0,-0.47,-0.08,0.85,-27.93,-5.3,-10.49,-1.46,2.62,0,0,0,123329,848.99,26.45,0.87,0,0,0,0,-77,0.87,-2.39,BEACON,"{""record_number"": 1394, ""operation_mode"": 0, ""state"": 0, ""battery_voltage"": 0, ""wifi_rssi"": -77, ""acc_data"": {""ax"": -0.47, ""ay"": -0.08, ""az"": 0.85, ""pitch"": -27.93, ""roll"": -5.3}, ""gyro_data"": {""gx"": -10.49, ""gy"": -1.46, ""gz"": 2.62}, ""gps_data"": {""latitude"": 0, ""longitude"": 0, ""gps_altitude"": 0, ""time"": 123329}, ""alt_data"": {""pressure"": 848.99, ""temperature"": 26.45, ""AGL"": 0.87, ""velocity"": 0, ""kalman_altitude"": 0.87, ""kalman_vertical_velocity"": -2.39}, ""chute_state"": {""pyro1_state"": 0, ""pyro2_state"": 0}, ""connection_status"": {""connected"": true, ""has_ever_connected"": true, ""packet_age_ms"": 0, ""timeout_exceeded"": false, ""rssi"": -77}, ""communication_mode"": ""BEACON"", ""timestamp"": 185800, ""packets_received"": 718, ""kalman_data"": {""altitude"": 0.87, ""vertical_velocity"": -2.39}, ""kalman_altitude"": 0.87, ""kalman_vertical_velocity"": -2.39, ""pyroDrogue"": 0, ""pyroMain"": 0, ""pyro1_state"": 0, ""pyro2_state"": 0}"
1764328837.326176,2025-11-28T14:20:37.326176,1396,0,0,-0.49,-0.07,0.84,-28.98,-5.06,-5.61,-4.15,0.24,0,0,0,123529,848.99,26.46,0.82,0,0,0,0,-75,0.82,-2.4,BEACON,"{""record_number"": 1396, ""operation_mode"": 0, ""state"": 0, ""battery_voltage"": 0, ""wifi_rssi"": -75, ""acc_data"": {""ax"": -0.49, ""ay"": -0.07, ""az"": 0.84, ""pitch"": -28.98, ""roll"": -5.06}, ""gyro_data"": {""gx"": -5.61, ""gy"": -4.15, ""gz"": 0.24}, ""gps_data"": {""latitude"": 0, ""longitude"": 0, ""gps_altitude"": 0, ""time"": 123529}, ""alt_data"": {""pressure"": 848.99, ""temperature"": 26.46, ""AGL"": 0.82, ""velocity"": 0, ""kalman_altitude"": 0.82, ""kalman_vertical_velocity"": -2.4}, ""chute_state"": {""pyro1_state"": 0, ""pyro2_state"": 0}, ""connection_status"": {""connected"": true, ""has_ever_connected"": true, ""packet_age_ms"": 1, ""timeout_exceeded"": false, ""rssi"": -75}, ""communication_mode"": ""BEACON"", ""timestamp"": 185912, ""packets_received"": 719, ""kalman_data"": {""altitude"": 0.82, ""vertical_velocity"": -2.4}, ""kalman_altitude"": 0.82, ""kalman_vertical_velocity"": -2.4, ""pyroDrogue"": 0, ""pyroMain"": 0, ""pyro1_state"": 0, ""pyro2_state"": 0}"
1764328837.400174,2025-11-28T14:20:37.400174,1397,0,0,-0.48,-0.08,0.83,-28.73,-5.98,-9.6,-1.01,-2.84,0,0,0,123529,849,26.46,0.75,0,0,0,0,-79,0.75,-2.43,BEACON,"{""record_number"": 1397, ""operation_mode"": 0, ""state"": 0, ""battery_voltage"": 0, ""wifi_rssi"": -79, ""acc_data"": {""ax"": -0.48, ""ay"": -0.08, ""az"": 0.83, ""pitch"": -28.73, ""roll"": -5.98}, ""gyro_data"": {""gx"": -9.6, ""gy"": -1.01, ""gz"": -2.84}, ""gps_data"": {""latitude"": 0, ""longitude"": 0, ""gps_altitude"": 0, ""time"": 123529}, ""alt_data"": {""pressure"": 849, ""temperature"": 26.46, ""AGL"": 0.75, ""velocity"": 0, ""kalman_altitude"": 0.75, ""kalman_vertical_velocity"": -2.43}, ""chute_state"": {""pyro1_state"": 0, ""pyro2_state"": 0}, ""connection_status"": {""connected"": true, ""has_ever_connected"": true, ""packet_age_ms"": 0, ""timeout_exceeded"": false, ""rssi"": -79}, ""communication_mode"": ""BEACON"", ""timestamp"": 186024, ""packets_received"": 720, ""kalman_data"": {""altitude"": 0.75, ""vertical_velocity"": -2.43}, ""kalman_altitude"": 0.75, ""kalman_vertical_velocity"": -2.43, ""pyroDrogue"": 0, ""pyroMain"": 0, ""pyro1_state"": 0, ""pyro2_state"": 0}"
1764328837.505766,2025-11-28T14:20:37.505766,1398,0,0,-0.48,-0.08,0.87,-28.41,-5.31,-9.27,-4.39,-4.51,0,0,0,123733,849.02,26.46,0.57,0,0,0,0,-77,0.58,-2.48,BEACON,"{""record_number"": 1398, ""operation_mode"": 0, ""state"": 0, ""battery_voltage"": 0, ""wifi_rssi"": -77, ""acc_data"": {""ax"": -0.48, ""ay"": -0.08, ""az"": 0.87, ""pitch"": -28.41, ""roll"": -5.31}, ""gyro_data"": {""gx"": -9.27, ""gy"": -4.39, ""gz"": -4.51}, ""gps_data"": {""latitude"": 0, ""longitude"": 0, ""gps_altitude"": 0, ""time"": 123733}, ""alt_data"": {""pressure"": 849.02, ""temperature"": 26.46, ""AGL"": 0.57, ""velocity"": 0, ""kalman_altitude"": 0.58, ""kalman_vertical_velocity"": -2.48}, ""chute_state"": {""pyro1_state"": 0, ""pyro2_state"": 0}, ""connection_status"": {""connected"": true, ""has_ever_connected"": true, ""packet_age_ms"": 1, ""timeout_exceeded"": false, ""rssi"": -77}, ""communication_mode"": ""BEACON"", ""timestamp"": 186139, ""packets_received"": 721, ""kalman_data"": {""altitude"": 0.58, ""vertical_velocity"": -2.48}, ""kalman_altitude"": 0.58, ""kalman_vertical_velocity"": -2.48, ""pyroDrogue"": 0, ""pyroMain"": 0, ""pyro1_state"": 0, ""pyro2_state"": 0}"
1764328837.67029,2025-11-28T14:20:37.670290,1399,0,0,-0.48,-0.08,0.83,-29.21,-4.98,-2.47,-2.59,-1.19,0,0,0,123733,848.97,26.46,1.04,0,0,0,0,-80,1.01,-2.35,BEACON,"{""record_number"": 1399, ""operation_mode"": 0, ""state"": 0, ""battery_voltage"": 0, ""wifi_rssi"": -80, ""acc_data"": {""ax"": -0.48, ""ay"": -0.08, ""az"": 0.83, ""pitch"": -29.21, ""roll"": -4.98}, ""gyro_data"": {""gx"": -2.47, ""gy"": -2.59, ""gz"": -1.19}, ""gps_data"": {""latitude"": 0, ""longitude"": 0, ""gps_altitude"": 0, ""time"": 123733}, ""alt_data"": {""pressure"": 848.97, ""temperature"": 26.46, ""AGL"": 1.04, ""velocity"": 0, ""kalman_altitude"": 1.01, ""kalman_vertical_velocity"": -2.35}, ""chute_state"": {""pyro1_state"": 0, ""pyro2_state"": 0}, ""connection_status"": {""connected"": true, ""has_ever_connected"": true, ""packet_age_ms"": 1, ""timeout_exceeded"": false, ""rssi"": -80}, ""communication_mode"": ""BEACON"", ""timestamp"": 186250, ""packets_received"": 722, ""kalman_data"": {""altitude"": 1.01, ""vertical_velocity"": -2.35}, ""kalman_altitude"": 1.01, ""kalman_vertical_velocity"": -2.35, ""pyroDrogue"": 0, ""pyroMain"": 0, ""pyro1_state"": 0, ""pyro2_state"": 0}"
1764328837.772191,2025-11-28T14:20:37.772191,1401,0,0,-0.48,-0.08,0.83,-28.28,-5.69,-7.5,-4.42,-2.47,0,0,0,123934,848.99,26.46,0.86,0,0,0,0,-78,0.84,-2.4,BEACON,"{""record_number"": 1401, ""operation_mode"": 0, ""state"": 0, ""battery_voltage"": 0, ""wifi_rssi"": -78, ""acc_data"": {""ax"": -0.48, ""ay"": -0.08, ""az"": 0.83, ""pitch"": -28.28, ""roll"": -5.69}, ""gyro_data"": {""gx"": -7.5, ""gy"": -4.42, ""gz"": -2.47}, ""gps_data"": {""latitude"": 0, ""longitude"": 0, ""gps_altitude"": 0, ""time"": 123934}, ""alt_data"": {""pressure"": 848.99, ""temperature"": 26.46, ""AGL"": 0.86, ""velocity"": 0, ""kalman_altitude"": 0.84, ""kalman_vertical_velocity"": -2.4}, ""chute_state"": {""pyro1_state"": 0, ""pyro2_state"": 0}, ""connection_status"": {""connected"": true, ""has_ever_connected"": true, ""packet_age_ms"": 0, ""timeout_exceeded"": false, ""rssi"": -78}, ""communication_mode"": ""BEACON"", ""timestamp"": 186365, ""packets_received"": 723, ""kalman_data"": {""altitude"": 0.84, ""vertical_velocity"": -2.4}, ""kalman_altitude"": 0.84, ""kalman_vertical_velocity"": -2.4, ""pyroDrogue"": 0, ""pyroMain"": 0, ""pyro1_state"": 0, ""pyro2_state"": 0}"
1764328838.060075,2025-11-28T14:20:38.060075,1402,0,0,-0.47,-0.08,0.84,-28.86,-5.55,-10.3,-2.5,-7.23,0,0,0,124135,848.95,26.45,1.27,0,0,0,0,-80,1.24,-2.28,BEACON,"{""record_number"": 1402, ""operation_mode"": 0, ""state"": 0, ""battery_voltage"": 0, ""wifi_rssi"": -80, ""acc_data"": {""ax"": -0.47, ""ay"": -0.08, ""az"": 0.84, ""pitch"": -28.86, ""roll"": -5.55}, ""gyro_data"": {""gx"": -10.3, ""gy"": -2.5, ""gz"": -7.23}, ""gps_data"": {""latitude"": 0, ""longitude"": 0, ""gps_altitude"": 0, ""time"": 124135}, ""alt_data"": {""pressure"": 848.95, ""temperature"": 26.45, ""AGL"": 1.27, ""velocity"": 0, ""kalman_altitude"": 1.24, ""kalman_vertical_velocity"": -2.28}, ""chute_state"": {""pyro1_state"": 0, ""pyro2_state"": 0}, ""connection_status"": {""connected"": true, ""has_ever_connected"": true, ""packet_age_ms"": 1, ""timeout_exceeded"": false, ""rssi"": -80}, ""communication_mode"": ""BEACON"", ""timestamp"": 186481, ""packets_received"": 724, ""kalman_data"": {""altitude"": 1.24, ""vertical_velocity"": -2.28}, ""kalman_altitude"": 1.24, ""kalman_vertical_velocity"": -2.28, ""pyroDrogue"": 0, ""pyroMain"": 0, ""pyro1_state"": 0, ""pyro2_state"": 0}"
1764328838.172933,2025-11-28T14:20:38.172933,1404,0,0,-0.48,-0.08,0.84,-28.54,-5.48,-8.2,1.95,-3.48,0,0,0,124135,848.95,26.46,1.22,0,0,0,0,-79,1.22,-2.29,BEACON,"{""record_number"": 1404, ""operation_mode"": 0, ""state"": 0, ""battery_voltage"": 0, ""wifi_rssi"": -79, ""acc_data"": {""ax"": -0.48, ""ay"": -0.08, ""az"": 0.84, ""pitch"": -28.54, ""roll"": -5.48}, ""gyro_data"": {""gx"": -8.2, ""gy"": 1.95, ""gz"": -3.48}, ""gps_data"": {""latitude"": 0, ""longitude"": 0, ""gps_altitude"": 0, ""time"": 124135}, ""alt_data"": {""pressure"": 848.95, ""temperature"": 26.46, ""AGL"": 1.22, ""velocity"": 0, ""kalman_altitude"": 1.22, ""kalman_vertical_velocity"": -2.29}, ""chute_state"": {""pyro1_state"": 0, ""pyro2_state"": 0}, ""connection_status"": {""connected"": true, ""has_ever_connected"": true, ""packet_age_ms"": 0, ""timeout_exceeded"": false, ""rssi"": -79}, ""communication_mode"": ""BEACON"", ""timestamp"": 186589, ""packets_received"": 725, ""kalman_data"": {""altitude"": 1.22, ""vertical_velocity"": -2.29}, ""kalman_altitude"": 1.22, ""kalman_vertical_velocity"": -2.29, ""pyroDrogue"": 0, ""pyroMain"": 0, ""pyro1_state"": 0, ""pyro2_state"": 0}"
1764328838.253998,2025-11-28T14:20:38.253998,1405,0,0,-0.47,-0.07,0.85,-28.03,-4.83,-8.51,-2.68,2.93,0,0,0,124335,848.99,26.47,0.78,0,0,0,0,-77,0.78,-2.43,BEACON,"{""record_number"": 1405, ""operation_mode"": 0, ""state"": 0, ""battery_voltage"": 0, ""wifi_rssi"": -77, ""acc_data"": {""ax"": -0.47, ""ay"": -0.07, ""az"": 0.85, ""pitch"": -28.03, ""roll"": -4.83}, ""gyro_data"": {""gx"": -8.51, ""gy"": -2.68, ""gz"": 2.93}, ""gps_data"": {""latitude"": 0, ""longitude"": 0, ""gps_altitude"": 0, ""time"": 124335}, ""alt_data"": {""pressure"": 848.99, ""temperature"": 26.47, ""AGL"": 0.78, ""velocity"": 0, ""kalman_altitude"": 0.78, ""kalman_vertical_velocity"": -2.43}, ""chute_state"": {""pyro1_state"": 0, ""pyro2_state"": 0}, ""connection_status"": {""connected"": true, ""has_ever_connected"": true, ""packet_age_ms"": 0, ""timeout_exceeded"": false, ""rssi"": -77}, ""communication_mode"": ""BEACON"", ""timestamp"": 186701, ""packets_received"": 726, ""kalman_data"": {""altitude"": 0.78, ""vertical_velocity"": -2.43}, ""kalman_altitude"": 0.78, ""kalman_vertical_velocity"": -2.43, ""pyroDrogue"": 0, ""pyroMain"": 0, ""pyro1_state"": 0, ""pyro2_state"": 0}"
1764328838.505341,2025-11-28T14:20:38.505341,1406,0,0,-0.47,-0.08,0.85,-28.22,-5.58,-7.35,-0.43,-6.34,0,0,0,124335,848.99,26.46,0.78,0,0,0,0,-77,0.78,-2.43,BEACON,"{""record_number"": 1406, ""operation_mode"": 0, ""state"": 0, ""battery_voltage"": 0, ""wifi_rssi"": -77, ""acc_data"": {""ax"": -0.47, ""ay"": -0.08, ""az"": 0.85, ""pitch"": -28.22, ""roll"": -5.58}, ""gyro_data"": {""gx"": -7.35, ""gy"": -0.43, ""gz"": -6.34}, ""gps_data"": {""latitude"": 0, ""longitude"": 0, ""gps_altitude"": 0, ""time"": 124335}, ""alt_data"": {""pressure"": 848.99, ""temperature"": 26.46, ""AGL"": 0.78, ""velocity"": 0, ""kalman_altitude"": 0.78, ""kalman_vertical_velocity"": -2.43}, ""chute_state"": {""pyro1_state"": 0, ""pyro2_state"": 0}, ""connection_status"": {""connected"": true, ""has_ever_connected"": true, ""packet_age_ms"": 1, ""timeout_exceeded"": false, ""rssi"": -77}, ""communication_mode"": ""BEACON"", ""timestamp"": 186817, ""packets_received"": 727, ""kalman_data"": {""altitude"": 0.78, ""vertical_velocity"": -2.43}, ""kalman_altitude"": 0.78, ""kalman_vertical_velocity"": -2.43, ""pyroDrogue"": 0, ""pyroMain"": 0, ""pyro1_state"": 0, ""pyro2_state"": 0}"
1764328838.635729,2025-11-28T14:20:38.635729,1407,0,0,-0.47,-0.08,0.84,-28.12,-5.47,-7.99,-3.63,0.3,0,0,0,124534,849.02,26.47,0.55,0,0,0,0,-77,0.57,-2.49,BEACON,"{""record_number"": 1407, ""operation_mode"": 0, ""state"": 0, ""battery_voltage"": 0, ""wifi_rssi"": -77, ""acc_data"": {""ax"": -0.47, ""ay"": -0.08, ""az"": 0.84, ""pitch"": -28.12, ""roll"": -5.47}, ""gyro_data"": {""gx"": -7.99, ""gy"": -3.63, ""gz"": 0.3}, ""gps_data"": {""latitude"": 0, ""longitude"": 0, ""gps_altitude"": 0, ""time"": 124534}, ""alt_data"": {""pressure"": 849.02, ""temperature"": 26.47, ""AGL"": 0.55, ""velocity"": 0, ""kalman_altitude"": 0.57, ""kalman_vertical_velocity"": -2.49}, ""chute_state"": {""pyro1_state"": 0, ""pyro2_state"": 0}, ""connection_status"": {""connected"": true, ""has_ever_connected"": true, ""packet_age_ms"": 0, ""timeout_exceeded"": false, ""rssi"": -77}, ""communication_mode"": ""BEACON"", ""timestamp"": 186927, ""packets_received"": 728, ""kalman_data"": {""altitude"": 0.57, ""vertical_velocity"": -2.49}, ""kalman_altitude"": 0.57, ""kalman_vertical_velocity"": -2.49, ""pyroDrogue"": 0, ""pyroMain"": 0, ""pyro1_state"": 0, ""pyro2_state"": 0}"
1764328838.716028,2025-11-28T14:20:38.716028,1409,0,0,-0.48,-0.08,0.84,-28.66,-5.34,-12.96,-2.77,-2.23,0,0,0,124534,849.01,26.47,0.63,0,0,0,0,-77,0.62,-2.48,BEACON,"{""record_number"": 1409, ""operation_mode"": 0, ""state"": 0, ""battery_voltage"": 0, ""wifi_rssi"": -77, ""acc_data"": {""ax"": -0.48, ""ay"": -0.08, ""az"": 0.84, ""pitch"": -28.66, ""roll"": -5.34}, ""gyro_data"": {""gx"": -12.96, ""gy"": -2.77, ""gz"": -2.23}, ""gps_data"": {""latitude"": 0, ""longitude"": 0, ""gps_altitude"": 0, ""time"": 124534}, ""alt_data"": {""pressure"": 849.01, ""temperature"": 26.47, ""AGL"": 0.63, ""velocity"": 0, ""kalman_altitude"": 0.62, ""kalman_vertical_velocity"": -2.48}, ""chute_state"": {""pyro1_state"": 0, ""pyro2_state"": 0}, ""connection_status"": {""connected"": true, ""has_ever_connected"": true, ""packet_age_ms"": 0, ""timeout_exceeded"": false, ""rssi"": -77}, ""communication_mode"": ""BEACON"", ""timestamp"": 187041, ""packets_received"": 729, ""kalman_data"": {""altitude"": 0.62, ""vertical_velocity"": -2.48}, ""kalman_altitude"": 0.62, ""kalman_vertical_velocity"": -2.48, ""pyroDrogue"": 0, ""pyroMain"": 0, ""pyro1_state"": 0, ""pyro2_state"": 0}"
1764328838.852085,2025-11-28T14:20:38.852085,1410,0,0,-0.48,-0.08,0.84,-28.86,-5.41,-6.71,-4.39,-5.98,0,0,0,124740,849.01,26.47,0.66,0,0,0,0,-78,0.66,-2.47,BEACON,"{""record_number"": 1410, ""operation_mode"": 0, ""state"": 0, ""battery_voltage"": 0, ""wifi_rssi"": -78, ""acc_data"": {""ax"": -0.48, ""ay"": -0.08, ""az"": 0.84, ""pitch"": -28.86, ""roll"": -5.41}, ""gyro_data"": {""gx"": -6.71, ""gy"": -4.39, ""gz"": -5.98}, ""gps_data"": {""latitude"": 0, ""longitude"": 0, ""gps_altitude"": 0, ""time"": 124740}, ""alt_data"": {""pressure"": 849.01, ""temperature"": 26.47, ""AGL"": 0.66, ""velocity"": 0, ""kalman_altitude"": 0.66, ""kalman_vertical_velocity"": -2.47}, ""chute_state"": {""pyro1_state"": 0, ""pyro2_state"": 0}, ""connection_status"": {""connected"": true, ""has_ever_connected"": true, ""packet_age_ms"": 1, ""timeout_exceeded"": false, ""rssi"": -78}, ""communication_mode"": ""BEACON"", ""timestamp"": 187154, ""packets_received"": 730, ""kalman_data"": {""altitude"": 0.66, ""vertical_velocity"": -2.47}, ""kalman_altitude"": 0.66, ""kalman_vertical_velocity"": -2.47, ""pyroDrogue"": 0, ""pyroMain"": 0, ""pyro1_state"": 0, ""pyro2_state"": 0}"
1764328838.948678,2025-11-28T14:20:38.948678,1411,0,0,-0.48,-0.08,0.84,-28.63,-5.57,-11.74,-5.98,1.98,0,0,0,124740,848.99,26.47,0.85,0,0,0,0,-77,0.84,-2.41,BEACON,"{""record_number"": 1411, ""operation_mode"": 0, ""state"": 0, ""battery_voltage"": 0, ""wifi_rssi"": -77, ""acc_data"": {""ax"": -0.48, ""ay"": -0.08, ""az"": 0.84, ""pitch"": -28.63, ""roll"": -5.57}, ""gyro_data"": {""gx"": -11.74, ""gy"": -5.98, ""gz"": 1.98}, ""gps_data"": {""latitude"": 0, ""longitude"": 0, ""gps_altitude"": 0, ""time"": 124740}, ""alt_data"": {""pressure"": 848.99, ""temperature"": 26.47, ""AGL"": 0.85, ""velocity"": 0, ""kalman_altitude"": 0.84, ""kalman_vertical_velocity"": -2.41}, ""chute_state"": {""pyro1_state"": 0, ""pyro2_state"": 0}, ""connection_status"": {""connected"": true, ""has_ever_connected"": true, ""packet_age_ms"": 1, ""timeout_exceeded"": false, ""rssi"": -77}, ""communication_mode"": ""BEACON"", ""timestamp"": 187269, ""packets_received"": 731, ""kalman_data"": {""altitude"": 0.84, ""vertical_velocity"": -2.41}, ""kalman_altitude"": 0.84, ""kalman_vertical_velocity"": -2.41, ""pyroDrogue"": 0, ""pyroMain"": 0, ""pyro1_state"": 0, ""pyro2_state"": 0}"
1764328839.160207,2025-11-28T14:20:39.160207,1414,0,0,-0.48,-0.1,0.87,-28.28,-6.47,-2.53,-8.66,8.29,0,0,0,125140,848.98,26.47,0.88,0,0,0,0,-82,0.86,-2.41,BEACON,"{""record_number"": 1414, ""operation_mode"": 0, ""state"": 0, ""battery_voltage"": 0, ""wifi_rssi"": -82, ""acc_data"": {""ax"": -0.48, ""ay"": -0.1, ""az"": 0.87, ""pitch"": -28.28, ""roll"": -6.47}, ""gyro_data"": {""gx"": -2.53, ""gy"": -8.66, ""gz"": 8.29}, ""gps_data"": {""latitude"": 0, ""longitude"": 0, ""gps_altitude"": 0, ""time"": 125140}, ""alt_data"": {""pressure"": 848.98, ""temperature"": 26.47, ""AGL"": 0.88, ""velocity"": 0, ""kalman_altitude"": 0.86, ""kalman_vertical_velocity"": -2.41}, ""chute_state"": {""pyro1_state"": 0, ""pyro2_state"": 0}, ""connection_status"": {""connected"": true, ""has_ever_connected"": true, ""packet_age_ms"": 1, ""timeout_exceeded"": false, ""rssi"": -82}, ""communication_mode"": ""BEACON"", ""timestamp"": 187493, ""packets_received"": 732, ""kalman_data"": {""altitude"": 0.86, ""vertical_velocity"": -2.41}, ""kalman_altitude"": 0.86, ""kalman_vertical_velocity"": -2.41, ""pyroDrogue"": 0, ""pyroMain"": 0, ""pyro1_state"": 0, ""pyro2_state"": 0}"
1764328839.451809,2025-11-28T14:20:39.451809,1415,0,0,-0.5,-0.08,0.86,-29.95,-5.32,22.59,-21.28,-12.26,0,0,0,125140,848.99,26.47,0.84,0,0,0,0,-83,0.84,-2.41,BEACON,"{""record_number"": 1415, ""operation_mode"": 0, ""state"": 0, ""battery_voltage"": 0, ""wifi_rssi"": -83, ""acc_data"": {""ax"": -0.5, ""ay"": -0.08, ""az"": 0.86, ""pitch"": -29.95, ""roll"": -5.32}, ""gyro_data"": {""gx"": 22.59, ""gy"": -21.28, ""gz"": -12.26}, ""gps_data"": {""latitude"": 0, ""longitude"": 0, ""gps_altitude"": 0, ""time"": 125140}, ""alt_data"": {""pressure"": 848.99, ""temperature"": 26.47, ""AGL"": 0.84, ""velocity"": 0, ""kalman_altitude"": 0.84, ""kalman_vertical_velocity"": -2.41}, ""chute_state"": {""pyro1_state"": 0, ""pyro2_state"": 0}, ""connection_status"": {""connected"": true, ""has_ever_connected"": true, ""packet_age_ms"": 0, ""timeout_exceeded"": false, ""rssi"": -83}, ""communication_mode"": ""BEACON"", ""timestamp"": 187607, ""packets_received"": 733, ""kalman_data"": {""altitude"": 0.84, ""vertical_velocity"": -2.41}, ""kalman_altitude"": 0.84, ""kalman_vertical_velocity"": -2.41, ""pyroDrogue"": 0, ""pyroMain"": 0, ""pyro1_state"": 0, ""pyro2_state"": 0}"
1764328839.614785,2025-11-28T14:20:39.614785,1417,0,0,-0.49,-0.09,0.89,-29.53,-5.39,-63.11,-35.95,-55.21,0,0,0,125340,849,26.47,0.73,0,0,0,0,-80,0.74,-2.45,BEACON,"{""record_number"": 1417, ""operation_mode"": 0, ""state"": 0, ""battery_voltage"": 0, ""wifi_rssi"": -80, ""acc_data"": {""ax"": -0.49, ""ay"": -0.09, ""az"": 0.89, ""pitch"": -29.53, ""roll"": -5.39}, ""gyro_data"": {""gx"": -63.11, ""gy"": -35.95, ""gz"": -55.21}, ""gps_data"": {""latitude"": 0, ""longitude"": 0, ""gps_altitude"": 0, ""time"": 125340}, ""alt_data"": {""pressure"": 849, ""temperature"": 26.47, ""AGL"": 0.73, ""velocity"": 0, ""kalman_altitude"": 0.74, ""kalman_vertical_velocity"": -2.45}, ""chute_state"": {""pyro1_state"": 0, ""pyro2_state"": 0}, ""connection_status"": {""connected"": true, ""has_ever_connected"": true, ""packet_age_ms"": 0, ""timeout_exceeded"": false, ""rssi"": -80}, ""communication_mode"": ""BEACON"", ""timestamp"": 187720, ""packets_received"": 734, ""kalman_data"": {""altitude"": 0.74, ""vertical_velocity"": -2.45}, ""kalman_altitude"": 0.74, ""kalman_vertical_velocity"": -2.45, ""pyroDrogue"": 0, ""pyroMain"": 0, ""pyro1_state"": 0, ""pyro2_state"": 0}"
1764328839.701832,2025-11-28T14:20:39.701832,1419,0,0,-0.57,-0.18,0.81,-35.03,-11.62,-117.23,36.46,45,0,0,0,125540,848.97,26.47,0.99,0,0,0,0,-83,0.99,-2.38,BEACON,"{""record_number"": 1419, ""operation_mode"": 0, ""state"": 0, ""battery_voltage"": 0, ""wifi_rssi"": -83, ""acc_data"": {""ax"": -0.57, ""ay"": -0.18, ""az"": 0.81, ""pitch"": -35.03, ""roll"": -11.62}, ""gyro_data"": {""gx"": -117.23, ""gy"": 36.46, ""gz"": 45}, ""gps_data"": {""latitude"": 0, ""longitude"": 0, ""gps_altitude"": 0, ""time"": 125540}, ""alt_data"": {""pressure"": 848.97, ""temperature"": 26.47, ""AGL"": 0.99, ""velocity"": 0, ""kalman_altitude"": 0.99, ""kalman_vertical_velocity"": -2.38}, ""chute_state"": {""pyro1_state"": 0, ""pyro2_state"": 0}, ""connection_status"": {""connected"": true, ""has_ever_connected"": true, ""packet_age_ms"": 0, ""timeout_exceeded"": false, ""rssi"": -83}, ""communication_mode"": ""BEACON"", ""timestamp"": 187945, ""packets_received"": 735, ""kalman_data"": {""altitude"": 0.99, ""vertical_velocity"": -2.38}, ""kalman_altitude"": 0.99, ""kalman_vertical_velocity"": -2.38, ""pyroDrogue"": 0, ""pyroMain"": 0, ""pyro1_state"": 0, ""pyro2_state"": 0}"
1764328839.780901,2025-11-28T14:20:39.780901,1422,0,0,-0.47,-0.22,0.73,-29.82,-16.35,33.41,132.68,-198.23,0,0,0,125745,848.97,26.46,1.07,0,0,0,0,-84,1.07,-2.36,BEACON,"{""record_number"": 1422, ""operation_mode"": 0, ""state"": 0, ""battery_voltage"": 0, ""wifi_rssi"": -84, ""acc_data"": {""ax"": -0.47, ""ay"": -0.22, ""az"": 0.73, ""pitch"": -29.82, ""roll"": -16.35}, ""gyro_data"": {""gx"": 33.41, ""gy"": 132.68, ""gz"": -198.23}, ""gps_data"": {""latitude"": 0, ""longitude"": 0, ""gps_altitude"": 0, ""time"": 125745}, ""alt_data"": {""pressure"": 848.97, ""temperature"": 26.46, ""AGL"": 1.07, ""velocity"": 0, ""kalman_altitude"": 1.07, ""kalman_vertical_velocity"": -2.36}, ""chute_state"": {""pyro1_state"": 0, ""pyro2_state"": 0}, ""connection_status"": {""connected"": true, ""has_ever_connected"": true, ""packet_age_ms"": 0, ""timeout_exceeded"": false, ""rssi"": -84}, ""communication_mode"": ""BEACON"", ""timestamp"": 188171, ""packets_received"": 736, ""kalman_data"": {""altitude"": 1.07, ""vertical_velocity"": -2.36}, ""kalman_altitude"": 1.07, ""kalman_vertical_velocity"": -2.36, ""pyroDrogue"": 0, ""pyroMain"": 0, ""pyro1_state"": 0, ""pyro2_state"": 0}"
1764328839.860008,2025-11-28T14:20:39.860008,1423,0,0,-0.78,-0.14,0.76,-51.26,-10.03,-17.53,204.33,67.32,0,0,0,125945,848.99,26.47,0.84,0,0,0,0,-86,0.85,-2.43,BEACON,"{""record_number"": 1423, ""operation_mode"": 0, ""state"": 0, ""battery_voltage"": 0, ""wifi_rssi"": -86, ""acc_data"": {""ax"": -0.78, ""ay"": -0.14, ""az"": 0.76, ""pitch"": -51.26, ""roll"": -10.03}, ""gyro_data"": {""gx"": -17.53, ""gy"": 204.33, ""gz"": 67.32}, ""gps_data"": {""latitude"": 0, ""longitude"": 0, ""gps_altitude"": 0, ""time"": 125945}, ""alt_data"": {""pressure"": 848.99, ""temperature"": 26.47, ""AGL"": 0.84, ""velocity"": 0, ""kalman_altitude"": 0.85, ""kalman_vertical_velocity"": -2.43}, ""chute_state"": {""pyro1_state"": 0, ""pyro2_state"": 0}, ""connection_status"": {""connected"": true, ""has_ever_connected"": true, ""packet_age_ms"": 0, ""timeout_exceeded"": false, ""rssi"": -86}, ""communication_mode"": ""BEACON"", ""timestamp"": 188283, ""packets_received"": 737, ""kalman_data"": {""altitude"": 0.85, ""vertical_velocity"": -2.43}, ""kalman_altitude"": 0.85, ""kalman_vertical_velocity"": -2.43, ""pyroDrogue"": 0, ""pyroMain"": 0, ""pyro1_state"": 0, ""pyro2_state"": 0}"
1764328839.907994,2025-11-28T14:20:39.907994,1426,0,0,-0.59,0.02,0.69,-36.33,1.99,-65.95,64.85,25.03,0,0,0,126145,848.99,26.48,0.83,0,0,0,0,-77,0.85,-2.45,BEACON,"{""record_number"": 1426, ""operation_mode"": 0, ""state"": 0, ""battery_voltage"": 0, ""wifi_rssi"": -77, ""acc_data"": {""ax"": -0.59, ""ay"": 0.02, ""az"": 0.69, ""pitch"": -36.33, ""roll"": 1.99}, ""gyro_data"": {""gx"": -65.95, ""gy"": 64.85, ""gz"": 25.03}, ""gps_data"": {""latitude"": 0, ""longitude"": 0, ""gps_altitude"": 0, ""time"": 126145}, ""alt_data"": {""pressure"": 848.99, ""temperature"": 26.48, ""AGL"": 0.83, ""velocity"": 0, ""kalman_altitude"": 0.85, ""kalman_vertical_velocity"": -2.45}, ""chute_state"": {""pyro1_state"": 0, ""pyro2_state"": 0}, ""connection_status"": {""connected"": true, ""has_ever_connected"": true, ""packet_age_ms"": 1, ""timeout_exceeded"": false, ""rssi"": -77}, ""communication_mode"": ""BEACON"", ""timestamp"": 188509, ""packets_received"": 738, ""kalman_data"": {""altitude"": 0.85, ""vertical_velocity"": -2.45}, ""kalman_altitude"": 0.85, ""kalman_vertical_velocity"": -2.45, ""pyroDrogue"": 0, ""pyroMain"": 0, ""pyro1_state"": 0, ""pyro2_state"": 0}"
1764328840.003523,2025-11-28T14:20:40.003523,1427,0,0,-0.59,0.03,0.5,-36.68,4.25,-91.92,222.71,-28.6,0,0,0,126145,848.99,26.47,0.84,0,0,0,0,-75,0.84,-2.46,BEACON,"{""record_number"": 1427, ""operation_mode"": 0, ""state"": 0, ""battery_voltage"": 0, ""wifi_rssi"": -75, ""acc_data"": {""ax"": -0.59, ""ay"": 0.03, ""az"": 0.5, ""pitch"": -36.68, ""roll"": 4.25}, ""gyro_data"": {""gx"": -91.92, ""gy"": 222.71, ""gz"": -28.6}, ""gps_data"": {""latitude"": 0, ""longitude"": 0, ""gps_altitude"": 0, ""time"": 126145}, ""alt_data"": {""pressure"": 848.99, ""temperature"": 26.47, ""AGL"": 0.84, ""velocity"": 0, ""kalman_altitude"": 0.84, ""kalman_vertical_velocity"": -2.46}, ""chute_state"": {""pyro1_state"": 0, ""pyro2_state"": 0}, ""connection_status"": {""connected"": true, ""has_ever_connected"": true, ""packet_age_ms"": 0, ""timeout_exceeded"": false, ""rssi"": -75}, ""communication_mode"": ""BEACON"", ""timestamp"": 188620, ""packets_received"": 739, ""kalman_data"": {""altitude"": 0.84, ""vertical_velocity"": -2.46}, ""kalman_altitude"": 0.84, ""kalman_vertical_velocity"": -2.46, ""pyroDrogue"": 0, ""pyroMain"": 0, ""pyro1_state"": 0, ""pyro2_state"": 0}"
1764328840.239547,2025-11-28T14:20:40.239547,1431,0,0,-0.81,-0.18,0.59,-51.58,-18.06,-104.18,143.66,247.07,0,0,0,126545,848.95,26.49,1.18,0,0,0,0,-83,1.19,-2.39,BEACON,"{""record_number"": 1431, ""operation_mode"": 0, ""state"": 0, ""battery_voltage"": 0, ""wifi_rssi"": -83, ""acc_data"": {""ax"": -0.81, ""ay"": -0.18, ""az"": 0.59, ""pitch"": -51.58, ""roll"": -18.06}, ""gyro_data"": {""gx"": -104.18, ""gy"": 143.66, ""gz"": 247.07}, ""gps_data"": {""latitude"": 0, ""longitude"": 0, ""gps_altitude"": 0, ""time"": 126545}, ""alt_data"": {""pressure"": 848.95, ""temperature"": 26.49, ""AGL"": 1.18, ""velocity"": 0, ""kalman_altitude"": 1.19, ""kalman_vertical_velocity"": -2.39}, ""chute_state"": {""pyro1_state"": 0, ""pyro2_state"": 0}, ""connection_status"": {""connected"": true, ""has_ever_connected"": true, ""packet_age_ms"": 0, ""timeout_exceeded"": false, ""rssi"": -83}, ""communication_mode"": ""BEACON"", ""timestamp"": 188961, ""packets_received"": 740, ""kalman_data"": {""altitude"": 1.19, ""vertical_velocity"": -2.39}, ""kalman_altitude"": 1.19, ""kalman_vertical_velocity"": -2.39, ""pyroDrogue"": 0, ""pyroMain"": 0, ""pyro1_state"": 0, ""pyro2_state"": 0}"
1764328840.440045,2025-11-28T14:20:40.440045,1433,0,0,-0.7,0.13,0.47,-44.62,15.36,70.12,59.48,189.7,0,0,0,126545,849,26.49,0.75,0,0,0,0,-78,0.78,-2.53,BEACON,"{""record_number"": 1433, ""operation_mode"": 0, ""state"": 0, ""battery_voltage"": 0, ""wifi_rssi"": -78, ""acc_data"": {""ax"": -0.7, ""ay"": 0.13, ""az"": 0.47, ""pitch"": -44.62, ""roll"": 15.36}, ""gyro_data"": {""gx"": 70.12, ""gy"": 59.48, ""gz"": 189.7}, ""gps_data"": {""latitude"": 0, ""longitude"": 0, ""gps_altitude"": 0, ""time"": 126545}, ""alt_data"": {""pressure"": 849, ""temperature"": 26.49, ""AGL"": 0.75, ""velocity"": 0, ""kalman_altitude"": 0.78, ""kalman_vertical_velocity"": -2.53}, ""chute_state"": {""pyro1_state"": 0, ""pyro2_state"": 0}, ""connection_status"": {""connected"": true, ""has_ever_connected"": true, ""packet_age_ms"": 0, ""timeout_exceeded"": false, ""rssi"": -78}, ""communication_mode"": ""BEACON"", ""timestamp"": 189071, ""packets_received"": 741, ""kalman_data"": {""altitude"": 0.78, ""vertical_velocity"": -2.53}, ""kalman_altitude"": 0.78, ""kalman_vertical_velocity"": -2.53, ""pyroDrogue"": 0, ""pyroMain"": 0, ""pyro1_state"": 0, ""pyro2_state"": 0}"
1764328842.450699,2025-11-28T14:20:42.450699,1471,0,0,-0.6,-0.21,0.72,-36.51,-15.6,6.68,18.99,7.1,0,0,0,129967,848.95,26.45,1.27,0,0,0,0,-87,1.25,-2.58,BEACON,"{""record_number"": 1471, ""operation_mode"": 0, ""state"": 0, ""battery_voltage"": 0, ""wifi_rssi"": -87, ""acc_data"": {""ax"": -0.6, ""ay"": -0.21, ""az"": 0.72, ""pitch"": -36.51, ""roll"": -15.6}, ""gyro_data"": {""gx"": 6.68, ""gy"": 18.99, ""gz"": 7.1}, ""gps_data"": {""latitude"": 0, ""longitude"": 0, ""gps_altitude"": 0, ""time"": 129967}, ""alt_data"": {""pressure"": 848.95, ""temperature"": 26.45, ""AGL"": 1.27, ""velocity"": 0, ""kalman_altitude"": 1.25, ""kalman_vertical_velocity"": -2.58}, ""chute_state"": {""pyro1_state"": 0, ""pyro2_state"": 0}, ""connection_status"": {""connected"": true, ""has_ever_connected"": true, ""packet_age_ms"": 1, ""timeout_exceeded"": false, ""rssi"": -87}, ""communication_mode"": ""BEACON"", ""timestamp"": 192349, ""packets_received"": 742, ""kalman_data"": {""altitude"": 1.25, ""vertical_velocity"": -2.58}, ""kalman_altitude"": 1.25, ""kalman_vertical_velocity"": -2.58, ""pyroDrogue"": 0, ""pyroMain"": 0, ""pyro1_state"": 0, ""pyro2_state"": 0}"
1764328842.519669,2025-11-28T14:20:42.519669,1472,0,0,-0.56,-0.22,0.74,-34.34,-17.32,-31.4,17.9,3.72,0,0,0,129967,848.97,26.46,1,0,0,0,0,-91,0.98,-2.67,BEACON,"{""record_number"": 1472, ""operation_mode"": 0, ""state"": 0, ""battery_voltage"": 0, ""wifi_rssi"": -91, ""acc_data"": {""ax"": -0.56, ""ay"": -0.22, ""az"": 0.74, ""pitch"": -34.34, ""roll"": -17.32}, ""gyro_data"": {""gx"": -31.4, ""gy"": 17.9, ""gz"": 3.72}, ""gps_data"": {""latitude"": 0, ""longitude"": 0, ""gps_altitude"": 0, ""time"": 129967}, ""alt_data"": {""pressure"": 848.97, ""temperature"": 26.46, ""AGL"": 1, ""velocity"": 0, ""kalman_altitude"": 0.98, ""kalman_vertical_velocity"": -2.67}, ""chute_state"": {""pyro1_state"": 0, ""pyro2_state"": 0}, ""connection_status"": {""connected"": true, ""has_ever_connected"": true, ""packet_age_ms"": 1, ""timeout_exceeded"": false, ""rssi"": -91}, ""communication_mode"": ""BEACON"", ""timestamp"": 192463, ""packets_received"": 743, ""kalman_data"": {""altitude"": 0.98, ""vertical_velocity"": -2.67}, ""kalman_altitude"": 0.98, ""kalman_vertical_velocity"": -2.67, ""pyroDrogue"": 0, ""pyroMain"": 0, ""pyro1_state"": 0, ""pyro2_state"": 0}"
1764328842.570249,2025-11-28T14:20:42.570249,1473,0,0,-0.62,-0.27,0.74,-37.56,-20.08,-32.8,-8.57,-15.73,0,0,0,130167,849.02,26.47,0.55,0,0,0,0,-92,0.57,-2.79,BEACON,"{""record_number"": 1473, ""operation_mode"": 0, ""state"": 0, ""battery_voltage"": 0, ""wifi_rssi"": -92, ""acc_data"": {""ax"": -0.62, ""ay"": -0.27, ""az"": 0.74, ""pitch"": -37.56, ""roll"": -20.08}, ""gyro_data"": {""gx"": -32.8, ""gy"": -8.57, ""gz"": -15.73}, ""gps_data"": {""latitude"": 0, ""longitude"": 0, ""gps_altitude"": 0, ""time"": 130167}, ""alt_data"": {""pressure"": 849.02, ""temperature"": 26.47, ""AGL"": 0.55, ""velocity"": 0, ""kalman_altitude"": 0.57, ""kalman_vertical_velocity"": -2.79}, ""chute_state"": {""pyro1_state"": 0, ""pyro2_state"": 0}, ""connection_status"": {""connected"": true, ""has_ever_connected"": true, ""packet_age_ms"": 1, ""timeout_exceeded"": false, ""rssi"": -92}, ""communication_mode"": ""BEACON"", ""timestamp"": 192575, ""packets_received"": 744, ""kalman_data"": {""altitude"": 0.57, ""vertical_velocity"": -2.79}, ""kalman_altitude"": 0.57, ""kalman_vertical_velocity"": -2.79, ""pyroDrogue"": 0, ""pyroMain"": 0, ""pyro1_state"": 0, ""pyro2_state"": 0}"
1764328842.631252,2025-11-28T14:20:42.631252,1479,0,0,-0.6,-0.26,0.66,-37.35,-20.84,-72.29,87.84,-1.95,0,0,0,130567,848.96,26.47,1.14,0,0,0,0,-77,1.12,-2.66,BEACON,"{""record_number"": 1479, ""operation_mode"": 0, ""state"": 0, ""battery_voltage"": 0, ""wifi_rssi"": -77, ""acc_data"": {""ax"": -0.6, ""ay"": -0.26, ""az"": 0.66, ""pitch"": -37.35, ""roll"": -20.84}, ""gyro_data"": {""gx"": -72.29, ""gy"": 87.84, ""gz"": -1.95}, ""gps_data"": {""latitude"": 0, ""longitude"": 0, ""gps_altitude"": 0, ""time"": 130567}, ""alt_data"": {""pressure"": 848.96, ""temperature"": 26.47, ""AGL"": 1.14, ""velocity"": 0, ""kalman_altitude"": 1.12, ""kalman_vertical_velocity"": -2.66}, ""chute_state"": {""pyro1_state"": 0, ""pyro2_state"": 0}, ""connection_status"": {""connected"": true, ""has_ever_connected"": true, ""packet_age_ms"": 0, ""timeout_exceeded"": false, ""rssi"": -77}, ""communication_mode"": ""BEACON"", ""timestamp"": 193030, ""packets_received"": 745, ""kalman_data"": {""altitude"": 1.12, ""vertical_velocity"": -2.66}, ""kalman_altitude"": 1.12, ""kalman_vertical_velocity"": -2.66, ""pyroDrogue"": 0, ""pyroMain"": 0, ""pyro1_state"": 0, ""pyro2_state"": 0}"
1764328842.702248,2025-11-28T14:20:42.702248,1480,0,0,-0.64,-0.3,0.68,-39.13,-24,-132.07,49.12,-6.4,0,0,0,130772,848.97,26.47,0.99,0,0,0,0,-77,0.97,-2.71,BEACON,"{""record_number"": 1480, ""operation_mode"": 0, ""state"": 0, ""battery_voltage"": 0, ""wifi_rssi"": -77, ""acc_data"": {""ax"": -0.64, ""ay"": -0.3, ""az"": 0.68, ""pitch"": -39.13, ""roll"": -24}, ""gyro_data"": {""gx"": -132.07, ""gy"": 49.12, ""gz"": -6.4}, ""gps_data"": {""latitude"": 0, ""longitude"": 0, ""gps_altitude"": 0, ""time"": 130772}, ""alt_data"": {""pressure"": 848.97, ""temperature"": 26.47, ""AGL"": 0.99, ""velocity"": 0, ""kalman_altitude"": 0.97, ""kalman_vertical_velocity"": -2.71}, ""chute_state"": {""pyro1_state"": 0, ""pyro2_state"": 0}, ""connection_status"": {""connected"": true, ""has_ever_connected"": true, ""packet_age_ms"": 1, ""timeout_exceeded"": false, ""rssi"": -77}, ""communication_mode"": ""BEACON"", ""timestamp"": 193140, ""packets_received"": 746, ""kalman_data"": {""altitude"": 0.97, ""vertical_velocity"": -2.71}, ""kalman_altitude"": 0.97, ""kalman_vertical_velocity"": -2.71, ""pyroDrogue"": 0, ""pyroMain"": 0, ""pyro1_state"": 0, ""pyro2_state"": 0}"
1764328842.769101,2025-11-28T14:20:42.769101,1481,0,0,-0.65,-0.32,0.64,-40.74,-27.51,-105.64,33.29,-28.23,0,0,0,130772,848.95,26.47,1.17,0,0,0,0,-78,1.16,-2.66,BEACON,"{""record_number"": 1481, ""operation_mode"": 0, ""state"": 0, ""battery_voltage"": 0, ""wifi_rssi"": -78, ""acc_data"": {""ax"": -0.65, ""ay"": -0.32, ""az"": 0.64, ""pitch"": -40.74, ""roll"": -27.51}, ""gyro_data"": {""gx"": -105.64, ""gy"": 33.29, ""gz"": -28.23}, ""gps_data"": {""latitude"": 0, ""longitude"": 0, ""gps_altitude"": 0, ""time"": 130772}, ""alt_data"": {""pressure"": 848.95, ""temperature"": 26.47, ""AGL"": 1.17, ""velocity"": 0, ""kalman_altitude"": 1.16, ""kalman_vertical_velocity"": -2.66}, ""chute_state"": {""pyro1_state"": 0, ""pyro2_state"": 0}, ""connection_status"": {""connected"": true, ""has_ever_connected"": true, ""packet_age_ms"": 1, ""timeout_exceeded"": false, ""rssi"": -78}, ""communication_mode"": ""BEACON"", ""timestamp"": 193253, ""packets_received"": 747, ""kalman_data"": {""altitude"": 1.16, ""vertical_velocity"": -2.66}, ""kalman_altitude"": 1.16, ""kalman_vertical_velocity"": -2.66, ""pyroDrogue"": 0, ""pyroMain"": 0, ""pyro1_state"": 0, ""pyro2_state"": 0}"
1764328842.836056,2025-11-28T14:20:42.836056,1483,0,0,-0.67,-0.44,0.61,-42.04,-36.68,-77.56,44.94,-33.63,0,0,0,130972,848.99,26.47,0.81,0,0,0,0,-75,0.82,-2.77,BEACON,"{""record_number"": 1483, ""operation_mode"": 0, ""state"": 0, ""battery_voltage"": 0, ""wifi_rssi"": -75, ""acc_data"": {""ax"": -0.67, ""ay"": -0.44, ""az"": 0.61, ""pitch"": -42.04, ""roll"": -36.68}, ""gyro_data"": {""gx"": -77.56, ""gy"": 44.94, ""gz"": -33.63}, ""gps_data"": {""latitude"": 0, ""longitude"": 0, ""gps_altitude"": 0, ""time"": 130972}, ""alt_data"": {""pressure"": 848.99, ""temperature"": 26.47, ""AGL"": 0.81, ""velocity"": 0, ""kalman_altitude"": 0.82, ""kalman_vertical_velocity"": -2.77}, ""chute_state"": {""pyro1_state"": 0, ""pyro2_state"": 0}, ""connection_status"": {""connected"": true, ""has_ever_connected"": true, ""packet_age_ms"": 0, ""timeout_exceeded"": false, ""rssi"": -75}, ""communication_mode"": ""BEACON"", ""timestamp"": 193368, ""packets_received"": 748, ""kalman_data"": {""altitude"": 0.82, ""vertical_velocity"": -2.77}, ""kalman_altitude"": 0.82, ""kalman_vertical_velocity"": -2.77, ""pyroDrogue"": 0, ""pyroMain"": 0, ""pyro1_state"": 0, ""pyro2_state"": 0}"
1764328842.905056,2025-11-28T14:20:42.905056,1484,0,0,-0.66,-0.46,0.59,-41.37,-37.93,-36.49,47.56,-11.83,0,0,0,130972,848.96,26.47,1.13,0,0,0,0,-76,1.13,-2.7,BEACON,"{""record_number"": 1484, ""operation_mode"": 0, ""state"": 0, ""battery_voltage"": 0, ""wifi_rssi"": -76, ""acc_data"": {""ax"": -0.66, ""ay"": -0.46, ""az"": 0.59, ""pitch"": -41.37, ""roll"": -37.93}, ""gyro_data"": {""gx"": -36.49, ""gy"": 47.56, ""gz"": -11.83}, ""gps_data"": {""latitude"": 0, ""longitude"": 0, ""gps_altitude"": 0, ""time"": 130972}, ""alt_data"": {""pressure"": 848.96, ""temperature"": 26.47, ""AGL"": 1.13, ""velocity"": 0, ""kalman_altitude"": 1.13, ""kalman_vertical_velocity"": -2.7}, ""chute_state"": {""pyro1_state"": 0, ""pyro2_state"": 0}, ""connection_status"": {""connected"": true, ""has_ever_connected"": true, ""packet_age_ms"": 0, ""timeout_exceeded"": false, ""rssi"": -76}, ""communication_mode"": ""BEACON"", ""timestamp"": 193480, ""packets_received"": 749, ""kalman_data"": {""altitude"": 1.13, ""vertical_velocity"": -2.7}, ""kalman_altitude"": 1.13, ""kalman_vertical_velocity"": -2.7, ""pyroDrogue"": 0, ""pyroMain"": 0, ""pyro1_state"": 0, ""pyro2_state"": 0}"
1764328842.987452,2025-11-28T14:20:42.987452,1485,0,0,-0.64,-0.47,0.55,-39.31,-40.24,22.47,15.27,-12.16,0,0,0,131172,848.96,26.47,1.13,0,0,0,0,-78,1.13,-2.71,BEACON,"{""record_number"": 1485, ""operation_mode"": 0, ""state"": 0, ""battery_voltage"": 0, ""wifi_rssi"": -78, ""acc_data"": {""ax"": -0.64, ""ay"": -0.47, ""az"": 0.55, ""pitch"": -39.31, ""roll"": -40.24}, ""gyro_data"": {""gx"": 22.47, ""gy"": 15.27, ""gz"": -12.16}, ""gps_data"": {""latitude"": 0, ""longitude"": 0, ""gps_altitude"": 0, ""time"": 131172}, ""alt_data"": {""pressure"": 848.96, ""temperature"": 26.47, ""AGL"": 1.13, ""velocity"": 0, ""kalman_altitude"": 1.13, ""kalman_vertical_velocity"": -2.71}, ""chute_state"": {""pyro1_state"": 0, ""pyro2_state"": 0}, ""connection_status"": {""connected"": true, ""has_ever_connected"": true, ""packet_age_ms"": 1, ""timeout_exceeded"": false, ""rssi"": -78}, ""communication_mode"": ""BEACON"", ""timestamp"": 193593, ""packets_received"": 750, ""kalman_data"": {""altitude"": 1.13, ""vertical_velocity"": -2.71}, ""kalman_altitude"": 1.13, ""kalman_vertical_velocity"": -2.71, ""pyroDrogue"": 0, ""pyroMain"": 0, ""pyro1_state"": 0, ""pyro2_state"": 0}"
1764328843.037984,2025-11-28T14:20:43.037984,1486,0,0,-0.62,-0.46,0.57,-39.49,-39.21,17.77,4.45,-55.85,0,0,0,131172,848.96,26.47,1.09,0,0,0,0,-77,1.09,-2.73,BEACON,"{""record_number"": 1486, ""operation_mode"": 0, ""state"": 0, ""battery_voltage"": 0, ""wifi_rssi"": -77, ""acc_data"": {""ax"": -0.62, ""ay"": -0.46, ""az"": 0.57, ""pitch"": -39.49, ""roll"": -39.21}, ""gyro_data"": {""gx"": 17.77, ""gy"": 4.45, ""gz"": -55.85}, ""gps_data"": {""latitude"": 0, ""longitude"": 0, ""gps_altitude"": 0, ""time"": 131172}, ""alt_data"": {""pressure"": 848.96, ""temperature"": 26.47, ""AGL"": 1.09, ""velocity"": 0, ""kalman_altitude"": 1.09, ""kalman_vertical_velocity"": -2.73}, ""chute_state"": {""pyro1_state"": 0, ""pyro2_state"": 0}, ""connection_status"": {""connected"": true, ""has_ever_connected"": true, ""packet_age_ms"": 1, ""timeout_exceeded"": false, ""rssi"": -77}, ""communication_mode"": ""BEACON"", ""timestamp"": 193709, ""packets_received"": 751, ""kalman_data"": {""altitude"": 1.09, ""vertical_velocity"": -2.73}, ""kalman_altitude"": 1.09, ""kalman_vertical_velocity"": -2.73, ""pyroDrogue"": 0, ""pyroMain"": 0, ""pyro1_state"": 0, ""pyro2_state"": 0}"
1764328843.126161,2025-11-28T14:20:43.126161,1488,0,0,-0.65,-0.36,0.56,-40.96,-32.56,40.27,17.32,-38.87,0,0,0,131372,848.97,26.47,1.02,0,0,0,0,-78,1.01,-2.77,BEACON,"{""record_number"": 1488, ""operation_mode"": 0, ""state"": 0, ""battery_voltage"": 0, ""wifi_rssi"": -78, ""acc_data"": {""ax"": -0.65, ""ay"": -0.36, ""az"": 0.56, ""pitch"": -40.96, ""roll"": -32.56}, ""gyro_data"": {""gx"": 40.27, ""gy"": 17.32, ""gz"": -38.87}, ""gps_data"": {""latitude"": 0, ""longitude"": 0, ""gps_altitude"": 0, ""time"": 131372}, ""alt_data"": {""pressure"": 848.97, ""temperature"": 26.47, ""AGL"": 1.02, ""velocity"": 0, ""kalman_altitude"": 1.01, ""kalman_vertical_velocity"": -2.77}, ""chute_state"": {""pyro1_state"": 0, ""pyro2_state"": 0}, ""connection_status"": {""connected"": true, ""has_ever_connected"": true, ""packet_age_ms"": 1, ""timeout_exceeded"": false, ""rssi"": -78}, ""communication_mode"": ""BEACON"", ""timestamp"": 193819, ""packets_received"": 752, ""kalman_data"": {""altitude"": 1.01, ""vertical_velocity"": -2.77}, ""kalman_altitude"": 1.01, ""kalman_vertical_velocity"": -2.77, ""pyroDrogue"": 0, ""pyroMain"": 0, ""pyro1_state"": 0, ""pyro2_state"": 0}"
1764328843.476865,2025-11-28T14:20:43.476865,1490,0,0,-0.68,-0.36,0.6,-42.68,-30.7,-39.09,-10.88,-31.55,0,0,0,131572,848.95,26.47,1.24,0,0,0,0,-78,1.22,-2.72,BEACON,"{""record_number"": 1490, ""operation_mode"": 0, ""state"": 0, ""battery_voltage"": 0, ""wifi_rssi"": -78, ""acc_data"": {""ax"": -0.68, ""ay"": -0.36, ""az"": 0.6, ""pitch"": -42.68, ""roll"": -30.7}, ""gyro_data"": {""gx"": -39.09, ""gy"": -10.88, ""gz"": -31.55}, ""gps_data"": {""latitude"": 0, ""longitude"": 0, ""gps_altitude"": 0, ""time"": 131572}, ""alt_data"": {""pressure"": 848.95, ""temperature"": 26.47, ""AGL"": 1.24, ""velocity"": 0, ""kalman_altitude"": 1.22, ""kalman_vertical_velocity"": -2.72}, ""chute_state"": {""pyro1_state"": 0, ""pyro2_state"": 0}, ""connection_status"": {""connected"": true, ""has_ever_connected"": true, ""packet_age_ms"": 0, ""timeout_exceeded"": false, ""rssi"": -78}, ""communication_mode"": ""BEACON"", ""timestamp"": 194046, ""packets_received"": 753, ""kalman_data"": {""altitude"": 1.22, ""vertical_velocity"": -2.72}, ""kalman_altitude"": 1.22, ""kalman_vertical_velocity"": -2.72, ""pyroDrogue"": 0, ""pyroMain"": 0, ""pyro1_state"": 0, ""pyro2_state"": 0}"
1764328843.599988,2025-11-28T14:20:43.599988,1493,0,0,-0.64,-0.46,0.58,-39.24,-38.89,-65.15,-24.39,31.68,0,0,0,131777,848.99,26.48,0.83,0,0,0,0,-78,0.87,-2.85,BEACON,"{""record_number"": 1493, ""operation_mode"": 0, ""state"": 0, ""battery_voltage"": 0, ""wifi_rssi"": -78, ""acc_data"": {""ax"": -0.64, ""ay"": -0.46, ""az"": 0.58, ""pitch"": -39.24, ""roll"": -38.89}, ""gyro_data"": {""gx"": -65.15, ""gy"": -24.39, ""gz"": 31.68}, ""gps_data"": {""latitude"": 0, ""longitude"": 0, ""gps_altitude"": 0, ""time"": 131777}, ""alt_data"": {""pressure"": 848.99, ""temperature"": 26.48, ""AGL"": 0.83, ""velocity"": 0, ""kalman_altitude"": 0.87, ""kalman_vertical_velocity"": -2.85}, ""chute_state"": {""pyro1_state"": 0, ""pyro2_state"": 0}, ""connection_status"": {""connected"": true, ""has_ever_connected"": true, ""packet_age_ms"": 0, ""timeout_exceeded"": false, ""rssi"": -78}, ""communication_mode"": ""BEACON"", ""timestamp"": 194271, ""packets_received"": 754, ""kalman_data"": {""altitude"": 0.87, ""vertical_velocity"": -2.85}, ""kalman_altitude"": 0.87, ""kalman_vertical_velocity"": -2.85, ""pyroDrogue"": 0, ""pyroMain"": 0, ""pyro1_state"": 0, ""pyro2_state"": 0}"
1764328843.718795,2025-11-28T14:20:43.718795,1494,0,0,-0.63,-0.46,0.55,-39.2,-39.7,-35.79,-15.12,43.48,0,0,0,131977,848.95,26.48,1.19,0,0,0,0,-74,1.18,-2.77,BEACON,"{""record_number"": 1494, ""operation_mode"": 0, ""state"": 0, ""battery_voltage"": 0, ""wifi_rssi"": -74, ""acc_data"": {""ax"": -0.63, ""ay"": -0.46, ""az"": 0.55, ""pitch"": -39.2, ""roll"": -39.7}, ""gyro_data"": {""gx"": -35.79, ""gy"": -15.12, ""gz"": 43.48}, ""gps_data"": {""latitude"": 0, ""longitude"": 0, ""gps_altitude"": 0, ""time"": 131977}, ""alt_data"": {""pressure"": 848.95, ""temperature"": 26.48, ""AGL"": 1.19, ""velocity"": 0, ""kalman_altitude"": 1.18, ""kalman_vertical_velocity"": -2.77}, ""chute_state"": {""pyro1_state"": 0, ""pyro2_state"": 0}, ""connection_status"": {""connected"": true, ""has_ever_connected"": true, ""packet_age_ms"": 0, ""timeout_exceeded"": false, ""rssi"": -74}, ""communication_mode"": ""BEACON"", ""timestamp"": 194385, ""packets_received"": 755, ""kalman_data"": {""altitude"": 1.18, ""vertical_velocity"": -2.77}, ""kalman_altitude"": 1.18, ""kalman_vertical_velocity"": -2.77, ""pyroDrogue"": 0, ""pyroMain"": 0, ""pyro1_state"": 0, ""pyro2_state"": 0}"
1764328843.774009,2025-11-28T14:20:43.774009,1496,0,0,-0.64,-0.46,0.55,-40.44,-40.31,-18.66,-18.96,28.69,0,0,0,131977,848.94,26.47,1.34,0,0,0,0,-77,1.34,-2.74,BEACON,"{""record_number"": 1496, ""operation_mode"": 0, ""state"": 0, ""battery_voltage"": 0, ""wifi_rssi"": -77, ""acc_data"": {""ax"": -0.64, ""ay"": -0.46, ""az"": 0.55, ""pitch"": -40.44, ""roll"": -40.31}, ""gyro_data"": {""gx"": -18.66, ""gy"": -18.96, ""gz"": 28.69}, ""gps_data"": {""latitude"": 0, ""longitude"": 0, ""gps_altitude"": 0, ""time"": 131977}, ""alt_data"": {""pressure"": 848.94, ""temperature"": 26.47, ""AGL"": 1.34, ""velocity"": 0, ""kalman_altitude"": 1.34, ""kalman_vertical_velocity"": -2.74}, ""chute_state"": {""pyro1_state"": 0, ""pyro2_state"": 0}, ""connection_status"": {""connected"": true, ""has_ever_connected"": true, ""packet_age_ms"": 0, ""timeout_exceeded"": false, ""rssi"": -77}, ""communication_mode"": ""BEACON"", ""timestamp"": 194500, ""packets_received"": 756, ""kalman_data"": {""altitude"": 1.34, ""vertical_velocity"": -2.74}, ""kalman_altitude"": 1.34, ""kalman_vertical_velocity"": -2.74, ""pyroDrogue"": 0, ""pyroMain"": 0, ""pyro1_state"": 0, ""pyro2_state"": 0}"
1764328843.919926,2025-11-28T14:20:43.919926,1497,0,0,-0.65,-0.46,0.57,-40.15,-39.21,-4.24,-17.96,18.48,0,0,0,132177,849,26.49,0.68,0,0,0,0,-76,0.71,-2.94,BEACON,"{""record_number"": 1497, ""operation_mode"": 0, ""state"": 0, ""battery_voltage"": 0, ""wifi_rssi"": -76, ""acc_data"": {""ax"": -0.65, ""ay"": -0.46, ""az"": 0.57, ""pitch"": -40.15, ""roll"": -39.21}, ""gyro_data"": {""gx"": -4.24, ""gy"": -17.96, ""gz"": 18.48}, ""gps_data"": {""latitude"": 0, ""longitude"": 0, ""gps_altitude"": 0, ""time"": 132177}, ""alt_data"": {""pressure"": 849, ""temperature"": 26.49, ""AGL"": 0.68, ""velocity"": 0, ""kalman_altitude"": 0.71, ""kalman_vertical_velocity"": -2.94}, ""chute_state"": {""pyro1_state"": 0, ""pyro2_state"": 0}, ""connection_status"": {""connected"": true, ""has_ever_connected"": true, ""packet_age_ms"": 0, ""timeout_exceeded"": false, ""rssi"": -76}, ""communication_mode"": ""BEACON"", ""timestamp"": 194612, ""packets_received"": 757, ""kalman_data"": {""altitude"": 0.71, ""vertical_velocity"": -2.94}, ""kalman_altitude"": 0.71, ""kalman_vertical_velocity"": -2.94, ""pyroDrogue"": 0, ""pyroMain"": 0, ""pyro1_state"": 0, ""pyro2_state"": 0}"
1764328844.013475,2025-11-28T14:20:44.013475,1498,0,0,-0.64,-0.44,0.54,-40.15,-38.87,-9.76,-9.27,6.68,0,0,0,132376,848.96,26.47,1.09,0,0,0,0,-75,1.07,-2.84,BEACON,"{""record_number"": 1498, ""operation_mode"": 0, ""state"": 0, ""battery_voltage"": 0, ""wifi_rssi"": -75, ""acc_data"": {""ax"": -0.64, ""ay"": -0.44, ""az"": 0.54, ""pitch"": -40.15, ""roll"": -38.87}, ""gyro_data"": {""gx"": -9.76, ""gy"": -9.27, ""gz"": 6.68}, ""gps_data"": {""latitude"": 0, ""longitude"": 0, ""gps_altitude"": 0, ""time"": 132376}, ""alt_data"": {""pressure"": 848.96, ""temperature"": 26.47, ""AGL"": 1.09, ""velocity"": 0, ""kalman_altitude"": 1.07, ""kalman_vertical_velocity"": -2.84}, ""chute_state"": {""pyro1_state"": 0, ""pyro2_state"": 0}, ""connection_status"": {""connected"": true, ""has_ever_connected"": true, ""packet_age_ms"": 0, ""timeout_exceeded"": false, ""rssi"": -75}, ""communication_mode"": ""BEACON"", ""timestamp"": 194728, ""packets_received"": 758, ""kalman_data"": {""altitude"": 1.07, ""vertical_velocity"": -2.84}, ""kalman_altitude"": 1.07, ""kalman_vertical_velocity"": -2.84, ""pyroDrogue"": 0, ""pyroMain"": 0, ""pyro1_state"": 0, ""pyro2_state"": 0}"
1764328844.109096,2025-11-28T14:20:44.109096,1500,0,0,-0.64,-0.47,0.57,-40,-39.28,-10.64,-3.84,-22.44,0,0,0,132376,849.04,26.49,0.36,0,0,0,0,-76,0.39,-3.05,BEACON,"{""record_number"": 1500, ""operation_mode"": 0, ""state"": 0, ""battery_voltage"": 0, ""wifi_rssi"": -76, ""acc_data"": {""ax"": -0.64, ""ay"": -0.47, ""az"": 0.57, ""pitch"": -40, ""roll"": -39.28}, ""gyro_data"": {""gx"": -10.64, ""gy"": -3.84, ""gz"": -22.44}, ""gps_data"": {""latitude"": 0, ""longitude"": 0, ""gps_altitude"": 0, ""time"": 132376}, ""alt_data"": {""pressure"": 849.04, ""temperature"": 26.49, ""AGL"": 0.36, ""velocity"": 0, ""kalman_altitude"": 0.39, ""kalman_vertical_velocity"": -3.05}, ""chute_state"": {""pyro1_state"": 0, ""pyro2_state"": 0}, ""connection_status"": {""connected"": true, ""has_ever_connected"": true, ""packet_age_ms"": 1, ""timeout_exceeded"": false, ""rssi"": -76}, ""communication_mode"": ""BEACON"", ""timestamp"": 194837, ""packets_received"": 759, ""kalman_data"": {""altitude"": 0.39, ""vertical_velocity"": -3.05}, ""kalman_altitude"": 0.39, ""kalman_vertical_velocity"": -3.05, ""pyroDrogue"": 0, ""pyroMain"": 0, ""pyro1_state"": 0, ""pyro2_state"": 0}"
1764328844.251862,2025-11-28T14:20:44.251862,1501,0,0,-0.64,-0.44,0.58,-40.63,-36.75,22.93,2.01,-13.78,0,0,0,132577,848.98,26.47,0.95,0,0,0,0,-76,0.94,-2.9,BEACON,"{""record_number"": 1501, ""operation_mode"": 0, ""state"": 0, ""battery_voltage"": 0, ""wifi_rssi"": -76, ""acc_data"": {""ax"": -0.64, ""ay"": -0.44, ""az"": 0.58, ""pitch"": -40.63, ""roll"": -36.75}, ""gyro_data"": {""gx"": 22.93, ""gy"": 2.01, ""gz"": -13.78}, ""gps_data"": {""latitude"": 0, ""longitude"": 0, ""gps_altitude"": 0, ""time"": 132577}, ""alt_data"": {""pressure"": 848.98, ""temperature"": 26.47, ""AGL"": 0.95, ""velocity"": 0, ""kalman_altitude"": 0.94, ""kalman_vertical_velocity"": -2.9}, ""chute_state"": {""pyro1_state"": 0, ""pyro2_state"": 0}, ""connection_status"": {""connected"": true, ""has_ever_connected"": true, ""packet_age_ms"": 0, ""timeout_exceeded"": false, ""rssi"": -76}, ""communication_mode"": ""BEACON"", ""timestamp"": 194950, ""packets_received"": 760, ""kalman_data"": {""altitude"": 0.94, ""vertical_velocity"": -2.9}, ""kalman_altitude"": 0.94, ""kalman_vertical_velocity"": -2.9, ""pyroDrogue"": 0, ""pyroMain"": 0, ""pyro1_state"": 0, ""pyro2_state"": 0}"
1764328844.353256,2025-11-28T14:20:44.353256,1502,0,0,-0.66,-0.42,0.58,-41.48,-36.6,29.48,-12.23,-11.43,0,0,0,132577,848.98,26.47,0.91,0,0,0,0,-76,0.91,-2.92,BEACON,"{""record_number"": 1502, ""operation_mode"": 0, ""state"": 0, ""battery_voltage"": 0, ""wifi_rssi"": -76, ""acc_data"": {""ax"": -0.66, ""ay"": -0.42, ""az"": 0.58, ""pitch"": -41.48, ""roll"": -36.6}, ""gyro_data"": {""gx"": 29.48, ""gy"": -12.23, ""gz"": -11.43}, ""gps_data"": {""latitude"": 0, ""longitude"": 0, ""gps_altitude"": 0, ""time"": 132577}, ""alt_data"": {""pressure"": 848.98, ""temperature"": 26.47, ""AGL"": 0.91, ""velocity"": 0, ""kalman_altitude"": 0.91, ""kalman_vertical_velocity"": -2.92}, ""chute_state"": {""pyro1_state"": 0, ""pyro2_state"": 0}, ""connection_status"": {""connected"": true, ""has_ever_connected"": true, ""packet_age_ms"": 0, ""timeout_exceeded"": false, ""rssi"": -76}, ""communication_mode"": ""BEACON"", ""timestamp"": 195063, ""packets_received"": 761, ""kalman_data"": {""altitude"": 0.91, ""vertical_velocity"": -2.92}, ""kalman_altitude"": 0.91, ""kalman_vertical_velocity"": -2.92, ""pyroDrogue"": 0, ""pyroMain"": 0, ""pyro1_state"": 0, ""pyro2_state"": 0}"
1764328844.455841,2025-11-28T14:20:44.455841,1503,0,0,-0.64,-0.39,0.59,-40.18,-33.27,18.66,-4.05,15.43,0,0,0,132782,848.97,26.48,1.05,0,0,0,0,-76,1.04,-2.89,BEACON,"{""record_number"": 1503, ""operation_mode"": 0, ""state"": 0, ""battery_voltage"": 0, ""wifi_rssi"": -76, ""acc_data"": {""ax"": -0.64, ""ay"": -0.39, ""az"": 0.59, ""pitch"": -40.18, ""roll"": -33.27}, ""gyro_data"": {""gx"": 18.66, ""gy"": -4.05, ""gz"": 15.43}, ""gps_data"": {""latitude"": 0, ""longitude"": 0, ""gps_altitude"": 0, ""time"": 132782}, ""alt_data"": {""pressure"": 848.97, ""temperature"": 26.48, ""AGL"": 1.05, ""velocity"": 0, ""kalman_altitude"": 1.04, ""kalman_vertical_velocity"": -2.89}, ""chute_state"": {""pyro1_state"": 0, ""pyro2_state"": 0}, ""connection_status"": {""connected"": true, ""has_ever_connected"": true, ""packet_age_ms"": 1, ""timeout_exceeded"": false, ""rssi"": -76}, ""communication_mode"": ""BEACON"", ""timestamp"": 195178, ""packets_received"": 762, ""kalman_data"": {""altitude"": 1.04, ""vertical_velocity"": -2.89}, ""kalman_altitude"": 1.04, ""kalman_vertical_velocity"": -2.89, ""pyroDrogue"": 0, ""pyroMain"": 0, ""pyro1_state"": 0, ""pyro2_state"": 0}"
1764328844.717174,2025-11-28T14:20:44.717174,1506,0,0,-0.59,-0.43,0.66,-36.75,-33.73,25.09,-27.5,11.49,0,0,0,132983,848.97,26.47,0.99,0,0,0,0,-75,1,-2.93,BEACON,"{""record_number"": 1506, ""operation_mode"": 0, ""state"": 0, ""battery_voltage"": 0, ""wifi_rssi"": -75, ""acc_data"": {""ax"": -0.59, ""ay"": -0.43, ""az"": 0.66, ""pitch"": -36.75, ""roll"": -33.73}, ""gyro_data"": {""gx"": 25.09, ""gy"": -27.5, ""gz"": 11.49}, ""gps_data"": {""latitude"": 0, ""longitude"": 0, ""gps_altitude"": 0, ""time"": 132983}, ""alt_data"": {""pressure"": 848.97, ""temperature"": 26.47, ""AGL"": 0.99, ""velocity"": 0, ""kalman_altitude"": 1, ""kalman_vertical_velocity"": -2.93}, ""chute_state"": {""pyro1_state"": 0, ""pyro2_state"": 0}, ""connection_status"": {""connected"": true, ""has_ever_connected"": true, ""packet_age_ms"": 1, ""timeout_exceeded"": false, ""rssi"": -75}, ""communication_mode"": ""BEACON"", ""timestamp"": 195404, ""packets_received"": 763, ""kalman_data"": {""altitude"": 1, ""vertical_velocity"": -2.93}, ""kalman_altitude"": 1, ""kalman_vertical_velocity"": -2.93, ""pyroDrogue"": 0, ""pyroMain"": 0, ""pyro1_state"": 0, ""pyro2_state"": 0}"
1764328844.824224,2025-11-28T14:20:44.824224,1507,0,0,-0.68,-0.41,0.6,-42.34,-33.31,5.7,-51.55,36.25,0,0,0,132983,848.99,26.47,0.81,0,0,0,0,-77,0.81,-2.99,BEACON,"{""record_number"": 1507, ""operation_mode"": 0, ""state"": 0, ""battery_voltage"": 0, ""wifi_rssi"": -77, ""acc_data"": {""ax"": -0.68, ""ay"": -0.41, ""az"": 0.6, ""pitch"": -42.34, ""roll"": -33.31}, ""gyro_data"": {""gx"": 5.7, ""gy"": -51.55, ""gz"": 36.25}, ""gps_data"": {""latitude"": 0, ""longitude"": 0, ""gps_altitude"": 0, ""time"": 132983}, ""alt_data"": {""pressure"": 848.99, ""temperature"": 26.47, ""AGL"": 0.81, ""velocity"": 0, ""kalman_altitude"": 0.81, ""kalman_vertical_velocity"": -2.99}, ""chute_state"": {""pyro1_state"": 0, ""pyro2_state"": 0}, ""connection_status"": {""connected"": true, ""has_ever_connected"": true, ""packet_age_ms"": 1, ""timeout_exceeded"": false, ""rssi"": -77}, ""communication_mode"": ""BEACON"", ""timestamp"": 195514, ""packets_received"": 764, ""kalman_data"": {""altitude"": 0.81, ""vertical_velocity"": -2.99}, ""kalman_altitude"": 0.81, ""kalman_vertical_velocity"": -2.99, ""pyroDrogue"": 0, ""pyroMain"": 0, ""pyro1_state"": 0, ""pyro2_state"": 0}"
1764328844.921227,2025-11-28T14:20:44.921227,1509,0,0,-0.59,-0.35,0.57,-35.85,-32.13,-127.59,-31.07,-67.62,0,0,0,133183,849.03,26.48,0.47,0,0,0,0,-75,0.51,-3.1,BEACON,"{""record_number"": 1509, ""operation_mode"": 0, ""state"": 0, ""battery_voltage"": 0, ""wifi_rssi"": -75, ""acc_data"": {""ax"": -0.59, ""ay"": -0.35, ""az"": 0.57, ""pitch"": -35.85, ""roll"": -32.13}, ""gyro_data"": {""gx"": -127.59, ""gy"": -31.07, ""gz"": -67.62}, ""gps_data"": {""latitude"": 0, ""longitude"": 0, ""gps_altitude"": 0, ""time"": 133183}, ""alt_data"": {""pressure"": 849.03, ""temperature"": 26.48, ""AGL"": 0.47, ""velocity"": 0, ""kalman_altitude"": 0.51, ""kalman_vertical_velocity"": -3.1}, ""chute_state"": {""pyro1_state"": 0, ""pyro2_state"": 0}, ""connection_status"": {""connected"": true, ""has_ever_connected"": true, ""packet_age_ms"": 0, ""timeout_exceeded"": false, ""rssi"": -75}, ""communication_mode"": ""BEACON"", ""timestamp"": 195627, ""packets_received"": 765, ""kalman_data"": {""altitude"": 0.51, ""vertical_velocity"": -3.1}, ""kalman_altitude"": 0.51, ""kalman_vertical_velocity"": -3.1, ""pyroDrogue"": 0, ""pyroMain"": 0, ""pyro1_state"": 0, ""pyro2_state"": 0}"
1764328845.024225,2025-11-28T14:20:45.024225,1510,0,0,-0.63,-0.46,0.58,-39.71,-38.58,-166.83,-130.64,-148.99,0,0,0,133383,849.03,26.49,0.47,0,0,0,0,-77,0.47,-3.12,BEACON,"{""record_number"": 1510, ""operation_mode"": 0, ""state"": 0, ""battery_voltage"": 0, ""wifi_rssi"": -77, ""acc_data"": {""ax"": -0.63, ""ay"": -0.46, ""az"": 0.58, ""pitch"": -39.71, ""roll"": -38.58}, ""gyro_data"": {""gx"": -166.83, ""gy"": -130.64, ""gz"": -148.99}, ""gps_data"": {""latitude"": 0, ""longitude"": 0, ""gps_altitude"": 0, ""time"": 133383}, ""alt_data"": {""pressure"": 849.03, ""temperature"": 26.49, ""AGL"": 0.47, ""velocity"": 0, ""kalman_altitude"": 0.47, ""kalman_vertical_velocity"": -3.12}, ""chute_state"": {""pyro1_state"": 0, ""pyro2_state"": 0}, ""connection_status"": {""connected"": true, ""has_ever_connected"": true, ""packet_age_ms"": 1, ""timeout_exceeded"": false, ""rssi"": -77}, ""communication_mode"": ""BEACON"", ""timestamp"": 195742, ""packets_received"": 766, ""kalman_data"": {""altitude"": 0.47, ""vertical_velocity"": -3.12}, ""kalman_altitude"": 0.47, ""kalman_vertical_velocity"": -3.12, ""pyroDrogue"": 0, ""pyroMain"": 0, ""pyro1_state"": 0, ""pyro2_state"": 0}"
1764328845.130299,2025-11-28T14:20:45.130299,1511,0,0,-0.59,-0.49,0.6,-35.99,-39.54,-166.59,6.1,-45.24,0,0,0,133383,849,26.47,0.77,0,0,0,0,-74,0.76,-3.04,BEACON,"{""record_number"": 1511, ""operation_mode"": 0, ""state"": 0, ""battery_voltage"": 0, ""wifi_rssi"": -74, ""acc_data"": {""ax"": -0.59, ""ay"": -0.49, ""az"": 0.6, ""pitch"": -35.99, ""roll"": -39.54}, ""gyro_data"": {""gx"": -166.59, ""gy"": 6.1, ""gz"": -45.24}, ""gps_data"": {""latitude"": 0, ""longitude"": 0, ""gps_altitude"": 0, ""time"": 133383}, ""alt_data"": {""pressure"": 849, ""temperature"": 26.47, ""AGL"": 0.77, ""velocity"": 0, ""kalman_altitude"": 0.76, ""kalman_vertical_velocity"": -3.04}, ""chute_state"": {""pyro1_state"": 0, ""pyro2_state"": 0}, ""connection_status"": {""connected"": true, ""has_ever_connected"": true, ""packet_age_ms"": 0, ""timeout_exceeded"": false, ""rssi"": -74}, ""communication_mode"": ""BEACON"", ""timestamp"": 195854, ""packets_received"": 767, ""kalman_data"": {""altitude"": 0.76, ""vertical_velocity"": -3.04}, ""kalman_altitude"": 0.76, ""kalman_vertical_velocity"": -3.04, ""pyroDrogue"": 0, ""pyroMain"": 0, ""pyro1_state"": 0, ""pyro2_state"": 0}"
1764328845.340203,2025-11-28T14:20:45.340203,1513,0,0,-0.65,-0.62,0.5,-39.31,-53.79,-154.3,-12.29,-123.87,0,0,0,133583,848.87,26.47,2,0,0,0,0,-77,1.94,-2.71,BEACON,"{""record_number"": 1513, ""operation_mode"": 0, ""state"": 0, ""battery_voltage"": 0, ""wifi_rssi"": -77, ""acc_data"": {""ax"": -0.65, ""ay"": -0.62, ""az"": 0.5, ""pitch"": -39.31, ""roll"": -53.79}, ""gyro_data"": {""gx"": -154.3, ""gy"": -12.29, ""gz"": -123.87}, ""gps_data"": {""latitude"": 0, ""longitude"": 0, ""gps_altitude"": 0, ""time"": 133583}, ""alt_data"": {""pressure"": 848.87, ""temperature"": 26.47, ""AGL"": 2, ""velocity"": 0, ""kalman_altitude"": 1.94, ""kalman_vertical_velocity"": -2.71}, ""chute_state"": {""pyro1_state"": 0, ""pyro2_state"": 0}, ""connection_status"": {""connected"": true, ""has_ever_connected"": true, ""packet_age_ms"": 0, ""timeout_exceeded"": false, ""rssi"": -77}, ""communication_mode"": ""BEACON"", ""timestamp"": 195967, ""packets_received"": 768, ""kalman_data"": {""altitude"": 1.94, ""vertical_velocity"": -2.71}, ""kalman_altitude"": 1.94, ""kalman_vertical_velocity"": -2.71, ""pyroDrogue"": 0, ""pyroMain"": 0, ""pyro1_state"": 0, ""pyro2_state"": 0}"
1764328845.487161,2025-11-28T14:20:45.487161,1515,0,0,-0.55,-0.6,0.46,-33.27,-53.93,-3.11,-1.31,-68.78,0,0,0,133787,848.91,26.46,1.65,0,0,0,0,-76,1.63,-2.83,BEACON,"{""record_number"": 1515, ""operation_mode"": 0, ""state"": 0, ""battery_voltage"": 0, ""wifi_rssi"": -76, ""acc_data"": {""ax"": -0.55, ""ay"": -0.6, ""az"": 0.46, ""pitch"": -33.27, ""roll"": -53.93}, ""gyro_data"": {""gx"": -3.11, ""gy"": -1.31, ""gz"": -68.78}, ""gps_data"": {""latitude"": 0, ""longitude"": 0, ""gps_altitude"": 0, ""time"": 133787}, ""alt_data"": {""pressure"": 848.91, ""temperature"": 26.46, ""AGL"": 1.65, ""velocity"": 0, ""kalman_altitude"": 1.63, ""kalman_vertical_velocity"": -2.83}, ""chute_state"": {""pyro1_state"": 0, ""pyro2_state"": 0}, ""connection_status"": {""connected"": true, ""has_ever_connected"": true, ""packet_age_ms"": 1, ""timeout_exceeded"": false, ""rssi"": -76}, ""communication_mode"": ""BEACON"", ""timestamp"": 196194, ""packets_received"": 769, ""kalman_data"": {""altitude"": 1.63, ""vertical_velocity"": -2.83}, ""kalman_altitude"": 1.63, ""kalman_vertical_velocity"": -2.83, ""pyroDrogue"": 0, ""pyroMain"": 0, ""pyro1_state"": 0, ""pyro2_state"": 0}"
1764328845.599783,2025-11-28T14:20:45.599783,1517,0,0,-0.56,-0.66,0.46,-33.87,-55.65,-13.96,39.82,-32.96,0,0,0,133787,848.88,26.46,1.9,0,0,0,0,-77,1.89,-2.77,BEACON,"{""record_number"": 1517, ""operation_mode"": 0, ""state"": 0, ""battery_voltage"": 0, ""wifi_rssi"": -77, ""acc_data"": {""ax"": -0.56, ""ay"": -0.66, ""az"": 0.46, ""pitch"": -33.87, ""roll"": -55.65}, ""gyro_data"": {""gx"": -13.96, ""gy"": 39.82, ""gz"": -32.96}, ""gps_data"": {""latitude"": 0, ""longitude"": 0, ""gps_altitude"": 0, ""time"": 133787}, ""alt_data"": {""pressure"": 848.88, ""temperature"": 26.46, ""AGL"": 1.9, ""velocity"": 0, ""kalman_altitude"": 1.89, ""kalman_vertical_velocity"": -2.77}, ""chute_state"": {""pyro1_state"": 0, ""pyro2_state"": 0}, ""connection_status"": {""connected"": true, ""has_ever_connected"": true, ""packet_age_ms"": 0, ""timeout_exceeded"": false, ""rssi"": -77}, ""communication_mode"": ""BEACON"", ""timestamp"": 196307, ""packets_received"": 770, ""kalman_data"": {""altitude"": 1.89, ""vertical_velocity"": -2.77}, ""kalman_altitude"": 1.89, ""kalman_vertical_velocity"": -2.77, ""pyroDrogue"": 0, ""pyroMain"": 0, ""pyro1_state"": 0, ""pyro2_state"": 0}"
1764328845.754245,2025-11-28T14:20:45.754245,1518,0,0,-0.52,-0.65,0.48,-31.58,-54.31,-12.5,-12.29,-54.42,0,0,0,133988,848.92,26.46,1.5,0,0,0,0,-77,1.5,-2.91,BEACON,"{""record_number"": 1518, ""operation_mode"": 0, ""state"": 0, ""battery_voltage"": 0, ""wifi_rssi"": -77, ""acc_data"": {""ax"": -0.52, ""ay"": -0.65, ""az"": 0.48, ""pitch"": -31.58, ""roll"": -54.31}, ""gyro_data"": {""gx"": -12.5, ""gy"": -12.29, ""gz"": -54.42}, ""gps_data"": {""latitude"": 0, ""longitude"": 0, ""gps_altitude"": 0, ""time"": 133988}, ""alt_data"": {""pressure"": 848.92, ""temperature"": 26.46, ""AGL"": 1.5, ""velocity"": 0, ""kalman_altitude"": 1.5, ""kalman_vertical_velocity"": -2.91}, ""chute_state"": {""pyro1_state"": 0, ""pyro2_state"": 0}, ""connection_status"": {""connected"": true, ""has_ever_connected"": true, ""packet_age_ms"": 0, ""timeout_exceeded"": false, ""rssi"": -77}, ""communication_mode"": ""BEACON"", ""timestamp"": 196418, ""packets_received"": 771, ""kalman_data"": {""altitude"": 1.5, ""vertical_velocity"": -2.91}, ""kalman_altitude"": 1.5, ""kalman_vertical_velocity"": -2.91, ""pyroDrogue"": 0, ""pyroMain"": 0, ""pyro1_state"": 0, ""pyro2_state"": 0}"
1764328845.948061,2025-11-28T14:20:45.948061,1521,0,0,-0.55,-0.64,0.5,-32.9,-52.39,38.57,-8.17,25.12,0,0,0,134188,848.95,26.46,1.22,0,0,0,0,-77,1.24,-3,BEACON,"{""record_number"": 1521, ""operation_mode"": 0, ""state"": 0, ""battery_voltage"": 0, ""wifi_rssi"": -77, ""acc_data"": {""ax"": -0.55, ""ay"": -0.64, ""az"": 0.5, ""pitch"": -32.9, ""roll"": -52.39}, ""gyro_data"": {""gx"": 38.57, ""gy"": -8.17, ""gz"": 25.12}, ""gps_data"": {""latitude"": 0, ""longitude"": 0, ""gps_altitude"": 0, ""time"": 134188}, ""alt_data"": {""pressure"": 848.95, ""temperature"": 26.46, ""AGL"": 1.22, ""velocity"": 0, ""kalman_altitude"": 1.24, ""kalman_vertical_velocity"": -3}, ""chute_state"": {""pyro1_state"": 0, ""pyro2_state"": 0}, ""connection_status"": {""connected"": true, ""has_ever_connected"": true, ""packet_age_ms"": 0, ""timeout_exceeded"": false, ""rssi"": -77}, ""communication_mode"": ""BEACON"", ""timestamp"": 196644, ""packets_received"": 772, ""kalman_data"": {""altitude"": 1.24, ""vertical_velocity"": -3}, ""kalman_altitude"": 1.24, ""kalman_vertical_velocity"": -3, ""pyroDrogue"": 0, ""pyroMain"": 0, ""pyro1_state"": 0, ""pyro2_state"": 0}"
1764328846.039053,2025-11-28T14:20:46.039053,1522,0,0,-0.59,-0.61,0.5,-36.68,-50.9,46.34,-15.46,54.73,0,0,0,134387,848.93,26.46,1.39,0,0,0,0,-76,1.38,-2.98,BEACON,"{""record_number"": 1522, ""operation_mode"": 0, ""state"": 0, ""battery_voltage"": 0, ""wifi_rssi"": -76, ""acc_data"": {""ax"": -0.59, ""ay"": -0.61, ""az"": 0.5, ""pitch"": -36.68, ""roll"": -50.9}, ""gyro_data"": {""gx"": 46.34, ""gy"": -15.46, ""gz"": 54.73}, ""gps_data"": {""latitude"": 0, ""longitude"": 0, ""gps_altitude"": 0, ""time"": 134387}, ""alt_data"": {""pressure"": 848.93, ""temperature"": 26.46, ""AGL"": 1.39, ""velocity"": 0, ""kalman_altitude"": 1.38, ""kalman_vertical_velocity"": -2.98}, ""chute_state"": {""pyro1_state"": 0, ""pyro2_state"": 0}, ""connection_status"": {""connected"": true, ""has_ever_connected"": true, ""packet_age_ms"": 1, ""timeout_exceeded"": false, ""rssi"": -76}, ""communication_mode"": ""BEACON"", ""timestamp"": 196757, ""packets_received"": 773, ""kalman_data"": {""altitude"": 1.38, ""vertical_velocity"": -2.98}, ""kalman_altitude"": 1.38, ""kalman_vertical_velocity"": -2.98, ""pyroDrogue"": 0, ""pyroMain"": 0, ""pyro1_state"": 0, ""pyro2_state"": 0}"
1764328846.149118,2025-11-28T14:20:46.149118,1523,0,0,-0.56,-0.61,0.51,-34.21,-49.78,10.46,-57.13,44.94,0,0,0,134387,848.93,26.47,1.46,0,0,0,0,-76,1.45,-2.97,BEACON,"{""record_number"": 1523, ""operation_mode"": 0, ""state"": 0, ""battery_voltage"": 0, ""wifi_rssi"": -76, ""acc_data"": {""ax"": -0.56, ""ay"": -0.61, ""az"": 0.51, ""pitch"": -34.21, ""roll"": -49.78}, ""gyro_data"": {""gx"": 10.46, ""gy"": -57.13, ""gz"": 44.94}, ""gps_data"": {""latitude"": 0, ""longitude"": 0, ""gps_altitude"": 0, ""time"": 134387}, ""alt_data"": {""pressure"": 848.93, ""temperature"": 26.47, ""AGL"": 1.46, ""velocity"": 0, ""kalman_altitude"": 1.45, ""kalman_vertical_velocity"": -2.97}, ""chute_state"": {""pyro1_state"": 0, ""pyro2_state"": 0}, ""connection_status"": {""connected"": true, ""has_ever_connected"": true, ""packet_age_ms"": 1, ""timeout_exceeded"": false, ""rssi"": -76}, ""communication_mode"": ""BEACON"", ""timestamp"": 196870, ""packets_received"": 774, ""kalman_data"": {""altitude"": 1.45, ""vertical_velocity"": -2.97}, ""kalman_altitude"": 1.45, ""kalman_vertical_velocity"": -2.97, ""pyroDrogue"": 0, ""pyroMain"": 0, ""pyro1_state"": 0, ""pyro2_state"": 0}"
1764328846.255837,2025-11-28T14:20:46.255837,1525,0,0,-0.56,-0.65,0.61,-33.94,-46.12,1.77,-143.75,23.87,0,0,0,134588,848.97,26.47,0.99,0,0,0,0,-77,1.01,-3.1,BEACON,"{""record_number"": 1525, ""operation_mode"": 0, ""state"": 0, ""battery_voltage"": 0, ""wifi_rssi"": -77, ""acc_data"": {""ax"": -0.56, ""ay"": -0.65, ""az"": 0.61, ""pitch"": -33.94, ""roll"": -46.12}, ""gyro_data"": {""gx"": 1.77, ""gy"": -143.75, ""gz"": 23.87}, ""gps_data"": {""latitude"": 0, ""longitude"": 0, ""gps_altitude"": 0, ""time"": 134588}, ""alt_data"": {""pressure"": 848.97, ""temperature"": 26.47, ""AGL"": 0.99, ""velocity"": 0, ""kalman_altitude"": 1.01, ""kalman_vertical_velocity"": -3.1}, ""chute_state"": {""pyro1_state"": 0, ""pyro2_state"": 0}, ""connection_status"": {""connected"": true, ""has_ever_connected"": true, ""packet_age_ms"": 0, ""timeout_exceeded"": false, ""rssi"": -77}, ""communication_mode"": ""BEACON"", ""timestamp"": 196983, ""packets_received"": 775, ""kalman_data"": {""altitude"": 1.01, ""vertical_velocity"": -3.1}, ""kalman_altitude"": 1.01, ""kalman_vertical_velocity"": -3.1, ""pyroDrogue"": 0, ""pyroMain"": 0, ""pyro1_state"": 0, ""pyro2_state"": 0}"
1764328846.42089,2025-11-28T14:20:46.420890,1526,0,0,-0.44,-0.51,0.59,-24.9,-40.36,148.45,-170.67,-1.31,0,0,0,134588,848.94,26.45,1.34,0,0,0,0,-76,1.34,-3.03,BEACON,"{""record_number"": 1526, ""operation_mode"": 0, ""state"": 0, ""battery_voltage"": 0, ""wifi_rssi"": -76, ""acc_data"": {""ax"": -0.44, ""ay"": -0.51, ""az"": 0.59, ""pitch"": -24.9, ""roll"": -40.36}, ""gyro_data"": {""gx"": 148.45, ""gy"": -170.67, ""gz"": -1.31}, ""gps_data"": {""latitude"": 0, ""longitude"": 0, ""gps_altitude"": 0, ""time"": 134588}, ""alt_data"": {""pressure"": 848.94, ""temperature"": 26.45, ""AGL"": 1.34, ""velocity"": 0, ""kalman_altitude"": 1.34, ""kalman_vertical_velocity"": -3.03}, ""chute_state"": {""pyro1_state"": 0, ""pyro2_state"": 0}, ""connection_status"": {""connected"": true, ""has_ever_connected"": true, ""packet_age_ms"": 0, ""timeout_exceeded"": false, ""rssi"": -76}, ""communication_mode"": ""BEACON"", ""timestamp"": 197100, ""packets_received"": 776, ""kalman_data"": {""altitude"": 1.34, ""vertical_velocity"": -3.03}, ""kalman_altitude"": 1.34, ""kalman_vertical_velocity"": -3.03, ""pyroDrogue"": 0, ""pyroMain"": 0, ""pyro1_state"": 0, ""pyro2_state"": 0}"
1764328846.63589,2025-11-28T14:20:46.635890,1527,0,0,-0.52,-0.53,0.55,-31.91,-43.32,-12.47,32.77,26.16,0,0,0,134793,848.91,26.45,1.59,0,0,0,0,-73,1.58,-2.97,BEACON,"{""record_number"": 1527, ""operation_mode"": 0, ""state"": 0, ""battery_voltage"": 0, ""wifi_rssi"": -73, ""acc_data"": {""ax"": -0.52, ""ay"": -0.53, ""az"": 0.55, ""pitch"": -31.91, ""roll"": -43.32}, ""gyro_data"": {""gx"": -12.47, ""gy"": 32.77, ""gz"": 26.16}, ""gps_data"": {""latitude"": 0, ""longitude"": 0, ""gps_altitude"": 0, ""time"": 134793}, ""alt_data"": {""pressure"": 848.91, ""temperature"": 26.45, ""AGL"": 1.59, ""velocity"": 0, ""kalman_altitude"": 1.58, ""kalman_vertical_velocity"": -2.97}, ""chute_state"": {""pyro1_state"": 0, ""pyro2_state"": 0}, ""connection_status"": {""connected"": true, ""has_ever_connected"": true, ""packet_age_ms"": 0, ""timeout_exceeded"": false, ""rssi"": -73}, ""communication_mode"": ""BEACON"", ""timestamp"": 197211, ""packets_received"": 777, ""kalman_data"": {""altitude"": 1.58, ""vertical_velocity"": -2.97}, ""kalman_altitude"": 1.58, ""kalman_vertical_velocity"": -2.97, ""pyroDrogue"": 0, ""pyroMain"": 0, ""pyro1_state"": 0, ""pyro2_state"": 0}"
1764328846.699835,2025-11-28T14:20:46.699835,1528,0,0,-0.47,-0.52,0.56,-28.12,-43.39,-146.31,64.33,33.32,0,0,0,134793,848.97,26.47,0.99,0,0,0,0,-74,1.02,-3.13,BEACON,"{""record_number"": 1528, ""operation_mode"": 0, ""state"": 0, ""battery_voltage"": 0, ""wifi_rssi"": -74, ""acc_data"": {""ax"": -0.47, ""ay"": -0.52, ""az"": 0.56, ""pitch"": -28.12, ""roll"": -43.39}, ""gyro_data"": {""gx"": -146.31, ""gy"": 64.33, ""gz"": 33.32}, ""gps_data"": {""latitude"": 0, ""longitude"": 0, ""gps_altitude"": 0, ""time"": 134793}, ""alt_data"": {""pressure"": 848.97, ""temperature"": 26.47, ""AGL"": 0.99, ""velocity"": 0, ""kalman_altitude"": 1.02, ""kalman_vertical_velocity"": -3.13}, ""chute_state"": {""pyro1_state"": 0, ""pyro2_state"": 0}, ""connection_status"": {""connected"": true, ""has_ever_connected"": true, ""packet_age_ms"": 0, ""timeout_exceeded"": false, ""rssi"": -74}, ""communication_mode"": ""BEACON"", ""timestamp"": 197324, ""packets_received"": 778, ""kalman_data"": {""altitude"": 1.02, ""vertical_velocity"": -3.13}, ""kalman_altitude"": 1.02, ""kalman_vertical_velocity"": -3.13, ""pyroDrogue"": 0, ""pyroMain"": 0, ""pyro1_state"": 0, ""pyro2_state"": 0}"
1764328846.798256,2025-11-28T14:20:46.798256,1530,0,0,-0.48,-0.68,0.64,-28.89,-47.37,-58.87,-79.79,-4.48,0,0,0,134994,848.95,26.47,1.21,0,0,0,0,-75,1.21,-3.1,BEACON,"{""record_number"": 1530, ""operation_mode"": 0, ""state"": 0, ""battery_voltage"": 0, ""wifi_rssi"": -75, ""acc_data"": {""ax"": -0.48, ""ay"": -0.68, ""az"": 0.64, ""pitch"": -28.89, ""roll"": -47.37}, ""gyro_data"": {""gx"": -58.87, ""gy"": -79.79, ""gz"": -4.48}, ""gps_data"": {""latitude"": 0, ""longitude"": 0, ""gps_altitude"": 0, ""time"": 134994}, ""alt_data"": {""pressure"": 848.95, ""temperature"": 26.47, ""AGL"": 1.21, ""velocity"": 0, ""kalman_altitude"": 1.21, ""kalman_vertical_velocity"": -3.1}, ""chute_state"": {""pyro1_state"": 0, ""pyro2_state"": 0}, ""connection_status"": {""connected"": true, ""has_ever_connected"": true, ""packet_age_ms"": 0, ""timeout_exceeded"": false, ""rssi"": -75}, ""communication_mode"": ""BEACON"", ""timestamp"": 197436, ""packets_received"": 779, ""kalman_data"": {""altitude"": 1.21, ""vertical_velocity"": -3.1}, ""kalman_altitude"": 1.21, ""kalman_vertical_velocity"": -3.1, ""pyroDrogue"": 0, ""pyroMain"": 0, ""pyro1_state"": 0, ""pyro2_state"": 0}"
1764328846.986974,2025-11-28T14:20:46.986974,1531,0,0,-0.37,-0.63,0.51,-21.97,-51,48.57,72.07,28.17,0,0,0,135194,848.94,26.47,1.32,0,0,0,0,-76,1.31,-3.08,BEACON,"{""record_number"": 1531, ""operation_mode"": 0, ""state"": 0, ""battery_voltage"": 0, ""wifi_rssi"": -76, ""acc_data"": {""ax"": -0.37, ""ay"": -0.63, ""az"": 0.51, ""pitch"": -21.97, ""roll"": -51}, ""gyro_data"": {""gx"": 48.57, ""gy"": 72.07, ""gz"": 28.17}, ""gps_data"": {""latitude"": 0, ""longitude"": 0, ""gps_altitude"": 0, ""time"": 135194}, ""alt_data"": {""pressure"": 848.94, ""temperature"": 26.47, ""AGL"": 1.32, ""velocity"": 0, ""kalman_altitude"": 1.31, ""kalman_vertical_velocity"": -3.08}, ""chute_state"": {""pyro1_state"": 0, ""pyro2_state"": 0}, ""connection_status"": {""connected"": true, ""has_ever_connected"": true, ""packet_age_ms"": 1, ""timeout_exceeded"": false, ""rssi"": -76}, ""communication_mode"": ""BEACON"", ""timestamp"": 197554, ""packets_received"": 780, ""kalman_data"": {""altitude"": 1.31, ""vertical_velocity"": -3.08}, ""kalman_altitude"": 1.31, ""kalman_vertical_velocity"": -3.08, ""pyroDrogue"": 0, ""pyroMain"": 0, ""pyro1_state"": 0, ""pyro2_state"": 0}"
1764328847.106979,2025-11-28T14:20:47.106979,1533,0,0,-0.54,-0.63,0.54,-33.3,-49.95,-67.26,46.46,-54.85,0,0,0,135194,848.95,26.46,1.18,0,0,0,0,-76,1.18,-3.12,BEACON,"{""record_number"": 1533, ""operation_mode"": 0, ""state"": 0, ""battery_voltage"": 0, ""wifi_rssi"": -76, ""acc_data"": {""ax"": -0.54, ""ay"": -0.63, ""az"": 0.54, ""pitch"": -33.3, ""roll"": -49.95}, ""gyro_data"": {""gx"": -67.26, ""gy"": 46.46, ""gz"": -54.85}, ""gps_data"": {""latitude"": 0, ""longitude"": 0, ""gps_altitude"": 0, ""time"": 135194}, ""alt_data"": {""pressure"": 848.95, ""temperature"": 26.46, ""AGL"": 1.18, ""velocity"": 0, ""kalman_altitude"": 1.18, ""kalman_vertical_velocity"": -3.12}, ""chute_state"": {""pyro1_state"": 0, ""pyro2_state"": 0}, ""connection_status"": {""connected"": true, ""has_ever_connected"": true, ""packet_age_ms"": 0, ""timeout_exceeded"": false, ""rssi"": -76}, ""communication_mode"": ""BEACON"", ""timestamp"": 197662, ""packets_received"": 781, ""kalman_data"": {""altitude"": 1.18, ""vertical_velocity"": -3.12}, ""kalman_altitude"": 1.18, ""kalman_vertical_velocity"": -3.12, ""pyroDrogue"": 0, ""pyroMain"": 0, ""pyro1_state"": 0, ""pyro2_state"": 0}"
1764328847.168972,2025-11-28T14:20:47.168972,1534,0,0,-0.56,-0.61,0.55,-34.11,-47.34,-33.54,38.45,-5.37,0,0,0,135393,848.95,26.47,1.17,0,0,0,0,-74,1.17,-3.15,BEACON,"{""record_number"": 1534, ""operation_mode"": 0, ""state"": 0, ""battery_voltage"": 0, ""wifi_rssi"": -74, ""acc_data"": {""ax"": -0.56, ""ay"": -0.61, ""az"": 0.55, ""pitch"": -34.11, ""roll"": -47.34}, ""gyro_data"": {""gx"": -33.54, ""gy"": 38.45, ""gz"": -5.37}, ""gps_data"": {""latitude"": 0, ""longitude"": 0, ""gps_altitude"": 0, ""time"": 135393}, ""alt_data"": {""pressure"": 848.95, ""temperature"": 26.47, ""AGL"": 1.17, ""velocity"": 0, ""kalman_altitude"": 1.17, ""kalman_vertical_velocity"": -3.15}, ""chute_state"": {""pyro1_state"": 0, ""pyro2_state"": 0}, ""connection_status"": {""connected"": true, ""has_ever_connected"": true, ""packet_age_ms"": 0, ""timeout_exceeded"": false, ""rssi"": -74}, ""communication_mode"": ""BEACON"", ""timestamp"": 197776, ""packets_received"": 782, ""kalman_data"": {""altitude"": 1.17, ""vertical_velocity"": -3.15}, ""kalman_altitude"": 1.17, ""kalman_vertical_velocity"": -3.15, ""pyroDrogue"": 0, ""pyroMain"": 0, ""pyro1_state"": 0, ""pyro2_state"": 0}"
1764328847.215291,2025-11-28T14:20:47.215291,1535,0,0,-0.51,-0.64,0.48,-30.47,-52.76,-71.59,60.52,0.76,0,0,0,135393,848.91,26.46,1.58,0,0,0,0,-74,1.56,-3.05,BEACON,"{""record_number"": 1535, ""operation_mode"": 0, ""state"": 0, ""battery_voltage"": 0, ""wifi_rssi"": -74, ""acc_data"": {""ax"": -0.51, ""ay"": -0.64, ""az"": 0.48, ""pitch"": -30.47, ""roll"": -52.76}, ""gyro_data"": {""gx"": -71.59, ""gy"": 60.52, ""gz"": 0.76}, ""gps_data"": {""latitude"": 0, ""longitude"": 0, ""gps_altitude"": 0, ""time"": 135393}, ""alt_data"": {""pressure"": 848.91, ""temperature"": 26.46, ""AGL"": 1.58, ""velocity"": 0, ""kalman_altitude"": 1.56, ""kalman_vertical_velocity"": -3.05}, ""chute_state"": {""pyro1_state"": 0, ""pyro2_state"": 0}, ""connection_status"": {""connected"": true, ""has_ever_connected"": true, ""packet_age_ms"": 1, ""timeout_exceeded"": false, ""rssi"": -74}, ""communication_mode"": ""BEACON"", ""timestamp"": 197887, ""packets_received"": 783, ""kalman_data"": {""altitude"": 1.56, ""vertical_velocity"": -3.05}, ""kalman_altitude"": 1.56, ""kalman_vertical_velocity"": -3.05, ""pyroDrogue"": 0, ""pyroMain"": 0, ""pyro1_state"": 0, ""pyro2_state"": 0}"
1764328847.273674,2025-11-28T14:20:47.273674,1536,0,0,-0.52,-0.68,0.53,-30.99,-51.99,-80.43,-29.7,-29.88,0,0,0,135594,848.91,26.45,1.59,0,0,0,0,-77,1.59,-3.05,BEACON,"{""record_number"": 1536, ""operation_mode"": 0, ""state"": 0, ""battery_voltage"": 0, ""wifi_rssi"": -77, ""acc_data"": {""ax"": -0.52, ""ay"": -0.68, ""az"": 0.53, ""pitch"": -30.99, ""roll"": -51.99}, ""gyro_data"": {""gx"": -80.43, ""gy"": -29.7, ""gz"": -29.88}, ""gps_data"": {""latitude"": 0, ""longitude"": 0, ""gps_altitude"": 0, ""time"": 135594}, ""alt_data"": {""pressure"": 848.91, ""temperature"": 26.45, ""AGL"": 1.59, ""velocity"": 0, ""kalman_altitude"": 1.59, ""kalman_vertical_velocity"": -3.05}, ""chute_state"": {""pyro1_state"": 0, ""pyro2_state"": 0}, ""connection_status"": {""connected"": true, ""has_ever_connected"": true, ""packet_age_ms"": 0, ""timeout_exceeded"": false, ""rssi"": -77}, ""communication_mode"": ""BEACON"", ""timestamp"": 198000, ""packets_received"": 784, ""kalman_data"": {""altitude"": 1.59, ""vertical_velocity"": -3.05}, ""kalman_altitude"": 1.59, ""kalman_vertical_velocity"": -3.05, ""pyroDrogue"": 0, ""pyroMain"": 0, ""pyro1_state"": 0, ""pyro2_state"": 0}"
1764328847.407842,2025-11-28T14:20:47.407842,1538,0,0,-0.54,-0.68,0.51,-33.27,-53.65,23.02,18.78,5.06,0,0,0,135594,848.98,26.47,0.92,0,0,0,0,-79,0.95,-3.25,BEACON,"{""record_number"": 1538, ""operation_mode"": 0, ""state"": 0, ""battery_voltage"": 0, ""wifi_rssi"": -79, ""acc_data"": {""ax"": -0.54, ""ay"": -0.68, ""az"": 0.51, ""pitch"": -33.27, ""roll"": -53.65}, ""gyro_data"": {""gx"": 23.02, ""gy"": 18.78, ""gz"": 5.06}, ""gps_data"": {""latitude"": 0, ""longitude"": 0, ""gps_altitude"": 0, ""time"": 135594}, ""alt_data"": {""pressure"": 848.98, ""temperature"": 26.47, ""AGL"": 0.92, ""velocity"": 0, ""kalman_altitude"": 0.95, ""kalman_vertical_velocity"": -3.25}, ""chute_state"": {""pyro1_state"": 0, ""pyro2_state"": 0}, ""connection_status"": {""connected"": true, ""has_ever_connected"": true, ""packet_age_ms"": 0, ""timeout_exceeded"": false, ""rssi"": -79}, ""communication_mode"": ""BEACON"", ""timestamp"": 198114, ""packets_received"": 785, ""kalman_data"": {""altitude"": 0.95, ""vertical_velocity"": -3.25}, ""kalman_altitude"": 0.95, ""kalman_vertical_velocity"": -3.25, ""pyroDrogue"": 0, ""pyroMain"": 0, ""pyro1_state"": 0, ""pyro2_state"": 0}"
1764328847.499888,2025-11-28T14:20:47.499888,1539,0,0,-0.54,-0.64,0.41,-32.7,-58.25,37.56,30.7,41.28,0,0,0,135799,848.92,26.45,1.52,0,0,0,0,-79,1.51,-3.11,BEACON,"{""record_number"": 1539, ""operation_mode"": 0, ""state"": 0, ""battery_voltage"": 0, ""wifi_rssi"": -79, ""acc_data"": {""ax"": -0.54, ""ay"": -0.64, ""az"": 0.41, ""pitch"": -32.7, ""roll"": -58.25}, ""gyro_data"": {""gx"": 37.56, ""gy"": 30.7, ""gz"": 41.28}, ""gps_data"": {""latitude"": 0, ""longitude"": 0, ""gps_altitude"": 0, ""time"": 135799}, ""alt_data"": {""pressure"": 848.92, ""temperature"": 26.45, ""AGL"": 1.52, ""velocity"": 0, ""kalman_altitude"": 1.51, ""kalman_vertical_velocity"": -3.11}, ""chute_state"": {""pyro1_state"": 0, ""pyro2_state"": 0}, ""connection_status"": {""connected"": true, ""has_ever_connected"": true, ""packet_age_ms"": 0, ""timeout_exceeded"": false, ""rssi"": -79}, ""communication_mode"": ""BEACON"", ""timestamp"": 198227, ""packets_received"": 786, ""kalman_data"": {""altitude"": 1.51, ""vertical_velocity"": -3.11}, ""kalman_altitude"": 1.51, ""kalman_vertical_velocity"": -3.11, ""pyroDrogue"": 0, ""pyroMain"": 0, ""pyro1_state"": 0, ""pyro2_state"": 0}"
1764328847.635943,2025-11-28T14:20:47.635943,1540,0,0,-0.57,-0.62,0.47,-34.21,-52.75,-4.57,-2.38,36.19,0,0,0,136000,848.94,26.46,1.32,0,0,0,0,-79,1.33,-3.17,BEACON,"{""record_number"": 1540, ""operation_mode"": 0, ""state"": 0, ""battery_voltage"": 0, ""wifi_rssi"": -79, ""acc_data"": {""ax"": -0.57, ""ay"": -0.62, ""az"": 0.47, ""pitch"": -34.21, ""roll"": -52.75}, ""gyro_data"": {""gx"": -4.57, ""gy"": -2.38, ""gz"": 36.19}, ""gps_data"": {""latitude"": 0, ""longitude"": 0, ""gps_altitude"": 0, ""time"": 136000}, ""alt_data"": {""pressure"": 848.94, ""temperature"": 26.46, ""AGL"": 1.32, ""velocity"": 0, ""kalman_altitude"": 1.33, ""kalman_vertical_velocity"": -3.17}, ""chute_state"": {""pyro1_state"": 0, ""pyro2_state"": 0}, ""connection_status"": {""connected"": true, ""has_ever_connected"": true, ""packet_age_ms"": 0, ""timeout_exceeded"": false, ""rssi"": -79}, ""communication_mode"": ""BEACON"", ""timestamp"": 198339, ""packets_received"": 787, ""kalman_data"": {""altitude"": 1.33, ""vertical_velocity"": -3.17}, ""kalman_altitude"": 1.33, ""kalman_vertical_velocity"": -3.17, ""pyroDrogue"": 0, ""pyroMain"": 0, ""pyro1_state"": 0, ""pyro2_state"": 0}"
1764328847.724941,2025-11-28T14:20:47.724941,1542,0,0,-0.53,-0.71,0.46,-32.27,-56.44,-24.05,0.95,-5.52,0,0,0,136000,848.94,26.46,1.36,0,0,0,0,-77,1.36,-3.18,BEACON,"{""record_number"": 1542, ""operation_mode"": 0, ""state"": 0, ""battery_voltage"": 0, ""wifi_rssi"": -77, ""acc_data"": {""ax"": -0.53, ""ay"": -0.71, ""az"": 0.46, ""pitch"": -32.27, ""roll"": -56.44}, ""gyro_data"": {""gx"": -24.05, ""gy"": 0.95, ""gz"": -5.52}, ""gps_data"": {""latitude"": 0, ""longitude"": 0, ""gps_altitude"": 0, ""time"": 136000}, ""alt_data"": {""pressure"": 848.94, ""temperature"": 26.46, ""AGL"": 1.36, ""velocity"": 0, ""kalman_altitude"": 1.36, ""kalman_vertical_velocity"": -3.18}, ""chute_state"": {""pyro1_state"": 0, ""pyro2_state"": 0}, ""connection_status"": {""connected"": true, ""has_ever_connected"": true, ""packet_age_ms"": 0, ""timeout_exceeded"": false, ""rssi"": -77}, ""communication_mode"": ""BEACON"", ""timestamp"": 198452, ""packets_received"": 788, ""kalman_data"": {""altitude"": 1.36, ""vertical_velocity"": -3.18}, ""kalman_altitude"": 1.36, ""kalman_vertical_velocity"": -3.18, ""pyroDrogue"": 0, ""pyroMain"": 0, ""pyro1_state"": 0, ""pyro2_state"": 0}"
1764328847.858674,2025-11-28T14:20:47.858674,1543,0,0,-0.52,-0.66,0.45,-31.45,-56.13,43.17,10.61,-10.43,0,0,0,136200,848.93,26.46,1.44,0,0,0,0,-77,1.42,-3.18,BEACON,"{""record_number"": 1543, ""operation_mode"": 0, ""state"": 0, ""battery_voltage"": 0, ""wifi_rssi"": -77, ""acc_data"": {""ax"": -0.52, ""ay"": -0.66, ""az"": 0.45, ""pitch"": -31.45, ""roll"": -56.13}, ""gyro_data"": {""gx"": 43.17, ""gy"": 10.61, ""gz"": -10.43}, ""gps_data"": {""latitude"": 0, ""longitude"": 0, ""gps_altitude"": 0, ""time"": 136200}, ""alt_data"": {""pressure"": 848.93, ""temperature"": 26.46, ""AGL"": 1.44, ""velocity"": 0, ""kalman_altitude"": 1.42, ""kalman_vertical_velocity"": -3.18}, ""chute_state"": {""pyro1_state"": 0, ""pyro2_state"": 0}, ""connection_status"": {""connected"": true, ""has_ever_connected"": true, ""packet_age_ms"": 0, ""timeout_exceeded"": false, ""rssi"": -77}, ""communication_mode"": ""BEACON"", ""timestamp"": 198563, ""packets_received"": 789, ""kalman_data"": {""altitude"": 1.42, ""vertical_velocity"": -3.18}, ""kalman_altitude"": 1.42, ""kalman_vertical_velocity"": -3.18, ""pyroDrogue"": 0, ""pyroMain"": 0, ""pyro1_state"": 0, ""pyro2_state"": 0}"
1764328848.201789,2025-11-28T14:20:48.201789,1547,0,0,-0.55,-0.63,0.49,-33.5,-51.88,-12.74,-20.06,-27.47,0,0,0,136400,848.98,26.45,0.94,0,0,0,0,-78,0.94,-3.36,BEACON,"{""record_number"": 1547, ""operation_mode"": 0, ""state"": 0, ""battery_voltage"": 0, ""wifi_rssi"": -78, ""acc_data"": {""ax"": -0.55, ""ay"": -0.63, ""az"": 0.49, ""pitch"": -33.5, ""roll"": -51.88}, ""gyro_data"": {""gx"": -12.74, ""gy"": -20.06, ""gz"": -27.47}, ""gps_data"": {""latitude"": 0, ""longitude"": 0, ""gps_altitude"": 0, ""time"": 136400}, ""alt_data"": {""pressure"": 848.98, ""temperature"": 26.45, ""AGL"": 0.94, ""velocity"": 0, ""kalman_altitude"": 0.94, ""kalman_vertical_velocity"": -3.36}, ""chute_state"": {""pyro1_state"": 0, ""pyro2_state"": 0}, ""connection_status"": {""connected"": true, ""has_ever_connected"": true, ""packet_age_ms"": 0, ""timeout_exceeded"": false, ""rssi"": -78}, ""communication_mode"": ""BEACON"", ""timestamp"": 198900, ""packets_received"": 790, ""kalman_data"": {""altitude"": 0.94, ""vertical_velocity"": -3.36}, ""kalman_altitude"": 0.94, ""kalman_vertical_velocity"": -3.36, ""pyroDrogue"": 0, ""pyroMain"": 0, ""pyro1_state"": 0, ""pyro2_state"": 0}"
1764328848.358514,2025-11-28T14:20:48.358514,1548,0,0,-0.52,-0.62,0.5,-31.51,-50.38,-10.64,14.79,13.99,0,0,0,136601,849.02,26.45,0.55,0,0,0,0,-76,0.57,-3.48,BEACON,"{""record_number"": 1548, ""operation_mode"": 0, ""state"": 0, ""battery_voltage"": 0, ""wifi_rssi"": -76, ""acc_data"": {""ax"": -0.52, ""ay"": -0.62, ""az"": 0.5, ""pitch"": -31.51, ""roll"": -50.38}, ""gyro_data"": {""gx"": -10.64, ""gy"": 14.79, ""gz"": 13.99}, ""gps_data"": {""latitude"": 0, ""longitude"": 0, ""gps_altitude"": 0, ""time"": 136601}, ""alt_data"": {""pressure"": 849.02, ""temperature"": 26.45, ""AGL"": 0.55, ""velocity"": 0, ""kalman_altitude"": 0.57, ""kalman_vertical_velocity"": -3.48}, ""chute_state"": {""pyro1_state"": 0, ""pyro2_state"": 0}, ""connection_status"": {""connected"": true, ""has_ever_connected"": true, ""packet_age_ms"": 1, ""timeout_exceeded"": false, ""rssi"": -76}, ""communication_mode"": ""BEACON"", ""timestamp"": 199013, ""packets_received"": 791, ""kalman_data"": {""altitude"": 0.57, ""vertical_velocity"": -3.48}, ""kalman_altitude"": 0.57, ""kalman_vertical_velocity"": -3.48, ""pyroDrogue"": 0, ""pyroMain"": 0, ""pyro1_state"": 0, ""pyro2_state"": 0}"
1764328848.435009,2025-11-28T14:20:48.435009,1550,0,0,-0.55,-0.65,0.49,-33.4,-52.5,50.79,2.23,9.3,0,0,0,136601,848.99,26.45,0.8,0,0,0,0,-78,0.79,-3.43,BEACON,"{""record_number"": 1550, ""operation_mode"": 0, ""state"": 0, ""battery_voltage"": 0, ""wifi_rssi"": -78, ""acc_data"": {""ax"": -0.55, ""ay"": -0.65, ""az"": 0.49, ""pitch"": -33.4, ""roll"": -52.5}, ""gyro_data"": {""gx"": 50.79, ""gy"": 2.23, ""gz"": 9.3}, ""gps_data"": {""latitude"": 0, ""longitude"": 0, ""gps_altitude"": 0, ""time"": 136601}, ""alt_data"": {""pressure"": 848.99, ""temperature"": 26.45, ""AGL"": 0.8, ""velocity"": 0, ""kalman_altitude"": 0.79, ""kalman_vertical_velocity"": -3.43}, ""chute_state"": {""pyro1_state"": 0, ""pyro2_state"": 0}, ""connection_status"": {""connected"": true, ""has_ever_connected"": true, ""packet_age_ms"": 0, ""timeout_exceeded"": false, ""rssi"": -78}, ""communication_mode"": ""BEACON"", ""timestamp"": 199125, ""packets_received"": 792, ""kalman_data"": {""altitude"": 0.79, ""vertical_velocity"": -3.43}, ""kalman_altitude"": 0.79, ""kalman_vertical_velocity"": -3.43, ""pyroDrogue"": 0, ""pyroMain"": 0, ""pyro1_state"": 0, ""pyro2_state"": 0}"
1764328848.525624,2025-11-28T14:20:48.525624,1551,0,0,-0.55,-0.6,0.51,-32.67,-49.48,65.24,-4.24,19.02,0,0,0,136805,848.94,26.45,1.3,0,0,0,0,-78,1.3,-3.3,BEACON,"{""record_number"": 1551, ""operation_mode"": 0, ""state"": 0, ""battery_voltage"": 0, ""wifi_rssi"": -78, ""acc_data"": {""ax"": -0.55, ""ay"": -0.6, ""az"": 0.51, ""pitch"": -32.67, ""roll"": -49.48}, ""gyro_data"": {""gx"": 65.24, ""gy"": -4.24, ""gz"": 19.02}, ""gps_data"": {""latitude"": 0, ""longitude"": 0, ""gps_altitude"": 0, ""time"": 136805}, ""alt_data"": {""pressure"": 848.94, ""temperature"": 26.45, ""AGL"": 1.3, ""velocity"": 0, ""kalman_altitude"": 1.3, ""kalman_vertical_velocity"": -3.3}, ""chute_state"": {""pyro1_state"": 0, ""pyro2_state"": 0}, ""connection_status"": {""connected"": true, ""has_ever_connected"": true, ""packet_age_ms"": 1, ""timeout_exceeded"": false, ""rssi"": -78}, ""communication_mode"": ""BEACON"", ""timestamp"": 199238, ""packets_received"": 793, ""kalman_data"": {""altitude"": 1.3, ""vertical_velocity"": -3.3}, ""kalman_altitude"": 1.3, ""kalman_vertical_velocity"": -3.3, ""pyroDrogue"": 0, ""pyroMain"": 0, ""pyro1_state"": 0, ""pyro2_state"": 0}"
1764328848.625933,2025-11-28T14:20:48.625933,1552,0,0,-0.57,-0.61,0.5,-34.79,-50.93,60.52,2.62,43.45,0,0,0,137006,848.98,26.44,0.92,0,0,0,0,-79,0.94,-3.41,BEACON,"{""record_number"": 1552, ""operation_mode"": 0, ""state"": 0, ""battery_voltage"": 0, ""wifi_rssi"": -79, ""acc_data"": {""ax"": -0.57, ""ay"": -0.61, ""az"": 0.5, ""pitch"": -34.79, ""roll"": -50.93}, ""gyro_data"": {""gx"": 60.52, ""gy"": 2.62, ""gz"": 43.45}, ""gps_data"": {""latitude"": 0, ""longitude"": 0, ""gps_altitude"": 0, ""time"": 137006}, ""alt_data"": {""pressure"": 848.98, ""temperature"": 26.44, ""AGL"": 0.92, ""velocity"": 0, ""kalman_altitude"": 0.94, ""kalman_vertical_velocity"": -3.41}, ""chute_state"": {""pyro1_state"": 0, ""pyro2_state"": 0}, ""connection_status"": {""connected"": true, ""has_ever_connected"": true, ""packet_age_ms"": 1, ""timeout_exceeded"": false, ""rssi"": -79}, ""communication_mode"": ""BEACON"", ""timestamp"": 199353, ""packets_received"": 794, ""kalman_data"": {""altitude"": 0.94, ""vertical_velocity"": -3.41}, ""kalman_altitude"": 0.94, ""kalman_vertical_velocity"": -3.41, ""pyroDrogue"": 0, ""pyroMain"": 0, ""pyro1_state"": 0, ""pyro2_state"": 0}"
1764328848.783376,2025-11-28T14:20:48.783376,1553,0,0,-0.55,-0.57,0.52,-33.97,-47.02,55.52,3.69,12.96,0,0,0,137006,849,26.46,0.68,0,0,0,0,-77,0.69,-3.49,BEACON,"{""record_number"": 1553, ""operation_mode"": 0, ""state"": 0, ""battery_voltage"": 0, ""wifi_rssi"": -77, ""acc_data"": {""ax"": -0.55, ""ay"": -0.57, ""az"": 0.52, ""pitch"": -33.97, ""roll"": -47.02}, ""gyro_data"": {""gx"": 55.52, ""gy"": 3.69, ""gz"": 12.96}, ""gps_data"": {""latitude"": 0, ""longitude"": 0, ""gps_altitude"": 0, ""time"": 137006}, ""alt_data"": {""pressure"": 849, ""temperature"": 26.46, ""AGL"": 0.68, ""velocity"": 0, ""kalman_altitude"": 0.69, ""kalman_vertical_velocity"": -3.49}, ""chute_state"": {""pyro1_state"": 0, ""pyro2_state"": 0}, ""connection_status"": {""connected"": true, ""has_ever_connected"": true, ""packet_age_ms"": 0, ""timeout_exceeded"": false, ""rssi"": -77}, ""communication_mode"": ""BEACON"", ""timestamp"": 199462, ""packets_received"": 795, ""kalman_data"": {""altitude"": 0.69, ""vertical_velocity"": -3.49}, ""kalman_altitude"": 0.69, ""kalman_vertical_velocity"": -3.49, ""pyroDrogue"": 0, ""pyroMain"": 0, ""pyro1_state"": 0, ""pyro2_state"": 0}"
1764328848.872217,2025-11-28T14:20:48.872217,1555,0,0,-0.59,-0.53,0.55,-34.96,-44.27,28.48,6.95,55.27,0,0,0,137206,848.96,26.45,1.09,0,0,0,0,-80,1.07,-3.4,BEACON,"{""record_number"": 1555, ""operation_mode"": 0, ""state"": 0, ""battery_voltage"": 0, ""wifi_rssi"": -80, ""acc_data"": {""ax"": -0.59, ""ay"": -0.53, ""az"": 0.55, ""pitch"": -34.96, ""roll"": -44.27}, ""gyro_data"": {""gx"": 28.48, ""gy"": 6.95, ""gz"": 55.27}, ""gps_data"": {""latitude"": 0, ""longitude"": 0, ""gps_altitude"": 0, ""time"": 137206}, ""alt_data"": {""pressure"": 848.96, ""temperature"": 26.45, ""AGL"": 1.09, ""velocity"": 0, ""kalman_altitude"": 1.07, ""kalman_vertical_velocity"": -3.4}, ""chute_state"": {""pyro1_state"": 0, ""pyro2_state"": 0}, ""connection_status"": {""connected"": true, ""has_ever_connected"": true, ""packet_age_ms"": 0, ""timeout_exceeded"": false, ""rssi"": -80}, ""communication_mode"": ""BEACON"", ""timestamp"": 199578, ""packets_received"": 796, ""kalman_data"": {""altitude"": 1.07, ""vertical_velocity"": -3.4}, ""kalman_altitude"": 1.07, ""kalman_vertical_velocity"": -3.4, ""pyroDrogue"": 0, ""pyroMain"": 0, ""pyro1_state"": 0, ""pyro2_state"": 0}"
1764328848.962036,2025-11-28T14:20:48.962036,1556,0,0,-0.58,-0.54,0.6,-36.47,-41.27,24.76,61.4,50.73,0,0,0,137206,849.01,26.45,0.66,0,0,0,0,-81,0.67,-3.52,BEACON,"{""record_number"": 1556, ""operation_mode"": 0, ""state"": 0, ""battery_voltage"": 0, ""wifi_rssi"": -81, ""acc_data"": {""ax"": -0.58, ""ay"": -0.54, ""az"": 0.6, ""pitch"": -36.47, ""roll"": -41.27}, ""gyro_data"": {""gx"": 24.76, ""gy"": 61.4, ""gz"": 50.73}, ""gps_data"": {""latitude"": 0, ""longitude"": 0, ""gps_altitude"": 0, ""time"": 137206}, ""alt_data"": {""pressure"": 849.01, ""temperature"": 26.45, ""AGL"": 0.66, ""velocity"": 0, ""kalman_altitude"": 0.67, ""kalman_vertical_velocity"": -3.52}, ""chute_state"": {""pyro1_state"": 0, ""pyro2_state"": 0}, ""connection_status"": {""connected"": true, ""has_ever_connected"": true, ""packet_age_ms"": 0, ""timeout_exceeded"": false, ""rssi"": -81}, ""communication_mode"": ""BEACON"", ""timestamp"": 199688, ""packets_received"": 797, ""kalman_data"": {""altitude"": 0.67, ""vertical_velocity"": -3.52}, ""kalman_altitude"": 0.67, ""kalman_vertical_velocity"": -3.52, ""pyroDrogue"": 0, ""pyroMain"": 0, ""pyro1_state"": 0, ""pyro2_state"": 0}"
1764328849.095733,2025-11-28T14:20:49.095733,1557,0,0,-0.66,-0.4,0.54,-41.59,-36.91,91.83,62.01,54.48,0,0,0,137405,849.01,26.45,0.66,0,0,0,0,-82,0.66,-3.54,BEACON,"{""record_number"": 1557, ""operation_mode"": 0, ""state"": 0, ""battery_voltage"": 0, ""wifi_rssi"": -82, ""acc_data"": {""ax"": -0.66, ""ay"": -0.4, ""az"": 0.54, ""pitch"": -41.59, ""roll"": -36.91}, ""gyro_data"": {""gx"": 91.83, ""gy"": 62.01, ""gz"": 54.48}, ""gps_data"": {""latitude"": 0, ""longitude"": 0, ""gps_altitude"": 0, ""time"": 137405}, ""alt_data"": {""pressure"": 849.01, ""temperature"": 26.45, ""AGL"": 0.66, ""velocity"": 0, ""kalman_altitude"": 0.66, ""kalman_vertical_velocity"": -3.54}, ""chute_state"": {""pyro1_state"": 0, ""pyro2_state"": 0}, ""connection_status"": {""connected"": true, ""has_ever_connected"": true, ""packet_age_ms"": 0, ""timeout_exceeded"": false, ""rssi"": -82}, ""communication_mode"": ""BEACON"", ""timestamp"": 199807, ""packets_received"": 798, ""kalman_data"": {""altitude"": 0.66, ""vertical_velocity"": -3.54}, ""kalman_altitude"": 0.66, ""kalman_vertical_velocity"": -3.54, ""pyroDrogue"": 0, ""pyroMain"": 0, ""pyro1_state"": 0, ""pyro2_state"": 0}"
1764328849.213395,2025-11-28T14:20:49.213395,1559,0,0,-0.63,-0.41,0.51,-39.35,-39.38,-77.29,40.3,30,0,0,0,137405,849,26.45,0.73,0,0,0,0,-82,0.75,-3.53,BEACON,"{""record_number"": 1559, ""operation_mode"": 0, ""state"": 0, ""battery_voltage"": 0, ""wifi_rssi"": -82, ""acc_data"": {""ax"": -0.63, ""ay"": -0.41, ""az"": 0.51, ""pitch"": -39.35, ""roll"": -39.38}, ""gyro_data"": {""gx"": -77.29, ""gy"": 40.3, ""gz"": 30}, ""gps_data"": {""latitude"": 0, ""longitude"": 0, ""gps_altitude"": 0, ""time"": 137405}, ""alt_data"": {""pressure"": 849, ""temperature"": 26.45, ""AGL"": 0.73, ""velocity"": 0, ""kalman_altitude"": 0.75, ""kalman_vertical_velocity"": -3.53}, ""chute_state"": {""pyro1_state"": 0, ""pyro2_state"": 0}, ""connection_status"": {""connected"": true, ""has_ever_connected"": true, ""packet_age_ms"": 1, ""timeout_exceeded"": false, ""rssi"": -82}, ""communication_mode"": ""BEACON"", ""timestamp"": 199918, ""packets_received"": 799, ""kalman_data"": {""altitude"": 0.75, ""vertical_velocity"": -3.53}, ""kalman_altitude"": 0.75, ""kalman_vertical_velocity"": -3.53, ""pyroDrogue"": 0, ""pyroMain"": 0, ""pyro1_state"": 0, ""pyro2_state"": 0}"
1764328849.302035,2025-11-28T14:20:49.302035,1560,0,0,-0.69,-0.47,0.53,-43.3,-42.29,-98.51,11.65,-0.03,0,0,0,137607,848.98,26.45,0.94,0,0,0,0,-83,0.94,-3.49,BEACON,"{""record_number"": 1560, ""operation_mode"": 0, ""state"": 0, ""battery_voltage"": 0, ""wifi_rssi"": -83, ""acc_data"": {""ax"": -0.69, ""ay"": -0.47, ""az"": 0.53, ""pitch"": -43.3, ""roll"": -42.29}, ""gyro_data"": {""gx"": -98.51, ""gy"": 11.65, ""gz"": -0.03}, ""gps_data"": {""latitude"": 0, ""longitude"": 0, ""gps_altitude"": 0, ""time"": 137607}, ""alt_data"": {""pressure"": 848.98, ""temperature"": 26.45, ""AGL"": 0.94, ""velocity"": 0, ""kalman_altitude"": 0.94, ""kalman_vertical_velocity"": -3.49}, ""chute_state"": {""pyro1_state"": 0, ""pyro2_state"": 0}, ""connection_status"": {""connected"": true, ""has_ever_connected"": true, ""packet_age_ms"": 0, ""timeout_exceeded"": false, ""rssi"": -83}, ""communication_mode"": ""BEACON"", ""timestamp"": 200027, ""packets_received"": 800, ""kalman_data"": {""altitude"": 0.94, ""vertical_velocity"": -3.49}, ""kalman_altitude"": 0.94, ""kalman_vertical_velocity"": -3.49, ""pyroDrogue"": 0, ""pyroMain"": 0, ""pyro1_state"": 0, ""pyro2_state"": 0}"
1764328849.457812,2025-11-28T14:20:49.457812,1561,0,0,-0.68,-0.51,0.46,-42.91,-47.93,-23.69,-6.22,-17.96,0,0,0,137607,848.99,26.46,0.78,0,0,0,0,-86,0.79,-3.54,BEACON,"{""record_number"": 1561, ""operation_mode"": 0, ""state"": 0, ""battery_voltage"": 0, ""wifi_rssi"": -86, ""acc_data"": {""ax"": -0.68, ""ay"": -0.51, ""az"": 0.46, ""pitch"": -42.91, ""roll"": -47.93}, ""gyro_data"": {""gx"": -23.69, ""gy"": -6.22, ""gz"": -17.96}, ""gps_data"": {""latitude"": 0, ""longitude"": 0, ""gps_altitude"": 0, ""time"": 137607}, ""alt_data"": {""pressure"": 848.99, ""temperature"": 26.46, ""AGL"": 0.78, ""velocity"": 0, ""kalman_altitude"": 0.79, ""kalman_vertical_velocity"": -3.54}, ""chute_state"": {""pyro1_state"": 0, ""pyro2_state"": 0}, ""connection_status"": {""connected"": true, ""has_ever_connected"": true, ""packet_age_ms"": 0, ""timeout_exceeded"": false, ""rssi"": -86}, ""communication_mode"": ""BEACON"", ""timestamp"": 200140, ""packets_received"": 801, ""kalman_data"": {""altitude"": 0.79, ""vertical_velocity"": -3.54}, ""kalman_altitude"": 0.79, ""kalman_vertical_velocity"": -3.54, ""pyroDrogue"": 0, ""pyroMain"": 0, ""pyro1_state"": 0, ""pyro2_state"": 0}"
1764328849.618865,2025-11-28T14:20:49.618865,1563,0,0,-0.66,-0.51,0.49,-41.74,-46.4,22.68,17.29,5.4,0,0,0,137811,849.02,26.47,0.48,0,0,0,0,-84,0.5,-3.65,BEACON,"{""record_number"": 1563, ""operation_mode"": 0, ""state"": 0, ""battery_voltage"": 0, ""wifi_rssi"": -84, ""acc_data"": {""ax"": -0.66, ""ay"": -0.51, ""az"": 0.49, ""pitch"": -41.74, ""roll"": -46.4}, ""gyro_data"": {""gx"": 22.68, ""gy"": 17.29, ""gz"": 5.4}, ""gps_data"": {""latitude"": 0, ""longitude"": 0, ""gps_altitude"": 0, ""time"": 137811}, ""alt_data"": {""pressure"": 849.02, ""temperature"": 26.47, ""AGL"": 0.48, ""velocity"": 0, ""kalman_altitude"": 0.5, ""kalman_vertical_velocity"": -3.65}, ""chute_state"": {""pyro1_state"": 0, ""pyro2_state"": 0}, ""connection_status"": {""connected"": true, ""has_ever_connected"": true, ""packet_age_ms"": 1, ""timeout_exceeded"": false, ""rssi"": -84}, ""communication_mode"": ""BEACON"", ""timestamp"": 200254, ""packets_received"": 802, ""kalman_data"": {""altitude"": 0.5, ""vertical_velocity"": -3.65}, ""kalman_altitude"": 0.5, ""kalman_vertical_velocity"": -3.65, ""pyroDrogue"": 0, ""pyroMain"": 0, ""pyro1_state"": 0, ""pyro2_state"": 0}"
1764328849.686931,2025-11-28T14:20:49.686931,1564,0,0,-0.67,-0.44,0.49,-43.18,-42.26,7.56,12.65,14.45,0,0,0,138011,848.95,26.45,1.23,0,0,0,0,-79,1.2,-3.46,BEACON,"{""record_number"": 1564, ""operation_mode"": 0, ""state"": 0, ""battery_voltage"": 0, ""wifi_rssi"": -79, ""acc_data"": {""ax"": -0.67, ""ay"": -0.44, ""az"": 0.49, ""pitch"": -43.18, ""roll"": -42.26}, ""gyro_data"": {""gx"": 7.56, ""gy"": 12.65, ""gz"": 14.45}, ""gps_data"": {""latitude"": 0, ""longitude"": 0, ""gps_altitude"": 0, ""time"": 138011}, ""alt_data"": {""pressure"": 848.95, ""temperature"": 26.45, ""AGL"": 1.23, ""velocity"": 0, ""kalman_altitude"": 1.2, ""kalman_vertical_velocity"": -3.46}, ""chute_state"": {""pyro1_state"": 0, ""pyro2_state"": 0}, ""connection_status"": {""connected"": true, ""has_ever_connected"": true, ""packet_age_ms"": 0, ""timeout_exceeded"": false, ""rssi"": -79}, ""communication_mode"": ""BEACON"", ""timestamp"": 200366, ""packets_received"": 803, ""kalman_data"": {""altitude"": 1.2, ""vertical_velocity"": -3.46}, ""kalman_altitude"": 1.2, ""kalman_vertical_velocity"": -3.46, ""pyroDrogue"": 0, ""pyroMain"": 0, ""pyro1_state"": 0, ""pyro2_state"": 0}"
1764328849.788995,2025-11-28T14:20:49.788995,1565,0,0,-0.67,-0.43,0.47,-41.52,-42.64,-31.65,5.61,10.06,0,0,0,138011,848.99,26.46,0.78,0,0,0,0,-84,0.8,-3.58,BEACON,"{""record_number"": 1565, ""operation_mode"": 0, ""state"": 0, ""battery_voltage"": 0, ""wifi_rssi"": -84, ""acc_data"": {""ax"": -0.67, ""ay"": -0.43, ""az"": 0.47, ""pitch"": -41.52, ""roll"": -42.64}, ""gyro_data"": {""gx"": -31.65, ""gy"": 5.61, ""gz"": 10.06}, ""gps_data"": {""latitude"": 0, ""longitude"": 0, ""gps_altitude"": 0, ""time"": 138011}, ""alt_data"": {""pressure"": 848.99, ""temperature"": 26.46, ""AGL"": 0.78, ""velocity"": 0, ""kalman_altitude"": 0.8, ""kalman_vertical_velocity"": -3.58}, ""chute_state"": {""pyro1_state"": 0, ""pyro2_state"": 0}, ""connection_status"": {""connected"": true, ""has_ever_connected"": true, ""packet_age_ms"": 1, ""timeout_exceeded"": false, ""rssi"": -84}, ""communication_mode"": ""BEACON"", ""timestamp"": 200480, ""packets_received"": 804, ""kalman_data"": {""altitude"": 0.8, ""vertical_velocity"": -3.58}, ""kalman_altitude"": 0.8, ""kalman_vertical_velocity"": -3.58, ""pyroDrogue"": 0, ""pyroMain"": 0, ""pyro1_state"": 0, ""pyro2_state"": 0}"
1764328849.883071,2025-11-28T14:20:49.883071,1567,0,0,-0.67,-0.49,0.49,-42.27,-45.13,-41.89,-32.68,-15.85,0,0,0,138211,848.96,26.46,1.14,0,0,0,0,-83,1.13,-3.51,BEACON,"{""record_number"": 1567, ""operation_mode"": 0, ""state"": 0, ""battery_voltage"": 0, ""wifi_rssi"": -83, ""acc_data"": {""ax"": -0.67, ""ay"": -0.49, ""az"": 0.49, ""pitch"": -42.27, ""roll"": -45.13}, ""gyro_data"": {""gx"": -41.89, ""gy"": -32.68, ""gz"": -15.85}, ""gps_data"": {""latitude"": 0, ""longitude"": 0, ""gps_altitude"": 0, ""time"": 138211}, ""alt_data"": {""pressure"": 848.96, ""temperature"": 26.46, ""AGL"": 1.14, ""velocity"": 0, ""kalman_altitude"": 1.13, ""kalman_vertical_velocity"": -3.51}, ""chute_state"": {""pyro1_state"": 0, ""pyro2_state"": 0}, ""connection_status"": {""connected"": true, ""has_ever_connected"": true, ""packet_age_ms"": 0, ""timeout_exceeded"": false, ""rssi"": -83}, ""communication_mode"": ""BEACON"", ""timestamp"": 200592, ""packets_received"": 805, ""kalman_data"": {""altitude"": 1.13, ""vertical_velocity"": -3.51}, ""kalman_altitude"": 1.13, ""kalman_vertical_velocity"": -3.51, ""pyroDrogue"": 0, ""pyroMain"": 0, ""pyro1_state"": 0, ""pyro2_state"": 0}"
1764328850.003121,2025-11-28T14:20:50.003121,1568,0,0,-0.63,-0.51,0.49,-38.88,-45.75,-18.75,-14.48,-8.38,0,0,0,138211,848.94,26.46,1.29,0,0,0,0,-82,1.28,-3.48,BEACON,"{""record_number"": 1568, ""operation_mode"": 0, ""state"": 0, ""battery_voltage"": 0, ""wifi_rssi"": -82, ""acc_data"": {""ax"": -0.63, ""ay"": -0.51, ""az"": 0.49, ""pitch"": -38.88, ""roll"": -45.75}, ""gyro_data"": {""gx"": -18.75, ""gy"": -14.48, ""gz"": -8.38}, ""gps_data"": {""latitude"": 0, ""longitude"": 0, ""gps_altitude"": 0, ""time"": 138211}, ""alt_data"": {""pressure"": 848.94, ""temperature"": 26.46, ""AGL"": 1.29, ""velocity"": 0, ""kalman_altitude"": 1.28, ""kalman_vertical_velocity"": -3.48}, ""chute_state"": {""pyro1_state"": 0, ""pyro2_state"": 0}, ""connection_status"": {""connected"": true, ""has_ever_connected"": true, ""packet_age_ms"": 1, ""timeout_exceeded"": false, ""rssi"": -82}, ""communication_mode"": ""BEACON"", ""timestamp"": 200705, ""packets_received"": 806, ""kalman_data"": {""altitude"": 1.28, ""vertical_velocity"": -3.48}, ""kalman_altitude"": 1.28, ""kalman_vertical_velocity"": -3.48, ""pyroDrogue"": 0, ""pyroMain"": 0, ""pyro1_state"": 0, ""pyro2_state"": 0}"
1764328850.141312,2025-11-28T14:20:50.141312,1569,0,0,-0.68,-0.52,0.49,-42.84,-46.65,-10.46,-28.96,-49.97,0,0,0,138410,848.94,26.46,1.36,0,0,0,0,-83,1.36,-3.47,BEACON,"{""record_number"": 1569, ""operation_mode"": 0, ""state"": 0, ""battery_voltage"": 0, ""wifi_rssi"": -83, ""acc_data"": {""ax"": -0.68, ""ay"": -0.52, ""az"": 0.49, ""pitch"": -42.84, ""roll"": -46.65}, ""gyro_data"": {""gx"": -10.46, ""gy"": -28.96, ""gz"": -49.97}, ""gps_data"": {""latitude"": 0, ""longitude"": 0, ""gps_altitude"": 0, ""time"": 138410}, ""alt_data"": {""pressure"": 848.94, ""temperature"": 26.46, ""AGL"": 1.36, ""velocity"": 0, ""kalman_altitude"": 1.36, ""kalman_vertical_velocity"": -3.47}, ""chute_state"": {""pyro1_state"": 0, ""pyro2_state"": 0}, ""connection_status"": {""connected"": true, ""has_ever_connected"": true, ""packet_age_ms"": 1, ""timeout_exceeded"": false, ""rssi"": -83}, ""communication_mode"": ""BEACON"", ""timestamp"": 200818, ""packets_received"": 807, ""kalman_data"": {""altitude"": 1.36, ""vertical_velocity"": -3.47}, ""kalman_altitude"": 1.36, ""kalman_vertical_velocity"": -3.47, ""pyroDrogue"": 0, ""pyroMain"": 0, ""pyro1_state"": 0, ""pyro2_state"": 0}"
1764328850.349126,2025-11-28T14:20:50.349126,1572,0,0,-0.59,-0.52,0.48,-36.96,-48.09,-42.23,-21.31,-52.65,0,0,0,138612,848.99,26.47,0.81,0,0,0,0,-80,0.82,-3.65,BEACON,"{""record_number"": 1572, ""operation_mode"": 0, ""state"": 0, ""battery_voltage"": 0, ""wifi_rssi"": -80, ""acc_data"": {""ax"": -0.59, ""ay"": -0.52, ""az"": 0.48, ""pitch"": -36.96, ""roll"": -48.09}, ""gyro_data"": {""gx"": -42.23, ""gy"": -21.31, ""gz"": -52.65}, ""gps_data"": {""latitude"": 0, ""longitude"": 0, ""gps_altitude"": 0, ""time"": 138612}, ""alt_data"": {""pressure"": 848.99, ""temperature"": 26.47, ""AGL"": 0.81, ""velocity"": 0, ""kalman_altitude"": 0.82, ""kalman_vertical_velocity"": -3.65}, ""chute_state"": {""pyro1_state"": 0, ""pyro2_state"": 0}, ""connection_status"": {""connected"": true, ""has_ever_connected"": true, ""packet_age_ms"": 1, ""timeout_exceeded"": false, ""rssi"": -80}, ""communication_mode"": ""BEACON"", ""timestamp"": 201045, ""packets_received"": 808, ""kalman_data"": {""altitude"": 0.82, ""vertical_velocity"": -3.65}, ""kalman_altitude"": 0.82, ""kalman_vertical_velocity"": -3.65, ""pyroDrogue"": 0, ""pyroMain"": 0, ""pyro1_state"": 0, ""pyro2_state"": 0}"
1764328850.445036,2025-11-28T14:20:50.445036,1573,0,0,-0.6,-0.57,0.54,-37,-46.24,-55.67,-12.26,-29.05,0,0,0,138816,849.02,26.47,0.52,0,0,0,0,-82,0.53,-3.74,BEACON,"{""record_number"": 1573, ""operation_mode"": 0, ""state"": 0, ""battery_voltage"": 0, ""wifi_rssi"": -82, ""acc_data"": {""ax"": -0.6, ""ay"": -0.57, ""az"": 0.54, ""pitch"": -37, ""roll"": -46.24}, ""gyro_data"": {""gx"": -55.67, ""gy"": -12.26, ""gz"": -29.05}, ""gps_data"": {""latitude"": 0, ""longitude"": 0, ""gps_altitude"": 0, ""time"": 138816}, ""alt_data"": {""pressure"": 849.02, ""temperature"": 26.47, ""AGL"": 0.52, ""velocity"": 0, ""kalman_altitude"": 0.53, ""kalman_vertical_velocity"": -3.74}, ""chute_state"": {""pyro1_state"": 0, ""pyro2_state"": 0}, ""connection_status"": {""connected"": true, ""has_ever_connected"": true, ""packet_age_ms"": 0, ""timeout_exceeded"": false, ""rssi"": -82}, ""communication_mode"": ""BEACON"", ""timestamp"": 201156, ""packets_received"": 809, ""kalman_data"": {""altitude"": 0.53, ""vertical_velocity"": -3.74}, ""kalman_altitude"": 0.53, ""kalman_vertical_velocity"": -3.74, ""pyroDrogue"": 0, ""pyroMain"": 0, ""pyro1_state"": 0, ""pyro2_state"": 0}"
1764328850.665453,2025-11-28T14:20:50.665453,1575,0,0,-0.55,-0.58,0.47,-33.6,-51.89,9.94,3.6,-19.88,0,0,0,138816,848.98,26.46,0.96,0,0,0,0,-81,0.95,-3.63,BEACON,"{""record_number"": 1575, ""operation_mode"": 0, ""state"": 0, ""battery_voltage"": 0, ""wifi_rssi"": -81, ""acc_data"": {""ax"": -0.55, ""ay"": -0.58, ""az"": 0.47, ""pitch"": -33.6, ""roll"": -51.89}, ""gyro_data"": {""gx"": 9.94, ""gy"": 3.6, ""gz"": -19.88}, ""gps_data"": {""latitude"": 0, ""longitude"": 0, ""gps_altitude"": 0, ""time"": 138816}, ""alt_data"": {""pressure"": 848.98, ""temperature"": 26.46, ""AGL"": 0.96, ""velocity"": 0, ""kalman_altitude"": 0.95, ""kalman_vertical_velocity"": -3.63}, ""chute_state"": {""pyro1_state"": 0, ""pyro2_state"": 0}, ""connection_status"": {""connected"": true, ""has_ever_connected"": true, ""packet_age_ms"": 0, ""timeout_exceeded"": false, ""rssi"": -81}, ""communication_mode"": ""BEACON"", ""timestamp"": 201268, ""packets_received"": 810, ""kalman_data"": {""altitude"": 0.95, ""vertical_velocity"": -3.63}, ""kalman_altitude"": 0.95, ""kalman_vertical_velocity"": -3.63, ""pyroDrogue"": 0, ""pyroMain"": 0, ""pyro1_state"": 0, ""pyro2_state"": 0}"
1764328850.723533,2025-11-28T14:20:50.723533,1576,0,0,-0.61,-0.61,0.53,-37.31,-49.13,-14.79,-36.89,-22.32,0,0,0,139016,849.01,26.47,0.63,0,0,0,0,-82,0.63,-3.74,BEACON,"{""record_number"": 1576, ""operation_mode"": 0, ""state"": 0, ""battery_voltage"": 0, ""wifi_rssi"": -82, ""acc_data"": {""ax"": -0.61, ""ay"": -0.61, ""az"": 0.53, ""pitch"": -37.31, ""roll"": -49.13}, ""gyro_data"": {""gx"": -14.79, ""gy"": -36.89, ""gz"": -22.32}, ""gps_data"": {""latitude"": 0, ""longitude"": 0, ""gps_altitude"": 0, ""time"": 139016}, ""alt_data"": {""pressure"": 849.01, ""temperature"": 26.47, ""AGL"": 0.63, ""velocity"": 0, ""kalman_altitude"": 0.63, ""kalman_vertical_velocity"": -3.74}, ""chute_state"": {""pyro1_state"": 0, ""pyro2_state"": 0}, ""connection_status"": {""connected"": true, ""has_ever_connected"": true, ""packet_age_ms"": 1, ""timeout_exceeded"": false, ""rssi"": -82}, ""communication_mode"": ""BEACON"", ""timestamp"": 201381, ""packets_received"": 811, ""kalman_data"": {""altitude"": 0.63, ""vertical_velocity"": -3.74}, ""kalman_altitude"": 0.63, ""kalman_vertical_velocity"": -3.74, ""pyroDrogue"": 0, ""pyroMain"": 0, ""pyro1_state"": 0, ""pyro2_state"": 0}"
1764328850.767612,2025-11-28T14:20:50.767612,1577,0,0,-0.54,-0.6,0.5,-33.43,-51.42,29.09,-0.55,-8.05,0,0,0,139016,849,26.48,0.69,0,0,0,0,-83,0.69,-3.73,BEACON,"{""record_number"": 1577, ""operation_mode"": 0, ""state"": 0, ""battery_voltage"": 0, ""wifi_rssi"": -83, ""acc_data"": {""ax"": -0.54, ""ay"": -0.6, ""az"": 0.5, ""pitch"": -33.43, ""roll"": -51.42}, ""gyro_data"": {""gx"": 29.09, ""gy"": -0.55, ""gz"": -8.05}, ""gps_data"": {""latitude"": 0, ""longitude"": 0, ""gps_altitude"": 0, ""time"": 139016}, ""alt_data"": {""pressure"": 849, ""temperature"": 26.48, ""AGL"": 0.69, ""velocity"": 0, ""kalman_altitude"": 0.69, ""kalman_vertical_velocity"": -3.73}, ""chute_state"": {""pyro1_state"": 0, ""pyro2_state"": 0}, ""connection_status"": {""connected"": true, ""has_ever_connected"": true, ""packet_age_ms"": 0, ""timeout_exceeded"": false, ""rssi"": -83}, ""communication_mode"": ""BEACON"", ""timestamp"": 201492, ""packets_received"": 812, ""kalman_data"": {""altitude"": 0.69, ""vertical_velocity"": -3.73}, ""kalman_altitude"": 0.69, ""kalman_vertical_velocity"": -3.73, ""pyroDrogue"": 0, ""pyroMain"": 0, ""pyro1_state"": 0, ""pyro2_state"": 0}"
1764328850.912205,2025-11-28T14:20:50.912205,1579,0,0,-0.59,-0.52,0.54,-36.58,-43.93,40.64,6.4,-3.08,0,0,0,139216,848.98,26.47,0.95,0,0,0,0,-82,0.94,-3.67,BEACON,"{""record_number"": 1579, ""operation_mode"": 0, ""state"": 0, ""battery_voltage"": 0, ""wifi_rssi"": -82, ""acc_data"": {""ax"": -0.59, ""ay"": -0.52, ""az"": 0.54, ""pitch"": -36.58, ""roll"": -43.93}, ""gyro_data"": {""gx"": 40.64, ""gy"": 6.4, ""gz"": -3.08}, ""gps_data"": {""latitude"": 0, ""longitude"": 0, ""gps_altitude"": 0, ""time"": 139216}, ""alt_data"": {""pressure"": 848.98, ""temperature"": 26.47, ""AGL"": 0.95, ""velocity"": 0, ""kalman_altitude"": 0.94, ""kalman_vertical_velocity"": -3.67}, ""chute_state"": {""pyro1_state"": 0, ""pyro2_state"": 0}, ""connection_status"": {""connected"": true, ""has_ever_connected"": true, ""packet_age_ms"": 1, ""timeout_exceeded"": false, ""rssi"": -82}, ""communication_mode"": ""BEACON"", ""timestamp"": 201605, ""packets_received"": 813, ""kalman_data"": {""altitude"": 0.94, ""vertical_velocity"": -3.67}, ""kalman_altitude"": 0.94, ""kalman_vertical_velocity"": -3.67, ""pyroDrogue"": 0, ""pyroMain"": 0, ""pyro1_state"": 0, ""pyro2_state"": 0}"
1764328850.996385,2025-11-28T14:20:50.996385,1580,0,0,-0.59,-0.52,0.5,-36.65,-45.99,15.95,-15.4,-0.52,0,0,0,139216,849,26.47,0.7,0,0,0,0,-81,0.72,-3.75,BEACON,"{""record_number"": 1580, ""operation_mode"": 0, ""state"": 0, ""battery_voltage"": 0, ""wifi_rssi"": -81, ""acc_data"": {""ax"": -0.59, ""ay"": -0.52, ""az"": 0.5, ""pitch"": -36.65, ""roll"": -45.99}, ""gyro_data"": {""gx"": 15.95, ""gy"": -15.4, ""gz"": -0.52}, ""gps_data"": {""latitude"": 0, ""longitude"": 0, ""gps_altitude"": 0, ""time"": 139216}, ""alt_data"": {""pressure"": 849, ""temperature"": 26.47, ""AGL"": 0.7, ""velocity"": 0, ""kalman_altitude"": 0.72, ""kalman_vertical_velocity"": -3.75}, ""chute_state"": {""pyro1_state"": 0, ""pyro2_state"": 0}, ""connection_status"": {""connected"": true, ""has_ever_connected"": true, ""packet_age_ms"": 0, ""timeout_exceeded"": false, ""rssi"": -81}, ""communication_mode"": ""BEACON"", ""timestamp"": 201718, ""packets_received"": 814, ""kalman_data"": {""altitude"": 0.72, ""vertical_velocity"": -3.75}, ""kalman_altitude"": 0.72, ""kalman_vertical_velocity"": -3.75, ""pyroDrogue"": 0, ""pyroMain"": 0, ""pyro1_state"": 0, ""pyro2_state"": 0}"
1764328851.151822,2025-11-28T14:20:51.151822,1581,0,0,-0.59,-0.55,0.56,-35.99,-44.66,-14.51,-50.09,-11.68,0,0,0,139415,848.99,26.48,0.87,0,0,0,0,-82,0.86,-3.72,BEACON,"{""record_number"": 1581, ""operation_mode"": 0, ""state"": 0, ""battery_voltage"": 0, ""wifi_rssi"": -82, ""acc_data"": {""ax"": -0.59, ""ay"": -0.55, ""az"": 0.56, ""pitch"": -35.99, ""roll"": -44.66}, ""gyro_data"": {""gx"": -14.51, ""gy"": -50.09, ""gz"": -11.68}, ""gps_data"": {""latitude"": 0, ""longitude"": 0, ""gps_altitude"": 0, ""time"": 139415}, ""alt_data"": {""pressure"": 848.99, ""temperature"": 26.48, ""AGL"": 0.87, ""velocity"": 0, ""kalman_altitude"": 0.86, ""kalman_vertical_velocity"": -3.72}, ""chute_state"": {""pyro1_state"": 0, ""pyro2_state"": 0}, ""connection_status"": {""connected"": true, ""has_ever_connected"": true, ""packet_age_ms"": 1, ""timeout_exceeded"": false, ""rssi"": -82}, ""communication_mode"": ""BEACON"", ""timestamp"": 201832, ""packets_received"": 815, ""kalman_data"": {""altitude"": 0.86, ""vertical_velocity"": -3.72}, ""kalman_altitude"": 0.86, ""kalman_vertical_velocity"": -3.72, ""pyroDrogue"": 0, ""pyroMain"": 0, ""pyro1_state"": 0, ""pyro2_state"": 0}"
1764328851.446235,2025-11-28T14:20:51.446235,1585,0,0,-0.53,-0.55,0.55,-32.7,-45.17,-7.44,-103.08,-86.95,0,0,0,139821,849.05,26.49,0.25,0,0,0,0,-79,0.29,-3.91,BEACON,"{""record_number"": 1585, ""operation_mode"": 0, ""state"": 0, ""battery_voltage"": 0, ""wifi_rssi"": -79, ""acc_data"": {""ax"": -0.53, ""ay"": -0.55, ""az"": 0.55, ""pitch"": -32.7, ""roll"": -45.17}, ""gyro_data"": {""gx"": -7.44, ""gy"": -103.08, ""gz"": -86.95}, ""gps_data"": {""latitude"": 0, ""longitude"": 0, ""gps_altitude"": 0, ""time"": 139821}, ""alt_data"": {""pressure"": 849.05, ""temperature"": 26.49, ""AGL"": 0.25, ""velocity"": 0, ""kalman_altitude"": 0.29, ""kalman_vertical_velocity"": -3.91}, ""chute_state"": {""pyro1_state"": 0, ""pyro2_state"": 0}, ""connection_status"": {""connected"": true, ""has_ever_connected"": true, ""packet_age_ms"": 1, ""timeout_exceeded"": false, ""rssi"": -79}, ""communication_mode"": ""BEACON"", ""timestamp"": 202171, ""packets_received"": 816, ""kalman_data"": {""altitude"": 0.29, ""vertical_velocity"": -3.91}, ""kalman_altitude"": 0.29, ""kalman_vertical_velocity"": -3.91, ""pyroDrogue"": 0, ""pyroMain"": 0, ""pyro1_state"": 0, ""pyro2_state"": 0}"
1764328851.594852,2025-11-28T14:20:51.594852,1587,0,0,-0.5,-0.65,0.65,-30.21,-44.65,-33.9,-99.15,-76.92,0,0,0,139821,849,26.47,0.77,0,0,0,0,-79,0.75,-3.79,BEACON,"{""record_number"": 1587, ""operation_mode"": 0, ""state"": 0, ""battery_voltage"": 0, ""wifi_rssi"": -79, ""acc_data"": {""ax"": -0.5, ""ay"": -0.65, ""az"": 0.65, ""pitch"": -30.21, ""roll"": -44.65}, ""gyro_data"": {""gx"": -33.9, ""gy"": -99.15, ""gz"": -76.92}, ""gps_data"": {""latitude"": 0, ""longitude"": 0, ""gps_altitude"": 0, ""time"": 139821}, ""alt_data"": {""pressure"": 849, ""temperature"": 26.47, ""AGL"": 0.77, ""velocity"": 0, ""kalman_altitude"": 0.75, ""kalman_vertical_velocity"": -3.79}, ""chute_state"": {""pyro1_state"": 0, ""pyro2_state"": 0}, ""connection_status"": {""connected"": true, ""has_ever_connected"": true, ""packet_age_ms"": 1, ""timeout_exceeded"": false, ""rssi"": -79}, ""communication_mode"": ""BEACON"", ""timestamp"": 202286, ""packets_received"": 817, ""kalman_data"": {""altitude"": 0.75, ""vertical_velocity"": -3.79}, ""kalman_altitude"": 0.75, ""kalman_vertical_velocity"": -3.79, ""pyroDrogue"": 0, ""pyroMain"": 0, ""pyro1_state"": 0, ""pyro2_state"": 0}"
1764328851.681199,2025-11-28T14:20:51.681199,1588,0,0,-0.41,-0.61,0.63,-24.01,-44.52,23.29,-46.16,-40.73,0,0,0,140021,849,26.47,0.77,0,0,0,0,-79,0.79,-3.79,BEACON,"{""record_number"": 1588, ""operation_mode"": 0, ""state"": 0, ""battery_voltage"": 0, ""wifi_rssi"": -79, ""acc_data"": {""ax"": -0.41, ""ay"": -0.61, ""az"": 0.63, ""pitch"": -24.01, ""roll"": -44.52}, ""gyro_data"": {""gx"": 23.29, ""gy"": -46.16, ""gz"": -40.73}, ""gps_data"": {""latitude"": 0, ""longitude"": 0, ""gps_altitude"": 0, ""time"": 140021}, ""alt_data"": {""pressure"": 849, ""temperature"": 26.47, ""AGL"": 0.77, ""velocity"": 0, ""kalman_altitude"": 0.79, ""kalman_vertical_velocity"": -3.79}, ""chute_state"": {""pyro1_state"": 0, ""pyro2_state"": 0}, ""connection_status"": {""connected"": true, ""has_ever_connected"": true, ""packet_age_ms"": 0, ""timeout_exceeded"": false, ""rssi"": -79}, ""communication_mode"": ""BEACON"", ""timestamp"": 202397, ""packets_received"": 818, ""kalman_data"": {""altitude"": 0.79, ""vertical_velocity"": -3.79}, ""kalman_altitude"": 0.79, ""kalman_vertical_velocity"": -3.79, ""pyroDrogue"": 0, ""pyroMain"": 0, ""pyro1_state"": 0, ""pyro2_state"": 0}"
1764328851.7822,2025-11-28T14:20:51.782200,1589,0,0,-0.46,-0.6,0.63,-26.99,-44.33,-31.19,73.05,58.26,0,0,0,140021,848.99,26.47,0.81,0,0,0,0,-79,0.8,-3.79,BEACON,"{""record_number"": 1589, ""operation_mode"": 0, ""state"": 0, ""battery_voltage"": 0, ""wifi_rssi"": -79, ""acc_data"": {""ax"": -0.46, ""ay"": -0.6, ""az"": 0.63, ""pitch"": -26.99, ""roll"": -44.33}, ""gyro_data"": {""gx"": -31.19, ""gy"": 73.05, ""gz"": 58.26}, ""gps_data"": {""latitude"": 0, ""longitude"": 0, ""gps_altitude"": 0, ""time"": 140021}, ""alt_data"": {""pressure"": 848.99, ""temperature"": 26.47, ""AGL"": 0.81, ""velocity"": 0, ""kalman_altitude"": 0.8, ""kalman_vertical_velocity"": -3.79}, ""chute_state"": {""pyro1_state"": 0, ""pyro2_state"": 0}, ""connection_status"": {""connected"": true, ""has_ever_connected"": true, ""packet_age_ms"": 0, ""timeout_exceeded"": false, ""rssi"": -79}, ""communication_mode"": ""BEACON"", ""timestamp"": 202509, ""packets_received"": 819, ""kalman_data"": {""altitude"": 0.8, ""vertical_velocity"": -3.79}, ""kalman_altitude"": 0.8, ""kalman_vertical_velocity"": -3.79, ""pyroDrogue"": 0, ""pyroMain"": 0, ""pyro1_state"": 0, ""pyro2_state"": 0}"
1764328851.966868,2025-11-28T14:20:51.966868,1590,0,0,-0.45,-0.63,0.62,-27.11,-44.62,-4.48,5.82,-1.43,0,0,0,140220,849,26.47,0.71,0,0,0,0,-79,0.71,-3.82,BEACON,"{""record_number"": 1590, ""operation_mode"": 0, ""state"": 0, ""battery_voltage"": 0, ""wifi_rssi"": -79, ""acc_data"": {""ax"": -0.45, ""ay"": -0.63, ""az"": 0.62, ""pitch"": -27.11, ""roll"": -44.62}, ""gyro_data"": {""gx"": -4.48, ""gy"": 5.82, ""gz"": -1.43}, ""gps_data"": {""latitude"": 0, ""longitude"": 0, ""gps_altitude"": 0, ""time"": 140220}, ""alt_data"": {""pressure"": 849, ""temperature"": 26.47, ""AGL"": 0.71, ""velocity"": 0, ""kalman_altitude"": 0.71, ""kalman_vertical_velocity"": -3.82}, ""chute_state"": {""pyro1_state"": 0, ""pyro2_state"": 0}, ""connection_status"": {""connected"": true, ""has_ever_connected"": true, ""packet_age_ms"": 1, ""timeout_exceeded"": false, ""rssi"": -79}, ""communication_mode"": ""BEACON"", ""timestamp"": 202623, ""packets_received"": 820, ""kalman_data"": {""altitude"": 0.71, ""vertical_velocity"": -3.82}, ""kalman_altitude"": 0.71, ""kalman_vertical_velocity"": -3.82, ""pyroDrogue"": 0, ""pyroMain"": 0, ""pyro1_state"": 0, ""pyro2_state"": 0}"
1764328852.0807,2025-11-28T14:20:52.080700,1592,0,0,-0.46,-0.61,0.65,-27.27,-43.04,59.91,-40.55,-13.54,0,0,0,140220,848.99,26.47,0.81,0,0,0,0,-79,0.81,-3.8,BEACON,"{""record_number"": 1592, ""operation_mode"": 0, ""state"": 0, ""battery_voltage"": 0, ""wifi_rssi"": -79, ""acc_data"": {""ax"": -0.46, ""ay"": -0.61, ""az"": 0.65, ""pitch"": -27.27, ""roll"": -43.04}, ""gyro_data"": {""gx"": 59.91, ""gy"": -40.55, ""gz"": -13.54}, ""gps_data"": {""latitude"": 0, ""longitude"": 0, ""gps_altitude"": 0, ""time"": 140220}, ""alt_data"": {""pressure"": 848.99, ""temperature"": 26.47, ""AGL"": 0.81, ""velocity"": 0, ""kalman_altitude"": 0.81, ""kalman_vertical_velocity"": -3.8}, ""chute_state"": {""pyro1_state"": 0, ""pyro2_state"": 0}, ""connection_status"": {""connected"": true, ""has_ever_connected"": true, ""packet_age_ms"": 0, ""timeout_exceeded"": false, ""rssi"": -79}, ""communication_mode"": ""BEACON"", ""timestamp"": 202736, ""packets_received"": 821, ""kalman_data"": {""altitude"": 0.81, ""vertical_velocity"": -3.8}, ""kalman_altitude"": 0.81, ""kalman_vertical_velocity"": -3.8, ""pyroDrogue"": 0, ""pyroMain"": 0, ""pyro1_state"": 0, ""pyro2_state"": 0}"
1764328852.127761,2025-11-28T14:20:52.127761,1593,0,0,-0.45,-0.59,0.66,-26.45,-42.04,80.18,-67.35,-20.43,0,0,0,140420,848.97,26.47,1.02,0,0,0,0,-78,1.01,-3.75,BEACON,"{""record_number"": 1593, ""operation_mode"": 0, ""state"": 0, ""battery_voltage"": 0, ""wifi_rssi"": -78, ""acc_data"": {""ax"": -0.45, ""ay"": -0.59, ""az"": 0.66, ""pitch"": -26.45, ""roll"": -42.04}, ""gyro_data"": {""gx"": 80.18, ""gy"": -67.35, ""gz"": -20.43}, ""gps_data"": {""latitude"": 0, ""longitude"": 0, ""gps_altitude"": 0, ""time"": 140420}, ""alt_data"": {""pressure"": 848.97, ""temperature"": 26.47, ""AGL"": 1.02, ""velocity"": 0, ""kalman_altitude"": 1.01, ""kalman_vertical_velocity"": -3.75}, ""chute_state"": {""pyro1_state"": 0, ""pyro2_state"": 0}, ""connection_status"": {""connected"": true, ""has_ever_connected"": true, ""packet_age_ms"": 1, ""timeout_exceeded"": false, ""rssi"": -78}, ""communication_mode"": ""BEACON"", ""timestamp"": 202849, ""packets_received"": 822, ""kalman_data"": {""altitude"": 1.01, ""vertical_velocity"": -3.75}, ""kalman_altitude"": 1.01, ""kalman_vertical_velocity"": -3.75, ""pyroDrogue"": 0, ""pyroMain"": 0, ""pyro1_state"": 0, ""pyro2_state"": 0}"
1764328852.274958,2025-11-28T14:20:52.274958,1594,0,0,-0.41,-0.54,0.68,-23.67,-37.85,91.83,-115.79,-27.44,0,0,0,140622,848.97,26.47,1.02,0,0,0,0,-79,1.02,-3.75,BEACON,"{""record_number"": 1594, ""operation_mode"": 0, ""state"": 0, ""battery_voltage"": 0, ""wifi_rssi"": -79, ""acc_data"": {""ax"": -0.41, ""ay"": -0.54, ""az"": 0.68, ""pitch"": -23.67, ""roll"": -37.85}, ""gyro_data"": {""gx"": 91.83, ""gy"": -115.79, ""gz"": -27.44}, ""gps_data"": {""latitude"": 0, ""longitude"": 0, ""gps_altitude"": 0, ""time"": 140622}, ""alt_data"": {""pressure"": 848.97, ""temperature"": 26.47, ""AGL"": 1.02, ""velocity"": 0, ""kalman_altitude"": 1.02, ""kalman_vertical_velocity"": -3.75}, ""chute_state"": {""pyro1_state"": 0, ""pyro2_state"": 0}, ""connection_status"": {""connected"": true, ""has_ever_connected"": true, ""packet_age_ms"": 1, ""timeout_exceeded"": false, ""rssi"": -79}, ""communication_mode"": ""BEACON"", ""timestamp"": 202965, ""packets_received"": 823, ""kalman_data"": {""altitude"": 1.02, ""vertical_velocity"": -3.75}, ""kalman_altitude"": 1.02, ""kalman_vertical_velocity"": -3.75, ""pyroDrogue"": 0, ""pyroMain"": 0, ""pyro1_state"": 0, ""pyro2_state"": 0}"
1764328852.381873,2025-11-28T14:20:52.381873,1596,0,0,-0.38,-0.49,0.7,-22.25,-35.19,-11.46,123.93,42.5,0,0,0,140622,849.03,26.47,0.41,0,0,0,0,-79,0.43,-3.92,BEACON,"{""record_number"": 1596, ""operation_mode"": 0, ""state"": 0, ""battery_voltage"": 0, ""wifi_rssi"": -79, ""acc_data"": {""ax"": -0.38, ""ay"": -0.49, ""az"": 0.7, ""pitch"": -22.25, ""roll"": -35.19}, ""gyro_data"": {""gx"": -11.46, ""gy"": 123.93, ""gz"": 42.5}, ""gps_data"": {""latitude"": 0, ""longitude"": 0, ""gps_altitude"": 0, ""time"": 140622}, ""alt_data"": {""pressure"": 849.03, ""temperature"": 26.47, ""AGL"": 0.41, ""velocity"": 0, ""kalman_altitude"": 0.43, ""kalman_vertical_velocity"": -3.92}, ""chute_state"": {""pyro1_state"": 0, ""pyro2_state"": 0}, ""connection_status"": {""connected"": true, ""has_ever_connected"": true, ""packet_age_ms"": 0, ""timeout_exceeded"": false, ""rssi"": -79}, ""communication_mode"": ""BEACON"", ""timestamp"": 203074, ""packets_received"": 824, ""kalman_data"": {""altitude"": 0.43, ""vertical_velocity"": -3.92}, ""kalman_altitude"": 0.43, ""kalman_vertical_velocity"": -3.92, ""pyroDrogue"": 0, ""pyroMain"": 0, ""pyro1_state"": 0, ""pyro2_state"": 0}"
1764328852.48449,2025-11-28T14:20:52.484490,1597,0,0,-0.45,-0.53,0.73,-27.55,-36.2,-44.33,41.46,18.29,0,0,0,140827,848.97,26.47,1.06,0,0,0,0,-79,1.05,-3.76,BEACON,"{""record_number"": 1597, ""operation_mode"": 0, ""state"": 0, ""battery_voltage"": 0, ""wifi_rssi"": -79, ""acc_data"": {""ax"": -0.45, ""ay"": -0.53, ""az"": 0.73, ""pitch"": -27.55, ""roll"": -36.2}, ""gyro_data"": {""gx"": -44.33, ""gy"": 41.46, ""gz"": 18.29}, ""gps_data"": {""latitude"": 0, ""longitude"": 0, ""gps_altitude"": 0, ""time"": 140827}, ""alt_data"": {""pressure"": 848.97, ""temperature"": 26.47, ""AGL"": 1.06, ""velocity"": 0, ""kalman_altitude"": 1.05, ""kalman_vertical_velocity"": -3.76}, ""chute_state"": {""pyro1_state"": 0, ""pyro2_state"": 0}, ""connection_status"": {""connected"": true, ""has_ever_connected"": true, ""packet_age_ms"": 0, ""timeout_exceeded"": false, ""rssi"": -79}, ""communication_mode"": ""BEACON"", ""timestamp"": 203188, ""packets_received"": 825, ""kalman_data"": {""altitude"": 1.05, ""vertical_velocity"": -3.76}, ""kalman_altitude"": 1.05, ""kalman_vertical_velocity"": -3.76, ""pyroDrogue"": 0, ""pyroMain"": 0, ""pyro1_state"": 0, ""pyro2_state"": 0}"
1764328852.573286,2025-11-28T14:20:52.573286,1598,0,0,-0.46,-0.57,0.74,-26.8,-37.22,8.23,-47.13,25.43,0,0,0,140827,848.97,26.46,1.04,0,0,0,0,-79,1.04,-3.76,BEACON,"{""record_number"": 1598, ""operation_mode"": 0, ""state"": 0, ""battery_voltage"": 0, ""wifi_rssi"": -79, ""acc_data"": {""ax"": -0.46, ""ay"": -0.57, ""az"": 0.74, ""pitch"": -26.8, ""roll"": -37.22}, ""gyro_data"": {""gx"": 8.23, ""gy"": -47.13, ""gz"": 25.43}, ""gps_data"": {""latitude"": 0, ""longitude"": 0, ""gps_altitude"": 0, ""time"": 140827}, ""alt_data"": {""pressure"": 848.97, ""temperature"": 26.46, ""AGL"": 1.04, ""velocity"": 0, ""kalman_altitude"": 1.04, ""kalman_vertical_velocity"": -3.76}, ""chute_state"": {""pyro1_state"": 0, ""pyro2_state"": 0}, ""connection_status"": {""connected"": true, ""has_ever_connected"": true, ""packet_age_ms"": 1, ""timeout_exceeded"": false, ""rssi"": -79}, ""communication_mode"": ""BEACON"", ""timestamp"": 203301, ""packets_received"": 826, ""kalman_data"": {""altitude"": 1.04, ""vertical_velocity"": -3.76}, ""kalman_altitude"": 1.04, ""kalman_vertical_velocity"": -3.76, ""pyroDrogue"": 0, ""pyroMain"": 0, ""pyro1_state"": 0, ""pyro2_state"": 0}"
1764328852.732287,2025-11-28T14:20:52.732287,1600,0,0,-0.35,-0.48,0.73,-20.92,-33.13,-9.91,-124.94,-63.02,0,0,0,141027,849.03,26.48,0.47,0,0,0,0,-76,0.5,-3.92,BEACON,"{""record_number"": 1600, ""operation_mode"": 0, ""state"": 0, ""battery_voltage"": 0, ""wifi_rssi"": -76, ""acc_data"": {""ax"": -0.35, ""ay"": -0.48, ""az"": 0.73, ""pitch"": -20.92, ""roll"": -33.13}, ""gyro_data"": {""gx"": -9.91, ""gy"": -124.94, ""gz"": -63.02}, ""gps_data"": {""latitude"": 0, ""longitude"": 0, ""gps_altitude"": 0, ""time"": 141027}, ""alt_data"": {""pressure"": 849.03, ""temperature"": 26.48, ""AGL"": 0.47, ""velocity"": 0, ""kalman_altitude"": 0.5, ""kalman_vertical_velocity"": -3.92}, ""chute_state"": {""pyro1_state"": 0, ""pyro2_state"": 0}, ""connection_status"": {""connected"": true, ""has_ever_connected"": true, ""packet_age_ms"": 1, ""timeout_exceeded"": false, ""rssi"": -76}, ""communication_mode"": ""BEACON"", ""timestamp"": 203414, ""packets_received"": 827, ""kalman_data"": {""altitude"": 0.5, ""vertical_velocity"": -3.92}, ""kalman_altitude"": 0.5, ""kalman_vertical_velocity"": -3.92, ""pyroDrogue"": 0, ""pyroMain"": 0, ""pyro1_state"": 0, ""pyro2_state"": 0}"
1764328852.819513,2025-11-28T14:20:52.819513,1601,0,0,-0.4,-0.49,0.76,-23.16,-32.76,-64.42,-48.17,-13.81,0,0,0,141027,848.98,26.48,0.9,0,0,0,0,-77,0.92,-3.8,BEACON,"{""record_number"": 1601, ""operation_mode"": 0, ""state"": 0, ""battery_voltage"": 0, ""wifi_rssi"": -77, ""acc_data"": {""ax"": -0.4, ""ay"": -0.49, ""az"": 0.76, ""pitch"": -23.16, ""roll"": -32.76}, ""gyro_data"": {""gx"": -64.42, ""gy"": -48.17, ""gz"": -13.81}, ""gps_data"": {""latitude"": 0, ""longitude"": 0, ""gps_altitude"": 0, ""time"": 141027}, ""alt_data"": {""pressure"": 848.98, ""temperature"": 26.48, ""AGL"": 0.9, ""velocity"": 0, ""kalman_altitude"": 0.92, ""kalman_vertical_velocity"": -3.8}, ""chute_state"": {""pyro1_state"": 0, ""pyro2_state"": 0}, ""connection_status"": {""connected"": true, ""has_ever_connected"": true, ""packet_age_ms"": 1, ""timeout_exceeded"": false, ""rssi"": -77}, ""communication_mode"": ""BEACON"", ""timestamp"": 203527, ""packets_received"": 828, ""kalman_data"": {""altitude"": 0.92, ""vertical_velocity"": -3.8}, ""kalman_altitude"": 0.92, ""kalman_vertical_velocity"": -3.8, ""pyroDrogue"": 0, ""pyroMain"": 0, ""pyro1_state"": 0, ""pyro2_state"": 0}"
1764328853.14793,2025-11-28T14:20:53.147930,1604,0,0,-0.35,-0.51,0.75,-20.47,-34.44,-4.33,-19.54,-11.59,0,0,0,141226,848.96,26.47,1.1,0,0,0,0,-79,1.1,-3.76,BEACON,"{""record_number"": 1604, ""operation_mode"": 0, ""state"": 0, ""battery_voltage"": 0, ""wifi_rssi"": -79, ""acc_data"": {""ax"": -0.35, ""ay"": -0.51, ""az"": 0.75, ""pitch"": -20.47, ""roll"": -34.44}, ""gyro_data"": {""gx"": -4.33, ""gy"": -19.54, ""gz"": -11.59}, ""gps_data"": {""latitude"": 0, ""longitude"": 0, ""gps_altitude"": 0, ""time"": 141226}, ""alt_data"": {""pressure"": 848.96, ""temperature"": 26.47, ""AGL"": 1.1, ""velocity"": 0, ""kalman_altitude"": 1.1, ""kalman_vertical_velocity"": -3.76}, ""chute_state"": {""pyro1_state"": 0, ""pyro2_state"": 0}, ""connection_status"": {""connected"": true, ""has_ever_connected"": true, ""packet_age_ms"": 0, ""timeout_exceeded"": false, ""rssi"": -79}, ""communication_mode"": ""BEACON"", ""timestamp"": 203754, ""packets_received"": 829, ""kalman_data"": {""altitude"": 1.1, ""vertical_velocity"": -3.76}, ""kalman_altitude"": 1.1, ""kalman_vertical_velocity"": -3.76, ""pyroDrogue"": 0, ""pyroMain"": 0, ""pyro1_state"": 0, ""pyro2_state"": 0}"
1764328853.387791,2025-11-28T14:20:53.387791,1605,0,0,-0.34,-0.53,0.76,-19.7,-35.03,-20.49,-38.35,-22.41,0,0,0,141427,848.95,26.47,1.24,0,0,0,0,-80,1.23,-3.73,BEACON,"{""record_number"": 1605, ""operation_mode"": 0, ""state"": 0, ""battery_voltage"": 0, ""wifi_rssi"": -80, ""acc_data"": {""ax"": -0.34, ""ay"": -0.53, ""az"": 0.76, ""pitch"": -19.7, ""roll"": -35.03}, ""gyro_data"": {""gx"": -20.49, ""gy"": -38.35, ""gz"": -22.41}, ""gps_data"": {""latitude"": 0, ""longitude"": 0, ""gps_altitude"": 0, ""time"": 141427}, ""alt_data"": {""pressure"": 848.95, ""temperature"": 26.47, ""AGL"": 1.24, ""velocity"": 0, ""kalman_altitude"": 1.23, ""kalman_vertical_velocity"": -3.73}, ""chute_state"": {""pyro1_state"": 0, ""pyro2_state"": 0}, ""connection_status"": {""connected"": true, ""has_ever_connected"": true, ""packet_age_ms"": 1, ""timeout_exceeded"": false, ""rssi"": -80}, ""communication_mode"": ""BEACON"", ""timestamp"": 203869, ""packets_received"": 830, ""kalman_data"": {""altitude"": 1.23, ""vertical_velocity"": -3.73}, ""kalman_altitude"": 1.23, ""kalman_vertical_velocity"": -3.73, ""pyroDrogue"": 0, ""pyroMain"": 0, ""pyro1_state"": 0, ""pyro2_state"": 0}"
1764328853.638605,2025-11-28T14:20:53.638605,1608,0,0,-0.33,-0.56,0.76,-19.37,-35.82,-24.24,-25.4,-19.85,0,0,0,141628,848.95,26.47,1.2,0,0,0,0,-78,1.18,-3.75,BEACON,"{""record_number"": 1608, ""operation_mode"": 0, ""state"": 0, ""battery_voltage"": 0, ""wifi_rssi"": -78, ""acc_data"": {""ax"": -0.33, ""ay"": -0.56, ""az"": 0.76, ""pitch"": -19.37, ""roll"": -35.82}, ""gyro_data"": {""gx"": -24.24, ""gy"": -25.4, ""gz"": -19.85}, ""gps_data"": {""latitude"": 0, ""longitude"": 0, ""gps_altitude"": 0, ""time"": 141628}, ""alt_data"": {""pressure"": 848.95, ""temperature"": 26.47, ""AGL"": 1.2, ""velocity"": 0, ""kalman_altitude"": 1.18, ""kalman_vertical_velocity"": -3.75}, ""chute_state"": {""pyro1_state"": 0, ""pyro2_state"": 0}, ""connection_status"": {""connected"": true, ""has_ever_connected"": true, ""packet_age_ms"": 0, ""timeout_exceeded"": false, ""rssi"": -78}, ""communication_mode"": ""BEACON"", ""timestamp"": 204093, ""packets_received"": 831, ""kalman_data"": {""altitude"": 1.18, ""vertical_velocity"": -3.75}, ""kalman_altitude"": 1.18, ""kalman_vertical_velocity"": -3.75, ""pyroDrogue"": 0, ""pyroMain"": 0, ""pyro1_state"": 0, ""pyro2_state"": 0}"
1764328853.724164,2025-11-28T14:20:53.724164,1609,0,0,-0.31,-0.53,0.75,-18.66,-35.71,5.67,-22.53,-16.52,0,0,0,141832,848.92,26.46,1.54,0,0,0,0,-79,1.51,-3.66,BEACON,"{""record_number"": 1609, ""operation_mode"": 0, ""state"": 0, ""battery_voltage"": 0, ""wifi_rssi"": -79, ""acc_data"": {""ax"": -0.31, ""ay"": -0.53, ""az"": 0.75, ""pitch"": -18.66, ""roll"": -35.71}, ""gyro_data"": {""gx"": 5.67, ""gy"": -22.53, ""gz"": -16.52}, ""gps_data"": {""latitude"": 0, ""longitude"": 0, ""gps_altitude"": 0, ""time"": 141832}, ""alt_data"": {""pressure"": 848.92, ""temperature"": 26.46, ""AGL"": 1.54, ""velocity"": 0, ""kalman_altitude"": 1.51, ""kalman_vertical_velocity"": -3.66}, ""chute_state"": {""pyro1_state"": 0, ""pyro2_state"": 0}, ""connection_status"": {""connected"": true, ""has_ever_connected"": true, ""packet_age_ms"": 0, ""timeout_exceeded"": false, ""rssi"": -79}, ""communication_mode"": ""BEACON"", ""timestamp"": 204206, ""packets_received"": 832, ""kalman_data"": {""altitude"": 1.51, ""vertical_velocity"": -3.66}, ""kalman_altitude"": 1.51, ""kalman_vertical_velocity"": -3.66, ""pyroDrogue"": 0, ""pyroMain"": 0, ""pyro1_state"": 0, ""pyro2_state"": 0}"
1764328853.798215,2025-11-28T14:20:53.798215,1610,0,0,-0.31,-0.54,0.74,-18.1,-35.92,-20.12,-2.99,-3.63,0,0,0,141832,849.01,26.48,0.62,0,0,0,0,-79,0.65,-3.9,BEACON,"{""record_number"": 1610, ""operation_mode"": 0, ""state"": 0, ""battery_voltage"": 0, ""wifi_rssi"": -79, ""acc_data"": {""ax"": -0.31, ""ay"": -0.54, ""az"": 0.74, ""pitch"": -18.1, ""roll"": -35.92}, ""gyro_data"": {""gx"": -20.12, ""gy"": -2.99, ""gz"": -3.63}, ""gps_data"": {""latitude"": 0, ""longitude"": 0, ""gps_altitude"": 0, ""time"": 141832}, ""alt_data"": {""pressure"": 849.01, ""temperature"": 26.48, ""AGL"": 0.62, ""velocity"": 0, ""kalman_altitude"": 0.65, ""kalman_vertical_velocity"": -3.9}, ""chute_state"": {""pyro1_state"": 0, ""pyro2_state"": 0}, ""connection_status"": {""connected"": true, ""has_ever_connected"": true, ""packet_age_ms"": 1, ""timeout_exceeded"": false, ""rssi"": -79}, ""communication_mode"": ""BEACON"", ""timestamp"": 204319, ""packets_received"": 833, ""kalman_data"": {""altitude"": 0.65, ""vertical_velocity"": -3.9}, ""kalman_altitude"": 0.65, ""kalman_vertical_velocity"": -3.9, ""pyroDrogue"": 0, ""pyroMain"": 0, ""pyro1_state"": 0, ""pyro2_state"": 0}"
1764328853.849516,2025-11-28T14:20:53.849516,1611,0,0,-0.33,-0.55,0.73,-19.07,-36.97,0.61,36.43,13.9,0,0,0,142033,849.04,26.49,0.32,0,0,0,0,-76,0.33,-3.99,BEACON,"{""record_number"": 1611, ""operation_mode"": 0, ""state"": 0, ""battery_voltage"": 0, ""wifi_rssi"": -76, ""acc_data"": {""ax"": -0.33, ""ay"": -0.55, ""az"": 0.73, ""pitch"": -19.07, ""roll"": -36.97}, ""gyro_data"": {""gx"": 0.61, ""gy"": 36.43, ""gz"": 13.9}, ""gps_data"": {""latitude"": 0, ""longitude"": 0, ""gps_altitude"": 0, ""time"": 142033}, ""alt_data"": {""pressure"": 849.04, ""temperature"": 26.49, ""AGL"": 0.32, ""velocity"": 0, ""kalman_altitude"": 0.33, ""kalman_vertical_velocity"": -3.99}, ""chute_state"": {""pyro1_state"": 0, ""pyro2_state"": 0}, ""connection_status"": {""connected"": true, ""has_ever_connected"": true, ""packet_age_ms"": 0, ""timeout_exceeded"": false, ""rssi"": -76}, ""communication_mode"": ""BEACON"", ""timestamp"": 204431, ""packets_received"": 834, ""kalman_data"": {""altitude"": 0.33, ""vertical_velocity"": -3.99}, ""kalman_altitude"": 0.33, ""kalman_vertical_velocity"": -3.99, ""pyroDrogue"": 0, ""pyroMain"": 0, ""pyro1_state"": 0, ""pyro2_state"": 0}"
1764328853.935031,2025-11-28T14:20:53.935031,1614,0,0,-0.33,-0.54,0.75,-19.91,-36.06,-11.46,7.96,-0.52,0,0,0,142233,848.99,26.48,0.8,0,0,0,0,-80,0.8,-3.87,BEACON,"{""record_number"": 1614, ""operation_mode"": 0, ""state"": 0, ""battery_voltage"": 0, ""wifi_rssi"": -80, ""acc_data"": {""ax"": -0.33, ""ay"": -0.54, ""az"": 0.75, ""pitch"": -19.91, ""roll"": -36.06}, ""gyro_data"": {""gx"": -11.46, ""gy"": 7.96, ""gz"": -0.52}, ""gps_data"": {""latitude"": 0, ""longitude"": 0, ""gps_altitude"": 0, ""time"": 142233}, ""alt_data"": {""pressure"": 848.99, ""temperature"": 26.48, ""AGL"": 0.8, ""velocity"": 0, ""kalman_altitude"": 0.8, ""kalman_vertical_velocity"": -3.87}, ""chute_state"": {""pyro1_state"": 0, ""pyro2_state"": 0}, ""connection_status"": {""connected"": true, ""has_ever_connected"": true, ""packet_age_ms"": 0, ""timeout_exceeded"": false, ""rssi"": -80}, ""communication_mode"": ""BEACON"", ""timestamp"": 204659, ""packets_received"": 835, ""kalman_data"": {""altitude"": 0.8, ""vertical_velocity"": -3.87}, ""kalman_altitude"": 0.8, ""kalman_vertical_velocity"": -3.87, ""pyroDrogue"": 0, ""pyroMain"": 0, ""pyro1_state"": 0, ""pyro2_state"": 0}"
1764328854.082163,2025-11-28T14:20:54.082163,1615,0,0,-0.35,-0.54,0.75,-20.11,-35.92,-14.51,-2.62,-2.07,0,0,0,142433,848.98,26.47,0.91,0,0,0,0,-80,0.91,-3.85,BEACON,"{""record_number"": 1615, ""operation_mode"": 0, ""state"": 0, ""battery_voltage"": 0, ""wifi_rssi"": -80, ""acc_data"": {""ax"": -0.35, ""ay"": -0.54, ""az"": 0.75, ""pitch"": -20.11, ""roll"": -35.92}, ""gyro_data"": {""gx"": -14.51, ""gy"": -2.62, ""gz"": -2.07}, ""gps_data"": {""latitude"": 0, ""longitude"": 0, ""gps_altitude"": 0, ""time"": 142433}, ""alt_data"": {""pressure"": 848.98, ""temperature"": 26.47, ""AGL"": 0.91, ""velocity"": 0, ""kalman_altitude"": 0.91, ""kalman_vertical_velocity"": -3.85}, ""chute_state"": {""pyro1_state"": 0, ""pyro2_state"": 0}, ""connection_status"": {""connected"": true, ""has_ever_connected"": true, ""packet_age_ms"": 1, ""timeout_exceeded"": false, ""rssi"": -80}, ""communication_mode"": ""BEACON"", ""timestamp"": 204772, ""packets_received"": 836, ""kalman_data"": {""altitude"": 0.91, ""vertical_velocity"": -3.85}, ""kalman_altitude"": 0.91, ""kalman_vertical_velocity"": -3.85, ""pyroDrogue"": 0, ""pyroMain"": 0, ""pyro1_state"": 0, ""pyro2_state"": 0}"
1764328854.169253,2025-11-28T14:20:54.169253,1617,0,0,-0.37,-0.55,0.74,-22.25,-36.09,-21.68,-8.6,-0.52,0,0,0,142433,848.96,26.48,1.08,0,0,0,0,-79,1.08,-3.8,BEACON,"{""record_number"": 1617, ""operation_mode"": 0, ""state"": 0, ""battery_voltage"": 0, ""wifi_rssi"": -79, ""acc_data"": {""ax"": -0.37, ""ay"": -0.55, ""az"": 0.74, ""pitch"": -22.25, ""roll"": -36.09}, ""gyro_data"": {""gx"": -21.68, ""gy"": -8.6, ""gz"": -0.52}, ""gps_data"": {""latitude"": 0, ""longitude"": 0, ""gps_altitude"": 0, ""time"": 142433}, ""alt_data"": {""pressure"": 848.96, ""temperature"": 26.48, ""AGL"": 1.08, ""velocity"": 0, ""kalman_altitude"": 1.08, ""kalman_vertical_velocity"": -3.8}, ""chute_state"": {""pyro1_state"": 0, ""pyro2_state"": 0}, ""connection_status"": {""connected"": true, ""has_ever_connected"": true, ""packet_age_ms"": 1, ""timeout_exceeded"": false, ""rssi"": -79}, ""communication_mode"": ""BEACON"", ""timestamp"": 204885, ""packets_received"": 837, ""kalman_data"": {""altitude"": 1.08, ""vertical_velocity"": -3.8}, ""kalman_altitude"": 1.08, ""kalman_vertical_velocity"": -3.8, ""pyroDrogue"": 0, ""pyroMain"": 0, ""pyro1_state"": 0, ""pyro2_state"": 0}"
1764328854.276414,2025-11-28T14:20:54.276414,1618,0,0,-0.34,-0.55,0.74,-20.32,-36.85,-10.82,-7.32,-10.73,0,0,0,142634,848.98,26.48,0.94,0,0,0,0,-80,0.95,-3.84,BEACON,"{""record_number"": 1618, ""operation_mode"": 0, ""state"": 0, ""battery_voltage"": 0, ""wifi_rssi"": -80, ""acc_data"": {""ax"": -0.34, ""ay"": -0.55, ""az"": 0.74, ""pitch"": -20.32, ""roll"": -36.85}, ""gyro_data"": {""gx"": -10.82, ""gy"": -7.32, ""gz"": -10.73}, ""gps_data"": {""latitude"": 0, ""longitude"": 0, ""gps_altitude"": 0, ""time"": 142634}, ""alt_data"": {""pressure"": 848.98, ""temperature"": 26.48, ""AGL"": 0.94, ""velocity"": 0, ""kalman_altitude"": 0.95, ""kalman_vertical_velocity"": -3.84}, ""chute_state"": {""pyro1_state"": 0, ""pyro2_state"": 0}, ""connection_status"": {""connected"": true, ""has_ever_connected"": true, ""packet_age_ms"": 1, ""timeout_exceeded"": false, ""rssi"": -80}, ""communication_mode"": ""BEACON"", ""timestamp"": 205003, ""packets_received"": 838, ""kalman_data"": {""altitude"": 0.95, ""vertical_velocity"": -3.84}, ""kalman_altitude"": 0.95, ""kalman_vertical_velocity"": -3.84, ""pyroDrogue"": 0, ""pyroMain"": 0, ""pyro1_state"": 0, ""pyro2_state"": 0}"
1764328854.384765,2025-11-28T14:20:54.384765,1619,0,0,-0.35,-0.55,0.74,-20.62,-36.72,-6.43,7.74,-4.12,0,0,0,142634,848.99,26.49,0.82,0,0,0,0,-78,0.82,-3.88,BEACON,"{""record_number"": 1619, ""operation_mode"": 0, ""state"": 0, ""battery_voltage"": 0, ""wifi_rssi"": -78, ""acc_data"": {""ax"": -0.35, ""ay"": -0.55, ""az"": 0.74, ""pitch"": -20.62, ""roll"": -36.72}, ""gyro_data"": {""gx"": -6.43, ""gy"": 7.74, ""gz"": -4.12}, ""gps_data"": {""latitude"": 0, ""longitude"": 0, ""gps_altitude"": 0, ""time"": 142634}, ""alt_data"": {""pressure"": 848.99, ""temperature"": 26.49, ""AGL"": 0.82, ""velocity"": 0, ""kalman_altitude"": 0.82, ""kalman_vertical_velocity"": -3.88}, ""chute_state"": {""pyro1_state"": 0, ""pyro2_state"": 0}, ""connection_status"": {""connected"": true, ""has_ever_connected"": true, ""packet_age_ms"": 0, ""timeout_exceeded"": false, ""rssi"": -78}, ""communication_mode"": ""BEACON"", ""timestamp"": 205110, ""packets_received"": 839, ""kalman_data"": {""altitude"": 0.82, ""vertical_velocity"": -3.88}, ""kalman_altitude"": 0.82, ""kalman_vertical_velocity"": -3.88, ""pyroDrogue"": 0, ""pyroMain"": 0, ""pyro1_state"": 0, ""pyro2_state"": 0}"
1764328854.512835,2025-11-28T14:20:54.512835,1621,0,0,-0.37,-0.55,0.73,-21.7,-37.02,-9.02,6.98,-2.29,0,0,0,142838,849.01,26.5,0.63,0,0,0,0,-80,0.64,-3.94,BEACON,"{""record_number"": 1621, ""operation_mode"": 0, ""state"": 0, ""battery_voltage"": 0, ""wifi_rssi"": -80, ""acc_data"": {""ax"": -0.37, ""ay"": -0.55, ""az"": 0.73, ""pitch"": -21.7, ""roll"": -37.02}, ""gyro_data"": {""gx"": -9.02, ""gy"": 6.98, ""gz"": -2.29}, ""gps_data"": {""latitude"": 0, ""longitude"": 0, ""gps_altitude"": 0, ""time"": 142838}, ""alt_data"": {""pressure"": 849.01, ""temperature"": 26.5, ""AGL"": 0.63, ""velocity"": 0, ""kalman_altitude"": 0.64, ""kalman_vertical_velocity"": -3.94}, ""chute_state"": {""pyro1_state"": 0, ""pyro2_state"": 0}, ""connection_status"": {""connected"": true, ""has_ever_connected"": true, ""packet_age_ms"": 1, ""timeout_exceeded"": false, ""rssi"": -80}, ""communication_mode"": ""BEACON"", ""timestamp"": 205223, ""packets_received"": 840, ""kalman_data"": {""altitude"": 0.64, ""vertical_velocity"": -3.94}, ""kalman_altitude"": 0.64, ""kalman_vertical_velocity"": -3.94, ""pyroDrogue"": 0, ""pyroMain"": 0, ""pyro1_state"": 0, ""pyro2_state"": 0}"
1764328854.607975,2025-11-28T14:20:54.607975,1622,0,0,-0.35,-0.55,0.73,-20.89,-36.56,-6.83,9.97,4.21,0,0,0,142838,848.97,26.5,1.06,0,0,0,0,-77,1.07,-3.82,BEACON,"{""record_number"": 1622, ""operation_mode"": 0, ""state"": 0, ""battery_voltage"": 0, ""wifi_rssi"": -77, ""acc_data"": {""ax"": -0.35, ""ay"": -0.55, ""az"": 0.73, ""pitch"": -20.89, ""roll"": -36.56}, ""gyro_data"": {""gx"": -6.83, ""gy"": 9.97, ""gz"": 4.21}, ""gps_data"": {""latitude"": 0, ""longitude"": 0, ""gps_altitude"": 0, ""time"": 142838}, ""alt_data"": {""pressure"": 848.97, ""temperature"": 26.5, ""AGL"": 1.06, ""velocity"": 0, ""kalman_altitude"": 1.07, ""kalman_vertical_velocity"": -3.82}, ""chute_state"": {""pyro1_state"": 0, ""pyro2_state"": 0}, ""connection_status"": {""connected"": true, ""has_ever_connected"": true, ""packet_age_ms"": 1, ""timeout_exceeded"": false, ""rssi"": -77}, ""communication_mode"": ""BEACON"", ""timestamp"": 205336, ""packets_received"": 841, ""kalman_data"": {""altitude"": 1.07, ""vertical_velocity"": -3.82}, ""kalman_altitude"": 1.07, ""kalman_vertical_velocity"": -3.82, ""pyroDrogue"": 0, ""pyroMain"": 0, ""pyro1_state"": 0, ""pyro2_state"": 0}"
1764328854.871928,2025-11-28T14:20:54.871928,1625,0,0,-0.37,-0.55,0.73,-20.92,-36.43,-14.42,-17.53,-13.75,0,0,0,143039,849,26.5,0.74,0,0,0,0,-81,0.74,-3.92,BEACON,"{""record_number"": 1625, ""operation_mode"": 0, ""state"": 0, ""battery_voltage"": 0, ""wifi_rssi"": -81, ""acc_data"": {""ax"": -0.37, ""ay"": -0.55, ""az"": 0.73, ""pitch"": -20.92, ""roll"": -36.43}, ""gyro_data"": {""gx"": -14.42, ""gy"": -17.53, ""gz"": -13.75}, ""gps_data"": {""latitude"": 0, ""longitude"": 0, ""gps_altitude"": 0, ""time"": 143039}, ""alt_data"": {""pressure"": 849, ""temperature"": 26.5, ""AGL"": 0.74, ""velocity"": 0, ""kalman_altitude"": 0.74, ""kalman_vertical_velocity"": -3.92}, ""chute_state"": {""pyro1_state"": 0, ""pyro2_state"": 0}, ""connection_status"": {""connected"": true, ""has_ever_connected"": true, ""packet_age_ms"": 0, ""timeout_exceeded"": false, ""rssi"": -81}, ""communication_mode"": ""BEACON"", ""timestamp"": 205565, ""packets_received"": 842, ""kalman_data"": {""altitude"": 0.74, ""vertical_velocity"": -3.92}, ""kalman_altitude"": 0.74, ""kalman_vertical_velocity"": -3.92, ""pyroDrogue"": 0, ""pyroMain"": 0, ""pyro1_state"": 0, ""pyro2_state"": 0}"
1764328854.965928,2025-11-28T14:20:54.965928,1626,0,0,-0.34,-0.55,0.73,-19.79,-36.93,-16.13,-22.04,-25.49,0,0,0,143239,848.98,26.5,0.95,0,0,0,0,-78,0.94,-3.87,BEACON,"{""record_number"": 1626, ""operation_mode"": 0, ""state"": 0, ""battery_voltage"": 0, ""wifi_rssi"": -78, ""acc_data"": {""ax"": -0.34, ""ay"": -0.55, ""az"": 0.73, ""pitch"": -19.79, ""roll"": -36.93}, ""gyro_data"": {""gx"": -16.13, ""gy"": -22.04, ""gz"": -25.49}, ""gps_data"": {""latitude"": 0, ""longitude"": 0, ""gps_altitude"": 0, ""time"": 143239}, ""alt_data"": {""pressure"": 848.98, ""temperature"": 26.5, ""AGL"": 0.95, ""velocity"": 0, ""kalman_altitude"": 0.94, ""kalman_vertical_velocity"": -3.87}, ""chute_state"": {""pyro1_state"": 0, ""pyro2_state"": 0}, ""connection_status"": {""connected"": true, ""has_ever_connected"": true, ""packet_age_ms"": 0, ""timeout_exceeded"": false, ""rssi"": -78}, ""communication_mode"": ""BEACON"", ""timestamp"": 205676, ""packets_received"": 843, ""kalman_data"": {""altitude"": 0.94, ""vertical_velocity"": -3.87}, ""kalman_altitude"": 0.94, ""kalman_vertical_velocity"": -3.87, ""pyroDrogue"": 0, ""pyroMain"": 0, ""pyro1_state"": 0, ""pyro2_state"": 0}"
1764328855.064836,2025-11-28T14:20:55.064836,1627,0,0,-0.34,-0.54,0.73,-20.05,-36.87,-3.02,0.98,-5.98,0,0,0,143439,848.96,26.5,1.13,0,0,0,0,-79,1.13,-3.82,BEACON,"{""record_number"": 1627, ""operation_mode"": 0, ""state"": 0, ""battery_voltage"": 0, ""wifi_rssi"": -79, ""acc_data"": {""ax"": -0.34, ""ay"": -0.54, ""az"": 0.73, ""pitch"": -20.05, ""roll"": -36.87}, ""gyro_data"": {""gx"": -3.02, ""gy"": 0.98, ""gz"": -5.98}, ""gps_data"": {""latitude"": 0, ""longitude"": 0, ""gps_altitude"": 0, ""time"": 143439}, ""alt_data"": {""pressure"": 848.96, ""temperature"": 26.5, ""AGL"": 1.13, ""velocity"": 0, ""kalman_altitude"": 1.13, ""kalman_vertical_velocity"": -3.82}, ""chute_state"": {""pyro1_state"": 0, ""pyro2_state"": 0}, ""connection_status"": {""connected"": true, ""has_ever_connected"": true, ""packet_age_ms"": 1, ""timeout_exceeded"": false, ""rssi"": -79}, ""communication_mode"": ""BEACON"", ""timestamp"": 205789, ""packets_received"": 844, ""kalman_data"": {""altitude"": 1.13, ""vertical_velocity"": -3.82}, ""kalman_altitude"": 1.13, ""kalman_vertical_velocity"": -3.82, ""pyroDrogue"": 0, ""pyroMain"": 0, ""pyro1_state"": 0, ""pyro2_state"": 0}"
1764328855.207156,2025-11-28T14:20:55.207156,1629,0,0,-0.36,-0.55,0.74,-20.62,-36.78,-15.21,6.25,6.34,0,0,0,143439,848.95,26.5,1.2,0,0,0,0,-79,1.2,-3.81,BEACON,"{""record_number"": 1629, ""operation_mode"": 0, ""state"": 0, ""battery_voltage"": 0, ""wifi_rssi"": -79, ""acc_data"": {""ax"": -0.36, ""ay"": -0.55, ""az"": 0.74, ""pitch"": -20.62, ""roll"": -36.78}, ""gyro_data"": {""gx"": -15.21, ""gy"": 6.25, ""gz"": 6.34}, ""gps_data"": {""latitude"": 0, ""longitude"": 0, ""gps_altitude"": 0, ""time"": 143439}, ""alt_data"": {""pressure"": 848.95, ""temperature"": 26.5, ""AGL"": 1.2, ""velocity"": 0, ""kalman_altitude"": 1.2, ""kalman_vertical_velocity"": -3.81}, ""chute_state"": {""pyro1_state"": 0, ""pyro2_state"": 0}, ""connection_status"": {""connected"": true, ""has_ever_connected"": true, ""packet_age_ms"": 1, ""timeout_exceeded"": false, ""rssi"": -79}, ""communication_mode"": ""BEACON"", ""timestamp"": 205902, ""packets_received"": 845, ""kalman_data"": {""altitude"": 1.2, ""vertical_velocity"": -3.81}, ""kalman_altitude"": 1.2, ""kalman_vertical_velocity"": -3.81, ""pyroDrogue"": 0, ""pyroMain"": 0, ""pyro1_state"": 0, ""pyro2_state"": 0}"
1764328855.350783,2025-11-28T14:20:55.350783,1630,0,0,-0.37,-0.56,0.74,-21.61,-36.89,-13.75,4.79,1.83,0,0,0,143641,848.91,26.5,1.63,0,0,0,0,-80,1.62,-3.7,BEACON,"{""record_number"": 1630, ""operation_mode"": 0, ""state"": 0, ""battery_voltage"": 0, ""wifi_rssi"": -80, ""acc_data"": {""ax"": -0.37, ""ay"": -0.56, ""az"": 0.74, ""pitch"": -21.61, ""roll"": -36.89}, ""gyro_data"": {""gx"": -13.75, ""gy"": 4.79, ""gz"": 1.83}, ""gps_data"": {""latitude"": 0, ""longitude"": 0, ""gps_altitude"": 0, ""time"": 143641}, ""alt_data"": {""pressure"": 848.91, ""temperature"": 26.5, ""AGL"": 1.63, ""velocity"": 0, ""kalman_altitude"": 1.62, ""kalman_vertical_velocity"": -3.7}, ""chute_state"": {""pyro1_state"": 0, ""pyro2_state"": 0}, ""connection_status"": {""connected"": true, ""has_ever_connected"": true, ""packet_age_ms"": 0, ""timeout_exceeded"": false, ""rssi"": -80}, ""communication_mode"": ""BEACON"", ""timestamp"": 206016, ""packets_received"": 846, ""kalman_data"": {""altitude"": 1.62, ""vertical_velocity"": -3.7}, ""kalman_altitude"": 1.62, ""kalman_vertical_velocity"": -3.7, ""pyroDrogue"": 0, ""pyroMain"": 0, ""pyro1_state"": 0, ""pyro2_state"": 0}"
1764328855.417481,2025-11-28T14:20:55.417481,1631,0,0,-0.35,-0.54,0.73,-21.1,-37.28,-11.19,3.96,2.84,0,0,0,143641,848.92,26.5,1.48,0,0,0,0,-80,1.49,-3.74,BEACON,"{""record_number"": 1631, ""operation_mode"": 0, ""state"": 0, ""battery_voltage"": 0, ""wifi_rssi"": -80, ""acc_data"": {""ax"": -0.35, ""ay"": -0.54, ""az"": 0.73, ""pitch"": -21.1, ""roll"": -37.28}, ""gyro_data"": {""gx"": -11.19, ""gy"": 3.96, ""gz"": 2.84}, ""gps_data"": {""latitude"": 0, ""longitude"": 0, ""gps_altitude"": 0, ""time"": 143641}, ""alt_data"": {""pressure"": 848.92, ""temperature"": 26.5, ""AGL"": 1.48, ""velocity"": 0, ""kalman_altitude"": 1.49, ""kalman_vertical_velocity"": -3.74}, ""chute_state"": {""pyro1_state"": 0, ""pyro2_state"": 0}, ""connection_status"": {""connected"": true, ""has_ever_connected"": true, ""packet_age_ms"": 0, ""timeout_exceeded"": false, ""rssi"": -80}, ""communication_mode"": ""BEACON"", ""timestamp"": 206129, ""packets_received"": 847, ""kalman_data"": {""altitude"": 1.49, ""vertical_velocity"": -3.74}, ""kalman_altitude"": 1.49, ""kalman_vertical_velocity"": -3.74, ""pyroDrogue"": 0, ""pyroMain"": 0, ""pyro1_state"": 0, ""pyro2_state"": 0}"
1764328855.515201,2025-11-28T14:20:55.515201,1633,0,0,-0.36,-0.55,0.73,-21.4,-37.19,-9.88,-12.5,-11.28,0,0,0,143844,848.98,26.52,0.97,0,0,0,0,-75,0.98,-3.88,BEACON,"{""record_number"": 1633, ""operation_mode"": 0, ""state"": 0, ""battery_voltage"": 0, ""wifi_rssi"": -75, ""acc_data"": {""ax"": -0.36, ""ay"": -0.55, ""az"": 0.73, ""pitch"": -21.4, ""roll"": -37.19}, ""gyro_data"": {""gx"": -9.88, ""gy"": -12.5, ""gz"": -11.28}, ""gps_data"": {""latitude"": 0, ""longitude"": 0, ""gps_altitude"": 0, ""time"": 143844}, ""alt_data"": {""pressure"": 848.98, ""temperature"": 26.52, ""AGL"": 0.97, ""velocity"": 0, ""kalman_altitude"": 0.98, ""kalman_vertical_velocity"": -3.88}, ""chute_state"": {""pyro1_state"": 0, ""pyro2_state"": 0}, ""connection_status"": {""connected"": true, ""has_ever_connected"": true, ""packet_age_ms"": 1, ""timeout_exceeded"": false, ""rssi"": -75}, ""communication_mode"": ""BEACON"", ""timestamp"": 206241, ""packets_received"": 848, ""kalman_data"": {""altitude"": 0.98, ""vertical_velocity"": -3.88}, ""kalman_altitude"": 0.98, ""kalman_vertical_velocity"": -3.88, ""pyroDrogue"": 0, ""pyroMain"": 0, ""pyro1_state"": 0, ""pyro2_state"": 0}"
1764328855.654196,2025-11-28T14:20:55.654196,1634,0,0,-0.35,-0.55,0.73,-20.35,-36.78,-6.22,-19.15,-17.04,0,0,0,143844,848.96,26.52,1.07,0,0,0,0,-77,1.09,-3.86,BEACON,"{""record_number"": 1634, ""operation_mode"": 0, ""state"": 0, ""battery_voltage"": 0, ""wifi_rssi"": -77, ""acc_data"": {""ax"": -0.35, ""ay"": -0.55, ""az"": 0.73, ""pitch"": -20.35, ""roll"": -36.78}, ""gyro_data"": {""gx"": -6.22, ""gy"": -19.15, ""gz"": -17.04}, ""gps_data"": {""latitude"": 0, ""longitude"": 0, ""gps_altitude"": 0, ""time"": 143844}, ""alt_data"": {""pressure"": 848.96, ""temperature"": 26.52, ""AGL"": 1.07, ""velocity"": 0, ""kalman_altitude"": 1.09, ""kalman_vertical_velocity"": -3.86}, ""chute_state"": {""pyro1_state"": 0, ""pyro2_state"": 0}, ""connection_status"": {""connected"": true, ""has_ever_connected"": true, ""packet_age_ms"": 1, ""timeout_exceeded"": false, ""rssi"": -77}, ""communication_mode"": ""BEACON"", ""timestamp"": 206354, ""packets_received"": 849, ""kalman_data"": {""altitude"": 1.09, ""vertical_velocity"": -3.86}, ""kalman_altitude"": 1.09, ""kalman_vertical_velocity"": -3.86, ""pyroDrogue"": 0, ""pyroMain"": 0, ""pyro1_state"": 0, ""pyro2_state"": 0}"
1764328855.752529,2025-11-28T14:20:55.752529,1635,0,0,-0.35,-0.54,0.74,-20.17,-36.78,-10.46,-10.7,-10.37,0,0,0,144043,849.01,26.53,0.63,0,0,0,0,-79,0.64,-3.98,BEACON,"{""record_number"": 1635, ""operation_mode"": 0, ""state"": 0, ""battery_voltage"": 0, ""wifi_rssi"": -79, ""acc_data"": {""ax"": -0.35, ""ay"": -0.54, ""az"": 0.74, ""pitch"": -20.17, ""roll"": -36.78}, ""gyro_data"": {""gx"": -10.46, ""gy"": -10.7, ""gz"": -10.37}, ""gps_data"": {""latitude"": 0, ""longitude"": 0, ""gps_altitude"": 0, ""time"": 144043}, ""alt_data"": {""pressure"": 849.01, ""temperature"": 26.53, ""AGL"": 0.63, ""velocity"": 0, ""kalman_altitude"": 0.64, ""kalman_vertical_velocity"": -3.98}, ""chute_state"": {""pyro1_state"": 0, ""pyro2_state"": 0}, ""connection_status"": {""connected"": true, ""has_ever_connected"": true, ""packet_age_ms"": 1, ""timeout_exceeded"": false, ""rssi"": -79}, ""communication_mode"": ""BEACON"", ""timestamp"": 206469, ""packets_received"": 850, ""kalman_data"": {""altitude"": 0.64, ""vertical_velocity"": -3.98}, ""kalman_altitude"": 0.64, ""kalman_vertical_velocity"": -3.98, ""pyroDrogue"": 0, ""pyroMain"": 0, ""pyro1_state"": 0, ""pyro2_state"": 0}"
1764328855.869661,2025-11-28T14:20:55.869661,1637,0,0,-0.35,-0.56,0.73,-20.05,-37.52,-12.32,-1.55,-1.89,0,0,0,144043,848.99,26.53,0.81,0,0,0,0,-79,0.8,-3.94,BEACON,"{""record_number"": 1637, ""operation_mode"": 0, ""state"": 0, ""battery_voltage"": 0, ""wifi_rssi"": -79, ""acc_data"": {""ax"": -0.35, ""ay"": -0.56, ""az"": 0.73, ""pitch"": -20.05, ""roll"": -37.52}, ""gyro_data"": {""gx"": -12.32, ""gy"": -1.55, ""gz"": -1.89}, ""gps_data"": {""latitude"": 0, ""longitude"": 0, ""gps_altitude"": 0, ""time"": 144043}, ""alt_data"": {""pressure"": 848.99, ""temperature"": 26.53, ""AGL"": 0.81, ""velocity"": 0, ""kalman_altitude"": 0.8, ""kalman_vertical_velocity"": -3.94}, ""chute_state"": {""pyro1_state"": 0, ""pyro2_state"": 0}, ""connection_status"": {""connected"": true, ""has_ever_connected"": true, ""packet_age_ms"": 0, ""timeout_exceeded"": false, ""rssi"": -79}, ""communication_mode"": ""BEACON"", ""timestamp"": 206580, ""packets_received"": 851, ""kalman_data"": {""altitude"": 0.8, ""vertical_velocity"": -3.94}, ""kalman_altitude"": 0.8, ""kalman_vertical_velocity"": -3.94, ""pyroDrogue"": 0, ""pyroMain"": 0, ""pyro1_state"": 0, ""pyro2_state"": 0}"
1764328856.014792,2025-11-28T14:20:56.014792,1638,0,0,-0.33,-0.56,0.73,-19.88,-37.02,-6.4,-5.49,-5.27,0,0,0,144244,849.04,26.53,0.33,0,0,0,0,-74,0.36,-4.07,BEACON,"{""record_number"": 1638, ""operation_mode"": 0, ""state"": 0, ""battery_voltage"": 0, ""wifi_rssi"": -74, ""acc_data"": {""ax"": -0.33, ""ay"": -0.56, ""az"": 0.73, ""pitch"": -19.88, ""roll"": -37.02}, ""gyro_data"": {""gx"": -6.4, ""gy"": -5.49, ""gz"": -5.27}, ""gps_data"": {""latitude"": 0, ""longitude"": 0, ""gps_altitude"": 0, ""time"": 144244}, ""alt_data"": {""pressure"": 849.04, ""temperature"": 26.53, ""AGL"": 0.33, ""velocity"": 0, ""kalman_altitude"": 0.36, ""kalman_vertical_velocity"": -4.07}, ""chute_state"": {""pyro1_state"": 0, ""pyro2_state"": 0}, ""connection_status"": {""connected"": true, ""has_ever_connected"": true, ""packet_age_ms"": 1, ""timeout_exceeded"": false, ""rssi"": -74}, ""communication_mode"": ""BEACON"", ""timestamp"": 206694, ""packets_received"": 852, ""kalman_data"": {""altitude"": 0.36, ""vertical_velocity"": -4.07}, ""kalman_altitude"": 0.36, ""kalman_vertical_velocity"": -4.07, ""pyroDrogue"": 0, ""pyroMain"": 0, ""pyro1_state"": 0, ""pyro2_state"": 0}"
1764328856.105938,2025-11-28T14:20:56.105938,1639,0,0,-0.34,-0.55,0.74,-20.14,-37.31,-10.27,-4.82,-11.22,0,0,0,144443,848.99,26.53,0.81,0,0,0,0,-80,0.79,-3.95,BEACON,"{""record_number"": 1639, ""operation_mode"": 0, ""state"": 0, ""battery_voltage"": 0, ""wifi_rssi"": -80, ""acc_data"": {""ax"": -0.34, ""ay"": -0.55, ""az"": 0.74, ""pitch"": -20.14, ""roll"": -37.31}, ""gyro_data"": {""gx"": -10.27, ""gy"": -4.82, ""gz"": -11.22}, ""gps_data"": {""latitude"": 0, ""longitude"": 0, ""gps_altitude"": 0, ""time"": 144443}, ""alt_data"": {""pressure"": 848.99, ""temperature"": 26.53, ""AGL"": 0.81, ""velocity"": 0, ""kalman_altitude"": 0.79, ""kalman_vertical_velocity"": -3.95}, ""chute_state"": {""pyro1_state"": 0, ""pyro2_state"": 0}, ""connection_status"": {""connected"": true, ""has_ever_connected"": true, ""packet_age_ms"": 1, ""timeout_exceeded"": false, ""rssi"": -80}, ""communication_mode"": ""BEACON"", ""timestamp"": 206807, ""packets_received"": 853, ""kalman_data"": {""altitude"": 0.79, ""vertical_velocity"": -3.95}, ""kalman_altitude"": 0.79, ""kalman_vertical_velocity"": -3.95, ""pyroDrogue"": 0, ""pyroMain"": 0, ""pyro1_state"": 0, ""pyro2_state"": 0}"
1764328856.271893,2025-11-28T14:20:56.271893,1641,0,0,-0.32,-0.54,0.73,-18.66,-36.2,17.1,5.27,-11.28,0,0,0,144443,848.98,26.53,0.95,0,0,0,0,-79,0.94,-3.91,BEACON,"{""record_number"": 1641, ""operation_mode"": 0, ""state"": 0, ""battery_voltage"": 0, ""wifi_rssi"": -79, ""acc_data"": {""ax"": -0.32, ""ay"": -0.54, ""az"": 0.73, ""pitch"": -18.66, ""roll"": -36.2}, ""gyro_data"": {""gx"": 17.1, ""gy"": 5.27, ""gz"": -11.28}, ""gps_data"": {""latitude"": 0, ""longitude"": 0, ""gps_altitude"": 0, ""time"": 144443}, ""alt_data"": {""pressure"": 848.98, ""temperature"": 26.53, ""AGL"": 0.95, ""velocity"": 0, ""kalman_altitude"": 0.94, ""kalman_vertical_velocity"": -3.91}, ""chute_state"": {""pyro1_state"": 0, ""pyro2_state"": 0}, ""connection_status"": {""connected"": true, ""has_ever_connected"": true, ""packet_age_ms"": 1, ""timeout_exceeded"": false, ""rssi"": -79}, ""communication_mode"": ""BEACON"", ""timestamp"": 206920, ""packets_received"": 854, ""kalman_data"": {""altitude"": 0.94, ""vertical_velocity"": -3.91}, ""kalman_altitude"": 0.94, ""kalman_vertical_velocity"": -3.91, ""pyroDrogue"": 0, ""pyroMain"": 0, ""pyro1_state"": 0, ""pyro2_state"": 0}"
1764328856.330415,2025-11-28T14:20:56.330415,1642,0,0,-0.33,-0.56,0.74,-20.02,-37.19,1.43,-37.16,-36.55,0,0,0,144646,848.97,26.53,1.06,0,0,0,0,-76,1.05,-3.89,BEACON,"{""record_number"": 1642, ""operation_mode"": 0, ""state"": 0, ""battery_voltage"": 0, ""wifi_rssi"": -76, ""acc_data"": {""ax"": -0.33, ""ay"": -0.56, ""az"": 0.74, ""pitch"": -20.02, ""roll"": -37.19}, ""gyro_data"": {""gx"": 1.43, ""gy"": -37.16, ""gz"": -36.55}, ""gps_data"": {""latitude"": 0, ""longitude"": 0, ""gps_altitude"": 0, ""time"": 144646}, ""alt_data"": {""pressure"": 848.97, ""temperature"": 26.53, ""AGL"": 1.06, ""velocity"": 0, ""kalman_altitude"": 1.05, ""kalman_vertical_velocity"": -3.89}, ""chute_state"": {""pyro1_state"": 0, ""pyro2_state"": 0}, ""connection_status"": {""connected"": true, ""has_ever_connected"": true, ""packet_age_ms"": 1, ""timeout_exceeded"": false, ""rssi"": -76}, ""communication_mode"": ""BEACON"", ""timestamp"": 207033, ""packets_received"": 855, ""kalman_data"": {""altitude"": 1.05, ""vertical_velocity"": -3.89}, ""kalman_altitude"": 1.05, ""kalman_vertical_velocity"": -3.89, ""pyroDrogue"": 0, ""pyroMain"": 0, ""pyro1_state"": 0, ""pyro2_state"": 0}"
1764328856.448943,2025-11-28T14:20:56.448943,1643,0,0,-0.24,-0.58,0.78,-15.21,-36.11,16.62,-54.09,-88.81,0,0,0,144646,848.99,26.53,0.83,0,0,0,0,-79,0.84,-3.95,BEACON,"{""record_number"": 1643, ""operation_mode"": 0, ""state"": 0, ""battery_voltage"": 0, ""wifi_rssi"": -79, ""acc_data"": {""ax"": -0.24, ""ay"": -0.58, ""az"": 0.78, ""pitch"": -15.21, ""roll"": -36.11}, ""gyro_data"": {""gx"": 16.62, ""gy"": -54.09, ""gz"": -88.81}, ""gps_data"": {""latitude"": 0, ""longitude"": 0, ""gps_altitude"": 0, ""time"": 144646}, ""alt_data"": {""pressure"": 848.99, ""temperature"": 26.53, ""AGL"": 0.83, ""velocity"": 0, ""kalman_altitude"": 0.84, ""kalman_vertical_velocity"": -3.95}, ""chute_state"": {""pyro1_state"": 0, ""pyro2_state"": 0}, ""connection_status"": {""connected"": true, ""has_ever_connected"": true, ""packet_age_ms"": 1, ""timeout_exceeded"": false, ""rssi"": -79}, ""communication_mode"": ""BEACON"", ""timestamp"": 207146, ""packets_received"": 856, ""kalman_data"": {""altitude"": 0.84, ""vertical_velocity"": -3.95}, ""kalman_altitude"": 0.84, ""kalman_vertical_velocity"": -3.95, ""pyroDrogue"": 0, ""pyroMain"": 0, ""pyro1_state"": 0, ""pyro2_state"": 0}"
1764328856.553004,2025-11-28T14:20:56.553004,1645,0,0,-0.17,-0.54,0.75,-9.7,-34.64,63.6,-55.3,-88.38,0,0,0,144849,848.96,26.52,1.14,0,0,0,0,-82,1.13,-3.87,BEACON,"{""record_number"": 1645, ""operation_mode"": 0, ""state"": 0, ""battery_voltage"": 0, ""wifi_rssi"": -82, ""acc_data"": {""ax"": -0.17, ""ay"": -0.54, ""az"": 0.75, ""pitch"": -9.7, ""roll"": -34.64}, ""gyro_data"": {""gx"": 63.6, ""gy"": -55.3, ""gz"": -88.38}, ""gps_data"": {""latitude"": 0, ""longitude"": 0, ""gps_altitude"": 0, ""time"": 144849}, ""alt_data"": {""pressure"": 848.96, ""temperature"": 26.52, ""AGL"": 1.14, ""velocity"": 0, ""kalman_altitude"": 1.13, ""kalman_vertical_velocity"": -3.87}, ""chute_state"": {""pyro1_state"": 0, ""pyro2_state"": 0}, ""connection_status"": {""connected"": true, ""has_ever_connected"": true, ""packet_age_ms"": 1, ""timeout_exceeded"": false, ""rssi"": -82}, ""communication_mode"": ""BEACON"", ""timestamp"": 207262, ""packets_received"": 857, ""kalman_data"": {""altitude"": 1.13, ""vertical_velocity"": -3.87}, ""kalman_altitude"": 1.13, ""kalman_vertical_velocity"": -3.87, ""pyroDrogue"": 0, ""pyroMain"": 0, ""pyro1_state"": 0, ""pyro2_state"": 0}"
1764328856.648007,2025-11-28T14:20:56.648007,1646,0,0,-0.15,-0.55,0.8,-9.05,-35.07,20.43,-45.85,-103.26,0,0,0,144849,848.99,26.52,0.81,0,0,0,0,-82,0.81,-3.96,BEACON,"{""record_number"": 1646, ""operation_mode"": 0, ""state"": 0, ""battery_voltage"": 0, ""wifi_rssi"": -82, ""acc_data"": {""ax"": -0.15, ""ay"": -0.55, ""az"": 0.8, ""pitch"": -9.05, ""roll"": -35.07}, ""gyro_data"": {""gx"": 20.43, ""gy"": -45.85, ""gz"": -103.26}, ""gps_data"": {""latitude"": 0, ""longitude"": 0, ""gps_altitude"": 0, ""time"": 144849}, ""alt_data"": {""pressure"": 848.99, ""temperature"": 26.52, ""AGL"": 0.81, ""velocity"": 0, ""kalman_altitude"": 0.81, ""kalman_vertical_velocity"": -3.96}, ""chute_state"": {""pyro1_state"": 0, ""pyro2_state"": 0}, ""connection_status"": {""connected"": true, ""has_ever_connected"": true, ""packet_age_ms"": 0, ""timeout_exceeded"": false, ""rssi"": -82}, ""communication_mode"": ""BEACON"", ""timestamp"": 207372, ""packets_received"": 858, ""kalman_data"": {""altitude"": 0.81, ""vertical_velocity"": -3.96}, ""kalman_altitude"": 0.81, ""kalman_vertical_velocity"": -3.96, ""pyroDrogue"": 0, ""pyroMain"": 0, ""pyro1_state"": 0, ""pyro2_state"": 0}"
1764328856.786238,2025-11-28T14:20:56.786238,1647,0,0,-0.16,-0.54,0.78,-8.71,-35.19,56.01,13.78,-90.98,0,0,0,145050,848.98,26.52,0.96,0,0,0,0,-87,0.95,-3.92,BEACON,"{""record_number"": 1647, ""operation_mode"": 0, ""state"": 0, ""battery_voltage"": 0, ""wifi_rssi"": -87, ""acc_data"": {""ax"": -0.16, ""ay"": -0.54, ""az"": 0.78, ""pitch"": -8.71, ""roll"": -35.19}, ""gyro_data"": {""gx"": 56.01, ""gy"": 13.78, ""gz"": -90.98}, ""gps_data"": {""latitude"": 0, ""longitude"": 0, ""gps_altitude"": 0, ""time"": 145050}, ""alt_data"": {""pressure"": 848.98, ""temperature"": 26.52, ""AGL"": 0.96, ""velocity"": 0, ""kalman_altitude"": 0.95, ""kalman_vertical_velocity"": -3.92}, ""chute_state"": {""pyro1_state"": 0, ""pyro2_state"": 0}, ""connection_status"": {""connected"": true, ""has_ever_connected"": true, ""packet_age_ms"": 0, ""timeout_exceeded"": false, ""rssi"": -87}, ""communication_mode"": ""BEACON"", ""timestamp"": 207486, ""packets_received"": 859, ""kalman_data"": {""altitude"": 0.95, ""vertical_velocity"": -3.92}, ""kalman_altitude"": 0.95, ""kalman_vertical_velocity"": -3.92, ""pyroDrogue"": 0, ""pyroMain"": 0, ""pyro1_state"": 0, ""pyro2_state"": 0}"
1764328861.276235,2025-11-28T14:21:01.276235,1698,0,0,-1.06,-0.1,-0.4,-69.67,-167.64,53.32,-49.73,-6.77,0,0,0,149477,848.97,26.55,1.03,0,0,0,0,-94,1.02,-4.87,BEACON,"{""record_number"": 1698, ""operation_mode"": 0, ""state"": 0, ""battery_voltage"": 0, ""wifi_rssi"": -94, ""acc_data"": {""ax"": -1.06, ""ay"": -0.1, ""az"": -0.4, ""pitch"": -69.67, ""roll"": -167.64}, ""gyro_data"": {""gx"": 53.32, ""gy"": -49.73, ""gz"": -6.77}, ""gps_data"": {""latitude"": 0, ""longitude"": 0, ""gps_altitude"": 0, ""time"": 149477}, ""alt_data"": {""pressure"": 848.97, ""temperature"": 26.55, ""AGL"": 1.03, ""velocity"": 0, ""kalman_altitude"": 1.02, ""kalman_vertical_velocity"": -4.87}, ""chute_state"": {""pyro1_state"": 0, ""pyro2_state"": 0}, ""connection_status"": {""connected"": true, ""has_ever_connected"": true, ""packet_age_ms"": 1, ""timeout_exceeded"": false, ""rssi"": -94}, ""communication_mode"": ""BEACON"", ""timestamp"": 212003, ""packets_received"": 860, ""kalman_data"": {""altitude"": 1.02, ""vertical_velocity"": -4.87}, ""kalman_altitude"": 1.02, ""kalman_vertical_velocity"": -4.87, ""pyroDrogue"": 0, ""pyroMain"": 0, ""pyro1_state"": 0, ""pyro2_state"": 0}"
1764328861.516171,2025-11-28T14:21:01.516171,1700,0,0,-0.82,-0.14,-0.5,-56.69,-164.24,-142.01,43.29,42.04,0,0,0,149883,849.01,26.56,0.66,0,0,0,0,-94,0.65,-5.07,BEACON,"{""record_number"": 1700, ""operation_mode"": 0, ""state"": 0, ""battery_voltage"": 0, ""wifi_rssi"": -94, ""acc_data"": {""ax"": -0.82, ""ay"": -0.14, ""az"": -0.5, ""pitch"": -56.69, ""roll"": -164.24}, ""gyro_data"": {""gx"": -142.01, ""gy"": 43.29, ""gz"": 42.04}, ""gps_data"": {""latitude"": 0, ""longitude"": 0, ""gps_altitude"": 0, ""time"": 149883}, ""alt_data"": {""pressure"": 849.01, ""temperature"": 26.56, ""AGL"": 0.66, ""velocity"": 0, ""kalman_altitude"": 0.65, ""kalman_vertical_velocity"": -5.07}, ""chute_state"": {""pyro1_state"": 0, ""pyro2_state"": 0}, ""connection_status"": {""connected"": true, ""has_ever_connected"": true, ""packet_age_ms"": 0, ""timeout_exceeded"": false, ""rssi"": -94}, ""communication_mode"": ""BEACON"", ""timestamp"": 212228, ""packets_received"": 861, ""kalman_data"": {""altitude"": 0.65, ""vertical_velocity"": -5.07}, ""kalman_altitude"": 0.65, ""kalman_vertical_velocity"": -5.07, ""pyroDrogue"": 0, ""pyroMain"": 0, ""pyro1_state"": 0, ""pyro2_state"": 0}"
1764328861.767463,2025-11-28T14:21:01.767463,1703,0,0,-0.78,0.05,-0.44,-51.04,172.16,106.25,-70.06,141.86,0,0,0,150083,849.03,26.55,0.42,0,0,0,0,-94,0.42,-5.25,BEACON,"{""record_number"": 1703, ""operation_mode"": 0, ""state"": 0, ""battery_voltage"": 0, ""wifi_rssi"": -94, ""acc_data"": {""ax"": -0.78, ""ay"": 0.05, ""az"": -0.44, ""pitch"": -51.04, ""roll"": 172.16}, ""gyro_data"": {""gx"": 106.25, ""gy"": -70.06, ""gz"": 141.86}, ""gps_data"": {""latitude"": 0, ""longitude"": 0, ""gps_altitude"": 0, ""time"": 150083}, ""alt_data"": {""pressure"": 849.03, ""temperature"": 26.55, ""AGL"": 0.42, ""velocity"": 0, ""kalman_altitude"": 0.42, ""kalman_vertical_velocity"": -5.25}, ""chute_state"": {""pyro1_state"": 0, ""pyro2_state"": 0}, ""connection_status"": {""connected"": true, ""has_ever_connected"": true, ""packet_age_ms"": 0, ""timeout_exceeded"": false, ""rssi"": -94}, ""communication_mode"": ""BEACON"", ""timestamp"": 212457, ""packets_received"": 862, ""kalman_data"": {""altitude"": 0.42, ""vertical_velocity"": -5.25}, ""kalman_altitude"": 0.42, ""kalman_vertical_velocity"": -5.25, ""pyroDrogue"": 0, ""pyroMain"": 0, ""pyro1_state"": 0, ""pyro2_state"": 0}"
1764328862.066116,2025-11-28T14:21:02.066116,1707,0,0,-0.96,0.14,-0.32,-71.25,160.1,-35.7,13.66,80.49,0,0,0,150283,849.02,26.56,0.55,0,0,0,0,-89,0.55,-5.35,BEACON,"{""record_number"": 1707, ""operation_mode"": 0, ""state"": 0, ""battery_voltage"": 0, ""wifi_rssi"": -89, ""acc_data"": {""ax"": -0.96, ""ay"": 0.14, ""az"": -0.32, ""pitch"": -71.25, ""roll"": 160.1}, ""gyro_data"": {""gx"": -35.7, ""gy"": 13.66, ""gz"": 80.49}, ""gps_data"": {""latitude"": 0, ""longitude"": 0, ""gps_altitude"": 0, ""time"": 150283}, ""alt_data"": {""pressure"": 849.02, ""temperature"": 26.56, ""AGL"": 0.55, ""velocity"": 0, ""kalman_altitude"": 0.55, ""kalman_vertical_velocity"": -5.35}, ""chute_state"": {""pyro1_state"": 0, ""pyro2_state"": 0}, ""connection_status"": {""connected"": true, ""has_ever_connected"": true, ""packet_age_ms"": 0, ""timeout_exceeded"": false, ""rssi"": -89}, ""communication_mode"": ""BEACON"", ""timestamp"": 212793, ""packets_received"": 863, ""kalman_data"": {""altitude"": 0.55, ""vertical_velocity"": -5.35}, ""kalman_altitude"": 0.55, ""kalman_vertical_velocity"": -5.35, ""pyroDrogue"": 0, ""pyroMain"": 0, ""pyro1_state"": 0, ""pyro2_state"": 0}"
1764328862.518874,2025-11-28T14:21:02.518874,1712,0,0,-0.82,0.14,-0.31,-53.84,156.55,-1.59,-89.09,70.24,0,0,0,150888,849.02,26.56,0.55,0,0,0,0,-89,0.56,-5.51,BEACON,"{""record_number"": 1712, ""operation_mode"": 0, ""state"": 0, ""battery_voltage"": 0, ""wifi_rssi"": -89, ""acc_data"": {""ax"": -0.82, ""ay"": 0.14, ""az"": -0.31, ""pitch"": -53.84, ""roll"": 156.55}, ""gyro_data"": {""gx"": -1.59, ""gy"": -89.09, ""gz"": 70.24}, ""gps_data"": {""latitude"": 0, ""longitude"": 0, ""gps_altitude"": 0, ""time"": 150888}, ""alt_data"": {""pressure"": 849.02, ""temperature"": 26.56, ""AGL"": 0.55, ""velocity"": 0, ""kalman_altitude"": 0.56, ""kalman_vertical_velocity"": -5.51}, ""chute_state"": {""pyro1_state"": 0, ""pyro2_state"": 0}, ""connection_status"": {""connected"": true, ""has_ever_connected"": true, ""packet_age_ms"": 1, ""timeout_exceeded"": false, ""rssi"": -89}, ""communication_mode"": ""BEACON"", ""timestamp"": 213246, ""packets_received"": 864, ""kalman_data"": {""altitude"": 0.56, ""vertical_velocity"": -5.51}, ""kalman_altitude"": 0.56, ""kalman_vertical_velocity"": -5.51, ""pyroDrogue"": 0, ""pyroMain"": 0, ""pyro1_state"": 0, ""pyro2_state"": 0}"
1764328862.6446,2025-11-28T14:21:02.644600,1713,0,0,-0.87,0.11,-0.25,-60.5,159.6,-18.29,24.79,78.84,0,0,0,150888,849.04,26.55,0.32,0,0,0,0,-89,0.32,-5.61,BEACON,"{""record_number"": 1713, ""operation_mode"": 0, ""state"": 0, ""battery_voltage"": 0, ""wifi_rssi"": -89, ""acc_data"": {""ax"": -0.87, ""ay"": 0.11, ""az"": -0.25, ""pitch"": -60.5, ""roll"": 159.6}, ""gyro_data"": {""gx"": -18.29, ""gy"": 24.79, ""gz"": 78.84}, ""gps_data"": {""latitude"": 0, ""longitude"": 0, ""gps_altitude"": 0, ""time"": 150888}, ""alt_data"": {""pressure"": 849.04, ""temperature"": 26.55, ""AGL"": 0.32, ""velocity"": 0, ""kalman_altitude"": 0.32, ""kalman_vertical_velocity"": -5.61}, ""chute_state"": {""pyro1_state"": 0, ""pyro2_state"": 0}, ""connection_status"": {""connected"": true, ""has_ever_connected"": true, ""packet_age_ms"": 1, ""timeout_exceeded"": false, ""rssi"": -89}, ""communication_mode"": ""BEACON"", ""timestamp"": 213358, ""packets_received"": 865, ""kalman_data"": {""altitude"": 0.32, ""vertical_velocity"": -5.61}, ""kalman_altitude"": 0.32, ""kalman_vertical_velocity"": -5.61, ""pyroDrogue"": 0, ""pyroMain"": 0, ""pyro1_state"": 0, ""pyro2_state"": 0}"
1764328863.198841,2025-11-28T14:21:03.198841,1720,0,0,-0.88,0.12,-0.25,-59.77,154.01,-31.31,-148.57,2.68,0,0,0,151489,849.06,26.55,0.13,0,0,0,0,-94,0.13,-5.87,BEACON,"{""record_number"": 1720, ""operation_mode"": 0, ""state"": 0, ""battery_voltage"": 0, ""wifi_rssi"": -94, ""acc_data"": {""ax"": -0.88, ""ay"": 0.12, ""az"": -0.25, ""pitch"": -59.77, ""roll"": 154.01}, ""gyro_data"": {""gx"": -31.31, ""gy"": -148.57, ""gz"": 2.68}, ""gps_data"": {""latitude"": 0, ""longitude"": 0, ""gps_altitude"": 0, ""time"": 151489}, ""alt_data"": {""pressure"": 849.06, ""temperature"": 26.55, ""AGL"": 0.13, ""velocity"": 0, ""kalman_altitude"": 0.13, ""kalman_vertical_velocity"": -5.87}, ""chute_state"": {""pyro1_state"": 0, ""pyro2_state"": 0}, ""connection_status"": {""connected"": true, ""has_ever_connected"": true, ""packet_age_ms"": 0, ""timeout_exceeded"": false, ""rssi"": -94}, ""communication_mode"": ""BEACON"", ""timestamp"": 213921, ""packets_received"": 866, ""kalman_data"": {""altitude"": 0.13, ""vertical_velocity"": -5.87}, ""kalman_altitude"": 0.13, ""kalman_vertical_velocity"": -5.87, ""pyroDrogue"": 0, ""pyroMain"": 0, ""pyro1_state"": 0, ""pyro2_state"": 0}"
1764328863.321396,2025-11-28T14:21:03.321396,1721,0,0,-0.87,0.12,0.07,-59.33,48.88,-108.78,-503.2,34.91,0,0,0,151692,849.06,26.55,0.09,0,0,0,0,-93,0.09,-5.9,BEACON,"{""record_number"": 1721, ""operation_mode"": 0, ""state"": 0, ""battery_voltage"": 0, ""wifi_rssi"": -93, ""acc_data"": {""ax"": -0.87, ""ay"": 0.12, ""az"": 0.07, ""pitch"": -59.33, ""roll"": 48.88}, ""gyro_data"": {""gx"": -108.78, ""gy"": -503.2, ""gz"": 34.91}, ""gps_data"": {""latitude"": 0, ""longitude"": 0, ""gps_altitude"": 0, ""time"": 151692}, ""alt_data"": {""pressure"": 849.06, ""temperature"": 26.55, ""AGL"": 0.09, ""velocity"": 0, ""kalman_altitude"": 0.09, ""kalman_vertical_velocity"": -5.9}, ""chute_state"": {""pyro1_state"": 0, ""pyro2_state"": 0}, ""connection_status"": {""connected"": true, ""has_ever_connected"": true, ""packet_age_ms"": 0, ""timeout_exceeded"": false, ""rssi"": -93}, ""communication_mode"": ""BEACON"", ""timestamp"": 214035, ""packets_received"": 867, ""kalman_data"": {""altitude"": 0.09, ""vertical_velocity"": -5.9}, ""kalman_altitude"": 0.09, ""kalman_vertical_velocity"": -5.9, ""pyroDrogue"": 0, ""pyroMain"": 0, ""pyro1_state"": 0, ""pyro2_state"": 0}"
1764328863.422069,2025-11-28T14:21:03.422069,1723,0,0,-0.91,-0.13,0.04,-60.1,-86.61,-17.01,-63.26,-20.91,0,0,0,151692,849.05,26.56,0.27,0,0,0,0,-93,0.26,-5.88,BEACON,"{""record_number"": 1723, ""operation_mode"": 0, ""state"": 0, ""battery_voltage"": 0, ""wifi_rssi"": -93, ""acc_data"": {""ax"": -0.91, ""ay"": -0.13, ""az"": 0.04, ""pitch"": -60.1, ""roll"": -86.61}, ""gyro_data"": {""gx"": -17.01, ""gy"": -63.26, ""gz"": -20.91}, ""gps_data"": {""latitude"": 0, ""longitude"": 0, ""gps_altitude"": 0, ""time"": 151692}, ""alt_data"": {""pressure"": 849.05, ""temperature"": 26.56, ""AGL"": 0.27, ""velocity"": 0, ""kalman_altitude"": 0.26, ""kalman_vertical_velocity"": -5.88}, ""chute_state"": {""pyro1_state"": 0, ""pyro2_state"": 0}, ""connection_status"": {""connected"": true, ""has_ever_connected"": true, ""packet_age_ms"": 1, ""timeout_exceeded"": false, ""rssi"": -93}, ""communication_mode"": ""BEACON"", ""timestamp"": 214149, ""packets_received"": 868, ""kalman_data"": {""altitude"": 0.26, ""vertical_velocity"": -5.88}, ""kalman_altitude"": 0.26, ""kalman_vertical_velocity"": -5.88, ""pyroDrogue"": 0, ""pyroMain"": 0, ""pyro1_state"": 0, ""pyro2_state"": 0}"
1764328863.654941,2025-11-28T14:21:03.654941,1725,0,0,-0.99,0.07,0.1,-76.36,31.57,-74.21,-190.27,106.28,0,0,0,151894,849.06,26.56,0.16,0,0,0,0,-96,0.17,-5.96,BEACON,"{""record_number"": 1725, ""operation_mode"": 0, ""state"": 0, ""battery_voltage"": 0, ""wifi_rssi"": -96, ""acc_data"": {""ax"": -0.99, ""ay"": 0.07, ""az"": 0.1, ""pitch"": -76.36, ""roll"": 31.57}, ""gyro_data"": {""gx"": -74.21, ""gy"": -190.27, ""gz"": 106.28}, ""gps_data"": {""latitude"": 0, ""longitude"": 0, ""gps_altitude"": 0, ""time"": 151894}, ""alt_data"": {""pressure"": 849.06, ""temperature"": 26.56, ""AGL"": 0.16, ""velocity"": 0, ""kalman_altitude"": 0.17, ""kalman_vertical_velocity"": -5.96}, ""chute_state"": {""pyro1_state"": 0, ""pyro2_state"": 0}, ""connection_status"": {""connected"": true, ""has_ever_connected"": true, ""packet_age_ms"": 1, ""timeout_exceeded"": false, ""rssi"": -96}, ""communication_mode"": ""BEACON"", ""timestamp"": 214374, ""packets_received"": 869, ""kalman_data"": {""altitude"": 0.17, ""vertical_velocity"": -5.96}, ""kalman_altitude"": 0.17, ""kalman_vertical_velocity"": -5.96, ""pyroDrogue"": 0, ""pyroMain"": 0, ""pyro1_state"": 0, ""pyro2_state"": 0}"
1764328863.762198,2025-11-28T14:21:03.762198,1727,0,0,-0.96,0.17,0.16,-72.14,60.73,18.35,-54.66,28.51,0,0,0,152095,849.05,26.56,0.23,0,0,0,0,-95,0.23,-5.96,BEACON,"{""record_number"": 1727, ""operation_mode"": 0, ""state"": 0, ""battery_voltage"": 0, ""wifi_rssi"": -95, ""acc_data"": {""ax"": -0.96, ""ay"": 0.17, ""az"": 0.16, ""pitch"": -72.14, ""roll"": 60.73}, ""gyro_data"": {""gx"": 18.35, ""gy"": -54.66, ""gz"": 28.51}, ""gps_data"": {""latitude"": 0, ""longitude"": 0, ""gps_altitude"": 0, ""time"": 152095}, ""alt_data"": {""pressure"": 849.05, ""temperature"": 26.56, ""AGL"": 0.23, ""velocity"": 0, ""kalman_altitude"": 0.23, ""kalman_vertical_velocity"": -5.96}, ""chute_state"": {""pyro1_state"": 0, ""pyro2_state"": 0}, ""connection_status"": {""connected"": true, ""has_ever_connected"": true, ""packet_age_ms"": 1, ""timeout_exceeded"": false, ""rssi"": -95}, ""communication_mode"": ""BEACON"", ""timestamp"": 214487, ""packets_received"": 870, ""kalman_data"": {""altitude"": 0.23, ""vertical_velocity"": -5.96}, ""kalman_altitude"": 0.23, ""kalman_vertical_velocity"": -5.96, ""pyroDrogue"": 0, ""pyroMain"": 0, ""pyro1_state"": 0, ""pyro2_state"": 0}"
1764328864.24048,2025-11-28T14:21:04.240480,1732,0,0,-0.84,0.13,0.33,-59.16,24.31,-13.9,-128.23,-16.07,0,0,0,152495,849.06,26.56,0.12,0,0,0,0,-98,0.13,-6.08,BEACON,"{""record_number"": 1732, ""operation_mode"": 0, ""state"": 0, ""battery_voltage"": 0, ""wifi_rssi"": -98, ""acc_data"": {""ax"": -0.84, ""ay"": 0.13, ""az"": 0.33, ""pitch"": -59.16, ""roll"": 24.31}, ""gyro_data"": {""gx"": -13.9, ""gy"": -128.23, ""gz"": -16.07}, ""gps_data"": {""latitude"": 0, ""longitude"": 0, ""gps_altitude"": 0, ""time"": 152495}, ""alt_data"": {""pressure"": 849.06, ""temperature"": 26.56, ""AGL"": 0.12, ""velocity"": 0, ""kalman_altitude"": 0.13, ""kalman_vertical_velocity"": -6.08}, ""chute_state"": {""pyro1_state"": 0, ""pyro2_state"": 0}, ""connection_status"": {""connected"": true, ""has_ever_connected"": true, ""packet_age_ms"": 0, ""timeout_exceeded"": false, ""rssi"": -98}, ""communication_mode"": ""BEACON"", ""timestamp"": 214938, ""packets_received"": 871, ""kalman_data"": {""altitude"": 0.13, ""vertical_velocity"": -6.08}, ""kalman_altitude"": 0.13, ""kalman_vertical_velocity"": -6.08, ""pyroDrogue"": 0, ""pyroMain"": 0, ""pyro1_state"": 0, ""pyro2_state"": 0}"
1764328864.696171,2025-11-28T14:21:04.696171,1737,0,0,-0.89,0.11,0.26,-64.04,22.58,-9.12,-4.45,-3.93,0,0,0,152900,849.02,26.55,0.57,0,0,0,0,-90,0.56,-6.05,BEACON,"{""record_number"": 1737, ""operation_mode"": 0, ""state"": 0, ""battery_voltage"": 0, ""wifi_rssi"": -90, ""acc_data"": {""ax"": -0.89, ""ay"": 0.11, ""az"": 0.26, ""pitch"": -64.04, ""roll"": 22.58}, ""gyro_data"": {""gx"": -9.12, ""gy"": -4.45, ""gz"": -3.93}, ""gps_data"": {""latitude"": 0, ""longitude"": 0, ""gps_altitude"": 0, ""time"": 152900}, ""alt_data"": {""pressure"": 849.02, ""temperature"": 26.55, ""AGL"": 0.57, ""velocity"": 0, ""kalman_altitude"": 0.56, ""kalman_vertical_velocity"": -6.05}, ""chute_state"": {""pyro1_state"": 0, ""pyro2_state"": 0}, ""connection_status"": {""connected"": true, ""has_ever_connected"": true, ""packet_age_ms"": 0, ""timeout_exceeded"": false, ""rssi"": -90}, ""communication_mode"": ""BEACON"", ""timestamp"": 215389, ""packets_received"": 872, ""kalman_data"": {""altitude"": 0.56, ""vertical_velocity"": -6.05}, ""kalman_altitude"": 0.56, ""kalman_vertical_velocity"": -6.05, ""pyroDrogue"": 0, ""pyroMain"": 0, ""pyro1_state"": 0, ""pyro2_state"": 0}"
1764328864.78617,2025-11-28T14:21:04.786170,1738,0,0,-0.9,0.11,0.26,-63.6,22.24,-7.65,-3.69,-3.35,0,0,0,153099,849.02,26.54,0.54,0,0,0,0,-90,0.54,-6.07,BEACON,"{""record_number"": 1738, ""operation_mode"": 0, ""state"": 0, ""battery_voltage"": 0, ""wifi_rssi"": -90, ""acc_data"": {""ax"": -0.9, ""ay"": 0.11, ""az"": 0.26, ""pitch"": -63.6, ""roll"": 22.24}, ""gyro_data"": {""gx"": -7.65, ""gy"": -3.69, ""gz"": -3.35}, ""gps_data"": {""latitude"": 0, ""longitude"": 0, ""gps_altitude"": 0, ""time"": 153099}, ""alt_data"": {""pressure"": 849.02, ""temperature"": 26.54, ""AGL"": 0.54, ""velocity"": 0, ""kalman_altitude"": 0.54, ""kalman_vertical_velocity"": -6.07}, ""chute_state"": {""pyro1_state"": 0, ""pyro2_state"": 0}, ""connection_status"": {""connected"": true, ""has_ever_connected"": true, ""packet_age_ms"": 1, ""timeout_exceeded"": false, ""rssi"": -90}, ""communication_mode"": ""BEACON"", ""timestamp"": 215502, ""packets_received"": 873, ""kalman_data"": {""altitude"": 0.54, ""vertical_velocity"": -6.07}, ""kalman_altitude"": 0.54, ""kalman_vertical_velocity"": -6.07, ""pyroDrogue"": 0, ""pyroMain"": 0, ""pyro1_state"": 0, ""pyro2_state"": 0}"
1764328864.886988,2025-11-28T14:21:04.886988,1740,0,0,-0.89,0.12,0.26,-64.04,22.66,-8.32,-3.26,-3.69,0,0,0,153099,849.06,26.55,0.17,0,0,0,0,-90,0.18,-6.18,BEACON,"{""record_number"": 1740, ""operation_mode"": 0, ""state"": 0, ""battery_voltage"": 0, ""wifi_rssi"": -90, ""acc_data"": {""ax"": -0.89, ""ay"": 0.12, ""az"": 0.26, ""pitch"": -64.04, ""roll"": 22.66}, ""gyro_data"": {""gx"": -8.32, ""gy"": -3.26, ""gz"": -3.69}, ""gps_data"": {""latitude"": 0, ""longitude"": 0, ""gps_altitude"": 0, ""time"": 153099}, ""alt_data"": {""pressure"": 849.06, ""temperature"": 26.55, ""AGL"": 0.17, ""velocity"": 0, ""kalman_altitude"": 0.18, ""kalman_vertical_velocity"": -6.18}, ""chute_state"": {""pyro1_state"": 0, ""pyro2_state"": 0}, ""connection_status"": {""connected"": true, ""has_ever_connected"": true, ""packet_age_ms"": 1, ""timeout_exceeded"": false, ""rssi"": -90}, ""communication_mode"": ""BEACON"", ""timestamp"": 215615, ""packets_received"": 874, ""kalman_data"": {""altitude"": 0.18, ""vertical_velocity"": -6.18}, ""kalman_altitude"": 0.18, ""kalman_vertical_velocity"": -6.18, ""pyroDrogue"": 0, ""pyroMain"": 0, ""pyro1_state"": 0, ""pyro2_state"": 0}"
1764328865.316816,2025-11-28T14:21:05.316816,1742,0,0,-0.9,0.11,0.26,-63.92,24.03,-8.41,-3.57,-3.99,0,0,0,153500,849.02,26.55,0.53,0,0,0,0,-90,0.53,-6.14,BEACON,"{""record_number"": 1742, ""operation_mode"": 0, ""state"": 0, ""battery_voltage"": 0, ""wifi_rssi"": -90, ""acc_data"": {""ax"": -0.9, ""ay"": 0.11, ""az"": 0.26, ""pitch"": -63.92, ""roll"": 24.03}, ""gyro_data"": {""gx"": -8.41, ""gy"": -3.57, ""gz"": -3.99}, ""gps_data"": {""latitude"": 0, ""longitude"": 0, ""gps_altitude"": 0, ""time"": 153500}, ""alt_data"": {""pressure"": 849.02, ""temperature"": 26.55, ""AGL"": 0.53, ""velocity"": 0, ""kalman_altitude"": 0.53, ""kalman_vertical_velocity"": -6.14}, ""chute_state"": {""pyro1_state"": 0, ""pyro2_state"": 0}, ""connection_status"": {""connected"": true, ""has_ever_connected"": true, ""packet_age_ms"": 1, ""timeout_exceeded"": false, ""rssi"": -90}, ""communication_mode"": ""BEACON"", ""timestamp"": 215840, ""packets_received"": 875, ""kalman_data"": {""altitude"": 0.53, ""vertical_velocity"": -6.14}, ""kalman_altitude"": 0.53, ""kalman_vertical_velocity"": -6.14, ""pyroDrogue"": 0, ""pyroMain"": 0, ""pyro1_state"": 0, ""pyro2_state"": 0}"
1764328865.405078,2025-11-28T14:21:05.405078,1745,0,0,-0.9,0.11,0.27,-64.11,22.91,-8.23,-3.11,-3.78,0,0,0,153705,849.05,26.55,0.21,0,0,0,0,-95,0.22,-6.26,BEACON,"{""record_number"": 1745, ""operation_mode"": 0, ""state"": 0, ""battery_voltage"": 0, ""wifi_rssi"": -95, ""acc_data"": {""ax"": -0.9, ""ay"": 0.11, ""az"": 0.27, ""pitch"": -64.11, ""roll"": 22.91}, ""gyro_data"": {""gx"": -8.23, ""gy"": -3.11, ""gz"": -3.78}, ""gps_data"": {""latitude"": 0, ""longitude"": 0, ""gps_altitude"": 0, ""time"": 153705}, ""alt_data"": {""pressure"": 849.05, ""temperature"": 26.55, ""AGL"": 0.21, ""velocity"": 0, ""kalman_altitude"": 0.22, ""kalman_vertical_velocity"": -6.26}, ""chute_state"": {""pyro1_state"": 0, ""pyro2_state"": 0}, ""connection_status"": {""connected"": true, ""has_ever_connected"": true, ""packet_age_ms"": 1, ""timeout_exceeded"": false, ""rssi"": -95}, ""communication_mode"": ""BEACON"", ""timestamp"": 216066, ""packets_received"": 876, ""kalman_data"": {""altitude"": 0.22, ""vertical_velocity"": -6.26}, ""kalman_altitude"": 0.22, ""kalman_vertical_velocity"": -6.26, ""pyroDrogue"": 0, ""pyroMain"": 0, ""pyro1_state"": 0, ""pyro2_state"": 0}"
1764328865.452677,2025-11-28T14:21:05.452677,1746,0,0,-0.89,0.11,0.26,-62.61,23.18,-8.48,-3.41,-4.6,0,0,0,153705,849.03,26.54,0.47,0,0,0,0,-93,0.46,-6.21,BEACON,"{""record_number"": 1746, ""operation_mode"": 0, ""state"": 0, ""battery_voltage"": 0, ""wifi_rssi"": -93, ""acc_data"": {""ax"": -0.89, ""ay"": 0.11, ""az"": 0.26, ""pitch"": -62.61, ""roll"": 23.18}, ""gyro_data"": {""gx"": -8.48, ""gy"": -3.41, ""gz"": -4.6}, ""gps_data"": {""latitude"": 0, ""longitude"": 0, ""gps_altitude"": 0, ""time"": 153705}, ""alt_data"": {""pressure"": 849.03, ""temperature"": 26.54, ""AGL"": 0.47, ""velocity"": 0, ""kalman_altitude"": 0.46, ""kalman_vertical_velocity"": -6.21}, ""chute_state"": {""pyro1_state"": 0, ""pyro2_state"": 0}, ""connection_status"": {""connected"": true, ""has_ever_connected"": true, ""packet_age_ms"": 0, ""timeout_exceeded"": false, ""rssi"": -93}, ""communication_mode"": ""BEACON"", ""timestamp"": 216180, ""packets_received"": 877, ""kalman_data"": {""altitude"": 0.46, ""vertical_velocity"": -6.21}, ""kalman_altitude"": 0.46, ""kalman_vertical_velocity"": -6.21, ""pyroDrogue"": 0, ""pyroMain"": 0, ""pyro1_state"": 0, ""pyro2_state"": 0}"
1764328865.692961,2025-11-28T14:21:05.692961,1749,0,0,-0.9,0.11,0.27,-64.17,23.02,-8.6,-3.93,-4.09,0,0,0,153906,849.04,26.53,0.3,0,0,0,0,-94,0.3,-6.3,BEACON,"{""record_number"": 1749, ""operation_mode"": 0, ""state"": 0, ""battery_voltage"": 0, ""wifi_rssi"": -94, ""acc_data"": {""ax"": -0.9, ""ay"": 0.11, ""az"": 0.27, ""pitch"": -64.17, ""roll"": 23.02}, ""gyro_data"": {""gx"": -8.6, ""gy"": -3.93, ""gz"": -4.09}, ""gps_data"": {""latitude"": 0, ""longitude"": 0, ""gps_altitude"": 0, ""time"": 153906}, ""alt_data"": {""pressure"": 849.04, ""temperature"": 26.53, ""AGL"": 0.3, ""velocity"": 0, ""kalman_altitude"": 0.3, ""kalman_vertical_velocity"": -6.3}, ""chute_state"": {""pyro1_state"": 0, ""pyro2_state"": 0}, ""connection_status"": {""connected"": true, ""has_ever_connected"": true, ""packet_age_ms"": 1, ""timeout_exceeded"": false, ""rssi"": -94}, ""communication_mode"": ""BEACON"", ""timestamp"": 216405, ""packets_received"": 878, ""kalman_data"": {""altitude"": 0.3, ""vertical_velocity"": -6.3}, ""kalman_altitude"": 0.3, ""kalman_vertical_velocity"": -6.3, ""pyroDrogue"": 0, ""pyroMain"": 0, ""pyro1_state"": 0, ""pyro2_state"": 0}"
1764328865.789962,2025-11-28T14:21:05.789962,1750,0,0,-0.89,0.11,0.26,-64.3,23.28,-8.38,-3.99,-3.51,0,0,0,154106,849.04,26.55,0.35,0,0,0,0,-96,0.35,-6.3,BEACON,"{""record_number"": 1750, ""operation_mode"": 0, ""state"": 0, ""battery_voltage"": 0, ""wifi_rssi"": -96, ""acc_data"": {""ax"": -0.89, ""ay"": 0.11, ""az"": 0.26, ""pitch"": -64.3, ""roll"": 23.28}, ""gyro_data"": {""gx"": -8.38, ""gy"": -3.99, ""gz"": -3.51}, ""gps_data"": {""latitude"": 0, ""longitude"": 0, ""gps_altitude"": 0, ""time"": 154106}, ""alt_data"": {""pressure"": 849.04, ""temperature"": 26.55, ""AGL"": 0.35, ""velocity"": 0, ""kalman_altitude"": 0.35, ""kalman_vertical_velocity"": -6.3}, ""chute_state"": {""pyro1_state"": 0, ""pyro2_state"": 0}, ""connection_status"": {""connected"": true, ""has_ever_connected"": true, ""packet_age_ms"": 1, ""timeout_exceeded"": false, ""rssi"": -96}, ""communication_mode"": ""BEACON"", ""timestamp"": 216518, ""packets_received"": 879, ""kalman_data"": {""altitude"": 0.35, ""vertical_velocity"": -6.3}, ""kalman_altitude"": 0.35, ""kalman_vertical_velocity"": -6.3, ""pyroDrogue"": 0, ""pyroMain"": 0, ""pyro1_state"": 0, ""pyro2_state"": 0}"
1764328866.148779,2025-11-28T14:21:06.148779,1754,0,0,-0.9,0.12,0.27,-64.11,21.45,-8.84,-2.99,-4.33,0,0,0,154506,849,26.55,0.68,0,0,0,0,-93,0.67,-6.28,BEACON,"{""record_number"": 1754, ""operation_mode"": 0, ""state"": 0, ""battery_voltage"": 0, ""wifi_rssi"": -93, ""acc_data"": {""ax"": -0.9, ""ay"": 0.12, ""az"": 0.27, ""pitch"": -64.11, ""roll"": 21.45}, ""gyro_data"": {""gx"": -8.84, ""gy"": -2.99, ""gz"": -4.33}, ""gps_data"": {""latitude"": 0, ""longitude"": 0, ""gps_altitude"": 0, ""time"": 154506}, ""alt_data"": {""pressure"": 849, ""temperature"": 26.55, ""AGL"": 0.68, ""velocity"": 0, ""kalman_altitude"": 0.67, ""kalman_vertical_velocity"": -6.28}, ""chute_state"": {""pyro1_state"": 0, ""pyro2_state"": 0}, ""connection_status"": {""connected"": true, ""has_ever_connected"": true, ""packet_age_ms"": 0, ""timeout_exceeded"": false, ""rssi"": -93}, ""communication_mode"": ""BEACON"", ""timestamp"": 216856, ""packets_received"": 880, ""kalman_data"": {""altitude"": 0.67, ""vertical_velocity"": -6.28}, ""kalman_altitude"": 0.67, ""kalman_vertical_velocity"": -6.28, ""pyroDrogue"": 0, ""pyroMain"": 0, ""pyro1_state"": 0, ""pyro2_state"": 0}"
1764328866.241778,2025-11-28T14:21:06.241778,1756,0,0,-0.9,0.11,0.26,-62.73,21.61,-8.84,-3.2,-3.26,0,0,0,154506,849.03,26.55,0.38,0,0,0,0,-94,0.39,-6.37,BEACON,"{""record_number"": 1756, ""operation_mode"": 0, ""state"": 0, ""battery_voltage"": 0, ""wifi_rssi"": -94, ""acc_data"": {""ax"": -0.9, ""ay"": 0.11, ""az"": 0.26, ""pitch"": -62.73, ""roll"": 21.61}, ""gyro_data"": {""gx"": -8.84, ""gy"": -3.2, ""gz"": -3.26}, ""gps_data"": {""latitude"": 0, ""longitude"": 0, ""gps_altitude"": 0, ""time"": 154506}, ""alt_data"": {""pressure"": 849.03, ""temperature"": 26.55, ""AGL"": 0.38, ""velocity"": 0, ""kalman_altitude"": 0.39, ""kalman_vertical_velocity"": -6.37}, ""chute_state"": {""pyro1_state"": 0, ""pyro2_state"": 0}, ""connection_status"": {""connected"": true, ""has_ever_connected"": true, ""packet_age_ms"": 1, ""timeout_exceeded"": false, ""rssi"": -94}, ""communication_mode"": ""BEACON"", ""timestamp"": 216969, ""packets_received"": 881, ""kalman_data"": {""altitude"": 0.39, ""vertical_velocity"": -6.37}, ""kalman_altitude"": 0.39, ""kalman_vertical_velocity"": -6.37, ""pyroDrogue"": 0, ""pyroMain"": 0, ""pyro1_state"": 0, ""pyro2_state"": 0}"
1764328866.378088,2025-11-28T14:21:06.378088,1757,0,0,-0.89,0.11,0.27,-64.3,23.06,-8.48,-2.56,-4.45,0,0,0,154710,849.1,26.56,-0.27,0,0,0,0,-95,-0.25,-6.56,BEACON,"{""record_number"": 1757, ""operation_mode"": 0, ""state"": 0, ""battery_voltage"": 0, ""wifi_rssi"": -95, ""acc_data"": {""ax"": -0.89, ""ay"": 0.11, ""az"": 0.27, ""pitch"": -64.3, ""roll"": 23.06}, ""gyro_data"": {""gx"": -8.48, ""gy"": -2.56, ""gz"": -4.45}, ""gps_data"": {""latitude"": 0, ""longitude"": 0, ""gps_altitude"": 0, ""time"": 154710}, ""alt_data"": {""pressure"": 849.1, ""temperature"": 26.56, ""AGL"": -0.27, ""velocity"": 0, ""kalman_altitude"": -0.25, ""kalman_vertical_velocity"": -6.56}, ""chute_state"": {""pyro1_state"": 0, ""pyro2_state"": 0}, ""connection_status"": {""connected"": true, ""has_ever_connected"": true, ""packet_age_ms"": 0, ""timeout_exceeded"": false, ""rssi"": -95}, ""communication_mode"": ""BEACON"", ""timestamp"": 217082, ""packets_received"": 882, ""kalman_data"": {""altitude"": -0.25, ""vertical_velocity"": -6.56}, ""kalman_altitude"": -0.25, ""kalman_vertical_velocity"": -6.56, ""pyroDrogue"": 0, ""pyroMain"": 0, ""pyro1_state"": 0, ""pyro2_state"": 0}"
1764328866.616378,2025-11-28T14:21:06.616378,1759,0,0,-0.9,0.11,0.27,-63.66,22.18,-8.08,-3.2,-3.93,0,0,0,154911,849,26.55,0.68,0,0,0,0,-94,0.66,-6.36,BEACON,"{""record_number"": 1759, ""operation_mode"": 0, ""state"": 0, ""battery_voltage"": 0, ""wifi_rssi"": -94, ""acc_data"": {""ax"": -0.9, ""ay"": 0.11, ""az"": 0.27, ""pitch"": -63.66, ""roll"": 22.18}, ""gyro_data"": {""gx"": -8.08, ""gy"": -3.2, ""gz"": -3.93}, ""gps_data"": {""latitude"": 0, ""longitude"": 0, ""gps_altitude"": 0, ""time"": 154911}, ""alt_data"": {""pressure"": 849, ""temperature"": 26.55, ""AGL"": 0.68, ""velocity"": 0, ""kalman_altitude"": 0.66, ""kalman_vertical_velocity"": -6.36}, ""chute_state"": {""pyro1_state"": 0, ""pyro2_state"": 0}, ""connection_status"": {""connected"": true, ""has_ever_connected"": true, ""packet_age_ms"": 1, ""timeout_exceeded"": false, ""rssi"": -94}, ""communication_mode"": ""BEACON"", ""timestamp"": 217308, ""packets_received"": 883, ""kalman_data"": {""altitude"": 0.66, ""vertical_velocity"": -6.36}, ""kalman_altitude"": 0.66, ""kalman_vertical_velocity"": -6.36, ""pyroDrogue"": 0, ""pyroMain"": 0, ""pyro1_state"": 0, ""pyro2_state"": 0}"
