timestamp,iso_timestamp,record_number,operation_mode,state,ax,ay,az,pitch,roll,gx,gy,gz,latitude,longitude,gps_altitude,gps_time,pressure,temperature,agl_altitude,velocity,pyro1_state,pyro2_state,battery_voltage,wifi_rssi,kalman_altitude,kalman_vertical_velocity,communication_mode,raw_data
1768846022.477135,2026-01-19T21:07:02.477135,,,,,,,,,,,,,,,,,,,,,,,,,,BEACON,"{""type"": ""heartbeat"", ""uptime"": 45175, ""device_id"": ""ESP32:N4_BASE_BT_1"", ""xbee_enabled"": true, ""waiting_for_data"": true, ""kalman_data"": {""altitude"": 0, ""vertical_velocity"": 0}, ""kalman_altitude"": 0, ""kalman_vertical_velocity"": 0, ""communication_mode"": ""BEACON""}"
1768846022.965273,2026-01-19T21:07:02.965273,,,,,,,,,,,,,,,,,,,,,,,,,,BEACON,"{""type"": ""heartbeat"", ""uptime"": 45688, ""device_id"": ""ESP32:N4_BASE_BT_1"", ""xbee_enabled"": true, ""waiting_for_data"": true, ""kalman_data"": {""altitude"": 0, ""vertical_velocity"": 0}, ""kalman_altitude"": 0, ""kalman_vertical_velocity"": 0, ""communication_mode"": ""BEACON""}"
1768846023.479345,2026-01-19T21:07:03.479345,,,,,,,,,,,,,,,,,,,,,,,,,,BEACON,"{""type"": ""heartbeat"", ""uptime"": 46201, ""device_id"": ""ESP32:N4_BASE_BT_1"", ""xbee_enabled"": true, ""waiting_for_data"": true, ""kalman_data"": {""altitude"": 0, ""vertical_velocity"": 0}, ""kalman_altitude"": 0, ""kalman_vertical_velocity"": 0, ""communication_mode"": ""BEACON""}"
1768846024.004976,2026-01-19T21:07:04.004976,,,,,,,,,,,,,,,,,,,,,,,,,,BEACON,"{""type"": ""heartbeat"", ""uptime"": 46714, ""device_id"": ""ESP32:N4_BASE_BT_1"", ""xbee_enabled"": true, ""waiting_for_data"": true, ""kalman_data"": {""altitude"": 0, ""vertical_velocity"": 0}, ""kalman_altitude"": 0, ""kalman_vertical_velocity"": 0, ""communication_mode"": ""BEACON""}"
1768846024.4944,2026-01-19T21:07:04.494400,,,,,,,,,,,,,,,,,,,,,,,,,,BEACON,"{""type"": ""heartbeat"", ""uptime"": 47227, ""device_id"": ""ESP32:N4_BASE_BT_1"", ""xbee_enabled"": true, ""waiting_for_data"": true, ""kalman_data"": {""altitude"": 0, ""vertical_velocity"": 0}, ""kalman_altitude"": 0, ""kalman_vertical_velocity"": 0, ""communication_mode"": ""BEACON""}"
1768846025.009689,2026-01-19T21:07:05.009689,,,,,,,,,,,,,,,,,,,,,,,,,,BEACON,"{""type"": ""heartbeat"", ""uptime"": 47740, ""device_id"": ""ESP32:N4_BASE_BT_1"", ""xbee_enabled"": true, ""waiting_for_data"": true, ""kalman_data"": {""altitude"": 0, ""vertical_velocity"": 0}, ""kalman_altitude"": 0, ""kalman_vertical_velocity"": 0, ""communication_mode"": ""BEACON""}"
1768846025.509097,2026-01-19T21:07:05.509097,,,,,,,,,,,,,,,,,,,,,,,,,,BEACON,"{""type"": ""heartbeat"", ""uptime"": 48253, ""device_id"": ""ESP32:N4_BASE_BT_1"", ""xbee_enabled"": true, ""waiting_for_data"": true, ""kalman_data"": {""altitude"": 0, ""vertical_velocity"": 0}, ""kalman_altitude"": 0, ""kalman_vertical_velocity"": 0, ""communication_mode"": ""BEACON""}"
1768846026.0455,2026-01-19T21:07:06.045500,,,,,,,,,,,,,,,,,,,,,,,,,,BEACON,"{""type"": ""heartbeat"", ""uptime"": 48766, ""device_id"": ""ESP32:N4_BASE_BT_1"", ""xbee_enabled"": true, ""waiting_for_data"": true, ""kalman_data"": {""altitude"": 0, ""vertical_velocity"": 0}, ""kalman_altitude"": 0, ""kalman_vertical_velocity"": 0, ""communication_mode"": ""BEACON""}"
1768846026.591242,2026-01-19T21:07:06.591242,,,,,,,,,,,,,,,,,,,,,,,,,,BEACON,"{""type"": ""heartbeat"", ""uptime"": 49279, ""device_id"": ""ESP32:N4_BASE_BT_1"", ""xbee_enabled"": true, ""waiting_for_data"": true, ""kalman_data"": {""altitude"": 0, ""vertical_velocity"": 0}, ""kalman_altitude"": 0, ""kalman_vertical_velocity"": 0, ""communication_mode"": ""BEACON""}"
1768846027.10551,2026-01-19T21:07:07.105510,,,,,,,,,,,,,,,,,,,,,,,,,,BEACON,"{""type"": ""heartbeat"", ""uptime"": 49792, ""device_id"": ""ESP32:N4_BASE_BT_1"", ""xbee_enabled"": true, ""waiting_for_data"": true, ""kalman_data"": {""altitude"": 0, ""vertical_velocity"": 0}, ""kalman_altitude"": 0, ""kalman_vertical_velocity"": 0, ""communication_mode"": ""BEACON""}"
1768846027.690189,2026-01-19T21:07:07.690189,,,,,,,,,,,,,,,,,,,,,,,,,,BEACON,"{""type"": ""heartbeat"", ""uptime"": 50305, ""device_id"": ""ESP32:N4_BASE_BT_1"", ""xbee_enabled"": true, ""waiting_for_data"": true, ""kalman_data"": {""altitude"": 0, ""vertical_velocity"": 0}, ""kalman_altitude"": 0, ""kalman_vertical_velocity"": 0, ""communication_mode"": ""BEACON""}"
1768846028.074139,2026-01-19T21:07:08.074139,,,,,,,,,,,,,,,,,,,,,,,,,,BEACON,"{""type"": ""heartbeat"", ""uptime"": 50818, ""device_id"": ""ESP32:N4_BASE_BT_1"", ""xbee_enabled"": true, ""waiting_for_data"": true, ""kalman_data"": {""altitude"": 0, ""vertical_velocity"": 0}, ""kalman_altitude"": 0, ""kalman_vertical_velocity"": 0, ""communication_mode"": ""BEACON""}"
1768846028.63004,2026-01-19T21:07:08.630040,,,,,,,,,,,,,,,,,,,,,,,,,,BEACON,"{""type"": ""heartbeat"", ""uptime"": 51331, ""device_id"": ""ESP32:N4_BASE_BT_1"", ""xbee_enabled"": true, ""waiting_for_data"": true, ""kalman_data"": {""altitude"": 0, ""vertical_velocity"": 0}, ""kalman_altitude"": 0, ""kalman_vertical_velocity"": 0, ""communication_mode"": ""BEACON""}"
1768846029.11824,2026-01-19T21:07:09.118240,,,,,,,,,,,,,,,,,,,,,,,,,,BEACON,"{""type"": ""heartbeat"", ""uptime"": 51844, ""device_id"": ""ESP32:N4_BASE_BT_1"", ""xbee_enabled"": true, ""waiting_for_data"": true, ""kalman_data"": {""altitude"": 0, ""vertical_velocity"": 0}, ""kalman_altitude"": 0, ""kalman_vertical_velocity"": 0, ""communication_mode"": ""BEACON""}"
1768846029.642978,2026-01-19T21:07:09.642978,,,,,,,,,,,,,,,,,,,,,,,,,,BEACON,"{""type"": ""heartbeat"", ""uptime"": 52357, ""device_id"": ""ESP32:N4_BASE_BT_1"", ""xbee_enabled"": true, ""waiting_for_data"": true, ""kalman_data"": {""altitude"": 0, ""vertical_velocity"": 0}, ""kalman_altitude"": 0, ""kalman_vertical_velocity"": 0, ""communication_mode"": ""BEACON""}"
1768846030.118502,2026-01-19T21:07:10.118502,,,,,,,,,,,,,,,,,,,,,,,,,,BEACON,"{""type"": ""heartbeat"", ""uptime"": 52870, ""device_id"": ""ESP32:N4_BASE_BT_1"", ""xbee_enabled"": true, ""waiting_for_data"": true, ""kalman_data"": {""altitude"": 0, ""vertical_velocity"": 0}, ""kalman_altitude"": 0, ""kalman_vertical_velocity"": 0, ""communication_mode"": ""BEACON""}"
1768846030.669512,2026-01-19T21:07:10.669512,,,,,,,,,,,,,,,,,,,,,,,,,,BEACON,"{""type"": ""heartbeat"", ""uptime"": 53383, ""device_id"": ""ESP32:N4_BASE_BT_1"", ""xbee_enabled"": true, ""waiting_for_data"": true, ""kalman_data"": {""altitude"": 0, ""vertical_velocity"": 0}, ""kalman_altitude"": 0, ""kalman_vertical_velocity"": 0, ""communication_mode"": ""BEACON""}"
1768846031.134846,2026-01-19T21:07:11.134846,,,,,,,,,,,,,,,,,,,,,,,,,,BEACON,"{""type"": ""heartbeat"", ""uptime"": 53896, ""device_id"": ""ESP32:N4_BASE_BT_1"", ""xbee_enabled"": true, ""waiting_for_data"": true, ""kalman_data"": {""altitude"": 0, ""vertical_velocity"": 0}, ""kalman_altitude"": 0, ""kalman_vertical_velocity"": 0, ""communication_mode"": ""BEACON""}"
1768846031.662626,2026-01-19T21:07:11.662626,,,,,,,,,,,,,,,,,,,,,,,,,,BEACON,"{""type"": ""heartbeat"", ""uptime"": 54409, ""device_id"": ""ESP32:N4_BASE_BT_1"", ""xbee_enabled"": true, ""waiting_for_data"": true, ""kalman_data"": {""altitude"": 0, ""vertical_velocity"": 0}, ""kalman_altitude"": 0, ""kalman_vertical_velocity"": 0, ""communication_mode"": ""BEACON""}"
1768846032.191696,2026-01-19T21:07:12.191696,,,,,,,,,,,,,,,,,,,,,,,,,,BEACON,"{""type"": ""heartbeat"", ""uptime"": 54922, ""device_id"": ""ESP32:N4_BASE_BT_1"", ""xbee_enabled"": true, ""waiting_for_data"": true, ""kalman_data"": {""altitude"": 0, ""vertical_velocity"": 0}, ""kalman_altitude"": 0, ""kalman_vertical_velocity"": 0, ""communication_mode"": ""BEACON""}"
1768846032.757209,2026-01-19T21:07:12.757209,,,,,,,,,,,,,,,,,,,,,,,,,,BEACON,"{""type"": ""heartbeat"", ""uptime"": 55435, ""device_id"": ""ESP32:N4_BASE_BT_1"", ""xbee_enabled"": true, ""waiting_for_data"": true, ""kalman_data"": {""altitude"": 0, ""vertical_velocity"": 0}, ""kalman_altitude"": 0, ""kalman_vertical_velocity"": 0, ""communication_mode"": ""BEACON""}"
1768846033.236071,2026-01-19T21:07:13.236071,,,,,,,,,,,,,,,,,,,,,,,,,,BEACON,"{""type"": ""heartbeat"", ""uptime"": 55948, ""device_id"": ""ESP32:N4_BASE_BT_1"", ""xbee_enabled"": true, ""waiting_for_data"": true, ""kalman_data"": {""altitude"": 0, ""vertical_velocity"": 0}, ""kalman_altitude"": 0, ""kalman_vertical_velocity"": 0, ""communication_mode"": ""BEACON""}"
1768846033.702983,2026-01-19T21:07:13.702983,,,,,,,,,,,,,,,,,,,,,,,,,,BEACON,"{""type"": ""heartbeat"", ""uptime"": 56461, ""device_id"": ""ESP32:N4_BASE_BT_1"", ""xbee_enabled"": true, ""waiting_for_data"": true, ""kalman_data"": {""altitude"": 0, ""vertical_velocity"": 0}, ""kalman_altitude"": 0, ""kalman_vertical_velocity"": 0, ""communication_mode"": ""BEACON""}"
1768846034.357885,2026-01-19T21:07:14.357885,,,,,,,,,,,,,,,,,,,,,,,,,,BEACON,"{""type"": ""heartbeat"", ""uptime"": 56974, ""device_id"": ""ESP32:N4_BASE_BT_1"", ""xbee_enabled"": true, ""waiting_for_data"": true, ""kalman_data"": {""altitude"": 0, ""vertical_velocity"": 0}, ""kalman_altitude"": 0, ""kalman_vertical_velocity"": 0, ""communication_mode"": ""BEACON""}"
1768846035.052475,2026-01-19T21:07:15.052475,,,,,,,,,,,,,,,,,,,,,,,,,,BEACON,"{""type"": ""heartbeat"", ""uptime"": 57487, ""device_id"": ""ESP32:N4_BASE_BT_1"", ""xbee_enabled"": true, ""waiting_for_data"": true, ""kalman_data"": {""altitude"": 0, ""vertical_velocity"": 0}, ""kalman_altitude"": 0, ""kalman_vertical_velocity"": 0, ""communication_mode"": ""BEACON""}"
1768846035.437221,2026-01-19T21:07:15.437221,,,,,,,,,,,,,,,,,,,,,,,,,,BEACON,"{""type"": ""heartbeat"", ""uptime"": 58000, ""device_id"": ""ESP32:N4_BASE_BT_1"", ""xbee_enabled"": true, ""waiting_for_data"": true, ""kalman_data"": {""altitude"": 0, ""vertical_velocity"": 0}, ""kalman_altitude"": 0, ""kalman_vertical_velocity"": 0, ""communication_mode"": ""BEACON""}"
1768846036.243626,2026-01-19T21:07:16.243626,,,,,,,,,,,,,,,,,,,,,,,,,,BEACON,"{""type"": ""heartbeat"", ""uptime"": 58513, ""device_id"": ""ESP32:N4_BASE_BT_1"", ""xbee_enabled"": true, ""waiting_for_data"": true, ""kalman_data"": {""altitude"": 0, ""vertical_velocity"": 0}, ""kalman_altitude"": 0, ""kalman_vertical_velocity"": 0, ""communication_mode"": ""BEACON""}"
1768846037.211682,2026-01-19T21:07:17.211682,,,,,,,,,,,,,,,,,,,,,,,,,,BEACON,"{""type"": ""heartbeat"", ""uptime"": 59026, ""device_id"": ""ESP32:N4_BASE_BT_1"", ""xbee_enabled"": true, ""waiting_for_data"": true, ""kalman_data"": {""altitude"": 0, ""vertical_velocity"": 0}, ""kalman_altitude"": 0, ""kalman_vertical_velocity"": 0, ""communication_mode"": ""BEACON""}"
1768846037.471599,2026-01-19T21:07:17.471599,,,,,,,,,,,,,,,,,,,,,,,,,,BEACON,"{""type"": ""heartbeat"", ""uptime"": 59539, ""device_id"": ""ESP32:N4_BASE_BT_1"", ""xbee_enabled"": true, ""waiting_for_data"": true, ""kalman_data"": {""altitude"": 0, ""vertical_velocity"": 0}, ""kalman_altitude"": 0, ""kalman_vertical_velocity"": 0, ""communication_mode"": ""BEACON""}"
1768846037.602057,2026-01-19T21:07:17.602057,,,,,,,,,,,,,,,,,,,,,,,,,,BEACON,"{""type"": ""heartbeat"", ""uptime"": 60052, ""device_id"": ""ESP32:N4_BASE_BT_1"", ""xbee_enabled"": true, ""waiting_for_data"": true, ""kalman_data"": {""altitude"": 0, ""vertical_velocity"": 0}, ""kalman_altitude"": 0, ""kalman_vertical_velocity"": 0, ""communication_mode"": ""BEACON""}"
1768846037.876152,2026-01-19T21:07:17.876152,,,,,,,,,,,,,,,,,,,,,,,,,,BEACON,"{""type"": ""heartbeat"", ""uptime"": 60565, ""device_id"": ""ESP32:N4_BASE_BT_1"", ""xbee_enabled"": true, ""waiting_for_data"": true, ""kalman_data"": {""altitude"": 0, ""vertical_velocity"": 0}, ""kalman_altitude"": 0, ""kalman_vertical_velocity"": 0, ""communication_mode"": ""BEACON""}"
1768846038.334075,2026-01-19T21:07:18.334075,,,,,,,,,,,,,,,,,,,,,,,,,,BEACON,"{""type"": ""heartbeat"", ""uptime"": 61078, ""device_id"": ""ESP32:N4_BASE_BT_1"", ""xbee_enabled"": true, ""waiting_for_data"": true, ""kalman_data"": {""altitude"": 0, ""vertical_velocity"": 0}, ""kalman_altitude"": 0, ""kalman_vertical_velocity"": 0, ""communication_mode"": ""BEACON""}"
1768846038.856615,2026-01-19T21:07:18.856615,,,,,,,,,,,,,,,,,,,,,,,,,,BEACON,"{""type"": ""heartbeat"", ""uptime"": 61591, ""device_id"": ""ESP32:N4_BASE_BT_1"", ""xbee_enabled"": true, ""waiting_for_data"": true, ""kalman_data"": {""altitude"": 0, ""vertical_velocity"": 0}, ""kalman_altitude"": 0, ""kalman_vertical_velocity"": 0, ""communication_mode"": ""BEACON""}"
1768846039.972498,2026-01-19T21:07:19.972498,,,,,,,,,,,,,,,,,,,,,,,,,,BEACON,"{""type"": ""heartbeat"", ""uptime"": 62104, ""device_id"": ""ESP32:N4_BASE_BT_1"", ""xbee_enabled"": true, ""waiting_for_data"": true, ""kalman_data"": {""altitude"": 0, ""vertical_velocity"": 0}, ""kalman_altitude"": 0, ""kalman_vertical_velocity"": 0, ""communication_mode"": ""BEACON""}"
1768846040.306059,2026-01-19T21:07:20.306059,,,,,,,,,,,,,,,,,,,,,,,,,,BEACON,"{""type"": ""heartbeat"", ""uptime"": 62617, ""device_id"": ""ESP32:N4_BASE_BT_1"", ""xbee_enabled"": true, ""waiting_for_data"": true, ""kalman_data"": {""altitude"": 0, ""vertical_velocity"": 0}, ""kalman_altitude"": 0, ""kalman_vertical_velocity"": 0, ""communication_mode"": ""BEACON""}"
1768846040.789201,2026-01-19T21:07:20.789201,,,,,,,,,,,,,,,,,,,,,,,,,,BEACON,"{""type"": ""heartbeat"", ""uptime"": 63130, ""device_id"": ""ESP32:N4_BASE_BT_1"", ""xbee_enabled"": true, ""waiting_for_data"": true, ""kalman_data"": {""altitude"": 0, ""vertical_velocity"": 0}, ""kalman_altitude"": 0, ""kalman_vertical_velocity"": 0, ""communication_mode"": ""BEACON""}"
1768846040.925203,2026-01-19T21:07:20.925203,,,,,,,,,,,,,,,,,,,,,,,,,,BEACON,"{""type"": ""heartbeat"", ""uptime"": 63643, ""device_id"": ""ESP32:N4_BASE_BT_1"", ""xbee_enabled"": true, ""waiting_for_data"": true, ""kalman_data"": {""altitude"": 0, ""vertical_velocity"": 0}, ""kalman_altitude"": 0, ""kalman_vertical_velocity"": 0, ""communication_mode"": ""BEACON""}"
1768846041.404785,2026-01-19T21:07:21.404785,,,,,,,,,,,,,,,,,,,,,,,,,,BEACON,"{""type"": ""heartbeat"", ""uptime"": 64156, ""device_id"": ""ESP32:N4_BASE_BT_1"", ""xbee_enabled"": true, ""waiting_for_data"": true, ""kalman_data"": {""altitude"": 0, ""vertical_velocity"": 0}, ""kalman_altitude"": 0, ""kalman_vertical_velocity"": 0, ""communication_mode"": ""BEACON""}"
1768846042.416789,2026-01-19T21:07:22.416789,,,,,,,,,,,,,,,,,,,,,,,,,,BEACON,"{""type"": ""heartbeat"", ""uptime"": 64669, ""device_id"": ""ESP32:N4_BASE_BT_1"", ""xbee_enabled"": true, ""waiting_for_data"": true, ""kalman_data"": {""altitude"": 0, ""vertical_velocity"": 0}, ""kalman_altitude"": 0, ""kalman_vertical_velocity"": 0, ""communication_mode"": ""BEACON""}"
1768846044.309839,2026-01-19T21:07:24.309839,,,,,,,,,,,,,,,,,,,,,,,,,,BEACON,"{""type"": ""heartbeat"", ""uptime"": 65182, ""device_id"": ""ESP32:N4_BASE_BT_1"", ""xbee_enabled"": true, ""waiting_for_data"": true, ""kalman_data"": {""altitude"": 0, ""vertical_velocity"": 0}, ""kalman_altitude"": 0, ""kalman_vertical_velocity"": 0, ""communication_mode"": ""BEACON""}"
1768846044.712831,2026-01-19T21:07:24.712831,,,,,,,,,,,,,,,,,,,,,,,,,,BEACON,"{""type"": ""heartbeat"", ""uptime"": 65695, ""device_id"": ""ESP32:N4_BASE_BT_1"", ""xbee_enabled"": true, ""waiting_for_data"": true, ""kalman_data"": {""altitude"": 0, ""vertical_velocity"": 0}, ""kalman_altitude"": 0, ""kalman_vertical_velocity"": 0, ""communication_mode"": ""BEACON""}"
1768846045.026988,2026-01-19T21:07:25.026988,,,,,,,,,,,,,,,,,,,,,,,,,,BEACON,"{""type"": ""heartbeat"", ""uptime"": 66208, ""device_id"": ""ESP32:N4_BASE_BT_1"", ""xbee_enabled"": true, ""waiting_for_data"": true, ""kalman_data"": {""altitude"": 0, ""vertical_velocity"": 0}, ""kalman_altitude"": 0, ""kalman_vertical_velocity"": 0, ""communication_mode"": ""BEACON""}"
1768846046.089067,2026-01-19T21:07:26.089067,,,,,,,,,,,,,,,,,,,,,,,,,,BEACON,"{""type"": ""heartbeat"", ""uptime"": 66721, ""device_id"": ""ESP32:N4_BASE_BT_1"", ""xbee_enabled"": true, ""waiting_for_data"": true, ""kalman_data"": {""altitude"": 0, ""vertical_velocity"": 0}, ""kalman_altitude"": 0, ""kalman_vertical_velocity"": 0, ""communication_mode"": ""BEACON""}"
1768846047.209021,2026-01-19T21:07:27.209021,,,,,,,,,,,,,,,,,,,,,,,,,,BEACON,"{""type"": ""heartbeat"", ""uptime"": 67234, ""device_id"": ""ESP32:N4_BASE_BT_1"", ""xbee_enabled"": true, ""waiting_for_data"": true, ""kalman_data"": {""altitude"": 0, ""vertical_velocity"": 0}, ""kalman_altitude"": 0, ""kalman_vertical_velocity"": 0, ""communication_mode"": ""BEACON""}"
1768846047.919013,2026-01-19T21:07:27.919013,,,,,,,,,,,,,,,,,,,,,,,,,,BEACON,"{""type"": ""heartbeat"", ""uptime"": 67747, ""device_id"": ""ESP32:N4_BASE_BT_1"", ""xbee_enabled"": true, ""waiting_for_data"": true, ""kalman_data"": {""altitude"": 0, ""vertical_velocity"": 0}, ""kalman_altitude"": 0, ""kalman_vertical_velocity"": 0, ""communication_mode"": ""BEACON""}"
1768846048.507978,2026-01-19T21:07:28.507978,,,,,,,,,,,,,,,,,,,,,,,,,,BEACON,"{""type"": ""heartbeat"", ""uptime"": 68260, ""device_id"": ""ESP32:N4_BASE_BT_1"", ""xbee_enabled"": true, ""waiting_for_data"": true, ""kalman_data"": {""altitude"": 0, ""vertical_velocity"": 0}, ""kalman_altitude"": 0, ""kalman_vertical_velocity"": 0, ""communication_mode"": ""BEACON""}"
1768846049.527811,2026-01-19T21:07:29.527811,,,,,,,,,,,,,,,,,,,,,,,,,,BEACON,"{""type"": ""heartbeat"", ""uptime"": 68773, ""device_id"": ""ESP32:N4_BASE_BT_1"", ""xbee_enabled"": true, ""waiting_for_data"": true, ""kalman_data"": {""altitude"": 0, ""vertical_velocity"": 0}, ""kalman_altitude"": 0, ""kalman_vertical_velocity"": 0, ""communication_mode"": ""BEACON""}"
1768846050.905179,2026-01-19T21:07:30.905179,,,,,,,,,,,,,,,,,,,,,,,,,,BEACON,"{""type"": ""heartbeat"", ""uptime"": 69286, ""device_id"": ""ESP32:N4_BASE_BT_1"", ""xbee_enabled"": true, ""waiting_for_data"": true, ""kalman_data"": {""altitude"": 0, ""vertical_velocity"": 0}, ""kalman_altitude"": 0, ""kalman_vertical_velocity"": 0, ""communication_mode"": ""BEACON""}"
1768846051.092139,2026-01-19T21:07:31.092139,,,,,,,,,,,,,,,,,,,,,,,,,,BEACON,"{""type"": ""heartbeat"", ""uptime"": 69799, ""device_id"": ""ESP32:N4_BASE_BT_1"", ""xbee_enabled"": true, ""waiting_for_data"": true, ""kalman_data"": {""altitude"": 0, ""vertical_velocity"": 0}, ""kalman_altitude"": 0, ""kalman_vertical_velocity"": 0, ""communication_mode"": ""BEACON""}"
1768846051.424371,2026-01-19T21:07:31.424371,,,,,,,,,,,,,,,,,,,,,,,,,,BEACON,"{""type"": ""heartbeat"", ""uptime"": 70312, ""device_id"": ""ESP32:N4_BASE_BT_1"", ""xbee_enabled"": true, ""waiting_for_data"": true, ""kalman_data"": {""altitude"": 0, ""vertical_velocity"": 0}, ""kalman_altitude"": 0, ""kalman_vertical_velocity"": 0, ""communication_mode"": ""BEACON""}"
1768846051.803664,2026-01-19T21:07:31.803664,,,,,,,,,,,,,,,,,,,,,,,,,,BEACON,"{""type"": ""heartbeat"", ""uptime"": 70825, ""device_id"": ""ESP32:N4_BASE_BT_1"", ""xbee_enabled"": true, ""waiting_for_data"": true, ""kalman_data"": {""altitude"": 0, ""vertical_velocity"": 0}, ""kalman_altitude"": 0, ""kalman_vertical_velocity"": 0, ""communication_mode"": ""BEACON""}"
1768846052.644267,2026-01-19T21:07:32.644267,,,,,,,,,,,,,,,,,,,,,,,,,,BEACON,"{""type"": ""heartbeat"", ""uptime"": 71338, ""device_id"": ""ESP32:N4_BASE_BT_1"", ""xbee_enabled"": true, ""waiting_for_data"": true, ""kalman_data"": {""altitude"": 0, ""vertical_velocity"": 0}, ""kalman_altitude"": 0, ""kalman_vertical_velocity"": 0, ""communication_mode"": ""BEACON""}"
1768846052.932789,2026-01-19T21:07:32.932789,,,,,,,,,,,,,,,,,,,,,,,,,,BEACON,"{""type"": ""heartbeat"", ""uptime"": 71851, ""device_id"": ""ESP32:N4_BASE_BT_1"", ""xbee_enabled"": true, ""waiting_for_data"": true, ""kalman_data"": {""altitude"": 0, ""vertical_velocity"": 0}, ""kalman_altitude"": 0, ""kalman_vertical_velocity"": 0, ""communication_mode"": ""BEACON""}"
1768846053.199958,2026-01-19T21:07:33.199958,,,,,,,,,,,,,,,,,,,,,,,,,,BEACON,"{""type"": ""heartbeat"", ""uptime"": 72364, ""device_id"": ""ESP32:N4_BASE_BT_1"", ""xbee_enabled"": true, ""waiting_for_data"": true, ""kalman_data"": {""altitude"": 0, ""vertical_velocity"": 0}, ""kalman_altitude"": 0, ""kalman_vertical_velocity"": 0, ""communication_mode"": ""BEACON""}"
1768846053.370955,2026-01-19T21:07:33.370955,,,,,,,,,,,,,,,,,,,,,,,,,,BEACON,"{""type"": ""heartbeat"", ""uptime"": 72877, ""device_id"": ""ESP32:N4_BASE_BT_1"", ""xbee_enabled"": true, ""waiting_for_data"": true, ""kalman_data"": {""altitude"": 0, ""vertical_velocity"": 0}, ""kalman_altitude"": 0, ""kalman_vertical_velocity"": 0, ""communication_mode"": ""BEACON""}"
1768846053.454956,2026-01-19T21:07:33.454956,,,,,,,,,,,,,,,,,,,,,,,,,,BEACON,"{""type"": ""heartbeat"", ""uptime"": 73390, ""device_id"": ""ESP32:N4_BASE_BT_1"", ""xbee_enabled"": true, ""waiting_for_data"": true, ""kalman_data"": {""altitude"": 0, ""vertical_velocity"": 0}, ""kalman_altitude"": 0, ""kalman_vertical_velocity"": 0, ""communication_mode"": ""BEACON""}"
1768846053.557806,2026-01-19T21:07:33.557806,,,,,,,,,,,,,,,,,,,,,,,,,,BEACON,"{""type"": ""heartbeat"", ""uptime"": 73903, ""device_id"": ""ESP32:N4_BASE_BT_1"", ""xbee_enabled"": true, ""waiting_for_data"": true, ""kalman_data"": {""altitude"": 0, ""vertical_velocity"": 0}, ""kalman_altitude"": 0, ""kalman_vertical_velocity"": 0, ""communication_mode"": ""BEACON""}"
1768846053.585044,2026-01-19T21:07:33.585044,,,,,,,,,,,,,,,,,,,,,,,,,,BEACON,"{""type"": ""heartbeat"", ""uptime"": 74416, ""device_id"": ""ESP32:N4_BASE_BT_1"", ""xbee_enabled"": true, ""waiting_for_data"": true, ""kalman_data"": {""altitude"": 0, ""vertical_velocity"": 0}, ""kalman_altitude"": 0, ""kalman_vertical_velocity"": 0, ""communication_mode"": ""BEACON""}"
1768846053.611046,2026-01-19T21:07:33.611046,,,,,,,,,,,,,,,,,,,,,,,,,,BEACON,"{""type"": ""heartbeat"", ""uptime"": 74929, ""device_id"": ""ESP32:N4_BASE_BT_1"", ""xbee_enabled"": true, ""waiting_for_data"": true, ""kalman_data"": {""altitude"": 0, ""vertical_velocity"": 0}, ""kalman_altitude"": 0, ""kalman_vertical_velocity"": 0, ""communication_mode"": ""BEACON""}"
1768846053.633045,2026-01-19T21:07:33.633045,,,,,,,,,,,,,,,,,,,,,,,,,,BEACON,"{""type"": ""heartbeat"", ""uptime"": 75442, ""device_id"": ""ESP32:N4_BASE_BT_1"", ""xbee_enabled"": true, ""waiting_for_data"": true, ""kalman_data"": {""altitude"": 0, ""vertical_velocity"": 0}, ""kalman_altitude"": 0, ""kalman_vertical_velocity"": 0, ""communication_mode"": ""BEACON""}"
1768846053.650046,2026-01-19T21:07:33.650046,,,,,,,,,,,,,,,,,,,,,,,,,,BEACON,"{""type"": ""heartbeat"", ""uptime"": 75955, ""device_id"": ""ESP32:N4_BASE_BT_1"", ""xbee_enabled"": true, ""waiting_for_data"": true, ""kalman_data"": {""altitude"": 0, ""vertical_velocity"": 0}, ""kalman_altitude"": 0, ""kalman_vertical_velocity"": 0, ""communication_mode"": ""BEACON""}"
1768846053.793047,2026-01-19T21:07:33.793047,,,,,,,,,,,,,,,,,,,,,,,,,,BEACON,"{""type"": ""heartbeat"", ""uptime"": 76468, ""device_id"": ""ESP32:N4_BASE_BT_1"", ""xbee_enabled"": true, ""waiting_for_data"": true, ""kalman_data"": {""altitude"": 0, ""vertical_velocity"": 0}, ""kalman_altitude"": 0, ""kalman_vertical_velocity"": 0, ""communication_mode"": ""BEACON""}"
1768846054.261095,2026-01-19T21:07:34.261095,,,,,,,,,,,,,,,,,,,,,,,,,,BEACON,"{""type"": ""heartbeat"", ""uptime"": 76981, ""device_id"": ""ESP32:N4_BASE_BT_1"", ""xbee_enabled"": true, ""waiting_for_data"": true, ""kalman_data"": {""altitude"": 0, ""vertical_velocity"": 0}, ""kalman_altitude"": 0, ""kalman_vertical_velocity"": 0, ""communication_mode"": ""BEACON""}"
1768846056.070025,2026-01-19T21:07:36.070025,,,,,,,,,,,,,,,,,,,,,,,,,,BEACON,"{""type"": ""heartbeat"", ""uptime"": 77494, ""device_id"": ""ESP32:N4_BASE_BT_1"", ""xbee_enabled"": true, ""waiting_for_data"": true, ""kalman_data"": {""altitude"": 0, ""vertical_velocity"": 0}, ""kalman_altitude"": 0, ""kalman_vertical_velocity"": 0, ""communication_mode"": ""BEACON""}"
1768846056.936297,2026-01-19T21:07:36.936297,,,,,,,,,,,,,,,,,,,,,,,,,,BEACON,"{""type"": ""heartbeat"", ""uptime"": 78007, ""device_id"": ""ESP32:N4_BASE_BT_1"", ""xbee_enabled"": true, ""waiting_for_data"": true, ""kalman_data"": {""altitude"": 0, ""vertical_velocity"": 0}, ""kalman_altitude"": 0, ""kalman_vertical_velocity"": 0, ""communication_mode"": ""BEACON""}"
1768846057.19121,2026-01-19T21:07:37.191210,,,,,,,,,,,,,,,,,,,,,,,,,,BEACON,"{""type"": ""heartbeat"", ""uptime"": 78520, ""device_id"": ""ESP32:N4_BASE_BT_1"", ""xbee_enabled"": true, ""waiting_for_data"": true, ""kalman_data"": {""altitude"": 0, ""vertical_velocity"": 0}, ""kalman_altitude"": 0, ""kalman_vertical_velocity"": 0, ""communication_mode"": ""BEACON""}"
1768846057.273321,2026-01-19T21:07:37.273321,,,,,,,,,,,,,,,,,,,,,,,,,,BEACON,"{""type"": ""heartbeat"", ""uptime"": 79033, ""device_id"": ""ESP32:N4_BASE_BT_1"", ""xbee_enabled"": true, ""waiting_for_data"": true, ""kalman_data"": {""altitude"": 0, ""vertical_velocity"": 0}, ""kalman_altitude"": 0, ""kalman_vertical_velocity"": 0, ""communication_mode"": ""BEACON""}"
1768846057.29332,2026-01-19T21:07:37.293320,,,,,,,,,,,,,,,,,,,,,,,,,,BEACON,"{""type"": ""heartbeat"", ""uptime"": 79546, ""device_id"": ""ESP32:N4_BASE_BT_1"", ""xbee_enabled"": true, ""waiting_for_data"": true, ""kalman_data"": {""altitude"": 0, ""vertical_velocity"": 0}, ""kalman_altitude"": 0, ""kalman_vertical_velocity"": 0, ""communication_mode"": ""BEACON""}"
1768846057.565759,2026-01-19T21:07:37.565759,,,,,,,,,,,,,,,,,,,,,,,,,,BEACON,"{""type"": ""heartbeat"", ""uptime"": 80059, ""device_id"": ""ESP32:N4_BASE_BT_1"", ""xbee_enabled"": true, ""waiting_for_data"": true, ""kalman_data"": {""altitude"": 0, ""vertical_velocity"": 0}, ""kalman_altitude"": 0, ""kalman_vertical_velocity"": 0, ""communication_mode"": ""BEACON""}"
1768846058.283579,2026-01-19T21:07:38.283579,,,,,,,,,,,,,,,,,,,,,,,,,,BEACON,"{""type"": ""heartbeat"", ""uptime"": 80572, ""device_id"": ""ESP32:N4_BASE_BT_1"", ""xbee_enabled"": true, ""waiting_for_data"": true, ""kalman_data"": {""altitude"": 0, ""vertical_velocity"": 0}, ""kalman_altitude"": 0, ""kalman_vertical_velocity"": 0, ""communication_mode"": ""BEACON""}"
1768846058.555535,2026-01-19T21:07:38.555535,,,,,,,,,,,,,,,,,,,,,,,,,,BEACON,"{""type"": ""heartbeat"", ""uptime"": 81085, ""device_id"": ""ESP32:N4_BASE_BT_1"", ""xbee_enabled"": true, ""waiting_for_data"": true, ""kalman_data"": {""altitude"": 0, ""vertical_velocity"": 0}, ""kalman_altitude"": 0, ""kalman_vertical_velocity"": 0, ""communication_mode"": ""BEACON""}"
1768846058.917994,2026-01-19T21:07:38.917994,,,,,,,,,,,,,,,,,,,,,,,,,,BEACON,"{""type"": ""heartbeat"", ""uptime"": 81598, ""device_id"": ""ESP32:N4_BASE_BT_1"", ""xbee_enabled"": true, ""waiting_for_data"": true, ""kalman_data"": {""altitude"": 0, ""vertical_velocity"": 0}, ""kalman_altitude"": 0, ""kalman_vertical_velocity"": 0, ""communication_mode"": ""BEACON""}"
1768846059.522883,2026-01-19T21:07:39.522883,,,,,,,,,,,,,,,,,,,,,,,,,,BEACON,"{""type"": ""heartbeat"", ""uptime"": 82111, ""device_id"": ""ESP32:N4_BASE_BT_1"", ""xbee_enabled"": true, ""waiting_for_data"": true, ""kalman_data"": {""altitude"": 0, ""vertical_velocity"": 0}, ""kalman_altitude"": 0, ""kalman_vertical_velocity"": 0, ""communication_mode"": ""BEACON""}"
1768846060.387104,2026-01-19T21:07:40.387104,,,,,,,,,,,,,,,,,,,,,,,,,,BEACON,"{""type"": ""heartbeat"", ""uptime"": 82624, ""device_id"": ""ESP32:N4_BASE_BT_1"", ""xbee_enabled"": true, ""waiting_for_data"": true, ""kalman_data"": {""altitude"": 0, ""vertical_velocity"": 0}, ""kalman_altitude"": 0, ""kalman_vertical_velocity"": 0, ""communication_mode"": ""BEACON""}"
1768846060.918741,2026-01-19T21:07:40.918741,,,,,,,,,,,,,,,,,,,,,,,,,,BEACON,"{""type"": ""heartbeat"", ""uptime"": 83137, ""device_id"": ""ESP32:N4_BASE_BT_1"", ""xbee_enabled"": true, ""waiting_for_data"": true, ""kalman_data"": {""altitude"": 0, ""vertical_velocity"": 0}, ""kalman_altitude"": 0, ""kalman_vertical_velocity"": 0, ""communication_mode"": ""BEACON""}"
1768846061.139572,2026-01-19T21:07:41.139572,,,,,,,,,,,,,,,,,,,,,,,,,,BEACON,"{""type"": ""heartbeat"", ""uptime"": 83650, ""device_id"": ""ESP32:N4_BASE_BT_1"", ""xbee_enabled"": true, ""waiting_for_data"": true, ""kalman_data"": {""altitude"": 0, ""vertical_velocity"": 0}, ""kalman_altitude"": 0, ""kalman_vertical_velocity"": 0, ""communication_mode"": ""BEACON""}"
1768846061.554997,2026-01-19T21:07:41.554997,,,,,,,,,,,,,,,,,,,,,,,,,,BEACON,"{""type"": ""heartbeat"", ""uptime"": 84163, ""device_id"": ""ESP32:N4_BASE_BT_1"", ""xbee_enabled"": true, ""waiting_for_data"": true, ""kalman_data"": {""altitude"": 0, ""vertical_velocity"": 0}, ""kalman_altitude"": 0, ""kalman_vertical_velocity"": 0, ""communication_mode"": ""BEACON""}"
1768846062.10209,2026-01-19T21:07:42.102090,,,,,,,,,,,,,,,,,,,,,,,,,,BEACON,"{""type"": ""heartbeat"", ""uptime"": 84676, ""device_id"": ""ESP32:N4_BASE_BT_1"", ""xbee_enabled"": true, ""waiting_for_data"": true, ""kalman_data"": {""altitude"": 0, ""vertical_velocity"": 0}, ""kalman_altitude"": 0, ""kalman_vertical_velocity"": 0, ""communication_mode"": ""BEACON""}"
1768846062.454133,2026-01-19T21:07:42.454133,,,,,,,,,,,,,,,,,,,,,,,,,,BEACON,"{""type"": ""heartbeat"", ""uptime"": 85189, ""device_id"": ""ESP32:N4_BASE_BT_1"", ""xbee_enabled"": true, ""waiting_for_data"": true, ""kalman_data"": {""altitude"": 0, ""vertical_velocity"": 0}, ""kalman_altitude"": 0, ""kalman_vertical_velocity"": 0, ""communication_mode"": ""BEACON""}"
1768846063.514413,2026-01-19T21:07:43.514413,,,,,,,,,,,,,,,,,,,,,,,,,,BEACON,"{""type"": ""heartbeat"", ""uptime"": 85702, ""device_id"": ""ESP32:N4_BASE_BT_1"", ""xbee_enabled"": true, ""waiting_for_data"": true, ""kalman_data"": {""altitude"": 0, ""vertical_velocity"": 0}, ""kalman_altitude"": 0, ""kalman_vertical_velocity"": 0, ""communication_mode"": ""BEACON""}"
1768846063.908545,2026-01-19T21:07:43.908545,,,,,,,,,,,,,,,,,,,,,,,,,,BEACON,"{""type"": ""heartbeat"", ""uptime"": 86215, ""device_id"": ""ESP32:N4_BASE_BT_1"", ""xbee_enabled"": true, ""waiting_for_data"": true, ""kalman_data"": {""altitude"": 0, ""vertical_velocity"": 0}, ""kalman_altitude"": 0, ""kalman_vertical_velocity"": 0, ""communication_mode"": ""BEACON""}"
1768846064.022042,2026-01-19T21:07:44.022042,,,,,,,,,,,,,,,,,,,,,,,,,,BEACON,"{""type"": ""heartbeat"", ""uptime"": 86728, ""device_id"": ""ESP32:N4_BASE_BT_1"", ""xbee_enabled"": true, ""waiting_for_data"": true, ""kalman_data"": {""altitude"": 0, ""vertical_velocity"": 0}, ""kalman_altitude"": 0, ""kalman_vertical_velocity"": 0, ""communication_mode"": ""BEACON""}"
1768846064.541566,2026-01-19T21:07:44.541566,,,,,,,,,,,,,,,,,,,,,,,,,,BEACON,"{""type"": ""heartbeat"", ""uptime"": 87241, ""device_id"": ""ESP32:N4_BASE_BT_1"", ""xbee_enabled"": true, ""waiting_for_data"": true, ""kalman_data"": {""altitude"": 0, ""vertical_velocity"": 0}, ""kalman_altitude"": 0, ""kalman_vertical_velocity"": 0, ""communication_mode"": ""BEACON""}"
1768846065.471317,2026-01-19T21:07:45.471317,,,,,,,,,,,,,,,,,,,,,,,,,,BEACON,"{""type"": ""heartbeat"", ""uptime"": 87754, ""device_id"": ""ESP32:N4_BASE_BT_1"", ""xbee_enabled"": true, ""waiting_for_data"": true, ""kalman_data"": {""altitude"": 0, ""vertical_velocity"": 0}, ""kalman_altitude"": 0, ""kalman_vertical_velocity"": 0, ""communication_mode"": ""BEACON""}"
1768846065.53832,2026-01-19T21:07:45.538320,,,,,,,,,,,,,,,,,,,,,,,,,,BEACON,"{""type"": ""heartbeat"", ""uptime"": 88267, ""device_id"": ""ESP32:N4_BASE_BT_1"", ""xbee_enabled"": true, ""waiting_for_data"": true, ""kalman_data"": {""altitude"": 0, ""vertical_velocity"": 0}, ""kalman_altitude"": 0, ""kalman_vertical_velocity"": 0, ""communication_mode"": ""BEACON""}"
1768846066.801718,2026-01-19T21:07:46.801718,,,,,,,,,,,,,,,,,,,,,,,,,,BEACON,"{""type"": ""heartbeat"", ""uptime"": 88780, ""device_id"": ""ESP32:N4_BASE_BT_1"", ""xbee_enabled"": true, ""waiting_for_data"": true, ""kalman_data"": {""altitude"": 0, ""vertical_velocity"": 0}, ""kalman_altitude"": 0, ""kalman_vertical_velocity"": 0, ""communication_mode"": ""BEACON""}"
1768846066.97211,2026-01-19T21:07:46.972110,,,,,,,,,,,,,,,,,,,,,,,,,,BEACON,"{""type"": ""heartbeat"", ""uptime"": 89293, ""device_id"": ""ESP32:N4_BASE_BT_1"", ""xbee_enabled"": true, ""waiting_for_data"": true, ""kalman_data"": {""altitude"": 0, ""vertical_velocity"": 0}, ""kalman_altitude"": 0, ""kalman_vertical_velocity"": 0, ""communication_mode"": ""BEACON""}"
1768846067.235668,2026-01-19T21:07:47.235668,,,,,,,,,,,,,,,,,,,,,,,,,,BEACON,"{""type"": ""heartbeat"", ""uptime"": 89806, ""device_id"": ""ESP32:N4_BASE_BT_1"", ""xbee_enabled"": true, ""waiting_for_data"": true, ""kalman_data"": {""altitude"": 0, ""vertical_velocity"": 0}, ""kalman_altitude"": 0, ""kalman_vertical_velocity"": 0, ""communication_mode"": ""BEACON""}"
1768846067.552795,2026-01-19T21:07:47.552795,,,,,,,,,,,,,,,,,,,,,,,,,,BEACON,"{""type"": ""heartbeat"", ""uptime"": 90319, ""device_id"": ""ESP32:N4_BASE_BT_1"", ""xbee_enabled"": true, ""waiting_for_data"": true, ""kalman_data"": {""altitude"": 0, ""vertical_velocity"": 0}, ""kalman_altitude"": 0, ""kalman_vertical_velocity"": 0, ""communication_mode"": ""BEACON""}"
1768846068.082324,2026-01-19T21:07:48.082324,,,,,,,,,,,,,,,,,,,,,,,,,,BEACON,"{""type"": ""heartbeat"", ""uptime"": 90832, ""device_id"": ""ESP32:N4_BASE_BT_1"", ""xbee_enabled"": true, ""waiting_for_data"": true, ""kalman_data"": {""altitude"": 0, ""vertical_velocity"": 0}, ""kalman_altitude"": 0, ""kalman_vertical_velocity"": 0, ""communication_mode"": ""BEACON""}"
1768846068.641711,2026-01-19T21:07:48.641711,,,,,,,,,,,,,,,,,,,,,,,,,,BEACON,"{""type"": ""heartbeat"", ""uptime"": 91345, ""device_id"": ""ESP32:N4_BASE_BT_1"", ""xbee_enabled"": true, ""waiting_for_data"": true, ""kalman_data"": {""altitude"": 0, ""vertical_velocity"": 0}, ""kalman_altitude"": 0, ""kalman_vertical_velocity"": 0, ""communication_mode"": ""BEACON""}"
1768846069.130092,2026-01-19T21:07:49.130092,,,,,,,,,,,,,,,,,,,,,,,,,,BEACON,"{""type"": ""heartbeat"", ""uptime"": 91858, ""device_id"": ""ESP32:N4_BASE_BT_1"", ""xbee_enabled"": true, ""waiting_for_data"": true, ""kalman_data"": {""altitude"": 0, ""vertical_velocity"": 0}, ""kalman_altitude"": 0, ""kalman_vertical_velocity"": 0, ""communication_mode"": ""BEACON""}"
1768846070.04978,2026-01-19T21:07:50.049780,,,,,,,,,,,,,,,,,,,,,,,,,,BEACON,"{""type"": ""heartbeat"", ""uptime"": 92371, ""device_id"": ""ESP32:N4_BASE_BT_1"", ""xbee_enabled"": true, ""waiting_for_data"": true, ""kalman_data"": {""altitude"": 0, ""vertical_velocity"": 0}, ""kalman_altitude"": 0, ""kalman_vertical_velocity"": 0, ""communication_mode"": ""BEACON""}"
1768846070.765815,2026-01-19T21:07:50.765815,,,,,,,,,,,,,,,,,,,,,,,,,,BEACON,"{""type"": ""heartbeat"", ""uptime"": 92884, ""device_id"": ""ESP32:N4_BASE_BT_1"", ""xbee_enabled"": true, ""waiting_for_data"": true, ""kalman_data"": {""altitude"": 0, ""vertical_velocity"": 0}, ""kalman_altitude"": 0, ""kalman_vertical_velocity"": 0, ""communication_mode"": ""BEACON""}"
1768846071.026032,2026-01-19T21:07:51.026032,,,,,,,,,,,,,,,,,,,,,,,,,,BEACON,"{""type"": ""heartbeat"", ""uptime"": 93397, ""device_id"": ""ESP32:N4_BASE_BT_1"", ""xbee_enabled"": true, ""waiting_for_data"": true, ""kalman_data"": {""altitude"": 0, ""vertical_velocity"": 0}, ""kalman_altitude"": 0, ""kalman_vertical_velocity"": 0, ""communication_mode"": ""BEACON""}"
1768846071.198057,2026-01-19T21:07:51.198057,,,,,,,,,,,,,,,,,,,,,,,,,,BEACON,"{""type"": ""heartbeat"", ""uptime"": 93910, ""device_id"": ""ESP32:N4_BASE_BT_1"", ""xbee_enabled"": true, ""waiting_for_data"": true, ""kalman_data"": {""altitude"": 0, ""vertical_velocity"": 0}, ""kalman_altitude"": 0, ""kalman_vertical_velocity"": 0, ""communication_mode"": ""BEACON""}"
1768846071.716514,2026-01-19T21:07:51.716514,,,,,,,,,,,,,,,,,,,,,,,,,,BEACON,"{""type"": ""heartbeat"", ""uptime"": 94423, ""device_id"": ""ESP32:N4_BASE_BT_1"", ""xbee_enabled"": true, ""waiting_for_data"": true, ""kalman_data"": {""altitude"": 0, ""vertical_velocity"": 0}, ""kalman_altitude"": 0, ""kalman_vertical_velocity"": 0, ""communication_mode"": ""BEACON""}"
1768846072.255483,2026-01-19T21:07:52.255483,,,,,,,,,,,,,,,,,,,,,,,,,,BEACON,"{""type"": ""heartbeat"", ""uptime"": 94936, ""device_id"": ""ESP32:N4_BASE_BT_1"", ""xbee_enabled"": true, ""waiting_for_data"": true, ""kalman_data"": {""altitude"": 0, ""vertical_velocity"": 0}, ""kalman_altitude"": 0, ""kalman_vertical_velocity"": 0, ""communication_mode"": ""BEACON""}"
1768846072.693002,2026-01-19T21:07:52.693002,,,,,,,,,,,,,,,,,,,,,,,,,,BEACON,"{""type"": ""heartbeat"", ""uptime"": 95449, ""device_id"": ""ESP32:N4_BASE_BT_1"", ""xbee_enabled"": true, ""waiting_for_data"": true, ""kalman_data"": {""altitude"": 0, ""vertical_velocity"": 0}, ""kalman_altitude"": 0, ""kalman_vertical_velocity"": 0, ""communication_mode"": ""BEACON""}"
1768846073.86709,2026-01-19T21:07:53.867090,,,,,,,,,,,,,,,,,,,,,,,,,,BEACON,"{""type"": ""heartbeat"", ""uptime"": 95962, ""device_id"": ""ESP32:N4_BASE_BT_1"", ""xbee_enabled"": true, ""waiting_for_data"": true, ""kalman_data"": {""altitude"": 0, ""vertical_velocity"": 0}, ""kalman_altitude"": 0, ""kalman_vertical_velocity"": 0, ""communication_mode"": ""BEACON""}"
1768846074.034812,2026-01-19T21:07:54.034812,,,,,,,,,,,,,,,,,,,,,,,,,,BEACON,"{""type"": ""heartbeat"", ""uptime"": 96475, ""device_id"": ""ESP32:N4_BASE_BT_1"", ""xbee_enabled"": true, ""waiting_for_data"": true, ""kalman_data"": {""altitude"": 0, ""vertical_velocity"": 0}, ""kalman_altitude"": 0, ""kalman_vertical_velocity"": 0, ""communication_mode"": ""BEACON""}"
1768846074.32995,2026-01-19T21:07:54.329950,,,,,,,,,,,,,,,,,,,,,,,,,,BEACON,"{""type"": ""heartbeat"", ""uptime"": 96988, ""device_id"": ""ESP32:N4_BASE_BT_1"", ""xbee_enabled"": true, ""waiting_for_data"": true, ""kalman_data"": {""altitude"": 0, ""vertical_velocity"": 0}, ""kalman_altitude"": 0, ""kalman_vertical_velocity"": 0, ""communication_mode"": ""BEACON""}"
1768846074.792066,2026-01-19T21:07:54.792066,,,,,,,,,,,,,,,,,,,,,,,,,,BEACON,"{""type"": ""heartbeat"", ""uptime"": 97501, ""device_id"": ""ESP32:N4_BASE_BT_1"", ""xbee_enabled"": true, ""waiting_for_data"": true, ""kalman_data"": {""altitude"": 0, ""vertical_velocity"": 0}, ""kalman_altitude"": 0, ""kalman_vertical_velocity"": 0, ""communication_mode"": ""BEACON""}"
1768846075.773494,2026-01-19T21:07:55.773494,,,,,,,,,,,,,,,,,,,,,,,,,,BEACON,"{""type"": ""heartbeat"", ""uptime"": 98014, ""device_id"": ""ESP32:N4_BASE_BT_1"", ""xbee_enabled"": true, ""waiting_for_data"": true, ""kalman_data"": {""altitude"": 0, ""vertical_velocity"": 0}, ""kalman_altitude"": 0, ""kalman_vertical_velocity"": 0, ""communication_mode"": ""BEACON""}"
1768846075.896494,2026-01-19T21:07:55.896494,,,,,,,,,,,,,,,,,,,,,,,,,,BEACON,"{""type"": ""heartbeat"", ""uptime"": 98527, ""device_id"": ""ESP32:N4_BASE_BT_1"", ""xbee_enabled"": true, ""waiting_for_data"": true, ""kalman_data"": {""altitude"": 0, ""vertical_velocity"": 0}, ""kalman_altitude"": 0, ""kalman_vertical_velocity"": 0, ""communication_mode"": ""BEACON""}"
1768846076.389143,2026-01-19T21:07:56.389143,,,,,,,,,,,,,,,,,,,,,,,,,,BEACON,"{""type"": ""heartbeat"", ""uptime"": 99040, ""device_id"": ""ESP32:N4_BASE_BT_1"", ""xbee_enabled"": true, ""waiting_for_data"": true, ""kalman_data"": {""altitude"": 0, ""vertical_velocity"": 0}, ""kalman_altitude"": 0, ""kalman_vertical_velocity"": 0, ""communication_mode"": ""BEACON""}"
1768846076.8496,2026-01-19T21:07:56.849600,,,,,,,,,,,,,,,,,,,,,,,,,,BEACON,"{""type"": ""heartbeat"", ""uptime"": 99553, ""device_id"": ""ESP32:N4_BASE_BT_1"", ""xbee_enabled"": true, ""waiting_for_data"": true, ""kalman_data"": {""altitude"": 0, ""vertical_velocity"": 0}, ""kalman_altitude"": 0, ""kalman_vertical_velocity"": 0, ""communication_mode"": ""BEACON""}"
1768846077.348975,2026-01-19T21:07:57.348975,,,,,,,,,,,,,,,,,,,,,,,,,,BEACON,"{""type"": ""heartbeat"", ""uptime"": 100066, ""device_id"": ""ESP32:N4_BASE_BT_1"", ""xbee_enabled"": true, ""waiting_for_data"": true, ""kalman_data"": {""altitude"": 0, ""vertical_velocity"": 0}, ""kalman_altitude"": 0, ""kalman_vertical_velocity"": 0, ""communication_mode"": ""BEACON""}"
1768846077.857698,2026-01-19T21:07:57.857698,,,,,,,,,,,,,,,,,,,,,,,,,,BEACON,"{""type"": ""heartbeat"", ""uptime"": 100579, ""device_id"": ""ESP32:N4_BASE_BT_1"", ""xbee_enabled"": true, ""waiting_for_data"": true, ""kalman_data"": {""altitude"": 0, ""vertical_velocity"": 0}, ""kalman_altitude"": 0, ""kalman_vertical_velocity"": 0, ""communication_mode"": ""BEACON""}"
1768846078.424734,2026-01-19T21:07:58.424734,,,,,,,,,,,,,,,,,,,,,,,,,,BEACON,"{""type"": ""heartbeat"", ""uptime"": 101092, ""device_id"": ""ESP32:N4_BASE_BT_1"", ""xbee_enabled"": true, ""waiting_for_data"": true, ""kalman_data"": {""altitude"": 0, ""vertical_velocity"": 0}, ""kalman_altitude"": 0, ""kalman_vertical_velocity"": 0, ""communication_mode"": ""BEACON""}"
1768846079.807944,2026-01-19T21:07:59.807944,,,,,,,,,,,,,,,,,,,,,,,,,,BEACON,"{""type"": ""heartbeat"", ""uptime"": 101605, ""device_id"": ""ESP32:N4_BASE_BT_1"", ""xbee_enabled"": true, ""waiting_for_data"": true, ""kalman_data"": {""altitude"": 0, ""vertical_velocity"": 0}, ""kalman_altitude"": 0, ""kalman_vertical_velocity"": 0, ""communication_mode"": ""BEACON""}"
1768846080.264144,2026-01-19T21:08:00.264144,,,,,,,,,,,,,,,,,,,,,,,,,,BEACON,"{""type"": ""heartbeat"", ""uptime"": 102118, ""device_id"": ""ESP32:N4_BASE_BT_1"", ""xbee_enabled"": true, ""waiting_for_data"": true, ""kalman_data"": {""altitude"": 0, ""vertical_velocity"": 0}, ""kalman_altitude"": 0, ""kalman_vertical_velocity"": 0, ""communication_mode"": ""BEACON""}"
1768846080.357042,2026-01-19T21:08:00.357042,,,,,,,,,,,,,,,,,,,,,,,,,,BEACON,"{""type"": ""heartbeat"", ""uptime"": 102631, ""device_id"": ""ESP32:N4_BASE_BT_1"", ""xbee_enabled"": true, ""waiting_for_data"": true, ""kalman_data"": {""altitude"": 0, ""vertical_velocity"": 0}, ""kalman_altitude"": 0, ""kalman_vertical_velocity"": 0, ""communication_mode"": ""BEACON""}"
1768846080.423144,2026-01-19T21:08:00.423144,,,,,,,,,,,,,,,,,,,,,,,,,,BEACON,"{""type"": ""heartbeat"", ""uptime"": 103144, ""device_id"": ""ESP32:N4_BASE_BT_1"", ""xbee_enabled"": true, ""waiting_for_data"": true, ""kalman_data"": {""altitude"": 0, ""vertical_velocity"": 0}, ""kalman_altitude"": 0, ""kalman_vertical_velocity"": 0, ""communication_mode"": ""BEACON""}"
1768846081.366119,2026-01-19T21:08:01.366119,,,,,,,,,,,,,,,,,,,,,,,,,,BEACON,"{""type"": ""heartbeat"", ""uptime"": 103657, ""device_id"": ""ESP32:N4_BASE_BT_1"", ""xbee_enabled"": true, ""waiting_for_data"": true, ""kalman_data"": {""altitude"": 0, ""vertical_velocity"": 0}, ""kalman_altitude"": 0, ""kalman_vertical_velocity"": 0, ""communication_mode"": ""BEACON""}"
1768846082.173877,2026-01-19T21:08:02.173877,,,,,,,,,,,,,,,,,,,,,,,,,,BEACON,"{""type"": ""heartbeat"", ""uptime"": 104170, ""device_id"": ""ESP32:N4_BASE_BT_1"", ""xbee_enabled"": true, ""waiting_for_data"": true, ""kalman_data"": {""altitude"": 0, ""vertical_velocity"": 0}, ""kalman_altitude"": 0, ""kalman_vertical_velocity"": 0, ""communication_mode"": ""BEACON""}"
1768846082.288237,2026-01-19T21:08:02.288237,,,,,,,,,,,,,,,,,,,,,,,,,,BEACON,"{""type"": ""heartbeat"", ""uptime"": 104683, ""device_id"": ""ESP32:N4_BASE_BT_1"", ""xbee_enabled"": true, ""waiting_for_data"": true, ""kalman_data"": {""altitude"": 0, ""vertical_velocity"": 0}, ""kalman_altitude"": 0, ""kalman_vertical_velocity"": 0, ""communication_mode"": ""BEACON""}"
1768846082.465806,2026-01-19T21:08:02.465806,,,,,,,,,,,,,,,,,,,,,,,,,,BEACON,"{""type"": ""heartbeat"", ""uptime"": 105196, ""device_id"": ""ESP32:N4_BASE_BT_1"", ""xbee_enabled"": true, ""waiting_for_data"": true, ""kalman_data"": {""altitude"": 0, ""vertical_velocity"": 0}, ""kalman_altitude"": 0, ""kalman_vertical_velocity"": 0, ""communication_mode"": ""BEACON""}"
1768846083.119741,2026-01-19T21:08:03.119741,,,,,,,,,,,,,,,,,,,,,,,,,,BEACON,"{""type"": ""heartbeat"", ""uptime"": 105709, ""device_id"": ""ESP32:N4_BASE_BT_1"", ""xbee_enabled"": true, ""waiting_for_data"": true, ""kalman_data"": {""altitude"": 0, ""vertical_velocity"": 0}, ""kalman_altitude"": 0, ""kalman_vertical_velocity"": 0, ""communication_mode"": ""BEACON""}"
1768846083.619541,2026-01-19T21:08:03.619541,,,,,,,,,,,,,,,,,,,,,,,,,,BEACON,"{""type"": ""heartbeat"", ""uptime"": 106222, ""device_id"": ""ESP32:N4_BASE_BT_1"", ""xbee_enabled"": true, ""waiting_for_data"": true, ""kalman_data"": {""altitude"": 0, ""vertical_velocity"": 0}, ""kalman_altitude"": 0, ""kalman_vertical_velocity"": 0, ""communication_mode"": ""BEACON""}"
1768846084.006078,2026-01-19T21:08:04.006078,,,,,,,,,,,,,,,,,,,,,,,,,,BEACON,"{""type"": ""heartbeat"", ""uptime"": 106735, ""device_id"": ""ESP32:N4_BASE_BT_1"", ""xbee_enabled"": true, ""waiting_for_data"": true, ""kalman_data"": {""altitude"": 0, ""vertical_velocity"": 0}, ""kalman_altitude"": 0, ""kalman_vertical_velocity"": 0, ""communication_mode"": ""BEACON""}"
1768846084.65703,2026-01-19T21:08:04.657030,,,,,,,,,,,,,,,,,,,,,,,,,,BEACON,"{""type"": ""heartbeat"", ""uptime"": 107248, ""device_id"": ""ESP32:N4_BASE_BT_1"", ""xbee_enabled"": true, ""waiting_for_data"": true, ""kalman_data"": {""altitude"": 0, ""vertical_velocity"": 0}, ""kalman_altitude"": 0, ""kalman_vertical_velocity"": 0, ""communication_mode"": ""BEACON""}"
1768846086.087266,2026-01-19T21:08:06.087266,,,,,,,,,,,,,,,,,,,,,,,,,,BEACON,"{""type"": ""heartbeat"", ""uptime"": 107761, ""device_id"": ""ESP32:N4_BASE_BT_1"", ""xbee_enabled"": true, ""waiting_for_data"": true, ""kalman_data"": {""altitude"": 0, ""vertical_velocity"": 0}, ""kalman_altitude"": 0, ""kalman_vertical_velocity"": 0, ""communication_mode"": ""BEACON""}"
1768846086.240043,2026-01-19T21:08:06.240043,,,,,,,,,,,,,,,,,,,,,,,,,,BEACON,"{""type"": ""heartbeat"", ""uptime"": 108274, ""device_id"": ""ESP32:N4_BASE_BT_1"", ""xbee_enabled"": true, ""waiting_for_data"": true, ""kalman_data"": {""altitude"": 0, ""vertical_velocity"": 0}, ""kalman_altitude"": 0, ""kalman_vertical_velocity"": 0, ""communication_mode"": ""BEACON""}"
1768846086.353091,2026-01-19T21:08:06.353091,,,,,,,,,,,,,,,,,,,,,,,,,,BEACON,"{""type"": ""heartbeat"", ""uptime"": 108787, ""device_id"": ""ESP32:N4_BASE_BT_1"", ""xbee_enabled"": true, ""waiting_for_data"": true, ""kalman_data"": {""altitude"": 0, ""vertical_velocity"": 0}, ""kalman_altitude"": 0, ""kalman_vertical_velocity"": 0, ""communication_mode"": ""BEACON""}"
1768846086.62155,2026-01-19T21:08:06.621550,,,,,,,,,,,,,,,,,,,,,,,,,,BEACON,"{""type"": ""heartbeat"", ""uptime"": 109300, ""device_id"": ""ESP32:N4_BASE_BT_1"", ""xbee_enabled"": true, ""waiting_for_data"": true, ""kalman_data"": {""altitude"": 0, ""vertical_velocity"": 0}, ""kalman_altitude"": 0, ""kalman_vertical_velocity"": 0, ""communication_mode"": ""BEACON""}"
1768846087.201014,2026-01-19T21:08:07.201014,,,,,,,,,,,,,,,,,,,,,,,,,,BEACON,"{""type"": ""heartbeat"", ""uptime"": 109813, ""device_id"": ""ESP32:N4_BASE_BT_1"", ""xbee_enabled"": true, ""waiting_for_data"": true, ""kalman_data"": {""altitude"": 0, ""vertical_velocity"": 0}, ""kalman_altitude"": 0, ""kalman_vertical_velocity"": 0, ""communication_mode"": ""BEACON""}"
1768846088.830452,2026-01-19T21:08:08.830452,,,,,,,,,,,,,,,,,,,,,,,,,,BEACON,"{""type"": ""heartbeat"", ""uptime"": 110336, ""device_id"": ""ESP32:N4_BASE_BT_1"", ""xbee_enabled"": true, ""waiting_for_data"": true, ""kalman_data"": {""altitude"": 0, ""vertical_velocity"": 0}, ""kalman_altitude"": 0, ""kalman_vertical_velocity"": 0, ""communication_mode"": ""BEACON""}"
1768846089.284481,2026-01-19T21:08:09.284481,,,,,,,,,,,,,,,,,,,,,,,,,,BEACON,"{""type"": ""heartbeat"", ""uptime"": 110849, ""device_id"": ""ESP32:N4_BASE_BT_1"", ""xbee_enabled"": true, ""waiting_for_data"": true, ""kalman_data"": {""altitude"": 0, ""vertical_velocity"": 0}, ""kalman_altitude"": 0, ""kalman_vertical_velocity"": 0, ""communication_mode"": ""BEACON""}"
1768846089.38421,2026-01-19T21:08:09.384210,,,,,,,,,,,,,,,,,,,,,,,,,,BEACON,"{""type"": ""heartbeat"", ""uptime"": 111362, ""device_id"": ""ESP32:N4_BASE_BT_1"", ""xbee_enabled"": true, ""waiting_for_data"": true, ""kalman_data"": {""altitude"": 0, ""vertical_velocity"": 0}, ""kalman_altitude"": 0, ""kalman_vertical_velocity"": 0, ""communication_mode"": ""BEACON""}"
1768846089.49941,2026-01-19T21:08:09.499410,,,,,,,,,,,,,,,,,,,,,,,,,,BEACON,"{""type"": ""heartbeat"", ""uptime"": 111875, ""device_id"": ""ESP32:N4_BASE_BT_1"", ""xbee_enabled"": true, ""waiting_for_data"": true, ""kalman_data"": {""altitude"": 0, ""vertical_velocity"": 0}, ""kalman_altitude"": 0, ""kalman_vertical_velocity"": 0, ""communication_mode"": ""BEACON""}"
1768846090.695885,2026-01-19T21:08:10.695885,,,,,,,,,,,,,,,,,,,,,,,,,,BEACON,"{""type"": ""heartbeat"", ""uptime"": 112388, ""device_id"": ""ESP32:N4_BASE_BT_1"", ""xbee_enabled"": true, ""waiting_for_data"": true, ""kalman_data"": {""altitude"": 0, ""vertical_velocity"": 0}, ""kalman_altitude"": 0, ""kalman_vertical_velocity"": 0, ""communication_mode"": ""BEACON""}"
1768846090.93206,2026-01-19T21:08:10.932060,,,,,,,,,,,,,,,,,,,,,,,,,,BEACON,"{""type"": ""heartbeat"", ""uptime"": 112901, ""device_id"": ""ESP32:N4_BASE_BT_1"", ""xbee_enabled"": true, ""waiting_for_data"": true, ""kalman_data"": {""altitude"": 0, ""vertical_velocity"": 0}, ""kalman_altitude"": 0, ""kalman_vertical_velocity"": 0, ""communication_mode"": ""BEACON""}"
1768846091.02085,2026-01-19T21:08:11.020850,,,,,,,,,,,,,,,,,,,,,,,,,,BEACON,"{""type"": ""heartbeat"", ""uptime"": 113414, ""device_id"": ""ESP32:N4_BASE_BT_1"", ""xbee_enabled"": true, ""waiting_for_data"": true, ""kalman_data"": {""altitude"": 0, ""vertical_velocity"": 0}, ""kalman_altitude"": 0, ""kalman_vertical_velocity"": 0, ""communication_mode"": ""BEACON""}"
1768846091.221768,2026-01-19T21:08:11.221768,,,,,,,,,,,,,,,,,,,,,,,,,,BEACON,"{""type"": ""heartbeat"", ""uptime"": 113927, ""device_id"": ""ESP32:N4_BASE_BT_1"", ""xbee_enabled"": true, ""waiting_for_data"": true, ""kalman_data"": {""altitude"": 0, ""vertical_velocity"": 0}, ""kalman_altitude"": 0, ""kalman_vertical_velocity"": 0, ""communication_mode"": ""BEACON""}"
1768846091.736978,2026-01-19T21:08:11.736978,,,,,,,,,,,,,,,,,,,,,,,,,,BEACON,"{""type"": ""heartbeat"", ""uptime"": 114440, ""device_id"": ""ESP32:N4_BASE_BT_1"", ""xbee_enabled"": true, ""waiting_for_data"": true, ""kalman_data"": {""altitude"": 0, ""vertical_velocity"": 0}, ""kalman_altitude"": 0, ""kalman_vertical_velocity"": 0, ""communication_mode"": ""BEACON""}"
1768846092.782249,2026-01-19T21:08:12.782249,,,,,,,,,,,,,,,,,,,,,,,,,,BEACON,"{""type"": ""heartbeat"", ""uptime"": 114953, ""device_id"": ""ESP32:N4_BASE_BT_1"", ""xbee_enabled"": true, ""waiting_for_data"": true, ""kalman_data"": {""altitude"": 0, ""vertical_velocity"": 0}, ""kalman_altitude"": 0, ""kalman_vertical_velocity"": 0, ""communication_mode"": ""BEACON""}"
1768846092.955536,2026-01-19T21:08:12.955536,,,,,,,,,,,,,,,,,,,,,,,,,,BEACON,"{""type"": ""heartbeat"", ""uptime"": 115466, ""device_id"": ""ESP32:N4_BASE_BT_1"", ""xbee_enabled"": true, ""waiting_for_data"": true, ""kalman_data"": {""altitude"": 0, ""vertical_velocity"": 0}, ""kalman_altitude"": 0, ""kalman_vertical_velocity"": 0, ""communication_mode"": ""BEACON""}"
1768846093.251629,2026-01-19T21:08:13.251629,,,,,,,,,,,,,,,,,,,,,,,,,,BEACON,"{""type"": ""heartbeat"", ""uptime"": 115979, ""device_id"": ""ESP32:N4_BASE_BT_1"", ""xbee_enabled"": true, ""waiting_for_data"": true, ""kalman_data"": {""altitude"": 0, ""vertical_velocity"": 0}, ""kalman_altitude"": 0, ""kalman_vertical_velocity"": 0, ""communication_mode"": ""BEACON""}"
1768846095.404039,2026-01-19T21:08:15.404039,,,,,,,,,,,,,,,,,,,,,,,,,,BEACON,"{""type"": ""heartbeat"", ""uptime"": 116492, ""device_id"": ""ESP32:N4_BASE_BT_1"", ""xbee_enabled"": true, ""waiting_for_data"": true, ""kalman_data"": {""altitude"": 0, ""vertical_velocity"": 0}, ""kalman_altitude"": 0, ""kalman_vertical_velocity"": 0, ""communication_mode"": ""BEACON""}"
1768846095.703077,2026-01-19T21:08:15.703077,,,,,,,,,,,,,,,,,,,,,,,,,,BEACON,"{""type"": ""heartbeat"", ""uptime"": 117005, ""device_id"": ""ESP32:N4_BASE_BT_1"", ""xbee_enabled"": true, ""waiting_for_data"": true, ""kalman_data"": {""altitude"": 0, ""vertical_velocity"": 0}, ""kalman_altitude"": 0, ""kalman_vertical_velocity"": 0, ""communication_mode"": ""BEACON""}"
1768846095.813077,2026-01-19T21:08:15.813077,,,,,,,,,,,,,,,,,,,,,,,,,,BEACON,"{""type"": ""heartbeat"", ""uptime"": 117518, ""device_id"": ""ESP32:N4_BASE_BT_1"", ""xbee_enabled"": true, ""waiting_for_data"": true, ""kalman_data"": {""altitude"": 0, ""vertical_velocity"": 0}, ""kalman_altitude"": 0, ""kalman_vertical_velocity"": 0, ""communication_mode"": ""BEACON""}"
1768846096.115081,2026-01-19T21:08:16.115081,,,,,,,,,,,,,,,,,,,,,,,,,,BEACON,"{""type"": ""heartbeat"", ""uptime"": 118031, ""device_id"": ""ESP32:N4_BASE_BT_1"", ""xbee_enabled"": true, ""waiting_for_data"": true, ""kalman_data"": {""altitude"": 0, ""vertical_velocity"": 0}, ""kalman_altitude"": 0, ""kalman_vertical_velocity"": 0, ""communication_mode"": ""BEACON""}"
1768846096.201417,2026-01-19T21:08:16.201417,,,,,,,,,,,,,,,,,,,,,,,,,,BEACON,"{""type"": ""heartbeat"", ""uptime"": 118544, ""device_id"": ""ESP32:N4_BASE_BT_1"", ""xbee_enabled"": true, ""waiting_for_data"": true, ""kalman_data"": {""altitude"": 0, ""vertical_velocity"": 0}, ""kalman_altitude"": 0, ""kalman_vertical_velocity"": 0, ""communication_mode"": ""BEACON""}"
1768846096.378216,2026-01-19T21:08:16.378216,,,,,,,,,,,,,,,,,,,,,,,,,,BEACON,"{""type"": ""heartbeat"", ""uptime"": 119057, ""device_id"": ""ESP32:N4_BASE_BT_1"", ""xbee_enabled"": true, ""waiting_for_data"": true, ""kalman_data"": {""altitude"": 0, ""vertical_velocity"": 0}, ""kalman_altitude"": 0, ""kalman_vertical_velocity"": 0, ""communication_mode"": ""BEACON""}"
1768846097.336179,2026-01-19T21:08:17.336179,,,,,,,,,,,,,,,,,,,,,,,,,,BEACON,"{""type"": ""heartbeat"", ""uptime"": 119570, ""device_id"": ""ESP32:N4_BASE_BT_1"", ""xbee_enabled"": true, ""waiting_for_data"": true, ""kalman_data"": {""altitude"": 0, ""vertical_velocity"": 0}, ""kalman_altitude"": 0, ""kalman_vertical_velocity"": 0, ""communication_mode"": ""BEACON""}"
1768846097.604624,2026-01-19T21:08:17.604624,,,,,,,,,,,,,,,,,,,,,,,,,,BEACON,"{""type"": ""heartbeat"", ""uptime"": 120083, ""device_id"": ""ESP32:N4_BASE_BT_1"", ""xbee_enabled"": true, ""waiting_for_data"": true, ""kalman_data"": {""altitude"": 0, ""vertical_velocity"": 0}, ""kalman_altitude"": 0, ""kalman_vertical_velocity"": 0, ""communication_mode"": ""BEACON""}"
1768846097.976135,2026-01-19T21:08:17.976135,,,,,,,,,,,,,,,,,,,,,,,,,,BEACON,"{""type"": ""heartbeat"", ""uptime"": 120596, ""device_id"": ""ESP32:N4_BASE_BT_1"", ""xbee_enabled"": true, ""waiting_for_data"": true, ""kalman_data"": {""altitude"": 0, ""vertical_velocity"": 0}, ""kalman_altitude"": 0, ""kalman_vertical_velocity"": 0, ""communication_mode"": ""BEACON""}"
1768846099.271448,2026-01-19T21:08:19.271448,,,,,,,,,,,,,,,,,,,,,,,,,,BEACON,"{""type"": ""heartbeat"", ""uptime"": 121109, ""device_id"": ""ESP32:N4_BASE_BT_1"", ""xbee_enabled"": true, ""waiting_for_data"": true, ""kalman_data"": {""altitude"": 0, ""vertical_velocity"": 0}, ""kalman_altitude"": 0, ""kalman_vertical_velocity"": 0, ""communication_mode"": ""BEACON""}"
1768846099.622319,2026-01-19T21:08:19.622319,,,,,,,,,,,,,,,,,,,,,,,,,,BEACON,"{""type"": ""heartbeat"", ""uptime"": 121622, ""device_id"": ""ESP32:N4_BASE_BT_1"", ""xbee_enabled"": true, ""waiting_for_data"": true, ""kalman_data"": {""altitude"": 0, ""vertical_velocity"": 0}, ""kalman_altitude"": 0, ""kalman_vertical_velocity"": 0, ""communication_mode"": ""BEACON""}"
1768846100.855256,2026-01-19T21:08:20.855256,,,,,,,,,,,,,,,,,,,,,,,,,,BEACON,"{""type"": ""heartbeat"", ""uptime"": 122135, ""device_id"": ""ESP32:N4_BASE_BT_1"", ""xbee_enabled"": true, ""waiting_for_data"": true, ""kalman_data"": {""altitude"": 0, ""vertical_velocity"": 0}, ""kalman_altitude"": 0, ""kalman_vertical_velocity"": 0, ""communication_mode"": ""BEACON""}"
1768846101.83148,2026-01-19T21:08:21.831480,,,,,,,,,,,,,,,,,,,,,,,,,,BEACON,"{""type"": ""heartbeat"", ""uptime"": 122648, ""device_id"": ""ESP32:N4_BASE_BT_1"", ""xbee_enabled"": true, ""waiting_for_data"": true, ""kalman_data"": {""altitude"": 0, ""vertical_velocity"": 0}, ""kalman_altitude"": 0, ""kalman_vertical_velocity"": 0, ""communication_mode"": ""BEACON""}"
1768846102.286175,2026-01-19T21:08:22.286175,,,,,,,,,,,,,,,,,,,,,,,,,,BEACON,"{""type"": ""heartbeat"", ""uptime"": 123161, ""device_id"": ""ESP32:N4_BASE_BT_1"", ""xbee_enabled"": true, ""waiting_for_data"": true, ""kalman_data"": {""altitude"": 0, ""vertical_velocity"": 0}, ""kalman_altitude"": 0, ""kalman_vertical_velocity"": 0, ""communication_mode"": ""BEACON""}"
1768846102.453792,2026-01-19T21:08:22.453792,,,,,,,,,,,,,,,,,,,,,,,,,,BEACON,"{""type"": ""heartbeat"", ""uptime"": 123674, ""device_id"": ""ESP32:N4_BASE_BT_1"", ""xbee_enabled"": true, ""waiting_for_data"": true, ""kalman_data"": {""altitude"": 0, ""vertical_velocity"": 0}, ""kalman_altitude"": 0, ""kalman_vertical_velocity"": 0, ""communication_mode"": ""BEACON""}"
1768846102.816046,2026-01-19T21:08:22.816046,,,,,,,,,,,,,,,,,,,,,,,,,,BEACON,"{""type"": ""heartbeat"", ""uptime"": 124187, ""device_id"": ""ESP32:N4_BASE_BT_1"", ""xbee_enabled"": true, ""waiting_for_data"": true, ""kalman_data"": {""altitude"": 0, ""vertical_velocity"": 0}, ""kalman_altitude"": 0, ""kalman_vertical_velocity"": 0, ""communication_mode"": ""BEACON""}"
1768846103.00116,2026-01-19T21:08:23.001160,,,,,,,,,,,,,,,,,,,,,,,,,,BEACON,"{""type"": ""heartbeat"", ""uptime"": 124700, ""device_id"": ""ESP32:N4_BASE_BT_1"", ""xbee_enabled"": true, ""waiting_for_data"": true, ""kalman_data"": {""altitude"": 0, ""vertical_velocity"": 0}, ""kalman_altitude"": 0, ""kalman_vertical_velocity"": 0, ""communication_mode"": ""BEACON""}"
1768846103.043153,2026-01-19T21:08:23.043153,,,,,,,,,,,,,,,,,,,,,,,,,,BEACON,"{""type"": ""heartbeat"", ""uptime"": 125213, ""device_id"": ""ESP32:N4_BASE_BT_1"", ""xbee_enabled"": true, ""waiting_for_data"": true, ""kalman_data"": {""altitude"": 0, ""vertical_velocity"": 0}, ""kalman_altitude"": 0, ""kalman_vertical_velocity"": 0, ""communication_mode"": ""BEACON""}"
1768846103.11118,2026-01-19T21:08:23.111180,,,,,,,,,,,,,,,,,,,,,,,,,,BEACON,"{""type"": ""heartbeat"", ""uptime"": 125726, ""device_id"": ""ESP32:N4_BASE_BT_1"", ""xbee_enabled"": true, ""waiting_for_data"": true, ""kalman_data"": {""altitude"": 0, ""vertical_velocity"": 0}, ""kalman_altitude"": 0, ""kalman_vertical_velocity"": 0, ""communication_mode"": ""BEACON""}"
1768846104.050447,2026-01-19T21:08:24.050447,,,,,,,,,,,,,,,,,,,,,,,,,,BEACON,"{""type"": ""heartbeat"", ""uptime"": 126239, ""device_id"": ""ESP32:N4_BASE_BT_1"", ""xbee_enabled"": true, ""waiting_for_data"": true, ""kalman_data"": {""altitude"": 0, ""vertical_velocity"": 0}, ""kalman_altitude"": 0, ""kalman_vertical_velocity"": 0, ""communication_mode"": ""BEACON""}"
1768846104.147692,2026-01-19T21:08:24.147692,,,,,,,,,,,,,,,,,,,,,,,,,,BEACON,"{""type"": ""heartbeat"", ""uptime"": 126752, ""device_id"": ""ESP32:N4_BASE_BT_1"", ""xbee_enabled"": true, ""waiting_for_data"": true, ""kalman_data"": {""altitude"": 0, ""vertical_velocity"": 0}, ""kalman_altitude"": 0, ""kalman_vertical_velocity"": 0, ""communication_mode"": ""BEACON""}"
1768846104.612124,2026-01-19T21:08:24.612124,,,,,,,,,,,,,,,,,,,,,,,,,,BEACON,"{""type"": ""heartbeat"", ""uptime"": 127265, ""device_id"": ""ESP32:N4_BASE_BT_1"", ""xbee_enabled"": true, ""waiting_for_data"": true, ""kalman_data"": {""altitude"": 0, ""vertical_velocity"": 0}, ""kalman_altitude"": 0, ""kalman_vertical_velocity"": 0, ""communication_mode"": ""BEACON""}"
1768846105.628743,2026-01-19T21:08:25.628743,,,,,,,,,,,,,,,,,,,,,,,,,,BEACON,"{""type"": ""heartbeat"", ""uptime"": 127778, ""device_id"": ""ESP32:N4_BASE_BT_1"", ""xbee_enabled"": true, ""waiting_for_data"": true, ""kalman_data"": {""altitude"": 0, ""vertical_velocity"": 0}, ""kalman_altitude"": 0, ""kalman_vertical_velocity"": 0, ""communication_mode"": ""BEACON""}"
1768846105.898252,2026-01-19T21:08:25.898252,,,,,,,,,,,,,,,,,,,,,,,,,,BEACON,"{""type"": ""heartbeat"", ""uptime"": 128291, ""device_id"": ""ESP32:N4_BASE_BT_1"", ""xbee_enabled"": true, ""waiting_for_data"": true, ""kalman_data"": {""altitude"": 0, ""vertical_velocity"": 0}, ""kalman_altitude"": 0, ""kalman_vertical_velocity"": 0, ""communication_mode"": ""BEACON""}"
1768846106.119801,2026-01-19T21:08:26.119801,,,,,,,,,,,,,,,,,,,,,,,,,,BEACON,"{""type"": ""heartbeat"", ""uptime"": 128804, ""device_id"": ""ESP32:N4_BASE_BT_1"", ""xbee_enabled"": true, ""waiting_for_data"": true, ""kalman_data"": {""altitude"": 0, ""vertical_velocity"": 0}, ""kalman_altitude"": 0, ""kalman_vertical_velocity"": 0, ""communication_mode"": ""BEACON""}"
1768846106.634781,2026-01-19T21:08:26.634781,,,,,,,,,,,,,,,,,,,,,,,,,,BEACON,"{""type"": ""heartbeat"", ""uptime"": 129317, ""device_id"": ""ESP32:N4_BASE_BT_1"", ""xbee_enabled"": true, ""waiting_for_data"": true, ""kalman_data"": {""altitude"": 0, ""vertical_velocity"": 0}, ""kalman_altitude"": 0, ""kalman_vertical_velocity"": 0, ""communication_mode"": ""BEACON""}"
1768846108.143364,2026-01-19T21:08:28.143364,,,,,,,,,,,,,,,,,,,,,,,,,,BEACON,"{""type"": ""heartbeat"", ""uptime"": 129830, ""device_id"": ""ESP32:N4_BASE_BT_1"", ""xbee_enabled"": true, ""waiting_for_data"": true, ""kalman_data"": {""altitude"": 0, ""vertical_velocity"": 0}, ""kalman_altitude"": 0, ""kalman_vertical_velocity"": 0, ""communication_mode"": ""BEACON""}"
1768846108.562755,2026-01-19T21:08:28.562755,,,,,,,,,,,,,,,,,,,,,,,,,,BEACON,"{""type"": ""heartbeat"", ""uptime"": 130343, ""device_id"": ""ESP32:N4_BASE_BT_1"", ""xbee_enabled"": true, ""waiting_for_data"": true, ""kalman_data"": {""altitude"": 0, ""vertical_velocity"": 0}, ""kalman_altitude"": 0, ""kalman_vertical_velocity"": 0, ""communication_mode"": ""BEACON""}"
1768846108.666732,2026-01-19T21:08:28.666732,,,,,,,,,,,,,,,,,,,,,,,,,,BEACON,"{""type"": ""heartbeat"", ""uptime"": 130856, ""device_id"": ""ESP32:N4_BASE_BT_1"", ""xbee_enabled"": true, ""waiting_for_data"": true, ""kalman_data"": {""altitude"": 0, ""vertical_velocity"": 0}, ""kalman_altitude"": 0, ""kalman_vertical_velocity"": 0, ""communication_mode"": ""BEACON""}"
1768846108.983624,2026-01-19T21:08:28.983624,,,,,,,,,,,,,,,,,,,,,,,,,,BEACON,"{""type"": ""heartbeat"", ""uptime"": 131369, ""device_id"": ""ESP32:N4_BASE_BT_1"", ""xbee_enabled"": true, ""waiting_for_data"": true, ""kalman_data"": {""altitude"": 0, ""vertical_velocity"": 0}, ""kalman_altitude"": 0, ""kalman_vertical_velocity"": 0, ""communication_mode"": ""BEACON""}"
1768846109.730649,2026-01-19T21:08:29.730649,,,,,,,,,,,,,,,,,,,,,,,,,,BEACON,"{""type"": ""heartbeat"", ""uptime"": 131882, ""device_id"": ""ESP32:N4_BASE_BT_1"", ""xbee_enabled"": true, ""waiting_for_data"": true, ""kalman_data"": {""altitude"": 0, ""vertical_velocity"": 0}, ""kalman_altitude"": 0, ""kalman_vertical_velocity"": 0, ""communication_mode"": ""BEACON""}"
1768846110.034856,2026-01-19T21:08:30.034856,,,,,,,,,,,,,,,,,,,,,,,,,,BEACON,"{""type"": ""heartbeat"", ""uptime"": 132395, ""device_id"": ""ESP32:N4_BASE_BT_1"", ""xbee_enabled"": true, ""waiting_for_data"": true, ""kalman_data"": {""altitude"": 0, ""vertical_velocity"": 0}, ""kalman_altitude"": 0, ""kalman_vertical_velocity"": 0, ""communication_mode"": ""BEACON""}"
1768846110.250441,2026-01-19T21:08:30.250441,,,,,,,,,,,,,,,,,,,,,,,,,,BEACON,"{""type"": ""heartbeat"", ""uptime"": 132908, ""device_id"": ""ESP32:N4_BASE_BT_1"", ""xbee_enabled"": true, ""waiting_for_data"": true, ""kalman_data"": {""altitude"": 0, ""vertical_velocity"": 0}, ""kalman_altitude"": 0, ""kalman_vertical_velocity"": 0, ""communication_mode"": ""BEACON""}"
1768846110.719444,2026-01-19T21:08:30.719444,,,,,,,,,,,,,,,,,,,,,,,,,,BEACON,"{""type"": ""heartbeat"", ""uptime"": 133421, ""device_id"": ""ESP32:N4_BASE_BT_1"", ""xbee_enabled"": true, ""waiting_for_data"": true, ""kalman_data"": {""altitude"": 0, ""vertical_velocity"": 0}, ""kalman_altitude"": 0, ""kalman_vertical_velocity"": 0, ""communication_mode"": ""BEACON""}"
1768846111.713644,2026-01-19T21:08:31.713644,,,,,,,,,,,,,,,,,,,,,,,,,,BEACON,"{""type"": ""heartbeat"", ""uptime"": 133934, ""device_id"": ""ESP32:N4_BASE_BT_1"", ""xbee_enabled"": true, ""waiting_for_data"": true, ""kalman_data"": {""altitude"": 0, ""vertical_velocity"": 0}, ""kalman_altitude"": 0, ""kalman_vertical_velocity"": 0, ""communication_mode"": ""BEACON""}"
1768846111.902805,2026-01-19T21:08:31.902805,,,,,,,,,,,,,,,,,,,,,,,,,,BEACON,"{""type"": ""heartbeat"", ""uptime"": 134447, ""device_id"": ""ESP32:N4_BASE_BT_1"", ""xbee_enabled"": true, ""waiting_for_data"": true, ""kalman_data"": {""altitude"": 0, ""vertical_velocity"": 0}, ""kalman_altitude"": 0, ""kalman_vertical_velocity"": 0, ""communication_mode"": ""BEACON""}"
1768846112.496862,2026-01-19T21:08:32.496862,,,,,,,,,,,,,,,,,,,,,,,,,,BEACON,"{""type"": ""heartbeat"", ""uptime"": 134960, ""device_id"": ""ESP32:N4_BASE_BT_1"", ""xbee_enabled"": true, ""waiting_for_data"": true, ""kalman_data"": {""altitude"": 0, ""vertical_velocity"": 0}, ""kalman_altitude"": 0, ""kalman_vertical_velocity"": 0, ""communication_mode"": ""BEACON""}"
1768846112.911971,2026-01-19T21:08:32.911971,,,,,,,,,,,,,,,,,,,,,,,,,,BEACON,"{""type"": ""heartbeat"", ""uptime"": 135473, ""device_id"": ""ESP32:N4_BASE_BT_1"", ""xbee_enabled"": true, ""waiting_for_data"": true, ""kalman_data"": {""altitude"": 0, ""vertical_velocity"": 0}, ""kalman_altitude"": 0, ""kalman_vertical_velocity"": 0, ""communication_mode"": ""BEACON""}"
1768846113.476441,2026-01-19T21:08:33.476441,,,,,,,,,,,,,,,,,,,,,,,,,,BEACON,"{""type"": ""heartbeat"", ""uptime"": 135986, ""device_id"": ""ESP32:N4_BASE_BT_1"", ""xbee_enabled"": true, ""waiting_for_data"": true, ""kalman_data"": {""altitude"": 0, ""vertical_velocity"": 0}, ""kalman_altitude"": 0, ""kalman_vertical_velocity"": 0, ""communication_mode"": ""BEACON""}"
1768846113.748635,2026-01-19T21:08:33.748635,,,,,,,,,,,,,,,,,,,,,,,,,,BEACON,"{""type"": ""heartbeat"", ""uptime"": 136500, ""device_id"": ""ESP32:N4_BASE_BT_1"", ""xbee_enabled"": true, ""waiting_for_data"": true, ""kalman_data"": {""altitude"": 0, ""vertical_velocity"": 0}, ""kalman_altitude"": 0, ""kalman_vertical_velocity"": 0, ""communication_mode"": ""BEACON""}"
1768846114.403792,2026-01-19T21:08:34.403792,,,,,,,,,,,,,,,,,,,,,,,,,,BEACON,"{""type"": ""heartbeat"", ""uptime"": 137013, ""device_id"": ""ESP32:N4_BASE_BT_1"", ""xbee_enabled"": true, ""waiting_for_data"": true, ""kalman_data"": {""altitude"": 0, ""vertical_velocity"": 0}, ""kalman_altitude"": 0, ""kalman_vertical_velocity"": 0, ""communication_mode"": ""BEACON""}"
1768846115.799239,2026-01-19T21:08:35.799239,,,,,,,,,,,,,,,,,,,,,,,,,,BEACON,"{""type"": ""heartbeat"", ""uptime"": 137526, ""device_id"": ""ESP32:N4_BASE_BT_1"", ""xbee_enabled"": true, ""waiting_for_data"": true, ""kalman_data"": {""altitude"": 0, ""vertical_velocity"": 0}, ""kalman_altitude"": 0, ""kalman_vertical_velocity"": 0, ""communication_mode"": ""BEACON""}"
1768846116.003816,2026-01-19T21:08:36.003816,,,,,,,,,,,,,,,,,,,,,,,,,,BEACON,"{""type"": ""heartbeat"", ""uptime"": 138553, ""device_id"": ""ESP32:N4_BASE_BT_1"", ""xbee_enabled"": true, ""waiting_for_data"": true, ""kalman_data"": {""altitude"": 0, ""vertical_velocity"": 0}, ""kalman_altitude"": 0, ""kalman_vertical_velocity"": 0, ""communication_mode"": ""BEACON""}"
1768846116.481045,2026-01-19T21:08:36.481045,,,,,,,,,,,,,,,,,,,,,,,,,,BEACON,"{""type"": ""heartbeat"", ""uptime"": 139066, ""device_id"": ""ESP32:N4_BASE_BT_1"", ""xbee_enabled"": true, ""waiting_for_data"": true, ""kalman_data"": {""altitude"": 0, ""vertical_velocity"": 0}, ""kalman_altitude"": 0, ""kalman_vertical_velocity"": 0, ""communication_mode"": ""BEACON""}"
1768846117.930311,2026-01-19T21:08:37.930311,,,,,,,,,,,,,,,,,,,,,,,,,,BEACON,"{""type"": ""heartbeat"", ""uptime"": 140606, ""device_id"": ""ESP32:N4_BASE_BT_1"", ""xbee_enabled"": true, ""waiting_for_data"": true, ""kalman_data"": {""altitude"": 0, ""vertical_velocity"": 0}, ""kalman_altitude"": 0, ""kalman_vertical_velocity"": 0, ""communication_mode"": ""BEACON""}"
1768846118.630643,2026-01-19T21:08:38.630643,,,,,,,,,,,,,,,,,,,,,,,,,,BEACON,"{""type"": ""heartbeat"", ""uptime"": 141119, ""device_id"": ""ESP32:N4_BASE_BT_1"", ""xbee_enabled"": true, ""waiting_for_data"": true, ""kalman_data"": {""altitude"": 0, ""vertical_velocity"": 0}, ""kalman_altitude"": 0, ""kalman_vertical_velocity"": 0, ""communication_mode"": ""BEACON""}"
1768846119.42387,2026-01-19T21:08:39.423870,,,,,,,,,,,,,,,,,,,,,,,,,,BEACON,"{""type"": ""heartbeat"", ""uptime"": 142146, ""device_id"": ""ESP32:N4_BASE_BT_1"", ""xbee_enabled"": true, ""waiting_for_data"": true, ""kalman_data"": {""altitude"": 0, ""vertical_velocity"": 0}, ""kalman_altitude"": 0, ""kalman_vertical_velocity"": 0, ""communication_mode"": ""BEACON""}"
1768846121.041877,2026-01-19T21:08:41.041877,,,,,,,,,,,,,,,,,,,,,,,,,,BEACON,"{""type"": ""heartbeat"", ""uptime"": 143172, ""device_id"": ""ESP32:N4_BASE_BT_1"", ""xbee_enabled"": true, ""waiting_for_data"": true, ""kalman_data"": {""altitude"": 0, ""vertical_velocity"": 0}, ""kalman_altitude"": 0, ""kalman_vertical_velocity"": 0, ""communication_mode"": ""BEACON""}"
1768846121.35029,2026-01-19T21:08:41.350290,,,,,,,,,,,,,,,,,,,,,,,,,,BEACON,"{""type"": ""heartbeat"", ""uptime"": 143685, ""device_id"": ""ESP32:N4_BASE_BT_1"", ""xbee_enabled"": true, ""waiting_for_data"": true, ""kalman_data"": {""altitude"": 0, ""vertical_velocity"": 0}, ""kalman_altitude"": 0, ""kalman_vertical_velocity"": 0, ""communication_mode"": ""BEACON""}"
1768846123.08607,2026-01-19T21:08:43.086070,,,,,,,,,,,,,,,,,,,,,,,,,,BEACON,"{""type"": ""heartbeat"", ""uptime"": 144198, ""device_id"": ""ESP32:N4_BASE_BT_1"", ""xbee_enabled"": true, ""waiting_for_data"": true, ""kalman_data"": {""altitude"": 0, ""vertical_velocity"": 0}, ""kalman_altitude"": 0, ""kalman_vertical_velocity"": 0, ""communication_mode"": ""BEACON""}"
1768846124.034501,2026-01-19T21:08:44.034501,,,,,,,,,,,,,,,,,,,,,,,,,,BEACON,"{""type"": ""heartbeat"", ""uptime"": 144711, ""device_id"": ""ESP32:N4_BASE_BT_1"", ""xbee_enabled"": true, ""waiting_for_data"": true, ""kalman_data"": {""altitude"": 0, ""vertical_velocity"": 0}, ""kalman_altitude"": 0, ""kalman_vertical_velocity"": 0, ""communication_mode"": ""BEACON""}"
1768846125.165234,2026-01-19T21:08:45.165234,,,,,,,,,,,,,,,,,,,,,,,,,,BEACON,"{""type"": ""heartbeat"", ""uptime"": 145224, ""device_id"": ""ESP32:N4_BASE_BT_1"", ""xbee_enabled"": true, ""waiting_for_data"": true, ""kalman_data"": {""altitude"": 0, ""vertical_velocity"": 0}, ""kalman_altitude"": 0, ""kalman_vertical_velocity"": 0, ""communication_mode"": ""BEACON""}"
1768846128.218624,2026-01-19T21:08:48.218624,,,,,,,,,,,,,,,,,,,,,,,,,,BEACON,"{""type"": ""heartbeat"", ""uptime"": 145737, ""device_id"": ""ESP32:N4_BASE_BT_1"", ""xbee_enabled"": true, ""waiting_for_data"": true, ""kalman_data"": {""altitude"": 0, ""vertical_velocity"": 0}, ""kalman_altitude"": 0, ""kalman_vertical_velocity"": 0, ""communication_mode"": ""BEACON""}"
1768846130.01458,2026-01-19T21:08:50.014580,,,,,,,,,,,,,,,,,,,,,,,,,,BEACON,"{""type"": ""heartbeat"", ""uptime"": 146250, ""device_id"": ""ESP32:N4_BASE_BT_1"", ""xbee_enabled"": true, ""waiting_for_data"": true, ""kalman_data"": {""altitude"": 0, ""vertical_velocity"": 0}, ""kalman_altitude"": 0, ""kalman_vertical_velocity"": 0, ""communication_mode"": ""BEACON""}"
1768846134.093485,2026-01-19T21:08:54.093485,,,,,,,,,,,,,,,,,,,,,,,,,,BEACON,"{""type"": ""heartbeat"", ""uptime"": 146763, ""device_id"": ""ESP32:N4_BASE_BT_1"", ""xbee_enabled"": true, ""waiting_for_data"": true, ""kalman_data"": {""altitude"": 0, ""vertical_velocity"": 0}, ""kalman_altitude"": 0, ""kalman_vertical_velocity"": 0, ""communication_mode"": ""BEACON""}"
1768846135.448046,2026-01-19T21:08:55.448046,,,,,,,,,,,,,,,,,,,,,,,,,,BEACON,"{""type"": ""heartbeat"", ""uptime"": 147276, ""device_id"": ""ESP32:N4_BASE_BT_1"", ""xbee_enabled"": true, ""waiting_for_data"": true, ""kalman_data"": {""altitude"": 0, ""vertical_velocity"": 0}, ""kalman_altitude"": 0, ""kalman_vertical_velocity"": 0, ""communication_mode"": ""BEACON""}"
1768846135.915525,2026-01-19T21:08:55.915525,,,,,,,,,,,,,,,,,,,,,,,,,,BEACON,"{""type"": ""heartbeat"", ""uptime"": 147789, ""device_id"": ""ESP32:N4_BASE_BT_1"", ""xbee_enabled"": true, ""waiting_for_data"": true, ""kalman_data"": {""altitude"": 0, ""vertical_velocity"": 0}, ""kalman_altitude"": 0, ""kalman_vertical_velocity"": 0, ""communication_mode"": ""BEACON""}"
1768846136.59573,2026-01-19T21:08:56.595730,,,,,,,,,,,,,,,,,,,,,,,,,,BEACON,"{""type"": ""heartbeat"", ""uptime"": 148302, ""device_id"": ""ESP32:N4_BASE_BT_1"", ""xbee_enabled"": true, ""waiting_for_data"": true, ""kalman_data"": {""altitude"": 0, ""vertical_velocity"": 0}, ""kalman_altitude"": 0, ""kalman_vertical_velocity"": 0, ""communication_mode"": ""BEACON""}"
1768846137.264338,2026-01-19T21:08:57.264338,,,,,,,,,,,,,,,,,,,,,,,,,,BEACON,"{""type"": ""heartbeat"", ""uptime"": 148815, ""device_id"": ""ESP32:N4_BASE_BT_1"", ""xbee_enabled"": true, ""waiting_for_data"": true, ""kalman_data"": {""altitude"": 0, ""vertical_velocity"": 0}, ""kalman_altitude"": 0, ""kalman_vertical_velocity"": 0, ""communication_mode"": ""BEACON""}"
1768846137.598331,2026-01-19T21:08:57.598331,,,,,,,,,,,,,,,,,,,,,,,,,,BEACON,"{""type"": ""heartbeat"", ""uptime"": 149328, ""device_id"": ""ESP32:N4_BASE_BT_1"", ""xbee_enabled"": true, ""waiting_for_data"": true, ""kalman_data"": {""altitude"": 0, ""vertical_velocity"": 0}, ""kalman_altitude"": 0, ""kalman_vertical_velocity"": 0, ""communication_mode"": ""BEACON""}"
1768846137.725383,2026-01-19T21:08:57.725383,,,,,,,,,,,,,,,,,,,,,,,,,,BEACON,"{""type"": ""heartbeat"", ""uptime"": 149841, ""device_id"": ""ESP32:N4_BASE_BT_1"", ""xbee_enabled"": true, ""waiting_for_data"": true, ""kalman_data"": {""altitude"": 0, ""vertical_velocity"": 0}, ""kalman_altitude"": 0, ""kalman_vertical_velocity"": 0, ""communication_mode"": ""BEACON""}"
1768846137.793503,2026-01-19T21:08:57.793503,,,,,,,,,,,,,,,,,,,,,,,,,,BEACON,"{""type"": ""heartbeat"", ""uptime"": 150354, ""device_id"": ""ESP32:N4_BASE_BT_1"", ""xbee_enabled"": true, ""waiting_for_data"": true, ""kalman_data"": {""altitude"": 0, ""vertical_velocity"": 0}, ""kalman_altitude"": 0, ""kalman_vertical_velocity"": 0, ""communication_mode"": ""BEACON""}"
1768846137.897938,2026-01-19T21:08:57.897938,,,,,,,,,,,,,,,,,,,,,,,,,,BEACON,"{""type"": ""heartbeat"", ""uptime"": 150867, ""device_id"": ""ESP32:N4_BASE_BT_1"", ""xbee_enabled"": true, ""waiting_for_data"": true, ""kalman_data"": {""altitude"": 0, ""vertical_velocity"": 0}, ""kalman_altitude"": 0, ""kalman_vertical_velocity"": 0, ""communication_mode"": ""BEACON""}"
1768846138.048932,2026-01-19T21:08:58.048932,,,,,,,,,,,,,,,,,,,,,,,,,,BEACON,"{""type"": ""heartbeat"", ""uptime"": 151380, ""device_id"": ""ESP32:N4_BASE_BT_1"", ""xbee_enabled"": true, ""waiting_for_data"": true, ""kalman_data"": {""altitude"": 0, ""vertical_velocity"": 0}, ""kalman_altitude"": 0, ""kalman_vertical_velocity"": 0, ""communication_mode"": ""BEACON""}"
1768846138.46247,2026-01-19T21:08:58.462470,,,,,,,,,,,,,,,,,,,,,,,,,,BEACON,"{""type"": ""heartbeat"", ""uptime"": 151893, ""device_id"": ""ESP32:N4_BASE_BT_1"", ""xbee_enabled"": true, ""waiting_for_data"": true, ""kalman_data"": {""altitude"": 0, ""vertical_velocity"": 0}, ""kalman_altitude"": 0, ""kalman_vertical_velocity"": 0, ""communication_mode"": ""BEACON""}"
1768846138.607468,2026-01-19T21:08:58.607468,,,,,,,,,,,,,,,,,,,,,,,,,,BEACON,"{""type"": ""heartbeat"", ""uptime"": 152406, ""device_id"": ""ESP32:N4_BASE_BT_1"", ""xbee_enabled"": true, ""waiting_for_data"": true, ""kalman_data"": {""altitude"": 0, ""vertical_velocity"": 0}, ""kalman_altitude"": 0, ""kalman_vertical_velocity"": 0, ""communication_mode"": ""BEACON""}"
1768846138.767105,2026-01-19T21:08:58.767105,,,,,,,,,,,,,,,,,,,,,,,,,,BEACON,"{""type"": ""heartbeat"", ""uptime"": 152919, ""device_id"": ""ESP32:N4_BASE_BT_1"", ""xbee_enabled"": true, ""waiting_for_data"": true, ""kalman_data"": {""altitude"": 0, ""vertical_velocity"": 0}, ""kalman_altitude"": 0, ""kalman_vertical_velocity"": 0, ""communication_mode"": ""BEACON""}"
1768846139.200148,2026-01-19T21:08:59.200148,,,,,,,,,,,,,,,,,,,,,,,,,,BEACON,"{""type"": ""heartbeat"", ""uptime"": 153432, ""device_id"": ""ESP32:N4_BASE_BT_1"", ""xbee_enabled"": true, ""waiting_for_data"": true, ""kalman_data"": {""altitude"": 0, ""vertical_velocity"": 0}, ""kalman_altitude"": 0, ""kalman_vertical_velocity"": 0, ""communication_mode"": ""BEACON""}"
1768846139.748285,2026-01-19T21:08:59.748285,,,,,,,,,,,,,,,,,,,,,,,,,,BEACON,"{""type"": ""heartbeat"", ""uptime"": 153945, ""device_id"": ""ESP32:N4_BASE_BT_1"", ""xbee_enabled"": true, ""waiting_for_data"": true, ""kalman_data"": {""altitude"": 0, ""vertical_velocity"": 0}, ""kalman_altitude"": 0, ""kalman_vertical_velocity"": 0, ""communication_mode"": ""BEACON""}"
1768846139.996027,2026-01-19T21:08:59.996027,,,,,,,,,,,,,,,,,,,,,,,,,,BEACON,"{""type"": ""heartbeat"", ""uptime"": 154458, ""device_id"": ""ESP32:N4_BASE_BT_1"", ""xbee_enabled"": true, ""waiting_for_data"": true, ""kalman_data"": {""altitude"": 0, ""vertical_velocity"": 0}, ""kalman_altitude"": 0, ""kalman_vertical_velocity"": 0, ""communication_mode"": ""BEACON""}"
1768846140.417047,2026-01-19T21:09:00.417047,,,,,,,,,,,,,,,,,,,,,,,,,,BEACON,"{""type"": ""heartbeat"", ""uptime"": 154971, ""device_id"": ""ESP32:N4_BASE_BT_1"", ""xbee_enabled"": true, ""waiting_for_data"": true, ""kalman_data"": {""altitude"": 0, ""vertical_velocity"": 0}, ""kalman_altitude"": 0, ""kalman_vertical_velocity"": 0, ""communication_mode"": ""BEACON""}"
1768846140.883126,2026-01-19T21:09:00.883126,,,,,,,,,,,,,,,,,,,,,,,,,,BEACON,"{""type"": ""heartbeat"", ""uptime"": 155484, ""device_id"": ""ESP32:N4_BASE_BT_1"", ""xbee_enabled"": true, ""waiting_for_data"": true, ""kalman_data"": {""altitude"": 0, ""vertical_velocity"": 0}, ""kalman_altitude"": 0, ""kalman_vertical_velocity"": 0, ""communication_mode"": ""BEACON""}"
1768846141.36583,2026-01-19T21:09:01.365830,,,,,,,,,,,,,,,,,,,,,,,,,,BEACON,"{""type"": ""heartbeat"", ""uptime"": 155997, ""device_id"": ""ESP32:N4_BASE_BT_1"", ""xbee_enabled"": true, ""waiting_for_data"": true, ""kalman_data"": {""altitude"": 0, ""vertical_velocity"": 0}, ""kalman_altitude"": 0, ""kalman_vertical_velocity"": 0, ""communication_mode"": ""BEACON""}"
1768846142.396724,2026-01-19T21:09:02.396724,,,,,,,,,,,,,,,,,,,,,,,,,,BEACON,"{""type"": ""heartbeat"", ""uptime"": 156510, ""device_id"": ""ESP32:N4_BASE_BT_1"", ""xbee_enabled"": true, ""waiting_for_data"": true, ""kalman_data"": {""altitude"": 0, ""vertical_velocity"": 0}, ""kalman_altitude"": 0, ""kalman_vertical_velocity"": 0, ""communication_mode"": ""BEACON""}"
1768846142.864377,2026-01-19T21:09:02.864377,,,,,,,,,,,,,,,,,,,,,,,,,,BEACON,"{""type"": ""heartbeat"", ""uptime"": 157023, ""device_id"": ""ESP32:N4_BASE_BT_1"", ""xbee_enabled"": true, ""waiting_for_data"": true, ""kalman_data"": {""altitude"": 0, ""vertical_velocity"": 0}, ""kalman_altitude"": 0, ""kalman_vertical_velocity"": 0, ""communication_mode"": ""BEACON""}"
1768846143.064618,2026-01-19T21:09:03.064618,,,,,,,,,,,,,,,,,,,,,,,,,,BEACON,"{""type"": ""heartbeat"", ""uptime"": 157536, ""device_id"": ""ESP32:N4_BASE_BT_1"", ""xbee_enabled"": true, ""waiting_for_data"": true, ""kalman_data"": {""altitude"": 0, ""vertical_velocity"": 0}, ""kalman_altitude"": 0, ""kalman_vertical_velocity"": 0, ""communication_mode"": ""BEACON""}"
1768846143.259699,2026-01-19T21:09:03.259699,,,,,,,,,,,,,,,,,,,,,,,,,,BEACON,"{""type"": ""heartbeat"", ""uptime"": 158049, ""device_id"": ""ESP32:N4_BASE_BT_1"", ""xbee_enabled"": true, ""waiting_for_data"": true, ""kalman_data"": {""altitude"": 0, ""vertical_velocity"": 0}, ""kalman_altitude"": 0, ""kalman_vertical_velocity"": 0, ""communication_mode"": ""BEACON""}"
1768846143.827626,2026-01-19T21:09:03.827626,,,,,,,,,,,,,,,,,,,,,,,,,,BEACON,"{""type"": ""heartbeat"", ""uptime"": 158562, ""device_id"": ""ESP32:N4_BASE_BT_1"", ""xbee_enabled"": true, ""waiting_for_data"": true, ""kalman_data"": {""altitude"": 0, ""vertical_velocity"": 0}, ""kalman_altitude"": 0, ""kalman_vertical_velocity"": 0, ""communication_mode"": ""BEACON""}"
1768846144.18817,2026-01-19T21:09:04.188170,,,,,,,,,,,,,,,,,,,,,,,,,,BEACON,"{""type"": ""heartbeat"", ""uptime"": 159075, ""device_id"": ""ESP32:N4_BASE_BT_1"", ""xbee_enabled"": true, ""waiting_for_data"": true, ""kalman_data"": {""altitude"": 0, ""vertical_velocity"": 0}, ""kalman_altitude"": 0, ""kalman_vertical_velocity"": 0, ""communication_mode"": ""BEACON""}"
1768846144.645337,2026-01-19T21:09:04.645337,,,,,,,,,,,,,,,,,,,,,,,,,,BEACON,"{""type"": ""heartbeat"", ""uptime"": 159588, ""device_id"": ""ESP32:N4_BASE_BT_1"", ""xbee_enabled"": true, ""waiting_for_data"": true, ""kalman_data"": {""altitude"": 0, ""vertical_velocity"": 0}, ""kalman_altitude"": 0, ""kalman_vertical_velocity"": 0, ""communication_mode"": ""BEACON""}"
1768846144.930007,2026-01-19T21:09:04.930007,,,,,,,,,,,,,,,,,,,,,,,,,,BEACON,"{""type"": ""heartbeat"", ""uptime"": 160101, ""device_id"": ""ESP32:N4_BASE_BT_1"", ""xbee_enabled"": true, ""waiting_for_data"": true, ""kalman_data"": {""altitude"": 0, ""vertical_velocity"": 0}, ""kalman_altitude"": 0, ""kalman_vertical_velocity"": 0, ""communication_mode"": ""BEACON""}"
1768846145.232804,2026-01-19T21:09:05.232804,,,,,,,,,,,,,,,,,,,,,,,,,,BEACON,"{""type"": ""heartbeat"", ""uptime"": 160614, ""device_id"": ""ESP32:N4_BASE_BT_1"", ""xbee_enabled"": true, ""waiting_for_data"": true, ""kalman_data"": {""altitude"": 0, ""vertical_velocity"": 0}, ""kalman_altitude"": 0, ""kalman_vertical_velocity"": 0, ""communication_mode"": ""BEACON""}"
1768846145.74611,2026-01-19T21:09:05.746110,,,,,,,,,,,,,,,,,,,,,,,,,,BEACON,"{""type"": ""heartbeat"", ""uptime"": 161127, ""device_id"": ""ESP32:N4_BASE_BT_1"", ""xbee_enabled"": true, ""waiting_for_data"": true, ""kalman_data"": {""altitude"": 0, ""vertical_velocity"": 0}, ""kalman_altitude"": 0, ""kalman_vertical_velocity"": 0, ""communication_mode"": ""BEACON""}"
1768846146.06585,2026-01-19T21:09:06.065850,,,,,,,,,,,,,,,,,,,,,,,,,,BEACON,"{""type"": ""heartbeat"", ""uptime"": 161640, ""device_id"": ""ESP32:N4_BASE_BT_1"", ""xbee_enabled"": true, ""waiting_for_data"": true, ""kalman_data"": {""altitude"": 0, ""vertical_velocity"": 0}, ""kalman_altitude"": 0, ""kalman_vertical_velocity"": 0, ""communication_mode"": ""BEACON""}"
1768846146.210355,2026-01-19T21:09:06.210355,,,,,,,,,,,,,,,,,,,,,,,,,,BEACON,"{""type"": ""heartbeat"", ""uptime"": 162153, ""device_id"": ""ESP32:N4_BASE_BT_1"", ""xbee_enabled"": true, ""waiting_for_data"": true, ""kalman_data"": {""altitude"": 0, ""vertical_velocity"": 0}, ""kalman_altitude"": 0, ""kalman_vertical_velocity"": 0, ""communication_mode"": ""BEACON""}"
1768846146.598376,2026-01-19T21:09:06.598376,,,,,,,,,,,,,,,,,,,,,,,,,,BEACON,"{""type"": ""heartbeat"", ""uptime"": 162666, ""device_id"": ""ESP32:N4_BASE_BT_1"", ""xbee_enabled"": true, ""waiting_for_data"": true, ""kalman_data"": {""altitude"": 0, ""vertical_velocity"": 0}, ""kalman_altitude"": 0, ""kalman_vertical_velocity"": 0, ""communication_mode"": ""BEACON""}"
1768846146.840388,2026-01-19T21:09:06.840388,,,,,,,,,,,,,,,,,,,,,,,,,,BEACON,"{""type"": ""heartbeat"", ""uptime"": 163179, ""device_id"": ""ESP32:N4_BASE_BT_1"", ""xbee_enabled"": true, ""waiting_for_data"": true, ""kalman_data"": {""altitude"": 0, ""vertical_velocity"": 0}, ""kalman_altitude"": 0, ""kalman_vertical_velocity"": 0, ""communication_mode"": ""BEACON""}"
1768846147.16633,2026-01-19T21:09:07.166330,,,,,,,,,,,,,,,,,,,,,,,,,,BEACON,"{""type"": ""heartbeat"", ""uptime"": 163692, ""device_id"": ""ESP32:N4_BASE_BT_1"", ""xbee_enabled"": true, ""waiting_for_data"": true, ""kalman_data"": {""altitude"": 0, ""vertical_velocity"": 0}, ""kalman_altitude"": 0, ""kalman_vertical_velocity"": 0, ""communication_mode"": ""BEACON""}"
1768846147.915636,2026-01-19T21:09:07.915636,,,,,,,,,,,,,,,,,,,,,,,,,,BEACON,"{""type"": ""heartbeat"", ""uptime"": 164205, ""device_id"": ""ESP32:N4_BASE_BT_1"", ""xbee_enabled"": true, ""waiting_for_data"": true, ""kalman_data"": {""altitude"": 0, ""vertical_velocity"": 0}, ""kalman_altitude"": 0, ""kalman_vertical_velocity"": 0, ""communication_mode"": ""BEACON""}"
1768846148.597732,2026-01-19T21:09:08.597732,,,,,,,,,,,,,,,,,,,,,,,,,,BEACON,"{""type"": ""heartbeat"", ""uptime"": 164718, ""device_id"": ""ESP32:N4_BASE_BT_1"", ""xbee_enabled"": true, ""waiting_for_data"": true, ""kalman_data"": {""altitude"": 0, ""vertical_velocity"": 0}, ""kalman_altitude"": 0, ""kalman_vertical_velocity"": 0, ""communication_mode"": ""BEACON""}"
1768846149.065227,2026-01-19T21:09:09.065227,,,,,,,,,,,,,,,,,,,,,,,,,,BEACON,"{""type"": ""heartbeat"", ""uptime"": 165231, ""device_id"": ""ESP32:N4_BASE_BT_1"", ""xbee_enabled"": true, ""waiting_for_data"": true, ""kalman_data"": {""altitude"": 0, ""vertical_velocity"": 0}, ""kalman_altitude"": 0, ""kalman_vertical_velocity"": 0, ""communication_mode"": ""BEACON""}"
1768846149.461472,2026-01-19T21:09:09.461472,,,,,,,,,,,,,,,,,,,,,,,,,,BEACON,"{""type"": ""heartbeat"", ""uptime"": 165744, ""device_id"": ""ESP32:N4_BASE_BT_1"", ""xbee_enabled"": true, ""waiting_for_data"": true, ""kalman_data"": {""altitude"": 0, ""vertical_velocity"": 0}, ""kalman_altitude"": 0, ""kalman_vertical_velocity"": 0, ""communication_mode"": ""BEACON""}"
1768846149.84659,2026-01-19T21:09:09.846590,,,,,,,,,,,,,,,,,,,,,,,,,,BEACON,"{""type"": ""heartbeat"", ""uptime"": 166257, ""device_id"": ""ESP32:N4_BASE_BT_1"", ""xbee_enabled"": true, ""waiting_for_data"": true, ""kalman_data"": {""altitude"": 0, ""vertical_velocity"": 0}, ""kalman_altitude"": 0, ""kalman_vertical_velocity"": 0, ""communication_mode"": ""BEACON""}"
1768846150.431675,2026-01-19T21:09:10.431675,,,,,,,,,,,,,,,,,,,,,,,,,,BEACON,"{""type"": ""heartbeat"", ""uptime"": 166770, ""device_id"": ""ESP32:N4_BASE_BT_1"", ""xbee_enabled"": true, ""waiting_for_data"": true, ""kalman_data"": {""altitude"": 0, ""vertical_velocity"": 0}, ""kalman_altitude"": 0, ""kalman_vertical_velocity"": 0, ""communication_mode"": ""BEACON""}"
1768846150.646099,2026-01-19T21:09:10.646099,,,,,,,,,,,,,,,,,,,,,,,,,,BEACON,"{""type"": ""heartbeat"", ""uptime"": 167283, ""device_id"": ""ESP32:N4_BASE_BT_1"", ""xbee_enabled"": true, ""waiting_for_data"": true, ""kalman_data"": {""altitude"": 0, ""vertical_velocity"": 0}, ""kalman_altitude"": 0, ""kalman_vertical_velocity"": 0, ""communication_mode"": ""BEACON""}"
1768846150.848508,2026-01-19T21:09:10.848508,,,,,,,,,,,,,,,,,,,,,,,,,,BEACON,"{""type"": ""heartbeat"", ""uptime"": 167796, ""device_id"": ""ESP32:N4_BASE_BT_1"", ""xbee_enabled"": true, ""waiting_for_data"": true, ""kalman_data"": {""altitude"": 0, ""vertical_velocity"": 0}, ""kalman_altitude"": 0, ""kalman_vertical_velocity"": 0, ""communication_mode"": ""BEACON""}"
1768846151.159057,2026-01-19T21:09:11.159057,,,,,,,,,,,,,,,,,,,,,,,,,,BEACON,"{""type"": ""heartbeat"", ""uptime"": 168309, ""device_id"": ""ESP32:N4_BASE_BT_1"", ""xbee_enabled"": true, ""waiting_for_data"": true, ""kalman_data"": {""altitude"": 0, ""vertical_velocity"": 0}, ""kalman_altitude"": 0, ""kalman_vertical_velocity"": 0, ""communication_mode"": ""BEACON""}"
1768846151.713666,2026-01-19T21:09:11.713666,,,,,,,,,,,,,,,,,,,,,,,,,,BEACON,"{""type"": ""heartbeat"", ""uptime"": 168822, ""device_id"": ""ESP32:N4_BASE_BT_1"", ""xbee_enabled"": true, ""waiting_for_data"": true, ""kalman_data"": {""altitude"": 0, ""vertical_velocity"": 0}, ""kalman_altitude"": 0, ""kalman_vertical_velocity"": 0, ""communication_mode"": ""BEACON""}"
1768846152.0123,2026-01-19T21:09:12.012300,,,,,,,,,,,,,,,,,,,,,,,,,,BEACON,"{""type"": ""heartbeat"", ""uptime"": 169335, ""device_id"": ""ESP32:N4_BASE_BT_1"", ""xbee_enabled"": true, ""waiting_for_data"": true, ""kalman_data"": {""altitude"": 0, ""vertical_velocity"": 0}, ""kalman_altitude"": 0, ""kalman_vertical_velocity"": 0, ""communication_mode"": ""BEACON""}"
1768846152.20591,2026-01-19T21:09:12.205910,,,,,,,,,,,,,,,,,,,,,,,,,,BEACON,"{""type"": ""heartbeat"", ""uptime"": 169848, ""device_id"": ""ESP32:N4_BASE_BT_1"", ""xbee_enabled"": true, ""waiting_for_data"": true, ""kalman_data"": {""altitude"": 0, ""vertical_velocity"": 0}, ""kalman_altitude"": 0, ""kalman_vertical_velocity"": 0, ""communication_mode"": ""BEACON""}"
1768846152.504329,2026-01-19T21:09:12.504329,,,,,,,,,,,,,,,,,,,,,,,,,,BEACON,"{""type"": ""heartbeat"", ""uptime"": 170361, ""device_id"": ""ESP32:N4_BASE_BT_1"", ""xbee_enabled"": true, ""waiting_for_data"": true, ""kalman_data"": {""altitude"": 0, ""vertical_velocity"": 0}, ""kalman_altitude"": 0, ""kalman_vertical_velocity"": 0, ""communication_mode"": ""BEACON""}"
1768846152.775423,2026-01-19T21:09:12.775423,,,,,,,,,,,,,,,,,,,,,,,,,,BEACON,"{""type"": ""heartbeat"", ""uptime"": 170874, ""device_id"": ""ESP32:N4_BASE_BT_1"", ""xbee_enabled"": true, ""waiting_for_data"": true, ""kalman_data"": {""altitude"": 0, ""vertical_velocity"": 0}, ""kalman_altitude"": 0, ""kalman_vertical_velocity"": 0, ""communication_mode"": ""BEACON""}"
1768846153.427138,2026-01-19T21:09:13.427138,,,,,,,,,,,,,,,,,,,,,,,,,,BEACON,"{""type"": ""heartbeat"", ""uptime"": 171387, ""device_id"": ""ESP32:N4_BASE_BT_1"", ""xbee_enabled"": true, ""waiting_for_data"": true, ""kalman_data"": {""altitude"": 0, ""vertical_velocity"": 0}, ""kalman_altitude"": 0, ""kalman_vertical_velocity"": 0, ""communication_mode"": ""BEACON""}"
1768846155.614872,2026-01-19T21:09:15.614872,,,,,,,,,,,,,,,,,,,,,,,,,,BEACON,"{""type"": ""heartbeat"", ""uptime"": 171900, ""device_id"": ""ESP32:N4_BASE_BT_1"", ""xbee_enabled"": true, ""waiting_for_data"": true, ""kalman_data"": {""altitude"": 0, ""vertical_velocity"": 0}, ""kalman_altitude"": 0, ""kalman_vertical_velocity"": 0, ""communication_mode"": ""BEACON""}"
1768846156.405159,2026-01-19T21:09:16.405159,,,,,,,,,,,,,,,,,,,,,,,,,,BEACON,"{""type"": ""heartbeat"", ""uptime"": 172413, ""device_id"": ""ESP32:N4_BASE_BT_1"", ""xbee_enabled"": true, ""waiting_for_data"": true, ""kalman_data"": {""altitude"": 0, ""vertical_velocity"": 0}, ""kalman_altitude"": 0, ""kalman_vertical_velocity"": 0, ""communication_mode"": ""BEACON""}"
1768846156.797676,2026-01-19T21:09:16.797676,,,,,,,,,,,,,,,,,,,,,,,,,,BEACON,"{""type"": ""heartbeat"", ""uptime"": 172926, ""device_id"": ""ESP32:N4_BASE_BT_1"", ""xbee_enabled"": true, ""waiting_for_data"": true, ""kalman_data"": {""altitude"": 0, ""vertical_velocity"": 0}, ""kalman_altitude"": 0, ""kalman_vertical_velocity"": 0, ""communication_mode"": ""BEACON""}"
1768846157.354159,2026-01-19T21:09:17.354159,,,,,,,,,,,,,,,,,,,,,,,,,,BEACON,"{""type"": ""heartbeat"", ""uptime"": 173439, ""device_id"": ""ESP32:N4_BASE_BT_1"", ""xbee_enabled"": true, ""waiting_for_data"": true, ""kalman_data"": {""altitude"": 0, ""vertical_velocity"": 0}, ""kalman_altitude"": 0, ""kalman_vertical_velocity"": 0, ""communication_mode"": ""BEACON""}"
1768846157.746795,2026-01-19T21:09:17.746795,,,,,,,,,,,,,,,,,,,,,,,,,,BEACON,"{""type"": ""heartbeat"", ""uptime"": 173952, ""device_id"": ""ESP32:N4_BASE_BT_1"", ""xbee_enabled"": true, ""waiting_for_data"": true, ""kalman_data"": {""altitude"": 0, ""vertical_velocity"": 0}, ""kalman_altitude"": 0, ""kalman_vertical_velocity"": 0, ""communication_mode"": ""BEACON""}"
1768846158.039285,2026-01-19T21:09:18.039285,,,,,,,,,,,,,,,,,,,,,,,,,,BEACON,"{""type"": ""heartbeat"", ""uptime"": 174465, ""device_id"": ""ESP32:N4_BASE_BT_1"", ""xbee_enabled"": true, ""waiting_for_data"": true, ""kalman_data"": {""altitude"": 0, ""vertical_velocity"": 0}, ""kalman_altitude"": 0, ""kalman_vertical_velocity"": 0, ""communication_mode"": ""BEACON""}"
1768846158.229859,2026-01-19T21:09:18.229859,,,,,,,,,,,,,,,,,,,,,,,,,,BEACON,"{""type"": ""heartbeat"", ""uptime"": 174978, ""device_id"": ""ESP32:N4_BASE_BT_1"", ""xbee_enabled"": true, ""waiting_for_data"": true, ""kalman_data"": {""altitude"": 0, ""vertical_velocity"": 0}, ""kalman_altitude"": 0, ""kalman_vertical_velocity"": 0, ""communication_mode"": ""BEACON""}"
1768846158.730024,2026-01-19T21:09:18.730024,,,,,,,,,,,,,,,,,,,,,,,,,,BEACON,"{""type"": ""heartbeat"", ""uptime"": 175491, ""device_id"": ""ESP32:N4_BASE_BT_1"", ""xbee_enabled"": true, ""waiting_for_data"": true, ""kalman_data"": {""altitude"": 0, ""vertical_velocity"": 0}, ""kalman_altitude"": 0, ""kalman_vertical_velocity"": 0, ""communication_mode"": ""BEACON""}"
1768846160.198095,2026-01-19T21:09:20.198095,,,,,,,,,,,,,,,,,,,,,,,,,,BEACON,"{""type"": ""heartbeat"", ""uptime"": 176004, ""device_id"": ""ESP32:N4_BASE_BT_1"", ""xbee_enabled"": true, ""waiting_for_data"": true, ""kalman_data"": {""altitude"": 0, ""vertical_velocity"": 0}, ""kalman_altitude"": 0, ""kalman_vertical_velocity"": 0, ""communication_mode"": ""BEACON""}"
1768846160.878166,2026-01-19T21:09:20.878166,,,,,,,,,,,,,,,,,,,,,,,,,,BEACON,"{""type"": ""heartbeat"", ""uptime"": 176517, ""device_id"": ""ESP32:N4_BASE_BT_1"", ""xbee_enabled"": true, ""waiting_for_data"": true, ""kalman_data"": {""altitude"": 0, ""vertical_velocity"": 0}, ""kalman_altitude"": 0, ""kalman_vertical_velocity"": 0, ""communication_mode"": ""BEACON""}"
1768846161.193231,2026-01-19T21:09:21.193231,,,,,,,,,,,,,,,,,,,,,,,,,,BEACON,"{""type"": ""heartbeat"", ""uptime"": 177030, ""device_id"": ""ESP32:N4_BASE_BT_1"", ""xbee_enabled"": true, ""waiting_for_data"": true, ""kalman_data"": {""altitude"": 0, ""vertical_velocity"": 0}, ""kalman_altitude"": 0, ""kalman_vertical_velocity"": 0, ""communication_mode"": ""BEACON""}"
1768846161.547288,2026-01-19T21:09:21.547288,,,,,,,,,,,,,,,,,,,,,,,,,,BEACON,"{""type"": ""heartbeat"", ""uptime"": 177543, ""device_id"": ""ESP32:N4_BASE_BT_1"", ""xbee_enabled"": true, ""waiting_for_data"": true, ""kalman_data"": {""altitude"": 0, ""vertical_velocity"": 0}, ""kalman_altitude"": 0, ""kalman_vertical_velocity"": 0, ""communication_mode"": ""BEACON""}"
1768846162.81344,2026-01-19T21:09:22.813440,,,,,,,,,,,,,,,,,,,,,,,,,,BEACON,"{""type"": ""heartbeat"", ""uptime"": 178056, ""device_id"": ""ESP32:N4_BASE_BT_1"", ""xbee_enabled"": true, ""waiting_for_data"": true, ""kalman_data"": {""altitude"": 0, ""vertical_velocity"": 0}, ""kalman_altitude"": 0, ""kalman_vertical_velocity"": 0, ""communication_mode"": ""BEACON""}"
1768846163.364529,2026-01-19T21:09:23.364529,,,,,,,,,,,,,,,,,,,,,,,,,,BEACON,"{""type"": ""heartbeat"", ""uptime"": 178569, ""device_id"": ""ESP32:N4_BASE_BT_1"", ""xbee_enabled"": true, ""waiting_for_data"": true, ""kalman_data"": {""altitude"": 0, ""vertical_velocity"": 0}, ""kalman_altitude"": 0, ""kalman_vertical_velocity"": 0, ""communication_mode"": ""BEACON""}"
1768846163.622828,2026-01-19T21:09:23.622828,,,,,,,,,,,,,,,,,,,,,,,,,,BEACON,"{""type"": ""heartbeat"", ""uptime"": 179082, ""device_id"": ""ESP32:N4_BASE_BT_1"", ""xbee_enabled"": true, ""waiting_for_data"": true, ""kalman_data"": {""altitude"": 0, ""vertical_velocity"": 0}, ""kalman_altitude"": 0, ""kalman_vertical_velocity"": 0, ""communication_mode"": ""BEACON""}"
1768846163.876154,2026-01-19T21:09:23.876154,,,,,,,,,,,,,,,,,,,,,,,,,,BEACON,"{""type"": ""heartbeat"", ""uptime"": 179595, ""device_id"": ""ESP32:N4_BASE_BT_1"", ""xbee_enabled"": true, ""waiting_for_data"": true, ""kalman_data"": {""altitude"": 0, ""vertical_velocity"": 0}, ""kalman_altitude"": 0, ""kalman_vertical_velocity"": 0, ""communication_mode"": ""BEACON""}"
1768846164.10867,2026-01-19T21:09:24.108670,,,,,,,,,,,,,,,,,,,,,,,,,,BEACON,"{""type"": ""heartbeat"", ""uptime"": 180108, ""device_id"": ""ESP32:N4_BASE_BT_1"", ""xbee_enabled"": true, ""waiting_for_data"": true, ""kalman_data"": {""altitude"": 0, ""vertical_velocity"": 0}, ""kalman_altitude"": 0, ""kalman_vertical_velocity"": 0, ""communication_mode"": ""BEACON""}"
1768846165.880319,2026-01-19T21:09:25.880319,,,,,,,,,,,,,,,,,,,,,,,,,,BEACON,"{""type"": ""heartbeat"", ""uptime"": 180621, ""device_id"": ""ESP32:N4_BASE_BT_1"", ""xbee_enabled"": true, ""waiting_for_data"": true, ""kalman_data"": {""altitude"": 0, ""vertical_velocity"": 0}, ""kalman_altitude"": 0, ""kalman_vertical_velocity"": 0, ""communication_mode"": ""BEACON""}"
1768846166.479445,2026-01-19T21:09:26.479445,,,,,,,,,,,,,,,,,,,,,,,,,,BEACON,"{""type"": ""heartbeat"", ""uptime"": 181134, ""device_id"": ""ESP32:N4_BASE_BT_1"", ""xbee_enabled"": true, ""waiting_for_data"": true, ""kalman_data"": {""altitude"": 0, ""vertical_velocity"": 0}, ""kalman_altitude"": 0, ""kalman_vertical_velocity"": 0, ""communication_mode"": ""BEACON""}"
1768846166.840148,2026-01-19T21:09:26.840148,,,,,,,,,,,,,,,,,,,,,,,,,,BEACON,"{""type"": ""heartbeat"", ""uptime"": 181647, ""device_id"": ""ESP32:N4_BASE_BT_1"", ""xbee_enabled"": true, ""waiting_for_data"": true, ""kalman_data"": {""altitude"": 0, ""vertical_velocity"": 0}, ""kalman_altitude"": 0, ""kalman_vertical_velocity"": 0, ""communication_mode"": ""BEACON""}"
1768846167.130812,2026-01-19T21:09:27.130812,,,,,,,,,,,,,,,,,,,,,,,,,,BEACON,"{""type"": ""heartbeat"", ""uptime"": 182160, ""device_id"": ""ESP32:N4_BASE_BT_1"", ""xbee_enabled"": true, ""waiting_for_data"": true, ""kalman_data"": {""altitude"": 0, ""vertical_velocity"": 0}, ""kalman_altitude"": 0, ""kalman_vertical_velocity"": 0, ""communication_mode"": ""BEACON""}"
1768846167.347374,2026-01-19T21:09:27.347374,,,,,,,,,,,,,,,,,,,,,,,,,,BEACON,"{""type"": ""heartbeat"", ""uptime"": 182673, ""device_id"": ""ESP32:N4_BASE_BT_1"", ""xbee_enabled"": true, ""waiting_for_data"": true, ""kalman_data"": {""altitude"": 0, ""vertical_velocity"": 0}, ""kalman_altitude"": 0, ""kalman_vertical_velocity"": 0, ""communication_mode"": ""BEACON""}"
1768846168.893186,2026-01-19T21:09:28.893186,,,,,,,,,,,,,,,,,,,,,,,,,,BEACON,"{""type"": ""heartbeat"", ""uptime"": 183186, ""device_id"": ""ESP32:N4_BASE_BT_1"", ""xbee_enabled"": true, ""waiting_for_data"": true, ""kalman_data"": {""altitude"": 0, ""vertical_velocity"": 0}, ""kalman_altitude"": 0, ""kalman_vertical_velocity"": 0, ""communication_mode"": ""BEACON""}"
1768846169.560134,2026-01-19T21:09:29.560134,,,,,,,,,,,,,,,,,,,,,,,,,,BEACON,"{""type"": ""heartbeat"", ""uptime"": 183699, ""device_id"": ""ESP32:N4_BASE_BT_1"", ""xbee_enabled"": true, ""waiting_for_data"": true, ""kalman_data"": {""altitude"": 0, ""vertical_velocity"": 0}, ""kalman_altitude"": 0, ""kalman_vertical_velocity"": 0, ""communication_mode"": ""BEACON""}"
1768846170.060325,2026-01-19T21:09:30.060325,,,,,,,,,,,,,,,,,,,,,,,,,,BEACON,"{""type"": ""heartbeat"", ""uptime"": 184212, ""device_id"": ""ESP32:N4_BASE_BT_1"", ""xbee_enabled"": true, ""waiting_for_data"": true, ""kalman_data"": {""altitude"": 0, ""vertical_velocity"": 0}, ""kalman_altitude"": 0, ""kalman_vertical_velocity"": 0, ""communication_mode"": ""BEACON""}"
1768846170.726777,2026-01-19T21:09:30.726777,,,,,,,,,,,,,,,,,,,,,,,,,,BEACON,"{""type"": ""heartbeat"", ""uptime"": 184725, ""device_id"": ""ESP32:N4_BASE_BT_1"", ""xbee_enabled"": true, ""waiting_for_data"": true, ""kalman_data"": {""altitude"": 0, ""vertical_velocity"": 0}, ""kalman_altitude"": 0, ""kalman_vertical_velocity"": 0, ""communication_mode"": ""BEACON""}"
1768846171.191344,2026-01-19T21:09:31.191344,,,,,,,,,,,,,,,,,,,,,,,,,,BEACON,"{""type"": ""heartbeat"", ""uptime"": 185238, ""device_id"": ""ESP32:N4_BASE_BT_1"", ""xbee_enabled"": true, ""waiting_for_data"": true, ""kalman_data"": {""altitude"": 0, ""vertical_velocity"": 0}, ""kalman_altitude"": 0, ""kalman_vertical_velocity"": 0, ""communication_mode"": ""BEACON""}"
1768846171.573396,2026-01-19T21:09:31.573396,,,,,,,,,,,,,,,,,,,,,,,,,,BEACON,"{""type"": ""heartbeat"", ""uptime"": 185751, ""device_id"": ""ESP32:N4_BASE_BT_1"", ""xbee_enabled"": true, ""waiting_for_data"": true, ""kalman_data"": {""altitude"": 0, ""vertical_velocity"": 0}, ""kalman_altitude"": 0, ""kalman_vertical_velocity"": 0, ""communication_mode"": ""BEACON""}"
1768846171.910678,2026-01-19T21:09:31.910678,,,,,,,,,,,,,,,,,,,,,,,,,,BEACON,"{""type"": ""heartbeat"", ""uptime"": 186264, ""device_id"": ""ESP32:N4_BASE_BT_1"", ""xbee_enabled"": true, ""waiting_for_data"": true, ""kalman_data"": {""altitude"": 0, ""vertical_velocity"": 0}, ""kalman_altitude"": 0, ""kalman_vertical_velocity"": 0, ""communication_mode"": ""BEACON""}"
1768846172.194275,2026-01-19T21:09:32.194275,,,,,,,,,,,,,,,,,,,,,,,,,,BEACON,"{""type"": ""heartbeat"", ""uptime"": 186777, ""device_id"": ""ESP32:N4_BASE_BT_1"", ""xbee_enabled"": true, ""waiting_for_data"": true, ""kalman_data"": {""altitude"": 0, ""vertical_velocity"": 0}, ""kalman_altitude"": 0, ""kalman_vertical_velocity"": 0, ""communication_mode"": ""BEACON""}"
1768846172.608214,2026-01-19T21:09:32.608214,,,,,,,,,,,,,,,,,,,,,,,,,,BEACON,"{""type"": ""heartbeat"", ""uptime"": 187290, ""device_id"": ""ESP32:N4_BASE_BT_1"", ""xbee_enabled"": true, ""waiting_for_data"": true, ""kalman_data"": {""altitude"": 0, ""vertical_velocity"": 0}, ""kalman_altitude"": 0, ""kalman_vertical_velocity"": 0, ""communication_mode"": ""BEACON""}"
1768846173.273746,2026-01-19T21:09:33.273746,,,,,,,,,,,,,,,,,,,,,,,,,,BEACON,"{""type"": ""heartbeat"", ""uptime"": 187803, ""device_id"": ""ESP32:N4_BASE_BT_1"", ""xbee_enabled"": true, ""waiting_for_data"": true, ""kalman_data"": {""altitude"": 0, ""vertical_velocity"": 0}, ""kalman_altitude"": 0, ""kalman_vertical_velocity"": 0, ""communication_mode"": ""BEACON""}"
1768846174.6445,2026-01-19T21:09:34.644500,,,,,,,,,,,,,,,,,,,,,,,,,,BEACON,"{""type"": ""heartbeat"", ""uptime"": 188316, ""device_id"": ""ESP32:N4_BASE_BT_1"", ""xbee_enabled"": true, ""waiting_for_data"": true, ""kalman_data"": {""altitude"": 0, ""vertical_velocity"": 0}, ""kalman_altitude"": 0, ""kalman_vertical_velocity"": 0, ""communication_mode"": ""BEACON""}"
1768846175.288902,2026-01-19T21:09:35.288902,,,,,,,,,,,,,,,,,,,,,,,,,,BEACON,"{""type"": ""heartbeat"", ""uptime"": 188829, ""device_id"": ""ESP32:N4_BASE_BT_1"", ""xbee_enabled"": true, ""waiting_for_data"": true, ""kalman_data"": {""altitude"": 0, ""vertical_velocity"": 0}, ""kalman_altitude"": 0, ""kalman_vertical_velocity"": 0, ""communication_mode"": ""BEACON""}"
1768846175.593421,2026-01-19T21:09:35.593421,,,,,,,,,,,,,,,,,,,,,,,,,,BEACON,"{""type"": ""heartbeat"", ""uptime"": 189342, ""device_id"": ""ESP32:N4_BASE_BT_1"", ""xbee_enabled"": true, ""waiting_for_data"": true, ""kalman_data"": {""altitude"": 0, ""vertical_velocity"": 0}, ""kalman_altitude"": 0, ""kalman_vertical_velocity"": 0, ""communication_mode"": ""BEACON""}"
1768846175.862076,2026-01-19T21:09:35.862076,,,,,,,,,,,,,,,,,,,,,,,,,,BEACON,"{""type"": ""heartbeat"", ""uptime"": 189855, ""device_id"": ""ESP32:N4_BASE_BT_1"", ""xbee_enabled"": true, ""waiting_for_data"": true, ""kalman_data"": {""altitude"": 0, ""vertical_velocity"": 0}, ""kalman_altitude"": 0, ""kalman_vertical_velocity"": 0, ""communication_mode"": ""BEACON""}"
1768846176.105157,2026-01-19T21:09:36.105157,,,,,,,,,,,,,,,,,,,,,,,,,,BEACON,"{""type"": ""heartbeat"", ""uptime"": 190368, ""device_id"": ""ESP32:N4_BASE_BT_1"", ""xbee_enabled"": true, ""waiting_for_data"": true, ""kalman_data"": {""altitude"": 0, ""vertical_velocity"": 0}, ""kalman_altitude"": 0, ""kalman_vertical_velocity"": 0, ""communication_mode"": ""BEACON""}"
1768846176.84533,2026-01-19T21:09:36.845330,,,,,,,,,,,,,,,,,,,,,,,,,,BEACON,"{""type"": ""heartbeat"", ""uptime"": 190881, ""device_id"": ""ESP32:N4_BASE_BT_1"", ""xbee_enabled"": true, ""waiting_for_data"": true, ""kalman_data"": {""altitude"": 0, ""vertical_velocity"": 0}, ""kalman_altitude"": 0, ""kalman_vertical_velocity"": 0, ""communication_mode"": ""BEACON""}"
1768846177.686457,2026-01-19T21:09:37.686457,,,,,,,,,,,,,,,,,,,,,,,,,,BEACON,"{""type"": ""heartbeat"", ""uptime"": 191394, ""device_id"": ""ESP32:N4_BASE_BT_1"", ""xbee_enabled"": true, ""waiting_for_data"": true, ""kalman_data"": {""altitude"": 0, ""vertical_velocity"": 0}, ""kalman_altitude"": 0, ""kalman_vertical_velocity"": 0, ""communication_mode"": ""BEACON""}"
1768846177.876961,2026-01-19T21:09:37.876961,,,,,,,,,,,,,,,,,,,,,,,,,,BEACON,"{""type"": ""heartbeat"", ""uptime"": 191907, ""device_id"": ""ESP32:N4_BASE_BT_1"", ""xbee_enabled"": true, ""waiting_for_data"": true, ""kalman_data"": {""altitude"": 0, ""vertical_velocity"": 0}, ""kalman_altitude"": 0, ""kalman_vertical_velocity"": 0, ""communication_mode"": ""BEACON""}"
1768846178.059278,2026-01-19T21:09:38.059278,,,,,,,,,,,,,,,,,,,,,,,,,,BEACON,"{""type"": ""heartbeat"", ""uptime"": 192420, ""device_id"": ""ESP32:N4_BASE_BT_1"", ""xbee_enabled"": true, ""waiting_for_data"": true, ""kalman_data"": {""altitude"": 0, ""vertical_velocity"": 0}, ""kalman_altitude"": 0, ""kalman_vertical_velocity"": 0, ""communication_mode"": ""BEACON""}"
1768846178.287332,2026-01-19T21:09:38.287332,,,,,,,,,,,,,,,,,,,,,,,,,,BEACON,"{""type"": ""heartbeat"", ""uptime"": 192933, ""device_id"": ""ESP32:N4_BASE_BT_1"", ""xbee_enabled"": true, ""waiting_for_data"": true, ""kalman_data"": {""altitude"": 0, ""vertical_velocity"": 0}, ""kalman_altitude"": 0, ""kalman_vertical_velocity"": 0, ""communication_mode"": ""BEACON""}"
1768846178.824459,2026-01-19T21:09:38.824459,,,,,,,,,,,,,,,,,,,,,,,,,,BEACON,"{""type"": ""heartbeat"", ""uptime"": 193446, ""device_id"": ""ESP32:N4_BASE_BT_1"", ""xbee_enabled"": true, ""waiting_for_data"": true, ""kalman_data"": {""altitude"": 0, ""vertical_velocity"": 0}, ""kalman_altitude"": 0, ""kalman_vertical_velocity"": 0, ""communication_mode"": ""BEACON""}"
1768846181.558162,2026-01-19T21:09:41.558162,,,,,,,,,,,,,,,,,,,,,,,,,,BEACON,"{""type"": ""heartbeat"", ""uptime"": 193959, ""device_id"": ""ESP32:N4_BASE_BT_1"", ""xbee_enabled"": true, ""waiting_for_data"": true, ""kalman_data"": {""altitude"": 0, ""vertical_velocity"": 0}, ""kalman_altitude"": 0, ""kalman_vertical_velocity"": 0, ""communication_mode"": ""BEACON""}"
1768846182.320616,2026-01-19T21:09:42.320616,,,,,,,,,,,,,,,,,,,,,,,,,,BEACON,"{""type"": ""heartbeat"", ""uptime"": 194472, ""device_id"": ""ESP32:N4_BASE_BT_1"", ""xbee_enabled"": true, ""waiting_for_data"": true, ""kalman_data"": {""altitude"": 0, ""vertical_velocity"": 0}, ""kalman_altitude"": 0, ""kalman_vertical_velocity"": 0, ""communication_mode"": ""BEACON""}"
1768846182.777868,2026-01-19T21:09:42.777868,,,,,,,,,,,,,,,,,,,,,,,,,,BEACON,"{""type"": ""heartbeat"", ""uptime"": 205246, ""device_id"": ""ESP32:N4_BASE_BT_1"", ""xbee_enabled"": true, ""waiting_for_data"": true, ""kalman_data"": {""altitude"": 0, ""vertical_velocity"": 0}, ""kalman_altitude"": 0, ""kalman_vertical_velocity"": 0, ""communication_mode"": ""BEACON""}"
1768846188.577176,2026-01-19T21:09:48.577176,,,,,,,,,,,,,,,,,,,,,,,,,,BEACON,"{""type"": ""heartbeat"", ""uptime"": 205759, ""device_id"": ""ESP32:N4_BASE_BT_1"", ""xbee_enabled"": true, ""waiting_for_data"": true, ""kalman_data"": {""altitude"": 0, ""vertical_velocity"": 0}, ""kalman_altitude"": 0, ""kalman_vertical_velocity"": 0, ""communication_mode"": ""BEACON""}"
1768846191.359126,2026-01-19T21:09:51.359126,,,,,,,,,,,,,,,,,,,,,,,,,,BEACON,"{""type"": ""heartbeat"", ""uptime"": 211403, ""device_id"": ""ESP32:N4_BASE_BT_1"", ""xbee_enabled"": true, ""waiting_for_data"": true, ""kalman_data"": {""altitude"": 0, ""vertical_velocity"": 0}, ""kalman_altitude"": 0, ""kalman_vertical_velocity"": 0, ""communication_mode"": ""BEACON""}"
1768846192.339876,2026-01-19T21:09:52.339876,,,,,,,,,,,,,,,,,,,,,,,,,,BEACON,"{""type"": ""heartbeat"", ""uptime"": 212429, ""device_id"": ""ESP32:N4_BASE_BT_1"", ""xbee_enabled"": true, ""waiting_for_data"": true, ""kalman_data"": {""altitude"": 0, ""vertical_velocity"": 0}, ""kalman_altitude"": 0, ""kalman_vertical_velocity"": 0, ""communication_mode"": ""BEACON""}"
1768846192.856514,2026-01-19T21:09:52.856514,,,,,,,,,,,,,,,,,,,,,,,,,,BEACON,"{""type"": ""heartbeat"", ""uptime"": 212942, ""device_id"": ""ESP32:N4_BASE_BT_1"", ""xbee_enabled"": true, ""waiting_for_data"": true, ""kalman_data"": {""altitude"": 0, ""vertical_velocity"": 0}, ""kalman_altitude"": 0, ""kalman_vertical_velocity"": 0, ""communication_mode"": ""BEACON""}"
1768846193.176884,2026-01-19T21:09:53.176884,,,,,,,,,,,,,,,,,,,,,,,,,,BEACON,"{""type"": ""heartbeat"", ""uptime"": 213455, ""device_id"": ""ESP32:N4_BASE_BT_1"", ""xbee_enabled"": true, ""waiting_for_data"": true, ""kalman_data"": {""altitude"": 0, ""vertical_velocity"": 0}, ""kalman_altitude"": 0, ""kalman_vertical_velocity"": 0, ""communication_mode"": ""BEACON""}"
1768846193.841988,2026-01-19T21:09:53.841988,,,,,,,,,,,,,,,,,,,,,,,,,,BEACON,"{""type"": ""heartbeat"", ""uptime"": 213968, ""device_id"": ""ESP32:N4_BASE_BT_1"", ""xbee_enabled"": true, ""waiting_for_data"": true, ""kalman_data"": {""altitude"": 0, ""vertical_velocity"": 0}, ""kalman_altitude"": 0, ""kalman_vertical_velocity"": 0, ""communication_mode"": ""BEACON""}"
1768846195.626488,2026-01-19T21:09:55.626488,,,,,,,,,,,,,,,,,,,,,,,,,,BEACON,"{""type"": ""heartbeat"", ""uptime"": 214481, ""device_id"": ""ESP32:N4_BASE_BT_1"", ""xbee_enabled"": true, ""waiting_for_data"": true, ""kalman_data"": {""altitude"": 0, ""vertical_velocity"": 0}, ""kalman_altitude"": 0, ""kalman_vertical_velocity"": 0, ""communication_mode"": ""BEACON""}"
1768846196.67649,2026-01-19T21:09:56.676490,,,,,,,,,,,,,,,,,,,,,,,,,,BEACON,"{""type"": ""heartbeat"", ""uptime"": 214994, ""device_id"": ""ESP32:N4_BASE_BT_1"", ""xbee_enabled"": true, ""waiting_for_data"": true, ""kalman_data"": {""altitude"": 0, ""vertical_velocity"": 0}, ""kalman_altitude"": 0, ""kalman_vertical_velocity"": 0, ""communication_mode"": ""BEACON""}"
1768846197.641636,2026-01-19T21:09:57.641636,,,,,,,,,,,,,,,,,,,,,,,,,,BEACON,"{""type"": ""heartbeat"", ""uptime"": 215507, ""device_id"": ""ESP32:N4_BASE_BT_1"", ""xbee_enabled"": true, ""waiting_for_data"": true, ""kalman_data"": {""altitude"": 0, ""vertical_velocity"": 0}, ""kalman_altitude"": 0, ""kalman_vertical_velocity"": 0, ""communication_mode"": ""BEACON""}"
1768846199.638365,2026-01-19T21:09:59.638365,,,,,,,,,,,,,,,,,,,,,,,,,,BEACON,"{""type"": ""heartbeat"", ""uptime"": 216020, ""device_id"": ""ESP32:N4_BASE_BT_1"", ""xbee_enabled"": true, ""waiting_for_data"": true, ""kalman_data"": {""altitude"": 0, ""vertical_velocity"": 0}, ""kalman_altitude"": 0, ""kalman_vertical_velocity"": 0, ""communication_mode"": ""BEACON""}"
1768846201.723424,2026-01-19T21:10:01.723424,,,,,,,,,,,,,,,,,,,,,,,,,,BEACON,"{""type"": ""heartbeat"", ""uptime"": 216533, ""device_id"": ""ESP32:N4_BASE_BT_1"", ""xbee_enabled"": true, ""waiting_for_data"": true, ""kalman_data"": {""altitude"": 0, ""vertical_velocity"": 0}, ""kalman_altitude"": 0, ""kalman_vertical_velocity"": 0, ""communication_mode"": ""BEACON""}"
1768846202.089541,2026-01-19T21:10:02.089541,,,,,,,,,,,,,,,,,,,,,,,,,,BEACON,"{""type"": ""heartbeat"", ""uptime"": 217046, ""device_id"": ""ESP32:N4_BASE_BT_1"", ""xbee_enabled"": true, ""waiting_for_data"": true, ""kalman_data"": {""altitude"": 0, ""vertical_velocity"": 0}, ""kalman_altitude"": 0, ""kalman_vertical_velocity"": 0, ""communication_mode"": ""BEACON""}"
1768846202.447125,2026-01-19T21:10:02.447125,,,,,,,,,,,,,,,,,,,,,,,,,,BEACON,"{""type"": ""heartbeat"", ""uptime"": 217559, ""device_id"": ""ESP32:N4_BASE_BT_1"", ""xbee_enabled"": true, ""waiting_for_data"": true, ""kalman_data"": {""altitude"": 0, ""vertical_velocity"": 0}, ""kalman_altitude"": 0, ""kalman_vertical_velocity"": 0, ""communication_mode"": ""BEACON""}"
1768846202.707699,2026-01-19T21:10:02.707699,,,,,,,,,,,,,,,,,,,,,,,,,,BEACON,"{""type"": ""heartbeat"", ""uptime"": 218072, ""device_id"": ""ESP32:N4_BASE_BT_1"", ""xbee_enabled"": true, ""waiting_for_data"": true, ""kalman_data"": {""altitude"": 0, ""vertical_velocity"": 0}, ""kalman_altitude"": 0, ""kalman_vertical_velocity"": 0, ""communication_mode"": ""BEACON""}"
1768846202.895628,2026-01-19T21:10:02.895628,,,,,,,,,,,,,,,,,,,,,,,,,,BEACON,"{""type"": ""heartbeat"", ""uptime"": 218585, ""device_id"": ""ESP32:N4_BASE_BT_1"", ""xbee_enabled"": true, ""waiting_for_data"": true, ""kalman_data"": {""altitude"": 0, ""vertical_velocity"": 0}, ""kalman_altitude"": 0, ""kalman_vertical_velocity"": 0, ""communication_mode"": ""BEACON""}"
1768846203.216603,2026-01-19T21:10:03.216603,,,,,,,,,,,,,,,,,,,,,,,,,,BEACON,"{""type"": ""heartbeat"", ""uptime"": 219098, ""device_id"": ""ESP32:N4_BASE_BT_1"", ""xbee_enabled"": true, ""waiting_for_data"": true, ""kalman_data"": {""altitude"": 0, ""vertical_velocity"": 0}, ""kalman_altitude"": 0, ""kalman_vertical_velocity"": 0, ""communication_mode"": ""BEACON""}"
1768846203.440337,2026-01-19T21:10:03.440337,,,,,,,,,,,,,,,,,,,,,,,,,,BEACON,"{""type"": ""heartbeat"", ""uptime"": 219611, ""device_id"": ""ESP32:N4_BASE_BT_1"", ""xbee_enabled"": true, ""waiting_for_data"": true, ""kalman_data"": {""altitude"": 0, ""vertical_velocity"": 0}, ""kalman_altitude"": 0, ""kalman_vertical_velocity"": 0, ""communication_mode"": ""BEACON""}"
1768846203.75833,2026-01-19T21:10:03.758330,,,,,,,,,,,,,,,,,,,,,,,,,,BEACON,"{""type"": ""heartbeat"", ""uptime"": 220124, ""device_id"": ""ESP32:N4_BASE_BT_1"", ""xbee_enabled"": true, ""waiting_for_data"": true, ""kalman_data"": {""altitude"": 0, ""vertical_velocity"": 0}, ""kalman_altitude"": 0, ""kalman_vertical_velocity"": 0, ""communication_mode"": ""BEACON""}"
1768846203.838396,2026-01-19T21:10:03.838396,,,,,,,,,,,,,,,,,,,,,,,,,,BEACON,"{""type"": ""heartbeat"", ""uptime"": 220637, ""device_id"": ""ESP32:N4_BASE_BT_1"", ""xbee_enabled"": true, ""waiting_for_data"": true, ""kalman_data"": {""altitude"": 0, ""vertical_velocity"": 0}, ""kalman_altitude"": 0, ""kalman_vertical_velocity"": 0, ""communication_mode"": ""BEACON""}"
1768846203.915199,2026-01-19T21:10:03.915199,,,,,,,,,,,,,,,,,,,,,,,,,,BEACON,"{""type"": ""heartbeat"", ""uptime"": 221150, ""device_id"": ""ESP32:N4_BASE_BT_1"", ""xbee_enabled"": true, ""waiting_for_data"": true, ""kalman_data"": {""altitude"": 0, ""vertical_velocity"": 0}, ""kalman_altitude"": 0, ""kalman_vertical_velocity"": 0, ""communication_mode"": ""BEACON""}"
1768846204.037331,2026-01-19T21:10:04.037331,,,,,,,,,,,,,,,,,,,,,,,,,,BEACON,"{""type"": ""heartbeat"", ""uptime"": 221663, ""device_id"": ""ESP32:N4_BASE_BT_1"", ""xbee_enabled"": true, ""waiting_for_data"": true, ""kalman_data"": {""altitude"": 0, ""vertical_velocity"": 0}, ""kalman_altitude"": 0, ""kalman_vertical_velocity"": 0, ""communication_mode"": ""BEACON""}"
1768846204.119507,2026-01-19T21:10:04.119507,,,,,,,,,,,,,,,,,,,,,,,,,,BEACON,"{""type"": ""heartbeat"", ""uptime"": 222176, ""device_id"": ""ESP32:N4_BASE_BT_1"", ""xbee_enabled"": true, ""waiting_for_data"": true, ""kalman_data"": {""altitude"": 0, ""vertical_velocity"": 0}, ""kalman_altitude"": 0, ""kalman_vertical_velocity"": 0, ""communication_mode"": ""BEACON""}"
1768846204.218569,2026-01-19T21:10:04.218569,,,,,,,,,,,,,,,,,,,,,,,,,,BEACON,"{""type"": ""heartbeat"", ""uptime"": 222689, ""device_id"": ""ESP32:N4_BASE_BT_1"", ""xbee_enabled"": true, ""waiting_for_data"": true, ""kalman_data"": {""altitude"": 0, ""vertical_velocity"": 0}, ""kalman_altitude"": 0, ""kalman_vertical_velocity"": 0, ""communication_mode"": ""BEACON""}"
1768846204.286572,2026-01-19T21:10:04.286572,,,,,,,,,,,,,,,,,,,,,,,,,,BEACON,"{""type"": ""heartbeat"", ""uptime"": 223202, ""device_id"": ""ESP32:N4_BASE_BT_1"", ""xbee_enabled"": true, ""waiting_for_data"": true, ""kalman_data"": {""altitude"": 0, ""vertical_velocity"": 0}, ""kalman_altitude"": 0, ""kalman_vertical_velocity"": 0, ""communication_mode"": ""BEACON""}"
1768846204.449101,2026-01-19T21:10:04.449101,,,,,,,,,,,,,,,,,,,,,,,,,,BEACON,"{""type"": ""heartbeat"", ""uptime"": 223715, ""device_id"": ""ESP32:N4_BASE_BT_1"", ""xbee_enabled"": true, ""waiting_for_data"": true, ""kalman_data"": {""altitude"": 0, ""vertical_velocity"": 0}, ""kalman_altitude"": 0, ""kalman_vertical_velocity"": 0, ""communication_mode"": ""BEACON""}"
1768846204.9382,2026-01-19T21:10:04.938200,,,,,,,,,,,,,,,,,,,,,,,,,,BEACON,"{""type"": ""heartbeat"", ""uptime"": 224228, ""device_id"": ""ESP32:N4_BASE_BT_1"", ""xbee_enabled"": true, ""waiting_for_data"": true, ""kalman_data"": {""altitude"": 0, ""vertical_velocity"": 0}, ""kalman_altitude"": 0, ""kalman_vertical_velocity"": 0, ""communication_mode"": ""BEACON""}"
1768846205.225086,2026-01-19T21:10:05.225086,,,,,,,,,,,,,,,,,,,,,,,,,,BEACON,"{""type"": ""heartbeat"", ""uptime"": 224741, ""device_id"": ""ESP32:N4_BASE_BT_1"", ""xbee_enabled"": true, ""waiting_for_data"": true, ""kalman_data"": {""altitude"": 0, ""vertical_velocity"": 0}, ""kalman_altitude"": 0, ""kalman_vertical_velocity"": 0, ""communication_mode"": ""BEACON""}"
1768846205.356206,2026-01-19T21:10:05.356206,,,,,,,,,,,,,,,,,,,,,,,,,,BEACON,"{""type"": ""heartbeat"", ""uptime"": 225254, ""device_id"": ""ESP32:N4_BASE_BT_1"", ""xbee_enabled"": true, ""waiting_for_data"": true, ""kalman_data"": {""altitude"": 0, ""vertical_velocity"": 0}, ""kalman_altitude"": 0, ""kalman_vertical_velocity"": 0, ""communication_mode"": ""BEACON""}"
1768846205.620305,2026-01-19T21:10:05.620305,,,,,,,,,,,,,,,,,,,,,,,,,,BEACON,"{""type"": ""heartbeat"", ""uptime"": 225767, ""device_id"": ""ESP32:N4_BASE_BT_1"", ""xbee_enabled"": true, ""waiting_for_data"": true, ""kalman_data"": {""altitude"": 0, ""vertical_velocity"": 0}, ""kalman_altitude"": 0, ""kalman_vertical_velocity"": 0, ""communication_mode"": ""BEACON""}"
1768846205.664834,2026-01-19T21:10:05.664834,,,,,,,,,,,,,,,,,,,,,,,,,,BEACON,"{""type"": ""heartbeat"", ""uptime"": 226280, ""device_id"": ""ESP32:N4_BASE_BT_1"", ""xbee_enabled"": true, ""waiting_for_data"": true, ""kalman_data"": {""altitude"": 0, ""vertical_velocity"": 0}, ""kalman_altitude"": 0, ""kalman_vertical_velocity"": 0, ""communication_mode"": ""BEACON""}"
1768846205.790399,2026-01-19T21:10:05.790399,,,,,,,,,,,,,,,,,,,,,,,,,,BEACON,"{""type"": ""heartbeat"", ""uptime"": 226793, ""device_id"": ""ESP32:N4_BASE_BT_1"", ""xbee_enabled"": true, ""waiting_for_data"": true, ""kalman_data"": {""altitude"": 0, ""vertical_velocity"": 0}, ""kalman_altitude"": 0, ""kalman_vertical_velocity"": 0, ""communication_mode"": ""BEACON""}"
1768846206.135114,2026-01-19T21:10:06.135114,,,,,,,,,,,,,,,,,,,,,,,,,,BEACON,"{""type"": ""heartbeat"", ""uptime"": 227306, ""device_id"": ""ESP32:N4_BASE_BT_1"", ""xbee_enabled"": true, ""waiting_for_data"": true, ""kalman_data"": {""altitude"": 0, ""vertical_velocity"": 0}, ""kalman_altitude"": 0, ""kalman_vertical_velocity"": 0, ""communication_mode"": ""BEACON""}"
1768846206.619272,2026-01-19T21:10:06.619272,,,,,,,,,,,,,,,,,,,,,,,,,,BEACON,"{""type"": ""heartbeat"", ""uptime"": 227819, ""device_id"": ""ESP32:N4_BASE_BT_1"", ""xbee_enabled"": true, ""waiting_for_data"": true, ""kalman_data"": {""altitude"": 0, ""vertical_velocity"": 0}, ""kalman_altitude"": 0, ""kalman_vertical_velocity"": 0, ""communication_mode"": ""BEACON""}"
1768846207.12332,2026-01-19T21:10:07.123320,,,,,,,,,,,,,,,,,,,,,,,,,,BEACON,"{""type"": ""heartbeat"", ""uptime"": 228332, ""device_id"": ""ESP32:N4_BASE_BT_1"", ""xbee_enabled"": true, ""waiting_for_data"": true, ""kalman_data"": {""altitude"": 0, ""vertical_velocity"": 0}, ""kalman_altitude"": 0, ""kalman_vertical_velocity"": 0, ""communication_mode"": ""BEACON""}"
1768846207.487983,2026-01-19T21:10:07.487983,,,,,,,,,,,,,,,,,,,,,,,,,,BEACON,"{""type"": ""heartbeat"", ""uptime"": 228845, ""device_id"": ""ESP32:N4_BASE_BT_1"", ""xbee_enabled"": true, ""waiting_for_data"": true, ""kalman_data"": {""altitude"": 0, ""vertical_velocity"": 0}, ""kalman_altitude"": 0, ""kalman_vertical_velocity"": 0, ""communication_mode"": ""BEACON""}"
1768846207.640984,2026-01-19T21:10:07.640984,,,,,,,,,,,,,,,,,,,,,,,,,,BEACON,"{""type"": ""heartbeat"", ""uptime"": 229358, ""device_id"": ""ESP32:N4_BASE_BT_1"", ""xbee_enabled"": true, ""waiting_for_data"": true, ""kalman_data"": {""altitude"": 0, ""vertical_velocity"": 0}, ""kalman_altitude"": 0, ""kalman_vertical_velocity"": 0, ""communication_mode"": ""BEACON""}"
1768846207.774214,2026-01-19T21:10:07.774214,,,,,,,,,,,,,,,,,,,,,,,,,,BEACON,"{""type"": ""heartbeat"", ""uptime"": 229871, ""device_id"": ""ESP32:N4_BASE_BT_1"", ""xbee_enabled"": true, ""waiting_for_data"": true, ""kalman_data"": {""altitude"": 0, ""vertical_velocity"": 0}, ""kalman_altitude"": 0, ""kalman_vertical_velocity"": 0, ""communication_mode"": ""BEACON""}"
1768846207.90716,2026-01-19T21:10:07.907160,,,,,,,,,,,,,,,,,,,,,,,,,,BEACON,"{""type"": ""heartbeat"", ""uptime"": 230384, ""device_id"": ""ESP32:N4_BASE_BT_1"", ""xbee_enabled"": true, ""waiting_for_data"": true, ""kalman_data"": {""altitude"": 0, ""vertical_velocity"": 0}, ""kalman_altitude"": 0, ""kalman_vertical_velocity"": 0, ""communication_mode"": ""BEACON""}"
1768846208.789318,2026-01-19T21:10:08.789318,,,,,,,,,,,,,,,,,,,,,,,,,,BEACON,"{""type"": ""heartbeat"", ""uptime"": 230897, ""device_id"": ""ESP32:N4_BASE_BT_1"", ""xbee_enabled"": true, ""waiting_for_data"": true, ""kalman_data"": {""altitude"": 0, ""vertical_velocity"": 0}, ""kalman_altitude"": 0, ""kalman_vertical_velocity"": 0, ""communication_mode"": ""BEACON""}"
1768846209.10572,2026-01-19T21:10:09.105720,,,,,,,,,,,,,,,,,,,,,,,,,,BEACON,"{""type"": ""heartbeat"", ""uptime"": 231410, ""device_id"": ""ESP32:N4_BASE_BT_1"", ""xbee_enabled"": true, ""waiting_for_data"": true, ""kalman_data"": {""altitude"": 0, ""vertical_velocity"": 0}, ""kalman_altitude"": 0, ""kalman_vertical_velocity"": 0, ""communication_mode"": ""BEACON""}"
1768846209.258584,2026-01-19T21:10:09.258584,,,,,,,,,,,,,,,,,,,,,,,,,,BEACON,"{""type"": ""heartbeat"", ""uptime"": 231923, ""device_id"": ""ESP32:N4_BASE_BT_1"", ""xbee_enabled"": true, ""waiting_for_data"": true, ""kalman_data"": {""altitude"": 0, ""vertical_velocity"": 0}, ""kalman_altitude"": 0, ""kalman_vertical_velocity"": 0, ""communication_mode"": ""BEACON""}"
1768846209.736948,2026-01-19T21:10:09.736948,,,,,,,,,,,,,,,,,,,,,,,,,,BEACON,"{""type"": ""heartbeat"", ""uptime"": 232436, ""device_id"": ""ESP32:N4_BASE_BT_1"", ""xbee_enabled"": true, ""waiting_for_data"": true, ""kalman_data"": {""altitude"": 0, ""vertical_velocity"": 0}, ""kalman_altitude"": 0, ""kalman_vertical_velocity"": 0, ""communication_mode"": ""BEACON""}"
1768846210.722246,2026-01-19T21:10:10.722246,,,,,,,,,,,,,,,,,,,,,,,,,,BEACON,"{""type"": ""heartbeat"", ""uptime"": 232949, ""device_id"": ""ESP32:N4_BASE_BT_1"", ""xbee_enabled"": true, ""waiting_for_data"": true, ""kalman_data"": {""altitude"": 0, ""vertical_velocity"": 0}, ""kalman_altitude"": 0, ""kalman_vertical_velocity"": 0, ""communication_mode"": ""BEACON""}"
1768846211.031245,2026-01-19T21:10:11.031245,,,,,,,,,,,,,,,,,,,,,,,,,,BEACON,"{""type"": ""heartbeat"", ""uptime"": 233462, ""device_id"": ""ESP32:N4_BASE_BT_1"", ""xbee_enabled"": true, ""waiting_for_data"": true, ""kalman_data"": {""altitude"": 0, ""vertical_velocity"": 0}, ""kalman_altitude"": 0, ""kalman_vertical_velocity"": 0, ""communication_mode"": ""BEACON""}"
1768846211.273244,2026-01-19T21:10:11.273244,,,,,,,,,,,,,,,,,,,,,,,,,,BEACON,"{""type"": ""heartbeat"", ""uptime"": 233975, ""device_id"": ""ESP32:N4_BASE_BT_1"", ""xbee_enabled"": true, ""waiting_for_data"": true, ""kalman_data"": {""altitude"": 0, ""vertical_velocity"": 0}, ""kalman_altitude"": 0, ""kalman_vertical_velocity"": 0, ""communication_mode"": ""BEACON""}"
1768846211.740183,2026-01-19T21:10:11.740183,,,,,,,,,,,,,,,,,,,,,,,,,,BEACON,"{""type"": ""heartbeat"", ""uptime"": 234488, ""device_id"": ""ESP32:N4_BASE_BT_1"", ""xbee_enabled"": true, ""waiting_for_data"": true, ""kalman_data"": {""altitude"": 0, ""vertical_velocity"": 0}, ""kalman_altitude"": 0, ""kalman_vertical_velocity"": 0, ""communication_mode"": ""BEACON""}"
1768846213.12288,2026-01-19T21:10:13.122880,,,,,,,,,,,,,,,,,,,,,,,,,,BEACON,"{""type"": ""heartbeat"", ""uptime"": 235001, ""device_id"": ""ESP32:N4_BASE_BT_1"", ""xbee_enabled"": true, ""waiting_for_data"": true, ""kalman_data"": {""altitude"": 0, ""vertical_velocity"": 0}, ""kalman_altitude"": 0, ""kalman_vertical_velocity"": 0, ""communication_mode"": ""BEACON""}"
1768846213.32158,2026-01-19T21:10:13.321580,,,,,,,,,,,,,,,,,,,,,,,,,,BEACON,"{""type"": ""heartbeat"", ""uptime"": 235514, ""device_id"": ""ESP32:N4_BASE_BT_1"", ""xbee_enabled"": true, ""waiting_for_data"": true, ""kalman_data"": {""altitude"": 0, ""vertical_velocity"": 0}, ""kalman_altitude"": 0, ""kalman_vertical_velocity"": 0, ""communication_mode"": ""BEACON""}"
1768846213.522041,2026-01-19T21:10:13.522041,,,,,,,,,,,,,,,,,,,,,,,,,,BEACON,"{""type"": ""heartbeat"", ""uptime"": 236027, ""device_id"": ""ESP32:N4_BASE_BT_1"", ""xbee_enabled"": true, ""waiting_for_data"": true, ""kalman_data"": {""altitude"": 0, ""vertical_velocity"": 0}, ""kalman_altitude"": 0, ""kalman_vertical_velocity"": 0, ""communication_mode"": ""BEACON""}"
1768846213.970796,2026-01-19T21:10:13.970796,,,,,,,,,,,,,,,,,,,,,,,,,,BEACON,"{""type"": ""heartbeat"", ""uptime"": 236540, ""device_id"": ""ESP32:N4_BASE_BT_1"", ""xbee_enabled"": true, ""waiting_for_data"": true, ""kalman_data"": {""altitude"": 0, ""vertical_velocity"": 0}, ""kalman_altitude"": 0, ""kalman_vertical_velocity"": 0, ""communication_mode"": ""BEACON""}"
1768846215.153317,2026-01-19T21:10:15.153317,,,,,,,,,,,,,,,,,,,,,,,,,,BEACON,"{""type"": ""heartbeat"", ""uptime"": 237053, ""device_id"": ""ESP32:N4_BASE_BT_1"", ""xbee_enabled"": true, ""waiting_for_data"": true, ""kalman_data"": {""altitude"": 0, ""vertical_velocity"": 0}, ""kalman_altitude"": 0, ""kalman_vertical_velocity"": 0, ""communication_mode"": ""BEACON""}"
1768846215.413957,2026-01-19T21:10:15.413957,,,,,,,,,,,,,,,,,,,,,,,,,,BEACON,"{""type"": ""heartbeat"", ""uptime"": 237566, ""device_id"": ""ESP32:N4_BASE_BT_1"", ""xbee_enabled"": true, ""waiting_for_data"": true, ""kalman_data"": {""altitude"": 0, ""vertical_velocity"": 0}, ""kalman_altitude"": 0, ""kalman_vertical_velocity"": 0, ""communication_mode"": ""BEACON""}"
1768846215.623759,2026-01-19T21:10:15.623759,,,,,,,,,,,,,,,,,,,,,,,,,,BEACON,"{""type"": ""heartbeat"", ""uptime"": 238079, ""device_id"": ""ESP32:N4_BASE_BT_1"", ""xbee_enabled"": true, ""waiting_for_data"": true, ""kalman_data"": {""altitude"": 0, ""vertical_velocity"": 0}, ""kalman_altitude"": 0, ""kalman_vertical_velocity"": 0, ""communication_mode"": ""BEACON""}"
1768846215.921364,2026-01-19T21:10:15.921364,,,,,,,,,,,,,,,,,,,,,,,,,,BEACON,"{""type"": ""heartbeat"", ""uptime"": 238592, ""device_id"": ""ESP32:N4_BASE_BT_1"", ""xbee_enabled"": true, ""waiting_for_data"": true, ""kalman_data"": {""altitude"": 0, ""vertical_velocity"": 0}, ""kalman_altitude"": 0, ""kalman_vertical_velocity"": 0, ""communication_mode"": ""BEACON""}"
1768846216.781159,2026-01-19T21:10:16.781159,,,,,,,,,,,,,,,,,,,,,,,,,,BEACON,"{""type"": ""heartbeat"", ""uptime"": 239105, ""device_id"": ""ESP32:N4_BASE_BT_1"", ""xbee_enabled"": true, ""waiting_for_data"": true, ""kalman_data"": {""altitude"": 0, ""vertical_velocity"": 0}, ""kalman_altitude"": 0, ""kalman_vertical_velocity"": 0, ""communication_mode"": ""BEACON""}"
1768846216.963205,2026-01-19T21:10:16.963205,,,,,,,,,,,,,,,,,,,,,,,,,,BEACON,"{""type"": ""heartbeat"", ""uptime"": 239618, ""device_id"": ""ESP32:N4_BASE_BT_1"", ""xbee_enabled"": true, ""waiting_for_data"": true, ""kalman_data"": {""altitude"": 0, ""vertical_velocity"": 0}, ""kalman_altitude"": 0, ""kalman_vertical_velocity"": 0, ""communication_mode"": ""BEACON""}"
1768846217.454796,2026-01-19T21:10:17.454796,,,,,,,,,,,,,,,,,,,,,,,,,,BEACON,"{""type"": ""heartbeat"", ""uptime"": 240131, ""device_id"": ""ESP32:N4_BASE_BT_1"", ""xbee_enabled"": true, ""waiting_for_data"": true, ""kalman_data"": {""altitude"": 0, ""vertical_velocity"": 0}, ""kalman_altitude"": 0, ""kalman_vertical_velocity"": 0, ""communication_mode"": ""BEACON""}"
1768846218.738207,2026-01-19T21:10:18.738207,,,,,,,,,,,,,,,,,,,,,,,,,,BEACON,"{""type"": ""heartbeat"", ""uptime"": 240644, ""device_id"": ""ESP32:N4_BASE_BT_1"", ""xbee_enabled"": true, ""waiting_for_data"": true, ""kalman_data"": {""altitude"": 0, ""vertical_velocity"": 0}, ""kalman_altitude"": 0, ""kalman_vertical_velocity"": 0, ""communication_mode"": ""BEACON""}"
1768846218.973256,2026-01-19T21:10:18.973256,,,,,,,,,,,,,,,,,,,,,,,,,,BEACON,"{""type"": ""heartbeat"", ""uptime"": 241157, ""device_id"": ""ESP32:N4_BASE_BT_1"", ""xbee_enabled"": true, ""waiting_for_data"": true, ""kalman_data"": {""altitude"": 0, ""vertical_velocity"": 0}, ""kalman_altitude"": 0, ""kalman_vertical_velocity"": 0, ""communication_mode"": ""BEACON""}"
1768846219.023335,2026-01-19T21:10:19.023335,,,,,,,,,,,,,,,,,,,,,,,,,,BEACON,"{""type"": ""heartbeat"", ""uptime"": 241670, ""device_id"": ""ESP32:N4_BASE_BT_1"", ""xbee_enabled"": true, ""waiting_for_data"": true, ""kalman_data"": {""altitude"": 0, ""vertical_velocity"": 0}, ""kalman_altitude"": 0, ""kalman_vertical_velocity"": 0, ""communication_mode"": ""BEACON""}"
1768846219.483889,2026-01-19T21:10:19.483889,,,,,,,,,,,,,,,,,,,,,,,,,,BEACON,"{""type"": ""heartbeat"", ""uptime"": 242183, ""device_id"": ""ESP32:N4_BASE_BT_1"", ""xbee_enabled"": true, ""waiting_for_data"": true, ""kalman_data"": {""altitude"": 0, ""vertical_velocity"": 0}, ""kalman_altitude"": 0, ""kalman_vertical_velocity"": 0, ""communication_mode"": ""BEACON""}"
1768846220.734475,2026-01-19T21:10:20.734475,,,,,,,,,,,,,,,,,,,,,,,,,,BEACON,"{""type"": ""heartbeat"", ""uptime"": 242696, ""device_id"": ""ESP32:N4_BASE_BT_1"", ""xbee_enabled"": true, ""waiting_for_data"": true, ""kalman_data"": {""altitude"": 0, ""vertical_velocity"": 0}, ""kalman_altitude"": 0, ""kalman_vertical_velocity"": 0, ""communication_mode"": ""BEACON""}"
1768846221.13923,2026-01-19T21:10:21.139230,,,,,,,,,,,,,,,,,,,,,,,,,,BEACON,"{""type"": ""heartbeat"", ""uptime"": 243209, ""device_id"": ""ESP32:N4_BASE_BT_1"", ""xbee_enabled"": true, ""waiting_for_data"": true, ""kalman_data"": {""altitude"": 0, ""vertical_velocity"": 0}, ""kalman_altitude"": 0, ""kalman_vertical_velocity"": 0, ""communication_mode"": ""BEACON""}"
1768846221.252475,2026-01-19T21:10:21.252475,,,,,,,,,,,,,,,,,,,,,,,,,,BEACON,"{""type"": ""heartbeat"", ""uptime"": 243722, ""device_id"": ""ESP32:N4_BASE_BT_1"", ""xbee_enabled"": true, ""waiting_for_data"": true, ""kalman_data"": {""altitude"": 0, ""vertical_velocity"": 0}, ""kalman_altitude"": 0, ""kalman_vertical_velocity"": 0, ""communication_mode"": ""BEACON""}"
1768846221.606035,2026-01-19T21:10:21.606035,,,,,,,,,,,,,,,,,,,,,,,,,,BEACON,"{""type"": ""heartbeat"", ""uptime"": 244235, ""device_id"": ""ESP32:N4_BASE_BT_1"", ""xbee_enabled"": true, ""waiting_for_data"": true, ""kalman_data"": {""altitude"": 0, ""vertical_velocity"": 0}, ""kalman_altitude"": 0, ""kalman_vertical_velocity"": 0, ""communication_mode"": ""BEACON""}"
1768846222.270226,2026-01-19T21:10:22.270226,,,,,,,,,,,,,,,,,,,,,,,,,,BEACON,"{""type"": ""heartbeat"", ""uptime"": 244748, ""device_id"": ""ESP32:N4_BASE_BT_1"", ""xbee_enabled"": true, ""waiting_for_data"": true, ""kalman_data"": {""altitude"": 0, ""vertical_velocity"": 0}, ""kalman_altitude"": 0, ""kalman_vertical_velocity"": 0, ""communication_mode"": ""BEACON""}"
1768846222.701362,2026-01-19T21:10:22.701362,,,,,,,,,,,,,,,,,,,,,,,,,,BEACON,"{""type"": ""heartbeat"", ""uptime"": 245261, ""device_id"": ""ESP32:N4_BASE_BT_1"", ""xbee_enabled"": true, ""waiting_for_data"": true, ""kalman_data"": {""altitude"": 0, ""vertical_velocity"": 0}, ""kalman_altitude"": 0, ""kalman_vertical_velocity"": 0, ""communication_mode"": ""BEACON""}"
1768846223.200339,2026-01-19T21:10:23.200339,,,,,,,,,,,,,,,,,,,,,,,,,,BEACON,"{""type"": ""heartbeat"", ""uptime"": 245774, ""device_id"": ""ESP32:N4_BASE_BT_1"", ""xbee_enabled"": true, ""waiting_for_data"": true, ""kalman_data"": {""altitude"": 0, ""vertical_velocity"": 0}, ""kalman_altitude"": 0, ""kalman_vertical_velocity"": 0, ""communication_mode"": ""BEACON""}"
1768846223.632025,2026-01-19T21:10:23.632025,,,,,,,,,,,,,,,,,,,,,,,,,,BEACON,"{""type"": ""heartbeat"", ""uptime"": 246287, ""device_id"": ""ESP32:N4_BASE_BT_1"", ""xbee_enabled"": true, ""waiting_for_data"": true, ""kalman_data"": {""altitude"": 0, ""vertical_velocity"": 0}, ""kalman_altitude"": 0, ""kalman_vertical_velocity"": 0, ""communication_mode"": ""BEACON""}"
1768846224.865613,2026-01-19T21:10:24.865613,,,,,,,,,,,,,,,,,,,,,,,,,,BEACON,"{""type"": ""heartbeat"", ""uptime"": 246800, ""device_id"": ""ESP32:N4_BASE_BT_1"", ""xbee_enabled"": true, ""waiting_for_data"": true, ""kalman_data"": {""altitude"": 0, ""vertical_velocity"": 0}, ""kalman_altitude"": 0, ""kalman_vertical_velocity"": 0, ""communication_mode"": ""BEACON""}"
1768846225.47985,2026-01-19T21:10:25.479850,,,,,,,,,,,,,,,,,,,,,,,,,,BEACON,"{""type"": ""heartbeat"", ""uptime"": 247313, ""device_id"": ""ESP32:N4_BASE_BT_1"", ""xbee_enabled"": true, ""waiting_for_data"": true, ""kalman_data"": {""altitude"": 0, ""vertical_velocity"": 0}, ""kalman_altitude"": 0, ""kalman_vertical_velocity"": 0, ""communication_mode"": ""BEACON""}"
1768846225.638432,2026-01-19T21:10:25.638432,,,,,,,,,,,,,,,,,,,,,,,,,,BEACON,"{""type"": ""heartbeat"", ""uptime"": 247826, ""device_id"": ""ESP32:N4_BASE_BT_1"", ""xbee_enabled"": true, ""waiting_for_data"": true, ""kalman_data"": {""altitude"": 0, ""vertical_velocity"": 0}, ""kalman_altitude"": 0, ""kalman_vertical_velocity"": 0, ""communication_mode"": ""BEACON""}"
1768846225.954941,2026-01-19T21:10:25.954941,,,,,,,,,,,,,,,,,,,,,,,,,,BEACON,"{""type"": ""heartbeat"", ""uptime"": 248339, ""device_id"": ""ESP32:N4_BASE_BT_1"", ""xbee_enabled"": true, ""waiting_for_data"": true, ""kalman_data"": {""altitude"": 0, ""vertical_velocity"": 0}, ""kalman_altitude"": 0, ""kalman_vertical_velocity"": 0, ""communication_mode"": ""BEACON""}"
1768846226.453434,2026-01-19T21:10:26.453434,,,,,,,,,,,,,,,,,,,,,,,,,,BEACON,"{""type"": ""heartbeat"", ""uptime"": 248852, ""device_id"": ""ESP32:N4_BASE_BT_1"", ""xbee_enabled"": true, ""waiting_for_data"": true, ""kalman_data"": {""altitude"": 0, ""vertical_velocity"": 0}, ""kalman_altitude"": 0, ""kalman_vertical_velocity"": 0, ""communication_mode"": ""BEACON""}"
1768846227.33628,2026-01-19T21:10:27.336280,,,,,,,,,,,,,,,,,,,,,,,,,,BEACON,"{""type"": ""heartbeat"", ""uptime"": 249365, ""device_id"": ""ESP32:N4_BASE_BT_1"", ""xbee_enabled"": true, ""waiting_for_data"": true, ""kalman_data"": {""altitude"": 0, ""vertical_velocity"": 0}, ""kalman_altitude"": 0, ""kalman_vertical_velocity"": 0, ""communication_mode"": ""BEACON""}"
1768846227.736352,2026-01-19T21:10:27.736352,,,,,,,,,,,,,,,,,,,,,,,,,,BEACON,"{""type"": ""heartbeat"", ""uptime"": 249878, ""device_id"": ""ESP32:N4_BASE_BT_1"", ""xbee_enabled"": true, ""waiting_for_data"": true, ""kalman_data"": {""altitude"": 0, ""vertical_velocity"": 0}, ""kalman_altitude"": 0, ""kalman_vertical_velocity"": 0, ""communication_mode"": ""BEACON""}"
1768846227.947159,2026-01-19T21:10:27.947159,,,,,,,,,,,,,,,,,,,,,,,,,,BEACON,"{""type"": ""heartbeat"", ""uptime"": 250391, ""device_id"": ""ESP32:N4_BASE_BT_1"", ""xbee_enabled"": true, ""waiting_for_data"": true, ""kalman_data"": {""altitude"": 0, ""vertical_velocity"": 0}, ""kalman_altitude"": 0, ""kalman_vertical_velocity"": 0, ""communication_mode"": ""BEACON""}"
1768846228.194291,2026-01-19T21:10:28.194291,,,,,,,,,,,,,,,,,,,,,,,,,,BEACON,"{""type"": ""heartbeat"", ""uptime"": 250904, ""device_id"": ""ESP32:N4_BASE_BT_1"", ""xbee_enabled"": true, ""waiting_for_data"": true, ""kalman_data"": {""altitude"": 0, ""vertical_velocity"": 0}, ""kalman_altitude"": 0, ""kalman_vertical_velocity"": 0, ""communication_mode"": ""BEACON""}"
1768846228.933058,2026-01-19T21:10:28.933058,,,,,,,,,,,,,,,,,,,,,,,,,,BEACON,"{""type"": ""heartbeat"", ""uptime"": 251417, ""device_id"": ""ESP32:N4_BASE_BT_1"", ""xbee_enabled"": true, ""waiting_for_data"": true, ""kalman_data"": {""altitude"": 0, ""vertical_velocity"": 0}, ""kalman_altitude"": 0, ""kalman_vertical_velocity"": 0, ""communication_mode"": ""BEACON""}"
1768846229.814581,2026-01-19T21:10:29.814581,,,,,,,,,,,,,,,,,,,,,,,,,,BEACON,"{""type"": ""heartbeat"", ""uptime"": 251930, ""device_id"": ""ESP32:N4_BASE_BT_1"", ""xbee_enabled"": true, ""waiting_for_data"": true, ""kalman_data"": {""altitude"": 0, ""vertical_velocity"": 0}, ""kalman_altitude"": 0, ""kalman_vertical_velocity"": 0, ""communication_mode"": ""BEACON""}"
1768846230.080309,2026-01-19T21:10:30.080309,,,,,,,,,,,,,,,,,,,,,,,,,,BEACON,"{""type"": ""heartbeat"", ""uptime"": 252443, ""device_id"": ""ESP32:N4_BASE_BT_1"", ""xbee_enabled"": true, ""waiting_for_data"": true, ""kalman_data"": {""altitude"": 0, ""vertical_velocity"": 0}, ""kalman_altitude"": 0, ""kalman_vertical_velocity"": 0, ""communication_mode"": ""BEACON""}"
1768846230.26512,2026-01-19T21:10:30.265120,,,,,,,,,,,,,,,,,,,,,,,,,,BEACON,"{""type"": ""heartbeat"", ""uptime"": 252956, ""device_id"": ""ESP32:N4_BASE_BT_1"", ""xbee_enabled"": true, ""waiting_for_data"": true, ""kalman_data"": {""altitude"": 0, ""vertical_velocity"": 0}, ""kalman_altitude"": 0, ""kalman_vertical_velocity"": 0, ""communication_mode"": ""BEACON""}"
1768846230.871009,2026-01-19T21:10:30.871009,,,,,,,,,,,,,,,,,,,,,,,,,,BEACON,"{""type"": ""heartbeat"", ""uptime"": 253469, ""device_id"": ""ESP32:N4_BASE_BT_1"", ""xbee_enabled"": true, ""waiting_for_data"": true, ""kalman_data"": {""altitude"": 0, ""vertical_velocity"": 0}, ""kalman_altitude"": 0, ""kalman_vertical_velocity"": 0, ""communication_mode"": ""BEACON""}"
1768846231.653367,2026-01-19T21:10:31.653367,,,,,,,,,,,,,,,,,,,,,,,,,,BEACON,"{""type"": ""heartbeat"", ""uptime"": 253982, ""device_id"": ""ESP32:N4_BASE_BT_1"", ""xbee_enabled"": true, ""waiting_for_data"": true, ""kalman_data"": {""altitude"": 0, ""vertical_velocity"": 0}, ""kalman_altitude"": 0, ""kalman_vertical_velocity"": 0, ""communication_mode"": ""BEACON""}"
1768846231.84485,2026-01-19T21:10:31.844850,,,,,,,,,,,,,,,,,,,,,,,,,,BEACON,"{""type"": ""heartbeat"", ""uptime"": 254495, ""device_id"": ""ESP32:N4_BASE_BT_1"", ""xbee_enabled"": true, ""waiting_for_data"": true, ""kalman_data"": {""altitude"": 0, ""vertical_velocity"": 0}, ""kalman_altitude"": 0, ""kalman_vertical_velocity"": 0, ""communication_mode"": ""BEACON""}"
1768846232.285312,2026-01-19T21:10:32.285312,,,,,,,,,,,,,,,,,,,,,,,,,,BEACON,"{""type"": ""heartbeat"", ""uptime"": 255008, ""device_id"": ""ESP32:N4_BASE_BT_1"", ""xbee_enabled"": true, ""waiting_for_data"": true, ""kalman_data"": {""altitude"": 0, ""vertical_velocity"": 0}, ""kalman_altitude"": 0, ""kalman_vertical_velocity"": 0, ""communication_mode"": ""BEACON""}"
1768846233.213431,2026-01-19T21:10:33.213431,,,,,,,,,,,,,,,,,,,,,,,,,,BEACON,"{""type"": ""heartbeat"", ""uptime"": 255521, ""device_id"": ""ESP32:N4_BASE_BT_1"", ""xbee_enabled"": true, ""waiting_for_data"": true, ""kalman_data"": {""altitude"": 0, ""vertical_velocity"": 0}, ""kalman_altitude"": 0, ""kalman_vertical_velocity"": 0, ""communication_mode"": ""BEACON""}"
1768846233.954623,2026-01-19T21:10:33.954623,,,,,,,,,,,,,,,,,,,,,,,,,,BEACON,"{""type"": ""heartbeat"", ""uptime"": 256034, ""device_id"": ""ESP32:N4_BASE_BT_1"", ""xbee_enabled"": true, ""waiting_for_data"": true, ""kalman_data"": {""altitude"": 0, ""vertical_velocity"": 0}, ""kalman_altitude"": 0, ""kalman_vertical_velocity"": 0, ""communication_mode"": ""BEACON""}"
1768846234.384923,2026-01-19T21:10:34.384923,,,,,,,,,,,,,,,,,,,,,,,,,,BEACON,"{""type"": ""heartbeat"", ""uptime"": 256547, ""device_id"": ""ESP32:N4_BASE_BT_1"", ""xbee_enabled"": true, ""waiting_for_data"": true, ""kalman_data"": {""altitude"": 0, ""vertical_velocity"": 0}, ""kalman_altitude"": 0, ""kalman_vertical_velocity"": 0, ""communication_mode"": ""BEACON""}"
1768846234.721246,2026-01-19T21:10:34.721246,,,,,,,,,,,,,,,,,,,,,,,,,,BEACON,"{""type"": ""heartbeat"", ""uptime"": 257060, ""device_id"": ""ESP32:N4_BASE_BT_1"", ""xbee_enabled"": true, ""waiting_for_data"": true, ""kalman_data"": {""altitude"": 0, ""vertical_velocity"": 0}, ""kalman_altitude"": 0, ""kalman_vertical_velocity"": 0, ""communication_mode"": ""BEACON""}"
1768846235.112815,2026-01-19T21:10:35.112815,,,,,,,,,,,,,,,,,,,,,,,,,,BEACON,"{""type"": ""heartbeat"", ""uptime"": 257573, ""device_id"": ""ESP32:N4_BASE_BT_1"", ""xbee_enabled"": true, ""waiting_for_data"": true, ""kalman_data"": {""altitude"": 0, ""vertical_velocity"": 0}, ""kalman_altitude"": 0, ""kalman_vertical_velocity"": 0, ""communication_mode"": ""BEACON""}"
1768846235.394467,2026-01-19T21:10:35.394467,,,,,,,,,,,,,,,,,,,,,,,,,,BEACON,"{""type"": ""heartbeat"", ""uptime"": 258086, ""device_id"": ""ESP32:N4_BASE_BT_1"", ""xbee_enabled"": true, ""waiting_for_data"": true, ""kalman_data"": {""altitude"": 0, ""vertical_velocity"": 0}, ""kalman_altitude"": 0, ""kalman_vertical_velocity"": 0, ""communication_mode"": ""BEACON""}"
1768846235.887103,2026-01-19T21:10:35.887103,,,,,,,,,,,,,,,,,,,,,,,,,,BEACON,"{""type"": ""heartbeat"", ""uptime"": 258599, ""device_id"": ""ESP32:N4_BASE_BT_1"", ""xbee_enabled"": true, ""waiting_for_data"": true, ""kalman_data"": {""altitude"": 0, ""vertical_velocity"": 0}, ""kalman_altitude"": 0, ""kalman_vertical_velocity"": 0, ""communication_mode"": ""BEACON""}"
1768846236.921697,2026-01-19T21:10:36.921697,,,,,,,,,,,,,,,,,,,,,,,,,,BEACON,"{""type"": ""heartbeat"", ""uptime"": 259112, ""device_id"": ""ESP32:N4_BASE_BT_1"", ""xbee_enabled"": true, ""waiting_for_data"": true, ""kalman_data"": {""altitude"": 0, ""vertical_velocity"": 0}, ""kalman_altitude"": 0, ""kalman_vertical_velocity"": 0, ""communication_mode"": ""BEACON""}"
1768846237.150264,2026-01-19T21:10:37.150264,,,,,,,,,,,,,,,,,,,,,,,,,,BEACON,"{""type"": ""heartbeat"", ""uptime"": 259625, ""device_id"": ""ESP32:N4_BASE_BT_1"", ""xbee_enabled"": true, ""waiting_for_data"": true, ""kalman_data"": {""altitude"": 0, ""vertical_velocity"": 0}, ""kalman_altitude"": 0, ""kalman_vertical_velocity"": 0, ""communication_mode"": ""BEACON""}"
1768846237.395564,2026-01-19T21:10:37.395564,,,,,,,,,,,,,,,,,,,,,,,,,,BEACON,"{""type"": ""heartbeat"", ""uptime"": 260138, ""device_id"": ""ESP32:N4_BASE_BT_1"", ""xbee_enabled"": true, ""waiting_for_data"": true, ""kalman_data"": {""altitude"": 0, ""vertical_velocity"": 0}, ""kalman_altitude"": 0, ""kalman_vertical_velocity"": 0, ""communication_mode"": ""BEACON""}"
1768846238.015158,2026-01-19T21:10:38.015158,,,,,,,,,,,,,,,,,,,,,,,,,,BEACON,"{""type"": ""heartbeat"", ""uptime"": 260651, ""device_id"": ""ESP32:N4_BASE_BT_1"", ""xbee_enabled"": true, ""waiting_for_data"": true, ""kalman_data"": {""altitude"": 0, ""vertical_velocity"": 0}, ""kalman_altitude"": 0, ""kalman_vertical_velocity"": 0, ""communication_mode"": ""BEACON""}"
1768846239.152439,2026-01-19T21:10:39.152439,,,,,,,,,,,,,,,,,,,,,,,,,,BEACON,"{""type"": ""heartbeat"", ""uptime"": 261164, ""device_id"": ""ESP32:N4_BASE_BT_1"", ""xbee_enabled"": true, ""waiting_for_data"": true, ""kalman_data"": {""altitude"": 0, ""vertical_velocity"": 0}, ""kalman_altitude"": 0, ""kalman_vertical_velocity"": 0, ""communication_mode"": ""BEACON""}"
1768846239.285352,2026-01-19T21:10:39.285352,,,,,,,,,,,,,,,,,,,,,,,,,,BEACON,"{""type"": ""heartbeat"", ""uptime"": 261677, ""device_id"": ""ESP32:N4_BASE_BT_1"", ""xbee_enabled"": true, ""waiting_for_data"": true, ""kalman_data"": {""altitude"": 0, ""vertical_velocity"": 0}, ""kalman_altitude"": 0, ""kalman_vertical_velocity"": 0, ""communication_mode"": ""BEACON""}"
1768846239.800316,2026-01-19T21:10:39.800316,,,,,,,,,,,,,,,,,,,,,,,,,,BEACON,"{""type"": ""heartbeat"", ""uptime"": 262190, ""device_id"": ""ESP32:N4_BASE_BT_1"", ""xbee_enabled"": true, ""waiting_for_data"": true, ""kalman_data"": {""altitude"": 0, ""vertical_velocity"": 0}, ""kalman_altitude"": 0, ""kalman_vertical_velocity"": 0, ""communication_mode"": ""BEACON""}"
1768846241.546925,2026-01-19T21:10:41.546925,,,,,,,,,,,,,,,,,,,,,,,,,,BEACON,"{""type"": ""heartbeat"", ""uptime"": 262703, ""device_id"": ""ESP32:N4_BASE_BT_1"", ""xbee_enabled"": true, ""waiting_for_data"": true, ""kalman_data"": {""altitude"": 0, ""vertical_velocity"": 0}, ""kalman_altitude"": 0, ""kalman_vertical_velocity"": 0, ""communication_mode"": ""BEACON""}"
1768846242.00294,2026-01-19T21:10:42.002940,,,,,,,,,,,,,,,,,,,,,,,,,,BEACON,"{""type"": ""heartbeat"", ""uptime"": 263216, ""device_id"": ""ESP32:N4_BASE_BT_1"", ""xbee_enabled"": true, ""waiting_for_data"": true, ""kalman_data"": {""altitude"": 0, ""vertical_velocity"": 0}, ""kalman_altitude"": 0, ""kalman_vertical_velocity"": 0, ""communication_mode"": ""BEACON""}"
1768846242.498491,2026-01-19T21:10:42.498491,,,,,,,,,,,,,,,,,,,,,,,,,,BEACON,"{""type"": ""heartbeat"", ""uptime"": 263729, ""device_id"": ""ESP32:N4_BASE_BT_1"", ""xbee_enabled"": true, ""waiting_for_data"": true, ""kalman_data"": {""altitude"": 0, ""vertical_velocity"": 0}, ""kalman_altitude"": 0, ""kalman_vertical_velocity"": 0, ""communication_mode"": ""BEACON""}"
1768846243.102191,2026-01-19T21:10:43.102191,,,,,,,,,,,,,,,,,,,,,,,,,,BEACON,"{""type"": ""heartbeat"", ""uptime"": 264242, ""device_id"": ""ESP32:N4_BASE_BT_1"", ""xbee_enabled"": true, ""waiting_for_data"": true, ""kalman_data"": {""altitude"": 0, ""vertical_velocity"": 0}, ""kalman_altitude"": 0, ""kalman_vertical_velocity"": 0, ""communication_mode"": ""BEACON""}"
1768846243.852689,2026-01-19T21:10:43.852689,,,,,,,,,,,,,,,,,,,,,,,,,,BEACON,"{""type"": ""heartbeat"", ""uptime"": 264755, ""device_id"": ""ESP32:N4_BASE_BT_1"", ""xbee_enabled"": true, ""waiting_for_data"": true, ""kalman_data"": {""altitude"": 0, ""vertical_velocity"": 0}, ""kalman_altitude"": 0, ""kalman_vertical_velocity"": 0, ""communication_mode"": ""BEACON""}"
1768846244.982694,2026-01-19T21:10:44.982694,,,,,,,,,,,,,,,,,,,,,,,,,,BEACON,"{""type"": ""heartbeat"", ""uptime"": 265268, ""device_id"": ""ESP32:N4_BASE_BT_1"", ""xbee_enabled"": true, ""waiting_for_data"": true, ""kalman_data"": {""altitude"": 0, ""vertical_velocity"": 0}, ""kalman_altitude"": 0, ""kalman_vertical_velocity"": 0, ""communication_mode"": ""BEACON""}"
1768846247.112128,2026-01-19T21:10:47.112128,,,,,,,,,,,,,,,,,,,,,,,,,,BEACON,"{""type"": ""heartbeat"", ""uptime"": 265781, ""device_id"": ""ESP32:N4_BASE_BT_1"", ""xbee_enabled"": true, ""waiting_for_data"": true, ""kalman_data"": {""altitude"": 0, ""vertical_velocity"": 0}, ""kalman_altitude"": 0, ""kalman_vertical_velocity"": 0, ""communication_mode"": ""BEACON""}"
1768846247.58987,2026-01-19T21:10:47.589870,,,,,,,,,,,,,,,,,,,,,,,,,,BEACON,"{""type"": ""heartbeat"", ""uptime"": 266294, ""device_id"": ""ESP32:N4_BASE_BT_1"", ""xbee_enabled"": true, ""waiting_for_data"": true, ""kalman_data"": {""altitude"": 0, ""vertical_velocity"": 0}, ""kalman_altitude"": 0, ""kalman_vertical_velocity"": 0, ""communication_mode"": ""BEACON""}"
1768846247.964736,2026-01-19T21:10:47.964736,,,,,,,,,,,,,,,,,,,,,,,,,,BEACON,"{""type"": ""heartbeat"", ""uptime"": 266807, ""device_id"": ""ESP32:N4_BASE_BT_1"", ""xbee_enabled"": true, ""waiting_for_data"": true, ""kalman_data"": {""altitude"": 0, ""vertical_velocity"": 0}, ""kalman_altitude"": 0, ""kalman_vertical_velocity"": 0, ""communication_mode"": ""BEACON""}"
1768846250.431151,2026-01-19T21:10:50.431151,,,,,,,,,,,,,,,,,,,,,,,,,,BEACON,"{""type"": ""heartbeat"", ""uptime"": 267320, ""device_id"": ""ESP32:N4_BASE_BT_1"", ""xbee_enabled"": true, ""waiting_for_data"": true, ""kalman_data"": {""altitude"": 0, ""vertical_velocity"": 0}, ""kalman_altitude"": 0, ""kalman_vertical_velocity"": 0, ""communication_mode"": ""BEACON""}"
1768846251.502322,2026-01-19T21:10:51.502322,,,,,,,,,,,,,,,,,,,,,,,,,,BEACON,"{""type"": ""heartbeat"", ""uptime"": 267833, ""device_id"": ""ESP32:N4_BASE_BT_1"", ""xbee_enabled"": true, ""waiting_for_data"": true, ""kalman_data"": {""altitude"": 0, ""vertical_velocity"": 0}, ""kalman_altitude"": 0, ""kalman_vertical_velocity"": 0, ""communication_mode"": ""BEACON""}"
1768846252.266385,2026-01-19T21:10:52.266385,,,,,,,,,,,,,,,,,,,,,,,,,,BEACON,"{""type"": ""heartbeat"", ""uptime"": 268346, ""device_id"": ""ESP32:N4_BASE_BT_1"", ""xbee_enabled"": true, ""waiting_for_data"": true, ""kalman_data"": {""altitude"": 0, ""vertical_velocity"": 0}, ""kalman_altitude"": 0, ""kalman_vertical_velocity"": 0, ""communication_mode"": ""BEACON""}"
1768846252.715948,2026-01-19T21:10:52.715948,,,,,,,,,,,,,,,,,,,,,,,,,,BEACON,"{""type"": ""heartbeat"", ""uptime"": 268859, ""device_id"": ""ESP32:N4_BASE_BT_1"", ""xbee_enabled"": true, ""waiting_for_data"": true, ""kalman_data"": {""altitude"": 0, ""vertical_velocity"": 0}, ""kalman_altitude"": 0, ""kalman_vertical_velocity"": 0, ""communication_mode"": ""BEACON""}"
1768846253.234377,2026-01-19T21:10:53.234377,,,,,,,,,,,,,,,,,,,,,,,,,,BEACON,"{""type"": ""heartbeat"", ""uptime"": 269372, ""device_id"": ""ESP32:N4_BASE_BT_1"", ""xbee_enabled"": true, ""waiting_for_data"": true, ""kalman_data"": {""altitude"": 0, ""vertical_velocity"": 0}, ""kalman_altitude"": 0, ""kalman_vertical_velocity"": 0, ""communication_mode"": ""BEACON""}"
1768846253.849809,2026-01-19T21:10:53.849809,,,,,,,,,,,,,,,,,,,,,,,,,,BEACON,"{""type"": ""heartbeat"", ""uptime"": 269885, ""device_id"": ""ESP32:N4_BASE_BT_1"", ""xbee_enabled"": true, ""waiting_for_data"": true, ""kalman_data"": {""altitude"": 0, ""vertical_velocity"": 0}, ""kalman_altitude"": 0, ""kalman_vertical_velocity"": 0, ""communication_mode"": ""BEACON""}"
1768846254.100497,2026-01-19T21:10:54.100497,,,,,,,,,,,,,,,,,,,,,,,,,,BEACON,"{""type"": ""heartbeat"", ""uptime"": 270398, ""device_id"": ""ESP32:N4_BASE_BT_1"", ""xbee_enabled"": true, ""waiting_for_data"": true, ""kalman_data"": {""altitude"": 0, ""vertical_velocity"": 0}, ""kalman_altitude"": 0, ""kalman_vertical_velocity"": 0, ""communication_mode"": ""BEACON""}"
1768846254.413038,2026-01-19T21:10:54.413038,,,,,,,,,,,,,,,,,,,,,,,,,,BEACON,"{""type"": ""heartbeat"", ""uptime"": 270911, ""device_id"": ""ESP32:N4_BASE_BT_1"", ""xbee_enabled"": true, ""waiting_for_data"": true, ""kalman_data"": {""altitude"": 0, ""vertical_velocity"": 0}, ""kalman_altitude"": 0, ""kalman_vertical_velocity"": 0, ""communication_mode"": ""BEACON""}"
1768846254.756029,2026-01-19T21:10:54.756029,,,,,,,,,,,,,,,,,,,,,,,,,,BEACON,"{""type"": ""heartbeat"", ""uptime"": 271424, ""device_id"": ""ESP32:N4_BASE_BT_1"", ""xbee_enabled"": true, ""waiting_for_data"": true, ""kalman_data"": {""altitude"": 0, ""vertical_velocity"": 0}, ""kalman_altitude"": 0, ""kalman_vertical_velocity"": 0, ""communication_mode"": ""BEACON""}"
1768846254.965177,2026-01-19T21:10:54.965177,,,,,,,,,,,,,,,,,,,,,,,,,,BEACON,"{""type"": ""heartbeat"", ""uptime"": 271937, ""device_id"": ""ESP32:N4_BASE_BT_1"", ""xbee_enabled"": true, ""waiting_for_data"": true, ""kalman_data"": {""altitude"": 0, ""vertical_velocity"": 0}, ""kalman_altitude"": 0, ""kalman_vertical_velocity"": 0, ""communication_mode"": ""BEACON""}"
1768846255.425425,2026-01-19T21:10:55.425425,,,,,,,,,,,,,,,,,,,,,,,,,,BEACON,"{""type"": ""heartbeat"", ""uptime"": 272450, ""device_id"": ""ESP32:N4_BASE_BT_1"", ""xbee_enabled"": true, ""waiting_for_data"": true, ""kalman_data"": {""altitude"": 0, ""vertical_velocity"": 0}, ""kalman_altitude"": 0, ""kalman_vertical_velocity"": 0, ""communication_mode"": ""BEACON""}"
1768846255.544427,2026-01-19T21:10:55.544427,,,,,,,,,,,,,,,,,,,,,,,,,,BEACON,"{""type"": ""heartbeat"", ""uptime"": 272963, ""device_id"": ""ESP32:N4_BASE_BT_1"", ""xbee_enabled"": true, ""waiting_for_data"": true, ""kalman_data"": {""altitude"": 0, ""vertical_velocity"": 0}, ""kalman_altitude"": 0, ""kalman_vertical_velocity"": 0, ""communication_mode"": ""BEACON""}"
1768846255.714957,2026-01-19T21:10:55.714957,,,,,,,,,,,,,,,,,,,,,,,,,,BEACON,"{""type"": ""heartbeat"", ""uptime"": 273476, ""device_id"": ""ESP32:N4_BASE_BT_1"", ""xbee_enabled"": true, ""waiting_for_data"": true, ""kalman_data"": {""altitude"": 0, ""vertical_velocity"": 0}, ""kalman_altitude"": 0, ""kalman_vertical_velocity"": 0, ""communication_mode"": ""BEACON""}"
1768846255.768892,2026-01-19T21:10:55.768892,,,,,,,,,,,,,,,,,,,,,,,,,,BEACON,"{""type"": ""heartbeat"", ""uptime"": 273989, ""device_id"": ""ESP32:N4_BASE_BT_1"", ""xbee_enabled"": true, ""waiting_for_data"": true, ""kalman_data"": {""altitude"": 0, ""vertical_velocity"": 0}, ""kalman_altitude"": 0, ""kalman_vertical_velocity"": 0, ""communication_mode"": ""BEACON""}"
1768846255.782892,2026-01-19T21:10:55.782892,,,,,,,,,,,,,,,,,,,,,,,,,,BEACON,"{""type"": ""heartbeat"", ""uptime"": 274502, ""device_id"": ""ESP32:N4_BASE_BT_1"", ""xbee_enabled"": true, ""waiting_for_data"": true, ""kalman_data"": {""altitude"": 0, ""vertical_velocity"": 0}, ""kalman_altitude"": 0, ""kalman_vertical_velocity"": 0, ""communication_mode"": ""BEACON""}"
1768846256.007739,2026-01-19T21:10:56.007739,,,,,,,,,,,,,,,,,,,,,,,,,,BEACON,"{""type"": ""heartbeat"", ""uptime"": 275015, ""device_id"": ""ESP32:N4_BASE_BT_1"", ""xbee_enabled"": true, ""waiting_for_data"": true, ""kalman_data"": {""altitude"": 0, ""vertical_velocity"": 0}, ""kalman_altitude"": 0, ""kalman_vertical_velocity"": 0, ""communication_mode"": ""BEACON""}"
1768846256.133494,2026-01-19T21:10:56.133494,,,,,,,,,,,,,,,,,,,,,,,,,,BEACON,"{""type"": ""heartbeat"", ""uptime"": 275528, ""device_id"": ""ESP32:N4_BASE_BT_1"", ""xbee_enabled"": true, ""waiting_for_data"": true, ""kalman_data"": {""altitude"": 0, ""vertical_velocity"": 0}, ""kalman_altitude"": 0, ""kalman_vertical_velocity"": 0, ""communication_mode"": ""BEACON""}"
1768846256.212612,2026-01-19T21:10:56.212612,,,,,,,,,,,,,,,,,,,,,,,,,,BEACON,"{""type"": ""heartbeat"", ""uptime"": 276041, ""device_id"": ""ESP32:N4_BASE_BT_1"", ""xbee_enabled"": true, ""waiting_for_data"": true, ""kalman_data"": {""altitude"": 0, ""vertical_velocity"": 0}, ""kalman_altitude"": 0, ""kalman_vertical_velocity"": 0, ""communication_mode"": ""BEACON""}"
1768846256.233614,2026-01-19T21:10:56.233614,,,,,,,,,,,,,,,,,,,,,,,,,,BEACON,"{""type"": ""heartbeat"", ""uptime"": 276554, ""device_id"": ""ESP32:N4_BASE_BT_1"", ""xbee_enabled"": true, ""waiting_for_data"": true, ""kalman_data"": {""altitude"": 0, ""vertical_velocity"": 0}, ""kalman_altitude"": 0, ""kalman_vertical_velocity"": 0, ""communication_mode"": ""BEACON""}"
1768846256.246614,2026-01-19T21:10:56.246614,,,,,,,,,,,,,,,,,,,,,,,,,,BEACON,"{""type"": ""heartbeat"", ""uptime"": 277067, ""device_id"": ""ESP32:N4_BASE_BT_1"", ""xbee_enabled"": true, ""waiting_for_data"": true, ""kalman_data"": {""altitude"": 0, ""vertical_velocity"": 0}, ""kalman_altitude"": 0, ""kalman_vertical_velocity"": 0, ""communication_mode"": ""BEACON""}"
1768846256.277614,2026-01-19T21:10:56.277614,,,,,,,,,,,,,,,,,,,,,,,,,,BEACON,"{""type"": ""heartbeat"", ""uptime"": 277580, ""device_id"": ""ESP32:N4_BASE_BT_1"", ""xbee_enabled"": true, ""waiting_for_data"": true, ""kalman_data"": {""altitude"": 0, ""vertical_velocity"": 0}, ""kalman_altitude"": 0, ""kalman_vertical_velocity"": 0, ""communication_mode"": ""BEACON""}"
1768846256.301203,2026-01-19T21:10:56.301203,,,,,,,,,,,,,,,,,,,,,,,,,,BEACON,"{""type"": ""heartbeat"", ""uptime"": 278093, ""device_id"": ""ESP32:N4_BASE_BT_1"", ""xbee_enabled"": true, ""waiting_for_data"": true, ""kalman_data"": {""altitude"": 0, ""vertical_velocity"": 0}, ""kalman_altitude"": 0, ""kalman_vertical_velocity"": 0, ""communication_mode"": ""BEACON""}"
1768846256.332446,2026-01-19T21:10:56.332446,,,,,,,,,,,,,,,,,,,,,,,,,,BEACON,"{""type"": ""heartbeat"", ""uptime"": 278606, ""device_id"": ""ESP32:N4_BASE_BT_1"", ""xbee_enabled"": true, ""waiting_for_data"": true, ""kalman_data"": {""altitude"": 0, ""vertical_velocity"": 0}, ""kalman_altitude"": 0, ""kalman_vertical_velocity"": 0, ""communication_mode"": ""BEACON""}"
1768846256.466709,2026-01-19T21:10:56.466709,,,,,,,,,,,,,,,,,,,,,,,,,,BEACON,"{""type"": ""heartbeat"", ""uptime"": 279119, ""device_id"": ""ESP32:N4_BASE_BT_1"", ""xbee_enabled"": true, ""waiting_for_data"": true, ""kalman_data"": {""altitude"": 0, ""vertical_velocity"": 0}, ""kalman_altitude"": 0, ""kalman_vertical_velocity"": 0, ""communication_mode"": ""BEACON""}"
1768846257.095817,2026-01-19T21:10:57.095817,,,,,,,,,,,,,,,,,,,,,,,,,,BEACON,"{""type"": ""heartbeat"", ""uptime"": 279632, ""device_id"": ""ESP32:N4_BASE_BT_1"", ""xbee_enabled"": true, ""waiting_for_data"": true, ""kalman_data"": {""altitude"": 0, ""vertical_velocity"": 0}, ""kalman_altitude"": 0, ""kalman_vertical_velocity"": 0, ""communication_mode"": ""BEACON""}"
1768846257.611077,2026-01-19T21:10:57.611077,,,,,,,,,,,,,,,,,,,,,,,,,,BEACON,"{""type"": ""heartbeat"", ""uptime"": 280145, ""device_id"": ""ESP32:N4_BASE_BT_1"", ""xbee_enabled"": true, ""waiting_for_data"": true, ""kalman_data"": {""altitude"": 0, ""vertical_velocity"": 0}, ""kalman_altitude"": 0, ""kalman_vertical_velocity"": 0, ""communication_mode"": ""BEACON""}"
1768846257.921981,2026-01-19T21:10:57.921981,,,,,,,,,,,,,,,,,,,,,,,,,,BEACON,"{""type"": ""heartbeat"", ""uptime"": 280658, ""device_id"": ""ESP32:N4_BASE_BT_1"", ""xbee_enabled"": true, ""waiting_for_data"": true, ""kalman_data"": {""altitude"": 0, ""vertical_velocity"": 0}, ""kalman_altitude"": 0, ""kalman_vertical_velocity"": 0, ""communication_mode"": ""BEACON""}"
1768846259.767498,2026-01-19T21:10:59.767498,,,,,,,,,,,,,,,,,,,,,,,,,,BEACON,"{""type"": ""heartbeat"", ""uptime"": 281171, ""device_id"": ""ESP32:N4_BASE_BT_1"", ""xbee_enabled"": true, ""waiting_for_data"": true, ""kalman_data"": {""altitude"": 0, ""vertical_velocity"": 0}, ""kalman_altitude"": 0, ""kalman_vertical_velocity"": 0, ""communication_mode"": ""BEACON""}"
1768846260.127344,2026-01-19T21:11:00.127344,,,,,,,,,,,,,,,,,,,,,,,,,,BEACON,"{""type"": ""heartbeat"", ""uptime"": 281684, ""device_id"": ""ESP32:N4_BASE_BT_1"", ""xbee_enabled"": true, ""waiting_for_data"": true, ""kalman_data"": {""altitude"": 0, ""vertical_velocity"": 0}, ""kalman_altitude"": 0, ""kalman_vertical_velocity"": 0, ""communication_mode"": ""BEACON""}"
1768846260.376746,2026-01-19T21:11:00.376746,,,,,,,,,,,,,,,,,,,,,,,,,,BEACON,"{""type"": ""heartbeat"", ""uptime"": 282197, ""device_id"": ""ESP32:N4_BASE_BT_1"", ""xbee_enabled"": true, ""waiting_for_data"": true, ""kalman_data"": {""altitude"": 0, ""vertical_velocity"": 0}, ""kalman_altitude"": 0, ""kalman_vertical_velocity"": 0, ""communication_mode"": ""BEACON""}"
1768846260.634373,2026-01-19T21:11:00.634373,,,,,,,,,,,,,,,,,,,,,,,,,,BEACON,"{""type"": ""heartbeat"", ""uptime"": 282710, ""device_id"": ""ESP32:N4_BASE_BT_1"", ""xbee_enabled"": true, ""waiting_for_data"": true, ""kalman_data"": {""altitude"": 0, ""vertical_velocity"": 0}, ""kalman_altitude"": 0, ""kalman_vertical_velocity"": 0, ""communication_mode"": ""BEACON""}"
1768846260.9557,2026-01-19T21:11:00.955700,,,,,,,,,,,,,,,,,,,,,,,,,,BEACON,"{""type"": ""heartbeat"", ""uptime"": 283223, ""device_id"": ""ESP32:N4_BASE_BT_1"", ""xbee_enabled"": true, ""waiting_for_data"": true, ""kalman_data"": {""altitude"": 0, ""vertical_velocity"": 0}, ""kalman_altitude"": 0, ""kalman_vertical_velocity"": 0, ""communication_mode"": ""BEACON""}"
1768846261.517261,2026-01-19T21:11:01.517261,,,,,,,,,,,,,,,,,,,,,,,,,,BEACON,"{""type"": ""heartbeat"", ""uptime"": 283736, ""device_id"": ""ESP32:N4_BASE_BT_1"", ""xbee_enabled"": true, ""waiting_for_data"": true, ""kalman_data"": {""altitude"": 0, ""vertical_velocity"": 0}, ""kalman_altitude"": 0, ""kalman_vertical_velocity"": 0, ""communication_mode"": ""BEACON""}"
1768846261.850257,2026-01-19T21:11:01.850257,,,,,,,,,,,,,,,,,,,,,,,,,,BEACON,"{""type"": ""heartbeat"", ""uptime"": 284249, ""device_id"": ""ESP32:N4_BASE_BT_1"", ""xbee_enabled"": true, ""waiting_for_data"": true, ""kalman_data"": {""altitude"": 0, ""vertical_velocity"": 0}, ""kalman_altitude"": 0, ""kalman_vertical_velocity"": 0, ""communication_mode"": ""BEACON""}"
1768846262.117296,2026-01-19T21:11:02.117296,,,,,,,,,,,,,,,,,,,,,,,,,,BEACON,"{""type"": ""heartbeat"", ""uptime"": 284762, ""device_id"": ""ESP32:N4_BASE_BT_1"", ""xbee_enabled"": true, ""waiting_for_data"": true, ""kalman_data"": {""altitude"": 0, ""vertical_velocity"": 0}, ""kalman_altitude"": 0, ""kalman_vertical_velocity"": 0, ""communication_mode"": ""BEACON""}"
1768846262.658931,2026-01-19T21:11:02.658931,,,,,,,,,,,,,,,,,,,,,,,,,,BEACON,"{""type"": ""heartbeat"", ""uptime"": 285275, ""device_id"": ""ESP32:N4_BASE_BT_1"", ""xbee_enabled"": true, ""waiting_for_data"": true, ""kalman_data"": {""altitude"": 0, ""vertical_velocity"": 0}, ""kalman_altitude"": 0, ""kalman_vertical_velocity"": 0, ""communication_mode"": ""BEACON""}"
1768846263.087801,2026-01-19T21:11:03.087801,,,,,,,,,,,,,,,,,,,,,,,,,,BEACON,"{""type"": ""heartbeat"", ""uptime"": 285788, ""device_id"": ""ESP32:N4_BASE_BT_1"", ""xbee_enabled"": true, ""waiting_for_data"": true, ""kalman_data"": {""altitude"": 0, ""vertical_velocity"": 0}, ""kalman_altitude"": 0, ""kalman_vertical_velocity"": 0, ""communication_mode"": ""BEACON""}"
1768846263.794642,2026-01-19T21:11:03.794642,,,,,,,,,,,,,,,,,,,,,,,,,,BEACON,"{""type"": ""heartbeat"", ""uptime"": 286301, ""device_id"": ""ESP32:N4_BASE_BT_1"", ""xbee_enabled"": true, ""waiting_for_data"": true, ""kalman_data"": {""altitude"": 0, ""vertical_velocity"": 0}, ""kalman_altitude"": 0, ""kalman_vertical_velocity"": 0, ""communication_mode"": ""BEACON""}"
1768846264.556243,2026-01-19T21:11:04.556243,,,,,,,,,,,,,,,,,,,,,,,,,,BEACON,"{""type"": ""heartbeat"", ""uptime"": 286814, ""device_id"": ""ESP32:N4_BASE_BT_1"", ""xbee_enabled"": true, ""waiting_for_data"": true, ""kalman_data"": {""altitude"": 0, ""vertical_velocity"": 0}, ""kalman_altitude"": 0, ""kalman_vertical_velocity"": 0, ""communication_mode"": ""BEACON""}"
1768846264.848297,2026-01-19T21:11:04.848297,,,,,,,,,,,,,,,,,,,,,,,,,,BEACON,"{""type"": ""heartbeat"", ""uptime"": 287327, ""device_id"": ""ESP32:N4_BASE_BT_1"", ""xbee_enabled"": true, ""waiting_for_data"": true, ""kalman_data"": {""altitude"": 0, ""vertical_velocity"": 0}, ""kalman_altitude"": 0, ""kalman_vertical_velocity"": 0, ""communication_mode"": ""BEACON""}"
1768846265.133348,2026-01-19T21:11:05.133348,,,,,,,,,,,,,,,,,,,,,,,,,,BEACON,"{""type"": ""heartbeat"", ""uptime"": 287840, ""device_id"": ""ESP32:N4_BASE_BT_1"", ""xbee_enabled"": true, ""waiting_for_data"": true, ""kalman_data"": {""altitude"": 0, ""vertical_velocity"": 0}, ""kalman_altitude"": 0, ""kalman_vertical_velocity"": 0, ""communication_mode"": ""BEACON""}"
1768846265.70113,2026-01-19T21:11:05.701130,,,,,,,,,,,,,,,,,,,,,,,,,,BEACON,"{""type"": ""heartbeat"", ""uptime"": 288353, ""device_id"": ""ESP32:N4_BASE_BT_1"", ""xbee_enabled"": true, ""waiting_for_data"": true, ""kalman_data"": {""altitude"": 0, ""vertical_velocity"": 0}, ""kalman_altitude"": 0, ""kalman_vertical_velocity"": 0, ""communication_mode"": ""BEACON""}"
1768846267.691063,2026-01-19T21:11:07.691063,,,,,,,,,,,,,,,,,,,,,,,,,,BEACON,"{""type"": ""heartbeat"", ""uptime"": 288866, ""device_id"": ""ESP32:N4_BASE_BT_1"", ""xbee_enabled"": true, ""waiting_for_data"": true, ""kalman_data"": {""altitude"": 0, ""vertical_velocity"": 0}, ""kalman_altitude"": 0, ""kalman_vertical_velocity"": 0, ""communication_mode"": ""BEACON""}"
1768846268.083343,2026-01-19T21:11:08.083343,,,,,,,,,,,,,,,,,,,,,,,,,,BEACON,"{""type"": ""heartbeat"", ""uptime"": 289379, ""device_id"": ""ESP32:N4_BASE_BT_1"", ""xbee_enabled"": true, ""waiting_for_data"": true, ""kalman_data"": {""altitude"": 0, ""vertical_velocity"": 0}, ""kalman_altitude"": 0, ""kalman_vertical_velocity"": 0, ""communication_mode"": ""BEACON""}"
1768846268.460241,2026-01-19T21:11:08.460241,,,,,,,,,,,,,,,,,,,,,,,,,,BEACON,"{""type"": ""heartbeat"", ""uptime"": 289892, ""device_id"": ""ESP32:N4_BASE_BT_1"", ""xbee_enabled"": true, ""waiting_for_data"": true, ""kalman_data"": {""altitude"": 0, ""vertical_velocity"": 0}, ""kalman_altitude"": 0, ""kalman_vertical_velocity"": 0, ""communication_mode"": ""BEACON""}"
1768846268.728649,2026-01-19T21:11:08.728649,,,,,,,,,,,,,,,,,,,,,,,,,,BEACON,"{""type"": ""heartbeat"", ""uptime"": 290405, ""device_id"": ""ESP32:N4_BASE_BT_1"", ""xbee_enabled"": true, ""waiting_for_data"": true, ""kalman_data"": {""altitude"": 0, ""vertical_velocity"": 0}, ""kalman_altitude"": 0, ""kalman_vertical_velocity"": 0, ""communication_mode"": ""BEACON""}"
1768846268.831405,2026-01-19T21:11:08.831405,,,,,,,,,,,,,,,,,,,,,,,,,,BEACON,"{""type"": ""heartbeat"", ""uptime"": 290918, ""device_id"": ""ESP32:N4_BASE_BT_1"", ""xbee_enabled"": true, ""waiting_for_data"": true, ""kalman_data"": {""altitude"": 0, ""vertical_velocity"": 0}, ""kalman_altitude"": 0, ""kalman_vertical_velocity"": 0, ""communication_mode"": ""BEACON""}"
1768846269.077428,2026-01-19T21:11:09.077428,,,,,,,,,,,,,,,,,,,,,,,,,,BEACON,"{""type"": ""heartbeat"", ""uptime"": 291431, ""device_id"": ""ESP32:N4_BASE_BT_1"", ""xbee_enabled"": true, ""waiting_for_data"": true, ""kalman_data"": {""altitude"": 0, ""vertical_velocity"": 0}, ""kalman_altitude"": 0, ""kalman_vertical_velocity"": 0, ""communication_mode"": ""BEACON""}"
1768846269.428257,2026-01-19T21:11:09.428257,,,,,,,,,,,,,,,,,,,,,,,,,,BEACON,"{""type"": ""heartbeat"", ""uptime"": 291944, ""device_id"": ""ESP32:N4_BASE_BT_1"", ""xbee_enabled"": true, ""waiting_for_data"": true, ""kalman_data"": {""altitude"": 0, ""vertical_velocity"": 0}, ""kalman_altitude"": 0, ""kalman_vertical_velocity"": 0, ""communication_mode"": ""BEACON""}"
1768846269.744982,2026-01-19T21:11:09.744982,,,,,,,,,,,,,,,,,,,,,,,,,,BEACON,"{""type"": ""heartbeat"", ""uptime"": 292457, ""device_id"": ""ESP32:N4_BASE_BT_1"", ""xbee_enabled"": true, ""waiting_for_data"": true, ""kalman_data"": {""altitude"": 0, ""vertical_velocity"": 0}, ""kalman_altitude"": 0, ""kalman_vertical_velocity"": 0, ""communication_mode"": ""BEACON""}"
1768846270.249364,2026-01-19T21:11:10.249364,,,,,,,,,,,,,,,,,,,,,,,,,,BEACON,"{""type"": ""heartbeat"", ""uptime"": 292970, ""device_id"": ""ESP32:N4_BASE_BT_1"", ""xbee_enabled"": true, ""waiting_for_data"": true, ""kalman_data"": {""altitude"": 0, ""vertical_velocity"": 0}, ""kalman_altitude"": 0, ""kalman_vertical_velocity"": 0, ""communication_mode"": ""BEACON""}"
1768846270.963036,2026-01-19T21:11:10.963036,,,,,,,,,,,,,,,,,,,,,,,,,,BEACON,"{""type"": ""heartbeat"", ""uptime"": 293483, ""device_id"": ""ESP32:N4_BASE_BT_1"", ""xbee_enabled"": true, ""waiting_for_data"": true, ""kalman_data"": {""altitude"": 0, ""vertical_velocity"": 0}, ""kalman_altitude"": 0, ""kalman_vertical_velocity"": 0, ""communication_mode"": ""BEACON""}"
1768846271.282844,2026-01-19T21:11:11.282844,,,,,,,,,,,,,,,,,,,,,,,,,,BEACON,"{""type"": ""heartbeat"", ""uptime"": 293996, ""device_id"": ""ESP32:N4_BASE_BT_1"", ""xbee_enabled"": true, ""waiting_for_data"": true, ""kalman_data"": {""altitude"": 0, ""vertical_velocity"": 0}, ""kalman_altitude"": 0, ""kalman_vertical_velocity"": 0, ""communication_mode"": ""BEACON""}"
1768846271.766363,2026-01-19T21:11:11.766363,,,,,,,,,,,,,,,,,,,,,,,,,,BEACON,"{""type"": ""heartbeat"", ""uptime"": 294509, ""device_id"": ""ESP32:N4_BASE_BT_1"", ""xbee_enabled"": true, ""waiting_for_data"": true, ""kalman_data"": {""altitude"": 0, ""vertical_velocity"": 0}, ""kalman_altitude"": 0, ""kalman_vertical_velocity"": 0, ""communication_mode"": ""BEACON""}"
1768846272.954574,2026-01-19T21:11:12.954574,,,,,,,,,,,,,,,,,,,,,,,,,,BEACON,"{""type"": ""heartbeat"", ""uptime"": 295022, ""device_id"": ""ESP32:N4_BASE_BT_1"", ""xbee_enabled"": true, ""waiting_for_data"": true, ""kalman_data"": {""altitude"": 0, ""vertical_velocity"": 0}, ""kalman_altitude"": 0, ""kalman_vertical_velocity"": 0, ""communication_mode"": ""BEACON""}"
1768846273.046067,2026-01-19T21:11:13.046067,,,,,,,,,,,,,,,,,,,,,,,,,,BEACON,"{""type"": ""heartbeat"", ""uptime"": 295535, ""device_id"": ""ESP32:N4_BASE_BT_1"", ""xbee_enabled"": true, ""waiting_for_data"": true, ""kalman_data"": {""altitude"": 0, ""vertical_velocity"": 0}, ""kalman_altitude"": 0, ""kalman_vertical_velocity"": 0, ""communication_mode"": ""BEACON""}"
1768846273.314153,2026-01-19T21:11:13.314153,,,,,,,,,,,,,,,,,,,,,,,,,,BEACON,"{""type"": ""heartbeat"", ""uptime"": 296048, ""device_id"": ""ESP32:N4_BASE_BT_1"", ""xbee_enabled"": true, ""waiting_for_data"": true, ""kalman_data"": {""altitude"": 0, ""vertical_velocity"": 0}, ""kalman_altitude"": 0, ""kalman_vertical_velocity"": 0, ""communication_mode"": ""BEACON""}"
1768846274.696479,2026-01-19T21:11:14.696479,,,,,,,,,,,,,,,,,,,,,,,,,,BEACON,"{""type"": ""heartbeat"", ""uptime"": 296561, ""device_id"": ""ESP32:N4_BASE_BT_1"", ""xbee_enabled"": true, ""waiting_for_data"": true, ""kalman_data"": {""altitude"": 0, ""vertical_velocity"": 0}, ""kalman_altitude"": 0, ""kalman_vertical_velocity"": 0, ""communication_mode"": ""BEACON""}"
1768846275.697617,2026-01-19T21:11:15.697617,,,,,,,,,,,,,,,,,,,,,,,,,,BEACON,"{""type"": ""heartbeat"", ""uptime"": 297074, ""device_id"": ""ESP32:N4_BASE_BT_1"", ""xbee_enabled"": true, ""waiting_for_data"": true, ""kalman_data"": {""altitude"": 0, ""vertical_velocity"": 0}, ""kalman_altitude"": 0, ""kalman_vertical_velocity"": 0, ""communication_mode"": ""BEACON""}"
1768846275.977272,2026-01-19T21:11:15.977272,,,,,,,,,,,,,,,,,,,,,,,,,,BEACON,"{""type"": ""heartbeat"", ""uptime"": 297587, ""device_id"": ""ESP32:N4_BASE_BT_1"", ""xbee_enabled"": true, ""waiting_for_data"": true, ""kalman_data"": {""altitude"": 0, ""vertical_velocity"": 0}, ""kalman_altitude"": 0, ""kalman_vertical_velocity"": 0, ""communication_mode"": ""BEACON""}"
1768846276.195571,2026-01-19T21:11:16.195571,,,,,,,,,,,,,,,,,,,,,,,,,,BEACON,"{""type"": ""heartbeat"", ""uptime"": 298100, ""device_id"": ""ESP32:N4_BASE_BT_1"", ""xbee_enabled"": true, ""waiting_for_data"": true, ""kalman_data"": {""altitude"": 0, ""vertical_velocity"": 0}, ""kalman_altitude"": 0, ""kalman_vertical_velocity"": 0, ""communication_mode"": ""BEACON""}"
1768846276.280569,2026-01-19T21:11:16.280569,,,,,,,,,,,,,,,,,,,,,,,,,,BEACON,"{""type"": ""heartbeat"", ""uptime"": 298613, ""device_id"": ""ESP32:N4_BASE_BT_1"", ""xbee_enabled"": true, ""waiting_for_data"": true, ""kalman_data"": {""altitude"": 0, ""vertical_velocity"": 0}, ""kalman_altitude"": 0, ""kalman_vertical_velocity"": 0, ""communication_mode"": ""BEACON""}"
1768846276.46577,2026-01-19T21:11:16.465770,,,,,,,,,,,,,,,,,,,,,,,,,,BEACON,"{""type"": ""heartbeat"", ""uptime"": 299126, ""device_id"": ""ESP32:N4_BASE_BT_1"", ""xbee_enabled"": true, ""waiting_for_data"": true, ""kalman_data"": {""altitude"": 0, ""vertical_velocity"": 0}, ""kalman_altitude"": 0, ""kalman_vertical_velocity"": 0, ""communication_mode"": ""BEACON""}"
1768846277.470337,2026-01-19T21:11:17.470337,,,,,,,,,,,,,,,,,,,,,,,,,,BEACON,"{""type"": ""heartbeat"", ""uptime"": 299639, ""device_id"": ""ESP32:N4_BASE_BT_1"", ""xbee_enabled"": true, ""waiting_for_data"": true, ""kalman_data"": {""altitude"": 0, ""vertical_velocity"": 0}, ""kalman_altitude"": 0, ""kalman_vertical_velocity"": 0, ""communication_mode"": ""BEACON""}"
1768846277.691584,2026-01-19T21:11:17.691584,,,,,,,,,,,,,,,,,,,,,,,,,,BEACON,"{""type"": ""heartbeat"", ""uptime"": 300152, ""device_id"": ""ESP32:N4_BASE_BT_1"", ""xbee_enabled"": true, ""waiting_for_data"": true, ""kalman_data"": {""altitude"": 0, ""vertical_velocity"": 0}, ""kalman_altitude"": 0, ""kalman_vertical_velocity"": 0, ""communication_mode"": ""BEACON""}"
1768846277.963773,2026-01-19T21:11:17.963773,,,,,,,,,,,,,,,,,,,,,,,,,,BEACON,"{""type"": ""heartbeat"", ""uptime"": 300665, ""device_id"": ""ESP32:N4_BASE_BT_1"", ""xbee_enabled"": true, ""waiting_for_data"": true, ""kalman_data"": {""altitude"": 0, ""vertical_velocity"": 0}, ""kalman_altitude"": 0, ""kalman_vertical_velocity"": 0, ""communication_mode"": ""BEACON""}"
1768846278.464013,2026-01-19T21:11:18.464013,,,,,,,,,,,,,,,,,,,,,,,,,,BEACON,"{""type"": ""heartbeat"", ""uptime"": 301178, ""device_id"": ""ESP32:N4_BASE_BT_1"", ""xbee_enabled"": true, ""waiting_for_data"": true, ""kalman_data"": {""altitude"": 0, ""vertical_velocity"": 0}, ""kalman_altitude"": 0, ""kalman_vertical_velocity"": 0, ""communication_mode"": ""BEACON""}"
1768846279.095123,2026-01-19T21:11:19.095123,,,,,,,,,,,,,,,,,,,,,,,,,,BEACON,"{""type"": ""heartbeat"", ""uptime"": 301691, ""device_id"": ""ESP32:N4_BASE_BT_1"", ""xbee_enabled"": true, ""waiting_for_data"": true, ""kalman_data"": {""altitude"": 0, ""vertical_velocity"": 0}, ""kalman_altitude"": 0, ""kalman_vertical_velocity"": 0, ""communication_mode"": ""BEACON""}"
1768846279.497611,2026-01-19T21:11:19.497611,,,,,,,,,,,,,,,,,,,,,,,,,,BEACON,"{""type"": ""heartbeat"", ""uptime"": 302204, ""device_id"": ""ESP32:N4_BASE_BT_1"", ""xbee_enabled"": true, ""waiting_for_data"": true, ""kalman_data"": {""altitude"": 0, ""vertical_velocity"": 0}, ""kalman_altitude"": 0, ""kalman_vertical_velocity"": 0, ""communication_mode"": ""BEACON""}"
1768846279.988848,2026-01-19T21:11:19.988848,,,,,,,,,,,,,,,,,,,,,,,,,,BEACON,"{""type"": ""heartbeat"", ""uptime"": 302717, ""device_id"": ""ESP32:N4_BASE_BT_1"", ""xbee_enabled"": true, ""waiting_for_data"": true, ""kalman_data"": {""altitude"": 0, ""vertical_velocity"": 0}, ""kalman_altitude"": 0, ""kalman_vertical_velocity"": 0, ""communication_mode"": ""BEACON""}"
1768846280.653921,2026-01-19T21:11:20.653921,,,,,,,,,,,,,,,,,,,,,,,,,,BEACON,"{""type"": ""heartbeat"", ""uptime"": 303230, ""device_id"": ""ESP32:N4_BASE_BT_1"", ""xbee_enabled"": true, ""waiting_for_data"": true, ""kalman_data"": {""altitude"": 0, ""vertical_velocity"": 0}, ""kalman_altitude"": 0, ""kalman_vertical_velocity"": 0, ""communication_mode"": ""BEACON""}"
1768846281.031634,2026-01-19T21:11:21.031634,,,,,,,,,,,,,,,,,,,,,,,,,,BEACON,"{""type"": ""heartbeat"", ""uptime"": 303743, ""device_id"": ""ESP32:N4_BASE_BT_1"", ""xbee_enabled"": true, ""waiting_for_data"": true, ""kalman_data"": {""altitude"": 0, ""vertical_velocity"": 0}, ""kalman_altitude"": 0, ""kalman_vertical_velocity"": 0, ""communication_mode"": ""BEACON""}"
1768846281.813776,2026-01-19T21:11:21.813776,,,,,,,,,,,,,,,,,,,,,,,,,,BEACON,"{""type"": ""heartbeat"", ""uptime"": 304256, ""device_id"": ""ESP32:N4_BASE_BT_1"", ""xbee_enabled"": true, ""waiting_for_data"": true, ""kalman_data"": {""altitude"": 0, ""vertical_velocity"": 0}, ""kalman_altitude"": 0, ""kalman_vertical_velocity"": 0, ""communication_mode"": ""BEACON""}"
1768846282.345676,2026-01-19T21:11:22.345676,,,,,,,,,,,,,,,,,,,,,,,,,,BEACON,"{""type"": ""heartbeat"", ""uptime"": 304769, ""device_id"": ""ESP32:N4_BASE_BT_1"", ""xbee_enabled"": true, ""waiting_for_data"": true, ""kalman_data"": {""altitude"": 0, ""vertical_velocity"": 0}, ""kalman_altitude"": 0, ""kalman_vertical_velocity"": 0, ""communication_mode"": ""BEACON""}"
1768846283.546281,2026-01-19T21:11:23.546281,,,,,,,,,,,,,,,,,,,,,,,,,,BEACON,"{""type"": ""heartbeat"", ""uptime"": 305282, ""device_id"": ""ESP32:N4_BASE_BT_1"", ""xbee_enabled"": true, ""waiting_for_data"": true, ""kalman_data"": {""altitude"": 0, ""vertical_velocity"": 0}, ""kalman_altitude"": 0, ""kalman_vertical_velocity"": 0, ""communication_mode"": ""BEACON""}"
1768846283.99257,2026-01-19T21:11:23.992570,,,,,,,,,,,,,,,,,,,,,,,,,,BEACON,"{""type"": ""heartbeat"", ""uptime"": 305795, ""device_id"": ""ESP32:N4_BASE_BT_1"", ""xbee_enabled"": true, ""waiting_for_data"": true, ""kalman_data"": {""altitude"": 0, ""vertical_velocity"": 0}, ""kalman_altitude"": 0, ""kalman_vertical_velocity"": 0, ""communication_mode"": ""BEACON""}"
1768846284.370537,2026-01-19T21:11:24.370537,,,,,,,,,,,,,,,,,,,,,,,,,,BEACON,"{""type"": ""heartbeat"", ""uptime"": 306308, ""device_id"": ""ESP32:N4_BASE_BT_1"", ""xbee_enabled"": true, ""waiting_for_data"": true, ""kalman_data"": {""altitude"": 0, ""vertical_velocity"": 0}, ""kalman_altitude"": 0, ""kalman_vertical_velocity"": 0, ""communication_mode"": ""BEACON""}"
1768846284.695169,2026-01-19T21:11:24.695169,,,,,,,,,,,,,,,,,,,,,,,,,,BEACON,"{""type"": ""heartbeat"", ""uptime"": 306821, ""device_id"": ""ESP32:N4_BASE_BT_1"", ""xbee_enabled"": true, ""waiting_for_data"": true, ""kalman_data"": {""altitude"": 0, ""vertical_velocity"": 0}, ""kalman_altitude"": 0, ""kalman_vertical_velocity"": 0, ""communication_mode"": ""BEACON""}"
1768846284.871137,2026-01-19T21:11:24.871137,,,,,,,,,,,,,,,,,,,,,,,,,,BEACON,"{""type"": ""heartbeat"", ""uptime"": 307334, ""device_id"": ""ESP32:N4_BASE_BT_1"", ""xbee_enabled"": true, ""waiting_for_data"": true, ""kalman_data"": {""altitude"": 0, ""vertical_velocity"": 0}, ""kalman_altitude"": 0, ""kalman_vertical_velocity"": 0, ""communication_mode"": ""BEACON""}"
1768846285.209336,2026-01-19T21:11:25.209336,,,,,,,,,,,,,,,,,,,,,,,,,,BEACON,"{""type"": ""heartbeat"", ""uptime"": 307847, ""device_id"": ""ESP32:N4_BASE_BT_1"", ""xbee_enabled"": true, ""waiting_for_data"": true, ""kalman_data"": {""altitude"": 0, ""vertical_velocity"": 0}, ""kalman_altitude"": 0, ""kalman_vertical_velocity"": 0, ""communication_mode"": ""BEACON""}"
1768846286.008114,2026-01-19T21:11:26.008114,,,,,,,,,,,,,,,,,,,,,,,,,,BEACON,"{""type"": ""heartbeat"", ""uptime"": 308360, ""device_id"": ""ESP32:N4_BASE_BT_1"", ""xbee_enabled"": true, ""waiting_for_data"": true, ""kalman_data"": {""altitude"": 0, ""vertical_velocity"": 0}, ""kalman_altitude"": 0, ""kalman_vertical_velocity"": 0, ""communication_mode"": ""BEACON""}"
1768846286.26243,2026-01-19T21:11:26.262430,,,,,,,,,,,,,,,,,,,,,,,,,,BEACON,"{""type"": ""heartbeat"", ""uptime"": 308873, ""device_id"": ""ESP32:N4_BASE_BT_1"", ""xbee_enabled"": true, ""waiting_for_data"": true, ""kalman_data"": {""altitude"": 0, ""vertical_velocity"": 0}, ""kalman_altitude"": 0, ""kalman_vertical_velocity"": 0, ""communication_mode"": ""BEACON""}"
1768846286.746208,2026-01-19T21:11:26.746208,,,,,,,,,,,,,,,,,,,,,,,,,,BEACON,"{""type"": ""heartbeat"", ""uptime"": 309386, ""device_id"": ""ESP32:N4_BASE_BT_1"", ""xbee_enabled"": true, ""waiting_for_data"": true, ""kalman_data"": {""altitude"": 0, ""vertical_velocity"": 0}, ""kalman_altitude"": 0, ""kalman_vertical_velocity"": 0, ""communication_mode"": ""BEACON""}"
1768846287.815072,2026-01-19T21:11:27.815072,,,,,,,,,,,,,,,,,,,,,,,,,,BEACON,"{""type"": ""heartbeat"", ""uptime"": 309899, ""device_id"": ""ESP32:N4_BASE_BT_1"", ""xbee_enabled"": true, ""waiting_for_data"": true, ""kalman_data"": {""altitude"": 0, ""vertical_velocity"": 0}, ""kalman_altitude"": 0, ""kalman_vertical_velocity"": 0, ""communication_mode"": ""BEACON""}"
1768846288.147691,2026-01-19T21:11:28.147691,,,,,,,,,,,,,,,,,,,,,,,,,,BEACON,"{""type"": ""heartbeat"", ""uptime"": 310412, ""device_id"": ""ESP32:N4_BASE_BT_1"", ""xbee_enabled"": true, ""waiting_for_data"": true, ""kalman_data"": {""altitude"": 0, ""vertical_velocity"": 0}, ""kalman_altitude"": 0, ""kalman_vertical_velocity"": 0, ""communication_mode"": ""BEACON""}"
1768846288.257194,2026-01-19T21:11:28.257194,,,,,,,,,,,,,,,,,,,,,,,,,,BEACON,"{""type"": ""heartbeat"", ""uptime"": 310925, ""device_id"": ""ESP32:N4_BASE_BT_1"", ""xbee_enabled"": true, ""waiting_for_data"": true, ""kalman_data"": {""altitude"": 0, ""vertical_velocity"": 0}, ""kalman_altitude"": 0, ""kalman_vertical_velocity"": 0, ""communication_mode"": ""BEACON""}"
1768846288.726006,2026-01-19T21:11:28.726006,,,,,,,,,,,,,,,,,,,,,,,,,,BEACON,"{""type"": ""heartbeat"", ""uptime"": 311438, ""device_id"": ""ESP32:N4_BASE_BT_1"", ""xbee_enabled"": true, ""waiting_for_data"": true, ""kalman_data"": {""altitude"": 0, ""vertical_velocity"": 0}, ""kalman_altitude"": 0, ""kalman_vertical_velocity"": 0, ""communication_mode"": ""BEACON""}"
1768846289.507252,2026-01-19T21:11:29.507252,,,,,,,,,,,,,,,,,,,,,,,,,,BEACON,"{""type"": ""heartbeat"", ""uptime"": 311951, ""device_id"": ""ESP32:N4_BASE_BT_1"", ""xbee_enabled"": true, ""waiting_for_data"": true, ""kalman_data"": {""altitude"": 0, ""vertical_velocity"": 0}, ""kalman_altitude"": 0, ""kalman_vertical_velocity"": 0, ""communication_mode"": ""BEACON""}"
1768846289.75306,2026-01-19T21:11:29.753060,,,,,,,,,,,,,,,,,,,,,,,,,,BEACON,"{""type"": ""heartbeat"", ""uptime"": 312464, ""device_id"": ""ESP32:N4_BASE_BT_1"", ""xbee_enabled"": true, ""waiting_for_data"": true, ""kalman_data"": {""altitude"": 0, ""vertical_velocity"": 0}, ""kalman_altitude"": 0, ""kalman_vertical_velocity"": 0, ""communication_mode"": ""BEACON""}"
1768846290.442602,2026-01-19T21:11:30.442602,,,,,,,,,,,,,,,,,,,,,,,,,,BEACON,"{""type"": ""heartbeat"", ""uptime"": 312977, ""device_id"": ""ESP32:N4_BASE_BT_1"", ""xbee_enabled"": true, ""waiting_for_data"": true, ""kalman_data"": {""altitude"": 0, ""vertical_velocity"": 0}, ""kalman_altitude"": 0, ""kalman_vertical_velocity"": 0, ""communication_mode"": ""BEACON""}"
1768846291.610712,2026-01-19T21:11:31.610712,,,,,,,,,,,,,,,,,,,,,,,,,,BEACON,"{""type"": ""heartbeat"", ""uptime"": 313490, ""device_id"": ""ESP32:N4_BASE_BT_1"", ""xbee_enabled"": true, ""waiting_for_data"": true, ""kalman_data"": {""altitude"": 0, ""vertical_velocity"": 0}, ""kalman_altitude"": 0, ""kalman_vertical_velocity"": 0, ""communication_mode"": ""BEACON""}"
1768846292.308127,2026-01-19T21:11:32.308127,,,,,,,,,,,,,,,,,,,,,,,,,,BEACON,"{""type"": ""heartbeat"", ""uptime"": 314003, ""device_id"": ""ESP32:N4_BASE_BT_1"", ""xbee_enabled"": true, ""waiting_for_data"": true, ""kalman_data"": {""altitude"": 0, ""vertical_velocity"": 0}, ""kalman_altitude"": 0, ""kalman_vertical_velocity"": 0, ""communication_mode"": ""BEACON""}"
1768846292.476128,2026-01-19T21:11:32.476128,,,,,,,,,,,,,,,,,,,,,,,,,,BEACON,"{""type"": ""heartbeat"", ""uptime"": 314516, ""device_id"": ""ESP32:N4_BASE_BT_1"", ""xbee_enabled"": true, ""waiting_for_data"": true, ""kalman_data"": {""altitude"": 0, ""vertical_velocity"": 0}, ""kalman_altitude"": 0, ""kalman_vertical_velocity"": 0, ""communication_mode"": ""BEACON""}"
1768846292.564088,2026-01-19T21:11:32.564088,,,,,,,,,,,,,,,,,,,,,,,,,,BEACON,"{""type"": ""heartbeat"", ""uptime"": 315029, ""device_id"": ""ESP32:N4_BASE_BT_1"", ""xbee_enabled"": true, ""waiting_for_data"": true, ""kalman_data"": {""altitude"": 0, ""vertical_velocity"": 0}, ""kalman_altitude"": 0, ""kalman_vertical_velocity"": 0, ""communication_mode"": ""BEACON""}"
1768846292.805905,2026-01-19T21:11:32.805905,,,,,,,,,,,,,,,,,,,,,,,,,,BEACON,"{""type"": ""heartbeat"", ""uptime"": 315542, ""device_id"": ""ESP32:N4_BASE_BT_1"", ""xbee_enabled"": true, ""waiting_for_data"": true, ""kalman_data"": {""altitude"": 0, ""vertical_velocity"": 0}, ""kalman_altitude"": 0, ""kalman_vertical_velocity"": 0, ""communication_mode"": ""BEACON""}"
1768846293.363412,2026-01-19T21:11:33.363412,,,,,,,,,,,,,,,,,,,,,,,,,,BEACON,"{""type"": ""heartbeat"", ""uptime"": 316055, ""device_id"": ""ESP32:N4_BASE_BT_1"", ""xbee_enabled"": true, ""waiting_for_data"": true, ""kalman_data"": {""altitude"": 0, ""vertical_velocity"": 0}, ""kalman_altitude"": 0, ""kalman_vertical_velocity"": 0, ""communication_mode"": ""BEACON""}"
1768846293.993423,2026-01-19T21:11:33.993423,,,,,,,,,,,,,,,,,,,,,,,,,,BEACON,"{""type"": ""heartbeat"", ""uptime"": 316568, ""device_id"": ""ESP32:N4_BASE_BT_1"", ""xbee_enabled"": true, ""waiting_for_data"": true, ""kalman_data"": {""altitude"": 0, ""vertical_velocity"": 0}, ""kalman_altitude"": 0, ""kalman_vertical_velocity"": 0, ""communication_mode"": ""BEACON""}"
1768846294.494775,2026-01-19T21:11:34.494775,,,,,,,,,,,,,,,,,,,,,,,,,,BEACON,"{""type"": ""heartbeat"", ""uptime"": 317081, ""device_id"": ""ESP32:N4_BASE_BT_1"", ""xbee_enabled"": true, ""waiting_for_data"": true, ""kalman_data"": {""altitude"": 0, ""vertical_velocity"": 0}, ""kalman_altitude"": 0, ""kalman_vertical_velocity"": 0, ""communication_mode"": ""BEACON""}"
1768846294.975434,2026-01-19T21:11:34.975434,,,,,,,,,,,,,,,,,,,,,,,,,,BEACON,"{""type"": ""heartbeat"", ""uptime"": 317594, ""device_id"": ""ESP32:N4_BASE_BT_1"", ""xbee_enabled"": true, ""waiting_for_data"": true, ""kalman_data"": {""altitude"": 0, ""vertical_velocity"": 0}, ""kalman_altitude"": 0, ""kalman_vertical_velocity"": 0, ""communication_mode"": ""BEACON""}"
1768846295.387367,2026-01-19T21:11:35.387367,,,,,,,,,,,,,,,,,,,,,,,,,,BEACON,"{""type"": ""heartbeat"", ""uptime"": 318107, ""device_id"": ""ESP32:N4_BASE_BT_1"", ""xbee_enabled"": true, ""waiting_for_data"": true, ""kalman_data"": {""altitude"": 0, ""vertical_velocity"": 0}, ""kalman_altitude"": 0, ""kalman_vertical_velocity"": 0, ""communication_mode"": ""BEACON""}"
1768846295.939174,2026-01-19T21:11:35.939174,,,,,,,,,,,,,,,,,,,,,,,,,,BEACON,"{""type"": ""heartbeat"", ""uptime"": 318620, ""device_id"": ""ESP32:N4_BASE_BT_1"", ""xbee_enabled"": true, ""waiting_for_data"": true, ""kalman_data"": {""altitude"": 0, ""vertical_velocity"": 0}, ""kalman_altitude"": 0, ""kalman_vertical_velocity"": 0, ""communication_mode"": ""BEACON""}"
1768846296.556749,2026-01-19T21:11:36.556749,,,,,,,,,,,,,,,,,,,,,,,,,,BEACON,"{""type"": ""heartbeat"", ""uptime"": 319133, ""device_id"": ""ESP32:N4_BASE_BT_1"", ""xbee_enabled"": true, ""waiting_for_data"": true, ""kalman_data"": {""altitude"": 0, ""vertical_velocity"": 0}, ""kalman_altitude"": 0, ""kalman_vertical_velocity"": 0, ""communication_mode"": ""BEACON""}"
1768846296.927718,2026-01-19T21:11:36.927718,,,,,,,,,,,,,,,,,,,,,,,,,,BEACON,"{""type"": ""heartbeat"", ""uptime"": 319646, ""device_id"": ""ESP32:N4_BASE_BT_1"", ""xbee_enabled"": true, ""waiting_for_data"": true, ""kalman_data"": {""altitude"": 0, ""vertical_velocity"": 0}, ""kalman_altitude"": 0, ""kalman_vertical_velocity"": 0, ""communication_mode"": ""BEACON""}"
1768846297.445744,2026-01-19T21:11:37.445744,,,,,,,,,,,,,,,,,,,,,,,,,,BEACON,"{""type"": ""heartbeat"", ""uptime"": 320159, ""device_id"": ""ESP32:N4_BASE_BT_1"", ""xbee_enabled"": true, ""waiting_for_data"": true, ""kalman_data"": {""altitude"": 0, ""vertical_velocity"": 0}, ""kalman_altitude"": 0, ""kalman_vertical_velocity"": 0, ""communication_mode"": ""BEACON""}"
1768846297.958146,2026-01-19T21:11:37.958146,,,,,,,,,,,,,,,,,,,,,,,,,,BEACON,"{""type"": ""heartbeat"", ""uptime"": 320672, ""device_id"": ""ESP32:N4_BASE_BT_1"", ""xbee_enabled"": true, ""waiting_for_data"": true, ""kalman_data"": {""altitude"": 0, ""vertical_velocity"": 0}, ""kalman_altitude"": 0, ""kalman_vertical_velocity"": 0, ""communication_mode"": ""BEACON""}"
1768846298.504356,2026-01-19T21:11:38.504356,,,,,,,,,,,,,,,,,,,,,,,,,,BEACON,"{""type"": ""heartbeat"", ""uptime"": 321185, ""device_id"": ""ESP32:N4_BASE_BT_1"", ""xbee_enabled"": true, ""waiting_for_data"": true, ""kalman_data"": {""altitude"": 0, ""vertical_velocity"": 0}, ""kalman_altitude"": 0, ""kalman_vertical_velocity"": 0, ""communication_mode"": ""BEACON""}"
1768846299.213286,2026-01-19T21:11:39.213286,,,,,,,,,,,,,,,,,,,,,,,,,,BEACON,"{""type"": ""heartbeat"", ""uptime"": 321698, ""device_id"": ""ESP32:N4_BASE_BT_1"", ""xbee_enabled"": true, ""waiting_for_data"": true, ""kalman_data"": {""altitude"": 0, ""vertical_velocity"": 0}, ""kalman_altitude"": 0, ""kalman_vertical_velocity"": 0, ""communication_mode"": ""BEACON""}"
1768846300.275976,2026-01-19T21:11:40.275976,,,,,,,,,,,,,,,,,,,,,,,,,,BEACON,"{""type"": ""heartbeat"", ""uptime"": 322211, ""device_id"": ""ESP32:N4_BASE_BT_1"", ""xbee_enabled"": true, ""waiting_for_data"": true, ""kalman_data"": {""altitude"": 0, ""vertical_velocity"": 0}, ""kalman_altitude"": 0, ""kalman_vertical_velocity"": 0, ""communication_mode"": ""BEACON""}"
1768846300.577077,2026-01-19T21:11:40.577077,,,,,,,,,,,,,,,,,,,,,,,,,,BEACON,"{""type"": ""heartbeat"", ""uptime"": 322724, ""device_id"": ""ESP32:N4_BASE_BT_1"", ""xbee_enabled"": true, ""waiting_for_data"": true, ""kalman_data"": {""altitude"": 0, ""vertical_velocity"": 0}, ""kalman_altitude"": 0, ""kalman_vertical_velocity"": 0, ""communication_mode"": ""BEACON""}"
1768846300.628952,2026-01-19T21:11:40.628952,,,,,,,,,,,,,,,,,,,,,,,,,,BEACON,"{""type"": ""heartbeat"", ""uptime"": 323237, ""device_id"": ""ESP32:N4_BASE_BT_1"", ""xbee_enabled"": true, ""waiting_for_data"": true, ""kalman_data"": {""altitude"": 0, ""vertical_velocity"": 0}, ""kalman_altitude"": 0, ""kalman_vertical_velocity"": 0, ""communication_mode"": ""BEACON""}"
1768846302.127006,2026-01-19T21:11:42.127006,,,,,,,,,,,,,,,,,,,,,,,,,,BEACON,"{""type"": ""heartbeat"", ""uptime"": 323750, ""device_id"": ""ESP32:N4_BASE_BT_1"", ""xbee_enabled"": true, ""waiting_for_data"": true, ""kalman_data"": {""altitude"": 0, ""vertical_velocity"": 0}, ""kalman_altitude"": 0, ""kalman_vertical_velocity"": 0, ""communication_mode"": ""BEACON""}"
1768846302.627197,2026-01-19T21:11:42.627197,,,,,,,,,,,,,,,,,,,,,,,,,,BEACON,"{""type"": ""heartbeat"", ""uptime"": 324263, ""device_id"": ""ESP32:N4_BASE_BT_1"", ""xbee_enabled"": true, ""waiting_for_data"": true, ""kalman_data"": {""altitude"": 0, ""vertical_velocity"": 0}, ""kalman_altitude"": 0, ""kalman_vertical_velocity"": 0, ""communication_mode"": ""BEACON""}"
1768846303.854451,2026-01-19T21:11:43.854451,,,,,,,,,,,,,,,,,,,,,,,,,,BEACON,"{""type"": ""heartbeat"", ""uptime"": 324776, ""device_id"": ""ESP32:N4_BASE_BT_1"", ""xbee_enabled"": true, ""waiting_for_data"": true, ""kalman_data"": {""altitude"": 0, ""vertical_velocity"": 0}, ""kalman_altitude"": 0, ""kalman_vertical_velocity"": 0, ""communication_mode"": ""BEACON""}"
1768846305.326724,2026-01-19T21:11:45.326724,,,,,,,,,,,,,,,,,,,,,,,,,,BEACON,"{""type"": ""heartbeat"", ""uptime"": 325289, ""device_id"": ""ESP32:N4_BASE_BT_1"", ""xbee_enabled"": true, ""waiting_for_data"": true, ""kalman_data"": {""altitude"": 0, ""vertical_velocity"": 0}, ""kalman_altitude"": 0, ""kalman_vertical_velocity"": 0, ""communication_mode"": ""BEACON""}"
1768846310.076846,2026-01-19T21:11:50.076846,,,,,,,,,,,,,,,,,,,,,,,,,,BEACON,"{""type"": ""heartbeat"", ""uptime"": 325802, ""device_id"": ""ESP32:N4_BASE_BT_1"", ""xbee_enabled"": true, ""waiting_for_data"": true, ""kalman_data"": {""altitude"": 0, ""vertical_velocity"": 0}, ""kalman_altitude"": 0, ""kalman_vertical_velocity"": 0, ""communication_mode"": ""BEACON""}"
1768846310.357445,2026-01-19T21:11:50.357445,,,,,,,,,,,,,,,,,,,,,,,,,,BEACON,"{""type"": ""heartbeat"", ""uptime"": 326315, ""device_id"": ""ESP32:N4_BASE_BT_1"", ""xbee_enabled"": true, ""waiting_for_data"": true, ""kalman_data"": {""altitude"": 0, ""vertical_velocity"": 0}, ""kalman_altitude"": 0, ""kalman_vertical_velocity"": 0, ""communication_mode"": ""BEACON""}"
1768846310.494381,2026-01-19T21:11:50.494381,,,,,,,,,,,,,,,,,,,,,,,,,,BEACON,"{""type"": ""heartbeat"", ""uptime"": 326828, ""device_id"": ""ESP32:N4_BASE_BT_1"", ""xbee_enabled"": true, ""waiting_for_data"": true, ""kalman_data"": {""altitude"": 0, ""vertical_velocity"": 0}, ""kalman_altitude"": 0, ""kalman_vertical_velocity"": 0, ""communication_mode"": ""BEACON""}"
1768846310.909645,2026-01-19T21:11:50.909645,,,,,,,,,,,,,,,,,,,,,,,,,,BEACON,"{""type"": ""heartbeat"", ""uptime"": 327341, ""device_id"": ""ESP32:N4_BASE_BT_1"", ""xbee_enabled"": true, ""waiting_for_data"": true, ""kalman_data"": {""altitude"": 0, ""vertical_velocity"": 0}, ""kalman_altitude"": 0, ""kalman_vertical_velocity"": 0, ""communication_mode"": ""BEACON""}"
1768846311.136418,2026-01-19T21:11:51.136418,,,,,,,,,,,,,,,,,,,,,,,,,,BEACON,"{""type"": ""heartbeat"", ""uptime"": 327854, ""device_id"": ""ESP32:N4_BASE_BT_1"", ""xbee_enabled"": true, ""waiting_for_data"": true, ""kalman_data"": {""altitude"": 0, ""vertical_velocity"": 0}, ""kalman_altitude"": 0, ""kalman_vertical_velocity"": 0, ""communication_mode"": ""BEACON""}"
1768846311.725331,2026-01-19T21:11:51.725331,,,,,,,,,,,,,,,,,,,,,,,,,,BEACON,"{""type"": ""heartbeat"", ""uptime"": 328367, ""device_id"": ""ESP32:N4_BASE_BT_1"", ""xbee_enabled"": true, ""waiting_for_data"": true, ""kalman_data"": {""altitude"": 0, ""vertical_velocity"": 0}, ""kalman_altitude"": 0, ""kalman_vertical_velocity"": 0, ""communication_mode"": ""BEACON""}"
1768846312.025817,2026-01-19T21:11:52.025817,,,,,,,,,,,,,,,,,,,,,,,,,,BEACON,"{""type"": ""heartbeat"", ""uptime"": 328880, ""device_id"": ""ESP32:N4_BASE_BT_1"", ""xbee_enabled"": true, ""waiting_for_data"": true, ""kalman_data"": {""altitude"": 0, ""vertical_velocity"": 0}, ""kalman_altitude"": 0, ""kalman_vertical_velocity"": 0, ""communication_mode"": ""BEACON""}"
1768846312.243623,2026-01-19T21:11:52.243623,,,,,,,,,,,,,,,,,,,,,,,,,,BEACON,"{""type"": ""heartbeat"", ""uptime"": 329393, ""device_id"": ""ESP32:N4_BASE_BT_1"", ""xbee_enabled"": true, ""waiting_for_data"": true, ""kalman_data"": {""altitude"": 0, ""vertical_velocity"": 0}, ""kalman_altitude"": 0, ""kalman_vertical_velocity"": 0, ""communication_mode"": ""BEACON""}"
1768846312.410143,2026-01-19T21:11:52.410143,,,,,,,,,,,,,,,,,,,,,,,,,,BEACON,"{""type"": ""heartbeat"", ""uptime"": 329906, ""device_id"": ""ESP32:N4_BASE_BT_1"", ""xbee_enabled"": true, ""waiting_for_data"": true, ""kalman_data"": {""altitude"": 0, ""vertical_velocity"": 0}, ""kalman_altitude"": 0, ""kalman_vertical_velocity"": 0, ""communication_mode"": ""BEACON""}"
1768846312.522214,2026-01-19T21:11:52.522214,,,,,,,,,,,,,,,,,,,,,,,,,,BEACON,"{""type"": ""heartbeat"", ""uptime"": 330419, ""device_id"": ""ESP32:N4_BASE_BT_1"", ""xbee_enabled"": true, ""waiting_for_data"": true, ""kalman_data"": {""altitude"": 0, ""vertical_velocity"": 0}, ""kalman_altitude"": 0, ""kalman_vertical_velocity"": 0, ""communication_mode"": ""BEACON""}"
1768846312.711529,2026-01-19T21:11:52.711529,,,,,,,,,,,,,,,,,,,,,,,,,,BEACON,"{""type"": ""heartbeat"", ""uptime"": 330952, ""device_id"": ""ESP32:N4_BASE_BT_1"", ""xbee_enabled"": true, ""waiting_for_data"": true, ""kalman_data"": {""altitude"": 0, ""vertical_velocity"": 0}, ""kalman_altitude"": 0, ""kalman_vertical_velocity"": 0, ""communication_mode"": ""BEACON""}"
1768846312.798481,2026-01-19T21:11:52.798481,,,,,,,,,,,,,,,,,,,,,,,,,,BEACON,"{""type"": ""heartbeat"", ""uptime"": 331465, ""device_id"": ""ESP32:N4_BASE_BT_1"", ""xbee_enabled"": true, ""waiting_for_data"": true, ""kalman_data"": {""altitude"": 0, ""vertical_velocity"": 0}, ""kalman_altitude"": 0, ""kalman_vertical_velocity"": 0, ""communication_mode"": ""BEACON""}"
1768846313.010852,2026-01-19T21:11:53.010852,,,,,,,,,,,,,,,,,,,,,,,,,,BEACON,"{""type"": ""heartbeat"", ""uptime"": 331978, ""device_id"": ""ESP32:N4_BASE_BT_1"", ""xbee_enabled"": true, ""waiting_for_data"": true, ""kalman_data"": {""altitude"": 0, ""vertical_velocity"": 0}, ""kalman_altitude"": 0, ""kalman_vertical_velocity"": 0, ""communication_mode"": ""BEACON""}"
1768846313.34259,2026-01-19T21:11:53.342590,,,,,,,,,,,,,,,,,,,,,,,,,,BEACON,"{""type"": ""heartbeat"", ""uptime"": 332491, ""device_id"": ""ESP32:N4_BASE_BT_1"", ""xbee_enabled"": true, ""waiting_for_data"": true, ""kalman_data"": {""altitude"": 0, ""vertical_velocity"": 0}, ""kalman_altitude"": 0, ""kalman_vertical_velocity"": 0, ""communication_mode"": ""BEACON""}"
1768846313.627156,2026-01-19T21:11:53.627156,,,,,,,,,,,,,,,,,,,,,,,,,,BEACON,"{""type"": ""heartbeat"", ""uptime"": 333004, ""device_id"": ""ESP32:N4_BASE_BT_1"", ""xbee_enabled"": true, ""waiting_for_data"": true, ""kalman_data"": {""altitude"": 0, ""vertical_velocity"": 0}, ""kalman_altitude"": 0, ""kalman_vertical_velocity"": 0, ""communication_mode"": ""BEACON""}"
1768846313.827039,2026-01-19T21:11:53.827039,,,,,,,,,,,,,,,,,,,,,,,,,,BEACON,"{""type"": ""heartbeat"", ""uptime"": 333517, ""device_id"": ""ESP32:N4_BASE_BT_1"", ""xbee_enabled"": true, ""waiting_for_data"": true, ""kalman_data"": {""altitude"": 0, ""vertical_velocity"": 0}, ""kalman_altitude"": 0, ""kalman_vertical_velocity"": 0, ""communication_mode"": ""BEACON""}"
1768846313.939035,2026-01-19T21:11:53.939035,,,,,,,,,,,,,,,,,,,,,,,,,,BEACON,"{""type"": ""heartbeat"", ""uptime"": 334030, ""device_id"": ""ESP32:N4_BASE_BT_1"", ""xbee_enabled"": true, ""waiting_for_data"": true, ""kalman_data"": {""altitude"": 0, ""vertical_velocity"": 0}, ""kalman_altitude"": 0, ""kalman_vertical_velocity"": 0, ""communication_mode"": ""BEACON""}"
1768846314.187818,2026-01-19T21:11:54.187818,,,,,,,,,,,,,,,,,,,,,,,,,,BEACON,"{""type"": ""heartbeat"", ""uptime"": 334543, ""device_id"": ""ESP32:N4_BASE_BT_1"", ""xbee_enabled"": true, ""waiting_for_data"": true, ""kalman_data"": {""altitude"": 0, ""vertical_velocity"": 0}, ""kalman_altitude"": 0, ""kalman_vertical_velocity"": 0, ""communication_mode"": ""BEACON""}"
1768846314.419806,2026-01-19T21:11:54.419806,,,,,,,,,,,,,,,,,,,,,,,,,,BEACON,"{""type"": ""heartbeat"", ""uptime"": 335056, ""device_id"": ""ESP32:N4_BASE_BT_1"", ""xbee_enabled"": true, ""waiting_for_data"": true, ""kalman_data"": {""altitude"": 0, ""vertical_velocity"": 0}, ""kalman_altitude"": 0, ""kalman_vertical_velocity"": 0, ""communication_mode"": ""BEACON""}"
1768846314.910032,2026-01-19T21:11:54.910032,,,,,,,,,,,,,,,,,,,,,,,,,,BEACON,"{""type"": ""heartbeat"", ""uptime"": 335569, ""device_id"": ""ESP32:N4_BASE_BT_1"", ""xbee_enabled"": true, ""waiting_for_data"": true, ""kalman_data"": {""altitude"": 0, ""vertical_velocity"": 0}, ""kalman_altitude"": 0, ""kalman_vertical_velocity"": 0, ""communication_mode"": ""BEACON""}"
1768846315.342615,2026-01-19T21:11:55.342615,,,,,,,,,,,,,,,,,,,,,,,,,,BEACON,"{""type"": ""heartbeat"", ""uptime"": 336082, ""device_id"": ""ESP32:N4_BASE_BT_1"", ""xbee_enabled"": true, ""waiting_for_data"": true, ""kalman_data"": {""altitude"": 0, ""vertical_velocity"": 0}, ""kalman_altitude"": 0, ""kalman_vertical_velocity"": 0, ""communication_mode"": ""BEACON""}"
1768846315.651007,2026-01-19T21:11:55.651007,,,,,,,,,,,,,,,,,,,,,,,,,,BEACON,"{""type"": ""heartbeat"", ""uptime"": 336595, ""device_id"": ""ESP32:N4_BASE_BT_1"", ""xbee_enabled"": true, ""waiting_for_data"": true, ""kalman_data"": {""altitude"": 0, ""vertical_velocity"": 0}, ""kalman_altitude"": 0, ""kalman_vertical_velocity"": 0, ""communication_mode"": ""BEACON""}"
1768846315.876834,2026-01-19T21:11:55.876834,,,,,,,,,,,,,,,,,,,,,,,,,,BEACON,"{""type"": ""heartbeat"", ""uptime"": 337108, ""device_id"": ""ESP32:N4_BASE_BT_1"", ""xbee_enabled"": true, ""waiting_for_data"": true, ""kalman_data"": {""altitude"": 0, ""vertical_velocity"": 0}, ""kalman_altitude"": 0, ""kalman_vertical_velocity"": 0, ""communication_mode"": ""BEACON""}"
1768846316.018661,2026-01-19T21:11:56.018661,,,,,,,,,,,,,,,,,,,,,,,,,,BEACON,"{""type"": ""heartbeat"", ""uptime"": 337621, ""device_id"": ""ESP32:N4_BASE_BT_1"", ""xbee_enabled"": true, ""waiting_for_data"": true, ""kalman_data"": {""altitude"": 0, ""vertical_velocity"": 0}, ""kalman_altitude"": 0, ""kalman_vertical_velocity"": 0, ""communication_mode"": ""BEACON""}"
1768846316.255657,2026-01-19T21:11:56.255657,,,,,,,,,,,,,,,,,,,,,,,,,,BEACON,"{""type"": ""heartbeat"", ""uptime"": 338134, ""device_id"": ""ESP32:N4_BASE_BT_1"", ""xbee_enabled"": true, ""waiting_for_data"": true, ""kalman_data"": {""altitude"": 0, ""vertical_velocity"": 0}, ""kalman_altitude"": 0, ""kalman_vertical_velocity"": 0, ""communication_mode"": ""BEACON""}"
1768846317.13625,2026-01-19T21:11:57.136250,,,,,,,,,,,,,,,,,,,,,,,,,,BEACON,"{""type"": ""heartbeat"", ""uptime"": 338647, ""device_id"": ""ESP32:N4_BASE_BT_1"", ""xbee_enabled"": true, ""waiting_for_data"": true, ""kalman_data"": {""altitude"": 0, ""vertical_velocity"": 0}, ""kalman_altitude"": 0, ""kalman_vertical_velocity"": 0, ""communication_mode"": ""BEACON""}"
1768846317.560669,2026-01-19T21:11:57.560669,,,,,,,,,,,,,,,,,,,,,,,,,,BEACON,"{""type"": ""heartbeat"", ""uptime"": 339160, ""device_id"": ""ESP32:N4_BASE_BT_1"", ""xbee_enabled"": true, ""waiting_for_data"": true, ""kalman_data"": {""altitude"": 0, ""vertical_velocity"": 0}, ""kalman_altitude"": 0, ""kalman_vertical_velocity"": 0, ""communication_mode"": ""BEACON""}"
1768846317.856489,2026-01-19T21:11:57.856489,,,,,,,,,,,,,,,,,,,,,,,,,,BEACON,"{""type"": ""heartbeat"", ""uptime"": 339673, ""device_id"": ""ESP32:N4_BASE_BT_1"", ""xbee_enabled"": true, ""waiting_for_data"": true, ""kalman_data"": {""altitude"": 0, ""vertical_velocity"": 0}, ""kalman_altitude"": 0, ""kalman_vertical_velocity"": 0, ""communication_mode"": ""BEACON""}"
1768846317.938145,2026-01-19T21:11:57.938145,,,,,,,,,,,,,,,,,,,,,,,,,,BEACON,"{""type"": ""heartbeat"", ""uptime"": 340186, ""device_id"": ""ESP32:N4_BASE_BT_1"", ""xbee_enabled"": true, ""waiting_for_data"": true, ""kalman_data"": {""altitude"": 0, ""vertical_velocity"": 0}, ""kalman_altitude"": 0, ""kalman_vertical_velocity"": 0, ""communication_mode"": ""BEACON""}"
1768846318.073231,2026-01-19T21:11:58.073231,,,,,,,,,,,,,,,,,,,,,,,,,,BEACON,"{""type"": ""heartbeat"", ""uptime"": 340699, ""device_id"": ""ESP32:N4_BASE_BT_1"", ""xbee_enabled"": true, ""waiting_for_data"": true, ""kalman_data"": {""altitude"": 0, ""vertical_velocity"": 0}, ""kalman_altitude"": 0, ""kalman_vertical_velocity"": 0, ""communication_mode"": ""BEACON""}"
1768846318.467052,2026-01-19T21:11:58.467052,,,,,,,,,,,,,,,,,,,,,,,,,,BEACON,"{""type"": ""heartbeat"", ""uptime"": 341212, ""device_id"": ""ESP32:N4_BASE_BT_1"", ""xbee_enabled"": true, ""waiting_for_data"": true, ""kalman_data"": {""altitude"": 0, ""vertical_velocity"": 0}, ""kalman_altitude"": 0, ""kalman_vertical_velocity"": 0, ""communication_mode"": ""BEACON""}"
1768846319.208367,2026-01-19T21:11:59.208367,,,,,,,,,,,,,,,,,,,,,,,,,,BEACON,"{""type"": ""heartbeat"", ""uptime"": 341725, ""device_id"": ""ESP32:N4_BASE_BT_1"", ""xbee_enabled"": true, ""waiting_for_data"": true, ""kalman_data"": {""altitude"": 0, ""vertical_velocity"": 0}, ""kalman_altitude"": 0, ""kalman_vertical_velocity"": 0, ""communication_mode"": ""BEACON""}"
1768846319.90636,2026-01-19T21:11:59.906360,,,,,,,,,,,,,,,,,,,,,,,,,,BEACON,"{""type"": ""heartbeat"", ""uptime"": 342238, ""device_id"": ""ESP32:N4_BASE_BT_1"", ""xbee_enabled"": true, ""waiting_for_data"": true, ""kalman_data"": {""altitude"": 0, ""vertical_velocity"": 0}, ""kalman_altitude"": 0, ""kalman_vertical_velocity"": 0, ""communication_mode"": ""BEACON""}"
1768846320.849882,2026-01-19T21:12:00.849882,,,,,,,,,,,,,,,,,,,,,,,,,,BEACON,"{""type"": ""heartbeat"", ""uptime"": 342751, ""device_id"": ""ESP32:N4_BASE_BT_1"", ""xbee_enabled"": true, ""waiting_for_data"": true, ""kalman_data"": {""altitude"": 0, ""vertical_velocity"": 0}, ""kalman_altitude"": 0, ""kalman_vertical_velocity"": 0, ""communication_mode"": ""BEACON""}"
1768846321.258946,2026-01-19T21:12:01.258946,,,,,,,,,,,,,,,,,,,,,,,,,,BEACON,"{""type"": ""heartbeat"", ""uptime"": 343264, ""device_id"": ""ESP32:N4_BASE_BT_1"", ""xbee_enabled"": true, ""waiting_for_data"": true, ""kalman_data"": {""altitude"": 0, ""vertical_velocity"": 0}, ""kalman_altitude"": 0, ""kalman_vertical_velocity"": 0, ""communication_mode"": ""BEACON""}"
1768846321.542904,2026-01-19T21:12:01.542904,,,,,,,,,,,,,,,,,,,,,,,,,,BEACON,"{""type"": ""heartbeat"", ""uptime"": 343777, ""device_id"": ""ESP32:N4_BASE_BT_1"", ""xbee_enabled"": true, ""waiting_for_data"": true, ""kalman_data"": {""altitude"": 0, ""vertical_velocity"": 0}, ""kalman_altitude"": 0, ""kalman_vertical_velocity"": 0, ""communication_mode"": ""BEACON""}"
1768846321.658905,2026-01-19T21:12:01.658905,,,,,,,,,,,,,,,,,,,,,,,,,,BEACON,"{""type"": ""heartbeat"", ""uptime"": 344290, ""device_id"": ""ESP32:N4_BASE_BT_1"", ""xbee_enabled"": true, ""waiting_for_data"": true, ""kalman_data"": {""altitude"": 0, ""vertical_velocity"": 0}, ""kalman_altitude"": 0, ""kalman_vertical_velocity"": 0, ""communication_mode"": ""BEACON""}"
1768846322.083136,2026-01-19T21:12:02.083136,,,,,,,,,,,,,,,,,,,,,,,,,,BEACON,"{""type"": ""heartbeat"", ""uptime"": 344803, ""device_id"": ""ESP32:N4_BASE_BT_1"", ""xbee_enabled"": true, ""waiting_for_data"": true, ""kalman_data"": {""altitude"": 0, ""vertical_velocity"": 0}, ""kalman_altitude"": 0, ""kalman_vertical_velocity"": 0, ""communication_mode"": ""BEACON""}"
1768846323.292494,2026-01-19T21:12:03.292494,,,,,,,,,,,,,,,,,,,,,,,,,,BEACON,"{""type"": ""heartbeat"", ""uptime"": 345316, ""device_id"": ""ESP32:N4_BASE_BT_1"", ""xbee_enabled"": true, ""waiting_for_data"": true, ""kalman_data"": {""altitude"": 0, ""vertical_velocity"": 0}, ""kalman_altitude"": 0, ""kalman_vertical_velocity"": 0, ""communication_mode"": ""BEACON""}"
1768846323.652591,2026-01-19T21:12:03.652591,,,,,,,,,,,,,,,,,,,,,,,,,,BEACON,"{""type"": ""heartbeat"", ""uptime"": 345829, ""device_id"": ""ESP32:N4_BASE_BT_1"", ""xbee_enabled"": true, ""waiting_for_data"": true, ""kalman_data"": {""altitude"": 0, ""vertical_velocity"": 0}, ""kalman_altitude"": 0, ""kalman_vertical_velocity"": 0, ""communication_mode"": ""BEACON""}"
1768846323.871166,2026-01-19T21:12:03.871166,,,,,,,,,,,,,,,,,,,,,,,,,,BEACON,"{""type"": ""heartbeat"", ""uptime"": 346342, ""device_id"": ""ESP32:N4_BASE_BT_1"", ""xbee_enabled"": true, ""waiting_for_data"": true, ""kalman_data"": {""altitude"": 0, ""vertical_velocity"": 0}, ""kalman_altitude"": 0, ""kalman_vertical_velocity"": 0, ""communication_mode"": ""BEACON""}"
1768846325.340273,2026-01-19T21:12:05.340273,,,,,,,,,,,,,,,,,,,,,,,,,,BEACON,"{""type"": ""heartbeat"", ""uptime"": 346855, ""device_id"": ""ESP32:N4_BASE_BT_1"", ""xbee_enabled"": true, ""waiting_for_data"": true, ""kalman_data"": {""altitude"": 0, ""vertical_velocity"": 0}, ""kalman_altitude"": 0, ""kalman_vertical_velocity"": 0, ""communication_mode"": ""BEACON""}"
1768846325.587379,2026-01-19T21:12:05.587379,,,,,,,,,,,,,,,,,,,,,,,,,,BEACON,"{""type"": ""heartbeat"", ""uptime"": 347368, ""device_id"": ""ESP32:N4_BASE_BT_1"", ""xbee_enabled"": true, ""waiting_for_data"": true, ""kalman_data"": {""altitude"": 0, ""vertical_velocity"": 0}, ""kalman_altitude"": 0, ""kalman_vertical_velocity"": 0, ""communication_mode"": ""BEACON""}"
1768846325.772382,2026-01-19T21:12:05.772382,,,,,,,,,,,,,,,,,,,,,,,,,,BEACON,"{""type"": ""heartbeat"", ""uptime"": 347881, ""device_id"": ""ESP32:N4_BASE_BT_1"", ""xbee_enabled"": true, ""waiting_for_data"": true, ""kalman_data"": {""altitude"": 0, ""vertical_velocity"": 0}, ""kalman_altitude"": 0, ""kalman_vertical_velocity"": 0, ""communication_mode"": ""BEACON""}"
1768846325.897379,2026-01-19T21:12:05.897379,,,,,,,,,,,,,,,,,,,,,,,,,,BEACON,"{""type"": ""heartbeat"", ""uptime"": 348394, ""device_id"": ""ESP32:N4_BASE_BT_1"", ""xbee_enabled"": true, ""waiting_for_data"": true, ""kalman_data"": {""altitude"": 0, ""vertical_velocity"": 0}, ""kalman_altitude"": 0, ""kalman_vertical_velocity"": 0, ""communication_mode"": ""BEACON""}"
1768846326.193254,2026-01-19T21:12:06.193254,,,,,,,,,,,,,,,,,,,,,,,,,,BEACON,"{""type"": ""heartbeat"", ""uptime"": 348907, ""device_id"": ""ESP32:N4_BASE_BT_1"", ""xbee_enabled"": true, ""waiting_for_data"": true, ""kalman_data"": {""altitude"": 0, ""vertical_velocity"": 0}, ""kalman_altitude"": 0, ""kalman_vertical_velocity"": 0, ""communication_mode"": ""BEACON""}"
1768846326.734122,2026-01-19T21:12:06.734122,,,,,,,,,,,,,,,,,,,,,,,,,,BEACON,"{""type"": ""heartbeat"", ""uptime"": 349420, ""device_id"": ""ESP32:N4_BASE_BT_1"", ""xbee_enabled"": true, ""waiting_for_data"": true, ""kalman_data"": {""altitude"": 0, ""vertical_velocity"": 0}, ""kalman_altitude"": 0, ""kalman_vertical_velocity"": 0, ""communication_mode"": ""BEACON""}"
1768846327.324536,2026-01-19T21:12:07.324536,,,,,,,,,,,,,,,,,,,,,,,,,,BEACON,"{""type"": ""heartbeat"", ""uptime"": 349933, ""device_id"": ""ESP32:N4_BASE_BT_1"", ""xbee_enabled"": true, ""waiting_for_data"": true, ""kalman_data"": {""altitude"": 0, ""vertical_velocity"": 0}, ""kalman_altitude"": 0, ""kalman_vertical_velocity"": 0, ""communication_mode"": ""BEACON""}"
1768846327.983384,2026-01-19T21:12:07.983384,,,,,,,,,,,,,,,,,,,,,,,,,,BEACON,"{""type"": ""heartbeat"", ""uptime"": 350446, ""device_id"": ""ESP32:N4_BASE_BT_1"", ""xbee_enabled"": true, ""waiting_for_data"": true, ""kalman_data"": {""altitude"": 0, ""vertical_velocity"": 0}, ""kalman_altitude"": 0, ""kalman_vertical_velocity"": 0, ""communication_mode"": ""BEACON""}"
1768846328.22929,2026-01-19T21:12:08.229290,,,,,,,,,,,,,,,,,,,,,,,,,,BEACON,"{""type"": ""heartbeat"", ""uptime"": 350959, ""device_id"": ""ESP32:N4_BASE_BT_1"", ""xbee_enabled"": true, ""waiting_for_data"": true, ""kalman_data"": {""altitude"": 0, ""vertical_velocity"": 0}, ""kalman_altitude"": 0, ""kalman_vertical_velocity"": 0, ""communication_mode"": ""BEACON""}"
1768846328.991919,2026-01-19T21:12:08.991919,,,,,,,,,,,,,,,,,,,,,,,,,,BEACON,"{""type"": ""heartbeat"", ""uptime"": 351472, ""device_id"": ""ESP32:N4_BASE_BT_1"", ""xbee_enabled"": true, ""waiting_for_data"": true, ""kalman_data"": {""altitude"": 0, ""vertical_velocity"": 0}, ""kalman_altitude"": 0, ""kalman_vertical_velocity"": 0, ""communication_mode"": ""BEACON""}"
1768846329.289226,2026-01-19T21:12:09.289226,,,,,,,,,,,,,,,,,,,,,,,,,,BEACON,"{""type"": ""heartbeat"", ""uptime"": 351985, ""device_id"": ""ESP32:N4_BASE_BT_1"", ""xbee_enabled"": true, ""waiting_for_data"": true, ""kalman_data"": {""altitude"": 0, ""vertical_velocity"": 0}, ""kalman_altitude"": 0, ""kalman_vertical_velocity"": 0, ""communication_mode"": ""BEACON""}"
1768846329.869072,2026-01-19T21:12:09.869072,,,,,,,,,,,,,,,,,,,,,,,,,,BEACON,"{""type"": ""heartbeat"", ""uptime"": 352498, ""device_id"": ""ESP32:N4_BASE_BT_1"", ""xbee_enabled"": true, ""waiting_for_data"": true, ""kalman_data"": {""altitude"": 0, ""vertical_velocity"": 0}, ""kalman_altitude"": 0, ""kalman_vertical_velocity"": 0, ""communication_mode"": ""BEACON""}"
1768846330.574584,2026-01-19T21:12:10.574584,,,,,,,,,,,,,,,,,,,,,,,,,,BEACON,"{""type"": ""heartbeat"", ""uptime"": 353011, ""device_id"": ""ESP32:N4_BASE_BT_1"", ""xbee_enabled"": true, ""waiting_for_data"": true, ""kalman_data"": {""altitude"": 0, ""vertical_velocity"": 0}, ""kalman_altitude"": 0, ""kalman_vertical_velocity"": 0, ""communication_mode"": ""BEACON""}"
1768846330.82462,2026-01-19T21:12:10.824620,,,,,,,,,,,,,,,,,,,,,,,,,,BEACON,"{""type"": ""heartbeat"", ""uptime"": 353524, ""device_id"": ""ESP32:N4_BASE_BT_1"", ""xbee_enabled"": true, ""waiting_for_data"": true, ""kalman_data"": {""altitude"": 0, ""vertical_velocity"": 0}, ""kalman_altitude"": 0, ""kalman_vertical_velocity"": 0, ""communication_mode"": ""BEACON""}"
1768846331.349429,2026-01-19T21:12:11.349429,,,,,,,,,,,,,,,,,,,,,,,,,,BEACON,"{""type"": ""heartbeat"", ""uptime"": 354037, ""device_id"": ""ESP32:N4_BASE_BT_1"", ""xbee_enabled"": true, ""waiting_for_data"": true, ""kalman_data"": {""altitude"": 0, ""vertical_velocity"": 0}, ""kalman_altitude"": 0, ""kalman_vertical_velocity"": 0, ""communication_mode"": ""BEACON""}"
1768846331.905204,2026-01-19T21:12:11.905204,,,,,,,,,,,,,,,,,,,,,,,,,,BEACON,"{""type"": ""heartbeat"", ""uptime"": 354550, ""device_id"": ""ESP32:N4_BASE_BT_1"", ""xbee_enabled"": true, ""waiting_for_data"": true, ""kalman_data"": {""altitude"": 0, ""vertical_velocity"": 0}, ""kalman_altitude"": 0, ""kalman_vertical_velocity"": 0, ""communication_mode"": ""BEACON""}"
1768846332.469529,2026-01-19T21:12:12.469529,,,,,,,,,,,,,,,,,,,,,,,,,,BEACON,"{""type"": ""heartbeat"", ""uptime"": 355063, ""device_id"": ""ESP32:N4_BASE_BT_1"", ""xbee_enabled"": true, ""waiting_for_data"": true, ""kalman_data"": {""altitude"": 0, ""vertical_velocity"": 0}, ""kalman_altitude"": 0, ""kalman_vertical_velocity"": 0, ""communication_mode"": ""BEACON""}"
1768846333.924195,2026-01-19T21:12:13.924195,,,,,,,,,,,,,,,,,,,,,,,,,,BEACON,"{""type"": ""heartbeat"", ""uptime"": 355576, ""device_id"": ""ESP32:N4_BASE_BT_1"", ""xbee_enabled"": true, ""waiting_for_data"": true, ""kalman_data"": {""altitude"": 0, ""vertical_velocity"": 0}, ""kalman_altitude"": 0, ""kalman_vertical_velocity"": 0, ""communication_mode"": ""BEACON""}"
1768846334.111769,2026-01-19T21:12:14.111769,,,,,,,,,,,,,,,,,,,,,,,,,,BEACON,"{""type"": ""heartbeat"", ""uptime"": 356089, ""device_id"": ""ESP32:N4_BASE_BT_1"", ""xbee_enabled"": true, ""waiting_for_data"": true, ""kalman_data"": {""altitude"": 0, ""vertical_velocity"": 0}, ""kalman_altitude"": 0, ""kalman_vertical_velocity"": 0, ""communication_mode"": ""BEACON""}"
1768846334.236554,2026-01-19T21:12:14.236554,,,,,,,,,,,,,,,,,,,,,,,,,,BEACON,"{""type"": ""heartbeat"", ""uptime"": 356602, ""device_id"": ""ESP32:N4_BASE_BT_1"", ""xbee_enabled"": true, ""waiting_for_data"": true, ""kalman_data"": {""altitude"": 0, ""vertical_velocity"": 0}, ""kalman_altitude"": 0, ""kalman_vertical_velocity"": 0, ""communication_mode"": ""BEACON""}"
1768846334.382806,2026-01-19T21:12:14.382806,,,,,,,,,,,,,,,,,,,,,,,,,,BEACON,"{""type"": ""heartbeat"", ""uptime"": 357115, ""device_id"": ""ESP32:N4_BASE_BT_1"", ""xbee_enabled"": true, ""waiting_for_data"": true, ""kalman_data"": {""altitude"": 0, ""vertical_velocity"": 0}, ""kalman_altitude"": 0, ""kalman_vertical_velocity"": 0, ""communication_mode"": ""BEACON""}"
1768846334.88558,2026-01-19T21:12:14.885580,,,,,,,,,,,,,,,,,,,,,,,,,,BEACON,"{""type"": ""heartbeat"", ""uptime"": 357628, ""device_id"": ""ESP32:N4_BASE_BT_1"", ""xbee_enabled"": true, ""waiting_for_data"": true, ""kalman_data"": {""altitude"": 0, ""vertical_velocity"": 0}, ""kalman_altitude"": 0, ""kalman_vertical_velocity"": 0, ""communication_mode"": ""BEACON""}"
1768846335.720332,2026-01-19T21:12:15.720332,,,,,,,,,,,,,,,,,,,,,,,,,,BEACON,"{""type"": ""heartbeat"", ""uptime"": 358141, ""device_id"": ""ESP32:N4_BASE_BT_1"", ""xbee_enabled"": true, ""waiting_for_data"": true, ""kalman_data"": {""altitude"": 0, ""vertical_velocity"": 0}, ""kalman_altitude"": 0, ""kalman_vertical_velocity"": 0, ""communication_mode"": ""BEACON""}"
1768846336.084567,2026-01-19T21:12:16.084567,,,,,,,,,,,,,,,,,,,,,,,,,,BEACON,"{""type"": ""heartbeat"", ""uptime"": 358654, ""device_id"": ""ESP32:N4_BASE_BT_1"", ""xbee_enabled"": true, ""waiting_for_data"": true, ""kalman_data"": {""altitude"": 0, ""vertical_velocity"": 0}, ""kalman_altitude"": 0, ""kalman_vertical_velocity"": 0, ""communication_mode"": ""BEACON""}"
1768846336.548569,2026-01-19T21:12:16.548569,,,,,,,,,,,,,,,,,,,,,,,,,,BEACON,"{""type"": ""heartbeat"", ""uptime"": 359167, ""device_id"": ""ESP32:N4_BASE_BT_1"", ""xbee_enabled"": true, ""waiting_for_data"": true, ""kalman_data"": {""altitude"": 0, ""vertical_velocity"": 0}, ""kalman_altitude"": 0, ""kalman_vertical_velocity"": 0, ""communication_mode"": ""BEACON""}"
1768846336.963116,2026-01-19T21:12:16.963116,,,,,,,,,,,,,,,,,,,,,,,,,,BEACON,"{""type"": ""heartbeat"", ""uptime"": 359680, ""device_id"": ""ESP32:N4_BASE_BT_1"", ""xbee_enabled"": true, ""waiting_for_data"": true, ""kalman_data"": {""altitude"": 0, ""vertical_velocity"": 0}, ""kalman_altitude"": 0, ""kalman_vertical_velocity"": 0, ""communication_mode"": ""BEACON""}"
1768846337.491129,2026-01-19T21:12:17.491129,,,,,,,,,,,,,,,,,,,,,,,,,,BEACON,"{""type"": ""heartbeat"", ""uptime"": 360193, ""device_id"": ""ESP32:N4_BASE_BT_1"", ""xbee_enabled"": true, ""waiting_for_data"": true, ""kalman_data"": {""altitude"": 0, ""vertical_velocity"": 0}, ""kalman_altitude"": 0, ""kalman_vertical_velocity"": 0, ""communication_mode"": ""BEACON""}"
1768846338.125318,2026-01-19T21:12:18.125318,,,,,,,,,,,,,,,,,,,,,,,,,,BEACON,"{""type"": ""heartbeat"", ""uptime"": 360706, ""device_id"": ""ESP32:N4_BASE_BT_1"", ""xbee_enabled"": true, ""waiting_for_data"": true, ""kalman_data"": {""altitude"": 0, ""vertical_velocity"": 0}, ""kalman_altitude"": 0, ""kalman_vertical_velocity"": 0, ""communication_mode"": ""BEACON""}"
1768846338.833133,2026-01-19T21:12:18.833133,,,,,,,,,,,,,,,,,,,,,,,,,,BEACON,"{""type"": ""heartbeat"", ""uptime"": 361219, ""device_id"": ""ESP32:N4_BASE_BT_1"", ""xbee_enabled"": true, ""waiting_for_data"": true, ""kalman_data"": {""altitude"": 0, ""vertical_velocity"": 0}, ""kalman_altitude"": 0, ""kalman_vertical_velocity"": 0, ""communication_mode"": ""BEACON""}"
1768846339.156994,2026-01-19T21:12:19.156994,,,,,,,,,,,,,,,,,,,,,,,,,,BEACON,"{""type"": ""heartbeat"", ""uptime"": 361732, ""device_id"": ""ESP32:N4_BASE_BT_1"", ""xbee_enabled"": true, ""waiting_for_data"": true, ""kalman_data"": {""altitude"": 0, ""vertical_velocity"": 0}, ""kalman_altitude"": 0, ""kalman_vertical_velocity"": 0, ""communication_mode"": ""BEACON""}"
1768846339.555817,2026-01-19T21:12:19.555817,,,,,,,,,,,,,,,,,,,,,,,,,,BEACON,"{""type"": ""heartbeat"", ""uptime"": 362245, ""device_id"": ""ESP32:N4_BASE_BT_1"", ""xbee_enabled"": true, ""waiting_for_data"": true, ""kalman_data"": {""altitude"": 0, ""vertical_velocity"": 0}, ""kalman_altitude"": 0, ""kalman_vertical_velocity"": 0, ""communication_mode"": ""BEACON""}"
1768846340.204381,2026-01-19T21:12:20.204381,,,,,,,,,,,,,,,,,,,,,,,,,,BEACON,"{""type"": ""heartbeat"", ""uptime"": 362758, ""device_id"": ""ESP32:N4_BASE_BT_1"", ""xbee_enabled"": true, ""waiting_for_data"": true, ""kalman_data"": {""altitude"": 0, ""vertical_velocity"": 0}, ""kalman_altitude"": 0, ""kalman_vertical_velocity"": 0, ""communication_mode"": ""BEACON""}"
1768846341.055232,2026-01-19T21:12:21.055232,,,,,,,,,,,,,,,,,,,,,,,,,,BEACON,"{""type"": ""heartbeat"", ""uptime"": 363271, ""device_id"": ""ESP32:N4_BASE_BT_1"", ""xbee_enabled"": true, ""waiting_for_data"": true, ""kalman_data"": {""altitude"": 0, ""vertical_velocity"": 0}, ""kalman_altitude"": 0, ""kalman_vertical_velocity"": 0, ""communication_mode"": ""BEACON""}"
1768846341.80632,2026-01-19T21:12:21.806320,,,,,,,,,,,,,,,,,,,,,,,,,,BEACON,"{""type"": ""heartbeat"", ""uptime"": 363784, ""device_id"": ""ESP32:N4_BASE_BT_1"", ""xbee_enabled"": true, ""waiting_for_data"": true, ""kalman_data"": {""altitude"": 0, ""vertical_velocity"": 0}, ""kalman_altitude"": 0, ""kalman_vertical_velocity"": 0, ""communication_mode"": ""BEACON""}"
1768846342.018652,2026-01-19T21:12:22.018652,,,,,,,,,,,,,,,,,,,,,,,,,,BEACON,"{""type"": ""heartbeat"", ""uptime"": 364297, ""device_id"": ""ESP32:N4_BASE_BT_1"", ""xbee_enabled"": true, ""waiting_for_data"": true, ""kalman_data"": {""altitude"": 0, ""vertical_velocity"": 0}, ""kalman_altitude"": 0, ""kalman_vertical_velocity"": 0, ""communication_mode"": ""BEACON""}"
1768846342.289377,2026-01-19T21:12:22.289377,,,,,,,,,,,,,,,,,,,,,,,,,,BEACON,"{""type"": ""heartbeat"", ""uptime"": 364810, ""device_id"": ""ESP32:N4_BASE_BT_1"", ""xbee_enabled"": true, ""waiting_for_data"": true, ""kalman_data"": {""altitude"": 0, ""vertical_velocity"": 0}, ""kalman_altitude"": 0, ""kalman_vertical_velocity"": 0, ""communication_mode"": ""BEACON""}"
1768846342.789184,2026-01-19T21:12:22.789184,,,,,,,,,,,,,,,,,,,,,,,,,,BEACON,"{""type"": ""heartbeat"", ""uptime"": 365323, ""device_id"": ""ESP32:N4_BASE_BT_1"", ""xbee_enabled"": true, ""waiting_for_data"": true, ""kalman_data"": {""altitude"": 0, ""vertical_velocity"": 0}, ""kalman_altitude"": 0, ""kalman_vertical_velocity"": 0, ""communication_mode"": ""BEACON""}"
1768846343.105738,2026-01-19T21:12:23.105738,,,,,,,,,,,,,,,,,,,,,,,,,,BEACON,"{""type"": ""heartbeat"", ""uptime"": 365836, ""device_id"": ""ESP32:N4_BASE_BT_1"", ""xbee_enabled"": true, ""waiting_for_data"": true, ""kalman_data"": {""altitude"": 0, ""vertical_velocity"": 0}, ""kalman_altitude"": 0, ""kalman_vertical_velocity"": 0, ""communication_mode"": ""BEACON""}"
1768846343.704905,2026-01-19T21:12:23.704905,,,,,,,,,,,,,,,,,,,,,,,,,,BEACON,"{""type"": ""heartbeat"", ""uptime"": 366349, ""device_id"": ""ESP32:N4_BASE_BT_1"", ""xbee_enabled"": true, ""waiting_for_data"": true, ""kalman_data"": {""altitude"": 0, ""vertical_velocity"": 0}, ""kalman_altitude"": 0, ""kalman_vertical_velocity"": 0, ""communication_mode"": ""BEACON""}"
1768846344.439396,2026-01-19T21:12:24.439396,,,,,,,,,,,,,,,,,,,,,,,,,,BEACON,"{""type"": ""heartbeat"", ""uptime"": 366862, ""device_id"": ""ESP32:N4_BASE_BT_1"", ""xbee_enabled"": true, ""waiting_for_data"": true, ""kalman_data"": {""altitude"": 0, ""vertical_velocity"": 0}, ""kalman_altitude"": 0, ""kalman_vertical_velocity"": 0, ""communication_mode"": ""BEACON""}"
1768846345.087993,2026-01-19T21:12:25.087993,,,,,,,,,,,,,,,,,,,,,,,,,,BEACON,"{""type"": ""heartbeat"", ""uptime"": 367375, ""device_id"": ""ESP32:N4_BASE_BT_1"", ""xbee_enabled"": true, ""waiting_for_data"": true, ""kalman_data"": {""altitude"": 0, ""vertical_velocity"": 0}, ""kalman_altitude"": 0, ""kalman_vertical_velocity"": 0, ""communication_mode"": ""BEACON""}"
1768846345.365065,2026-01-19T21:12:25.365065,,,,,,,,,,,,,,,,,,,,,,,,,,BEACON,"{""type"": ""heartbeat"", ""uptime"": 367888, ""device_id"": ""ESP32:N4_BASE_BT_1"", ""xbee_enabled"": true, ""waiting_for_data"": true, ""kalman_data"": {""altitude"": 0, ""vertical_velocity"": 0}, ""kalman_altitude"": 0, ""kalman_vertical_velocity"": 0, ""communication_mode"": ""BEACON""}"
1768846345.731587,2026-01-19T21:12:25.731587,,,,,,,,,,,,,,,,,,,,,,,,,,BEACON,"{""type"": ""heartbeat"", ""uptime"": 368401, ""device_id"": ""ESP32:N4_BASE_BT_1"", ""xbee_enabled"": true, ""waiting_for_data"": true, ""kalman_data"": {""altitude"": 0, ""vertical_velocity"": 0}, ""kalman_altitude"": 0, ""kalman_vertical_velocity"": 0, ""communication_mode"": ""BEACON""}"
1768846346.456898,2026-01-19T21:12:26.456898,,,,,,,,,,,,,,,,,,,,,,,,,,BEACON,"{""type"": ""heartbeat"", ""uptime"": 368914, ""device_id"": ""ESP32:N4_BASE_BT_1"", ""xbee_enabled"": true, ""waiting_for_data"": true, ""kalman_data"": {""altitude"": 0, ""vertical_velocity"": 0}, ""kalman_altitude"": 0, ""kalman_vertical_velocity"": 0, ""communication_mode"": ""BEACON""}"
1768846346.950998,2026-01-19T21:12:26.950998,,,,,,,,,,,,,,,,,,,,,,,,,,BEACON,"{""type"": ""heartbeat"", ""uptime"": 369427, ""device_id"": ""ESP32:N4_BASE_BT_1"", ""xbee_enabled"": true, ""waiting_for_data"": true, ""kalman_data"": {""altitude"": 0, ""vertical_velocity"": 0}, ""kalman_altitude"": 0, ""kalman_vertical_velocity"": 0, ""communication_mode"": ""BEACON""}"
1768846347.550056,2026-01-19T21:12:27.550056,,,,,,,,,,,,,,,,,,,,,,,,,,BEACON,"{""type"": ""heartbeat"", ""uptime"": 369940, ""device_id"": ""ESP32:N4_BASE_BT_1"", ""xbee_enabled"": true, ""waiting_for_data"": true, ""kalman_data"": {""altitude"": 0, ""vertical_velocity"": 0}, ""kalman_altitude"": 0, ""kalman_vertical_velocity"": 0, ""communication_mode"": ""BEACON""}"
1768846347.863591,2026-01-19T21:12:27.863591,,,,,,,,,,,,,,,,,,,,,,,,,,BEACON,"{""type"": ""heartbeat"", ""uptime"": 370453, ""device_id"": ""ESP32:N4_BASE_BT_1"", ""xbee_enabled"": true, ""waiting_for_data"": true, ""kalman_data"": {""altitude"": 0, ""vertical_velocity"": 0}, ""kalman_altitude"": 0, ""kalman_vertical_velocity"": 0, ""communication_mode"": ""BEACON""}"
1768846348.773803,2026-01-19T21:12:28.773803,,,,,,,,,,,,,,,,,,,,,,,,,,BEACON,"{""type"": ""heartbeat"", ""uptime"": 370966, ""device_id"": ""ESP32:N4_BASE_BT_1"", ""xbee_enabled"": true, ""waiting_for_data"": true, ""kalman_data"": {""altitude"": 0, ""vertical_velocity"": 0}, ""kalman_altitude"": 0, ""kalman_vertical_velocity"": 0, ""communication_mode"": ""BEACON""}"
1768846349.024097,2026-01-19T21:12:29.024097,,,,,,,,,,,,,,,,,,,,,,,,,,BEACON,"{""type"": ""heartbeat"", ""uptime"": 371479, ""device_id"": ""ESP32:N4_BASE_BT_1"", ""xbee_enabled"": true, ""waiting_for_data"": true, ""kalman_data"": {""altitude"": 0, ""vertical_velocity"": 0}, ""kalman_altitude"": 0, ""kalman_vertical_velocity"": 0, ""communication_mode"": ""BEACON""}"
1768846350.105684,2026-01-19T21:12:30.105684,,,,,,,,,,,,,,,,,,,,,,,,,,BEACON,"{""type"": ""heartbeat"", ""uptime"": 371992, ""device_id"": ""ESP32:N4_BASE_BT_1"", ""xbee_enabled"": true, ""waiting_for_data"": true, ""kalman_data"": {""altitude"": 0, ""vertical_velocity"": 0}, ""kalman_altitude"": 0, ""kalman_vertical_velocity"": 0, ""communication_mode"": ""BEACON""}"
1768846350.655147,2026-01-19T21:12:30.655147,,,,,,,,,,,,,,,,,,,,,,,,,,BEACON,"{""type"": ""heartbeat"", ""uptime"": 372505, ""device_id"": ""ESP32:N4_BASE_BT_1"", ""xbee_enabled"": true, ""waiting_for_data"": true, ""kalman_data"": {""altitude"": 0, ""vertical_velocity"": 0}, ""kalman_altitude"": 0, ""kalman_vertical_velocity"": 0, ""communication_mode"": ""BEACON""}"
1768846351.10281,2026-01-19T21:12:31.102810,,,,,,,,,,,,,,,,,,,,,,,,,,BEACON,"{""type"": ""heartbeat"", ""uptime"": 373018, ""device_id"": ""ESP32:N4_BASE_BT_1"", ""xbee_enabled"": true, ""waiting_for_data"": true, ""kalman_data"": {""altitude"": 0, ""vertical_velocity"": 0}, ""kalman_altitude"": 0, ""kalman_vertical_velocity"": 0, ""communication_mode"": ""BEACON""}"
1768846351.231809,2026-01-19T21:12:31.231809,,,,,,,,,,,,,,,,,,,,,,,,,,BEACON,"{""type"": ""heartbeat"", ""uptime"": 373531, ""device_id"": ""ESP32:N4_BASE_BT_1"", ""xbee_enabled"": true, ""waiting_for_data"": true, ""kalman_data"": {""altitude"": 0, ""vertical_velocity"": 0}, ""kalman_altitude"": 0, ""kalman_vertical_velocity"": 0, ""communication_mode"": ""BEACON""}"
1768846351.538383,2026-01-19T21:12:31.538383,,,,,,,,,,,,,,,,,,,,,,,,,,BEACON,"{""type"": ""heartbeat"", ""uptime"": 374044, ""device_id"": ""ESP32:N4_BASE_BT_1"", ""xbee_enabled"": true, ""waiting_for_data"": true, ""kalman_data"": {""altitude"": 0, ""vertical_velocity"": 0}, ""kalman_altitude"": 0, ""kalman_vertical_velocity"": 0, ""communication_mode"": ""BEACON""}"
1768846351.939401,2026-01-19T21:12:31.939401,,,,,,,,,,,,,,,,,,,,,,,,,,BEACON,"{""type"": ""heartbeat"", ""uptime"": 374557, ""device_id"": ""ESP32:N4_BASE_BT_1"", ""xbee_enabled"": true, ""waiting_for_data"": true, ""kalman_data"": {""altitude"": 0, ""vertical_velocity"": 0}, ""kalman_altitude"": 0, ""kalman_vertical_velocity"": 0, ""communication_mode"": ""BEACON""}"
1768846352.343168,2026-01-19T21:12:32.343168,,,,,,,,,,,,,,,,,,,,,,,,,,BEACON,"{""type"": ""heartbeat"", ""uptime"": 375070, ""device_id"": ""ESP32:N4_BASE_BT_1"", ""xbee_enabled"": true, ""waiting_for_data"": true, ""kalman_data"": {""altitude"": 0, ""vertical_velocity"": 0}, ""kalman_altitude"": 0, ""kalman_vertical_velocity"": 0, ""communication_mode"": ""BEACON""}"
1768846352.86928,2026-01-19T21:12:32.869280,,,,,,,,,,,,,,,,,,,,,,,,,,BEACON,"{""type"": ""heartbeat"", ""uptime"": 375583, ""device_id"": ""ESP32:N4_BASE_BT_1"", ""xbee_enabled"": true, ""waiting_for_data"": true, ""kalman_data"": {""altitude"": 0, ""vertical_velocity"": 0}, ""kalman_altitude"": 0, ""kalman_vertical_velocity"": 0, ""communication_mode"": ""BEACON""}"
1768846353.720943,2026-01-19T21:12:33.720943,,,,,,,,,,,,,,,,,,,,,,,,,,BEACON,"{""type"": ""heartbeat"", ""uptime"": 376096, ""device_id"": ""ESP32:N4_BASE_BT_1"", ""xbee_enabled"": true, ""waiting_for_data"": true, ""kalman_data"": {""altitude"": 0, ""vertical_velocity"": 0}, ""kalman_altitude"": 0, ""kalman_vertical_velocity"": 0, ""communication_mode"": ""BEACON""}"
1768846354.171254,2026-01-19T21:12:34.171254,,,,,,,,,,,,,,,,,,,,,,,,,,BEACON,"{""type"": ""heartbeat"", ""uptime"": 376609, ""device_id"": ""ESP32:N4_BASE_BT_1"", ""xbee_enabled"": true, ""waiting_for_data"": true, ""kalman_data"": {""altitude"": 0, ""vertical_velocity"": 0}, ""kalman_altitude"": 0, ""kalman_vertical_velocity"": 0, ""communication_mode"": ""BEACON""}"
1768846354.436355,2026-01-19T21:12:34.436355,,,,,,,,,,,,,,,,,,,,,,,,,,BEACON,"{""type"": ""heartbeat"", ""uptime"": 377122, ""device_id"": ""ESP32:N4_BASE_BT_1"", ""xbee_enabled"": true, ""waiting_for_data"": true, ""kalman_data"": {""altitude"": 0, ""vertical_velocity"": 0}, ""kalman_altitude"": 0, ""kalman_vertical_velocity"": 0, ""communication_mode"": ""BEACON""}"
1768846355.115689,2026-01-19T21:12:35.115689,,,,,,,,,,,,,,,,,,,,,,,,,,BEACON,"{""type"": ""heartbeat"", ""uptime"": 377635, ""device_id"": ""ESP32:N4_BASE_BT_1"", ""xbee_enabled"": true, ""waiting_for_data"": true, ""kalman_data"": {""altitude"": 0, ""vertical_velocity"": 0}, ""kalman_altitude"": 0, ""kalman_vertical_velocity"": 0, ""communication_mode"": ""BEACON""}"
1768846355.739072,2026-01-19T21:12:35.739072,,,,,,,,,,,,,,,,,,,,,,,,,,BEACON,"{""type"": ""heartbeat"", ""uptime"": 378148, ""device_id"": ""ESP32:N4_BASE_BT_1"", ""xbee_enabled"": true, ""waiting_for_data"": true, ""kalman_data"": {""altitude"": 0, ""vertical_velocity"": 0}, ""kalman_altitude"": 0, ""kalman_vertical_velocity"": 0, ""communication_mode"": ""BEACON""}"
1768846355.948363,2026-01-19T21:12:35.948363,,,,,,,,,,,,,,,,,,,,,,,,,,BEACON,"{""type"": ""heartbeat"", ""uptime"": 378661, ""device_id"": ""ESP32:N4_BASE_BT_1"", ""xbee_enabled"": true, ""waiting_for_data"": true, ""kalman_data"": {""altitude"": 0, ""vertical_velocity"": 0}, ""kalman_altitude"": 0, ""kalman_vertical_velocity"": 0, ""communication_mode"": ""BEACON""}"
1768846356.501558,2026-01-19T21:12:36.501558,,,,,,,,,,,,,,,,,,,,,,,,,,BEACON,"{""type"": ""heartbeat"", ""uptime"": 379174, ""device_id"": ""ESP32:N4_BASE_BT_1"", ""xbee_enabled"": true, ""waiting_for_data"": true, ""kalman_data"": {""altitude"": 0, ""vertical_velocity"": 0}, ""kalman_altitude"": 0, ""kalman_vertical_velocity"": 0, ""communication_mode"": ""BEACON""}"
1768846357.169425,2026-01-19T21:12:37.169425,,,,,,,,,,,,,,,,,,,,,,,,,,BEACON,"{""type"": ""heartbeat"", ""uptime"": 379687, ""device_id"": ""ESP32:N4_BASE_BT_1"", ""xbee_enabled"": true, ""waiting_for_data"": true, ""kalman_data"": {""altitude"": 0, ""vertical_velocity"": 0}, ""kalman_altitude"": 0, ""kalman_vertical_velocity"": 0, ""communication_mode"": ""BEACON""}"
1768846357.453943,2026-01-19T21:12:37.453943,,,,,,,,,,,,,,,,,,,,,,,,,,BEACON,"{""type"": ""heartbeat"", ""uptime"": 380200, ""device_id"": ""ESP32:N4_BASE_BT_1"", ""xbee_enabled"": true, ""waiting_for_data"": true, ""kalman_data"": {""altitude"": 0, ""vertical_velocity"": 0}, ""kalman_altitude"": 0, ""kalman_vertical_velocity"": 0, ""communication_mode"": ""BEACON""}"
1768846358.804849,2026-01-19T21:12:38.804849,,,,,,,,,,,,,,,,,,,,,,,,,,BEACON,"{""type"": ""heartbeat"", ""uptime"": 380713, ""device_id"": ""ESP32:N4_BASE_BT_1"", ""xbee_enabled"": true, ""waiting_for_data"": true, ""kalman_data"": {""altitude"": 0, ""vertical_velocity"": 0}, ""kalman_altitude"": 0, ""kalman_vertical_velocity"": 0, ""communication_mode"": ""BEACON""}"
1768846359.265231,2026-01-19T21:12:39.265231,,,,,,,,,,,,,,,,,,,,,,,,,,BEACON,"{""type"": ""heartbeat"", ""uptime"": 381226, ""device_id"": ""ESP32:N4_BASE_BT_1"", ""xbee_enabled"": true, ""waiting_for_data"": true, ""kalman_data"": {""altitude"": 0, ""vertical_velocity"": 0}, ""kalman_altitude"": 0, ""kalman_vertical_velocity"": 0, ""communication_mode"": ""BEACON""}"
1768846359.53623,2026-01-19T21:12:39.536230,,,,,,,,,,,,,,,,,,,,,,,,,,BEACON,"{""type"": ""heartbeat"", ""uptime"": 381739, ""device_id"": ""ESP32:N4_BASE_BT_1"", ""xbee_enabled"": true, ""waiting_for_data"": true, ""kalman_data"": {""altitude"": 0, ""vertical_velocity"": 0}, ""kalman_altitude"": 0, ""kalman_vertical_velocity"": 0, ""communication_mode"": ""BEACON""}"
1768846359.634446,2026-01-19T21:12:39.634446,,,,,,,,,,,,,,,,,,,,,,,,,,BEACON,"{""type"": ""heartbeat"", ""uptime"": 382252, ""device_id"": ""ESP32:N4_BASE_BT_1"", ""xbee_enabled"": true, ""waiting_for_data"": true, ""kalman_data"": {""altitude"": 0, ""vertical_velocity"": 0}, ""kalman_altitude"": 0, ""kalman_vertical_velocity"": 0, ""communication_mode"": ""BEACON""}"
1768846360.115335,2026-01-19T21:12:40.115335,,,,,,,,,,,,,,,,,,,,,,,,,,BEACON,"{""type"": ""heartbeat"", ""uptime"": 382765, ""device_id"": ""ESP32:N4_BASE_BT_1"", ""xbee_enabled"": true, ""waiting_for_data"": true, ""kalman_data"": {""altitude"": 0, ""vertical_velocity"": 0}, ""kalman_altitude"": 0, ""kalman_vertical_velocity"": 0, ""communication_mode"": ""BEACON""}"
1768846360.83576,2026-01-19T21:12:40.835760,,,,,,,,,,,,,,,,,,,,,,,,,,BEACON,"{""type"": ""heartbeat"", ""uptime"": 383278, ""device_id"": ""ESP32:N4_BASE_BT_1"", ""xbee_enabled"": true, ""waiting_for_data"": true, ""kalman_data"": {""altitude"": 0, ""vertical_velocity"": 0}, ""kalman_altitude"": 0, ""kalman_vertical_velocity"": 0, ""communication_mode"": ""BEACON""}"
1768846361.082344,2026-01-19T21:12:41.082344,,,,,,,,,,,,,,,,,,,,,,,,,,BEACON,"{""type"": ""heartbeat"", ""uptime"": 383791, ""device_id"": ""ESP32:N4_BASE_BT_1"", ""xbee_enabled"": true, ""waiting_for_data"": true, ""kalman_data"": {""altitude"": 0, ""vertical_velocity"": 0}, ""kalman_altitude"": 0, ""kalman_vertical_velocity"": 0, ""communication_mode"": ""BEACON""}"
1768846361.935578,2026-01-19T21:12:41.935578,,,,,,,,,,,,,,,,,,,,,,,,,,BEACON,"{""type"": ""heartbeat"", ""uptime"": 384304, ""device_id"": ""ESP32:N4_BASE_BT_1"", ""xbee_enabled"": true, ""waiting_for_data"": true, ""kalman_data"": {""altitude"": 0, ""vertical_velocity"": 0}, ""kalman_altitude"": 0, ""kalman_vertical_velocity"": 0, ""communication_mode"": ""BEACON""}"
1768846368.604918,2026-01-19T21:12:48.604918,,,,,,,,,,,,,,,,,,,,,,,,,,BEACON,"{""type"": ""heartbeat"", ""uptime"": 384817, ""device_id"": ""ESP32:N4_BASE_BT_1"", ""xbee_enabled"": true, ""waiting_for_data"": true, ""kalman_data"": {""altitude"": 0, ""vertical_velocity"": 0}, ""kalman_altitude"": 0, ""kalman_vertical_velocity"": 0, ""communication_mode"": ""BEACON""}"
1768846369.834909,2026-01-19T21:12:49.834909,,,,,,,,,,,,,,,,,,,,,,,,,,BEACON,"{""type"": ""heartbeat"", ""uptime"": 385330, ""device_id"": ""ESP32:N4_BASE_BT_1"", ""xbee_enabled"": true, ""waiting_for_data"": true, ""kalman_data"": {""altitude"": 0, ""vertical_velocity"": 0}, ""kalman_altitude"": 0, ""kalman_vertical_velocity"": 0, ""communication_mode"": ""BEACON""}"
1768846370.149175,2026-01-19T21:12:50.149175,,,,,,,,,,,,,,,,,,,,,,,,,,BEACON,"{""type"": ""heartbeat"", ""uptime"": 385843, ""device_id"": ""ESP32:N4_BASE_BT_1"", ""xbee_enabled"": true, ""waiting_for_data"": true, ""kalman_data"": {""altitude"": 0, ""vertical_velocity"": 0}, ""kalman_altitude"": 0, ""kalman_vertical_velocity"": 0, ""communication_mode"": ""BEACON""}"
1768846370.175739,2026-01-19T21:12:50.175739,,,,,,,,,,,,,,,,,,,,,,,,,,BEACON,"{""type"": ""heartbeat"", ""uptime"": 386356, ""device_id"": ""ESP32:N4_BASE_BT_1"", ""xbee_enabled"": true, ""waiting_for_data"": true, ""kalman_data"": {""altitude"": 0, ""vertical_velocity"": 0}, ""kalman_altitude"": 0, ""kalman_vertical_velocity"": 0, ""communication_mode"": ""BEACON""}"
1768846370.436405,2026-01-19T21:12:50.436405,,,,,,,,,,,,,,,,,,,,,,,,,,BEACON,"{""type"": ""heartbeat"", ""uptime"": 386869, ""device_id"": ""ESP32:N4_BASE_BT_1"", ""xbee_enabled"": true, ""waiting_for_data"": true, ""kalman_data"": {""altitude"": 0, ""vertical_velocity"": 0}, ""kalman_altitude"": 0, ""kalman_vertical_velocity"": 0, ""communication_mode"": ""BEACON""}"
1768846370.603323,2026-01-19T21:12:50.603323,,,,,,,,,,,,,,,,,,,,,,,,,,BEACON,"{""type"": ""heartbeat"", ""uptime"": 387382, ""device_id"": ""ESP32:N4_BASE_BT_1"", ""xbee_enabled"": true, ""waiting_for_data"": true, ""kalman_data"": {""altitude"": 0, ""vertical_velocity"": 0}, ""kalman_altitude"": 0, ""kalman_vertical_velocity"": 0, ""communication_mode"": ""BEACON""}"
1768846370.902535,2026-01-19T21:12:50.902535,,,,,,,,,,,,,,,,,,,,,,,,,,BEACON,"{""type"": ""heartbeat"", ""uptime"": 387895, ""device_id"": ""ESP32:N4_BASE_BT_1"", ""xbee_enabled"": true, ""waiting_for_data"": true, ""kalman_data"": {""altitude"": 0, ""vertical_velocity"": 0}, ""kalman_altitude"": 0, ""kalman_vertical_velocity"": 0, ""communication_mode"": ""BEACON""}"
1768846371.10366,2026-01-19T21:12:51.103660,,,,,,,,,,,,,,,,,,,,,,,,,,BEACON,"{""type"": ""heartbeat"", ""uptime"": 388408, ""device_id"": ""ESP32:N4_BASE_BT_1"", ""xbee_enabled"": true, ""waiting_for_data"": true, ""kalman_data"": {""altitude"": 0, ""vertical_velocity"": 0}, ""kalman_altitude"": 0, ""kalman_vertical_velocity"": 0, ""communication_mode"": ""BEACON""}"
1768846371.304387,2026-01-19T21:12:51.304387,,,,,,,,,,,,,,,,,,,,,,,,,,BEACON,"{""type"": ""heartbeat"", ""uptime"": 388921, ""device_id"": ""ESP32:N4_BASE_BT_1"", ""xbee_enabled"": true, ""waiting_for_data"": true, ""kalman_data"": {""altitude"": 0, ""vertical_velocity"": 0}, ""kalman_altitude"": 0, ""kalman_vertical_velocity"": 0, ""communication_mode"": ""BEACON""}"
1768846371.414143,2026-01-19T21:12:51.414143,,,,,,,,,,,,,,,,,,,,,,,,,,BEACON,"{""type"": ""heartbeat"", ""uptime"": 389434, ""device_id"": ""ESP32:N4_BASE_BT_1"", ""xbee_enabled"": true, ""waiting_for_data"": true, ""kalman_data"": {""altitude"": 0, ""vertical_velocity"": 0}, ""kalman_altitude"": 0, ""kalman_vertical_velocity"": 0, ""communication_mode"": ""BEACON""}"
1768846371.548735,2026-01-19T21:12:51.548735,,,,,,,,,,,,,,,,,,,,,,,,,,BEACON,"{""type"": ""heartbeat"", ""uptime"": 389947, ""device_id"": ""ESP32:N4_BASE_BT_1"", ""xbee_enabled"": true, ""waiting_for_data"": true, ""kalman_data"": {""altitude"": 0, ""vertical_velocity"": 0}, ""kalman_altitude"": 0, ""kalman_vertical_velocity"": 0, ""communication_mode"": ""BEACON""}"
1768846371.633809,2026-01-19T21:12:51.633809,,,,,,,,,,,,,,,,,,,,,,,,,,BEACON,"{""type"": ""heartbeat"", ""uptime"": 390460, ""device_id"": ""ESP32:N4_BASE_BT_1"", ""xbee_enabled"": true, ""waiting_for_data"": true, ""kalman_data"": {""altitude"": 0, ""vertical_velocity"": 0}, ""kalman_altitude"": 0, ""kalman_vertical_velocity"": 0, ""communication_mode"": ""BEACON""}"
1768846371.686915,2026-01-19T21:12:51.686915,,,,,,,,,,,,,,,,,,,,,,,,,,BEACON,"{""type"": ""heartbeat"", ""uptime"": 390973, ""device_id"": ""ESP32:N4_BASE_BT_1"", ""xbee_enabled"": true, ""waiting_for_data"": true, ""kalman_data"": {""altitude"": 0, ""vertical_velocity"": 0}, ""kalman_altitude"": 0, ""kalman_vertical_velocity"": 0, ""communication_mode"": ""BEACON""}"
1768846371.736916,2026-01-19T21:12:51.736916,,,,,,,,,,,,,,,,,,,,,,,,,,BEACON,"{""type"": ""heartbeat"", ""uptime"": 391486, ""device_id"": ""ESP32:N4_BASE_BT_1"", ""xbee_enabled"": true, ""waiting_for_data"": true, ""kalman_data"": {""altitude"": 0, ""vertical_velocity"": 0}, ""kalman_altitude"": 0, ""kalman_vertical_velocity"": 0, ""communication_mode"": ""BEACON""}"
1768846371.816922,2026-01-19T21:12:51.816922,,,,,,,,,,,,,,,,,,,,,,,,,,BEACON,"{""type"": ""heartbeat"", ""uptime"": 391999, ""device_id"": ""ESP32:N4_BASE_BT_1"", ""xbee_enabled"": true, ""waiting_for_data"": true, ""kalman_data"": {""altitude"": 0, ""vertical_velocity"": 0}, ""kalman_altitude"": 0, ""kalman_vertical_velocity"": 0, ""communication_mode"": ""BEACON""}"
1768846371.966731,2026-01-19T21:12:51.966731,,,,,,,,,,,,,,,,,,,,,,,,,,BEACON,"{""type"": ""heartbeat"", ""uptime"": 392512, ""device_id"": ""ESP32:N4_BASE_BT_1"", ""xbee_enabled"": true, ""waiting_for_data"": true, ""kalman_data"": {""altitude"": 0, ""vertical_velocity"": 0}, ""kalman_altitude"": 0, ""kalman_vertical_velocity"": 0, ""communication_mode"": ""BEACON""}"
1768846372.033239,2026-01-19T21:12:52.033239,,,,,,,,,,,,,,,,,,,,,,,,,,BEACON,"{""type"": ""heartbeat"", ""uptime"": 393025, ""device_id"": ""ESP32:N4_BASE_BT_1"", ""xbee_enabled"": true, ""waiting_for_data"": true, ""kalman_data"": {""altitude"": 0, ""vertical_velocity"": 0}, ""kalman_altitude"": 0, ""kalman_vertical_velocity"": 0, ""communication_mode"": ""BEACON""}"
1768846372.148353,2026-01-19T21:12:52.148353,,,,,,,,,,,,,,,,,,,,,,,,,,BEACON,"{""type"": ""heartbeat"", ""uptime"": 393538, ""device_id"": ""ESP32:N4_BASE_BT_1"", ""xbee_enabled"": true, ""waiting_for_data"": true, ""kalman_data"": {""altitude"": 0, ""vertical_velocity"": 0}, ""kalman_altitude"": 0, ""kalman_vertical_velocity"": 0, ""communication_mode"": ""BEACON""}"
1768846372.200358,2026-01-19T21:12:52.200358,,,,,,,,,,,,,,,,,,,,,,,,,,BEACON,"{""type"": ""heartbeat"", ""uptime"": 394051, ""device_id"": ""ESP32:N4_BASE_BT_1"", ""xbee_enabled"": true, ""waiting_for_data"": true, ""kalman_data"": {""altitude"": 0, ""vertical_velocity"": 0}, ""kalman_altitude"": 0, ""kalman_vertical_velocity"": 0, ""communication_mode"": ""BEACON""}"
1768846372.216353,2026-01-19T21:12:52.216353,,,,,,,,,,,,,,,,,,,,,,,,,,BEACON,"{""type"": ""heartbeat"", ""uptime"": 394564, ""device_id"": ""ESP32:N4_BASE_BT_1"", ""xbee_enabled"": true, ""waiting_for_data"": true, ""kalman_data"": {""altitude"": 0, ""vertical_velocity"": 0}, ""kalman_altitude"": 0, ""kalman_vertical_velocity"": 0, ""communication_mode"": ""BEACON""}"
1768846372.377442,2026-01-19T21:12:52.377442,,,,,,,,,,,,,,,,,,,,,,,,,,BEACON,"{""type"": ""heartbeat"", ""uptime"": 395077, ""device_id"": ""ESP32:N4_BASE_BT_1"", ""xbee_enabled"": true, ""waiting_for_data"": true, ""kalman_data"": {""altitude"": 0, ""vertical_velocity"": 0}, ""kalman_altitude"": 0, ""kalman_vertical_velocity"": 0, ""communication_mode"": ""BEACON""}"
1768846372.913603,2026-01-19T21:12:52.913603,,,,,,,,,,,,,,,,,,,,,,,,,,BEACON,"{""type"": ""heartbeat"", ""uptime"": 395590, ""device_id"": ""ESP32:N4_BASE_BT_1"", ""xbee_enabled"": true, ""waiting_for_data"": true, ""kalman_data"": {""altitude"": 0, ""vertical_velocity"": 0}, ""kalman_altitude"": 0, ""kalman_vertical_velocity"": 0, ""communication_mode"": ""BEACON""}"
1768846373.532988,2026-01-19T21:12:53.532988,,,,,,,,,,,,,,,,,,,,,,,,,,BEACON,"{""type"": ""heartbeat"", ""uptime"": 396103, ""device_id"": ""ESP32:N4_BASE_BT_1"", ""xbee_enabled"": true, ""waiting_for_data"": true, ""kalman_data"": {""altitude"": 0, ""vertical_velocity"": 0}, ""kalman_altitude"": 0, ""kalman_vertical_velocity"": 0, ""communication_mode"": ""BEACON""}"
1768846374.032072,2026-01-19T21:12:54.032072,,,,,,,,,,,,,,,,,,,,,,,,,,BEACON,"{""type"": ""heartbeat"", ""uptime"": 396616, ""device_id"": ""ESP32:N4_BASE_BT_1"", ""xbee_enabled"": true, ""waiting_for_data"": true, ""kalman_data"": {""altitude"": 0, ""vertical_velocity"": 0}, ""kalman_altitude"": 0, ""kalman_vertical_velocity"": 0, ""communication_mode"": ""BEACON""}"
1768846375.91836,2026-01-19T21:12:55.918360,,,,,,,,,,,,,,,,,,,,,,,,,,BEACON,"{""type"": ""heartbeat"", ""uptime"": 397129, ""device_id"": ""ESP32:N4_BASE_BT_1"", ""xbee_enabled"": true, ""waiting_for_data"": true, ""kalman_data"": {""altitude"": 0, ""vertical_velocity"": 0}, ""kalman_altitude"": 0, ""kalman_vertical_velocity"": 0, ""communication_mode"": ""BEACON""}"
1768846376.313244,2026-01-19T21:12:56.313244,,,,,,,,,,,,,,,,,,,,,,,,,,BEACON,"{""type"": ""heartbeat"", ""uptime"": 397642, ""device_id"": ""ESP32:N4_BASE_BT_1"", ""xbee_enabled"": true, ""waiting_for_data"": true, ""kalman_data"": {""altitude"": 0, ""vertical_velocity"": 0}, ""kalman_altitude"": 0, ""kalman_vertical_velocity"": 0, ""communication_mode"": ""BEACON""}"
1768846376.585275,2026-01-19T21:12:56.585275,,,,,,,,,,,,,,,,,,,,,,,,,,BEACON,"{""type"": ""heartbeat"", ""uptime"": 398155, ""device_id"": ""ESP32:N4_BASE_BT_1"", ""xbee_enabled"": true, ""waiting_for_data"": true, ""kalman_data"": {""altitude"": 0, ""vertical_velocity"": 0}, ""kalman_altitude"": 0, ""kalman_vertical_velocity"": 0, ""communication_mode"": ""BEACON""}"
1768846376.978254,2026-01-19T21:12:56.978254,,,,,,,,,,,,,,,,,,,,,,,,,,BEACON,"{""type"": ""heartbeat"", ""uptime"": 398668, ""device_id"": ""ESP32:N4_BASE_BT_1"", ""xbee_enabled"": true, ""waiting_for_data"": true, ""kalman_data"": {""altitude"": 0, ""vertical_velocity"": 0}, ""kalman_altitude"": 0, ""kalman_vertical_velocity"": 0, ""communication_mode"": ""BEACON""}"
1768846377.49925,2026-01-19T21:12:57.499250,,,,,,,,,,,,,,,,,,,,,,,,,,BEACON,"{""type"": ""heartbeat"", ""uptime"": 399181, ""device_id"": ""ESP32:N4_BASE_BT_1"", ""xbee_enabled"": true, ""waiting_for_data"": true, ""kalman_data"": {""altitude"": 0, ""vertical_velocity"": 0}, ""kalman_altitude"": 0, ""kalman_vertical_velocity"": 0, ""communication_mode"": ""BEACON""}"
1768846377.872327,2026-01-19T21:12:57.872327,,,,,,,,,,,,,,,,,,,,,,,,,,BEACON,"{""type"": ""heartbeat"", ""uptime"": 399694, ""device_id"": ""ESP32:N4_BASE_BT_1"", ""xbee_enabled"": true, ""waiting_for_data"": true, ""kalman_data"": {""altitude"": 0, ""vertical_velocity"": 0}, ""kalman_altitude"": 0, ""kalman_vertical_velocity"": 0, ""communication_mode"": ""BEACON""}"
1768846377.935324,2026-01-19T21:12:57.935324,,,,,,,,,,,,,,,,,,,,,,,,,,BEACON,"{""type"": ""heartbeat"", ""uptime"": 400207, ""device_id"": ""ESP32:N4_BASE_BT_1"", ""xbee_enabled"": true, ""waiting_for_data"": true, ""kalman_data"": {""altitude"": 0, ""vertical_velocity"": 0}, ""kalman_altitude"": 0, ""kalman_vertical_velocity"": 0, ""communication_mode"": ""BEACON""}"
1768846378.099461,2026-01-19T21:12:58.099461,,,,,,,,,,,,,,,,,,,,,,,,,,BEACON,"{""type"": ""heartbeat"", ""uptime"": 400720, ""device_id"": ""ESP32:N4_BASE_BT_1"", ""xbee_enabled"": true, ""waiting_for_data"": true, ""kalman_data"": {""altitude"": 0, ""vertical_velocity"": 0}, ""kalman_altitude"": 0, ""kalman_vertical_velocity"": 0, ""communication_mode"": ""BEACON""}"
1768846378.502083,2026-01-19T21:12:58.502083,,,,,,,,,,,,,,,,,,,,,,,,,,BEACON,"{""type"": ""heartbeat"", ""uptime"": 401233, ""device_id"": ""ESP32:N4_BASE_BT_1"", ""xbee_enabled"": true, ""waiting_for_data"": true, ""kalman_data"": {""altitude"": 0, ""vertical_velocity"": 0}, ""kalman_altitude"": 0, ""kalman_vertical_velocity"": 0, ""communication_mode"": ""BEACON""}"
1768846379.445171,2026-01-19T21:12:59.445171,,,,,,,,,,,,,,,,,,,,,,,,,,BEACON,"{""type"": ""heartbeat"", ""uptime"": 401746, ""device_id"": ""ESP32:N4_BASE_BT_1"", ""xbee_enabled"": true, ""waiting_for_data"": true, ""kalman_data"": {""altitude"": 0, ""vertical_velocity"": 0}, ""kalman_altitude"": 0, ""kalman_vertical_velocity"": 0, ""communication_mode"": ""BEACON""}"
1768846381.539315,2026-01-19T21:13:01.539315,,,,,,,,,,,,,,,,,,,,,,,,,,BEACON,"{""type"": ""heartbeat"", ""uptime"": 402259, ""device_id"": ""ESP32:N4_BASE_BT_1"", ""xbee_enabled"": true, ""waiting_for_data"": true, ""kalman_data"": {""altitude"": 0, ""vertical_velocity"": 0}, ""kalman_altitude"": 0, ""kalman_vertical_velocity"": 0, ""communication_mode"": ""BEACON""}"
1768846382.285659,2026-01-19T21:13:02.285659,,,,,,,,,,,,,,,,,,,,,,,,,,BEACON,"{""type"": ""heartbeat"", ""uptime"": 402772, ""device_id"": ""ESP32:N4_BASE_BT_1"", ""xbee_enabled"": true, ""waiting_for_data"": true, ""kalman_data"": {""altitude"": 0, ""vertical_velocity"": 0}, ""kalman_altitude"": 0, ""kalman_vertical_velocity"": 0, ""communication_mode"": ""BEACON""}"
1768846383.266509,2026-01-19T21:13:03.266509,,,,,,,,,,,,,,,,,,,,,,,,,,BEACON,"{""type"": ""heartbeat"", ""uptime"": 403285, ""device_id"": ""ESP32:N4_BASE_BT_1"", ""xbee_enabled"": true, ""waiting_for_data"": true, ""kalman_data"": {""altitude"": 0, ""vertical_velocity"": 0}, ""kalman_altitude"": 0, ""kalman_vertical_velocity"": 0, ""communication_mode"": ""BEACON""}"
1768846383.864964,2026-01-19T21:13:03.864964,,,,,,,,,,,,,,,,,,,,,,,,,,BEACON,"{""type"": ""heartbeat"", ""uptime"": 403798, ""device_id"": ""ESP32:N4_BASE_BT_1"", ""xbee_enabled"": true, ""waiting_for_data"": true, ""kalman_data"": {""altitude"": 0, ""vertical_velocity"": 0}, ""kalman_altitude"": 0, ""kalman_vertical_velocity"": 0, ""communication_mode"": ""BEACON""}"
1768846384.295994,2026-01-19T21:13:04.295994,,,,,,,,,,,,,,,,,,,,,,,,,,BEACON,"{""type"": ""heartbeat"", ""uptime"": 404311, ""device_id"": ""ESP32:N4_BASE_BT_1"", ""xbee_enabled"": true, ""waiting_for_data"": true, ""kalman_data"": {""altitude"": 0, ""vertical_velocity"": 0}, ""kalman_altitude"": 0, ""kalman_vertical_velocity"": 0, ""communication_mode"": ""BEACON""}"
1768846384.416437,2026-01-19T21:13:04.416437,,,,,,,,,,,,,,,,,,,,,,,,,,BEACON,"{""type"": ""heartbeat"", ""uptime"": 404824, ""device_id"": ""ESP32:N4_BASE_BT_1"", ""xbee_enabled"": true, ""waiting_for_data"": true, ""kalman_data"": {""altitude"": 0, ""vertical_velocity"": 0}, ""kalman_altitude"": 0, ""kalman_vertical_velocity"": 0, ""communication_mode"": ""BEACON""}"
1768846384.500252,2026-01-19T21:13:04.500252,,,,,,,,,,,,,,,,,,,,,,,,,,BEACON,"{""type"": ""heartbeat"", ""uptime"": 405337, ""device_id"": ""ESP32:N4_BASE_BT_1"", ""xbee_enabled"": true, ""waiting_for_data"": true, ""kalman_data"": {""altitude"": 0, ""vertical_velocity"": 0}, ""kalman_altitude"": 0, ""kalman_vertical_velocity"": 0, ""communication_mode"": ""BEACON""}"
1768846384.540574,2026-01-19T21:13:04.540574,,,,,,,,,,,,,,,,,,,,,,,,,,BEACON,"{""type"": ""heartbeat"", ""uptime"": 405850, ""device_id"": ""ESP32:N4_BASE_BT_1"", ""xbee_enabled"": true, ""waiting_for_data"": true, ""kalman_data"": {""altitude"": 0, ""vertical_velocity"": 0}, ""kalman_altitude"": 0, ""kalman_vertical_velocity"": 0, ""communication_mode"": ""BEACON""}"
1768846384.576557,2026-01-19T21:13:04.576557,,,,,,,,,,,,,,,,,,,,,,,,,,BEACON,"{""type"": ""heartbeat"", ""uptime"": 406363, ""device_id"": ""ESP32:N4_BASE_BT_1"", ""xbee_enabled"": true, ""waiting_for_data"": true, ""kalman_data"": {""altitude"": 0, ""vertical_velocity"": 0}, ""kalman_altitude"": 0, ""kalman_vertical_velocity"": 0, ""communication_mode"": ""BEACON""}"
1768846384.592557,2026-01-19T21:13:04.592557,,,,,,,,,,,,,,,,,,,,,,,,,,BEACON,"{""type"": ""heartbeat"", ""uptime"": 406876, ""device_id"": ""ESP32:N4_BASE_BT_1"", ""xbee_enabled"": true, ""waiting_for_data"": true, ""kalman_data"": {""altitude"": 0, ""vertical_velocity"": 0}, ""kalman_altitude"": 0, ""kalman_vertical_velocity"": 0, ""communication_mode"": ""BEACON""}"
1768846384.717454,2026-01-19T21:13:04.717454,,,,,,,,,,,,,,,,,,,,,,,,,,BEACON,"{""type"": ""heartbeat"", ""uptime"": 407389, ""device_id"": ""ESP32:N4_BASE_BT_1"", ""xbee_enabled"": true, ""waiting_for_data"": true, ""kalman_data"": {""altitude"": 0, ""vertical_velocity"": 0}, ""kalman_altitude"": 0, ""kalman_vertical_velocity"": 0, ""communication_mode"": ""BEACON""}"
1768846385.516807,2026-01-19T21:13:05.516807,,,,,,,,,,,,,,,,,,,,,,,,,,BEACON,"{""type"": ""heartbeat"", ""uptime"": 407902, ""device_id"": ""ESP32:N4_BASE_BT_1"", ""xbee_enabled"": true, ""waiting_for_data"": true, ""kalman_data"": {""altitude"": 0, ""vertical_velocity"": 0}, ""kalman_altitude"": 0, ""kalman_vertical_velocity"": 0, ""communication_mode"": ""BEACON""}"
1768846386.065238,2026-01-19T21:13:06.065238,,,,,,,,,,,,,,,,,,,,,,,,,,BEACON,"{""type"": ""heartbeat"", ""uptime"": 408415, ""device_id"": ""ESP32:N4_BASE_BT_1"", ""xbee_enabled"": true, ""waiting_for_data"": true, ""kalman_data"": {""altitude"": 0, ""vertical_velocity"": 0}, ""kalman_altitude"": 0, ""kalman_vertical_velocity"": 0, ""communication_mode"": ""BEACON""}"
1768846386.418485,2026-01-19T21:13:06.418485,,,,,,,,,,,,,,,,,,,,,,,,,,BEACON,"{""type"": ""heartbeat"", ""uptime"": 408928, ""device_id"": ""ESP32:N4_BASE_BT_1"", ""xbee_enabled"": true, ""waiting_for_data"": true, ""kalman_data"": {""altitude"": 0, ""vertical_velocity"": 0}, ""kalman_altitude"": 0, ""kalman_vertical_velocity"": 0, ""communication_mode"": ""BEACON""}"
1768846386.865947,2026-01-19T21:13:06.865947,,,,,,,,,,,,,,,,,,,,,,,,,,BEACON,"{""type"": ""heartbeat"", ""uptime"": 409441, ""device_id"": ""ESP32:N4_BASE_BT_1"", ""xbee_enabled"": true, ""waiting_for_data"": true, ""kalman_data"": {""altitude"": 0, ""vertical_velocity"": 0}, ""kalman_altitude"": 0, ""kalman_vertical_velocity"": 0, ""communication_mode"": ""BEACON""}"
1768846388.000227,2026-01-19T21:13:08.000227,,,,,,,,,,,,,,,,,,,,,,,,,,BEACON,"{""type"": ""heartbeat"", ""uptime"": 409954, ""device_id"": ""ESP32:N4_BASE_BT_1"", ""xbee_enabled"": true, ""waiting_for_data"": true, ""kalman_data"": {""altitude"": 0, ""vertical_velocity"": 0}, ""kalman_altitude"": 0, ""kalman_vertical_velocity"": 0, ""communication_mode"": ""BEACON""}"
1768846388.128932,2026-01-19T21:13:08.128932,,,,,,,,,,,,,,,,,,,,,,,,,,BEACON,"{""type"": ""heartbeat"", ""uptime"": 410467, ""device_id"": ""ESP32:N4_BASE_BT_1"", ""xbee_enabled"": true, ""waiting_for_data"": true, ""kalman_data"": {""altitude"": 0, ""vertical_velocity"": 0}, ""kalman_altitude"": 0, ""kalman_vertical_velocity"": 0, ""communication_mode"": ""BEACON""}"
1768846388.313063,2026-01-19T21:13:08.313063,,,,,,,,,,,,,,,,,,,,,,,,,,BEACON,"{""type"": ""heartbeat"", ""uptime"": 410980, ""device_id"": ""ESP32:N4_BASE_BT_1"", ""xbee_enabled"": true, ""waiting_for_data"": true, ""kalman_data"": {""altitude"": 0, ""vertical_velocity"": 0}, ""kalman_altitude"": 0, ""kalman_vertical_velocity"": 0, ""communication_mode"": ""BEACON""}"
1768846388.842398,2026-01-19T21:13:08.842398,,,,,,,,,,,,,,,,,,,,,,,,,,BEACON,"{""type"": ""heartbeat"", ""uptime"": 411493, ""device_id"": ""ESP32:N4_BASE_BT_1"", ""xbee_enabled"": true, ""waiting_for_data"": true, ""kalman_data"": {""altitude"": 0, ""vertical_velocity"": 0}, ""kalman_altitude"": 0, ""kalman_vertical_velocity"": 0, ""communication_mode"": ""BEACON""}"
1768846390.383958,2026-01-19T21:13:10.383958,,,,,,,,,,,,,,,,,,,,,,,,,,BEACON,"{""type"": ""heartbeat"", ""uptime"": 412006, ""device_id"": ""ESP32:N4_BASE_BT_1"", ""xbee_enabled"": true, ""waiting_for_data"": true, ""kalman_data"": {""altitude"": 0, ""vertical_velocity"": 0}, ""kalman_altitude"": 0, ""kalman_vertical_velocity"": 0, ""communication_mode"": ""BEACON""}"
1768846391.267054,2026-01-19T21:13:11.267054,,,,,,,,,,,,,,,,,,,,,,,,,,BEACON,"{""type"": ""heartbeat"", ""uptime"": 412519, ""device_id"": ""ESP32:N4_BASE_BT_1"", ""xbee_enabled"": true, ""waiting_for_data"": true, ""kalman_data"": {""altitude"": 0, ""vertical_velocity"": 0}, ""kalman_altitude"": 0, ""kalman_vertical_velocity"": 0, ""communication_mode"": ""BEACON""}"
1768846391.514064,2026-01-19T21:13:11.514064,,,,,,,,,,,,,,,,,,,,,,,,,,BEACON,"{""type"": ""heartbeat"", ""uptime"": 413032, ""device_id"": ""ESP32:N4_BASE_BT_1"", ""xbee_enabled"": true, ""waiting_for_data"": true, ""kalman_data"": {""altitude"": 0, ""vertical_velocity"": 0}, ""kalman_altitude"": 0, ""kalman_vertical_velocity"": 0, ""communication_mode"": ""BEACON""}"
1768846391.74419,2026-01-19T21:13:11.744190,,,,,,,,,,,,,,,,,,,,,,,,,,BEACON,"{""type"": ""heartbeat"", ""uptime"": 413545, ""device_id"": ""ESP32:N4_BASE_BT_1"", ""xbee_enabled"": true, ""waiting_for_data"": true, ""kalman_data"": {""altitude"": 0, ""vertical_velocity"": 0}, ""kalman_altitude"": 0, ""kalman_vertical_velocity"": 0, ""communication_mode"": ""BEACON""}"
1768846391.879371,2026-01-19T21:13:11.879371,,,,,,,,,,,,,,,,,,,,,,,,,,BEACON,"{""type"": ""heartbeat"", ""uptime"": 414058, ""device_id"": ""ESP32:N4_BASE_BT_1"", ""xbee_enabled"": true, ""waiting_for_data"": true, ""kalman_data"": {""altitude"": 0, ""vertical_velocity"": 0}, ""kalman_altitude"": 0, ""kalman_vertical_velocity"": 0, ""communication_mode"": ""BEACON""}"
1768846391.980965,2026-01-19T21:13:11.980965,,,,,,,,,,,,,,,,,,,,,,,,,,BEACON,"{""type"": ""heartbeat"", ""uptime"": 414571, ""device_id"": ""ESP32:N4_BASE_BT_1"", ""xbee_enabled"": true, ""waiting_for_data"": true, ""kalman_data"": {""altitude"": 0, ""vertical_velocity"": 0}, ""kalman_altitude"": 0, ""kalman_vertical_velocity"": 0, ""communication_mode"": ""BEACON""}"
1768846392.484118,2026-01-19T21:13:12.484118,,,,,,,,,,,,,,,,,,,,,,,,,,BEACON,"{""type"": ""heartbeat"", ""uptime"": 415084, ""device_id"": ""ESP32:N4_BASE_BT_1"", ""xbee_enabled"": true, ""waiting_for_data"": true, ""kalman_data"": {""altitude"": 0, ""vertical_velocity"": 0}, ""kalman_altitude"": 0, ""kalman_vertical_velocity"": 0, ""communication_mode"": ""BEACON""}"
1768846393.080263,2026-01-19T21:13:13.080263,,,,,,,,,,,,,,,,,,,,,,,,,,BEACON,"{""type"": ""heartbeat"", ""uptime"": 415597, ""device_id"": ""ESP32:N4_BASE_BT_1"", ""xbee_enabled"": true, ""waiting_for_data"": true, ""kalman_data"": {""altitude"": 0, ""vertical_velocity"": 0}, ""kalman_altitude"": 0, ""kalman_vertical_velocity"": 0, ""communication_mode"": ""BEACON""}"
1768846393.443733,2026-01-19T21:13:13.443733,,,,,,,,,,,,,,,,,,,,,,,,,,BEACON,"{""type"": ""heartbeat"", ""uptime"": 416110, ""device_id"": ""ESP32:N4_BASE_BT_1"", ""xbee_enabled"": true, ""waiting_for_data"": true, ""kalman_data"": {""altitude"": 0, ""vertical_velocity"": 0}, ""kalman_altitude"": 0, ""kalman_vertical_velocity"": 0, ""communication_mode"": ""BEACON""}"
1768846394.082096,2026-01-19T21:13:14.082096,,,,,,,,,,,,,,,,,,,,,,,,,,BEACON,"{""type"": ""heartbeat"", ""uptime"": 416623, ""device_id"": ""ESP32:N4_BASE_BT_1"", ""xbee_enabled"": true, ""waiting_for_data"": true, ""kalman_data"": {""altitude"": 0, ""vertical_velocity"": 0}, ""kalman_altitude"": 0, ""kalman_vertical_velocity"": 0, ""communication_mode"": ""BEACON""}"
1768846394.733565,2026-01-19T21:13:14.733565,,,,,,,,,,,,,,,,,,,,,,,,,,BEACON,"{""type"": ""heartbeat"", ""uptime"": 417136, ""device_id"": ""ESP32:N4_BASE_BT_1"", ""xbee_enabled"": true, ""waiting_for_data"": true, ""kalman_data"": {""altitude"": 0, ""vertical_velocity"": 0}, ""kalman_altitude"": 0, ""kalman_vertical_velocity"": 0, ""communication_mode"": ""BEACON""}"
1768846395.082181,2026-01-19T21:13:15.082181,,,,,,,,,,,,,,,,,,,,,,,,,,BEACON,"{""type"": ""heartbeat"", ""uptime"": 417649, ""device_id"": ""ESP32:N4_BASE_BT_1"", ""xbee_enabled"": true, ""waiting_for_data"": true, ""kalman_data"": {""altitude"": 0, ""vertical_velocity"": 0}, ""kalman_altitude"": 0, ""kalman_vertical_velocity"": 0, ""communication_mode"": ""BEACON""}"
1768846395.711233,2026-01-19T21:13:15.711233,,,,,,,,,,,,,,,,,,,,,,,,,,BEACON,"{""type"": ""heartbeat"", ""uptime"": 418162, ""device_id"": ""ESP32:N4_BASE_BT_1"", ""xbee_enabled"": true, ""waiting_for_data"": true, ""kalman_data"": {""altitude"": 0, ""vertical_velocity"": 0}, ""kalman_altitude"": 0, ""kalman_vertical_velocity"": 0, ""communication_mode"": ""BEACON""}"
1768846396.346825,2026-01-19T21:13:16.346825,,,,,,,,,,,,,,,,,,,,,,,,,,BEACON,"{""type"": ""heartbeat"", ""uptime"": 418675, ""device_id"": ""ESP32:N4_BASE_BT_1"", ""xbee_enabled"": true, ""waiting_for_data"": true, ""kalman_data"": {""altitude"": 0, ""vertical_velocity"": 0}, ""kalman_altitude"": 0, ""kalman_vertical_velocity"": 0, ""communication_mode"": ""BEACON""}"
1768846397.597127,2026-01-19T21:13:17.597127,,,,,,,,,,,,,,,,,,,,,,,,,,BEACON,"{""type"": ""heartbeat"", ""uptime"": 419188, ""device_id"": ""ESP32:N4_BASE_BT_1"", ""xbee_enabled"": true, ""waiting_for_data"": true, ""kalman_data"": {""altitude"": 0, ""vertical_velocity"": 0}, ""kalman_altitude"": 0, ""kalman_vertical_velocity"": 0, ""communication_mode"": ""BEACON""}"
1768846398.550169,2026-01-19T21:13:18.550169,,,,,,,,,,,,,,,,,,,,,,,,,,BEACON,"{""type"": ""heartbeat"", ""uptime"": 419701, ""device_id"": ""ESP32:N4_BASE_BT_1"", ""xbee_enabled"": true, ""waiting_for_data"": true, ""kalman_data"": {""altitude"": 0, ""vertical_velocity"": 0}, ""kalman_altitude"": 0, ""kalman_vertical_velocity"": 0, ""communication_mode"": ""BEACON""}"
1768846399.129124,2026-01-19T21:13:19.129124,,,,,,,,,,,,,,,,,,,,,,,,,,BEACON,"{""type"": ""heartbeat"", ""uptime"": 420214, ""device_id"": ""ESP32:N4_BASE_BT_1"", ""xbee_enabled"": true, ""waiting_for_data"": true, ""kalman_data"": {""altitude"": 0, ""vertical_velocity"": 0}, ""kalman_altitude"": 0, ""kalman_vertical_velocity"": 0, ""communication_mode"": ""BEACON""}"
1768846399.643244,2026-01-19T21:13:19.643244,,,,,,,,,,,,,,,,,,,,,,,,,,BEACON,"{""type"": ""heartbeat"", ""uptime"": 420727, ""device_id"": ""ESP32:N4_BASE_BT_1"", ""xbee_enabled"": true, ""waiting_for_data"": true, ""kalman_data"": {""altitude"": 0, ""vertical_velocity"": 0}, ""kalman_altitude"": 0, ""kalman_vertical_velocity"": 0, ""communication_mode"": ""BEACON""}"
1768846399.789792,2026-01-19T21:13:19.789792,,,,,,,,,,,,,,,,,,,,,,,,,,BEACON,"{""type"": ""heartbeat"", ""uptime"": 421240, ""device_id"": ""ESP32:N4_BASE_BT_1"", ""xbee_enabled"": true, ""waiting_for_data"": true, ""kalman_data"": {""altitude"": 0, ""vertical_velocity"": 0}, ""kalman_altitude"": 0, ""kalman_vertical_velocity"": 0, ""communication_mode"": ""BEACON""}"
1768846399.992081,2026-01-19T21:13:19.992081,,,,,,,,,,,,,,,,,,,,,,,,,,BEACON,"{""type"": ""heartbeat"", ""uptime"": 421753, ""device_id"": ""ESP32:N4_BASE_BT_1"", ""xbee_enabled"": true, ""waiting_for_data"": true, ""kalman_data"": {""altitude"": 0, ""vertical_velocity"": 0}, ""kalman_altitude"": 0, ""kalman_vertical_velocity"": 0, ""communication_mode"": ""BEACON""}"
1768846400.192414,2026-01-19T21:13:20.192414,,,,,,,,,,,,,,,,,,,,,,,,,,BEACON,"{""type"": ""heartbeat"", ""uptime"": 422266, ""device_id"": ""ESP32:N4_BASE_BT_1"", ""xbee_enabled"": true, ""waiting_for_data"": true, ""kalman_data"": {""altitude"": 0, ""vertical_velocity"": 0}, ""kalman_altitude"": 0, ""kalman_vertical_velocity"": 0, ""communication_mode"": ""BEACON""}"
1768846400.264413,2026-01-19T21:13:20.264413,,,,,,,,,,,,,,,,,,,,,,,,,,BEACON,"{""type"": ""heartbeat"", ""uptime"": 422779, ""device_id"": ""ESP32:N4_BASE_BT_1"", ""xbee_enabled"": true, ""waiting_for_data"": true, ""kalman_data"": {""altitude"": 0, ""vertical_velocity"": 0}, ""kalman_altitude"": 0, ""kalman_vertical_velocity"": 0, ""communication_mode"": ""BEACON""}"
1768846401.016449,2026-01-19T21:13:21.016449,,,,,,,,,,,,,,,,,,,,,,,,,,BEACON,"{""type"": ""heartbeat"", ""uptime"": 423292, ""device_id"": ""ESP32:N4_BASE_BT_1"", ""xbee_enabled"": true, ""waiting_for_data"": true, ""kalman_data"": {""altitude"": 0, ""vertical_velocity"": 0}, ""kalman_altitude"": 0, ""kalman_vertical_velocity"": 0, ""communication_mode"": ""BEACON""}"
1768846401.526367,2026-01-19T21:13:21.526367,,,,,,,,,,,,,,,,,,,,,,,,,,BEACON,"{""type"": ""heartbeat"", ""uptime"": 423805, ""device_id"": ""ESP32:N4_BASE_BT_1"", ""xbee_enabled"": true, ""waiting_for_data"": true, ""kalman_data"": {""altitude"": 0, ""vertical_velocity"": 0}, ""kalman_altitude"": 0, ""kalman_vertical_velocity"": 0, ""communication_mode"": ""BEACON""}"
1768846401.747187,2026-01-19T21:13:21.747187,,,,,,,,,,,,,,,,,,,,,,,,,,BEACON,"{""type"": ""heartbeat"", ""uptime"": 424318, ""device_id"": ""ESP32:N4_BASE_BT_1"", ""xbee_enabled"": true, ""waiting_for_data"": true, ""kalman_data"": {""altitude"": 0, ""vertical_velocity"": 0}, ""kalman_altitude"": 0, ""kalman_vertical_velocity"": 0, ""communication_mode"": ""BEACON""}"
1768846402.742441,2026-01-19T21:13:22.742441,,,,,,,,,,,,,,,,,,,,,,,,,,BEACON,"{""type"": ""heartbeat"", ""uptime"": 424831, ""device_id"": ""ESP32:N4_BASE_BT_1"", ""xbee_enabled"": true, ""waiting_for_data"": true, ""kalman_data"": {""altitude"": 0, ""vertical_velocity"": 0}, ""kalman_altitude"": 0, ""kalman_vertical_velocity"": 0, ""communication_mode"": ""BEACON""}"
1768846403.082331,2026-01-19T21:13:23.082331,,,,,,,,,,,,,,,,,,,,,,,,,,BEACON,"{""type"": ""heartbeat"", ""uptime"": 425344, ""device_id"": ""ESP32:N4_BASE_BT_1"", ""xbee_enabled"": true, ""waiting_for_data"": true, ""kalman_data"": {""altitude"": 0, ""vertical_velocity"": 0}, ""kalman_altitude"": 0, ""kalman_vertical_velocity"": 0, ""communication_mode"": ""BEACON""}"
1768846403.212334,2026-01-19T21:13:23.212334,,,,,,,,,,,,,,,,,,,,,,,,,,BEACON,"{""type"": ""heartbeat"", ""uptime"": 425857, ""device_id"": ""ESP32:N4_BASE_BT_1"", ""xbee_enabled"": true, ""waiting_for_data"": true, ""kalman_data"": {""altitude"": 0, ""vertical_velocity"": 0}, ""kalman_altitude"": 0, ""kalman_vertical_velocity"": 0, ""communication_mode"": ""BEACON""}"
1768846403.999985,2026-01-19T21:13:23.999985,,,,,,,,,,,,,,,,,,,,,,,,,,BEACON,"{""type"": ""heartbeat"", ""uptime"": 426370, ""device_id"": ""ESP32:N4_BASE_BT_1"", ""xbee_enabled"": true, ""waiting_for_data"": true, ""kalman_data"": {""altitude"": 0, ""vertical_velocity"": 0}, ""kalman_altitude"": 0, ""kalman_vertical_velocity"": 0, ""communication_mode"": ""BEACON""}"
1768846404.158848,2026-01-19T21:13:24.158848,,,,,,,,,,,,,,,,,,,,,,,,,,BEACON,"{""type"": ""heartbeat"", ""uptime"": 426883, ""device_id"": ""ESP32:N4_BASE_BT_1"", ""xbee_enabled"": true, ""waiting_for_data"": true, ""kalman_data"": {""altitude"": 0, ""vertical_velocity"": 0}, ""kalman_altitude"": 0, ""kalman_vertical_velocity"": 0, ""communication_mode"": ""BEACON""}"
1768846405.232898,2026-01-19T21:13:25.232898,,,,,,,,,,,,,,,,,,,,,,,,,,BEACON,"{""type"": ""heartbeat"", ""uptime"": 427396, ""device_id"": ""ESP32:N4_BASE_BT_1"", ""xbee_enabled"": true, ""waiting_for_data"": true, ""kalman_data"": {""altitude"": 0, ""vertical_velocity"": 0}, ""kalman_altitude"": 0, ""kalman_vertical_velocity"": 0, ""communication_mode"": ""BEACON""}"
1768846405.774301,2026-01-19T21:13:25.774301,,,,,,,,,,,,,,,,,,,,,,,,,,BEACON,"{""type"": ""heartbeat"", ""uptime"": 427909, ""device_id"": ""ESP32:N4_BASE_BT_1"", ""xbee_enabled"": true, ""waiting_for_data"": true, ""kalman_data"": {""altitude"": 0, ""vertical_velocity"": 0}, ""kalman_altitude"": 0, ""kalman_vertical_velocity"": 0, ""communication_mode"": ""BEACON""}"
1768846405.958299,2026-01-19T21:13:25.958299,,,,,,,,,,,,,,,,,,,,,,,,,,BEACON,"{""type"": ""heartbeat"", ""uptime"": 428422, ""device_id"": ""ESP32:N4_BASE_BT_1"", ""xbee_enabled"": true, ""waiting_for_data"": true, ""kalman_data"": {""altitude"": 0, ""vertical_velocity"": 0}, ""kalman_altitude"": 0, ""kalman_vertical_velocity"": 0, ""communication_mode"": ""BEACON""}"
1768846406.713513,2026-01-19T21:13:26.713513,,,,,,,,,,,,,,,,,,,,,,,,,,BEACON,"{""type"": ""heartbeat"", ""uptime"": 428935, ""device_id"": ""ESP32:N4_BASE_BT_1"", ""xbee_enabled"": true, ""waiting_for_data"": true, ""kalman_data"": {""altitude"": 0, ""vertical_velocity"": 0}, ""kalman_altitude"": 0, ""kalman_vertical_velocity"": 0, ""communication_mode"": ""BEACON""}"
1768846406.915141,2026-01-19T21:13:26.915141,,,,,,,,,,,,,,,,,,,,,,,,,,BEACON,"{""type"": ""heartbeat"", ""uptime"": 429448, ""device_id"": ""ESP32:N4_BASE_BT_1"", ""xbee_enabled"": true, ""waiting_for_data"": true, ""kalman_data"": {""altitude"": 0, ""vertical_velocity"": 0}, ""kalman_altitude"": 0, ""kalman_vertical_velocity"": 0, ""communication_mode"": ""BEACON""}"
1768846407.245214,2026-01-19T21:13:27.245214,,,,,,,,,,,,,,,,,,,,,,,,,,BEACON,"{""type"": ""heartbeat"", ""uptime"": 429961, ""device_id"": ""ESP32:N4_BASE_BT_1"", ""xbee_enabled"": true, ""waiting_for_data"": true, ""kalman_data"": {""altitude"": 0, ""vertical_velocity"": 0}, ""kalman_altitude"": 0, ""kalman_vertical_velocity"": 0, ""communication_mode"": ""BEACON""}"
1768846407.945989,2026-01-19T21:13:27.945989,,,,,,,,,,,,,,,,,,,,,,,,,,BEACON,"{""type"": ""heartbeat"", ""uptime"": 430474, ""device_id"": ""ESP32:N4_BASE_BT_1"", ""xbee_enabled"": true, ""waiting_for_data"": true, ""kalman_data"": {""altitude"": 0, ""vertical_velocity"": 0}, ""kalman_altitude"": 0, ""kalman_vertical_velocity"": 0, ""communication_mode"": ""BEACON""}"
1768846408.704794,2026-01-19T21:13:28.704794,,,,,,,,,,,,,,,,,,,,,,,,,,BEACON,"{""type"": ""heartbeat"", ""uptime"": 430987, ""device_id"": ""ESP32:N4_BASE_BT_1"", ""xbee_enabled"": true, ""waiting_for_data"": true, ""kalman_data"": {""altitude"": 0, ""vertical_velocity"": 0}, ""kalman_altitude"": 0, ""kalman_vertical_velocity"": 0, ""communication_mode"": ""BEACON""}"
1768846408.960488,2026-01-19T21:13:28.960488,,,,,,,,,,,,,,,,,,,,,,,,,,BEACON,"{""type"": ""heartbeat"", ""uptime"": 431500, ""device_id"": ""ESP32:N4_BASE_BT_1"", ""xbee_enabled"": true, ""waiting_for_data"": true, ""kalman_data"": {""altitude"": 0, ""vertical_velocity"": 0}, ""kalman_altitude"": 0, ""kalman_vertical_velocity"": 0, ""communication_mode"": ""BEACON""}"
1768846409.548763,2026-01-19T21:13:29.548763,,,,,,,,,,,,,,,,,,,,,,,,,,BEACON,"{""type"": ""heartbeat"", ""uptime"": 432013, ""device_id"": ""ESP32:N4_BASE_BT_1"", ""xbee_enabled"": true, ""waiting_for_data"": true, ""kalman_data"": {""altitude"": 0, ""vertical_velocity"": 0}, ""kalman_altitude"": 0, ""kalman_vertical_velocity"": 0, ""communication_mode"": ""BEACON""}"
1768846409.914841,2026-01-19T21:13:29.914841,,,,,,,,,,,,,,,,,,,,,,,,,,BEACON,"{""type"": ""heartbeat"", ""uptime"": 432526, ""device_id"": ""ESP32:N4_BASE_BT_1"", ""xbee_enabled"": true, ""waiting_for_data"": true, ""kalman_data"": {""altitude"": 0, ""vertical_velocity"": 0}, ""kalman_altitude"": 0, ""kalman_vertical_velocity"": 0, ""communication_mode"": ""BEACON""}"
1768846410.316019,2026-01-19T21:13:30.316019,,,,,,,,,,,,,,,,,,,,,,,,,,BEACON,"{""type"": ""heartbeat"", ""uptime"": 433039, ""device_id"": ""ESP32:N4_BASE_BT_1"", ""xbee_enabled"": true, ""waiting_for_data"": true, ""kalman_data"": {""altitude"": 0, ""vertical_velocity"": 0}, ""kalman_altitude"": 0, ""kalman_vertical_velocity"": 0, ""communication_mode"": ""BEACON""}"
1768846411.080726,2026-01-19T21:13:31.080726,,,,,,,,,,,,,,,,,,,,,,,,,,BEACON,"{""type"": ""heartbeat"", ""uptime"": 433552, ""device_id"": ""ESP32:N4_BASE_BT_1"", ""xbee_enabled"": true, ""waiting_for_data"": true, ""kalman_data"": {""altitude"": 0, ""vertical_velocity"": 0}, ""kalman_altitude"": 0, ""kalman_vertical_velocity"": 0, ""communication_mode"": ""BEACON""}"
1768846412.791533,2026-01-19T21:13:32.791533,,,,,,,,,,,,,,,,,,,,,,,,,,BEACON,"{""type"": ""heartbeat"", ""uptime"": 434065, ""device_id"": ""ESP32:N4_BASE_BT_1"", ""xbee_enabled"": true, ""waiting_for_data"": true, ""kalman_data"": {""altitude"": 0, ""vertical_velocity"": 0}, ""kalman_altitude"": 0, ""kalman_vertical_velocity"": 0, ""communication_mode"": ""BEACON""}"
1768846413.2212,2026-01-19T21:13:33.221200,,,,,,,,,,,,,,,,,,,,,,,,,,BEACON,"{""type"": ""heartbeat"", ""uptime"": 434578, ""device_id"": ""ESP32:N4_BASE_BT_1"", ""xbee_enabled"": true, ""waiting_for_data"": true, ""kalman_data"": {""altitude"": 0, ""vertical_velocity"": 0}, ""kalman_altitude"": 0, ""kalman_vertical_velocity"": 0, ""communication_mode"": ""BEACON""}"
1768846413.314197,2026-01-19T21:13:33.314197,,,,,,,,,,,,,,,,,,,,,,,,,,BEACON,"{""type"": ""heartbeat"", ""uptime"": 435091, ""device_id"": ""ESP32:N4_BASE_BT_1"", ""xbee_enabled"": true, ""waiting_for_data"": true, ""kalman_data"": {""altitude"": 0, ""vertical_velocity"": 0}, ""kalman_altitude"": 0, ""kalman_vertical_velocity"": 0, ""communication_mode"": ""BEACON""}"
1768846413.341199,2026-01-19T21:13:33.341199,,,,,,,,,,,,,,,,,,,,,,,,,,BEACON,"{""type"": ""heartbeat"", ""uptime"": 435604, ""device_id"": ""ESP32:N4_BASE_BT_1"", ""xbee_enabled"": true, ""waiting_for_data"": true, ""kalman_data"": {""altitude"": 0, ""vertical_velocity"": 0}, ""kalman_altitude"": 0, ""kalman_vertical_velocity"": 0, ""communication_mode"": ""BEACON""}"
1768846413.745506,2026-01-19T21:13:33.745506,,,,,,,,,,,,,,,,,,,,,,,,,,BEACON,"{""type"": ""heartbeat"", ""uptime"": 436117, ""device_id"": ""ESP32:N4_BASE_BT_1"", ""xbee_enabled"": true, ""waiting_for_data"": true, ""kalman_data"": {""altitude"": 0, ""vertical_velocity"": 0}, ""kalman_altitude"": 0, ""kalman_vertical_velocity"": 0, ""communication_mode"": ""BEACON""}"
1768846414.115098,2026-01-19T21:13:34.115098,,,,,,,,,,,,,,,,,,,,,,,,,,BEACON,"{""type"": ""heartbeat"", ""uptime"": 436630, ""device_id"": ""ESP32:N4_BASE_BT_1"", ""xbee_enabled"": true, ""waiting_for_data"": true, ""kalman_data"": {""altitude"": 0, ""vertical_velocity"": 0}, ""kalman_altitude"": 0, ""kalman_vertical_velocity"": 0, ""communication_mode"": ""BEACON""}"
1768846414.505143,2026-01-19T21:13:34.505143,,,,,,,,,,,,,,,,,,,,,,,,,,BEACON,"{""type"": ""heartbeat"", ""uptime"": 437143, ""device_id"": ""ESP32:N4_BASE_BT_1"", ""xbee_enabled"": true, ""waiting_for_data"": true, ""kalman_data"": {""altitude"": 0, ""vertical_velocity"": 0}, ""kalman_altitude"": 0, ""kalman_vertical_velocity"": 0, ""communication_mode"": ""BEACON""}"
1768846414.915038,2026-01-19T21:13:34.915038,,,,,,,,,,,,,,,,,,,,,,,,,,BEACON,"{""type"": ""heartbeat"", ""uptime"": 437656, ""device_id"": ""ESP32:N4_BASE_BT_1"", ""xbee_enabled"": true, ""waiting_for_data"": true, ""kalman_data"": {""altitude"": 0, ""vertical_velocity"": 0}, ""kalman_altitude"": 0, ""kalman_vertical_velocity"": 0, ""communication_mode"": ""BEACON""}"
1768846415.463282,2026-01-19T21:13:35.463282,,,,,,,,,,,,,,,,,,,,,,,,,,BEACON,"{""type"": ""heartbeat"", ""uptime"": 438169, ""device_id"": ""ESP32:N4_BASE_BT_1"", ""xbee_enabled"": true, ""waiting_for_data"": true, ""kalman_data"": {""altitude"": 0, ""vertical_velocity"": 0}, ""kalman_altitude"": 0, ""kalman_vertical_velocity"": 0, ""communication_mode"": ""BEACON""}"
1768846416.141684,2026-01-19T21:13:36.141684,,,,,,,,,,,,,,,,,,,,,,,,,,BEACON,"{""type"": ""heartbeat"", ""uptime"": 438682, ""device_id"": ""ESP32:N4_BASE_BT_1"", ""xbee_enabled"": true, ""waiting_for_data"": true, ""kalman_data"": {""altitude"": 0, ""vertical_velocity"": 0}, ""kalman_altitude"": 0, ""kalman_vertical_velocity"": 0, ""communication_mode"": ""BEACON""}"
1768846416.445977,2026-01-19T21:13:36.445977,,,,,,,,,,,,,,,,,,,,,,,,,,BEACON,"{""type"": ""heartbeat"", ""uptime"": 439195, ""device_id"": ""ESP32:N4_BASE_BT_1"", ""xbee_enabled"": true, ""waiting_for_data"": true, ""kalman_data"": {""altitude"": 0, ""vertical_velocity"": 0}, ""kalman_altitude"": 0, ""kalman_vertical_velocity"": 0, ""communication_mode"": ""BEACON""}"
1768846417.029796,2026-01-19T21:13:37.029796,,,,,,,,,,,,,,,,,,,,,,,,,,BEACON,"{""type"": ""heartbeat"", ""uptime"": 439708, ""device_id"": ""ESP32:N4_BASE_BT_1"", ""xbee_enabled"": true, ""waiting_for_data"": true, ""kalman_data"": {""altitude"": 0, ""vertical_velocity"": 0}, ""kalman_altitude"": 0, ""kalman_vertical_velocity"": 0, ""communication_mode"": ""BEACON""}"
1768846417.493795,2026-01-19T21:13:37.493795,,,,,,,,,,,,,,,,,,,,,,,,,,BEACON,"{""type"": ""heartbeat"", ""uptime"": 440221, ""device_id"": ""ESP32:N4_BASE_BT_1"", ""xbee_enabled"": true, ""waiting_for_data"": true, ""kalman_data"": {""altitude"": 0, ""vertical_velocity"": 0}, ""kalman_altitude"": 0, ""kalman_vertical_velocity"": 0, ""communication_mode"": ""BEACON""}"
1768846418.009156,2026-01-19T21:13:38.009156,,,,,,,,,,,,,,,,,,,,,,,,,,BEACON,"{""type"": ""heartbeat"", ""uptime"": 440734, ""device_id"": ""ESP32:N4_BASE_BT_1"", ""xbee_enabled"": true, ""waiting_for_data"": true, ""kalman_data"": {""altitude"": 0, ""vertical_velocity"": 0}, ""kalman_altitude"": 0, ""kalman_vertical_velocity"": 0, ""communication_mode"": ""BEACON""}"
1768846418.959879,2026-01-19T21:13:38.959879,,,,,,,,,,,,,,,,,,,,,,,,,,BEACON,"{""type"": ""heartbeat"", ""uptime"": 441267, ""device_id"": ""ESP32:N4_BASE_BT_1"", ""xbee_enabled"": true, ""waiting_for_data"": true, ""kalman_data"": {""altitude"": 0, ""vertical_velocity"": 0}, ""kalman_altitude"": 0, ""kalman_vertical_velocity"": 0, ""communication_mode"": ""BEACON""}"
1768846419.622961,2026-01-19T21:13:39.622961,,,,,,,,,,,,,,,,,,,,,,,,,,BEACON,"{""type"": ""heartbeat"", ""uptime"": 441780, ""device_id"": ""ESP32:N4_BASE_BT_1"", ""xbee_enabled"": true, ""waiting_for_data"": true, ""kalman_data"": {""altitude"": 0, ""vertical_velocity"": 0}, ""kalman_altitude"": 0, ""kalman_vertical_velocity"": 0, ""communication_mode"": ""BEACON""}"
1768846420.911222,2026-01-19T21:13:40.911222,,,,,,,,,,,,,,,,,,,,,,,,,,BEACON,"{""type"": ""heartbeat"", ""uptime"": 442293, ""device_id"": ""ESP32:N4_BASE_BT_1"", ""xbee_enabled"": true, ""waiting_for_data"": true, ""kalman_data"": {""altitude"": 0, ""vertical_velocity"": 0}, ""kalman_altitude"": 0, ""kalman_vertical_velocity"": 0, ""communication_mode"": ""BEACON""}"
1768846421.227162,2026-01-19T21:13:41.227162,,,,,,,,,,,,,,,,,,,,,,,,,,BEACON,"{""type"": ""heartbeat"", ""uptime"": 442806, ""device_id"": ""ESP32:N4_BASE_BT_1"", ""xbee_enabled"": true, ""waiting_for_data"": true, ""kalman_data"": {""altitude"": 0, ""vertical_velocity"": 0}, ""kalman_altitude"": 0, ""kalman_vertical_velocity"": 0, ""communication_mode"": ""BEACON""}"
1768846421.561313,2026-01-19T21:13:41.561313,,,,,,,,,,,,,,,,,,,,,,,,,,BEACON,"{""type"": ""heartbeat"", ""uptime"": 443319, ""device_id"": ""ESP32:N4_BASE_BT_1"", ""xbee_enabled"": true, ""waiting_for_data"": true, ""kalman_data"": {""altitude"": 0, ""vertical_velocity"": 0}, ""kalman_altitude"": 0, ""kalman_vertical_velocity"": 0, ""communication_mode"": ""BEACON""}"
1768846421.580311,2026-01-19T21:13:41.580311,,,,,,,,,,,,,,,,,,,,,,,,,,BEACON,"{""type"": ""heartbeat"", ""uptime"": 443832, ""device_id"": ""ESP32:N4_BASE_BT_1"", ""xbee_enabled"": true, ""waiting_for_data"": true, ""kalman_data"": {""altitude"": 0, ""vertical_velocity"": 0}, ""kalman_altitude"": 0, ""kalman_vertical_velocity"": 0, ""communication_mode"": ""BEACON""}"
1768846421.637309,2026-01-19T21:13:41.637309,,,,,,,,,,,,,,,,,,,,,,,,,,BEACON,"{""type"": ""heartbeat"", ""uptime"": 444345, ""device_id"": ""ESP32:N4_BASE_BT_1"", ""xbee_enabled"": true, ""waiting_for_data"": true, ""kalman_data"": {""altitude"": 0, ""vertical_velocity"": 0}, ""kalman_altitude"": 0, ""kalman_vertical_velocity"": 0, ""communication_mode"": ""BEACON""}"
1768846422.169173,2026-01-19T21:13:42.169173,,,,,,,,,,,,,,,,,,,,,,,,,,BEACON,"{""type"": ""heartbeat"", ""uptime"": 444858, ""device_id"": ""ESP32:N4_BASE_BT_1"", ""xbee_enabled"": true, ""waiting_for_data"": true, ""kalman_data"": {""altitude"": 0, ""vertical_velocity"": 0}, ""kalman_altitude"": 0, ""kalman_vertical_velocity"": 0, ""communication_mode"": ""BEACON""}"
1768846430.279718,2026-01-19T21:13:50.279718,,,,,,,,,,,,,,,,,,,,,,,,,,BEACON,"{""type"": ""heartbeat"", ""uptime"": 445371, ""device_id"": ""ESP32:N4_BASE_BT_1"", ""xbee_enabled"": true, ""waiting_for_data"": true, ""kalman_data"": {""altitude"": 0, ""vertical_velocity"": 0}, ""kalman_altitude"": 0, ""kalman_vertical_velocity"": 0, ""communication_mode"": ""BEACON""}"
1768846431.495738,2026-01-19T21:13:51.495738,,,,,,,,,,,,,,,,,,,,,,,,,,BEACON,"{""type"": ""heartbeat"", ""uptime"": 445884, ""device_id"": ""ESP32:N4_BASE_BT_1"", ""xbee_enabled"": true, ""waiting_for_data"": true, ""kalman_data"": {""altitude"": 0, ""vertical_velocity"": 0}, ""kalman_altitude"": 0, ""kalman_vertical_velocity"": 0, ""communication_mode"": ""BEACON""}"
1768846431.726576,2026-01-19T21:13:51.726576,,,,,,,,,,,,,,,,,,,,,,,,,,BEACON,"{""type"": ""heartbeat"", ""uptime"": 446397, ""device_id"": ""ESP32:N4_BASE_BT_1"", ""xbee_enabled"": true, ""waiting_for_data"": true, ""kalman_data"": {""altitude"": 0, ""vertical_velocity"": 0}, ""kalman_altitude"": 0, ""kalman_vertical_velocity"": 0, ""communication_mode"": ""BEACON""}"
1768846431.893967,2026-01-19T21:13:51.893967,,,,,,,,,,,,,,,,,,,,,,,,,,BEACON,"{""type"": ""heartbeat"", ""uptime"": 446910, ""device_id"": ""ESP32:N4_BASE_BT_1"", ""xbee_enabled"": true, ""waiting_for_data"": true, ""kalman_data"": {""altitude"": 0, ""vertical_velocity"": 0}, ""kalman_altitude"": 0, ""kalman_vertical_velocity"": 0, ""communication_mode"": ""BEACON""}"
1768846432.072877,2026-01-19T21:13:52.072877,,,,,,,,,,,,,,,,,,,,,,,,,,BEACON,"{""type"": ""heartbeat"", ""uptime"": 447423, ""device_id"": ""ESP32:N4_BASE_BT_1"", ""xbee_enabled"": true, ""waiting_for_data"": true, ""kalman_data"": {""altitude"": 0, ""vertical_velocity"": 0}, ""kalman_altitude"": 0, ""kalman_vertical_velocity"": 0, ""communication_mode"": ""BEACON""}"
1768846432.460223,2026-01-19T21:13:52.460223,,,,,,,,,,,,,,,,,,,,,,,,,,BEACON,"{""type"": ""heartbeat"", ""uptime"": 447936, ""device_id"": ""ESP32:N4_BASE_BT_1"", ""xbee_enabled"": true, ""waiting_for_data"": true, ""kalman_data"": {""altitude"": 0, ""vertical_velocity"": 0}, ""kalman_altitude"": 0, ""kalman_vertical_velocity"": 0, ""communication_mode"": ""BEACON""}"
1768846432.812337,2026-01-19T21:13:52.812337,,,,,,,,,,,,,,,,,,,,,,,,,,BEACON,"{""type"": ""heartbeat"", ""uptime"": 448449, ""device_id"": ""ESP32:N4_BASE_BT_1"", ""xbee_enabled"": true, ""waiting_for_data"": true, ""kalman_data"": {""altitude"": 0, ""vertical_velocity"": 0}, ""kalman_altitude"": 0, ""kalman_vertical_velocity"": 0, ""communication_mode"": ""BEACON""}"
1768846433.028932,2026-01-19T21:13:53.028932,,,,,,,,,,,,,,,,,,,,,,,,,,BEACON,"{""type"": ""heartbeat"", ""uptime"": 448962, ""device_id"": ""ESP32:N4_BASE_BT_1"", ""xbee_enabled"": true, ""waiting_for_data"": true, ""kalman_data"": {""altitude"": 0, ""vertical_velocity"": 0}, ""kalman_altitude"": 0, ""kalman_vertical_velocity"": 0, ""communication_mode"": ""BEACON""}"
1768846433.1937,2026-01-19T21:13:53.193700,,,,,,,,,,,,,,,,,,,,,,,,,,BEACON,"{""type"": ""heartbeat"", ""uptime"": 449475, ""device_id"": ""ESP32:N4_BASE_BT_1"", ""xbee_enabled"": true, ""waiting_for_data"": true, ""kalman_data"": {""altitude"": 0, ""vertical_velocity"": 0}, ""kalman_altitude"": 0, ""kalman_vertical_velocity"": 0, ""communication_mode"": ""BEACON""}"
1768846433.29211,2026-01-19T21:13:53.292110,,,,,,,,,,,,,,,,,,,,,,,,,,BEACON,"{""type"": ""heartbeat"", ""uptime"": 449988, ""device_id"": ""ESP32:N4_BASE_BT_1"", ""xbee_enabled"": true, ""waiting_for_data"": true, ""kalman_data"": {""altitude"": 0, ""vertical_velocity"": 0}, ""kalman_altitude"": 0, ""kalman_vertical_velocity"": 0, ""communication_mode"": ""BEACON""}"
1768846433.391111,2026-01-19T21:13:53.391111,,,,,,,,,,,,,,,,,,,,,,,,,,BEACON,"{""type"": ""heartbeat"", ""uptime"": 450501, ""device_id"": ""ESP32:N4_BASE_BT_1"", ""xbee_enabled"": true, ""waiting_for_data"": true, ""kalman_data"": {""altitude"": 0, ""vertical_velocity"": 0}, ""kalman_altitude"": 0, ""kalman_vertical_velocity"": 0, ""communication_mode"": ""BEACON""}"
1768846433.575624,2026-01-19T21:13:53.575624,,,,,,,,,,,,,,,,,,,,,,,,,,BEACON,"{""type"": ""heartbeat"", ""uptime"": 451014, ""device_id"": ""ESP32:N4_BASE_BT_1"", ""xbee_enabled"": true, ""waiting_for_data"": true, ""kalman_data"": {""altitude"": 0, ""vertical_velocity"": 0}, ""kalman_altitude"": 0, ""kalman_vertical_velocity"": 0, ""communication_mode"": ""BEACON""}"
1768846433.651688,2026-01-19T21:13:53.651688,,,,,,,,,,,,,,,,,,,,,,,,,,BEACON,"{""type"": ""heartbeat"", ""uptime"": 451527, ""device_id"": ""ESP32:N4_BASE_BT_1"", ""xbee_enabled"": true, ""waiting_for_data"": true, ""kalman_data"": {""altitude"": 0, ""vertical_velocity"": 0}, ""kalman_altitude"": 0, ""kalman_vertical_velocity"": 0, ""communication_mode"": ""BEACON""}"
1768846433.742746,2026-01-19T21:13:53.742746,,,,,,,,,,,,,,,,,,,,,,,,,,BEACON,"{""type"": ""heartbeat"", ""uptime"": 452040, ""device_id"": ""ESP32:N4_BASE_BT_1"", ""xbee_enabled"": true, ""waiting_for_data"": true, ""kalman_data"": {""altitude"": 0, ""vertical_velocity"": 0}, ""kalman_altitude"": 0, ""kalman_vertical_velocity"": 0, ""communication_mode"": ""BEACON""}"
1768846433.941797,2026-01-19T21:13:53.941797,,,,,,,,,,,,,,,,,,,,,,,,,,BEACON,"{""type"": ""heartbeat"", ""uptime"": 452553, ""device_id"": ""ESP32:N4_BASE_BT_1"", ""xbee_enabled"": true, ""waiting_for_data"": true, ""kalman_data"": {""altitude"": 0, ""vertical_velocity"": 0}, ""kalman_altitude"": 0, ""kalman_vertical_velocity"": 0, ""communication_mode"": ""BEACON""}"
1768846434.428869,2026-01-19T21:13:54.428869,,,,,,,,,,,,,,,,,,,,,,,,,,BEACON,"{""type"": ""heartbeat"", ""uptime"": 453066, ""device_id"": ""ESP32:N4_BASE_BT_1"", ""xbee_enabled"": true, ""waiting_for_data"": true, ""kalman_data"": {""altitude"": 0, ""vertical_velocity"": 0}, ""kalman_altitude"": 0, ""kalman_vertical_velocity"": 0, ""communication_mode"": ""BEACON""}"
1768846434.789026,2026-01-19T21:13:54.789026,,,,,,,,,,,,,,,,,,,,,,,,,,BEACON,"{""type"": ""heartbeat"", ""uptime"": 453579, ""device_id"": ""ESP32:N4_BASE_BT_1"", ""xbee_enabled"": true, ""waiting_for_data"": true, ""kalman_data"": {""altitude"": 0, ""vertical_velocity"": 0}, ""kalman_altitude"": 0, ""kalman_vertical_velocity"": 0, ""communication_mode"": ""BEACON""}"
1768846435.053344,2026-01-19T21:13:55.053344,,,,,,,,,,,,,,,,,,,,,,,,,,BEACON,"{""type"": ""heartbeat"", ""uptime"": 454092, ""device_id"": ""ESP32:N4_BASE_BT_1"", ""xbee_enabled"": true, ""waiting_for_data"": true, ""kalman_data"": {""altitude"": 0, ""vertical_velocity"": 0}, ""kalman_altitude"": 0, ""kalman_vertical_velocity"": 0, ""communication_mode"": ""BEACON""}"
1768846435.259494,2026-01-19T21:13:55.259494,,,,,,,,,,,,,,,,,,,,,,,,,,BEACON,"{""type"": ""heartbeat"", ""uptime"": 454605, ""device_id"": ""ESP32:N4_BASE_BT_1"", ""xbee_enabled"": true, ""waiting_for_data"": true, ""kalman_data"": {""altitude"": 0, ""vertical_velocity"": 0}, ""kalman_altitude"": 0, ""kalman_vertical_velocity"": 0, ""communication_mode"": ""BEACON""}"
1768846435.424234,2026-01-19T21:13:55.424234,,,,,,,,,,,,,,,,,,,,,,,,,,BEACON,"{""type"": ""heartbeat"", ""uptime"": 455118, ""device_id"": ""ESP32:N4_BASE_BT_1"", ""xbee_enabled"": true, ""waiting_for_data"": true, ""kalman_data"": {""altitude"": 0, ""vertical_velocity"": 0}, ""kalman_altitude"": 0, ""kalman_vertical_velocity"": 0, ""communication_mode"": ""BEACON""}"
1768846435.573458,2026-01-19T21:13:55.573458,,,,,,,,,,,,,,,,,,,,,,,,,,BEACON,"{""type"": ""heartbeat"", ""uptime"": 455631, ""device_id"": ""ESP32:N4_BASE_BT_1"", ""xbee_enabled"": true, ""waiting_for_data"": true, ""kalman_data"": {""altitude"": 0, ""vertical_velocity"": 0}, ""kalman_altitude"": 0, ""kalman_vertical_velocity"": 0, ""communication_mode"": ""BEACON""}"
1768846435.86798,2026-01-19T21:13:55.867980,,,,,,,,,,,,,,,,,,,,,,,,,,BEACON,"{""type"": ""heartbeat"", ""uptime"": 456144, ""device_id"": ""ESP32:N4_BASE_BT_1"", ""xbee_enabled"": true, ""waiting_for_data"": true, ""kalman_data"": {""altitude"": 0, ""vertical_velocity"": 0}, ""kalman_altitude"": 0, ""kalman_vertical_velocity"": 0, ""communication_mode"": ""BEACON""}"
1768846436.210316,2026-01-19T21:13:56.210316,,,,,,,,,,,,,,,,,,,,,,,,,,BEACON,"{""type"": ""heartbeat"", ""uptime"": 456657, ""device_id"": ""ESP32:N4_BASE_BT_1"", ""xbee_enabled"": true, ""waiting_for_data"": true, ""kalman_data"": {""altitude"": 0, ""vertical_velocity"": 0}, ""kalman_altitude"": 0, ""kalman_vertical_velocity"": 0, ""communication_mode"": ""BEACON""}"
1768846436.655747,2026-01-19T21:13:56.655747,,,,,,,,,,,,,,,,,,,,,,,,,,BEACON,"{""type"": ""heartbeat"", ""uptime"": 457170, ""device_id"": ""ESP32:N4_BASE_BT_1"", ""xbee_enabled"": true, ""waiting_for_data"": true, ""kalman_data"": {""altitude"": 0, ""vertical_velocity"": 0}, ""kalman_altitude"": 0, ""kalman_vertical_velocity"": 0, ""communication_mode"": ""BEACON""}"
1768846436.811313,2026-01-19T21:13:56.811313,,,,,,,,,,,,,,,,,,,,,,,,,,BEACON,"{""type"": ""heartbeat"", ""uptime"": 457683, ""device_id"": ""ESP32:N4_BASE_BT_1"", ""xbee_enabled"": true, ""waiting_for_data"": true, ""kalman_data"": {""altitude"": 0, ""vertical_velocity"": 0}, ""kalman_altitude"": 0, ""kalman_vertical_velocity"": 0, ""communication_mode"": ""BEACON""}"
1768846437.023132,2026-01-19T21:13:57.023132,,,,,,,,,,,,,,,,,,,,,,,,,,BEACON,"{""type"": ""heartbeat"", ""uptime"": 458196, ""device_id"": ""ESP32:N4_BASE_BT_1"", ""xbee_enabled"": true, ""waiting_for_data"": true, ""kalman_data"": {""altitude"": 0, ""vertical_velocity"": 0}, ""kalman_altitude"": 0, ""kalman_vertical_velocity"": 0, ""communication_mode"": ""BEACON""}"
1768846437.3442,2026-01-19T21:13:57.344200,,,,,,,,,,,,,,,,,,,,,,,,,,BEACON,"{""type"": ""heartbeat"", ""uptime"": 458709, ""device_id"": ""ESP32:N4_BASE_BT_1"", ""xbee_enabled"": true, ""waiting_for_data"": true, ""kalman_data"": {""altitude"": 0, ""vertical_velocity"": 0}, ""kalman_altitude"": 0, ""kalman_vertical_velocity"": 0, ""communication_mode"": ""BEACON""}"
1768846438.244354,2026-01-19T21:13:58.244354,,,,,,,,,,,,,,,,,,,,,,,,,,BEACON,"{""type"": ""heartbeat"", ""uptime"": 459222, ""device_id"": ""ESP32:N4_BASE_BT_1"", ""xbee_enabled"": true, ""waiting_for_data"": true, ""kalman_data"": {""altitude"": 0, ""vertical_velocity"": 0}, ""kalman_altitude"": 0, ""kalman_vertical_velocity"": 0, ""communication_mode"": ""BEACON""}"
1768846438.644874,2026-01-19T21:13:58.644874,,,,,,,,,,,,,,,,,,,,,,,,,,BEACON,"{""type"": ""heartbeat"", ""uptime"": 459735, ""device_id"": ""ESP32:N4_BASE_BT_1"", ""xbee_enabled"": true, ""waiting_for_data"": true, ""kalman_data"": {""altitude"": 0, ""vertical_velocity"": 0}, ""kalman_altitude"": 0, ""kalman_vertical_velocity"": 0, ""communication_mode"": ""BEACON""}"
1768846438.718204,2026-01-19T21:13:58.718204,,,,,,,,,,,,,,,,,,,,,,,,,,BEACON,"{""type"": ""heartbeat"", ""uptime"": 460248, ""device_id"": ""ESP32:N4_BASE_BT_1"", ""xbee_enabled"": true, ""waiting_for_data"": true, ""kalman_data"": {""altitude"": 0, ""vertical_velocity"": 0}, ""kalman_altitude"": 0, ""kalman_vertical_velocity"": 0, ""communication_mode"": ""BEACON""}"
1768846438.744328,2026-01-19T21:13:58.744328,,,,,,,,,,,,,,,,,,,,,,,,,,BEACON,"{""type"": ""heartbeat"", ""uptime"": 460761, ""device_id"": ""ESP32:N4_BASE_BT_1"", ""xbee_enabled"": true, ""waiting_for_data"": true, ""kalman_data"": {""altitude"": 0, ""vertical_velocity"": 0}, ""kalman_altitude"": 0, ""kalman_vertical_velocity"": 0, ""communication_mode"": ""BEACON""}"
1768846439.025332,2026-01-19T21:13:59.025332,,,,,,,,,,,,,,,,,,,,,,,,,,BEACON,"{""type"": ""heartbeat"", ""uptime"": 461274, ""device_id"": ""ESP32:N4_BASE_BT_1"", ""xbee_enabled"": true, ""waiting_for_data"": true, ""kalman_data"": {""altitude"": 0, ""vertical_velocity"": 0}, ""kalman_altitude"": 0, ""kalman_vertical_velocity"": 0, ""communication_mode"": ""BEACON""}"
1768846439.276166,2026-01-19T21:13:59.276166,,,,,,,,,,,,,,,,,,,,,,,,,,BEACON,"{""type"": ""heartbeat"", ""uptime"": 461787, ""device_id"": ""ESP32:N4_BASE_BT_1"", ""xbee_enabled"": true, ""waiting_for_data"": true, ""kalman_data"": {""altitude"": 0, ""vertical_velocity"": 0}, ""kalman_altitude"": 0, ""kalman_vertical_velocity"": 0, ""communication_mode"": ""BEACON""}"
1768846439.672164,2026-01-19T21:13:59.672164,,,,,,,,,,,,,,,,,,,,,,,,,,BEACON,"{""type"": ""heartbeat"", ""uptime"": 462300, ""device_id"": ""ESP32:N4_BASE_BT_1"", ""xbee_enabled"": true, ""waiting_for_data"": true, ""kalman_data"": {""altitude"": 0, ""vertical_velocity"": 0}, ""kalman_altitude"": 0, ""kalman_vertical_velocity"": 0, ""communication_mode"": ""BEACON""}"
1768846440.493362,2026-01-19T21:14:00.493362,,,,,,,,,,,,,,,,,,,,,,,,,,BEACON,"{""type"": ""heartbeat"", ""uptime"": 462813, ""device_id"": ""ESP32:N4_BASE_BT_1"", ""xbee_enabled"": true, ""waiting_for_data"": true, ""kalman_data"": {""altitude"": 0, ""vertical_velocity"": 0}, ""kalman_altitude"": 0, ""kalman_vertical_velocity"": 0, ""communication_mode"": ""BEACON""}"
1768846440.756955,2026-01-19T21:14:00.756955,,,,,,,,,,,,,,,,,,,,,,,,,,BEACON,"{""type"": ""heartbeat"", ""uptime"": 463326, ""device_id"": ""ESP32:N4_BASE_BT_1"", ""xbee_enabled"": true, ""waiting_for_data"": true, ""kalman_data"": {""altitude"": 0, ""vertical_velocity"": 0}, ""kalman_altitude"": 0, ""kalman_vertical_velocity"": 0, ""communication_mode"": ""BEACON""}"
1768846441.377256,2026-01-19T21:14:01.377256,,,,,,,,,,,,,,,,,,,,,,,,,,BEACON,"{""type"": ""heartbeat"", ""uptime"": 463839, ""device_id"": ""ESP32:N4_BASE_BT_1"", ""xbee_enabled"": true, ""waiting_for_data"": true, ""kalman_data"": {""altitude"": 0, ""vertical_velocity"": 0}, ""kalman_altitude"": 0, ""kalman_vertical_velocity"": 0, ""communication_mode"": ""BEACON""}"
1768846441.721843,2026-01-19T21:14:01.721843,,,,,,,,,,,,,,,,,,,,,,,,,,BEACON,"{""type"": ""heartbeat"", ""uptime"": 464352, ""device_id"": ""ESP32:N4_BASE_BT_1"", ""xbee_enabled"": true, ""waiting_for_data"": true, ""kalman_data"": {""altitude"": 0, ""vertical_velocity"": 0}, ""kalman_altitude"": 0, ""kalman_vertical_velocity"": 0, ""communication_mode"": ""BEACON""}"
1768846442.293269,2026-01-19T21:14:02.293269,,,,,,,,,,,,,,,,,,,,,,,,,,BEACON,"{""type"": ""heartbeat"", ""uptime"": 464865, ""device_id"": ""ESP32:N4_BASE_BT_1"", ""xbee_enabled"": true, ""waiting_for_data"": true, ""kalman_data"": {""altitude"": 0, ""vertical_velocity"": 0}, ""kalman_altitude"": 0, ""kalman_vertical_velocity"": 0, ""communication_mode"": ""BEACON""}"
1768846442.738869,2026-01-19T21:14:02.738869,,,,,,,,,,,,,,,,,,,,,,,,,,BEACON,"{""type"": ""heartbeat"", ""uptime"": 465378, ""device_id"": ""ESP32:N4_BASE_BT_1"", ""xbee_enabled"": true, ""waiting_for_data"": true, ""kalman_data"": {""altitude"": 0, ""vertical_velocity"": 0}, ""kalman_altitude"": 0, ""kalman_vertical_velocity"": 0, ""communication_mode"": ""BEACON""}"
1768846443.633316,2026-01-19T21:14:03.633316,,,,,,,,,,,,,,,,,,,,,,,,,,BEACON,"{""type"": ""heartbeat"", ""uptime"": 465891, ""device_id"": ""ESP32:N4_BASE_BT_1"", ""xbee_enabled"": true, ""waiting_for_data"": true, ""kalman_data"": {""altitude"": 0, ""vertical_velocity"": 0}, ""kalman_altitude"": 0, ""kalman_vertical_velocity"": 0, ""communication_mode"": ""BEACON""}"
1768846443.892346,2026-01-19T21:14:03.892346,,,,,,,,,,,,,,,,,,,,,,,,,,BEACON,"{""type"": ""heartbeat"", ""uptime"": 466404, ""device_id"": ""ESP32:N4_BASE_BT_1"", ""xbee_enabled"": true, ""waiting_for_data"": true, ""kalman_data"": {""altitude"": 0, ""vertical_velocity"": 0}, ""kalman_altitude"": 0, ""kalman_vertical_velocity"": 0, ""communication_mode"": ""BEACON""}"
1768846444.59091,2026-01-19T21:14:04.590910,,,,,,,,,,,,,,,,,,,,,,,,,,BEACON,"{""type"": ""heartbeat"", ""uptime"": 466917, ""device_id"": ""ESP32:N4_BASE_BT_1"", ""xbee_enabled"": true, ""waiting_for_data"": true, ""kalman_data"": {""altitude"": 0, ""vertical_velocity"": 0}, ""kalman_altitude"": 0, ""kalman_vertical_velocity"": 0, ""communication_mode"": ""BEACON""}"
1768846444.969126,2026-01-19T21:14:04.969126,,,,,,,,,,,,,,,,,,,,,,,,,,BEACON,"{""type"": ""heartbeat"", ""uptime"": 467430, ""device_id"": ""ESP32:N4_BASE_BT_1"", ""xbee_enabled"": true, ""waiting_for_data"": true, ""kalman_data"": {""altitude"": 0, ""vertical_velocity"": 0}, ""kalman_altitude"": 0, ""kalman_vertical_velocity"": 0, ""communication_mode"": ""BEACON""}"
1768846445.238218,2026-01-19T21:14:05.238218,,,,,,,,,,,,,,,,,,,,,,,,,,BEACON,"{""type"": ""heartbeat"", ""uptime"": 467943, ""device_id"": ""ESP32:N4_BASE_BT_1"", ""xbee_enabled"": true, ""waiting_for_data"": true, ""kalman_data"": {""altitude"": 0, ""vertical_velocity"": 0}, ""kalman_altitude"": 0, ""kalman_vertical_velocity"": 0, ""communication_mode"": ""BEACON""}"
1768846445.730623,2026-01-19T21:14:05.730623,,,,,,,,,,,,,,,,,,,,,,,,,,BEACON,"{""type"": ""heartbeat"", ""uptime"": 468456, ""device_id"": ""ESP32:N4_BASE_BT_1"", ""xbee_enabled"": true, ""waiting_for_data"": true, ""kalman_data"": {""altitude"": 0, ""vertical_velocity"": 0}, ""kalman_altitude"": 0, ""kalman_vertical_velocity"": 0, ""communication_mode"": ""BEACON""}"
1768846447.310027,2026-01-19T21:14:07.310027,,,,,,,,,,,,,,,,,,,,,,,,,,BEACON,"{""type"": ""heartbeat"", ""uptime"": 468969, ""device_id"": ""ESP32:N4_BASE_BT_1"", ""xbee_enabled"": true, ""waiting_for_data"": true, ""kalman_data"": {""altitude"": 0, ""vertical_velocity"": 0}, ""kalman_altitude"": 0, ""kalman_vertical_velocity"": 0, ""communication_mode"": ""BEACON""}"
1768846447.593608,2026-01-19T21:14:07.593608,,,,,,,,,,,,,,,,,,,,,,,,,,BEACON,"{""type"": ""heartbeat"", ""uptime"": 469482, ""device_id"": ""ESP32:N4_BASE_BT_1"", ""xbee_enabled"": true, ""waiting_for_data"": true, ""kalman_data"": {""altitude"": 0, ""vertical_velocity"": 0}, ""kalman_altitude"": 0, ""kalman_vertical_velocity"": 0, ""communication_mode"": ""BEACON""}"
1768846447.760574,2026-01-19T21:14:07.760574,,,,,,,,,,,,,,,,,,,,,,,,,,BEACON,"{""type"": ""heartbeat"", ""uptime"": 469995, ""device_id"": ""ESP32:N4_BASE_BT_1"", ""xbee_enabled"": true, ""waiting_for_data"": true, ""kalman_data"": {""altitude"": 0, ""vertical_velocity"": 0}, ""kalman_altitude"": 0, ""kalman_vertical_velocity"": 0, ""communication_mode"": ""BEACON""}"
1768846447.837075,2026-01-19T21:14:07.837075,,,,,,,,,,,,,,,,,,,,,,,,,,BEACON,"{""type"": ""heartbeat"", ""uptime"": 470508, ""device_id"": ""ESP32:N4_BASE_BT_1"", ""xbee_enabled"": true, ""waiting_for_data"": true, ""kalman_data"": {""altitude"": 0, ""vertical_velocity"": 0}, ""kalman_altitude"": 0, ""kalman_vertical_velocity"": 0, ""communication_mode"": ""BEACON""}"
1768846448.359918,2026-01-19T21:14:08.359918,,,,,,,,,,,,,,,,,,,,,,,,,,BEACON,"{""type"": ""heartbeat"", ""uptime"": 471021, ""device_id"": ""ESP32:N4_BASE_BT_1"", ""xbee_enabled"": true, ""waiting_for_data"": true, ""kalman_data"": {""altitude"": 0, ""vertical_velocity"": 0}, ""kalman_altitude"": 0, ""kalman_vertical_velocity"": 0, ""communication_mode"": ""BEACON""}"
1768846449.217168,2026-01-19T21:14:09.217168,,,,,,,,,,,,,,,,,,,,,,,,,,BEACON,"{""type"": ""heartbeat"", ""uptime"": 471534, ""device_id"": ""ESP32:N4_BASE_BT_1"", ""xbee_enabled"": true, ""waiting_for_data"": true, ""kalman_data"": {""altitude"": 0, ""vertical_velocity"": 0}, ""kalman_altitude"": 0, ""kalman_vertical_velocity"": 0, ""communication_mode"": ""BEACON""}"
1768846449.471062,2026-01-19T21:14:09.471062,,,,,,,,,,,,,,,,,,,,,,,,,,BEACON,"{""type"": ""heartbeat"", ""uptime"": 472047, ""device_id"": ""ESP32:N4_BASE_BT_1"", ""xbee_enabled"": true, ""waiting_for_data"": true, ""kalman_data"": {""altitude"": 0, ""vertical_velocity"": 0}, ""kalman_altitude"": 0, ""kalman_vertical_velocity"": 0, ""communication_mode"": ""BEACON""}"
1768846449.859482,2026-01-19T21:14:09.859482,,,,,,,,,,,,,,,,,,,,,,,,,,BEACON,"{""type"": ""heartbeat"", ""uptime"": 472560, ""device_id"": ""ESP32:N4_BASE_BT_1"", ""xbee_enabled"": true, ""waiting_for_data"": true, ""kalman_data"": {""altitude"": 0, ""vertical_velocity"": 0}, ""kalman_altitude"": 0, ""kalman_vertical_velocity"": 0, ""communication_mode"": ""BEACON""}"
1768846450.743528,2026-01-19T21:14:10.743528,,,,,,,,,,,,,,,,,,,,,,,,,,BEACON,"{""type"": ""heartbeat"", ""uptime"": 473073, ""device_id"": ""ESP32:N4_BASE_BT_1"", ""xbee_enabled"": true, ""waiting_for_data"": true, ""kalman_data"": {""altitude"": 0, ""vertical_velocity"": 0}, ""kalman_altitude"": 0, ""kalman_vertical_velocity"": 0, ""communication_mode"": ""BEACON""}"
1768846450.999499,2026-01-19T21:14:10.999499,,,,,,,,,,,,,,,,,,,,,,,,,,BEACON,"{""type"": ""heartbeat"", ""uptime"": 473586, ""device_id"": ""ESP32:N4_BASE_BT_1"", ""xbee_enabled"": true, ""waiting_for_data"": true, ""kalman_data"": {""altitude"": 0, ""vertical_velocity"": 0}, ""kalman_altitude"": 0, ""kalman_vertical_velocity"": 0, ""communication_mode"": ""BEACON""}"
1768846451.392317,2026-01-19T21:14:11.392317,,,,,,,,,,,,,,,,,,,,,,,,,,BEACON,"{""type"": ""heartbeat"", ""uptime"": 474099, ""device_id"": ""ESP32:N4_BASE_BT_1"", ""xbee_enabled"": true, ""waiting_for_data"": true, ""kalman_data"": {""altitude"": 0, ""vertical_velocity"": 0}, ""kalman_altitude"": 0, ""kalman_vertical_velocity"": 0, ""communication_mode"": ""BEACON""}"
1768846451.869346,2026-01-19T21:14:11.869346,,,,,,,,,,,,,,,,,,,,,,,,,,BEACON,"{""type"": ""heartbeat"", ""uptime"": 474612, ""device_id"": ""ESP32:N4_BASE_BT_1"", ""xbee_enabled"": true, ""waiting_for_data"": true, ""kalman_data"": {""altitude"": 0, ""vertical_velocity"": 0}, ""kalman_altitude"": 0, ""kalman_vertical_velocity"": 0, ""communication_mode"": ""BEACON""}"
1768846452.755217,2026-01-19T21:14:12.755217,,,,,,,,,,,,,,,,,,,,,,,,,,BEACON,"{""type"": ""heartbeat"", ""uptime"": 475125, ""device_id"": ""ESP32:N4_BASE_BT_1"", ""xbee_enabled"": true, ""waiting_for_data"": true, ""kalman_data"": {""altitude"": 0, ""vertical_velocity"": 0}, ""kalman_altitude"": 0, ""kalman_vertical_velocity"": 0, ""communication_mode"": ""BEACON""}"
1768846453.069342,2026-01-19T21:14:13.069342,,,,,,,,,,,,,,,,,,,,,,,,,,BEACON,"{""type"": ""heartbeat"", ""uptime"": 475638, ""device_id"": ""ESP32:N4_BASE_BT_1"", ""xbee_enabled"": true, ""waiting_for_data"": true, ""kalman_data"": {""altitude"": 0, ""vertical_velocity"": 0}, ""kalman_altitude"": 0, ""kalman_vertical_velocity"": 0, ""communication_mode"": ""BEACON""}"
1768846453.409073,2026-01-19T21:14:13.409073,,,,,,,,,,,,,,,,,,,,,,,,,,BEACON,"{""type"": ""heartbeat"", ""uptime"": 476151, ""device_id"": ""ESP32:N4_BASE_BT_1"", ""xbee_enabled"": true, ""waiting_for_data"": true, ""kalman_data"": {""altitude"": 0, ""vertical_velocity"": 0}, ""kalman_altitude"": 0, ""kalman_vertical_velocity"": 0, ""communication_mode"": ""BEACON""}"
1768846454.725969,2026-01-19T21:14:14.725969,,,,,,,,,,,,,,,,,,,,,,,,,,BEACON,"{""type"": ""heartbeat"", ""uptime"": 476664, ""device_id"": ""ESP32:N4_BASE_BT_1"", ""xbee_enabled"": true, ""waiting_for_data"": true, ""kalman_data"": {""altitude"": 0, ""vertical_velocity"": 0}, ""kalman_altitude"": 0, ""kalman_vertical_velocity"": 0, ""communication_mode"": ""BEACON""}"
1768846455.587231,2026-01-19T21:14:15.587231,,,,,,,,,,,,,,,,,,,,,,,,,,BEACON,"{""type"": ""heartbeat"", ""uptime"": 477177, ""device_id"": ""ESP32:N4_BASE_BT_1"", ""xbee_enabled"": true, ""waiting_for_data"": true, ""kalman_data"": {""altitude"": 0, ""vertical_velocity"": 0}, ""kalman_altitude"": 0, ""kalman_vertical_velocity"": 0, ""communication_mode"": ""BEACON""}"
1768846455.687472,2026-01-19T21:14:15.687472,,,,,,,,,,,,,,,,,,,,,,,,,,BEACON,"{""type"": ""heartbeat"", ""uptime"": 477690, ""device_id"": ""ESP32:N4_BASE_BT_1"", ""xbee_enabled"": true, ""waiting_for_data"": true, ""kalman_data"": {""altitude"": 0, ""vertical_velocity"": 0}, ""kalman_altitude"": 0, ""kalman_vertical_velocity"": 0, ""communication_mode"": ""BEACON""}"
1768846455.790496,2026-01-19T21:14:15.790496,,,,,,,,,,,,,,,,,,,,,,,,,,BEACON,"{""type"": ""heartbeat"", ""uptime"": 478203, ""device_id"": ""ESP32:N4_BASE_BT_1"", ""xbee_enabled"": true, ""waiting_for_data"": true, ""kalman_data"": {""altitude"": 0, ""vertical_velocity"": 0}, ""kalman_altitude"": 0, ""kalman_vertical_velocity"": 0, ""communication_mode"": ""BEACON""}"
1768846456.005622,2026-01-19T21:14:16.005622,,,,,,,,,,,,,,,,,,,,,,,,,,BEACON,"{""type"": ""heartbeat"", ""uptime"": 478716, ""device_id"": ""ESP32:N4_BASE_BT_1"", ""xbee_enabled"": true, ""waiting_for_data"": true, ""kalman_data"": {""altitude"": 0, ""vertical_velocity"": 0}, ""kalman_altitude"": 0, ""kalman_vertical_velocity"": 0, ""communication_mode"": ""BEACON""}"
1768846456.948581,2026-01-19T21:14:16.948581,,,,,,,,,,,,,,,,,,,,,,,,,,BEACON,"{""type"": ""heartbeat"", ""uptime"": 479229, ""device_id"": ""ESP32:N4_BASE_BT_1"", ""xbee_enabled"": true, ""waiting_for_data"": true, ""kalman_data"": {""altitude"": 0, ""vertical_velocity"": 0}, ""kalman_altitude"": 0, ""kalman_vertical_velocity"": 0, ""communication_mode"": ""BEACON""}"
1768846457.099113,2026-01-19T21:14:17.099113,,,,,,,,,,,,,,,,,,,,,,,,,,BEACON,"{""type"": ""heartbeat"", ""uptime"": 479742, ""device_id"": ""ESP32:N4_BASE_BT_1"", ""xbee_enabled"": true, ""waiting_for_data"": true, ""kalman_data"": {""altitude"": 0, ""vertical_velocity"": 0}, ""kalman_altitude"": 0, ""kalman_vertical_velocity"": 0, ""communication_mode"": ""BEACON""}"
1768846457.516925,2026-01-19T21:14:17.516925,,,,,,,,,,,,,,,,,,,,,,,,,,BEACON,"{""type"": ""heartbeat"", ""uptime"": 480255, ""device_id"": ""ESP32:N4_BASE_BT_1"", ""xbee_enabled"": true, ""waiting_for_data"": true, ""kalman_data"": {""altitude"": 0, ""vertical_velocity"": 0}, ""kalman_altitude"": 0, ""kalman_vertical_velocity"": 0, ""communication_mode"": ""BEACON""}"
1768846458.623706,2026-01-19T21:14:18.623706,,,,,,,,,,,,,,,,,,,,,,,,,,BEACON,"{""type"": ""heartbeat"", ""uptime"": 480768, ""device_id"": ""ESP32:N4_BASE_BT_1"", ""xbee_enabled"": true, ""waiting_for_data"": true, ""kalman_data"": {""altitude"": 0, ""vertical_velocity"": 0}, ""kalman_altitude"": 0, ""kalman_vertical_velocity"": 0, ""communication_mode"": ""BEACON""}"
1768846458.901938,2026-01-19T21:14:18.901938,,,,,,,,,,,,,,,,,,,,,,,,,,BEACON,"{""type"": ""heartbeat"", ""uptime"": 481281, ""device_id"": ""ESP32:N4_BASE_BT_1"", ""xbee_enabled"": true, ""waiting_for_data"": true, ""kalman_data"": {""altitude"": 0, ""vertical_velocity"": 0}, ""kalman_altitude"": 0, ""kalman_vertical_velocity"": 0, ""communication_mode"": ""BEACON""}"
1768846459.067071,2026-01-19T21:14:19.067071,,,,,,,,,,,,,,,,,,,,,,,,,,BEACON,"{""type"": ""heartbeat"", ""uptime"": 481794, ""device_id"": ""ESP32:N4_BASE_BT_1"", ""xbee_enabled"": true, ""waiting_for_data"": true, ""kalman_data"": {""altitude"": 0, ""vertical_velocity"": 0}, ""kalman_altitude"": 0, ""kalman_vertical_velocity"": 0, ""communication_mode"": ""BEACON""}"
1768846459.666559,2026-01-19T21:14:19.666559,,,,,,,,,,,,,,,,,,,,,,,,,,BEACON,"{""type"": ""heartbeat"", ""uptime"": 482307, ""device_id"": ""ESP32:N4_BASE_BT_1"", ""xbee_enabled"": true, ""waiting_for_data"": true, ""kalman_data"": {""altitude"": 0, ""vertical_velocity"": 0}, ""kalman_altitude"": 0, ""kalman_vertical_velocity"": 0, ""communication_mode"": ""BEACON""}"
1768846460.196204,2026-01-19T21:14:20.196204,,,,,,,,,,,,,,,,,,,,,,,,,,BEACON,"{""type"": ""heartbeat"", ""uptime"": 482820, ""device_id"": ""ESP32:N4_BASE_BT_1"", ""xbee_enabled"": true, ""waiting_for_data"": true, ""kalman_data"": {""altitude"": 0, ""vertical_velocity"": 0}, ""kalman_altitude"": 0, ""kalman_vertical_velocity"": 0, ""communication_mode"": ""BEACON""}"
1768846460.787443,2026-01-19T21:14:20.787443,,,,,,,,,,,,,,,,,,,,,,,,,,BEACON,"{""type"": ""heartbeat"", ""uptime"": 483333, ""device_id"": ""ESP32:N4_BASE_BT_1"", ""xbee_enabled"": true, ""waiting_for_data"": true, ""kalman_data"": {""altitude"": 0, ""vertical_velocity"": 0}, ""kalman_altitude"": 0, ""kalman_vertical_velocity"": 0, ""communication_mode"": ""BEACON""}"
1768846461.220313,2026-01-19T21:14:21.220313,,,,,,,,,,,,,,,,,,,,,,,,,,BEACON,"{""type"": ""heartbeat"", ""uptime"": 483846, ""device_id"": ""ESP32:N4_BASE_BT_1"", ""xbee_enabled"": true, ""waiting_for_data"": true, ""kalman_data"": {""altitude"": 0, ""vertical_velocity"": 0}, ""kalman_altitude"": 0, ""kalman_vertical_velocity"": 0, ""communication_mode"": ""BEACON""}"
1768846461.940087,2026-01-19T21:14:21.940087,,,,,,,,,,,,,,,,,,,,,,,,,,BEACON,"{""type"": ""heartbeat"", ""uptime"": 484359, ""device_id"": ""ESP32:N4_BASE_BT_1"", ""xbee_enabled"": true, ""waiting_for_data"": true, ""kalman_data"": {""altitude"": 0, ""vertical_velocity"": 0}, ""kalman_altitude"": 0, ""kalman_vertical_velocity"": 0, ""communication_mode"": ""BEACON""}"
1768846463.290659,2026-01-19T21:14:23.290659,,,,,,,,,,,,,,,,,,,,,,,,,,BEACON,"{""type"": ""heartbeat"", ""uptime"": 484872, ""device_id"": ""ESP32:N4_BASE_BT_1"", ""xbee_enabled"": true, ""waiting_for_data"": true, ""kalman_data"": {""altitude"": 0, ""vertical_velocity"": 0}, ""kalman_altitude"": 0, ""kalman_vertical_velocity"": 0, ""communication_mode"": ""BEACON""}"
1768846463.575657,2026-01-19T21:14:23.575657,,,,,,,,,,,,,,,,,,,,,,,,,,BEACON,"{""type"": ""heartbeat"", ""uptime"": 485385, ""device_id"": ""ESP32:N4_BASE_BT_1"", ""xbee_enabled"": true, ""waiting_for_data"": true, ""kalman_data"": {""altitude"": 0, ""vertical_velocity"": 0}, ""kalman_altitude"": 0, ""kalman_vertical_velocity"": 0, ""communication_mode"": ""BEACON""}"
1768846463.867213,2026-01-19T21:14:23.867213,,,,,,,,,,,,,,,,,,,,,,,,,,BEACON,"{""type"": ""heartbeat"", ""uptime"": 485898, ""device_id"": ""ESP32:N4_BASE_BT_1"", ""xbee_enabled"": true, ""waiting_for_data"": true, ""kalman_data"": {""altitude"": 0, ""vertical_velocity"": 0}, ""kalman_altitude"": 0, ""kalman_vertical_velocity"": 0, ""communication_mode"": ""BEACON""}"
1768846463.988082,2026-01-19T21:14:23.988082,,,,,,,,,,,,,,,,,,,,,,,,,,BEACON,"{""type"": ""heartbeat"", ""uptime"": 486411, ""device_id"": ""ESP32:N4_BASE_BT_1"", ""xbee_enabled"": true, ""waiting_for_data"": true, ""kalman_data"": {""altitude"": 0, ""vertical_velocity"": 0}, ""kalman_altitude"": 0, ""kalman_vertical_velocity"": 0, ""communication_mode"": ""BEACON""}"
1768846464.358947,2026-01-19T21:14:24.358947,,,,,,,,,,,,,,,,,,,,,,,,,,BEACON,"{""type"": ""heartbeat"", ""uptime"": 486924, ""device_id"": ""ESP32:N4_BASE_BT_1"", ""xbee_enabled"": true, ""waiting_for_data"": true, ""kalman_data"": {""altitude"": 0, ""vertical_velocity"": 0}, ""kalman_altitude"": 0, ""kalman_vertical_velocity"": 0, ""communication_mode"": ""BEACON""}"
1768846464.915015,2026-01-19T21:14:24.915015,,,,,,,,,,,,,,,,,,,,,,,,,,BEACON,"{""type"": ""heartbeat"", ""uptime"": 487437, ""device_id"": ""ESP32:N4_BASE_BT_1"", ""xbee_enabled"": true, ""waiting_for_data"": true, ""kalman_data"": {""altitude"": 0, ""vertical_velocity"": 0}, ""kalman_altitude"": 0, ""kalman_vertical_velocity"": 0, ""communication_mode"": ""BEACON""}"
1768846465.283684,2026-01-19T21:14:25.283684,,,,,,,,,,,,,,,,,,,,,,,,,,BEACON,"{""type"": ""heartbeat"", ""uptime"": 487950, ""device_id"": ""ESP32:N4_BASE_BT_1"", ""xbee_enabled"": true, ""waiting_for_data"": true, ""kalman_data"": {""altitude"": 0, ""vertical_velocity"": 0}, ""kalman_altitude"": 0, ""kalman_vertical_velocity"": 0, ""communication_mode"": ""BEACON""}"
1768846465.80386,2026-01-19T21:14:25.803860,,,,,,,,,,,,,,,,,,,,,,,,,,BEACON,"{""type"": ""heartbeat"", ""uptime"": 488463, ""device_id"": ""ESP32:N4_BASE_BT_1"", ""xbee_enabled"": true, ""waiting_for_data"": true, ""kalman_data"": {""altitude"": 0, ""vertical_velocity"": 0}, ""kalman_altitude"": 0, ""kalman_vertical_velocity"": 0, ""communication_mode"": ""BEACON""}"
1768846466.386016,2026-01-19T21:14:26.386016,,,,,,,,,,,,,,,,,,,,,,,,,,BEACON,"{""type"": ""heartbeat"", ""uptime"": 488976, ""device_id"": ""ESP32:N4_BASE_BT_1"", ""xbee_enabled"": true, ""waiting_for_data"": true, ""kalman_data"": {""altitude"": 0, ""vertical_velocity"": 0}, ""kalman_altitude"": 0, ""kalman_vertical_velocity"": 0, ""communication_mode"": ""BEACON""}"
1768846466.765161,2026-01-19T21:14:26.765161,,,,,,,,,,,,,,,,,,,,,,,,,,BEACON,"{""type"": ""heartbeat"", ""uptime"": 489489, ""device_id"": ""ESP32:N4_BASE_BT_1"", ""xbee_enabled"": true, ""waiting_for_data"": true, ""kalman_data"": {""altitude"": 0, ""vertical_velocity"": 0}, ""kalman_altitude"": 0, ""kalman_vertical_velocity"": 0, ""communication_mode"": ""BEACON""}"
1768846467.324298,2026-01-19T21:14:27.324298,,,,,,,,,,,,,,,,,,,,,,,,,,BEACON,"{""type"": ""heartbeat"", ""uptime"": 490002, ""device_id"": ""ESP32:N4_BASE_BT_1"", ""xbee_enabled"": true, ""waiting_for_data"": true, ""kalman_data"": {""altitude"": 0, ""vertical_velocity"": 0}, ""kalman_altitude"": 0, ""kalman_vertical_velocity"": 0, ""communication_mode"": ""BEACON""}"
1768846467.818779,2026-01-19T21:14:27.818779,,,,,,,,,,,,,,,,,,,,,,,,,,BEACON,"{""type"": ""heartbeat"", ""uptime"": 490515, ""device_id"": ""ESP32:N4_BASE_BT_1"", ""xbee_enabled"": true, ""waiting_for_data"": true, ""kalman_data"": {""altitude"": 0, ""vertical_velocity"": 0}, ""kalman_altitude"": 0, ""kalman_vertical_velocity"": 0, ""communication_mode"": ""BEACON""}"
1768846468.307751,2026-01-19T21:14:28.307751,,,,,,,,,,,,,,,,,,,,,,,,,,BEACON,"{""type"": ""heartbeat"", ""uptime"": 491028, ""device_id"": ""ESP32:N4_BASE_BT_1"", ""xbee_enabled"": true, ""waiting_for_data"": true, ""kalman_data"": {""altitude"": 0, ""vertical_velocity"": 0}, ""kalman_altitude"": 0, ""kalman_vertical_velocity"": 0, ""communication_mode"": ""BEACON""}"
1768846468.836102,2026-01-19T21:14:28.836102,,,,,,,,,,,,,,,,,,,,,,,,,,BEACON,"{""type"": ""heartbeat"", ""uptime"": 491541, ""device_id"": ""ESP32:N4_BASE_BT_1"", ""xbee_enabled"": true, ""waiting_for_data"": true, ""kalman_data"": {""altitude"": 0, ""vertical_velocity"": 0}, ""kalman_altitude"": 0, ""kalman_vertical_velocity"": 0, ""communication_mode"": ""BEACON""}"
1768846470.35626,2026-01-19T21:14:30.356260,,,,,,,,,,,,,,,,,,,,,,,,,,BEACON,"{""type"": ""heartbeat"", ""uptime"": 492054, ""device_id"": ""ESP32:N4_BASE_BT_1"", ""xbee_enabled"": true, ""waiting_for_data"": true, ""kalman_data"": {""altitude"": 0, ""vertical_velocity"": 0}, ""kalman_altitude"": 0, ""kalman_vertical_velocity"": 0, ""communication_mode"": ""BEACON""}"
1768846471.072897,2026-01-19T21:14:31.072897,,,,,,,,,,,,,,,,,,,,,,,,,,BEACON,"{""type"": ""heartbeat"", ""uptime"": 492567, ""device_id"": ""ESP32:N4_BASE_BT_1"", ""xbee_enabled"": true, ""waiting_for_data"": true, ""kalman_data"": {""altitude"": 0, ""vertical_velocity"": 0}, ""kalman_altitude"": 0, ""kalman_vertical_velocity"": 0, ""communication_mode"": ""BEACON""}"
1768846471.398437,2026-01-19T21:14:31.398437,,,,,,,,,,,,,,,,,,,,,,,,,,BEACON,"{""type"": ""heartbeat"", ""uptime"": 493080, ""device_id"": ""ESP32:N4_BASE_BT_1"", ""xbee_enabled"": true, ""waiting_for_data"": true, ""kalman_data"": {""altitude"": 0, ""vertical_velocity"": 0}, ""kalman_altitude"": 0, ""kalman_vertical_velocity"": 0, ""communication_mode"": ""BEACON""}"
1768846471.57074,2026-01-19T21:14:31.570740,,,,,,,,,,,,,,,,,,,,,,,,,,BEACON,"{""type"": ""heartbeat"", ""uptime"": 493593, ""device_id"": ""ESP32:N4_BASE_BT_1"", ""xbee_enabled"": true, ""waiting_for_data"": true, ""kalman_data"": {""altitude"": 0, ""vertical_velocity"": 0}, ""kalman_altitude"": 0, ""kalman_vertical_velocity"": 0, ""communication_mode"": ""BEACON""}"
1768846471.587689,2026-01-19T21:14:31.587689,,,,,,,,,,,,,,,,,,,,,,,,,,BEACON,"{""type"": ""heartbeat"", ""uptime"": 494106, ""device_id"": ""ESP32:N4_BASE_BT_1"", ""xbee_enabled"": true, ""waiting_for_data"": true, ""kalman_data"": {""altitude"": 0, ""vertical_velocity"": 0}, ""kalman_altitude"": 0, ""kalman_vertical_velocity"": 0, ""communication_mode"": ""BEACON""}"
1768846471.966951,2026-01-19T21:14:31.966951,,,,,,,,,,,,,,,,,,,,,,,,,,BEACON,"{""type"": ""heartbeat"", ""uptime"": 494619, ""device_id"": ""ESP32:N4_BASE_BT_1"", ""xbee_enabled"": true, ""waiting_for_data"": true, ""kalman_data"": {""altitude"": 0, ""vertical_velocity"": 0}, ""kalman_altitude"": 0, ""kalman_vertical_velocity"": 0, ""communication_mode"": ""BEACON""}"
1768846472.857937,2026-01-19T21:14:32.857937,,,,,,,,,,,,,,,,,,,,,,,,,,BEACON,"{""type"": ""heartbeat"", ""uptime"": 495132, ""device_id"": ""ESP32:N4_BASE_BT_1"", ""xbee_enabled"": true, ""waiting_for_data"": true, ""kalman_data"": {""altitude"": 0, ""vertical_velocity"": 0}, ""kalman_altitude"": 0, ""kalman_vertical_velocity"": 0, ""communication_mode"": ""BEACON""}"
1768846473.001628,2026-01-19T21:14:33.001628,,,,,,,,,,,,,,,,,,,,,,,,,,BEACON,"{""type"": ""heartbeat"", ""uptime"": 495645, ""device_id"": ""ESP32:N4_BASE_BT_1"", ""xbee_enabled"": true, ""waiting_for_data"": true, ""kalman_data"": {""altitude"": 0, ""vertical_velocity"": 0}, ""kalman_altitude"": 0, ""kalman_vertical_velocity"": 0, ""communication_mode"": ""BEACON""}"
1768846473.507547,2026-01-19T21:14:33.507547,,,,,,,,,,,,,,,,,,,,,,,,,,BEACON,"{""type"": ""heartbeat"", ""uptime"": 496158, ""device_id"": ""ESP32:N4_BASE_BT_1"", ""xbee_enabled"": true, ""waiting_for_data"": true, ""kalman_data"": {""altitude"": 0, ""vertical_velocity"": 0}, ""kalman_altitude"": 0, ""kalman_vertical_velocity"": 0, ""communication_mode"": ""BEACON""}"
1768846473.93422,2026-01-19T21:14:33.934220,,,,,,,,,,,,,,,,,,,,,,,,,,BEACON,"{""type"": ""heartbeat"", ""uptime"": 496671, ""device_id"": ""ESP32:N4_BASE_BT_1"", ""xbee_enabled"": true, ""waiting_for_data"": true, ""kalman_data"": {""altitude"": 0, ""vertical_velocity"": 0}, ""kalman_altitude"": 0, ""kalman_vertical_velocity"": 0, ""communication_mode"": ""BEACON""}"
1768846474.724211,2026-01-19T21:14:34.724211,,,,,,,,,,,,,,,,,,,,,,,,,,BEACON,"{""type"": ""heartbeat"", ""uptime"": 497184, ""device_id"": ""ESP32:N4_BASE_BT_1"", ""xbee_enabled"": true, ""waiting_for_data"": true, ""kalman_data"": {""altitude"": 0, ""vertical_velocity"": 0}, ""kalman_altitude"": 0, ""kalman_vertical_velocity"": 0, ""communication_mode"": ""BEACON""}"
1768846474.988778,2026-01-19T21:14:34.988778,,,,,,,,,,,,,,,,,,,,,,,,,,BEACON,"{""type"": ""heartbeat"", ""uptime"": 497697, ""device_id"": ""ESP32:N4_BASE_BT_1"", ""xbee_enabled"": true, ""waiting_for_data"": true, ""kalman_data"": {""altitude"": 0, ""vertical_velocity"": 0}, ""kalman_altitude"": 0, ""kalman_vertical_velocity"": 0, ""communication_mode"": ""BEACON""}"
1768846475.698426,2026-01-19T21:14:35.698426,,,,,,,,,,,,,,,,,,,,,,,,,,BEACON,"{""type"": ""heartbeat"", ""uptime"": 498210, ""device_id"": ""ESP32:N4_BASE_BT_1"", ""xbee_enabled"": true, ""waiting_for_data"": true, ""kalman_data"": {""altitude"": 0, ""vertical_velocity"": 0}, ""kalman_altitude"": 0, ""kalman_vertical_velocity"": 0, ""communication_mode"": ""BEACON""}"
1768846476.356277,2026-01-19T21:14:36.356277,,,,,,,,,,,,,,,,,,,,,,,,,,BEACON,"{""type"": ""heartbeat"", ""uptime"": 498723, ""device_id"": ""ESP32:N4_BASE_BT_1"", ""xbee_enabled"": true, ""waiting_for_data"": true, ""kalman_data"": {""altitude"": 0, ""vertical_velocity"": 0}, ""kalman_altitude"": 0, ""kalman_vertical_velocity"": 0, ""communication_mode"": ""BEACON""}"
1768846477.006934,2026-01-19T21:14:37.006934,,,,,,,,,,,,,,,,,,,,,,,,,,BEACON,"{""type"": ""heartbeat"", ""uptime"": 499236, ""device_id"": ""ESP32:N4_BASE_BT_1"", ""xbee_enabled"": true, ""waiting_for_data"": true, ""kalman_data"": {""altitude"": 0, ""vertical_velocity"": 0}, ""kalman_altitude"": 0, ""kalman_vertical_velocity"": 0, ""communication_mode"": ""BEACON""}"
1768846477.201561,2026-01-19T21:14:37.201561,,,,,,,,,,,,,,,,,,,,,,,,,,BEACON,"{""type"": ""heartbeat"", ""uptime"": 499749, ""device_id"": ""ESP32:N4_BASE_BT_1"", ""xbee_enabled"": true, ""waiting_for_data"": true, ""kalman_data"": {""altitude"": 0, ""vertical_velocity"": 0}, ""kalman_altitude"": 0, ""kalman_vertical_velocity"": 0, ""communication_mode"": ""BEACON""}"
1768846477.555719,2026-01-19T21:14:37.555719,,,,,,,,,,,,,,,,,,,,,,,,,,BEACON,"{""type"": ""heartbeat"", ""uptime"": 500262, ""device_id"": ""ESP32:N4_BASE_BT_1"", ""xbee_enabled"": true, ""waiting_for_data"": true, ""kalman_data"": {""altitude"": 0, ""vertical_velocity"": 0}, ""kalman_altitude"": 0, ""kalman_vertical_velocity"": 0, ""communication_mode"": ""BEACON""}"
1768846478.115184,2026-01-19T21:14:38.115184,,,,,,,,,,,,,,,,,,,,,,,,,,BEACON,"{""type"": ""heartbeat"", ""uptime"": 500775, ""device_id"": ""ESP32:N4_BASE_BT_1"", ""xbee_enabled"": true, ""waiting_for_data"": true, ""kalman_data"": {""altitude"": 0, ""vertical_velocity"": 0}, ""kalman_altitude"": 0, ""kalman_vertical_velocity"": 0, ""communication_mode"": ""BEACON""}"
1768846479.39713,2026-01-19T21:14:39.397130,,,,,,,,,,,,,,,,,,,,,,,,,,BEACON,"{""type"": ""heartbeat"", ""uptime"": 501288, ""device_id"": ""ESP32:N4_BASE_BT_1"", ""xbee_enabled"": true, ""waiting_for_data"": true, ""kalman_data"": {""altitude"": 0, ""vertical_velocity"": 0}, ""kalman_altitude"": 0, ""kalman_vertical_velocity"": 0, ""communication_mode"": ""BEACON""}"
1768846480.053606,2026-01-19T21:14:40.053606,,,,,,,,,,,,,,,,,,,,,,,,,,BEACON,"{""type"": ""heartbeat"", ""uptime"": 501801, ""device_id"": ""ESP32:N4_BASE_BT_1"", ""xbee_enabled"": true, ""waiting_for_data"": true, ""kalman_data"": {""altitude"": 0, ""vertical_velocity"": 0}, ""kalman_altitude"": 0, ""kalman_vertical_velocity"": 0, ""communication_mode"": ""BEACON""}"
1768846480.354869,2026-01-19T21:14:40.354869,,,,,,,,,,,,,,,,,,,,,,,,,,BEACON,"{""type"": ""heartbeat"", ""uptime"": 502314, ""device_id"": ""ESP32:N4_BASE_BT_1"", ""xbee_enabled"": true, ""waiting_for_data"": true, ""kalman_data"": {""altitude"": 0, ""vertical_velocity"": 0}, ""kalman_altitude"": 0, ""kalman_vertical_velocity"": 0, ""communication_mode"": ""BEACON""}"
1768846480.857119,2026-01-19T21:14:40.857119,,,,,,,,,,,,,,,,,,,,,,,,,,BEACON,"{""type"": ""heartbeat"", ""uptime"": 502827, ""device_id"": ""ESP32:N4_BASE_BT_1"", ""xbee_enabled"": true, ""waiting_for_data"": true, ""kalman_data"": {""altitude"": 0, ""vertical_velocity"": 0}, ""kalman_altitude"": 0, ""kalman_vertical_velocity"": 0, ""communication_mode"": ""BEACON""}"
1768846481.136528,2026-01-19T21:14:41.136528,,,,,,,,,,,,,,,,,,,,,,,,,,BEACON,"{""type"": ""heartbeat"", ""uptime"": 503340, ""device_id"": ""ESP32:N4_BASE_BT_1"", ""xbee_enabled"": true, ""waiting_for_data"": true, ""kalman_data"": {""altitude"": 0, ""vertical_velocity"": 0}, ""kalman_altitude"": 0, ""kalman_vertical_velocity"": 0, ""communication_mode"": ""BEACON""}"
1768846481.655948,2026-01-19T21:14:41.655948,,,,,,,,,,,,,,,,,,,,,,,,,,BEACON,"{""type"": ""heartbeat"", ""uptime"": 503853, ""device_id"": ""ESP32:N4_BASE_BT_1"", ""xbee_enabled"": true, ""waiting_for_data"": true, ""kalman_data"": {""altitude"": 0, ""vertical_velocity"": 0}, ""kalman_altitude"": 0, ""kalman_vertical_velocity"": 0, ""communication_mode"": ""BEACON""}"
1768846482.450809,2026-01-19T21:14:42.450809,,,,,,,,,,,,,,,,,,,,,,,,,,BEACON,"{""type"": ""heartbeat"", ""uptime"": 504366, ""device_id"": ""ESP32:N4_BASE_BT_1"", ""xbee_enabled"": true, ""waiting_for_data"": true, ""kalman_data"": {""altitude"": 0, ""vertical_velocity"": 0}, ""kalman_altitude"": 0, ""kalman_vertical_velocity"": 0, ""communication_mode"": ""BEACON""}"
1768846483.773134,2026-01-19T21:14:43.773134,,,,,,,,,,,,,,,,,,,,,,,,,,BEACON,"{""type"": ""heartbeat"", ""uptime"": 504879, ""device_id"": ""ESP32:N4_BASE_BT_1"", ""xbee_enabled"": true, ""waiting_for_data"": true, ""kalman_data"": {""altitude"": 0, ""vertical_velocity"": 0}, ""kalman_altitude"": 0, ""kalman_vertical_velocity"": 0, ""communication_mode"": ""BEACON""}"
1768846484.48342,2026-01-19T21:14:44.483420,,,,,,,,,,,,,,,,,,,,,,,,,,BEACON,"{""type"": ""heartbeat"", ""uptime"": 505392, ""device_id"": ""ESP32:N4_BASE_BT_1"", ""xbee_enabled"": true, ""waiting_for_data"": true, ""kalman_data"": {""altitude"": 0, ""vertical_velocity"": 0}, ""kalman_altitude"": 0, ""kalman_vertical_velocity"": 0, ""communication_mode"": ""BEACON""}"
1768846484.951727,2026-01-19T21:14:44.951727,,,,,,,,,,,,,,,,,,,,,,,,,,BEACON,"{""type"": ""heartbeat"", ""uptime"": 505905, ""device_id"": ""ESP32:N4_BASE_BT_1"", ""xbee_enabled"": true, ""waiting_for_data"": true, ""kalman_data"": {""altitude"": 0, ""vertical_velocity"": 0}, ""kalman_altitude"": 0, ""kalman_vertical_velocity"": 0, ""communication_mode"": ""BEACON""}"
1768846487.654181,2026-01-19T21:14:47.654181,,,,,,,,,,,,,,,,,,,,,,,,,,BEACON,"{""type"": ""heartbeat"", ""uptime"": 506418, ""device_id"": ""ESP32:N4_BASE_BT_1"", ""xbee_enabled"": true, ""waiting_for_data"": true, ""kalman_data"": {""altitude"": 0, ""vertical_velocity"": 0}, ""kalman_altitude"": 0, ""kalman_vertical_velocity"": 0, ""communication_mode"": ""BEACON""}"
1768846488.197489,2026-01-19T21:14:48.197489,,,,,,,,,,,,,,,,,,,,,,,,,,BEACON,"{""type"": ""heartbeat"", ""uptime"": 506931, ""device_id"": ""ESP32:N4_BASE_BT_1"", ""xbee_enabled"": true, ""waiting_for_data"": true, ""kalman_data"": {""altitude"": 0, ""vertical_velocity"": 0}, ""kalman_altitude"": 0, ""kalman_vertical_velocity"": 0, ""communication_mode"": ""BEACON""}"
1768846488.318494,2026-01-19T21:14:48.318494,,,,,,,,,,,,,,,,,,,,,,,,,,BEACON,"{""type"": ""heartbeat"", ""uptime"": 507444, ""device_id"": ""ESP32:N4_BASE_BT_1"", ""xbee_enabled"": true, ""waiting_for_data"": true, ""kalman_data"": {""altitude"": 0, ""vertical_velocity"": 0}, ""kalman_altitude"": 0, ""kalman_vertical_velocity"": 0, ""communication_mode"": ""BEACON""}"
1768846488.33649,2026-01-19T21:14:48.336490,,,,,,,,,,,,,,,,,,,,,,,,,,BEACON,"{""type"": ""heartbeat"", ""uptime"": 507957, ""device_id"": ""ESP32:N4_BASE_BT_1"", ""xbee_enabled"": true, ""waiting_for_data"": true, ""kalman_data"": {""altitude"": 0, ""vertical_velocity"": 0}, ""kalman_altitude"": 0, ""kalman_vertical_velocity"": 0, ""communication_mode"": ""BEACON""}"
1768846488.381543,2026-01-19T21:14:48.381543,,,,,,,,,,,,,,,,,,,,,,,,,,BEACON,"{""type"": ""heartbeat"", ""uptime"": 508470, ""device_id"": ""ESP32:N4_BASE_BT_1"", ""xbee_enabled"": true, ""waiting_for_data"": true, ""kalman_data"": {""altitude"": 0, ""vertical_velocity"": 0}, ""kalman_altitude"": 0, ""kalman_vertical_velocity"": 0, ""communication_mode"": ""BEACON""}"
1768846488.3948,2026-01-19T21:14:48.394800,,,,,,,,,,,,,,,,,,,,,,,,,,BEACON,"{""type"": ""heartbeat"", ""uptime"": 508983, ""device_id"": ""ESP32:N4_BASE_BT_1"", ""xbee_enabled"": true, ""waiting_for_data"": true, ""kalman_data"": {""altitude"": 0, ""vertical_velocity"": 0}, ""kalman_altitude"": 0, ""kalman_vertical_velocity"": 0, ""communication_mode"": ""BEACON""}"
1768846488.41932,2026-01-19T21:14:48.419320,,,,,,,,,,,,,,,,,,,,,,,,,,BEACON,"{""type"": ""heartbeat"", ""uptime"": 509496, ""device_id"": ""ESP32:N4_BASE_BT_1"", ""xbee_enabled"": true, ""waiting_for_data"": true, ""kalman_data"": {""altitude"": 0, ""vertical_velocity"": 0}, ""kalman_altitude"": 0, ""kalman_vertical_velocity"": 0, ""communication_mode"": ""BEACON""}"
1768846488.439319,2026-01-19T21:14:48.439319,,,,,,,,,,,,,,,,,,,,,,,,,,BEACON,"{""type"": ""heartbeat"", ""uptime"": 510009, ""device_id"": ""ESP32:N4_BASE_BT_1"", ""xbee_enabled"": true, ""waiting_for_data"": true, ""kalman_data"": {""altitude"": 0, ""vertical_velocity"": 0}, ""kalman_altitude"": 0, ""kalman_vertical_velocity"": 0, ""communication_mode"": ""BEACON""}"
1768846488.454914,2026-01-19T21:14:48.454914,,,,,,,,,,,,,,,,,,,,,,,,,,BEACON,"{""type"": ""heartbeat"", ""uptime"": 510522, ""device_id"": ""ESP32:N4_BASE_BT_1"", ""xbee_enabled"": true, ""waiting_for_data"": true, ""kalman_data"": {""altitude"": 0, ""vertical_velocity"": 0}, ""kalman_altitude"": 0, ""kalman_vertical_velocity"": 0, ""communication_mode"": ""BEACON""}"
1768846488.487989,2026-01-19T21:14:48.487989,,,,,,,,,,,,,,,,,,,,,,,,,,BEACON,"{""type"": ""heartbeat"", ""uptime"": 511035, ""device_id"": ""ESP32:N4_BASE_BT_1"", ""xbee_enabled"": true, ""waiting_for_data"": true, ""kalman_data"": {""altitude"": 0, ""vertical_velocity"": 0}, ""kalman_altitude"": 0, ""kalman_vertical_velocity"": 0, ""communication_mode"": ""BEACON""}"
1768846488.847424,2026-01-19T21:14:48.847424,,,,,,,,,,,,,,,,,,,,,,,,,,BEACON,"{""type"": ""heartbeat"", ""uptime"": 511548, ""device_id"": ""ESP32:N4_BASE_BT_1"", ""xbee_enabled"": true, ""waiting_for_data"": true, ""kalman_data"": {""altitude"": 0, ""vertical_velocity"": 0}, ""kalman_altitude"": 0, ""kalman_vertical_velocity"": 0, ""communication_mode"": ""BEACON""}"
1768846489.584578,2026-01-19T21:14:49.584578,,,,,,,,,,,,,,,,,,,,,,,,,,BEACON,"{""type"": ""heartbeat"", ""uptime"": 512061, ""device_id"": ""ESP32:N4_BASE_BT_1"", ""xbee_enabled"": true, ""waiting_for_data"": true, ""kalman_data"": {""altitude"": 0, ""vertical_velocity"": 0}, ""kalman_altitude"": 0, ""kalman_vertical_velocity"": 0, ""communication_mode"": ""BEACON""}"
1768846489.818239,2026-01-19T21:14:49.818239,,,,,,,,,,,,,,,,,,,,,,,,,,BEACON,"{""type"": ""heartbeat"", ""uptime"": 512574, ""device_id"": ""ESP32:N4_BASE_BT_1"", ""xbee_enabled"": true, ""waiting_for_data"": true, ""kalman_data"": {""altitude"": 0, ""vertical_velocity"": 0}, ""kalman_altitude"": 0, ""kalman_vertical_velocity"": 0, ""communication_mode"": ""BEACON""}"
1768846490.518804,2026-01-19T21:14:50.518804,,,,,,,,,,,,,,,,,,,,,,,,,,BEACON,"{""type"": ""heartbeat"", ""uptime"": 513087, ""device_id"": ""ESP32:N4_BASE_BT_1"", ""xbee_enabled"": true, ""waiting_for_data"": true, ""kalman_data"": {""altitude"": 0, ""vertical_velocity"": 0}, ""kalman_altitude"": 0, ""kalman_vertical_velocity"": 0, ""communication_mode"": ""BEACON""}"
1768846491.220353,2026-01-19T21:14:51.220353,,,,,,,,,,,,,,,,,,,,,,,,,,BEACON,"{""type"": ""heartbeat"", ""uptime"": 513600, ""device_id"": ""ESP32:N4_BASE_BT_1"", ""xbee_enabled"": true, ""waiting_for_data"": true, ""kalman_data"": {""altitude"": 0, ""vertical_velocity"": 0}, ""kalman_altitude"": 0, ""kalman_vertical_velocity"": 0, ""communication_mode"": ""BEACON""}"
1768846491.633582,2026-01-19T21:14:51.633582,,,,,,,,,,,,,,,,,,,,,,,,,,BEACON,"{""type"": ""heartbeat"", ""uptime"": 514113, ""device_id"": ""ESP32:N4_BASE_BT_1"", ""xbee_enabled"": true, ""waiting_for_data"": true, ""kalman_data"": {""altitude"": 0, ""vertical_velocity"": 0}, ""kalman_altitude"": 0, ""kalman_vertical_velocity"": 0, ""communication_mode"": ""BEACON""}"
1768846491.936171,2026-01-19T21:14:51.936171,,,,,,,,,,,,,,,,,,,,,,,,,,BEACON,"{""type"": ""heartbeat"", ""uptime"": 514626, ""device_id"": ""ESP32:N4_BASE_BT_1"", ""xbee_enabled"": true, ""waiting_for_data"": true, ""kalman_data"": {""altitude"": 0, ""vertical_velocity"": 0}, ""kalman_altitude"": 0, ""kalman_vertical_velocity"": 0, ""communication_mode"": ""BEACON""}"
1768846492.837236,2026-01-19T21:14:52.837236,,,,,,,,,,,,,,,,,,,,,,,,,,BEACON,"{""type"": ""heartbeat"", ""uptime"": 515139, ""device_id"": ""ESP32:N4_BASE_BT_1"", ""xbee_enabled"": true, ""waiting_for_data"": true, ""kalman_data"": {""altitude"": 0, ""vertical_velocity"": 0}, ""kalman_altitude"": 0, ""kalman_vertical_velocity"": 0, ""communication_mode"": ""BEACON""}"
1768846492.995203,2026-01-19T21:14:52.995203,,,,,,,,,,,,,,,,,,,,,,,,,,BEACON,"{""type"": ""heartbeat"", ""uptime"": 515652, ""device_id"": ""ESP32:N4_BASE_BT_1"", ""xbee_enabled"": true, ""waiting_for_data"": true, ""kalman_data"": {""altitude"": 0, ""vertical_velocity"": 0}, ""kalman_altitude"": 0, ""kalman_vertical_velocity"": 0, ""communication_mode"": ""BEACON""}"
1768846493.919384,2026-01-19T21:14:53.919384,,,,,,,,,,,,,,,,,,,,,,,,,,BEACON,"{""type"": ""heartbeat"", ""uptime"": 516165, ""device_id"": ""ESP32:N4_BASE_BT_1"", ""xbee_enabled"": true, ""waiting_for_data"": true, ""kalman_data"": {""altitude"": 0, ""vertical_velocity"": 0}, ""kalman_altitude"": 0, ""kalman_vertical_velocity"": 0, ""communication_mode"": ""BEACON""}"
1768846494.496392,2026-01-19T21:14:54.496392,,,,,,,,,,,,,,,,,,,,,,,,,,BEACON,"{""type"": ""heartbeat"", ""uptime"": 516678, ""device_id"": ""ESP32:N4_BASE_BT_1"", ""xbee_enabled"": true, ""waiting_for_data"": true, ""kalman_data"": {""altitude"": 0, ""vertical_velocity"": 0}, ""kalman_altitude"": 0, ""kalman_vertical_velocity"": 0, ""communication_mode"": ""BEACON""}"
1768846494.703938,2026-01-19T21:14:54.703938,,,,,,,,,,,,,,,,,,,,,,,,,,BEACON,"{""type"": ""heartbeat"", ""uptime"": 517191, ""device_id"": ""ESP32:N4_BASE_BT_1"", ""xbee_enabled"": true, ""waiting_for_data"": true, ""kalman_data"": {""altitude"": 0, ""vertical_velocity"": 0}, ""kalman_altitude"": 0, ""kalman_vertical_velocity"": 0, ""communication_mode"": ""BEACON""}"
1768846494.96813,2026-01-19T21:14:54.968130,,,,,,,,,,,,,,,,,,,,,,,,,,BEACON,"{""type"": ""heartbeat"", ""uptime"": 517704, ""device_id"": ""ESP32:N4_BASE_BT_1"", ""xbee_enabled"": true, ""waiting_for_data"": true, ""kalman_data"": {""altitude"": 0, ""vertical_velocity"": 0}, ""kalman_altitude"": 0, ""kalman_vertical_velocity"": 0, ""communication_mode"": ""BEACON""}"
1768846495.491168,2026-01-19T21:14:55.491168,,,,,,,,,,,,,,,,,,,,,,,,,,BEACON,"{""type"": ""heartbeat"", ""uptime"": 518217, ""device_id"": ""ESP32:N4_BASE_BT_1"", ""xbee_enabled"": true, ""waiting_for_data"": true, ""kalman_data"": {""altitude"": 0, ""vertical_velocity"": 0}, ""kalman_altitude"": 0, ""kalman_vertical_velocity"": 0, ""communication_mode"": ""BEACON""}"
1768846496.844068,2026-01-19T21:14:56.844068,,,,,,,,,,,,,,,,,,,,,,,,,,BEACON,"{""type"": ""heartbeat"", ""uptime"": 518730, ""device_id"": ""ESP32:N4_BASE_BT_1"", ""xbee_enabled"": true, ""waiting_for_data"": true, ""kalman_data"": {""altitude"": 0, ""vertical_velocity"": 0}, ""kalman_altitude"": 0, ""kalman_vertical_velocity"": 0, ""communication_mode"": ""BEACON""}"
1768846497.137096,2026-01-19T21:14:57.137096,,,,,,,,,,,,,,,,,,,,,,,,,,BEACON,"{""type"": ""heartbeat"", ""uptime"": 519243, ""device_id"": ""ESP32:N4_BASE_BT_1"", ""xbee_enabled"": true, ""waiting_for_data"": true, ""kalman_data"": {""altitude"": 0, ""vertical_velocity"": 0}, ""kalman_altitude"": 0, ""kalman_vertical_velocity"": 0, ""communication_mode"": ""BEACON""}"
1768846497.250334,2026-01-19T21:14:57.250334,,,,,,,,,,,,,,,,,,,,,,,,,,BEACON,"{""type"": ""heartbeat"", ""uptime"": 519756, ""device_id"": ""ESP32:N4_BASE_BT_1"", ""xbee_enabled"": true, ""waiting_for_data"": true, ""kalman_data"": {""altitude"": 0, ""vertical_velocity"": 0}, ""kalman_altitude"": 0, ""kalman_vertical_velocity"": 0, ""communication_mode"": ""BEACON""}"
1768846497.665284,2026-01-19T21:14:57.665284,,,,,,,,,,,,,,,,,,,,,,,,,,BEACON,"{""type"": ""heartbeat"", ""uptime"": 520269, ""device_id"": ""ESP32:N4_BASE_BT_1"", ""xbee_enabled"": true, ""waiting_for_data"": true, ""kalman_data"": {""altitude"": 0, ""vertical_velocity"": 0}, ""kalman_altitude"": 0, ""kalman_vertical_velocity"": 0, ""communication_mode"": ""BEACON""}"
1768846498.332107,2026-01-19T21:14:58.332107,,,,,,,,,,,,,,,,,,,,,,,,,,BEACON,"{""type"": ""heartbeat"", ""uptime"": 520782, ""device_id"": ""ESP32:N4_BASE_BT_1"", ""xbee_enabled"": true, ""waiting_for_data"": true, ""kalman_data"": {""altitude"": 0, ""vertical_velocity"": 0}, ""kalman_altitude"": 0, ""kalman_vertical_velocity"": 0, ""communication_mode"": ""BEACON""}"
1768846498.717148,2026-01-19T21:14:58.717148,,,,,,,,,,,,,,,,,,,,,,,,,,BEACON,"{""type"": ""heartbeat"", ""uptime"": 521295, ""device_id"": ""ESP32:N4_BASE_BT_1"", ""xbee_enabled"": true, ""waiting_for_data"": true, ""kalman_data"": {""altitude"": 0, ""vertical_velocity"": 0}, ""kalman_altitude"": 0, ""kalman_vertical_velocity"": 0, ""communication_mode"": ""BEACON""}"
1768846499.186367,2026-01-19T21:14:59.186367,,,,,,,,,,,,,,,,,,,,,,,,,,BEACON,"{""type"": ""heartbeat"", ""uptime"": 521808, ""device_id"": ""ESP32:N4_BASE_BT_1"", ""xbee_enabled"": true, ""waiting_for_data"": true, ""kalman_data"": {""altitude"": 0, ""vertical_velocity"": 0}, ""kalman_altitude"": 0, ""kalman_vertical_velocity"": 0, ""communication_mode"": ""BEACON""}"
1768846499.801513,2026-01-19T21:14:59.801513,,,,,,,,,,,,,,,,,,,,,,,,,,BEACON,"{""type"": ""heartbeat"", ""uptime"": 522321, ""device_id"": ""ESP32:N4_BASE_BT_1"", ""xbee_enabled"": true, ""waiting_for_data"": true, ""kalman_data"": {""altitude"": 0, ""vertical_velocity"": 0}, ""kalman_altitude"": 0, ""kalman_vertical_velocity"": 0, ""communication_mode"": ""BEACON""}"
1768846500.484239,2026-01-19T21:15:00.484239,,,,,,,,,,,,,,,,,,,,,,,,,,BEACON,"{""type"": ""heartbeat"", ""uptime"": 522834, ""device_id"": ""ESP32:N4_BASE_BT_1"", ""xbee_enabled"": true, ""waiting_for_data"": true, ""kalman_data"": {""altitude"": 0, ""vertical_velocity"": 0}, ""kalman_altitude"": 0, ""kalman_vertical_velocity"": 0, ""communication_mode"": ""BEACON""}"
1768846500.751819,2026-01-19T21:15:00.751819,,,,,,,,,,,,,,,,,,,,,,,,,,BEACON,"{""type"": ""heartbeat"", ""uptime"": 523347, ""device_id"": ""ESP32:N4_BASE_BT_1"", ""xbee_enabled"": true, ""waiting_for_data"": true, ""kalman_data"": {""altitude"": 0, ""vertical_velocity"": 0}, ""kalman_altitude"": 0, ""kalman_vertical_velocity"": 0, ""communication_mode"": ""BEACON""}"
1768846501.468108,2026-01-19T21:15:01.468108,,,,,,,,,,,,,,,,,,,,,,,,,,BEACON,"{""type"": ""heartbeat"", ""uptime"": 523860, ""device_id"": ""ESP32:N4_BASE_BT_1"", ""xbee_enabled"": true, ""waiting_for_data"": true, ""kalman_data"": {""altitude"": 0, ""vertical_velocity"": 0}, ""kalman_altitude"": 0, ""kalman_vertical_velocity"": 0, ""communication_mode"": ""BEACON""}"
1768846501.917131,2026-01-19T21:15:01.917131,,,,,,,,,,,,,,,,,,,,,,,,,,BEACON,"{""type"": ""heartbeat"", ""uptime"": 524373, ""device_id"": ""ESP32:N4_BASE_BT_1"", ""xbee_enabled"": true, ""waiting_for_data"": true, ""kalman_data"": {""altitude"": 0, ""vertical_velocity"": 0}, ""kalman_altitude"": 0, ""kalman_vertical_velocity"": 0, ""communication_mode"": ""BEACON""}"
1768846502.219496,2026-01-19T21:15:02.219496,,,,,,,,,,,,,,,,,,,,,,,,,,BEACON,"{""type"": ""heartbeat"", ""uptime"": 524886, ""device_id"": ""ESP32:N4_BASE_BT_1"", ""xbee_enabled"": true, ""waiting_for_data"": true, ""kalman_data"": {""altitude"": 0, ""vertical_velocity"": 0}, ""kalman_altitude"": 0, ""kalman_vertical_velocity"": 0, ""communication_mode"": ""BEACON""}"
1768846502.668551,2026-01-19T21:15:02.668551,,,,,,,,,,,,,,,,,,,,,,,,,,BEACON,"{""type"": ""heartbeat"", ""uptime"": 525399, ""device_id"": ""ESP32:N4_BASE_BT_1"", ""xbee_enabled"": true, ""waiting_for_data"": true, ""kalman_data"": {""altitude"": 0, ""vertical_velocity"": 0}, ""kalman_altitude"": 0, ""kalman_vertical_velocity"": 0, ""communication_mode"": ""BEACON""}"
1768846503.557331,2026-01-19T21:15:03.557331,,,,,,,,,,,,,,,,,,,,,,,,,,BEACON,"{""type"": ""heartbeat"", ""uptime"": 525912, ""device_id"": ""ESP32:N4_BASE_BT_1"", ""xbee_enabled"": true, ""waiting_for_data"": true, ""kalman_data"": {""altitude"": 0, ""vertical_velocity"": 0}, ""kalman_altitude"": 0, ""kalman_vertical_velocity"": 0, ""communication_mode"": ""BEACON""}"
1768846503.679944,2026-01-19T21:15:03.679944,,,,,,,,,,,,,,,,,,,,,,,,,,BEACON,"{""type"": ""heartbeat"", ""uptime"": 526425, ""device_id"": ""ESP32:N4_BASE_BT_1"", ""xbee_enabled"": true, ""waiting_for_data"": true, ""kalman_data"": {""altitude"": 0, ""vertical_velocity"": 0}, ""kalman_altitude"": 0, ""kalman_vertical_velocity"": 0, ""communication_mode"": ""BEACON""}"
1768846504.484333,2026-01-19T21:15:04.484333,,,,,,,,,,,,,,,,,,,,,,,,,,BEACON,"{""type"": ""heartbeat"", ""uptime"": 526938, ""device_id"": ""ESP32:N4_BASE_BT_1"", ""xbee_enabled"": true, ""waiting_for_data"": true, ""kalman_data"": {""altitude"": 0, ""vertical_velocity"": 0}, ""kalman_altitude"": 0, ""kalman_vertical_velocity"": 0, ""communication_mode"": ""BEACON""}"
1768846506.049455,2026-01-19T21:15:06.049455,,,,,,,,,,,,,,,,,,,,,,,,,,BEACON,"{""type"": ""heartbeat"", ""uptime"": 527451, ""device_id"": ""ESP32:N4_BASE_BT_1"", ""xbee_enabled"": true, ""waiting_for_data"": true, ""kalman_data"": {""altitude"": 0, ""vertical_velocity"": 0}, ""kalman_altitude"": 0, ""kalman_vertical_velocity"": 0, ""communication_mode"": ""BEACON""}"
1768846506.469235,2026-01-19T21:15:06.469235,,,,,,,,,,,,,,,,,,,,,,,,,,BEACON,"{""type"": ""heartbeat"", ""uptime"": 527964, ""device_id"": ""ESP32:N4_BASE_BT_1"", ""xbee_enabled"": true, ""waiting_for_data"": true, ""kalman_data"": {""altitude"": 0, ""vertical_velocity"": 0}, ""kalman_altitude"": 0, ""kalman_vertical_velocity"": 0, ""communication_mode"": ""BEACON""}"
1768846506.846324,2026-01-19T21:15:06.846324,,,,,,,,,,,,,,,,,,,,,,,,,,BEACON,"{""type"": ""heartbeat"", ""uptime"": 528477, ""device_id"": ""ESP32:N4_BASE_BT_1"", ""xbee_enabled"": true, ""waiting_for_data"": true, ""kalman_data"": {""altitude"": 0, ""vertical_velocity"": 0}, ""kalman_altitude"": 0, ""kalman_vertical_velocity"": 0, ""communication_mode"": ""BEACON""}"
1768846507.185302,2026-01-19T21:15:07.185302,,,,,,,,,,,,,,,,,,,,,,,,,,BEACON,"{""type"": ""heartbeat"", ""uptime"": 528990, ""device_id"": ""ESP32:N4_BASE_BT_1"", ""xbee_enabled"": true, ""waiting_for_data"": true, ""kalman_data"": {""altitude"": 0, ""vertical_velocity"": 0}, ""kalman_altitude"": 0, ""kalman_vertical_velocity"": 0, ""communication_mode"": ""BEACON""}"
1768846507.485575,2026-01-19T21:15:07.485575,,,,,,,,,,,,,,,,,,,,,,,,,,BEACON,"{""type"": ""heartbeat"", ""uptime"": 529503, ""device_id"": ""ESP32:N4_BASE_BT_1"", ""xbee_enabled"": true, ""waiting_for_data"": true, ""kalman_data"": {""altitude"": 0, ""vertical_velocity"": 0}, ""kalman_altitude"": 0, ""kalman_vertical_velocity"": 0, ""communication_mode"": ""BEACON""}"
1768846507.874204,2026-01-19T21:15:07.874204,,,,,,,,,,,,,,,,,,,,,,,,,,BEACON,"{""type"": ""heartbeat"", ""uptime"": 530016, ""device_id"": ""ESP32:N4_BASE_BT_1"", ""xbee_enabled"": true, ""waiting_for_data"": true, ""kalman_data"": {""altitude"": 0, ""vertical_velocity"": 0}, ""kalman_altitude"": 0, ""kalman_vertical_velocity"": 0, ""communication_mode"": ""BEACON""}"
1768846508.213044,2026-01-19T21:15:08.213044,,,,,,,,,,,,,,,,,,,,,,,,,,BEACON,"{""type"": ""heartbeat"", ""uptime"": 530529, ""device_id"": ""ESP32:N4_BASE_BT_1"", ""xbee_enabled"": true, ""waiting_for_data"": true, ""kalman_data"": {""altitude"": 0, ""vertical_velocity"": 0}, ""kalman_altitude"": 0, ""kalman_vertical_velocity"": 0, ""communication_mode"": ""BEACON""}"
1768846508.498692,2026-01-19T21:15:08.498692,,,,,,,,,,,,,,,,,,,,,,,,,,BEACON,"{""type"": ""heartbeat"", ""uptime"": 531042, ""device_id"": ""ESP32:N4_BASE_BT_1"", ""xbee_enabled"": true, ""waiting_for_data"": true, ""kalman_data"": {""altitude"": 0, ""vertical_velocity"": 0}, ""kalman_altitude"": 0, ""kalman_vertical_velocity"": 0, ""communication_mode"": ""BEACON""}"
1768846509.867364,2026-01-19T21:15:09.867364,,,,,,,,,,,,,,,,,,,,,,,,,,BEACON,"{""type"": ""heartbeat"", ""uptime"": 531555, ""device_id"": ""ESP32:N4_BASE_BT_1"", ""xbee_enabled"": true, ""waiting_for_data"": true, ""kalman_data"": {""altitude"": 0, ""vertical_velocity"": 0}, ""kalman_altitude"": 0, ""kalman_vertical_velocity"": 0, ""communication_mode"": ""BEACON""}"
1768846510.686208,2026-01-19T21:15:10.686208,,,,,,,,,,,,,,,,,,,,,,,,,,BEACON,"{""type"": ""heartbeat"", ""uptime"": 532068, ""device_id"": ""ESP32:N4_BASE_BT_1"", ""xbee_enabled"": true, ""waiting_for_data"": true, ""kalman_data"": {""altitude"": 0, ""vertical_velocity"": 0}, ""kalman_altitude"": 0, ""kalman_vertical_velocity"": 0, ""communication_mode"": ""BEACON""}"
1768846510.963513,2026-01-19T21:15:10.963513,,,,,,,,,,,,,,,,,,,,,,,,,,BEACON,"{""type"": ""heartbeat"", ""uptime"": 532581, ""device_id"": ""ESP32:N4_BASE_BT_1"", ""xbee_enabled"": true, ""waiting_for_data"": true, ""kalman_data"": {""altitude"": 0, ""vertical_velocity"": 0}, ""kalman_altitude"": 0, ""kalman_vertical_velocity"": 0, ""communication_mode"": ""BEACON""}"
1768846511.284501,2026-01-19T21:15:11.284501,,,,,,,,,,,,,,,,,,,,,,,,,,BEACON,"{""type"": ""heartbeat"", ""uptime"": 533094, ""device_id"": ""ESP32:N4_BASE_BT_1"", ""xbee_enabled"": true, ""waiting_for_data"": true, ""kalman_data"": {""altitude"": 0, ""vertical_velocity"": 0}, ""kalman_altitude"": 0, ""kalman_vertical_velocity"": 0, ""communication_mode"": ""BEACON""}"
1768846511.506677,2026-01-19T21:15:11.506677,,,,,,,,,,,,,,,,,,,,,,,,,,BEACON,"{""type"": ""heartbeat"", ""uptime"": 533607, ""device_id"": ""ESP32:N4_BASE_BT_1"", ""xbee_enabled"": true, ""waiting_for_data"": true, ""kalman_data"": {""altitude"": 0, ""vertical_velocity"": 0}, ""kalman_altitude"": 0, ""kalman_vertical_velocity"": 0, ""communication_mode"": ""BEACON""}"
1768846511.667281,2026-01-19T21:15:11.667281,,,,,,,,,,,,,,,,,,,,,,,,,,BEACON,"{""type"": ""heartbeat"", ""uptime"": 534120, ""device_id"": ""ESP32:N4_BASE_BT_1"", ""xbee_enabled"": true, ""waiting_for_data"": true, ""kalman_data"": {""altitude"": 0, ""vertical_velocity"": 0}, ""kalman_altitude"": 0, ""kalman_vertical_velocity"": 0, ""communication_mode"": ""BEACON""}"
1768846512.260351,2026-01-19T21:15:12.260351,,,,,,,,,,,,,,,,,,,,,,,,,,BEACON,"{""type"": ""heartbeat"", ""uptime"": 534633, ""device_id"": ""ESP32:N4_BASE_BT_1"", ""xbee_enabled"": true, ""waiting_for_data"": true, ""kalman_data"": {""altitude"": 0, ""vertical_velocity"": 0}, ""kalman_altitude"": 0, ""kalman_vertical_velocity"": 0, ""communication_mode"": ""BEACON""}"
1768846512.817506,2026-01-19T21:15:12.817506,,,,,,,,,,,,,,,,,,,,,,,,,,BEACON,"{""type"": ""heartbeat"", ""uptime"": 535146, ""device_id"": ""ESP32:N4_BASE_BT_1"", ""xbee_enabled"": true, ""waiting_for_data"": true, ""kalman_data"": {""altitude"": 0, ""vertical_velocity"": 0}, ""kalman_altitude"": 0, ""kalman_vertical_velocity"": 0, ""communication_mode"": ""BEACON""}"
1768846523.62647,2026-01-19T21:15:23.626470,,,,,,,,,,,,,,,,,,,,,,,,,,BEACON,"{""type"": ""heartbeat"", ""uptime"": 535659, ""device_id"": ""ESP32:N4_BASE_BT_1"", ""xbee_enabled"": true, ""waiting_for_data"": true, ""kalman_data"": {""altitude"": 0, ""vertical_velocity"": 0}, ""kalman_altitude"": 0, ""kalman_vertical_velocity"": 0, ""communication_mode"": ""BEACON""}"
1768846524.767069,2026-01-19T21:15:24.767069,,,,,,,,,,,,,,,,,,,,,,,,,,BEACON,"{""type"": ""heartbeat"", ""uptime"": 536172, ""device_id"": ""ESP32:N4_BASE_BT_1"", ""xbee_enabled"": true, ""waiting_for_data"": true, ""kalman_data"": {""altitude"": 0, ""vertical_velocity"": 0}, ""kalman_altitude"": 0, ""kalman_vertical_velocity"": 0, ""communication_mode"": ""BEACON""}"
1768846524.857071,2026-01-19T21:15:24.857071,,,,,,,,,,,,,,,,,,,,,,,,,,BEACON,"{""type"": ""heartbeat"", ""uptime"": 536685, ""device_id"": ""ESP32:N4_BASE_BT_1"", ""xbee_enabled"": true, ""waiting_for_data"": true, ""kalman_data"": {""altitude"": 0, ""vertical_velocity"": 0}, ""kalman_altitude"": 0, ""kalman_vertical_velocity"": 0, ""communication_mode"": ""BEACON""}"
1768846524.91718,2026-01-19T21:15:24.917180,,,,,,,,,,,,,,,,,,,,,,,,,,BEACON,"{""type"": ""heartbeat"", ""uptime"": 537198, ""device_id"": ""ESP32:N4_BASE_BT_1"", ""xbee_enabled"": true, ""waiting_for_data"": true, ""kalman_data"": {""altitude"": 0, ""vertical_velocity"": 0}, ""kalman_altitude"": 0, ""kalman_vertical_velocity"": 0, ""communication_mode"": ""BEACON""}"
1768846525.013359,2026-01-19T21:15:25.013359,,,,,,,,,,,,,,,,,,,,,,,,,,BEACON,"{""type"": ""heartbeat"", ""uptime"": 537711, ""device_id"": ""ESP32:N4_BASE_BT_1"", ""xbee_enabled"": true, ""waiting_for_data"": true, ""kalman_data"": {""altitude"": 0, ""vertical_velocity"": 0}, ""kalman_altitude"": 0, ""kalman_vertical_velocity"": 0, ""communication_mode"": ""BEACON""}"
1768846525.071856,2026-01-19T21:15:25.071856,,,,,,,,,,,,,,,,,,,,,,,,,,BEACON,"{""type"": ""heartbeat"", ""uptime"": 538224, ""device_id"": ""ESP32:N4_BASE_BT_1"", ""xbee_enabled"": true, ""waiting_for_data"": true, ""kalman_data"": {""altitude"": 0, ""vertical_velocity"": 0}, ""kalman_altitude"": 0, ""kalman_vertical_velocity"": 0, ""communication_mode"": ""BEACON""}"
1768846525.130369,2026-01-19T21:15:25.130369,,,,,,,,,,,,,,,,,,,,,,,,,,BEACON,"{""type"": ""heartbeat"", ""uptime"": 538737, ""device_id"": ""ESP32:N4_BASE_BT_1"", ""xbee_enabled"": true, ""waiting_for_data"": true, ""kalman_data"": {""altitude"": 0, ""vertical_velocity"": 0}, ""kalman_altitude"": 0, ""kalman_vertical_velocity"": 0, ""communication_mode"": ""BEACON""}"
1768846525.226002,2026-01-19T21:15:25.226002,,,,,,,,,,,,,,,,,,,,,,,,,,BEACON,"{""type"": ""heartbeat"", ""uptime"": 539250, ""device_id"": ""ESP32:N4_BASE_BT_1"", ""xbee_enabled"": true, ""waiting_for_data"": true, ""kalman_data"": {""altitude"": 0, ""vertical_velocity"": 0}, ""kalman_altitude"": 0, ""kalman_vertical_velocity"": 0, ""communication_mode"": ""BEACON""}"
1768846525.275524,2026-01-19T21:15:25.275524,,,,,,,,,,,,,,,,,,,,,,,,,,BEACON,"{""type"": ""heartbeat"", ""uptime"": 539763, ""device_id"": ""ESP32:N4_BASE_BT_1"", ""xbee_enabled"": true, ""waiting_for_data"": true, ""kalman_data"": {""altitude"": 0, ""vertical_velocity"": 0}, ""kalman_altitude"": 0, ""kalman_vertical_velocity"": 0, ""communication_mode"": ""BEACON""}"
1768846525.317525,2026-01-19T21:15:25.317525,,,,,,,,,,,,,,,,,,,,,,,,,,BEACON,"{""type"": ""heartbeat"", ""uptime"": 540276, ""device_id"": ""ESP32:N4_BASE_BT_1"", ""xbee_enabled"": true, ""waiting_for_data"": true, ""kalman_data"": {""altitude"": 0, ""vertical_velocity"": 0}, ""kalman_altitude"": 0, ""kalman_vertical_velocity"": 0, ""communication_mode"": ""BEACON""}"
1768846525.348526,2026-01-19T21:15:25.348526,,,,,,,,,,,,,,,,,,,,,,,,,,BEACON,"{""type"": ""heartbeat"", ""uptime"": 540789, ""device_id"": ""ESP32:N4_BASE_BT_1"", ""xbee_enabled"": true, ""waiting_for_data"": true, ""kalman_data"": {""altitude"": 0, ""vertical_velocity"": 0}, ""kalman_altitude"": 0, ""kalman_vertical_velocity"": 0, ""communication_mode"": ""BEACON""}"
1768846525.394855,2026-01-19T21:15:25.394855,,,,,,,,,,,,,,,,,,,,,,,,,,BEACON,"{""type"": ""heartbeat"", ""uptime"": 541302, ""device_id"": ""ESP32:N4_BASE_BT_1"", ""xbee_enabled"": true, ""waiting_for_data"": true, ""kalman_data"": {""altitude"": 0, ""vertical_velocity"": 0}, ""kalman_altitude"": 0, ""kalman_vertical_velocity"": 0, ""communication_mode"": ""BEACON""}"
1768846525.459899,2026-01-19T21:15:25.459899,,,,,,,,,,,,,,,,,,,,,,,,,,BEACON,"{""type"": ""heartbeat"", ""uptime"": 541815, ""device_id"": ""ESP32:N4_BASE_BT_1"", ""xbee_enabled"": true, ""waiting_for_data"": true, ""kalman_data"": {""altitude"": 0, ""vertical_velocity"": 0}, ""kalman_altitude"": 0, ""kalman_vertical_velocity"": 0, ""communication_mode"": ""BEACON""}"
1768846525.497904,2026-01-19T21:15:25.497904,,,,,,,,,,,,,,,,,,,,,,,,,,BEACON,"{""type"": ""heartbeat"", ""uptime"": 542328, ""device_id"": ""ESP32:N4_BASE_BT_1"", ""xbee_enabled"": true, ""waiting_for_data"": true, ""kalman_data"": {""altitude"": 0, ""vertical_velocity"": 0}, ""kalman_altitude"": 0, ""kalman_vertical_velocity"": 0, ""communication_mode"": ""BEACON""}"
1768846525.542899,2026-01-19T21:15:25.542899,,,,,,,,,,,,,,,,,,,,,,,,,,BEACON,"{""type"": ""heartbeat"", ""uptime"": 542841, ""device_id"": ""ESP32:N4_BASE_BT_1"", ""xbee_enabled"": true, ""waiting_for_data"": true, ""kalman_data"": {""altitude"": 0, ""vertical_velocity"": 0}, ""kalman_altitude"": 0, ""kalman_vertical_velocity"": 0, ""communication_mode"": ""BEACON""}"
1768846525.56692,2026-01-19T21:15:25.566920,,,,,,,,,,,,,,,,,,,,,,,,,,BEACON,"{""type"": ""heartbeat"", ""uptime"": 543354, ""device_id"": ""ESP32:N4_BASE_BT_1"", ""xbee_enabled"": true, ""waiting_for_data"": true, ""kalman_data"": {""altitude"": 0, ""vertical_velocity"": 0}, ""kalman_altitude"": 0, ""kalman_vertical_velocity"": 0, ""communication_mode"": ""BEACON""}"
1768846525.59996,2026-01-19T21:15:25.599960,,,,,,,,,,,,,,,,,,,,,,,,,,BEACON,"{""type"": ""heartbeat"", ""uptime"": 543867, ""device_id"": ""ESP32:N4_BASE_BT_1"", ""xbee_enabled"": true, ""waiting_for_data"": true, ""kalman_data"": {""altitude"": 0, ""vertical_velocity"": 0}, ""kalman_altitude"": 0, ""kalman_vertical_velocity"": 0, ""communication_mode"": ""BEACON""}"
1768846525.633964,2026-01-19T21:15:25.633964,,,,,,,,,,,,,,,,,,,,,,,,,,BEACON,"{""type"": ""heartbeat"", ""uptime"": 544380, ""device_id"": ""ESP32:N4_BASE_BT_1"", ""xbee_enabled"": true, ""waiting_for_data"": true, ""kalman_data"": {""altitude"": 0, ""vertical_velocity"": 0}, ""kalman_altitude"": 0, ""kalman_vertical_velocity"": 0, ""communication_mode"": ""BEACON""}"
1768846525.650963,2026-01-19T21:15:25.650963,,,,,,,,,,,,,,,,,,,,,,,,,,BEACON,"{""type"": ""heartbeat"", ""uptime"": 544893, ""device_id"": ""ESP32:N4_BASE_BT_1"", ""xbee_enabled"": true, ""waiting_for_data"": true, ""kalman_data"": {""altitude"": 0, ""vertical_velocity"": 0}, ""kalman_altitude"": 0, ""kalman_vertical_velocity"": 0, ""communication_mode"": ""BEACON""}"
1768846525.676963,2026-01-19T21:15:25.676963,,,,,,,,,,,,,,,,,,,,,,,,,,BEACON,"{""type"": ""heartbeat"", ""uptime"": 545406, ""device_id"": ""ESP32:N4_BASE_BT_1"", ""xbee_enabled"": true, ""waiting_for_data"": true, ""kalman_data"": {""altitude"": 0, ""vertical_velocity"": 0}, ""kalman_altitude"": 0, ""kalman_vertical_velocity"": 0, ""communication_mode"": ""BEACON""}"
1768846525.716487,2026-01-19T21:15:25.716487,,,,,,,,,,,,,,,,,,,,,,,,,,BEACON,"{""type"": ""heartbeat"", ""uptime"": 545919, ""device_id"": ""ESP32:N4_BASE_BT_1"", ""xbee_enabled"": true, ""waiting_for_data"": true, ""kalman_data"": {""altitude"": 0, ""vertical_velocity"": 0}, ""kalman_altitude"": 0, ""kalman_vertical_velocity"": 0, ""communication_mode"": ""BEACON""}"
1768846525.797774,2026-01-19T21:15:25.797774,,,,,,,,,,,,,,,,,,,,,,,,,,BEACON,"{""type"": ""heartbeat"", ""uptime"": 546432, ""device_id"": ""ESP32:N4_BASE_BT_1"", ""xbee_enabled"": true, ""waiting_for_data"": true, ""kalman_data"": {""altitude"": 0, ""vertical_velocity"": 0}, ""kalman_altitude"": 0, ""kalman_vertical_velocity"": 0, ""communication_mode"": ""BEACON""}"
1768846525.84409,2026-01-19T21:15:25.844090,,,,,,,,,,,,,,,,,,,,,,,,,,BEACON,"{""type"": ""heartbeat"", ""uptime"": 546945, ""device_id"": ""ESP32:N4_BASE_BT_1"", ""xbee_enabled"": true, ""waiting_for_data"": true, ""kalman_data"": {""altitude"": 0, ""vertical_velocity"": 0}, ""kalman_altitude"": 0, ""kalman_vertical_velocity"": 0, ""communication_mode"": ""BEACON""}"
1768846525.883444,2026-01-19T21:15:25.883444,,,,,,,,,,,,,,,,,,,,,,,,,,BEACON,"{""type"": ""heartbeat"", ""uptime"": 547458, ""device_id"": ""ESP32:N4_BASE_BT_1"", ""xbee_enabled"": true, ""waiting_for_data"": true, ""kalman_data"": {""altitude"": 0, ""vertical_velocity"": 0}, ""kalman_altitude"": 0, ""kalman_vertical_velocity"": 0, ""communication_mode"": ""BEACON""}"
1768846525.950441,2026-01-19T21:15:25.950441,,,,,,,,,,,,,,,,,,,,,,,,,,BEACON,"{""type"": ""heartbeat"", ""uptime"": 547971, ""device_id"": ""ESP32:N4_BASE_BT_1"", ""xbee_enabled"": true, ""waiting_for_data"": true, ""kalman_data"": {""altitude"": 0, ""vertical_velocity"": 0}, ""kalman_altitude"": 0, ""kalman_vertical_velocity"": 0, ""communication_mode"": ""BEACON""}"
1768846526.00044,2026-01-19T21:15:26.000440,,,,,,,,,,,,,,,,,,,,,,,,,,BEACON,"{""type"": ""heartbeat"", ""uptime"": 548484, ""device_id"": ""ESP32:N4_BASE_BT_1"", ""xbee_enabled"": true, ""waiting_for_data"": true, ""kalman_data"": {""altitude"": 0, ""vertical_velocity"": 0}, ""kalman_altitude"": 0, ""kalman_vertical_velocity"": 0, ""communication_mode"": ""BEACON""}"
1768846526.296375,2026-01-19T21:15:26.296375,,,,,,,,,,,,,,,,,,,,,,,,,,BEACON,"{""type"": ""heartbeat"", ""uptime"": 548997, ""device_id"": ""ESP32:N4_BASE_BT_1"", ""xbee_enabled"": true, ""waiting_for_data"": true, ""kalman_data"": {""altitude"": 0, ""vertical_velocity"": 0}, ""kalman_altitude"": 0, ""kalman_vertical_velocity"": 0, ""communication_mode"": ""BEACON""}"
1768846526.769948,2026-01-19T21:15:26.769948,,,,,,,,,,,,,,,,,,,,,,,,,,BEACON,"{""type"": ""heartbeat"", ""uptime"": 549510, ""device_id"": ""ESP32:N4_BASE_BT_1"", ""xbee_enabled"": true, ""waiting_for_data"": true, ""kalman_data"": {""altitude"": 0, ""vertical_velocity"": 0}, ""kalman_altitude"": 0, ""kalman_vertical_velocity"": 0, ""communication_mode"": ""BEACON""}"
1768846527.46728,2026-01-19T21:15:27.467280,,,,,,,,,,,,,,,,,,,,,,,,,,BEACON,"{""type"": ""heartbeat"", ""uptime"": 550023, ""device_id"": ""ESP32:N4_BASE_BT_1"", ""xbee_enabled"": true, ""waiting_for_data"": true, ""kalman_data"": {""altitude"": 0, ""vertical_velocity"": 0}, ""kalman_altitude"": 0, ""kalman_vertical_velocity"": 0, ""communication_mode"": ""BEACON""}"
1768846527.923803,2026-01-19T21:15:27.923803,,,,,,,,,,,,,,,,,,,,,,,,,,BEACON,"{""type"": ""heartbeat"", ""uptime"": 550536, ""device_id"": ""ESP32:N4_BASE_BT_1"", ""xbee_enabled"": true, ""waiting_for_data"": true, ""kalman_data"": {""altitude"": 0, ""vertical_velocity"": 0}, ""kalman_altitude"": 0, ""kalman_vertical_velocity"": 0, ""communication_mode"": ""BEACON""}"
1768846528.376133,2026-01-19T21:15:28.376133,,,,,,,,,,,,,,,,,,,,,,,,,,BEACON,"{""type"": ""heartbeat"", ""uptime"": 551049, ""device_id"": ""ESP32:N4_BASE_BT_1"", ""xbee_enabled"": true, ""waiting_for_data"": true, ""kalman_data"": {""altitude"": 0, ""vertical_velocity"": 0}, ""kalman_altitude"": 0, ""kalman_vertical_velocity"": 0, ""communication_mode"": ""BEACON""}"
1768846529.031291,2026-01-19T21:15:29.031291,,,,,,,,,,,,,,,,,,,,,,,,,,BEACON,"{""type"": ""heartbeat"", ""uptime"": 551582, ""device_id"": ""ESP32:N4_BASE_BT_1"", ""xbee_enabled"": true, ""waiting_for_data"": true, ""kalman_data"": {""altitude"": 0, ""vertical_velocity"": 0}, ""kalman_altitude"": 0, ""kalman_vertical_velocity"": 0, ""communication_mode"": ""BEACON""}"
1768846529.398882,2026-01-19T21:15:29.398882,,,,,,,,,,,,,,,,,,,,,,,,,,BEACON,"{""type"": ""heartbeat"", ""uptime"": 552095, ""device_id"": ""ESP32:N4_BASE_BT_1"", ""xbee_enabled"": true, ""waiting_for_data"": true, ""kalman_data"": {""altitude"": 0, ""vertical_velocity"": 0}, ""kalman_altitude"": 0, ""kalman_vertical_velocity"": 0, ""communication_mode"": ""BEACON""}"
1768846529.943067,2026-01-19T21:15:29.943067,,,,,,,,,,,,,,,,,,,,,,,,,,BEACON,"{""type"": ""heartbeat"", ""uptime"": 552608, ""device_id"": ""ESP32:N4_BASE_BT_1"", ""xbee_enabled"": true, ""waiting_for_data"": true, ""kalman_data"": {""altitude"": 0, ""vertical_velocity"": 0}, ""kalman_altitude"": 0, ""kalman_vertical_velocity"": 0, ""communication_mode"": ""BEACON""}"
1768846530.910762,2026-01-19T21:15:30.910762,,,,,,,,,,,,,,,,,,,,,,,,,,BEACON,"{""type"": ""heartbeat"", ""uptime"": 553121, ""device_id"": ""ESP32:N4_BASE_BT_1"", ""xbee_enabled"": true, ""waiting_for_data"": true, ""kalman_data"": {""altitude"": 0, ""vertical_velocity"": 0}, ""kalman_altitude"": 0, ""kalman_vertical_velocity"": 0, ""communication_mode"": ""BEACON""}"
1768846530.998029,2026-01-19T21:15:30.998029,,,,,,,,,,,,,,,,,,,,,,,,,,BEACON,"{""type"": ""heartbeat"", ""uptime"": 553634, ""device_id"": ""ESP32:N4_BASE_BT_1"", ""xbee_enabled"": true, ""waiting_for_data"": true, ""kalman_data"": {""altitude"": 0, ""vertical_velocity"": 0}, ""kalman_altitude"": 0, ""kalman_vertical_velocity"": 0, ""communication_mode"": ""BEACON""}"
1768846531.40717,2026-01-19T21:15:31.407170,,,,,,,,,,,,,,,,,,,,,,,,,,BEACON,"{""type"": ""heartbeat"", ""uptime"": 554147, ""device_id"": ""ESP32:N4_BASE_BT_1"", ""xbee_enabled"": true, ""waiting_for_data"": true, ""kalman_data"": {""altitude"": 0, ""vertical_velocity"": 0}, ""kalman_altitude"": 0, ""kalman_vertical_velocity"": 0, ""communication_mode"": ""BEACON""}"
1768846531.923721,2026-01-19T21:15:31.923721,,,,,,,,,,,,,,,,,,,,,,,,,,BEACON,"{""type"": ""heartbeat"", ""uptime"": 554660, ""device_id"": ""ESP32:N4_BASE_BT_1"", ""xbee_enabled"": true, ""waiting_for_data"": true, ""kalman_data"": {""altitude"": 0, ""vertical_velocity"": 0}, ""kalman_altitude"": 0, ""kalman_vertical_velocity"": 0, ""communication_mode"": ""BEACON""}"
1768846532.457486,2026-01-19T21:15:32.457486,,,,,,,,,,,,,,,,,,,,,,,,,,BEACON,"{""type"": ""heartbeat"", ""uptime"": 555173, ""device_id"": ""ESP32:N4_BASE_BT_1"", ""xbee_enabled"": true, ""waiting_for_data"": true, ""kalman_data"": {""altitude"": 0, ""vertical_velocity"": 0}, ""kalman_altitude"": 0, ""kalman_vertical_velocity"": 0, ""communication_mode"": ""BEACON""}"
1768846532.94721,2026-01-19T21:15:32.947210,,,,,,,,,,,,,,,,,,,,,,,,,,BEACON,"{""type"": ""heartbeat"", ""uptime"": 555686, ""device_id"": ""ESP32:N4_BASE_BT_1"", ""xbee_enabled"": true, ""waiting_for_data"": true, ""kalman_data"": {""altitude"": 0, ""vertical_velocity"": 0}, ""kalman_altitude"": 0, ""kalman_vertical_velocity"": 0, ""communication_mode"": ""BEACON""}"
1768846533.554534,2026-01-19T21:15:33.554534,,,,,,,,,,,,,,,,,,,,,,,,,,BEACON,"{""type"": ""heartbeat"", ""uptime"": 556199, ""device_id"": ""ESP32:N4_BASE_BT_1"", ""xbee_enabled"": true, ""waiting_for_data"": true, ""kalman_data"": {""altitude"": 0, ""vertical_velocity"": 0}, ""kalman_altitude"": 0, ""kalman_vertical_velocity"": 0, ""communication_mode"": ""BEACON""}"
1768846534.032174,2026-01-19T21:15:34.032174,,,,,,,,,,,,,,,,,,,,,,,,,,BEACON,"{""type"": ""heartbeat"", ""uptime"": 556712, ""device_id"": ""ESP32:N4_BASE_BT_1"", ""xbee_enabled"": true, ""waiting_for_data"": true, ""kalman_data"": {""altitude"": 0, ""vertical_velocity"": 0}, ""kalman_altitude"": 0, ""kalman_vertical_velocity"": 0, ""communication_mode"": ""BEACON""}"
1768846534.498082,2026-01-19T21:15:34.498082,,,,,,,,,,,,,,,,,,,,,,,,,,BEACON,"{""type"": ""heartbeat"", ""uptime"": 557225, ""device_id"": ""ESP32:N4_BASE_BT_1"", ""xbee_enabled"": true, ""waiting_for_data"": true, ""kalman_data"": {""altitude"": 0, ""vertical_velocity"": 0}, ""kalman_altitude"": 0, ""kalman_vertical_velocity"": 0, ""communication_mode"": ""BEACON""}"
1768846535.000111,2026-01-19T21:15:35.000111,,,,,,,,,,,,,,,,,,,,,,,,,,BEACON,"{""type"": ""heartbeat"", ""uptime"": 557738, ""device_id"": ""ESP32:N4_BASE_BT_1"", ""xbee_enabled"": true, ""waiting_for_data"": true, ""kalman_data"": {""altitude"": 0, ""vertical_velocity"": 0}, ""kalman_altitude"": 0, ""kalman_vertical_velocity"": 0, ""communication_mode"": ""BEACON""}"
1768846535.490527,2026-01-19T21:15:35.490527,,,,,,,,,,,,,,,,,,,,,,,,,,BEACON,"{""type"": ""heartbeat"", ""uptime"": 558251, ""device_id"": ""ESP32:N4_BASE_BT_1"", ""xbee_enabled"": true, ""waiting_for_data"": true, ""kalman_data"": {""altitude"": 0, ""vertical_velocity"": 0}, ""kalman_altitude"": 0, ""kalman_vertical_velocity"": 0, ""communication_mode"": ""BEACON""}"
1768846536.48168,2026-01-19T21:15:36.481680,,,,,,,,,,,,,,,,,,,,,,,,,,BEACON,"{""type"": ""heartbeat"", ""uptime"": 558764, ""device_id"": ""ESP32:N4_BASE_BT_1"", ""xbee_enabled"": true, ""waiting_for_data"": true, ""kalman_data"": {""altitude"": 0, ""vertical_velocity"": 0}, ""kalman_altitude"": 0, ""kalman_vertical_velocity"": 0, ""communication_mode"": ""BEACON""}"
1768846536.576022,2026-01-19T21:15:36.576022,,,,,,,,,,,,,,,,,,,,,,,,,,BEACON,"{""type"": ""heartbeat"", ""uptime"": 559277, ""device_id"": ""ESP32:N4_BASE_BT_1"", ""xbee_enabled"": true, ""waiting_for_data"": true, ""kalman_data"": {""altitude"": 0, ""vertical_velocity"": 0}, ""kalman_altitude"": 0, ""kalman_vertical_velocity"": 0, ""communication_mode"": ""BEACON""}"
1768846537.073922,2026-01-19T21:15:37.073922,,,,,,,,,,,,,,,,,,,,,,,,,,BEACON,"{""type"": ""heartbeat"", ""uptime"": 559790, ""device_id"": ""ESP32:N4_BASE_BT_1"", ""xbee_enabled"": true, ""waiting_for_data"": true, ""kalman_data"": {""altitude"": 0, ""vertical_velocity"": 0}, ""kalman_altitude"": 0, ""kalman_vertical_velocity"": 0, ""communication_mode"": ""BEACON""}"
1768846537.78236,2026-01-19T21:15:37.782360,,,,,,,,,,,,,,,,,,,,,,,,,,BEACON,"{""type"": ""heartbeat"", ""uptime"": 560303, ""device_id"": ""ESP32:N4_BASE_BT_1"", ""xbee_enabled"": true, ""waiting_for_data"": true, ""kalman_data"": {""altitude"": 0, ""vertical_velocity"": 0}, ""kalman_altitude"": 0, ""kalman_vertical_velocity"": 0, ""communication_mode"": ""BEACON""}"
1768846538.059364,2026-01-19T21:15:38.059364,,,,,,,,,,,,,,,,,,,,,,,,,,BEACON,"{""type"": ""heartbeat"", ""uptime"": 560816, ""device_id"": ""ESP32:N4_BASE_BT_1"", ""xbee_enabled"": true, ""waiting_for_data"": true, ""kalman_data"": {""altitude"": 0, ""vertical_velocity"": 0}, ""kalman_altitude"": 0, ""kalman_vertical_velocity"": 0, ""communication_mode"": ""BEACON""}"
1768846538.72947,2026-01-19T21:15:38.729470,,,,,,,,,,,,,,,,,,,,,,,,,,BEACON,"{""type"": ""heartbeat"", ""uptime"": 561329, ""device_id"": ""ESP32:N4_BASE_BT_1"", ""xbee_enabled"": true, ""waiting_for_data"": true, ""kalman_data"": {""altitude"": 0, ""vertical_velocity"": 0}, ""kalman_altitude"": 0, ""kalman_vertical_velocity"": 0, ""communication_mode"": ""BEACON""}"
1768846539.594028,2026-01-19T21:15:39.594028,,,,,,,,,,,,,,,,,,,,,,,,,,BEACON,"{""type"": ""heartbeat"", ""uptime"": 561842, ""device_id"": ""ESP32:N4_BASE_BT_1"", ""xbee_enabled"": true, ""waiting_for_data"": true, ""kalman_data"": {""altitude"": 0, ""vertical_velocity"": 0}, ""kalman_altitude"": 0, ""kalman_vertical_velocity"": 0, ""communication_mode"": ""BEACON""}"
1768846539.874178,2026-01-19T21:15:39.874178,,,,,,,,,,,,,,,,,,,,,,,,,,BEACON,"{""type"": ""heartbeat"", ""uptime"": 562355, ""device_id"": ""ESP32:N4_BASE_BT_1"", ""xbee_enabled"": true, ""waiting_for_data"": true, ""kalman_data"": {""altitude"": 0, ""vertical_velocity"": 0}, ""kalman_altitude"": 0, ""kalman_vertical_velocity"": 0, ""communication_mode"": ""BEACON""}"
1768846540.129612,2026-01-19T21:15:40.129612,,,,,,,,,,,,,,,,,,,,,,,,,,BEACON,"{""type"": ""heartbeat"", ""uptime"": 562868, ""device_id"": ""ESP32:N4_BASE_BT_1"", ""xbee_enabled"": true, ""waiting_for_data"": true, ""kalman_data"": {""altitude"": 0, ""vertical_velocity"": 0}, ""kalman_altitude"": 0, ""kalman_vertical_velocity"": 0, ""communication_mode"": ""BEACON""}"
1768846540.745148,2026-01-19T21:15:40.745148,,,,,,,,,,,,,,,,,,,,,,,,,,BEACON,"{""type"": ""heartbeat"", ""uptime"": 563381, ""device_id"": ""ESP32:N4_BASE_BT_1"", ""xbee_enabled"": true, ""waiting_for_data"": true, ""kalman_data"": {""altitude"": 0, ""vertical_velocity"": 0}, ""kalman_altitude"": 0, ""kalman_vertical_velocity"": 0, ""communication_mode"": ""BEACON""}"
1768846541.167902,2026-01-19T21:15:41.167902,,,,,,,,,,,,,,,,,,,,,,,,,,BEACON,"{""type"": ""heartbeat"", ""uptime"": 563894, ""device_id"": ""ESP32:N4_BASE_BT_1"", ""xbee_enabled"": true, ""waiting_for_data"": true, ""kalman_data"": {""altitude"": 0, ""vertical_velocity"": 0}, ""kalman_altitude"": 0, ""kalman_vertical_velocity"": 0, ""communication_mode"": ""BEACON""}"
1768846541.71978,2026-01-19T21:15:41.719780,,,,,,,,,,,,,,,,,,,,,,,,,,BEACON,"{""type"": ""heartbeat"", ""uptime"": 564407, ""device_id"": ""ESP32:N4_BASE_BT_1"", ""xbee_enabled"": true, ""waiting_for_data"": true, ""kalman_data"": {""altitude"": 0, ""vertical_velocity"": 0}, ""kalman_altitude"": 0, ""kalman_vertical_velocity"": 0, ""communication_mode"": ""BEACON""}"
1768846542.453466,2026-01-19T21:15:42.453466,,,,,,,,,,,,,,,,,,,,,,,,,,BEACON,"{""type"": ""heartbeat"", ""uptime"": 564920, ""device_id"": ""ESP32:N4_BASE_BT_1"", ""xbee_enabled"": true, ""waiting_for_data"": true, ""kalman_data"": {""altitude"": 0, ""vertical_velocity"": 0}, ""kalman_altitude"": 0, ""kalman_vertical_velocity"": 0, ""communication_mode"": ""BEACON""}"
1768846543.002471,2026-01-19T21:15:43.002471,,,,,,,,,,,,,,,,,,,,,,,,,,BEACON,"{""type"": ""heartbeat"", ""uptime"": 565433, ""device_id"": ""ESP32:N4_BASE_BT_1"", ""xbee_enabled"": true, ""waiting_for_data"": true, ""kalman_data"": {""altitude"": 0, ""vertical_velocity"": 0}, ""kalman_altitude"": 0, ""kalman_vertical_velocity"": 0, ""communication_mode"": ""BEACON""}"
1768846543.624856,2026-01-19T21:15:43.624856,,,,,,,,,,,,,,,,,,,,,,,,,,BEACON,"{""type"": ""heartbeat"", ""uptime"": 565946, ""device_id"": ""ESP32:N4_BASE_BT_1"", ""xbee_enabled"": true, ""waiting_for_data"": true, ""kalman_data"": {""altitude"": 0, ""vertical_velocity"": 0}, ""kalman_altitude"": 0, ""kalman_vertical_velocity"": 0, ""communication_mode"": ""BEACON""}"
1768846544.490963,2026-01-19T21:15:44.490963,,,,,,,,,,,,,,,,,,,,,,,,,,BEACON,"{""type"": ""heartbeat"", ""uptime"": 566459, ""device_id"": ""ESP32:N4_BASE_BT_1"", ""xbee_enabled"": true, ""waiting_for_data"": true, ""kalman_data"": {""altitude"": 0, ""vertical_velocity"": 0}, ""kalman_altitude"": 0, ""kalman_vertical_velocity"": 0, ""communication_mode"": ""BEACON""}"
1768846544.530695,2026-01-19T21:15:44.530695,,,,,,,,,,,,,,,,,,,,,,,,,,BEACON,"{""type"": ""heartbeat"", ""uptime"": 566972, ""device_id"": ""ESP32:N4_BASE_BT_1"", ""xbee_enabled"": true, ""waiting_for_data"": true, ""kalman_data"": {""altitude"": 0, ""vertical_velocity"": 0}, ""kalman_altitude"": 0, ""kalman_vertical_velocity"": 0, ""communication_mode"": ""BEACON""}"
1768846544.864349,2026-01-19T21:15:44.864349,,,,,,,,,,,,,,,,,,,,,,,,,,BEACON,"{""type"": ""heartbeat"", ""uptime"": 567485, ""device_id"": ""ESP32:N4_BASE_BT_1"", ""xbee_enabled"": true, ""waiting_for_data"": true, ""kalman_data"": {""altitude"": 0, ""vertical_velocity"": 0}, ""kalman_altitude"": 0, ""kalman_vertical_velocity"": 0, ""communication_mode"": ""BEACON""}"
1768846545.292003,2026-01-19T21:15:45.292003,,,,,,,,,,,,,,,,,,,,,,,,,,BEACON,"{""type"": ""heartbeat"", ""uptime"": 567998, ""device_id"": ""ESP32:N4_BASE_BT_1"", ""xbee_enabled"": true, ""waiting_for_data"": true, ""kalman_data"": {""altitude"": 0, ""vertical_velocity"": 0}, ""kalman_altitude"": 0, ""kalman_vertical_velocity"": 0, ""communication_mode"": ""BEACON""}"
1768846546.564546,2026-01-19T21:15:46.564546,,,,,,,,,,,,,,,,,,,,,,,,,,BEACON,"{""type"": ""heartbeat"", ""uptime"": 568511, ""device_id"": ""ESP32:N4_BASE_BT_1"", ""xbee_enabled"": true, ""waiting_for_data"": true, ""kalman_data"": {""altitude"": 0, ""vertical_velocity"": 0}, ""kalman_altitude"": 0, ""kalman_vertical_velocity"": 0, ""communication_mode"": ""BEACON""}"
1768846546.956344,2026-01-19T21:15:46.956344,,,,,,,,,,,,,,,,,,,,,,,,,,BEACON,"{""type"": ""heartbeat"", ""uptime"": 569024, ""device_id"": ""ESP32:N4_BASE_BT_1"", ""xbee_enabled"": true, ""waiting_for_data"": true, ""kalman_data"": {""altitude"": 0, ""vertical_velocity"": 0}, ""kalman_altitude"": 0, ""kalman_vertical_velocity"": 0, ""communication_mode"": ""BEACON""}"
1768846547.60571,2026-01-19T21:15:47.605710,,,,,,,,,,,,,,,,,,,,,,,,,,BEACON,"{""type"": ""heartbeat"", ""uptime"": 569537, ""device_id"": ""ESP32:N4_BASE_BT_1"", ""xbee_enabled"": true, ""waiting_for_data"": true, ""kalman_data"": {""altitude"": 0, ""vertical_velocity"": 0}, ""kalman_altitude"": 0, ""kalman_vertical_velocity"": 0, ""communication_mode"": ""BEACON""}"
1768846547.750398,2026-01-19T21:15:47.750398,,,,,,,,,,,,,,,,,,,,,,,,,,BEACON,"{""type"": ""heartbeat"", ""uptime"": 570050, ""device_id"": ""ESP32:N4_BASE_BT_1"", ""xbee_enabled"": true, ""waiting_for_data"": true, ""kalman_data"": {""altitude"": 0, ""vertical_velocity"": 0}, ""kalman_altitude"": 0, ""kalman_vertical_velocity"": 0, ""communication_mode"": ""BEACON""}"
1768846547.809566,2026-01-19T21:15:47.809566,,,,,,,,,,,,,,,,,,,,,,,,,,BEACON,"{""type"": ""heartbeat"", ""uptime"": 570563, ""device_id"": ""ESP32:N4_BASE_BT_1"", ""xbee_enabled"": true, ""waiting_for_data"": true, ""kalman_data"": {""altitude"": 0, ""vertical_velocity"": 0}, ""kalman_altitude"": 0, ""kalman_vertical_velocity"": 0, ""communication_mode"": ""BEACON""}"
1768846548.352993,2026-01-19T21:15:48.352993,,,,,,,,,,,,,,,,,,,,,,,,,,BEACON,"{""type"": ""heartbeat"", ""uptime"": 571076, ""device_id"": ""ESP32:N4_BASE_BT_1"", ""xbee_enabled"": true, ""waiting_for_data"": true, ""kalman_data"": {""altitude"": 0, ""vertical_velocity"": 0}, ""kalman_altitude"": 0, ""kalman_vertical_velocity"": 0, ""communication_mode"": ""BEACON""}"
1768846549.241801,2026-01-19T21:15:49.241801,,,,,,,,,,,,,,,,,,,,,,,,,,BEACON,"{""type"": ""heartbeat"", ""uptime"": 571589, ""device_id"": ""ESP32:N4_BASE_BT_1"", ""xbee_enabled"": true, ""waiting_for_data"": true, ""kalman_data"": {""altitude"": 0, ""vertical_velocity"": 0}, ""kalman_altitude"": 0, ""kalman_vertical_velocity"": 0, ""communication_mode"": ""BEACON""}"
1768846549.380856,2026-01-19T21:15:49.380856,,,,,,,,,,,,,,,,,,,,,,,,,,BEACON,"{""type"": ""heartbeat"", ""uptime"": 572102, ""device_id"": ""ESP32:N4_BASE_BT_1"", ""xbee_enabled"": true, ""waiting_for_data"": true, ""kalman_data"": {""altitude"": 0, ""vertical_velocity"": 0}, ""kalman_altitude"": 0, ""kalman_vertical_velocity"": 0, ""communication_mode"": ""BEACON""}"
1768846549.877158,2026-01-19T21:15:49.877158,,,,,,,,,,,,,,,,,,,,,,,,,,BEACON,"{""type"": ""heartbeat"", ""uptime"": 572615, ""device_id"": ""ESP32:N4_BASE_BT_1"", ""xbee_enabled"": true, ""waiting_for_data"": true, ""kalman_data"": {""altitude"": 0, ""vertical_velocity"": 0}, ""kalman_altitude"": 0, ""kalman_vertical_velocity"": 0, ""communication_mode"": ""BEACON""}"
1768846550.50995,2026-01-19T21:15:50.509950,,,,,,,,,,,,,,,,,,,,,,,,,,BEACON,"{""type"": ""heartbeat"", ""uptime"": 573128, ""device_id"": ""ESP32:N4_BASE_BT_1"", ""xbee_enabled"": true, ""waiting_for_data"": true, ""kalman_data"": {""altitude"": 0, ""vertical_velocity"": 0}, ""kalman_altitude"": 0, ""kalman_vertical_velocity"": 0, ""communication_mode"": ""BEACON""}"
1768846550.875137,2026-01-19T21:15:50.875137,,,,,,,,,,,,,,,,,,,,,,,,,,BEACON,"{""type"": ""heartbeat"", ""uptime"": 573641, ""device_id"": ""ESP32:N4_BASE_BT_1"", ""xbee_enabled"": true, ""waiting_for_data"": true, ""kalman_data"": {""altitude"": 0, ""vertical_velocity"": 0}, ""kalman_altitude"": 0, ""kalman_vertical_velocity"": 0, ""communication_mode"": ""BEACON""}"
1768846551.397664,2026-01-19T21:15:51.397664,,,,,,,,,,,,,,,,,,,,,,,,,,BEACON,"{""type"": ""heartbeat"", ""uptime"": 574154, ""device_id"": ""ESP32:N4_BASE_BT_1"", ""xbee_enabled"": true, ""waiting_for_data"": true, ""kalman_data"": {""altitude"": 0, ""vertical_velocity"": 0}, ""kalman_altitude"": 0, ""kalman_vertical_velocity"": 0, ""communication_mode"": ""BEACON""}"
1768846551.891431,2026-01-19T21:15:51.891431,,,,,,,,,,,,,,,,,,,,,,,,,,BEACON,"{""type"": ""heartbeat"", ""uptime"": 574667, ""device_id"": ""ESP32:N4_BASE_BT_1"", ""xbee_enabled"": true, ""waiting_for_data"": true, ""kalman_data"": {""altitude"": 0, ""vertical_velocity"": 0}, ""kalman_altitude"": 0, ""kalman_vertical_velocity"": 0, ""communication_mode"": ""BEACON""}"
1768846552.461865,2026-01-19T21:15:52.461865,,,,,,,,,,,,,,,,,,,,,,,,,,BEACON,"{""type"": ""heartbeat"", ""uptime"": 575180, ""device_id"": ""ESP32:N4_BASE_BT_1"", ""xbee_enabled"": true, ""waiting_for_data"": true, ""kalman_data"": {""altitude"": 0, ""vertical_velocity"": 0}, ""kalman_altitude"": 0, ""kalman_vertical_velocity"": 0, ""communication_mode"": ""BEACON""}"
1768846553.207332,2026-01-19T21:15:53.207332,,,,,,,,,,,,,,,,,,,,,,,,,,BEACON,"{""type"": ""heartbeat"", ""uptime"": 575693, ""device_id"": ""ESP32:N4_BASE_BT_1"", ""xbee_enabled"": true, ""waiting_for_data"": true, ""kalman_data"": {""altitude"": 0, ""vertical_velocity"": 0}, ""kalman_altitude"": 0, ""kalman_vertical_velocity"": 0, ""communication_mode"": ""BEACON""}"
1768846553.475198,2026-01-19T21:15:53.475198,,,,,,,,,,,,,,,,,,,,,,,,,,BEACON,"{""type"": ""heartbeat"", ""uptime"": 576206, ""device_id"": ""ESP32:N4_BASE_BT_1"", ""xbee_enabled"": true, ""waiting_for_data"": true, ""kalman_data"": {""altitude"": 0, ""vertical_velocity"": 0}, ""kalman_altitude"": 0, ""kalman_vertical_velocity"": 0, ""communication_mode"": ""BEACON""}"
1768846554.02001,2026-01-19T21:15:54.020010,,,,,,,,,,,,,,,,,,,,,,,,,,BEACON,"{""type"": ""heartbeat"", ""uptime"": 576719, ""device_id"": ""ESP32:N4_BASE_BT_1"", ""xbee_enabled"": true, ""waiting_for_data"": true, ""kalman_data"": {""altitude"": 0, ""vertical_velocity"": 0}, ""kalman_altitude"": 0, ""kalman_vertical_velocity"": 0, ""communication_mode"": ""BEACON""}"
1768846554.522938,2026-01-19T21:15:54.522938,,,,,,,,,,,,,,,,,,,,,,,,,,BEACON,"{""type"": ""heartbeat"", ""uptime"": 577232, ""device_id"": ""ESP32:N4_BASE_BT_1"", ""xbee_enabled"": true, ""waiting_for_data"": true, ""kalman_data"": {""altitude"": 0, ""vertical_velocity"": 0}, ""kalman_altitude"": 0, ""kalman_vertical_velocity"": 0, ""communication_mode"": ""BEACON""}"
1768846555.006297,2026-01-19T21:15:55.006297,,,,,,,,,,,,,,,,,,,,,,,,,,BEACON,"{""type"": ""heartbeat"", ""uptime"": 577745, ""device_id"": ""ESP32:N4_BASE_BT_1"", ""xbee_enabled"": true, ""waiting_for_data"": true, ""kalman_data"": {""altitude"": 0, ""vertical_velocity"": 0}, ""kalman_altitude"": 0, ""kalman_vertical_velocity"": 0, ""communication_mode"": ""BEACON""}"
1768846555.503758,2026-01-19T21:15:55.503758,,,,,,,,,,,,,,,,,,,,,,,,,,BEACON,"{""type"": ""heartbeat"", ""uptime"": 578258, ""device_id"": ""ESP32:N4_BASE_BT_1"", ""xbee_enabled"": true, ""waiting_for_data"": true, ""kalman_data"": {""altitude"": 0, ""vertical_velocity"": 0}, ""kalman_altitude"": 0, ""kalman_vertical_velocity"": 0, ""communication_mode"": ""BEACON""}"
1768846556.018228,2026-01-19T21:15:56.018228,,,,,,,,,,,,,,,,,,,,,,,,,,BEACON,"{""type"": ""heartbeat"", ""uptime"": 578771, ""device_id"": ""ESP32:N4_BASE_BT_1"", ""xbee_enabled"": true, ""waiting_for_data"": true, ""kalman_data"": {""altitude"": 0, ""vertical_velocity"": 0}, ""kalman_altitude"": 0, ""kalman_vertical_velocity"": 0, ""communication_mode"": ""BEACON""}"
1768846556.536125,2026-01-19T21:15:56.536125,,,,,,,,,,,,,,,,,,,,,,,,,,BEACON,"{""type"": ""heartbeat"", ""uptime"": 579284, ""device_id"": ""ESP32:N4_BASE_BT_1"", ""xbee_enabled"": true, ""waiting_for_data"": true, ""kalman_data"": {""altitude"": 0, ""vertical_velocity"": 0}, ""kalman_altitude"": 0, ""kalman_vertical_velocity"": 0, ""communication_mode"": ""BEACON""}"
1768846557.054476,2026-01-19T21:15:57.054476,,,,,,,,,,,,,,,,,,,,,,,,,,BEACON,"{""type"": ""heartbeat"", ""uptime"": 579797, ""device_id"": ""ESP32:N4_BASE_BT_1"", ""xbee_enabled"": true, ""waiting_for_data"": true, ""kalman_data"": {""altitude"": 0, ""vertical_velocity"": 0}, ""kalman_altitude"": 0, ""kalman_vertical_velocity"": 0, ""communication_mode"": ""BEACON""}"
1768846557.590298,2026-01-19T21:15:57.590298,,,,,,,,,,,,,,,,,,,,,,,,,,BEACON,"{""type"": ""heartbeat"", ""uptime"": 580310, ""device_id"": ""ESP32:N4_BASE_BT_1"", ""xbee_enabled"": true, ""waiting_for_data"": true, ""kalman_data"": {""altitude"": 0, ""vertical_velocity"": 0}, ""kalman_altitude"": 0, ""kalman_vertical_velocity"": 0, ""communication_mode"": ""BEACON""}"
1768846558.088892,2026-01-19T21:15:58.088892,,,,,,,,,,,,,,,,,,,,,,,,,,BEACON,"{""type"": ""heartbeat"", ""uptime"": 580823, ""device_id"": ""ESP32:N4_BASE_BT_1"", ""xbee_enabled"": true, ""waiting_for_data"": true, ""kalman_data"": {""altitude"": 0, ""vertical_velocity"": 0}, ""kalman_altitude"": 0, ""kalman_vertical_velocity"": 0, ""communication_mode"": ""BEACON""}"
1768846558.577051,2026-01-19T21:15:58.577051,,,,,,,,,,,,,,,,,,,,,,,,,,BEACON,"{""type"": ""heartbeat"", ""uptime"": 581336, ""device_id"": ""ESP32:N4_BASE_BT_1"", ""xbee_enabled"": true, ""waiting_for_data"": true, ""kalman_data"": {""altitude"": 0, ""vertical_velocity"": 0}, ""kalman_altitude"": 0, ""kalman_vertical_velocity"": 0, ""communication_mode"": ""BEACON""}"
1768846559.095821,2026-01-19T21:15:59.095821,,,,,,,,,,,,,,,,,,,,,,,,,,BEACON,"{""type"": ""heartbeat"", ""uptime"": 581849, ""device_id"": ""ESP32:N4_BASE_BT_1"", ""xbee_enabled"": true, ""waiting_for_data"": true, ""kalman_data"": {""altitude"": 0, ""vertical_velocity"": 0}, ""kalman_altitude"": 0, ""kalman_vertical_velocity"": 0, ""communication_mode"": ""BEACON""}"
1768846559.617924,2026-01-19T21:15:59.617924,,,,,,,,,,,,,,,,,,,,,,,,,,BEACON,"{""type"": ""heartbeat"", ""uptime"": 582362, ""device_id"": ""ESP32:N4_BASE_BT_1"", ""xbee_enabled"": true, ""waiting_for_data"": true, ""kalman_data"": {""altitude"": 0, ""vertical_velocity"": 0}, ""kalman_altitude"": 0, ""kalman_vertical_velocity"": 0, ""communication_mode"": ""BEACON""}"
1768846560.145801,2026-01-19T21:16:00.145801,,,,,,,,,,,,,,,,,,,,,,,,,,BEACON,"{""type"": ""heartbeat"", ""uptime"": 582875, ""device_id"": ""ESP32:N4_BASE_BT_1"", ""xbee_enabled"": true, ""waiting_for_data"": true, ""kalman_data"": {""altitude"": 0, ""vertical_velocity"": 0}, ""kalman_altitude"": 0, ""kalman_vertical_velocity"": 0, ""communication_mode"": ""BEACON""}"
1768846560.656871,2026-01-19T21:16:00.656871,,,,,,,,,,,,,,,,,,,,,,,,,,BEACON,"{""type"": ""heartbeat"", ""uptime"": 583388, ""device_id"": ""ESP32:N4_BASE_BT_1"", ""xbee_enabled"": true, ""waiting_for_data"": true, ""kalman_data"": {""altitude"": 0, ""vertical_velocity"": 0}, ""kalman_altitude"": 0, ""kalman_vertical_velocity"": 0, ""communication_mode"": ""BEACON""}"
1768846561.174152,2026-01-19T21:16:01.174152,,,,,,,,,,,,,,,,,,,,,,,,,,BEACON,"{""type"": ""heartbeat"", ""uptime"": 583901, ""device_id"": ""ESP32:N4_BASE_BT_1"", ""xbee_enabled"": true, ""waiting_for_data"": true, ""kalman_data"": {""altitude"": 0, ""vertical_velocity"": 0}, ""kalman_altitude"": 0, ""kalman_vertical_velocity"": 0, ""communication_mode"": ""BEACON""}"
1768846561.658766,2026-01-19T21:16:01.658766,,,,,,,,,,,,,,,,,,,,,,,,,,BEACON,"{""type"": ""heartbeat"", ""uptime"": 584414, ""device_id"": ""ESP32:N4_BASE_BT_1"", ""xbee_enabled"": true, ""waiting_for_data"": true, ""kalman_data"": {""altitude"": 0, ""vertical_velocity"": 0}, ""kalman_altitude"": 0, ""kalman_vertical_velocity"": 0, ""communication_mode"": ""BEACON""}"
1768846562.181224,2026-01-19T21:16:02.181224,,,,,,,,,,,,,,,,,,,,,,,,,,BEACON,"{""type"": ""heartbeat"", ""uptime"": 584927, ""device_id"": ""ESP32:N4_BASE_BT_1"", ""xbee_enabled"": true, ""waiting_for_data"": true, ""kalman_data"": {""altitude"": 0, ""vertical_velocity"": 0}, ""kalman_altitude"": 0, ""kalman_vertical_velocity"": 0, ""communication_mode"": ""BEACON""}"
1768846562.720127,2026-01-19T21:16:02.720127,,,,,,,,,,,,,,,,,,,,,,,,,,BEACON,"{""type"": ""heartbeat"", ""uptime"": 585440, ""device_id"": ""ESP32:N4_BASE_BT_1"", ""xbee_enabled"": true, ""waiting_for_data"": true, ""kalman_data"": {""altitude"": 0, ""vertical_velocity"": 0}, ""kalman_altitude"": 0, ""kalman_vertical_velocity"": 0, ""communication_mode"": ""BEACON""}"
1768846563.201513,2026-01-19T21:16:03.201513,,,,,,,,,,,,,,,,,,,,,,,,,,BEACON,"{""type"": ""heartbeat"", ""uptime"": 585953, ""device_id"": ""ESP32:N4_BASE_BT_1"", ""xbee_enabled"": true, ""waiting_for_data"": true, ""kalman_data"": {""altitude"": 0, ""vertical_velocity"": 0}, ""kalman_altitude"": 0, ""kalman_vertical_velocity"": 0, ""communication_mode"": ""BEACON""}"
1768846563.775429,2026-01-19T21:16:03.775429,,,,,,,,,,,,,,,,,,,,,,,,,,BEACON,"{""type"": ""heartbeat"", ""uptime"": 586466, ""device_id"": ""ESP32:N4_BASE_BT_1"", ""xbee_enabled"": true, ""waiting_for_data"": true, ""kalman_data"": {""altitude"": 0, ""vertical_velocity"": 0}, ""kalman_altitude"": 0, ""kalman_vertical_velocity"": 0, ""communication_mode"": ""BEACON""}"
1768846564.253802,2026-01-19T21:16:04.253802,,,,,,,,,,,,,,,,,,,,,,,,,,BEACON,"{""type"": ""heartbeat"", ""uptime"": 586979, ""device_id"": ""ESP32:N4_BASE_BT_1"", ""xbee_enabled"": true, ""waiting_for_data"": true, ""kalman_data"": {""altitude"": 0, ""vertical_velocity"": 0}, ""kalman_altitude"": 0, ""kalman_vertical_velocity"": 0, ""communication_mode"": ""BEACON""}"
1768846564.840181,2026-01-19T21:16:04.840181,,,,,,,,,,,,,,,,,,,,,,,,,,BEACON,"{""type"": ""heartbeat"", ""uptime"": 587492, ""device_id"": ""ESP32:N4_BASE_BT_1"", ""xbee_enabled"": true, ""waiting_for_data"": true, ""kalman_data"": {""altitude"": 0, ""vertical_velocity"": 0}, ""kalman_altitude"": 0, ""kalman_vertical_velocity"": 0, ""communication_mode"": ""BEACON""}"
1768846565.273829,2026-01-19T21:16:05.273829,,,,,,,,,,,,,,,,,,,,,,,,,,BEACON,"{""type"": ""heartbeat"", ""uptime"": 588005, ""device_id"": ""ESP32:N4_BASE_BT_1"", ""xbee_enabled"": true, ""waiting_for_data"": true, ""kalman_data"": {""altitude"": 0, ""vertical_velocity"": 0}, ""kalman_altitude"": 0, ""kalman_vertical_velocity"": 0, ""communication_mode"": ""BEACON""}"
1768846565.756827,2026-01-19T21:16:05.756827,,,,,,,,,,,,,,,,,,,,,,,,,,BEACON,"{""type"": ""heartbeat"", ""uptime"": 588518, ""device_id"": ""ESP32:N4_BASE_BT_1"", ""xbee_enabled"": true, ""waiting_for_data"": true, ""kalman_data"": {""altitude"": 0, ""vertical_velocity"": 0}, ""kalman_altitude"": 0, ""kalman_vertical_velocity"": 0, ""communication_mode"": ""BEACON""}"
1768846566.292434,2026-01-19T21:16:06.292434,,,,,,,,,,,,,,,,,,,,,,,,,,BEACON,"{""type"": ""heartbeat"", ""uptime"": 589031, ""device_id"": ""ESP32:N4_BASE_BT_1"", ""xbee_enabled"": true, ""waiting_for_data"": true, ""kalman_data"": {""altitude"": 0, ""vertical_velocity"": 0}, ""kalman_altitude"": 0, ""kalman_vertical_velocity"": 0, ""communication_mode"": ""BEACON""}"
1768846566.878055,2026-01-19T21:16:06.878055,,,,,,,,,,,,,,,,,,,,,,,,,,BEACON,"{""type"": ""heartbeat"", ""uptime"": 589544, ""device_id"": ""ESP32:N4_BASE_BT_1"", ""xbee_enabled"": true, ""waiting_for_data"": true, ""kalman_data"": {""altitude"": 0, ""vertical_velocity"": 0}, ""kalman_altitude"": 0, ""kalman_vertical_velocity"": 0, ""communication_mode"": ""BEACON""}"
1768846567.370386,2026-01-19T21:16:07.370386,,,,,,,,,,,,,,,,,,,,,,,,,,BEACON,"{""type"": ""heartbeat"", ""uptime"": 590057, ""device_id"": ""ESP32:N4_BASE_BT_1"", ""xbee_enabled"": true, ""waiting_for_data"": true, ""kalman_data"": {""altitude"": 0, ""vertical_velocity"": 0}, ""kalman_altitude"": 0, ""kalman_vertical_velocity"": 0, ""communication_mode"": ""BEACON""}"
1768846567.842377,2026-01-19T21:16:07.842377,,,,,,,,,,,,,,,,,,,,,,,,,,BEACON,"{""type"": ""heartbeat"", ""uptime"": 590570, ""device_id"": ""ESP32:N4_BASE_BT_1"", ""xbee_enabled"": true, ""waiting_for_data"": true, ""kalman_data"": {""altitude"": 0, ""vertical_velocity"": 0}, ""kalman_altitude"": 0, ""kalman_vertical_velocity"": 0, ""communication_mode"": ""BEACON""}"
1768846568.318455,2026-01-19T21:16:08.318455,,,,,,,,,,,,,,,,,,,,,,,,,,BEACON,"{""type"": ""heartbeat"", ""uptime"": 591083, ""device_id"": ""ESP32:N4_BASE_BT_1"", ""xbee_enabled"": true, ""waiting_for_data"": true, ""kalman_data"": {""altitude"": 0, ""vertical_velocity"": 0}, ""kalman_altitude"": 0, ""kalman_vertical_velocity"": 0, ""communication_mode"": ""BEACON""}"
1768846568.844428,2026-01-19T21:16:08.844428,,,,,,,,,,,,,,,,,,,,,,,,,,BEACON,"{""type"": ""heartbeat"", ""uptime"": 591596, ""device_id"": ""ESP32:N4_BASE_BT_1"", ""xbee_enabled"": true, ""waiting_for_data"": true, ""kalman_data"": {""altitude"": 0, ""vertical_velocity"": 0}, ""kalman_altitude"": 0, ""kalman_vertical_velocity"": 0, ""communication_mode"": ""BEACON""}"
1768846569.377274,2026-01-19T21:16:09.377274,,,,,,,,,,,,,,,,,,,,,,,,,,BEACON,"{""type"": ""heartbeat"", ""uptime"": 592109, ""device_id"": ""ESP32:N4_BASE_BT_1"", ""xbee_enabled"": true, ""waiting_for_data"": true, ""kalman_data"": {""altitude"": 0, ""vertical_velocity"": 0}, ""kalman_altitude"": 0, ""kalman_vertical_velocity"": 0, ""communication_mode"": ""BEACON""}"
1768846569.873581,2026-01-19T21:16:09.873581,,,,,,,,,,,,,,,,,,,,,,,,,,BEACON,"{""type"": ""heartbeat"", ""uptime"": 592622, ""device_id"": ""ESP32:N4_BASE_BT_1"", ""xbee_enabled"": true, ""waiting_for_data"": true, ""kalman_data"": {""altitude"": 0, ""vertical_velocity"": 0}, ""kalman_altitude"": 0, ""kalman_vertical_velocity"": 0, ""communication_mode"": ""BEACON""}"
1768846570.409767,2026-01-19T21:16:10.409767,,,,,,,,,,,,,,,,,,,,,,,,,,BEACON,"{""type"": ""heartbeat"", ""uptime"": 593135, ""device_id"": ""ESP32:N4_BASE_BT_1"", ""xbee_enabled"": true, ""waiting_for_data"": true, ""kalman_data"": {""altitude"": 0, ""vertical_velocity"": 0}, ""kalman_altitude"": 0, ""kalman_vertical_velocity"": 0, ""communication_mode"": ""BEACON""}"
1768846570.888595,2026-01-19T21:16:10.888595,,,,,,,,,,,,,,,,,,,,,,,,,,BEACON,"{""type"": ""heartbeat"", ""uptime"": 593648, ""device_id"": ""ESP32:N4_BASE_BT_1"", ""xbee_enabled"": true, ""waiting_for_data"": true, ""kalman_data"": {""altitude"": 0, ""vertical_velocity"": 0}, ""kalman_altitude"": 0, ""kalman_vertical_velocity"": 0, ""communication_mode"": ""BEACON""}"
1768846571.40521,2026-01-19T21:16:11.405210,,,,,,,,,,,,,,,,,,,,,,,,,,BEACON,"{""type"": ""heartbeat"", ""uptime"": 594161, ""device_id"": ""ESP32:N4_BASE_BT_1"", ""xbee_enabled"": true, ""waiting_for_data"": true, ""kalman_data"": {""altitude"": 0, ""vertical_velocity"": 0}, ""kalman_altitude"": 0, ""kalman_vertical_velocity"": 0, ""communication_mode"": ""BEACON""}"
1768846571.956134,2026-01-19T21:16:11.956134,,,,,,,,,,,,,,,,,,,,,,,,,,BEACON,"{""type"": ""heartbeat"", ""uptime"": 594674, ""device_id"": ""ESP32:N4_BASE_BT_1"", ""xbee_enabled"": true, ""waiting_for_data"": true, ""kalman_data"": {""altitude"": 0, ""vertical_velocity"": 0}, ""kalman_altitude"": 0, ""kalman_vertical_velocity"": 0, ""communication_mode"": ""BEACON""}"
1768846572.426424,2026-01-19T21:16:12.426424,,,,,,,,,,,,,,,,,,,,,,,,,,BEACON,"{""type"": ""heartbeat"", ""uptime"": 595187, ""device_id"": ""ESP32:N4_BASE_BT_1"", ""xbee_enabled"": true, ""waiting_for_data"": true, ""kalman_data"": {""altitude"": 0, ""vertical_velocity"": 0}, ""kalman_altitude"": 0, ""kalman_vertical_velocity"": 0, ""communication_mode"": ""BEACON""}"
1768846572.941203,2026-01-19T21:16:12.941203,,,,,,,,,,,,,,,,,,,,,,,,,,BEACON,"{""type"": ""heartbeat"", ""uptime"": 595700, ""device_id"": ""ESP32:N4_BASE_BT_1"", ""xbee_enabled"": true, ""waiting_for_data"": true, ""kalman_data"": {""altitude"": 0, ""vertical_velocity"": 0}, ""kalman_altitude"": 0, ""kalman_vertical_velocity"": 0, ""communication_mode"": ""BEACON""}"
1768846573.455201,2026-01-19T21:16:13.455201,,,,,,,,,,,,,,,,,,,,,,,,,,BEACON,"{""type"": ""heartbeat"", ""uptime"": 596213, ""device_id"": ""ESP32:N4_BASE_BT_1"", ""xbee_enabled"": true, ""waiting_for_data"": true, ""kalman_data"": {""altitude"": 0, ""vertical_velocity"": 0}, ""kalman_altitude"": 0, ""kalman_vertical_velocity"": 0, ""communication_mode"": ""BEACON""}"
1768846573.973112,2026-01-19T21:16:13.973112,,,,,,,,,,,,,,,,,,,,,,,,,,BEACON,"{""type"": ""heartbeat"", ""uptime"": 596726, ""device_id"": ""ESP32:N4_BASE_BT_1"", ""xbee_enabled"": true, ""waiting_for_data"": true, ""kalman_data"": {""altitude"": 0, ""vertical_velocity"": 0}, ""kalman_altitude"": 0, ""kalman_vertical_velocity"": 0, ""communication_mode"": ""BEACON""}"
