timestamp,iso_timestamp,record_number,operation_mode,state,ax,ay,az,pitch,roll,gx,gy,gz,latitude,longitude,gps_altitude,gps_time,pressure,temperature,agl_altitude,velocity,pyro1_state,pyro2_state,battery_voltage,wifi_rssi,kalman_altitude,kalman_vertical_velocity,communication_mode,raw_data
1768306761.464135,2026-01-13T15:19:21.464135,1445,0,0,-0.7,0.07,0.65,-44.46,6.78,-9.15,-3.02,-3.35,0,0,0,149311,852.91,27.88,0.6,0,0,0,0,-82,0.6,-4.96,BEACON,"{""record_number"": 1445, ""operation_mode"": 0, ""state"": 0, ""battery_voltage"": 0, ""wifi_rssi"": -82, ""acc_data"": {""ax"": -0.7, ""ay"": 0.07, ""az"": 0.65, ""pitch"": -44.46, ""roll"": 6.78}, ""gyro_data"": {""gx"": -9.15, ""gy"": -3.02, ""gz"": -3.35}, ""gps_data"": {""latitude"": 0, ""longitude"": 0, ""gps_altitude"": 0, ""time"": 149311}, ""alt_data"": {""pressure"": 852.91, ""temperature"": 27.88, ""AGL"": 0.6, ""velocity"": 0, ""kalman_altitude"": 0.6, ""kalman_vertical_velocity"": -4.96}, ""chute_state"": {""pyro1_state"": 0, ""pyro2_state"": 0}, ""connection_status"": {""connected"": true, ""has_ever_connected"": true, ""packet_age_ms"": 0, ""timeout_exceeded"": false, ""rssi"": -82}, ""communication_mode"": ""BEACON"", ""timestamp"": 6517, ""packets_received"": 42, ""kalman_data"": {""altitude"": 0.6, ""vertical_velocity"": -4.96}, ""kalman_altitude"": 0.6, ""kalman_vertical_velocity"": -4.96, ""pyroDrogue"": 0, ""pyroMain"": 0, ""pyro1_state"": 0, ""pyro2_state"": 0}"
1768306761.589828,2026-01-13T15:19:21.589828,1446,0,0,-0.7,0.07,0.64,-44.5,6.21,-9.24,-3.11,-3.72,0,0,0,149511,852.88,27.88,0.92,0,0,0,0,-82,0.9,-4.87,BEACON,"{""record_number"": 1446, ""operation_mode"": 0, ""state"": 0, ""battery_voltage"": 0, ""wifi_rssi"": -82, ""acc_data"": {""ax"": -0.7, ""ay"": 0.07, ""az"": 0.64, ""pitch"": -44.5, ""roll"": 6.21}, ""gyro_data"": {""gx"": -9.24, ""gy"": -3.11, ""gz"": -3.72}, ""gps_data"": {""latitude"": 0, ""longitude"": 0, ""gps_altitude"": 0, ""time"": 149511}, ""alt_data"": {""pressure"": 852.88, ""temperature"": 27.88, ""AGL"": 0.92, ""velocity"": 0, ""kalman_altitude"": 0.9, ""kalman_vertical_velocity"": -4.87}, ""chute_state"": {""pyro1_state"": 0, ""pyro2_state"": 0}, ""connection_status"": {""connected"": true, ""has_ever_connected"": true, ""packet_age_ms"": 1, ""timeout_exceeded"": false, ""rssi"": -82}, ""communication_mode"": ""BEACON"", ""timestamp"": 6638, ""packets_received"": 43, ""kalman_data"": {""altitude"": 0.9, ""vertical_velocity"": -4.87}, ""kalman_altitude"": 0.9, ""kalman_vertical_velocity"": -4.87, ""pyroDrogue"": 0, ""pyroMain"": 0, ""pyro1_state"": 0, ""pyro2_state"": 0}"
1768306761.690114,2026-01-13T15:19:21.690114,1448,0,0,-0.7,0.07,0.64,-44.78,5.97,-8.93,-2.99,-3.66,0,0,0,149511,852.87,27.88,1.02,0,0,0,0,-82,1.01,-4.84,BEACON,"{""record_number"": 1448, ""operation_mode"": 0, ""state"": 0, ""battery_voltage"": 0, ""wifi_rssi"": -82, ""acc_data"": {""ax"": -0.7, ""ay"": 0.07, ""az"": 0.64, ""pitch"": -44.78, ""roll"": 5.97}, ""gyro_data"": {""gx"": -8.93, ""gy"": -2.99, ""gz"": -3.66}, ""gps_data"": {""latitude"": 0, ""longitude"": 0, ""gps_altitude"": 0, ""time"": 149511}, ""alt_data"": {""pressure"": 852.87, ""temperature"": 27.88, ""AGL"": 1.02, ""velocity"": 0, ""kalman_altitude"": 1.01, ""kalman_vertical_velocity"": -4.84}, ""chute_state"": {""pyro1_state"": 0, ""pyro2_state"": 0}, ""connection_status"": {""connected"": true, ""has_ever_connected"": true, ""packet_age_ms"": 0, ""timeout_exceeded"": false, ""rssi"": -82}, ""communication_mode"": ""BEACON"", ""timestamp"": 6744, ""packets_received"": 44, ""kalman_data"": {""altitude"": 1.01, ""vertical_velocity"": -4.84}, ""kalman_altitude"": 1.01, ""kalman_vertical_velocity"": -4.84, ""pyroDrogue"": 0, ""pyroMain"": 0, ""pyro1_state"": 0, ""pyro2_state"": 0}"
1768306761.822114,2026-01-13T15:19:21.822114,1449,0,0,-0.7,0.07,0.64,-44.42,6.48,-8.87,-3.57,-3.78,0,0,0,149716,852.9,27.87,0.75,0,0,0,0,-81,0.74,-4.94,BEACON,"{""record_number"": 1449, ""operation_mode"": 0, ""state"": 0, ""battery_voltage"": 0, ""wifi_rssi"": -81, ""acc_data"": {""ax"": -0.7, ""ay"": 0.07, ""az"": 0.64, ""pitch"": -44.42, ""roll"": 6.48}, ""gyro_data"": {""gx"": -8.87, ""gy"": -3.57, ""gz"": -3.78}, ""gps_data"": {""latitude"": 0, ""longitude"": 0, ""gps_altitude"": 0, ""time"": 149716}, ""alt_data"": {""pressure"": 852.9, ""temperature"": 27.87, ""AGL"": 0.75, ""velocity"": 0, ""kalman_altitude"": 0.74, ""kalman_vertical_velocity"": -4.94}, ""chute_state"": {""pyro1_state"": 0, ""pyro2_state"": 0}, ""connection_status"": {""connected"": true, ""has_ever_connected"": true, ""packet_age_ms"": 0, ""timeout_exceeded"": false, ""rssi"": -81}, ""communication_mode"": ""BEACON"", ""timestamp"": 6856, ""packets_received"": 45, ""kalman_data"": {""altitude"": 0.74, ""vertical_velocity"": -4.94}, ""kalman_altitude"": 0.74, ""kalman_vertical_velocity"": -4.94, ""pyroDrogue"": 0, ""pyroMain"": 0, ""pyro1_state"": 0, ""pyro2_state"": 0}"
1768306761.920114,2026-01-13T15:19:21.920114,1450,0,0,-0.7,0.06,0.64,-44.19,6.36,-8.78,-3.63,-3.48,0,0,0,149917,852.91,27.88,0.63,0,0,0,0,-81,0.64,-4.97,BEACON,"{""record_number"": 1450, ""operation_mode"": 0, ""state"": 0, ""battery_voltage"": 0, ""wifi_rssi"": -81, ""acc_data"": {""ax"": -0.7, ""ay"": 0.06, ""az"": 0.64, ""pitch"": -44.19, ""roll"": 6.36}, ""gyro_data"": {""gx"": -8.78, ""gy"": -3.63, ""gz"": -3.48}, ""gps_data"": {""latitude"": 0, ""longitude"": 0, ""gps_altitude"": 0, ""time"": 149917}, ""alt_data"": {""pressure"": 852.91, ""temperature"": 27.88, ""AGL"": 0.63, ""velocity"": 0, ""kalman_altitude"": 0.64, ""kalman_vertical_velocity"": -4.97}, ""chute_state"": {""pyro1_state"": 0, ""pyro2_state"": 0}, ""connection_status"": {""connected"": true, ""has_ever_connected"": true, ""packet_age_ms"": 0, ""timeout_exceeded"": false, ""rssi"": -81}, ""communication_mode"": ""BEACON"", ""timestamp"": 6969, ""packets_received"": 46, ""kalman_data"": {""altitude"": 0.64, ""vertical_velocity"": -4.97}, ""kalman_altitude"": 0.64, ""kalman_vertical_velocity"": -4.97, ""pyroDrogue"": 0, ""pyroMain"": 0, ""pyro1_state"": 0, ""pyro2_state"": 0}"
1768306762.028481,2026-01-13T15:19:22.028481,1452,0,0,-0.7,0.07,0.65,-44.38,6.74,-9.15,-3.35,-3.69,0,0,0,149917,852.89,27.88,0.77,0,0,0,0,-82,0.76,-4.94,BEACON,"{""record_number"": 1452, ""operation_mode"": 0, ""state"": 0, ""battery_voltage"": 0, ""wifi_rssi"": -82, ""acc_data"": {""ax"": -0.7, ""ay"": 0.07, ""az"": 0.65, ""pitch"": -44.38, ""roll"": 6.74}, ""gyro_data"": {""gx"": -9.15, ""gy"": -3.35, ""gz"": -3.69}, ""gps_data"": {""latitude"": 0, ""longitude"": 0, ""gps_altitude"": 0, ""time"": 149917}, ""alt_data"": {""pressure"": 852.89, ""temperature"": 27.88, ""AGL"": 0.77, ""velocity"": 0, ""kalman_altitude"": 0.76, ""kalman_vertical_velocity"": -4.94}, ""chute_state"": {""pyro1_state"": 0, ""pyro2_state"": 0}, ""connection_status"": {""connected"": true, ""has_ever_connected"": true, ""packet_age_ms"": 0, ""timeout_exceeded"": false, ""rssi"": -82}, ""communication_mode"": ""BEACON"", ""timestamp"": 7082, ""packets_received"": 47, ""kalman_data"": {""altitude"": 0.76, ""vertical_velocity"": -4.94}, ""kalman_altitude"": 0.76, ""kalman_vertical_velocity"": -4.94, ""pyroDrogue"": 0, ""pyroMain"": 0, ""pyro1_state"": 0, ""pyro2_state"": 0}"
1768306762.162715,2026-01-13T15:19:22.162715,1453,0,0,-0.71,0.07,0.65,-43.95,5.68,-8.72,-3.26,-3.96,0,0,0,150117,852.92,27.88,0.48,0,0,0,0,-81,0.49,-5.03,BEACON,"{""record_number"": 1453, ""operation_mode"": 0, ""state"": 0, ""battery_voltage"": 0, ""wifi_rssi"": -81, ""acc_data"": {""ax"": -0.71, ""ay"": 0.07, ""az"": 0.65, ""pitch"": -43.95, ""roll"": 5.68}, ""gyro_data"": {""gx"": -8.72, ""gy"": -3.26, ""gz"": -3.96}, ""gps_data"": {""latitude"": 0, ""longitude"": 0, ""gps_altitude"": 0, ""time"": 150117}, ""alt_data"": {""pressure"": 852.92, ""temperature"": 27.88, ""AGL"": 0.48, ""velocity"": 0, ""kalman_altitude"": 0.49, ""kalman_vertical_velocity"": -5.03}, ""chute_state"": {""pyro1_state"": 0, ""pyro2_state"": 0}, ""connection_status"": {""connected"": true, ""has_ever_connected"": true, ""packet_age_ms"": 0, ""timeout_exceeded"": false, ""rssi"": -81}, ""communication_mode"": ""BEACON"", ""timestamp"": 7195, ""packets_received"": 48, ""kalman_data"": {""altitude"": 0.49, ""vertical_velocity"": -5.03}, ""kalman_altitude"": 0.49, ""kalman_vertical_velocity"": -5.03, ""pyroDrogue"": 0, ""pyroMain"": 0, ""pyro1_state"": 0, ""pyro2_state"": 0}"
1768306762.255938,2026-01-13T15:19:22.255938,1454,0,0,-0.7,0.07,0.65,-44.19,5.59,-9.36,-3.72,-3.75,0,0,0,150117,852.94,27.88,0.31,0,0,0,0,-82,0.31,-5.09,BEACON,"{""record_number"": 1454, ""operation_mode"": 0, ""state"": 0, ""battery_voltage"": 0, ""wifi_rssi"": -82, ""acc_data"": {""ax"": -0.7, ""ay"": 0.07, ""az"": 0.65, ""pitch"": -44.19, ""roll"": 5.59}, ""gyro_data"": {""gx"": -9.36, ""gy"": -3.72, ""gz"": -3.75}, ""gps_data"": {""latitude"": 0, ""longitude"": 0, ""gps_altitude"": 0, ""time"": 150117}, ""alt_data"": {""pressure"": 852.94, ""temperature"": 27.88, ""AGL"": 0.31, ""velocity"": 0, ""kalman_altitude"": 0.31, ""kalman_vertical_velocity"": -5.09}, ""chute_state"": {""pyro1_state"": 0, ""pyro2_state"": 0}, ""connection_status"": {""connected"": true, ""has_ever_connected"": true, ""packet_age_ms"": 0, ""timeout_exceeded"": false, ""rssi"": -82}, ""communication_mode"": ""BEACON"", ""timestamp"": 7310, ""packets_received"": 49, ""kalman_data"": {""altitude"": 0.31, ""vertical_velocity"": -5.09}, ""kalman_altitude"": 0.31, ""kalman_vertical_velocity"": -5.09, ""pyroDrogue"": 0, ""pyroMain"": 0, ""pyro1_state"": 0, ""pyro2_state"": 0}"
1768306762.364941,2026-01-13T15:19:22.364941,1456,0,0,-0.7,0.07,0.64,-44.58,6.11,-8.93,-3.48,-3.45,0,0,0,150316,852.9,27.88,0.74,0,0,0,0,-82,0.72,-4.97,BEACON,"{""record_number"": 1456, ""operation_mode"": 0, ""state"": 0, ""battery_voltage"": 0, ""wifi_rssi"": -82, ""acc_data"": {""ax"": -0.7, ""ay"": 0.07, ""az"": 0.64, ""pitch"": -44.58, ""roll"": 6.11}, ""gyro_data"": {""gx"": -8.93, ""gy"": -3.48, ""gz"": -3.45}, ""gps_data"": {""latitude"": 0, ""longitude"": 0, ""gps_altitude"": 0, ""time"": 150316}, ""alt_data"": {""pressure"": 852.9, ""temperature"": 27.88, ""AGL"": 0.74, ""velocity"": 0, ""kalman_altitude"": 0.72, ""kalman_vertical_velocity"": -4.97}, ""chute_state"": {""pyro1_state"": 0, ""pyro2_state"": 0}, ""connection_status"": {""connected"": true, ""has_ever_connected"": true, ""packet_age_ms"": 0, ""timeout_exceeded"": false, ""rssi"": -82}, ""communication_mode"": ""BEACON"", ""timestamp"": 7419, ""packets_received"": 50, ""kalman_data"": {""altitude"": 0.72, ""vertical_velocity"": -4.97}, ""kalman_altitude"": 0.72, ""kalman_vertical_velocity"": -4.97, ""pyroDrogue"": 0, ""pyroMain"": 0, ""pyro1_state"": 0, ""pyro2_state"": 0}"
1768306762.492938,2026-01-13T15:19:22.492938,1457,0,0,-0.7,0.07,0.65,-44.58,5.84,-9.39,-3.02,-3.96,0,0,0,150316,852.9,27.88,0.74,0,0,0,0,-83,0.71,-4.98,BEACON,"{""record_number"": 1457, ""operation_mode"": 0, ""state"": 0, ""battery_voltage"": 0, ""wifi_rssi"": -83, ""acc_data"": {""ax"": -0.7, ""ay"": 0.07, ""az"": 0.65, ""pitch"": -44.58, ""roll"": 5.84}, ""gyro_data"": {""gx"": -9.39, ""gy"": -3.02, ""gz"": -3.96}, ""gps_data"": {""latitude"": 0, ""longitude"": 0, ""gps_altitude"": 0, ""time"": 150316}, ""alt_data"": {""pressure"": 852.9, ""temperature"": 27.88, ""AGL"": 0.74, ""velocity"": 0, ""kalman_altitude"": 0.71, ""kalman_vertical_velocity"": -4.98}, ""chute_state"": {""pyro1_state"": 0, ""pyro2_state"": 0}, ""connection_status"": {""connected"": true, ""has_ever_connected"": true, ""packet_age_ms"": 1, ""timeout_exceeded"": false, ""rssi"": -83}, ""communication_mode"": ""BEACON"", ""timestamp"": 7532, ""packets_received"": 51, ""kalman_data"": {""altitude"": 0.71, ""vertical_velocity"": -4.98}, ""kalman_altitude"": 0.71, ""kalman_vertical_velocity"": -4.98, ""pyroDrogue"": 0, ""pyroMain"": 0, ""pyro1_state"": 0, ""pyro2_state"": 0}"
1768306762.592571,2026-01-13T15:19:22.592571,1458,0,0,-0.7,0.07,0.64,-44.82,6.09,-9.85,-3.78,-2.99,0,0,0,150517,852.88,27.88,0.85,0,0,0,0,-82,0.84,-4.94,BEACON,"{""record_number"": 1458, ""operation_mode"": 0, ""state"": 0, ""battery_voltage"": 0, ""wifi_rssi"": -82, ""acc_data"": {""ax"": -0.7, ""ay"": 0.07, ""az"": 0.64, ""pitch"": -44.82, ""roll"": 6.09}, ""gyro_data"": {""gx"": -9.85, ""gy"": -3.78, ""gz"": -2.99}, ""gps_data"": {""latitude"": 0, ""longitude"": 0, ""gps_altitude"": 0, ""time"": 150517}, ""alt_data"": {""pressure"": 852.88, ""temperature"": 27.88, ""AGL"": 0.85, ""velocity"": 0, ""kalman_altitude"": 0.84, ""kalman_vertical_velocity"": -4.94}, ""chute_state"": {""pyro1_state"": 0, ""pyro2_state"": 0}, ""connection_status"": {""connected"": true, ""has_ever_connected"": true, ""packet_age_ms"": 0, ""timeout_exceeded"": false, ""rssi"": -82}, ""communication_mode"": ""BEACON"", ""timestamp"": 7643, ""packets_received"": 52, ""kalman_data"": {""altitude"": 0.84, ""vertical_velocity"": -4.94}, ""kalman_altitude"": 0.84, ""kalman_vertical_velocity"": -4.94, ""pyroDrogue"": 0, ""pyroMain"": 0, ""pyro1_state"": 0, ""pyro2_state"": 0}"
1768306762.713034,2026-01-13T15:19:22.713034,1460,0,0,-0.71,0.07,0.64,-44.7,6.81,-9.42,-3.81,-3.87,0,0,0,150517,852.86,27.86,1.08,0,0,0,0,-83,1.06,-4.88,BEACON,"{""record_number"": 1460, ""operation_mode"": 0, ""state"": 0, ""battery_voltage"": 0, ""wifi_rssi"": -83, ""acc_data"": {""ax"": -0.71, ""ay"": 0.07, ""az"": 0.64, ""pitch"": -44.7, ""roll"": 6.81}, ""gyro_data"": {""gx"": -9.42, ""gy"": -3.81, ""gz"": -3.87}, ""gps_data"": {""latitude"": 0, ""longitude"": 0, ""gps_altitude"": 0, ""time"": 150517}, ""alt_data"": {""pressure"": 852.86, ""temperature"": 27.86, ""AGL"": 1.08, ""velocity"": 0, ""kalman_altitude"": 1.06, ""kalman_vertical_velocity"": -4.88}, ""chute_state"": {""pyro1_state"": 0, ""pyro2_state"": 0}, ""connection_status"": {""connected"": true, ""has_ever_connected"": true, ""packet_age_ms"": 0, ""timeout_exceeded"": false, ""rssi"": -83}, ""communication_mode"": ""BEACON"", ""timestamp"": 7756, ""packets_received"": 53, ""kalman_data"": {""altitude"": 1.06, ""vertical_velocity"": -4.88}, ""kalman_altitude"": 1.06, ""kalman_vertical_velocity"": -4.88, ""pyroDrogue"": 0, ""pyroMain"": 0, ""pyro1_state"": 0, ""pyro2_state"": 0}"
1768306762.815557,2026-01-13T15:19:22.815557,1461,0,0,-0.7,0.06,0.65,-44.34,5.58,-8.6,-3.08,-3.29,0,0,0,150720,852.89,27.88,0.78,0,0,0,0,-84,0.75,-4.98,BEACON,"{""record_number"": 1461, ""operation_mode"": 0, ""state"": 0, ""battery_voltage"": 0, ""wifi_rssi"": -84, ""acc_data"": {""ax"": -0.7, ""ay"": 0.06, ""az"": 0.65, ""pitch"": -44.34, ""roll"": 5.58}, ""gyro_data"": {""gx"": -8.6, ""gy"": -3.08, ""gz"": -3.29}, ""gps_data"": {""latitude"": 0, ""longitude"": 0, ""gps_altitude"": 0, ""time"": 150720}, ""alt_data"": {""pressure"": 852.89, ""temperature"": 27.88, ""AGL"": 0.78, ""velocity"": 0, ""kalman_altitude"": 0.75, ""kalman_vertical_velocity"": -4.98}, ""chute_state"": {""pyro1_state"": 0, ""pyro2_state"": 0}, ""connection_status"": {""connected"": true, ""has_ever_connected"": true, ""packet_age_ms"": 0, ""timeout_exceeded"": false, ""rssi"": -84}, ""communication_mode"": ""BEACON"", ""timestamp"": 7869, ""packets_received"": 54, ""kalman_data"": {""altitude"": 0.75, ""vertical_velocity"": -4.98}, ""kalman_altitude"": 0.75, ""kalman_vertical_velocity"": -4.98, ""pyroDrogue"": 0, ""pyroMain"": 0, ""pyro1_state"": 0, ""pyro2_state"": 0}"
1768306762.947563,2026-01-13T15:19:22.947563,1462,0,0,-0.7,0.07,0.65,-44.15,6.4,-9.51,-3.02,-4.42,0,0,0,150921,852.88,27.88,0.92,0,0,0,0,-83,0.91,-4.94,BEACON,"{""record_number"": 1462, ""operation_mode"": 0, ""state"": 0, ""battery_voltage"": 0, ""wifi_rssi"": -83, ""acc_data"": {""ax"": -0.7, ""ay"": 0.07, ""az"": 0.65, ""pitch"": -44.15, ""roll"": 6.4}, ""gyro_data"": {""gx"": -9.51, ""gy"": -3.02, ""gz"": -4.42}, ""gps_data"": {""latitude"": 0, ""longitude"": 0, ""gps_altitude"": 0, ""time"": 150921}, ""alt_data"": {""pressure"": 852.88, ""temperature"": 27.88, ""AGL"": 0.92, ""velocity"": 0, ""kalman_altitude"": 0.91, ""kalman_vertical_velocity"": -4.94}, ""chute_state"": {""pyro1_state"": 0, ""pyro2_state"": 0}, ""connection_status"": {""connected"": true, ""has_ever_connected"": true, ""packet_age_ms"": 0, ""timeout_exceeded"": false, ""rssi"": -83}, ""communication_mode"": ""BEACON"", ""timestamp"": 7982, ""packets_received"": 55, ""kalman_data"": {""altitude"": 0.91, ""vertical_velocity"": -4.94}, ""kalman_altitude"": 0.91, ""kalman_vertical_velocity"": -4.94, ""pyroDrogue"": 0, ""pyroMain"": 0, ""pyro1_state"": 0, ""pyro2_state"": 0}"
1768306763.04156,2026-01-13T15:19:23.041560,1463,0,0,-0.7,0.08,0.64,-44.27,5.62,-9.42,-4.6,-3.99,0,0,0,150921,852.89,27.88,0.78,0,0,0,0,-84,0.78,-4.98,BEACON,"{""record_number"": 1463, ""operation_mode"": 0, ""state"": 0, ""battery_voltage"": 0, ""wifi_rssi"": -84, ""acc_data"": {""ax"": -0.7, ""ay"": 0.08, ""az"": 0.64, ""pitch"": -44.27, ""roll"": 5.62}, ""gyro_data"": {""gx"": -9.42, ""gy"": -4.6, ""gz"": -3.99}, ""gps_data"": {""latitude"": 0, ""longitude"": 0, ""gps_altitude"": 0, ""time"": 150921}, ""alt_data"": {""pressure"": 852.89, ""temperature"": 27.88, ""AGL"": 0.78, ""velocity"": 0, ""kalman_altitude"": 0.78, ""kalman_vertical_velocity"": -4.98}, ""chute_state"": {""pyro1_state"": 0, ""pyro2_state"": 0}, ""connection_status"": {""connected"": true, ""has_ever_connected"": true, ""packet_age_ms"": 1, ""timeout_exceeded"": false, ""rssi"": -84}, ""communication_mode"": ""BEACON"", ""timestamp"": 8095, ""packets_received"": 56, ""kalman_data"": {""altitude"": 0.78, ""vertical_velocity"": -4.98}, ""kalman_altitude"": 0.78, ""kalman_vertical_velocity"": -4.98, ""pyroDrogue"": 0, ""pyroMain"": 0, ""pyro1_state"": 0, ""pyro2_state"": 0}"
1768306763.171138,2026-01-13T15:19:23.171138,1465,0,0,-0.7,0.07,0.65,-44.42,5.9,-9.12,-3.26,-3.26,0,0,0,151120,852.9,27.88,0.66,0,0,0,0,-82,0.67,-5.02,BEACON,"{""record_number"": 1465, ""operation_mode"": 0, ""state"": 0, ""battery_voltage"": 0, ""wifi_rssi"": -82, ""acc_data"": {""ax"": -0.7, ""ay"": 0.07, ""az"": 0.65, ""pitch"": -44.42, ""roll"": 5.9}, ""gyro_data"": {""gx"": -9.12, ""gy"": -3.26, ""gz"": -3.26}, ""gps_data"": {""latitude"": 0, ""longitude"": 0, ""gps_altitude"": 0, ""time"": 151120}, ""alt_data"": {""pressure"": 852.9, ""temperature"": 27.88, ""AGL"": 0.66, ""velocity"": 0, ""kalman_altitude"": 0.67, ""kalman_vertical_velocity"": -5.02}, ""chute_state"": {""pyro1_state"": 0, ""pyro2_state"": 0}, ""connection_status"": {""connected"": true, ""has_ever_connected"": true, ""packet_age_ms"": 1, ""timeout_exceeded"": false, ""rssi"": -82}, ""communication_mode"": ""BEACON"", ""timestamp"": 8207, ""packets_received"": 57, ""kalman_data"": {""altitude"": 0.67, ""vertical_velocity"": -5.02}, ""kalman_altitude"": 0.67, ""kalman_vertical_velocity"": -5.02, ""pyroDrogue"": 0, ""pyroMain"": 0, ""pyro1_state"": 0, ""pyro2_state"": 0}"
1768306763.265172,2026-01-13T15:19:23.265172,1466,0,0,-0.7,0.07,0.64,-44.82,6.73,-8.6,-1.95,-4.12,0,0,0,151120,852.9,27.88,0.71,0,0,0,0,-81,0.7,-5.02,BEACON,"{""record_number"": 1466, ""operation_mode"": 0, ""state"": 0, ""battery_voltage"": 0, ""wifi_rssi"": -81, ""acc_data"": {""ax"": -0.7, ""ay"": 0.07, ""az"": 0.64, ""pitch"": -44.82, ""roll"": 6.73}, ""gyro_data"": {""gx"": -8.6, ""gy"": -1.95, ""gz"": -4.12}, ""gps_data"": {""latitude"": 0, ""longitude"": 0, ""gps_altitude"": 0, ""time"": 151120}, ""alt_data"": {""pressure"": 852.9, ""temperature"": 27.88, ""AGL"": 0.71, ""velocity"": 0, ""kalman_altitude"": 0.7, ""kalman_vertical_velocity"": -5.02}, ""chute_state"": {""pyro1_state"": 0, ""pyro2_state"": 0}, ""connection_status"": {""connected"": true, ""has_ever_connected"": true, ""packet_age_ms"": 0, ""timeout_exceeded"": false, ""rssi"": -81}, ""communication_mode"": ""BEACON"", ""timestamp"": 8319, ""packets_received"": 58, ""kalman_data"": {""altitude"": 0.7, ""vertical_velocity"": -5.02}, ""kalman_altitude"": 0.7, ""kalman_vertical_velocity"": -5.02, ""pyroDrogue"": 0, ""pyroMain"": 0, ""pyro1_state"": 0, ""pyro2_state"": 0}"
1768306763.392463,2026-01-13T15:19:23.392463,1468,0,0,-0.7,0.07,0.64,-44.3,6.34,-8.69,-2.5,-3.6,0,0,0,151321,852.88,27.88,0.92,0,0,0,0,-85,0.91,-4.96,BEACON,"{""record_number"": 1468, ""operation_mode"": 0, ""state"": 0, ""battery_voltage"": 0, ""wifi_rssi"": -85, ""acc_data"": {""ax"": -0.7, ""ay"": 0.07, ""az"": 0.64, ""pitch"": -44.3, ""roll"": 6.34}, ""gyro_data"": {""gx"": -8.69, ""gy"": -2.5, ""gz"": -3.6}, ""gps_data"": {""latitude"": 0, ""longitude"": 0, ""gps_altitude"": 0, ""time"": 151321}, ""alt_data"": {""pressure"": 852.88, ""temperature"": 27.88, ""AGL"": 0.92, ""velocity"": 0, ""kalman_altitude"": 0.91, ""kalman_vertical_velocity"": -4.96}, ""chute_state"": {""pyro1_state"": 0, ""pyro2_state"": 0}, ""connection_status"": {""connected"": true, ""has_ever_connected"": true, ""packet_age_ms"": 0, ""timeout_exceeded"": false, ""rssi"": -85}, ""communication_mode"": ""BEACON"", ""timestamp"": 8432, ""packets_received"": 59, ""kalman_data"": {""altitude"": 0.91, ""vertical_velocity"": -4.96}, ""kalman_altitude"": 0.91, ""kalman_vertical_velocity"": -4.96, ""pyroDrogue"": 0, ""pyroMain"": 0, ""pyro1_state"": 0, ""pyro2_state"": 0}"
1768306763.490465,2026-01-13T15:19:23.490465,1469,0,0,-0.7,0.07,0.64,-44.19,6.26,-8.84,-3.32,-3.51,0,0,0,151321,852.87,27.88,0.99,0,0,0,0,-83,0.97,-4.95,BEACON,"{""record_number"": 1469, ""operation_mode"": 0, ""state"": 0, ""battery_voltage"": 0, ""wifi_rssi"": -83, ""acc_data"": {""ax"": -0.7, ""ay"": 0.07, ""az"": 0.64, ""pitch"": -44.19, ""roll"": 6.26}, ""gyro_data"": {""gx"": -8.84, ""gy"": -3.32, ""gz"": -3.51}, ""gps_data"": {""latitude"": 0, ""longitude"": 0, ""gps_altitude"": 0, ""time"": 151321}, ""alt_data"": {""pressure"": 852.87, ""temperature"": 27.88, ""AGL"": 0.99, ""velocity"": 0, ""kalman_altitude"": 0.97, ""kalman_vertical_velocity"": -4.95}, ""chute_state"": {""pyro1_state"": 0, ""pyro2_state"": 0}, ""connection_status"": {""connected"": true, ""has_ever_connected"": true, ""packet_age_ms"": 1, ""timeout_exceeded"": false, ""rssi"": -83}, ""communication_mode"": ""BEACON"", ""timestamp"": 8545, ""packets_received"": 60, ""kalman_data"": {""altitude"": 0.97, ""vertical_velocity"": -4.95}, ""kalman_altitude"": 0.97, ""kalman_vertical_velocity"": -4.95, ""pyroDrogue"": 0, ""pyroMain"": 0, ""pyro1_state"": 0, ""pyro2_state"": 0}"
1768306763.62016,2026-01-13T15:19:23.620160,1470,0,0,-0.7,0.07,0.64,-44.27,6.26,-8.66,-3.32,-4.3,0,0,0,151521,852.93,27.88,0.38,0,0,0,0,-84,0.4,-5.12,BEACON,"{""record_number"": 1470, ""operation_mode"": 0, ""state"": 0, ""battery_voltage"": 0, ""wifi_rssi"": -84, ""acc_data"": {""ax"": -0.7, ""ay"": 0.07, ""az"": 0.64, ""pitch"": -44.27, ""roll"": 6.26}, ""gyro_data"": {""gx"": -8.66, ""gy"": -3.32, ""gz"": -4.3}, ""gps_data"": {""latitude"": 0, ""longitude"": 0, ""gps_altitude"": 0, ""time"": 151521}, ""alt_data"": {""pressure"": 852.93, ""temperature"": 27.88, ""AGL"": 0.38, ""velocity"": 0, ""kalman_altitude"": 0.4, ""kalman_vertical_velocity"": -5.12}, ""chute_state"": {""pyro1_state"": 0, ""pyro2_state"": 0}, ""connection_status"": {""connected"": true, ""has_ever_connected"": true, ""packet_age_ms"": 0, ""timeout_exceeded"": false, ""rssi"": -84}, ""communication_mode"": ""BEACON"", ""timestamp"": 8657, ""packets_received"": 61, ""kalman_data"": {""altitude"": 0.4, ""vertical_velocity"": -5.12}, ""kalman_altitude"": 0.4, ""kalman_vertical_velocity"": -5.12, ""pyroDrogue"": 0, ""pyroMain"": 0, ""pyro1_state"": 0, ""pyro2_state"": 0}"
1768306763.719161,2026-01-13T15:19:23.719161,1471,0,0,-0.69,0.07,0.64,-44.66,6.54,-9.18,-1.83,-3.38,0,0,0,151726,852.96,27.89,0.08,0,0,0,0,-83,0.09,-5.22,BEACON,"{""record_number"": 1471, ""operation_mode"": 0, ""state"": 0, ""battery_voltage"": 0, ""wifi_rssi"": -83, ""acc_data"": {""ax"": -0.69, ""ay"": 0.07, ""az"": 0.64, ""pitch"": -44.66, ""roll"": 6.54}, ""gyro_data"": {""gx"": -9.18, ""gy"": -1.83, ""gz"": -3.38}, ""gps_data"": {""latitude"": 0, ""longitude"": 0, ""gps_altitude"": 0, ""time"": 151726}, ""alt_data"": {""pressure"": 852.96, ""temperature"": 27.89, ""AGL"": 0.08, ""velocity"": 0, ""kalman_altitude"": 0.09, ""kalman_vertical_velocity"": -5.22}, ""chute_state"": {""pyro1_state"": 0, ""pyro2_state"": 0}, ""connection_status"": {""connected"": true, ""has_ever_connected"": true, ""packet_age_ms"": 0, ""timeout_exceeded"": false, ""rssi"": -83}, ""communication_mode"": ""BEACON"", ""timestamp"": 8770, ""packets_received"": 62, ""kalman_data"": {""altitude"": 0.09, ""vertical_velocity"": -5.22}, ""kalman_altitude"": 0.09, ""kalman_vertical_velocity"": -5.22, ""pyroDrogue"": 0, ""pyroMain"": 0, ""pyro1_state"": 0, ""pyro2_state"": 0}"
1768306763.829669,2026-01-13T15:19:23.829669,1473,0,0,-0.7,0.07,0.64,-44.23,5.8,-10.27,-3.87,-3.54,0,0,0,151726,852.91,27.88,0.63,0,0,0,0,-85,0.6,-5.07,BEACON,"{""record_number"": 1473, ""operation_mode"": 0, ""state"": 0, ""battery_voltage"": 0, ""wifi_rssi"": -85, ""acc_data"": {""ax"": -0.7, ""ay"": 0.07, ""az"": 0.64, ""pitch"": -44.23, ""roll"": 5.8}, ""gyro_data"": {""gx"": -10.27, ""gy"": -3.87, ""gz"": -3.54}, ""gps_data"": {""latitude"": 0, ""longitude"": 0, ""gps_altitude"": 0, ""time"": 151726}, ""alt_data"": {""pressure"": 852.91, ""temperature"": 27.88, ""AGL"": 0.63, ""velocity"": 0, ""kalman_altitude"": 0.6, ""kalman_vertical_velocity"": -5.07}, ""chute_state"": {""pyro1_state"": 0, ""pyro2_state"": 0}, ""connection_status"": {""connected"": true, ""has_ever_connected"": true, ""packet_age_ms"": 0, ""timeout_exceeded"": false, ""rssi"": -85}, ""communication_mode"": ""BEACON"", ""timestamp"": 8880, ""packets_received"": 63, ""kalman_data"": {""altitude"": 0.6, ""vertical_velocity"": -5.07}, ""kalman_altitude"": 0.6, ""kalman_vertical_velocity"": -5.07, ""pyroDrogue"": 0, ""pyroMain"": 0, ""pyro1_state"": 0, ""pyro2_state"": 0}"
1768306763.95467,2026-01-13T15:19:23.954670,1474,0,0,-0.7,0.07,0.64,-44.42,6.29,-9.3,-3.23,-4.02,0,0,0,151927,852.92,27.89,0.51,0,0,0,0,-85,0.5,-5.11,BEACON,"{""record_number"": 1474, ""operation_mode"": 0, ""state"": 0, ""battery_voltage"": 0, ""wifi_rssi"": -85, ""acc_data"": {""ax"": -0.7, ""ay"": 0.07, ""az"": 0.64, ""pitch"": -44.42, ""roll"": 6.29}, ""gyro_data"": {""gx"": -9.3, ""gy"": -3.23, ""gz"": -4.02}, ""gps_data"": {""latitude"": 0, ""longitude"": 0, ""gps_altitude"": 0, ""time"": 151927}, ""alt_data"": {""pressure"": 852.92, ""temperature"": 27.89, ""AGL"": 0.51, ""velocity"": 0, ""kalman_altitude"": 0.5, ""kalman_vertical_velocity"": -5.11}, ""chute_state"": {""pyro1_state"": 0, ""pyro2_state"": 0}, ""connection_status"": {""connected"": true, ""has_ever_connected"": true, ""packet_age_ms"": 0, ""timeout_exceeded"": false, ""rssi"": -85}, ""communication_mode"": ""BEACON"", ""timestamp"": 8994, ""packets_received"": 64, ""kalman_data"": {""altitude"": 0.5, ""vertical_velocity"": -5.11}, ""kalman_altitude"": 0.5, ""kalman_vertical_velocity"": -5.11, ""pyroDrogue"": 0, ""pyroMain"": 0, ""pyro1_state"": 0, ""pyro2_state"": 0}"
1768306764.164869,2026-01-13T15:19:24.164869,1477,0,0,-0.7,0.07,0.63,-44.11,6.6,-9.12,-2.99,-3.57,0,0,0,152127,852.92,27.88,0.52,0,0,0,0,-86,0.5,-5.12,BEACON,"{""record_number"": 1477, ""operation_mode"": 0, ""state"": 0, ""battery_voltage"": 0, ""wifi_rssi"": -86, ""acc_data"": {""ax"": -0.7, ""ay"": 0.07, ""az"": 0.63, ""pitch"": -44.11, ""roll"": 6.6}, ""gyro_data"": {""gx"": -9.12, ""gy"": -2.99, ""gz"": -3.57}, ""gps_data"": {""latitude"": 0, ""longitude"": 0, ""gps_altitude"": 0, ""time"": 152127}, ""alt_data"": {""pressure"": 852.92, ""temperature"": 27.88, ""AGL"": 0.52, ""velocity"": 0, ""kalman_altitude"": 0.5, ""kalman_vertical_velocity"": -5.12}, ""chute_state"": {""pyro1_state"": 0, ""pyro2_state"": 0}, ""connection_status"": {""connected"": true, ""has_ever_connected"": true, ""packet_age_ms"": 0, ""timeout_exceeded"": false, ""rssi"": -86}, ""communication_mode"": ""BEACON"", ""timestamp"": 9218, ""packets_received"": 65, ""kalman_data"": {""altitude"": 0.5, ""vertical_velocity"": -5.12}, ""kalman_altitude"": 0.5, ""kalman_vertical_velocity"": -5.12, ""pyroDrogue"": 0, ""pyroMain"": 0, ""pyro1_state"": 0, ""pyro2_state"": 0}"
1768306764.407574,2026-01-13T15:19:24.407574,1479,0,0,-0.71,0.07,0.63,-44.3,6.21,-8.69,-3.26,-3.99,0,0,0,152328,852.98,27.88,-0.09,0,0,0,0,-86,-0.07,-5.3,BEACON,"{""record_number"": 1479, ""operation_mode"": 0, ""state"": 0, ""battery_voltage"": 0, ""wifi_rssi"": -86, ""acc_data"": {""ax"": -0.71, ""ay"": 0.07, ""az"": 0.63, ""pitch"": -44.3, ""roll"": 6.21}, ""gyro_data"": {""gx"": -8.69, ""gy"": -3.26, ""gz"": -3.99}, ""gps_data"": {""latitude"": 0, ""longitude"": 0, ""gps_altitude"": 0, ""time"": 152328}, ""alt_data"": {""pressure"": 852.98, ""temperature"": 27.88, ""AGL"": -0.09, ""velocity"": 0, ""kalman_altitude"": -0.07, ""kalman_vertical_velocity"": -5.3}, ""chute_state"": {""pyro1_state"": 0, ""pyro2_state"": 0}, ""connection_status"": {""connected"": true, ""has_ever_connected"": true, ""packet_age_ms"": 0, ""timeout_exceeded"": false, ""rssi"": -86}, ""communication_mode"": ""BEACON"", ""timestamp"": 9444, ""packets_received"": 66, ""kalman_data"": {""altitude"": -0.07, ""vertical_velocity"": -5.3}, ""kalman_altitude"": -0.07, ""kalman_vertical_velocity"": -5.3, ""pyroDrogue"": 0, ""pyroMain"": 0, ""pyro1_state"": 0, ""pyro2_state"": 0}"
1768306764.504571,2026-01-13T15:19:24.504571,1481,0,0,-0.69,0.07,0.64,-44.38,5.92,-9.18,-3.23,-3.75,0,0,0,152328,852.89,27.88,0.77,0,0,0,0,-85,0.73,-5.07,BEACON,"{""record_number"": 1481, ""operation_mode"": 0, ""state"": 0, ""battery_voltage"": 0, ""wifi_rssi"": -85, ""acc_data"": {""ax"": -0.69, ""ay"": 0.07, ""az"": 0.64, ""pitch"": -44.38, ""roll"": 5.92}, ""gyro_data"": {""gx"": -9.18, ""gy"": -3.23, ""gz"": -3.75}, ""gps_data"": {""latitude"": 0, ""longitude"": 0, ""gps_altitude"": 0, ""time"": 152328}, ""alt_data"": {""pressure"": 852.89, ""temperature"": 27.88, ""AGL"": 0.77, ""velocity"": 0, ""kalman_altitude"": 0.73, ""kalman_vertical_velocity"": -5.07}, ""chute_state"": {""pyro1_state"": 0, ""pyro2_state"": 0}, ""connection_status"": {""connected"": true, ""has_ever_connected"": true, ""packet_age_ms"": 1, ""timeout_exceeded"": false, ""rssi"": -85}, ""communication_mode"": ""BEACON"", ""timestamp"": 9557, ""packets_received"": 67, ""kalman_data"": {""altitude"": 0.73, ""vertical_velocity"": -5.07}, ""kalman_altitude"": 0.73, ""kalman_vertical_velocity"": -5.07, ""pyroDrogue"": 0, ""pyroMain"": 0, ""pyro1_state"": 0, ""pyro2_state"": 0}"
1768306764.640099,2026-01-13T15:19:24.640099,1482,0,0,-0.7,0.07,0.64,-44.66,5.76,-9.73,-2.96,-3.75,0,0,0,152528,852.95,27.89,0.22,0,0,0,0,-84,0.23,-5.23,BEACON,"{""record_number"": 1482, ""operation_mode"": 0, ""state"": 0, ""battery_voltage"": 0, ""wifi_rssi"": -84, ""acc_data"": {""ax"": -0.7, ""ay"": 0.07, ""az"": 0.64, ""pitch"": -44.66, ""roll"": 5.76}, ""gyro_data"": {""gx"": -9.73, ""gy"": -2.96, ""gz"": -3.75}, ""gps_data"": {""latitude"": 0, ""longitude"": 0, ""gps_altitude"": 0, ""time"": 152528}, ""alt_data"": {""pressure"": 852.95, ""temperature"": 27.89, ""AGL"": 0.22, ""velocity"": 0, ""kalman_altitude"": 0.23, ""kalman_vertical_velocity"": -5.23}, ""chute_state"": {""pyro1_state"": 0, ""pyro2_state"": 0}, ""connection_status"": {""connected"": true, ""has_ever_connected"": true, ""packet_age_ms"": 0, ""timeout_exceeded"": false, ""rssi"": -84}, ""communication_mode"": ""BEACON"", ""timestamp"": 9668, ""packets_received"": 68, ""kalman_data"": {""altitude"": 0.23, ""vertical_velocity"": -5.23}, ""kalman_altitude"": 0.23, ""kalman_vertical_velocity"": -5.23, ""pyroDrogue"": 0, ""pyroMain"": 0, ""pyro1_state"": 0, ""pyro2_state"": 0}"
1768306764.734098,2026-01-13T15:19:24.734098,1483,0,0,-0.7,0.07,0.64,-44.3,6.38,-9.48,-3.11,-3.75,0,0,0,152733,852.9,27.89,0.66,0,0,0,0,-85,0.64,-5.11,BEACON,"{""record_number"": 1483, ""operation_mode"": 0, ""state"": 0, ""battery_voltage"": 0, ""wifi_rssi"": -85, ""acc_data"": {""ax"": -0.7, ""ay"": 0.07, ""az"": 0.64, ""pitch"": -44.3, ""roll"": 6.38}, ""gyro_data"": {""gx"": -9.48, ""gy"": -3.11, ""gz"": -3.75}, ""gps_data"": {""latitude"": 0, ""longitude"": 0, ""gps_altitude"": 0, ""time"": 152733}, ""alt_data"": {""pressure"": 852.9, ""temperature"": 27.89, ""AGL"": 0.66, ""velocity"": 0, ""kalman_altitude"": 0.64, ""kalman_vertical_velocity"": -5.11}, ""chute_state"": {""pyro1_state"": 0, ""pyro2_state"": 0}, ""connection_status"": {""connected"": true, ""has_ever_connected"": true, ""packet_age_ms"": 0, ""timeout_exceeded"": false, ""rssi"": -85}, ""communication_mode"": ""BEACON"", ""timestamp"": 9780, ""packets_received"": 69, ""kalman_data"": {""altitude"": 0.64, ""vertical_velocity"": -5.11}, ""kalman_altitude"": 0.64, ""kalman_vertical_velocity"": -5.11, ""pyroDrogue"": 0, ""pyroMain"": 0, ""pyro1_state"": 0, ""pyro2_state"": 0}"
1768306764.841308,2026-01-13T15:19:24.841308,1485,0,0,-0.7,0.07,0.64,-44.97,6.35,-9.51,-2.74,-3.72,0,0,0,152733,852.92,27.88,0.53,0,0,0,0,-85,0.53,-5.15,BEACON,"{""record_number"": 1485, ""operation_mode"": 0, ""state"": 0, ""battery_voltage"": 0, ""wifi_rssi"": -85, ""acc_data"": {""ax"": -0.7, ""ay"": 0.07, ""az"": 0.64, ""pitch"": -44.97, ""roll"": 6.35}, ""gyro_data"": {""gx"": -9.51, ""gy"": -2.74, ""gz"": -3.72}, ""gps_data"": {""latitude"": 0, ""longitude"": 0, ""gps_altitude"": 0, ""time"": 152733}, ""alt_data"": {""pressure"": 852.92, ""temperature"": 27.88, ""AGL"": 0.53, ""velocity"": 0, ""kalman_altitude"": 0.53, ""kalman_vertical_velocity"": -5.15}, ""chute_state"": {""pyro1_state"": 0, ""pyro2_state"": 0}, ""connection_status"": {""connected"": true, ""has_ever_connected"": true, ""packet_age_ms"": 0, ""timeout_exceeded"": false, ""rssi"": -85}, ""communication_mode"": ""BEACON"", ""timestamp"": 9893, ""packets_received"": 70, ""kalman_data"": {""altitude"": 0.53, ""vertical_velocity"": -5.15}, ""kalman_altitude"": 0.53, ""kalman_vertical_velocity"": -5.15, ""pyroDrogue"": 0, ""pyroMain"": 0, ""pyro1_state"": 0, ""pyro2_state"": 0}"
1768306764.993809,2026-01-13T15:19:24.993809,1486,0,0,-0.7,0.07,0.64,-44.34,6.36,-9.73,-2.9,-3.96,0,0,0,152933,852.88,27.89,0.91,0,0,0,0,-86,0.87,-5.05,BEACON,"{""record_number"": 1486, ""operation_mode"": 0, ""state"": 0, ""battery_voltage"": 0, ""wifi_rssi"": -86, ""acc_data"": {""ax"": -0.7, ""ay"": 0.07, ""az"": 0.64, ""pitch"": -44.34, ""roll"": 6.36}, ""gyro_data"": {""gx"": -9.73, ""gy"": -2.9, ""gz"": -3.96}, ""gps_data"": {""latitude"": 0, ""longitude"": 0, ""gps_altitude"": 0, ""time"": 152933}, ""alt_data"": {""pressure"": 852.88, ""temperature"": 27.89, ""AGL"": 0.91, ""velocity"": 0, ""kalman_altitude"": 0.87, ""kalman_vertical_velocity"": -5.05}, ""chute_state"": {""pyro1_state"": 0, ""pyro2_state"": 0}, ""connection_status"": {""connected"": true, ""has_ever_connected"": true, ""packet_age_ms"": 0, ""timeout_exceeded"": false, ""rssi"": -86}, ""communication_mode"": ""BEACON"", ""timestamp"": 10006, ""packets_received"": 71, ""kalman_data"": {""altitude"": 0.87, ""vertical_velocity"": -5.05}, ""kalman_altitude"": 0.87, ""kalman_vertical_velocity"": -5.05, ""pyroDrogue"": 0, ""pyroMain"": 0, ""pyro1_state"": 0, ""pyro2_state"": 0}"
1768306765.096811,2026-01-13T15:19:25.096811,1487,0,0,-0.7,0.07,0.65,-44.85,6.21,-8.87,-3.2,-3.9,0,0,0,152933,852.92,27.89,0.54,0,0,0,0,-87,0.56,-5.15,BEACON,"{""record_number"": 1487, ""operation_mode"": 0, ""state"": 0, ""battery_voltage"": 0, ""wifi_rssi"": -87, ""acc_data"": {""ax"": -0.7, ""ay"": 0.07, ""az"": 0.65, ""pitch"": -44.85, ""roll"": 6.21}, ""gyro_data"": {""gx"": -8.87, ""gy"": -3.2, ""gz"": -3.9}, ""gps_data"": {""latitude"": 0, ""longitude"": 0, ""gps_altitude"": 0, ""time"": 152933}, ""alt_data"": {""pressure"": 852.92, ""temperature"": 27.89, ""AGL"": 0.54, ""velocity"": 0, ""kalman_altitude"": 0.56, ""kalman_vertical_velocity"": -5.15}, ""chute_state"": {""pyro1_state"": 0, ""pyro2_state"": 0}, ""connection_status"": {""connected"": true, ""has_ever_connected"": true, ""packet_age_ms"": 0, ""timeout_exceeded"": false, ""rssi"": -87}, ""communication_mode"": ""BEACON"", ""timestamp"": 10150, ""packets_received"": 72, ""kalman_data"": {""altitude"": 0.56, ""vertical_velocity"": -5.15}, ""kalman_altitude"": 0.56, ""kalman_vertical_velocity"": -5.15, ""pyroDrogue"": 0, ""pyroMain"": 0, ""pyro1_state"": 0, ""pyro2_state"": 0}"
1768306765.200596,2026-01-13T15:19:25.200596,1489,0,0,-0.7,0.07,0.64,-44.46,6.63,-9.24,-3.54,-3.48,0,0,0,153132,852.85,27.88,1.16,0,0,0,0,-85,1.14,-4.98,BEACON,"{""record_number"": 1489, ""operation_mode"": 0, ""state"": 0, ""battery_voltage"": 0, ""wifi_rssi"": -85, ""acc_data"": {""ax"": -0.7, ""ay"": 0.07, ""az"": 0.64, ""pitch"": -44.46, ""roll"": 6.63}, ""gyro_data"": {""gx"": -9.24, ""gy"": -3.54, ""gz"": -3.48}, ""gps_data"": {""latitude"": 0, ""longitude"": 0, ""gps_altitude"": 0, ""time"": 153132}, ""alt_data"": {""pressure"": 852.85, ""temperature"": 27.88, ""AGL"": 1.16, ""velocity"": 0, ""kalman_altitude"": 1.14, ""kalman_vertical_velocity"": -4.98}, ""chute_state"": {""pyro1_state"": 0, ""pyro2_state"": 0}, ""connection_status"": {""connected"": true, ""has_ever_connected"": true, ""packet_age_ms"": 0, ""timeout_exceeded"": false, ""rssi"": -85}, ""communication_mode"": ""BEACON"", ""timestamp"": 10253, ""packets_received"": 73, ""kalman_data"": {""altitude"": 1.14, ""vertical_velocity"": -4.98}, ""kalman_altitude"": 1.14, ""kalman_vertical_velocity"": -4.98, ""pyroDrogue"": 0, ""pyroMain"": 0, ""pyro1_state"": 0, ""pyro2_state"": 0}"
1768306765.323971,2026-01-13T15:19:25.323971,1490,0,0,-0.7,0.08,0.65,-44.62,6.77,-8.45,-3.51,-3.63,0,0,0,153132,852.88,27.88,0.92,0,0,0,0,-86,0.92,-5.06,BEACON,"{""record_number"": 1490, ""operation_mode"": 0, ""state"": 0, ""battery_voltage"": 0, ""wifi_rssi"": -86, ""acc_data"": {""ax"": -0.7, ""ay"": 0.08, ""az"": 0.65, ""pitch"": -44.62, ""roll"": 6.77}, ""gyro_data"": {""gx"": -8.45, ""gy"": -3.51, ""gz"": -3.63}, ""gps_data"": {""latitude"": 0, ""longitude"": 0, ""gps_altitude"": 0, ""time"": 153132}, ""alt_data"": {""pressure"": 852.88, ""temperature"": 27.88, ""AGL"": 0.92, ""velocity"": 0, ""kalman_altitude"": 0.92, ""kalman_vertical_velocity"": -5.06}, ""chute_state"": {""pyro1_state"": 0, ""pyro2_state"": 0}, ""connection_status"": {""connected"": true, ""has_ever_connected"": true, ""packet_age_ms"": 1, ""timeout_exceeded"": false, ""rssi"": -86}, ""communication_mode"": ""BEACON"", ""timestamp"": 10357, ""packets_received"": 74, ""kalman_data"": {""altitude"": 0.92, ""vertical_velocity"": -5.06}, ""kalman_altitude"": 0.92, ""kalman_vertical_velocity"": -5.06, ""pyroDrogue"": 0, ""pyroMain"": 0, ""pyro1_state"": 0, ""pyro2_state"": 0}"
1768306765.406755,2026-01-13T15:19:25.406755,1491,0,0,-0.7,0.07,0.64,-44.46,6.04,-9.09,-3.54,-3.38,0,0,0,153333,852.93,27.89,0.44,0,0,0,0,-86,0.46,-5.2,BEACON,"{""record_number"": 1491, ""operation_mode"": 0, ""state"": 0, ""battery_voltage"": 0, ""wifi_rssi"": -86, ""acc_data"": {""ax"": -0.7, ""ay"": 0.07, ""az"": 0.64, ""pitch"": -44.46, ""roll"": 6.04}, ""gyro_data"": {""gx"": -9.09, ""gy"": -3.54, ""gz"": -3.38}, ""gps_data"": {""latitude"": 0, ""longitude"": 0, ""gps_altitude"": 0, ""time"": 153333}, ""alt_data"": {""pressure"": 852.93, ""temperature"": 27.89, ""AGL"": 0.44, ""velocity"": 0, ""kalman_altitude"": 0.46, ""kalman_vertical_velocity"": -5.2}, ""chute_state"": {""pyro1_state"": 0, ""pyro2_state"": 0}, ""connection_status"": {""connected"": true, ""has_ever_connected"": true, ""packet_age_ms"": 0, ""timeout_exceeded"": false, ""rssi"": -86}, ""communication_mode"": ""BEACON"", ""timestamp"": 10460, ""packets_received"": 75, ""kalman_data"": {""altitude"": 0.46, ""vertical_velocity"": -5.2}, ""kalman_altitude"": 0.46, ""kalman_vertical_velocity"": -5.2, ""pyroDrogue"": 0, ""pyroMain"": 0, ""pyro1_state"": 0, ""pyro2_state"": 0}"
1768306765.514754,2026-01-13T15:19:25.514754,1493,0,0,-0.7,0.07,0.64,-44.5,6.51,-8.96,-3.38,-3.54,0,0,0,153333,852.9,27.89,0.69,0,0,0,0,-85,0.68,-5.14,BEACON,"{""record_number"": 1493, ""operation_mode"": 0, ""state"": 0, ""battery_voltage"": 0, ""wifi_rssi"": -85, ""acc_data"": {""ax"": -0.7, ""ay"": 0.07, ""az"": 0.64, ""pitch"": -44.5, ""roll"": 6.51}, ""gyro_data"": {""gx"": -8.96, ""gy"": -3.38, ""gz"": -3.54}, ""gps_data"": {""latitude"": 0, ""longitude"": 0, ""gps_altitude"": 0, ""time"": 153333}, ""alt_data"": {""pressure"": 852.9, ""temperature"": 27.89, ""AGL"": 0.69, ""velocity"": 0, ""kalman_altitude"": 0.68, ""kalman_vertical_velocity"": -5.14}, ""chute_state"": {""pyro1_state"": 0, ""pyro2_state"": 0}, ""connection_status"": {""connected"": true, ""has_ever_connected"": true, ""packet_age_ms"": 0, ""timeout_exceeded"": false, ""rssi"": -85}, ""communication_mode"": ""BEACON"", ""timestamp"": 10569, ""packets_received"": 76, ""kalman_data"": {""altitude"": 0.68, ""vertical_velocity"": -5.14}, ""kalman_altitude"": 0.68, ""kalman_vertical_velocity"": -5.14, ""pyroDrogue"": 0, ""pyroMain"": 0, ""pyro1_state"": 0, ""pyro2_state"": 0}"
1768306765.64632,2026-01-13T15:19:25.646320,1494,0,0,-0.69,0.06,0.64,-44.5,6.84,-9.12,-2.47,-3.29,0,0,0,153533,852.92,27.89,0.51,0,0,0,0,-87,0.51,-5.19,BEACON,"{""record_number"": 1494, ""operation_mode"": 0, ""state"": 0, ""battery_voltage"": 0, ""wifi_rssi"": -87, ""acc_data"": {""ax"": -0.69, ""ay"": 0.06, ""az"": 0.64, ""pitch"": -44.5, ""roll"": 6.84}, ""gyro_data"": {""gx"": -9.12, ""gy"": -2.47, ""gz"": -3.29}, ""gps_data"": {""latitude"": 0, ""longitude"": 0, ""gps_altitude"": 0, ""time"": 153533}, ""alt_data"": {""pressure"": 852.92, ""temperature"": 27.89, ""AGL"": 0.51, ""velocity"": 0, ""kalman_altitude"": 0.51, ""kalman_vertical_velocity"": -5.19}, ""chute_state"": {""pyro1_state"": 0, ""pyro2_state"": 0}, ""connection_status"": {""connected"": true, ""has_ever_connected"": true, ""packet_age_ms"": 0, ""timeout_exceeded"": false, ""rssi"": -87}, ""communication_mode"": ""BEACON"", ""timestamp"": 10682, ""packets_received"": 77, ""kalman_data"": {""altitude"": 0.51, ""vertical_velocity"": -5.19}, ""kalman_altitude"": 0.51, ""kalman_vertical_velocity"": -5.19, ""pyroDrogue"": 0, ""pyroMain"": 0, ""pyro1_state"": 0, ""pyro2_state"": 0}"
1768306765.740403,2026-01-13T15:19:25.740403,1495,0,0,-0.69,0.07,0.65,-44.62,6.15,-9.3,-3.23,-4.05,0,0,0,153738,852.92,27.9,0.47,0,0,0,0,-85,0.47,-5.21,BEACON,"{""record_number"": 1495, ""operation_mode"": 0, ""state"": 0, ""battery_voltage"": 0, ""wifi_rssi"": -85, ""acc_data"": {""ax"": -0.69, ""ay"": 0.07, ""az"": 0.65, ""pitch"": -44.62, ""roll"": 6.15}, ""gyro_data"": {""gx"": -9.3, ""gy"": -3.23, ""gz"": -4.05}, ""gps_data"": {""latitude"": 0, ""longitude"": 0, ""gps_altitude"": 0, ""time"": 153738}, ""alt_data"": {""pressure"": 852.92, ""temperature"": 27.9, ""AGL"": 0.47, ""velocity"": 0, ""kalman_altitude"": 0.47, ""kalman_vertical_velocity"": -5.21}, ""chute_state"": {""pyro1_state"": 0, ""pyro2_state"": 0}, ""connection_status"": {""connected"": true, ""has_ever_connected"": true, ""packet_age_ms"": 0, ""timeout_exceeded"": false, ""rssi"": -85}, ""communication_mode"": ""BEACON"", ""timestamp"": 10794, ""packets_received"": 78, ""kalman_data"": {""altitude"": 0.47, ""vertical_velocity"": -5.21}, ""kalman_altitude"": 0.47, ""kalman_vertical_velocity"": -5.21, ""pyroDrogue"": 0, ""pyroMain"": 0, ""pyro1_state"": 0, ""pyro2_state"": 0}"
1768306765.866337,2026-01-13T15:19:25.866337,1497,0,0,-0.69,0.07,0.64,-44.62,6.17,-9.33,-3.45,-3.9,0,0,0,153738,852.92,27.89,0.51,0,0,0,0,-85,0.5,-5.21,BEACON,"{""record_number"": 1497, ""operation_mode"": 0, ""state"": 0, ""battery_voltage"": 0, ""wifi_rssi"": -85, ""acc_data"": {""ax"": -0.69, ""ay"": 0.07, ""az"": 0.64, ""pitch"": -44.62, ""roll"": 6.17}, ""gyro_data"": {""gx"": -9.33, ""gy"": -3.45, ""gz"": -3.9}, ""gps_data"": {""latitude"": 0, ""longitude"": 0, ""gps_altitude"": 0, ""time"": 153738}, ""alt_data"": {""pressure"": 852.92, ""temperature"": 27.89, ""AGL"": 0.51, ""velocity"": 0, ""kalman_altitude"": 0.5, ""kalman_vertical_velocity"": -5.21}, ""chute_state"": {""pyro1_state"": 0, ""pyro2_state"": 0}, ""connection_status"": {""connected"": true, ""has_ever_connected"": true, ""packet_age_ms"": 0, ""timeout_exceeded"": false, ""rssi"": -85}, ""communication_mode"": ""BEACON"", ""timestamp"": 10906, ""packets_received"": 79, ""kalman_data"": {""altitude"": 0.5, ""vertical_velocity"": -5.21}, ""kalman_altitude"": 0.5, ""kalman_vertical_velocity"": -5.21, ""pyroDrogue"": 0, ""pyroMain"": 0, ""pyro1_state"": 0, ""pyro2_state"": 0}"
1768306766.064877,2026-01-13T15:19:26.064877,1498,0,0,-0.7,0.07,0.64,-44.19,6.41,-9.51,-2.99,-3.63,0,0,0,153939,852.91,27.88,0.56,0,0,0,0,-84,0.58,-5.19,BEACON,"{""record_number"": 1498, ""operation_mode"": 0, ""state"": 0, ""battery_voltage"": 0, ""wifi_rssi"": -84, ""acc_data"": {""ax"": -0.7, ""ay"": 0.07, ""az"": 0.64, ""pitch"": -44.19, ""roll"": 6.41}, ""gyro_data"": {""gx"": -9.51, ""gy"": -2.99, ""gz"": -3.63}, ""gps_data"": {""latitude"": 0, ""longitude"": 0, ""gps_altitude"": 0, ""time"": 153939}, ""alt_data"": {""pressure"": 852.91, ""temperature"": 27.88, ""AGL"": 0.56, ""velocity"": 0, ""kalman_altitude"": 0.58, ""kalman_vertical_velocity"": -5.19}, ""chute_state"": {""pyro1_state"": 0, ""pyro2_state"": 0}, ""connection_status"": {""connected"": true, ""has_ever_connected"": true, ""packet_age_ms"": 0, ""timeout_exceeded"": false, ""rssi"": -84}, ""communication_mode"": ""BEACON"", ""timestamp"": 11021, ""packets_received"": 80, ""kalman_data"": {""altitude"": 0.58, ""vertical_velocity"": -5.19}, ""kalman_altitude"": 0.58, ""kalman_vertical_velocity"": -5.19, ""pyroDrogue"": 0, ""pyroMain"": 0, ""pyro1_state"": 0, ""pyro2_state"": 0}"
1768306766.165876,2026-01-13T15:19:26.165876,1499,0,0,-0.7,0.07,0.64,-44.42,6.56,-9.42,-3.05,-3.41,0,0,0,153939,853,27.89,-0.28,0,0,0,0,-84,-0.24,-5.44,BEACON,"{""record_number"": 1499, ""operation_mode"": 0, ""state"": 0, ""battery_voltage"": 0, ""wifi_rssi"": -84, ""acc_data"": {""ax"": -0.7, ""ay"": 0.07, ""az"": 0.64, ""pitch"": -44.42, ""roll"": 6.56}, ""gyro_data"": {""gx"": -9.42, ""gy"": -3.05, ""gz"": -3.41}, ""gps_data"": {""latitude"": 0, ""longitude"": 0, ""gps_altitude"": 0, ""time"": 153939}, ""alt_data"": {""pressure"": 853, ""temperature"": 27.89, ""AGL"": -0.28, ""velocity"": 0, ""kalman_altitude"": -0.24, ""kalman_vertical_velocity"": -5.44}, ""chute_state"": {""pyro1_state"": 0, ""pyro2_state"": 0}, ""connection_status"": {""connected"": true, ""has_ever_connected"": true, ""packet_age_ms"": 0, ""timeout_exceeded"": false, ""rssi"": -84}, ""communication_mode"": ""BEACON"", ""timestamp"": 11132, ""packets_received"": 81, ""kalman_data"": {""altitude"": -0.24, ""vertical_velocity"": -5.44}, ""kalman_altitude"": -0.24, ""kalman_vertical_velocity"": -5.44, ""pyroDrogue"": 0, ""pyroMain"": 0, ""pyro1_state"": 0, ""pyro2_state"": 0}"
1768306766.257606,2026-01-13T15:19:26.257606,1500,0,0,-0.7,0.07,0.63,-44.74,6.01,-9.7,-3.23,-4.02,0,0,0,154139,852.86,27.87,1.11,0,0,0,0,-83,1.04,-5.06,BEACON,"{""record_number"": 1500, ""operation_mode"": 0, ""state"": 0, ""battery_voltage"": 0, ""wifi_rssi"": -83, ""acc_data"": {""ax"": -0.7, ""ay"": 0.07, ""az"": 0.63, ""pitch"": -44.74, ""roll"": 6.01}, ""gyro_data"": {""gx"": -9.7, ""gy"": -3.23, ""gz"": -4.02}, ""gps_data"": {""latitude"": 0, ""longitude"": 0, ""gps_altitude"": 0, ""time"": 154139}, ""alt_data"": {""pressure"": 852.86, ""temperature"": 27.87, ""AGL"": 1.11, ""velocity"": 0, ""kalman_altitude"": 1.04, ""kalman_vertical_velocity"": -5.06}, ""chute_state"": {""pyro1_state"": 0, ""pyro2_state"": 0}, ""connection_status"": {""connected"": true, ""has_ever_connected"": true, ""packet_age_ms"": 0, ""timeout_exceeded"": false, ""rssi"": -83}, ""communication_mode"": ""BEACON"", ""timestamp"": 11245, ""packets_received"": 82, ""kalman_data"": {""altitude"": 1.04, ""vertical_velocity"": -5.06}, ""kalman_altitude"": 1.04, ""kalman_vertical_velocity"": -5.06, ""pyroDrogue"": 0, ""pyroMain"": 0, ""pyro1_state"": 0, ""pyro2_state"": 0}"
1768306766.337605,2026-01-13T15:19:26.337605,1502,0,0,-0.7,0.07,0.64,-44.34,6.38,-9.02,-2.84,-3.66,0,0,0,154139,852.88,27.88,0.88,0,0,0,0,-83,0.87,-5.12,BEACON,"{""record_number"": 1502, ""operation_mode"": 0, ""state"": 0, ""battery_voltage"": 0, ""wifi_rssi"": -83, ""acc_data"": {""ax"": -0.7, ""ay"": 0.07, ""az"": 0.64, ""pitch"": -44.34, ""roll"": 6.38}, ""gyro_data"": {""gx"": -9.02, ""gy"": -2.84, ""gz"": -3.66}, ""gps_data"": {""latitude"": 0, ""longitude"": 0, ""gps_altitude"": 0, ""time"": 154139}, ""alt_data"": {""pressure"": 852.88, ""temperature"": 27.88, ""AGL"": 0.88, ""velocity"": 0, ""kalman_altitude"": 0.87, ""kalman_vertical_velocity"": -5.12}, ""chute_state"": {""pyro1_state"": 0, ""pyro2_state"": 0}, ""connection_status"": {""connected"": true, ""has_ever_connected"": true, ""packet_age_ms"": 0, ""timeout_exceeded"": false, ""rssi"": -83}, ""communication_mode"": ""BEACON"", ""timestamp"": 11358, ""packets_received"": 83, ""kalman_data"": {""altitude"": 0.87, ""vertical_velocity"": -5.12}, ""kalman_altitude"": 0.87, ""kalman_vertical_velocity"": -5.12, ""pyroDrogue"": 0, ""pyroMain"": 0, ""pyro1_state"": 0, ""pyro2_state"": 0}"
1768306766.419455,2026-01-13T15:19:26.419455,1503,0,0,-0.7,0.06,0.64,-44.93,6.11,-9.24,-3.08,-3.9,0,0,0,154339,852.89,27.89,0.79,0,0,0,0,-84,0.8,-5.15,BEACON,"{""record_number"": 1503, ""operation_mode"": 0, ""state"": 0, ""battery_voltage"": 0, ""wifi_rssi"": -84, ""acc_data"": {""ax"": -0.7, ""ay"": 0.06, ""az"": 0.64, ""pitch"": -44.93, ""roll"": 6.11}, ""gyro_data"": {""gx"": -9.24, ""gy"": -3.08, ""gz"": -3.9}, ""gps_data"": {""latitude"": 0, ""longitude"": 0, ""gps_altitude"": 0, ""time"": 154339}, ""alt_data"": {""pressure"": 852.89, ""temperature"": 27.89, ""AGL"": 0.79, ""velocity"": 0, ""kalman_altitude"": 0.8, ""kalman_vertical_velocity"": -5.15}, ""chute_state"": {""pyro1_state"": 0, ""pyro2_state"": 0}, ""connection_status"": {""connected"": true, ""has_ever_connected"": true, ""packet_age_ms"": 0, ""timeout_exceeded"": false, ""rssi"": -84}, ""communication_mode"": ""BEACON"", ""timestamp"": 11471, ""packets_received"": 84, ""kalman_data"": {""altitude"": 0.8, ""vertical_velocity"": -5.15}, ""kalman_altitude"": 0.8, ""kalman_vertical_velocity"": -5.15, ""pyroDrogue"": 0, ""pyroMain"": 0, ""pyro1_state"": 0, ""pyro2_state"": 0}"
1768306766.55144,2026-01-13T15:19:26.551440,1504,0,0,-0.7,0.06,0.64,-44.42,6.16,-9.24,-3.26,-4.05,0,0,0,154538,852.91,27.89,0.61,0,0,0,0,-85,0.62,-5.2,BEACON,"{""record_number"": 1504, ""operation_mode"": 0, ""state"": 0, ""battery_voltage"": 0, ""wifi_rssi"": -85, ""acc_data"": {""ax"": -0.7, ""ay"": 0.06, ""az"": 0.64, ""pitch"": -44.42, ""roll"": 6.16}, ""gyro_data"": {""gx"": -9.24, ""gy"": -3.26, ""gz"": -4.05}, ""gps_data"": {""latitude"": 0, ""longitude"": 0, ""gps_altitude"": 0, ""time"": 154538}, ""alt_data"": {""pressure"": 852.91, ""temperature"": 27.89, ""AGL"": 0.61, ""velocity"": 0, ""kalman_altitude"": 0.62, ""kalman_vertical_velocity"": -5.2}, ""chute_state"": {""pyro1_state"": 0, ""pyro2_state"": 0}, ""connection_status"": {""connected"": true, ""has_ever_connected"": true, ""packet_age_ms"": 1, ""timeout_exceeded"": false, ""rssi"": -85}, ""communication_mode"": ""BEACON"", ""timestamp"": 11584, ""packets_received"": 85, ""kalman_data"": {""altitude"": 0.62, ""vertical_velocity"": -5.2}, ""kalman_altitude"": 0.62, ""kalman_vertical_velocity"": -5.2, ""pyroDrogue"": 0, ""pyroMain"": 0, ""pyro1_state"": 0, ""pyro2_state"": 0}"
1768306766.641438,2026-01-13T15:19:26.641438,1506,0,0,-0.7,0.07,0.64,-44.74,6.55,-9.48,-3.08,-3.81,0,0,0,154538,852.91,27.89,0.58,0,0,0,0,-86,0.58,-5.22,BEACON,"{""record_number"": 1506, ""operation_mode"": 0, ""state"": 0, ""battery_voltage"": 0, ""wifi_rssi"": -86, ""acc_data"": {""ax"": -0.7, ""ay"": 0.07, ""az"": 0.64, ""pitch"": -44.74, ""roll"": 6.55}, ""gyro_data"": {""gx"": -9.48, ""gy"": -3.08, ""gz"": -3.81}, ""gps_data"": {""latitude"": 0, ""longitude"": 0, ""gps_altitude"": 0, ""time"": 154538}, ""alt_data"": {""pressure"": 852.91, ""temperature"": 27.89, ""AGL"": 0.58, ""velocity"": 0, ""kalman_altitude"": 0.58, ""kalman_vertical_velocity"": -5.22}, ""chute_state"": {""pyro1_state"": 0, ""pyro2_state"": 0}, ""connection_status"": {""connected"": true, ""has_ever_connected"": true, ""packet_age_ms"": 1, ""timeout_exceeded"": false, ""rssi"": -86}, ""communication_mode"": ""BEACON"", ""timestamp"": 11696, ""packets_received"": 86, ""kalman_data"": {""altitude"": 0.58, ""vertical_velocity"": -5.22}, ""kalman_altitude"": 0.58, ""kalman_vertical_velocity"": -5.22, ""pyroDrogue"": 0, ""pyroMain"": 0, ""pyro1_state"": 0, ""pyro2_state"": 0}"
1768306766.771641,2026-01-13T15:19:26.771641,1507,0,0,-0.71,0.07,0.65,-43.92,6.09,-9.39,-3.75,-3.32,0,0,0,154745,852.93,27.89,0.36,0,0,0,0,-87,0.38,-5.29,BEACON,"{""record_number"": 1507, ""operation_mode"": 0, ""state"": 0, ""battery_voltage"": 0, ""wifi_rssi"": -87, ""acc_data"": {""ax"": -0.71, ""ay"": 0.07, ""az"": 0.65, ""pitch"": -43.92, ""roll"": 6.09}, ""gyro_data"": {""gx"": -9.39, ""gy"": -3.75, ""gz"": -3.32}, ""gps_data"": {""latitude"": 0, ""longitude"": 0, ""gps_altitude"": 0, ""time"": 154745}, ""alt_data"": {""pressure"": 852.93, ""temperature"": 27.89, ""AGL"": 0.36, ""velocity"": 0, ""kalman_altitude"": 0.38, ""kalman_vertical_velocity"": -5.29}, ""chute_state"": {""pyro1_state"": 0, ""pyro2_state"": 0}, ""connection_status"": {""connected"": true, ""has_ever_connected"": true, ""packet_age_ms"": 0, ""timeout_exceeded"": false, ""rssi"": -87}, ""communication_mode"": ""BEACON"", ""timestamp"": 11810, ""packets_received"": 87, ""kalman_data"": {""altitude"": 0.38, ""vertical_velocity"": -5.29}, ""kalman_altitude"": 0.38, ""kalman_vertical_velocity"": -5.29, ""pyroDrogue"": 0, ""pyroMain"": 0, ""pyro1_state"": 0, ""pyro2_state"": 0}"
1768306766.867642,2026-01-13T15:19:26.867642,1508,0,0,-0.7,0.07,0.64,-44.46,6,-9.63,-3.14,-3.2,0,0,0,154745,852.89,27.88,0.81,0,0,0,0,-83,0.79,-5.17,BEACON,"{""record_number"": 1508, ""operation_mode"": 0, ""state"": 0, ""battery_voltage"": 0, ""wifi_rssi"": -83, ""acc_data"": {""ax"": -0.7, ""ay"": 0.07, ""az"": 0.64, ""pitch"": -44.46, ""roll"": 6}, ""gyro_data"": {""gx"": -9.63, ""gy"": -3.14, ""gz"": -3.2}, ""gps_data"": {""latitude"": 0, ""longitude"": 0, ""gps_altitude"": 0, ""time"": 154745}, ""alt_data"": {""pressure"": 852.89, ""temperature"": 27.88, ""AGL"": 0.81, ""velocity"": 0, ""kalman_altitude"": 0.79, ""kalman_vertical_velocity"": -5.17}, ""chute_state"": {""pyro1_state"": 0, ""pyro2_state"": 0}, ""connection_status"": {""connected"": true, ""has_ever_connected"": true, ""packet_age_ms"": 0, ""timeout_exceeded"": false, ""rssi"": -83}, ""communication_mode"": ""BEACON"", ""timestamp"": 11920, ""packets_received"": 88, ""kalman_data"": {""altitude"": 0.79, ""vertical_velocity"": -5.17}, ""kalman_altitude"": 0.79, ""kalman_vertical_velocity"": -5.17, ""pyroDrogue"": 0, ""pyroMain"": 0, ""pyro1_state"": 0, ""pyro2_state"": 0}"
1768306766.999173,2026-01-13T15:19:26.999173,1510,0,0,-0.7,0.07,0.64,-44.27,5.88,-9.45,-3.45,-3.6,0,0,0,154946,852.92,27.89,0.47,0,0,0,0,-83,0.48,-5.27,BEACON,"{""record_number"": 1510, ""operation_mode"": 0, ""state"": 0, ""battery_voltage"": 0, ""wifi_rssi"": -83, ""acc_data"": {""ax"": -0.7, ""ay"": 0.07, ""az"": 0.64, ""pitch"": -44.27, ""roll"": 5.88}, ""gyro_data"": {""gx"": -9.45, ""gy"": -3.45, ""gz"": -3.6}, ""gps_data"": {""latitude"": 0, ""longitude"": 0, ""gps_altitude"": 0, ""time"": 154946}, ""alt_data"": {""pressure"": 852.92, ""temperature"": 27.89, ""AGL"": 0.47, ""velocity"": 0, ""kalman_altitude"": 0.48, ""kalman_vertical_velocity"": -5.27}, ""chute_state"": {""pyro1_state"": 0, ""pyro2_state"": 0}, ""connection_status"": {""connected"": true, ""has_ever_connected"": true, ""packet_age_ms"": 0, ""timeout_exceeded"": false, ""rssi"": -83}, ""communication_mode"": ""BEACON"", ""timestamp"": 12033, ""packets_received"": 89, ""kalman_data"": {""altitude"": 0.48, ""vertical_velocity"": -5.27}, ""kalman_altitude"": 0.48, ""kalman_vertical_velocity"": -5.27, ""pyroDrogue"": 0, ""pyroMain"": 0, ""pyro1_state"": 0, ""pyro2_state"": 0}"
1768306767.105393,2026-01-13T15:19:27.105393,1511,0,0,-0.69,0.07,0.64,-44.27,6.06,-8.81,-3.29,-3.99,0,0,0,154946,852.92,27.9,0.54,0,0,0,0,-82,0.54,-5.26,BEACON,"{""record_number"": 1511, ""operation_mode"": 0, ""state"": 0, ""battery_voltage"": 0, ""wifi_rssi"": -82, ""acc_data"": {""ax"": -0.69, ""ay"": 0.07, ""az"": 0.64, ""pitch"": -44.27, ""roll"": 6.06}, ""gyro_data"": {""gx"": -8.81, ""gy"": -3.29, ""gz"": -3.99}, ""gps_data"": {""latitude"": 0, ""longitude"": 0, ""gps_altitude"": 0, ""time"": 154946}, ""alt_data"": {""pressure"": 852.92, ""temperature"": 27.9, ""AGL"": 0.54, ""velocity"": 0, ""kalman_altitude"": 0.54, ""kalman_vertical_velocity"": -5.26}, ""chute_state"": {""pyro1_state"": 0, ""pyro2_state"": 0}, ""connection_status"": {""connected"": true, ""has_ever_connected"": true, ""packet_age_ms"": 0, ""timeout_exceeded"": false, ""rssi"": -82}, ""communication_mode"": ""BEACON"", ""timestamp"": 12146, ""packets_received"": 90, ""kalman_data"": {""altitude"": 0.54, ""vertical_velocity"": -5.26}, ""kalman_altitude"": 0.54, ""kalman_vertical_velocity"": -5.26, ""pyroDrogue"": 0, ""pyroMain"": 0, ""pyro1_state"": 0, ""pyro2_state"": 0}"
1768306767.205374,2026-01-13T15:19:27.205374,1512,0,0,-0.7,0.07,0.64,-44.23,5.94,-10,-2.96,-3.51,0,0,0,155146,852.96,27.9,0.11,0,0,0,0,-82,0.13,-5.38,BEACON,"{""record_number"": 1512, ""operation_mode"": 0, ""state"": 0, ""battery_voltage"": 0, ""wifi_rssi"": -82, ""acc_data"": {""ax"": -0.7, ""ay"": 0.07, ""az"": 0.64, ""pitch"": -44.23, ""roll"": 5.94}, ""gyro_data"": {""gx"": -10, ""gy"": -2.96, ""gz"": -3.51}, ""gps_data"": {""latitude"": 0, ""longitude"": 0, ""gps_altitude"": 0, ""time"": 155146}, ""alt_data"": {""pressure"": 852.96, ""temperature"": 27.9, ""AGL"": 0.11, ""velocity"": 0, ""kalman_altitude"": 0.13, ""kalman_vertical_velocity"": -5.38}, ""chute_state"": {""pyro1_state"": 0, ""pyro2_state"": 0}, ""connection_status"": {""connected"": true, ""has_ever_connected"": true, ""packet_age_ms"": 1, ""timeout_exceeded"": false, ""rssi"": -82}, ""communication_mode"": ""BEACON"", ""timestamp"": 12259, ""packets_received"": 91, ""kalman_data"": {""altitude"": 0.13, ""vertical_velocity"": -5.38}, ""kalman_altitude"": 0.13, ""kalman_vertical_velocity"": -5.38, ""pyroDrogue"": 0, ""pyroMain"": 0, ""pyro1_state"": 0, ""pyro2_state"": 0}"
1768306767.337617,2026-01-13T15:19:27.337617,1514,0,0,-0.7,0.07,0.65,-44.5,5.92,-8.81,-3.17,-3.41,0,0,0,155146,852.93,27.89,0.41,0,0,0,0,-82,0.39,-5.31,BEACON,"{""record_number"": 1514, ""operation_mode"": 0, ""state"": 0, ""battery_voltage"": 0, ""wifi_rssi"": -82, ""acc_data"": {""ax"": -0.7, ""ay"": 0.07, ""az"": 0.65, ""pitch"": -44.5, ""roll"": 5.92}, ""gyro_data"": {""gx"": -8.81, ""gy"": -3.17, ""gz"": -3.41}, ""gps_data"": {""latitude"": 0, ""longitude"": 0, ""gps_altitude"": 0, ""time"": 155146}, ""alt_data"": {""pressure"": 852.93, ""temperature"": 27.89, ""AGL"": 0.41, ""velocity"": 0, ""kalman_altitude"": 0.39, ""kalman_vertical_velocity"": -5.31}, ""chute_state"": {""pyro1_state"": 0, ""pyro2_state"": 0}, ""connection_status"": {""connected"": true, ""has_ever_connected"": true, ""packet_age_ms"": 0, ""timeout_exceeded"": false, ""rssi"": -82}, ""communication_mode"": ""BEACON"", ""timestamp"": 12376, ""packets_received"": 92, ""kalman_data"": {""altitude"": 0.39, ""vertical_velocity"": -5.31}, ""kalman_altitude"": 0.39, ""kalman_vertical_velocity"": -5.31, ""pyroDrogue"": 0, ""pyroMain"": 0, ""pyro1_state"": 0, ""pyro2_state"": 0}"
1768306767.433556,2026-01-13T15:19:27.433556,1515,0,0,-0.7,0.06,0.65,-44.07,6.64,-9.36,-2.26,-3.69,0,0,0,155345,852.9,27.89,0.66,0,0,0,0,-82,0.65,-5.24,BEACON,"{""record_number"": 1515, ""operation_mode"": 0, ""state"": 0, ""battery_voltage"": 0, ""wifi_rssi"": -82, ""acc_data"": {""ax"": -0.7, ""ay"": 0.06, ""az"": 0.65, ""pitch"": -44.07, ""roll"": 6.64}, ""gyro_data"": {""gx"": -9.36, ""gy"": -2.26, ""gz"": -3.69}, ""gps_data"": {""latitude"": 0, ""longitude"": 0, ""gps_altitude"": 0, ""time"": 155345}, ""alt_data"": {""pressure"": 852.9, ""temperature"": 27.89, ""AGL"": 0.66, ""velocity"": 0, ""kalman_altitude"": 0.65, ""kalman_vertical_velocity"": -5.24}, ""chute_state"": {""pyro1_state"": 0, ""pyro2_state"": 0}, ""connection_status"": {""connected"": true, ""has_ever_connected"": true, ""packet_age_ms"": 0, ""timeout_exceeded"": false, ""rssi"": -82}, ""communication_mode"": ""BEACON"", ""timestamp"": 12486, ""packets_received"": 93, ""kalman_data"": {""altitude"": 0.65, ""vertical_velocity"": -5.24}, ""kalman_altitude"": 0.65, ""kalman_vertical_velocity"": -5.24, ""pyroDrogue"": 0, ""pyroMain"": 0, ""pyro1_state"": 0, ""pyro2_state"": 0}"
1768306767.564978,2026-01-13T15:19:27.564978,1516,0,0,-0.69,0.08,0.63,-44.58,6.5,-8.17,-3.05,-3.54,0,0,0,155546,852.89,27.89,0.79,0,0,0,0,-81,0.79,-5.21,BEACON,"{""record_number"": 1516, ""operation_mode"": 0, ""state"": 0, ""battery_voltage"": 0, ""wifi_rssi"": -81, ""acc_data"": {""ax"": -0.69, ""ay"": 0.08, ""az"": 0.63, ""pitch"": -44.58, ""roll"": 6.5}, ""gyro_data"": {""gx"": -8.17, ""gy"": -3.05, ""gz"": -3.54}, ""gps_data"": {""latitude"": 0, ""longitude"": 0, ""gps_altitude"": 0, ""time"": 155546}, ""alt_data"": {""pressure"": 852.89, ""temperature"": 27.89, ""AGL"": 0.79, ""velocity"": 0, ""kalman_altitude"": 0.79, ""kalman_vertical_velocity"": -5.21}, ""chute_state"": {""pyro1_state"": 0, ""pyro2_state"": 0}, ""connection_status"": {""connected"": true, ""has_ever_connected"": true, ""packet_age_ms"": 0, ""timeout_exceeded"": false, ""rssi"": -81}, ""communication_mode"": ""BEACON"", ""timestamp"": 12598, ""packets_received"": 94, ""kalman_data"": {""altitude"": 0.79, ""vertical_velocity"": -5.21}, ""kalman_altitude"": 0.79, ""kalman_vertical_velocity"": -5.21, ""pyroDrogue"": 0, ""pyroMain"": 0, ""pyro1_state"": 0, ""pyro2_state"": 0}"
1768306767.677981,2026-01-13T15:19:27.677981,1518,0,0,-0.7,0.07,0.64,-44.3,6.48,-9.15,-2.9,-3.6,0,0,0,155546,852.87,27.89,0.98,0,0,0,0,-82,0.97,-5.16,BEACON,"{""record_number"": 1518, ""operation_mode"": 0, ""state"": 0, ""battery_voltage"": 0, ""wifi_rssi"": -82, ""acc_data"": {""ax"": -0.7, ""ay"": 0.07, ""az"": 0.64, ""pitch"": -44.3, ""roll"": 6.48}, ""gyro_data"": {""gx"": -9.15, ""gy"": -2.9, ""gz"": -3.6}, ""gps_data"": {""latitude"": 0, ""longitude"": 0, ""gps_altitude"": 0, ""time"": 155546}, ""alt_data"": {""pressure"": 852.87, ""temperature"": 27.89, ""AGL"": 0.98, ""velocity"": 0, ""kalman_altitude"": 0.97, ""kalman_vertical_velocity"": -5.16}, ""chute_state"": {""pyro1_state"": 0, ""pyro2_state"": 0}, ""connection_status"": {""connected"": true, ""has_ever_connected"": true, ""packet_age_ms"": 0, ""timeout_exceeded"": false, ""rssi"": -82}, ""communication_mode"": ""BEACON"", ""timestamp"": 12711, ""packets_received"": 95, ""kalman_data"": {""altitude"": 0.97, ""vertical_velocity"": -5.16}, ""kalman_altitude"": 0.97, ""kalman_vertical_velocity"": -5.16, ""pyroDrogue"": 0, ""pyroMain"": 0, ""pyro1_state"": 0, ""pyro2_state"": 0}"
1768306767.769981,2026-01-13T15:19:27.769981,1519,0,0,-0.7,0.07,0.64,-44.42,6.67,-8.66,-2.5,-3.78,0,0,0,155751,852.93,27.9,0.36,0,0,0,0,-82,0.38,-5.34,BEACON,"{""record_number"": 1519, ""operation_mode"": 0, ""state"": 0, ""battery_voltage"": 0, ""wifi_rssi"": -82, ""acc_data"": {""ax"": -0.7, ""ay"": 0.07, ""az"": 0.64, ""pitch"": -44.42, ""roll"": 6.67}, ""gyro_data"": {""gx"": -8.66, ""gy"": -2.5, ""gz"": -3.78}, ""gps_data"": {""latitude"": 0, ""longitude"": 0, ""gps_altitude"": 0, ""time"": 155751}, ""alt_data"": {""pressure"": 852.93, ""temperature"": 27.9, ""AGL"": 0.36, ""velocity"": 0, ""kalman_altitude"": 0.38, ""kalman_vertical_velocity"": -5.34}, ""chute_state"": {""pyro1_state"": 0, ""pyro2_state"": 0}, ""connection_status"": {""connected"": true, ""has_ever_connected"": true, ""packet_age_ms"": 0, ""timeout_exceeded"": false, ""rssi"": -82}, ""communication_mode"": ""BEACON"", ""timestamp"": 12823, ""packets_received"": 96, ""kalman_data"": {""altitude"": 0.38, ""vertical_velocity"": -5.34}, ""kalman_altitude"": 0.38, ""kalman_vertical_velocity"": -5.34, ""pyroDrogue"": 0, ""pyroMain"": 0, ""pyro1_state"": 0, ""pyro2_state"": 0}"
1768306767.894416,2026-01-13T15:19:27.894416,1520,0,0,-0.7,0.07,0.64,-44.58,6.55,-8.93,-2.8,-3.14,0,0,0,155751,852.85,27.88,1.2,0,0,0,0,-81,1.16,-5.12,BEACON,"{""record_number"": 1520, ""operation_mode"": 0, ""state"": 0, ""battery_voltage"": 0, ""wifi_rssi"": -81, ""acc_data"": {""ax"": -0.7, ""ay"": 0.07, ""az"": 0.64, ""pitch"": -44.58, ""roll"": 6.55}, ""gyro_data"": {""gx"": -8.93, ""gy"": -2.8, ""gz"": -3.14}, ""gps_data"": {""latitude"": 0, ""longitude"": 0, ""gps_altitude"": 0, ""time"": 155751}, ""alt_data"": {""pressure"": 852.85, ""temperature"": 27.88, ""AGL"": 1.2, ""velocity"": 0, ""kalman_altitude"": 1.16, ""kalman_vertical_velocity"": -5.12}, ""chute_state"": {""pyro1_state"": 0, ""pyro2_state"": 0}, ""connection_status"": {""connected"": true, ""has_ever_connected"": true, ""packet_age_ms"": 0, ""timeout_exceeded"": false, ""rssi"": -81}, ""communication_mode"": ""BEACON"", ""timestamp"": 12936, ""packets_received"": 97, ""kalman_data"": {""altitude"": 1.16, ""vertical_velocity"": -5.12}, ""kalman_altitude"": 1.16, ""kalman_vertical_velocity"": -5.12, ""pyroDrogue"": 0, ""pyroMain"": 0, ""pyro1_state"": 0, ""pyro2_state"": 0}"
1768306768.006449,2026-01-13T15:19:28.006449,1521,0,0,-0.7,0.08,0.64,-44.15,6.67,-8.72,-2.35,-3.75,0,0,0,155951,852.87,27.89,1.02,0,0,0,0,-81,1.02,-5.16,BEACON,"{""record_number"": 1521, ""operation_mode"": 0, ""state"": 0, ""battery_voltage"": 0, ""wifi_rssi"": -81, ""acc_data"": {""ax"": -0.7, ""ay"": 0.08, ""az"": 0.64, ""pitch"": -44.15, ""roll"": 6.67}, ""gyro_data"": {""gx"": -8.72, ""gy"": -2.35, ""gz"": -3.75}, ""gps_data"": {""latitude"": 0, ""longitude"": 0, ""gps_altitude"": 0, ""time"": 155951}, ""alt_data"": {""pressure"": 852.87, ""temperature"": 27.89, ""AGL"": 1.02, ""velocity"": 0, ""kalman_altitude"": 1.02, ""kalman_vertical_velocity"": -5.16}, ""chute_state"": {""pyro1_state"": 0, ""pyro2_state"": 0}, ""connection_status"": {""connected"": true, ""has_ever_connected"": true, ""packet_age_ms"": 0, ""timeout_exceeded"": false, ""rssi"": -81}, ""communication_mode"": ""BEACON"", ""timestamp"": 13049, ""packets_received"": 98, ""kalman_data"": {""altitude"": 1.02, ""vertical_velocity"": -5.16}, ""kalman_altitude"": 1.02, ""kalman_vertical_velocity"": -5.16, ""pyroDrogue"": 0, ""pyroMain"": 0, ""pyro1_state"": 0, ""pyro2_state"": 0}"
1768306768.125448,2026-01-13T15:19:28.125448,1523,0,0,-0.71,0.07,0.64,-44.42,6.12,-9.51,-2.62,-3.75,0,0,0,155951,852.9,27.89,0.69,0,0,0,0,-82,0.69,-5.27,BEACON,"{""record_number"": 1523, ""operation_mode"": 0, ""state"": 0, ""battery_voltage"": 0, ""wifi_rssi"": -82, ""acc_data"": {""ax"": -0.71, ""ay"": 0.07, ""az"": 0.64, ""pitch"": -44.42, ""roll"": 6.12}, ""gyro_data"": {""gx"": -9.51, ""gy"": -2.62, ""gz"": -3.75}, ""gps_data"": {""latitude"": 0, ""longitude"": 0, ""gps_altitude"": 0, ""time"": 155951}, ""alt_data"": {""pressure"": 852.9, ""temperature"": 27.89, ""AGL"": 0.69, ""velocity"": 0, ""kalman_altitude"": 0.69, ""kalman_vertical_velocity"": -5.27}, ""chute_state"": {""pyro1_state"": 0, ""pyro2_state"": 0}, ""connection_status"": {""connected"": true, ""has_ever_connected"": true, ""packet_age_ms"": 0, ""timeout_exceeded"": false, ""rssi"": -82}, ""communication_mode"": ""BEACON"", ""timestamp"": 13161, ""packets_received"": 99, ""kalman_data"": {""altitude"": 0.69, ""vertical_velocity"": -5.27}, ""kalman_altitude"": 0.69, ""kalman_vertical_velocity"": -5.27, ""pyroDrogue"": 0, ""pyroMain"": 0, ""pyro1_state"": 0, ""pyro2_state"": 0}"
1768306768.219353,2026-01-13T15:19:28.219353,1524,0,0,-0.7,0.08,0.64,-44.66,6.37,-8.72,-3.45,-3.6,0,0,0,156151,852.88,27.88,0.91,0,0,0,0,-81,0.9,-5.21,BEACON,"{""record_number"": 1524, ""operation_mode"": 0, ""state"": 0, ""battery_voltage"": 0, ""wifi_rssi"": -81, ""acc_data"": {""ax"": -0.7, ""ay"": 0.08, ""az"": 0.64, ""pitch"": -44.66, ""roll"": 6.37}, ""gyro_data"": {""gx"": -8.72, ""gy"": -3.45, ""gz"": -3.6}, ""gps_data"": {""latitude"": 0, ""longitude"": 0, ""gps_altitude"": 0, ""time"": 156151}, ""alt_data"": {""pressure"": 852.88, ""temperature"": 27.88, ""AGL"": 0.91, ""velocity"": 0, ""kalman_altitude"": 0.9, ""kalman_vertical_velocity"": -5.21}, ""chute_state"": {""pyro1_state"": 0, ""pyro2_state"": 0}, ""connection_status"": {""connected"": true, ""has_ever_connected"": true, ""packet_age_ms"": 0, ""timeout_exceeded"": false, ""rssi"": -81}, ""communication_mode"": ""BEACON"", ""timestamp"": 13274, ""packets_received"": 100, ""kalman_data"": {""altitude"": 0.9, ""vertical_velocity"": -5.21}, ""kalman_altitude"": 0.9, ""kalman_vertical_velocity"": -5.21, ""pyroDrogue"": 0, ""pyroMain"": 0, ""pyro1_state"": 0, ""pyro2_state"": 0}"
1768306768.347657,2026-01-13T15:19:28.347657,1525,0,0,-0.7,0.07,0.64,-44.5,6.79,-8.66,-2.96,-3.45,0,0,0,156151,852.91,27.89,0.61,0,0,0,0,-81,0.63,-5.29,BEACON,"{""record_number"": 1525, ""operation_mode"": 0, ""state"": 0, ""battery_voltage"": 0, ""wifi_rssi"": -81, ""acc_data"": {""ax"": -0.7, ""ay"": 0.07, ""az"": 0.64, ""pitch"": -44.5, ""roll"": 6.79}, ""gyro_data"": {""gx"": -8.66, ""gy"": -2.96, ""gz"": -3.45}, ""gps_data"": {""latitude"": 0, ""longitude"": 0, ""gps_altitude"": 0, ""time"": 156151}, ""alt_data"": {""pressure"": 852.91, ""temperature"": 27.89, ""AGL"": 0.61, ""velocity"": 0, ""kalman_altitude"": 0.63, ""kalman_vertical_velocity"": -5.29}, ""chute_state"": {""pyro1_state"": 0, ""pyro2_state"": 0}, ""connection_status"": {""connected"": true, ""has_ever_connected"": true, ""packet_age_ms"": 1, ""timeout_exceeded"": false, ""rssi"": -81}, ""communication_mode"": ""BEACON"", ""timestamp"": 13387, ""packets_received"": 101, ""kalman_data"": {""altitude"": 0.63, ""vertical_velocity"": -5.29}, ""kalman_altitude"": 0.63, ""kalman_vertical_velocity"": -5.29, ""pyroDrogue"": 0, ""pyroMain"": 0, ""pyro1_state"": 0, ""pyro2_state"": 0}"
1768306768.446652,2026-01-13T15:19:28.446652,1527,0,0,-0.7,0.07,0.63,-44.3,6.4,-8.78,-3.38,-3.63,0,0,0,156350,852.87,27.88,0.95,0,0,0,0,-81,0.94,-5.21,BEACON,"{""record_number"": 1527, ""operation_mode"": 0, ""state"": 0, ""battery_voltage"": 0, ""wifi_rssi"": -81, ""acc_data"": {""ax"": -0.7, ""ay"": 0.07, ""az"": 0.63, ""pitch"": -44.3, ""roll"": 6.4}, ""gyro_data"": {""gx"": -8.78, ""gy"": -3.38, ""gz"": -3.63}, ""gps_data"": {""latitude"": 0, ""longitude"": 0, ""gps_altitude"": 0, ""time"": 156350}, ""alt_data"": {""pressure"": 852.87, ""temperature"": 27.88, ""AGL"": 0.95, ""velocity"": 0, ""kalman_altitude"": 0.94, ""kalman_vertical_velocity"": -5.21}, ""chute_state"": {""pyro1_state"": 0, ""pyro2_state"": 0}, ""connection_status"": {""connected"": true, ""has_ever_connected"": true, ""packet_age_ms"": 1, ""timeout_exceeded"": false, ""rssi"": -81}, ""communication_mode"": ""BEACON"", ""timestamp"": 13499, ""packets_received"": 102, ""kalman_data"": {""altitude"": 0.94, ""vertical_velocity"": -5.21}, ""kalman_altitude"": 0.94, ""kalman_vertical_velocity"": -5.21, ""pyroDrogue"": 0, ""pyroMain"": 0, ""pyro1_state"": 0, ""pyro2_state"": 0}"
1768306768.580715,2026-01-13T15:19:28.580715,1528,0,0,-0.7,0.07,0.63,-44.78,6.26,-9.91,-3.02,-3.48,0,0,0,156550,852.88,27.89,0.87,0,0,0,0,-81,0.86,-5.24,BEACON,"{""record_number"": 1528, ""operation_mode"": 0, ""state"": 0, ""battery_voltage"": 0, ""wifi_rssi"": -81, ""acc_data"": {""ax"": -0.7, ""ay"": 0.07, ""az"": 0.63, ""pitch"": -44.78, ""roll"": 6.26}, ""gyro_data"": {""gx"": -9.91, ""gy"": -3.02, ""gz"": -3.48}, ""gps_data"": {""latitude"": 0, ""longitude"": 0, ""gps_altitude"": 0, ""time"": 156550}, ""alt_data"": {""pressure"": 852.88, ""temperature"": 27.89, ""AGL"": 0.87, ""velocity"": 0, ""kalman_altitude"": 0.86, ""kalman_vertical_velocity"": -5.24}, ""chute_state"": {""pyro1_state"": 0, ""pyro2_state"": 0}, ""connection_status"": {""connected"": true, ""has_ever_connected"": true, ""packet_age_ms"": 1, ""timeout_exceeded"": false, ""rssi"": -81}, ""communication_mode"": ""BEACON"", ""timestamp"": 13611, ""packets_received"": 103, ""kalman_data"": {""altitude"": 0.86, ""vertical_velocity"": -5.24}, ""kalman_altitude"": 0.86, ""kalman_vertical_velocity"": -5.24, ""pyroDrogue"": 0, ""pyroMain"": 0, ""pyro1_state"": 0, ""pyro2_state"": 0}"
1768306768.685059,2026-01-13T15:19:28.685059,1529,0,0,-0.7,0.07,0.64,-44.62,6.44,-9.57,-3.66,-3.93,0,0,0,156550,852.85,27.88,1.24,0,0,0,0,-81,1.22,-5.14,BEACON,"{""record_number"": 1529, ""operation_mode"": 0, ""state"": 0, ""battery_voltage"": 0, ""wifi_rssi"": -81, ""acc_data"": {""ax"": -0.7, ""ay"": 0.07, ""az"": 0.64, ""pitch"": -44.62, ""roll"": 6.44}, ""gyro_data"": {""gx"": -9.57, ""gy"": -3.66, ""gz"": -3.93}, ""gps_data"": {""latitude"": 0, ""longitude"": 0, ""gps_altitude"": 0, ""time"": 156550}, ""alt_data"": {""pressure"": 852.85, ""temperature"": 27.88, ""AGL"": 1.24, ""velocity"": 0, ""kalman_altitude"": 1.22, ""kalman_vertical_velocity"": -5.14}, ""chute_state"": {""pyro1_state"": 0, ""pyro2_state"": 0}, ""connection_status"": {""connected"": true, ""has_ever_connected"": true, ""packet_age_ms"": 0, ""timeout_exceeded"": false, ""rssi"": -81}, ""communication_mode"": ""BEACON"", ""timestamp"": 13723, ""packets_received"": 104, ""kalman_data"": {""altitude"": 1.22, ""vertical_velocity"": -5.14}, ""kalman_altitude"": 1.22, ""kalman_vertical_velocity"": -5.14, ""pyroDrogue"": 0, ""pyroMain"": 0, ""pyro1_state"": 0, ""pyro2_state"": 0}"
1768306768.789061,2026-01-13T15:19:28.789061,1531,0,0,-0.7,0.07,0.64,-44.23,6.61,-9.21,-3.57,-4.21,0,0,0,156756,852.88,27.89,0.87,0,0,0,0,-82,0.88,-5.24,BEACON,"{""record_number"": 1531, ""operation_mode"": 0, ""state"": 0, ""battery_voltage"": 0, ""wifi_rssi"": -82, ""acc_data"": {""ax"": -0.7, ""ay"": 0.07, ""az"": 0.64, ""pitch"": -44.23, ""roll"": 6.61}, ""gyro_data"": {""gx"": -9.21, ""gy"": -3.57, ""gz"": -4.21}, ""gps_data"": {""latitude"": 0, ""longitude"": 0, ""gps_altitude"": 0, ""time"": 156756}, ""alt_data"": {""pressure"": 852.88, ""temperature"": 27.89, ""AGL"": 0.87, ""velocity"": 0, ""kalman_altitude"": 0.88, ""kalman_vertical_velocity"": -5.24}, ""chute_state"": {""pyro1_state"": 0, ""pyro2_state"": 0}, ""connection_status"": {""connected"": true, ""has_ever_connected"": true, ""packet_age_ms"": 0, ""timeout_exceeded"": false, ""rssi"": -82}, ""communication_mode"": ""BEACON"", ""timestamp"": 13835, ""packets_received"": 105, ""kalman_data"": {""altitude"": 0.88, ""vertical_velocity"": -5.24}, ""kalman_altitude"": 0.88, ""kalman_vertical_velocity"": -5.24, ""pyroDrogue"": 0, ""pyroMain"": 0, ""pyro1_state"": 0, ""pyro2_state"": 0}"
1768306768.897789,2026-01-13T15:19:28.897789,1532,0,0,-0.7,0.07,0.64,-44.27,6.65,-9.48,-2.84,-3.2,0,0,0,156756,852.84,27.89,1.27,0,0,0,0,-83,1.25,-5.15,BEACON,"{""record_number"": 1532, ""operation_mode"": 0, ""state"": 0, ""battery_voltage"": 0, ""wifi_rssi"": -83, ""acc_data"": {""ax"": -0.7, ""ay"": 0.07, ""az"": 0.64, ""pitch"": -44.27, ""roll"": 6.65}, ""gyro_data"": {""gx"": -9.48, ""gy"": -2.84, ""gz"": -3.2}, ""gps_data"": {""latitude"": 0, ""longitude"": 0, ""gps_altitude"": 0, ""time"": 156756}, ""alt_data"": {""pressure"": 852.84, ""temperature"": 27.89, ""AGL"": 1.27, ""velocity"": 0, ""kalman_altitude"": 1.25, ""kalman_vertical_velocity"": -5.15}, ""chute_state"": {""pyro1_state"": 0, ""pyro2_state"": 0}, ""connection_status"": {""connected"": true, ""has_ever_connected"": true, ""packet_age_ms"": 0, ""timeout_exceeded"": false, ""rssi"": -83}, ""communication_mode"": ""BEACON"", ""timestamp"": 13948, ""packets_received"": 106, ""kalman_data"": {""altitude"": 1.25, ""vertical_velocity"": -5.15}, ""kalman_altitude"": 1.25, ""kalman_vertical_velocity"": -5.15, ""pyroDrogue"": 0, ""pyroMain"": 0, ""pyro1_state"": 0, ""pyro2_state"": 0}"
1768306769.027289,2026-01-13T15:19:29.027289,1533,0,0,-0.69,0.07,0.64,-44.74,5.99,-9.66,-3.35,-3.9,0,0,0,156955,852.85,27.88,1.21,0,0,0,0,-82,1.21,-5.16,BEACON,"{""record_number"": 1533, ""operation_mode"": 0, ""state"": 0, ""battery_voltage"": 0, ""wifi_rssi"": -82, ""acc_data"": {""ax"": -0.69, ""ay"": 0.07, ""az"": 0.64, ""pitch"": -44.74, ""roll"": 5.99}, ""gyro_data"": {""gx"": -9.66, ""gy"": -3.35, ""gz"": -3.9}, ""gps_data"": {""latitude"": 0, ""longitude"": 0, ""gps_altitude"": 0, ""time"": 156955}, ""alt_data"": {""pressure"": 852.85, ""temperature"": 27.88, ""AGL"": 1.21, ""velocity"": 0, ""kalman_altitude"": 1.21, ""kalman_vertical_velocity"": -5.16}, ""chute_state"": {""pyro1_state"": 0, ""pyro2_state"": 0}, ""connection_status"": {""connected"": true, ""has_ever_connected"": true, ""packet_age_ms"": 0, ""timeout_exceeded"": false, ""rssi"": -82}, ""communication_mode"": ""BEACON"", ""timestamp"": 14061, ""packets_received"": 107, ""kalman_data"": {""altitude"": 1.21, ""vertical_velocity"": -5.16}, ""kalman_altitude"": 1.21, ""kalman_vertical_velocity"": -5.16, ""pyroDrogue"": 0, ""pyroMain"": 0, ""pyro1_state"": 0, ""pyro2_state"": 0}"
1768306769.406979,2026-01-13T15:19:29.406979,1535,0,0,-0.71,0.07,0.64,-44.3,6.92,-9.79,-3.48,-3.2,0,0,0,156955,852.93,27.89,0.36,0,0,0,0,-82,0.4,-5.4,BEACON,"{""record_number"": 1535, ""operation_mode"": 0, ""state"": 0, ""battery_voltage"": 0, ""wifi_rssi"": -82, ""acc_data"": {""ax"": -0.71, ""ay"": 0.07, ""az"": 0.64, ""pitch"": -44.3, ""roll"": 6.92}, ""gyro_data"": {""gx"": -9.79, ""gy"": -3.48, ""gz"": -3.2}, ""gps_data"": {""latitude"": 0, ""longitude"": 0, ""gps_altitude"": 0, ""time"": 156955}, ""alt_data"": {""pressure"": 852.93, ""temperature"": 27.89, ""AGL"": 0.36, ""velocity"": 0, ""kalman_altitude"": 0.4, ""kalman_vertical_velocity"": -5.4}, ""chute_state"": {""pyro1_state"": 0, ""pyro2_state"": 0}, ""connection_status"": {""connected"": true, ""has_ever_connected"": true, ""packet_age_ms"": 0, ""timeout_exceeded"": false, ""rssi"": -82}, ""communication_mode"": ""BEACON"", ""timestamp"": 14174, ""packets_received"": 108, ""kalman_data"": {""altitude"": 0.4, ""vertical_velocity"": -5.4}, ""kalman_altitude"": 0.4, ""kalman_vertical_velocity"": -5.4, ""pyroDrogue"": 0, ""pyroMain"": 0, ""pyro1_state"": 0, ""pyro2_state"": 0}"
1768306769.60521,2026-01-13T15:19:29.605210,1536,0,0,-0.69,0.07,0.64,-44.19,6.24,-8.9,-3.38,-4.27,0,0,0,157156,852.88,27.89,0.94,0,0,0,0,-82,0.93,-5.25,BEACON,"{""record_number"": 1536, ""operation_mode"": 0, ""state"": 0, ""battery_voltage"": 0, ""wifi_rssi"": -82, ""acc_data"": {""ax"": -0.69, ""ay"": 0.07, ""az"": 0.64, ""pitch"": -44.19, ""roll"": 6.24}, ""gyro_data"": {""gx"": -8.9, ""gy"": -3.38, ""gz"": -4.27}, ""gps_data"": {""latitude"": 0, ""longitude"": 0, ""gps_altitude"": 0, ""time"": 157156}, ""alt_data"": {""pressure"": 852.88, ""temperature"": 27.89, ""AGL"": 0.94, ""velocity"": 0, ""kalman_altitude"": 0.93, ""kalman_vertical_velocity"": -5.25}, ""chute_state"": {""pyro1_state"": 0, ""pyro2_state"": 0}, ""connection_status"": {""connected"": true, ""has_ever_connected"": true, ""packet_age_ms"": 1, ""timeout_exceeded"": false, ""rssi"": -82}, ""communication_mode"": ""BEACON"", ""timestamp"": 14287, ""packets_received"": 109, ""kalman_data"": {""altitude"": 0.93, ""vertical_velocity"": -5.25}, ""kalman_altitude"": 0.93, ""kalman_vertical_velocity"": -5.25, ""pyroDrogue"": 0, ""pyroMain"": 0, ""pyro1_state"": 0, ""pyro2_state"": 0}"
1768306769.739222,2026-01-13T15:19:29.739222,1537,0,0,-0.7,0.07,0.65,-44.38,6.48,-9.18,-3.6,-3.48,0,0,0,157356,852.93,27.89,0.44,0,0,0,0,-82,0.46,-5.39,BEACON,"{""record_number"": 1537, ""operation_mode"": 0, ""state"": 0, ""battery_voltage"": 0, ""wifi_rssi"": -82, ""acc_data"": {""ax"": -0.7, ""ay"": 0.07, ""az"": 0.65, ""pitch"": -44.38, ""roll"": 6.48}, ""gyro_data"": {""gx"": -9.18, ""gy"": -3.6, ""gz"": -3.48}, ""gps_data"": {""latitude"": 0, ""longitude"": 0, ""gps_altitude"": 0, ""time"": 157356}, ""alt_data"": {""pressure"": 852.93, ""temperature"": 27.89, ""AGL"": 0.44, ""velocity"": 0, ""kalman_altitude"": 0.46, ""kalman_vertical_velocity"": -5.39}, ""chute_state"": {""pyro1_state"": 0, ""pyro2_state"": 0}, ""connection_status"": {""connected"": true, ""has_ever_connected"": true, ""packet_age_ms"": 0, ""timeout_exceeded"": false, ""rssi"": -82}, ""communication_mode"": ""BEACON"", ""timestamp"": 14400, ""packets_received"": 110, ""kalman_data"": {""altitude"": 0.46, ""vertical_velocity"": -5.39}, ""kalman_altitude"": 0.46, ""kalman_vertical_velocity"": -5.39, ""pyroDrogue"": 0, ""pyroMain"": 0, ""pyro1_state"": 0, ""pyro2_state"": 0}"
1768306769.817758,2026-01-13T15:19:29.817758,1539,0,0,-0.71,0.07,0.65,-44.7,6.32,-9.15,-2.77,-3.66,0,0,0,157356,852.85,27.88,1.16,0,0,0,0,-82,1.13,-5.2,BEACON,"{""record_number"": 1539, ""operation_mode"": 0, ""state"": 0, ""battery_voltage"": 0, ""wifi_rssi"": -82, ""acc_data"": {""ax"": -0.71, ""ay"": 0.07, ""az"": 0.65, ""pitch"": -44.7, ""roll"": 6.32}, ""gyro_data"": {""gx"": -9.15, ""gy"": -2.77, ""gz"": -3.66}, ""gps_data"": {""latitude"": 0, ""longitude"": 0, ""gps_altitude"": 0, ""time"": 157356}, ""alt_data"": {""pressure"": 852.85, ""temperature"": 27.88, ""AGL"": 1.16, ""velocity"": 0, ""kalman_altitude"": 1.13, ""kalman_vertical_velocity"": -5.2}, ""chute_state"": {""pyro1_state"": 0, ""pyro2_state"": 0}, ""connection_status"": {""connected"": true, ""has_ever_connected"": true, ""packet_age_ms"": 0, ""timeout_exceeded"": false, ""rssi"": -82}, ""communication_mode"": ""BEACON"", ""timestamp"": 14512, ""packets_received"": 111, ""kalman_data"": {""altitude"": 1.13, ""vertical_velocity"": -5.2}, ""kalman_altitude"": 1.13, ""kalman_vertical_velocity"": -5.2, ""pyroDrogue"": 0, ""pyroMain"": 0, ""pyro1_state"": 0, ""pyro2_state"": 0}"
1768306769.887115,2026-01-13T15:19:29.887115,1540,0,0,-0.7,0.07,0.64,-44.42,6.52,-9.51,-3.41,-3.69,0,0,0,157555,852.88,27.89,0.94,0,0,0,0,-82,0.94,-5.27,BEACON,"{""record_number"": 1540, ""operation_mode"": 0, ""state"": 0, ""battery_voltage"": 0, ""wifi_rssi"": -82, ""acc_data"": {""ax"": -0.7, ""ay"": 0.07, ""az"": 0.64, ""pitch"": -44.42, ""roll"": 6.52}, ""gyro_data"": {""gx"": -9.51, ""gy"": -3.41, ""gz"": -3.69}, ""gps_data"": {""latitude"": 0, ""longitude"": 0, ""gps_altitude"": 0, ""time"": 157555}, ""alt_data"": {""pressure"": 852.88, ""temperature"": 27.89, ""AGL"": 0.94, ""velocity"": 0, ""kalman_altitude"": 0.94, ""kalman_vertical_velocity"": -5.27}, ""chute_state"": {""pyro1_state"": 0, ""pyro2_state"": 0}, ""connection_status"": {""connected"": true, ""has_ever_connected"": true, ""packet_age_ms"": 1, ""timeout_exceeded"": false, ""rssi"": -82}, ""communication_mode"": ""BEACON"", ""timestamp"": 14626, ""packets_received"": 112, ""kalman_data"": {""altitude"": 0.94, ""vertical_velocity"": -5.27}, ""kalman_altitude"": 0.94, ""kalman_vertical_velocity"": -5.27, ""pyroDrogue"": 0, ""pyroMain"": 0, ""pyro1_state"": 0, ""pyro2_state"": 0}"
1768306769.923155,2026-01-13T15:19:29.923155,1541,0,0,-0.7,0.07,0.64,-44.66,6.32,-9.27,-2.62,-3.54,0,0,0,157555,852.86,27.89,1.05,0,0,0,0,-82,1.05,-5.24,BEACON,"{""record_number"": 1541, ""operation_mode"": 0, ""state"": 0, ""battery_voltage"": 0, ""wifi_rssi"": -82, ""acc_data"": {""ax"": -0.7, ""ay"": 0.07, ""az"": 0.64, ""pitch"": -44.66, ""roll"": 6.32}, ""gyro_data"": {""gx"": -9.27, ""gy"": -2.62, ""gz"": -3.54}, ""gps_data"": {""latitude"": 0, ""longitude"": 0, ""gps_altitude"": 0, ""time"": 157555}, ""alt_data"": {""pressure"": 852.86, ""temperature"": 27.89, ""AGL"": 1.05, ""velocity"": 0, ""kalman_altitude"": 1.05, ""kalman_vertical_velocity"": -5.24}, ""chute_state"": {""pyro1_state"": 0, ""pyro2_state"": 0}, ""connection_status"": {""connected"": true, ""has_ever_connected"": true, ""packet_age_ms"": 0, ""timeout_exceeded"": false, ""rssi"": -82}, ""communication_mode"": ""BEACON"", ""timestamp"": 14738, ""packets_received"": 113, ""kalman_data"": {""altitude"": 1.05, ""vertical_velocity"": -5.24}, ""kalman_altitude"": 1.05, ""kalman_vertical_velocity"": -5.24, ""pyroDrogue"": 0, ""pyroMain"": 0, ""pyro1_state"": 0, ""pyro2_state"": 0}"
1768306769.974201,2026-01-13T15:19:29.974201,1543,0,0,-0.7,0.07,0.64,-44.85,6.21,-9.36,-2.56,-3.99,0,0,0,157760,852.91,27.9,0.64,0,0,0,0,-83,0.66,-5.36,BEACON,"{""record_number"": 1543, ""operation_mode"": 0, ""state"": 0, ""battery_voltage"": 0, ""wifi_rssi"": -83, ""acc_data"": {""ax"": -0.7, ""ay"": 0.07, ""az"": 0.64, ""pitch"": -44.85, ""roll"": 6.21}, ""gyro_data"": {""gx"": -9.36, ""gy"": -2.56, ""gz"": -3.99}, ""gps_data"": {""latitude"": 0, ""longitude"": 0, ""gps_altitude"": 0, ""time"": 157760}, ""alt_data"": {""pressure"": 852.91, ""temperature"": 27.9, ""AGL"": 0.64, ""velocity"": 0, ""kalman_altitude"": 0.66, ""kalman_vertical_velocity"": -5.36}, ""chute_state"": {""pyro1_state"": 0, ""pyro2_state"": 0}, ""connection_status"": {""connected"": true, ""has_ever_connected"": true, ""packet_age_ms"": 0, ""timeout_exceeded"": false, ""rssi"": -83}, ""communication_mode"": ""BEACON"", ""timestamp"": 14850, ""packets_received"": 114, ""kalman_data"": {""altitude"": 0.66, ""vertical_velocity"": -5.36}, ""kalman_altitude"": 0.66, ""kalman_vertical_velocity"": -5.36, ""pyroDrogue"": 0, ""pyroMain"": 0, ""pyro1_state"": 0, ""pyro2_state"": 0}"
1768306770.034988,2026-01-13T15:19:30.034988,1544,0,0,-0.7,0.07,0.64,-44.66,6.18,-9.27,-2.96,-3.93,0,0,0,157760,852.89,27.89,0.79,0,0,0,0,-82,0.8,-5.32,BEACON,"{""record_number"": 1544, ""operation_mode"": 0, ""state"": 0, ""battery_voltage"": 0, ""wifi_rssi"": -82, ""acc_data"": {""ax"": -0.7, ""ay"": 0.07, ""az"": 0.64, ""pitch"": -44.66, ""roll"": 6.18}, ""gyro_data"": {""gx"": -9.27, ""gy"": -2.96, ""gz"": -3.93}, ""gps_data"": {""latitude"": 0, ""longitude"": 0, ""gps_altitude"": 0, ""time"": 157760}, ""alt_data"": {""pressure"": 852.89, ""temperature"": 27.89, ""AGL"": 0.79, ""velocity"": 0, ""kalman_altitude"": 0.8, ""kalman_vertical_velocity"": -5.32}, ""chute_state"": {""pyro1_state"": 0, ""pyro2_state"": 0}, ""connection_status"": {""connected"": true, ""has_ever_connected"": true, ""packet_age_ms"": 0, ""timeout_exceeded"": false, ""rssi"": -82}, ""communication_mode"": ""BEACON"", ""timestamp"": 14961, ""packets_received"": 115, ""kalman_data"": {""altitude"": 0.8, ""vertical_velocity"": -5.32}, ""kalman_altitude"": 0.8, ""kalman_vertical_velocity"": -5.32, ""pyroDrogue"": 0, ""pyroMain"": 0, ""pyro1_state"": 0, ""pyro2_state"": 0}"
1768306770.138166,2026-01-13T15:19:30.138166,1545,0,0,-0.7,0.07,0.64,-44.34,6.66,-9.36,-3.29,-4.02,0,0,0,157961,852.9,27.88,0.73,0,0,0,0,-82,0.74,-5.35,BEACON,"{""record_number"": 1545, ""operation_mode"": 0, ""state"": 0, ""battery_voltage"": 0, ""wifi_rssi"": -82, ""acc_data"": {""ax"": -0.7, ""ay"": 0.07, ""az"": 0.64, ""pitch"": -44.34, ""roll"": 6.66}, ""gyro_data"": {""gx"": -9.36, ""gy"": -3.29, ""gz"": -4.02}, ""gps_data"": {""latitude"": 0, ""longitude"": 0, ""gps_altitude"": 0, ""time"": 157961}, ""alt_data"": {""pressure"": 852.9, ""temperature"": 27.88, ""AGL"": 0.73, ""velocity"": 0, ""kalman_altitude"": 0.74, ""kalman_vertical_velocity"": -5.35}, ""chute_state"": {""pyro1_state"": 0, ""pyro2_state"": 0}, ""connection_status"": {""connected"": true, ""has_ever_connected"": true, ""packet_age_ms"": 1, ""timeout_exceeded"": false, ""rssi"": -82}, ""communication_mode"": ""BEACON"", ""timestamp"": 15074, ""packets_received"": 116, ""kalman_data"": {""altitude"": 0.74, ""vertical_velocity"": -5.35}, ""kalman_altitude"": 0.74, ""kalman_vertical_velocity"": -5.35, ""pyroDrogue"": 0, ""pyroMain"": 0, ""pyro1_state"": 0, ""pyro2_state"": 0}"
1768306770.229168,2026-01-13T15:19:30.229168,1547,0,0,-0.7,0.07,0.64,-44.54,6.05,-8.78,-2.8,-4.02,0,0,0,157961,852.9,27.89,0.69,0,0,0,0,-83,0.69,-5.37,BEACON,"{""record_number"": 1547, ""operation_mode"": 0, ""state"": 0, ""battery_voltage"": 0, ""wifi_rssi"": -83, ""acc_data"": {""ax"": -0.7, ""ay"": 0.07, ""az"": 0.64, ""pitch"": -44.54, ""roll"": 6.05}, ""gyro_data"": {""gx"": -8.78, ""gy"": -2.8, ""gz"": -4.02}, ""gps_data"": {""latitude"": 0, ""longitude"": 0, ""gps_altitude"": 0, ""time"": 157961}, ""alt_data"": {""pressure"": 852.9, ""temperature"": 27.89, ""AGL"": 0.69, ""velocity"": 0, ""kalman_altitude"": 0.69, ""kalman_vertical_velocity"": -5.37}, ""chute_state"": {""pyro1_state"": 0, ""pyro2_state"": 0}, ""connection_status"": {""connected"": true, ""has_ever_connected"": true, ""packet_age_ms"": 0, ""timeout_exceeded"": false, ""rssi"": -83}, ""communication_mode"": ""BEACON"", ""timestamp"": 15186, ""packets_received"": 117, ""kalman_data"": {""altitude"": 0.69, ""vertical_velocity"": -5.37}, ""kalman_altitude"": 0.69, ""kalman_vertical_velocity"": -5.37, ""pyroDrogue"": 0, ""pyroMain"": 0, ""pyro1_state"": 0, ""pyro2_state"": 0}"
1768306770.269168,2026-01-13T15:19:30.269168,1548,0,0,-0.7,0.07,0.64,-43.88,6.39,-8.96,-2.87,-3.02,0,0,0,158160,852.88,27.89,0.9,0,0,0,0,-82,0.88,-5.32,BEACON,"{""record_number"": 1548, ""operation_mode"": 0, ""state"": 0, ""battery_voltage"": 0, ""wifi_rssi"": -82, ""acc_data"": {""ax"": -0.7, ""ay"": 0.07, ""az"": 0.64, ""pitch"": -43.88, ""roll"": 6.39}, ""gyro_data"": {""gx"": -8.96, ""gy"": -2.87, ""gz"": -3.02}, ""gps_data"": {""latitude"": 0, ""longitude"": 0, ""gps_altitude"": 0, ""time"": 158160}, ""alt_data"": {""pressure"": 852.88, ""temperature"": 27.89, ""AGL"": 0.9, ""velocity"": 0, ""kalman_altitude"": 0.88, ""kalman_vertical_velocity"": -5.32}, ""chute_state"": {""pyro1_state"": 0, ""pyro2_state"": 0}, ""connection_status"": {""connected"": true, ""has_ever_connected"": true, ""packet_age_ms"": 0, ""timeout_exceeded"": false, ""rssi"": -82}, ""communication_mode"": ""BEACON"", ""timestamp"": 15299, ""packets_received"": 118, ""kalman_data"": {""altitude"": 0.88, ""vertical_velocity"": -5.32}, ""kalman_altitude"": 0.88, ""kalman_vertical_velocity"": -5.32, ""pyroDrogue"": 0, ""pyroMain"": 0, ""pyro1_state"": 0, ""pyro2_state"": 0}"
1768306770.366169,2026-01-13T15:19:30.366169,1549,0,0,-0.69,0.07,0.64,-44.38,6.15,-9.24,-2.29,-3.02,0,0,0,158361,852.88,27.89,0.94,0,0,0,0,-81,0.94,-5.31,BEACON,"{""record_number"": 1549, ""operation_mode"": 0, ""state"": 0, ""battery_voltage"": 0, ""wifi_rssi"": -81, ""acc_data"": {""ax"": -0.69, ""ay"": 0.07, ""az"": 0.64, ""pitch"": -44.38, ""roll"": 6.15}, ""gyro_data"": {""gx"": -9.24, ""gy"": -2.29, ""gz"": -3.02}, ""gps_data"": {""latitude"": 0, ""longitude"": 0, ""gps_altitude"": 0, ""time"": 158361}, ""alt_data"": {""pressure"": 852.88, ""temperature"": 27.89, ""AGL"": 0.94, ""velocity"": 0, ""kalman_altitude"": 0.94, ""kalman_vertical_velocity"": -5.31}, ""chute_state"": {""pyro1_state"": 0, ""pyro2_state"": 0}, ""connection_status"": {""connected"": true, ""has_ever_connected"": true, ""packet_age_ms"": 1, ""timeout_exceeded"": false, ""rssi"": -81}, ""communication_mode"": ""BEACON"", ""timestamp"": 15412, ""packets_received"": 119, ""kalman_data"": {""altitude"": 0.94, ""vertical_velocity"": -5.31}, ""kalman_altitude"": 0.94, ""kalman_vertical_velocity"": -5.31, ""pyroDrogue"": 0, ""pyroMain"": 0, ""pyro1_state"": 0, ""pyro2_state"": 0}"
1768306770.469165,2026-01-13T15:19:30.469165,1550,0,0,-0.7,0.07,0.64,-44.54,6.28,-9.24,-3.26,-3.48,0,0,0,158361,852.83,27.88,1.34,0,0,0,0,-82,1.33,-5.2,BEACON,"{""record_number"": 1550, ""operation_mode"": 0, ""state"": 0, ""battery_voltage"": 0, ""wifi_rssi"": -82, ""acc_data"": {""ax"": -0.7, ""ay"": 0.07, ""az"": 0.64, ""pitch"": -44.54, ""roll"": 6.28}, ""gyro_data"": {""gx"": -9.24, ""gy"": -3.26, ""gz"": -3.48}, ""gps_data"": {""latitude"": 0, ""longitude"": 0, ""gps_altitude"": 0, ""time"": 158361}, ""alt_data"": {""pressure"": 852.83, ""temperature"": 27.88, ""AGL"": 1.34, ""velocity"": 0, ""kalman_altitude"": 1.33, ""kalman_vertical_velocity"": -5.2}, ""chute_state"": {""pyro1_state"": 0, ""pyro2_state"": 0}, ""connection_status"": {""connected"": true, ""has_ever_connected"": true, ""packet_age_ms"": 0, ""timeout_exceeded"": false, ""rssi"": -82}, ""communication_mode"": ""BEACON"", ""timestamp"": 15524, ""packets_received"": 120, ""kalman_data"": {""altitude"": 1.33, ""vertical_velocity"": -5.2}, ""kalman_altitude"": 1.33, ""kalman_vertical_velocity"": -5.2, ""pyroDrogue"": 0, ""pyroMain"": 0, ""pyro1_state"": 0, ""pyro2_state"": 0}"
1768306770.593704,2026-01-13T15:19:30.593704,1552,0,0,-0.7,0.07,0.64,-44.54,6.13,-8.41,-3.84,-4.24,0,0,0,158561,852.85,27.89,1.19,0,0,0,0,-82,1.18,-5.25,BEACON,"{""record_number"": 1552, ""operation_mode"": 0, ""state"": 0, ""battery_voltage"": 0, ""wifi_rssi"": -82, ""acc_data"": {""ax"": -0.7, ""ay"": 0.07, ""az"": 0.64, ""pitch"": -44.54, ""roll"": 6.13}, ""gyro_data"": {""gx"": -8.41, ""gy"": -3.84, ""gz"": -4.24}, ""gps_data"": {""latitude"": 0, ""longitude"": 0, ""gps_altitude"": 0, ""time"": 158561}, ""alt_data"": {""pressure"": 852.85, ""temperature"": 27.89, ""AGL"": 1.19, ""velocity"": 0, ""kalman_altitude"": 1.18, ""kalman_vertical_velocity"": -5.25}, ""chute_state"": {""pyro1_state"": 0, ""pyro2_state"": 0}, ""connection_status"": {""connected"": true, ""has_ever_connected"": true, ""packet_age_ms"": 0, ""timeout_exceeded"": false, ""rssi"": -82}, ""communication_mode"": ""BEACON"", ""timestamp"": 15638, ""packets_received"": 121, ""kalman_data"": {""altitude"": 1.18, ""vertical_velocity"": -5.25}, ""kalman_altitude"": 1.18, ""kalman_vertical_velocity"": -5.25, ""pyroDrogue"": 0, ""pyroMain"": 0, ""pyro1_state"": 0, ""pyro2_state"": 0}"
1768306770.696752,2026-01-13T15:19:30.696752,1553,0,0,-0.7,0.07,0.64,-44.46,6.29,-8.75,-3.05,-3.54,0,0,0,158561,852.86,27.89,1.08,0,0,0,0,-81,1.08,-5.28,BEACON,"{""record_number"": 1553, ""operation_mode"": 0, ""state"": 0, ""battery_voltage"": 0, ""wifi_rssi"": -81, ""acc_data"": {""ax"": -0.7, ""ay"": 0.07, ""az"": 0.64, ""pitch"": -44.46, ""roll"": 6.29}, ""gyro_data"": {""gx"": -8.75, ""gy"": -3.05, ""gz"": -3.54}, ""gps_data"": {""latitude"": 0, ""longitude"": 0, ""gps_altitude"": 0, ""time"": 158561}, ""alt_data"": {""pressure"": 852.86, ""temperature"": 27.89, ""AGL"": 1.08, ""velocity"": 0, ""kalman_altitude"": 1.08, ""kalman_vertical_velocity"": -5.28}, ""chute_state"": {""pyro1_state"": 0, ""pyro2_state"": 0}, ""connection_status"": {""connected"": true, ""has_ever_connected"": true, ""packet_age_ms"": 0, ""timeout_exceeded"": false, ""rssi"": -81}, ""communication_mode"": ""BEACON"", ""timestamp"": 15750, ""packets_received"": 122, ""kalman_data"": {""altitude"": 1.08, ""vertical_velocity"": -5.28}, ""kalman_altitude"": 1.08, ""kalman_vertical_velocity"": -5.28, ""pyroDrogue"": 0, ""pyroMain"": 0, ""pyro1_state"": 0, ""pyro2_state"": 0}"
1768306770.826753,2026-01-13T15:19:30.826753,1554,0,0,-0.7,0.07,0.64,-44.46,5.84,-8.96,-4.12,-2.77,0,0,0,158765,852.85,27.89,1.22,0,0,0,0,-82,1.22,-5.25,BEACON,"{""record_number"": 1554, ""operation_mode"": 0, ""state"": 0, ""battery_voltage"": 0, ""wifi_rssi"": -82, ""acc_data"": {""ax"": -0.7, ""ay"": 0.07, ""az"": 0.64, ""pitch"": -44.46, ""roll"": 5.84}, ""gyro_data"": {""gx"": -8.96, ""gy"": -4.12, ""gz"": -2.77}, ""gps_data"": {""latitude"": 0, ""longitude"": 0, ""gps_altitude"": 0, ""time"": 158765}, ""alt_data"": {""pressure"": 852.85, ""temperature"": 27.89, ""AGL"": 1.22, ""velocity"": 0, ""kalman_altitude"": 1.22, ""kalman_vertical_velocity"": -5.25}, ""chute_state"": {""pyro1_state"": 0, ""pyro2_state"": 0}, ""connection_status"": {""connected"": true, ""has_ever_connected"": true, ""packet_age_ms"": 0, ""timeout_exceeded"": false, ""rssi"": -82}, ""communication_mode"": ""BEACON"", ""timestamp"": 15862, ""packets_received"": 123, ""kalman_data"": {""altitude"": 1.22, ""vertical_velocity"": -5.25}, ""kalman_altitude"": 1.22, ""kalman_vertical_velocity"": -5.25, ""pyroDrogue"": 0, ""pyroMain"": 0, ""pyro1_state"": 0, ""pyro2_state"": 0}"
1768306770.920751,2026-01-13T15:19:30.920751,1556,0,0,-0.7,0.07,0.64,-44.07,6.23,-9.48,-3.72,-3.63,0,0,0,158765,852.85,27.89,1.23,0,0,0,0,-82,1.22,-5.26,BEACON,"{""record_number"": 1556, ""operation_mode"": 0, ""state"": 0, ""battery_voltage"": 0, ""wifi_rssi"": -82, ""acc_data"": {""ax"": -0.7, ""ay"": 0.07, ""az"": 0.64, ""pitch"": -44.07, ""roll"": 6.23}, ""gyro_data"": {""gx"": -9.48, ""gy"": -3.72, ""gz"": -3.63}, ""gps_data"": {""latitude"": 0, ""longitude"": 0, ""gps_altitude"": 0, ""time"": 158765}, ""alt_data"": {""pressure"": 852.85, ""temperature"": 27.89, ""AGL"": 1.23, ""velocity"": 0, ""kalman_altitude"": 1.22, ""kalman_vertical_velocity"": -5.26}, ""chute_state"": {""pyro1_state"": 0, ""pyro2_state"": 0}, ""connection_status"": {""connected"": true, ""has_ever_connected"": true, ""packet_age_ms"": 0, ""timeout_exceeded"": false, ""rssi"": -82}, ""communication_mode"": ""BEACON"", ""timestamp"": 15975, ""packets_received"": 124, ""kalman_data"": {""altitude"": 1.22, ""vertical_velocity"": -5.26}, ""kalman_altitude"": 1.22, ""kalman_vertical_velocity"": -5.26, ""pyroDrogue"": 0, ""pyroMain"": 0, ""pyro1_state"": 0, ""pyro2_state"": 0}"
1768306771.053839,2026-01-13T15:19:31.053839,1557,0,0,-0.7,0.07,0.64,-44.42,5.77,-9.12,-2.87,-3.81,0,0,0,158966,852.89,27.89,0.79,0,0,0,0,-83,0.81,-5.38,BEACON,"{""record_number"": 1557, ""operation_mode"": 0, ""state"": 0, ""battery_voltage"": 0, ""wifi_rssi"": -83, ""acc_data"": {""ax"": -0.7, ""ay"": 0.07, ""az"": 0.64, ""pitch"": -44.42, ""roll"": 5.77}, ""gyro_data"": {""gx"": -9.12, ""gy"": -2.87, ""gz"": -3.81}, ""gps_data"": {""latitude"": 0, ""longitude"": 0, ""gps_altitude"": 0, ""time"": 158966}, ""alt_data"": {""pressure"": 852.89, ""temperature"": 27.89, ""AGL"": 0.79, ""velocity"": 0, ""kalman_altitude"": 0.81, ""kalman_vertical_velocity"": -5.38}, ""chute_state"": {""pyro1_state"": 0, ""pyro2_state"": 0}, ""connection_status"": {""connected"": true, ""has_ever_connected"": true, ""packet_age_ms"": 1, ""timeout_exceeded"": false, ""rssi"": -83}, ""communication_mode"": ""BEACON"", ""timestamp"": 16088, ""packets_received"": 125, ""kalman_data"": {""altitude"": 0.81, ""vertical_velocity"": -5.38}, ""kalman_altitude"": 0.81, ""kalman_vertical_velocity"": -5.38, ""pyroDrogue"": 0, ""pyroMain"": 0, ""pyro1_state"": 0, ""pyro2_state"": 0}"
1768306771.153863,2026-01-13T15:19:31.153863,1558,0,0,-0.7,0.07,0.64,-44.5,6.66,-8.81,-3.45,-2.99,0,0,0,158966,852.85,27.89,1.23,0,0,0,0,-82,1.21,-5.27,BEACON,"{""record_number"": 1558, ""operation_mode"": 0, ""state"": 0, ""battery_voltage"": 0, ""wifi_rssi"": -82, ""acc_data"": {""ax"": -0.7, ""ay"": 0.07, ""az"": 0.64, ""pitch"": -44.5, ""roll"": 6.66}, ""gyro_data"": {""gx"": -8.81, ""gy"": -3.45, ""gz"": -2.99}, ""gps_data"": {""latitude"": 0, ""longitude"": 0, ""gps_altitude"": 0, ""time"": 158966}, ""alt_data"": {""pressure"": 852.85, ""temperature"": 27.89, ""AGL"": 1.23, ""velocity"": 0, ""kalman_altitude"": 1.21, ""kalman_vertical_velocity"": -5.27}, ""chute_state"": {""pyro1_state"": 0, ""pyro2_state"": 0}, ""connection_status"": {""connected"": true, ""has_ever_connected"": true, ""packet_age_ms"": 0, ""timeout_exceeded"": false, ""rssi"": -82}, ""communication_mode"": ""BEACON"", ""timestamp"": 16200, ""packets_received"": 126, ""kalman_data"": {""altitude"": 1.21, ""vertical_velocity"": -5.27}, ""kalman_altitude"": 1.21, ""kalman_vertical_velocity"": -5.27, ""pyroDrogue"": 0, ""pyroMain"": 0, ""pyro1_state"": 0, ""pyro2_state"": 0}"
1768306771.263096,2026-01-13T15:19:31.263096,1560,0,0,-0.7,0.07,0.64,-44.62,6.54,-9.15,-2.5,-2.68,0,0,0,159166,852.9,27.89,0.72,0,0,0,0,-83,0.74,-5.41,BEACON,"{""record_number"": 1560, ""operation_mode"": 0, ""state"": 0, ""battery_voltage"": 0, ""wifi_rssi"": -83, ""acc_data"": {""ax"": -0.7, ""ay"": 0.07, ""az"": 0.64, ""pitch"": -44.62, ""roll"": 6.54}, ""gyro_data"": {""gx"": -9.15, ""gy"": -2.5, ""gz"": -2.68}, ""gps_data"": {""latitude"": 0, ""longitude"": 0, ""gps_altitude"": 0, ""time"": 159166}, ""alt_data"": {""pressure"": 852.9, ""temperature"": 27.89, ""AGL"": 0.72, ""velocity"": 0, ""kalman_altitude"": 0.74, ""kalman_vertical_velocity"": -5.41}, ""chute_state"": {""pyro1_state"": 0, ""pyro2_state"": 0}, ""connection_status"": {""connected"": true, ""has_ever_connected"": true, ""packet_age_ms"": 0, ""timeout_exceeded"": false, ""rssi"": -83}, ""communication_mode"": ""BEACON"", ""timestamp"": 16312, ""packets_received"": 127, ""kalman_data"": {""altitude"": 0.74, ""vertical_velocity"": -5.41}, ""kalman_altitude"": 0.74, ""kalman_vertical_velocity"": -5.41, ""pyroDrogue"": 0, ""pyroMain"": 0, ""pyro1_state"": 0, ""pyro2_state"": 0}"
1768306771.377052,2026-01-13T15:19:31.377052,1561,0,0,-0.7,0.07,0.64,-44.34,6.42,-9.05,-4.09,-3.9,0,0,0,159366,852.86,27.89,1.05,0,0,0,0,-84,1.04,-5.33,BEACON,"{""record_number"": 1561, ""operation_mode"": 0, ""state"": 0, ""battery_voltage"": 0, ""wifi_rssi"": -84, ""acc_data"": {""ax"": -0.7, ""ay"": 0.07, ""az"": 0.64, ""pitch"": -44.34, ""roll"": 6.42}, ""gyro_data"": {""gx"": -9.05, ""gy"": -4.09, ""gz"": -3.9}, ""gps_data"": {""latitude"": 0, ""longitude"": 0, ""gps_altitude"": 0, ""time"": 159366}, ""alt_data"": {""pressure"": 852.86, ""temperature"": 27.89, ""AGL"": 1.05, ""velocity"": 0, ""kalman_altitude"": 1.04, ""kalman_vertical_velocity"": -5.33}, ""chute_state"": {""pyro1_state"": 0, ""pyro2_state"": 0}, ""connection_status"": {""connected"": true, ""has_ever_connected"": true, ""packet_age_ms"": 0, ""timeout_exceeded"": false, ""rssi"": -84}, ""communication_mode"": ""BEACON"", ""timestamp"": 16424, ""packets_received"": 128, ""kalman_data"": {""altitude"": 1.04, ""vertical_velocity"": -5.33}, ""kalman_altitude"": 1.04, ""kalman_vertical_velocity"": -5.33, ""pyroDrogue"": 0, ""pyroMain"": 0, ""pyro1_state"": 0, ""pyro2_state"": 0}"
1768306771.484539,2026-01-13T15:19:31.484539,1562,0,0,-0.7,0.07,0.64,-44.3,6.24,-9.57,-3.14,-3.69,0,0,0,159366,852.86,27.89,1.08,0,0,0,0,-82,1.08,-5.32,BEACON,"{""record_number"": 1562, ""operation_mode"": 0, ""state"": 0, ""battery_voltage"": 0, ""wifi_rssi"": -82, ""acc_data"": {""ax"": -0.7, ""ay"": 0.07, ""az"": 0.64, ""pitch"": -44.3, ""roll"": 6.24}, ""gyro_data"": {""gx"": -9.57, ""gy"": -3.14, ""gz"": -3.69}, ""gps_data"": {""latitude"": 0, ""longitude"": 0, ""gps_altitude"": 0, ""time"": 159366}, ""alt_data"": {""pressure"": 852.86, ""temperature"": 27.89, ""AGL"": 1.08, ""velocity"": 0, ""kalman_altitude"": 1.08, ""kalman_vertical_velocity"": -5.32}, ""chute_state"": {""pyro1_state"": 0, ""pyro2_state"": 0}, ""connection_status"": {""connected"": true, ""has_ever_connected"": true, ""packet_age_ms"": 0, ""timeout_exceeded"": false, ""rssi"": -82}, ""communication_mode"": ""BEACON"", ""timestamp"": 16537, ""packets_received"": 129, ""kalman_data"": {""altitude"": 1.08, ""vertical_velocity"": -5.32}, ""kalman_altitude"": 1.08, ""kalman_vertical_velocity"": -5.32, ""pyroDrogue"": 0, ""pyroMain"": 0, ""pyro1_state"": 0, ""pyro2_state"": 0}"
1768306771.623807,2026-01-13T15:19:31.623807,1564,0,0,-0.7,0.07,0.65,-44.3,6.52,-9.27,-4.39,-3.17,0,0,0,159566,852.9,27.9,0.72,0,0,0,0,-82,0.73,-5.43,BEACON,"{""record_number"": 1564, ""operation_mode"": 0, ""state"": 0, ""battery_voltage"": 0, ""wifi_rssi"": -82, ""acc_data"": {""ax"": -0.7, ""ay"": 0.07, ""az"": 0.65, ""pitch"": -44.3, ""roll"": 6.52}, ""gyro_data"": {""gx"": -9.27, ""gy"": -4.39, ""gz"": -3.17}, ""gps_data"": {""latitude"": 0, ""longitude"": 0, ""gps_altitude"": 0, ""time"": 159566}, ""alt_data"": {""pressure"": 852.9, ""temperature"": 27.9, ""AGL"": 0.72, ""velocity"": 0, ""kalman_altitude"": 0.73, ""kalman_vertical_velocity"": -5.43}, ""chute_state"": {""pyro1_state"": 0, ""pyro2_state"": 0}, ""connection_status"": {""connected"": true, ""has_ever_connected"": true, ""packet_age_ms"": 0, ""timeout_exceeded"": false, ""rssi"": -82}, ""communication_mode"": ""BEACON"", ""timestamp"": 16649, ""packets_received"": 130, ""kalman_data"": {""altitude"": 0.73, ""vertical_velocity"": -5.43}, ""kalman_altitude"": 0.73, ""kalman_vertical_velocity"": -5.43, ""pyroDrogue"": 0, ""pyroMain"": 0, ""pyro1_state"": 0, ""pyro2_state"": 0}"
1768306771.739174,2026-01-13T15:19:31.739174,1565,0,0,-0.7,0.07,0.64,-44.15,6.49,-9.39,-3.6,-3.29,0,0,0,159566,852.83,27.88,1.42,0,0,0,0,-82,1.4,-5.25,BEACON,"{""record_number"": 1565, ""operation_mode"": 0, ""state"": 0, ""battery_voltage"": 0, ""wifi_rssi"": -82, ""acc_data"": {""ax"": -0.7, ""ay"": 0.07, ""az"": 0.64, ""pitch"": -44.15, ""roll"": 6.49}, ""gyro_data"": {""gx"": -9.39, ""gy"": -3.6, ""gz"": -3.29}, ""gps_data"": {""latitude"": 0, ""longitude"": 0, ""gps_altitude"": 0, ""time"": 159566}, ""alt_data"": {""pressure"": 852.83, ""temperature"": 27.88, ""AGL"": 1.42, ""velocity"": 0, ""kalman_altitude"": 1.4, ""kalman_vertical_velocity"": -5.25}, ""chute_state"": {""pyro1_state"": 0, ""pyro2_state"": 0}, ""connection_status"": {""connected"": true, ""has_ever_connected"": true, ""packet_age_ms"": 0, ""timeout_exceeded"": false, ""rssi"": -82}, ""communication_mode"": ""BEACON"", ""timestamp"": 16761, ""packets_received"": 131, ""kalman_data"": {""altitude"": 1.4, ""vertical_velocity"": -5.25}, ""kalman_altitude"": 1.4, ""kalman_vertical_velocity"": -5.25, ""pyroDrogue"": 0, ""pyroMain"": 0, ""pyro1_state"": 0, ""pyro2_state"": 0}"
1768306771.870172,2026-01-13T15:19:31.870172,1566,0,0,-0.7,0.08,0.63,-44.5,6.23,-9.79,-3.14,-3.84,0,0,0,159771,852.89,27.9,0.79,0,0,0,0,-82,0.81,-5.42,BEACON,"{""record_number"": 1566, ""operation_mode"": 0, ""state"": 0, ""battery_voltage"": 0, ""wifi_rssi"": -82, ""acc_data"": {""ax"": -0.7, ""ay"": 0.08, ""az"": 0.63, ""pitch"": -44.5, ""roll"": 6.23}, ""gyro_data"": {""gx"": -9.79, ""gy"": -3.14, ""gz"": -3.84}, ""gps_data"": {""latitude"": 0, ""longitude"": 0, ""gps_altitude"": 0, ""time"": 159771}, ""alt_data"": {""pressure"": 852.89, ""temperature"": 27.9, ""AGL"": 0.79, ""velocity"": 0, ""kalman_altitude"": 0.81, ""kalman_vertical_velocity"": -5.42}, ""chute_state"": {""pyro1_state"": 0, ""pyro2_state"": 0}, ""connection_status"": {""connected"": true, ""has_ever_connected"": true, ""packet_age_ms"": 0, ""timeout_exceeded"": false, ""rssi"": -82}, ""communication_mode"": ""BEACON"", ""timestamp"": 16874, ""packets_received"": 132, ""kalman_data"": {""altitude"": 0.81, ""vertical_velocity"": -5.42}, ""kalman_altitude"": 0.81, ""kalman_vertical_velocity"": -5.42, ""pyroDrogue"": 0, ""pyroMain"": 0, ""pyro1_state"": 0, ""pyro2_state"": 0}"
1768306771.975698,2026-01-13T15:19:31.975698,1568,0,0,-0.7,0.07,0.64,-44.62,6.3,-10.49,-3.41,-3.2,0,0,0,159771,852.92,27.91,0.53,0,0,0,0,-82,0.54,-5.5,BEACON,"{""record_number"": 1568, ""operation_mode"": 0, ""state"": 0, ""battery_voltage"": 0, ""wifi_rssi"": -82, ""acc_data"": {""ax"": -0.7, ""ay"": 0.07, ""az"": 0.64, ""pitch"": -44.62, ""roll"": 6.3}, ""gyro_data"": {""gx"": -10.49, ""gy"": -3.41, ""gz"": -3.2}, ""gps_data"": {""latitude"": 0, ""longitude"": 0, ""gps_altitude"": 0, ""time"": 159771}, ""alt_data"": {""pressure"": 852.92, ""temperature"": 27.91, ""AGL"": 0.53, ""velocity"": 0, ""kalman_altitude"": 0.54, ""kalman_vertical_velocity"": -5.5}, ""chute_state"": {""pyro1_state"": 0, ""pyro2_state"": 0}, ""connection_status"": {""connected"": true, ""has_ever_connected"": true, ""packet_age_ms"": 0, ""timeout_exceeded"": false, ""rssi"": -82}, ""communication_mode"": ""BEACON"", ""timestamp"": 16987, ""packets_received"": 133, ""kalman_data"": {""altitude"": 0.54, ""vertical_velocity"": -5.5}, ""kalman_altitude"": 0.54, ""kalman_vertical_velocity"": -5.5, ""pyroDrogue"": 0, ""pyroMain"": 0, ""pyro1_state"": 0, ""pyro2_state"": 0}"
1768306772.080341,2026-01-13T15:19:32.080341,1569,0,0,-0.71,0.07,0.64,-44.82,6.01,-9.27,-3.17,-3.87,0,0,0,159971,852.86,27.91,1.07,0,0,0,0,-83,1.06,-5.36,BEACON,"{""record_number"": 1569, ""operation_mode"": 0, ""state"": 0, ""battery_voltage"": 0, ""wifi_rssi"": -83, ""acc_data"": {""ax"": -0.71, ""ay"": 0.07, ""az"": 0.64, ""pitch"": -44.82, ""roll"": 6.01}, ""gyro_data"": {""gx"": -9.27, ""gy"": -3.17, ""gz"": -3.87}, ""gps_data"": {""latitude"": 0, ""longitude"": 0, ""gps_altitude"": 0, ""time"": 159971}, ""alt_data"": {""pressure"": 852.86, ""temperature"": 27.91, ""AGL"": 1.07, ""velocity"": 0, ""kalman_altitude"": 1.06, ""kalman_vertical_velocity"": -5.36}, ""chute_state"": {""pyro1_state"": 0, ""pyro2_state"": 0}, ""connection_status"": {""connected"": true, ""has_ever_connected"": true, ""packet_age_ms"": 0, ""timeout_exceeded"": false, ""rssi"": -83}, ""communication_mode"": ""BEACON"", ""timestamp"": 17101, ""packets_received"": 134, ""kalman_data"": {""altitude"": 1.06, ""vertical_velocity"": -5.36}, ""kalman_altitude"": 1.06, ""kalman_vertical_velocity"": -5.36, ""pyroDrogue"": 0, ""pyroMain"": 0, ""pyro1_state"": 0, ""pyro2_state"": 0}"
1768306772.180652,2026-01-13T15:19:32.180652,1570,0,0,-0.7,0.08,0.65,-44.5,6.3,-9.36,-2.16,-3.57,0,0,0,160171,852.89,27.89,0.83,0,0,0,0,-83,0.84,-5.43,BEACON,"{""record_number"": 1570, ""operation_mode"": 0, ""state"": 0, ""battery_voltage"": 0, ""wifi_rssi"": -83, ""acc_data"": {""ax"": -0.7, ""ay"": 0.08, ""az"": 0.65, ""pitch"": -44.5, ""roll"": 6.3}, ""gyro_data"": {""gx"": -9.36, ""gy"": -2.16, ""gz"": -3.57}, ""gps_data"": {""latitude"": 0, ""longitude"": 0, ""gps_altitude"": 0, ""time"": 160171}, ""alt_data"": {""pressure"": 852.89, ""temperature"": 27.89, ""AGL"": 0.83, ""velocity"": 0, ""kalman_altitude"": 0.84, ""kalman_vertical_velocity"": -5.43}, ""chute_state"": {""pyro1_state"": 0, ""pyro2_state"": 0}, ""connection_status"": {""connected"": true, ""has_ever_connected"": true, ""packet_age_ms"": 0, ""timeout_exceeded"": false, ""rssi"": -83}, ""communication_mode"": ""BEACON"", ""timestamp"": 17214, ""packets_received"": 135, ""kalman_data"": {""altitude"": 0.84, ""vertical_velocity"": -5.43}, ""kalman_altitude"": 0.84, ""kalman_vertical_velocity"": -5.43, ""pyroDrogue"": 0, ""pyroMain"": 0, ""pyro1_state"": 0, ""pyro2_state"": 0}"
1768306772.322612,2026-01-13T15:19:32.322612,1572,0,0,-0.7,0.07,0.64,-44.54,6.77,-9.7,-4.05,-3.2,0,0,0,160171,852.87,27.89,0.97,0,0,0,0,-82,0.97,-5.39,BEACON,"{""record_number"": 1572, ""operation_mode"": 0, ""state"": 0, ""battery_voltage"": 0, ""wifi_rssi"": -82, ""acc_data"": {""ax"": -0.7, ""ay"": 0.07, ""az"": 0.64, ""pitch"": -44.54, ""roll"": 6.77}, ""gyro_data"": {""gx"": -9.7, ""gy"": -4.05, ""gz"": -3.2}, ""gps_data"": {""latitude"": 0, ""longitude"": 0, ""gps_altitude"": 0, ""time"": 160171}, ""alt_data"": {""pressure"": 852.87, ""temperature"": 27.89, ""AGL"": 0.97, ""velocity"": 0, ""kalman_altitude"": 0.97, ""kalman_vertical_velocity"": -5.39}, ""chute_state"": {""pyro1_state"": 0, ""pyro2_state"": 0}, ""connection_status"": {""connected"": true, ""has_ever_connected"": true, ""packet_age_ms"": 0, ""timeout_exceeded"": false, ""rssi"": -82}, ""communication_mode"": ""BEACON"", ""timestamp"": 17327, ""packets_received"": 136, ""kalman_data"": {""altitude"": 0.97, ""vertical_velocity"": -5.39}, ""kalman_altitude"": 0.97, ""kalman_vertical_velocity"": -5.39, ""pyroDrogue"": 0, ""pyroMain"": 0, ""pyro1_state"": 0, ""pyro2_state"": 0}"
1768306772.731669,2026-01-13T15:19:32.731669,1573,0,0,-0.7,0.08,0.64,-44.66,6.29,-8.75,-3.6,-3.41,0,0,0,160370,852.91,27.91,0.6,0,0,0,0,-82,0.6,-5.5,BEACON,"{""record_number"": 1573, ""operation_mode"": 0, ""state"": 0, ""battery_voltage"": 0, ""wifi_rssi"": -82, ""acc_data"": {""ax"": -0.7, ""ay"": 0.08, ""az"": 0.64, ""pitch"": -44.66, ""roll"": 6.29}, ""gyro_data"": {""gx"": -8.75, ""gy"": -3.6, ""gz"": -3.41}, ""gps_data"": {""latitude"": 0, ""longitude"": 0, ""gps_altitude"": 0, ""time"": 160370}, ""alt_data"": {""pressure"": 852.91, ""temperature"": 27.91, ""AGL"": 0.6, ""velocity"": 0, ""kalman_altitude"": 0.6, ""kalman_vertical_velocity"": -5.5}, ""chute_state"": {""pyro1_state"": 0, ""pyro2_state"": 0}, ""connection_status"": {""connected"": true, ""has_ever_connected"": true, ""packet_age_ms"": 0, ""timeout_exceeded"": false, ""rssi"": -82}, ""communication_mode"": ""BEACON"", ""timestamp"": 17440, ""packets_received"": 137, ""kalman_data"": {""altitude"": 0.6, ""vertical_velocity"": -5.5}, ""kalman_altitude"": 0.6, ""kalman_vertical_velocity"": -5.5, ""pyroDrogue"": 0, ""pyroMain"": 0, ""pyro1_state"": 0, ""pyro2_state"": 0}"
1768306772.838057,2026-01-13T15:19:32.838057,1572,0,0,-0.7,0.07,0.64,-44.54,6.77,-9.7,-4.05,-3.2,0,0,0,160370,852.88,27.91,0.92,0,0,0,0,-82,0.91,-5.42,BEACON,"{""record_number"": 1572, ""operation_mode"": 0, ""state"": 0, ""battery_voltage"": 0, ""wifi_rssi"": -82, ""acc_data"": {""ax"": -0.7, ""ay"": 0.07, ""az"": 0.64, ""pitch"": -44.54, ""roll"": 6.77}, ""gyro_data"": {""gx"": -9.7, ""gy"": -4.05, ""gz"": -3.2}, ""gps_data"": {""latitude"": 0, ""longitude"": 0, ""gps_altitude"": 0, ""time"": 160370}, ""alt_data"": {""pressure"": 852.88, ""temperature"": 27.91, ""AGL"": 0.92, ""velocity"": 0, ""kalman_altitude"": 0.91, ""kalman_vertical_velocity"": -5.42}, ""chute_state"": {""pyro1_state"": 0, ""pyro2_state"": 0}, ""connection_status"": {""connected"": true, ""has_ever_connected"": true, ""packet_age_ms"": 0, ""timeout_exceeded"": false, ""rssi"": -82}, ""communication_mode"": ""BEACON"", ""timestamp"": 17554, ""packets_received"": 138, ""kalman_data"": {""altitude"": 0.91, ""vertical_velocity"": -5.42}, ""kalman_altitude"": 0.91, ""kalman_vertical_velocity"": -5.42, ""pyroDrogue"": 0, ""pyroMain"": 0, ""pyro1_state"": 0, ""pyro2_state"": 0}"
1768306772.98497,2026-01-13T15:19:32.984970,1576,0,0,-0.7,0.07,0.64,-44.38,6.44,-9.15,-4.42,-2.77,0,0,0,160571,852.92,27.91,0.46,0,0,0,0,-83,0.48,-5.55,BEACON,"{""record_number"": 1576, ""operation_mode"": 0, ""state"": 0, ""battery_voltage"": 0, ""wifi_rssi"": -83, ""acc_data"": {""ax"": -0.7, ""ay"": 0.07, ""az"": 0.64, ""pitch"": -44.38, ""roll"": 6.44}, ""gyro_data"": {""gx"": -9.15, ""gy"": -4.42, ""gz"": -2.77}, ""gps_data"": {""latitude"": 0, ""longitude"": 0, ""gps_altitude"": 0, ""time"": 160571}, ""alt_data"": {""pressure"": 852.92, ""temperature"": 27.91, ""AGL"": 0.46, ""velocity"": 0, ""kalman_altitude"": 0.48, ""kalman_vertical_velocity"": -5.55}, ""chute_state"": {""pyro1_state"": 0, ""pyro2_state"": 0}, ""connection_status"": {""connected"": true, ""has_ever_connected"": true, ""packet_age_ms"": 0, ""timeout_exceeded"": false, ""rssi"": -83}, ""communication_mode"": ""BEACON"", ""timestamp"": 17666, ""packets_received"": 139, ""kalman_data"": {""altitude"": 0.48, ""vertical_velocity"": -5.55}, ""kalman_altitude"": 0.48, ""kalman_vertical_velocity"": -5.55, ""pyroDrogue"": 0, ""pyroMain"": 0, ""pyro1_state"": 0, ""pyro2_state"": 0}"
1768306773.101972,2026-01-13T15:19:33.101972,1577,0,0,-0.7,0.07,0.64,-44.46,6.29,-8.96,-2.71,-3.29,0,0,0,160571,852.92,27.91,0.53,0,0,0,0,-83,0.55,-5.54,BEACON,"{""record_number"": 1577, ""operation_mode"": 0, ""state"": 0, ""battery_voltage"": 0, ""wifi_rssi"": -83, ""acc_data"": {""ax"": -0.7, ""ay"": 0.07, ""az"": 0.64, ""pitch"": -44.46, ""roll"": 6.29}, ""gyro_data"": {""gx"": -8.96, ""gy"": -2.71, ""gz"": -3.29}, ""gps_data"": {""latitude"": 0, ""longitude"": 0, ""gps_altitude"": 0, ""time"": 160571}, ""alt_data"": {""pressure"": 852.92, ""temperature"": 27.91, ""AGL"": 0.53, ""velocity"": 0, ""kalman_altitude"": 0.55, ""kalman_vertical_velocity"": -5.54}, ""chute_state"": {""pyro1_state"": 0, ""pyro2_state"": 0}, ""connection_status"": {""connected"": true, ""has_ever_connected"": true, ""packet_age_ms"": 0, ""timeout_exceeded"": false, ""rssi"": -83}, ""communication_mode"": ""BEACON"", ""timestamp"": 17779, ""packets_received"": 140, ""kalman_data"": {""altitude"": 0.55, ""vertical_velocity"": -5.54}, ""kalman_altitude"": 0.55, ""kalman_vertical_velocity"": -5.54, ""pyroDrogue"": 0, ""pyroMain"": 0, ""pyro1_state"": 0, ""pyro2_state"": 0}"
1768306773.187148,2026-01-13T15:19:33.187148,1578,0,0,-0.7,0.07,0.63,-44.46,5.84,-9.51,-4.36,-3.32,0,0,0,160776,852.9,27.9,0.68,0,0,0,0,-82,0.67,-5.51,BEACON,"{""record_number"": 1578, ""operation_mode"": 0, ""state"": 0, ""battery_voltage"": 0, ""wifi_rssi"": -82, ""acc_data"": {""ax"": -0.7, ""ay"": 0.07, ""az"": 0.63, ""pitch"": -44.46, ""roll"": 5.84}, ""gyro_data"": {""gx"": -9.51, ""gy"": -4.36, ""gz"": -3.32}, ""gps_data"": {""latitude"": 0, ""longitude"": 0, ""gps_altitude"": 0, ""time"": 160776}, ""alt_data"": {""pressure"": 852.9, ""temperature"": 27.9, ""AGL"": 0.68, ""velocity"": 0, ""kalman_altitude"": 0.67, ""kalman_vertical_velocity"": -5.51}, ""chute_state"": {""pyro1_state"": 0, ""pyro2_state"": 0}, ""connection_status"": {""connected"": true, ""has_ever_connected"": true, ""packet_age_ms"": 0, ""timeout_exceeded"": false, ""rssi"": -82}, ""communication_mode"": ""BEACON"", ""timestamp"": 17892, ""packets_received"": 141, ""kalman_data"": {""altitude"": 0.67, ""vertical_velocity"": -5.51}, ""kalman_altitude"": 0.67, ""kalman_vertical_velocity"": -5.51, ""pyroDrogue"": 0, ""pyroMain"": 0, ""pyro1_state"": 0, ""pyro2_state"": 0}"
1768306773.253148,2026-01-13T15:19:33.253148,1580,0,0,-0.7,0.08,0.64,-44.74,6.29,-9.48,-2.87,-4.3,0,0,0,160776,852.87,27.91,0.96,0,0,0,0,-82,0.95,-5.43,BEACON,"{""record_number"": 1580, ""operation_mode"": 0, ""state"": 0, ""battery_voltage"": 0, ""wifi_rssi"": -82, ""acc_data"": {""ax"": -0.7, ""ay"": 0.08, ""az"": 0.64, ""pitch"": -44.74, ""roll"": 6.29}, ""gyro_data"": {""gx"": -9.48, ""gy"": -2.87, ""gz"": -4.3}, ""gps_data"": {""latitude"": 0, ""longitude"": 0, ""gps_altitude"": 0, ""time"": 160776}, ""alt_data"": {""pressure"": 852.87, ""temperature"": 27.91, ""AGL"": 0.96, ""velocity"": 0, ""kalman_altitude"": 0.95, ""kalman_vertical_velocity"": -5.43}, ""chute_state"": {""pyro1_state"": 0, ""pyro2_state"": 0}, ""connection_status"": {""connected"": true, ""has_ever_connected"": true, ""packet_age_ms"": 0, ""timeout_exceeded"": false, ""rssi"": -82}, ""communication_mode"": ""BEACON"", ""timestamp"": 18005, ""packets_received"": 142, ""kalman_data"": {""altitude"": 0.95, ""vertical_velocity"": -5.43}, ""kalman_altitude"": 0.95, ""kalman_vertical_velocity"": -5.43, ""pyroDrogue"": 0, ""pyroMain"": 0, ""pyro1_state"": 0, ""pyro2_state"": 0}"
1768306773.296165,2026-01-13T15:19:33.296165,1581,0,0,-0.71,0.06,0.63,-44.54,6,-9.45,-2.59,-2.93,0,0,0,160975,852.89,27.91,0.78,0,0,0,0,-83,0.79,-5.49,BEACON,"{""record_number"": 1581, ""operation_mode"": 0, ""state"": 0, ""battery_voltage"": 0, ""wifi_rssi"": -83, ""acc_data"": {""ax"": -0.71, ""ay"": 0.06, ""az"": 0.63, ""pitch"": -44.54, ""roll"": 6}, ""gyro_data"": {""gx"": -9.45, ""gy"": -2.59, ""gz"": -2.93}, ""gps_data"": {""latitude"": 0, ""longitude"": 0, ""gps_altitude"": 0, ""time"": 160975}, ""alt_data"": {""pressure"": 852.89, ""temperature"": 27.91, ""AGL"": 0.78, ""velocity"": 0, ""kalman_altitude"": 0.79, ""kalman_vertical_velocity"": -5.49}, ""chute_state"": {""pyro1_state"": 0, ""pyro2_state"": 0}, ""connection_status"": {""connected"": true, ""has_ever_connected"": true, ""packet_age_ms"": 0, ""timeout_exceeded"": false, ""rssi"": -83}, ""communication_mode"": ""BEACON"", ""timestamp"": 18118, ""packets_received"": 143, ""kalman_data"": {""altitude"": 0.79, ""vertical_velocity"": -5.49}, ""kalman_altitude"": 0.79, ""kalman_vertical_velocity"": -5.49, ""pyroDrogue"": 0, ""pyroMain"": 0, ""pyro1_state"": 0, ""pyro2_state"": 0}"
1768306773.368629,2026-01-13T15:19:33.368629,1582,0,0,-0.7,0.07,0.64,-44.38,6.04,-9.3,-2.32,-3.6,0,0,0,161176,852.87,27.91,1.03,0,0,0,0,-84,1.02,-5.43,BEACON,"{""record_number"": 1582, ""operation_mode"": 0, ""state"": 0, ""battery_voltage"": 0, ""wifi_rssi"": -84, ""acc_data"": {""ax"": -0.7, ""ay"": 0.07, ""az"": 0.64, ""pitch"": -44.38, ""roll"": 6.04}, ""gyro_data"": {""gx"": -9.3, ""gy"": -2.32, ""gz"": -3.6}, ""gps_data"": {""latitude"": 0, ""longitude"": 0, ""gps_altitude"": 0, ""time"": 161176}, ""alt_data"": {""pressure"": 852.87, ""temperature"": 27.91, ""AGL"": 1.03, ""velocity"": 0, ""kalman_altitude"": 1.02, ""kalman_vertical_velocity"": -5.43}, ""chute_state"": {""pyro1_state"": 0, ""pyro2_state"": 0}, ""connection_status"": {""connected"": true, ""has_ever_connected"": true, ""packet_age_ms"": 0, ""timeout_exceeded"": false, ""rssi"": -84}, ""communication_mode"": ""BEACON"", ""timestamp"": 18232, ""packets_received"": 144, ""kalman_data"": {""altitude"": 1.02, ""vertical_velocity"": -5.43}, ""kalman_altitude"": 1.02, ""kalman_vertical_velocity"": -5.43, ""pyroDrogue"": 0, ""pyroMain"": 0, ""pyro1_state"": 0, ""pyro2_state"": 0}"
1768306773.429629,2026-01-13T15:19:33.429629,1584,0,0,-0.7,0.07,0.63,-44.46,5.92,-9.79,-4.6,-2.26,0,0,0,161176,852.88,27.89,0.87,0,0,0,0,-83,0.87,-5.47,BEACON,"{""record_number"": 1584, ""operation_mode"": 0, ""state"": 0, ""battery_voltage"": 0, ""wifi_rssi"": -83, ""acc_data"": {""ax"": -0.7, ""ay"": 0.07, ""az"": 0.63, ""pitch"": -44.46, ""roll"": 5.92}, ""gyro_data"": {""gx"": -9.79, ""gy"": -4.6, ""gz"": -2.26}, ""gps_data"": {""latitude"": 0, ""longitude"": 0, ""gps_altitude"": 0, ""time"": 161176}, ""alt_data"": {""pressure"": 852.88, ""temperature"": 27.89, ""AGL"": 0.87, ""velocity"": 0, ""kalman_altitude"": 0.87, ""kalman_vertical_velocity"": -5.47}, ""chute_state"": {""pyro1_state"": 0, ""pyro2_state"": 0}, ""connection_status"": {""connected"": true, ""has_ever_connected"": true, ""packet_age_ms"": 0, ""timeout_exceeded"": false, ""rssi"": -83}, ""communication_mode"": ""BEACON"", ""timestamp"": 18343, ""packets_received"": 145, ""kalman_data"": {""altitude"": 0.87, ""vertical_velocity"": -5.47}, ""kalman_altitude"": 0.87, ""kalman_vertical_velocity"": -5.47, ""pyroDrogue"": 0, ""pyroMain"": 0, ""pyro1_state"": 0, ""pyro2_state"": 0}"
1768306773.462638,2026-01-13T15:19:33.462638,1585,0,0,-0.7,0.07,0.64,-44.7,6.12,-9.6,-3.69,-3.29,0,0,0,161376,852.88,27.89,0.87,0,0,0,0,-85,0.87,-5.48,BEACON,"{""record_number"": 1585, ""operation_mode"": 0, ""state"": 0, ""battery_voltage"": 0, ""wifi_rssi"": -85, ""acc_data"": {""ax"": -0.7, ""ay"": 0.07, ""az"": 0.64, ""pitch"": -44.7, ""roll"": 6.12}, ""gyro_data"": {""gx"": -9.6, ""gy"": -3.69, ""gz"": -3.29}, ""gps_data"": {""latitude"": 0, ""longitude"": 0, ""gps_altitude"": 0, ""time"": 161376}, ""alt_data"": {""pressure"": 852.88, ""temperature"": 27.89, ""AGL"": 0.87, ""velocity"": 0, ""kalman_altitude"": 0.87, ""kalman_vertical_velocity"": -5.48}, ""chute_state"": {""pyro1_state"": 0, ""pyro2_state"": 0}, ""connection_status"": {""connected"": true, ""has_ever_connected"": true, ""packet_age_ms"": 1, ""timeout_exceeded"": false, ""rssi"": -85}, ""communication_mode"": ""BEACON"", ""timestamp"": 18456, ""packets_received"": 146, ""kalman_data"": {""altitude"": 0.87, ""vertical_velocity"": -5.48}, ""kalman_altitude"": 0.87, ""kalman_vertical_velocity"": -5.48, ""pyroDrogue"": 0, ""pyroMain"": 0, ""pyro1_state"": 0, ""pyro2_state"": 0}"
1768306773.536631,2026-01-13T15:19:33.536631,1586,0,0,-0.7,0.07,0.64,-44.03,5.96,-9.66,-3.2,-3.32,0,0,0,161376,852.9,27.91,0.75,0,0,0,0,-90,0.75,-5.52,BEACON,"{""record_number"": 1586, ""operation_mode"": 0, ""state"": 0, ""battery_voltage"": 0, ""wifi_rssi"": -90, ""acc_data"": {""ax"": -0.7, ""ay"": 0.07, ""az"": 0.64, ""pitch"": -44.03, ""roll"": 5.96}, ""gyro_data"": {""gx"": -9.66, ""gy"": -3.2, ""gz"": -3.32}, ""gps_data"": {""latitude"": 0, ""longitude"": 0, ""gps_altitude"": 0, ""time"": 161376}, ""alt_data"": {""pressure"": 852.9, ""temperature"": 27.91, ""AGL"": 0.75, ""velocity"": 0, ""kalman_altitude"": 0.75, ""kalman_vertical_velocity"": -5.52}, ""chute_state"": {""pyro1_state"": 0, ""pyro2_state"": 0}, ""connection_status"": {""connected"": true, ""has_ever_connected"": true, ""packet_age_ms"": 1, ""timeout_exceeded"": false, ""rssi"": -90}, ""communication_mode"": ""BEACON"", ""timestamp"": 18568, ""packets_received"": 147, ""kalman_data"": {""altitude"": 0.75, ""vertical_velocity"": -5.52}, ""kalman_altitude"": 0.75, ""kalman_vertical_velocity"": -5.52, ""pyroDrogue"": 0, ""pyroMain"": 0, ""pyro1_state"": 0, ""pyro2_state"": 0}"
1768306773.641495,2026-01-13T15:19:33.641495,1588,0,0,-0.69,0.07,0.64,-44.74,5.84,-9.48,-2.44,-3.96,0,0,0,161576,852.87,27.9,0.97,0,0,0,0,-85,0.96,-5.47,BEACON,"{""record_number"": 1588, ""operation_mode"": 0, ""state"": 0, ""battery_voltage"": 0, ""wifi_rssi"": -85, ""acc_data"": {""ax"": -0.69, ""ay"": 0.07, ""az"": 0.64, ""pitch"": -44.74, ""roll"": 5.84}, ""gyro_data"": {""gx"": -9.48, ""gy"": -2.44, ""gz"": -3.96}, ""gps_data"": {""latitude"": 0, ""longitude"": 0, ""gps_altitude"": 0, ""time"": 161576}, ""alt_data"": {""pressure"": 852.87, ""temperature"": 27.9, ""AGL"": 0.97, ""velocity"": 0, ""kalman_altitude"": 0.96, ""kalman_vertical_velocity"": -5.47}, ""chute_state"": {""pyro1_state"": 0, ""pyro2_state"": 0}, ""connection_status"": {""connected"": true, ""has_ever_connected"": true, ""packet_age_ms"": 0, ""timeout_exceeded"": false, ""rssi"": -85}, ""communication_mode"": ""BEACON"", ""timestamp"": 18680, ""packets_received"": 148, ""kalman_data"": {""altitude"": 0.96, ""vertical_velocity"": -5.47}, ""kalman_altitude"": 0.96, ""kalman_vertical_velocity"": -5.47, ""pyroDrogue"": 0, ""pyroMain"": 0, ""pyro1_state"": 0, ""pyro2_state"": 0}"
1768306773.744355,2026-01-13T15:19:33.744355,1589,0,0,-0.7,0.07,0.64,-44.7,5.87,-8.32,-2.96,-3.69,0,0,0,161576,852.85,27.9,1.15,0,0,0,0,-83,1.14,-5.42,BEACON,"{""record_number"": 1589, ""operation_mode"": 0, ""state"": 0, ""battery_voltage"": 0, ""wifi_rssi"": -83, ""acc_data"": {""ax"": -0.7, ""ay"": 0.07, ""az"": 0.64, ""pitch"": -44.7, ""roll"": 5.87}, ""gyro_data"": {""gx"": -8.32, ""gy"": -2.96, ""gz"": -3.69}, ""gps_data"": {""latitude"": 0, ""longitude"": 0, ""gps_altitude"": 0, ""time"": 161576}, ""alt_data"": {""pressure"": 852.85, ""temperature"": 27.9, ""AGL"": 1.15, ""velocity"": 0, ""kalman_altitude"": 1.14, ""kalman_vertical_velocity"": -5.42}, ""chute_state"": {""pyro1_state"": 0, ""pyro2_state"": 0}, ""connection_status"": {""connected"": true, ""has_ever_connected"": true, ""packet_age_ms"": 0, ""timeout_exceeded"": false, ""rssi"": -83}, ""communication_mode"": ""BEACON"", ""timestamp"": 18793, ""packets_received"": 149, ""kalman_data"": {""altitude"": 1.14, ""vertical_velocity"": -5.42}, ""kalman_altitude"": 1.14, ""kalman_vertical_velocity"": -5.42, ""pyroDrogue"": 0, ""pyroMain"": 0, ""pyro1_state"": 0, ""pyro2_state"": 0}"
1768306773.862755,2026-01-13T15:19:33.862755,1590,0,0,-0.7,0.07,0.64,-45.05,6.28,-9.3,-3.69,-3.81,0,0,0,161780,852.87,27.89,1.01,0,0,0,0,-83,1.01,-5.46,BEACON,"{""record_number"": 1590, ""operation_mode"": 0, ""state"": 0, ""battery_voltage"": 0, ""wifi_rssi"": -83, ""acc_data"": {""ax"": -0.7, ""ay"": 0.07, ""az"": 0.64, ""pitch"": -45.05, ""roll"": 6.28}, ""gyro_data"": {""gx"": -9.3, ""gy"": -3.69, ""gz"": -3.81}, ""gps_data"": {""latitude"": 0, ""longitude"": 0, ""gps_altitude"": 0, ""time"": 161780}, ""alt_data"": {""pressure"": 852.87, ""temperature"": 27.89, ""AGL"": 1.01, ""velocity"": 0, ""kalman_altitude"": 1.01, ""kalman_vertical_velocity"": -5.46}, ""chute_state"": {""pyro1_state"": 0, ""pyro2_state"": 0}, ""connection_status"": {""connected"": true, ""has_ever_connected"": true, ""packet_age_ms"": 0, ""timeout_exceeded"": false, ""rssi"": -83}, ""communication_mode"": ""BEACON"", ""timestamp"": 18905, ""packets_received"": 150, ""kalman_data"": {""altitude"": 1.01, ""vertical_velocity"": -5.46}, ""kalman_altitude"": 1.01, ""kalman_vertical_velocity"": -5.46, ""pyroDrogue"": 0, ""pyroMain"": 0, ""pyro1_state"": 0, ""pyro2_state"": 0}"
1768306773.97219,2026-01-13T15:19:33.972190,1591,0,0,-0.7,0.07,0.65,-44.89,6.42,-8.66,-2.8,-3.66,0,0,0,161780,852.89,27.9,0.79,0,0,0,0,-83,0.8,-5.53,BEACON,"{""record_number"": 1591, ""operation_mode"": 0, ""state"": 0, ""battery_voltage"": 0, ""wifi_rssi"": -83, ""acc_data"": {""ax"": -0.7, ""ay"": 0.07, ""az"": 0.65, ""pitch"": -44.89, ""roll"": 6.42}, ""gyro_data"": {""gx"": -8.66, ""gy"": -2.8, ""gz"": -3.66}, ""gps_data"": {""latitude"": 0, ""longitude"": 0, ""gps_altitude"": 0, ""time"": 161780}, ""alt_data"": {""pressure"": 852.89, ""temperature"": 27.9, ""AGL"": 0.79, ""velocity"": 0, ""kalman_altitude"": 0.8, ""kalman_vertical_velocity"": -5.53}, ""chute_state"": {""pyro1_state"": 0, ""pyro2_state"": 0}, ""connection_status"": {""connected"": true, ""has_ever_connected"": true, ""packet_age_ms"": 0, ""timeout_exceeded"": false, ""rssi"": -83}, ""communication_mode"": ""BEACON"", ""timestamp"": 19018, ""packets_received"": 151, ""kalman_data"": {""altitude"": 0.8, ""vertical_velocity"": -5.53}, ""kalman_altitude"": 0.8, ""kalman_vertical_velocity"": -5.53, ""pyroDrogue"": 0, ""pyroMain"": 0, ""pyro1_state"": 0, ""pyro2_state"": 0}"
1768306774.086191,2026-01-13T15:19:34.086191,1593,0,0,-0.7,0.07,0.64,-44.15,6.25,-9.18,-2.29,-3.54,0,0,0,161981,852.89,27.91,0.82,0,0,0,0,-84,0.81,-5.53,BEACON,"{""record_number"": 1593, ""operation_mode"": 0, ""state"": 0, ""battery_voltage"": 0, ""wifi_rssi"": -84, ""acc_data"": {""ax"": -0.7, ""ay"": 0.07, ""az"": 0.64, ""pitch"": -44.15, ""roll"": 6.25}, ""gyro_data"": {""gx"": -9.18, ""gy"": -2.29, ""gz"": -3.54}, ""gps_data"": {""latitude"": 0, ""longitude"": 0, ""gps_altitude"": 0, ""time"": 161981}, ""alt_data"": {""pressure"": 852.89, ""temperature"": 27.91, ""AGL"": 0.82, ""velocity"": 0, ""kalman_altitude"": 0.81, ""kalman_vertical_velocity"": -5.53}, ""chute_state"": {""pyro1_state"": 0, ""pyro2_state"": 0}, ""connection_status"": {""connected"": true, ""has_ever_connected"": true, ""packet_age_ms"": 1, ""timeout_exceeded"": false, ""rssi"": -84}, ""communication_mode"": ""BEACON"", ""timestamp"": 19131, ""packets_received"": 152, ""kalman_data"": {""altitude"": 0.81, ""vertical_velocity"": -5.53}, ""kalman_altitude"": 0.81, ""kalman_vertical_velocity"": -5.53, ""pyroDrogue"": 0, ""pyroMain"": 0, ""pyro1_state"": 0, ""pyro2_state"": 0}"
1768306774.193192,2026-01-13T15:19:34.193192,1594,0,0,-0.71,0.07,0.64,-44.03,6.12,-8.96,-3.78,-3.81,0,0,0,162180,852.85,27.9,1.22,0,0,0,0,-86,1.2,-5.43,BEACON,"{""record_number"": 1594, ""operation_mode"": 0, ""state"": 0, ""battery_voltage"": 0, ""wifi_rssi"": -86, ""acc_data"": {""ax"": -0.71, ""ay"": 0.07, ""az"": 0.64, ""pitch"": -44.03, ""roll"": 6.12}, ""gyro_data"": {""gx"": -8.96, ""gy"": -3.78, ""gz"": -3.81}, ""gps_data"": {""latitude"": 0, ""longitude"": 0, ""gps_altitude"": 0, ""time"": 162180}, ""alt_data"": {""pressure"": 852.85, ""temperature"": 27.9, ""AGL"": 1.22, ""velocity"": 0, ""kalman_altitude"": 1.2, ""kalman_vertical_velocity"": -5.43}, ""chute_state"": {""pyro1_state"": 0, ""pyro2_state"": 0}, ""connection_status"": {""connected"": true, ""has_ever_connected"": true, ""packet_age_ms"": 0, ""timeout_exceeded"": false, ""rssi"": -86}, ""communication_mode"": ""BEACON"", ""timestamp"": 19243, ""packets_received"": 153, ""kalman_data"": {""altitude"": 1.2, ""vertical_velocity"": -5.43}, ""kalman_altitude"": 1.2, ""kalman_vertical_velocity"": -5.43, ""pyroDrogue"": 0, ""pyroMain"": 0, ""pyro1_state"": 0, ""pyro2_state"": 0}"
1768306774.301723,2026-01-13T15:19:34.301723,1595,0,0,-0.7,0.07,0.65,-44.11,6.6,-9.05,-2.29,-3.23,0,0,0,162180,852.93,27.91,0.39,0,0,0,0,-82,0.42,-5.65,BEACON,"{""record_number"": 1595, ""operation_mode"": 0, ""state"": 0, ""battery_voltage"": 0, ""wifi_rssi"": -82, ""acc_data"": {""ax"": -0.7, ""ay"": 0.07, ""az"": 0.65, ""pitch"": -44.11, ""roll"": 6.6}, ""gyro_data"": {""gx"": -9.05, ""gy"": -2.29, ""gz"": -3.23}, ""gps_data"": {""latitude"": 0, ""longitude"": 0, ""gps_altitude"": 0, ""time"": 162180}, ""alt_data"": {""pressure"": 852.93, ""temperature"": 27.91, ""AGL"": 0.39, ""velocity"": 0, ""kalman_altitude"": 0.42, ""kalman_vertical_velocity"": -5.65}, ""chute_state"": {""pyro1_state"": 0, ""pyro2_state"": 0}, ""connection_status"": {""connected"": true, ""has_ever_connected"": true, ""packet_age_ms"": 1, ""timeout_exceeded"": false, ""rssi"": -82}, ""communication_mode"": ""BEACON"", ""timestamp"": 19356, ""packets_received"": 154, ""kalman_data"": {""altitude"": 0.42, ""vertical_velocity"": -5.65}, ""kalman_altitude"": 0.42, ""kalman_vertical_velocity"": -5.65, ""pyroDrogue"": 0, ""pyroMain"": 0, ""pyro1_state"": 0, ""pyro2_state"": 0}"
1768306774.455569,2026-01-13T15:19:34.455569,1597,0,0,-0.7,0.07,0.65,-45.69,7.01,-8.23,-0.82,-3.81,0,0,0,162381,852.92,27.91,0.46,0,0,0,0,-87,0.46,-5.65,BEACON,"{""record_number"": 1597, ""operation_mode"": 0, ""state"": 0, ""battery_voltage"": 0, ""wifi_rssi"": -87, ""acc_data"": {""ax"": -0.7, ""ay"": 0.07, ""az"": 0.65, ""pitch"": -45.69, ""roll"": 7.01}, ""gyro_data"": {""gx"": -8.23, ""gy"": -0.82, ""gz"": -3.81}, ""gps_data"": {""latitude"": 0, ""longitude"": 0, ""gps_altitude"": 0, ""time"": 162381}, ""alt_data"": {""pressure"": 852.92, ""temperature"": 27.91, ""AGL"": 0.46, ""velocity"": 0, ""kalman_altitude"": 0.46, ""kalman_vertical_velocity"": -5.65}, ""chute_state"": {""pyro1_state"": 0, ""pyro2_state"": 0}, ""connection_status"": {""connected"": true, ""has_ever_connected"": true, ""packet_age_ms"": 0, ""timeout_exceeded"": false, ""rssi"": -87}, ""communication_mode"": ""BEACON"", ""timestamp"": 19468, ""packets_received"": 155, ""kalman_data"": {""altitude"": 0.46, ""vertical_velocity"": -5.65}, ""kalman_altitude"": 0.46, ""kalman_vertical_velocity"": -5.65, ""pyroDrogue"": 0, ""pyroMain"": 0, ""pyro1_state"": 0, ""pyro2_state"": 0}"
1768306774.554293,2026-01-13T15:19:34.554293,1598,0,0,-0.7,0.06,0.65,-44.3,5.96,-9.15,-5.55,-3.32,0,0,0,162381,852.89,27.9,0.82,0,0,0,0,-87,0.81,-5.55,BEACON,"{""record_number"": 1598, ""operation_mode"": 0, ""state"": 0, ""battery_voltage"": 0, ""wifi_rssi"": -87, ""acc_data"": {""ax"": -0.7, ""ay"": 0.06, ""az"": 0.65, ""pitch"": -44.3, ""roll"": 5.96}, ""gyro_data"": {""gx"": -9.15, ""gy"": -5.55, ""gz"": -3.32}, ""gps_data"": {""latitude"": 0, ""longitude"": 0, ""gps_altitude"": 0, ""time"": 162381}, ""alt_data"": {""pressure"": 852.89, ""temperature"": 27.9, ""AGL"": 0.82, ""velocity"": 0, ""kalman_altitude"": 0.81, ""kalman_vertical_velocity"": -5.55}, ""chute_state"": {""pyro1_state"": 0, ""pyro2_state"": 0}, ""connection_status"": {""connected"": true, ""has_ever_connected"": true, ""packet_age_ms"": 0, ""timeout_exceeded"": false, ""rssi"": -87}, ""communication_mode"": ""BEACON"", ""timestamp"": 19581, ""packets_received"": 156, ""kalman_data"": {""altitude"": 0.81, ""vertical_velocity"": -5.55}, ""kalman_altitude"": 0.81, ""kalman_vertical_velocity"": -5.55, ""pyroDrogue"": 0, ""pyroMain"": 0, ""pyro1_state"": 0, ""pyro2_state"": 0}"
1768306774.66797,2026-01-13T15:19:34.667970,1599,0,0,-0.7,0.07,0.64,-44.74,6.37,-9.27,-0.52,-4.02,0,0,0,162581,852.87,27.9,1.04,0,0,0,0,-85,1.03,-5.5,BEACON,"{""record_number"": 1599, ""operation_mode"": 0, ""state"": 0, ""battery_voltage"": 0, ""wifi_rssi"": -85, ""acc_data"": {""ax"": -0.7, ""ay"": 0.07, ""az"": 0.64, ""pitch"": -44.74, ""roll"": 6.37}, ""gyro_data"": {""gx"": -9.27, ""gy"": -0.52, ""gz"": -4.02}, ""gps_data"": {""latitude"": 0, ""longitude"": 0, ""gps_altitude"": 0, ""time"": 162581}, ""alt_data"": {""pressure"": 852.87, ""temperature"": 27.9, ""AGL"": 1.04, ""velocity"": 0, ""kalman_altitude"": 1.03, ""kalman_vertical_velocity"": -5.5}, ""chute_state"": {""pyro1_state"": 0, ""pyro2_state"": 0}, ""connection_status"": {""connected"": true, ""has_ever_connected"": true, ""packet_age_ms"": 1, ""timeout_exceeded"": false, ""rssi"": -85}, ""communication_mode"": ""BEACON"", ""timestamp"": 19693, ""packets_received"": 157, ""kalman_data"": {""altitude"": 1.03, ""vertical_velocity"": -5.5}, ""kalman_altitude"": 1.03, ""kalman_vertical_velocity"": -5.5, ""pyroDrogue"": 0, ""pyroMain"": 0, ""pyro1_state"": 0, ""pyro2_state"": 0}"
1768306774.776492,2026-01-13T15:19:34.776492,1601,0,0,-0.7,0.07,0.64,-44.38,5.89,-9.57,-3.35,-3.29,0,0,0,162581,852.87,27.91,1,0,0,0,0,-87,1,-5.51,BEACON,"{""record_number"": 1601, ""operation_mode"": 0, ""state"": 0, ""battery_voltage"": 0, ""wifi_rssi"": -87, ""acc_data"": {""ax"": -0.7, ""ay"": 0.07, ""az"": 0.64, ""pitch"": -44.38, ""roll"": 5.89}, ""gyro_data"": {""gx"": -9.57, ""gy"": -3.35, ""gz"": -3.29}, ""gps_data"": {""latitude"": 0, ""longitude"": 0, ""gps_altitude"": 0, ""time"": 162581}, ""alt_data"": {""pressure"": 852.87, ""temperature"": 27.91, ""AGL"": 1, ""velocity"": 0, ""kalman_altitude"": 1, ""kalman_vertical_velocity"": -5.51}, ""chute_state"": {""pyro1_state"": 0, ""pyro2_state"": 0}, ""connection_status"": {""connected"": true, ""has_ever_connected"": true, ""packet_age_ms"": 0, ""timeout_exceeded"": false, ""rssi"": -87}, ""communication_mode"": ""BEACON"", ""timestamp"": 19805, ""packets_received"": 158, ""kalman_data"": {""altitude"": 1, ""vertical_velocity"": -5.51}, ""kalman_altitude"": 1, ""kalman_vertical_velocity"": -5.51, ""pyroDrogue"": 0, ""pyroMain"": 0, ""pyro1_state"": 0, ""pyro2_state"": 0}"
1768306774.865494,2026-01-13T15:19:34.865494,1602,0,0,-0.7,0.07,0.65,-44.78,5.91,-8.9,-3.32,-3.96,0,0,0,162786,852.86,27.9,1.07,0,0,0,0,-85,1.07,-5.5,BEACON,"{""record_number"": 1602, ""operation_mode"": 0, ""state"": 0, ""battery_voltage"": 0, ""wifi_rssi"": -85, ""acc_data"": {""ax"": -0.7, ""ay"": 0.07, ""az"": 0.65, ""pitch"": -44.78, ""roll"": 5.91}, ""gyro_data"": {""gx"": -8.9, ""gy"": -3.32, ""gz"": -3.96}, ""gps_data"": {""latitude"": 0, ""longitude"": 0, ""gps_altitude"": 0, ""time"": 162786}, ""alt_data"": {""pressure"": 852.86, ""temperature"": 27.9, ""AGL"": 1.07, ""velocity"": 0, ""kalman_altitude"": 1.07, ""kalman_vertical_velocity"": -5.5}, ""chute_state"": {""pyro1_state"": 0, ""pyro2_state"": 0}, ""connection_status"": {""connected"": true, ""has_ever_connected"": true, ""packet_age_ms"": 0, ""timeout_exceeded"": false, ""rssi"": -85}, ""communication_mode"": ""BEACON"", ""timestamp"": 19918, ""packets_received"": 159, ""kalman_data"": {""altitude"": 1.07, ""vertical_velocity"": -5.5}, ""kalman_altitude"": 1.07, ""kalman_vertical_velocity"": -5.5, ""pyroDrogue"": 0, ""pyroMain"": 0, ""pyro1_state"": 0, ""pyro2_state"": 0}"
1768306774.993323,2026-01-13T15:19:34.993323,1603,0,0,-0.7,0.07,0.65,-44.07,5.82,-9.85,-2.99,-3.14,0,0,0,162985,852.92,27.91,0.53,0,0,0,0,-86,0.55,-5.64,BEACON,"{""record_number"": 1603, ""operation_mode"": 0, ""state"": 0, ""battery_voltage"": 0, ""wifi_rssi"": -86, ""acc_data"": {""ax"": -0.7, ""ay"": 0.07, ""az"": 0.65, ""pitch"": -44.07, ""roll"": 5.82}, ""gyro_data"": {""gx"": -9.85, ""gy"": -2.99, ""gz"": -3.14}, ""gps_data"": {""latitude"": 0, ""longitude"": 0, ""gps_altitude"": 0, ""time"": 162985}, ""alt_data"": {""pressure"": 852.92, ""temperature"": 27.91, ""AGL"": 0.53, ""velocity"": 0, ""kalman_altitude"": 0.55, ""kalman_vertical_velocity"": -5.64}, ""chute_state"": {""pyro1_state"": 0, ""pyro2_state"": 0}, ""connection_status"": {""connected"": true, ""has_ever_connected"": true, ""packet_age_ms"": 0, ""timeout_exceeded"": false, ""rssi"": -86}, ""communication_mode"": ""BEACON"", ""timestamp"": 20032, ""packets_received"": 160, ""kalman_data"": {""altitude"": 0.55, ""vertical_velocity"": -5.64}, ""kalman_altitude"": 0.55, ""kalman_vertical_velocity"": -5.64, ""pyroDrogue"": 0, ""pyroMain"": 0, ""pyro1_state"": 0, ""pyro2_state"": 0}"
1768306775.145543,2026-01-13T15:19:35.145543,1605,0,0,-0.7,0.07,0.64,-44.58,6.62,-8.48,-3.11,-3.63,0,0,0,162985,852.91,27.91,0.64,0,0,0,0,-85,0.65,-5.63,BEACON,"{""record_number"": 1605, ""operation_mode"": 0, ""state"": 0, ""battery_voltage"": 0, ""wifi_rssi"": -85, ""acc_data"": {""ax"": -0.7, ""ay"": 0.07, ""az"": 0.64, ""pitch"": -44.58, ""roll"": 6.62}, ""gyro_data"": {""gx"": -8.48, ""gy"": -3.11, ""gz"": -3.63}, ""gps_data"": {""latitude"": 0, ""longitude"": 0, ""gps_altitude"": 0, ""time"": 162985}, ""alt_data"": {""pressure"": 852.91, ""temperature"": 27.91, ""AGL"": 0.64, ""velocity"": 0, ""kalman_altitude"": 0.65, ""kalman_vertical_velocity"": -5.63}, ""chute_state"": {""pyro1_state"": 0, ""pyro2_state"": 0}, ""connection_status"": {""connected"": true, ""has_ever_connected"": true, ""packet_age_ms"": 1, ""timeout_exceeded"": false, ""rssi"": -85}, ""communication_mode"": ""BEACON"", ""timestamp"": 20145, ""packets_received"": 161, ""kalman_data"": {""altitude"": 0.65, ""vertical_velocity"": -5.63}, ""kalman_altitude"": 0.65, ""kalman_vertical_velocity"": -5.63, ""pyroDrogue"": 0, ""pyroMain"": 0, ""pyro1_state"": 0, ""pyro2_state"": 0}"
1768306775.254156,2026-01-13T15:19:35.254156,1606,0,0,-0.7,0.07,0.64,-44.62,6.37,-9.02,-3.26,-3.93,0,0,0,163186,852.85,27.91,1.18,0,0,0,0,-84,1.16,-5.49,BEACON,"{""record_number"": 1606, ""operation_mode"": 0, ""state"": 0, ""battery_voltage"": 0, ""wifi_rssi"": -84, ""acc_data"": {""ax"": -0.7, ""ay"": 0.07, ""az"": 0.64, ""pitch"": -44.62, ""roll"": 6.37}, ""gyro_data"": {""gx"": -9.02, ""gy"": -3.26, ""gz"": -3.93}, ""gps_data"": {""latitude"": 0, ""longitude"": 0, ""gps_altitude"": 0, ""time"": 163186}, ""alt_data"": {""pressure"": 852.85, ""temperature"": 27.91, ""AGL"": 1.18, ""velocity"": 0, ""kalman_altitude"": 1.16, ""kalman_vertical_velocity"": -5.49}, ""chute_state"": {""pyro1_state"": 0, ""pyro2_state"": 0}, ""connection_status"": {""connected"": true, ""has_ever_connected"": true, ""packet_age_ms"": 0, ""timeout_exceeded"": false, ""rssi"": -84}, ""communication_mode"": ""BEACON"", ""timestamp"": 20279, ""packets_received"": 162, ""kalman_data"": {""altitude"": 1.16, ""vertical_velocity"": -5.49}, ""kalman_altitude"": 1.16, ""kalman_vertical_velocity"": -5.49, ""pyroDrogue"": 0, ""pyroMain"": 0, ""pyro1_state"": 0, ""pyro2_state"": 0}"
1768306775.359448,2026-01-13T15:19:35.359448,1607,0,0,-0.7,0.07,0.64,-43.92,6.04,-8.54,-4.24,-3.57,0,0,0,163186,852.88,27.91,0.85,0,0,0,0,-86,0.86,-5.58,BEACON,"{""record_number"": 1607, ""operation_mode"": 0, ""state"": 0, ""battery_voltage"": 0, ""wifi_rssi"": -86, ""acc_data"": {""ax"": -0.7, ""ay"": 0.07, ""az"": 0.64, ""pitch"": -43.92, ""roll"": 6.04}, ""gyro_data"": {""gx"": -8.54, ""gy"": -4.24, ""gz"": -3.57}, ""gps_data"": {""latitude"": 0, ""longitude"": 0, ""gps_altitude"": 0, ""time"": 163186}, ""alt_data"": {""pressure"": 852.88, ""temperature"": 27.91, ""AGL"": 0.85, ""velocity"": 0, ""kalman_altitude"": 0.86, ""kalman_vertical_velocity"": -5.58}, ""chute_state"": {""pyro1_state"": 0, ""pyro2_state"": 0}, ""connection_status"": {""connected"": true, ""has_ever_connected"": true, ""packet_age_ms"": 0, ""timeout_exceeded"": false, ""rssi"": -86}, ""communication_mode"": ""BEACON"", ""timestamp"": 20382, ""packets_received"": 163, ""kalman_data"": {""altitude"": 0.86, ""vertical_velocity"": -5.58}, ""kalman_altitude"": 0.86, ""kalman_vertical_velocity"": -5.58, ""pyroDrogue"": 0, ""pyroMain"": 0, ""pyro1_state"": 0, ""pyro2_state"": 0}"
1768306775.504416,2026-01-13T15:19:35.504416,1609,0,0,-0.7,0.07,0.64,-44.54,5.97,-9.02,-3.57,-3.38,0,0,0,163386,852.9,27.91,0.67,0,0,0,0,-85,0.69,-5.63,BEACON,"{""record_number"": 1609, ""operation_mode"": 0, ""state"": 0, ""battery_voltage"": 0, ""wifi_rssi"": -85, ""acc_data"": {""ax"": -0.7, ""ay"": 0.07, ""az"": 0.64, ""pitch"": -44.54, ""roll"": 5.97}, ""gyro_data"": {""gx"": -9.02, ""gy"": -3.57, ""gz"": -3.38}, ""gps_data"": {""latitude"": 0, ""longitude"": 0, ""gps_altitude"": 0, ""time"": 163386}, ""alt_data"": {""pressure"": 852.9, ""temperature"": 27.91, ""AGL"": 0.67, ""velocity"": 0, ""kalman_altitude"": 0.69, ""kalman_vertical_velocity"": -5.63}, ""chute_state"": {""pyro1_state"": 0, ""pyro2_state"": 0}, ""connection_status"": {""connected"": true, ""has_ever_connected"": true, ""packet_age_ms"": 1, ""timeout_exceeded"": false, ""rssi"": -85}, ""communication_mode"": ""BEACON"", ""timestamp"": 20486, ""packets_received"": 164, ""kalman_data"": {""altitude"": 0.69, ""vertical_velocity"": -5.63}, ""kalman_altitude"": 0.69, ""kalman_vertical_velocity"": -5.63, ""pyroDrogue"": 0, ""pyroMain"": 0, ""pyro1_state"": 0, ""pyro2_state"": 0}"
1768306775.559422,2026-01-13T15:19:35.559422,1610,0,0,-0.7,0.07,0.64,-43.95,5.75,-9.15,-2.84,-3.05,0,0,0,163386,852.87,27.91,0.96,0,0,0,0,-85,0.95,-5.56,BEACON,"{""record_number"": 1610, ""operation_mode"": 0, ""state"": 0, ""battery_voltage"": 0, ""wifi_rssi"": -85, ""acc_data"": {""ax"": -0.7, ""ay"": 0.07, ""az"": 0.64, ""pitch"": -43.95, ""roll"": 5.75}, ""gyro_data"": {""gx"": -9.15, ""gy"": -2.84, ""gz"": -3.05}, ""gps_data"": {""latitude"": 0, ""longitude"": 0, ""gps_altitude"": 0, ""time"": 163386}, ""alt_data"": {""pressure"": 852.87, ""temperature"": 27.91, ""AGL"": 0.96, ""velocity"": 0, ""kalman_altitude"": 0.95, ""kalman_vertical_velocity"": -5.56}, ""chute_state"": {""pyro1_state"": 0, ""pyro2_state"": 0}, ""connection_status"": {""connected"": true, ""has_ever_connected"": true, ""packet_age_ms"": 1, ""timeout_exceeded"": false, ""rssi"": -85}, ""communication_mode"": ""BEACON"", ""timestamp"": 20596, ""packets_received"": 165, ""kalman_data"": {""altitude"": 0.95, ""vertical_velocity"": -5.56}, ""kalman_altitude"": 0.95, ""kalman_vertical_velocity"": -5.56, ""pyroDrogue"": 0, ""pyroMain"": 0, ""pyro1_state"": 0, ""pyro2_state"": 0}"
1768306775.656417,2026-01-13T15:19:35.656417,1611,0,0,-0.7,0.07,0.65,-44.3,6.49,-8.93,-3.17,-3.57,0,0,0,163586,852.89,27.91,0.78,0,0,0,0,-85,0.78,-5.61,BEACON,"{""record_number"": 1611, ""operation_mode"": 0, ""state"": 0, ""battery_voltage"": 0, ""wifi_rssi"": -85, ""acc_data"": {""ax"": -0.7, ""ay"": 0.07, ""az"": 0.65, ""pitch"": -44.3, ""roll"": 6.49}, ""gyro_data"": {""gx"": -8.93, ""gy"": -3.17, ""gz"": -3.57}, ""gps_data"": {""latitude"": 0, ""longitude"": 0, ""gps_altitude"": 0, ""time"": 163586}, ""alt_data"": {""pressure"": 852.89, ""temperature"": 27.91, ""AGL"": 0.78, ""velocity"": 0, ""kalman_altitude"": 0.78, ""kalman_vertical_velocity"": -5.61}, ""chute_state"": {""pyro1_state"": 0, ""pyro2_state"": 0}, ""connection_status"": {""connected"": true, ""has_ever_connected"": true, ""packet_age_ms"": 0, ""timeout_exceeded"": false, ""rssi"": -85}, ""communication_mode"": ""BEACON"", ""timestamp"": 20708, ""packets_received"": 166, ""kalman_data"": {""altitude"": 0.78, ""vertical_velocity"": -5.61}, ""kalman_altitude"": 0.78, ""kalman_vertical_velocity"": -5.61, ""pyroDrogue"": 0, ""pyroMain"": 0, ""pyro1_state"": 0, ""pyro2_state"": 0}"
1768306775.826776,2026-01-13T15:19:35.826776,1613,0,0,-0.7,0.07,0.64,-44.34,6.17,-9.02,-2.99,-3.78,0,0,0,163586,852.9,27.91,0.75,0,0,0,0,-87,0.75,-5.63,BEACON,"{""record_number"": 1613, ""operation_mode"": 0, ""state"": 0, ""battery_voltage"": 0, ""wifi_rssi"": -87, ""acc_data"": {""ax"": -0.7, ""ay"": 0.07, ""az"": 0.64, ""pitch"": -44.34, ""roll"": 6.17}, ""gyro_data"": {""gx"": -9.02, ""gy"": -2.99, ""gz"": -3.78}, ""gps_data"": {""latitude"": 0, ""longitude"": 0, ""gps_altitude"": 0, ""time"": 163586}, ""alt_data"": {""pressure"": 852.9, ""temperature"": 27.91, ""AGL"": 0.75, ""velocity"": 0, ""kalman_altitude"": 0.75, ""kalman_vertical_velocity"": -5.63}, ""chute_state"": {""pyro1_state"": 0, ""pyro2_state"": 0}, ""connection_status"": {""connected"": true, ""has_ever_connected"": true, ""packet_age_ms"": 0, ""timeout_exceeded"": false, ""rssi"": -87}, ""communication_mode"": ""BEACON"", ""timestamp"": 20821, ""packets_received"": 167, ""kalman_data"": {""altitude"": 0.75, ""vertical_velocity"": -5.63}, ""kalman_altitude"": 0.75, ""kalman_vertical_velocity"": -5.63, ""pyroDrogue"": 0, ""pyroMain"": 0, ""pyro1_state"": 0, ""pyro2_state"": 0}"
1768306775.886772,2026-01-13T15:19:35.886772,1614,0,0,-0.7,0.07,0.63,-44.19,6.3,-9.6,-2.56,-3.87,0,0,0,163790,852.92,27.91,0.53,0,0,0,0,-84,0.54,-5.69,BEACON,"{""record_number"": 1614, ""operation_mode"": 0, ""state"": 0, ""battery_voltage"": 0, ""wifi_rssi"": -84, ""acc_data"": {""ax"": -0.7, ""ay"": 0.07, ""az"": 0.63, ""pitch"": -44.19, ""roll"": 6.3}, ""gyro_data"": {""gx"": -9.6, ""gy"": -2.56, ""gz"": -3.87}, ""gps_data"": {""latitude"": 0, ""longitude"": 0, ""gps_altitude"": 0, ""time"": 163790}, ""alt_data"": {""pressure"": 852.92, ""temperature"": 27.91, ""AGL"": 0.53, ""velocity"": 0, ""kalman_altitude"": 0.54, ""kalman_vertical_velocity"": -5.69}, ""chute_state"": {""pyro1_state"": 0, ""pyro2_state"": 0}, ""connection_status"": {""connected"": true, ""has_ever_connected"": true, ""packet_age_ms"": 0, ""timeout_exceeded"": false, ""rssi"": -84}, ""communication_mode"": ""BEACON"", ""timestamp"": 20933, ""packets_received"": 168, ""kalman_data"": {""altitude"": 0.54, ""vertical_velocity"": -5.69}, ""kalman_altitude"": 0.54, ""kalman_vertical_velocity"": -5.69, ""pyroDrogue"": 0, ""pyroMain"": 0, ""pyro1_state"": 0, ""pyro2_state"": 0}"
1768306776.012007,2026-01-13T15:19:36.012007,1615,0,0,-0.7,0.07,0.64,-44.7,5.96,-9.27,-3.66,-3.45,0,0,0,163991,852.9,27.91,0.71,0,0,0,0,-83,0.7,-5.65,BEACON,"{""record_number"": 1615, ""operation_mode"": 0, ""state"": 0, ""battery_voltage"": 0, ""wifi_rssi"": -83, ""acc_data"": {""ax"": -0.7, ""ay"": 0.07, ""az"": 0.64, ""pitch"": -44.7, ""roll"": 5.96}, ""gyro_data"": {""gx"": -9.27, ""gy"": -3.66, ""gz"": -3.45}, ""gps_data"": {""latitude"": 0, ""longitude"": 0, ""gps_altitude"": 0, ""time"": 163991}, ""alt_data"": {""pressure"": 852.9, ""temperature"": 27.91, ""AGL"": 0.71, ""velocity"": 0, ""kalman_altitude"": 0.7, ""kalman_vertical_velocity"": -5.65}, ""chute_state"": {""pyro1_state"": 0, ""pyro2_state"": 0}, ""connection_status"": {""connected"": true, ""has_ever_connected"": true, ""packet_age_ms"": 0, ""timeout_exceeded"": false, ""rssi"": -83}, ""communication_mode"": ""BEACON"", ""timestamp"": 21046, ""packets_received"": 169, ""kalman_data"": {""altitude"": 0.7, ""vertical_velocity"": -5.65}, ""kalman_altitude"": 0.7, ""kalman_vertical_velocity"": -5.65, ""pyroDrogue"": 0, ""pyroMain"": 0, ""pyro1_state"": 0, ""pyro2_state"": 0}"
1768306776.168851,2026-01-13T15:19:36.168851,1617,0,0,-0.71,0.07,0.63,-44.38,6.97,-9.27,-2.96,-3.35,0,0,0,163991,852.96,27.91,0.06,0,0,0,0,-87,0.08,-5.83,BEACON,"{""record_number"": 1617, ""operation_mode"": 0, ""state"": 0, ""battery_voltage"": 0, ""wifi_rssi"": -87, ""acc_data"": {""ax"": -0.71, ""ay"": 0.07, ""az"": 0.63, ""pitch"": -44.38, ""roll"": 6.97}, ""gyro_data"": {""gx"": -9.27, ""gy"": -2.96, ""gz"": -3.35}, ""gps_data"": {""latitude"": 0, ""longitude"": 0, ""gps_altitude"": 0, ""time"": 163991}, ""alt_data"": {""pressure"": 852.96, ""temperature"": 27.91, ""AGL"": 0.06, ""velocity"": 0, ""kalman_altitude"": 0.08, ""kalman_vertical_velocity"": -5.83}, ""chute_state"": {""pyro1_state"": 0, ""pyro2_state"": 0}, ""connection_status"": {""connected"": true, ""has_ever_connected"": true, ""packet_age_ms"": 0, ""timeout_exceeded"": false, ""rssi"": -87}, ""communication_mode"": ""BEACON"", ""timestamp"": 21159, ""packets_received"": 170, ""kalman_data"": {""altitude"": 0.08, ""vertical_velocity"": -5.83}, ""kalman_altitude"": 0.08, ""kalman_vertical_velocity"": -5.83, ""pyroDrogue"": 0, ""pyroMain"": 0, ""pyro1_state"": 0, ""pyro2_state"": 0}"
1768306776.235852,2026-01-13T15:19:36.235852,1618,0,0,-0.7,0.07,0.64,-45.09,6.66,-8.57,-3.84,-2.71,0,0,0,164191,852.87,27.91,0.96,0,0,0,0,-83,0.95,-5.6,BEACON,"{""record_number"": 1618, ""operation_mode"": 0, ""state"": 0, ""battery_voltage"": 0, ""wifi_rssi"": -83, ""acc_data"": {""ax"": -0.7, ""ay"": 0.07, ""az"": 0.64, ""pitch"": -45.09, ""roll"": 6.66}, ""gyro_data"": {""gx"": -8.57, ""gy"": -3.84, ""gz"": -2.71}, ""gps_data"": {""latitude"": 0, ""longitude"": 0, ""gps_altitude"": 0, ""time"": 164191}, ""alt_data"": {""pressure"": 852.87, ""temperature"": 27.91, ""AGL"": 0.96, ""velocity"": 0, ""kalman_altitude"": 0.95, ""kalman_vertical_velocity"": -5.6}, ""chute_state"": {""pyro1_state"": 0, ""pyro2_state"": 0}, ""connection_status"": {""connected"": true, ""has_ever_connected"": true, ""packet_age_ms"": 0, ""timeout_exceeded"": false, ""rssi"": -83}, ""communication_mode"": ""BEACON"", ""timestamp"": 21272, ""packets_received"": 171, ""kalman_data"": {""altitude"": 0.95, ""vertical_velocity"": -5.6}, ""kalman_altitude"": 0.95, ""kalman_vertical_velocity"": -5.6, ""pyroDrogue"": 0, ""pyroMain"": 0, ""pyro1_state"": 0, ""pyro2_state"": 0}"
1768306776.589386,2026-01-13T15:19:36.589386,1619,0,0,-0.71,0.07,0.64,-44.38,6.17,-9.51,-1.95,-3.84,0,0,0,164191,852.9,27.91,0.71,0,0,0,0,-82,0.72,-5.67,BEACON,"{""record_number"": 1619, ""operation_mode"": 0, ""state"": 0, ""battery_voltage"": 0, ""wifi_rssi"": -82, ""acc_data"": {""ax"": -0.71, ""ay"": 0.07, ""az"": 0.64, ""pitch"": -44.38, ""roll"": 6.17}, ""gyro_data"": {""gx"": -9.51, ""gy"": -1.95, ""gz"": -3.84}, ""gps_data"": {""latitude"": 0, ""longitude"": 0, ""gps_altitude"": 0, ""time"": 164191}, ""alt_data"": {""pressure"": 852.9, ""temperature"": 27.91, ""AGL"": 0.71, ""velocity"": 0, ""kalman_altitude"": 0.72, ""kalman_vertical_velocity"": -5.67}, ""chute_state"": {""pyro1_state"": 0, ""pyro2_state"": 0}, ""connection_status"": {""connected"": true, ""has_ever_connected"": true, ""packet_age_ms"": 1, ""timeout_exceeded"": false, ""rssi"": -82}, ""communication_mode"": ""BEACON"", ""timestamp"": 21385, ""packets_received"": 172, ""kalman_data"": {""altitude"": 0.72, ""vertical_velocity"": -5.67}, ""kalman_altitude"": 0.72, ""kalman_vertical_velocity"": -5.67, ""pyroDrogue"": 0, ""pyroMain"": 0, ""pyro1_state"": 0, ""pyro2_state"": 0}"
1768306776.674386,2026-01-13T15:19:36.674386,1621,0,0,-0.74,0.09,0.67,-47.98,8.72,-5.21,5.64,-5.06,0,0,0,164390,852.87,27.9,1.04,0,0,0,0,-83,1.03,-5.59,BEACON,"{""record_number"": 1621, ""operation_mode"": 0, ""state"": 0, ""battery_voltage"": 0, ""wifi_rssi"": -83, ""acc_data"": {""ax"": -0.74, ""ay"": 0.09, ""az"": 0.67, ""pitch"": -47.98, ""roll"": 8.72}, ""gyro_data"": {""gx"": -5.21, ""gy"": 5.64, ""gz"": -5.06}, ""gps_data"": {""latitude"": 0, ""longitude"": 0, ""gps_altitude"": 0, ""time"": 164390}, ""alt_data"": {""pressure"": 852.87, ""temperature"": 27.9, ""AGL"": 1.04, ""velocity"": 0, ""kalman_altitude"": 1.03, ""kalman_vertical_velocity"": -5.59}, ""chute_state"": {""pyro1_state"": 0, ""pyro2_state"": 0}, ""connection_status"": {""connected"": true, ""has_ever_connected"": true, ""packet_age_ms"": 0, ""timeout_exceeded"": false, ""rssi"": -83}, ""communication_mode"": ""BEACON"", ""timestamp"": 21497, ""packets_received"": 173, ""kalman_data"": {""altitude"": 1.03, ""vertical_velocity"": -5.59}, ""kalman_altitude"": 1.03, ""kalman_vertical_velocity"": -5.59, ""pyroDrogue"": 0, ""pyroMain"": 0, ""pyro1_state"": 0, ""pyro2_state"": 0}"
1768306776.846384,2026-01-13T15:19:36.846384,1622,0,0,-0.71,0.08,0.65,-44.58,7.26,-10.85,-14.91,-2.07,0,0,0,164390,852.9,27.91,0.75,0,0,0,0,-84,0.76,-5.67,BEACON,"{""record_number"": 1622, ""operation_mode"": 0, ""state"": 0, ""battery_voltage"": 0, ""wifi_rssi"": -84, ""acc_data"": {""ax"": -0.71, ""ay"": 0.08, ""az"": 0.65, ""pitch"": -44.58, ""roll"": 7.26}, ""gyro_data"": {""gx"": -10.85, ""gy"": -14.91, ""gz"": -2.07}, ""gps_data"": {""latitude"": 0, ""longitude"": 0, ""gps_altitude"": 0, ""time"": 164390}, ""alt_data"": {""pressure"": 852.9, ""temperature"": 27.91, ""AGL"": 0.75, ""velocity"": 0, ""kalman_altitude"": 0.76, ""kalman_vertical_velocity"": -5.67}, ""chute_state"": {""pyro1_state"": 0, ""pyro2_state"": 0}, ""connection_status"": {""connected"": true, ""has_ever_connected"": true, ""packet_age_ms"": 1, ""timeout_exceeded"": false, ""rssi"": -84}, ""communication_mode"": ""BEACON"", ""timestamp"": 21610, ""packets_received"": 174, ""kalman_data"": {""altitude"": 0.76, ""vertical_velocity"": -5.67}, ""kalman_altitude"": 0.76, ""kalman_vertical_velocity"": -5.67, ""pyroDrogue"": 0, ""pyroMain"": 0, ""pyro1_state"": 0, ""pyro2_state"": 0}"
1768306777.011384,2026-01-13T15:19:37.011384,1623,0,0,-0.68,0.05,0.62,-43.18,5.01,-9.21,-5.03,-4.12,0,0,0,164592,852.87,27.91,0.96,0,0,0,0,-83,0.95,-5.62,BEACON,"{""record_number"": 1623, ""operation_mode"": 0, ""state"": 0, ""battery_voltage"": 0, ""wifi_rssi"": -83, ""acc_data"": {""ax"": -0.68, ""ay"": 0.05, ""az"": 0.62, ""pitch"": -43.18, ""roll"": 5.01}, ""gyro_data"": {""gx"": -9.21, ""gy"": -5.03, ""gz"": -4.12}, ""gps_data"": {""latitude"": 0, ""longitude"": 0, ""gps_altitude"": 0, ""time"": 164592}, ""alt_data"": {""pressure"": 852.87, ""temperature"": 27.91, ""AGL"": 0.96, ""velocity"": 0, ""kalman_altitude"": 0.95, ""kalman_vertical_velocity"": -5.62}, ""chute_state"": {""pyro1_state"": 0, ""pyro2_state"": 0}, ""connection_status"": {""connected"": true, ""has_ever_connected"": true, ""packet_age_ms"": 0, ""timeout_exceeded"": false, ""rssi"": -83}, ""communication_mode"": ""BEACON"", ""timestamp"": 21721, ""packets_received"": 175, ""kalman_data"": {""altitude"": 0.95, ""vertical_velocity"": -5.62}, ""kalman_altitude"": 0.95, ""kalman_vertical_velocity"": -5.62, ""pyroDrogue"": 0, ""pyroMain"": 0, ""pyro1_state"": 0, ""pyro2_state"": 0}"
1768306777.251127,2026-01-13T15:19:37.251127,1625,0,0,-0.69,0.07,0.63,-43.88,6.24,-9.94,-2.44,-3.54,0,0,0,164592,852.92,27.92,0.48,0,0,0,0,-82,0.5,-5.75,BEACON,"{""record_number"": 1625, ""operation_mode"": 0, ""state"": 0, ""battery_voltage"": 0, ""wifi_rssi"": -82, ""acc_data"": {""ax"": -0.69, ""ay"": 0.07, ""az"": 0.63, ""pitch"": -43.88, ""roll"": 6.24}, ""gyro_data"": {""gx"": -9.94, ""gy"": -2.44, ""gz"": -3.54}, ""gps_data"": {""latitude"": 0, ""longitude"": 0, ""gps_altitude"": 0, ""time"": 164592}, ""alt_data"": {""pressure"": 852.92, ""temperature"": 27.92, ""AGL"": 0.48, ""velocity"": 0, ""kalman_altitude"": 0.5, ""kalman_vertical_velocity"": -5.75}, ""chute_state"": {""pyro1_state"": 0, ""pyro2_state"": 0}, ""connection_status"": {""connected"": true, ""has_ever_connected"": true, ""packet_age_ms"": 0, ""timeout_exceeded"": false, ""rssi"": -82}, ""communication_mode"": ""BEACON"", ""timestamp"": 21836, ""packets_received"": 176, ""kalman_data"": {""altitude"": 0.5, ""vertical_velocity"": -5.75}, ""kalman_altitude"": 0.5, ""kalman_vertical_velocity"": -5.75, ""pyroDrogue"": 0, ""pyroMain"": 0, ""pyro1_state"": 0, ""pyro2_state"": 0}"
1768306777.425894,2026-01-13T15:19:37.425894,1626,0,0,-0.69,0.07,0.64,-44.11,6.71,-8.2,-1.1,-3.63,0,0,0,164798,852.84,27.9,1.25,0,0,0,0,-83,1.25,-5.55,BEACON,"{""record_number"": 1626, ""operation_mode"": 0, ""state"": 0, ""battery_voltage"": 0, ""wifi_rssi"": -83, ""acc_data"": {""ax"": -0.69, ""ay"": 0.07, ""az"": 0.64, ""pitch"": -44.11, ""roll"": 6.71}, ""gyro_data"": {""gx"": -8.2, ""gy"": -1.1, ""gz"": -3.63}, ""gps_data"": {""latitude"": 0, ""longitude"": 0, ""gps_altitude"": 0, ""time"": 164798}, ""alt_data"": {""pressure"": 852.84, ""temperature"": 27.9, ""AGL"": 1.25, ""velocity"": 0, ""kalman_altitude"": 1.25, ""kalman_vertical_velocity"": -5.55}, ""chute_state"": {""pyro1_state"": 0, ""pyro2_state"": 0}, ""connection_status"": {""connected"": true, ""has_ever_connected"": true, ""packet_age_ms"": 0, ""timeout_exceeded"": false, ""rssi"": -83}, ""communication_mode"": ""BEACON"", ""timestamp"": 21950, ""packets_received"": 177, ""kalman_data"": {""altitude"": 1.25, ""vertical_velocity"": -5.55}, ""kalman_altitude"": 1.25, ""kalman_vertical_velocity"": -5.55, ""pyroDrogue"": 0, ""pyroMain"": 0, ""pyro1_state"": 0, ""pyro2_state"": 0}"
1768306777.518175,2026-01-13T15:19:37.518175,1627,0,0,-0.7,0.07,0.64,-44.46,6.32,-9.91,-2.71,-3.32,0,0,0,164997,852.89,27.91,0.78,0,0,0,0,-81,0.8,-5.68,BEACON,"{""record_number"": 1627, ""operation_mode"": 0, ""state"": 0, ""battery_voltage"": 0, ""wifi_rssi"": -81, ""acc_data"": {""ax"": -0.7, ""ay"": 0.07, ""az"": 0.64, ""pitch"": -44.46, ""roll"": 6.32}, ""gyro_data"": {""gx"": -9.91, ""gy"": -2.71, ""gz"": -3.32}, ""gps_data"": {""latitude"": 0, ""longitude"": 0, ""gps_altitude"": 0, ""time"": 164997}, ""alt_data"": {""pressure"": 852.89, ""temperature"": 27.91, ""AGL"": 0.78, ""velocity"": 0, ""kalman_altitude"": 0.8, ""kalman_vertical_velocity"": -5.68}, ""chute_state"": {""pyro1_state"": 0, ""pyro2_state"": 0}, ""connection_status"": {""connected"": true, ""has_ever_connected"": true, ""packet_age_ms"": 1, ""timeout_exceeded"": false, ""rssi"": -81}, ""communication_mode"": ""BEACON"", ""timestamp"": 22063, ""packets_received"": 178, ""kalman_data"": {""altitude"": 0.8, ""vertical_velocity"": -5.68}, ""kalman_altitude"": 0.8, ""kalman_vertical_velocity"": -5.68, ""pyroDrogue"": 0, ""pyroMain"": 0, ""pyro1_state"": 0, ""pyro2_state"": 0}"
1768306777.57013,2026-01-13T15:19:37.570130,1628,0,0,-0.7,0.07,0.64,-44.07,5.46,-10.09,-2.87,-3.2,0,0,0,164997,852.94,27.91,0.35,0,0,0,0,-81,0.36,-5.8,BEACON,"{""record_number"": 1628, ""operation_mode"": 0, ""state"": 0, ""battery_voltage"": 0, ""wifi_rssi"": -81, ""acc_data"": {""ax"": -0.7, ""ay"": 0.07, ""az"": 0.64, ""pitch"": -44.07, ""roll"": 5.46}, ""gyro_data"": {""gx"": -10.09, ""gy"": -2.87, ""gz"": -3.2}, ""gps_data"": {""latitude"": 0, ""longitude"": 0, ""gps_altitude"": 0, ""time"": 164997}, ""alt_data"": {""pressure"": 852.94, ""temperature"": 27.91, ""AGL"": 0.35, ""velocity"": 0, ""kalman_altitude"": 0.36, ""kalman_vertical_velocity"": -5.8}, ""chute_state"": {""pyro1_state"": 0, ""pyro2_state"": 0}, ""connection_status"": {""connected"": true, ""has_ever_connected"": true, ""packet_age_ms"": 0, ""timeout_exceeded"": false, ""rssi"": -81}, ""communication_mode"": ""BEACON"", ""timestamp"": 22175, ""packets_received"": 179, ""kalman_data"": {""altitude"": 0.36, ""vertical_velocity"": -5.8}, ""kalman_altitude"": 0.36, ""kalman_vertical_velocity"": -5.8, ""pyroDrogue"": 0, ""pyroMain"": 0, ""pyro1_state"": 0, ""pyro2_state"": 0}"
1768306777.697132,2026-01-13T15:19:37.697132,1630,0,0,-0.69,0.07,0.64,-44.3,6.14,-9.3,-3.29,-4.21,0,0,0,165198,852.9,27.91,0.75,0,0,0,0,-82,0.75,-5.7,BEACON,"{""record_number"": 1630, ""operation_mode"": 0, ""state"": 0, ""battery_voltage"": 0, ""wifi_rssi"": -82, ""acc_data"": {""ax"": -0.69, ""ay"": 0.07, ""az"": 0.64, ""pitch"": -44.3, ""roll"": 6.14}, ""gyro_data"": {""gx"": -9.3, ""gy"": -3.29, ""gz"": -4.21}, ""gps_data"": {""latitude"": 0, ""longitude"": 0, ""gps_altitude"": 0, ""time"": 165198}, ""alt_data"": {""pressure"": 852.9, ""temperature"": 27.91, ""AGL"": 0.75, ""velocity"": 0, ""kalman_altitude"": 0.75, ""kalman_vertical_velocity"": -5.7}, ""chute_state"": {""pyro1_state"": 0, ""pyro2_state"": 0}, ""connection_status"": {""connected"": true, ""has_ever_connected"": true, ""packet_age_ms"": 0, ""timeout_exceeded"": false, ""rssi"": -82}, ""communication_mode"": ""BEACON"", ""timestamp"": 22288, ""packets_received"": 180, ""kalman_data"": {""altitude"": 0.75, ""vertical_velocity"": -5.7}, ""kalman_altitude"": 0.75, ""kalman_vertical_velocity"": -5.7, ""pyroDrogue"": 0, ""pyroMain"": 0, ""pyro1_state"": 0, ""pyro2_state"": 0}"
1768306777.770127,2026-01-13T15:19:37.770127,1631,0,0,-0.7,0.07,0.64,-43.84,6.29,-9.18,-3.57,-3.32,0,0,0,165198,852.9,27.91,0.74,0,0,0,0,-82,0.74,-5.71,BEACON,"{""record_number"": 1631, ""operation_mode"": 0, ""state"": 0, ""battery_voltage"": 0, ""wifi_rssi"": -82, ""acc_data"": {""ax"": -0.7, ""ay"": 0.07, ""az"": 0.64, ""pitch"": -43.84, ""roll"": 6.29}, ""gyro_data"": {""gx"": -9.18, ""gy"": -3.57, ""gz"": -3.32}, ""gps_data"": {""latitude"": 0, ""longitude"": 0, ""gps_altitude"": 0, ""time"": 165198}, ""alt_data"": {""pressure"": 852.9, ""temperature"": 27.91, ""AGL"": 0.74, ""velocity"": 0, ""kalman_altitude"": 0.74, ""kalman_vertical_velocity"": -5.71}, ""chute_state"": {""pyro1_state"": 0, ""pyro2_state"": 0}, ""connection_status"": {""connected"": true, ""has_ever_connected"": true, ""packet_age_ms"": 0, ""timeout_exceeded"": false, ""rssi"": -82}, ""communication_mode"": ""BEACON"", ""timestamp"": 22401, ""packets_received"": 181, ""kalman_data"": {""altitude"": 0.74, ""vertical_velocity"": -5.71}, ""kalman_altitude"": 0.74, ""kalman_vertical_velocity"": -5.71, ""pyroDrogue"": 0, ""pyroMain"": 0, ""pyro1_state"": 0, ""pyro2_state"": 0}"
1768306777.83513,2026-01-13T15:19:37.835130,1632,0,0,-0.7,0.08,0.65,-44.38,6.57,-9.63,-2.84,-3.41,0,0,0,165398,852.92,27.91,0.52,0,0,0,0,-82,0.53,-5.77,BEACON,"{""record_number"": 1632, ""operation_mode"": 0, ""state"": 0, ""battery_voltage"": 0, ""wifi_rssi"": -82, ""acc_data"": {""ax"": -0.7, ""ay"": 0.08, ""az"": 0.65, ""pitch"": -44.38, ""roll"": 6.57}, ""gyro_data"": {""gx"": -9.63, ""gy"": -2.84, ""gz"": -3.41}, ""gps_data"": {""latitude"": 0, ""longitude"": 0, ""gps_altitude"": 0, ""time"": 165398}, ""alt_data"": {""pressure"": 852.92, ""temperature"": 27.91, ""AGL"": 0.52, ""velocity"": 0, ""kalman_altitude"": 0.53, ""kalman_vertical_velocity"": -5.77}, ""chute_state"": {""pyro1_state"": 0, ""pyro2_state"": 0}, ""connection_status"": {""connected"": true, ""has_ever_connected"": true, ""packet_age_ms"": 0, ""timeout_exceeded"": false, ""rssi"": -82}, ""communication_mode"": ""BEACON"", ""timestamp"": 22514, ""packets_received"": 182, ""kalman_data"": {""altitude"": 0.53, ""vertical_velocity"": -5.77}, ""kalman_altitude"": 0.53, ""kalman_vertical_velocity"": -5.77, ""pyroDrogue"": 0, ""pyroMain"": 0, ""pyro1_state"": 0, ""pyro2_state"": 0}"
1768306777.968127,2026-01-13T15:19:37.968127,1634,0,0,-0.7,0.08,0.64,-44.78,6.26,-9.24,-3.32,-3.23,0,0,0,165398,852.9,27.91,0.71,0,0,0,0,-84,0.71,-5.73,BEACON,"{""record_number"": 1634, ""operation_mode"": 0, ""state"": 0, ""battery_voltage"": 0, ""wifi_rssi"": -84, ""acc_data"": {""ax"": -0.7, ""ay"": 0.08, ""az"": 0.64, ""pitch"": -44.78, ""roll"": 6.26}, ""gyro_data"": {""gx"": -9.24, ""gy"": -3.32, ""gz"": -3.23}, ""gps_data"": {""latitude"": 0, ""longitude"": 0, ""gps_altitude"": 0, ""time"": 165398}, ""alt_data"": {""pressure"": 852.9, ""temperature"": 27.91, ""AGL"": 0.71, ""velocity"": 0, ""kalman_altitude"": 0.71, ""kalman_vertical_velocity"": -5.73}, ""chute_state"": {""pyro1_state"": 0, ""pyro2_state"": 0}, ""connection_status"": {""connected"": true, ""has_ever_connected"": true, ""packet_age_ms"": 0, ""timeout_exceeded"": false, ""rssi"": -84}, ""communication_mode"": ""BEACON"", ""timestamp"": 22626, ""packets_received"": 183, ""kalman_data"": {""altitude"": 0.71, ""vertical_velocity"": -5.73}, ""kalman_altitude"": 0.71, ""kalman_vertical_velocity"": -5.73, ""pyroDrogue"": 0, ""pyroMain"": 0, ""pyro1_state"": 0, ""pyro2_state"": 0}"
1768306778.429188,2026-01-13T15:19:38.429188,1635,0,0,-0.69,0.07,0.64,-44.38,6.21,-9.76,-3.54,-2.87,0,0,0,165598,852.88,27.91,0.92,0,0,0,0,-83,0.92,-5.68,BEACON,"{""record_number"": 1635, ""operation_mode"": 0, ""state"": 0, ""battery_voltage"": 0, ""wifi_rssi"": -83, ""acc_data"": {""ax"": -0.69, ""ay"": 0.07, ""az"": 0.64, ""pitch"": -44.38, ""roll"": 6.21}, ""gyro_data"": {""gx"": -9.76, ""gy"": -3.54, ""gz"": -2.87}, ""gps_data"": {""latitude"": 0, ""longitude"": 0, ""gps_altitude"": 0, ""time"": 165598}, ""alt_data"": {""pressure"": 852.88, ""temperature"": 27.91, ""AGL"": 0.92, ""velocity"": 0, ""kalman_altitude"": 0.92, ""kalman_vertical_velocity"": -5.68}, ""chute_state"": {""pyro1_state"": 0, ""pyro2_state"": 0}, ""connection_status"": {""connected"": true, ""has_ever_connected"": true, ""packet_age_ms"": 0, ""timeout_exceeded"": false, ""rssi"": -83}, ""communication_mode"": ""BEACON"", ""timestamp"": 22739, ""packets_received"": 184, ""kalman_data"": {""altitude"": 0.92, ""vertical_velocity"": -5.68}, ""kalman_altitude"": 0.92, ""kalman_vertical_velocity"": -5.68, ""pyroDrogue"": 0, ""pyroMain"": 0, ""pyro1_state"": 0, ""pyro2_state"": 0}"
1768306778.660189,2026-01-13T15:19:38.660189,1636,0,0,-0.7,0.07,0.64,-44.3,6.02,-8.35,-3.2,-2.84,0,0,0,165803,852.86,27.89,1.08,0,0,0,0,-83,1.07,-5.64,BEACON,"{""record_number"": 1636, ""operation_mode"": 0, ""state"": 0, ""battery_voltage"": 0, ""wifi_rssi"": -83, ""acc_data"": {""ax"": -0.7, ""ay"": 0.07, ""az"": 0.64, ""pitch"": -44.3, ""roll"": 6.02}, ""gyro_data"": {""gx"": -8.35, ""gy"": -3.2, ""gz"": -2.84}, ""gps_data"": {""latitude"": 0, ""longitude"": 0, ""gps_altitude"": 0, ""time"": 165803}, ""alt_data"": {""pressure"": 852.86, ""temperature"": 27.89, ""AGL"": 1.08, ""velocity"": 0, ""kalman_altitude"": 1.07, ""kalman_vertical_velocity"": -5.64}, ""chute_state"": {""pyro1_state"": 0, ""pyro2_state"": 0}, ""connection_status"": {""connected"": true, ""has_ever_connected"": true, ""packet_age_ms"": 1, ""timeout_exceeded"": false, ""rssi"": -83}, ""communication_mode"": ""BEACON"", ""timestamp"": 22852, ""packets_received"": 185, ""kalman_data"": {""altitude"": 1.07, ""vertical_velocity"": -5.64}, ""kalman_altitude"": 1.07, ""kalman_vertical_velocity"": -5.64, ""pyroDrogue"": 0, ""pyroMain"": 0, ""pyro1_state"": 0, ""pyro2_state"": 0}"
1768306779.209297,2026-01-13T15:19:39.209297,1638,0,0,-0.69,0.07,0.64,-44.46,6.74,-8.78,-2.87,-3.23,0,0,0,165803,852.88,27.91,0.92,0,0,0,0,-83,0.91,-5.69,BEACON,"{""record_number"": 1638, ""operation_mode"": 0, ""state"": 0, ""battery_voltage"": 0, ""wifi_rssi"": -83, ""acc_data"": {""ax"": -0.69, ""ay"": 0.07, ""az"": 0.64, ""pitch"": -44.46, ""roll"": 6.74}, ""gyro_data"": {""gx"": -8.78, ""gy"": -2.87, ""gz"": -3.23}, ""gps_data"": {""latitude"": 0, ""longitude"": 0, ""gps_altitude"": 0, ""time"": 165803}, ""alt_data"": {""pressure"": 852.88, ""temperature"": 27.91, ""AGL"": 0.92, ""velocity"": 0, ""kalman_altitude"": 0.91, ""kalman_vertical_velocity"": -5.69}, ""chute_state"": {""pyro1_state"": 0, ""pyro2_state"": 0}, ""connection_status"": {""connected"": true, ""has_ever_connected"": true, ""packet_age_ms"": 0, ""timeout_exceeded"": false, ""rssi"": -83}, ""communication_mode"": ""BEACON"", ""timestamp"": 22964, ""packets_received"": 186, ""kalman_data"": {""altitude"": 0.91, ""vertical_velocity"": -5.69}, ""kalman_altitude"": 0.91, ""kalman_vertical_velocity"": -5.69, ""pyroDrogue"": 0, ""pyroMain"": 0, ""pyro1_state"": 0, ""pyro2_state"": 0}"
1768306780.013213,2026-01-13T15:19:40.013213,1639,0,0,-0.7,0.07,0.64,-44.15,6.35,-9.24,-4.3,-3.45,0,0,0,166003,852.88,27.91,0.92,0,0,0,0,-85,0.92,-5.7,BEACON,"{""record_number"": 1639, ""operation_mode"": 0, ""state"": 0, ""battery_voltage"": 0, ""wifi_rssi"": -85, ""acc_data"": {""ax"": -0.7, ""ay"": 0.07, ""az"": 0.64, ""pitch"": -44.15, ""roll"": 6.35}, ""gyro_data"": {""gx"": -9.24, ""gy"": -4.3, ""gz"": -3.45}, ""gps_data"": {""latitude"": 0, ""longitude"": 0, ""gps_altitude"": 0, ""time"": 166003}, ""alt_data"": {""pressure"": 852.88, ""temperature"": 27.91, ""AGL"": 0.92, ""velocity"": 0, ""kalman_altitude"": 0.92, ""kalman_vertical_velocity"": -5.7}, ""chute_state"": {""pyro1_state"": 0, ""pyro2_state"": 0}, ""connection_status"": {""connected"": true, ""has_ever_connected"": true, ""packet_age_ms"": 0, ""timeout_exceeded"": false, ""rssi"": -85}, ""communication_mode"": ""BEACON"", ""timestamp"": 23077, ""packets_received"": 187, ""kalman_data"": {""altitude"": 0.92, ""vertical_velocity"": -5.7}, ""kalman_altitude"": 0.92, ""kalman_vertical_velocity"": -5.7, ""pyroDrogue"": 0, ""pyroMain"": 0, ""pyro1_state"": 0, ""pyro2_state"": 0}"
1768306780.222799,2026-01-13T15:19:40.222799,1640,0,0,-0.7,0.07,0.64,-44.46,6.19,-9.45,-3.29,-4.09,0,0,0,166003,852.9,27.92,0.73,0,0,0,0,-84,0.74,-5.75,BEACON,"{""record_number"": 1640, ""operation_mode"": 0, ""state"": 0, ""battery_voltage"": 0, ""wifi_rssi"": -84, ""acc_data"": {""ax"": -0.7, ""ay"": 0.07, ""az"": 0.64, ""pitch"": -44.46, ""roll"": 6.19}, ""gyro_data"": {""gx"": -9.45, ""gy"": -3.29, ""gz"": -4.09}, ""gps_data"": {""latitude"": 0, ""longitude"": 0, ""gps_altitude"": 0, ""time"": 166003}, ""alt_data"": {""pressure"": 852.9, ""temperature"": 27.92, ""AGL"": 0.73, ""velocity"": 0, ""kalman_altitude"": 0.74, ""kalman_vertical_velocity"": -5.75}, ""chute_state"": {""pyro1_state"": 0, ""pyro2_state"": 0}, ""connection_status"": {""connected"": true, ""has_ever_connected"": true, ""packet_age_ms"": 0, ""timeout_exceeded"": false, ""rssi"": -84}, ""communication_mode"": ""BEACON"", ""timestamp"": 23189, ""packets_received"": 188, ""kalman_data"": {""altitude"": 0.74, ""vertical_velocity"": -5.75}, ""kalman_altitude"": 0.74, ""kalman_vertical_velocity"": -5.75, ""pyroDrogue"": 0, ""pyroMain"": 0, ""pyro1_state"": 0, ""pyro2_state"": 0}"
1768306780.352678,2026-01-13T15:19:40.352678,1642,0,0,-0.7,0.07,0.63,-44.5,6.5,-9.09,-3.9,-3.2,0,0,0,166202,852.88,27.91,0.92,0,0,0,0,-86,0.92,-5.71,BEACON,"{""record_number"": 1642, ""operation_mode"": 0, ""state"": 0, ""battery_voltage"": 0, ""wifi_rssi"": -86, ""acc_data"": {""ax"": -0.7, ""ay"": 0.07, ""az"": 0.63, ""pitch"": -44.5, ""roll"": 6.5}, ""gyro_data"": {""gx"": -9.09, ""gy"": -3.9, ""gz"": -3.2}, ""gps_data"": {""latitude"": 0, ""longitude"": 0, ""gps_altitude"": 0, ""time"": 166202}, ""alt_data"": {""pressure"": 852.88, ""temperature"": 27.91, ""AGL"": 0.92, ""velocity"": 0, ""kalman_altitude"": 0.92, ""kalman_vertical_velocity"": -5.71}, ""chute_state"": {""pyro1_state"": 0, ""pyro2_state"": 0}, ""connection_status"": {""connected"": true, ""has_ever_connected"": true, ""packet_age_ms"": 1, ""timeout_exceeded"": false, ""rssi"": -86}, ""communication_mode"": ""BEACON"", ""timestamp"": 23302, ""packets_received"": 189, ""kalman_data"": {""altitude"": 0.92, ""vertical_velocity"": -5.71}, ""kalman_altitude"": 0.92, ""kalman_vertical_velocity"": -5.71, ""pyroDrogue"": 0, ""pyroMain"": 0, ""pyro1_state"": 0, ""pyro2_state"": 0}"
1768306780.488659,2026-01-13T15:19:40.488659,1643,0,0,-0.7,0.07,0.64,-44.66,5.84,-9.15,-3.99,-3.48,0,0,0,166202,852.91,27.91,0.6,0,0,0,0,-85,0.61,-5.8,BEACON,"{""record_number"": 1643, ""operation_mode"": 0, ""state"": 0, ""battery_voltage"": 0, ""wifi_rssi"": -85, ""acc_data"": {""ax"": -0.7, ""ay"": 0.07, ""az"": 0.64, ""pitch"": -44.66, ""roll"": 5.84}, ""gyro_data"": {""gx"": -9.15, ""gy"": -3.99, ""gz"": -3.48}, ""gps_data"": {""latitude"": 0, ""longitude"": 0, ""gps_altitude"": 0, ""time"": 166202}, ""alt_data"": {""pressure"": 852.91, ""temperature"": 27.91, ""AGL"": 0.6, ""velocity"": 0, ""kalman_altitude"": 0.61, ""kalman_vertical_velocity"": -5.8}, ""chute_state"": {""pyro1_state"": 0, ""pyro2_state"": 0}, ""connection_status"": {""connected"": true, ""has_ever_connected"": true, ""packet_age_ms"": 0, ""timeout_exceeded"": false, ""rssi"": -85}, ""communication_mode"": ""BEACON"", ""timestamp"": 23414, ""packets_received"": 190, ""kalman_data"": {""altitude"": 0.61, ""vertical_velocity"": -5.8}, ""kalman_altitude"": 0.61, ""kalman_vertical_velocity"": -5.8, ""pyroDrogue"": 0, ""pyroMain"": 0, ""pyro1_state"": 0, ""pyro2_state"": 0}"
1768306780.622654,2026-01-13T15:19:40.622654,1644,0,0,-0.7,0.07,0.64,-43.95,6.29,-9.79,-5.21,-2.59,0,0,0,166403,852.93,27.92,0.41,0,0,0,0,-85,0.42,-5.85,BEACON,"{""record_number"": 1644, ""operation_mode"": 0, ""state"": 0, ""battery_voltage"": 0, ""wifi_rssi"": -85, ""acc_data"": {""ax"": -0.7, ""ay"": 0.07, ""az"": 0.64, ""pitch"": -43.95, ""roll"": 6.29}, ""gyro_data"": {""gx"": -9.79, ""gy"": -5.21, ""gz"": -2.59}, ""gps_data"": {""latitude"": 0, ""longitude"": 0, ""gps_altitude"": 0, ""time"": 166403}, ""alt_data"": {""pressure"": 852.93, ""temperature"": 27.92, ""AGL"": 0.41, ""velocity"": 0, ""kalman_altitude"": 0.42, ""kalman_vertical_velocity"": -5.85}, ""chute_state"": {""pyro1_state"": 0, ""pyro2_state"": 0}, ""connection_status"": {""connected"": true, ""has_ever_connected"": true, ""packet_age_ms"": 0, ""timeout_exceeded"": false, ""rssi"": -85}, ""communication_mode"": ""BEACON"", ""timestamp"": 23527, ""packets_received"": 191, ""kalman_data"": {""altitude"": 0.42, ""vertical_velocity"": -5.85}, ""kalman_altitude"": 0.42, ""kalman_vertical_velocity"": -5.85, ""pyroDrogue"": 0, ""pyroMain"": 0, ""pyro1_state"": 0, ""pyro2_state"": 0}"
1768306780.804384,2026-01-13T15:19:40.804384,1646,0,0,-0.69,0.07,0.64,-44.74,6.43,-9.21,-3.23,-3.48,0,0,0,166403,852.85,27.91,1.18,0,0,0,0,-85,1.17,-5.66,BEACON,"{""record_number"": 1646, ""operation_mode"": 0, ""state"": 0, ""battery_voltage"": 0, ""wifi_rssi"": -85, ""acc_data"": {""ax"": -0.69, ""ay"": 0.07, ""az"": 0.64, ""pitch"": -44.74, ""roll"": 6.43}, ""gyro_data"": {""gx"": -9.21, ""gy"": -3.23, ""gz"": -3.48}, ""gps_data"": {""latitude"": 0, ""longitude"": 0, ""gps_altitude"": 0, ""time"": 166403}, ""alt_data"": {""pressure"": 852.85, ""temperature"": 27.91, ""AGL"": 1.18, ""velocity"": 0, ""kalman_altitude"": 1.17, ""kalman_vertical_velocity"": -5.66}, ""chute_state"": {""pyro1_state"": 0, ""pyro2_state"": 0}, ""connection_status"": {""connected"": true, ""has_ever_connected"": true, ""packet_age_ms"": 0, ""timeout_exceeded"": false, ""rssi"": -85}, ""communication_mode"": ""BEACON"", ""timestamp"": 23639, ""packets_received"": 192, ""kalman_data"": {""altitude"": 1.17, ""vertical_velocity"": -5.66}, ""kalman_altitude"": 1.17, ""kalman_vertical_velocity"": -5.66, ""pyroDrogue"": 0, ""pyroMain"": 0, ""pyro1_state"": 0, ""pyro2_state"": 0}"
1768306780.939343,2026-01-13T15:19:40.939343,1647,0,0,-0.7,0.07,0.64,-44.38,5.6,-9.3,-0.88,-4.02,0,0,0,166604,852.86,27.91,1.1,0,0,0,0,-84,1.11,-5.68,BEACON,"{""record_number"": 1647, ""operation_mode"": 0, ""state"": 0, ""battery_voltage"": 0, ""wifi_rssi"": -84, ""acc_data"": {""ax"": -0.7, ""ay"": 0.07, ""az"": 0.64, ""pitch"": -44.38, ""roll"": 5.6}, ""gyro_data"": {""gx"": -9.3, ""gy"": -0.88, ""gz"": -4.02}, ""gps_data"": {""latitude"": 0, ""longitude"": 0, ""gps_altitude"": 0, ""time"": 166604}, ""alt_data"": {""pressure"": 852.86, ""temperature"": 27.91, ""AGL"": 1.1, ""velocity"": 0, ""kalman_altitude"": 1.11, ""kalman_vertical_velocity"": -5.68}, ""chute_state"": {""pyro1_state"": 0, ""pyro2_state"": 0}, ""connection_status"": {""connected"": true, ""has_ever_connected"": true, ""packet_age_ms"": 0, ""timeout_exceeded"": false, ""rssi"": -84}, ""communication_mode"": ""BEACON"", ""timestamp"": 23751, ""packets_received"": 193, ""kalman_data"": {""altitude"": 1.11, ""vertical_velocity"": -5.68}, ""kalman_altitude"": 1.11, ""kalman_vertical_velocity"": -5.68, ""pyroDrogue"": 0, ""pyroMain"": 0, ""pyro1_state"": 0, ""pyro2_state"": 0}"
1768306781.170344,2026-01-13T15:19:41.170344,1648,0,0,-0.71,0.07,0.64,-44.82,6.38,-9.18,-2.99,-4.48,0,0,0,166808,852.92,27.92,0.48,0,0,0,0,-86,0.5,-5.85,BEACON,"{""record_number"": 1648, ""operation_mode"": 0, ""state"": 0, ""battery_voltage"": 0, ""wifi_rssi"": -86, ""acc_data"": {""ax"": -0.71, ""ay"": 0.07, ""az"": 0.64, ""pitch"": -44.82, ""roll"": 6.38}, ""gyro_data"": {""gx"": -9.18, ""gy"": -2.99, ""gz"": -4.48}, ""gps_data"": {""latitude"": 0, ""longitude"": 0, ""gps_altitude"": 0, ""time"": 166808}, ""alt_data"": {""pressure"": 852.92, ""temperature"": 27.92, ""AGL"": 0.48, ""velocity"": 0, ""kalman_altitude"": 0.5, ""kalman_vertical_velocity"": -5.85}, ""chute_state"": {""pyro1_state"": 0, ""pyro2_state"": 0}, ""connection_status"": {""connected"": true, ""has_ever_connected"": true, ""packet_age_ms"": 0, ""timeout_exceeded"": false, ""rssi"": -86}, ""communication_mode"": ""BEACON"", ""timestamp"": 23864, ""packets_received"": 194, ""kalman_data"": {""altitude"": 0.5, ""vertical_velocity"": -5.85}, ""kalman_altitude"": 0.5, ""kalman_vertical_velocity"": -5.85, ""pyroDrogue"": 0, ""pyroMain"": 0, ""pyro1_state"": 0, ""pyro2_state"": 0}"
1768306781.593107,2026-01-13T15:19:41.593107,1650,0,0,-0.69,0.07,0.64,-44.27,5.91,-8.72,-2.96,-3.45,0,0,0,166808,852.87,27.91,0.96,0,0,0,0,-83,0.94,-5.73,BEACON,"{""record_number"": 1650, ""operation_mode"": 0, ""state"": 0, ""battery_voltage"": 0, ""wifi_rssi"": -83, ""acc_data"": {""ax"": -0.69, ""ay"": 0.07, ""az"": 0.64, ""pitch"": -44.27, ""roll"": 5.91}, ""gyro_data"": {""gx"": -8.72, ""gy"": -2.96, ""gz"": -3.45}, ""gps_data"": {""latitude"": 0, ""longitude"": 0, ""gps_altitude"": 0, ""time"": 166808}, ""alt_data"": {""pressure"": 852.87, ""temperature"": 27.91, ""AGL"": 0.96, ""velocity"": 0, ""kalman_altitude"": 0.94, ""kalman_vertical_velocity"": -5.73}, ""chute_state"": {""pyro1_state"": 0, ""pyro2_state"": 0}, ""connection_status"": {""connected"": true, ""has_ever_connected"": true, ""packet_age_ms"": 0, ""timeout_exceeded"": false, ""rssi"": -83}, ""communication_mode"": ""BEACON"", ""timestamp"": 23977, ""packets_received"": 195, ""kalman_data"": {""altitude"": 0.94, ""vertical_velocity"": -5.73}, ""kalman_altitude"": 0.94, ""kalman_vertical_velocity"": -5.73, ""pyroDrogue"": 0, ""pyroMain"": 0, ""pyro1_state"": 0, ""pyro2_state"": 0}"
1768306781.816841,2026-01-13T15:19:41.816841,1651,0,0,-0.7,0.07,0.64,-44.27,6.28,-8.69,-2.62,-2.99,0,0,0,167009,852.87,27.91,1.03,0,0,0,0,-85,1.03,-5.72,BEACON,"{""record_number"": 1651, ""operation_mode"": 0, ""state"": 0, ""battery_voltage"": 0, ""wifi_rssi"": -85, ""acc_data"": {""ax"": -0.7, ""ay"": 0.07, ""az"": 0.64, ""pitch"": -44.27, ""roll"": 6.28}, ""gyro_data"": {""gx"": -8.69, ""gy"": -2.62, ""gz"": -2.99}, ""gps_data"": {""latitude"": 0, ""longitude"": 0, ""gps_altitude"": 0, ""time"": 167009}, ""alt_data"": {""pressure"": 852.87, ""temperature"": 27.91, ""AGL"": 1.03, ""velocity"": 0, ""kalman_altitude"": 1.03, ""kalman_vertical_velocity"": -5.72}, ""chute_state"": {""pyro1_state"": 0, ""pyro2_state"": 0}, ""connection_status"": {""connected"": true, ""has_ever_connected"": true, ""packet_age_ms"": 1, ""timeout_exceeded"": false, ""rssi"": -85}, ""communication_mode"": ""BEACON"", ""timestamp"": 24093, ""packets_received"": 196, ""kalman_data"": {""altitude"": 1.03, ""vertical_velocity"": -5.72}, ""kalman_altitude"": 1.03, ""kalman_vertical_velocity"": -5.72, ""pyroDrogue"": 0, ""pyroMain"": 0, ""pyro1_state"": 0, ""pyro2_state"": 0}"
1768306782.36325,2026-01-13T15:19:42.363250,1652,0,0,-0.7,0.07,0.64,-44.5,6.08,-8.57,-3.32,-3.02,0,0,0,167009,852.93,27.92,0.41,0,0,0,0,-85,0.43,-5.88,BEACON,"{""record_number"": 1652, ""operation_mode"": 0, ""state"": 0, ""battery_voltage"": 0, ""wifi_rssi"": -85, ""acc_data"": {""ax"": -0.7, ""ay"": 0.07, ""az"": 0.64, ""pitch"": -44.5, ""roll"": 6.08}, ""gyro_data"": {""gx"": -8.57, ""gy"": -3.32, ""gz"": -3.02}, ""gps_data"": {""latitude"": 0, ""longitude"": 0, ""gps_altitude"": 0, ""time"": 167009}, ""alt_data"": {""pressure"": 852.93, ""temperature"": 27.92, ""AGL"": 0.41, ""velocity"": 0, ""kalman_altitude"": 0.43, ""kalman_vertical_velocity"": -5.88}, ""chute_state"": {""pyro1_state"": 0, ""pyro2_state"": 0}, ""connection_status"": {""connected"": true, ""has_ever_connected"": true, ""packet_age_ms"": 0, ""timeout_exceeded"": false, ""rssi"": -85}, ""communication_mode"": ""BEACON"", ""timestamp"": 24202, ""packets_received"": 197, ""kalman_data"": {""altitude"": 0.43, ""vertical_velocity"": -5.88}, ""kalman_altitude"": 0.43, ""kalman_vertical_velocity"": -5.88, ""pyroDrogue"": 0, ""pyroMain"": 0, ""pyro1_state"": 0, ""pyro2_state"": 0}"
1768306783.550883,2026-01-13T15:19:43.550883,1654,0,0,-0.7,0.07,0.66,-44.07,6.87,-8.08,-3.81,-3.81,0,0,0,167209,852.87,27.91,0.99,0,0,0,0,-83,0.97,-5.74,BEACON,"{""record_number"": 1654, ""operation_mode"": 0, ""state"": 0, ""battery_voltage"": 0, ""wifi_rssi"": -83, ""acc_data"": {""ax"": -0.7, ""ay"": 0.07, ""az"": 0.66, ""pitch"": -44.07, ""roll"": 6.87}, ""gyro_data"": {""gx"": -8.08, ""gy"": -3.81, ""gz"": -3.81}, ""gps_data"": {""latitude"": 0, ""longitude"": 0, ""gps_altitude"": 0, ""time"": 167209}, ""alt_data"": {""pressure"": 852.87, ""temperature"": 27.91, ""AGL"": 0.99, ""velocity"": 0, ""kalman_altitude"": 0.97, ""kalman_vertical_velocity"": -5.74}, ""chute_state"": {""pyro1_state"": 0, ""pyro2_state"": 0}, ""connection_status"": {""connected"": true, ""has_ever_connected"": true, ""packet_age_ms"": 0, ""timeout_exceeded"": false, ""rssi"": -83}, ""communication_mode"": ""BEACON"", ""timestamp"": 24315, ""packets_received"": 198, ""kalman_data"": {""altitude"": 0.97, ""vertical_velocity"": -5.74}, ""kalman_altitude"": 0.97, ""kalman_vertical_velocity"": -5.74, ""pyroDrogue"": 0, ""pyroMain"": 0, ""pyro1_state"": 0, ""pyro2_state"": 0}"
1768306783.720198,2026-01-13T15:19:43.720198,1655,0,0,-0.7,0.07,0.64,-44.66,6.49,-9.73,-3.02,-3.38,0,0,0,167209,852.91,27.92,0.63,0,0,0,0,-83,0.64,-5.84,BEACON,"{""record_number"": 1655, ""operation_mode"": 0, ""state"": 0, ""battery_voltage"": 0, ""wifi_rssi"": -83, ""acc_data"": {""ax"": -0.7, ""ay"": 0.07, ""az"": 0.64, ""pitch"": -44.66, ""roll"": 6.49}, ""gyro_data"": {""gx"": -9.73, ""gy"": -3.02, ""gz"": -3.38}, ""gps_data"": {""latitude"": 0, ""longitude"": 0, ""gps_altitude"": 0, ""time"": 167209}, ""alt_data"": {""pressure"": 852.91, ""temperature"": 27.92, ""AGL"": 0.63, ""velocity"": 0, ""kalman_altitude"": 0.64, ""kalman_vertical_velocity"": -5.84}, ""chute_state"": {""pyro1_state"": 0, ""pyro2_state"": 0}, ""connection_status"": {""connected"": true, ""has_ever_connected"": true, ""packet_age_ms"": 1, ""timeout_exceeded"": false, ""rssi"": -83}, ""communication_mode"": ""BEACON"", ""timestamp"": 24428, ""packets_received"": 199, ""kalman_data"": {""altitude"": 0.64, ""vertical_velocity"": -5.84}, ""kalman_altitude"": 0.64, ""kalman_vertical_velocity"": -5.84, ""pyroDrogue"": 0, ""pyroMain"": 0, ""pyro1_state"": 0, ""pyro2_state"": 0}"
1768306783.867419,2026-01-13T15:19:43.867419,1656,0,0,-0.7,0.07,0.64,-44.7,6.32,-8.48,-2.53,-3.78,0,0,0,167409,852.93,27.93,0.43,0,0,0,0,-82,0.44,-5.9,BEACON,"{""record_number"": 1656, ""operation_mode"": 0, ""state"": 0, ""battery_voltage"": 0, ""wifi_rssi"": -82, ""acc_data"": {""ax"": -0.7, ""ay"": 0.07, ""az"": 0.64, ""pitch"": -44.7, ""roll"": 6.32}, ""gyro_data"": {""gx"": -8.48, ""gy"": -2.53, ""gz"": -3.78}, ""gps_data"": {""latitude"": 0, ""longitude"": 0, ""gps_altitude"": 0, ""time"": 167409}, ""alt_data"": {""pressure"": 852.93, ""temperature"": 27.93, ""AGL"": 0.43, ""velocity"": 0, ""kalman_altitude"": 0.44, ""kalman_vertical_velocity"": -5.9}, ""chute_state"": {""pyro1_state"": 0, ""pyro2_state"": 0}, ""connection_status"": {""connected"": true, ""has_ever_connected"": true, ""packet_age_ms"": 0, ""timeout_exceeded"": false, ""rssi"": -82}, ""communication_mode"": ""BEACON"", ""timestamp"": 24540, ""packets_received"": 200, ""kalman_data"": {""altitude"": 0.44, ""vertical_velocity"": -5.9}, ""kalman_altitude"": 0.44, ""kalman_vertical_velocity"": -5.9, ""pyroDrogue"": 0, ""pyroMain"": 0, ""pyro1_state"": 0, ""pyro2_state"": 0}"
1768306783.938055,2026-01-13T15:19:43.938055,1658,0,0,-0.7,0.07,0.64,-44.62,6.29,-9.24,-3.6,-3.96,0,0,0,167610,852.88,27.92,0.91,0,0,0,0,-82,0.9,-5.78,BEACON,"{""record_number"": 1658, ""operation_mode"": 0, ""state"": 0, ""battery_voltage"": 0, ""wifi_rssi"": -82, ""acc_data"": {""ax"": -0.7, ""ay"": 0.07, ""az"": 0.64, ""pitch"": -44.62, ""roll"": 6.29}, ""gyro_data"": {""gx"": -9.24, ""gy"": -3.6, ""gz"": -3.96}, ""gps_data"": {""latitude"": 0, ""longitude"": 0, ""gps_altitude"": 0, ""time"": 167610}, ""alt_data"": {""pressure"": 852.88, ""temperature"": 27.92, ""AGL"": 0.91, ""velocity"": 0, ""kalman_altitude"": 0.9, ""kalman_vertical_velocity"": -5.78}, ""chute_state"": {""pyro1_state"": 0, ""pyro2_state"": 0}, ""connection_status"": {""connected"": true, ""has_ever_connected"": true, ""packet_age_ms"": 0, ""timeout_exceeded"": false, ""rssi"": -82}, ""communication_mode"": ""BEACON"", ""timestamp"": 24652, ""packets_received"": 201, ""kalman_data"": {""altitude"": 0.9, ""vertical_velocity"": -5.78}, ""kalman_altitude"": 0.9, ""kalman_vertical_velocity"": -5.78, ""pyroDrogue"": 0, ""pyroMain"": 0, ""pyro1_state"": 0, ""pyro2_state"": 0}"
1768306784.056056,2026-01-13T15:19:44.056056,1659,0,0,-0.71,0.07,0.64,-43.88,5.86,-9.73,-5.76,-3.2,0,0,0,167610,852.86,27.92,1.09,0,0,0,0,-81,1.1,-5.73,BEACON,"{""record_number"": 1659, ""operation_mode"": 0, ""state"": 0, ""battery_voltage"": 0, ""wifi_rssi"": -81, ""acc_data"": {""ax"": -0.71, ""ay"": 0.07, ""az"": 0.64, ""pitch"": -43.88, ""roll"": 5.86}, ""gyro_data"": {""gx"": -9.73, ""gy"": -5.76, ""gz"": -3.2}, ""gps_data"": {""latitude"": 0, ""longitude"": 0, ""gps_altitude"": 0, ""time"": 167610}, ""alt_data"": {""pressure"": 852.86, ""temperature"": 27.92, ""AGL"": 1.09, ""velocity"": 0, ""kalman_altitude"": 1.1, ""kalman_vertical_velocity"": -5.73}, ""chute_state"": {""pyro1_state"": 0, ""pyro2_state"": 0}, ""connection_status"": {""connected"": true, ""has_ever_connected"": true, ""packet_age_ms"": 0, ""timeout_exceeded"": false, ""rssi"": -81}, ""communication_mode"": ""BEACON"", ""timestamp"": 24765, ""packets_received"": 202, ""kalman_data"": {""altitude"": 1.1, ""vertical_velocity"": -5.73}, ""kalman_altitude"": 1.1, ""kalman_vertical_velocity"": -5.73, ""pyroDrogue"": 0, ""pyroMain"": 0, ""pyro1_state"": 0, ""pyro2_state"": 0}"
1768306784.201816,2026-01-13T15:19:44.201816,1660,0,0,-0.69,0.07,0.64,-44.3,6.87,-9.09,-3.38,-3.96,0,0,0,167813,852.87,27.92,1.02,0,0,0,0,-82,1.02,-5.76,BEACON,"{""record_number"": 1660, ""operation_mode"": 0, ""state"": 0, ""battery_voltage"": 0, ""wifi_rssi"": -82, ""acc_data"": {""ax"": -0.69, ""ay"": 0.07, ""az"": 0.64, ""pitch"": -44.3, ""roll"": 6.87}, ""gyro_data"": {""gx"": -9.09, ""gy"": -3.38, ""gz"": -3.96}, ""gps_data"": {""latitude"": 0, ""longitude"": 0, ""gps_altitude"": 0, ""time"": 167813}, ""alt_data"": {""pressure"": 852.87, ""temperature"": 27.92, ""AGL"": 1.02, ""velocity"": 0, ""kalman_altitude"": 1.02, ""kalman_vertical_velocity"": -5.76}, ""chute_state"": {""pyro1_state"": 0, ""pyro2_state"": 0}, ""connection_status"": {""connected"": true, ""has_ever_connected"": true, ""packet_age_ms"": 0, ""timeout_exceeded"": false, ""rssi"": -82}, ""communication_mode"": ""BEACON"", ""timestamp"": 24877, ""packets_received"": 203, ""kalman_data"": {""altitude"": 1.02, ""vertical_velocity"": -5.76}, ""kalman_altitude"": 1.02, ""kalman_vertical_velocity"": -5.76, ""pyroDrogue"": 0, ""pyroMain"": 0, ""pyro1_state"": 0, ""pyro2_state"": 0}"
1768306784.34146,2026-01-13T15:19:44.341460,1662,0,0,-0.7,0.06,0.65,-44.5,6.22,-9.42,-2.59,-4.02,0,0,0,167813,852.89,27.91,0.78,0,0,0,0,-81,0.78,-5.83,BEACON,"{""record_number"": 1662, ""operation_mode"": 0, ""state"": 0, ""battery_voltage"": 0, ""wifi_rssi"": -81, ""acc_data"": {""ax"": -0.7, ""ay"": 0.06, ""az"": 0.65, ""pitch"": -44.5, ""roll"": 6.22}, ""gyro_data"": {""gx"": -9.42, ""gy"": -2.59, ""gz"": -4.02}, ""gps_data"": {""latitude"": 0, ""longitude"": 0, ""gps_altitude"": 0, ""time"": 167813}, ""alt_data"": {""pressure"": 852.89, ""temperature"": 27.91, ""AGL"": 0.78, ""velocity"": 0, ""kalman_altitude"": 0.78, ""kalman_vertical_velocity"": -5.83}, ""chute_state"": {""pyro1_state"": 0, ""pyro2_state"": 0}, ""connection_status"": {""connected"": true, ""has_ever_connected"": true, ""packet_age_ms"": 0, ""timeout_exceeded"": false, ""rssi"": -81}, ""communication_mode"": ""BEACON"", ""timestamp"": 24990, ""packets_received"": 204, ""kalman_data"": {""altitude"": 0.78, ""vertical_velocity"": -5.83}, ""kalman_altitude"": 0.78, ""kalman_vertical_velocity"": -5.83, ""pyroDrogue"": 0, ""pyroMain"": 0, ""pyro1_state"": 0, ""pyro2_state"": 0}"
1768306784.466829,2026-01-13T15:19:44.466829,1663,0,0,-0.7,0.07,0.65,-44.85,6.29,-8.23,-4.09,-3.23,0,0,0,168014,852.89,27.92,0.77,0,0,0,0,-81,0.78,-5.84,BEACON,"{""record_number"": 1663, ""operation_mode"": 0, ""state"": 0, ""battery_voltage"": 0, ""wifi_rssi"": -81, ""acc_data"": {""ax"": -0.7, ""ay"": 0.07, ""az"": 0.65, ""pitch"": -44.85, ""roll"": 6.29}, ""gyro_data"": {""gx"": -8.23, ""gy"": -4.09, ""gz"": -3.23}, ""gps_data"": {""latitude"": 0, ""longitude"": 0, ""gps_altitude"": 0, ""time"": 168014}, ""alt_data"": {""pressure"": 852.89, ""temperature"": 27.92, ""AGL"": 0.77, ""velocity"": 0, ""kalman_altitude"": 0.78, ""kalman_vertical_velocity"": -5.84}, ""chute_state"": {""pyro1_state"": 0, ""pyro2_state"": 0}, ""connection_status"": {""connected"": true, ""has_ever_connected"": true, ""packet_age_ms"": 0, ""timeout_exceeded"": false, ""rssi"": -81}, ""communication_mode"": ""BEACON"", ""timestamp"": 25103, ""packets_received"": 205, ""kalman_data"": {""altitude"": 0.78, ""vertical_velocity"": -5.84}, ""kalman_altitude"": 0.78, ""kalman_vertical_velocity"": -5.84, ""pyroDrogue"": 0, ""pyroMain"": 0, ""pyro1_state"": 0, ""pyro2_state"": 0}"
1768306784.552836,2026-01-13T15:19:44.552836,1664,0,0,-0.7,0.07,0.64,-44.46,6.63,-9.48,-3.96,-3.78,0,0,0,168014,852.83,27.91,1.43,0,0,0,0,-81,1.4,-5.67,BEACON,"{""record_number"": 1664, ""operation_mode"": 0, ""state"": 0, ""battery_voltage"": 0, ""wifi_rssi"": -81, ""acc_data"": {""ax"": -0.7, ""ay"": 0.07, ""az"": 0.64, ""pitch"": -44.46, ""roll"": 6.63}, ""gyro_data"": {""gx"": -9.48, ""gy"": -3.96, ""gz"": -3.78}, ""gps_data"": {""latitude"": 0, ""longitude"": 0, ""gps_altitude"": 0, ""time"": 168014}, ""alt_data"": {""pressure"": 852.83, ""temperature"": 27.91, ""AGL"": 1.43, ""velocity"": 0, ""kalman_altitude"": 1.4, ""kalman_vertical_velocity"": -5.67}, ""chute_state"": {""pyro1_state"": 0, ""pyro2_state"": 0}, ""connection_status"": {""connected"": true, ""has_ever_connected"": true, ""packet_age_ms"": 0, ""timeout_exceeded"": false, ""rssi"": -81}, ""communication_mode"": ""BEACON"", ""timestamp"": 25216, ""packets_received"": 206, ""kalman_data"": {""altitude"": 1.4, ""vertical_velocity"": -5.67}, ""kalman_altitude"": 1.4, ""kalman_vertical_velocity"": -5.67, ""pyroDrogue"": 0, ""pyroMain"": 0, ""pyro1_state"": 0, ""pyro2_state"": 0}"
1768306784.619841,2026-01-13T15:19:44.619841,1666,0,0,-0.7,0.07,0.64,-44.07,6.01,-9.09,-2.44,-3.63,0,0,0,168214,852.89,27.92,0.77,0,0,0,0,-81,0.79,-5.84,BEACON,"{""record_number"": 1666, ""operation_mode"": 0, ""state"": 0, ""battery_voltage"": 0, ""wifi_rssi"": -81, ""acc_data"": {""ax"": -0.7, ""ay"": 0.07, ""az"": 0.64, ""pitch"": -44.07, ""roll"": 6.01}, ""gyro_data"": {""gx"": -9.09, ""gy"": -2.44, ""gz"": -3.63}, ""gps_data"": {""latitude"": 0, ""longitude"": 0, ""gps_altitude"": 0, ""time"": 168214}, ""alt_data"": {""pressure"": 852.89, ""temperature"": 27.92, ""AGL"": 0.77, ""velocity"": 0, ""kalman_altitude"": 0.79, ""kalman_vertical_velocity"": -5.84}, ""chute_state"": {""pyro1_state"": 0, ""pyro2_state"": 0}, ""connection_status"": {""connected"": true, ""has_ever_connected"": true, ""packet_age_ms"": 1, ""timeout_exceeded"": false, ""rssi"": -81}, ""communication_mode"": ""BEACON"", ""timestamp"": 25329, ""packets_received"": 207, ""kalman_data"": {""altitude"": 0.79, ""vertical_velocity"": -5.84}, ""kalman_altitude"": 0.79, ""kalman_vertical_velocity"": -5.84, ""pyroDrogue"": 0, ""pyroMain"": 0, ""pyro1_state"": 0, ""pyro2_state"": 0}"
1768306784.714838,2026-01-13T15:19:44.714838,1667,0,0,-0.7,0.08,0.64,-44.54,6.02,-8.51,-3.75,-3.48,0,0,0,168214,852.9,27.93,0.72,0,0,0,0,-82,0.71,-5.87,BEACON,"{""record_number"": 1667, ""operation_mode"": 0, ""state"": 0, ""battery_voltage"": 0, ""wifi_rssi"": -82, ""acc_data"": {""ax"": -0.7, ""ay"": 0.08, ""az"": 0.64, ""pitch"": -44.54, ""roll"": 6.02}, ""gyro_data"": {""gx"": -8.51, ""gy"": -3.75, ""gz"": -3.48}, ""gps_data"": {""latitude"": 0, ""longitude"": 0, ""gps_altitude"": 0, ""time"": 168214}, ""alt_data"": {""pressure"": 852.9, ""temperature"": 27.93, ""AGL"": 0.72, ""velocity"": 0, ""kalman_altitude"": 0.71, ""kalman_vertical_velocity"": -5.87}, ""chute_state"": {""pyro1_state"": 0, ""pyro2_state"": 0}, ""connection_status"": {""connected"": true, ""has_ever_connected"": true, ""packet_age_ms"": 0, ""timeout_exceeded"": false, ""rssi"": -82}, ""communication_mode"": ""BEACON"", ""timestamp"": 25442, ""packets_received"": 208, ""kalman_data"": {""altitude"": 0.71, ""vertical_velocity"": -5.87}, ""kalman_altitude"": 0.71, ""kalman_vertical_velocity"": -5.87, ""pyroDrogue"": 0, ""pyroMain"": 0, ""pyro1_state"": 0, ""pyro2_state"": 0}"
1768306784.800836,2026-01-13T15:19:44.800836,1668,0,0,-0.7,0.08,0.65,-44.19,6.89,-8.9,-2.65,-3.81,0,0,0,168413,852.9,27.92,0.66,0,0,0,0,-80,0.66,-5.89,BEACON,"{""record_number"": 1668, ""operation_mode"": 0, ""state"": 0, ""battery_voltage"": 0, ""wifi_rssi"": -80, ""acc_data"": {""ax"": -0.7, ""ay"": 0.08, ""az"": 0.65, ""pitch"": -44.19, ""roll"": 6.89}, ""gyro_data"": {""gx"": -8.9, ""gy"": -2.65, ""gz"": -3.81}, ""gps_data"": {""latitude"": 0, ""longitude"": 0, ""gps_altitude"": 0, ""time"": 168413}, ""alt_data"": {""pressure"": 852.9, ""temperature"": 27.92, ""AGL"": 0.66, ""velocity"": 0, ""kalman_altitude"": 0.66, ""kalman_vertical_velocity"": -5.89}, ""chute_state"": {""pyro1_state"": 0, ""pyro2_state"": 0}, ""connection_status"": {""connected"": true, ""has_ever_connected"": true, ""packet_age_ms"": 0, ""timeout_exceeded"": false, ""rssi"": -80}, ""communication_mode"": ""BEACON"", ""timestamp"": 25555, ""packets_received"": 209, ""kalman_data"": {""altitude"": 0.66, ""vertical_velocity"": -5.89}, ""kalman_altitude"": 0.66, ""kalman_vertical_velocity"": -5.89, ""pyroDrogue"": 0, ""pyroMain"": 0, ""pyro1_state"": 0, ""pyro2_state"": 0}"
1768306784.897269,2026-01-13T15:19:44.897269,1670,0,0,-0.7,0.07,0.64,-44.38,6.39,-9.66,-2.38,-3.45,0,0,0,168615,852.89,27.92,0.77,0,0,0,0,-81,0.76,-5.86,BEACON,"{""record_number"": 1670, ""operation_mode"": 0, ""state"": 0, ""battery_voltage"": 0, ""wifi_rssi"": -81, ""acc_data"": {""ax"": -0.7, ""ay"": 0.07, ""az"": 0.64, ""pitch"": -44.38, ""roll"": 6.39}, ""gyro_data"": {""gx"": -9.66, ""gy"": -2.38, ""gz"": -3.45}, ""gps_data"": {""latitude"": 0, ""longitude"": 0, ""gps_altitude"": 0, ""time"": 168615}, ""alt_data"": {""pressure"": 852.89, ""temperature"": 27.92, ""AGL"": 0.77, ""velocity"": 0, ""kalman_altitude"": 0.76, ""kalman_vertical_velocity"": -5.86}, ""chute_state"": {""pyro1_state"": 0, ""pyro2_state"": 0}, ""connection_status"": {""connected"": true, ""has_ever_connected"": true, ""packet_age_ms"": 0, ""timeout_exceeded"": false, ""rssi"": -81}, ""communication_mode"": ""BEACON"", ""timestamp"": 25666, ""packets_received"": 210, ""kalman_data"": {""altitude"": 0.76, ""vertical_velocity"": -5.86}, ""kalman_altitude"": 0.76, ""kalman_vertical_velocity"": -5.86, ""pyroDrogue"": 0, ""pyroMain"": 0, ""pyro1_state"": 0, ""pyro2_state"": 0}"
1768306784.994921,2026-01-13T15:19:44.994921,1671,0,0,-0.7,0.07,0.64,-44.34,6.05,-9.73,-3.81,-3.32,0,0,0,168615,852.88,27.92,0.87,0,0,0,0,-81,0.86,-5.85,BEACON,"{""record_number"": 1671, ""operation_mode"": 0, ""state"": 0, ""battery_voltage"": 0, ""wifi_rssi"": -81, ""acc_data"": {""ax"": -0.7, ""ay"": 0.07, ""az"": 0.64, ""pitch"": -44.34, ""roll"": 6.05}, ""gyro_data"": {""gx"": -9.73, ""gy"": -3.81, ""gz"": -3.32}, ""gps_data"": {""latitude"": 0, ""longitude"": 0, ""gps_altitude"": 0, ""time"": 168615}, ""alt_data"": {""pressure"": 852.88, ""temperature"": 27.92, ""AGL"": 0.87, ""velocity"": 0, ""kalman_altitude"": 0.86, ""kalman_vertical_velocity"": -5.85}, ""chute_state"": {""pyro1_state"": 0, ""pyro2_state"": 0}, ""connection_status"": {""connected"": true, ""has_ever_connected"": true, ""packet_age_ms"": 0, ""timeout_exceeded"": false, ""rssi"": -81}, ""communication_mode"": ""BEACON"", ""timestamp"": 25779, ""packets_received"": 211, ""kalman_data"": {""altitude"": 0.86, ""vertical_velocity"": -5.85}, ""kalman_altitude"": 0.86, ""kalman_vertical_velocity"": -5.85, ""pyroDrogue"": 0, ""pyroMain"": 0, ""pyro1_state"": 0, ""pyro2_state"": 0}"
1768306785.062898,2026-01-13T15:19:45.062898,1672,0,0,-0.7,0.07,0.64,-44.58,6.03,-8.81,-3.6,-3.66,0,0,0,168819,852.89,27.92,0.76,0,0,0,0,-81,0.77,-5.88,BEACON,"{""record_number"": 1672, ""operation_mode"": 0, ""state"": 0, ""battery_voltage"": 0, ""wifi_rssi"": -81, ""acc_data"": {""ax"": -0.7, ""ay"": 0.07, ""az"": 0.64, ""pitch"": -44.58, ""roll"": 6.03}, ""gyro_data"": {""gx"": -8.81, ""gy"": -3.6, ""gz"": -3.66}, ""gps_data"": {""latitude"": 0, ""longitude"": 0, ""gps_altitude"": 0, ""time"": 168819}, ""alt_data"": {""pressure"": 852.89, ""temperature"": 27.92, ""AGL"": 0.76, ""velocity"": 0, ""kalman_altitude"": 0.77, ""kalman_vertical_velocity"": -5.88}, ""chute_state"": {""pyro1_state"": 0, ""pyro2_state"": 0}, ""connection_status"": {""connected"": true, ""has_ever_connected"": true, ""packet_age_ms"": 0, ""timeout_exceeded"": false, ""rssi"": -81}, ""communication_mode"": ""BEACON"", ""timestamp"": 25892, ""packets_received"": 212, ""kalman_data"": {""altitude"": 0.77, ""vertical_velocity"": -5.88}, ""kalman_altitude"": 0.77, ""kalman_vertical_velocity"": -5.88, ""pyroDrogue"": 0, ""pyroMain"": 0, ""pyro1_state"": 0, ""pyro2_state"": 0}"
1768306785.103897,2026-01-13T15:19:45.103897,1674,0,0,-0.7,0.07,0.65,-44.62,6.64,-8.9,-3.41,-4.12,0,0,0,168819,852.93,27.93,0.36,0,0,0,0,-82,0.38,-5.98,BEACON,"{""record_number"": 1674, ""operation_mode"": 0, ""state"": 0, ""battery_voltage"": 0, ""wifi_rssi"": -82, ""acc_data"": {""ax"": -0.7, ""ay"": 0.07, ""az"": 0.65, ""pitch"": -44.62, ""roll"": 6.64}, ""gyro_data"": {""gx"": -8.9, ""gy"": -3.41, ""gz"": -4.12}, ""gps_data"": {""latitude"": 0, ""longitude"": 0, ""gps_altitude"": 0, ""time"": 168819}, ""alt_data"": {""pressure"": 852.93, ""temperature"": 27.93, ""AGL"": 0.36, ""velocity"": 0, ""kalman_altitude"": 0.38, ""kalman_vertical_velocity"": -5.98}, ""chute_state"": {""pyro1_state"": 0, ""pyro2_state"": 0}, ""connection_status"": {""connected"": true, ""has_ever_connected"": true, ""packet_age_ms"": 0, ""timeout_exceeded"": false, ""rssi"": -82}, ""communication_mode"": ""BEACON"", ""timestamp"": 26004, ""packets_received"": 213, ""kalman_data"": {""altitude"": 0.38, ""vertical_velocity"": -5.98}, ""kalman_altitude"": 0.38, ""kalman_vertical_velocity"": -5.98, ""pyroDrogue"": 0, ""pyroMain"": 0, ""pyro1_state"": 0, ""pyro2_state"": 0}"
1768306785.169898,2026-01-13T15:19:45.169898,1675,0,0,-0.7,0.07,0.64,-44.07,6.7,-8.69,-3.72,-3.32,0,0,0,169019,852.94,27.94,0.35,0,0,0,0,-82,0.37,-5.99,BEACON,"{""record_number"": 1675, ""operation_mode"": 0, ""state"": 0, ""battery_voltage"": 0, ""wifi_rssi"": -82, ""acc_data"": {""ax"": -0.7, ""ay"": 0.07, ""az"": 0.64, ""pitch"": -44.07, ""roll"": 6.7}, ""gyro_data"": {""gx"": -8.69, ""gy"": -3.72, ""gz"": -3.32}, ""gps_data"": {""latitude"": 0, ""longitude"": 0, ""gps_altitude"": 0, ""time"": 169019}, ""alt_data"": {""pressure"": 852.94, ""temperature"": 27.94, ""AGL"": 0.35, ""velocity"": 0, ""kalman_altitude"": 0.37, ""kalman_vertical_velocity"": -5.99}, ""chute_state"": {""pyro1_state"": 0, ""pyro2_state"": 0}, ""connection_status"": {""connected"": true, ""has_ever_connected"": true, ""packet_age_ms"": 0, ""timeout_exceeded"": false, ""rssi"": -82}, ""communication_mode"": ""BEACON"", ""timestamp"": 26117, ""packets_received"": 214, ""kalman_data"": {""altitude"": 0.37, ""vertical_velocity"": -5.99}, ""kalman_altitude"": 0.37, ""kalman_vertical_velocity"": -5.99, ""pyroDrogue"": 0, ""pyroMain"": 0, ""pyro1_state"": 0, ""pyro2_state"": 0}"
1768306785.217899,2026-01-13T15:19:45.217899,1676,0,0,-0.7,0.07,0.64,-44.58,6.32,-9.02,-2.71,-4.12,0,0,0,169019,852.92,27.93,0.51,0,0,0,0,-81,0.5,-5.96,BEACON,"{""record_number"": 1676, ""operation_mode"": 0, ""state"": 0, ""battery_voltage"": 0, ""wifi_rssi"": -81, ""acc_data"": {""ax"": -0.7, ""ay"": 0.07, ""az"": 0.64, ""pitch"": -44.58, ""roll"": 6.32}, ""gyro_data"": {""gx"": -9.02, ""gy"": -2.71, ""gz"": -4.12}, ""gps_data"": {""latitude"": 0, ""longitude"": 0, ""gps_altitude"": 0, ""time"": 169019}, ""alt_data"": {""pressure"": 852.92, ""temperature"": 27.93, ""AGL"": 0.51, ""velocity"": 0, ""kalman_altitude"": 0.5, ""kalman_vertical_velocity"": -5.96}, ""chute_state"": {""pyro1_state"": 0, ""pyro2_state"": 0}, ""connection_status"": {""connected"": true, ""has_ever_connected"": true, ""packet_age_ms"": 0, ""timeout_exceeded"": false, ""rssi"": -81}, ""communication_mode"": ""BEACON"", ""timestamp"": 26230, ""packets_received"": 215, ""kalman_data"": {""altitude"": 0.5, ""vertical_velocity"": -5.96}, ""kalman_altitude"": 0.5, ""kalman_vertical_velocity"": -5.96, ""pyroDrogue"": 0, ""pyroMain"": 0, ""pyro1_state"": 0, ""pyro2_state"": 0}"
1768306785.268896,2026-01-13T15:19:45.268896,1678,0,0,-0.7,0.07,0.64,-44.97,6,-9.54,-3.14,-3.45,0,0,0,169220,852.94,27.93,0.33,0,0,0,0,-81,0.33,-6.01,BEACON,"{""record_number"": 1678, ""operation_mode"": 0, ""state"": 0, ""battery_voltage"": 0, ""wifi_rssi"": -81, ""acc_data"": {""ax"": -0.7, ""ay"": 0.07, ""az"": 0.64, ""pitch"": -44.97, ""roll"": 6}, ""gyro_data"": {""gx"": -9.54, ""gy"": -3.14, ""gz"": -3.45}, ""gps_data"": {""latitude"": 0, ""longitude"": 0, ""gps_altitude"": 0, ""time"": 169220}, ""alt_data"": {""pressure"": 852.94, ""temperature"": 27.93, ""AGL"": 0.33, ""velocity"": 0, ""kalman_altitude"": 0.33, ""kalman_vertical_velocity"": -6.01}, ""chute_state"": {""pyro1_state"": 0, ""pyro2_state"": 0}, ""connection_status"": {""connected"": true, ""has_ever_connected"": true, ""packet_age_ms"": 0, ""timeout_exceeded"": false, ""rssi"": -81}, ""communication_mode"": ""BEACON"", ""timestamp"": 26343, ""packets_received"": 216, ""kalman_data"": {""altitude"": 0.33, ""vertical_velocity"": -6.01}, ""kalman_altitude"": 0.33, ""kalman_vertical_velocity"": -6.01, ""pyroDrogue"": 0, ""pyroMain"": 0, ""pyro1_state"": 0, ""pyro2_state"": 0}"
1768306785.356897,2026-01-13T15:19:45.356897,1679,0,0,-0.71,0.07,0.65,-44.38,6.31,-9.45,-3.14,-3.35,0,0,0,169220,852.93,27.93,0.36,0,0,0,0,-82,0.37,-6.01,BEACON,"{""record_number"": 1679, ""operation_mode"": 0, ""state"": 0, ""battery_voltage"": 0, ""wifi_rssi"": -82, ""acc_data"": {""ax"": -0.71, ""ay"": 0.07, ""az"": 0.65, ""pitch"": -44.38, ""roll"": 6.31}, ""gyro_data"": {""gx"": -9.45, ""gy"": -3.14, ""gz"": -3.35}, ""gps_data"": {""latitude"": 0, ""longitude"": 0, ""gps_altitude"": 0, ""time"": 169220}, ""alt_data"": {""pressure"": 852.93, ""temperature"": 27.93, ""AGL"": 0.36, ""velocity"": 0, ""kalman_altitude"": 0.37, ""kalman_vertical_velocity"": -6.01}, ""chute_state"": {""pyro1_state"": 0, ""pyro2_state"": 0}, ""connection_status"": {""connected"": true, ""has_ever_connected"": true, ""packet_age_ms"": 0, ""timeout_exceeded"": false, ""rssi"": -82}, ""communication_mode"": ""BEACON"", ""timestamp"": 26456, ""packets_received"": 217, ""kalman_data"": {""altitude"": 0.37, ""vertical_velocity"": -6.01}, ""kalman_altitude"": 0.37, ""kalman_vertical_velocity"": -6.01, ""pyroDrogue"": 0, ""pyroMain"": 0, ""pyro1_state"": 0, ""pyro2_state"": 0}"
1768306785.459943,2026-01-13T15:19:45.459943,1680,0,0,-0.7,0.07,0.64,-44.54,6.34,-9.36,-2.71,-3.84,0,0,0,169420,852.86,27.92,1.05,0,0,0,0,-80,1.03,-5.84,BEACON,"{""record_number"": 1680, ""operation_mode"": 0, ""state"": 0, ""battery_voltage"": 0, ""wifi_rssi"": -80, ""acc_data"": {""ax"": -0.7, ""ay"": 0.07, ""az"": 0.64, ""pitch"": -44.54, ""roll"": 6.34}, ""gyro_data"": {""gx"": -9.36, ""gy"": -2.71, ""gz"": -3.84}, ""gps_data"": {""latitude"": 0, ""longitude"": 0, ""gps_altitude"": 0, ""time"": 169420}, ""alt_data"": {""pressure"": 852.86, ""temperature"": 27.92, ""AGL"": 1.05, ""velocity"": 0, ""kalman_altitude"": 1.03, ""kalman_vertical_velocity"": -5.84}, ""chute_state"": {""pyro1_state"": 0, ""pyro2_state"": 0}, ""connection_status"": {""connected"": true, ""has_ever_connected"": true, ""packet_age_ms"": 1, ""timeout_exceeded"": false, ""rssi"": -80}, ""communication_mode"": ""BEACON"", ""timestamp"": 26569, ""packets_received"": 218, ""kalman_data"": {""altitude"": 1.03, ""vertical_velocity"": -5.84}, ""kalman_altitude"": 1.03, ""kalman_vertical_velocity"": -5.84, ""pyroDrogue"": 0, ""pyroMain"": 0, ""pyro1_state"": 0, ""pyro2_state"": 0}"
1768306785.559629,2026-01-13T15:19:45.559629,1681,0,0,-0.7,0.07,0.64,-44.62,6.03,-9.33,-3.41,-3.69,0,0,0,169622,852.92,27.93,0.54,0,0,0,0,-83,0.56,-5.97,BEACON,"{""record_number"": 1681, ""operation_mode"": 0, ""state"": 0, ""battery_voltage"": 0, ""wifi_rssi"": -83, ""acc_data"": {""ax"": -0.7, ""ay"": 0.07, ""az"": 0.64, ""pitch"": -44.62, ""roll"": 6.03}, ""gyro_data"": {""gx"": -9.33, ""gy"": -3.41, ""gz"": -3.69}, ""gps_data"": {""latitude"": 0, ""longitude"": 0, ""gps_altitude"": 0, ""time"": 169622}, ""alt_data"": {""pressure"": 852.92, ""temperature"": 27.93, ""AGL"": 0.54, ""velocity"": 0, ""kalman_altitude"": 0.56, ""kalman_vertical_velocity"": -5.97}, ""chute_state"": {""pyro1_state"": 0, ""pyro2_state"": 0}, ""connection_status"": {""connected"": true, ""has_ever_connected"": true, ""packet_age_ms"": 0, ""timeout_exceeded"": false, ""rssi"": -83}, ""communication_mode"": ""BEACON"", ""timestamp"": 26680, ""packets_received"": 219, ""kalman_data"": {""altitude"": 0.56, ""vertical_velocity"": -5.97}, ""kalman_altitude"": 0.56, ""kalman_vertical_velocity"": -5.97, ""pyroDrogue"": 0, ""pyroMain"": 0, ""pyro1_state"": 0, ""pyro2_state"": 0}"
1768306785.671598,2026-01-13T15:19:45.671598,1683,0,0,-0.7,0.06,0.64,-44.07,6.63,-8.38,-3.14,-4.12,0,0,0,169622,852.96,27.94,0.14,0,0,0,0,-84,0.15,-6.08,BEACON,"{""record_number"": 1683, ""operation_mode"": 0, ""state"": 0, ""battery_voltage"": 0, ""wifi_rssi"": -84, ""acc_data"": {""ax"": -0.7, ""ay"": 0.06, ""az"": 0.64, ""pitch"": -44.07, ""roll"": 6.63}, ""gyro_data"": {""gx"": -8.38, ""gy"": -3.14, ""gz"": -4.12}, ""gps_data"": {""latitude"": 0, ""longitude"": 0, ""gps_altitude"": 0, ""time"": 169622}, ""alt_data"": {""pressure"": 852.96, ""temperature"": 27.94, ""AGL"": 0.14, ""velocity"": 0, ""kalman_altitude"": 0.15, ""kalman_vertical_velocity"": -6.08}, ""chute_state"": {""pyro1_state"": 0, ""pyro2_state"": 0}, ""connection_status"": {""connected"": true, ""has_ever_connected"": true, ""packet_age_ms"": 0, ""timeout_exceeded"": false, ""rssi"": -84}, ""communication_mode"": ""BEACON"", ""timestamp"": 26793, ""packets_received"": 220, ""kalman_data"": {""altitude"": 0.15, ""vertical_velocity"": -6.08}, ""kalman_altitude"": 0.15, ""kalman_vertical_velocity"": -6.08, ""pyroDrogue"": 0, ""pyroMain"": 0, ""pyro1_state"": 0, ""pyro2_state"": 0}"
1768306785.86862,2026-01-13T15:19:45.868620,1684,0,0,-0.7,0.07,0.64,-43.92,5.83,-9.39,-2.96,-2.71,0,0,0,169827,852.91,27.93,0.61,0,0,0,0,-87,0.61,-5.97,BEACON,"{""record_number"": 1684, ""operation_mode"": 0, ""state"": 0, ""battery_voltage"": 0, ""wifi_rssi"": -87, ""acc_data"": {""ax"": -0.7, ""ay"": 0.07, ""az"": 0.64, ""pitch"": -43.92, ""roll"": 5.83}, ""gyro_data"": {""gx"": -9.39, ""gy"": -2.96, ""gz"": -2.71}, ""gps_data"": {""latitude"": 0, ""longitude"": 0, ""gps_altitude"": 0, ""time"": 169827}, ""alt_data"": {""pressure"": 852.91, ""temperature"": 27.93, ""AGL"": 0.61, ""velocity"": 0, ""kalman_altitude"": 0.61, ""kalman_vertical_velocity"": -5.97}, ""chute_state"": {""pyro1_state"": 0, ""pyro2_state"": 0}, ""connection_status"": {""connected"": true, ""has_ever_connected"": true, ""packet_age_ms"": 0, ""timeout_exceeded"": false, ""rssi"": -87}, ""communication_mode"": ""BEACON"", ""timestamp"": 26906, ""packets_received"": 221, ""kalman_data"": {""altitude"": 0.61, ""vertical_velocity"": -5.97}, ""kalman_altitude"": 0.61, ""kalman_vertical_velocity"": -5.97, ""pyroDrogue"": 0, ""pyroMain"": 0, ""pyro1_state"": 0, ""pyro2_state"": 0}"
1768306785.948595,2026-01-13T15:19:45.948595,1685,0,0,-0.71,0.07,0.64,-44.42,6.8,-9.88,-3.23,-4.63,0,0,0,169827,852.9,27.94,0.68,0,0,0,0,-84,0.68,-5.95,BEACON,"{""record_number"": 1685, ""operation_mode"": 0, ""state"": 0, ""battery_voltage"": 0, ""wifi_rssi"": -84, ""acc_data"": {""ax"": -0.71, ""ay"": 0.07, ""az"": 0.64, ""pitch"": -44.42, ""roll"": 6.8}, ""gyro_data"": {""gx"": -9.88, ""gy"": -3.23, ""gz"": -4.63}, ""gps_data"": {""latitude"": 0, ""longitude"": 0, ""gps_altitude"": 0, ""time"": 169827}, ""alt_data"": {""pressure"": 852.9, ""temperature"": 27.94, ""AGL"": 0.68, ""velocity"": 0, ""kalman_altitude"": 0.68, ""kalman_vertical_velocity"": -5.95}, ""chute_state"": {""pyro1_state"": 0, ""pyro2_state"": 0}, ""connection_status"": {""connected"": true, ""has_ever_connected"": true, ""packet_age_ms"": 0, ""timeout_exceeded"": false, ""rssi"": -84}, ""communication_mode"": ""BEACON"", ""timestamp"": 27019, ""packets_received"": 222, ""kalman_data"": {""altitude"": 0.68, ""vertical_velocity"": -5.95}, ""kalman_altitude"": 0.68, ""kalman_vertical_velocity"": -5.95, ""pyroDrogue"": 0, ""pyroMain"": 0, ""pyro1_state"": 0, ""pyro2_state"": 0}"
1768306786.242753,2026-01-13T15:19:46.242753,1687,0,0,-0.71,0.07,0.64,-44.34,5.9,-9.76,-3.08,-3.78,0,0,0,170028,852.88,27.93,0.94,0,0,0,0,-85,0.93,-5.89,BEACON,"{""record_number"": 1687, ""operation_mode"": 0, ""state"": 0, ""battery_voltage"": 0, ""wifi_rssi"": -85, ""acc_data"": {""ax"": -0.71, ""ay"": 0.07, ""az"": 0.64, ""pitch"": -44.34, ""roll"": 5.9}, ""gyro_data"": {""gx"": -9.76, ""gy"": -3.08, ""gz"": -3.78}, ""gps_data"": {""latitude"": 0, ""longitude"": 0, ""gps_altitude"": 0, ""time"": 170028}, ""alt_data"": {""pressure"": 852.88, ""temperature"": 27.93, ""AGL"": 0.94, ""velocity"": 0, ""kalman_altitude"": 0.93, ""kalman_vertical_velocity"": -5.89}, ""chute_state"": {""pyro1_state"": 0, ""pyro2_state"": 0}, ""connection_status"": {""connected"": true, ""has_ever_connected"": true, ""packet_age_ms"": 0, ""timeout_exceeded"": false, ""rssi"": -85}, ""communication_mode"": ""BEACON"", ""timestamp"": 27132, ""packets_received"": 223, ""kalman_data"": {""altitude"": 0.93, ""vertical_velocity"": -5.89}, ""kalman_altitude"": 0.93, ""kalman_vertical_velocity"": -5.89, ""pyroDrogue"": 0, ""pyroMain"": 0, ""pyro1_state"": 0, ""pyro2_state"": 0}"
1768306786.410299,2026-01-13T15:19:46.410299,1688,0,0,-0.7,0.07,0.64,-44.34,6.72,-9.21,-2.62,-3.41,0,0,0,170028,852.89,27.93,0.76,0,0,0,0,-84,0.75,-5.95,BEACON,"{""record_number"": 1688, ""operation_mode"": 0, ""state"": 0, ""battery_voltage"": 0, ""wifi_rssi"": -84, ""acc_data"": {""ax"": -0.7, ""ay"": 0.07, ""az"": 0.64, ""pitch"": -44.34, ""roll"": 6.72}, ""gyro_data"": {""gx"": -9.21, ""gy"": -2.62, ""gz"": -3.41}, ""gps_data"": {""latitude"": 0, ""longitude"": 0, ""gps_altitude"": 0, ""time"": 170028}, ""alt_data"": {""pressure"": 852.89, ""temperature"": 27.93, ""AGL"": 0.76, ""velocity"": 0, ""kalman_altitude"": 0.75, ""kalman_vertical_velocity"": -5.95}, ""chute_state"": {""pyro1_state"": 0, ""pyro2_state"": 0}, ""connection_status"": {""connected"": true, ""has_ever_connected"": true, ""packet_age_ms"": 1, ""timeout_exceeded"": false, ""rssi"": -84}, ""communication_mode"": ""BEACON"", ""timestamp"": 27245, ""packets_received"": 224, ""kalman_data"": {""altitude"": 0.75, ""vertical_velocity"": -5.95}, ""kalman_altitude"": 0.75, ""kalman_vertical_velocity"": -5.95, ""pyroDrogue"": 0, ""pyroMain"": 0, ""pyro1_state"": 0, ""pyro2_state"": 0}"
1768306786.550755,2026-01-13T15:19:46.550755,1689,0,0,-0.7,0.07,0.64,-44.3,6.1,-8.69,-3.14,-3.93,0,0,0,170227,852.91,27.93,0.58,0,0,0,0,-84,0.58,-5.99,BEACON,"{""record_number"": 1689, ""operation_mode"": 0, ""state"": 0, ""battery_voltage"": 0, ""wifi_rssi"": -84, ""acc_data"": {""ax"": -0.7, ""ay"": 0.07, ""az"": 0.64, ""pitch"": -44.3, ""roll"": 6.1}, ""gyro_data"": {""gx"": -8.69, ""gy"": -3.14, ""gz"": -3.93}, ""gps_data"": {""latitude"": 0, ""longitude"": 0, ""gps_altitude"": 0, ""time"": 170227}, ""alt_data"": {""pressure"": 852.91, ""temperature"": 27.93, ""AGL"": 0.58, ""velocity"": 0, ""kalman_altitude"": 0.58, ""kalman_vertical_velocity"": -5.99}, ""chute_state"": {""pyro1_state"": 0, ""pyro2_state"": 0}, ""connection_status"": {""connected"": true, ""has_ever_connected"": true, ""packet_age_ms"": 0, ""timeout_exceeded"": false, ""rssi"": -84}, ""communication_mode"": ""BEACON"", ""timestamp"": 27358, ""packets_received"": 225, ""kalman_data"": {""altitude"": 0.58, ""vertical_velocity"": -5.99}, ""kalman_altitude"": 0.58, ""kalman_vertical_velocity"": -5.99, ""pyroDrogue"": 0, ""pyroMain"": 0, ""pyro1_state"": 0, ""pyro2_state"": 0}"
1768306786.86545,2026-01-13T15:19:46.865450,1691,0,0,-0.69,0.07,0.64,-44.66,6.89,-8.9,-3.05,-3.48,0,0,0,170428,852.92,27.93,0.47,0,0,0,0,-84,0.47,-6.03,BEACON,"{""record_number"": 1691, ""operation_mode"": 0, ""state"": 0, ""battery_voltage"": 0, ""wifi_rssi"": -84, ""acc_data"": {""ax"": -0.69, ""ay"": 0.07, ""az"": 0.64, ""pitch"": -44.66, ""roll"": 6.89}, ""gyro_data"": {""gx"": -8.9, ""gy"": -3.05, ""gz"": -3.48}, ""gps_data"": {""latitude"": 0, ""longitude"": 0, ""gps_altitude"": 0, ""time"": 170428}, ""alt_data"": {""pressure"": 852.92, ""temperature"": 27.93, ""AGL"": 0.47, ""velocity"": 0, ""kalman_altitude"": 0.47, ""kalman_vertical_velocity"": -6.03}, ""chute_state"": {""pyro1_state"": 0, ""pyro2_state"": 0}, ""connection_status"": {""connected"": true, ""has_ever_connected"": true, ""packet_age_ms"": 0, ""timeout_exceeded"": false, ""rssi"": -84}, ""communication_mode"": ""BEACON"", ""timestamp"": 27471, ""packets_received"": 226, ""kalman_data"": {""altitude"": 0.47, ""vertical_velocity"": -6.03}, ""kalman_altitude"": 0.47, ""kalman_vertical_velocity"": -6.03, ""pyroDrogue"": 0, ""pyroMain"": 0, ""pyro1_state"": 0, ""pyro2_state"": 0}"
1768306789.900678,2026-01-13T15:19:49.900678,1692,0,0,-0.69,0.07,0.65,-44.42,5.82,-9.02,-2.93,-3.81,0,0,0,170428,852.91,27.92,0.59,0,0,0,0,-84,0.59,-6,BEACON,"{""record_number"": 1692, ""operation_mode"": 0, ""state"": 0, ""battery_voltage"": 0, ""wifi_rssi"": -84, ""acc_data"": {""ax"": -0.69, ""ay"": 0.07, ""az"": 0.65, ""pitch"": -44.42, ""roll"": 5.82}, ""gyro_data"": {""gx"": -9.02, ""gy"": -2.93, ""gz"": -3.81}, ""gps_data"": {""latitude"": 0, ""longitude"": 0, ""gps_altitude"": 0, ""time"": 170428}, ""alt_data"": {""pressure"": 852.91, ""temperature"": 27.92, ""AGL"": 0.59, ""velocity"": 0, ""kalman_altitude"": 0.59, ""kalman_vertical_velocity"": -6}, ""chute_state"": {""pyro1_state"": 0, ""pyro2_state"": 0}, ""connection_status"": {""connected"": true, ""has_ever_connected"": true, ""packet_age_ms"": 0, ""timeout_exceeded"": false, ""rssi"": -84}, ""communication_mode"": ""BEACON"", ""timestamp"": 27583, ""packets_received"": 227, ""kalman_data"": {""altitude"": 0.59, ""vertical_velocity"": -6}, ""kalman_altitude"": 0.59, ""kalman_vertical_velocity"": -6, ""pyroDrogue"": 0, ""pyroMain"": 0, ""pyro1_state"": 0, ""pyro2_state"": 0}"
1768306790.912177,2026-01-13T15:19:50.912177,1693,0,0,-0.7,0.08,0.64,-44.7,6.02,-9.6,-3.26,-4.21,0,0,0,170630,852.91,27.93,0.65,0,0,0,0,-84,0.65,-5.99,BEACON,"{""record_number"": 1693, ""operation_mode"": 0, ""state"": 0, ""battery_voltage"": 0, ""wifi_rssi"": -84, ""acc_data"": {""ax"": -0.7, ""ay"": 0.08, ""az"": 0.64, ""pitch"": -44.7, ""roll"": 6.02}, ""gyro_data"": {""gx"": -9.6, ""gy"": -3.26, ""gz"": -4.21}, ""gps_data"": {""latitude"": 0, ""longitude"": 0, ""gps_altitude"": 0, ""time"": 170630}, ""alt_data"": {""pressure"": 852.91, ""temperature"": 27.93, ""AGL"": 0.65, ""velocity"": 0, ""kalman_altitude"": 0.65, ""kalman_vertical_velocity"": -5.99}, ""chute_state"": {""pyro1_state"": 0, ""pyro2_state"": 0}, ""connection_status"": {""connected"": true, ""has_ever_connected"": true, ""packet_age_ms"": 0, ""timeout_exceeded"": false, ""rssi"": -84}, ""communication_mode"": ""BEACON"", ""timestamp"": 27696, ""packets_received"": 228, ""kalman_data"": {""altitude"": 0.65, ""vertical_velocity"": -5.99}, ""kalman_altitude"": 0.65, ""kalman_vertical_velocity"": -5.99, ""pyroDrogue"": 0, ""pyroMain"": 0, ""pyro1_state"": 0, ""pyro2_state"": 0}"
1768306791.244687,2026-01-13T15:19:51.244687,1695,0,0,-0.7,0.07,0.64,-43.92,6.54,-8.66,-2.35,-2.74,0,0,0,170630,852.89,27.92,0.8,0,0,0,0,-85,0.79,-5.96,BEACON,"{""record_number"": 1695, ""operation_mode"": 0, ""state"": 0, ""battery_voltage"": 0, ""wifi_rssi"": -85, ""acc_data"": {""ax"": -0.7, ""ay"": 0.07, ""az"": 0.64, ""pitch"": -43.92, ""roll"": 6.54}, ""gyro_data"": {""gx"": -8.66, ""gy"": -2.35, ""gz"": -2.74}, ""gps_data"": {""latitude"": 0, ""longitude"": 0, ""gps_altitude"": 0, ""time"": 170630}, ""alt_data"": {""pressure"": 852.89, ""temperature"": 27.92, ""AGL"": 0.8, ""velocity"": 0, ""kalman_altitude"": 0.79, ""kalman_vertical_velocity"": -5.96}, ""chute_state"": {""pyro1_state"": 0, ""pyro2_state"": 0}, ""connection_status"": {""connected"": true, ""has_ever_connected"": true, ""packet_age_ms"": 1, ""timeout_exceeded"": false, ""rssi"": -85}, ""communication_mode"": ""BEACON"", ""timestamp"": 27808, ""packets_received"": 229, ""kalman_data"": {""altitude"": 0.79, ""vertical_velocity"": -5.96}, ""kalman_altitude"": 0.79, ""kalman_vertical_velocity"": -5.96, ""pyroDrogue"": 0, ""pyroMain"": 0, ""pyro1_state"": 0, ""pyro2_state"": 0}"
1768306793.181119,2026-01-13T15:19:53.181119,1696,0,0,-0.7,0.07,0.64,-44.58,6.44,-9.15,-3.05,-3.08,0,0,0,170833,852.89,27.92,0.83,0,0,0,0,-86,0.82,-5.96,BEACON,"{""record_number"": 1696, ""operation_mode"": 0, ""state"": 0, ""battery_voltage"": 0, ""wifi_rssi"": -86, ""acc_data"": {""ax"": -0.7, ""ay"": 0.07, ""az"": 0.64, ""pitch"": -44.58, ""roll"": 6.44}, ""gyro_data"": {""gx"": -9.15, ""gy"": -3.05, ""gz"": -3.08}, ""gps_data"": {""latitude"": 0, ""longitude"": 0, ""gps_altitude"": 0, ""time"": 170833}, ""alt_data"": {""pressure"": 852.89, ""temperature"": 27.92, ""AGL"": 0.83, ""velocity"": 0, ""kalman_altitude"": 0.82, ""kalman_vertical_velocity"": -5.96}, ""chute_state"": {""pyro1_state"": 0, ""pyro2_state"": 0}, ""connection_status"": {""connected"": true, ""has_ever_connected"": true, ""packet_age_ms"": 0, ""timeout_exceeded"": false, ""rssi"": -86}, ""communication_mode"": ""BEACON"", ""timestamp"": 27920, ""packets_received"": 230, ""kalman_data"": {""altitude"": 0.82, ""vertical_velocity"": -5.96}, ""kalman_altitude"": 0.82, ""kalman_vertical_velocity"": -5.96, ""pyroDrogue"": 0, ""pyroMain"": 0, ""pyro1_state"": 0, ""pyro2_state"": 0}"
1768306795.126904,2026-01-13T15:19:55.126904,1697,0,0,-0.7,0.07,0.64,-43.99,6.2,-9.05,-3.78,-3.32,0,0,0,170833,852.91,27.93,0.58,0,0,0,0,-84,0.58,-6.03,BEACON,"{""record_number"": 1697, ""operation_mode"": 0, ""state"": 0, ""battery_voltage"": 0, ""wifi_rssi"": -84, ""acc_data"": {""ax"": -0.7, ""ay"": 0.07, ""az"": 0.64, ""pitch"": -43.99, ""roll"": 6.2}, ""gyro_data"": {""gx"": -9.05, ""gy"": -3.78, ""gz"": -3.32}, ""gps_data"": {""latitude"": 0, ""longitude"": 0, ""gps_altitude"": 0, ""time"": 170833}, ""alt_data"": {""pressure"": 852.91, ""temperature"": 27.93, ""AGL"": 0.58, ""velocity"": 0, ""kalman_altitude"": 0.58, ""kalman_vertical_velocity"": -6.03}, ""chute_state"": {""pyro1_state"": 0, ""pyro2_state"": 0}, ""connection_status"": {""connected"": true, ""has_ever_connected"": true, ""packet_age_ms"": 0, ""timeout_exceeded"": false, ""rssi"": -84}, ""communication_mode"": ""BEACON"", ""timestamp"": 28032, ""packets_received"": 231, ""kalman_data"": {""altitude"": 0.58, ""vertical_velocity"": -6.03}, ""kalman_altitude"": 0.58, ""kalman_vertical_velocity"": -6.03, ""pyroDrogue"": 0, ""pyroMain"": 0, ""pyro1_state"": 0, ""pyro2_state"": 0}"
1768306797.117485,2026-01-13T15:19:57.117485,1836,0,0,-0.7,0.07,0.64,-44.58,6.49,-10.15,-3.72,-3.51,0,0,0,182697,852.81,27.93,1.54,0,0,0,0,-83,1.53,-6.37,BEACON,"{""record_number"": 1836, ""operation_mode"": 0, ""state"": 0, ""battery_voltage"": 0, ""wifi_rssi"": -83, ""acc_data"": {""ax"": -0.7, ""ay"": 0.07, ""az"": 0.64, ""pitch"": -44.58, ""roll"": 6.49}, ""gyro_data"": {""gx"": -10.15, ""gy"": -3.72, ""gz"": -3.51}, ""gps_data"": {""latitude"": 0, ""longitude"": 0, ""gps_altitude"": 0, ""time"": 182697}, ""alt_data"": {""pressure"": 852.81, ""temperature"": 27.93, ""AGL"": 1.54, ""velocity"": 0, ""kalman_altitude"": 1.53, ""kalman_vertical_velocity"": -6.37}, ""chute_state"": {""pyro1_state"": 0, ""pyro2_state"": 0}, ""connection_status"": {""connected"": true, ""has_ever_connected"": true, ""packet_age_ms"": 0, ""timeout_exceeded"": false, ""rssi"": -83}, ""communication_mode"": ""BEACON"", ""timestamp"": 39865, ""packets_received"": 336, ""kalman_data"": {""altitude"": 1.53, ""vertical_velocity"": -6.37}, ""kalman_altitude"": 1.53, ""kalman_vertical_velocity"": -6.37, ""pyroDrogue"": 0, ""pyroMain"": 0, ""pyro1_state"": 0, ""pyro2_state"": 0}"
1768306797.631727,2026-01-13T15:19:57.631727,1838,0,0,-0.7,0.07,0.64,-44.15,6.2,-9.51,-3.63,-3.38,0,0,0,182899,852.85,27.93,1.19,0,0,0,0,-83,1.18,-6.46,BEACON,"{""record_number"": 1838, ""operation_mode"": 0, ""state"": 0, ""battery_voltage"": 0, ""wifi_rssi"": -83, ""acc_data"": {""ax"": -0.7, ""ay"": 0.07, ""az"": 0.64, ""pitch"": -44.15, ""roll"": 6.2}, ""gyro_data"": {""gx"": -9.51, ""gy"": -3.63, ""gz"": -3.38}, ""gps_data"": {""latitude"": 0, ""longitude"": 0, ""gps_altitude"": 0, ""time"": 182899}, ""alt_data"": {""pressure"": 852.85, ""temperature"": 27.93, ""AGL"": 1.19, ""velocity"": 0, ""kalman_altitude"": 1.18, ""kalman_vertical_velocity"": -6.46}, ""chute_state"": {""pyro1_state"": 0, ""pyro2_state"": 0}, ""connection_status"": {""connected"": true, ""has_ever_connected"": true, ""packet_age_ms"": 0, ""timeout_exceeded"": false, ""rssi"": -83}, ""communication_mode"": ""BEACON"", ""timestamp"": 39978, ""packets_received"": 337, ""kalman_data"": {""altitude"": 1.18, ""vertical_velocity"": -6.46}, ""kalman_altitude"": 1.18, ""kalman_vertical_velocity"": -6.46, ""pyroDrogue"": 0, ""pyroMain"": 0, ""pyro1_state"": 0, ""pyro2_state"": 0}"
1768306798.699397,2026-01-13T15:19:58.699397,1839,0,0,-0.7,0.07,0.64,-44.58,5.96,-8.66,-2.96,-4.36,0,0,0,182899,852.85,27.93,1.15,0,0,0,0,-83,1.15,-6.47,BEACON,"{""record_number"": 1839, ""operation_mode"": 0, ""state"": 0, ""battery_voltage"": 0, ""wifi_rssi"": -83, ""acc_data"": {""ax"": -0.7, ""ay"": 0.07, ""az"": 0.64, ""pitch"": -44.58, ""roll"": 5.96}, ""gyro_data"": {""gx"": -8.66, ""gy"": -2.96, ""gz"": -4.36}, ""gps_data"": {""latitude"": 0, ""longitude"": 0, ""gps_altitude"": 0, ""time"": 182899}, ""alt_data"": {""pressure"": 852.85, ""temperature"": 27.93, ""AGL"": 1.15, ""velocity"": 0, ""kalman_altitude"": 1.15, ""kalman_vertical_velocity"": -6.47}, ""chute_state"": {""pyro1_state"": 0, ""pyro2_state"": 0}, ""connection_status"": {""connected"": true, ""has_ever_connected"": true, ""packet_age_ms"": 0, ""timeout_exceeded"": false, ""rssi"": -83}, ""communication_mode"": ""BEACON"", ""timestamp"": 40091, ""packets_received"": 338, ""kalman_data"": {""altitude"": 1.15, ""vertical_velocity"": -6.47}, ""kalman_altitude"": 1.15, ""kalman_vertical_velocity"": -6.47, ""pyroDrogue"": 0, ""pyroMain"": 0, ""pyro1_state"": 0, ""pyro2_state"": 0}"
1768306799.518968,2026-01-13T15:19:59.518968,1840,0,0,-0.7,0.07,0.64,-44.3,6.57,-9.42,-3.17,-3.96,0,0,0,183099,852.9,27.95,0.7,0,0,0,0,-83,0.71,-6.58,BEACON,"{""record_number"": 1840, ""operation_mode"": 0, ""state"": 0, ""battery_voltage"": 0, ""wifi_rssi"": -83, ""acc_data"": {""ax"": -0.7, ""ay"": 0.07, ""az"": 0.64, ""pitch"": -44.3, ""roll"": 6.57}, ""gyro_data"": {""gx"": -9.42, ""gy"": -3.17, ""gz"": -3.96}, ""gps_data"": {""latitude"": 0, ""longitude"": 0, ""gps_altitude"": 0, ""time"": 183099}, ""alt_data"": {""pressure"": 852.9, ""temperature"": 27.95, ""AGL"": 0.7, ""velocity"": 0, ""kalman_altitude"": 0.71, ""kalman_vertical_velocity"": -6.58}, ""chute_state"": {""pyro1_state"": 0, ""pyro2_state"": 0}, ""connection_status"": {""connected"": true, ""has_ever_connected"": true, ""packet_age_ms"": 1, ""timeout_exceeded"": false, ""rssi"": -83}, ""communication_mode"": ""BEACON"", ""timestamp"": 40205, ""packets_received"": 339, ""kalman_data"": {""altitude"": 0.71, ""vertical_velocity"": -6.58}, ""kalman_altitude"": 0.71, ""kalman_vertical_velocity"": -6.58, ""pyroDrogue"": 0, ""pyroMain"": 0, ""pyro1_state"": 0, ""pyro2_state"": 0}"
1768306800.335185,2026-01-13T15:20:00.335185,1842,0,0,-0.7,0.07,0.63,-43.41,6.99,-8.84,-3.17,-4.3,0,0,0,183099,852.86,27.94,1.1,0,0,0,0,-83,1.1,-6.49,BEACON,"{""record_number"": 1842, ""operation_mode"": 0, ""state"": 0, ""battery_voltage"": 0, ""wifi_rssi"": -83, ""acc_data"": {""ax"": -0.7, ""ay"": 0.07, ""az"": 0.63, ""pitch"": -43.41, ""roll"": 6.99}, ""gyro_data"": {""gx"": -8.84, ""gy"": -3.17, ""gz"": -4.3}, ""gps_data"": {""latitude"": 0, ""longitude"": 0, ""gps_altitude"": 0, ""time"": 183099}, ""alt_data"": {""pressure"": 852.86, ""temperature"": 27.94, ""AGL"": 1.1, ""velocity"": 0, ""kalman_altitude"": 1.1, ""kalman_vertical_velocity"": -6.49}, ""chute_state"": {""pyro1_state"": 0, ""pyro2_state"": 0}, ""connection_status"": {""connected"": true, ""has_ever_connected"": true, ""packet_age_ms"": 1, ""timeout_exceeded"": false, ""rssi"": -83}, ""communication_mode"": ""BEACON"", ""timestamp"": 40317, ""packets_received"": 340, ""kalman_data"": {""altitude"": 1.1, ""vertical_velocity"": -6.49}, ""kalman_altitude"": 1.1, ""kalman_vertical_velocity"": -6.49, ""pyroDrogue"": 0, ""pyroMain"": 0, ""pyro1_state"": 0, ""pyro2_state"": 0}"
1768306801.484736,2026-01-13T15:20:01.484736,1843,0,0,-0.7,0.07,0.64,-44.62,6.26,-9.73,-3.14,-3.41,0,0,0,183299,852.84,27.94,1.25,0,0,0,0,-83,1.24,-6.47,BEACON,"{""record_number"": 1843, ""operation_mode"": 0, ""state"": 0, ""battery_voltage"": 0, ""wifi_rssi"": -83, ""acc_data"": {""ax"": -0.7, ""ay"": 0.07, ""az"": 0.64, ""pitch"": -44.62, ""roll"": 6.26}, ""gyro_data"": {""gx"": -9.73, ""gy"": -3.14, ""gz"": -3.41}, ""gps_data"": {""latitude"": 0, ""longitude"": 0, ""gps_altitude"": 0, ""time"": 183299}, ""alt_data"": {""pressure"": 852.84, ""temperature"": 27.94, ""AGL"": 1.25, ""velocity"": 0, ""kalman_altitude"": 1.24, ""kalman_vertical_velocity"": -6.47}, ""chute_state"": {""pyro1_state"": 0, ""pyro2_state"": 0}, ""connection_status"": {""connected"": true, ""has_ever_connected"": true, ""packet_age_ms"": 1, ""timeout_exceeded"": false, ""rssi"": -83}, ""communication_mode"": ""BEACON"", ""timestamp"": 40429, ""packets_received"": 341, ""kalman_data"": {""altitude"": 1.24, ""vertical_velocity"": -6.47}, ""kalman_altitude"": 1.24, ""kalman_vertical_velocity"": -6.47, ""pyroDrogue"": 0, ""pyroMain"": 0, ""pyro1_state"": 0, ""pyro2_state"": 0}"
1768306802.784361,2026-01-13T15:20:02.784361,1844,0,0,-0.7,0.07,0.64,-44.66,5.99,-9.15,-3.51,-3.02,0,0,0,183499,852.87,27.94,0.96,0,0,0,0,-83,0.97,-6.54,BEACON,"{""record_number"": 1844, ""operation_mode"": 0, ""state"": 0, ""battery_voltage"": 0, ""wifi_rssi"": -83, ""acc_data"": {""ax"": -0.7, ""ay"": 0.07, ""az"": 0.64, ""pitch"": -44.66, ""roll"": 5.99}, ""gyro_data"": {""gx"": -9.15, ""gy"": -3.51, ""gz"": -3.02}, ""gps_data"": {""latitude"": 0, ""longitude"": 0, ""gps_altitude"": 0, ""time"": 183499}, ""alt_data"": {""pressure"": 852.87, ""temperature"": 27.94, ""AGL"": 0.96, ""velocity"": 0, ""kalman_altitude"": 0.97, ""kalman_vertical_velocity"": -6.54}, ""chute_state"": {""pyro1_state"": 0, ""pyro2_state"": 0}, ""connection_status"": {""connected"": true, ""has_ever_connected"": true, ""packet_age_ms"": 1, ""timeout_exceeded"": false, ""rssi"": -83}, ""communication_mode"": ""BEACON"", ""timestamp"": 40541, ""packets_received"": 342, ""kalman_data"": {""altitude"": 0.97, ""vertical_velocity"": -6.54}, ""kalman_altitude"": 0.97, ""kalman_vertical_velocity"": -6.54, ""pyroDrogue"": 0, ""pyroMain"": 0, ""pyro1_state"": 0, ""pyro2_state"": 0}"
1768306807.851392,2026-01-13T15:20:07.851392,1846,0,0,-0.7,0.07,0.64,-44.5,6.23,-8.84,-2.96,-4.39,0,0,0,183499,852.88,27.94,0.85,0,0,0,0,-84,0.85,-6.57,BEACON,"{""record_number"": 1846, ""operation_mode"": 0, ""state"": 0, ""battery_voltage"": 0, ""wifi_rssi"": -84, ""acc_data"": {""ax"": -0.7, ""ay"": 0.07, ""az"": 0.64, ""pitch"": -44.5, ""roll"": 6.23}, ""gyro_data"": {""gx"": -8.84, ""gy"": -2.96, ""gz"": -4.39}, ""gps_data"": {""latitude"": 0, ""longitude"": 0, ""gps_altitude"": 0, ""time"": 183499}, ""alt_data"": {""pressure"": 852.88, ""temperature"": 27.94, ""AGL"": 0.85, ""velocity"": 0, ""kalman_altitude"": 0.85, ""kalman_vertical_velocity"": -6.57}, ""chute_state"": {""pyro1_state"": 0, ""pyro2_state"": 0}, ""connection_status"": {""connected"": true, ""has_ever_connected"": true, ""packet_age_ms"": 0, ""timeout_exceeded"": false, ""rssi"": -84}, ""communication_mode"": ""BEACON"", ""timestamp"": 40653, ""packets_received"": 343, ""kalman_data"": {""altitude"": 0.85, ""vertical_velocity"": -6.57}, ""kalman_altitude"": 0.85, ""kalman_vertical_velocity"": -6.57, ""pyroDrogue"": 0, ""pyroMain"": 0, ""pyro1_state"": 0, ""pyro2_state"": 0}"
1768306808.372549,2026-01-13T15:20:08.372549,1985,0,0,-0.7,0.07,0.64,-44.15,6.09,-9.36,-4.48,-3.45,0,0,0,195366,852.91,27.97,0.61,0,0,0,0,-83,0.62,-7.19,BEACON,"{""record_number"": 1985, ""operation_mode"": 0, ""state"": 0, ""battery_voltage"": 0, ""wifi_rssi"": -83, ""acc_data"": {""ax"": -0.7, ""ay"": 0.07, ""az"": 0.64, ""pitch"": -44.15, ""roll"": 6.09}, ""gyro_data"": {""gx"": -9.36, ""gy"": -4.48, ""gz"": -3.45}, ""gps_data"": {""latitude"": 0, ""longitude"": 0, ""gps_altitude"": 0, ""time"": 195366}, ""alt_data"": {""pressure"": 852.91, ""temperature"": 27.97, ""AGL"": 0.61, ""velocity"": 0, ""kalman_altitude"": 0.62, ""kalman_vertical_velocity"": -7.19}, ""chute_state"": {""pyro1_state"": 0, ""pyro2_state"": 0}, ""connection_status"": {""connected"": true, ""has_ever_connected"": true, ""packet_age_ms"": 0, ""timeout_exceeded"": false, ""rssi"": -83}, ""communication_mode"": ""BEACON"", ""timestamp"": 52494, ""packets_received"": 448, ""kalman_data"": {""altitude"": 0.62, ""vertical_velocity"": -7.19}, ""kalman_altitude"": 0.62, ""kalman_vertical_velocity"": -7.19, ""pyroDrogue"": 0, ""pyroMain"": 0, ""pyro1_state"": 0, ""pyro2_state"": 0}"
1768306808.552727,2026-01-13T15:20:08.552727,1986,0,0,-0.7,0.07,0.65,-44.93,6.22,-9.36,-2.71,-3.48,0,0,0,195366,852.94,27.97,0.29,0,0,0,0,-84,0.3,-7.27,BEACON,"{""record_number"": 1986, ""operation_mode"": 0, ""state"": 0, ""battery_voltage"": 0, ""wifi_rssi"": -84, ""acc_data"": {""ax"": -0.7, ""ay"": 0.07, ""az"": 0.65, ""pitch"": -44.93, ""roll"": 6.22}, ""gyro_data"": {""gx"": -9.36, ""gy"": -2.71, ""gz"": -3.48}, ""gps_data"": {""latitude"": 0, ""longitude"": 0, ""gps_altitude"": 0, ""time"": 195366}, ""alt_data"": {""pressure"": 852.94, ""temperature"": 27.97, ""AGL"": 0.29, ""velocity"": 0, ""kalman_altitude"": 0.3, ""kalman_vertical_velocity"": -7.27}, ""chute_state"": {""pyro1_state"": 0, ""pyro2_state"": 0}, ""connection_status"": {""connected"": true, ""has_ever_connected"": true, ""packet_age_ms"": 0, ""timeout_exceeded"": false, ""rssi"": -84}, ""communication_mode"": ""BEACON"", ""timestamp"": 52607, ""packets_received"": 449, ""kalman_data"": {""altitude"": 0.3, ""vertical_velocity"": -7.27}, ""kalman_altitude"": 0.3, ""kalman_vertical_velocity"": -7.27, ""pyroDrogue"": 0, ""pyroMain"": 0, ""pyro1_state"": 0, ""pyro2_state"": 0}"
1768306808.748852,2026-01-13T15:20:08.748852,1987,0,0,-0.7,0.07,0.64,-44.78,6.39,-9.48,-4.27,-3.66,0,0,0,195567,852.91,27.96,0.58,0,0,0,0,-84,0.58,-7.21,BEACON,"{""record_number"": 1987, ""operation_mode"": 0, ""state"": 0, ""battery_voltage"": 0, ""wifi_rssi"": -84, ""acc_data"": {""ax"": -0.7, ""ay"": 0.07, ""az"": 0.64, ""pitch"": -44.78, ""roll"": 6.39}, ""gyro_data"": {""gx"": -9.48, ""gy"": -4.27, ""gz"": -3.66}, ""gps_data"": {""latitude"": 0, ""longitude"": 0, ""gps_altitude"": 0, ""time"": 195567}, ""alt_data"": {""pressure"": 852.91, ""temperature"": 27.96, ""AGL"": 0.58, ""velocity"": 0, ""kalman_altitude"": 0.58, ""kalman_vertical_velocity"": -7.21}, ""chute_state"": {""pyro1_state"": 0, ""pyro2_state"": 0}, ""connection_status"": {""connected"": true, ""has_ever_connected"": true, ""packet_age_ms"": 0, ""timeout_exceeded"": false, ""rssi"": -84}, ""communication_mode"": ""BEACON"", ""timestamp"": 52720, ""packets_received"": 450, ""kalman_data"": {""altitude"": 0.58, ""vertical_velocity"": -7.21}, ""kalman_altitude"": 0.58, ""kalman_vertical_velocity"": -7.21, ""pyroDrogue"": 0, ""pyroMain"": 0, ""pyro1_state"": 0, ""pyro2_state"": 0}"
1768306808.913231,2026-01-13T15:20:08.913231,1989,0,0,-0.7,0.07,0.63,-44.27,5.96,-9.12,-3.26,-3.78,0,0,0,195772,852.94,27.97,0.29,0,0,0,0,-83,0.29,-7.27,BEACON,"{""record_number"": 1989, ""operation_mode"": 0, ""state"": 0, ""battery_voltage"": 0, ""wifi_rssi"": -83, ""acc_data"": {""ax"": -0.7, ""ay"": 0.07, ""az"": 0.63, ""pitch"": -44.27, ""roll"": 5.96}, ""gyro_data"": {""gx"": -9.12, ""gy"": -3.26, ""gz"": -3.78}, ""gps_data"": {""latitude"": 0, ""longitude"": 0, ""gps_altitude"": 0, ""time"": 195772}, ""alt_data"": {""pressure"": 852.94, ""temperature"": 27.97, ""AGL"": 0.29, ""velocity"": 0, ""kalman_altitude"": 0.29, ""kalman_vertical_velocity"": -7.27}, ""chute_state"": {""pyro1_state"": 0, ""pyro2_state"": 0}, ""connection_status"": {""connected"": true, ""has_ever_connected"": true, ""packet_age_ms"": 0, ""timeout_exceeded"": false, ""rssi"": -83}, ""communication_mode"": ""BEACON"", ""timestamp"": 52832, ""packets_received"": 451, ""kalman_data"": {""altitude"": 0.29, ""vertical_velocity"": -7.27}, ""kalman_altitude"": 0.29, ""kalman_vertical_velocity"": -7.27, ""pyroDrogue"": 0, ""pyroMain"": 0, ""pyro1_state"": 0, ""pyro2_state"": 0}"
1768306809.047278,2026-01-13T15:20:09.047278,1990,0,0,-0.7,0.07,0.64,-44.54,5.77,-8.38,-3.23,-3.35,0,0,0,195772,852.93,27.97,0.36,0,0,0,0,-83,0.37,-7.27,BEACON,"{""record_number"": 1990, ""operation_mode"": 0, ""state"": 0, ""battery_voltage"": 0, ""wifi_rssi"": -83, ""acc_data"": {""ax"": -0.7, ""ay"": 0.07, ""az"": 0.64, ""pitch"": -44.54, ""roll"": 5.77}, ""gyro_data"": {""gx"": -8.38, ""gy"": -3.23, ""gz"": -3.35}, ""gps_data"": {""latitude"": 0, ""longitude"": 0, ""gps_altitude"": 0, ""time"": 195772}, ""alt_data"": {""pressure"": 852.93, ""temperature"": 27.97, ""AGL"": 0.36, ""velocity"": 0, ""kalman_altitude"": 0.37, ""kalman_vertical_velocity"": -7.27}, ""chute_state"": {""pyro1_state"": 0, ""pyro2_state"": 0}, ""connection_status"": {""connected"": true, ""has_ever_connected"": true, ""packet_age_ms"": 0, ""timeout_exceeded"": false, ""rssi"": -83}, ""communication_mode"": ""BEACON"", ""timestamp"": 52945, ""packets_received"": 452, ""kalman_data"": {""altitude"": 0.37, ""vertical_velocity"": -7.27}, ""kalman_altitude"": 0.37, ""kalman_vertical_velocity"": -7.27, ""pyroDrogue"": 0, ""pyroMain"": 0, ""pyro1_state"": 0, ""pyro2_state"": 0}"
1768306809.185278,2026-01-13T15:20:09.185278,1991,0,0,-0.7,0.07,0.63,-44.19,6.67,-8.72,-3.11,-3.54,0,0,0,195973,852.89,27.96,0.83,0,0,0,0,-84,0.82,-7.17,BEACON,"{""record_number"": 1991, ""operation_mode"": 0, ""state"": 0, ""battery_voltage"": 0, ""wifi_rssi"": -84, ""acc_data"": {""ax"": -0.7, ""ay"": 0.07, ""az"": 0.63, ""pitch"": -44.19, ""roll"": 6.67}, ""gyro_data"": {""gx"": -8.72, ""gy"": -3.11, ""gz"": -3.54}, ""gps_data"": {""latitude"": 0, ""longitude"": 0, ""gps_altitude"": 0, ""time"": 195973}, ""alt_data"": {""pressure"": 852.89, ""temperature"": 27.96, ""AGL"": 0.83, ""velocity"": 0, ""kalman_altitude"": 0.82, ""kalman_vertical_velocity"": -7.17}, ""chute_state"": {""pyro1_state"": 0, ""pyro2_state"": 0}, ""connection_status"": {""connected"": true, ""has_ever_connected"": true, ""packet_age_ms"": 0, ""timeout_exceeded"": false, ""rssi"": -84}, ""communication_mode"": ""BEACON"", ""timestamp"": 53058, ""packets_received"": 453, ""kalman_data"": {""altitude"": 0.82, ""vertical_velocity"": -7.17}, ""kalman_altitude"": 0.82, ""kalman_vertical_velocity"": -7.17, ""pyroDrogue"": 0, ""pyroMain"": 0, ""pyro1_state"": 0, ""pyro2_state"": 0}"
1768306809.434059,2026-01-13T15:20:09.434059,1993,0,0,-0.7,0.07,0.64,-44.3,6.1,-8.72,-1.86,-3.69,0,0,0,195973,852.88,27.97,0.86,0,0,0,0,-84,0.86,-7.17,BEACON,"{""record_number"": 1993, ""operation_mode"": 0, ""state"": 0, ""battery_voltage"": 0, ""wifi_rssi"": -84, ""acc_data"": {""ax"": -0.7, ""ay"": 0.07, ""az"": 0.64, ""pitch"": -44.3, ""roll"": 6.1}, ""gyro_data"": {""gx"": -8.72, ""gy"": -1.86, ""gz"": -3.69}, ""gps_data"": {""latitude"": 0, ""longitude"": 0, ""gps_altitude"": 0, ""time"": 195973}, ""alt_data"": {""pressure"": 852.88, ""temperature"": 27.97, ""AGL"": 0.86, ""velocity"": 0, ""kalman_altitude"": 0.86, ""kalman_vertical_velocity"": -7.17}, ""chute_state"": {""pyro1_state"": 0, ""pyro2_state"": 0}, ""connection_status"": {""connected"": true, ""has_ever_connected"": true, ""packet_age_ms"": 0, ""timeout_exceeded"": false, ""rssi"": -84}, ""communication_mode"": ""BEACON"", ""timestamp"": 53171, ""packets_received"": 454, ""kalman_data"": {""altitude"": 0.86, ""vertical_velocity"": -7.17}, ""kalman_altitude"": 0.86, ""kalman_vertical_velocity"": -7.17, ""pyroDrogue"": 0, ""pyroMain"": 0, ""pyro1_state"": 0, ""pyro2_state"": 0}"
1768306809.6632,2026-01-13T15:20:09.663200,1994,0,0,-0.7,0.06,0.64,-44.15,5.91,-9.36,-2.1,-4.09,0,0,0,196173,852.88,27.96,0.94,0,0,0,0,-85,0.93,-7.16,BEACON,"{""record_number"": 1994, ""operation_mode"": 0, ""state"": 0, ""battery_voltage"": 0, ""wifi_rssi"": -85, ""acc_data"": {""ax"": -0.7, ""ay"": 0.06, ""az"": 0.64, ""pitch"": -44.15, ""roll"": 5.91}, ""gyro_data"": {""gx"": -9.36, ""gy"": -2.1, ""gz"": -4.09}, ""gps_data"": {""latitude"": 0, ""longitude"": 0, ""gps_altitude"": 0, ""time"": 196173}, ""alt_data"": {""pressure"": 852.88, ""temperature"": 27.96, ""AGL"": 0.94, ""velocity"": 0, ""kalman_altitude"": 0.93, ""kalman_vertical_velocity"": -7.16}, ""chute_state"": {""pyro1_state"": 0, ""pyro2_state"": 0}, ""connection_status"": {""connected"": true, ""has_ever_connected"": true, ""packet_age_ms"": 0, ""timeout_exceeded"": false, ""rssi"": -85}, ""communication_mode"": ""BEACON"", ""timestamp"": 53285, ""packets_received"": 455, ""kalman_data"": {""altitude"": 0.93, ""vertical_velocity"": -7.16}, ""kalman_altitude"": 0.93, ""kalman_vertical_velocity"": -7.16, ""pyroDrogue"": 0, ""pyroMain"": 0, ""pyro1_state"": 0, ""pyro2_state"": 0}"
1768306809.826199,2026-01-13T15:20:09.826199,1995,0,0,-0.7,0.08,0.63,-44.15,6.55,-9.51,-3.14,-3.17,0,0,0,196173,852.94,27.97,0.32,0,0,0,0,-83,0.33,-7.3,BEACON,"{""record_number"": 1995, ""operation_mode"": 0, ""state"": 0, ""battery_voltage"": 0, ""wifi_rssi"": -83, ""acc_data"": {""ax"": -0.7, ""ay"": 0.08, ""az"": 0.63, ""pitch"": -44.15, ""roll"": 6.55}, ""gyro_data"": {""gx"": -9.51, ""gy"": -3.14, ""gz"": -3.17}, ""gps_data"": {""latitude"": 0, ""longitude"": 0, ""gps_altitude"": 0, ""time"": 196173}, ""alt_data"": {""pressure"": 852.94, ""temperature"": 27.97, ""AGL"": 0.32, ""velocity"": 0, ""kalman_altitude"": 0.33, ""kalman_vertical_velocity"": -7.3}, ""chute_state"": {""pyro1_state"": 0, ""pyro2_state"": 0}, ""connection_status"": {""connected"": true, ""has_ever_connected"": true, ""packet_age_ms"": 0, ""timeout_exceeded"": false, ""rssi"": -83}, ""communication_mode"": ""BEACON"", ""timestamp"": 53396, ""packets_received"": 456, ""kalman_data"": {""altitude"": 0.33, ""vertical_velocity"": -7.3}, ""kalman_altitude"": 0.33, ""kalman_vertical_velocity"": -7.3, ""pyroDrogue"": 0, ""pyroMain"": 0, ""pyro1_state"": 0, ""pyro2_state"": 0}"
1768306809.965423,2026-01-13T15:20:09.965423,1997,0,0,-0.7,0.08,0.63,-44.19,6.12,-9.42,-2.87,-3.6,0,0,0,196373,852.91,27.97,0.61,0,0,0,0,-84,0.6,-7.24,BEACON,"{""record_number"": 1997, ""operation_mode"": 0, ""state"": 0, ""battery_voltage"": 0, ""wifi_rssi"": -84, ""acc_data"": {""ax"": -0.7, ""ay"": 0.08, ""az"": 0.63, ""pitch"": -44.19, ""roll"": 6.12}, ""gyro_data"": {""gx"": -9.42, ""gy"": -2.87, ""gz"": -3.6}, ""gps_data"": {""latitude"": 0, ""longitude"": 0, ""gps_altitude"": 0, ""time"": 196373}, ""alt_data"": {""pressure"": 852.91, ""temperature"": 27.97, ""AGL"": 0.61, ""velocity"": 0, ""kalman_altitude"": 0.6, ""kalman_vertical_velocity"": -7.24}, ""chute_state"": {""pyro1_state"": 0, ""pyro2_state"": 0}, ""connection_status"": {""connected"": true, ""has_ever_connected"": true, ""packet_age_ms"": 0, ""timeout_exceeded"": false, ""rssi"": -84}, ""communication_mode"": ""BEACON"", ""timestamp"": 53507, ""packets_received"": 457, ""kalman_data"": {""altitude"": 0.6, ""vertical_velocity"": -7.24}, ""kalman_altitude"": 0.6, ""kalman_vertical_velocity"": -7.24, ""pyroDrogue"": 0, ""pyroMain"": 0, ""pyro1_state"": 0, ""pyro2_state"": 0}"
1768306810.217609,2026-01-13T15:20:10.217609,1998,0,0,-0.7,0.07,0.64,-44.27,6.21,-7.87,-2.71,-3.9,0,0,0,196572,852.89,27.97,0.76,0,0,0,0,-83,0.76,-7.21,BEACON,"{""record_number"": 1998, ""operation_mode"": 0, ""state"": 0, ""battery_voltage"": 0, ""wifi_rssi"": -83, ""acc_data"": {""ax"": -0.7, ""ay"": 0.07, ""az"": 0.64, ""pitch"": -44.27, ""roll"": 6.21}, ""gyro_data"": {""gx"": -7.87, ""gy"": -2.71, ""gz"": -3.9}, ""gps_data"": {""latitude"": 0, ""longitude"": 0, ""gps_altitude"": 0, ""time"": 196572}, ""alt_data"": {""pressure"": 852.89, ""temperature"": 27.97, ""AGL"": 0.76, ""velocity"": 0, ""kalman_altitude"": 0.76, ""kalman_vertical_velocity"": -7.21}, ""chute_state"": {""pyro1_state"": 0, ""pyro2_state"": 0}, ""connection_status"": {""connected"": true, ""has_ever_connected"": true, ""packet_age_ms"": 0, ""timeout_exceeded"": false, ""rssi"": -83}, ""communication_mode"": ""BEACON"", ""timestamp"": 53620, ""packets_received"": 458, ""kalman_data"": {""altitude"": 0.76, ""vertical_velocity"": -7.21}, ""kalman_altitude"": 0.76, ""kalman_vertical_velocity"": -7.21, ""pyroDrogue"": 0, ""pyroMain"": 0, ""pyro1_state"": 0, ""pyro2_state"": 0}"
1768306810.344609,2026-01-13T15:20:10.344609,1999,0,0,-0.7,0.07,0.65,-44.27,6.09,-9.18,-3.29,-4.39,0,0,0,196572,852.89,27.97,0.76,0,0,0,0,-82,0.75,-7.22,BEACON,"{""record_number"": 1999, ""operation_mode"": 0, ""state"": 0, ""battery_voltage"": 0, ""wifi_rssi"": -82, ""acc_data"": {""ax"": -0.7, ""ay"": 0.07, ""az"": 0.65, ""pitch"": -44.27, ""roll"": 6.09}, ""gyro_data"": {""gx"": -9.18, ""gy"": -3.29, ""gz"": -4.39}, ""gps_data"": {""latitude"": 0, ""longitude"": 0, ""gps_altitude"": 0, ""time"": 196572}, ""alt_data"": {""pressure"": 852.89, ""temperature"": 27.97, ""AGL"": 0.76, ""velocity"": 0, ""kalman_altitude"": 0.75, ""kalman_vertical_velocity"": -7.22}, ""chute_state"": {""pyro1_state"": 0, ""pyro2_state"": 0}, ""connection_status"": {""connected"": true, ""has_ever_connected"": true, ""packet_age_ms"": 0, ""timeout_exceeded"": false, ""rssi"": -82}, ""communication_mode"": ""BEACON"", ""timestamp"": 53733, ""packets_received"": 459, ""kalman_data"": {""altitude"": 0.75, ""vertical_velocity"": -7.22}, ""kalman_altitude"": 0.75, ""kalman_vertical_velocity"": -7.22, ""pyroDrogue"": 0, ""pyroMain"": 0, ""pyro1_state"": 0, ""pyro2_state"": 0}"
1768306810.431611,2026-01-13T15:20:10.431611,2001,0,0,-0.7,0.07,0.64,-44.85,6.36,-9.66,-3.2,-3.9,0,0,0,196778,852.88,27.96,0.87,0,0,0,0,-83,0.87,-7.2,BEACON,"{""record_number"": 2001, ""operation_mode"": 0, ""state"": 0, ""battery_voltage"": 0, ""wifi_rssi"": -83, ""acc_data"": {""ax"": -0.7, ""ay"": 0.07, ""az"": 0.64, ""pitch"": -44.85, ""roll"": 6.36}, ""gyro_data"": {""gx"": -9.66, ""gy"": -3.2, ""gz"": -3.9}, ""gps_data"": {""latitude"": 0, ""longitude"": 0, ""gps_altitude"": 0, ""time"": 196778}, ""alt_data"": {""pressure"": 852.88, ""temperature"": 27.96, ""AGL"": 0.87, ""velocity"": 0, ""kalman_altitude"": 0.87, ""kalman_vertical_velocity"": -7.2}, ""chute_state"": {""pyro1_state"": 0, ""pyro2_state"": 0}, ""connection_status"": {""connected"": true, ""has_ever_connected"": true, ""packet_age_ms"": 0, ""timeout_exceeded"": false, ""rssi"": -83}, ""communication_mode"": ""BEACON"", ""timestamp"": 53846, ""packets_received"": 460, ""kalman_data"": {""altitude"": 0.87, ""vertical_velocity"": -7.2}, ""kalman_altitude"": 0.87, ""kalman_vertical_velocity"": -7.2, ""pyroDrogue"": 0, ""pyroMain"": 0, ""pyro1_state"": 0, ""pyro2_state"": 0}"
1768306810.535393,2026-01-13T15:20:10.535393,2002,0,0,-0.7,0.07,0.64,-44.46,6.47,-8.78,-3.45,-3.84,0,0,0,196778,852.85,27.95,1.2,0,0,0,0,-84,1.19,-7.13,BEACON,"{""record_number"": 2002, ""operation_mode"": 0, ""state"": 0, ""battery_voltage"": 0, ""wifi_rssi"": -84, ""acc_data"": {""ax"": -0.7, ""ay"": 0.07, ""az"": 0.64, ""pitch"": -44.46, ""roll"": 6.47}, ""gyro_data"": {""gx"": -8.78, ""gy"": -3.45, ""gz"": -3.84}, ""gps_data"": {""latitude"": 0, ""longitude"": 0, ""gps_altitude"": 0, ""time"": 196778}, ""alt_data"": {""pressure"": 852.85, ""temperature"": 27.95, ""AGL"": 1.2, ""velocity"": 0, ""kalman_altitude"": 1.19, ""kalman_vertical_velocity"": -7.13}, ""chute_state"": {""pyro1_state"": 0, ""pyro2_state"": 0}, ""connection_status"": {""connected"": true, ""has_ever_connected"": true, ""packet_age_ms"": 0, ""timeout_exceeded"": false, ""rssi"": -84}, ""communication_mode"": ""BEACON"", ""timestamp"": 53959, ""packets_received"": 461, ""kalman_data"": {""altitude"": 1.19, ""vertical_velocity"": -7.13}, ""kalman_altitude"": 1.19, ""kalman_vertical_velocity"": -7.13, ""pyroDrogue"": 0, ""pyroMain"": 0, ""pyro1_state"": 0, ""pyro2_state"": 0}"
1768306810.625339,2026-01-13T15:20:10.625339,2003,0,0,-0.7,0.07,0.64,-44.15,6.34,-9.12,-2.9,-3.66,0,0,0,196978,852.87,27.97,0.97,0,0,0,0,-82,0.97,-7.19,BEACON,"{""record_number"": 2003, ""operation_mode"": 0, ""state"": 0, ""battery_voltage"": 0, ""wifi_rssi"": -82, ""acc_data"": {""ax"": -0.7, ""ay"": 0.07, ""az"": 0.64, ""pitch"": -44.15, ""roll"": 6.34}, ""gyro_data"": {""gx"": -9.12, ""gy"": -2.9, ""gz"": -3.66}, ""gps_data"": {""latitude"": 0, ""longitude"": 0, ""gps_altitude"": 0, ""time"": 196978}, ""alt_data"": {""pressure"": 852.87, ""temperature"": 27.97, ""AGL"": 0.97, ""velocity"": 0, ""kalman_altitude"": 0.97, ""kalman_vertical_velocity"": -7.19}, ""chute_state"": {""pyro1_state"": 0, ""pyro2_state"": 0}, ""connection_status"": {""connected"": true, ""has_ever_connected"": true, ""packet_age_ms"": 0, ""timeout_exceeded"": false, ""rssi"": -82}, ""communication_mode"": ""BEACON"", ""timestamp"": 54072, ""packets_received"": 462, ""kalman_data"": {""altitude"": 0.97, ""vertical_velocity"": -7.19}, ""kalman_altitude"": 0.97, ""kalman_vertical_velocity"": -7.19, ""pyroDrogue"": 0, ""pyroMain"": 0, ""pyro1_state"": 0, ""pyro2_state"": 0}"
1768306810.746022,2026-01-13T15:20:10.746022,2005,0,0,-0.7,0.07,0.63,-44.54,5.93,-9.51,-3.32,-3.81,0,0,0,196978,852.88,27.97,0.93,0,0,0,0,-82,0.93,-7.2,BEACON,"{""record_number"": 2005, ""operation_mode"": 0, ""state"": 0, ""battery_voltage"": 0, ""wifi_rssi"": -82, ""acc_data"": {""ax"": -0.7, ""ay"": 0.07, ""az"": 0.63, ""pitch"": -44.54, ""roll"": 5.93}, ""gyro_data"": {""gx"": -9.51, ""gy"": -3.32, ""gz"": -3.81}, ""gps_data"": {""latitude"": 0, ""longitude"": 0, ""gps_altitude"": 0, ""time"": 196978}, ""alt_data"": {""pressure"": 852.88, ""temperature"": 27.97, ""AGL"": 0.93, ""velocity"": 0, ""kalman_altitude"": 0.93, ""kalman_vertical_velocity"": -7.2}, ""chute_state"": {""pyro1_state"": 0, ""pyro2_state"": 0}, ""connection_status"": {""connected"": true, ""has_ever_connected"": true, ""packet_age_ms"": 0, ""timeout_exceeded"": false, ""rssi"": -82}, ""communication_mode"": ""BEACON"", ""timestamp"": 54185, ""packets_received"": 463, ""kalman_data"": {""altitude"": 0.93, ""vertical_velocity"": -7.2}, ""kalman_altitude"": 0.93, ""kalman_vertical_velocity"": -7.2, ""pyroDrogue"": 0, ""pyroMain"": 0, ""pyro1_state"": 0, ""pyro2_state"": 0}"
1768306810.874019,2026-01-13T15:20:10.874019,2006,0,0,-0.7,0.07,0.64,-44.58,6.39,-9.54,-2.8,-3.69,0,0,0,197177,852.91,27.97,0.65,0,0,0,0,-83,0.65,-7.27,BEACON,"{""record_number"": 2006, ""operation_mode"": 0, ""state"": 0, ""battery_voltage"": 0, ""wifi_rssi"": -83, ""acc_data"": {""ax"": -0.7, ""ay"": 0.07, ""az"": 0.64, ""pitch"": -44.58, ""roll"": 6.39}, ""gyro_data"": {""gx"": -9.54, ""gy"": -2.8, ""gz"": -3.69}, ""gps_data"": {""latitude"": 0, ""longitude"": 0, ""gps_altitude"": 0, ""time"": 197177}, ""alt_data"": {""pressure"": 852.91, ""temperature"": 27.97, ""AGL"": 0.65, ""velocity"": 0, ""kalman_altitude"": 0.65, ""kalman_vertical_velocity"": -7.27}, ""chute_state"": {""pyro1_state"": 0, ""pyro2_state"": 0}, ""connection_status"": {""connected"": true, ""has_ever_connected"": true, ""packet_age_ms"": 1, ""timeout_exceeded"": false, ""rssi"": -83}, ""communication_mode"": ""BEACON"", ""timestamp"": 54299, ""packets_received"": 464, ""kalman_data"": {""altitude"": 0.65, ""vertical_velocity"": -7.27}, ""kalman_altitude"": 0.65, ""kalman_vertical_velocity"": -7.27, ""pyroDrogue"": 0, ""pyroMain"": 0, ""pyro1_state"": 0, ""pyro2_state"": 0}"
1768306811.042954,2026-01-13T15:20:11.042954,2007,0,0,-0.7,0.07,0.64,-44.38,6.14,-9.09,-3.78,-3.11,0,0,0,197177,852.89,27.97,0.79,0,0,0,0,-83,0.78,-7.25,BEACON,"{""record_number"": 2007, ""operation_mode"": 0, ""state"": 0, ""battery_voltage"": 0, ""wifi_rssi"": -83, ""acc_data"": {""ax"": -0.7, ""ay"": 0.07, ""az"": 0.64, ""pitch"": -44.38, ""roll"": 6.14}, ""gyro_data"": {""gx"": -9.09, ""gy"": -3.78, ""gz"": -3.11}, ""gps_data"": {""latitude"": 0, ""longitude"": 0, ""gps_altitude"": 0, ""time"": 197177}, ""alt_data"": {""pressure"": 852.89, ""temperature"": 27.97, ""AGL"": 0.79, ""velocity"": 0, ""kalman_altitude"": 0.78, ""kalman_vertical_velocity"": -7.25}, ""chute_state"": {""pyro1_state"": 0, ""pyro2_state"": 0}, ""connection_status"": {""connected"": true, ""has_ever_connected"": true, ""packet_age_ms"": 1, ""timeout_exceeded"": false, ""rssi"": -83}, ""communication_mode"": ""BEACON"", ""timestamp"": 54410, ""packets_received"": 465, ""kalman_data"": {""altitude"": 0.78, ""vertical_velocity"": -7.25}, ""kalman_altitude"": 0.78, ""kalman_vertical_velocity"": -7.25, ""pyroDrogue"": 0, ""pyroMain"": 0, ""pyro1_state"": 0, ""pyro2_state"": 0}"
1768306811.125925,2026-01-13T15:20:11.125925,2009,0,0,-0.69,0.06,0.63,-44.7,6.56,-9.54,-3.08,-3.2,0,0,0,197378,852.87,27.96,0.98,0,0,0,0,-83,0.97,-7.21,BEACON,"{""record_number"": 2009, ""operation_mode"": 0, ""state"": 0, ""battery_voltage"": 0, ""wifi_rssi"": -83, ""acc_data"": {""ax"": -0.69, ""ay"": 0.06, ""az"": 0.63, ""pitch"": -44.7, ""roll"": 6.56}, ""gyro_data"": {""gx"": -9.54, ""gy"": -3.08, ""gz"": -3.2}, ""gps_data"": {""latitude"": 0, ""longitude"": 0, ""gps_altitude"": 0, ""time"": 197378}, ""alt_data"": {""pressure"": 852.87, ""temperature"": 27.96, ""AGL"": 0.98, ""velocity"": 0, ""kalman_altitude"": 0.97, ""kalman_vertical_velocity"": -7.21}, ""chute_state"": {""pyro1_state"": 0, ""pyro2_state"": 0}, ""connection_status"": {""connected"": true, ""has_ever_connected"": true, ""packet_age_ms"": 1, ""timeout_exceeded"": false, ""rssi"": -83}, ""communication_mode"": ""BEACON"", ""timestamp"": 54522, ""packets_received"": 466, ""kalman_data"": {""altitude"": 0.97, ""vertical_velocity"": -7.21}, ""kalman_altitude"": 0.97, ""kalman_vertical_velocity"": -7.21, ""pyroDrogue"": 0, ""pyroMain"": 0, ""pyro1_state"": 0, ""pyro2_state"": 0}"
1768306811.237894,2026-01-13T15:20:11.237894,2010,0,0,-0.7,0.07,0.64,-44.27,6.17,-9.79,-3.17,-3.69,0,0,0,197578,852.88,27.97,0.86,0,0,0,0,-83,0.87,-7.24,BEACON,"{""record_number"": 2010, ""operation_mode"": 0, ""state"": 0, ""battery_voltage"": 0, ""wifi_rssi"": -83, ""acc_data"": {""ax"": -0.7, ""ay"": 0.07, ""az"": 0.64, ""pitch"": -44.27, ""roll"": 6.17}, ""gyro_data"": {""gx"": -9.79, ""gy"": -3.17, ""gz"": -3.69}, ""gps_data"": {""latitude"": 0, ""longitude"": 0, ""gps_altitude"": 0, ""time"": 197578}, ""alt_data"": {""pressure"": 852.88, ""temperature"": 27.97, ""AGL"": 0.86, ""velocity"": 0, ""kalman_altitude"": 0.87, ""kalman_vertical_velocity"": -7.24}, ""chute_state"": {""pyro1_state"": 0, ""pyro2_state"": 0}, ""connection_status"": {""connected"": true, ""has_ever_connected"": true, ""packet_age_ms"": 1, ""timeout_exceeded"": false, ""rssi"": -83}, ""communication_mode"": ""BEACON"", ""timestamp"": 54634, ""packets_received"": 467, ""kalman_data"": {""altitude"": 0.87, ""vertical_velocity"": -7.24}, ""kalman_altitude"": 0.87, ""kalman_vertical_velocity"": -7.24, ""pyroDrogue"": 0, ""pyroMain"": 0, ""pyro1_state"": 0, ""pyro2_state"": 0}"
1768306811.346894,2026-01-13T15:20:11.346894,2011,0,0,-0.7,0.07,0.65,-44.58,5.57,-8.93,-3.2,-3.35,0,0,0,197578,852.91,27.97,0.65,0,0,0,0,-83,0.65,-7.29,BEACON,"{""record_number"": 2011, ""operation_mode"": 0, ""state"": 0, ""battery_voltage"": 0, ""wifi_rssi"": -83, ""acc_data"": {""ax"": -0.7, ""ay"": 0.07, ""az"": 0.65, ""pitch"": -44.58, ""roll"": 5.57}, ""gyro_data"": {""gx"": -8.93, ""gy"": -3.2, ""gz"": -3.35}, ""gps_data"": {""latitude"": 0, ""longitude"": 0, ""gps_altitude"": 0, ""time"": 197578}, ""alt_data"": {""pressure"": 852.91, ""temperature"": 27.97, ""AGL"": 0.65, ""velocity"": 0, ""kalman_altitude"": 0.65, ""kalman_vertical_velocity"": -7.29}, ""chute_state"": {""pyro1_state"": 0, ""pyro2_state"": 0}, ""connection_status"": {""connected"": true, ""has_ever_connected"": true, ""packet_age_ms"": 0, ""timeout_exceeded"": false, ""rssi"": -83}, ""communication_mode"": ""BEACON"", ""timestamp"": 54745, ""packets_received"": 468, ""kalman_data"": {""altitude"": 0.65, ""vertical_velocity"": -7.29}, ""kalman_altitude"": 0.65, ""kalman_vertical_velocity"": -7.29, ""pyroDrogue"": 0, ""pyroMain"": 0, ""pyro1_state"": 0, ""pyro2_state"": 0}"
1768306811.457925,2026-01-13T15:20:11.457925,2012,0,0,-0.69,0.08,0.64,-44.42,5.88,-9.85,-3.2,-3.35,0,0,0,197784,852.89,27.97,0.75,0,0,0,0,-84,0.75,-7.27,BEACON,"{""record_number"": 2012, ""operation_mode"": 0, ""state"": 0, ""battery_voltage"": 0, ""wifi_rssi"": -84, ""acc_data"": {""ax"": -0.69, ""ay"": 0.08, ""az"": 0.64, ""pitch"": -44.42, ""roll"": 5.88}, ""gyro_data"": {""gx"": -9.85, ""gy"": -3.2, ""gz"": -3.35}, ""gps_data"": {""latitude"": 0, ""longitude"": 0, ""gps_altitude"": 0, ""time"": 197784}, ""alt_data"": {""pressure"": 852.89, ""temperature"": 27.97, ""AGL"": 0.75, ""velocity"": 0, ""kalman_altitude"": 0.75, ""kalman_vertical_velocity"": -7.27}, ""chute_state"": {""pyro1_state"": 0, ""pyro2_state"": 0}, ""connection_status"": {""connected"": true, ""has_ever_connected"": true, ""packet_age_ms"": 0, ""timeout_exceeded"": false, ""rssi"": -84}, ""communication_mode"": ""BEACON"", ""timestamp"": 54858, ""packets_received"": 469, ""kalman_data"": {""altitude"": 0.75, ""vertical_velocity"": -7.27}, ""kalman_altitude"": 0.75, ""kalman_vertical_velocity"": -7.27, ""pyroDrogue"": 0, ""pyroMain"": 0, ""pyro1_state"": 0, ""pyro2_state"": 0}"
1768306811.659142,2026-01-13T15:20:11.659142,2014,0,0,-0.7,0.06,0.65,-44.58,6.36,-8.99,-2.87,-3.48,0,0,0,197784,852.85,27.95,1.24,0,0,0,0,-82,1.23,-7.17,BEACON,"{""record_number"": 2014, ""operation_mode"": 0, ""state"": 0, ""battery_voltage"": 0, ""wifi_rssi"": -82, ""acc_data"": {""ax"": -0.7, ""ay"": 0.06, ""az"": 0.65, ""pitch"": -44.58, ""roll"": 6.36}, ""gyro_data"": {""gx"": -8.99, ""gy"": -2.87, ""gz"": -3.48}, ""gps_data"": {""latitude"": 0, ""longitude"": 0, ""gps_altitude"": 0, ""time"": 197784}, ""alt_data"": {""pressure"": 852.85, ""temperature"": 27.95, ""AGL"": 1.24, ""velocity"": 0, ""kalman_altitude"": 1.23, ""kalman_vertical_velocity"": -7.17}, ""chute_state"": {""pyro1_state"": 0, ""pyro2_state"": 0}, ""connection_status"": {""connected"": true, ""has_ever_connected"": true, ""packet_age_ms"": 0, ""timeout_exceeded"": false, ""rssi"": -82}, ""communication_mode"": ""BEACON"", ""timestamp"": 54971, ""packets_received"": 470, ""kalman_data"": {""altitude"": 1.23, ""vertical_velocity"": -7.17}, ""kalman_altitude"": 1.23, ""kalman_vertical_velocity"": -7.17, ""pyroDrogue"": 0, ""pyroMain"": 0, ""pyro1_state"": 0, ""pyro2_state"": 0}"
1768306811.851538,2026-01-13T15:20:11.851538,2015,0,0,-0.7,0.07,0.64,-44.3,5.93,-9.3,-2.59,-3.41,0,0,0,197984,852.85,27.95,1.23,0,0,0,0,-83,1.23,-7.18,BEACON,"{""record_number"": 2015, ""operation_mode"": 0, ""state"": 0, ""battery_voltage"": 0, ""wifi_rssi"": -83, ""acc_data"": {""ax"": -0.7, ""ay"": 0.07, ""az"": 0.64, ""pitch"": -44.3, ""roll"": 5.93}, ""gyro_data"": {""gx"": -9.3, ""gy"": -2.59, ""gz"": -3.41}, ""gps_data"": {""latitude"": 0, ""longitude"": 0, ""gps_altitude"": 0, ""time"": 197984}, ""alt_data"": {""pressure"": 852.85, ""temperature"": 27.95, ""AGL"": 1.23, ""velocity"": 0, ""kalman_altitude"": 1.23, ""kalman_vertical_velocity"": -7.18}, ""chute_state"": {""pyro1_state"": 0, ""pyro2_state"": 0}, ""connection_status"": {""connected"": true, ""has_ever_connected"": true, ""packet_age_ms"": 0, ""timeout_exceeded"": false, ""rssi"": -83}, ""communication_mode"": ""BEACON"", ""timestamp"": 55084, ""packets_received"": 471, ""kalman_data"": {""altitude"": 1.23, ""vertical_velocity"": -7.18}, ""kalman_altitude"": 1.23, ""kalman_vertical_velocity"": -7.18, ""pyroDrogue"": 0, ""pyroMain"": 0, ""pyro1_state"": 0, ""pyro2_state"": 0}"
1768306811.968563,2026-01-13T15:20:11.968563,2016,0,0,-0.71,0.07,0.64,-44.07,6.04,-9.05,-3.75,-3.29,0,0,0,197984,852.88,27.96,0.87,0,0,0,0,-82,0.88,-7.26,BEACON,"{""record_number"": 2016, ""operation_mode"": 0, ""state"": 0, ""battery_voltage"": 0, ""wifi_rssi"": -82, ""acc_data"": {""ax"": -0.71, ""ay"": 0.07, ""az"": 0.64, ""pitch"": -44.07, ""roll"": 6.04}, ""gyro_data"": {""gx"": -9.05, ""gy"": -3.75, ""gz"": -3.29}, ""gps_data"": {""latitude"": 0, ""longitude"": 0, ""gps_altitude"": 0, ""time"": 197984}, ""alt_data"": {""pressure"": 852.88, ""temperature"": 27.96, ""AGL"": 0.87, ""velocity"": 0, ""kalman_altitude"": 0.88, ""kalman_vertical_velocity"": -7.26}, ""chute_state"": {""pyro1_state"": 0, ""pyro2_state"": 0}, ""connection_status"": {""connected"": true, ""has_ever_connected"": true, ""packet_age_ms"": 0, ""timeout_exceeded"": false, ""rssi"": -82}, ""communication_mode"": ""BEACON"", ""timestamp"": 55197, ""packets_received"": 472, ""kalman_data"": {""altitude"": 0.88, ""vertical_velocity"": -7.26}, ""kalman_altitude"": 0.88, ""kalman_vertical_velocity"": -7.26, ""pyroDrogue"": 0, ""pyroMain"": 0, ""pyro1_state"": 0, ""pyro2_state"": 0}"
1768306812.061541,2026-01-13T15:20:12.061541,2018,0,0,-0.7,0.07,0.64,-44.3,6.53,-9.39,-3.08,-3.54,0,0,0,198184,852.88,27.96,0.94,0,0,0,0,-82,0.94,-7.25,BEACON,"{""record_number"": 2018, ""operation_mode"": 0, ""state"": 0, ""battery_voltage"": 0, ""wifi_rssi"": -82, ""acc_data"": {""ax"": -0.7, ""ay"": 0.07, ""az"": 0.64, ""pitch"": -44.3, ""roll"": 6.53}, ""gyro_data"": {""gx"": -9.39, ""gy"": -3.08, ""gz"": -3.54}, ""gps_data"": {""latitude"": 0, ""longitude"": 0, ""gps_altitude"": 0, ""time"": 198184}, ""alt_data"": {""pressure"": 852.88, ""temperature"": 27.96, ""AGL"": 0.94, ""velocity"": 0, ""kalman_altitude"": 0.94, ""kalman_vertical_velocity"": -7.25}, ""chute_state"": {""pyro1_state"": 0, ""pyro2_state"": 0}, ""connection_status"": {""connected"": true, ""has_ever_connected"": true, ""packet_age_ms"": 1, ""timeout_exceeded"": false, ""rssi"": -82}, ""communication_mode"": ""BEACON"", ""timestamp"": 55310, ""packets_received"": 473, ""kalman_data"": {""altitude"": 0.94, ""vertical_velocity"": -7.25}, ""kalman_altitude"": 0.94, ""kalman_vertical_velocity"": -7.25, ""pyroDrogue"": 0, ""pyroMain"": 0, ""pyro1_state"": 0, ""pyro2_state"": 0}"
1768306812.246018,2026-01-13T15:20:12.246018,2019,0,0,-0.7,0.08,0.64,-44.19,5.77,-8.96,-2.68,-3.69,0,0,0,198184,852.89,27.97,0.75,0,0,0,0,-82,0.76,-7.3,BEACON,"{""record_number"": 2019, ""operation_mode"": 0, ""state"": 0, ""battery_voltage"": 0, ""wifi_rssi"": -82, ""acc_data"": {""ax"": -0.7, ""ay"": 0.08, ""az"": 0.64, ""pitch"": -44.19, ""roll"": 5.77}, ""gyro_data"": {""gx"": -8.96, ""gy"": -2.68, ""gz"": -3.69}, ""gps_data"": {""latitude"": 0, ""longitude"": 0, ""gps_altitude"": 0, ""time"": 198184}, ""alt_data"": {""pressure"": 852.89, ""temperature"": 27.97, ""AGL"": 0.75, ""velocity"": 0, ""kalman_altitude"": 0.76, ""kalman_vertical_velocity"": -7.3}, ""chute_state"": {""pyro1_state"": 0, ""pyro2_state"": 0}, ""connection_status"": {""connected"": true, ""has_ever_connected"": true, ""packet_age_ms"": 0, ""timeout_exceeded"": false, ""rssi"": -82}, ""communication_mode"": ""BEACON"", ""timestamp"": 55421, ""packets_received"": 474, ""kalman_data"": {""altitude"": 0.76, ""vertical_velocity"": -7.3}, ""kalman_altitude"": 0.76, ""kalman_vertical_velocity"": -7.3, ""pyroDrogue"": 0, ""pyroMain"": 0, ""pyro1_state"": 0, ""pyro2_state"": 0}"
1768306812.380852,2026-01-13T15:20:12.380852,2020,0,0,-0.7,0.08,0.64,-44.46,6.58,-8.99,-2.59,-3.66,0,0,0,198383,852.86,27.96,1.05,0,0,0,0,-82,1.04,-7.24,BEACON,"{""record_number"": 2020, ""operation_mode"": 0, ""state"": 0, ""battery_voltage"": 0, ""wifi_rssi"": -82, ""acc_data"": {""ax"": -0.7, ""ay"": 0.08, ""az"": 0.64, ""pitch"": -44.46, ""roll"": 6.58}, ""gyro_data"": {""gx"": -8.99, ""gy"": -2.59, ""gz"": -3.66}, ""gps_data"": {""latitude"": 0, ""longitude"": 0, ""gps_altitude"": 0, ""time"": 198383}, ""alt_data"": {""pressure"": 852.86, ""temperature"": 27.96, ""AGL"": 1.05, ""velocity"": 0, ""kalman_altitude"": 1.04, ""kalman_vertical_velocity"": -7.24}, ""chute_state"": {""pyro1_state"": 0, ""pyro2_state"": 0}, ""connection_status"": {""connected"": true, ""has_ever_connected"": true, ""packet_age_ms"": 0, ""timeout_exceeded"": false, ""rssi"": -82}, ""communication_mode"": ""BEACON"", ""timestamp"": 55533, ""packets_received"": 475, ""kalman_data"": {""altitude"": 1.04, ""vertical_velocity"": -7.24}, ""kalman_altitude"": 1.04, ""kalman_vertical_velocity"": -7.24, ""pyroDrogue"": 0, ""pyroMain"": 0, ""pyro1_state"": 0, ""pyro2_state"": 0}"
1768306812.448853,2026-01-13T15:20:12.448853,2022,0,0,-0.7,0.07,0.65,-44.7,6.05,-9.12,-3.45,-3.48,0,0,0,198584,852.89,27.97,0.83,0,0,0,0,-84,0.83,-7.29,BEACON,"{""record_number"": 2022, ""operation_mode"": 0, ""state"": 0, ""battery_voltage"": 0, ""wifi_rssi"": -84, ""acc_data"": {""ax"": -0.7, ""ay"": 0.07, ""az"": 0.65, ""pitch"": -44.7, ""roll"": 6.05}, ""gyro_data"": {""gx"": -9.12, ""gy"": -3.45, ""gz"": -3.48}, ""gps_data"": {""latitude"": 0, ""longitude"": 0, ""gps_altitude"": 0, ""time"": 198584}, ""alt_data"": {""pressure"": 852.89, ""temperature"": 27.97, ""AGL"": 0.83, ""velocity"": 0, ""kalman_altitude"": 0.83, ""kalman_vertical_velocity"": -7.29}, ""chute_state"": {""pyro1_state"": 0, ""pyro2_state"": 0}, ""connection_status"": {""connected"": true, ""has_ever_connected"": true, ""packet_age_ms"": 0, ""timeout_exceeded"": false, ""rssi"": -84}, ""communication_mode"": ""BEACON"", ""timestamp"": 55646, ""packets_received"": 476, ""kalman_data"": {""altitude"": 0.83, ""vertical_velocity"": -7.29}, ""kalman_altitude"": 0.83, ""kalman_vertical_velocity"": -7.29, ""pyroDrogue"": 0, ""pyroMain"": 0, ""pyro1_state"": 0, ""pyro2_state"": 0}"
1768306812.50485,2026-01-13T15:20:12.504850,2023,0,0,-0.7,0.07,0.64,-44.66,6.49,-9.09,-2.77,-3.66,0,0,0,198584,852.91,27.97,0.57,0,0,0,0,-83,0.58,-7.35,BEACON,"{""record_number"": 2023, ""operation_mode"": 0, ""state"": 0, ""battery_voltage"": 0, ""wifi_rssi"": -83, ""acc_data"": {""ax"": -0.7, ""ay"": 0.07, ""az"": 0.64, ""pitch"": -44.66, ""roll"": 6.49}, ""gyro_data"": {""gx"": -9.09, ""gy"": -2.77, ""gz"": -3.66}, ""gps_data"": {""latitude"": 0, ""longitude"": 0, ""gps_altitude"": 0, ""time"": 198584}, ""alt_data"": {""pressure"": 852.91, ""temperature"": 27.97, ""AGL"": 0.57, ""velocity"": 0, ""kalman_altitude"": 0.58, ""kalman_vertical_velocity"": -7.35}, ""chute_state"": {""pyro1_state"": 0, ""pyro2_state"": 0}, ""connection_status"": {""connected"": true, ""has_ever_connected"": true, ""packet_age_ms"": 0, ""timeout_exceeded"": false, ""rssi"": -83}, ""communication_mode"": ""BEACON"", ""timestamp"": 55759, ""packets_received"": 477, ""kalman_data"": {""altitude"": 0.58, ""vertical_velocity"": -7.35}, ""kalman_altitude"": 0.58, ""kalman_vertical_velocity"": -7.35, ""pyroDrogue"": 0, ""pyroMain"": 0, ""pyro1_state"": 0, ""pyro2_state"": 0}"
1768306812.601851,2026-01-13T15:20:12.601851,2024,0,0,-0.69,0.06,0.64,-44.7,6.44,-9.82,-3.54,-3.69,0,0,0,198789,852.95,27.97,0.25,0,0,0,0,-83,0.25,-7.43,BEACON,"{""record_number"": 2024, ""operation_mode"": 0, ""state"": 0, ""battery_voltage"": 0, ""wifi_rssi"": -83, ""acc_data"": {""ax"": -0.69, ""ay"": 0.06, ""az"": 0.64, ""pitch"": -44.7, ""roll"": 6.44}, ""gyro_data"": {""gx"": -9.82, ""gy"": -3.54, ""gz"": -3.69}, ""gps_data"": {""latitude"": 0, ""longitude"": 0, ""gps_altitude"": 0, ""time"": 198789}, ""alt_data"": {""pressure"": 852.95, ""temperature"": 27.97, ""AGL"": 0.25, ""velocity"": 0, ""kalman_altitude"": 0.25, ""kalman_vertical_velocity"": -7.43}, ""chute_state"": {""pyro1_state"": 0, ""pyro2_state"": 0}, ""connection_status"": {""connected"": true, ""has_ever_connected"": true, ""packet_age_ms"": 1, ""timeout_exceeded"": false, ""rssi"": -83}, ""communication_mode"": ""BEACON"", ""timestamp"": 55872, ""packets_received"": 478, ""kalman_data"": {""altitude"": 0.25, ""vertical_velocity"": -7.43}, ""kalman_altitude"": 0.25, ""kalman_vertical_velocity"": -7.43, ""pyroDrogue"": 0, ""pyroMain"": 0, ""pyro1_state"": 0, ""pyro2_state"": 0}"
1768306812.665657,2026-01-13T15:20:12.665657,2026,0,0,-0.7,0.07,0.64,-44.03,6.14,-8.51,-3.87,-2.99,0,0,0,198789,852.87,27.97,1.01,0,0,0,0,-83,0.99,-7.27,BEACON,"{""record_number"": 2026, ""operation_mode"": 0, ""state"": 0, ""battery_voltage"": 0, ""wifi_rssi"": -83, ""acc_data"": {""ax"": -0.7, ""ay"": 0.07, ""az"": 0.64, ""pitch"": -44.03, ""roll"": 6.14}, ""gyro_data"": {""gx"": -8.51, ""gy"": -3.87, ""gz"": -2.99}, ""gps_data"": {""latitude"": 0, ""longitude"": 0, ""gps_altitude"": 0, ""time"": 198789}, ""alt_data"": {""pressure"": 852.87, ""temperature"": 27.97, ""AGL"": 1.01, ""velocity"": 0, ""kalman_altitude"": 0.99, ""kalman_vertical_velocity"": -7.27}, ""chute_state"": {""pyro1_state"": 0, ""pyro2_state"": 0}, ""connection_status"": {""connected"": true, ""has_ever_connected"": true, ""packet_age_ms"": 0, ""timeout_exceeded"": false, ""rssi"": -83}, ""communication_mode"": ""BEACON"", ""timestamp"": 55984, ""packets_received"": 479, ""kalman_data"": {""altitude"": 0.99, ""vertical_velocity"": -7.27}, ""kalman_altitude"": 0.99, ""kalman_vertical_velocity"": -7.27, ""pyroDrogue"": 0, ""pyroMain"": 0, ""pyro1_state"": 0, ""pyro2_state"": 0}"
1768306812.802301,2026-01-13T15:20:12.802301,2027,0,0,-0.7,0.07,0.64,-44.07,6.33,-9.54,-2.93,-3.48,0,0,0,198989,852.88,27.96,0.87,0,0,0,0,-82,0.87,-7.31,BEACON,"{""record_number"": 2027, ""operation_mode"": 0, ""state"": 0, ""battery_voltage"": 0, ""wifi_rssi"": -82, ""acc_data"": {""ax"": -0.7, ""ay"": 0.07, ""az"": 0.64, ""pitch"": -44.07, ""roll"": 6.33}, ""gyro_data"": {""gx"": -9.54, ""gy"": -2.93, ""gz"": -3.48}, ""gps_data"": {""latitude"": 0, ""longitude"": 0, ""gps_altitude"": 0, ""time"": 198989}, ""alt_data"": {""pressure"": 852.88, ""temperature"": 27.96, ""AGL"": 0.87, ""velocity"": 0, ""kalman_altitude"": 0.87, ""kalman_vertical_velocity"": -7.31}, ""chute_state"": {""pyro1_state"": 0, ""pyro2_state"": 0}, ""connection_status"": {""connected"": true, ""has_ever_connected"": true, ""packet_age_ms"": 0, ""timeout_exceeded"": false, ""rssi"": -82}, ""communication_mode"": ""BEACON"", ""timestamp"": 56097, ""packets_received"": 480, ""kalman_data"": {""altitude"": 0.87, ""vertical_velocity"": -7.31}, ""kalman_altitude"": 0.87, ""kalman_vertical_velocity"": -7.31, ""pyroDrogue"": 0, ""pyroMain"": 0, ""pyro1_state"": 0, ""pyro2_state"": 0}"
1768306812.918647,2026-01-13T15:20:12.918647,2028,0,0,-0.7,0.07,0.63,-44.38,6.53,-9.76,-3.05,-3.75,0,0,0,198989,852.88,27.96,0.9,0,0,0,0,-82,0.9,-7.3,BEACON,"{""record_number"": 2028, ""operation_mode"": 0, ""state"": 0, ""battery_voltage"": 0, ""wifi_rssi"": -82, ""acc_data"": {""ax"": -0.7, ""ay"": 0.07, ""az"": 0.63, ""pitch"": -44.38, ""roll"": 6.53}, ""gyro_data"": {""gx"": -9.76, ""gy"": -3.05, ""gz"": -3.75}, ""gps_data"": {""latitude"": 0, ""longitude"": 0, ""gps_altitude"": 0, ""time"": 198989}, ""alt_data"": {""pressure"": 852.88, ""temperature"": 27.96, ""AGL"": 0.9, ""velocity"": 0, ""kalman_altitude"": 0.9, ""kalman_vertical_velocity"": -7.3}, ""chute_state"": {""pyro1_state"": 0, ""pyro2_state"": 0}, ""connection_status"": {""connected"": true, ""has_ever_connected"": true, ""packet_age_ms"": 0, ""timeout_exceeded"": false, ""rssi"": -82}, ""communication_mode"": ""BEACON"", ""timestamp"": 56210, ""packets_received"": 481, ""kalman_data"": {""altitude"": 0.9, ""vertical_velocity"": -7.3}, ""kalman_altitude"": 0.9, ""kalman_vertical_velocity"": -7.3, ""pyroDrogue"": 0, ""pyroMain"": 0, ""pyro1_state"": 0, ""pyro2_state"": 0}"
1768306813.103682,2026-01-13T15:20:13.103682,2030,0,0,-0.7,0.07,0.64,-44.7,6.57,-8.99,-3.9,-3.35,0,0,0,199190,852.91,27.97,0.64,0,0,0,0,-83,0.65,-7.36,BEACON,"{""record_number"": 2030, ""operation_mode"": 0, ""state"": 0, ""battery_voltage"": 0, ""wifi_rssi"": -83, ""acc_data"": {""ax"": -0.7, ""ay"": 0.07, ""az"": 0.64, ""pitch"": -44.7, ""roll"": 6.57}, ""gyro_data"": {""gx"": -8.99, ""gy"": -3.9, ""gz"": -3.35}, ""gps_data"": {""latitude"": 0, ""longitude"": 0, ""gps_altitude"": 0, ""time"": 199190}, ""alt_data"": {""pressure"": 852.91, ""temperature"": 27.97, ""AGL"": 0.64, ""velocity"": 0, ""kalman_altitude"": 0.65, ""kalman_vertical_velocity"": -7.36}, ""chute_state"": {""pyro1_state"": 0, ""pyro2_state"": 0}, ""connection_status"": {""connected"": true, ""has_ever_connected"": true, ""packet_age_ms"": 0, ""timeout_exceeded"": false, ""rssi"": -83}, ""communication_mode"": ""BEACON"", ""timestamp"": 56322, ""packets_received"": 482, ""kalman_data"": {""altitude"": 0.65, ""vertical_velocity"": -7.36}, ""kalman_altitude"": 0.65, ""kalman_vertical_velocity"": -7.36, ""pyroDrogue"": 0, ""pyroMain"": 0, ""pyro1_state"": 0, ""pyro2_state"": 0}"
1768306813.192682,2026-01-13T15:20:13.192682,2031,0,0,-0.7,0.07,0.65,-44.74,6.83,-9.48,-2.53,-3.63,0,0,0,199390,852.92,27.97,0.46,0,0,0,0,-83,0.47,-7.41,BEACON,"{""record_number"": 2031, ""operation_mode"": 0, ""state"": 0, ""battery_voltage"": 0, ""wifi_rssi"": -83, ""acc_data"": {""ax"": -0.7, ""ay"": 0.07, ""az"": 0.65, ""pitch"": -44.74, ""roll"": 6.83}, ""gyro_data"": {""gx"": -9.48, ""gy"": -2.53, ""gz"": -3.63}, ""gps_data"": {""latitude"": 0, ""longitude"": 0, ""gps_altitude"": 0, ""time"": 199390}, ""alt_data"": {""pressure"": 852.92, ""temperature"": 27.97, ""AGL"": 0.46, ""velocity"": 0, ""kalman_altitude"": 0.47, ""kalman_vertical_velocity"": -7.41}, ""chute_state"": {""pyro1_state"": 0, ""pyro2_state"": 0}, ""connection_status"": {""connected"": true, ""has_ever_connected"": true, ""packet_age_ms"": 0, ""timeout_exceeded"": false, ""rssi"": -83}, ""communication_mode"": ""BEACON"", ""timestamp"": 56435, ""packets_received"": 483, ""kalman_data"": {""altitude"": 0.47, ""vertical_velocity"": -7.41}, ""kalman_altitude"": 0.47, ""kalman_vertical_velocity"": -7.41, ""pyroDrogue"": 0, ""pyroMain"": 0, ""pyro1_state"": 0, ""pyro2_state"": 0}"
1768306813.328811,2026-01-13T15:20:13.328811,2032,0,0,-0.7,0.07,0.64,-44.27,5.8,-9.48,-2.71,-3.51,0,0,0,199390,852.9,27.97,0.72,0,0,0,0,-82,0.71,-7.36,BEACON,"{""record_number"": 2032, ""operation_mode"": 0, ""state"": 0, ""battery_voltage"": 0, ""wifi_rssi"": -82, ""acc_data"": {""ax"": -0.7, ""ay"": 0.07, ""az"": 0.64, ""pitch"": -44.27, ""roll"": 5.8}, ""gyro_data"": {""gx"": -9.48, ""gy"": -2.71, ""gz"": -3.51}, ""gps_data"": {""latitude"": 0, ""longitude"": 0, ""gps_altitude"": 0, ""time"": 199390}, ""alt_data"": {""pressure"": 852.9, ""temperature"": 27.97, ""AGL"": 0.72, ""velocity"": 0, ""kalman_altitude"": 0.71, ""kalman_vertical_velocity"": -7.36}, ""chute_state"": {""pyro1_state"": 0, ""pyro2_state"": 0}, ""connection_status"": {""connected"": true, ""has_ever_connected"": true, ""packet_age_ms"": 1, ""timeout_exceeded"": false, ""rssi"": -82}, ""communication_mode"": ""BEACON"", ""timestamp"": 56547, ""packets_received"": 484, ""kalman_data"": {""altitude"": 0.71, ""vertical_velocity"": -7.36}, ""kalman_altitude"": 0.71, ""kalman_vertical_velocity"": -7.36, ""pyroDrogue"": 0, ""pyroMain"": 0, ""pyro1_state"": 0, ""pyro2_state"": 0}"
1768306813.595232,2026-01-13T15:20:13.595232,2034,0,0,-0.7,0.08,0.64,-44.3,6.42,-9.21,-2.96,-3.87,0,0,0,199591,852.87,27.97,0.97,0,0,0,0,-82,0.97,-7.31,BEACON,"{""record_number"": 2034, ""operation_mode"": 0, ""state"": 0, ""battery_voltage"": 0, ""wifi_rssi"": -82, ""acc_data"": {""ax"": -0.7, ""ay"": 0.08, ""az"": 0.64, ""pitch"": -44.3, ""roll"": 6.42}, ""gyro_data"": {""gx"": -9.21, ""gy"": -2.96, ""gz"": -3.87}, ""gps_data"": {""latitude"": 0, ""longitude"": 0, ""gps_altitude"": 0, ""time"": 199591}, ""alt_data"": {""pressure"": 852.87, ""temperature"": 27.97, ""AGL"": 0.97, ""velocity"": 0, ""kalman_altitude"": 0.97, ""kalman_vertical_velocity"": -7.31}, ""chute_state"": {""pyro1_state"": 0, ""pyro2_state"": 0}, ""connection_status"": {""connected"": true, ""has_ever_connected"": true, ""packet_age_ms"": 0, ""timeout_exceeded"": false, ""rssi"": -82}, ""communication_mode"": ""BEACON"", ""timestamp"": 56659, ""packets_received"": 485, ""kalman_data"": {""altitude"": 0.97, ""vertical_velocity"": -7.31}, ""kalman_altitude"": 0.97, ""kalman_vertical_velocity"": -7.31, ""pyroDrogue"": 0, ""pyroMain"": 0, ""pyro1_state"": 0, ""pyro2_state"": 0}"
1768306813.8459,2026-01-13T15:20:13.845900,2035,0,0,-0.71,0.08,0.65,-44.42,6.5,-8.54,-3.57,-3.96,0,0,0,199591,852.87,27.96,0.98,0,0,0,0,-82,0.97,-7.32,BEACON,"{""record_number"": 2035, ""operation_mode"": 0, ""state"": 0, ""battery_voltage"": 0, ""wifi_rssi"": -82, ""acc_data"": {""ax"": -0.71, ""ay"": 0.08, ""az"": 0.65, ""pitch"": -44.42, ""roll"": 6.5}, ""gyro_data"": {""gx"": -8.54, ""gy"": -3.57, ""gz"": -3.96}, ""gps_data"": {""latitude"": 0, ""longitude"": 0, ""gps_altitude"": 0, ""time"": 199591}, ""alt_data"": {""pressure"": 852.87, ""temperature"": 27.96, ""AGL"": 0.98, ""velocity"": 0, ""kalman_altitude"": 0.97, ""kalman_vertical_velocity"": -7.32}, ""chute_state"": {""pyro1_state"": 0, ""pyro2_state"": 0}, ""connection_status"": {""connected"": true, ""has_ever_connected"": true, ""packet_age_ms"": 0, ""timeout_exceeded"": false, ""rssi"": -82}, ""communication_mode"": ""BEACON"", ""timestamp"": 56772, ""packets_received"": 486, ""kalman_data"": {""altitude"": 0.97, ""vertical_velocity"": -7.32}, ""kalman_altitude"": 0.97, ""kalman_vertical_velocity"": -7.32, ""pyroDrogue"": 0, ""pyroMain"": 0, ""pyro1_state"": 0, ""pyro2_state"": 0}"
1768306813.899656,2026-01-13T15:20:13.899656,2036,0,0,-0.7,0.07,0.64,-44.5,6.21,-9.33,-2.87,-3.57,0,0,0,199795,852.92,27.97,0.46,0,0,0,0,-83,0.47,-7.43,BEACON,"{""record_number"": 2036, ""operation_mode"": 0, ""state"": 0, ""battery_voltage"": 0, ""wifi_rssi"": -83, ""acc_data"": {""ax"": -0.7, ""ay"": 0.07, ""az"": 0.64, ""pitch"": -44.5, ""roll"": 6.21}, ""gyro_data"": {""gx"": -9.33, ""gy"": -2.87, ""gz"": -3.57}, ""gps_data"": {""latitude"": 0, ""longitude"": 0, ""gps_altitude"": 0, ""time"": 199795}, ""alt_data"": {""pressure"": 852.92, ""temperature"": 27.97, ""AGL"": 0.46, ""velocity"": 0, ""kalman_altitude"": 0.47, ""kalman_vertical_velocity"": -7.43}, ""chute_state"": {""pyro1_state"": 0, ""pyro2_state"": 0}, ""connection_status"": {""connected"": true, ""has_ever_connected"": true, ""packet_age_ms"": 0, ""timeout_exceeded"": false, ""rssi"": -83}, ""communication_mode"": ""BEACON"", ""timestamp"": 56885, ""packets_received"": 487, ""kalman_data"": {""altitude"": 0.47, ""vertical_velocity"": -7.43}, ""kalman_altitude"": 0.47, ""kalman_vertical_velocity"": -7.43, ""pyroDrogue"": 0, ""pyroMain"": 0, ""pyro1_state"": 0, ""pyro2_state"": 0}"
1768306814.625082,2026-01-13T15:20:14.625082,2038,0,0,-0.7,0.07,0.64,-43.88,5.86,-9.54,-3.51,-3.6,0,0,0,199795,852.92,27.97,0.46,0,0,0,0,-83,0.46,-7.43,BEACON,"{""record_number"": 2038, ""operation_mode"": 0, ""state"": 0, ""battery_voltage"": 0, ""wifi_rssi"": -83, ""acc_data"": {""ax"": -0.7, ""ay"": 0.07, ""az"": 0.64, ""pitch"": -43.88, ""roll"": 5.86}, ""gyro_data"": {""gx"": -9.54, ""gy"": -3.51, ""gz"": -3.6}, ""gps_data"": {""latitude"": 0, ""longitude"": 0, ""gps_altitude"": 0, ""time"": 199795}, ""alt_data"": {""pressure"": 852.92, ""temperature"": 27.97, ""AGL"": 0.46, ""velocity"": 0, ""kalman_altitude"": 0.46, ""kalman_vertical_velocity"": -7.43}, ""chute_state"": {""pyro1_state"": 0, ""pyro2_state"": 0}, ""connection_status"": {""connected"": true, ""has_ever_connected"": true, ""packet_age_ms"": 0, ""timeout_exceeded"": false, ""rssi"": -83}, ""communication_mode"": ""BEACON"", ""timestamp"": 56998, ""packets_received"": 488, ""kalman_data"": {""altitude"": 0.46, ""vertical_velocity"": -7.43}, ""kalman_altitude"": 0.46, ""kalman_vertical_velocity"": -7.43, ""pyroDrogue"": 0, ""pyroMain"": 0, ""pyro1_state"": 0, ""pyro2_state"": 0}"
1768306815.645722,2026-01-13T15:20:15.645722,2039,0,0,-0.7,0.07,0.64,-44.78,6.46,-9.57,-2.53,-3.78,0,0,0,199995,852.88,27.97,0.93,0,0,0,0,-82,0.93,-7.34,BEACON,"{""record_number"": 2039, ""operation_mode"": 0, ""state"": 0, ""battery_voltage"": 0, ""wifi_rssi"": -82, ""acc_data"": {""ax"": -0.7, ""ay"": 0.07, ""az"": 0.64, ""pitch"": -44.78, ""roll"": 6.46}, ""gyro_data"": {""gx"": -9.57, ""gy"": -2.53, ""gz"": -3.78}, ""gps_data"": {""latitude"": 0, ""longitude"": 0, ""gps_altitude"": 0, ""time"": 199995}, ""alt_data"": {""pressure"": 852.88, ""temperature"": 27.97, ""AGL"": 0.93, ""velocity"": 0, ""kalman_altitude"": 0.93, ""kalman_vertical_velocity"": -7.34}, ""chute_state"": {""pyro1_state"": 0, ""pyro2_state"": 0}, ""connection_status"": {""connected"": true, ""has_ever_connected"": true, ""packet_age_ms"": 1, ""timeout_exceeded"": false, ""rssi"": -82}, ""communication_mode"": ""BEACON"", ""timestamp"": 57111, ""packets_received"": 489, ""kalman_data"": {""altitude"": 0.93, ""vertical_velocity"": -7.34}, ""kalman_altitude"": 0.93, ""kalman_vertical_velocity"": -7.34, ""pyroDrogue"": 0, ""pyroMain"": 0, ""pyro1_state"": 0, ""pyro2_state"": 0}"
1768306815.992954,2026-01-13T15:20:15.992954,2040,0,0,-0.7,0.07,0.64,-44.38,6.17,-9.21,-3.17,-3.41,0,0,0,199995,852.91,27.97,0.57,0,0,0,0,-83,0.58,-7.42,BEACON,"{""record_number"": 2040, ""operation_mode"": 0, ""state"": 0, ""battery_voltage"": 0, ""wifi_rssi"": -83, ""acc_data"": {""ax"": -0.7, ""ay"": 0.07, ""az"": 0.64, ""pitch"": -44.38, ""roll"": 6.17}, ""gyro_data"": {""gx"": -9.21, ""gy"": -3.17, ""gz"": -3.41}, ""gps_data"": {""latitude"": 0, ""longitude"": 0, ""gps_altitude"": 0, ""time"": 199995}, ""alt_data"": {""pressure"": 852.91, ""temperature"": 27.97, ""AGL"": 0.57, ""velocity"": 0, ""kalman_altitude"": 0.58, ""kalman_vertical_velocity"": -7.42}, ""chute_state"": {""pyro1_state"": 0, ""pyro2_state"": 0}, ""connection_status"": {""connected"": true, ""has_ever_connected"": true, ""packet_age_ms"": 0, ""timeout_exceeded"": false, ""rssi"": -83}, ""communication_mode"": ""BEACON"", ""timestamp"": 57223, ""packets_received"": 490, ""kalman_data"": {""altitude"": 0.58, ""vertical_velocity"": -7.42}, ""kalman_altitude"": 0.58, ""kalman_vertical_velocity"": -7.42, ""pyroDrogue"": 0, ""pyroMain"": 0, ""pyro1_state"": 0, ""pyro2_state"": 0}"
1768306816.182177,2026-01-13T15:20:16.182177,2041,0,0,-0.7,0.07,0.65,-44.42,6.25,-9.33,-3.9,-3.72,0,0,0,200195,852.9,27.97,0.72,0,0,0,0,-81,0.72,-7.4,BEACON,"{""record_number"": 2041, ""operation_mode"": 0, ""state"": 0, ""battery_voltage"": 0, ""wifi_rssi"": -81, ""acc_data"": {""ax"": -0.7, ""ay"": 0.07, ""az"": 0.65, ""pitch"": -44.42, ""roll"": 6.25}, ""gyro_data"": {""gx"": -9.33, ""gy"": -3.9, ""gz"": -3.72}, ""gps_data"": {""latitude"": 0, ""longitude"": 0, ""gps_altitude"": 0, ""time"": 200195}, ""alt_data"": {""pressure"": 852.9, ""temperature"": 27.97, ""AGL"": 0.72, ""velocity"": 0, ""kalman_altitude"": 0.72, ""kalman_vertical_velocity"": -7.4}, ""chute_state"": {""pyro1_state"": 0, ""pyro2_state"": 0}, ""connection_status"": {""connected"": true, ""has_ever_connected"": true, ""packet_age_ms"": 1, ""timeout_exceeded"": false, ""rssi"": -81}, ""communication_mode"": ""BEACON"", ""timestamp"": 57336, ""packets_received"": 491, ""kalman_data"": {""altitude"": 0.72, ""vertical_velocity"": -7.4}, ""kalman_altitude"": 0.72, ""kalman_vertical_velocity"": -7.4, ""pyroDrogue"": 0, ""pyroMain"": 0, ""pyro1_state"": 0, ""pyro2_state"": 0}"
1768306816.511751,2026-01-13T15:20:16.511751,2043,0,0,-0.7,0.07,0.64,-44.3,6.4,-9.05,-2.59,-3.84,0,0,0,200395,852.9,27.97,0.72,0,0,0,0,-82,0.72,-7.4,BEACON,"{""record_number"": 2043, ""operation_mode"": 0, ""state"": 0, ""battery_voltage"": 0, ""wifi_rssi"": -82, ""acc_data"": {""ax"": -0.7, ""ay"": 0.07, ""az"": 0.64, ""pitch"": -44.3, ""roll"": 6.4}, ""gyro_data"": {""gx"": -9.05, ""gy"": -2.59, ""gz"": -3.84}, ""gps_data"": {""latitude"": 0, ""longitude"": 0, ""gps_altitude"": 0, ""time"": 200395}, ""alt_data"": {""pressure"": 852.9, ""temperature"": 27.97, ""AGL"": 0.72, ""velocity"": 0, ""kalman_altitude"": 0.72, ""kalman_vertical_velocity"": -7.4}, ""chute_state"": {""pyro1_state"": 0, ""pyro2_state"": 0}, ""connection_status"": {""connected"": true, ""has_ever_connected"": true, ""packet_age_ms"": 0, ""timeout_exceeded"": false, ""rssi"": -82}, ""communication_mode"": ""BEACON"", ""timestamp"": 57447, ""packets_received"": 492, ""kalman_data"": {""altitude"": 0.72, ""vertical_velocity"": -7.4}, ""kalman_altitude"": 0.72, ""kalman_vertical_velocity"": -7.4, ""pyroDrogue"": 0, ""pyroMain"": 0, ""pyro1_state"": 0, ""pyro2_state"": 0}"
1768306817.145082,2026-01-13T15:20:17.145082,2044,0,0,-0.7,0.07,0.64,-44.38,6.07,-9.02,-3.05,-3.57,0,0,0,200395,852.91,27.97,0.58,0,0,0,0,-83,0.58,-7.44,BEACON,"{""record_number"": 2044, ""operation_mode"": 0, ""state"": 0, ""battery_voltage"": 0, ""wifi_rssi"": -83, ""acc_data"": {""ax"": -0.7, ""ay"": 0.07, ""az"": 0.64, ""pitch"": -44.38, ""roll"": 6.07}, ""gyro_data"": {""gx"": -9.02, ""gy"": -3.05, ""gz"": -3.57}, ""gps_data"": {""latitude"": 0, ""longitude"": 0, ""gps_altitude"": 0, ""time"": 200395}, ""alt_data"": {""pressure"": 852.91, ""temperature"": 27.97, ""AGL"": 0.58, ""velocity"": 0, ""kalman_altitude"": 0.58, ""kalman_vertical_velocity"": -7.44}, ""chute_state"": {""pyro1_state"": 0, ""pyro2_state"": 0}, ""connection_status"": {""connected"": true, ""has_ever_connected"": true, ""packet_age_ms"": 0, ""timeout_exceeded"": false, ""rssi"": -83}, ""communication_mode"": ""BEACON"", ""timestamp"": 57560, ""packets_received"": 493, ""kalman_data"": {""altitude"": 0.58, ""vertical_velocity"": -7.44}, ""kalman_altitude"": 0.58, ""kalman_vertical_velocity"": -7.44, ""pyroDrogue"": 0, ""pyroMain"": 0, ""pyro1_state"": 0, ""pyro2_state"": 0}"
1768306817.492708,2026-01-13T15:20:17.492708,2045,0,0,-0.7,0.07,0.63,-44.38,5.84,-8.11,-3.41,-2.74,0,0,0,200595,852.92,27.97,0.47,0,0,0,0,-83,0.47,-7.46,BEACON,"{""record_number"": 2045, ""operation_mode"": 0, ""state"": 0, ""battery_voltage"": 0, ""wifi_rssi"": -83, ""acc_data"": {""ax"": -0.7, ""ay"": 0.07, ""az"": 0.63, ""pitch"": -44.38, ""roll"": 5.84}, ""gyro_data"": {""gx"": -8.11, ""gy"": -3.41, ""gz"": -2.74}, ""gps_data"": {""latitude"": 0, ""longitude"": 0, ""gps_altitude"": 0, ""time"": 200595}, ""alt_data"": {""pressure"": 852.92, ""temperature"": 27.97, ""AGL"": 0.47, ""velocity"": 0, ""kalman_altitude"": 0.47, ""kalman_vertical_velocity"": -7.46}, ""chute_state"": {""pyro1_state"": 0, ""pyro2_state"": 0}, ""connection_status"": {""connected"": true, ""has_ever_connected"": true, ""packet_age_ms"": 0, ""timeout_exceeded"": false, ""rssi"": -83}, ""communication_mode"": ""BEACON"", ""timestamp"": 57673, ""packets_received"": 494, ""kalman_data"": {""altitude"": 0.47, ""vertical_velocity"": -7.46}, ""kalman_altitude"": 0.47, ""kalman_vertical_velocity"": -7.46, ""pyroDrogue"": 0, ""pyroMain"": 0, ""pyro1_state"": 0, ""pyro2_state"": 0}"
1768306817.671901,2026-01-13T15:20:17.671901,2047,0,0,-0.71,0.07,0.64,-44.66,6.39,-9.42,-2.74,-4.18,0,0,0,200595,852.92,27.97,0.54,0,0,0,0,-84,0.54,-7.45,BEACON,"{""record_number"": 2047, ""operation_mode"": 0, ""state"": 0, ""battery_voltage"": 0, ""wifi_rssi"": -84, ""acc_data"": {""ax"": -0.71, ""ay"": 0.07, ""az"": 0.64, ""pitch"": -44.66, ""roll"": 6.39}, ""gyro_data"": {""gx"": -9.42, ""gy"": -2.74, ""gz"": -4.18}, ""gps_data"": {""latitude"": 0, ""longitude"": 0, ""gps_altitude"": 0, ""time"": 200595}, ""alt_data"": {""pressure"": 852.92, ""temperature"": 27.97, ""AGL"": 0.54, ""velocity"": 0, ""kalman_altitude"": 0.54, ""kalman_vertical_velocity"": -7.45}, ""chute_state"": {""pyro1_state"": 0, ""pyro2_state"": 0}, ""connection_status"": {""connected"": true, ""has_ever_connected"": true, ""packet_age_ms"": 0, ""timeout_exceeded"": false, ""rssi"": -84}, ""communication_mode"": ""BEACON"", ""timestamp"": 57786, ""packets_received"": 495, ""kalman_data"": {""altitude"": 0.54, ""vertical_velocity"": -7.45}, ""kalman_altitude"": 0.54, ""kalman_vertical_velocity"": -7.45, ""pyroDrogue"": 0, ""pyroMain"": 0, ""pyro1_state"": 0, ""pyro2_state"": 0}"
1768306817.837135,2026-01-13T15:20:17.837135,2048,0,0,-0.7,0.08,0.64,-44.15,5.69,-8.93,-3.41,-3.2,0,0,0,200800,852.9,27.97,0.68,0,0,0,0,-84,0.68,-7.43,BEACON,"{""record_number"": 2048, ""operation_mode"": 0, ""state"": 0, ""battery_voltage"": 0, ""wifi_rssi"": -84, ""acc_data"": {""ax"": -0.7, ""ay"": 0.08, ""az"": 0.64, ""pitch"": -44.15, ""roll"": 5.69}, ""gyro_data"": {""gx"": -8.93, ""gy"": -3.41, ""gz"": -3.2}, ""gps_data"": {""latitude"": 0, ""longitude"": 0, ""gps_altitude"": 0, ""time"": 200800}, ""alt_data"": {""pressure"": 852.9, ""temperature"": 27.97, ""AGL"": 0.68, ""velocity"": 0, ""kalman_altitude"": 0.68, ""kalman_vertical_velocity"": -7.43}, ""chute_state"": {""pyro1_state"": 0, ""pyro2_state"": 0}, ""connection_status"": {""connected"": true, ""has_ever_connected"": true, ""packet_age_ms"": 0, ""timeout_exceeded"": false, ""rssi"": -84}, ""communication_mode"": ""BEACON"", ""timestamp"": 57899, ""packets_received"": 496, ""kalman_data"": {""altitude"": 0.68, ""vertical_velocity"": -7.43}, ""kalman_altitude"": 0.68, ""kalman_vertical_velocity"": -7.43, ""pyroDrogue"": 0, ""pyroMain"": 0, ""pyro1_state"": 0, ""pyro2_state"": 0}"
1768306817.954435,2026-01-13T15:20:17.954435,2049,0,0,-0.7,0.07,0.64,-44.5,6.29,-9.15,-3.17,-3.66,0,0,0,200800,852.88,27.97,0.93,0,0,0,0,-85,0.93,-7.38,BEACON,"{""record_number"": 2049, ""operation_mode"": 0, ""state"": 0, ""battery_voltage"": 0, ""wifi_rssi"": -85, ""acc_data"": {""ax"": -0.7, ""ay"": 0.07, ""az"": 0.64, ""pitch"": -44.5, ""roll"": 6.29}, ""gyro_data"": {""gx"": -9.15, ""gy"": -3.17, ""gz"": -3.66}, ""gps_data"": {""latitude"": 0, ""longitude"": 0, ""gps_altitude"": 0, ""time"": 200800}, ""alt_data"": {""pressure"": 852.88, ""temperature"": 27.97, ""AGL"": 0.93, ""velocity"": 0, ""kalman_altitude"": 0.93, ""kalman_vertical_velocity"": -7.38}, ""chute_state"": {""pyro1_state"": 0, ""pyro2_state"": 0}, ""connection_status"": {""connected"": true, ""has_ever_connected"": true, ""packet_age_ms"": 0, ""timeout_exceeded"": false, ""rssi"": -85}, ""communication_mode"": ""BEACON"", ""timestamp"": 58011, ""packets_received"": 497, ""kalman_data"": {""altitude"": 0.93, ""vertical_velocity"": -7.38}, ""kalman_altitude"": 0.93, ""kalman_vertical_velocity"": -7.38, ""pyroDrogue"": 0, ""pyroMain"": 0, ""pyro1_state"": 0, ""pyro2_state"": 0}"
1768306818.034564,2026-01-13T15:20:18.034564,2051,0,0,-0.7,0.07,0.64,-44.19,6.13,-8.96,-2.56,-3.66,0,0,0,201000,852.91,27.97,0.58,0,0,0,0,-83,0.58,-7.46,BEACON,"{""record_number"": 2051, ""operation_mode"": 0, ""state"": 0, ""battery_voltage"": 0, ""wifi_rssi"": -83, ""acc_data"": {""ax"": -0.7, ""ay"": 0.07, ""az"": 0.64, ""pitch"": -44.19, ""roll"": 6.13}, ""gyro_data"": {""gx"": -8.96, ""gy"": -2.56, ""gz"": -3.66}, ""gps_data"": {""latitude"": 0, ""longitude"": 0, ""gps_altitude"": 0, ""time"": 201000}, ""alt_data"": {""pressure"": 852.91, ""temperature"": 27.97, ""AGL"": 0.58, ""velocity"": 0, ""kalman_altitude"": 0.58, ""kalman_vertical_velocity"": -7.46}, ""chute_state"": {""pyro1_state"": 0, ""pyro2_state"": 0}, ""connection_status"": {""connected"": true, ""has_ever_connected"": true, ""packet_age_ms"": 0, ""timeout_exceeded"": false, ""rssi"": -83}, ""communication_mode"": ""BEACON"", ""timestamp"": 58124, ""packets_received"": 498, ""kalman_data"": {""altitude"": 0.58, ""vertical_velocity"": -7.46}, ""kalman_altitude"": 0.58, ""kalman_vertical_velocity"": -7.46, ""pyroDrogue"": 0, ""pyroMain"": 0, ""pyro1_state"": 0, ""pyro2_state"": 0}"
1768306818.100563,2026-01-13T15:20:18.100563,2052,0,0,-0.7,0.07,0.64,-44.54,6.8,-9.18,-2.8,-3.45,0,0,0,201000,852.91,27.97,0.57,0,0,0,0,-83,0.58,-7.47,BEACON,"{""record_number"": 2052, ""operation_mode"": 0, ""state"": 0, ""battery_voltage"": 0, ""wifi_rssi"": -83, ""acc_data"": {""ax"": -0.7, ""ay"": 0.07, ""az"": 0.64, ""pitch"": -44.54, ""roll"": 6.8}, ""gyro_data"": {""gx"": -9.18, ""gy"": -2.8, ""gz"": -3.45}, ""gps_data"": {""latitude"": 0, ""longitude"": 0, ""gps_altitude"": 0, ""time"": 201000}, ""alt_data"": {""pressure"": 852.91, ""temperature"": 27.97, ""AGL"": 0.57, ""velocity"": 0, ""kalman_altitude"": 0.58, ""kalman_vertical_velocity"": -7.47}, ""chute_state"": {""pyro1_state"": 0, ""pyro2_state"": 0}, ""connection_status"": {""connected"": true, ""has_ever_connected"": true, ""packet_age_ms"": 1, ""timeout_exceeded"": false, ""rssi"": -83}, ""communication_mode"": ""BEACON"", ""timestamp"": 58237, ""packets_received"": 499, ""kalman_data"": {""altitude"": 0.58, ""vertical_velocity"": -7.47}, ""kalman_altitude"": 0.58, ""kalman_vertical_velocity"": -7.47, ""pyroDrogue"": 0, ""pyroMain"": 0, ""pyro1_state"": 0, ""pyro2_state"": 0}"
1768306818.206107,2026-01-13T15:20:18.206107,2053,0,0,-0.7,0.08,0.64,-44.74,6.44,-9.33,-2.5,-3.45,0,0,0,201199,852.92,27.97,0.5,0,0,0,0,-82,0.5,-7.49,BEACON,"{""record_number"": 2053, ""operation_mode"": 0, ""state"": 0, ""battery_voltage"": 0, ""wifi_rssi"": -82, ""acc_data"": {""ax"": -0.7, ""ay"": 0.08, ""az"": 0.64, ""pitch"": -44.74, ""roll"": 6.44}, ""gyro_data"": {""gx"": -9.33, ""gy"": -2.5, ""gz"": -3.45}, ""gps_data"": {""latitude"": 0, ""longitude"": 0, ""gps_altitude"": 0, ""time"": 201199}, ""alt_data"": {""pressure"": 852.92, ""temperature"": 27.97, ""AGL"": 0.5, ""velocity"": 0, ""kalman_altitude"": 0.5, ""kalman_vertical_velocity"": -7.49}, ""chute_state"": {""pyro1_state"": 0, ""pyro2_state"": 0}, ""connection_status"": {""connected"": true, ""has_ever_connected"": true, ""packet_age_ms"": 0, ""timeout_exceeded"": false, ""rssi"": -82}, ""communication_mode"": ""BEACON"", ""timestamp"": 58349, ""packets_received"": 500, ""kalman_data"": {""altitude"": 0.5, ""vertical_velocity"": -7.49}, ""kalman_altitude"": 0.5, ""kalman_vertical_velocity"": -7.49, ""pyroDrogue"": 0, ""pyroMain"": 0, ""pyro1_state"": 0, ""pyro2_state"": 0}"
1768306818.256228,2026-01-13T15:20:18.256228,2055,0,0,-0.69,0.07,0.63,-44.3,5.97,-8.66,-3.02,-3.32,0,0,0,201399,852.9,27.97,0.72,0,0,0,0,-83,0.72,-7.45,BEACON,"{""record_number"": 2055, ""operation_mode"": 0, ""state"": 0, ""battery_voltage"": 0, ""wifi_rssi"": -83, ""acc_data"": {""ax"": -0.69, ""ay"": 0.07, ""az"": 0.63, ""pitch"": -44.3, ""roll"": 5.97}, ""gyro_data"": {""gx"": -8.66, ""gy"": -3.02, ""gz"": -3.32}, ""gps_data"": {""latitude"": 0, ""longitude"": 0, ""gps_altitude"": 0, ""time"": 201399}, ""alt_data"": {""pressure"": 852.9, ""temperature"": 27.97, ""AGL"": 0.72, ""velocity"": 0, ""kalman_altitude"": 0.72, ""kalman_vertical_velocity"": -7.45}, ""chute_state"": {""pyro1_state"": 0, ""pyro2_state"": 0}, ""connection_status"": {""connected"": true, ""has_ever_connected"": true, ""packet_age_ms"": 0, ""timeout_exceeded"": false, ""rssi"": -83}, ""communication_mode"": ""BEACON"", ""timestamp"": 58462, ""packets_received"": 501, ""kalman_data"": {""altitude"": 0.72, ""vertical_velocity"": -7.45}, ""kalman_altitude"": 0.72, ""kalman_vertical_velocity"": -7.45, ""pyroDrogue"": 0, ""pyroMain"": 0, ""pyro1_state"": 0, ""pyro2_state"": 0}"
1768306818.311349,2026-01-13T15:20:18.311349,2056,0,0,-0.71,0.07,0.64,-44.38,6.67,-8.72,-3.41,-3.45,0,0,0,201399,852.89,27.96,0.83,0,0,0,0,-84,0.83,-7.43,BEACON,"{""record_number"": 2056, ""operation_mode"": 0, ""state"": 0, ""battery_voltage"": 0, ""wifi_rssi"": -84, ""acc_data"": {""ax"": -0.71, ""ay"": 0.07, ""az"": 0.64, ""pitch"": -44.38, ""roll"": 6.67}, ""gyro_data"": {""gx"": -8.72, ""gy"": -3.41, ""gz"": -3.45}, ""gps_data"": {""latitude"": 0, ""longitude"": 0, ""gps_altitude"": 0, ""time"": 201399}, ""alt_data"": {""pressure"": 852.89, ""temperature"": 27.96, ""AGL"": 0.83, ""velocity"": 0, ""kalman_altitude"": 0.83, ""kalman_vertical_velocity"": -7.43}, ""chute_state"": {""pyro1_state"": 0, ""pyro2_state"": 0}, ""connection_status"": {""connected"": true, ""has_ever_connected"": true, ""packet_age_ms"": 0, ""timeout_exceeded"": false, ""rssi"": -84}, ""communication_mode"": ""BEACON"", ""timestamp"": 58575, ""packets_received"": 502, ""kalman_data"": {""altitude"": 0.83, ""vertical_velocity"": -7.43}, ""kalman_altitude"": 0.83, ""kalman_vertical_velocity"": -7.43, ""pyroDrogue"": 0, ""pyroMain"": 0, ""pyro1_state"": 0, ""pyro2_state"": 0}"
1768306818.440194,2026-01-13T15:20:18.440194,2057,0,0,-0.7,0.07,0.64,-44.46,6.28,-8.72,-3.75,-3.11,0,0,0,201601,852.91,27.96,0.62,0,0,0,0,-84,0.62,-7.48,BEACON,"{""record_number"": 2057, ""operation_mode"": 0, ""state"": 0, ""battery_voltage"": 0, ""wifi_rssi"": -84, ""acc_data"": {""ax"": -0.7, ""ay"": 0.07, ""az"": 0.64, ""pitch"": -44.46, ""roll"": 6.28}, ""gyro_data"": {""gx"": -8.72, ""gy"": -3.75, ""gz"": -3.11}, ""gps_data"": {""latitude"": 0, ""longitude"": 0, ""gps_altitude"": 0, ""time"": 201601}, ""alt_data"": {""pressure"": 852.91, ""temperature"": 27.96, ""AGL"": 0.62, ""velocity"": 0, ""kalman_altitude"": 0.62, ""kalman_vertical_velocity"": -7.48}, ""chute_state"": {""pyro1_state"": 0, ""pyro2_state"": 0}, ""connection_status"": {""connected"": true, ""has_ever_connected"": true, ""packet_age_ms"": 1, ""timeout_exceeded"": false, ""rssi"": -84}, ""communication_mode"": ""BEACON"", ""timestamp"": 58688, ""packets_received"": 503, ""kalman_data"": {""altitude"": 0.62, ""vertical_velocity"": -7.48}, ""kalman_altitude"": 0.62, ""kalman_vertical_velocity"": -7.48, ""pyroDrogue"": 0, ""pyroMain"": 0, ""pyro1_state"": 0, ""pyro2_state"": 0}"
1768306818.791628,2026-01-13T15:20:18.791628,2059,0,0,-0.7,0.07,0.64,-44.5,6.45,-9.6,-3.11,-3.48,0,0,0,201601,852.92,27.97,0.5,0,0,0,0,-83,0.5,-7.51,BEACON,"{""record_number"": 2059, ""operation_mode"": 0, ""state"": 0, ""battery_voltage"": 0, ""wifi_rssi"": -83, ""acc_data"": {""ax"": -0.7, ""ay"": 0.07, ""az"": 0.64, ""pitch"": -44.5, ""roll"": 6.45}, ""gyro_data"": {""gx"": -9.6, ""gy"": -3.11, ""gz"": -3.48}, ""gps_data"": {""latitude"": 0, ""longitude"": 0, ""gps_altitude"": 0, ""time"": 201601}, ""alt_data"": {""pressure"": 852.92, ""temperature"": 27.97, ""AGL"": 0.5, ""velocity"": 0, ""kalman_altitude"": 0.5, ""kalman_vertical_velocity"": -7.51}, ""chute_state"": {""pyro1_state"": 0, ""pyro2_state"": 0}, ""connection_status"": {""connected"": true, ""has_ever_connected"": true, ""packet_age_ms"": 0, ""timeout_exceeded"": false, ""rssi"": -83}, ""communication_mode"": ""BEACON"", ""timestamp"": 58800, ""packets_received"": 504, ""kalman_data"": {""altitude"": 0.5, ""vertical_velocity"": -7.51}, ""kalman_altitude"": 0.5, ""kalman_vertical_velocity"": -7.51, ""pyroDrogue"": 0, ""pyroMain"": 0, ""pyro1_state"": 0, ""pyro2_state"": 0}"
1768306818.889671,2026-01-13T15:20:18.889671,2060,0,0,-0.71,0.07,0.64,-44.74,6.41,-9.39,-3.23,-3.75,0,0,0,201804,852.91,27.98,0.6,0,0,0,0,-84,0.61,-7.5,BEACON,"{""record_number"": 2060, ""operation_mode"": 0, ""state"": 0, ""battery_voltage"": 0, ""wifi_rssi"": -84, ""acc_data"": {""ax"": -0.71, ""ay"": 0.07, ""az"": 0.64, ""pitch"": -44.74, ""roll"": 6.41}, ""gyro_data"": {""gx"": -9.39, ""gy"": -3.23, ""gz"": -3.75}, ""gps_data"": {""latitude"": 0, ""longitude"": 0, ""gps_altitude"": 0, ""time"": 201804}, ""alt_data"": {""pressure"": 852.91, ""temperature"": 27.98, ""AGL"": 0.6, ""velocity"": 0, ""kalman_altitude"": 0.61, ""kalman_vertical_velocity"": -7.5}, ""chute_state"": {""pyro1_state"": 0, ""pyro2_state"": 0}, ""connection_status"": {""connected"": true, ""has_ever_connected"": true, ""packet_age_ms"": 0, ""timeout_exceeded"": false, ""rssi"": -84}, ""communication_mode"": ""BEACON"", ""timestamp"": 58913, ""packets_received"": 505, ""kalman_data"": {""altitude"": 0.61, ""vertical_velocity"": -7.5}, ""kalman_altitude"": 0.61, ""kalman_vertical_velocity"": -7.5, ""pyroDrogue"": 0, ""pyroMain"": 0, ""pyro1_state"": 0, ""pyro2_state"": 0}"
1768306818.959233,2026-01-13T15:20:18.959233,2061,0,0,-0.7,0.07,0.64,-44.11,6.68,-9.21,-3.69,-3.45,0,0,0,201804,852.91,27.97,0.65,0,0,0,0,-83,0.65,-7.49,BEACON,"{""record_number"": 2061, ""operation_mode"": 0, ""state"": 0, ""battery_voltage"": 0, ""wifi_rssi"": -83, ""acc_data"": {""ax"": -0.7, ""ay"": 0.07, ""az"": 0.64, ""pitch"": -44.11, ""roll"": 6.68}, ""gyro_data"": {""gx"": -9.21, ""gy"": -3.69, ""gz"": -3.45}, ""gps_data"": {""latitude"": 0, ""longitude"": 0, ""gps_altitude"": 0, ""time"": 201804}, ""alt_data"": {""pressure"": 852.91, ""temperature"": 27.97, ""AGL"": 0.65, ""velocity"": 0, ""kalman_altitude"": 0.65, ""kalman_vertical_velocity"": -7.49}, ""chute_state"": {""pyro1_state"": 0, ""pyro2_state"": 0}, ""connection_status"": {""connected"": true, ""has_ever_connected"": true, ""packet_age_ms"": 0, ""timeout_exceeded"": false, ""rssi"": -83}, ""communication_mode"": ""BEACON"", ""timestamp"": 59026, ""packets_received"": 506, ""kalman_data"": {""altitude"": 0.65, ""vertical_velocity"": -7.49}, ""kalman_altitude"": 0.65, ""kalman_vertical_velocity"": -7.49, ""pyroDrogue"": 0, ""pyroMain"": 0, ""pyro1_state"": 0, ""pyro2_state"": 0}"
1768306819.00703,2026-01-13T15:20:19.007030,2062,0,0,-0.7,0.07,0.63,-44.19,6.2,-9.42,-3.02,-3.63,0,0,0,202005,852.91,27.97,0.65,0,0,0,0,-84,0.65,-7.49,BEACON,"{""record_number"": 2062, ""operation_mode"": 0, ""state"": 0, ""battery_voltage"": 0, ""wifi_rssi"": -84, ""acc_data"": {""ax"": -0.7, ""ay"": 0.07, ""az"": 0.63, ""pitch"": -44.19, ""roll"": 6.2}, ""gyro_data"": {""gx"": -9.42, ""gy"": -3.02, ""gz"": -3.63}, ""gps_data"": {""latitude"": 0, ""longitude"": 0, ""gps_altitude"": 0, ""time"": 202005}, ""alt_data"": {""pressure"": 852.91, ""temperature"": 27.97, ""AGL"": 0.65, ""velocity"": 0, ""kalman_altitude"": 0.65, ""kalman_vertical_velocity"": -7.49}, ""chute_state"": {""pyro1_state"": 0, ""pyro2_state"": 0}, ""connection_status"": {""connected"": true, ""has_ever_connected"": true, ""packet_age_ms"": 0, ""timeout_exceeded"": false, ""rssi"": -84}, ""communication_mode"": ""BEACON"", ""timestamp"": 59139, ""packets_received"": 507, ""kalman_data"": {""altitude"": 0.65, ""vertical_velocity"": -7.49}, ""kalman_altitude"": 0.65, ""kalman_vertical_velocity"": -7.49, ""pyroDrogue"": 0, ""pyroMain"": 0, ""pyro1_state"": 0, ""pyro2_state"": 0}"
1768306819.190706,2026-01-13T15:20:19.190706,2064,0,0,-0.7,0.07,0.65,-44.15,5.95,-9.45,-3.02,-4.27,0,0,0,202205,852.83,27.95,1.35,0,0,0,0,-83,1.34,-7.36,BEACON,"{""record_number"": 2064, ""operation_mode"": 0, ""state"": 0, ""battery_voltage"": 0, ""wifi_rssi"": -83, ""acc_data"": {""ax"": -0.7, ""ay"": 0.07, ""az"": 0.65, ""pitch"": -44.15, ""roll"": 5.95}, ""gyro_data"": {""gx"": -9.45, ""gy"": -3.02, ""gz"": -4.27}, ""gps_data"": {""latitude"": 0, ""longitude"": 0, ""gps_altitude"": 0, ""time"": 202205}, ""alt_data"": {""pressure"": 852.83, ""temperature"": 27.95, ""AGL"": 1.35, ""velocity"": 0, ""kalman_altitude"": 1.34, ""kalman_vertical_velocity"": -7.36}, ""chute_state"": {""pyro1_state"": 0, ""pyro2_state"": 0}, ""connection_status"": {""connected"": true, ""has_ever_connected"": true, ""packet_age_ms"": 0, ""timeout_exceeded"": false, ""rssi"": -83}, ""communication_mode"": ""BEACON"", ""timestamp"": 59252, ""packets_received"": 508, ""kalman_data"": {""altitude"": 1.34, ""vertical_velocity"": -7.36}, ""kalman_altitude"": 1.34, ""kalman_vertical_velocity"": -7.36, ""pyroDrogue"": 0, ""pyroMain"": 0, ""pyro1_state"": 0, ""pyro2_state"": 0}"
1768306819.376762,2026-01-13T15:20:19.376762,2065,0,0,-0.7,0.07,0.64,-44.19,5.81,-9.24,-3.23,-2.99,0,0,0,202205,852.93,27.98,0.42,0,0,0,0,-83,0.44,-7.55,BEACON,"{""record_number"": 2065, ""operation_mode"": 0, ""state"": 0, ""battery_voltage"": 0, ""wifi_rssi"": -83, ""acc_data"": {""ax"": -0.7, ""ay"": 0.07, ""az"": 0.64, ""pitch"": -44.19, ""roll"": 5.81}, ""gyro_data"": {""gx"": -9.24, ""gy"": -3.23, ""gz"": -2.99}, ""gps_data"": {""latitude"": 0, ""longitude"": 0, ""gps_altitude"": 0, ""time"": 202205}, ""alt_data"": {""pressure"": 852.93, ""temperature"": 27.98, ""AGL"": 0.42, ""velocity"": 0, ""kalman_altitude"": 0.44, ""kalman_vertical_velocity"": -7.55}, ""chute_state"": {""pyro1_state"": 0, ""pyro2_state"": 0}, ""connection_status"": {""connected"": true, ""has_ever_connected"": true, ""packet_age_ms"": 0, ""timeout_exceeded"": false, ""rssi"": -83}, ""communication_mode"": ""BEACON"", ""timestamp"": 59364, ""packets_received"": 509, ""kalman_data"": {""altitude"": 0.44, ""vertical_velocity"": -7.55}, ""kalman_altitude"": 0.44, ""kalman_vertical_velocity"": -7.55, ""pyroDrogue"": 0, ""pyroMain"": 0, ""pyro1_state"": 0, ""pyro2_state"": 0}"
1768306819.812901,2026-01-13T15:20:19.812901,2066,0,0,-0.7,0.07,0.64,-44.15,5.6,-8.81,-2.71,-4.09,0,0,0,202405,852.88,27.97,0.86,0,0,0,0,-85,0.85,-7.47,BEACON,"{""record_number"": 2066, ""operation_mode"": 0, ""state"": 0, ""battery_voltage"": 0, ""wifi_rssi"": -85, ""acc_data"": {""ax"": -0.7, ""ay"": 0.07, ""az"": 0.64, ""pitch"": -44.15, ""roll"": 5.6}, ""gyro_data"": {""gx"": -8.81, ""gy"": -2.71, ""gz"": -4.09}, ""gps_data"": {""latitude"": 0, ""longitude"": 0, ""gps_altitude"": 0, ""time"": 202405}, ""alt_data"": {""pressure"": 852.88, ""temperature"": 27.97, ""AGL"": 0.86, ""velocity"": 0, ""kalman_altitude"": 0.85, ""kalman_vertical_velocity"": -7.47}, ""chute_state"": {""pyro1_state"": 0, ""pyro2_state"": 0}, ""connection_status"": {""connected"": true, ""has_ever_connected"": true, ""packet_age_ms"": 0, ""timeout_exceeded"": false, ""rssi"": -85}, ""communication_mode"": ""BEACON"", ""timestamp"": 59476, ""packets_received"": 510, ""kalman_data"": {""altitude"": 0.85, ""vertical_velocity"": -7.47}, ""kalman_altitude"": 0.85, ""kalman_vertical_velocity"": -7.47, ""pyroDrogue"": 0, ""pyroMain"": 0, ""pyro1_state"": 0, ""pyro2_state"": 0}"
1768306820.229439,2026-01-13T15:20:20.229439,2068,0,0,-0.7,0.07,0.64,-44.19,6.18,-9.12,-3.23,-3.17,0,0,0,202405,852.92,27.97,0.5,0,0,0,0,-84,0.5,-7.55,BEACON,"{""record_number"": 2068, ""operation_mode"": 0, ""state"": 0, ""battery_voltage"": 0, ""wifi_rssi"": -84, ""acc_data"": {""ax"": -0.7, ""ay"": 0.07, ""az"": 0.64, ""pitch"": -44.19, ""roll"": 6.18}, ""gyro_data"": {""gx"": -9.12, ""gy"": -3.23, ""gz"": -3.17}, ""gps_data"": {""latitude"": 0, ""longitude"": 0, ""gps_altitude"": 0, ""time"": 202405}, ""alt_data"": {""pressure"": 852.92, ""temperature"": 27.97, ""AGL"": 0.5, ""velocity"": 0, ""kalman_altitude"": 0.5, ""kalman_vertical_velocity"": -7.55}, ""chute_state"": {""pyro1_state"": 0, ""pyro2_state"": 0}, ""connection_status"": {""connected"": true, ""has_ever_connected"": true, ""packet_age_ms"": 0, ""timeout_exceeded"": false, ""rssi"": -84}, ""communication_mode"": ""BEACON"", ""timestamp"": 59589, ""packets_received"": 511, ""kalman_data"": {""altitude"": 0.5, ""vertical_velocity"": -7.55}, ""kalman_altitude"": 0.5, ""kalman_vertical_velocity"": -7.55, ""pyroDrogue"": 0, ""pyroMain"": 0, ""pyro1_state"": 0, ""pyro2_state"": 0}"
1768306820.527348,2026-01-13T15:20:20.527348,2069,0,0,-0.7,0.08,0.63,-44.66,6.44,-9.7,-3.48,-4.05,0,0,0,202606,852.91,27.97,0.57,0,0,0,0,-85,0.57,-7.54,BEACON,"{""record_number"": 2069, ""operation_mode"": 0, ""state"": 0, ""battery_voltage"": 0, ""wifi_rssi"": -85, ""acc_data"": {""ax"": -0.7, ""ay"": 0.08, ""az"": 0.63, ""pitch"": -44.66, ""roll"": 6.44}, ""gyro_data"": {""gx"": -9.7, ""gy"": -3.48, ""gz"": -4.05}, ""gps_data"": {""latitude"": 0, ""longitude"": 0, ""gps_altitude"": 0, ""time"": 202606}, ""alt_data"": {""pressure"": 852.91, ""temperature"": 27.97, ""AGL"": 0.57, ""velocity"": 0, ""kalman_altitude"": 0.57, ""kalman_vertical_velocity"": -7.54}, ""chute_state"": {""pyro1_state"": 0, ""pyro2_state"": 0}, ""connection_status"": {""connected"": true, ""has_ever_connected"": true, ""packet_age_ms"": 0, ""timeout_exceeded"": false, ""rssi"": -85}, ""communication_mode"": ""BEACON"", ""timestamp"": 59702, ""packets_received"": 512, ""kalman_data"": {""altitude"": 0.57, ""vertical_velocity"": -7.54}, ""kalman_altitude"": 0.57, ""kalman_vertical_velocity"": -7.54, ""pyroDrogue"": 0, ""pyroMain"": 0, ""pyro1_state"": 0, ""pyro2_state"": 0}"
1768306820.640968,2026-01-13T15:20:20.640968,2070,0,0,-0.7,0.07,0.64,-44.15,6.07,-8.57,-3.23,-3.23,0,0,0,202606,852.94,27.97,0.32,0,0,0,0,-85,0.32,-7.6,BEACON,"{""record_number"": 2070, ""operation_mode"": 0, ""state"": 0, ""battery_voltage"": 0, ""wifi_rssi"": -85, ""acc_data"": {""ax"": -0.7, ""ay"": 0.07, ""az"": 0.64, ""pitch"": -44.15, ""roll"": 6.07}, ""gyro_data"": {""gx"": -8.57, ""gy"": -3.23, ""gz"": -3.23}, ""gps_data"": {""latitude"": 0, ""longitude"": 0, ""gps_altitude"": 0, ""time"": 202606}, ""alt_data"": {""pressure"": 852.94, ""temperature"": 27.97, ""AGL"": 0.32, ""velocity"": 0, ""kalman_altitude"": 0.32, ""kalman_vertical_velocity"": -7.6}, ""chute_state"": {""pyro1_state"": 0, ""pyro2_state"": 0}, ""connection_status"": {""connected"": true, ""has_ever_connected"": true, ""packet_age_ms"": 0, ""timeout_exceeded"": false, ""rssi"": -85}, ""communication_mode"": ""BEACON"", ""timestamp"": 59815, ""packets_received"": 513, ""kalman_data"": {""altitude"": 0.32, ""vertical_velocity"": -7.6}, ""kalman_altitude"": 0.32, ""kalman_vertical_velocity"": -7.6, ""pyroDrogue"": 0, ""pyroMain"": 0, ""pyro1_state"": 0, ""pyro2_state"": 0}"
1768306820.698497,2026-01-13T15:20:20.698497,2072,0,0,-0.69,0.07,0.64,-44.42,5.95,-9.33,-3.41,-4.27,0,0,0,202810,852.92,27.97,0.54,0,0,0,0,-85,0.54,-7.56,BEACON,"{""record_number"": 2072, ""operation_mode"": 0, ""state"": 0, ""battery_voltage"": 0, ""wifi_rssi"": -85, ""acc_data"": {""ax"": -0.69, ""ay"": 0.07, ""az"": 0.64, ""pitch"": -44.42, ""roll"": 5.95}, ""gyro_data"": {""gx"": -9.33, ""gy"": -3.41, ""gz"": -4.27}, ""gps_data"": {""latitude"": 0, ""longitude"": 0, ""gps_altitude"": 0, ""time"": 202810}, ""alt_data"": {""pressure"": 852.92, ""temperature"": 27.97, ""AGL"": 0.54, ""velocity"": 0, ""kalman_altitude"": 0.54, ""kalman_vertical_velocity"": -7.56}, ""chute_state"": {""pyro1_state"": 0, ""pyro2_state"": 0}, ""connection_status"": {""connected"": true, ""has_ever_connected"": true, ""packet_age_ms"": 1, ""timeout_exceeded"": false, ""rssi"": -85}, ""communication_mode"": ""BEACON"", ""timestamp"": 59928, ""packets_received"": 514, ""kalman_data"": {""altitude"": 0.54, ""vertical_velocity"": -7.56}, ""kalman_altitude"": 0.54, ""kalman_vertical_velocity"": -7.56, ""pyroDrogue"": 0, ""pyroMain"": 0, ""pyro1_state"": 0, ""pyro2_state"": 0}"
1768306820.738193,2026-01-13T15:20:20.738193,2073,0,0,-0.7,0.07,0.64,-44.82,6.11,-9.33,-2.9,-4.09,0,0,0,202810,852.92,27.97,0.54,0,0,0,0,-84,0.54,-7.56,BEACON,"{""record_number"": 2073, ""operation_mode"": 0, ""state"": 0, ""battery_voltage"": 0, ""wifi_rssi"": -84, ""acc_data"": {""ax"": -0.7, ""ay"": 0.07, ""az"": 0.64, ""pitch"": -44.82, ""roll"": 6.11}, ""gyro_data"": {""gx"": -9.33, ""gy"": -2.9, ""gz"": -4.09}, ""gps_data"": {""latitude"": 0, ""longitude"": 0, ""gps_altitude"": 0, ""time"": 202810}, ""alt_data"": {""pressure"": 852.92, ""temperature"": 27.97, ""AGL"": 0.54, ""velocity"": 0, ""kalman_altitude"": 0.54, ""kalman_vertical_velocity"": -7.56}, ""chute_state"": {""pyro1_state"": 0, ""pyro2_state"": 0}, ""connection_status"": {""connected"": true, ""has_ever_connected"": true, ""packet_age_ms"": 0, ""timeout_exceeded"": false, ""rssi"": -84}, ""communication_mode"": ""BEACON"", ""timestamp"": 60040, ""packets_received"": 515, ""kalman_data"": {""altitude"": 0.54, ""vertical_velocity"": -7.56}, ""kalman_altitude"": 0.54, ""kalman_vertical_velocity"": -7.56, ""pyroDrogue"": 0, ""pyroMain"": 0, ""pyro1_state"": 0, ""pyro2_state"": 0}"
1768306820.775017,2026-01-13T15:20:20.775017,2074,0,0,-0.7,0.07,0.64,-44.74,6.18,-9.27,-3.38,-4.21,0,0,0,203010,852.93,27.97,0.36,0,0,0,0,-84,0.36,-7.6,BEACON,"{""record_number"": 2074, ""operation_mode"": 0, ""state"": 0, ""battery_voltage"": 0, ""wifi_rssi"": -84, ""acc_data"": {""ax"": -0.7, ""ay"": 0.07, ""az"": 0.64, ""pitch"": -44.74, ""roll"": 6.18}, ""gyro_data"": {""gx"": -9.27, ""gy"": -3.38, ""gz"": -4.21}, ""gps_data"": {""latitude"": 0, ""longitude"": 0, ""gps_altitude"": 0, ""time"": 203010}, ""alt_data"": {""pressure"": 852.93, ""temperature"": 27.97, ""AGL"": 0.36, ""velocity"": 0, ""kalman_altitude"": 0.36, ""kalman_vertical_velocity"": -7.6}, ""chute_state"": {""pyro1_state"": 0, ""pyro2_state"": 0}, ""connection_status"": {""connected"": true, ""has_ever_connected"": true, ""packet_age_ms"": 0, ""timeout_exceeded"": false, ""rssi"": -84}, ""communication_mode"": ""BEACON"", ""timestamp"": 60153, ""packets_received"": 516, ""kalman_data"": {""altitude"": 0.36, ""vertical_velocity"": -7.6}, ""kalman_altitude"": 0.36, ""kalman_vertical_velocity"": -7.6, ""pyroDrogue"": 0, ""pyroMain"": 0, ""pyro1_state"": 0, ""pyro2_state"": 0}"
1768306820.807538,2026-01-13T15:20:20.807538,2076,0,0,-0.69,0.07,0.65,-44.23,6.02,-9.02,-2.59,-3.41,0,0,0,203210,852.88,27.95,0.88,0,0,0,0,-84,0.87,-7.5,BEACON,"{""record_number"": 2076, ""operation_mode"": 0, ""state"": 0, ""battery_voltage"": 0, ""wifi_rssi"": -84, ""acc_data"": {""ax"": -0.69, ""ay"": 0.07, ""az"": 0.65, ""pitch"": -44.23, ""roll"": 6.02}, ""gyro_data"": {""gx"": -9.02, ""gy"": -2.59, ""gz"": -3.41}, ""gps_data"": {""latitude"": 0, ""longitude"": 0, ""gps_altitude"": 0, ""time"": 203210}, ""alt_data"": {""pressure"": 852.88, ""temperature"": 27.95, ""AGL"": 0.88, ""velocity"": 0, ""kalman_altitude"": 0.87, ""kalman_vertical_velocity"": -7.5}, ""chute_state"": {""pyro1_state"": 0, ""pyro2_state"": 0}, ""connection_status"": {""connected"": true, ""has_ever_connected"": true, ""packet_age_ms"": 1, ""timeout_exceeded"": false, ""rssi"": -84}, ""communication_mode"": ""BEACON"", ""timestamp"": 60266, ""packets_received"": 517, ""kalman_data"": {""altitude"": 0.87, ""vertical_velocity"": -7.5}, ""kalman_altitude"": 0.87, ""kalman_vertical_velocity"": -7.5, ""pyroDrogue"": 0, ""pyroMain"": 0, ""pyro1_state"": 0, ""pyro2_state"": 0}"
1768306820.842231,2026-01-13T15:20:20.842231,2077,0,0,-0.7,0.07,0.64,-44.93,6.26,-8.81,-2.07,-3.84,0,0,0,203210,852.92,27.97,0.5,0,0,0,0,-84,0.5,-7.59,BEACON,"{""record_number"": 2077, ""operation_mode"": 0, ""state"": 0, ""battery_voltage"": 0, ""wifi_rssi"": -84, ""acc_data"": {""ax"": -0.7, ""ay"": 0.07, ""az"": 0.64, ""pitch"": -44.93, ""roll"": 6.26}, ""gyro_data"": {""gx"": -8.81, ""gy"": -2.07, ""gz"": -3.84}, ""gps_data"": {""latitude"": 0, ""longitude"": 0, ""gps_altitude"": 0, ""time"": 203210}, ""alt_data"": {""pressure"": 852.92, ""temperature"": 27.97, ""AGL"": 0.5, ""velocity"": 0, ""kalman_altitude"": 0.5, ""kalman_vertical_velocity"": -7.59}, ""chute_state"": {""pyro1_state"": 0, ""pyro2_state"": 0}, ""connection_status"": {""connected"": true, ""has_ever_connected"": true, ""packet_age_ms"": 0, ""timeout_exceeded"": false, ""rssi"": -84}, ""communication_mode"": ""BEACON"", ""timestamp"": 60377, ""packets_received"": 518, ""kalman_data"": {""altitude"": 0.5, ""vertical_velocity"": -7.59}, ""kalman_altitude"": 0.5, ""kalman_vertical_velocity"": -7.59, ""pyroDrogue"": 0, ""pyroMain"": 0, ""pyro1_state"": 0, ""pyro2_state"": 0}"
1768306820.973231,2026-01-13T15:20:20.973231,2078,0,0,-0.7,0.07,0.63,-44.54,6.17,-9.05,-2.9,-3.63,0,0,0,203410,852.9,27.95,0.7,0,0,0,0,-84,0.69,-7.55,BEACON,"{""record_number"": 2078, ""operation_mode"": 0, ""state"": 0, ""battery_voltage"": 0, ""wifi_rssi"": -84, ""acc_data"": {""ax"": -0.7, ""ay"": 0.07, ""az"": 0.63, ""pitch"": -44.54, ""roll"": 6.17}, ""gyro_data"": {""gx"": -9.05, ""gy"": -2.9, ""gz"": -3.63}, ""gps_data"": {""latitude"": 0, ""longitude"": 0, ""gps_altitude"": 0, ""time"": 203410}, ""alt_data"": {""pressure"": 852.9, ""temperature"": 27.95, ""AGL"": 0.7, ""velocity"": 0, ""kalman_altitude"": 0.69, ""kalman_vertical_velocity"": -7.55}, ""chute_state"": {""pyro1_state"": 0, ""pyro2_state"": 0}, ""connection_status"": {""connected"": true, ""has_ever_connected"": true, ""packet_age_ms"": 0, ""timeout_exceeded"": false, ""rssi"": -84}, ""communication_mode"": ""BEACON"", ""timestamp"": 60489, ""packets_received"": 519, ""kalman_data"": {""altitude"": 0.69, ""vertical_velocity"": -7.55}, ""kalman_altitude"": 0.69, ""kalman_vertical_velocity"": -7.55, ""pyroDrogue"": 0, ""pyroMain"": 0, ""pyro1_state"": 0, ""pyro2_state"": 0}"
1768306821.058154,2026-01-13T15:20:21.058154,2080,0,0,-0.7,0.07,0.64,-44.82,6.45,-9.36,-3.57,-4.12,0,0,0,203410,852.91,27.97,0.65,0,0,0,0,-84,0.65,-7.56,BEACON,"{""record_number"": 2080, ""operation_mode"": 0, ""state"": 0, ""battery_voltage"": 0, ""wifi_rssi"": -84, ""acc_data"": {""ax"": -0.7, ""ay"": 0.07, ""az"": 0.64, ""pitch"": -44.82, ""roll"": 6.45}, ""gyro_data"": {""gx"": -9.36, ""gy"": -3.57, ""gz"": -4.12}, ""gps_data"": {""latitude"": 0, ""longitude"": 0, ""gps_altitude"": 0, ""time"": 203410}, ""alt_data"": {""pressure"": 852.91, ""temperature"": 27.97, ""AGL"": 0.65, ""velocity"": 0, ""kalman_altitude"": 0.65, ""kalman_vertical_velocity"": -7.56}, ""chute_state"": {""pyro1_state"": 0, ""pyro2_state"": 0}, ""connection_status"": {""connected"": true, ""has_ever_connected"": true, ""packet_age_ms"": 0, ""timeout_exceeded"": false, ""rssi"": -84}, ""communication_mode"": ""BEACON"", ""timestamp"": 60602, ""packets_received"": 520, ""kalman_data"": {""altitude"": 0.65, ""vertical_velocity"": -7.56}, ""kalman_altitude"": 0.65, ""kalman_vertical_velocity"": -7.56, ""pyroDrogue"": 0, ""pyroMain"": 0, ""pyro1_state"": 0, ""pyro2_state"": 0}"
1768306821.095153,2026-01-13T15:20:21.095153,2081,0,0,-0.7,0.07,0.64,-44.46,6.61,-8.75,-3.63,-3.08,0,0,0,203611,852.92,27.97,0.54,0,0,0,0,-84,0.54,-7.59,BEACON,"{""record_number"": 2081, ""operation_mode"": 0, ""state"": 0, ""battery_voltage"": 0, ""wifi_rssi"": -84, ""acc_data"": {""ax"": -0.7, ""ay"": 0.07, ""az"": 0.64, ""pitch"": -44.46, ""roll"": 6.61}, ""gyro_data"": {""gx"": -8.75, ""gy"": -3.63, ""gz"": -3.08}, ""gps_data"": {""latitude"": 0, ""longitude"": 0, ""gps_altitude"": 0, ""time"": 203611}, ""alt_data"": {""pressure"": 852.92, ""temperature"": 27.97, ""AGL"": 0.54, ""velocity"": 0, ""kalman_altitude"": 0.54, ""kalman_vertical_velocity"": -7.59}, ""chute_state"": {""pyro1_state"": 0, ""pyro2_state"": 0}, ""connection_status"": {""connected"": true, ""has_ever_connected"": true, ""packet_age_ms"": 0, ""timeout_exceeded"": false, ""rssi"": -84}, ""communication_mode"": ""BEACON"", ""timestamp"": 60736, ""packets_received"": 521, ""kalman_data"": {""altitude"": 0.54, ""vertical_velocity"": -7.59}, ""kalman_altitude"": 0.54, ""kalman_vertical_velocity"": -7.59, ""pyroDrogue"": 0, ""pyroMain"": 0, ""pyro1_state"": 0, ""pyro2_state"": 0}"
1768306821.17858,2026-01-13T15:20:21.178580,2082,0,0,-0.7,0.07,0.65,-44.27,5.83,-9.24,-3.45,-3.84,0,0,0,203611,852.94,27.97,0.32,0,0,0,0,-84,0.32,-7.64,BEACON,"{""record_number"": 2082, ""operation_mode"": 0, ""state"": 0, ""battery_voltage"": 0, ""wifi_rssi"": -84, ""acc_data"": {""ax"": -0.7, ""ay"": 0.07, ""az"": 0.65, ""pitch"": -44.27, ""roll"": 5.83}, ""gyro_data"": {""gx"": -9.24, ""gy"": -3.45, ""gz"": -3.84}, ""gps_data"": {""latitude"": 0, ""longitude"": 0, ""gps_altitude"": 0, ""time"": 203611}, ""alt_data"": {""pressure"": 852.94, ""temperature"": 27.97, ""AGL"": 0.32, ""velocity"": 0, ""kalman_altitude"": 0.32, ""kalman_vertical_velocity"": -7.64}, ""chute_state"": {""pyro1_state"": 0, ""pyro2_state"": 0}, ""connection_status"": {""connected"": true, ""has_ever_connected"": true, ""packet_age_ms"": 0, ""timeout_exceeded"": false, ""rssi"": -84}, ""communication_mode"": ""BEACON"", ""timestamp"": 60839, ""packets_received"": 522, ""kalman_data"": {""altitude"": 0.32, ""vertical_velocity"": -7.64}, ""kalman_altitude"": 0.32, ""kalman_vertical_velocity"": -7.64, ""pyroDrogue"": 0, ""pyroMain"": 0, ""pyro1_state"": 0, ""pyro2_state"": 0}"
1768306821.265579,2026-01-13T15:20:21.265579,2084,0,0,-0.7,0.07,0.63,-44.58,6.55,-9.45,-3.9,-2.9,0,0,0,203814,852.89,27.96,0.8,0,0,0,0,-84,0.79,-7.55,BEACON,"{""record_number"": 2084, ""operation_mode"": 0, ""state"": 0, ""battery_voltage"": 0, ""wifi_rssi"": -84, ""acc_data"": {""ax"": -0.7, ""ay"": 0.07, ""az"": 0.63, ""pitch"": -44.58, ""roll"": 6.55}, ""gyro_data"": {""gx"": -9.45, ""gy"": -3.9, ""gz"": -2.9}, ""gps_data"": {""latitude"": 0, ""longitude"": 0, ""gps_altitude"": 0, ""time"": 203814}, ""alt_data"": {""pressure"": 852.89, ""temperature"": 27.96, ""AGL"": 0.8, ""velocity"": 0, ""kalman_altitude"": 0.79, ""kalman_vertical_velocity"": -7.55}, ""chute_state"": {""pyro1_state"": 0, ""pyro2_state"": 0}, ""connection_status"": {""connected"": true, ""has_ever_connected"": true, ""packet_age_ms"": 1, ""timeout_exceeded"": false, ""rssi"": -84}, ""communication_mode"": ""BEACON"", ""timestamp"": 60943, ""packets_received"": 523, ""kalman_data"": {""altitude"": 0.79, ""vertical_velocity"": -7.55}, ""kalman_altitude"": 0.79, ""kalman_vertical_velocity"": -7.55, ""pyroDrogue"": 0, ""pyroMain"": 0, ""pyro1_state"": 0, ""pyro2_state"": 0}"
1768306821.343021,2026-01-13T15:20:21.343021,2085,0,0,-0.7,0.07,0.64,-44.7,6.1,-8.81,-3.57,-4.12,0,0,0,203814,852.95,27.98,0.2,0,0,0,0,-85,0.2,-7.68,BEACON,"{""record_number"": 2085, ""operation_mode"": 0, ""state"": 0, ""battery_voltage"": 0, ""wifi_rssi"": -85, ""acc_data"": {""ax"": -0.7, ""ay"": 0.07, ""az"": 0.64, ""pitch"": -44.7, ""roll"": 6.1}, ""gyro_data"": {""gx"": -8.81, ""gy"": -3.57, ""gz"": -4.12}, ""gps_data"": {""latitude"": 0, ""longitude"": 0, ""gps_altitude"": 0, ""time"": 203814}, ""alt_data"": {""pressure"": 852.95, ""temperature"": 27.98, ""AGL"": 0.2, ""velocity"": 0, ""kalman_altitude"": 0.2, ""kalman_vertical_velocity"": -7.68}, ""chute_state"": {""pyro1_state"": 0, ""pyro2_state"": 0}, ""connection_status"": {""connected"": true, ""has_ever_connected"": true, ""packet_age_ms"": 0, ""timeout_exceeded"": false, ""rssi"": -85}, ""communication_mode"": ""BEACON"", ""timestamp"": 61053, ""packets_received"": 524, ""kalman_data"": {""altitude"": 0.2, ""vertical_velocity"": -7.68}, ""kalman_altitude"": 0.2, ""kalman_vertical_velocity"": -7.68, ""pyroDrogue"": 0, ""pyroMain"": 0, ""pyro1_state"": 0, ""pyro2_state"": 0}"
1768306821.399053,2026-01-13T15:20:21.399053,2086,0,0,-0.7,0.07,0.64,-44.15,6.34,-9.24,-2.41,-3.96,0,0,0,204014,852.93,27.96,0.37,0,0,0,0,-82,0.36,-7.65,BEACON,"{""record_number"": 2086, ""operation_mode"": 0, ""state"": 0, ""battery_voltage"": 0, ""wifi_rssi"": -82, ""acc_data"": {""ax"": -0.7, ""ay"": 0.07, ""az"": 0.64, ""pitch"": -44.15, ""roll"": 6.34}, ""gyro_data"": {""gx"": -9.24, ""gy"": -2.41, ""gz"": -3.96}, ""gps_data"": {""latitude"": 0, ""longitude"": 0, ""gps_altitude"": 0, ""time"": 204014}, ""alt_data"": {""pressure"": 852.93, ""temperature"": 27.96, ""AGL"": 0.37, ""velocity"": 0, ""kalman_altitude"": 0.36, ""kalman_vertical_velocity"": -7.65}, ""chute_state"": {""pyro1_state"": 0, ""pyro2_state"": 0}, ""connection_status"": {""connected"": true, ""has_ever_connected"": true, ""packet_age_ms"": 0, ""timeout_exceeded"": false, ""rssi"": -82}, ""communication_mode"": ""BEACON"", ""timestamp"": 61167, ""packets_received"": 525, ""kalman_data"": {""altitude"": 0.36, ""vertical_velocity"": -7.65}, ""kalman_altitude"": 0.36, ""kalman_vertical_velocity"": -7.65, ""pyroDrogue"": 0, ""pyroMain"": 0, ""pyro1_state"": 0, ""pyro2_state"": 0}"
1768306821.462044,2026-01-13T15:20:21.462044,2088,0,0,-0.7,0.07,0.65,-44.34,6.09,-8.78,-3.45,-4.21,0,0,0,204215,852.96,27.98,0.06,0,0,0,0,-85,0.07,-7.72,BEACON,"{""record_number"": 2088, ""operation_mode"": 0, ""state"": 0, ""battery_voltage"": 0, ""wifi_rssi"": -85, ""acc_data"": {""ax"": -0.7, ""ay"": 0.07, ""az"": 0.65, ""pitch"": -44.34, ""roll"": 6.09}, ""gyro_data"": {""gx"": -8.78, ""gy"": -3.45, ""gz"": -4.21}, ""gps_data"": {""latitude"": 0, ""longitude"": 0, ""gps_altitude"": 0, ""time"": 204215}, ""alt_data"": {""pressure"": 852.96, ""temperature"": 27.98, ""AGL"": 0.06, ""velocity"": 0, ""kalman_altitude"": 0.07, ""kalman_vertical_velocity"": -7.72}, ""chute_state"": {""pyro1_state"": 0, ""pyro2_state"": 0}, ""connection_status"": {""connected"": true, ""has_ever_connected"": true, ""packet_age_ms"": 0, ""timeout_exceeded"": false, ""rssi"": -85}, ""communication_mode"": ""BEACON"", ""timestamp"": 61279, ""packets_received"": 526, ""kalman_data"": {""altitude"": 0.07, ""vertical_velocity"": -7.72}, ""kalman_altitude"": 0.07, ""kalman_vertical_velocity"": -7.72, ""pyroDrogue"": 0, ""pyroMain"": 0, ""pyro1_state"": 0, ""pyro2_state"": 0}"
1768306821.746406,2026-01-13T15:20:21.746406,2089,0,0,-0.69,0.07,0.65,-44.27,6.48,-8.72,-4.02,-3.87,0,0,0,204215,852.96,27.98,0.13,0,0,0,0,-83,0.13,-7.71,BEACON,"{""record_number"": 2089, ""operation_mode"": 0, ""state"": 0, ""battery_voltage"": 0, ""wifi_rssi"": -83, ""acc_data"": {""ax"": -0.69, ""ay"": 0.07, ""az"": 0.65, ""pitch"": -44.27, ""roll"": 6.48}, ""gyro_data"": {""gx"": -8.72, ""gy"": -4.02, ""gz"": -3.87}, ""gps_data"": {""latitude"": 0, ""longitude"": 0, ""gps_altitude"": 0, ""time"": 204215}, ""alt_data"": {""pressure"": 852.96, ""temperature"": 27.98, ""AGL"": 0.13, ""velocity"": 0, ""kalman_altitude"": 0.13, ""kalman_vertical_velocity"": -7.71}, ""chute_state"": {""pyro1_state"": 0, ""pyro2_state"": 0}, ""connection_status"": {""connected"": true, ""has_ever_connected"": true, ""packet_age_ms"": 0, ""timeout_exceeded"": false, ""rssi"": -83}, ""communication_mode"": ""BEACON"", ""timestamp"": 61392, ""packets_received"": 527, ""kalman_data"": {""altitude"": 0.13, ""vertical_velocity"": -7.71}, ""kalman_altitude"": 0.13, ""kalman_vertical_velocity"": -7.71, ""pyroDrogue"": 0, ""pyroMain"": 0, ""pyro1_state"": 0, ""pyro2_state"": 0}"
1768306821.845084,2026-01-13T15:20:21.845084,2090,0,0,-0.7,0.07,0.64,-44.78,6.61,-9.09,-2.9,-3.9,0,0,0,204415,852.96,27.98,0.13,0,0,0,0,-83,0.13,-7.71,BEACON,"{""record_number"": 2090, ""operation_mode"": 0, ""state"": 0, ""battery_voltage"": 0, ""wifi_rssi"": -83, ""acc_data"": {""ax"": -0.7, ""ay"": 0.07, ""az"": 0.64, ""pitch"": -44.78, ""roll"": 6.61}, ""gyro_data"": {""gx"": -9.09, ""gy"": -2.9, ""gz"": -3.9}, ""gps_data"": {""latitude"": 0, ""longitude"": 0, ""gps_altitude"": 0, ""time"": 204415}, ""alt_data"": {""pressure"": 852.96, ""temperature"": 27.98, ""AGL"": 0.13, ""velocity"": 0, ""kalman_altitude"": 0.13, ""kalman_vertical_velocity"": -7.71}, ""chute_state"": {""pyro1_state"": 0, ""pyro2_state"": 0}, ""connection_status"": {""connected"": true, ""has_ever_connected"": true, ""packet_age_ms"": 0, ""timeout_exceeded"": false, ""rssi"": -83}, ""communication_mode"": ""BEACON"", ""timestamp"": 61505, ""packets_received"": 528, ""kalman_data"": {""altitude"": 0.13, ""vertical_velocity"": -7.71}, ""kalman_altitude"": 0.13, ""kalman_vertical_velocity"": -7.71, ""pyroDrogue"": 0, ""pyroMain"": 0, ""pyro1_state"": 0, ""pyro2_state"": 0}"
1768306821.927199,2026-01-13T15:20:21.927199,2092,0,0,-0.7,0.07,0.64,-44.46,6.34,-9.63,-2.68,-3.99,0,0,0,204415,852.92,27.97,0.46,0,0,0,0,-84,0.46,-7.65,BEACON,"{""record_number"": 2092, ""operation_mode"": 0, ""state"": 0, ""battery_voltage"": 0, ""wifi_rssi"": -84, ""acc_data"": {""ax"": -0.7, ""ay"": 0.07, ""az"": 0.64, ""pitch"": -44.46, ""roll"": 6.34}, ""gyro_data"": {""gx"": -9.63, ""gy"": -2.68, ""gz"": -3.99}, ""gps_data"": {""latitude"": 0, ""longitude"": 0, ""gps_altitude"": 0, ""time"": 204415}, ""alt_data"": {""pressure"": 852.92, ""temperature"": 27.97, ""AGL"": 0.46, ""velocity"": 0, ""kalman_altitude"": 0.46, ""kalman_vertical_velocity"": -7.65}, ""chute_state"": {""pyro1_state"": 0, ""pyro2_state"": 0}, ""connection_status"": {""connected"": true, ""has_ever_connected"": true, ""packet_age_ms"": 0, ""timeout_exceeded"": false, ""rssi"": -84}, ""communication_mode"": ""BEACON"", ""timestamp"": 61618, ""packets_received"": 529, ""kalman_data"": {""altitude"": 0.46, ""vertical_velocity"": -7.65}, ""kalman_altitude"": 0.46, ""kalman_vertical_velocity"": -7.65, ""pyroDrogue"": 0, ""pyroMain"": 0, ""pyro1_state"": 0, ""pyro2_state"": 0}"
1768306822.077202,2026-01-13T15:20:22.077202,2093,0,0,-0.7,0.07,0.65,-44.07,6.56,-9.39,-3.11,-3.96,0,0,0,204616,852.92,27.97,0.5,0,0,0,0,-83,0.5,-7.65,BEACON,"{""record_number"": 2093, ""operation_mode"": 0, ""state"": 0, ""battery_voltage"": 0, ""wifi_rssi"": -83, ""acc_data"": {""ax"": -0.7, ""ay"": 0.07, ""az"": 0.65, ""pitch"": -44.07, ""roll"": 6.56}, ""gyro_data"": {""gx"": -9.39, ""gy"": -3.11, ""gz"": -3.96}, ""gps_data"": {""latitude"": 0, ""longitude"": 0, ""gps_altitude"": 0, ""time"": 204616}, ""alt_data"": {""pressure"": 852.92, ""temperature"": 27.97, ""AGL"": 0.5, ""velocity"": 0, ""kalman_altitude"": 0.5, ""kalman_vertical_velocity"": -7.65}, ""chute_state"": {""pyro1_state"": 0, ""pyro2_state"": 0}, ""connection_status"": {""connected"": true, ""has_ever_connected"": true, ""packet_age_ms"": 0, ""timeout_exceeded"": false, ""rssi"": -83}, ""communication_mode"": ""BEACON"", ""timestamp"": 61731, ""packets_received"": 530, ""kalman_data"": {""altitude"": 0.5, ""vertical_velocity"": -7.65}, ""kalman_altitude"": 0.5, ""kalman_vertical_velocity"": -7.65, ""pyroDrogue"": 0, ""pyroMain"": 0, ""pyro1_state"": 0, ""pyro2_state"": 0}"
1768306822.158202,2026-01-13T15:20:22.158202,2094,0,0,-0.7,0.07,0.63,-43.8,6.15,-9.24,-3.38,-3.87,0,0,0,204616,852.94,27.97,0.32,0,0,0,0,-83,0.32,-7.69,BEACON,"{""record_number"": 2094, ""operation_mode"": 0, ""state"": 0, ""battery_voltage"": 0, ""wifi_rssi"": -83, ""acc_data"": {""ax"": -0.7, ""ay"": 0.07, ""az"": 0.63, ""pitch"": -43.8, ""roll"": 6.15}, ""gyro_data"": {""gx"": -9.24, ""gy"": -3.38, ""gz"": -3.87}, ""gps_data"": {""latitude"": 0, ""longitude"": 0, ""gps_altitude"": 0, ""time"": 204616}, ""alt_data"": {""pressure"": 852.94, ""temperature"": 27.97, ""AGL"": 0.32, ""velocity"": 0, ""kalman_altitude"": 0.32, ""kalman_vertical_velocity"": -7.69}, ""chute_state"": {""pyro1_state"": 0, ""pyro2_state"": 0}, ""connection_status"": {""connected"": true, ""has_ever_connected"": true, ""packet_age_ms"": 1, ""timeout_exceeded"": false, ""rssi"": -83}, ""communication_mode"": ""BEACON"", ""timestamp"": 61844, ""packets_received"": 531, ""kalman_data"": {""altitude"": 0.32, ""vertical_velocity"": -7.69}, ""kalman_altitude"": 0.32, ""kalman_vertical_velocity"": -7.69, ""pyroDrogue"": 0, ""pyroMain"": 0, ""pyro1_state"": 0, ""pyro2_state"": 0}"
1768306822.207199,2026-01-13T15:20:22.207199,2096,0,0,-0.7,0.07,0.64,-44.89,6.29,-9.33,-3.11,-4.02,0,0,0,204819,852.92,27.97,0.5,0,0,0,0,-83,0.49,-7.66,BEACON,"{""record_number"": 2096, ""operation_mode"": 0, ""state"": 0, ""battery_voltage"": 0, ""wifi_rssi"": -83, ""acc_data"": {""ax"": -0.7, ""ay"": 0.07, ""az"": 0.64, ""pitch"": -44.89, ""roll"": 6.29}, ""gyro_data"": {""gx"": -9.33, ""gy"": -3.11, ""gz"": -4.02}, ""gps_data"": {""latitude"": 0, ""longitude"": 0, ""gps_altitude"": 0, ""time"": 204819}, ""alt_data"": {""pressure"": 852.92, ""temperature"": 27.97, ""AGL"": 0.5, ""velocity"": 0, ""kalman_altitude"": 0.49, ""kalman_vertical_velocity"": -7.66}, ""chute_state"": {""pyro1_state"": 0, ""pyro2_state"": 0}, ""connection_status"": {""connected"": true, ""has_ever_connected"": true, ""packet_age_ms"": 1, ""timeout_exceeded"": false, ""rssi"": -83}, ""communication_mode"": ""BEACON"", ""timestamp"": 61957, ""packets_received"": 532, ""kalman_data"": {""altitude"": 0.49, ""vertical_velocity"": -7.66}, ""kalman_altitude"": 0.49, ""kalman_vertical_velocity"": -7.66, ""pyroDrogue"": 0, ""pyroMain"": 0, ""pyro1_state"": 0, ""pyro2_state"": 0}"
1768306822.264915,2026-01-13T15:20:22.264915,2097,0,0,-0.71,0.07,0.65,-44.62,6.47,-9.57,-2.99,-3.29,0,0,0,205019,852.91,27.97,0.58,0,0,0,0,-84,0.58,-7.65,BEACON,"{""record_number"": 2097, ""operation_mode"": 0, ""state"": 0, ""battery_voltage"": 0, ""wifi_rssi"": -84, ""acc_data"": {""ax"": -0.71, ""ay"": 0.07, ""az"": 0.65, ""pitch"": -44.62, ""roll"": 6.47}, ""gyro_data"": {""gx"": -9.57, ""gy"": -2.99, ""gz"": -3.29}, ""gps_data"": {""latitude"": 0, ""longitude"": 0, ""gps_altitude"": 0, ""time"": 205019}, ""alt_data"": {""pressure"": 852.91, ""temperature"": 27.97, ""AGL"": 0.58, ""velocity"": 0, ""kalman_altitude"": 0.58, ""kalman_vertical_velocity"": -7.65}, ""chute_state"": {""pyro1_state"": 0, ""pyro2_state"": 0}, ""connection_status"": {""connected"": true, ""has_ever_connected"": true, ""packet_age_ms"": 0, ""timeout_exceeded"": false, ""rssi"": -84}, ""communication_mode"": ""BEACON"", ""timestamp"": 62069, ""packets_received"": 533, ""kalman_data"": {""altitude"": 0.58, ""vertical_velocity"": -7.65}, ""kalman_altitude"": 0.58, ""kalman_vertical_velocity"": -7.65, ""pyroDrogue"": 0, ""pyroMain"": 0, ""pyro1_state"": 0, ""pyro2_state"": 0}"
1768306822.318917,2026-01-13T15:20:22.318917,2098,0,0,-0.7,0.07,0.65,-44.7,6.12,-9.85,-2.84,-4.3,0,0,0,205019,852.92,27.98,0.49,0,0,0,0,-83,0.49,-7.67,BEACON,"{""record_number"": 2098, ""operation_mode"": 0, ""state"": 0, ""battery_voltage"": 0, ""wifi_rssi"": -83, ""acc_data"": {""ax"": -0.7, ""ay"": 0.07, ""az"": 0.65, ""pitch"": -44.7, ""roll"": 6.12}, ""gyro_data"": {""gx"": -9.85, ""gy"": -2.84, ""gz"": -4.3}, ""gps_data"": {""latitude"": 0, ""longitude"": 0, ""gps_altitude"": 0, ""time"": 205019}, ""alt_data"": {""pressure"": 852.92, ""temperature"": 27.98, ""AGL"": 0.49, ""velocity"": 0, ""kalman_altitude"": 0.49, ""kalman_vertical_velocity"": -7.67}, ""chute_state"": {""pyro1_state"": 0, ""pyro2_state"": 0}, ""connection_status"": {""connected"": true, ""has_ever_connected"": true, ""packet_age_ms"": 1, ""timeout_exceeded"": false, ""rssi"": -83}, ""communication_mode"": ""BEACON"", ""timestamp"": 62181, ""packets_received"": 534, ""kalman_data"": {""altitude"": 0.49, ""vertical_velocity"": -7.67}, ""kalman_altitude"": 0.49, ""kalman_vertical_velocity"": -7.67, ""pyroDrogue"": 0, ""pyroMain"": 0, ""pyro1_state"": 0, ""pyro2_state"": 0}"
1768306822.36491,2026-01-13T15:20:22.364910,2100,0,0,-0.7,0.07,0.64,-45.05,6.35,-9.39,-3.6,-3.35,0,0,0,205219,852.95,27.98,0.2,0,0,0,0,-84,0.2,-7.73,BEACON,"{""record_number"": 2100, ""operation_mode"": 0, ""state"": 0, ""battery_voltage"": 0, ""wifi_rssi"": -84, ""acc_data"": {""ax"": -0.7, ""ay"": 0.07, ""az"": 0.64, ""pitch"": -45.05, ""roll"": 6.35}, ""gyro_data"": {""gx"": -9.39, ""gy"": -3.6, ""gz"": -3.35}, ""gps_data"": {""latitude"": 0, ""longitude"": 0, ""gps_altitude"": 0, ""time"": 205219}, ""alt_data"": {""pressure"": 852.95, ""temperature"": 27.98, ""AGL"": 0.2, ""velocity"": 0, ""kalman_altitude"": 0.2, ""kalman_vertical_velocity"": -7.73}, ""chute_state"": {""pyro1_state"": 0, ""pyro2_state"": 0}, ""connection_status"": {""connected"": true, ""has_ever_connected"": true, ""packet_age_ms"": 0, ""timeout_exceeded"": false, ""rssi"": -84}, ""communication_mode"": ""BEACON"", ""timestamp"": 62292, ""packets_received"": 535, ""kalman_data"": {""altitude"": 0.2, ""vertical_velocity"": -7.73}, ""kalman_altitude"": 0.2, ""kalman_vertical_velocity"": -7.73, ""pyroDrogue"": 0, ""pyroMain"": 0, ""pyro1_state"": 0, ""pyro2_state"": 0}"
1768306822.410913,2026-01-13T15:20:22.410913,2101,0,0,-0.7,0.07,0.64,-44.23,6.8,-8.75,-2.74,-2.71,0,0,0,205219,852.96,27.98,0.13,0,0,0,0,-83,0.14,-7.75,BEACON,"{""record_number"": 2101, ""operation_mode"": 0, ""state"": 0, ""battery_voltage"": 0, ""wifi_rssi"": -83, ""acc_data"": {""ax"": -0.7, ""ay"": 0.07, ""az"": 0.64, ""pitch"": -44.23, ""roll"": 6.8}, ""gyro_data"": {""gx"": -8.75, ""gy"": -2.74, ""gz"": -2.71}, ""gps_data"": {""latitude"": 0, ""longitude"": 0, ""gps_altitude"": 0, ""time"": 205219}, ""alt_data"": {""pressure"": 852.96, ""temperature"": 27.98, ""AGL"": 0.13, ""velocity"": 0, ""kalman_altitude"": 0.14, ""kalman_vertical_velocity"": -7.75}, ""chute_state"": {""pyro1_state"": 0, ""pyro2_state"": 0}, ""connection_status"": {""connected"": true, ""has_ever_connected"": true, ""packet_age_ms"": 0, ""timeout_exceeded"": false, ""rssi"": -83}, ""communication_mode"": ""BEACON"", ""timestamp"": 62405, ""packets_received"": 536, ""kalman_data"": {""altitude"": 0.14, ""vertical_velocity"": -7.75}, ""kalman_altitude"": 0.14, ""kalman_vertical_velocity"": -7.75, ""pyroDrogue"": 0, ""pyroMain"": 0, ""pyro1_state"": 0, ""pyro2_state"": 0}"
1768306822.449134,2026-01-13T15:20:22.449134,2102,0,0,-0.7,0.07,0.64,-44.3,5.96,-9.94,-3.41,-4.02,0,0,0,205419,852.91,27.97,0.57,0,0,0,0,-83,0.56,-7.67,BEACON,"{""record_number"": 2102, ""operation_mode"": 0, ""state"": 0, ""battery_voltage"": 0, ""wifi_rssi"": -83, ""acc_data"": {""ax"": -0.7, ""ay"": 0.07, ""az"": 0.64, ""pitch"": -44.3, ""roll"": 5.96}, ""gyro_data"": {""gx"": -9.94, ""gy"": -3.41, ""gz"": -4.02}, ""gps_data"": {""latitude"": 0, ""longitude"": 0, ""gps_altitude"": 0, ""time"": 205419}, ""alt_data"": {""pressure"": 852.91, ""temperature"": 27.97, ""AGL"": 0.57, ""velocity"": 0, ""kalman_altitude"": 0.56, ""kalman_vertical_velocity"": -7.67}, ""chute_state"": {""pyro1_state"": 0, ""pyro2_state"": 0}, ""connection_status"": {""connected"": true, ""has_ever_connected"": true, ""packet_age_ms"": 0, ""timeout_exceeded"": false, ""rssi"": -83}, ""communication_mode"": ""BEACON"", ""timestamp"": 62518, ""packets_received"": 537, ""kalman_data"": {""altitude"": 0.56, ""vertical_velocity"": -7.67}, ""kalman_altitude"": 0.56, ""kalman_vertical_velocity"": -7.67, ""pyroDrogue"": 0, ""pyroMain"": 0, ""pyro1_state"": 0, ""pyro2_state"": 0}"
1768306822.494137,2026-01-13T15:20:22.494137,2103,0,0,-0.7,0.07,0.63,-43.99,6.53,-9.24,-2.41,-3.81,0,0,0,205419,852.92,27.98,0.53,0,0,0,0,-84,0.53,-7.68,BEACON,"{""record_number"": 2103, ""operation_mode"": 0, ""state"": 0, ""battery_voltage"": 0, ""wifi_rssi"": -84, ""acc_data"": {""ax"": -0.7, ""ay"": 0.07, ""az"": 0.63, ""pitch"": -43.99, ""roll"": 6.53}, ""gyro_data"": {""gx"": -9.24, ""gy"": -2.41, ""gz"": -3.81}, ""gps_data"": {""latitude"": 0, ""longitude"": 0, ""gps_altitude"": 0, ""time"": 205419}, ""alt_data"": {""pressure"": 852.92, ""temperature"": 27.98, ""AGL"": 0.53, ""velocity"": 0, ""kalman_altitude"": 0.53, ""kalman_vertical_velocity"": -7.68}, ""chute_state"": {""pyro1_state"": 0, ""pyro2_state"": 0}, ""connection_status"": {""connected"": true, ""has_ever_connected"": true, ""packet_age_ms"": 1, ""timeout_exceeded"": false, ""rssi"": -84}, ""communication_mode"": ""BEACON"", ""timestamp"": 62631, ""packets_received"": 538, ""kalman_data"": {""altitude"": 0.53, ""vertical_velocity"": -7.68}, ""kalman_altitude"": 0.53, ""kalman_vertical_velocity"": -7.68, ""pyroDrogue"": 0, ""pyroMain"": 0, ""pyro1_state"": 0, ""pyro2_state"": 0}"
1768306822.565137,2026-01-13T15:20:22.565137,2105,0,0,-0.7,0.07,0.64,-44.38,6.36,-9.02,-3.75,-4.39,0,0,0,205620,852.93,27.98,0.38,0,0,0,0,-80,0.38,-7.72,BEACON,"{""record_number"": 2105, ""operation_mode"": 0, ""state"": 0, ""battery_voltage"": 0, ""wifi_rssi"": -80, ""acc_data"": {""ax"": -0.7, ""ay"": 0.07, ""az"": 0.64, ""pitch"": -44.38, ""roll"": 6.36}, ""gyro_data"": {""gx"": -9.02, ""gy"": -3.75, ""gz"": -4.39}, ""gps_data"": {""latitude"": 0, ""longitude"": 0, ""gps_altitude"": 0, ""time"": 205620}, ""alt_data"": {""pressure"": 852.93, ""temperature"": 27.98, ""AGL"": 0.38, ""velocity"": 0, ""kalman_altitude"": 0.38, ""kalman_vertical_velocity"": -7.72}, ""chute_state"": {""pyro1_state"": 0, ""pyro2_state"": 0}, ""connection_status"": {""connected"": true, ""has_ever_connected"": true, ""packet_age_ms"": 0, ""timeout_exceeded"": false, ""rssi"": -80}, ""communication_mode"": ""BEACON"", ""timestamp"": 62743, ""packets_received"": 539, ""kalman_data"": {""altitude"": 0.38, ""vertical_velocity"": -7.72}, ""kalman_altitude"": 0.38, ""kalman_vertical_velocity"": -7.72, ""pyroDrogue"": 0, ""pyroMain"": 0, ""pyro1_state"": 0, ""pyro2_state"": 0}"
1768306822.629137,2026-01-13T15:20:22.629137,2106,0,0,-0.7,0.08,0.65,-43.88,5.99,-8.9,-2.32,-3.6,0,0,0,205620,852.88,27.97,0.86,0,0,0,0,-82,0.85,-7.63,BEACON,"{""record_number"": 2106, ""operation_mode"": 0, ""state"": 0, ""battery_voltage"": 0, ""wifi_rssi"": -82, ""acc_data"": {""ax"": -0.7, ""ay"": 0.08, ""az"": 0.65, ""pitch"": -43.88, ""roll"": 5.99}, ""gyro_data"": {""gx"": -8.9, ""gy"": -2.32, ""gz"": -3.6}, ""gps_data"": {""latitude"": 0, ""longitude"": 0, ""gps_altitude"": 0, ""time"": 205620}, ""alt_data"": {""pressure"": 852.88, ""temperature"": 27.97, ""AGL"": 0.86, ""velocity"": 0, ""kalman_altitude"": 0.85, ""kalman_vertical_velocity"": -7.63}, ""chute_state"": {""pyro1_state"": 0, ""pyro2_state"": 0}, ""connection_status"": {""connected"": true, ""has_ever_connected"": true, ""packet_age_ms"": 0, ""timeout_exceeded"": false, ""rssi"": -82}, ""communication_mode"": ""BEACON"", ""timestamp"": 62856, ""packets_received"": 540, ""kalman_data"": {""altitude"": 0.85, ""vertical_velocity"": -7.63}, ""kalman_altitude"": 0.85, ""kalman_vertical_velocity"": -7.63, ""pyroDrogue"": 0, ""pyroMain"": 0, ""pyro1_state"": 0, ""pyro2_state"": 0}"
1768306822.679137,2026-01-13T15:20:22.679137,2108,0,0,-0.7,0.07,0.64,-44.58,5.82,-9.76,-3.66,-2.99,0,0,0,205823,852.92,27.98,0.53,0,0,0,0,-81,0.53,-7.7,BEACON,"{""record_number"": 2108, ""operation_mode"": 0, ""state"": 0, ""battery_voltage"": 0, ""wifi_rssi"": -81, ""acc_data"": {""ax"": -0.7, ""ay"": 0.07, ""az"": 0.64, ""pitch"": -44.58, ""roll"": 5.82}, ""gyro_data"": {""gx"": -9.76, ""gy"": -3.66, ""gz"": -2.99}, ""gps_data"": {""latitude"": 0, ""longitude"": 0, ""gps_altitude"": 0, ""time"": 205823}, ""alt_data"": {""pressure"": 852.92, ""temperature"": 27.98, ""AGL"": 0.53, ""velocity"": 0, ""kalman_altitude"": 0.53, ""kalman_vertical_velocity"": -7.7}, ""chute_state"": {""pyro1_state"": 0, ""pyro2_state"": 0}, ""connection_status"": {""connected"": true, ""has_ever_connected"": true, ""packet_age_ms"": 0, ""timeout_exceeded"": false, ""rssi"": -81}, ""communication_mode"": ""BEACON"", ""timestamp"": 62969, ""packets_received"": 541, ""kalman_data"": {""altitude"": 0.53, ""vertical_velocity"": -7.7}, ""kalman_altitude"": 0.53, ""kalman_vertical_velocity"": -7.7, ""pyroDrogue"": 0, ""pyroMain"": 0, ""pyro1_state"": 0, ""pyro2_state"": 0}"
1768306822.72714,2026-01-13T15:20:22.727140,2109,0,0,-0.7,0.07,0.65,-44.66,5.96,-9.09,-1.4,-4.12,0,0,0,206024,852.89,27.97,0.83,0,0,0,0,-81,0.83,-7.64,BEACON,"{""record_number"": 2109, ""operation_mode"": 0, ""state"": 0, ""battery_voltage"": 0, ""wifi_rssi"": -81, ""acc_data"": {""ax"": -0.7, ""ay"": 0.07, ""az"": 0.65, ""pitch"": -44.66, ""roll"": 5.96}, ""gyro_data"": {""gx"": -9.09, ""gy"": -1.4, ""gz"": -4.12}, ""gps_data"": {""latitude"": 0, ""longitude"": 0, ""gps_altitude"": 0, ""time"": 206024}, ""alt_data"": {""pressure"": 852.89, ""temperature"": 27.97, ""AGL"": 0.83, ""velocity"": 0, ""kalman_altitude"": 0.83, ""kalman_vertical_velocity"": -7.64}, ""chute_state"": {""pyro1_state"": 0, ""pyro2_state"": 0}, ""connection_status"": {""connected"": true, ""has_ever_connected"": true, ""packet_age_ms"": 1, ""timeout_exceeded"": false, ""rssi"": -81}, ""communication_mode"": ""BEACON"", ""timestamp"": 63082, ""packets_received"": 542, ""kalman_data"": {""altitude"": 0.83, ""vertical_velocity"": -7.64}, ""kalman_altitude"": 0.83, ""kalman_vertical_velocity"": -7.64, ""pyroDrogue"": 0, ""pyroMain"": 0, ""pyro1_state"": 0, ""pyro2_state"": 0}"
1768306822.805789,2026-01-13T15:20:22.805789,2110,0,0,-0.7,0.07,0.64,-44.27,6.08,-8.2,-4.09,-3.45,0,0,0,206024,852.92,27.97,0.5,0,0,0,0,-80,0.5,-7.71,BEACON,"{""record_number"": 2110, ""operation_mode"": 0, ""state"": 0, ""battery_voltage"": 0, ""wifi_rssi"": -80, ""acc_data"": {""ax"": -0.7, ""ay"": 0.07, ""az"": 0.64, ""pitch"": -44.27, ""roll"": 6.08}, ""gyro_data"": {""gx"": -8.2, ""gy"": -4.09, ""gz"": -3.45}, ""gps_data"": {""latitude"": 0, ""longitude"": 0, ""gps_altitude"": 0, ""time"": 206024}, ""alt_data"": {""pressure"": 852.92, ""temperature"": 27.97, ""AGL"": 0.5, ""velocity"": 0, ""kalman_altitude"": 0.5, ""kalman_vertical_velocity"": -7.71}, ""chute_state"": {""pyro1_state"": 0, ""pyro2_state"": 0}, ""connection_status"": {""connected"": true, ""has_ever_connected"": true, ""packet_age_ms"": 0, ""timeout_exceeded"": false, ""rssi"": -80}, ""communication_mode"": ""BEACON"", ""timestamp"": 63194, ""packets_received"": 543, ""kalman_data"": {""altitude"": 0.5, ""vertical_velocity"": -7.71}, ""kalman_altitude"": 0.5, ""kalman_vertical_velocity"": -7.71, ""pyroDrogue"": 0, ""pyroMain"": 0, ""pyro1_state"": 0, ""pyro2_state"": 0}"
1768306822.92079,2026-01-13T15:20:22.920790,2111,0,0,-0.7,0.07,0.64,-44.62,6.58,-10.24,-2.38,-3.23,0,0,0,206223,852.91,27.98,0.56,0,0,0,0,-81,0.56,-7.71,BEACON,"{""record_number"": 2111, ""operation_mode"": 0, ""state"": 0, ""battery_voltage"": 0, ""wifi_rssi"": -81, ""acc_data"": {""ax"": -0.7, ""ay"": 0.07, ""az"": 0.64, ""pitch"": -44.62, ""roll"": 6.58}, ""gyro_data"": {""gx"": -10.24, ""gy"": -2.38, ""gz"": -3.23}, ""gps_data"": {""latitude"": 0, ""longitude"": 0, ""gps_altitude"": 0, ""time"": 206223}, ""alt_data"": {""pressure"": 852.91, ""temperature"": 27.98, ""AGL"": 0.56, ""velocity"": 0, ""kalman_altitude"": 0.56, ""kalman_vertical_velocity"": -7.71}, ""chute_state"": {""pyro1_state"": 0, ""pyro2_state"": 0}, ""connection_status"": {""connected"": true, ""has_ever_connected"": true, ""packet_age_ms"": 0, ""timeout_exceeded"": false, ""rssi"": -81}, ""communication_mode"": ""BEACON"", ""timestamp"": 63306, ""packets_received"": 544, ""kalman_data"": {""altitude"": 0.56, ""vertical_velocity"": -7.71}, ""kalman_altitude"": 0.56, ""kalman_vertical_velocity"": -7.71, ""pyroDrogue"": 0, ""pyroMain"": 0, ""pyro1_state"": 0, ""pyro2_state"": 0}"
1768306823.046645,2026-01-13T15:20:23.046645,2113,0,0,-0.7,0.07,0.64,-44.93,6.04,-9.3,-3.48,-4.27,0,0,0,206223,852.94,27.99,0.34,0,0,0,0,-80,0.34,-7.76,BEACON,"{""record_number"": 2113, ""operation_mode"": 0, ""state"": 0, ""battery_voltage"": 0, ""wifi_rssi"": -80, ""acc_data"": {""ax"": -0.7, ""ay"": 0.07, ""az"": 0.64, ""pitch"": -44.93, ""roll"": 6.04}, ""gyro_data"": {""gx"": -9.3, ""gy"": -3.48, ""gz"": -4.27}, ""gps_data"": {""latitude"": 0, ""longitude"": 0, ""gps_altitude"": 0, ""time"": 206223}, ""alt_data"": {""pressure"": 852.94, ""temperature"": 27.99, ""AGL"": 0.34, ""velocity"": 0, ""kalman_altitude"": 0.34, ""kalman_vertical_velocity"": -7.76}, ""chute_state"": {""pyro1_state"": 0, ""pyro2_state"": 0}, ""connection_status"": {""connected"": true, ""has_ever_connected"": true, ""packet_age_ms"": 0, ""timeout_exceeded"": false, ""rssi"": -80}, ""communication_mode"": ""BEACON"", ""timestamp"": 63418, ""packets_received"": 545, ""kalman_data"": {""altitude"": 0.34, ""vertical_velocity"": -7.76}, ""kalman_altitude"": 0.34, ""kalman_vertical_velocity"": -7.76, ""pyroDrogue"": 0, ""pyroMain"": 0, ""pyro1_state"": 0, ""pyro2_state"": 0}"
1768306823.171968,2026-01-13T15:20:23.171968,2114,0,0,-0.7,0.07,0.64,-44.11,6.71,-9.48,-3.48,-3.66,0,0,0,206424,852.89,27.97,0.79,0,0,0,0,-80,0.79,-7.67,BEACON,"{""record_number"": 2114, ""operation_mode"": 0, ""state"": 0, ""battery_voltage"": 0, ""wifi_rssi"": -80, ""acc_data"": {""ax"": -0.7, ""ay"": 0.07, ""az"": 0.64, ""pitch"": -44.11, ""roll"": 6.71}, ""gyro_data"": {""gx"": -9.48, ""gy"": -3.48, ""gz"": -3.66}, ""gps_data"": {""latitude"": 0, ""longitude"": 0, ""gps_altitude"": 0, ""time"": 206424}, ""alt_data"": {""pressure"": 852.89, ""temperature"": 27.97, ""AGL"": 0.79, ""velocity"": 0, ""kalman_altitude"": 0.79, ""kalman_vertical_velocity"": -7.67}, ""chute_state"": {""pyro1_state"": 0, ""pyro2_state"": 0}, ""connection_status"": {""connected"": true, ""has_ever_connected"": true, ""packet_age_ms"": 0, ""timeout_exceeded"": false, ""rssi"": -80}, ""communication_mode"": ""BEACON"", ""timestamp"": 63531, ""packets_received"": 546, ""kalman_data"": {""altitude"": 0.79, ""vertical_velocity"": -7.67}, ""kalman_altitude"": 0.79, ""kalman_vertical_velocity"": -7.67, ""pyroDrogue"": 0, ""pyroMain"": 0, ""pyro1_state"": 0, ""pyro2_state"": 0}"
1768306823.217361,2026-01-13T15:20:23.217361,2115,0,0,-0.7,0.07,0.64,-45.21,6.23,-8.41,-2.68,-3.35,0,0,0,206424,852.86,27.97,1.11,0,0,0,0,-79,1.1,-7.61,BEACON,"{""record_number"": 2115, ""operation_mode"": 0, ""state"": 0, ""battery_voltage"": 0, ""wifi_rssi"": -79, ""acc_data"": {""ax"": -0.7, ""ay"": 0.07, ""az"": 0.64, ""pitch"": -45.21, ""roll"": 6.23}, ""gyro_data"": {""gx"": -8.41, ""gy"": -2.68, ""gz"": -3.35}, ""gps_data"": {""latitude"": 0, ""longitude"": 0, ""gps_altitude"": 0, ""time"": 206424}, ""alt_data"": {""pressure"": 852.86, ""temperature"": 27.97, ""AGL"": 1.11, ""velocity"": 0, ""kalman_altitude"": 1.1, ""kalman_vertical_velocity"": -7.61}, ""chute_state"": {""pyro1_state"": 0, ""pyro2_state"": 0}, ""connection_status"": {""connected"": true, ""has_ever_connected"": true, ""packet_age_ms"": 0, ""timeout_exceeded"": false, ""rssi"": -79}, ""communication_mode"": ""BEACON"", ""timestamp"": 63644, ""packets_received"": 547, ""kalman_data"": {""altitude"": 1.1, ""vertical_velocity"": -7.61}, ""kalman_altitude"": 1.1, ""kalman_vertical_velocity"": -7.61, ""pyroDrogue"": 0, ""pyroMain"": 0, ""pyro1_state"": 0, ""pyro2_state"": 0}"
1768306823.314347,2026-01-13T15:20:23.314347,2117,0,0,-0.71,0.07,0.64,-44.46,6.06,-9.51,-2.35,-3.69,0,0,0,206625,852.87,27.97,0.97,0,0,0,0,-81,0.97,-7.64,BEACON,"{""record_number"": 2117, ""operation_mode"": 0, ""state"": 0, ""battery_voltage"": 0, ""wifi_rssi"": -81, ""acc_data"": {""ax"": -0.71, ""ay"": 0.07, ""az"": 0.64, ""pitch"": -44.46, ""roll"": 6.06}, ""gyro_data"": {""gx"": -9.51, ""gy"": -2.35, ""gz"": -3.69}, ""gps_data"": {""latitude"": 0, ""longitude"": 0, ""gps_altitude"": 0, ""time"": 206625}, ""alt_data"": {""pressure"": 852.87, ""temperature"": 27.97, ""AGL"": 0.97, ""velocity"": 0, ""kalman_altitude"": 0.97, ""kalman_vertical_velocity"": -7.64}, ""chute_state"": {""pyro1_state"": 0, ""pyro2_state"": 0}, ""connection_status"": {""connected"": true, ""has_ever_connected"": true, ""packet_age_ms"": 0, ""timeout_exceeded"": false, ""rssi"": -81}, ""communication_mode"": ""BEACON"", ""timestamp"": 63757, ""packets_received"": 548, ""kalman_data"": {""altitude"": 0.97, ""vertical_velocity"": -7.64}, ""kalman_altitude"": 0.97, ""kalman_vertical_velocity"": -7.64, ""pyroDrogue"": 0, ""pyroMain"": 0, ""pyro1_state"": 0, ""pyro2_state"": 0}"
1768306823.364347,2026-01-13T15:20:23.364347,2118,0,0,-0.7,0.07,0.64,-44.07,6.12,-9.66,-2.93,-4.18,0,0,0,206828,852.93,27.98,0.41,0,0,0,0,-81,0.42,-7.76,BEACON,"{""record_number"": 2118, ""operation_mode"": 0, ""state"": 0, ""battery_voltage"": 0, ""wifi_rssi"": -81, ""acc_data"": {""ax"": -0.7, ""ay"": 0.07, ""az"": 0.64, ""pitch"": -44.07, ""roll"": 6.12}, ""gyro_data"": {""gx"": -9.66, ""gy"": -2.93, ""gz"": -4.18}, ""gps_data"": {""latitude"": 0, ""longitude"": 0, ""gps_altitude"": 0, ""time"": 206828}, ""alt_data"": {""pressure"": 852.93, ""temperature"": 27.98, ""AGL"": 0.41, ""velocity"": 0, ""kalman_altitude"": 0.42, ""kalman_vertical_velocity"": -7.76}, ""chute_state"": {""pyro1_state"": 0, ""pyro2_state"": 0}, ""connection_status"": {""connected"": true, ""has_ever_connected"": true, ""packet_age_ms"": 0, ""timeout_exceeded"": false, ""rssi"": -81}, ""communication_mode"": ""BEACON"", ""timestamp"": 63871, ""packets_received"": 549, ""kalman_data"": {""altitude"": 0.42, ""vertical_velocity"": -7.76}, ""kalman_altitude"": 0.42, ""kalman_vertical_velocity"": -7.76, ""pyroDrogue"": 0, ""pyroMain"": 0, ""pyro1_state"": 0, ""pyro2_state"": 0}"
1768306823.398349,2026-01-13T15:20:23.398349,2119,0,0,-0.7,0.07,0.64,-44.15,5.69,-9.63,-3.78,-3.78,0,0,0,206828,852.9,27.98,0.71,0,0,0,0,-80,0.7,-7.71,BEACON,"{""record_number"": 2119, ""operation_mode"": 0, ""state"": 0, ""battery_voltage"": 0, ""wifi_rssi"": -80, ""acc_data"": {""ax"": -0.7, ""ay"": 0.07, ""az"": 0.64, ""pitch"": -44.15, ""roll"": 5.69}, ""gyro_data"": {""gx"": -9.63, ""gy"": -3.78, ""gz"": -3.78}, ""gps_data"": {""latitude"": 0, ""longitude"": 0, ""gps_altitude"": 0, ""time"": 206828}, ""alt_data"": {""pressure"": 852.9, ""temperature"": 27.98, ""AGL"": 0.71, ""velocity"": 0, ""kalman_altitude"": 0.7, ""kalman_vertical_velocity"": -7.71}, ""chute_state"": {""pyro1_state"": 0, ""pyro2_state"": 0}, ""connection_status"": {""connected"": true, ""has_ever_connected"": true, ""packet_age_ms"": 0, ""timeout_exceeded"": false, ""rssi"": -80}, ""communication_mode"": ""BEACON"", ""timestamp"": 63984, ""packets_received"": 550, ""kalman_data"": {""altitude"": 0.7, ""vertical_velocity"": -7.71}, ""kalman_altitude"": 0.7, ""kalman_vertical_velocity"": -7.71, ""pyroDrogue"": 0, ""pyroMain"": 0, ""pyro1_state"": 0, ""pyro2_state"": 0}"
1768306823.448348,2026-01-13T15:20:23.448348,2121,0,0,-0.7,0.07,0.64,-44.58,5.89,-8.96,-3.69,-3.26,0,0,0,207029,852.88,27.98,0.85,0,0,0,0,-81,0.85,-7.68,BEACON,"{""record_number"": 2121, ""operation_mode"": 0, ""state"": 0, ""battery_voltage"": 0, ""wifi_rssi"": -81, ""acc_data"": {""ax"": -0.7, ""ay"": 0.07, ""az"": 0.64, ""pitch"": -44.58, ""roll"": 5.89}, ""gyro_data"": {""gx"": -8.96, ""gy"": -3.69, ""gz"": -3.26}, ""gps_data"": {""latitude"": 0, ""longitude"": 0, ""gps_altitude"": 0, ""time"": 207029}, ""alt_data"": {""pressure"": 852.88, ""temperature"": 27.98, ""AGL"": 0.85, ""velocity"": 0, ""kalman_altitude"": 0.85, ""kalman_vertical_velocity"": -7.68}, ""chute_state"": {""pyro1_state"": 0, ""pyro2_state"": 0}, ""connection_status"": {""connected"": true, ""has_ever_connected"": true, ""packet_age_ms"": 0, ""timeout_exceeded"": false, ""rssi"": -81}, ""communication_mode"": ""BEACON"", ""timestamp"": 64097, ""packets_received"": 551, ""kalman_data"": {""altitude"": 0.85, ""vertical_velocity"": -7.68}, ""kalman_altitude"": 0.85, ""kalman_vertical_velocity"": -7.68, ""pyroDrogue"": 0, ""pyroMain"": 0, ""pyro1_state"": 0, ""pyro2_state"": 0}"
1768306823.480349,2026-01-13T15:20:23.480349,2122,0,0,-0.7,0.08,0.65,-44.07,6.08,-10.06,-3.05,-3.32,0,0,0,207029,852.92,27.98,0.46,0,0,0,0,-81,0.46,-7.77,BEACON,"{""record_number"": 2122, ""operation_mode"": 0, ""state"": 0, ""battery_voltage"": 0, ""wifi_rssi"": -81, ""acc_data"": {""ax"": -0.7, ""ay"": 0.08, ""az"": 0.65, ""pitch"": -44.07, ""roll"": 6.08}, ""gyro_data"": {""gx"": -10.06, ""gy"": -3.05, ""gz"": -3.32}, ""gps_data"": {""latitude"": 0, ""longitude"": 0, ""gps_altitude"": 0, ""time"": 207029}, ""alt_data"": {""pressure"": 852.92, ""temperature"": 27.98, ""AGL"": 0.46, ""velocity"": 0, ""kalman_altitude"": 0.46, ""kalman_vertical_velocity"": -7.77}, ""chute_state"": {""pyro1_state"": 0, ""pyro2_state"": 0}, ""connection_status"": {""connected"": true, ""has_ever_connected"": true, ""packet_age_ms"": 0, ""timeout_exceeded"": false, ""rssi"": -81}, ""communication_mode"": ""BEACON"", ""timestamp"": 64210, ""packets_received"": 552, ""kalman_data"": {""altitude"": 0.46, ""vertical_velocity"": -7.77}, ""kalman_altitude"": 0.46, ""kalman_vertical_velocity"": -7.77, ""pyroDrogue"": 0, ""pyroMain"": 0, ""pyro1_state"": 0, ""pyro2_state"": 0}"
1768306823.540261,2026-01-13T15:20:23.540261,2123,0,0,-0.7,0.07,0.65,-44.34,6.32,-9.02,-3.08,-3.96,0,0,0,207228,852.92,27.98,0.46,0,0,0,0,-79,0.46,-7.78,BEACON,"{""record_number"": 2123, ""operation_mode"": 0, ""state"": 0, ""battery_voltage"": 0, ""wifi_rssi"": -79, ""acc_data"": {""ax"": -0.7, ""ay"": 0.07, ""az"": 0.65, ""pitch"": -44.34, ""roll"": 6.32}, ""gyro_data"": {""gx"": -9.02, ""gy"": -3.08, ""gz"": -3.96}, ""gps_data"": {""latitude"": 0, ""longitude"": 0, ""gps_altitude"": 0, ""time"": 207228}, ""alt_data"": {""pressure"": 852.92, ""temperature"": 27.98, ""AGL"": 0.46, ""velocity"": 0, ""kalman_altitude"": 0.46, ""kalman_vertical_velocity"": -7.78}, ""chute_state"": {""pyro1_state"": 0, ""pyro2_state"": 0}, ""connection_status"": {""connected"": true, ""has_ever_connected"": true, ""packet_age_ms"": 0, ""timeout_exceeded"": false, ""rssi"": -79}, ""communication_mode"": ""BEACON"", ""timestamp"": 64322, ""packets_received"": 553, ""kalman_data"": {""altitude"": 0.46, ""vertical_velocity"": -7.78}, ""kalman_altitude"": 0.46, ""kalman_vertical_velocity"": -7.78, ""pyroDrogue"": 0, ""pyroMain"": 0, ""pyro1_state"": 0, ""pyro2_state"": 0}"
1768306823.58326,2026-01-13T15:20:23.583260,2125,0,0,-0.7,0.07,0.64,-44.62,5.96,-9.42,-2.87,-3.81,0,0,0,207228,852.91,27.98,0.63,0,0,0,0,-80,0.63,-7.74,BEACON,"{""record_number"": 2125, ""operation_mode"": 0, ""state"": 0, ""battery_voltage"": 0, ""wifi_rssi"": -80, ""acc_data"": {""ax"": -0.7, ""ay"": 0.07, ""az"": 0.64, ""pitch"": -44.62, ""roll"": 5.96}, ""gyro_data"": {""gx"": -9.42, ""gy"": -2.87, ""gz"": -3.81}, ""gps_data"": {""latitude"": 0, ""longitude"": 0, ""gps_altitude"": 0, ""time"": 207228}, ""alt_data"": {""pressure"": 852.91, ""temperature"": 27.98, ""AGL"": 0.63, ""velocity"": 0, ""kalman_altitude"": 0.63, ""kalman_vertical_velocity"": -7.74}, ""chute_state"": {""pyro1_state"": 0, ""pyro2_state"": 0}, ""connection_status"": {""connected"": true, ""has_ever_connected"": true, ""packet_age_ms"": 1, ""timeout_exceeded"": false, ""rssi"": -80}, ""communication_mode"": ""BEACON"", ""timestamp"": 64435, ""packets_received"": 554, ""kalman_data"": {""altitude"": 0.63, ""vertical_velocity"": -7.74}, ""kalman_altitude"": 0.63, ""kalman_vertical_velocity"": -7.74, ""pyroDrogue"": 0, ""pyroMain"": 0, ""pyro1_state"": 0, ""pyro2_state"": 0}"
1768306823.632261,2026-01-13T15:20:23.632261,2126,0,0,-0.71,0.07,0.64,-43.76,5.83,-9.02,-4.33,-3.6,0,0,0,207429,852.88,27.97,0.86,0,0,0,0,-80,0.85,-7.7,BEACON,"{""record_number"": 2126, ""operation_mode"": 0, ""state"": 0, ""battery_voltage"": 0, ""wifi_rssi"": -80, ""acc_data"": {""ax"": -0.71, ""ay"": 0.07, ""az"": 0.64, ""pitch"": -43.76, ""roll"": 5.83}, ""gyro_data"": {""gx"": -9.02, ""gy"": -4.33, ""gz"": -3.6}, ""gps_data"": {""latitude"": 0, ""longitude"": 0, ""gps_altitude"": 0, ""time"": 207429}, ""alt_data"": {""pressure"": 852.88, ""temperature"": 27.97, ""AGL"": 0.86, ""velocity"": 0, ""kalman_altitude"": 0.85, ""kalman_vertical_velocity"": -7.7}, ""chute_state"": {""pyro1_state"": 0, ""pyro2_state"": 0}, ""connection_status"": {""connected"": true, ""has_ever_connected"": true, ""packet_age_ms"": 1, ""timeout_exceeded"": false, ""rssi"": -80}, ""communication_mode"": ""BEACON"", ""timestamp"": 64548, ""packets_received"": 555, ""kalman_data"": {""altitude"": 0.85, ""vertical_velocity"": -7.7}, ""kalman_altitude"": 0.85, ""kalman_vertical_velocity"": -7.7, ""pyroDrogue"": 0, ""pyroMain"": 0, ""pyro1_state"": 0, ""pyro2_state"": 0}"
1768306823.694264,2026-01-13T15:20:23.694264,2127,0,0,-0.7,0.07,0.64,-44.27,6.35,-9.7,-3.69,-3.99,0,0,0,207429,852.89,27.97,0.82,0,0,0,0,-80,0.82,-7.72,BEACON,"{""record_number"": 2127, ""operation_mode"": 0, ""state"": 0, ""battery_voltage"": 0, ""wifi_rssi"": -80, ""acc_data"": {""ax"": -0.7, ""ay"": 0.07, ""az"": 0.64, ""pitch"": -44.27, ""roll"": 6.35}, ""gyro_data"": {""gx"": -9.7, ""gy"": -3.69, ""gz"": -3.99}, ""gps_data"": {""latitude"": 0, ""longitude"": 0, ""gps_altitude"": 0, ""time"": 207429}, ""alt_data"": {""pressure"": 852.89, ""temperature"": 27.97, ""AGL"": 0.82, ""velocity"": 0, ""kalman_altitude"": 0.82, ""kalman_vertical_velocity"": -7.72}, ""chute_state"": {""pyro1_state"": 0, ""pyro2_state"": 0}, ""connection_status"": {""connected"": true, ""has_ever_connected"": true, ""packet_age_ms"": 1, ""timeout_exceeded"": false, ""rssi"": -80}, ""communication_mode"": ""BEACON"", ""timestamp"": 64660, ""packets_received"": 556, ""kalman_data"": {""altitude"": 0.82, ""vertical_velocity"": -7.72}, ""kalman_altitude"": 0.82, ""kalman_vertical_velocity"": -7.72, ""pyroDrogue"": 0, ""pyroMain"": 0, ""pyro1_state"": 0, ""pyro2_state"": 0}"
1768306823.746273,2026-01-13T15:20:23.746273,2129,0,0,-0.7,0.07,0.65,-44.07,6.34,-8.45,-2.99,-3.32,0,0,0,207631,852.88,27.98,0.89,0,0,0,0,-80,0.88,-7.71,BEACON,"{""record_number"": 2129, ""operation_mode"": 0, ""state"": 0, ""battery_voltage"": 0, ""wifi_rssi"": -80, ""acc_data"": {""ax"": -0.7, ""ay"": 0.07, ""az"": 0.65, ""pitch"": -44.07, ""roll"": 6.34}, ""gyro_data"": {""gx"": -8.45, ""gy"": -2.99, ""gz"": -3.32}, ""gps_data"": {""latitude"": 0, ""longitude"": 0, ""gps_altitude"": 0, ""time"": 207631}, ""alt_data"": {""pressure"": 852.88, ""temperature"": 27.98, ""AGL"": 0.89, ""velocity"": 0, ""kalman_altitude"": 0.88, ""kalman_vertical_velocity"": -7.71}, ""chute_state"": {""pyro1_state"": 0, ""pyro2_state"": 0}, ""connection_status"": {""connected"": true, ""has_ever_connected"": true, ""packet_age_ms"": 0, ""timeout_exceeded"": false, ""rssi"": -80}, ""communication_mode"": ""BEACON"", ""timestamp"": 64773, ""packets_received"": 557, ""kalman_data"": {""altitude"": 0.88, ""vertical_velocity"": -7.71}, ""kalman_altitude"": 0.88, ""kalman_vertical_velocity"": -7.71, ""pyroDrogue"": 0, ""pyroMain"": 0, ""pyro1_state"": 0, ""pyro2_state"": 0}"
1768306823.791261,2026-01-13T15:20:23.791261,2130,0,0,-0.71,0.07,0.64,-44.23,6.19,-8.69,-2.65,-3.96,0,0,0,207834,852.92,27.98,0.53,0,0,0,0,-80,0.53,-7.79,BEACON,"{""record_number"": 2130, ""operation_mode"": 0, ""state"": 0, ""battery_voltage"": 0, ""wifi_rssi"": -80, ""acc_data"": {""ax"": -0.71, ""ay"": 0.07, ""az"": 0.64, ""pitch"": -44.23, ""roll"": 6.19}, ""gyro_data"": {""gx"": -8.69, ""gy"": -2.65, ""gz"": -3.96}, ""gps_data"": {""latitude"": 0, ""longitude"": 0, ""gps_altitude"": 0, ""time"": 207834}, ""alt_data"": {""pressure"": 852.92, ""temperature"": 27.98, ""AGL"": 0.53, ""velocity"": 0, ""kalman_altitude"": 0.53, ""kalman_vertical_velocity"": -7.79}, ""chute_state"": {""pyro1_state"": 0, ""pyro2_state"": 0}, ""connection_status"": {""connected"": true, ""has_ever_connected"": true, ""packet_age_ms"": 0, ""timeout_exceeded"": false, ""rssi"": -80}, ""communication_mode"": ""BEACON"", ""timestamp"": 64886, ""packets_received"": 558, ""kalman_data"": {""altitude"": 0.53, ""vertical_velocity"": -7.79}, ""kalman_altitude"": 0.53, ""kalman_vertical_velocity"": -7.79, ""pyroDrogue"": 0, ""pyroMain"": 0, ""pyro1_state"": 0, ""pyro2_state"": 0}"
1768306823.843943,2026-01-13T15:20:23.843943,2131,0,0,-0.7,0.07,0.64,-44.46,6.4,-9.21,-2.9,-3.69,0,0,0,207834,852.89,27.98,0.78,0,0,0,0,-80,0.77,-7.74,BEACON,"{""record_number"": 2131, ""operation_mode"": 0, ""state"": 0, ""battery_voltage"": 0, ""wifi_rssi"": -80, ""acc_data"": {""ax"": -0.7, ""ay"": 0.07, ""az"": 0.64, ""pitch"": -44.46, ""roll"": 6.4}, ""gyro_data"": {""gx"": -9.21, ""gy"": -2.9, ""gz"": -3.69}, ""gps_data"": {""latitude"": 0, ""longitude"": 0, ""gps_altitude"": 0, ""time"": 207834}, ""alt_data"": {""pressure"": 852.89, ""temperature"": 27.98, ""AGL"": 0.78, ""velocity"": 0, ""kalman_altitude"": 0.77, ""kalman_vertical_velocity"": -7.74}, ""chute_state"": {""pyro1_state"": 0, ""pyro2_state"": 0}, ""connection_status"": {""connected"": true, ""has_ever_connected"": true, ""packet_age_ms"": 0, ""timeout_exceeded"": false, ""rssi"": -80}, ""communication_mode"": ""BEACON"", ""timestamp"": 64999, ""packets_received"": 559, ""kalman_data"": {""altitude"": 0.77, ""vertical_velocity"": -7.74}, ""kalman_altitude"": 0.77, ""kalman_vertical_velocity"": -7.74, ""pyroDrogue"": 0, ""pyroMain"": 0, ""pyro1_state"": 0, ""pyro2_state"": 0}"
1768306823.982941,2026-01-13T15:20:23.982941,2132,0,0,-0.7,0.07,0.64,-44.23,6.26,-9.09,-3.66,-3.63,0,0,0,208034,852.91,27.98,0.59,0,0,0,0,-80,0.6,-7.78,BEACON,"{""record_number"": 2132, ""operation_mode"": 0, ""state"": 0, ""battery_voltage"": 0, ""wifi_rssi"": -80, ""acc_data"": {""ax"": -0.7, ""ay"": 0.07, ""az"": 0.64, ""pitch"": -44.23, ""roll"": 6.26}, ""gyro_data"": {""gx"": -9.09, ""gy"": -3.66, ""gz"": -3.63}, ""gps_data"": {""latitude"": 0, ""longitude"": 0, ""gps_altitude"": 0, ""time"": 208034}, ""alt_data"": {""pressure"": 852.91, ""temperature"": 27.98, ""AGL"": 0.59, ""velocity"": 0, ""kalman_altitude"": 0.6, ""kalman_vertical_velocity"": -7.78}, ""chute_state"": {""pyro1_state"": 0, ""pyro2_state"": 0}, ""connection_status"": {""connected"": true, ""has_ever_connected"": true, ""packet_age_ms"": 0, ""timeout_exceeded"": false, ""rssi"": -80}, ""communication_mode"": ""BEACON"", ""timestamp"": 65112, ""packets_received"": 560, ""kalman_data"": {""altitude"": 0.6, ""vertical_velocity"": -7.78}, ""kalman_altitude"": 0.6, ""kalman_vertical_velocity"": -7.78, ""pyroDrogue"": 0, ""pyroMain"": 0, ""pyro1_state"": 0, ""pyro2_state"": 0}"
1768306824.074444,2026-01-13T15:20:24.074444,2134,0,0,-0.7,0.07,0.64,-44.62,6.1,-9.18,-3.51,-3.02,0,0,0,208034,852.92,27.98,0.52,0,0,0,0,-80,0.53,-7.8,BEACON,"{""record_number"": 2134, ""operation_mode"": 0, ""state"": 0, ""battery_voltage"": 0, ""wifi_rssi"": -80, ""acc_data"": {""ax"": -0.7, ""ay"": 0.07, ""az"": 0.64, ""pitch"": -44.62, ""roll"": 6.1}, ""gyro_data"": {""gx"": -9.18, ""gy"": -3.51, ""gz"": -3.02}, ""gps_data"": {""latitude"": 0, ""longitude"": 0, ""gps_altitude"": 0, ""time"": 208034}, ""alt_data"": {""pressure"": 852.92, ""temperature"": 27.98, ""AGL"": 0.52, ""velocity"": 0, ""kalman_altitude"": 0.53, ""kalman_vertical_velocity"": -7.8}, ""chute_state"": {""pyro1_state"": 0, ""pyro2_state"": 0}, ""connection_status"": {""connected"": true, ""has_ever_connected"": true, ""packet_age_ms"": 0, ""timeout_exceeded"": false, ""rssi"": -80}, ""communication_mode"": ""BEACON"", ""timestamp"": 65225, ""packets_received"": 561, ""kalman_data"": {""altitude"": 0.53, ""vertical_velocity"": -7.8}, ""kalman_altitude"": 0.53, ""kalman_vertical_velocity"": -7.8, ""pyroDrogue"": 0, ""pyroMain"": 0, ""pyro1_state"": 0, ""pyro2_state"": 0}"
1768306824.127942,2026-01-13T15:20:24.127942,2135,0,0,-0.7,0.08,0.64,-44.23,5.56,-8.51,-2.87,-3.78,0,0,0,208234,852.88,27.98,0.92,0,0,0,0,-80,0.92,-7.73,BEACON,"{""record_number"": 2135, ""operation_mode"": 0, ""state"": 0, ""battery_voltage"": 0, ""wifi_rssi"": -80, ""acc_data"": {""ax"": -0.7, ""ay"": 0.08, ""az"": 0.64, ""pitch"": -44.23, ""roll"": 5.56}, ""gyro_data"": {""gx"": -8.51, ""gy"": -2.87, ""gz"": -3.78}, ""gps_data"": {""latitude"": 0, ""longitude"": 0, ""gps_altitude"": 0, ""time"": 208234}, ""alt_data"": {""pressure"": 852.88, ""temperature"": 27.98, ""AGL"": 0.92, ""velocity"": 0, ""kalman_altitude"": 0.92, ""kalman_vertical_velocity"": -7.73}, ""chute_state"": {""pyro1_state"": 0, ""pyro2_state"": 0}, ""connection_status"": {""connected"": true, ""has_ever_connected"": true, ""packet_age_ms"": 0, ""timeout_exceeded"": false, ""rssi"": -80}, ""communication_mode"": ""BEACON"", ""timestamp"": 65337, ""packets_received"": 562, ""kalman_data"": {""altitude"": 0.92, ""vertical_velocity"": -7.73}, ""kalman_altitude"": 0.92, ""kalman_vertical_velocity"": -7.73, ""pyroDrogue"": 0, ""pyroMain"": 0, ""pyro1_state"": 0, ""pyro2_state"": 0}"
1768306824.274943,2026-01-13T15:20:24.274943,2136,0,0,-0.7,0.08,0.63,-44.7,6.46,-9.12,-2.5,-3.26,0,0,0,208234,852.9,27.99,0.66,0,0,0,0,-80,0.66,-7.78,BEACON,"{""record_number"": 2136, ""operation_mode"": 0, ""state"": 0, ""battery_voltage"": 0, ""wifi_rssi"": -80, ""acc_data"": {""ax"": -0.7, ""ay"": 0.08, ""az"": 0.63, ""pitch"": -44.7, ""roll"": 6.46}, ""gyro_data"": {""gx"": -9.12, ""gy"": -2.5, ""gz"": -3.26}, ""gps_data"": {""latitude"": 0, ""longitude"": 0, ""gps_altitude"": 0, ""time"": 208234}, ""alt_data"": {""pressure"": 852.9, ""temperature"": 27.99, ""AGL"": 0.66, ""velocity"": 0, ""kalman_altitude"": 0.66, ""kalman_vertical_velocity"": -7.78}, ""chute_state"": {""pyro1_state"": 0, ""pyro2_state"": 0}, ""connection_status"": {""connected"": true, ""has_ever_connected"": true, ""packet_age_ms"": 0, ""timeout_exceeded"": false, ""rssi"": -80}, ""communication_mode"": ""BEACON"", ""timestamp"": 65449, ""packets_received"": 563, ""kalman_data"": {""altitude"": 0.66, ""vertical_velocity"": -7.78}, ""kalman_altitude"": 0.66, ""kalman_vertical_velocity"": -7.78, ""pyroDrogue"": 0, ""pyroMain"": 0, ""pyro1_state"": 0, ""pyro2_state"": 0}"
1768306824.319941,2026-01-13T15:20:24.319941,2138,0,0,-0.7,0.06,0.65,-44.62,5.96,-8.99,-2.84,-3.99,0,0,0,208433,852.93,27.99,0.37,0,0,0,0,-80,0.38,-7.85,BEACON,"{""record_number"": 2138, ""operation_mode"": 0, ""state"": 0, ""battery_voltage"": 0, ""wifi_rssi"": -80, ""acc_data"": {""ax"": -0.7, ""ay"": 0.06, ""az"": 0.65, ""pitch"": -44.62, ""roll"": 5.96}, ""gyro_data"": {""gx"": -8.99, ""gy"": -2.84, ""gz"": -3.99}, ""gps_data"": {""latitude"": 0, ""longitude"": 0, ""gps_altitude"": 0, ""time"": 208433}, ""alt_data"": {""pressure"": 852.93, ""temperature"": 27.99, ""AGL"": 0.37, ""velocity"": 0, ""kalman_altitude"": 0.38, ""kalman_vertical_velocity"": -7.85}, ""chute_state"": {""pyro1_state"": 0, ""pyro2_state"": 0}, ""connection_status"": {""connected"": true, ""has_ever_connected"": true, ""packet_age_ms"": 0, ""timeout_exceeded"": false, ""rssi"": -80}, ""communication_mode"": ""BEACON"", ""timestamp"": 65562, ""packets_received"": 564, ""kalman_data"": {""altitude"": 0.38, ""vertical_velocity"": -7.85}, ""kalman_altitude"": 0.38, ""kalman_vertical_velocity"": -7.85, ""pyroDrogue"": 0, ""pyroMain"": 0, ""pyro1_state"": 0, ""pyro2_state"": 0}"
1768306824.407318,2026-01-13T15:20:24.407318,2139,0,0,-0.7,0.07,0.65,-44.46,6.25,-9.82,-3.48,-3.41,0,0,0,208433,852.87,27.98,0.96,0,0,0,0,-80,0.95,-7.74,BEACON,"{""record_number"": 2139, ""operation_mode"": 0, ""state"": 0, ""battery_voltage"": 0, ""wifi_rssi"": -80, ""acc_data"": {""ax"": -0.7, ""ay"": 0.07, ""az"": 0.65, ""pitch"": -44.46, ""roll"": 6.25}, ""gyro_data"": {""gx"": -9.82, ""gy"": -3.48, ""gz"": -3.41}, ""gps_data"": {""latitude"": 0, ""longitude"": 0, ""gps_altitude"": 0, ""time"": 208433}, ""alt_data"": {""pressure"": 852.87, ""temperature"": 27.98, ""AGL"": 0.96, ""velocity"": 0, ""kalman_altitude"": 0.95, ""kalman_vertical_velocity"": -7.74}, ""chute_state"": {""pyro1_state"": 0, ""pyro2_state"": 0}, ""connection_status"": {""connected"": true, ""has_ever_connected"": true, ""packet_age_ms"": 0, ""timeout_exceeded"": false, ""rssi"": -80}, ""communication_mode"": ""BEACON"", ""timestamp"": 65675, ""packets_received"": 565, ""kalman_data"": {""altitude"": 0.95, ""vertical_velocity"": -7.74}, ""kalman_altitude"": 0.95, ""kalman_vertical_velocity"": -7.74, ""pyroDrogue"": 0, ""pyroMain"": 0, ""pyro1_state"": 0, ""pyro2_state"": 0}"
1768306824.461317,2026-01-13T15:20:24.461317,2140,0,0,-0.7,0.07,0.64,-44.3,6.21,-8.9,-3.17,-3.45,0,0,0,208637,852.87,27.98,0.99,0,0,0,0,-80,0.99,-7.73,BEACON,"{""record_number"": 2140, ""operation_mode"": 0, ""state"": 0, ""battery_voltage"": 0, ""wifi_rssi"": -80, ""acc_data"": {""ax"": -0.7, ""ay"": 0.07, ""az"": 0.64, ""pitch"": -44.3, ""roll"": 6.21}, ""gyro_data"": {""gx"": -8.9, ""gy"": -3.17, ""gz"": -3.45}, ""gps_data"": {""latitude"": 0, ""longitude"": 0, ""gps_altitude"": 0, ""time"": 208637}, ""alt_data"": {""pressure"": 852.87, ""temperature"": 27.98, ""AGL"": 0.99, ""velocity"": 0, ""kalman_altitude"": 0.99, ""kalman_vertical_velocity"": -7.73}, ""chute_state"": {""pyro1_state"": 0, ""pyro2_state"": 0}, ""connection_status"": {""connected"": true, ""has_ever_connected"": true, ""packet_age_ms"": 0, ""timeout_exceeded"": false, ""rssi"": -80}, ""communication_mode"": ""BEACON"", ""timestamp"": 65788, ""packets_received"": 566, ""kalman_data"": {""altitude"": 0.99, ""vertical_velocity"": -7.73}, ""kalman_altitude"": 0.99, ""kalman_vertical_velocity"": -7.73, ""pyroDrogue"": 0, ""pyroMain"": 0, ""pyro1_state"": 0, ""pyro2_state"": 0}"
1768306824.509318,2026-01-13T15:20:24.509318,2142,0,0,-0.7,0.07,0.64,-44.27,6.56,-8.45,-3.41,-3.17,0,0,0,208841,852.87,27.98,0.99,0,0,0,0,-80,0.99,-7.74,BEACON,"{""record_number"": 2142, ""operation_mode"": 0, ""state"": 0, ""battery_voltage"": 0, ""wifi_rssi"": -80, ""acc_data"": {""ax"": -0.7, ""ay"": 0.07, ""az"": 0.64, ""pitch"": -44.27, ""roll"": 6.56}, ""gyro_data"": {""gx"": -8.45, ""gy"": -3.41, ""gz"": -3.17}, ""gps_data"": {""latitude"": 0, ""longitude"": 0, ""gps_altitude"": 0, ""time"": 208841}, ""alt_data"": {""pressure"": 852.87, ""temperature"": 27.98, ""AGL"": 0.99, ""velocity"": 0, ""kalman_altitude"": 0.99, ""kalman_vertical_velocity"": -7.74}, ""chute_state"": {""pyro1_state"": 0, ""pyro2_state"": 0}, ""connection_status"": {""connected"": true, ""has_ever_connected"": true, ""packet_age_ms"": 0, ""timeout_exceeded"": false, ""rssi"": -80}, ""communication_mode"": ""BEACON"", ""timestamp"": 65901, ""packets_received"": 567, ""kalman_data"": {""altitude"": 0.99, ""vertical_velocity"": -7.74}, ""kalman_altitude"": 0.99, ""kalman_vertical_velocity"": -7.74, ""pyroDrogue"": 0, ""pyroMain"": 0, ""pyro1_state"": 0, ""pyro2_state"": 0}"
1768306824.55032,2026-01-13T15:20:24.550320,2143,0,0,-0.69,0.07,0.65,-44.82,6.34,-9.05,-2.74,-3.87,0,0,0,208841,852.91,27.98,0.56,0,0,0,0,-80,0.57,-7.83,BEACON,"{""record_number"": 2143, ""operation_mode"": 0, ""state"": 0, ""battery_voltage"": 0, ""wifi_rssi"": -80, ""acc_data"": {""ax"": -0.69, ""ay"": 0.07, ""az"": 0.65, ""pitch"": -44.82, ""roll"": 6.34}, ""gyro_data"": {""gx"": -9.05, ""gy"": -2.74, ""gz"": -3.87}, ""gps_data"": {""latitude"": 0, ""longitude"": 0, ""gps_altitude"": 0, ""time"": 208841}, ""alt_data"": {""pressure"": 852.91, ""temperature"": 27.98, ""AGL"": 0.56, ""velocity"": 0, ""kalman_altitude"": 0.57, ""kalman_vertical_velocity"": -7.83}, ""chute_state"": {""pyro1_state"": 0, ""pyro2_state"": 0}, ""connection_status"": {""connected"": true, ""has_ever_connected"": true, ""packet_age_ms"": 0, ""timeout_exceeded"": false, ""rssi"": -80}, ""communication_mode"": ""BEACON"", ""timestamp"": 66014, ""packets_received"": 568, ""kalman_data"": {""altitude"": 0.57, ""vertical_velocity"": -7.83}, ""kalman_altitude"": 0.57, ""kalman_vertical_velocity"": -7.83, ""pyroDrogue"": 0, ""pyroMain"": 0, ""pyro1_state"": 0, ""pyro2_state"": 0}"
1768306824.600292,2026-01-13T15:20:24.600292,2144,0,0,-0.7,0.07,0.64,-44.27,6.3,-9.09,-3.05,-3.66,0,0,0,209041,852.92,27.98,0.53,0,0,0,0,-80,0.53,-7.84,BEACON,"{""record_number"": 2144, ""operation_mode"": 0, ""state"": 0, ""battery_voltage"": 0, ""wifi_rssi"": -80, ""acc_data"": {""ax"": -0.7, ""ay"": 0.07, ""az"": 0.64, ""pitch"": -44.27, ""roll"": 6.3}, ""gyro_data"": {""gx"": -9.09, ""gy"": -3.05, ""gz"": -3.66}, ""gps_data"": {""latitude"": 0, ""longitude"": 0, ""gps_altitude"": 0, ""time"": 209041}, ""alt_data"": {""pressure"": 852.92, ""temperature"": 27.98, ""AGL"": 0.53, ""velocity"": 0, ""kalman_altitude"": 0.53, ""kalman_vertical_velocity"": -7.84}, ""chute_state"": {""pyro1_state"": 0, ""pyro2_state"": 0}, ""connection_status"": {""connected"": true, ""has_ever_connected"": true, ""packet_age_ms"": 0, ""timeout_exceeded"": false, ""rssi"": -80}, ""communication_mode"": ""BEACON"", ""timestamp"": 66127, ""packets_received"": 569, ""kalman_data"": {""altitude"": 0.53, ""vertical_velocity"": -7.84}, ""kalman_altitude"": 0.53, ""kalman_vertical_velocity"": -7.84, ""pyroDrogue"": 0, ""pyroMain"": 0, ""pyro1_state"": 0, ""pyro2_state"": 0}"
1768306824.64726,2026-01-13T15:20:24.647260,2146,0,0,-0.7,0.07,0.64,-44.82,6.34,-9.79,-3.38,-3.05,0,0,0,209041,852.87,27.98,0.95,0,0,0,0,-79,0.94,-7.76,BEACON,"{""record_number"": 2146, ""operation_mode"": 0, ""state"": 0, ""battery_voltage"": 0, ""wifi_rssi"": -79, ""acc_data"": {""ax"": -0.7, ""ay"": 0.07, ""az"": 0.64, ""pitch"": -44.82, ""roll"": 6.34}, ""gyro_data"": {""gx"": -9.79, ""gy"": -3.38, ""gz"": -3.05}, ""gps_data"": {""latitude"": 0, ""longitude"": 0, ""gps_altitude"": 0, ""time"": 209041}, ""alt_data"": {""pressure"": 852.87, ""temperature"": 27.98, ""AGL"": 0.95, ""velocity"": 0, ""kalman_altitude"": 0.94, ""kalman_vertical_velocity"": -7.76}, ""chute_state"": {""pyro1_state"": 0, ""pyro2_state"": 0}, ""connection_status"": {""connected"": true, ""has_ever_connected"": true, ""packet_age_ms"": 0, ""timeout_exceeded"": false, ""rssi"": -79}, ""communication_mode"": ""BEACON"", ""timestamp"": 66239, ""packets_received"": 570, ""kalman_data"": {""altitude"": 0.94, ""vertical_velocity"": -7.76}, ""kalman_altitude"": 0.94, ""kalman_vertical_velocity"": -7.76, ""pyroDrogue"": 0, ""pyroMain"": 0, ""pyro1_state"": 0, ""pyro2_state"": 0}"
1768306824.725263,2026-01-13T15:20:24.725263,2147,0,0,-0.7,0.08,0.64,-44.58,6.24,-8.87,-3.17,-3.96,0,0,0,209241,852.83,27.98,1.35,0,0,0,0,-80,1.34,-7.69,BEACON,"{""record_number"": 2147, ""operation_mode"": 0, ""state"": 0, ""battery_voltage"": 0, ""wifi_rssi"": -80, ""acc_data"": {""ax"": -0.7, ""ay"": 0.08, ""az"": 0.64, ""pitch"": -44.58, ""roll"": 6.24}, ""gyro_data"": {""gx"": -8.87, ""gy"": -3.17, ""gz"": -3.96}, ""gps_data"": {""latitude"": 0, ""longitude"": 0, ""gps_altitude"": 0, ""time"": 209241}, ""alt_data"": {""pressure"": 852.83, ""temperature"": 27.98, ""AGL"": 1.35, ""velocity"": 0, ""kalman_altitude"": 1.34, ""kalman_vertical_velocity"": -7.69}, ""chute_state"": {""pyro1_state"": 0, ""pyro2_state"": 0}, ""connection_status"": {""connected"": true, ""has_ever_connected"": true, ""packet_age_ms"": 0, ""timeout_exceeded"": false, ""rssi"": -80}, ""communication_mode"": ""BEACON"", ""timestamp"": 66352, ""packets_received"": 571, ""kalman_data"": {""altitude"": 1.34, ""vertical_velocity"": -7.69}, ""kalman_altitude"": 1.34, ""kalman_vertical_velocity"": -7.69, ""pyroDrogue"": 0, ""pyroMain"": 0, ""pyro1_state"": 0, ""pyro2_state"": 0}"
1768306824.780296,2026-01-13T15:20:24.780296,2148,0,0,-0.7,0.07,0.64,-44.27,6.65,-9.82,-3.02,-4.18,0,0,0,209241,852.91,27.98,0.63,0,0,0,0,-80,0.64,-7.84,BEACON,"{""record_number"": 2148, ""operation_mode"": 0, ""state"": 0, ""battery_voltage"": 0, ""wifi_rssi"": -80, ""acc_data"": {""ax"": -0.7, ""ay"": 0.07, ""az"": 0.64, ""pitch"": -44.27, ""roll"": 6.65}, ""gyro_data"": {""gx"": -9.82, ""gy"": -3.02, ""gz"": -4.18}, ""gps_data"": {""latitude"": 0, ""longitude"": 0, ""gps_altitude"": 0, ""time"": 209241}, ""alt_data"": {""pressure"": 852.91, ""temperature"": 27.98, ""AGL"": 0.63, ""velocity"": 0, ""kalman_altitude"": 0.64, ""kalman_vertical_velocity"": -7.84}, ""chute_state"": {""pyro1_state"": 0, ""pyro2_state"": 0}, ""connection_status"": {""connected"": true, ""has_ever_connected"": true, ""packet_age_ms"": 1, ""timeout_exceeded"": false, ""rssi"": -80}, ""communication_mode"": ""BEACON"", ""timestamp"": 66464, ""packets_received"": 572, ""kalman_data"": {""altitude"": 0.64, ""vertical_velocity"": -7.84}, ""kalman_altitude"": 0.64, ""kalman_vertical_velocity"": -7.84, ""pyroDrogue"": 0, ""pyroMain"": 0, ""pyro1_state"": 0, ""pyro2_state"": 0}"
1768306824.816257,2026-01-13T15:20:24.816257,2150,0,0,-0.7,0.07,0.65,-44.78,5.97,-8.96,-2.77,-3.69,0,0,0,209441,852.87,27.98,0.99,0,0,0,0,-80,0.99,-7.77,BEACON,"{""record_number"": 2150, ""operation_mode"": 0, ""state"": 0, ""battery_voltage"": 0, ""wifi_rssi"": -80, ""acc_data"": {""ax"": -0.7, ""ay"": 0.07, ""az"": 0.65, ""pitch"": -44.78, ""roll"": 5.97}, ""gyro_data"": {""gx"": -8.96, ""gy"": -2.77, ""gz"": -3.69}, ""gps_data"": {""latitude"": 0, ""longitude"": 0, ""gps_altitude"": 0, ""time"": 209441}, ""alt_data"": {""pressure"": 852.87, ""temperature"": 27.98, ""AGL"": 0.99, ""velocity"": 0, ""kalman_altitude"": 0.99, ""kalman_vertical_velocity"": -7.77}, ""chute_state"": {""pyro1_state"": 0, ""pyro2_state"": 0}, ""connection_status"": {""connected"": true, ""has_ever_connected"": true, ""packet_age_ms"": 0, ""timeout_exceeded"": false, ""rssi"": -80}, ""communication_mode"": ""BEACON"", ""timestamp"": 66576, ""packets_received"": 573, ""kalman_data"": {""altitude"": 0.99, ""vertical_velocity"": -7.77}, ""kalman_altitude"": 0.99, ""kalman_vertical_velocity"": -7.77, ""pyroDrogue"": 0, ""pyroMain"": 0, ""pyro1_state"": 0, ""pyro2_state"": 0}"
1768306824.86226,2026-01-13T15:20:24.862260,2151,0,0,-0.7,0.07,0.63,-44.46,6.28,-9.18,-2.32,-3.26,0,0,0,209643,852.91,27.98,0.63,0,0,0,0,-80,0.63,-7.85,BEACON,"{""record_number"": 2151, ""operation_mode"": 0, ""state"": 0, ""battery_voltage"": 0, ""wifi_rssi"": -80, ""acc_data"": {""ax"": -0.7, ""ay"": 0.07, ""az"": 0.63, ""pitch"": -44.46, ""roll"": 6.28}, ""gyro_data"": {""gx"": -9.18, ""gy"": -2.32, ""gz"": -3.26}, ""gps_data"": {""latitude"": 0, ""longitude"": 0, ""gps_altitude"": 0, ""time"": 209643}, ""alt_data"": {""pressure"": 852.91, ""temperature"": 27.98, ""AGL"": 0.63, ""velocity"": 0, ""kalman_altitude"": 0.63, ""kalman_vertical_velocity"": -7.85}, ""chute_state"": {""pyro1_state"": 0, ""pyro2_state"": 0}, ""connection_status"": {""connected"": true, ""has_ever_connected"": true, ""packet_age_ms"": 0, ""timeout_exceeded"": false, ""rssi"": -80}, ""communication_mode"": ""BEACON"", ""timestamp"": 66689, ""packets_received"": 574, ""kalman_data"": {""altitude"": 0.63, ""vertical_velocity"": -7.85}, ""kalman_altitude"": 0.63, ""kalman_vertical_velocity"": -7.85, ""pyroDrogue"": 0, ""pyroMain"": 0, ""pyro1_state"": 0, ""pyro2_state"": 0}"
1768306824.910346,2026-01-13T15:20:24.910346,2152,0,0,-0.69,0.07,0.64,-44.7,6.24,-9.73,-3.48,-3.63,0,0,0,209643,852.88,27.99,0.95,0,0,0,0,-80,0.94,-7.79,BEACON,"{""record_number"": 2152, ""operation_mode"": 0, ""state"": 0, ""battery_voltage"": 0, ""wifi_rssi"": -80, ""acc_data"": {""ax"": -0.69, ""ay"": 0.07, ""az"": 0.64, ""pitch"": -44.7, ""roll"": 6.24}, ""gyro_data"": {""gx"": -9.73, ""gy"": -3.48, ""gz"": -3.63}, ""gps_data"": {""latitude"": 0, ""longitude"": 0, ""gps_altitude"": 0, ""time"": 209643}, ""alt_data"": {""pressure"": 852.88, ""temperature"": 27.99, ""AGL"": 0.95, ""velocity"": 0, ""kalman_altitude"": 0.94, ""kalman_vertical_velocity"": -7.79}, ""chute_state"": {""pyro1_state"": 0, ""pyro2_state"": 0}, ""connection_status"": {""connected"": true, ""has_ever_connected"": true, ""packet_age_ms"": 0, ""timeout_exceeded"": false, ""rssi"": -80}, ""communication_mode"": ""BEACON"", ""timestamp"": 66801, ""packets_received"": 575, ""kalman_data"": {""altitude"": 0.94, ""vertical_velocity"": -7.79}, ""kalman_altitude"": 0.94, ""kalman_vertical_velocity"": -7.79, ""pyroDrogue"": 0, ""pyroMain"": 0, ""pyro1_state"": 0, ""pyro2_state"": 0}"
1768306824.957342,2026-01-13T15:20:24.957342,2154,0,0,-0.7,0.06,0.64,-44.58,6.18,-9.51,-2.9,-3.93,0,0,0,209846,852.9,27.98,0.7,0,0,0,0,-79,0.7,-7.84,BEACON,"{""record_number"": 2154, ""operation_mode"": 0, ""state"": 0, ""battery_voltage"": 0, ""wifi_rssi"": -79, ""acc_data"": {""ax"": -0.7, ""ay"": 0.06, ""az"": 0.64, ""pitch"": -44.58, ""roll"": 6.18}, ""gyro_data"": {""gx"": -9.51, ""gy"": -2.9, ""gz"": -3.93}, ""gps_data"": {""latitude"": 0, ""longitude"": 0, ""gps_altitude"": 0, ""time"": 209846}, ""alt_data"": {""pressure"": 852.9, ""temperature"": 27.98, ""AGL"": 0.7, ""velocity"": 0, ""kalman_altitude"": 0.7, ""kalman_vertical_velocity"": -7.84}, ""chute_state"": {""pyro1_state"": 0, ""pyro2_state"": 0}, ""connection_status"": {""connected"": true, ""has_ever_connected"": true, ""packet_age_ms"": 0, ""timeout_exceeded"": false, ""rssi"": -79}, ""communication_mode"": ""BEACON"", ""timestamp"": 66914, ""packets_received"": 576, ""kalman_data"": {""altitude"": 0.7, ""vertical_velocity"": -7.84}, ""kalman_altitude"": 0.7, ""kalman_vertical_velocity"": -7.84, ""pyroDrogue"": 0, ""pyroMain"": 0, ""pyro1_state"": 0, ""pyro2_state"": 0}"
1768306824.987342,2026-01-13T15:20:24.987342,2155,0,0,-0.7,0.07,0.64,-44.38,6.58,-8.9,-3.23,-3.2,0,0,0,209846,852.93,27.99,0.41,0,0,0,0,-80,0.42,-7.91,BEACON,"{""record_number"": 2155, ""operation_mode"": 0, ""state"": 0, ""battery_voltage"": 0, ""wifi_rssi"": -80, ""acc_data"": {""ax"": -0.7, ""ay"": 0.07, ""az"": 0.64, ""pitch"": -44.38, ""roll"": 6.58}, ""gyro_data"": {""gx"": -8.9, ""gy"": -3.23, ""gz"": -3.2}, ""gps_data"": {""latitude"": 0, ""longitude"": 0, ""gps_altitude"": 0, ""time"": 209846}, ""alt_data"": {""pressure"": 852.93, ""temperature"": 27.99, ""AGL"": 0.41, ""velocity"": 0, ""kalman_altitude"": 0.42, ""kalman_vertical_velocity"": -7.91}, ""chute_state"": {""pyro1_state"": 0, ""pyro2_state"": 0}, ""connection_status"": {""connected"": true, ""has_ever_connected"": true, ""packet_age_ms"": 0, ""timeout_exceeded"": false, ""rssi"": -80}, ""communication_mode"": ""BEACON"", ""timestamp"": 67026, ""packets_received"": 577, ""kalman_data"": {""altitude"": 0.42, ""vertical_velocity"": -7.91}, ""kalman_altitude"": 0.42, ""kalman_vertical_velocity"": -7.91, ""pyroDrogue"": 0, ""pyroMain"": 0, ""pyro1_state"": 0, ""pyro2_state"": 0}"
1768306825.029346,2026-01-13T15:20:25.029346,2156,0,0,-0.69,0.07,0.65,-44.19,6.02,-8.75,-3.11,-2.62,0,0,0,210046,852.93,27.99,0.44,0,0,0,0,-80,0.44,-7.91,BEACON,"{""record_number"": 2156, ""operation_mode"": 0, ""state"": 0, ""battery_voltage"": 0, ""wifi_rssi"": -80, ""acc_data"": {""ax"": -0.69, ""ay"": 0.07, ""az"": 0.65, ""pitch"": -44.19, ""roll"": 6.02}, ""gyro_data"": {""gx"": -8.75, ""gy"": -3.11, ""gz"": -2.62}, ""gps_data"": {""latitude"": 0, ""longitude"": 0, ""gps_altitude"": 0, ""time"": 210046}, ""alt_data"": {""pressure"": 852.93, ""temperature"": 27.99, ""AGL"": 0.44, ""velocity"": 0, ""kalman_altitude"": 0.44, ""kalman_vertical_velocity"": -7.91}, ""chute_state"": {""pyro1_state"": 0, ""pyro2_state"": 0}, ""connection_status"": {""connected"": true, ""has_ever_connected"": true, ""packet_age_ms"": 0, ""timeout_exceeded"": false, ""rssi"": -80}, ""communication_mode"": ""BEACON"", ""timestamp"": 67139, ""packets_received"": 578, ""kalman_data"": {""altitude"": 0.44, ""vertical_velocity"": -7.91}, ""kalman_altitude"": 0.44, ""kalman_vertical_velocity"": -7.91, ""pyroDrogue"": 0, ""pyroMain"": 0, ""pyro1_state"": 0, ""pyro2_state"": 0}"
1768306825.070367,2026-01-13T15:20:25.070367,2158,0,0,-0.7,0.07,0.64,-44.54,6.46,-8.99,-3.17,-4.3,0,0,0,210046,852.88,28,0.9,0,0,0,0,-80,0.9,-7.82,BEACON,"{""record_number"": 2158, ""operation_mode"": 0, ""state"": 0, ""battery_voltage"": 0, ""wifi_rssi"": -80, ""acc_data"": {""ax"": -0.7, ""ay"": 0.07, ""az"": 0.64, ""pitch"": -44.54, ""roll"": 6.46}, ""gyro_data"": {""gx"": -8.99, ""gy"": -3.17, ""gz"": -4.3}, ""gps_data"": {""latitude"": 0, ""longitude"": 0, ""gps_altitude"": 0, ""time"": 210046}, ""alt_data"": {""pressure"": 852.88, ""temperature"": 28, ""AGL"": 0.9, ""velocity"": 0, ""kalman_altitude"": 0.9, ""kalman_vertical_velocity"": -7.82}, ""chute_state"": {""pyro1_state"": 0, ""pyro2_state"": 0}, ""connection_status"": {""connected"": true, ""has_ever_connected"": true, ""packet_age_ms"": 0, ""timeout_exceeded"": false, ""rssi"": -80}, ""communication_mode"": ""BEACON"", ""timestamp"": 67251, ""packets_received"": 579, ""kalman_data"": {""altitude"": 0.9, ""vertical_velocity"": -7.82}, ""kalman_altitude"": 0.9, ""kalman_vertical_velocity"": -7.82, ""pyroDrogue"": 0, ""pyroMain"": 0, ""pyro1_state"": 0, ""pyro2_state"": 0}"
1768306825.114124,2026-01-13T15:20:25.114124,2159,0,0,-0.7,0.07,0.64,-44.34,6.68,-9.39,-3.48,-2.87,0,0,0,210245,852.89,28,0.8,0,0,0,0,-80,0.79,-7.85,BEACON,"{""record_number"": 2159, ""operation_mode"": 0, ""state"": 0, ""battery_voltage"": 0, ""wifi_rssi"": -80, ""acc_data"": {""ax"": -0.7, ""ay"": 0.07, ""az"": 0.64, ""pitch"": -44.34, ""roll"": 6.68}, ""gyro_data"": {""gx"": -9.39, ""gy"": -3.48, ""gz"": -2.87}, ""gps_data"": {""latitude"": 0, ""longitude"": 0, ""gps_altitude"": 0, ""time"": 210245}, ""alt_data"": {""pressure"": 852.89, ""temperature"": 28, ""AGL"": 0.8, ""velocity"": 0, ""kalman_altitude"": 0.79, ""kalman_vertical_velocity"": -7.85}, ""chute_state"": {""pyro1_state"": 0, ""pyro2_state"": 0}, ""connection_status"": {""connected"": true, ""has_ever_connected"": true, ""packet_age_ms"": 0, ""timeout_exceeded"": false, ""rssi"": -80}, ""communication_mode"": ""BEACON"", ""timestamp"": 67363, ""packets_received"": 580, ""kalman_data"": {""altitude"": 0.79, ""vertical_velocity"": -7.85}, ""kalman_altitude"": 0.79, ""kalman_vertical_velocity"": -7.85, ""pyroDrogue"": 0, ""pyroMain"": 0, ""pyro1_state"": 0, ""pyro2_state"": 0}"
1768306825.155655,2026-01-13T15:20:25.155655,2160,0,0,-0.71,0.07,0.64,-45.01,6.3,-9.27,-3.54,-3.26,0,0,0,210245,852.9,27.99,0.73,0,0,0,0,-79,0.73,-7.86,BEACON,"{""record_number"": 2160, ""operation_mode"": 0, ""state"": 0, ""battery_voltage"": 0, ""wifi_rssi"": -79, ""acc_data"": {""ax"": -0.71, ""ay"": 0.07, ""az"": 0.64, ""pitch"": -45.01, ""roll"": 6.3}, ""gyro_data"": {""gx"": -9.27, ""gy"": -3.54, ""gz"": -3.26}, ""gps_data"": {""latitude"": 0, ""longitude"": 0, ""gps_altitude"": 0, ""time"": 210245}, ""alt_data"": {""pressure"": 852.9, ""temperature"": 27.99, ""AGL"": 0.73, ""velocity"": 0, ""kalman_altitude"": 0.73, ""kalman_vertical_velocity"": -7.86}, ""chute_state"": {""pyro1_state"": 0, ""pyro2_state"": 0}, ""connection_status"": {""connected"": true, ""has_ever_connected"": true, ""packet_age_ms"": 0, ""timeout_exceeded"": false, ""rssi"": -79}, ""communication_mode"": ""BEACON"", ""timestamp"": 67475, ""packets_received"": 581, ""kalman_data"": {""altitude"": 0.73, ""vertical_velocity"": -7.86}, ""kalman_altitude"": 0.73, ""kalman_vertical_velocity"": -7.86, ""pyroDrogue"": 0, ""pyroMain"": 0, ""pyro1_state"": 0, ""pyro2_state"": 0}"
1768306825.209653,2026-01-13T15:20:25.209653,2162,0,0,-0.71,0.07,0.64,-44.34,6.36,-9.33,-3.78,-3.84,0,0,0,210445,852.88,27.99,0.95,0,0,0,0,-80,0.94,-7.83,BEACON,"{""record_number"": 2162, ""operation_mode"": 0, ""state"": 0, ""battery_voltage"": 0, ""wifi_rssi"": -80, ""acc_data"": {""ax"": -0.71, ""ay"": 0.07, ""az"": 0.64, ""pitch"": -44.34, ""roll"": 6.36}, ""gyro_data"": {""gx"": -9.33, ""gy"": -3.78, ""gz"": -3.84}, ""gps_data"": {""latitude"": 0, ""longitude"": 0, ""gps_altitude"": 0, ""time"": 210445}, ""alt_data"": {""pressure"": 852.88, ""temperature"": 27.99, ""AGL"": 0.95, ""velocity"": 0, ""kalman_altitude"": 0.94, ""kalman_vertical_velocity"": -7.83}, ""chute_state"": {""pyro1_state"": 0, ""pyro2_state"": 0}, ""connection_status"": {""connected"": true, ""has_ever_connected"": true, ""packet_age_ms"": 1, ""timeout_exceeded"": false, ""rssi"": -80}, ""communication_mode"": ""BEACON"", ""timestamp"": 67588, ""packets_received"": 582, ""kalman_data"": {""altitude"": 0.94, ""vertical_velocity"": -7.83}, ""kalman_altitude"": 0.94, ""kalman_vertical_velocity"": -7.83, ""pyroDrogue"": 0, ""pyroMain"": 0, ""pyro1_state"": 0, ""pyro2_state"": 0}"
1768306825.253795,2026-01-13T15:20:25.253795,2163,0,0,-0.7,0.07,0.65,-44.23,6.2,-8.9,-2.87,-4.12,0,0,0,210648,852.93,28,0.36,0,0,0,0,-80,0.36,-7.95,BEACON,"{""record_number"": 2163, ""operation_mode"": 0, ""state"": 0, ""battery_voltage"": 0, ""wifi_rssi"": -80, ""acc_data"": {""ax"": -0.7, ""ay"": 0.07, ""az"": 0.65, ""pitch"": -44.23, ""roll"": 6.2}, ""gyro_data"": {""gx"": -8.9, ""gy"": -2.87, ""gz"": -4.12}, ""gps_data"": {""latitude"": 0, ""longitude"": 0, ""gps_altitude"": 0, ""time"": 210648}, ""alt_data"": {""pressure"": 852.93, ""temperature"": 28, ""AGL"": 0.36, ""velocity"": 0, ""kalman_altitude"": 0.36, ""kalman_vertical_velocity"": -7.95}, ""chute_state"": {""pyro1_state"": 0, ""pyro2_state"": 0}, ""connection_status"": {""connected"": true, ""has_ever_connected"": true, ""packet_age_ms"": 0, ""timeout_exceeded"": false, ""rssi"": -80}, ""communication_mode"": ""BEACON"", ""timestamp"": 67701, ""packets_received"": 583, ""kalman_data"": {""altitude"": 0.36, ""vertical_velocity"": -7.95}, ""kalman_altitude"": 0.36, ""kalman_vertical_velocity"": -7.95, ""pyroDrogue"": 0, ""pyroMain"": 0, ""pyro1_state"": 0, ""pyro2_state"": 0}"
1768306825.311653,2026-01-13T15:20:25.311653,2164,0,0,-0.7,0.07,0.64,-44.3,6.31,-9.76,-3.63,-3.6,0,0,0,210648,852.92,28,0.54,0,0,0,0,-80,0.54,-7.92,BEACON,"{""record_number"": 2164, ""operation_mode"": 0, ""state"": 0, ""battery_voltage"": 0, ""wifi_rssi"": -80, ""acc_data"": {""ax"": -0.7, ""ay"": 0.07, ""az"": 0.64, ""pitch"": -44.3, ""roll"": 6.31}, ""gyro_data"": {""gx"": -9.76, ""gy"": -3.63, ""gz"": -3.6}, ""gps_data"": {""latitude"": 0, ""longitude"": 0, ""gps_altitude"": 0, ""time"": 210648}, ""alt_data"": {""pressure"": 852.92, ""temperature"": 28, ""AGL"": 0.54, ""velocity"": 0, ""kalman_altitude"": 0.54, ""kalman_vertical_velocity"": -7.92}, ""chute_state"": {""pyro1_state"": 0, ""pyro2_state"": 0}, ""connection_status"": {""connected"": true, ""has_ever_connected"": true, ""packet_age_ms"": 0, ""timeout_exceeded"": false, ""rssi"": -80}, ""communication_mode"": ""BEACON"", ""timestamp"": 67814, ""packets_received"": 584, ""kalman_data"": {""altitude"": 0.54, ""vertical_velocity"": -7.92}, ""kalman_altitude"": 0.54, ""kalman_vertical_velocity"": -7.92, ""pyroDrogue"": 0, ""pyroMain"": 0, ""pyro1_state"": 0, ""pyro2_state"": 0}"
1768306825.355652,2026-01-13T15:20:25.355652,2165,0,0,-0.7,0.07,0.64,-44.27,6.43,-9.7,-2.53,-3.26,0,0,0,210852,852.91,28,0.65,0,0,0,0,-80,0.64,-7.9,BEACON,"{""record_number"": 2165, ""operation_mode"": 0, ""state"": 0, ""battery_voltage"": 0, ""wifi_rssi"": -80, ""acc_data"": {""ax"": -0.7, ""ay"": 0.07, ""az"": 0.64, ""pitch"": -44.27, ""roll"": 6.43}, ""gyro_data"": {""gx"": -9.7, ""gy"": -2.53, ""gz"": -3.26}, ""gps_data"": {""latitude"": 0, ""longitude"": 0, ""gps_altitude"": 0, ""time"": 210852}, ""alt_data"": {""pressure"": 852.91, ""temperature"": 28, ""AGL"": 0.65, ""velocity"": 0, ""kalman_altitude"": 0.64, ""kalman_vertical_velocity"": -7.9}, ""chute_state"": {""pyro1_state"": 0, ""pyro2_state"": 0}, ""connection_status"": {""connected"": true, ""has_ever_connected"": true, ""packet_age_ms"": 0, ""timeout_exceeded"": false, ""rssi"": -80}, ""communication_mode"": ""BEACON"", ""timestamp"": 67925, ""packets_received"": 585, ""kalman_data"": {""altitude"": 0.64, ""vertical_velocity"": -7.9}, ""kalman_altitude"": 0.64, ""kalman_vertical_velocity"": -7.9, ""pyroDrogue"": 0, ""pyroMain"": 0, ""pyro1_state"": 0, ""pyro2_state"": 0}"
1768306825.39065,2026-01-13T15:20:25.390650,2167,0,0,-0.69,0.07,0.65,-43.92,6.3,-9.45,-2.47,-4.12,0,0,0,210852,852.9,28,0.72,0,0,0,0,-80,0.72,-7.89,BEACON,"{""record_number"": 2167, ""operation_mode"": 0, ""state"": 0, ""battery_voltage"": 0, ""wifi_rssi"": -80, ""acc_data"": {""ax"": -0.69, ""ay"": 0.07, ""az"": 0.65, ""pitch"": -43.92, ""roll"": 6.3}, ""gyro_data"": {""gx"": -9.45, ""gy"": -2.47, ""gz"": -4.12}, ""gps_data"": {""latitude"": 0, ""longitude"": 0, ""gps_altitude"": 0, ""time"": 210852}, ""alt_data"": {""pressure"": 852.9, ""temperature"": 28, ""AGL"": 0.72, ""velocity"": 0, ""kalman_altitude"": 0.72, ""kalman_vertical_velocity"": -7.89}, ""chute_state"": {""pyro1_state"": 0, ""pyro2_state"": 0}, ""connection_status"": {""connected"": true, ""has_ever_connected"": true, ""packet_age_ms"": 0, ""timeout_exceeded"": false, ""rssi"": -80}, ""communication_mode"": ""BEACON"", ""timestamp"": 68038, ""packets_received"": 586, ""kalman_data"": {""altitude"": 0.72, ""vertical_velocity"": -7.89}, ""kalman_altitude"": 0.72, ""kalman_vertical_velocity"": -7.89, ""pyroDrogue"": 0, ""pyroMain"": 0, ""pyro1_state"": 0, ""pyro2_state"": 0}"
1768306825.523383,2026-01-13T15:20:25.523383,2168,0,0,-0.71,0.07,0.65,-44.85,6.44,-9.12,-3.51,-3.63,0,0,0,211052,852.88,28,0.86,0,0,0,0,-81,0.86,-7.87,BEACON,"{""record_number"": 2168, ""operation_mode"": 0, ""state"": 0, ""battery_voltage"": 0, ""wifi_rssi"": -81, ""acc_data"": {""ax"": -0.71, ""ay"": 0.07, ""az"": 0.65, ""pitch"": -44.85, ""roll"": 6.44}, ""gyro_data"": {""gx"": -9.12, ""gy"": -3.51, ""gz"": -3.63}, ""gps_data"": {""latitude"": 0, ""longitude"": 0, ""gps_altitude"": 0, ""time"": 211052}, ""alt_data"": {""pressure"": 852.88, ""temperature"": 28, ""AGL"": 0.86, ""velocity"": 0, ""kalman_altitude"": 0.86, ""kalman_vertical_velocity"": -7.87}, ""chute_state"": {""pyro1_state"": 0, ""pyro2_state"": 0}, ""connection_status"": {""connected"": true, ""has_ever_connected"": true, ""packet_age_ms"": 0, ""timeout_exceeded"": false, ""rssi"": -81}, ""communication_mode"": ""BEACON"", ""timestamp"": 68151, ""packets_received"": 587, ""kalman_data"": {""altitude"": 0.86, ""vertical_velocity"": -7.87}, ""kalman_altitude"": 0.86, ""kalman_vertical_velocity"": -7.87, ""pyroDrogue"": 0, ""pyroMain"": 0, ""pyro1_state"": 0, ""pyro2_state"": 0}"
1768306825.571379,2026-01-13T15:20:25.571379,2169,0,0,-0.7,0.07,0.65,-44.5,6.3,-9.18,-3.14,-3.57,0,0,0,211052,852.91,28,0.61,0,0,0,0,-80,0.61,-7.92,BEACON,"{""record_number"": 2169, ""operation_mode"": 0, ""state"": 0, ""battery_voltage"": 0, ""wifi_rssi"": -80, ""acc_data"": {""ax"": -0.7, ""ay"": 0.07, ""az"": 0.65, ""pitch"": -44.5, ""roll"": 6.3}, ""gyro_data"": {""gx"": -9.18, ""gy"": -3.14, ""gz"": -3.57}, ""gps_data"": {""latitude"": 0, ""longitude"": 0, ""gps_altitude"": 0, ""time"": 211052}, ""alt_data"": {""pressure"": 852.91, ""temperature"": 28, ""AGL"": 0.61, ""velocity"": 0, ""kalman_altitude"": 0.61, ""kalman_vertical_velocity"": -7.92}, ""chute_state"": {""pyro1_state"": 0, ""pyro2_state"": 0}, ""connection_status"": {""connected"": true, ""has_ever_connected"": true, ""packet_age_ms"": 0, ""timeout_exceeded"": false, ""rssi"": -80}, ""communication_mode"": ""BEACON"", ""timestamp"": 68263, ""packets_received"": 588, ""kalman_data"": {""altitude"": 0.61, ""vertical_velocity"": -7.92}, ""kalman_altitude"": 0.61, ""kalman_vertical_velocity"": -7.92, ""pyroDrogue"": 0, ""pyroMain"": 0, ""pyro1_state"": 0, ""pyro2_state"": 0}"
1768306825.660812,2026-01-13T15:20:25.660812,2171,0,0,-0.7,0.07,0.64,-44.62,6.29,-9.33,-3.51,-3.08,0,0,0,211251,852.9,27.99,0.73,0,0,0,0,-80,0.73,-7.91,BEACON,"{""record_number"": 2171, ""operation_mode"": 0, ""state"": 0, ""battery_voltage"": 0, ""wifi_rssi"": -80, ""acc_data"": {""ax"": -0.7, ""ay"": 0.07, ""az"": 0.64, ""pitch"": -44.62, ""roll"": 6.29}, ""gyro_data"": {""gx"": -9.33, ""gy"": -3.51, ""gz"": -3.08}, ""gps_data"": {""latitude"": 0, ""longitude"": 0, ""gps_altitude"": 0, ""time"": 211251}, ""alt_data"": {""pressure"": 852.9, ""temperature"": 27.99, ""AGL"": 0.73, ""velocity"": 0, ""kalman_altitude"": 0.73, ""kalman_vertical_velocity"": -7.91}, ""chute_state"": {""pyro1_state"": 0, ""pyro2_state"": 0}, ""connection_status"": {""connected"": true, ""has_ever_connected"": true, ""packet_age_ms"": 0, ""timeout_exceeded"": false, ""rssi"": -80}, ""communication_mode"": ""BEACON"", ""timestamp"": 68376, ""packets_received"": 589, ""kalman_data"": {""altitude"": 0.73, ""vertical_velocity"": -7.91}, ""kalman_altitude"": 0.73, ""kalman_vertical_velocity"": -7.91, ""pyroDrogue"": 0, ""pyroMain"": 0, ""pyro1_state"": 0, ""pyro2_state"": 0}"
1768306825.7128,2026-01-13T15:20:25.712800,2172,0,0,-0.71,0.07,0.64,-44.34,6.73,-9.39,-2.93,-3.45,0,0,0,211251,852.91,28,0.61,0,0,0,0,-80,0.61,-7.94,BEACON,"{""record_number"": 2172, ""operation_mode"": 0, ""state"": 0, ""battery_voltage"": 0, ""wifi_rssi"": -80, ""acc_data"": {""ax"": -0.71, ""ay"": 0.07, ""az"": 0.64, ""pitch"": -44.34, ""roll"": 6.73}, ""gyro_data"": {""gx"": -9.39, ""gy"": -2.93, ""gz"": -3.45}, ""gps_data"": {""latitude"": 0, ""longitude"": 0, ""gps_altitude"": 0, ""time"": 211251}, ""alt_data"": {""pressure"": 852.91, ""temperature"": 28, ""AGL"": 0.61, ""velocity"": 0, ""kalman_altitude"": 0.61, ""kalman_vertical_velocity"": -7.94}, ""chute_state"": {""pyro1_state"": 0, ""pyro2_state"": 0}, ""connection_status"": {""connected"": true, ""has_ever_connected"": true, ""packet_age_ms"": 1, ""timeout_exceeded"": false, ""rssi"": -80}, ""communication_mode"": ""BEACON"", ""timestamp"": 68489, ""packets_received"": 590, ""kalman_data"": {""altitude"": 0.61, ""vertical_velocity"": -7.94}, ""kalman_altitude"": 0.61, ""kalman_vertical_velocity"": -7.94, ""pyroDrogue"": 0, ""pyroMain"": 0, ""pyro1_state"": 0, ""pyro2_state"": 0}"
1768306825.764803,2026-01-13T15:20:25.764803,2173,0,0,-0.7,0.07,0.64,-44.5,6.23,-9.45,-3.84,-3.63,0,0,0,211452,852.92,28,0.47,0,0,0,0,-80,0.47,-7.97,BEACON,"{""record_number"": 2173, ""operation_mode"": 0, ""state"": 0, ""battery_voltage"": 0, ""wifi_rssi"": -80, ""acc_data"": {""ax"": -0.7, ""ay"": 0.07, ""az"": 0.64, ""pitch"": -44.5, ""roll"": 6.23}, ""gyro_data"": {""gx"": -9.45, ""gy"": -3.84, ""gz"": -3.63}, ""gps_data"": {""latitude"": 0, ""longitude"": 0, ""gps_altitude"": 0, ""time"": 211452}, ""alt_data"": {""pressure"": 852.92, ""temperature"": 28, ""AGL"": 0.47, ""velocity"": 0, ""kalman_altitude"": 0.47, ""kalman_vertical_velocity"": -7.97}, ""chute_state"": {""pyro1_state"": 0, ""pyro2_state"": 0}, ""connection_status"": {""connected"": true, ""has_ever_connected"": true, ""packet_age_ms"": 1, ""timeout_exceeded"": false, ""rssi"": -80}, ""communication_mode"": ""BEACON"", ""timestamp"": 68601, ""packets_received"": 591, ""kalman_data"": {""altitude"": 0.47, ""vertical_velocity"": -7.97}, ""kalman_altitude"": 0.47, ""kalman_vertical_velocity"": -7.97, ""pyroDrogue"": 0, ""pyroMain"": 0, ""pyro1_state"": 0, ""pyro2_state"": 0}"
1768306825.8148,2026-01-13T15:20:25.814800,2175,0,0,-0.7,0.07,0.64,-44.38,5.64,-8.93,-3.29,-4.48,0,0,0,211654,852.94,28.01,0.28,0,0,0,0,-81,0.28,-8.01,BEACON,"{""record_number"": 2175, ""operation_mode"": 0, ""state"": 0, ""battery_voltage"": 0, ""wifi_rssi"": -81, ""acc_data"": {""ax"": -0.7, ""ay"": 0.07, ""az"": 0.64, ""pitch"": -44.38, ""roll"": 5.64}, ""gyro_data"": {""gx"": -8.93, ""gy"": -3.29, ""gz"": -4.48}, ""gps_data"": {""latitude"": 0, ""longitude"": 0, ""gps_altitude"": 0, ""time"": 211654}, ""alt_data"": {""pressure"": 852.94, ""temperature"": 28.01, ""AGL"": 0.28, ""velocity"": 0, ""kalman_altitude"": 0.28, ""kalman_vertical_velocity"": -8.01}, ""chute_state"": {""pyro1_state"": 0, ""pyro2_state"": 0}, ""connection_status"": {""connected"": true, ""has_ever_connected"": true, ""packet_age_ms"": 0, ""timeout_exceeded"": false, ""rssi"": -81}, ""communication_mode"": ""BEACON"", ""timestamp"": 68713, ""packets_received"": 592, ""kalman_data"": {""altitude"": 0.28, ""vertical_velocity"": -8.01}, ""kalman_altitude"": 0.28, ""kalman_vertical_velocity"": -8.01, ""pyroDrogue"": 0, ""pyroMain"": 0, ""pyro1_state"": 0, ""pyro2_state"": 0}"
1768306825.881808,2026-01-13T15:20:25.881808,2176,0,0,-0.7,0.07,0.64,-44.78,6.16,-9.21,-3.26,-4.12,0,0,0,211654,852.93,28.01,0.38,0,0,0,0,-80,0.39,-8,BEACON,"{""record_number"": 2176, ""operation_mode"": 0, ""state"": 0, ""battery_voltage"": 0, ""wifi_rssi"": -80, ""acc_data"": {""ax"": -0.7, ""ay"": 0.07, ""az"": 0.64, ""pitch"": -44.78, ""roll"": 6.16}, ""gyro_data"": {""gx"": -9.21, ""gy"": -3.26, ""gz"": -4.12}, ""gps_data"": {""latitude"": 0, ""longitude"": 0, ""gps_altitude"": 0, ""time"": 211654}, ""alt_data"": {""pressure"": 852.93, ""temperature"": 28.01, ""AGL"": 0.38, ""velocity"": 0, ""kalman_altitude"": 0.39, ""kalman_vertical_velocity"": -8}, ""chute_state"": {""pyro1_state"": 0, ""pyro2_state"": 0}, ""connection_status"": {""connected"": true, ""has_ever_connected"": true, ""packet_age_ms"": 0, ""timeout_exceeded"": false, ""rssi"": -80}, ""communication_mode"": ""BEACON"", ""timestamp"": 68826, ""packets_received"": 593, ""kalman_data"": {""altitude"": 0.39, ""vertical_velocity"": -8}, ""kalman_altitude"": 0.39, ""kalman_vertical_velocity"": -8, ""pyroDrogue"": 0, ""pyroMain"": 0, ""pyro1_state"": 0, ""pyro2_state"": 0}"
1768306825.950512,2026-01-13T15:20:25.950512,2177,0,0,-0.7,0.07,0.64,-44.38,6.54,-9.54,-3.29,-3.23,0,0,0,211857,852.93,28.01,0.38,0,0,0,0,-81,0.38,-8,BEACON,"{""record_number"": 2177, ""operation_mode"": 0, ""state"": 0, ""battery_voltage"": 0, ""wifi_rssi"": -81, ""acc_data"": {""ax"": -0.7, ""ay"": 0.07, ""az"": 0.64, ""pitch"": -44.38, ""roll"": 6.54}, ""gyro_data"": {""gx"": -9.54, ""gy"": -3.29, ""gz"": -3.23}, ""gps_data"": {""latitude"": 0, ""longitude"": 0, ""gps_altitude"": 0, ""time"": 211857}, ""alt_data"": {""pressure"": 852.93, ""temperature"": 28.01, ""AGL"": 0.38, ""velocity"": 0, ""kalman_altitude"": 0.38, ""kalman_vertical_velocity"": -8}, ""chute_state"": {""pyro1_state"": 0, ""pyro2_state"": 0}, ""connection_status"": {""connected"": true, ""has_ever_connected"": true, ""packet_age_ms"": 0, ""timeout_exceeded"": false, ""rssi"": -81}, ""communication_mode"": ""BEACON"", ""timestamp"": 68939, ""packets_received"": 594, ""kalman_data"": {""altitude"": 0.38, ""vertical_velocity"": -8}, ""kalman_altitude"": 0.38, ""kalman_vertical_velocity"": -8, ""pyroDrogue"": 0, ""pyroMain"": 0, ""pyro1_state"": 0, ""pyro2_state"": 0}"
1768306826.016393,2026-01-13T15:20:26.016393,2179,0,0,-0.7,0.07,0.63,-44.54,6.21,-8.96,-3.11,-2.99,0,0,0,211857,852.87,28,0.97,0,0,0,0,-81,0.96,-7.89,BEACON,"{""record_number"": 2179, ""operation_mode"": 0, ""state"": 0, ""battery_voltage"": 0, ""wifi_rssi"": -81, ""acc_data"": {""ax"": -0.7, ""ay"": 0.07, ""az"": 0.63, ""pitch"": -44.54, ""roll"": 6.21}, ""gyro_data"": {""gx"": -8.96, ""gy"": -3.11, ""gz"": -2.99}, ""gps_data"": {""latitude"": 0, ""longitude"": 0, ""gps_altitude"": 0, ""time"": 211857}, ""alt_data"": {""pressure"": 852.87, ""temperature"": 28, ""AGL"": 0.97, ""velocity"": 0, ""kalman_altitude"": 0.96, ""kalman_vertical_velocity"": -7.89}, ""chute_state"": {""pyro1_state"": 0, ""pyro2_state"": 0}, ""connection_status"": {""connected"": true, ""has_ever_connected"": true, ""packet_age_ms"": 0, ""timeout_exceeded"": false, ""rssi"": -81}, ""communication_mode"": ""BEACON"", ""timestamp"": 69052, ""packets_received"": 595, ""kalman_data"": {""altitude"": 0.96, ""vertical_velocity"": -7.89}, ""kalman_altitude"": 0.96, ""kalman_vertical_velocity"": -7.89, ""pyroDrogue"": 0, ""pyroMain"": 0, ""pyro1_state"": 0, ""pyro2_state"": 0}"
1768306826.073762,2026-01-13T15:20:26.073762,2180,0,0,-0.7,0.08,0.64,-44.66,6.46,-9.73,-3.26,-3.23,0,0,0,212057,852.9,28,0.68,0,0,0,0,-83,0.68,-7.95,BEACON,"{""record_number"": 2180, ""operation_mode"": 0, ""state"": 0, ""battery_voltage"": 0, ""wifi_rssi"": -83, ""acc_data"": {""ax"": -0.7, ""ay"": 0.08, ""az"": 0.64, ""pitch"": -44.66, ""roll"": 6.46}, ""gyro_data"": {""gx"": -9.73, ""gy"": -3.26, ""gz"": -3.23}, ""gps_data"": {""latitude"": 0, ""longitude"": 0, ""gps_altitude"": 0, ""time"": 212057}, ""alt_data"": {""pressure"": 852.9, ""temperature"": 28, ""AGL"": 0.68, ""velocity"": 0, ""kalman_altitude"": 0.68, ""kalman_vertical_velocity"": -7.95}, ""chute_state"": {""pyro1_state"": 0, ""pyro2_state"": 0}, ""connection_status"": {""connected"": true, ""has_ever_connected"": true, ""packet_age_ms"": 0, ""timeout_exceeded"": false, ""rssi"": -83}, ""communication_mode"": ""BEACON"", ""timestamp"": 69165, ""packets_received"": 596, ""kalman_data"": {""altitude"": 0.68, ""vertical_velocity"": -7.95}, ""kalman_altitude"": 0.68, ""kalman_vertical_velocity"": -7.95, ""pyroDrogue"": 0, ""pyroMain"": 0, ""pyro1_state"": 0, ""pyro2_state"": 0}"
1768306826.128711,2026-01-13T15:20:26.128711,2181,0,0,-0.7,0.07,0.64,-44.42,6.3,-8.93,-2.53,-3.99,0,0,0,212057,852.92,27.99,0.48,0,0,0,0,-82,0.48,-8,BEACON,"{""record_number"": 2181, ""operation_mode"": 0, ""state"": 0, ""battery_voltage"": 0, ""wifi_rssi"": -82, ""acc_data"": {""ax"": -0.7, ""ay"": 0.07, ""az"": 0.64, ""pitch"": -44.42, ""roll"": 6.3}, ""gyro_data"": {""gx"": -8.93, ""gy"": -2.53, ""gz"": -3.99}, ""gps_data"": {""latitude"": 0, ""longitude"": 0, ""gps_altitude"": 0, ""time"": 212057}, ""alt_data"": {""pressure"": 852.92, ""temperature"": 27.99, ""AGL"": 0.48, ""velocity"": 0, ""kalman_altitude"": 0.48, ""kalman_vertical_velocity"": -8}, ""chute_state"": {""pyro1_state"": 0, ""pyro2_state"": 0}, ""connection_status"": {""connected"": true, ""has_ever_connected"": true, ""packet_age_ms"": 0, ""timeout_exceeded"": false, ""rssi"": -82}, ""communication_mode"": ""BEACON"", ""timestamp"": 69277, ""packets_received"": 597, ""kalman_data"": {""altitude"": 0.48, ""vertical_velocity"": -8}, ""kalman_altitude"": 0.48, ""kalman_vertical_velocity"": -8, ""pyroDrogue"": 0, ""pyroMain"": 0, ""pyro1_state"": 0, ""pyro2_state"": 0}"
1768306826.182464,2026-01-13T15:20:26.182464,2183,0,0,-0.69,0.07,0.64,-44.27,6.33,-9.18,-2.71,-3.81,0,0,0,212257,852.91,28,0.62,0,0,0,0,-82,0.61,-7.97,BEACON,"{""record_number"": 2183, ""operation_mode"": 0, ""state"": 0, ""battery_voltage"": 0, ""wifi_rssi"": -82, ""acc_data"": {""ax"": -0.69, ""ay"": 0.07, ""az"": 0.64, ""pitch"": -44.27, ""roll"": 6.33}, ""gyro_data"": {""gx"": -9.18, ""gy"": -2.71, ""gz"": -3.81}, ""gps_data"": {""latitude"": 0, ""longitude"": 0, ""gps_altitude"": 0, ""time"": 212257}, ""alt_data"": {""pressure"": 852.91, ""temperature"": 28, ""AGL"": 0.62, ""velocity"": 0, ""kalman_altitude"": 0.61, ""kalman_vertical_velocity"": -7.97}, ""chute_state"": {""pyro1_state"": 0, ""pyro2_state"": 0}, ""connection_status"": {""connected"": true, ""has_ever_connected"": true, ""packet_age_ms"": 0, ""timeout_exceeded"": false, ""rssi"": -82}, ""communication_mode"": ""BEACON"", ""timestamp"": 69389, ""packets_received"": 598, ""kalman_data"": {""altitude"": 0.61, ""vertical_velocity"": -7.97}, ""kalman_altitude"": 0.61, ""kalman_vertical_velocity"": -7.97, ""pyroDrogue"": 0, ""pyroMain"": 0, ""pyro1_state"": 0, ""pyro2_state"": 0}"
1768306826.260139,2026-01-13T15:20:26.260139,2184,0,0,-0.7,0.08,0.65,-44.5,6.34,-9.63,-2.87,-3.81,0,0,0,212456,852.92,28,0.54,0,0,0,0,-81,0.55,-8,BEACON,"{""record_number"": 2184, ""operation_mode"": 0, ""state"": 0, ""battery_voltage"": 0, ""wifi_rssi"": -81, ""acc_data"": {""ax"": -0.7, ""ay"": 0.08, ""az"": 0.65, ""pitch"": -44.5, ""roll"": 6.34}, ""gyro_data"": {""gx"": -9.63, ""gy"": -2.87, ""gz"": -3.81}, ""gps_data"": {""latitude"": 0, ""longitude"": 0, ""gps_altitude"": 0, ""time"": 212456}, ""alt_data"": {""pressure"": 852.92, ""temperature"": 28, ""AGL"": 0.54, ""velocity"": 0, ""kalman_altitude"": 0.55, ""kalman_vertical_velocity"": -8}, ""chute_state"": {""pyro1_state"": 0, ""pyro2_state"": 0}, ""connection_status"": {""connected"": true, ""has_ever_connected"": true, ""packet_age_ms"": 0, ""timeout_exceeded"": false, ""rssi"": -81}, ""communication_mode"": ""BEACON"", ""timestamp"": 69501, ""packets_received"": 599, ""kalman_data"": {""altitude"": 0.55, ""vertical_velocity"": -8}, ""kalman_altitude"": 0.55, ""kalman_vertical_velocity"": -8, ""pyroDrogue"": 0, ""pyroMain"": 0, ""pyro1_state"": 0, ""pyro2_state"": 0}"
1768306826.31022,2026-01-13T15:20:26.310220,2185,0,0,-0.71,0.07,0.64,-44.15,6.04,-9.18,-3.9,-3.54,0,0,0,212456,852.94,28.01,0.28,0,0,0,0,-83,0.28,-8.05,BEACON,"{""record_number"": 2185, ""operation_mode"": 0, ""state"": 0, ""battery_voltage"": 0, ""wifi_rssi"": -83, ""acc_data"": {""ax"": -0.71, ""ay"": 0.07, ""az"": 0.64, ""pitch"": -44.15, ""roll"": 6.04}, ""gyro_data"": {""gx"": -9.18, ""gy"": -3.9, ""gz"": -3.54}, ""gps_data"": {""latitude"": 0, ""longitude"": 0, ""gps_altitude"": 0, ""time"": 212456}, ""alt_data"": {""pressure"": 852.94, ""temperature"": 28.01, ""AGL"": 0.28, ""velocity"": 0, ""kalman_altitude"": 0.28, ""kalman_vertical_velocity"": -8.05}, ""chute_state"": {""pyro1_state"": 0, ""pyro2_state"": 0}, ""connection_status"": {""connected"": true, ""has_ever_connected"": true, ""packet_age_ms"": 0, ""timeout_exceeded"": false, ""rssi"": -83}, ""communication_mode"": ""BEACON"", ""timestamp"": 69614, ""packets_received"": 600, ""kalman_data"": {""altitude"": 0.28, ""vertical_velocity"": -8.05}, ""kalman_altitude"": 0.28, ""kalman_vertical_velocity"": -8.05, ""pyroDrogue"": 0, ""pyroMain"": 0, ""pyro1_state"": 0, ""pyro2_state"": 0}"
1768306826.368378,2026-01-13T15:20:26.368378,2187,0,0,-0.7,0.07,0.65,-44.82,6.04,-9.3,-3.38,-4.02,0,0,0,212659,852.91,28,0.61,0,0,0,0,-82,0.61,-7.99,BEACON,"{""record_number"": 2187, ""operation_mode"": 0, ""state"": 0, ""battery_voltage"": 0, ""wifi_rssi"": -82, ""acc_data"": {""ax"": -0.7, ""ay"": 0.07, ""az"": 0.65, ""pitch"": -44.82, ""roll"": 6.04}, ""gyro_data"": {""gx"": -9.3, ""gy"": -3.38, ""gz"": -4.02}, ""gps_data"": {""latitude"": 0, ""longitude"": 0, ""gps_altitude"": 0, ""time"": 212659}, ""alt_data"": {""pressure"": 852.91, ""temperature"": 28, ""AGL"": 0.61, ""velocity"": 0, ""kalman_altitude"": 0.61, ""kalman_vertical_velocity"": -7.99}, ""chute_state"": {""pyro1_state"": 0, ""pyro2_state"": 0}, ""connection_status"": {""connected"": true, ""has_ever_connected"": true, ""packet_age_ms"": 0, ""timeout_exceeded"": false, ""rssi"": -82}, ""communication_mode"": ""BEACON"", ""timestamp"": 69727, ""packets_received"": 601, ""kalman_data"": {""altitude"": 0.61, ""vertical_velocity"": -7.99}, ""kalman_altitude"": 0.61, ""kalman_vertical_velocity"": -7.99, ""pyroDrogue"": 0, ""pyroMain"": 0, ""pyro1_state"": 0, ""pyro2_state"": 0}"
1768306826.399382,2026-01-13T15:20:26.399382,2188,0,0,-0.7,0.07,0.64,-44.54,6.3,-9.27,-2.9,-3.45,0,0,0,212659,852.9,28,0.72,0,0,0,0,-83,0.72,-7.98,BEACON,"{""record_number"": 2188, ""operation_mode"": 0, ""state"": 0, ""battery_voltage"": 0, ""wifi_rssi"": -83, ""acc_data"": {""ax"": -0.7, ""ay"": 0.07, ""az"": 0.64, ""pitch"": -44.54, ""roll"": 6.3}, ""gyro_data"": {""gx"": -9.27, ""gy"": -2.9, ""gz"": -3.45}, ""gps_data"": {""latitude"": 0, ""longitude"": 0, ""gps_altitude"": 0, ""time"": 212659}, ""alt_data"": {""pressure"": 852.9, ""temperature"": 28, ""AGL"": 0.72, ""velocity"": 0, ""kalman_altitude"": 0.72, ""kalman_vertical_velocity"": -7.98}, ""chute_state"": {""pyro1_state"": 0, ""pyro2_state"": 0}, ""connection_status"": {""connected"": true, ""has_ever_connected"": true, ""packet_age_ms"": 1, ""timeout_exceeded"": false, ""rssi"": -83}, ""communication_mode"": ""BEACON"", ""timestamp"": 69840, ""packets_received"": 602, ""kalman_data"": {""altitude"": 0.72, ""vertical_velocity"": -7.98}, ""kalman_altitude"": 0.72, ""kalman_vertical_velocity"": -7.98, ""pyroDrogue"": 0, ""pyroMain"": 0, ""pyro1_state"": 0, ""pyro2_state"": 0}"
1768306826.433389,2026-01-13T15:20:26.433389,2189,0,0,-0.7,0.06,0.65,-44.27,6.19,-8.66,-2.96,-4.05,0,0,0,212862,852.92,28.01,0.53,0,0,0,0,-82,0.53,-8.02,BEACON,"{""record_number"": 2189, ""operation_mode"": 0, ""state"": 0, ""battery_voltage"": 0, ""wifi_rssi"": -82, ""acc_data"": {""ax"": -0.7, ""ay"": 0.06, ""az"": 0.65, ""pitch"": -44.27, ""roll"": 6.19}, ""gyro_data"": {""gx"": -8.66, ""gy"": -2.96, ""gz"": -4.05}, ""gps_data"": {""latitude"": 0, ""longitude"": 0, ""gps_altitude"": 0, ""time"": 212862}, ""alt_data"": {""pressure"": 852.92, ""temperature"": 28.01, ""AGL"": 0.53, ""velocity"": 0, ""kalman_altitude"": 0.53, ""kalman_vertical_velocity"": -8.02}, ""chute_state"": {""pyro1_state"": 0, ""pyro2_state"": 0}, ""connection_status"": {""connected"": true, ""has_ever_connected"": true, ""packet_age_ms"": 0, ""timeout_exceeded"": false, ""rssi"": -82}, ""communication_mode"": ""BEACON"", ""timestamp"": 69952, ""packets_received"": 603, ""kalman_data"": {""altitude"": 0.53, ""vertical_velocity"": -8.02}, ""kalman_altitude"": 0.53, ""kalman_vertical_velocity"": -8.02, ""pyroDrogue"": 0, ""pyroMain"": 0, ""pyro1_state"": 0, ""pyro2_state"": 0}"
1768306826.512913,2026-01-13T15:20:26.512913,2191,0,0,-0.7,0.07,0.64,-44.42,5.73,-8.81,-3.45,-3.96,0,0,0,212862,852.9,28,0.72,0,0,0,0,-83,0.72,-7.99,BEACON,"{""record_number"": 2191, ""operation_mode"": 0, ""state"": 0, ""battery_voltage"": 0, ""wifi_rssi"": -83, ""acc_data"": {""ax"": -0.7, ""ay"": 0.07, ""az"": 0.64, ""pitch"": -44.42, ""roll"": 5.73}, ""gyro_data"": {""gx"": -8.81, ""gy"": -3.45, ""gz"": -3.96}, ""gps_data"": {""latitude"": 0, ""longitude"": 0, ""gps_altitude"": 0, ""time"": 212862}, ""alt_data"": {""pressure"": 852.9, ""temperature"": 28, ""AGL"": 0.72, ""velocity"": 0, ""kalman_altitude"": 0.72, ""kalman_vertical_velocity"": -7.99}, ""chute_state"": {""pyro1_state"": 0, ""pyro2_state"": 0}, ""connection_status"": {""connected"": true, ""has_ever_connected"": true, ""packet_age_ms"": 0, ""timeout_exceeded"": false, ""rssi"": -83}, ""communication_mode"": ""BEACON"", ""timestamp"": 70064, ""packets_received"": 604, ""kalman_data"": {""altitude"": 0.72, ""vertical_velocity"": -7.99}, ""kalman_altitude"": 0.72, ""kalman_vertical_velocity"": -7.99, ""pyroDrogue"": 0, ""pyroMain"": 0, ""pyro1_state"": 0, ""pyro2_state"": 0}"
1768306826.594919,2026-01-13T15:20:26.594919,2192,0,0,-0.69,0.07,0.64,-44.58,6.02,-8.48,-3.35,-3.66,0,0,0,213061,852.9,28.01,0.74,0,0,0,0,-82,0.75,-7.99,BEACON,"{""record_number"": 2192, ""operation_mode"": 0, ""state"": 0, ""battery_voltage"": 0, ""wifi_rssi"": -82, ""acc_data"": {""ax"": -0.69, ""ay"": 0.07, ""az"": 0.64, ""pitch"": -44.58, ""roll"": 6.02}, ""gyro_data"": {""gx"": -8.48, ""gy"": -3.35, ""gz"": -3.66}, ""gps_data"": {""latitude"": 0, ""longitude"": 0, ""gps_altitude"": 0, ""time"": 213061}, ""alt_data"": {""pressure"": 852.9, ""temperature"": 28.01, ""AGL"": 0.74, ""velocity"": 0, ""kalman_altitude"": 0.75, ""kalman_vertical_velocity"": -7.99}, ""chute_state"": {""pyro1_state"": 0, ""pyro2_state"": 0}, ""connection_status"": {""connected"": true, ""has_ever_connected"": true, ""packet_age_ms"": 0, ""timeout_exceeded"": false, ""rssi"": -82}, ""communication_mode"": ""BEACON"", ""timestamp"": 70176, ""packets_received"": 605, ""kalman_data"": {""altitude"": 0.75, ""vertical_velocity"": -7.99}, ""kalman_altitude"": 0.75, ""kalman_vertical_velocity"": -7.99, ""pyroDrogue"": 0, ""pyroMain"": 0, ""pyro1_state"": 0, ""pyro2_state"": 0}"
1768306826.672918,2026-01-13T15:20:26.672918,2193,0,0,-0.7,0.07,0.64,-44.3,5.98,-9.45,-3.23,-3.93,0,0,0,213061,852.89,28,0.79,0,0,0,0,-82,0.79,-7.98,BEACON,"{""record_number"": 2193, ""operation_mode"": 0, ""state"": 0, ""battery_voltage"": 0, ""wifi_rssi"": -82, ""acc_data"": {""ax"": -0.7, ""ay"": 0.07, ""az"": 0.64, ""pitch"": -44.3, ""roll"": 5.98}, ""gyro_data"": {""gx"": -9.45, ""gy"": -3.23, ""gz"": -3.93}, ""gps_data"": {""latitude"": 0, ""longitude"": 0, ""gps_altitude"": 0, ""time"": 213061}, ""alt_data"": {""pressure"": 852.89, ""temperature"": 28, ""AGL"": 0.79, ""velocity"": 0, ""kalman_altitude"": 0.79, ""kalman_vertical_velocity"": -7.98}, ""chute_state"": {""pyro1_state"": 0, ""pyro2_state"": 0}, ""connection_status"": {""connected"": true, ""has_ever_connected"": true, ""packet_age_ms"": 0, ""timeout_exceeded"": false, ""rssi"": -82}, ""communication_mode"": ""BEACON"", ""timestamp"": 70288, ""packets_received"": 606, ""kalman_data"": {""altitude"": 0.79, ""vertical_velocity"": -7.98}, ""kalman_altitude"": 0.79, ""kalman_vertical_velocity"": -7.98, ""pyroDrogue"": 0, ""pyroMain"": 0, ""pyro1_state"": 0, ""pyro2_state"": 0}"
1768306826.812575,2026-01-13T15:20:26.812575,2194,0,0,-0.7,0.07,0.65,-44.58,6.5,-8.45,-2.96,-3.51,0,0,0,213262,852.94,28,0.29,0,0,0,0,-81,0.3,-8.09,BEACON,"{""record_number"": 2194, ""operation_mode"": 0, ""state"": 0, ""battery_voltage"": 0, ""wifi_rssi"": -81, ""acc_data"": {""ax"": -0.7, ""ay"": 0.07, ""az"": 0.65, ""pitch"": -44.58, ""roll"": 6.5}, ""gyro_data"": {""gx"": -8.45, ""gy"": -2.96, ""gz"": -3.51}, ""gps_data"": {""latitude"": 0, ""longitude"": 0, ""gps_altitude"": 0, ""time"": 213262}, ""alt_data"": {""pressure"": 852.94, ""temperature"": 28, ""AGL"": 0.29, ""velocity"": 0, ""kalman_altitude"": 0.3, ""kalman_vertical_velocity"": -8.09}, ""chute_state"": {""pyro1_state"": 0, ""pyro2_state"": 0}, ""connection_status"": {""connected"": true, ""has_ever_connected"": true, ""packet_age_ms"": 1, ""timeout_exceeded"": false, ""rssi"": -81}, ""communication_mode"": ""BEACON"", ""timestamp"": 70401, ""packets_received"": 607, ""kalman_data"": {""altitude"": 0.3, ""vertical_velocity"": -8.09}, ""kalman_altitude"": 0.3, ""kalman_vertical_velocity"": -8.09, ""pyroDrogue"": 0, ""pyroMain"": 0, ""pyro1_state"": 0, ""pyro2_state"": 0}"
1768306826.888451,2026-01-13T15:20:26.888451,2196,0,0,-0.7,0.07,0.64,-44.15,6.34,-9.48,-2.84,-3.9,0,0,0,213462,852.91,28,0.65,0,0,0,0,-83,0.65,-8.02,BEACON,"{""record_number"": 2196, ""operation_mode"": 0, ""state"": 0, ""battery_voltage"": 0, ""wifi_rssi"": -83, ""acc_data"": {""ax"": -0.7, ""ay"": 0.07, ""az"": 0.64, ""pitch"": -44.15, ""roll"": 6.34}, ""gyro_data"": {""gx"": -9.48, ""gy"": -2.84, ""gz"": -3.9}, ""gps_data"": {""latitude"": 0, ""longitude"": 0, ""gps_altitude"": 0, ""time"": 213462}, ""alt_data"": {""pressure"": 852.91, ""temperature"": 28, ""AGL"": 0.65, ""velocity"": 0, ""kalman_altitude"": 0.65, ""kalman_vertical_velocity"": -8.02}, ""chute_state"": {""pyro1_state"": 0, ""pyro2_state"": 0}, ""connection_status"": {""connected"": true, ""has_ever_connected"": true, ""packet_age_ms"": 0, ""timeout_exceeded"": false, ""rssi"": -83}, ""communication_mode"": ""BEACON"", ""timestamp"": 70513, ""packets_received"": 608, ""kalman_data"": {""altitude"": 0.65, ""vertical_velocity"": -8.02}, ""kalman_altitude"": 0.65, ""kalman_vertical_velocity"": -8.02, ""pyroDrogue"": 0, ""pyroMain"": 0, ""pyro1_state"": 0, ""pyro2_state"": 0}"
1768306826.96645,2026-01-13T15:20:26.966450,2197,0,0,-0.7,0.07,0.64,-44.38,6.36,-9.02,-3.75,-3.63,0,0,0,213462,852.91,28.02,0.59,0,0,0,0,-82,0.59,-8.04,BEACON,"{""record_number"": 2197, ""operation_mode"": 0, ""state"": 0, ""battery_voltage"": 0, ""wifi_rssi"": -82, ""acc_data"": {""ax"": -0.7, ""ay"": 0.07, ""az"": 0.64, ""pitch"": -44.38, ""roll"": 6.36}, ""gyro_data"": {""gx"": -9.02, ""gy"": -3.75, ""gz"": -3.63}, ""gps_data"": {""latitude"": 0, ""longitude"": 0, ""gps_altitude"": 0, ""time"": 213462}, ""alt_data"": {""pressure"": 852.91, ""temperature"": 28.02, ""AGL"": 0.59, ""velocity"": 0, ""kalman_altitude"": 0.59, ""kalman_vertical_velocity"": -8.04}, ""chute_state"": {""pyro1_state"": 0, ""pyro2_state"": 0}, ""connection_status"": {""connected"": true, ""has_ever_connected"": true, ""packet_age_ms"": 0, ""timeout_exceeded"": false, ""rssi"": -82}, ""communication_mode"": ""BEACON"", ""timestamp"": 70625, ""packets_received"": 609, ""kalman_data"": {""altitude"": 0.59, ""vertical_velocity"": -8.04}, ""kalman_altitude"": 0.59, ""kalman_vertical_velocity"": -8.04, ""pyroDrogue"": 0, ""pyroMain"": 0, ""pyro1_state"": 0, ""pyro2_state"": 0}"
1768306827.068481,2026-01-13T15:20:27.068481,2198,0,0,-0.69,0.07,0.64,-44.46,6.84,-9.82,-3.11,-3.66,0,0,0,213665,852.91,28.01,0.61,0,0,0,0,-82,0.6,-8.04,BEACON,"{""record_number"": 2198, ""operation_mode"": 0, ""state"": 0, ""battery_voltage"": 0, ""wifi_rssi"": -82, ""acc_data"": {""ax"": -0.69, ""ay"": 0.07, ""az"": 0.64, ""pitch"": -44.46, ""roll"": 6.84}, ""gyro_data"": {""gx"": -9.82, ""gy"": -3.11, ""gz"": -3.66}, ""gps_data"": {""latitude"": 0, ""longitude"": 0, ""gps_altitude"": 0, ""time"": 213665}, ""alt_data"": {""pressure"": 852.91, ""temperature"": 28.01, ""AGL"": 0.61, ""velocity"": 0, ""kalman_altitude"": 0.6, ""kalman_vertical_velocity"": -8.04}, ""chute_state"": {""pyro1_state"": 0, ""pyro2_state"": 0}, ""connection_status"": {""connected"": true, ""has_ever_connected"": true, ""packet_age_ms"": 1, ""timeout_exceeded"": false, ""rssi"": -82}, ""communication_mode"": ""BEACON"", ""timestamp"": 70739, ""packets_received"": 610, ""kalman_data"": {""altitude"": 0.6, ""vertical_velocity"": -8.04}, ""kalman_altitude"": 0.6, ""kalman_vertical_velocity"": -8.04, ""pyroDrogue"": 0, ""pyroMain"": 0, ""pyro1_state"": 0, ""pyro2_state"": 0}"
1768306827.113482,2026-01-13T15:20:27.113482,2200,0,0,-0.7,0.07,0.65,-44.66,6.62,-9.39,-3.29,-3.35,0,0,0,213665,852.93,28.01,0.42,0,0,0,0,-82,0.42,-8.08,BEACON,"{""record_number"": 2200, ""operation_mode"": 0, ""state"": 0, ""battery_voltage"": 0, ""wifi_rssi"": -82, ""acc_data"": {""ax"": -0.7, ""ay"": 0.07, ""az"": 0.65, ""pitch"": -44.66, ""roll"": 6.62}, ""gyro_data"": {""gx"": -9.39, ""gy"": -3.29, ""gz"": -3.35}, ""gps_data"": {""latitude"": 0, ""longitude"": 0, ""gps_altitude"": 0, ""time"": 213665}, ""alt_data"": {""pressure"": 852.93, ""temperature"": 28.01, ""AGL"": 0.42, ""velocity"": 0, ""kalman_altitude"": 0.42, ""kalman_vertical_velocity"": -8.08}, ""chute_state"": {""pyro1_state"": 0, ""pyro2_state"": 0}, ""connection_status"": {""connected"": true, ""has_ever_connected"": true, ""packet_age_ms"": 0, ""timeout_exceeded"": false, ""rssi"": -82}, ""communication_mode"": ""BEACON"", ""timestamp"": 70872, ""packets_received"": 611, ""kalman_data"": {""altitude"": 0.42, ""vertical_velocity"": -8.08}, ""kalman_altitude"": 0.42, ""kalman_vertical_velocity"": -8.08, ""pyroDrogue"": 0, ""pyroMain"": 0, ""pyro1_state"": 0, ""pyro2_state"": 0}"
1768306827.179479,2026-01-13T15:20:27.179479,2201,0,0,-0.7,0.07,0.64,-44.34,6,-9.09,-2.8,-3.69,0,0,0,213867,852.94,28.01,0.35,0,0,0,0,-82,0.36,-8.1,BEACON,"{""record_number"": 2201, ""operation_mode"": 0, ""state"": 0, ""battery_voltage"": 0, ""wifi_rssi"": -82, ""acc_data"": {""ax"": -0.7, ""ay"": 0.07, ""az"": 0.64, ""pitch"": -44.34, ""roll"": 6}, ""gyro_data"": {""gx"": -9.09, ""gy"": -2.8, ""gz"": -3.69}, ""gps_data"": {""latitude"": 0, ""longitude"": 0, ""gps_altitude"": 0, ""time"": 213867}, ""alt_data"": {""pressure"": 852.94, ""temperature"": 28.01, ""AGL"": 0.35, ""velocity"": 0, ""kalman_altitude"": 0.36, ""kalman_vertical_velocity"": -8.1}, ""chute_state"": {""pyro1_state"": 0, ""pyro2_state"": 0}, ""connection_status"": {""connected"": true, ""has_ever_connected"": true, ""packet_age_ms"": 0, ""timeout_exceeded"": false, ""rssi"": -82}, ""communication_mode"": ""BEACON"", ""timestamp"": 70975, ""packets_received"": 612, ""kalman_data"": {""altitude"": 0.36, ""vertical_velocity"": -8.1}, ""kalman_altitude"": 0.36, ""kalman_vertical_velocity"": -8.1, ""pyroDrogue"": 0, ""pyroMain"": 0, ""pyro1_state"": 0, ""pyro2_state"": 0}"
1768306827.224703,2026-01-13T15:20:27.224703,2202,0,0,-0.7,0.07,0.64,-44.38,6.31,-9.39,-3.51,-3.81,0,0,0,213867,852.92,28.01,0.46,0,0,0,0,-83,0.45,-8.09,BEACON,"{""record_number"": 2202, ""operation_mode"": 0, ""state"": 0, ""battery_voltage"": 0, ""wifi_rssi"": -83, ""acc_data"": {""ax"": -0.7, ""ay"": 0.07, ""az"": 0.64, ""pitch"": -44.38, ""roll"": 6.31}, ""gyro_data"": {""gx"": -9.39, ""gy"": -3.51, ""gz"": -3.81}, ""gps_data"": {""latitude"": 0, ""longitude"": 0, ""gps_altitude"": 0, ""time"": 213867}, ""alt_data"": {""pressure"": 852.92, ""temperature"": 28.01, ""AGL"": 0.46, ""velocity"": 0, ""kalman_altitude"": 0.45, ""kalman_vertical_velocity"": -8.09}, ""chute_state"": {""pyro1_state"": 0, ""pyro2_state"": 0}, ""connection_status"": {""connected"": true, ""has_ever_connected"": true, ""packet_age_ms"": 0, ""timeout_exceeded"": false, ""rssi"": -83}, ""communication_mode"": ""BEACON"", ""timestamp"": 71079, ""packets_received"": 613, ""kalman_data"": {""altitude"": 0.45, ""vertical_velocity"": -8.09}, ""kalman_altitude"": 0.45, ""kalman_vertical_velocity"": -8.09, ""pyroDrogue"": 0, ""pyroMain"": 0, ""pyro1_state"": 0, ""pyro2_state"": 0}"
1768306827.282102,2026-01-13T15:20:27.282102,2204,0,0,-0.7,0.07,0.65,-44.34,6.12,-9.48,-2.16,-3.26,0,0,0,214066,852.91,28.01,0.56,0,0,0,0,-81,0.56,-8.07,BEACON,"{""record_number"": 2204, ""operation_mode"": 0, ""state"": 0, ""battery_voltage"": 0, ""wifi_rssi"": -81, ""acc_data"": {""ax"": -0.7, ""ay"": 0.07, ""az"": 0.65, ""pitch"": -44.34, ""roll"": 6.12}, ""gyro_data"": {""gx"": -9.48, ""gy"": -2.16, ""gz"": -3.26}, ""gps_data"": {""latitude"": 0, ""longitude"": 0, ""gps_altitude"": 0, ""time"": 214066}, ""alt_data"": {""pressure"": 852.91, ""temperature"": 28.01, ""AGL"": 0.56, ""velocity"": 0, ""kalman_altitude"": 0.56, ""kalman_vertical_velocity"": -8.07}, ""chute_state"": {""pyro1_state"": 0, ""pyro2_state"": 0}, ""connection_status"": {""connected"": true, ""has_ever_connected"": true, ""packet_age_ms"": 0, ""timeout_exceeded"": false, ""rssi"": -81}, ""communication_mode"": ""BEACON"", ""timestamp"": 71188, ""packets_received"": 614, ""kalman_data"": {""altitude"": 0.56, ""vertical_velocity"": -8.07}, ""kalman_altitude"": 0.56, ""kalman_vertical_velocity"": -8.07, ""pyroDrogue"": 0, ""pyroMain"": 0, ""pyro1_state"": 0, ""pyro2_state"": 0}"
1768306827.333103,2026-01-13T15:20:27.333103,2205,0,0,-0.7,0.08,0.63,-44.23,6.86,-8.72,-2.93,-3.35,0,0,0,214066,852.94,28,0.32,0,0,0,0,-82,0.33,-8.12,BEACON,"{""record_number"": 2205, ""operation_mode"": 0, ""state"": 0, ""battery_voltage"": 0, ""wifi_rssi"": -82, ""acc_data"": {""ax"": -0.7, ""ay"": 0.08, ""az"": 0.63, ""pitch"": -44.23, ""roll"": 6.86}, ""gyro_data"": {""gx"": -8.72, ""gy"": -2.93, ""gz"": -3.35}, ""gps_data"": {""latitude"": 0, ""longitude"": 0, ""gps_altitude"": 0, ""time"": 214066}, ""alt_data"": {""pressure"": 852.94, ""temperature"": 28, ""AGL"": 0.32, ""velocity"": 0, ""kalman_altitude"": 0.33, ""kalman_vertical_velocity"": -8.12}, ""chute_state"": {""pyro1_state"": 0, ""pyro2_state"": 0}, ""connection_status"": {""connected"": true, ""has_ever_connected"": true, ""packet_age_ms"": 0, ""timeout_exceeded"": false, ""rssi"": -82}, ""communication_mode"": ""BEACON"", ""timestamp"": 71300, ""packets_received"": 615, ""kalman_data"": {""altitude"": 0.33, ""vertical_velocity"": -8.12}, ""kalman_altitude"": 0.33, ""kalman_vertical_velocity"": -8.12, ""pyroDrogue"": 0, ""pyroMain"": 0, ""pyro1_state"": 0, ""pyro2_state"": 0}"
1768306827.426098,2026-01-13T15:20:27.426098,2206,0,0,-0.71,0.07,0.65,-44.3,6.03,-9.85,-2.32,-3.72,0,0,0,214267,852.87,28.01,0.96,0,0,0,0,-81,0.95,-8,BEACON,"{""record_number"": 2206, ""operation_mode"": 0, ""state"": 0, ""battery_voltage"": 0, ""wifi_rssi"": -81, ""acc_data"": {""ax"": -0.71, ""ay"": 0.07, ""az"": 0.65, ""pitch"": -44.3, ""roll"": 6.03}, ""gyro_data"": {""gx"": -9.85, ""gy"": -2.32, ""gz"": -3.72}, ""gps_data"": {""latitude"": 0, ""longitude"": 0, ""gps_altitude"": 0, ""time"": 214267}, ""alt_data"": {""pressure"": 852.87, ""temperature"": 28.01, ""AGL"": 0.96, ""velocity"": 0, ""kalman_altitude"": 0.95, ""kalman_vertical_velocity"": -8}, ""chute_state"": {""pyro1_state"": 0, ""pyro2_state"": 0}, ""connection_status"": {""connected"": true, ""has_ever_connected"": true, ""packet_age_ms"": 0, ""timeout_exceeded"": false, ""rssi"": -81}, ""communication_mode"": ""BEACON"", ""timestamp"": 71412, ""packets_received"": 616, ""kalman_data"": {""altitude"": 0.95, ""vertical_velocity"": -8}, ""kalman_altitude"": 0.95, ""kalman_vertical_velocity"": -8, ""pyroDrogue"": 0, ""pyroMain"": 0, ""pyro1_state"": 0, ""pyro2_state"": 0}"
1768306827.4771,2026-01-13T15:20:27.477100,2208,0,0,-0.7,0.07,0.65,-44.66,5.68,-8.99,-3.87,-3.41,0,0,0,214467,852.91,28.01,0.6,0,0,0,0,-81,0.6,-8.08,BEACON,"{""record_number"": 2208, ""operation_mode"": 0, ""state"": 0, ""battery_voltage"": 0, ""wifi_rssi"": -81, ""acc_data"": {""ax"": -0.7, ""ay"": 0.07, ""az"": 0.65, ""pitch"": -44.66, ""roll"": 5.68}, ""gyro_data"": {""gx"": -8.99, ""gy"": -3.87, ""gz"": -3.41}, ""gps_data"": {""latitude"": 0, ""longitude"": 0, ""gps_altitude"": 0, ""time"": 214467}, ""alt_data"": {""pressure"": 852.91, ""temperature"": 28.01, ""AGL"": 0.6, ""velocity"": 0, ""kalman_altitude"": 0.6, ""kalman_vertical_velocity"": -8.08}, ""chute_state"": {""pyro1_state"": 0, ""pyro2_state"": 0}, ""connection_status"": {""connected"": true, ""has_ever_connected"": true, ""packet_age_ms"": 0, ""timeout_exceeded"": false, ""rssi"": -81}, ""communication_mode"": ""BEACON"", ""timestamp"": 71525, ""packets_received"": 617, ""kalman_data"": {""altitude"": 0.6, ""vertical_velocity"": -8.08}, ""kalman_altitude"": 0.6, ""kalman_vertical_velocity"": -8.08, ""pyroDrogue"": 0, ""pyroMain"": 0, ""pyro1_state"": 0, ""pyro2_state"": 0}"
1768306827.530102,2026-01-13T15:20:27.530102,2209,0,0,-0.7,0.07,0.64,-44.5,6.6,-8.93,-3.26,-4.05,0,0,0,214467,852.9,28,0.72,0,0,0,0,-80,0.72,-8.06,BEACON,"{""record_number"": 2209, ""operation_mode"": 0, ""state"": 0, ""battery_voltage"": 0, ""wifi_rssi"": -80, ""acc_data"": {""ax"": -0.7, ""ay"": 0.07, ""az"": 0.64, ""pitch"": -44.5, ""roll"": 6.6}, ""gyro_data"": {""gx"": -8.93, ""gy"": -3.26, ""gz"": -4.05}, ""gps_data"": {""latitude"": 0, ""longitude"": 0, ""gps_altitude"": 0, ""time"": 214467}, ""alt_data"": {""pressure"": 852.9, ""temperature"": 28, ""AGL"": 0.72, ""velocity"": 0, ""kalman_altitude"": 0.72, ""kalman_vertical_velocity"": -8.06}, ""chute_state"": {""pyro1_state"": 0, ""pyro2_state"": 0}, ""connection_status"": {""connected"": true, ""has_ever_connected"": true, ""packet_age_ms"": 1, ""timeout_exceeded"": false, ""rssi"": -80}, ""communication_mode"": ""BEACON"", ""timestamp"": 71639, ""packets_received"": 618, ""kalman_data"": {""altitude"": 0.72, ""vertical_velocity"": -8.06}, ""kalman_altitude"": 0.72, ""kalman_vertical_velocity"": -8.06, ""pyroDrogue"": 0, ""pyroMain"": 0, ""pyro1_state"": 0, ""pyro2_state"": 0}"
1768306827.598266,2026-01-13T15:20:27.598266,2210,0,0,-0.7,0.07,0.64,-44.11,5.82,-9.09,-3.11,-3.17,0,0,0,214669,852.96,28.02,0.09,0,0,0,0,-80,0.1,-8.19,BEACON,"{""record_number"": 2210, ""operation_mode"": 0, ""state"": 0, ""battery_voltage"": 0, ""wifi_rssi"": -80, ""acc_data"": {""ax"": -0.7, ""ay"": 0.07, ""az"": 0.64, ""pitch"": -44.11, ""roll"": 5.82}, ""gyro_data"": {""gx"": -9.09, ""gy"": -3.11, ""gz"": -3.17}, ""gps_data"": {""latitude"": 0, ""longitude"": 0, ""gps_altitude"": 0, ""time"": 214669}, ""alt_data"": {""pressure"": 852.96, ""temperature"": 28.02, ""AGL"": 0.09, ""velocity"": 0, ""kalman_altitude"": 0.1, ""kalman_vertical_velocity"": -8.19}, ""chute_state"": {""pyro1_state"": 0, ""pyro2_state"": 0}, ""connection_status"": {""connected"": true, ""has_ever_connected"": true, ""packet_age_ms"": 0, ""timeout_exceeded"": false, ""rssi"": -80}, ""communication_mode"": ""BEACON"", ""timestamp"": 71750, ""packets_received"": 619, ""kalman_data"": {""altitude"": 0.1, ""vertical_velocity"": -8.19}, ""kalman_altitude"": 0.1, ""kalman_vertical_velocity"": -8.19, ""pyroDrogue"": 0, ""pyroMain"": 0, ""pyro1_state"": 0, ""pyro2_state"": 0}"
1768306827.665265,2026-01-13T15:20:27.665265,2212,0,0,-0.7,0.07,0.64,-44.3,6.46,-9.09,-2.8,-3.32,0,0,0,214669,852.89,28.01,0.82,0,0,0,0,-80,0.81,-8.05,BEACON,"{""record_number"": 2212, ""operation_mode"": 0, ""state"": 0, ""battery_voltage"": 0, ""wifi_rssi"": -80, ""acc_data"": {""ax"": -0.7, ""ay"": 0.07, ""az"": 0.64, ""pitch"": -44.3, ""roll"": 6.46}, ""gyro_data"": {""gx"": -9.09, ""gy"": -2.8, ""gz"": -3.32}, ""gps_data"": {""latitude"": 0, ""longitude"": 0, ""gps_altitude"": 0, ""time"": 214669}, ""alt_data"": {""pressure"": 852.89, ""temperature"": 28.01, ""AGL"": 0.82, ""velocity"": 0, ""kalman_altitude"": 0.81, ""kalman_vertical_velocity"": -8.05}, ""chute_state"": {""pyro1_state"": 0, ""pyro2_state"": 0}, ""connection_status"": {""connected"": true, ""has_ever_connected"": true, ""packet_age_ms"": 0, ""timeout_exceeded"": false, ""rssi"": -80}, ""communication_mode"": ""BEACON"", ""timestamp"": 71863, ""packets_received"": 620, ""kalman_data"": {""altitude"": 0.81, ""vertical_velocity"": -8.05}, ""kalman_altitude"": 0.81, ""kalman_vertical_velocity"": -8.05, ""pyroDrogue"": 0, ""pyroMain"": 0, ""pyro1_state"": 0, ""pyro2_state"": 0}"
1768306827.789689,2026-01-13T15:20:27.789689,2213,0,0,-0.7,0.06,0.63,-44.74,6.17,-9.79,-3.51,-2.8,0,0,0,214872,852.87,28,0.97,0,0,0,0,-80,0.96,-8.03,BEACON,"{""record_number"": 2213, ""operation_mode"": 0, ""state"": 0, ""battery_voltage"": 0, ""wifi_rssi"": -80, ""acc_data"": {""ax"": -0.7, ""ay"": 0.06, ""az"": 0.63, ""pitch"": -44.74, ""roll"": 6.17}, ""gyro_data"": {""gx"": -9.79, ""gy"": -3.51, ""gz"": -2.8}, ""gps_data"": {""latitude"": 0, ""longitude"": 0, ""gps_altitude"": 0, ""time"": 214872}, ""alt_data"": {""pressure"": 852.87, ""temperature"": 28, ""AGL"": 0.97, ""velocity"": 0, ""kalman_altitude"": 0.96, ""kalman_vertical_velocity"": -8.03}, ""chute_state"": {""pyro1_state"": 0, ""pyro2_state"": 0}, ""connection_status"": {""connected"": true, ""has_ever_connected"": true, ""packet_age_ms"": 0, ""timeout_exceeded"": false, ""rssi"": -80}, ""communication_mode"": ""BEACON"", ""timestamp"": 71976, ""packets_received"": 621, ""kalman_data"": {""altitude"": 0.96, ""vertical_velocity"": -8.03}, ""kalman_altitude"": 0.96, ""kalman_vertical_velocity"": -8.03, ""pyroDrogue"": 0, ""pyroMain"": 0, ""pyro1_state"": 0, ""pyro2_state"": 0}"
1768306827.84464,2026-01-13T15:20:27.844640,2214,0,0,-0.7,0.07,0.64,-44.15,6.22,-9.63,-2.59,-4.05,0,0,0,214872,852.87,28,0.97,0,0,0,0,-80,0.97,-8.03,BEACON,"{""record_number"": 2214, ""operation_mode"": 0, ""state"": 0, ""battery_voltage"": 0, ""wifi_rssi"": -80, ""acc_data"": {""ax"": -0.7, ""ay"": 0.07, ""az"": 0.64, ""pitch"": -44.15, ""roll"": 6.22}, ""gyro_data"": {""gx"": -9.63, ""gy"": -2.59, ""gz"": -4.05}, ""gps_data"": {""latitude"": 0, ""longitude"": 0, ""gps_altitude"": 0, ""time"": 214872}, ""alt_data"": {""pressure"": 852.87, ""temperature"": 28, ""AGL"": 0.97, ""velocity"": 0, ""kalman_altitude"": 0.97, ""kalman_vertical_velocity"": -8.03}, ""chute_state"": {""pyro1_state"": 0, ""pyro2_state"": 0}, ""connection_status"": {""connected"": true, ""has_ever_connected"": true, ""packet_age_ms"": 0, ""timeout_exceeded"": false, ""rssi"": -80}, ""communication_mode"": ""BEACON"", ""timestamp"": 72089, ""packets_received"": 622, ""kalman_data"": {""altitude"": 0.97, ""vertical_velocity"": -8.03}, ""kalman_altitude"": 0.97, ""kalman_vertical_velocity"": -8.03, ""pyroDrogue"": 0, ""pyroMain"": 0, ""pyro1_state"": 0, ""pyro2_state"": 0}"
1768306827.890644,2026-01-13T15:20:27.890644,2216,0,0,-0.7,0.07,0.65,-44.11,6.75,-9.51,-3.05,-2.77,0,0,0,215072,852.92,28.01,0.5,0,0,0,0,-80,0.5,-8.13,BEACON,"{""record_number"": 2216, ""operation_mode"": 0, ""state"": 0, ""battery_voltage"": 0, ""wifi_rssi"": -80, ""acc_data"": {""ax"": -0.7, ""ay"": 0.07, ""az"": 0.65, ""pitch"": -44.11, ""roll"": 6.75}, ""gyro_data"": {""gx"": -9.51, ""gy"": -3.05, ""gz"": -2.77}, ""gps_data"": {""latitude"": 0, ""longitude"": 0, ""gps_altitude"": 0, ""time"": 215072}, ""alt_data"": {""pressure"": 852.92, ""temperature"": 28.01, ""AGL"": 0.5, ""velocity"": 0, ""kalman_altitude"": 0.5, ""kalman_vertical_velocity"": -8.13}, ""chute_state"": {""pyro1_state"": 0, ""pyro2_state"": 0}, ""connection_status"": {""connected"": true, ""has_ever_connected"": true, ""packet_age_ms"": 0, ""timeout_exceeded"": false, ""rssi"": -80}, ""communication_mode"": ""BEACON"", ""timestamp"": 72202, ""packets_received"": 623, ""kalman_data"": {""altitude"": 0.5, ""vertical_velocity"": -8.13}, ""kalman_altitude"": 0.5, ""kalman_vertical_velocity"": -8.13, ""pyroDrogue"": 0, ""pyroMain"": 0, ""pyro1_state"": 0, ""pyro2_state"": 0}"
1768306827.931642,2026-01-13T15:20:27.931642,2217,0,0,-0.7,0.07,0.64,-44.11,6.12,-9.27,-3.17,-3.87,0,0,0,215271,852.89,28,0.79,0,0,0,0,-80,0.79,-8.08,BEACON,"{""record_number"": 2217, ""operation_mode"": 0, ""state"": 0, ""battery_voltage"": 0, ""wifi_rssi"": -80, ""acc_data"": {""ax"": -0.7, ""ay"": 0.07, ""az"": 0.64, ""pitch"": -44.11, ""roll"": 6.12}, ""gyro_data"": {""gx"": -9.27, ""gy"": -3.17, ""gz"": -3.87}, ""gps_data"": {""latitude"": 0, ""longitude"": 0, ""gps_altitude"": 0, ""time"": 215271}, ""alt_data"": {""pressure"": 852.89, ""temperature"": 28, ""AGL"": 0.79, ""velocity"": 0, ""kalman_altitude"": 0.79, ""kalman_vertical_velocity"": -8.08}, ""chute_state"": {""pyro1_state"": 0, ""pyro2_state"": 0}, ""connection_status"": {""connected"": true, ""has_ever_connected"": true, ""packet_age_ms"": 0, ""timeout_exceeded"": false, ""rssi"": -80}, ""communication_mode"": ""BEACON"", ""timestamp"": 72314, ""packets_received"": 624, ""kalman_data"": {""altitude"": 0.79, ""vertical_velocity"": -8.08}, ""kalman_altitude"": 0.79, ""kalman_vertical_velocity"": -8.08, ""pyroDrogue"": 0, ""pyroMain"": 0, ""pyro1_state"": 0, ""pyro2_state"": 0}"
1768306828.15551,2026-01-13T15:20:28.155510,2218,0,0,-0.69,0.07,0.63,-44.15,6.22,-9.33,-4.02,-3.63,0,0,0,215271,852.89,28,0.83,0,0,0,0,-80,0.83,-8.07,BEACON,"{""record_number"": 2218, ""operation_mode"": 0, ""state"": 0, ""battery_voltage"": 0, ""wifi_rssi"": -80, ""acc_data"": {""ax"": -0.69, ""ay"": 0.07, ""az"": 0.63, ""pitch"": -44.15, ""roll"": 6.22}, ""gyro_data"": {""gx"": -9.33, ""gy"": -4.02, ""gz"": -3.63}, ""gps_data"": {""latitude"": 0, ""longitude"": 0, ""gps_altitude"": 0, ""time"": 215271}, ""alt_data"": {""pressure"": 852.89, ""temperature"": 28, ""AGL"": 0.83, ""velocity"": 0, ""kalman_altitude"": 0.83, ""kalman_vertical_velocity"": -8.07}, ""chute_state"": {""pyro1_state"": 0, ""pyro2_state"": 0}, ""connection_status"": {""connected"": true, ""has_ever_connected"": true, ""packet_age_ms"": 1, ""timeout_exceeded"": false, ""rssi"": -80}, ""communication_mode"": ""BEACON"", ""timestamp"": 72427, ""packets_received"": 625, ""kalman_data"": {""altitude"": 0.83, ""vertical_velocity"": -8.07}, ""kalman_altitude"": 0.83, ""kalman_vertical_velocity"": -8.07, ""pyroDrogue"": 0, ""pyroMain"": 0, ""pyro1_state"": 0, ""pyro2_state"": 0}"
1768306828.526888,2026-01-13T15:20:28.526888,2220,0,0,-0.7,0.08,0.64,-44.46,6.22,-9.73,-2.93,-2.93,0,0,0,215472,852.93,28,0.36,0,0,0,0,-80,0.37,-8.17,BEACON,"{""record_number"": 2220, ""operation_mode"": 0, ""state"": 0, ""battery_voltage"": 0, ""wifi_rssi"": -80, ""acc_data"": {""ax"": -0.7, ""ay"": 0.08, ""az"": 0.64, ""pitch"": -44.46, ""roll"": 6.22}, ""gyro_data"": {""gx"": -9.73, ""gy"": -2.93, ""gz"": -2.93}, ""gps_data"": {""latitude"": 0, ""longitude"": 0, ""gps_altitude"": 0, ""time"": 215472}, ""alt_data"": {""pressure"": 852.93, ""temperature"": 28, ""AGL"": 0.36, ""velocity"": 0, ""kalman_altitude"": 0.37, ""kalman_vertical_velocity"": -8.17}, ""chute_state"": {""pyro1_state"": 0, ""pyro2_state"": 0}, ""connection_status"": {""connected"": true, ""has_ever_connected"": true, ""packet_age_ms"": 1, ""timeout_exceeded"": false, ""rssi"": -80}, ""communication_mode"": ""BEACON"", ""timestamp"": 72539, ""packets_received"": 626, ""kalman_data"": {""altitude"": 0.37, ""vertical_velocity"": -8.17}, ""kalman_altitude"": 0.37, ""kalman_vertical_velocity"": -8.17, ""pyroDrogue"": 0, ""pyroMain"": 0, ""pyro1_state"": 0, ""pyro2_state"": 0}"
1768306828.77979,2026-01-13T15:20:28.779790,2221,0,0,-0.7,0.07,0.65,-44.23,6.53,-9.27,-3.32,-2.93,0,0,0,215472,852.92,28.01,0.49,0,0,0,0,-79,0.49,-8.15,BEACON,"{""record_number"": 2221, ""operation_mode"": 0, ""state"": 0, ""battery_voltage"": 0, ""wifi_rssi"": -79, ""acc_data"": {""ax"": -0.7, ""ay"": 0.07, ""az"": 0.65, ""pitch"": -44.23, ""roll"": 6.53}, ""gyro_data"": {""gx"": -9.27, ""gy"": -3.32, ""gz"": -2.93}, ""gps_data"": {""latitude"": 0, ""longitude"": 0, ""gps_altitude"": 0, ""time"": 215472}, ""alt_data"": {""pressure"": 852.92, ""temperature"": 28.01, ""AGL"": 0.49, ""velocity"": 0, ""kalman_altitude"": 0.49, ""kalman_vertical_velocity"": -8.15}, ""chute_state"": {""pyro1_state"": 0, ""pyro2_state"": 0}, ""connection_status"": {""connected"": true, ""has_ever_connected"": true, ""packet_age_ms"": 0, ""timeout_exceeded"": false, ""rssi"": -79}, ""communication_mode"": ""BEACON"", ""timestamp"": 72652, ""packets_received"": 627, ""kalman_data"": {""altitude"": 0.49, ""vertical_velocity"": -8.15}, ""kalman_altitude"": 0.49, ""kalman_vertical_velocity"": -8.15, ""pyroDrogue"": 0, ""pyroMain"": 0, ""pyro1_state"": 0, ""pyro2_state"": 0}"
1768306828.895784,2026-01-13T15:20:28.895784,2222,0,0,-0.7,0.07,0.65,-44.07,6.74,-9.48,-2.9,-4.18,0,0,0,215677,852.92,28,0.54,0,0,0,0,-81,0.54,-8.15,BEACON,"{""record_number"": 2222, ""operation_mode"": 0, ""state"": 0, ""battery_voltage"": 0, ""wifi_rssi"": -81, ""acc_data"": {""ax"": -0.7, ""ay"": 0.07, ""az"": 0.65, ""pitch"": -44.07, ""roll"": 6.74}, ""gyro_data"": {""gx"": -9.48, ""gy"": -2.9, ""gz"": -4.18}, ""gps_data"": {""latitude"": 0, ""longitude"": 0, ""gps_altitude"": 0, ""time"": 215677}, ""alt_data"": {""pressure"": 852.92, ""temperature"": 28, ""AGL"": 0.54, ""velocity"": 0, ""kalman_altitude"": 0.54, ""kalman_vertical_velocity"": -8.15}, ""chute_state"": {""pyro1_state"": 0, ""pyro2_state"": 0}, ""connection_status"": {""connected"": true, ""has_ever_connected"": true, ""packet_age_ms"": 0, ""timeout_exceeded"": false, ""rssi"": -81}, ""communication_mode"": ""BEACON"", ""timestamp"": 72769, ""packets_received"": 628, ""kalman_data"": {""altitude"": 0.54, ""vertical_velocity"": -8.15}, ""kalman_altitude"": 0.54, ""kalman_vertical_velocity"": -8.15, ""pyroDrogue"": 0, ""pyroMain"": 0, ""pyro1_state"": 0, ""pyro2_state"": 0}"
1768306829.305943,2026-01-13T15:20:29.305943,2223,0,0,-0.69,0.07,0.64,-44.54,6.21,-9.7,-2.87,-3.63,0,0,0,215677,852.87,28.01,1,0,0,0,0,-80,0.99,-8.06,BEACON,"{""record_number"": 2223, ""operation_mode"": 0, ""state"": 0, ""battery_voltage"": 0, ""wifi_rssi"": -80, ""acc_data"": {""ax"": -0.69, ""ay"": 0.07, ""az"": 0.64, ""pitch"": -44.54, ""roll"": 6.21}, ""gyro_data"": {""gx"": -9.7, ""gy"": -2.87, ""gz"": -3.63}, ""gps_data"": {""latitude"": 0, ""longitude"": 0, ""gps_altitude"": 0, ""time"": 215677}, ""alt_data"": {""pressure"": 852.87, ""temperature"": 28.01, ""AGL"": 1, ""velocity"": 0, ""kalman_altitude"": 0.99, ""kalman_vertical_velocity"": -8.06}, ""chute_state"": {""pyro1_state"": 0, ""pyro2_state"": 0}, ""connection_status"": {""connected"": true, ""has_ever_connected"": true, ""packet_age_ms"": 0, ""timeout_exceeded"": false, ""rssi"": -80}, ""communication_mode"": ""BEACON"", ""timestamp"": 72878, ""packets_received"": 629, ""kalman_data"": {""altitude"": 0.99, ""vertical_velocity"": -8.06}, ""kalman_altitude"": 0.99, ""kalman_vertical_velocity"": -8.06, ""pyroDrogue"": 0, ""pyroMain"": 0, ""pyro1_state"": 0, ""pyro2_state"": 0}"
1768306829.565481,2026-01-13T15:20:29.565481,2225,0,0,-0.7,0.07,0.63,-44.23,6.48,-9.73,-3.57,-2.99,0,0,0,215880,852.9,28.01,0.68,0,0,0,0,-79,0.68,-8.13,BEACON,"{""record_number"": 2225, ""operation_mode"": 0, ""state"": 0, ""battery_voltage"": 0, ""wifi_rssi"": -79, ""acc_data"": {""ax"": -0.7, ""ay"": 0.07, ""az"": 0.63, ""pitch"": -44.23, ""roll"": 6.48}, ""gyro_data"": {""gx"": -9.73, ""gy"": -3.57, ""gz"": -2.99}, ""gps_data"": {""latitude"": 0, ""longitude"": 0, ""gps_altitude"": 0, ""time"": 215880}, ""alt_data"": {""pressure"": 852.9, ""temperature"": 28.01, ""AGL"": 0.68, ""velocity"": 0, ""kalman_altitude"": 0.68, ""kalman_vertical_velocity"": -8.13}, ""chute_state"": {""pyro1_state"": 0, ""pyro2_state"": 0}, ""connection_status"": {""connected"": true, ""has_ever_connected"": true, ""packet_age_ms"": 0, ""timeout_exceeded"": false, ""rssi"": -79}, ""communication_mode"": ""BEACON"", ""timestamp"": 72991, ""packets_received"": 630, ""kalman_data"": {""altitude"": 0.68, ""vertical_velocity"": -8.13}, ""kalman_altitude"": 0.68, ""kalman_vertical_velocity"": -8.13, ""pyroDrogue"": 0, ""pyroMain"": 0, ""pyro1_state"": 0, ""pyro2_state"": 0}"
1768306830.12444,2026-01-13T15:20:30.124440,2226,0,0,-0.7,0.07,0.64,-44.74,6.13,-9.24,-3.11,-3.29,0,0,0,215880,852.87,28,1.01,0,0,0,0,-80,1,-8.07,BEACON,"{""record_number"": 2226, ""operation_mode"": 0, ""state"": 0, ""battery_voltage"": 0, ""wifi_rssi"": -80, ""acc_data"": {""ax"": -0.7, ""ay"": 0.07, ""az"": 0.64, ""pitch"": -44.74, ""roll"": 6.13}, ""gyro_data"": {""gx"": -9.24, ""gy"": -3.11, ""gz"": -3.29}, ""gps_data"": {""latitude"": 0, ""longitude"": 0, ""gps_altitude"": 0, ""time"": 215880}, ""alt_data"": {""pressure"": 852.87, ""temperature"": 28, ""AGL"": 1.01, ""velocity"": 0, ""kalman_altitude"": 1, ""kalman_vertical_velocity"": -8.07}, ""chute_state"": {""pyro1_state"": 0, ""pyro2_state"": 0}, ""connection_status"": {""connected"": true, ""has_ever_connected"": true, ""packet_age_ms"": 0, ""timeout_exceeded"": false, ""rssi"": -80}, ""communication_mode"": ""BEACON"", ""timestamp"": 73103, ""packets_received"": 631, ""kalman_data"": {""altitude"": 1, ""vertical_velocity"": -8.07}, ""kalman_altitude"": 1, ""kalman_vertical_velocity"": -8.07, ""pyroDrogue"": 0, ""pyroMain"": 0, ""pyro1_state"": 0, ""pyro2_state"": 0}"
1768306830.261139,2026-01-13T15:20:30.261139,2227,0,0,-0.7,0.07,0.64,-44.27,6.24,-8.48,-3.08,-3.78,0,0,0,216080,852.93,28,0.43,0,0,0,0,-81,0.44,-8.19,BEACON,"{""record_number"": 2227, ""operation_mode"": 0, ""state"": 0, ""battery_voltage"": 0, ""wifi_rssi"": -81, ""acc_data"": {""ax"": -0.7, ""ay"": 0.07, ""az"": 0.64, ""pitch"": -44.27, ""roll"": 6.24}, ""gyro_data"": {""gx"": -8.48, ""gy"": -3.08, ""gz"": -3.78}, ""gps_data"": {""latitude"": 0, ""longitude"": 0, ""gps_altitude"": 0, ""time"": 216080}, ""alt_data"": {""pressure"": 852.93, ""temperature"": 28, ""AGL"": 0.43, ""velocity"": 0, ""kalman_altitude"": 0.44, ""kalman_vertical_velocity"": -8.19}, ""chute_state"": {""pyro1_state"": 0, ""pyro2_state"": 0}, ""connection_status"": {""connected"": true, ""has_ever_connected"": true, ""packet_age_ms"": 0, ""timeout_exceeded"": false, ""rssi"": -81}, ""communication_mode"": ""BEACON"", ""timestamp"": 73216, ""packets_received"": 632, ""kalman_data"": {""altitude"": 0.44, ""vertical_velocity"": -8.19}, ""kalman_altitude"": 0.44, ""kalman_vertical_velocity"": -8.19, ""pyroDrogue"": 0, ""pyroMain"": 0, ""pyro1_state"": 0, ""pyro2_state"": 0}"
1768306830.329498,2026-01-13T15:20:30.329498,2229,0,0,-0.7,0.07,0.65,-44.27,6.52,-8.63,-3.05,-3.66,0,0,0,216280,852.88,28,0.9,0,0,0,0,-80,0.9,-8.1,BEACON,"{""record_number"": 2229, ""operation_mode"": 0, ""state"": 0, ""battery_voltage"": 0, ""wifi_rssi"": -80, ""acc_data"": {""ax"": -0.7, ""ay"": 0.07, ""az"": 0.65, ""pitch"": -44.27, ""roll"": 6.52}, ""gyro_data"": {""gx"": -8.63, ""gy"": -3.05, ""gz"": -3.66}, ""gps_data"": {""latitude"": 0, ""longitude"": 0, ""gps_altitude"": 0, ""time"": 216280}, ""alt_data"": {""pressure"": 852.88, ""temperature"": 28, ""AGL"": 0.9, ""velocity"": 0, ""kalman_altitude"": 0.9, ""kalman_vertical_velocity"": -8.1}, ""chute_state"": {""pyro1_state"": 0, ""pyro2_state"": 0}, ""connection_status"": {""connected"": true, ""has_ever_connected"": true, ""packet_age_ms"": 1, ""timeout_exceeded"": false, ""rssi"": -80}, ""communication_mode"": ""BEACON"", ""timestamp"": 73329, ""packets_received"": 633, ""kalman_data"": {""altitude"": 0.9, ""vertical_velocity"": -8.1}, ""kalman_altitude"": 0.9, ""kalman_vertical_velocity"": -8.1, ""pyroDrogue"": 0, ""pyroMain"": 0, ""pyro1_state"": 0, ""pyro2_state"": 0}"
1768306830.665548,2026-01-13T15:20:30.665548,2230,0,0,-0.7,0.08,0.64,-44.42,6.23,-9.27,-2.77,-3.63,0,0,0,216280,852.9,28,0.68,0,0,0,0,-80,0.69,-8.15,BEACON,"{""record_number"": 2230, ""operation_mode"": 0, ""state"": 0, ""battery_voltage"": 0, ""wifi_rssi"": -80, ""acc_data"": {""ax"": -0.7, ""ay"": 0.08, ""az"": 0.64, ""pitch"": -44.42, ""roll"": 6.23}, ""gyro_data"": {""gx"": -9.27, ""gy"": -2.77, ""gz"": -3.63}, ""gps_data"": {""latitude"": 0, ""longitude"": 0, ""gps_altitude"": 0, ""time"": 216280}, ""alt_data"": {""pressure"": 852.9, ""temperature"": 28, ""AGL"": 0.68, ""velocity"": 0, ""kalman_altitude"": 0.69, ""kalman_vertical_velocity"": -8.15}, ""chute_state"": {""pyro1_state"": 0, ""pyro2_state"": 0}, ""connection_status"": {""connected"": true, ""has_ever_connected"": true, ""packet_age_ms"": 1, ""timeout_exceeded"": false, ""rssi"": -80}, ""communication_mode"": ""BEACON"", ""timestamp"": 73441, ""packets_received"": 634, ""kalman_data"": {""altitude"": 0.69, ""vertical_velocity"": -8.15}, ""kalman_altitude"": 0.69, ""kalman_vertical_velocity"": -8.15, ""pyroDrogue"": 0, ""pyroMain"": 0, ""pyro1_state"": 0, ""pyro2_state"": 0}"
1768306830.710036,2026-01-13T15:20:30.710036,2231,0,0,-0.7,0.07,0.64,-44.19,6.9,-8.99,-3.75,-3.45,0,0,0,216479,852.88,28.01,0.86,0,0,0,0,-80,0.85,-8.12,BEACON,"{""record_number"": 2231, ""operation_mode"": 0, ""state"": 0, ""battery_voltage"": 0, ""wifi_rssi"": -80, ""acc_data"": {""ax"": -0.7, ""ay"": 0.07, ""az"": 0.64, ""pitch"": -44.19, ""roll"": 6.9}, ""gyro_data"": {""gx"": -8.99, ""gy"": -3.75, ""gz"": -3.45}, ""gps_data"": {""latitude"": 0, ""longitude"": 0, ""gps_altitude"": 0, ""time"": 216479}, ""alt_data"": {""pressure"": 852.88, ""temperature"": 28.01, ""AGL"": 0.86, ""velocity"": 0, ""kalman_altitude"": 0.85, ""kalman_vertical_velocity"": -8.12}, ""chute_state"": {""pyro1_state"": 0, ""pyro2_state"": 0}, ""connection_status"": {""connected"": true, ""has_ever_connected"": true, ""packet_age_ms"": 0, ""timeout_exceeded"": false, ""rssi"": -80}, ""communication_mode"": ""BEACON"", ""timestamp"": 73552, ""packets_received"": 635, ""kalman_data"": {""altitude"": 0.85, ""vertical_velocity"": -8.12}, ""kalman_altitude"": 0.85, ""kalman_vertical_velocity"": -8.12, ""pyroDrogue"": 0, ""pyroMain"": 0, ""pyro1_state"": 0, ""pyro2_state"": 0}"
1768306830.799252,2026-01-13T15:20:30.799252,2233,0,0,-0.7,0.07,0.63,-44.38,6.12,-8.45,-3.41,-4.48,0,0,0,216479,852.88,28,0.93,0,0,0,0,-80,0.93,-8.11,BEACON,"{""record_number"": 2233, ""operation_mode"": 0, ""state"": 0, ""battery_voltage"": 0, ""wifi_rssi"": -80, ""acc_data"": {""ax"": -0.7, ""ay"": 0.07, ""az"": 0.63, ""pitch"": -44.38, ""roll"": 6.12}, ""gyro_data"": {""gx"": -8.45, ""gy"": -3.41, ""gz"": -4.48}, ""gps_data"": {""latitude"": 0, ""longitude"": 0, ""gps_altitude"": 0, ""time"": 216479}, ""alt_data"": {""pressure"": 852.88, ""temperature"": 28, ""AGL"": 0.93, ""velocity"": 0, ""kalman_altitude"": 0.93, ""kalman_vertical_velocity"": -8.11}, ""chute_state"": {""pyro1_state"": 0, ""pyro2_state"": 0}, ""connection_status"": {""connected"": true, ""has_ever_connected"": true, ""packet_age_ms"": 0, ""timeout_exceeded"": false, ""rssi"": -80}, ""communication_mode"": ""BEACON"", ""timestamp"": 73665, ""packets_received"": 636, ""kalman_data"": {""altitude"": 0.93, ""vertical_velocity"": -8.11}, ""kalman_altitude"": 0.93, ""kalman_vertical_velocity"": -8.11, ""pyroDrogue"": 0, ""pyroMain"": 0, ""pyro1_state"": 0, ""pyro2_state"": 0}"
1768306830.849154,2026-01-13T15:20:30.849154,2234,0,0,-0.7,0.08,0.64,-44.62,6.17,-9.27,-3.75,-3.87,0,0,0,216683,852.89,28,0.83,0,0,0,0,-81,0.83,-8.14,BEACON,"{""record_number"": 2234, ""operation_mode"": 0, ""state"": 0, ""battery_voltage"": 0, ""wifi_rssi"": -81, ""acc_data"": {""ax"": -0.7, ""ay"": 0.08, ""az"": 0.64, ""pitch"": -44.62, ""roll"": 6.17}, ""gyro_data"": {""gx"": -9.27, ""gy"": -3.75, ""gz"": -3.87}, ""gps_data"": {""latitude"": 0, ""longitude"": 0, ""gps_altitude"": 0, ""time"": 216683}, ""alt_data"": {""pressure"": 852.89, ""temperature"": 28, ""AGL"": 0.83, ""velocity"": 0, ""kalman_altitude"": 0.83, ""kalman_vertical_velocity"": -8.14}, ""chute_state"": {""pyro1_state"": 0, ""pyro2_state"": 0}, ""connection_status"": {""connected"": true, ""has_ever_connected"": true, ""packet_age_ms"": 0, ""timeout_exceeded"": false, ""rssi"": -81}, ""communication_mode"": ""BEACON"", ""timestamp"": 73778, ""packets_received"": 637, ""kalman_data"": {""altitude"": 0.83, ""vertical_velocity"": -8.14}, ""kalman_altitude"": 0.83, ""kalman_vertical_velocity"": -8.14, ""pyroDrogue"": 0, ""pyroMain"": 0, ""pyro1_state"": 0, ""pyro2_state"": 0}"
1768306830.906523,2026-01-13T15:20:30.906523,2235,0,0,-0.7,0.07,0.64,-44.23,6.25,-8.45,-2.84,-3.45,0,0,0,216683,852.86,27.99,1.13,0,0,0,0,-80,1.12,-8.08,BEACON,"{""record_number"": 2235, ""operation_mode"": 0, ""state"": 0, ""battery_voltage"": 0, ""wifi_rssi"": -80, ""acc_data"": {""ax"": -0.7, ""ay"": 0.07, ""az"": 0.64, ""pitch"": -44.23, ""roll"": 6.25}, ""gyro_data"": {""gx"": -8.45, ""gy"": -2.84, ""gz"": -3.45}, ""gps_data"": {""latitude"": 0, ""longitude"": 0, ""gps_altitude"": 0, ""time"": 216683}, ""alt_data"": {""pressure"": 852.86, ""temperature"": 27.99, ""AGL"": 1.13, ""velocity"": 0, ""kalman_altitude"": 1.12, ""kalman_vertical_velocity"": -8.08}, ""chute_state"": {""pyro1_state"": 0, ""pyro2_state"": 0}, ""connection_status"": {""connected"": true, ""has_ever_connected"": true, ""packet_age_ms"": 0, ""timeout_exceeded"": false, ""rssi"": -80}, ""communication_mode"": ""BEACON"", ""timestamp"": 73891, ""packets_received"": 638, ""kalman_data"": {""altitude"": 1.12, ""vertical_velocity"": -8.08}, ""kalman_altitude"": 1.12, ""kalman_vertical_velocity"": -8.08, ""pyroDrogue"": 0, ""pyroMain"": 0, ""pyro1_state"": 0, ""pyro2_state"": 0}"
1768306830.949051,2026-01-13T15:20:30.949051,2237,0,0,-0.7,0.07,0.64,-44.58,6.42,-9.09,-2.9,-3.02,0,0,0,216884,852.88,28.01,0.89,0,0,0,0,-80,0.89,-8.13,BEACON,"{""record_number"": 2237, ""operation_mode"": 0, ""state"": 0, ""battery_voltage"": 0, ""wifi_rssi"": -80, ""acc_data"": {""ax"": -0.7, ""ay"": 0.07, ""az"": 0.64, ""pitch"": -44.58, ""roll"": 6.42}, ""gyro_data"": {""gx"": -9.09, ""gy"": -2.9, ""gz"": -3.02}, ""gps_data"": {""latitude"": 0, ""longitude"": 0, ""gps_altitude"": 0, ""time"": 216884}, ""alt_data"": {""pressure"": 852.88, ""temperature"": 28.01, ""AGL"": 0.89, ""velocity"": 0, ""kalman_altitude"": 0.89, ""kalman_vertical_velocity"": -8.13}, ""chute_state"": {""pyro1_state"": 0, ""pyro2_state"": 0}, ""connection_status"": {""connected"": true, ""has_ever_connected"": true, ""packet_age_ms"": 0, ""timeout_exceeded"": false, ""rssi"": -80}, ""communication_mode"": ""BEACON"", ""timestamp"": 74003, ""packets_received"": 639, ""kalman_data"": {""altitude"": 0.89, ""vertical_velocity"": -8.13}, ""kalman_altitude"": 0.89, ""kalman_vertical_velocity"": -8.13, ""pyroDrogue"": 0, ""pyroMain"": 0, ""pyro1_state"": 0, ""pyro2_state"": 0}"
1768306830.990051,2026-01-13T15:20:30.990051,2238,0,0,-0.7,0.07,0.65,-44.23,6.38,-9.51,-3.23,-3.29,0,0,0,216884,852.88,28,0.9,0,0,0,0,-80,0.9,-8.14,BEACON,"{""record_number"": 2238, ""operation_mode"": 0, ""state"": 0, ""battery_voltage"": 0, ""wifi_rssi"": -80, ""acc_data"": {""ax"": -0.7, ""ay"": 0.07, ""az"": 0.65, ""pitch"": -44.23, ""roll"": 6.38}, ""gyro_data"": {""gx"": -9.51, ""gy"": -3.23, ""gz"": -3.29}, ""gps_data"": {""latitude"": 0, ""longitude"": 0, ""gps_altitude"": 0, ""time"": 216884}, ""alt_data"": {""pressure"": 852.88, ""temperature"": 28, ""AGL"": 0.9, ""velocity"": 0, ""kalman_altitude"": 0.9, ""kalman_vertical_velocity"": -8.14}, ""chute_state"": {""pyro1_state"": 0, ""pyro2_state"": 0}, ""connection_status"": {""connected"": true, ""has_ever_connected"": true, ""packet_age_ms"": 0, ""timeout_exceeded"": false, ""rssi"": -80}, ""communication_mode"": ""BEACON"", ""timestamp"": 74116, ""packets_received"": 640, ""kalman_data"": {""altitude"": 0.9, ""vertical_velocity"": -8.14}, ""kalman_altitude"": 0.9, ""kalman_vertical_velocity"": -8.14, ""pyroDrogue"": 0, ""pyroMain"": 0, ""pyro1_state"": 0, ""pyro2_state"": 0}"
1768306831.043051,2026-01-13T15:20:31.043051,2239,0,0,-0.7,0.07,0.64,-44.23,6.25,-8.66,-3.02,-3.45,0,0,0,217084,852.89,28,0.75,0,0,0,0,-80,0.76,-8.17,BEACON,"{""record_number"": 2239, ""operation_mode"": 0, ""state"": 0, ""battery_voltage"": 0, ""wifi_rssi"": -80, ""acc_data"": {""ax"": -0.7, ""ay"": 0.07, ""az"": 0.64, ""pitch"": -44.23, ""roll"": 6.25}, ""gyro_data"": {""gx"": -8.66, ""gy"": -3.02, ""gz"": -3.45}, ""gps_data"": {""latitude"": 0, ""longitude"": 0, ""gps_altitude"": 0, ""time"": 217084}, ""alt_data"": {""pressure"": 852.89, ""temperature"": 28, ""AGL"": 0.75, ""velocity"": 0, ""kalman_altitude"": 0.76, ""kalman_vertical_velocity"": -8.17}, ""chute_state"": {""pyro1_state"": 0, ""pyro2_state"": 0}, ""connection_status"": {""connected"": true, ""has_ever_connected"": true, ""packet_age_ms"": 0, ""timeout_exceeded"": false, ""rssi"": -80}, ""communication_mode"": ""BEACON"", ""timestamp"": 74229, ""packets_received"": 641, ""kalman_data"": {""altitude"": 0.76, ""vertical_velocity"": -8.17}, ""kalman_altitude"": 0.76, ""kalman_vertical_velocity"": -8.17, ""pyroDrogue"": 0, ""pyroMain"": 0, ""pyro1_state"": 0, ""pyro2_state"": 0}"
1768306831.095053,2026-01-13T15:20:31.095053,2241,0,0,-0.7,0.07,0.64,-44.23,6.15,-9.36,-2.56,-4.02,0,0,0,217284,852.89,28,0.83,0,0,0,0,-80,0.82,-8.16,BEACON,"{""record_number"": 2241, ""operation_mode"": 0, ""state"": 0, ""battery_voltage"": 0, ""wifi_rssi"": -80, ""acc_data"": {""ax"": -0.7, ""ay"": 0.07, ""az"": 0.64, ""pitch"": -44.23, ""roll"": 6.15}, ""gyro_data"": {""gx"": -9.36, ""gy"": -2.56, ""gz"": -4.02}, ""gps_data"": {""latitude"": 0, ""longitude"": 0, ""gps_altitude"": 0, ""time"": 217284}, ""alt_data"": {""pressure"": 852.89, ""temperature"": 28, ""AGL"": 0.83, ""velocity"": 0, ""kalman_altitude"": 0.82, ""kalman_vertical_velocity"": -8.16}, ""chute_state"": {""pyro1_state"": 0, ""pyro2_state"": 0}, ""connection_status"": {""connected"": true, ""has_ever_connected"": true, ""packet_age_ms"": 0, ""timeout_exceeded"": false, ""rssi"": -80}, ""communication_mode"": ""BEACON"", ""timestamp"": 74341, ""packets_received"": 642, ""kalman_data"": {""altitude"": 0.82, ""vertical_velocity"": -8.16}, ""kalman_altitude"": 0.82, ""kalman_vertical_velocity"": -8.16, ""pyroDrogue"": 0, ""pyroMain"": 0, ""pyro1_state"": 0, ""pyro2_state"": 0}"
1768306831.145051,2026-01-13T15:20:31.145051,2242,0,0,-0.71,0.06,0.64,-44.42,5.55,-9.27,-2.8,-4.3,0,0,0,217284,852.9,28,0.65,0,0,0,0,-80,0.66,-8.2,BEACON,"{""record_number"": 2242, ""operation_mode"": 0, ""state"": 0, ""battery_voltage"": 0, ""wifi_rssi"": -80, ""acc_data"": {""ax"": -0.71, ""ay"": 0.06, ""az"": 0.64, ""pitch"": -44.42, ""roll"": 5.55}, ""gyro_data"": {""gx"": -9.27, ""gy"": -2.8, ""gz"": -4.3}, ""gps_data"": {""latitude"": 0, ""longitude"": 0, ""gps_altitude"": 0, ""time"": 217284}, ""alt_data"": {""pressure"": 852.9, ""temperature"": 28, ""AGL"": 0.65, ""velocity"": 0, ""kalman_altitude"": 0.66, ""kalman_vertical_velocity"": -8.2}, ""chute_state"": {""pyro1_state"": 0, ""pyro2_state"": 0}, ""connection_status"": {""connected"": true, ""has_ever_connected"": true, ""packet_age_ms"": 0, ""timeout_exceeded"": false, ""rssi"": -80}, ""communication_mode"": ""BEACON"", ""timestamp"": 74454, ""packets_received"": 643, ""kalman_data"": {""altitude"": 0.66, ""vertical_velocity"": -8.2}, ""kalman_altitude"": 0.66, ""kalman_vertical_velocity"": -8.2, ""pyroDrogue"": 0, ""pyroMain"": 0, ""pyro1_state"": 0, ""pyro2_state"": 0}"
1768306831.291048,2026-01-13T15:20:31.291048,2243,0,0,-0.7,0.07,0.64,-44.42,6.06,-9.45,-3.75,-4.18,0,0,0,217483,852.89,28,0.83,0,0,0,0,-81,0.82,-8.17,BEACON,"{""record_number"": 2243, ""operation_mode"": 0, ""state"": 0, ""battery_voltage"": 0, ""wifi_rssi"": -81, ""acc_data"": {""ax"": -0.7, ""ay"": 0.07, ""az"": 0.64, ""pitch"": -44.42, ""roll"": 6.06}, ""gyro_data"": {""gx"": -9.45, ""gy"": -3.75, ""gz"": -4.18}, ""gps_data"": {""latitude"": 0, ""longitude"": 0, ""gps_altitude"": 0, ""time"": 217483}, ""alt_data"": {""pressure"": 852.89, ""temperature"": 28, ""AGL"": 0.83, ""velocity"": 0, ""kalman_altitude"": 0.82, ""kalman_vertical_velocity"": -8.17}, ""chute_state"": {""pyro1_state"": 0, ""pyro2_state"": 0}, ""connection_status"": {""connected"": true, ""has_ever_connected"": true, ""packet_age_ms"": 0, ""timeout_exceeded"": false, ""rssi"": -81}, ""communication_mode"": ""BEACON"", ""timestamp"": 74567, ""packets_received"": 644, ""kalman_data"": {""altitude"": 0.82, ""vertical_velocity"": -8.17}, ""kalman_altitude"": 0.82, ""kalman_vertical_velocity"": -8.17, ""pyroDrogue"": 0, ""pyroMain"": 0, ""pyro1_state"": 0, ""pyro2_state"": 0}"
1768306831.381283,2026-01-13T15:20:31.381283,2245,0,0,-0.7,0.07,0.65,-44.5,5.92,-9.05,-3.32,-4.36,0,0,0,217483,852.93,28,0.36,0,0,0,0,-80,0.37,-8.27,BEACON,"{""record_number"": 2245, ""operation_mode"": 0, ""state"": 0, ""battery_voltage"": 0, ""wifi_rssi"": -80, ""acc_data"": {""ax"": -0.7, ""ay"": 0.07, ""az"": 0.65, ""pitch"": -44.5, ""roll"": 5.92}, ""gyro_data"": {""gx"": -9.05, ""gy"": -3.32, ""gz"": -4.36}, ""gps_data"": {""latitude"": 0, ""longitude"": 0, ""gps_altitude"": 0, ""time"": 217483}, ""alt_data"": {""pressure"": 852.93, ""temperature"": 28, ""AGL"": 0.36, ""velocity"": 0, ""kalman_altitude"": 0.37, ""kalman_vertical_velocity"": -8.27}, ""chute_state"": {""pyro1_state"": 0, ""pyro2_state"": 0}, ""connection_status"": {""connected"": true, ""has_ever_connected"": true, ""packet_age_ms"": 1, ""timeout_exceeded"": false, ""rssi"": -80}, ""communication_mode"": ""BEACON"", ""timestamp"": 74680, ""packets_received"": 645, ""kalman_data"": {""altitude"": 0.37, ""vertical_velocity"": -8.27}, ""kalman_altitude"": 0.37, ""kalman_vertical_velocity"": -8.27, ""pyroDrogue"": 0, ""pyroMain"": 0, ""pyro1_state"": 0, ""pyro2_state"": 0}"
1768306831.446282,2026-01-13T15:20:31.446282,2246,0,0,-0.7,0.07,0.65,-44.85,6.45,-9.27,-2.56,-3.81,0,0,0,217687,852.92,28,0.55,0,0,0,0,-80,0.55,-8.24,BEACON,"{""record_number"": 2246, ""operation_mode"": 0, ""state"": 0, ""battery_voltage"": 0, ""wifi_rssi"": -80, ""acc_data"": {""ax"": -0.7, ""ay"": 0.07, ""az"": 0.65, ""pitch"": -44.85, ""roll"": 6.45}, ""gyro_data"": {""gx"": -9.27, ""gy"": -2.56, ""gz"": -3.81}, ""gps_data"": {""latitude"": 0, ""longitude"": 0, ""gps_altitude"": 0, ""time"": 217687}, ""alt_data"": {""pressure"": 852.92, ""temperature"": 28, ""AGL"": 0.55, ""velocity"": 0, ""kalman_altitude"": 0.55, ""kalman_vertical_velocity"": -8.24}, ""chute_state"": {""pyro1_state"": 0, ""pyro2_state"": 0}, ""connection_status"": {""connected"": true, ""has_ever_connected"": true, ""packet_age_ms"": 0, ""timeout_exceeded"": false, ""rssi"": -80}, ""communication_mode"": ""BEACON"", ""timestamp"": 74792, ""packets_received"": 646, ""kalman_data"": {""altitude"": 0.55, ""vertical_velocity"": -8.24}, ""kalman_altitude"": 0.55, ""kalman_vertical_velocity"": -8.24, ""pyroDrogue"": 0, ""pyroMain"": 0, ""pyro1_state"": 0, ""pyro2_state"": 0}"
1768306831.547287,2026-01-13T15:20:31.547287,2247,0,0,-0.69,0.07,0.64,-44.38,6.13,-9.05,-2.26,-3.54,0,0,0,217687,852.89,28,0.83,0,0,0,0,-80,0.83,-8.19,BEACON,"{""record_number"": 2247, ""operation_mode"": 0, ""state"": 0, ""battery_voltage"": 0, ""wifi_rssi"": -80, ""acc_data"": {""ax"": -0.69, ""ay"": 0.07, ""az"": 0.64, ""pitch"": -44.38, ""roll"": 6.13}, ""gyro_data"": {""gx"": -9.05, ""gy"": -2.26, ""gz"": -3.54}, ""gps_data"": {""latitude"": 0, ""longitude"": 0, ""gps_altitude"": 0, ""time"": 217687}, ""alt_data"": {""pressure"": 852.89, ""temperature"": 28, ""AGL"": 0.83, ""velocity"": 0, ""kalman_altitude"": 0.83, ""kalman_vertical_velocity"": -8.19}, ""chute_state"": {""pyro1_state"": 0, ""pyro2_state"": 0}, ""connection_status"": {""connected"": true, ""has_ever_connected"": true, ""packet_age_ms"": 0, ""timeout_exceeded"": false, ""rssi"": -80}, ""communication_mode"": ""BEACON"", ""timestamp"": 74905, ""packets_received"": 647, ""kalman_data"": {""altitude"": 0.83, ""vertical_velocity"": -8.19}, ""kalman_altitude"": 0.83, ""kalman_vertical_velocity"": -8.19, ""pyroDrogue"": 0, ""pyroMain"": 0, ""pyro1_state"": 0, ""pyro2_state"": 0}"
1768306831.632284,2026-01-13T15:20:31.632284,2249,0,0,-0.7,0.07,0.64,-44.3,5.86,-8.78,-3.32,-3.57,0,0,0,217889,852.91,28,0.61,0,0,0,0,-80,0.61,-8.23,BEACON,"{""record_number"": 2249, ""operation_mode"": 0, ""state"": 0, ""battery_voltage"": 0, ""wifi_rssi"": -80, ""acc_data"": {""ax"": -0.7, ""ay"": 0.07, ""az"": 0.64, ""pitch"": -44.3, ""roll"": 5.86}, ""gyro_data"": {""gx"": -8.78, ""gy"": -3.32, ""gz"": -3.57}, ""gps_data"": {""latitude"": 0, ""longitude"": 0, ""gps_altitude"": 0, ""time"": 217889}, ""alt_data"": {""pressure"": 852.91, ""temperature"": 28, ""AGL"": 0.61, ""velocity"": 0, ""kalman_altitude"": 0.61, ""kalman_vertical_velocity"": -8.23}, ""chute_state"": {""pyro1_state"": 0, ""pyro2_state"": 0}, ""connection_status"": {""connected"": true, ""has_ever_connected"": true, ""packet_age_ms"": 0, ""timeout_exceeded"": false, ""rssi"": -80}, ""communication_mode"": ""BEACON"", ""timestamp"": 75018, ""packets_received"": 648, ""kalman_data"": {""altitude"": 0.61, ""vertical_velocity"": -8.23}, ""kalman_altitude"": 0.61, ""kalman_vertical_velocity"": -8.23, ""pyroDrogue"": 0, ""pyroMain"": 0, ""pyro1_state"": 0, ""pyro2_state"": 0}"
1768306831.693281,2026-01-13T15:20:31.693281,2250,0,0,-0.7,0.07,0.65,-44.38,6.67,-8.72,-2.56,-3.93,0,0,0,217889,852.86,28,1.12,0,0,0,0,-81,1.11,-8.14,BEACON,"{""record_number"": 2250, ""operation_mode"": 0, ""state"": 0, ""battery_voltage"": 0, ""wifi_rssi"": -81, ""acc_data"": {""ax"": -0.7, ""ay"": 0.07, ""az"": 0.65, ""pitch"": -44.38, ""roll"": 6.67}, ""gyro_data"": {""gx"": -8.72, ""gy"": -2.56, ""gz"": -3.93}, ""gps_data"": {""latitude"": 0, ""longitude"": 0, ""gps_altitude"": 0, ""time"": 217889}, ""alt_data"": {""pressure"": 852.86, ""temperature"": 28, ""AGL"": 1.12, ""velocity"": 0, ""kalman_altitude"": 1.11, ""kalman_vertical_velocity"": -8.14}, ""chute_state"": {""pyro1_state"": 0, ""pyro2_state"": 0}, ""connection_status"": {""connected"": true, ""has_ever_connected"": true, ""packet_age_ms"": 0, ""timeout_exceeded"": false, ""rssi"": -81}, ""communication_mode"": ""BEACON"", ""timestamp"": 75130, ""packets_received"": 649, ""kalman_data"": {""altitude"": 1.11, ""vertical_velocity"": -8.14}, ""kalman_altitude"": 1.11, ""kalman_vertical_velocity"": -8.14, ""pyroDrogue"": 0, ""pyroMain"": 0, ""pyro1_state"": 0, ""pyro2_state"": 0}"
1768306831.74328,2026-01-13T15:20:31.743280,2251,0,0,-0.7,0.08,0.63,-44.11,6,-9.12,-2.62,-3.84,0,0,0,218091,852.88,28,0.93,0,0,0,0,-80,0.94,-8.18,BEACON,"{""record_number"": 2251, ""operation_mode"": 0, ""state"": 0, ""battery_voltage"": 0, ""wifi_rssi"": -80, ""acc_data"": {""ax"": -0.7, ""ay"": 0.08, ""az"": 0.63, ""pitch"": -44.11, ""roll"": 6}, ""gyro_data"": {""gx"": -9.12, ""gy"": -2.62, ""gz"": -3.84}, ""gps_data"": {""latitude"": 0, ""longitude"": 0, ""gps_altitude"": 0, ""time"": 218091}, ""alt_data"": {""pressure"": 852.88, ""temperature"": 28, ""AGL"": 0.93, ""velocity"": 0, ""kalman_altitude"": 0.94, ""kalman_vertical_velocity"": -8.18}, ""chute_state"": {""pyro1_state"": 0, ""pyro2_state"": 0}, ""connection_status"": {""connected"": true, ""has_ever_connected"": true, ""packet_age_ms"": 0, ""timeout_exceeded"": false, ""rssi"": -80}, ""communication_mode"": ""BEACON"", ""timestamp"": 75243, ""packets_received"": 650, ""kalman_data"": {""altitude"": 0.94, ""vertical_velocity"": -8.18}, ""kalman_altitude"": 0.94, ""kalman_vertical_velocity"": -8.18, ""pyroDrogue"": 0, ""pyroMain"": 0, ""pyro1_state"": 0, ""pyro2_state"": 0}"
1768306831.789281,2026-01-13T15:20:31.789281,2253,0,0,-0.7,0.07,0.63,-44.42,6.39,-8.69,-3.87,-3.9,0,0,0,218291,852.87,28,1.01,0,0,0,0,-81,1,-8.17,BEACON,"{""record_number"": 2253, ""operation_mode"": 0, ""state"": 0, ""battery_voltage"": 0, ""wifi_rssi"": -81, ""acc_data"": {""ax"": -0.7, ""ay"": 0.07, ""az"": 0.63, ""pitch"": -44.42, ""roll"": 6.39}, ""gyro_data"": {""gx"": -8.69, ""gy"": -3.87, ""gz"": -3.9}, ""gps_data"": {""latitude"": 0, ""longitude"": 0, ""gps_altitude"": 0, ""time"": 218291}, ""alt_data"": {""pressure"": 852.87, ""temperature"": 28, ""AGL"": 1.01, ""velocity"": 0, ""kalman_altitude"": 1, ""kalman_vertical_velocity"": -8.17}, ""chute_state"": {""pyro1_state"": 0, ""pyro2_state"": 0}, ""connection_status"": {""connected"": true, ""has_ever_connected"": true, ""packet_age_ms"": 0, ""timeout_exceeded"": false, ""rssi"": -81}, ""communication_mode"": ""BEACON"", ""timestamp"": 75355, ""packets_received"": 651, ""kalman_data"": {""altitude"": 1, ""vertical_velocity"": -8.17}, ""kalman_altitude"": 1, ""kalman_vertical_velocity"": -8.17, ""pyroDrogue"": 0, ""pyroMain"": 0, ""pyro1_state"": 0, ""pyro2_state"": 0}"
1768306831.837842,2026-01-13T15:20:31.837842,2254,0,0,-0.7,0.07,0.64,-44.27,6.08,-8.99,-3.17,-3.87,0,0,0,218291,852.87,28,0.97,0,0,0,0,-80,0.97,-8.19,BEACON,"{""record_number"": 2254, ""operation_mode"": 0, ""state"": 0, ""battery_voltage"": 0, ""wifi_rssi"": -80, ""acc_data"": {""ax"": -0.7, ""ay"": 0.07, ""az"": 0.64, ""pitch"": -44.27, ""roll"": 6.08}, ""gyro_data"": {""gx"": -8.99, ""gy"": -3.17, ""gz"": -3.87}, ""gps_data"": {""latitude"": 0, ""longitude"": 0, ""gps_altitude"": 0, ""time"": 218291}, ""alt_data"": {""pressure"": 852.87, ""temperature"": 28, ""AGL"": 0.97, ""velocity"": 0, ""kalman_altitude"": 0.97, ""kalman_vertical_velocity"": -8.19}, ""chute_state"": {""pyro1_state"": 0, ""pyro2_state"": 0}, ""connection_status"": {""connected"": true, ""has_ever_connected"": true, ""packet_age_ms"": 0, ""timeout_exceeded"": false, ""rssi"": -80}, ""communication_mode"": ""BEACON"", ""timestamp"": 75467, ""packets_received"": 652, ""kalman_data"": {""altitude"": 0.97, ""vertical_velocity"": -8.19}, ""kalman_altitude"": 0.97, ""kalman_vertical_velocity"": -8.19, ""pyroDrogue"": 0, ""pyroMain"": 0, ""pyro1_state"": 0, ""pyro2_state"": 0}"
1768306831.887327,2026-01-13T15:20:31.887327,2255,0,0,-0.7,0.07,0.64,-43.45,6.56,-9.36,-3.35,-4.02,0,0,0,218491,852.85,28,1.22,0,0,0,0,-81,1.22,-8.15,BEACON,"{""record_number"": 2255, ""operation_mode"": 0, ""state"": 0, ""battery_voltage"": 0, ""wifi_rssi"": -81, ""acc_data"": {""ax"": -0.7, ""ay"": 0.07, ""az"": 0.64, ""pitch"": -43.45, ""roll"": 6.56}, ""gyro_data"": {""gx"": -9.36, ""gy"": -3.35, ""gz"": -4.02}, ""gps_data"": {""latitude"": 0, ""longitude"": 0, ""gps_altitude"": 0, ""time"": 218491}, ""alt_data"": {""pressure"": 852.85, ""temperature"": 28, ""AGL"": 1.22, ""velocity"": 0, ""kalman_altitude"": 1.22, ""kalman_vertical_velocity"": -8.15}, ""chute_state"": {""pyro1_state"": 0, ""pyro2_state"": 0}, ""connection_status"": {""connected"": true, ""has_ever_connected"": true, ""packet_age_ms"": 0, ""timeout_exceeded"": false, ""rssi"": -81}, ""communication_mode"": ""BEACON"", ""timestamp"": 75580, ""packets_received"": 653, ""kalman_data"": {""altitude"": 1.22, ""vertical_velocity"": -8.15}, ""kalman_altitude"": 1.22, ""kalman_vertical_velocity"": -8.15, ""pyroDrogue"": 0, ""pyroMain"": 0, ""pyro1_state"": 0, ""pyro2_state"": 0}"
1768306831.931324,2026-01-13T15:20:31.931324,2256,0,0,-0.71,0.07,0.65,-44.54,6.3,-8.69,-2.87,-3.87,0,0,0,218491,852.9,28,0.68,0,0,0,0,-81,0.69,-8.25,BEACON,"{""record_number"": 2256, ""operation_mode"": 0, ""state"": 0, ""battery_voltage"": 0, ""wifi_rssi"": -81, ""acc_data"": {""ax"": -0.71, ""ay"": 0.07, ""az"": 0.65, ""pitch"": -44.54, ""roll"": 6.3}, ""gyro_data"": {""gx"": -8.69, ""gy"": -2.87, ""gz"": -3.87}, ""gps_data"": {""latitude"": 0, ""longitude"": 0, ""gps_altitude"": 0, ""time"": 218491}, ""alt_data"": {""pressure"": 852.9, ""temperature"": 28, ""AGL"": 0.68, ""velocity"": 0, ""kalman_altitude"": 0.69, ""kalman_vertical_velocity"": -8.25}, ""chute_state"": {""pyro1_state"": 0, ""pyro2_state"": 0}, ""connection_status"": {""connected"": true, ""has_ever_connected"": true, ""packet_age_ms"": 0, ""timeout_exceeded"": false, ""rssi"": -81}, ""communication_mode"": ""BEACON"", ""timestamp"": 75693, ""packets_received"": 654, ""kalman_data"": {""altitude"": 0.69, ""vertical_velocity"": -8.25}, ""kalman_altitude"": 0.69, ""kalman_vertical_velocity"": -8.25, ""pyroDrogue"": 0, ""pyroMain"": 0, ""pyro1_state"": 0, ""pyro2_state"": 0}"
1768306831.996327,2026-01-13T15:20:31.996327,2258,0,0,-0.7,0.07,0.64,-44.66,6.33,-8.84,-2.41,-3.81,0,0,0,218694,852.9,28,0.68,0,0,0,0,-80,0.68,-8.26,BEACON,"{""record_number"": 2258, ""operation_mode"": 0, ""state"": 0, ""battery_voltage"": 0, ""wifi_rssi"": -80, ""acc_data"": {""ax"": -0.7, ""ay"": 0.07, ""az"": 0.64, ""pitch"": -44.66, ""roll"": 6.33}, ""gyro_data"": {""gx"": -8.84, ""gy"": -2.41, ""gz"": -3.81}, ""gps_data"": {""latitude"": 0, ""longitude"": 0, ""gps_altitude"": 0, ""time"": 218694}, ""alt_data"": {""pressure"": 852.9, ""temperature"": 28, ""AGL"": 0.68, ""velocity"": 0, ""kalman_altitude"": 0.68, ""kalman_vertical_velocity"": -8.26}, ""chute_state"": {""pyro1_state"": 0, ""pyro2_state"": 0}, ""connection_status"": {""connected"": true, ""has_ever_connected"": true, ""packet_age_ms"": 0, ""timeout_exceeded"": false, ""rssi"": -80}, ""communication_mode"": ""BEACON"", ""timestamp"": 75806, ""packets_received"": 655, ""kalman_data"": {""altitude"": 0.68, ""vertical_velocity"": -8.26}, ""kalman_altitude"": 0.68, ""kalman_vertical_velocity"": -8.26, ""pyroDrogue"": 0, ""pyroMain"": 0, ""pyro1_state"": 0, ""pyro2_state"": 0}"
1768306832.040331,2026-01-13T15:20:32.040331,2259,0,0,-0.7,0.07,0.63,-44.38,6.66,-9.05,-3.63,-3.38,0,0,0,218694,852.91,28,0.58,0,0,0,0,-80,0.58,-8.29,BEACON,"{""record_number"": 2259, ""operation_mode"": 0, ""state"": 0, ""battery_voltage"": 0, ""wifi_rssi"": -80, ""acc_data"": {""ax"": -0.7, ""ay"": 0.07, ""az"": 0.63, ""pitch"": -44.38, ""roll"": 6.66}, ""gyro_data"": {""gx"": -9.05, ""gy"": -3.63, ""gz"": -3.38}, ""gps_data"": {""latitude"": 0, ""longitude"": 0, ""gps_altitude"": 0, ""time"": 218694}, ""alt_data"": {""pressure"": 852.91, ""temperature"": 28, ""AGL"": 0.58, ""velocity"": 0, ""kalman_altitude"": 0.58, ""kalman_vertical_velocity"": -8.29}, ""chute_state"": {""pyro1_state"": 0, ""pyro2_state"": 0}, ""connection_status"": {""connected"": true, ""has_ever_connected"": true, ""packet_age_ms"": 1, ""timeout_exceeded"": false, ""rssi"": -80}, ""communication_mode"": ""BEACON"", ""timestamp"": 75919, ""packets_received"": 656, ""kalman_data"": {""altitude"": 0.58, ""vertical_velocity"": -8.29}, ""kalman_altitude"": 0.58, ""kalman_vertical_velocity"": -8.29, ""pyroDrogue"": 0, ""pyroMain"": 0, ""pyro1_state"": 0, ""pyro2_state"": 0}"
1768306832.107323,2026-01-13T15:20:32.107323,2260,0,0,-0.7,0.07,0.64,-44.62,5.86,-8.75,-3.32,-3.32,0,0,0,218896,852.85,28,1.22,0,0,0,0,-80,1.21,-8.17,BEACON,"{""record_number"": 2260, ""operation_mode"": 0, ""state"": 0, ""battery_voltage"": 0, ""wifi_rssi"": -80, ""acc_data"": {""ax"": -0.7, ""ay"": 0.07, ""az"": 0.64, ""pitch"": -44.62, ""roll"": 5.86}, ""gyro_data"": {""gx"": -8.75, ""gy"": -3.32, ""gz"": -3.32}, ""gps_data"": {""latitude"": 0, ""longitude"": 0, ""gps_altitude"": 0, ""time"": 218896}, ""alt_data"": {""pressure"": 852.85, ""temperature"": 28, ""AGL"": 1.22, ""velocity"": 0, ""kalman_altitude"": 1.21, ""kalman_vertical_velocity"": -8.17}, ""chute_state"": {""pyro1_state"": 0, ""pyro2_state"": 0}, ""connection_status"": {""connected"": true, ""has_ever_connected"": true, ""packet_age_ms"": 0, ""timeout_exceeded"": false, ""rssi"": -80}, ""communication_mode"": ""BEACON"", ""timestamp"": 76031, ""packets_received"": 657, ""kalman_data"": {""altitude"": 1.21, ""vertical_velocity"": -8.17}, ""kalman_altitude"": 1.21, ""kalman_vertical_velocity"": -8.17, ""pyroDrogue"": 0, ""pyroMain"": 0, ""pyro1_state"": 0, ""pyro2_state"": 0}"
1768306832.183324,2026-01-13T15:20:32.183324,2262,0,0,-0.7,0.07,0.64,-44.66,5.67,-8.75,-3.38,-4.12,0,0,0,219096,852.94,28.01,0.35,0,0,0,0,-80,0.36,-8.34,BEACON,"{""record_number"": 2262, ""operation_mode"": 0, ""state"": 0, ""battery_voltage"": 0, ""wifi_rssi"": -80, ""acc_data"": {""ax"": -0.7, ""ay"": 0.07, ""az"": 0.64, ""pitch"": -44.66, ""roll"": 5.67}, ""gyro_data"": {""gx"": -8.75, ""gy"": -3.38, ""gz"": -4.12}, ""gps_data"": {""latitude"": 0, ""longitude"": 0, ""gps_altitude"": 0, ""time"": 219096}, ""alt_data"": {""pressure"": 852.94, ""temperature"": 28.01, ""AGL"": 0.35, ""velocity"": 0, ""kalman_altitude"": 0.36, ""kalman_vertical_velocity"": -8.34}, ""chute_state"": {""pyro1_state"": 0, ""pyro2_state"": 0}, ""connection_status"": {""connected"": true, ""has_ever_connected"": true, ""packet_age_ms"": 0, ""timeout_exceeded"": false, ""rssi"": -80}, ""communication_mode"": ""BEACON"", ""timestamp"": 76144, ""packets_received"": 658, ""kalman_data"": {""altitude"": 0.36, ""vertical_velocity"": -8.34}, ""kalman_altitude"": 0.36, ""kalman_vertical_velocity"": -8.34, ""pyroDrogue"": 0, ""pyroMain"": 0, ""pyro1_state"": 0, ""pyro2_state"": 0}"
1768306832.232857,2026-01-13T15:20:32.232857,2263,0,0,-0.7,0.06,0.63,-44.66,6.09,-8.81,-2.84,-3.63,0,0,0,219096,852.88,28,0.9,0,0,0,0,-81,0.89,-8.24,BEACON,"{""record_number"": 2263, ""operation_mode"": 0, ""state"": 0, ""battery_voltage"": 0, ""wifi_rssi"": -81, ""acc_data"": {""ax"": -0.7, ""ay"": 0.06, ""az"": 0.63, ""pitch"": -44.66, ""roll"": 6.09}, ""gyro_data"": {""gx"": -8.81, ""gy"": -2.84, ""gz"": -3.63}, ""gps_data"": {""latitude"": 0, ""longitude"": 0, ""gps_altitude"": 0, ""time"": 219096}, ""alt_data"": {""pressure"": 852.88, ""temperature"": 28, ""AGL"": 0.9, ""velocity"": 0, ""kalman_altitude"": 0.89, ""kalman_vertical_velocity"": -8.24}, ""chute_state"": {""pyro1_state"": 0, ""pyro2_state"": 0}, ""connection_status"": {""connected"": true, ""has_ever_connected"": true, ""packet_age_ms"": 1, ""timeout_exceeded"": false, ""rssi"": -81}, ""communication_mode"": ""BEACON"", ""timestamp"": 76260, ""packets_received"": 659, ""kalman_data"": {""altitude"": 0.89, ""vertical_velocity"": -8.24}, ""kalman_altitude"": 0.89, ""kalman_vertical_velocity"": -8.24, ""pyroDrogue"": 0, ""pyroMain"": 0, ""pyro1_state"": 0, ""pyro2_state"": 0}"
1768306832.302912,2026-01-13T15:20:32.302912,2264,0,0,-0.7,0.07,0.64,-44.46,6.35,-9.36,-2.96,-3.54,0,0,0,219296,852.87,28,1.04,0,0,0,0,-81,1.04,-8.22,BEACON,"{""record_number"": 2264, ""operation_mode"": 0, ""state"": 0, ""battery_voltage"": 0, ""wifi_rssi"": -81, ""acc_data"": {""ax"": -0.7, ""ay"": 0.07, ""az"": 0.64, ""pitch"": -44.46, ""roll"": 6.35}, ""gyro_data"": {""gx"": -9.36, ""gy"": -2.96, ""gz"": -3.54}, ""gps_data"": {""latitude"": 0, ""longitude"": 0, ""gps_altitude"": 0, ""time"": 219296}, ""alt_data"": {""pressure"": 852.87, ""temperature"": 28, ""AGL"": 1.04, ""velocity"": 0, ""kalman_altitude"": 1.04, ""kalman_vertical_velocity"": -8.22}, ""chute_state"": {""pyro1_state"": 0, ""pyro2_state"": 0}, ""connection_status"": {""connected"": true, ""has_ever_connected"": true, ""packet_age_ms"": 0, ""timeout_exceeded"": false, ""rssi"": -81}, ""communication_mode"": ""BEACON"", ""timestamp"": 76368, ""packets_received"": 660, ""kalman_data"": {""altitude"": 1.04, ""vertical_velocity"": -8.22}, ""kalman_altitude"": 1.04, ""kalman_vertical_velocity"": -8.22, ""pyroDrogue"": 0, ""pyroMain"": 0, ""pyro1_state"": 0, ""pyro2_state"": 0}"
1768306832.34526,2026-01-13T15:20:32.345260,2266,0,0,-0.7,0.07,0.65,-44.23,6.08,-9.05,-3.57,-3.29,0,0,0,219296,852.88,28,0.93,0,0,0,0,-80,0.93,-8.25,BEACON,"{""record_number"": 2266, ""operation_mode"": 0, ""state"": 0, ""battery_voltage"": 0, ""wifi_rssi"": -80, ""acc_data"": {""ax"": -0.7, ""ay"": 0.07, ""az"": 0.65, ""pitch"": -44.23, ""roll"": 6.08}, ""gyro_data"": {""gx"": -9.05, ""gy"": -3.57, ""gz"": -3.29}, ""gps_data"": {""latitude"": 0, ""longitude"": 0, ""gps_altitude"": 0, ""time"": 219296}, ""alt_data"": {""pressure"": 852.88, ""temperature"": 28, ""AGL"": 0.93, ""velocity"": 0, ""kalman_altitude"": 0.93, ""kalman_vertical_velocity"": -8.25}, ""chute_state"": {""pyro1_state"": 0, ""pyro2_state"": 0}, ""connection_status"": {""connected"": true, ""has_ever_connected"": true, ""packet_age_ms"": 0, ""timeout_exceeded"": false, ""rssi"": -80}, ""communication_mode"": ""BEACON"", ""timestamp"": 76481, ""packets_received"": 661, ""kalman_data"": {""altitude"": 0.93, ""vertical_velocity"": -8.25}, ""kalman_altitude"": 0.93, ""kalman_vertical_velocity"": -8.25, ""pyroDrogue"": 0, ""pyroMain"": 0, ""pyro1_state"": 0, ""pyro2_state"": 0}"
1768306832.387258,2026-01-13T15:20:32.387258,2267,0,0,-0.7,0.07,0.64,-44.66,5.91,-9.33,-3.78,-3.26,0,0,0,219497,852.88,28,0.86,0,0,0,0,-81,0.86,-8.26,BEACON,"{""record_number"": 2267, ""operation_mode"": 0, ""state"": 0, ""battery_voltage"": 0, ""wifi_rssi"": -81, ""acc_data"": {""ax"": -0.7, ""ay"": 0.07, ""az"": 0.64, ""pitch"": -44.66, ""roll"": 5.91}, ""gyro_data"": {""gx"": -9.33, ""gy"": -3.78, ""gz"": -3.26}, ""gps_data"": {""latitude"": 0, ""longitude"": 0, ""gps_altitude"": 0, ""time"": 219497}, ""alt_data"": {""pressure"": 852.88, ""temperature"": 28, ""AGL"": 0.86, ""velocity"": 0, ""kalman_altitude"": 0.86, ""kalman_vertical_velocity"": -8.26}, ""chute_state"": {""pyro1_state"": 0, ""pyro2_state"": 0}, ""connection_status"": {""connected"": true, ""has_ever_connected"": true, ""packet_age_ms"": 0, ""timeout_exceeded"": false, ""rssi"": -81}, ""communication_mode"": ""BEACON"", ""timestamp"": 76594, ""packets_received"": 662, ""kalman_data"": {""altitude"": 0.86, ""vertical_velocity"": -8.26}, ""kalman_altitude"": 0.86, ""kalman_vertical_velocity"": -8.26, ""pyroDrogue"": 0, ""pyroMain"": 0, ""pyro1_state"": 0, ""pyro2_state"": 0}"
1768306832.454859,2026-01-13T15:20:32.454859,2268,0,0,-0.7,0.07,0.64,-44.42,5.91,-8.72,-1.49,-2.53,0,0,0,219497,852.91,28.01,0.61,0,0,0,0,-81,0.61,-8.32,BEACON,"{""record_number"": 2268, ""operation_mode"": 0, ""state"": 0, ""battery_voltage"": 0, ""wifi_rssi"": -81, ""acc_data"": {""ax"": -0.7, ""ay"": 0.07, ""az"": 0.64, ""pitch"": -44.42, ""roll"": 5.91}, ""gyro_data"": {""gx"": -8.72, ""gy"": -1.49, ""gz"": -2.53}, ""gps_data"": {""latitude"": 0, ""longitude"": 0, ""gps_altitude"": 0, ""time"": 219497}, ""alt_data"": {""pressure"": 852.91, ""temperature"": 28.01, ""AGL"": 0.61, ""velocity"": 0, ""kalman_altitude"": 0.61, ""kalman_vertical_velocity"": -8.32}, ""chute_state"": {""pyro1_state"": 0, ""pyro2_state"": 0}, ""connection_status"": {""connected"": true, ""has_ever_connected"": true, ""packet_age_ms"": 1, ""timeout_exceeded"": false, ""rssi"": -81}, ""communication_mode"": ""BEACON"", ""timestamp"": 76707, ""packets_received"": 663, ""kalman_data"": {""altitude"": 0.61, ""vertical_velocity"": -8.32}, ""kalman_altitude"": 0.61, ""kalman_vertical_velocity"": -8.32, ""pyroDrogue"": 0, ""pyroMain"": 0, ""pyro1_state"": 0, ""pyro2_state"": 0}"
1768306832.563614,2026-01-13T15:20:32.563614,2270,0,0,-0.7,0.07,0.64,-44.62,6.19,-10.4,-3.26,-3.9,0,0,0,219701,852.88,28,0.86,0,0,0,0,-80,0.86,-8.27,BEACON,"{""record_number"": 2270, ""operation_mode"": 0, ""state"": 0, ""battery_voltage"": 0, ""wifi_rssi"": -80, ""acc_data"": {""ax"": -0.7, ""ay"": 0.07, ""az"": 0.64, ""pitch"": -44.62, ""roll"": 6.19}, ""gyro_data"": {""gx"": -10.4, ""gy"": -3.26, ""gz"": -3.9}, ""gps_data"": {""latitude"": 0, ""longitude"": 0, ""gps_altitude"": 0, ""time"": 219701}, ""alt_data"": {""pressure"": 852.88, ""temperature"": 28, ""AGL"": 0.86, ""velocity"": 0, ""kalman_altitude"": 0.86, ""kalman_vertical_velocity"": -8.27}, ""chute_state"": {""pyro1_state"": 0, ""pyro2_state"": 0}, ""connection_status"": {""connected"": true, ""has_ever_connected"": true, ""packet_age_ms"": 0, ""timeout_exceeded"": false, ""rssi"": -80}, ""communication_mode"": ""BEACON"", ""timestamp"": 76819, ""packets_received"": 664, ""kalman_data"": {""altitude"": 0.86, ""vertical_velocity"": -8.27}, ""kalman_altitude"": 0.86, ""kalman_vertical_velocity"": -8.27, ""pyroDrogue"": 0, ""pyroMain"": 0, ""pyro1_state"": 0, ""pyro2_state"": 0}"
1768306832.659861,2026-01-13T15:20:32.659861,2271,0,0,-0.7,0.07,0.64,-44.58,6.27,-8.69,-3.26,-4.33,0,0,0,219701,852.87,28,0.97,0,0,0,0,-80,0.97,-8.26,BEACON,"{""record_number"": 2271, ""operation_mode"": 0, ""state"": 0, ""battery_voltage"": 0, ""wifi_rssi"": -80, ""acc_data"": {""ax"": -0.7, ""ay"": 0.07, ""az"": 0.64, ""pitch"": -44.58, ""roll"": 6.27}, ""gyro_data"": {""gx"": -8.69, ""gy"": -3.26, ""gz"": -4.33}, ""gps_data"": {""latitude"": 0, ""longitude"": 0, ""gps_altitude"": 0, ""time"": 219701}, ""alt_data"": {""pressure"": 852.87, ""temperature"": 28, ""AGL"": 0.97, ""velocity"": 0, ""kalman_altitude"": 0.97, ""kalman_vertical_velocity"": -8.26}, ""chute_state"": {""pyro1_state"": 0, ""pyro2_state"": 0}, ""connection_status"": {""connected"": true, ""has_ever_connected"": true, ""packet_age_ms"": 0, ""timeout_exceeded"": false, ""rssi"": -80}, ""communication_mode"": ""BEACON"", ""timestamp"": 76931, ""packets_received"": 665, ""kalman_data"": {""altitude"": 0.97, ""vertical_velocity"": -8.26}, ""kalman_altitude"": 0.97, ""kalman_vertical_velocity"": -8.26, ""pyroDrogue"": 0, ""pyroMain"": 0, ""pyro1_state"": 0, ""pyro2_state"": 0}"
1768306832.720858,2026-01-13T15:20:32.720858,2272,0,0,-0.7,0.07,0.64,-44.42,6.3,-9.21,-3.26,-4.09,0,0,0,219901,852.89,28,0.83,0,0,0,0,-80,0.83,-8.29,BEACON,"{""record_number"": 2272, ""operation_mode"": 0, ""state"": 0, ""battery_voltage"": 0, ""wifi_rssi"": -80, ""acc_data"": {""ax"": -0.7, ""ay"": 0.07, ""az"": 0.64, ""pitch"": -44.42, ""roll"": 6.3}, ""gyro_data"": {""gx"": -9.21, ""gy"": -3.26, ""gz"": -4.09}, ""gps_data"": {""latitude"": 0, ""longitude"": 0, ""gps_altitude"": 0, ""time"": 219901}, ""alt_data"": {""pressure"": 852.89, ""temperature"": 28, ""AGL"": 0.83, ""velocity"": 0, ""kalman_altitude"": 0.83, ""kalman_vertical_velocity"": -8.29}, ""chute_state"": {""pyro1_state"": 0, ""pyro2_state"": 0}, ""connection_status"": {""connected"": true, ""has_ever_connected"": true, ""packet_age_ms"": 0, ""timeout_exceeded"": false, ""rssi"": -80}, ""communication_mode"": ""BEACON"", ""timestamp"": 77044, ""packets_received"": 666, ""kalman_data"": {""altitude"": 0.83, ""vertical_velocity"": -8.29}, ""kalman_altitude"": 0.83, ""kalman_vertical_velocity"": -8.29, ""pyroDrogue"": 0, ""pyroMain"": 0, ""pyro1_state"": 0, ""pyro2_state"": 0}"
1768306832.787863,2026-01-13T15:20:32.787863,2274,0,0,-0.7,0.07,0.65,-44.38,6.09,-9.05,-2.93,-3.57,0,0,0,220102,852.89,28.01,0.78,0,0,0,0,-81,0.78,-8.3,BEACON,"{""record_number"": 2274, ""operation_mode"": 0, ""state"": 0, ""battery_voltage"": 0, ""wifi_rssi"": -81, ""acc_data"": {""ax"": -0.7, ""ay"": 0.07, ""az"": 0.65, ""pitch"": -44.38, ""roll"": 6.09}, ""gyro_data"": {""gx"": -9.05, ""gy"": -2.93, ""gz"": -3.57}, ""gps_data"": {""latitude"": 0, ""longitude"": 0, ""gps_altitude"": 0, ""time"": 220102}, ""alt_data"": {""pressure"": 852.89, ""temperature"": 28.01, ""AGL"": 0.78, ""velocity"": 0, ""kalman_altitude"": 0.78, ""kalman_vertical_velocity"": -8.3}, ""chute_state"": {""pyro1_state"": 0, ""pyro2_state"": 0}, ""connection_status"": {""connected"": true, ""has_ever_connected"": true, ""packet_age_ms"": 0, ""timeout_exceeded"": false, ""rssi"": -81}, ""communication_mode"": ""BEACON"", ""timestamp"": 77157, ""packets_received"": 667, ""kalman_data"": {""altitude"": 0.78, ""vertical_velocity"": -8.3}, ""kalman_altitude"": 0.78, ""kalman_vertical_velocity"": -8.3, ""pyroDrogue"": 0, ""pyroMain"": 0, ""pyro1_state"": 0, ""pyro2_state"": 0}"
1768306832.849098,2026-01-13T15:20:32.849098,2275,0,0,-0.7,0.07,0.65,-44.7,6.48,-9.85,-3.14,-3.45,0,0,0,220102,852.87,28,1.01,0,0,0,0,-80,1.01,-8.26,BEACON,"{""record_number"": 2275, ""operation_mode"": 0, ""state"": 0, ""battery_voltage"": 0, ""wifi_rssi"": -80, ""acc_data"": {""ax"": -0.7, ""ay"": 0.07, ""az"": 0.65, ""pitch"": -44.7, ""roll"": 6.48}, ""gyro_data"": {""gx"": -9.85, ""gy"": -3.14, ""gz"": -3.45}, ""gps_data"": {""latitude"": 0, ""longitude"": 0, ""gps_altitude"": 0, ""time"": 220102}, ""alt_data"": {""pressure"": 852.87, ""temperature"": 28, ""AGL"": 1.01, ""velocity"": 0, ""kalman_altitude"": 1.01, ""kalman_vertical_velocity"": -8.26}, ""chute_state"": {""pyro1_state"": 0, ""pyro2_state"": 0}, ""connection_status"": {""connected"": true, ""has_ever_connected"": true, ""packet_age_ms"": 0, ""timeout_exceeded"": false, ""rssi"": -80}, ""communication_mode"": ""BEACON"", ""timestamp"": 77269, ""packets_received"": 668, ""kalman_data"": {""altitude"": 1.01, ""vertical_velocity"": -8.26}, ""kalman_altitude"": 1.01, ""kalman_vertical_velocity"": -8.26, ""pyroDrogue"": 0, ""pyroMain"": 0, ""pyro1_state"": 0, ""pyro2_state"": 0}"
1768306832.895204,2026-01-13T15:20:32.895204,2276,0,0,-0.7,0.08,0.64,-45.01,6.49,-9.12,-2.56,-3.75,0,0,0,220302,852.89,28,0.79,0,0,0,0,-80,0.79,-8.31,BEACON,"{""record_number"": 2276, ""operation_mode"": 0, ""state"": 0, ""battery_voltage"": 0, ""wifi_rssi"": -80, ""acc_data"": {""ax"": -0.7, ""ay"": 0.08, ""az"": 0.64, ""pitch"": -45.01, ""roll"": 6.49}, ""gyro_data"": {""gx"": -9.12, ""gy"": -2.56, ""gz"": -3.75}, ""gps_data"": {""latitude"": 0, ""longitude"": 0, ""gps_altitude"": 0, ""time"": 220302}, ""alt_data"": {""pressure"": 852.89, ""temperature"": 28, ""AGL"": 0.79, ""velocity"": 0, ""kalman_altitude"": 0.79, ""kalman_vertical_velocity"": -8.31}, ""chute_state"": {""pyro1_state"": 0, ""pyro2_state"": 0}, ""connection_status"": {""connected"": true, ""has_ever_connected"": true, ""packet_age_ms"": 0, ""timeout_exceeded"": false, ""rssi"": -80}, ""communication_mode"": ""BEACON"", ""timestamp"": 77381, ""packets_received"": 669, ""kalman_data"": {""altitude"": 0.79, ""vertical_velocity"": -8.31}, ""kalman_altitude"": 0.79, ""kalman_vertical_velocity"": -8.31, ""pyroDrogue"": 0, ""pyroMain"": 0, ""pyro1_state"": 0, ""pyro2_state"": 0}"
1768306832.936606,2026-01-13T15:20:32.936606,2278,0,0,-0.7,0.07,0.64,-44.38,6.42,-8.99,-3.23,-3.48,0,0,0,220302,852.89,28,0.75,0,0,0,0,-81,0.75,-8.32,BEACON,"{""record_number"": 2278, ""operation_mode"": 0, ""state"": 0, ""battery_voltage"": 0, ""wifi_rssi"": -81, ""acc_data"": {""ax"": -0.7, ""ay"": 0.07, ""az"": 0.64, ""pitch"": -44.38, ""roll"": 6.42}, ""gyro_data"": {""gx"": -8.99, ""gy"": -3.23, ""gz"": -3.48}, ""gps_data"": {""latitude"": 0, ""longitude"": 0, ""gps_altitude"": 0, ""time"": 220302}, ""alt_data"": {""pressure"": 852.89, ""temperature"": 28, ""AGL"": 0.75, ""velocity"": 0, ""kalman_altitude"": 0.75, ""kalman_vertical_velocity"": -8.32}, ""chute_state"": {""pyro1_state"": 0, ""pyro2_state"": 0}, ""connection_status"": {""connected"": true, ""has_ever_connected"": true, ""packet_age_ms"": 0, ""timeout_exceeded"": false, ""rssi"": -81}, ""communication_mode"": ""BEACON"", ""timestamp"": 77493, ""packets_received"": 670, ""kalman_data"": {""altitude"": 0.75, ""vertical_velocity"": -8.32}, ""kalman_altitude"": 0.75, ""kalman_vertical_velocity"": -8.32, ""pyroDrogue"": 0, ""pyroMain"": 0, ""pyro1_state"": 0, ""pyro2_state"": 0}"
1768306833.006607,2026-01-13T15:20:33.006607,2279,0,0,-0.7,0.07,0.65,-44.34,6,-9.24,-3.54,-2.68,0,0,0,220502,852.87,28,0.97,0,0,0,0,-80,0.97,-8.29,BEACON,"{""record_number"": 2279, ""operation_mode"": 0, ""state"": 0, ""battery_voltage"": 0, ""wifi_rssi"": -80, ""acc_data"": {""ax"": -0.7, ""ay"": 0.07, ""az"": 0.65, ""pitch"": -44.34, ""roll"": 6}, ""gyro_data"": {""gx"": -9.24, ""gy"": -3.54, ""gz"": -2.68}, ""gps_data"": {""latitude"": 0, ""longitude"": 0, ""gps_altitude"": 0, ""time"": 220502}, ""alt_data"": {""pressure"": 852.87, ""temperature"": 28, ""AGL"": 0.97, ""velocity"": 0, ""kalman_altitude"": 0.97, ""kalman_vertical_velocity"": -8.29}, ""chute_state"": {""pyro1_state"": 0, ""pyro2_state"": 0}, ""connection_status"": {""connected"": true, ""has_ever_connected"": true, ""packet_age_ms"": 0, ""timeout_exceeded"": false, ""rssi"": -80}, ""communication_mode"": ""BEACON"", ""timestamp"": 77606, ""packets_received"": 671, ""kalman_data"": {""altitude"": 0.97, ""vertical_velocity"": -8.29}, ""kalman_altitude"": 0.97, ""kalman_vertical_velocity"": -8.29, ""pyroDrogue"": 0, ""pyroMain"": 0, ""pyro1_state"": 0, ""pyro2_state"": 0}"
1768306833.126125,2026-01-13T15:20:33.126125,2280,0,0,-0.71,0.07,0.64,-44.42,6.21,-9.36,-3.99,-4.27,0,0,0,220502,852.88,28,0.9,0,0,0,0,-81,0.9,-8.31,BEACON,"{""record_number"": 2280, ""operation_mode"": 0, ""state"": 0, ""battery_voltage"": 0, ""wifi_rssi"": -81, ""acc_data"": {""ax"": -0.71, ""ay"": 0.07, ""az"": 0.64, ""pitch"": -44.42, ""roll"": 6.21}, ""gyro_data"": {""gx"": -9.36, ""gy"": -3.99, ""gz"": -4.27}, ""gps_data"": {""latitude"": 0, ""longitude"": 0, ""gps_altitude"": 0, ""time"": 220502}, ""alt_data"": {""pressure"": 852.88, ""temperature"": 28, ""AGL"": 0.9, ""velocity"": 0, ""kalman_altitude"": 0.9, ""kalman_vertical_velocity"": -8.31}, ""chute_state"": {""pyro1_state"": 0, ""pyro2_state"": 0}, ""connection_status"": {""connected"": true, ""has_ever_connected"": true, ""packet_age_ms"": 0, ""timeout_exceeded"": false, ""rssi"": -81}, ""communication_mode"": ""BEACON"", ""timestamp"": 77719, ""packets_received"": 672, ""kalman_data"": {""altitude"": 0.9, ""vertical_velocity"": -8.31}, ""kalman_altitude"": 0.9, ""kalman_vertical_velocity"": -8.31, ""pyroDrogue"": 0, ""pyroMain"": 0, ""pyro1_state"": 0, ""pyro2_state"": 0}"
1768306833.182125,2026-01-13T15:20:33.182125,2282,0,0,-0.7,0.07,0.64,-44.78,6.12,-9.27,-4.24,-3.38,0,0,0,220705,852.86,28,1.08,0,0,0,0,-80,1.07,-8.28,BEACON,"{""record_number"": 2282, ""operation_mode"": 0, ""state"": 0, ""battery_voltage"": 0, ""wifi_rssi"": -80, ""acc_data"": {""ax"": -0.7, ""ay"": 0.07, ""az"": 0.64, ""pitch"": -44.78, ""roll"": 6.12}, ""gyro_data"": {""gx"": -9.27, ""gy"": -4.24, ""gz"": -3.38}, ""gps_data"": {""latitude"": 0, ""longitude"": 0, ""gps_altitude"": 0, ""time"": 220705}, ""alt_data"": {""pressure"": 852.86, ""temperature"": 28, ""AGL"": 1.08, ""velocity"": 0, ""kalman_altitude"": 1.07, ""kalman_vertical_velocity"": -8.28}, ""chute_state"": {""pyro1_state"": 0, ""pyro2_state"": 0}, ""connection_status"": {""connected"": true, ""has_ever_connected"": true, ""packet_age_ms"": 0, ""timeout_exceeded"": false, ""rssi"": -80}, ""communication_mode"": ""BEACON"", ""timestamp"": 77832, ""packets_received"": 673, ""kalman_data"": {""altitude"": 1.07, ""vertical_velocity"": -8.28}, ""kalman_altitude"": 1.07, ""kalman_vertical_velocity"": -8.28, ""pyroDrogue"": 0, ""pyroMain"": 0, ""pyro1_state"": 0, ""pyro2_state"": 0}"
1768306833.263624,2026-01-13T15:20:33.263624,2283,0,0,-0.7,0.07,0.64,-44.5,6.03,-9.15,-2.77,-3.32,0,0,0,220705,852.82,28,1.51,0,0,0,0,-80,1.51,-8.2,BEACON,"{""record_number"": 2283, ""operation_mode"": 0, ""state"": 0, ""battery_voltage"": 0, ""wifi_rssi"": -80, ""acc_data"": {""ax"": -0.7, ""ay"": 0.07, ""az"": 0.64, ""pitch"": -44.5, ""roll"": 6.03}, ""gyro_data"": {""gx"": -9.15, ""gy"": -2.77, ""gz"": -3.32}, ""gps_data"": {""latitude"": 0, ""longitude"": 0, ""gps_altitude"": 0, ""time"": 220705}, ""alt_data"": {""pressure"": 852.82, ""temperature"": 28, ""AGL"": 1.51, ""velocity"": 0, ""kalman_altitude"": 1.51, ""kalman_vertical_velocity"": -8.2}, ""chute_state"": {""pyro1_state"": 0, ""pyro2_state"": 0}, ""connection_status"": {""connected"": true, ""has_ever_connected"": true, ""packet_age_ms"": 0, ""timeout_exceeded"": false, ""rssi"": -80}, ""communication_mode"": ""BEACON"", ""timestamp"": 77945, ""packets_received"": 674, ""kalman_data"": {""altitude"": 1.51, ""vertical_velocity"": -8.2}, ""kalman_altitude"": 1.51, ""kalman_vertical_velocity"": -8.2, ""pyroDrogue"": 0, ""pyroMain"": 0, ""pyro1_state"": 0, ""pyro2_state"": 0}"
1768306833.375508,2026-01-13T15:20:33.375508,2284,0,0,-0.69,0.07,0.64,-44.34,6.29,-9.54,-3.02,-4.12,0,0,0,220907,852.83,28,1.36,0,0,0,0,-80,1.37,-8.23,BEACON,"{""record_number"": 2284, ""operation_mode"": 0, ""state"": 0, ""battery_voltage"": 0, ""wifi_rssi"": -80, ""acc_data"": {""ax"": -0.69, ""ay"": 0.07, ""az"": 0.64, ""pitch"": -44.34, ""roll"": 6.29}, ""gyro_data"": {""gx"": -9.54, ""gy"": -3.02, ""gz"": -4.12}, ""gps_data"": {""latitude"": 0, ""longitude"": 0, ""gps_altitude"": 0, ""time"": 220907}, ""alt_data"": {""pressure"": 852.83, ""temperature"": 28, ""AGL"": 1.36, ""velocity"": 0, ""kalman_altitude"": 1.37, ""kalman_vertical_velocity"": -8.23}, ""chute_state"": {""pyro1_state"": 0, ""pyro2_state"": 0}, ""connection_status"": {""connected"": true, ""has_ever_connected"": true, ""packet_age_ms"": 0, ""timeout_exceeded"": false, ""rssi"": -80}, ""communication_mode"": ""BEACON"", ""timestamp"": 78058, ""packets_received"": 675, ""kalman_data"": {""altitude"": 1.37, ""vertical_velocity"": -8.23}, ""kalman_altitude"": 1.37, ""kalman_vertical_velocity"": -8.23, ""pyroDrogue"": 0, ""pyroMain"": 0, ""pyro1_state"": 0, ""pyro2_state"": 0}"
1768306833.442136,2026-01-13T15:20:33.442136,2286,0,0,-0.7,0.07,0.65,-44.03,6.19,-8.9,-2.56,-3.51,0,0,0,221106,852.86,28,1.11,0,0,0,0,-81,1.12,-8.28,BEACON,"{""record_number"": 2286, ""operation_mode"": 0, ""state"": 0, ""battery_voltage"": 0, ""wifi_rssi"": -81, ""acc_data"": {""ax"": -0.7, ""ay"": 0.07, ""az"": 0.65, ""pitch"": -44.03, ""roll"": 6.19}, ""gyro_data"": {""gx"": -8.9, ""gy"": -2.56, ""gz"": -3.51}, ""gps_data"": {""latitude"": 0, ""longitude"": 0, ""gps_altitude"": 0, ""time"": 221106}, ""alt_data"": {""pressure"": 852.86, ""temperature"": 28, ""AGL"": 1.11, ""velocity"": 0, ""kalman_altitude"": 1.12, ""kalman_vertical_velocity"": -8.28}, ""chute_state"": {""pyro1_state"": 0, ""pyro2_state"": 0}, ""connection_status"": {""connected"": true, ""has_ever_connected"": true, ""packet_age_ms"": 0, ""timeout_exceeded"": false, ""rssi"": -81}, ""communication_mode"": ""BEACON"", ""timestamp"": 78171, ""packets_received"": 676, ""kalman_data"": {""altitude"": 1.12, ""vertical_velocity"": -8.28}, ""kalman_altitude"": 1.12, ""kalman_vertical_velocity"": -8.28, ""pyroDrogue"": 0, ""pyroMain"": 0, ""pyro1_state"": 0, ""pyro2_state"": 0}"
1768306833.531865,2026-01-13T15:20:33.531865,2287,0,0,-0.7,0.07,0.64,-44.62,6.08,-9.57,-2.87,-4.15,0,0,0,221106,852.83,28.01,1.43,0,0,0,0,-81,1.43,-8.23,BEACON,"{""record_number"": 2287, ""operation_mode"": 0, ""state"": 0, ""battery_voltage"": 0, ""wifi_rssi"": -81, ""acc_data"": {""ax"": -0.7, ""ay"": 0.07, ""az"": 0.64, ""pitch"": -44.62, ""roll"": 6.08}, ""gyro_data"": {""gx"": -9.57, ""gy"": -2.87, ""gz"": -4.15}, ""gps_data"": {""latitude"": 0, ""longitude"": 0, ""gps_altitude"": 0, ""time"": 221106}, ""alt_data"": {""pressure"": 852.83, ""temperature"": 28.01, ""AGL"": 1.43, ""velocity"": 0, ""kalman_altitude"": 1.43, ""kalman_vertical_velocity"": -8.23}, ""chute_state"": {""pyro1_state"": 0, ""pyro2_state"": 0}, ""connection_status"": {""connected"": true, ""has_ever_connected"": true, ""packet_age_ms"": 0, ""timeout_exceeded"": false, ""rssi"": -81}, ""communication_mode"": ""BEACON"", ""timestamp"": 78284, ""packets_received"": 677, ""kalman_data"": {""altitude"": 1.43, ""vertical_velocity"": -8.23}, ""kalman_altitude"": 1.43, ""kalman_vertical_velocity"": -8.23, ""pyroDrogue"": 0, ""pyroMain"": 0, ""pyro1_state"": 0, ""pyro2_state"": 0}"
1768306833.596866,2026-01-13T15:20:33.596866,2288,0,0,-0.7,0.07,0.65,-44.66,6.3,-8.84,-3.96,-3.87,0,0,0,221306,852.77,28,1.94,0,0,0,0,-79,1.94,-8.14,BEACON,"{""record_number"": 2288, ""operation_mode"": 0, ""state"": 0, ""battery_voltage"": 0, ""wifi_rssi"": -79, ""acc_data"": {""ax"": -0.7, ""ay"": 0.07, ""az"": 0.65, ""pitch"": -44.66, ""roll"": 6.3}, ""gyro_data"": {""gx"": -8.84, ""gy"": -3.96, ""gz"": -3.87}, ""gps_data"": {""latitude"": 0, ""longitude"": 0, ""gps_altitude"": 0, ""time"": 221306}, ""alt_data"": {""pressure"": 852.77, ""temperature"": 28, ""AGL"": 1.94, ""velocity"": 0, ""kalman_altitude"": 1.94, ""kalman_vertical_velocity"": -8.14}, ""chute_state"": {""pyro1_state"": 0, ""pyro2_state"": 0}, ""connection_status"": {""connected"": true, ""has_ever_connected"": true, ""packet_age_ms"": 0, ""timeout_exceeded"": false, ""rssi"": -79}, ""communication_mode"": ""BEACON"", ""timestamp"": 78397, ""packets_received"": 678, ""kalman_data"": {""altitude"": 1.94, ""vertical_velocity"": -8.14}, ""kalman_altitude"": 1.94, ""kalman_vertical_velocity"": -8.14, ""pyroDrogue"": 0, ""pyroMain"": 0, ""pyro1_state"": 0, ""pyro2_state"": 0}"
1768306833.692865,2026-01-13T15:20:33.692865,2290,0,0,-0.69,0.07,0.64,-44.42,6.59,-9.76,-3.54,-3.66,0,0,0,221306,852.84,28,1.33,0,0,0,0,-80,1.34,-8.26,BEACON,"{""record_number"": 2290, ""operation_mode"": 0, ""state"": 0, ""battery_voltage"": 0, ""wifi_rssi"": -80, ""acc_data"": {""ax"": -0.69, ""ay"": 0.07, ""az"": 0.64, ""pitch"": -44.42, ""roll"": 6.59}, ""gyro_data"": {""gx"": -9.76, ""gy"": -3.54, ""gz"": -3.66}, ""gps_data"": {""latitude"": 0, ""longitude"": 0, ""gps_altitude"": 0, ""time"": 221306}, ""alt_data"": {""pressure"": 852.84, ""temperature"": 28, ""AGL"": 1.33, ""velocity"": 0, ""kalman_altitude"": 1.34, ""kalman_vertical_velocity"": -8.26}, ""chute_state"": {""pyro1_state"": 0, ""pyro2_state"": 0}, ""connection_status"": {""connected"": true, ""has_ever_connected"": true, ""packet_age_ms"": 0, ""timeout_exceeded"": false, ""rssi"": -80}, ""communication_mode"": ""BEACON"", ""timestamp"": 78508, ""packets_received"": 679, ""kalman_data"": {""altitude"": 1.34, ""vertical_velocity"": -8.26}, ""kalman_altitude"": 1.34, ""kalman_vertical_velocity"": -8.26, ""pyroDrogue"": 0, ""pyroMain"": 0, ""pyro1_state"": 0, ""pyro2_state"": 0}"
1768306833.821871,2026-01-13T15:20:33.821871,2291,0,0,-0.7,0.08,0.64,-44.03,6,-9.18,-3.11,-3.32,0,0,0,221506,852.88,28.01,0.89,0,0,0,0,-80,0.89,-8.35,BEACON,"{""record_number"": 2291, ""operation_mode"": 0, ""state"": 0, ""battery_voltage"": 0, ""wifi_rssi"": -80, ""acc_data"": {""ax"": -0.7, ""ay"": 0.08, ""az"": 0.64, ""pitch"": -44.03, ""roll"": 6}, ""gyro_data"": {""gx"": -9.18, ""gy"": -3.11, ""gz"": -3.32}, ""gps_data"": {""latitude"": 0, ""longitude"": 0, ""gps_altitude"": 0, ""time"": 221506}, ""alt_data"": {""pressure"": 852.88, ""temperature"": 28.01, ""AGL"": 0.89, ""velocity"": 0, ""kalman_altitude"": 0.89, ""kalman_vertical_velocity"": -8.35}, ""chute_state"": {""pyro1_state"": 0, ""pyro2_state"": 0}, ""connection_status"": {""connected"": true, ""has_ever_connected"": true, ""packet_age_ms"": 0, ""timeout_exceeded"": false, ""rssi"": -80}, ""communication_mode"": ""BEACON"", ""timestamp"": 78621, ""packets_received"": 680, ""kalman_data"": {""altitude"": 0.89, ""vertical_velocity"": -8.35}, ""kalman_altitude"": 0.89, ""kalman_vertical_velocity"": -8.35, ""pyroDrogue"": 0, ""pyroMain"": 0, ""pyro1_state"": 0, ""pyro2_state"": 0}"
1768306833.904867,2026-01-13T15:20:33.904867,2292,0,0,-0.69,0.07,0.64,-45.13,5.9,-9.45,-2.84,-3.78,0,0,0,221506,852.84,28,1.29,0,0,0,0,-81,1.29,-8.28,BEACON,"{""record_number"": 2292, ""operation_mode"": 0, ""state"": 0, ""battery_voltage"": 0, ""wifi_rssi"": -81, ""acc_data"": {""ax"": -0.69, ""ay"": 0.07, ""az"": 0.64, ""pitch"": -45.13, ""roll"": 5.9}, ""gyro_data"": {""gx"": -9.45, ""gy"": -2.84, ""gz"": -3.78}, ""gps_data"": {""latitude"": 0, ""longitude"": 0, ""gps_altitude"": 0, ""time"": 221506}, ""alt_data"": {""pressure"": 852.84, ""temperature"": 28, ""AGL"": 1.29, ""velocity"": 0, ""kalman_altitude"": 1.29, ""kalman_vertical_velocity"": -8.28}, ""chute_state"": {""pyro1_state"": 0, ""pyro2_state"": 0}, ""connection_status"": {""connected"": true, ""has_ever_connected"": true, ""packet_age_ms"": 0, ""timeout_exceeded"": false, ""rssi"": -81}, ""communication_mode"": ""BEACON"", ""timestamp"": 78734, ""packets_received"": 681, ""kalman_data"": {""altitude"": 1.29, ""vertical_velocity"": -8.28}, ""kalman_altitude"": 1.29, ""kalman_vertical_velocity"": -8.28, ""pyroDrogue"": 0, ""pyroMain"": 0, ""pyro1_state"": 0, ""pyro2_state"": 0}"
1768306833.941681,2026-01-13T15:20:33.941681,2294,0,0,-0.7,0.07,0.64,-44.74,6.17,-9.21,-2.84,-2.93,0,0,0,221711,852.85,28,1.18,0,0,0,0,-80,1.19,-8.3,BEACON,"{""record_number"": 2294, ""operation_mode"": 0, ""state"": 0, ""battery_voltage"": 0, ""wifi_rssi"": -80, ""acc_data"": {""ax"": -0.7, ""ay"": 0.07, ""az"": 0.64, ""pitch"": -44.74, ""roll"": 6.17}, ""gyro_data"": {""gx"": -9.21, ""gy"": -2.84, ""gz"": -2.93}, ""gps_data"": {""latitude"": 0, ""longitude"": 0, ""gps_altitude"": 0, ""time"": 221711}, ""alt_data"": {""pressure"": 852.85, ""temperature"": 28, ""AGL"": 1.18, ""velocity"": 0, ""kalman_altitude"": 1.19, ""kalman_vertical_velocity"": -8.3}, ""chute_state"": {""pyro1_state"": 0, ""pyro2_state"": 0}, ""connection_status"": {""connected"": true, ""has_ever_connected"": true, ""packet_age_ms"": 0, ""timeout_exceeded"": false, ""rssi"": -80}, ""communication_mode"": ""BEACON"", ""timestamp"": 78847, ""packets_received"": 682, ""kalman_data"": {""altitude"": 1.19, ""vertical_velocity"": -8.3}, ""kalman_altitude"": 1.19, ""kalman_vertical_velocity"": -8.3, ""pyroDrogue"": 0, ""pyroMain"": 0, ""pyro1_state"": 0, ""pyro2_state"": 0}"
1768306833.992483,2026-01-13T15:20:33.992483,2295,0,0,-0.7,0.07,0.64,-44.66,6.17,-9.45,-3.41,-3.72,0,0,0,221912,852.84,28,1.33,0,0,0,0,-80,1.33,-8.28,BEACON,"{""record_number"": 2295, ""operation_mode"": 0, ""state"": 0, ""battery_voltage"": 0, ""wifi_rssi"": -80, ""acc_data"": {""ax"": -0.7, ""ay"": 0.07, ""az"": 0.64, ""pitch"": -44.66, ""roll"": 6.17}, ""gyro_data"": {""gx"": -9.45, ""gy"": -3.41, ""gz"": -3.72}, ""gps_data"": {""latitude"": 0, ""longitude"": 0, ""gps_altitude"": 0, ""time"": 221912}, ""alt_data"": {""pressure"": 852.84, ""temperature"": 28, ""AGL"": 1.33, ""velocity"": 0, ""kalman_altitude"": 1.33, ""kalman_vertical_velocity"": -8.28}, ""chute_state"": {""pyro1_state"": 0, ""pyro2_state"": 0}, ""connection_status"": {""connected"": true, ""has_ever_connected"": true, ""packet_age_ms"": 0, ""timeout_exceeded"": false, ""rssi"": -80}, ""communication_mode"": ""BEACON"", ""timestamp"": 78961, ""packets_received"": 683, ""kalman_data"": {""altitude"": 1.33, ""vertical_velocity"": -8.28}, ""kalman_altitude"": 1.33, ""kalman_vertical_velocity"": -8.28, ""pyroDrogue"": 0, ""pyroMain"": 0, ""pyro1_state"": 0, ""pyro2_state"": 0}"
1768306834.045462,2026-01-13T15:20:34.045462,2296,0,0,-0.7,0.06,0.64,-44.42,6.23,-8.66,-3.54,-3.29,0,0,0,221912,852.82,28,1.48,0,0,0,0,-80,1.47,-8.26,BEACON,"{""record_number"": 2296, ""operation_mode"": 0, ""state"": 0, ""battery_voltage"": 0, ""wifi_rssi"": -80, ""acc_data"": {""ax"": -0.7, ""ay"": 0.06, ""az"": 0.64, ""pitch"": -44.42, ""roll"": 6.23}, ""gyro_data"": {""gx"": -8.66, ""gy"": -3.54, ""gz"": -3.29}, ""gps_data"": {""latitude"": 0, ""longitude"": 0, ""gps_altitude"": 0, ""time"": 221912}, ""alt_data"": {""pressure"": 852.82, ""temperature"": 28, ""AGL"": 1.48, ""velocity"": 0, ""kalman_altitude"": 1.47, ""kalman_vertical_velocity"": -8.26}, ""chute_state"": {""pyro1_state"": 0, ""pyro2_state"": 0}, ""connection_status"": {""connected"": true, ""has_ever_connected"": true, ""packet_age_ms"": 1, ""timeout_exceeded"": false, ""rssi"": -80}, ""communication_mode"": ""BEACON"", ""timestamp"": 79074, ""packets_received"": 684, ""kalman_data"": {""altitude"": 1.47, ""vertical_velocity"": -8.26}, ""kalman_altitude"": 1.47, ""kalman_vertical_velocity"": -8.26, ""pyroDrogue"": 0, ""pyroMain"": 0, ""pyro1_state"": 0, ""pyro2_state"": 0}"
1768306834.099458,2026-01-13T15:20:34.099458,2162,0,0,-0.71,0.07,0.64,-44.34,6.36,-9.33,-3.78,-3.84,0,0,0,210445,852.88,27.99,0.95,0,0,0,0,-80,0.94,-7.83,BEACON,"{""record_number"": 2162, ""operation_mode"": 0, ""state"": 0, ""battery_voltage"": 0, ""wifi_rssi"": -80, ""acc_data"": {""ax"": -0.71, ""ay"": 0.07, ""az"": 0.64, ""pitch"": -44.34, ""roll"": 6.36}, ""gyro_data"": {""gx"": -9.33, ""gy"": -3.78, ""gz"": -3.84}, ""gps_data"": {""latitude"": 0, ""longitude"": 0, ""gps_altitude"": 0, ""time"": 210445}, ""alt_data"": {""pressure"": 852.88, ""temperature"": 27.99, ""AGL"": 0.95, ""velocity"": 0, ""kalman_altitude"": 0.94, ""kalman_vertical_velocity"": -7.83}, ""chute_state"": {""pyro1_state"": 0, ""pyro2_state"": 0}, ""connection_status"": {""connected"": true, ""has_ever_connected"": true, ""packet_age_ms"": 1, ""timeout_exceeded"": false, ""rssi"": -80}, ""communication_mode"": ""BEACON"", ""timestamp"": 67588, ""packets_received"": 582, ""kalman_data"": {""altitude"": 0.94, ""vertical_velocity"": -7.83}, ""kalman_altitude"": 0.94, ""kalman_vertical_velocity"": -7.83, ""pyroDrogue"": 0, ""pyroMain"": 0, ""pyro1_state"": 0, ""pyro2_state"": 0}"
1768306834.144457,2026-01-13T15:20:34.144457,2163,0,0,-0.7,0.07,0.65,-44.23,6.2,-8.9,-2.87,-4.12,0,0,0,210648,852.93,28,0.36,0,0,0,0,-80,0.36,-7.95,BEACON,"{""record_number"": 2163, ""operation_mode"": 0, ""state"": 0, ""battery_voltage"": 0, ""wifi_rssi"": -80, ""acc_data"": {""ax"": -0.7, ""ay"": 0.07, ""az"": 0.65, ""pitch"": -44.23, ""roll"": 6.2}, ""gyro_data"": {""gx"": -8.9, ""gy"": -2.87, ""gz"": -4.12}, ""gps_data"": {""latitude"": 0, ""longitude"": 0, ""gps_altitude"": 0, ""time"": 210648}, ""alt_data"": {""pressure"": 852.93, ""temperature"": 28, ""AGL"": 0.36, ""velocity"": 0, ""kalman_altitude"": 0.36, ""kalman_vertical_velocity"": -7.95}, ""chute_state"": {""pyro1_state"": 0, ""pyro2_state"": 0}, ""connection_status"": {""connected"": true, ""has_ever_connected"": true, ""packet_age_ms"": 0, ""timeout_exceeded"": false, ""rssi"": -80}, ""communication_mode"": ""BEACON"", ""timestamp"": 67701, ""packets_received"": 583, ""kalman_data"": {""altitude"": 0.36, ""vertical_velocity"": -7.95}, ""kalman_altitude"": 0.36, ""kalman_vertical_velocity"": -7.95, ""pyroDrogue"": 0, ""pyroMain"": 0, ""pyro1_state"": 0, ""pyro2_state"": 0}"
1768306834.189461,2026-01-13T15:20:34.189461,2164,0,0,-0.7,0.07,0.64,-44.3,6.31,-9.76,-3.63,-3.6,0,0,0,210648,852.92,28,0.54,0,0,0,0,-80,0.54,-7.92,BEACON,"{""record_number"": 2164, ""operation_mode"": 0, ""state"": 0, ""battery_voltage"": 0, ""wifi_rssi"": -80, ""acc_data"": {""ax"": -0.7, ""ay"": 0.07, ""az"": 0.64, ""pitch"": -44.3, ""roll"": 6.31}, ""gyro_data"": {""gx"": -9.76, ""gy"": -3.63, ""gz"": -3.6}, ""gps_data"": {""latitude"": 0, ""longitude"": 0, ""gps_altitude"": 0, ""time"": 210648}, ""alt_data"": {""pressure"": 852.92, ""temperature"": 28, ""AGL"": 0.54, ""velocity"": 0, ""kalman_altitude"": 0.54, ""kalman_vertical_velocity"": -7.92}, ""chute_state"": {""pyro1_state"": 0, ""pyro2_state"": 0}, ""connection_status"": {""connected"": true, ""has_ever_connected"": true, ""packet_age_ms"": 0, ""timeout_exceeded"": false, ""rssi"": -80}, ""communication_mode"": ""BEACON"", ""timestamp"": 67814, ""packets_received"": 584, ""kalman_data"": {""altitude"": 0.54, ""vertical_velocity"": -7.92}, ""kalman_altitude"": 0.54, ""kalman_vertical_velocity"": -7.92, ""pyroDrogue"": 0, ""pyroMain"": 0, ""pyro1_state"": 0, ""pyro2_state"": 0}"
1768306834.231458,2026-01-13T15:20:34.231458,2165,0,0,-0.7,0.07,0.64,-44.27,6.43,-9.7,-2.53,-3.26,0,0,0,210852,852.91,28,0.65,0,0,0,0,-80,0.64,-7.9,BEACON,"{""record_number"": 2165, ""operation_mode"": 0, ""state"": 0, ""battery_voltage"": 0, ""wifi_rssi"": -80, ""acc_data"": {""ax"": -0.7, ""ay"": 0.07, ""az"": 0.64, ""pitch"": -44.27, ""roll"": 6.43}, ""gyro_data"": {""gx"": -9.7, ""gy"": -2.53, ""gz"": -3.26}, ""gps_data"": {""latitude"": 0, ""longitude"": 0, ""gps_altitude"": 0, ""time"": 210852}, ""alt_data"": {""pressure"": 852.91, ""temperature"": 28, ""AGL"": 0.65, ""velocity"": 0, ""kalman_altitude"": 0.64, ""kalman_vertical_velocity"": -7.9}, ""chute_state"": {""pyro1_state"": 0, ""pyro2_state"": 0}, ""connection_status"": {""connected"": true, ""has_ever_connected"": true, ""packet_age_ms"": 0, ""timeout_exceeded"": false, ""rssi"": -80}, ""communication_mode"": ""BEACON"", ""timestamp"": 67925, ""packets_received"": 585, ""kalman_data"": {""altitude"": 0.64, ""vertical_velocity"": -7.9}, ""kalman_altitude"": 0.64, ""kalman_vertical_velocity"": -7.9, ""pyroDrogue"": 0, ""pyroMain"": 0, ""pyro1_state"": 0, ""pyro2_state"": 0}"
1768306834.275001,2026-01-13T15:20:34.275001,2167,0,0,-0.69,0.07,0.65,-43.92,6.3,-9.45,-2.47,-4.12,0,0,0,210852,852.9,28,0.72,0,0,0,0,-80,0.72,-7.89,BEACON,"{""record_number"": 2167, ""operation_mode"": 0, ""state"": 0, ""battery_voltage"": 0, ""wifi_rssi"": -80, ""acc_data"": {""ax"": -0.69, ""ay"": 0.07, ""az"": 0.65, ""pitch"": -43.92, ""roll"": 6.3}, ""gyro_data"": {""gx"": -9.45, ""gy"": -2.47, ""gz"": -4.12}, ""gps_data"": {""latitude"": 0, ""longitude"": 0, ""gps_altitude"": 0, ""time"": 210852}, ""alt_data"": {""pressure"": 852.9, ""temperature"": 28, ""AGL"": 0.72, ""velocity"": 0, ""kalman_altitude"": 0.72, ""kalman_vertical_velocity"": -7.89}, ""chute_state"": {""pyro1_state"": 0, ""pyro2_state"": 0}, ""connection_status"": {""connected"": true, ""has_ever_connected"": true, ""packet_age_ms"": 0, ""timeout_exceeded"": false, ""rssi"": -80}, ""communication_mode"": ""BEACON"", ""timestamp"": 68038, ""packets_received"": 586, ""kalman_data"": {""altitude"": 0.72, ""vertical_velocity"": -7.89}, ""kalman_altitude"": 0.72, ""kalman_vertical_velocity"": -7.89, ""pyroDrogue"": 0, ""pyroMain"": 0, ""pyro1_state"": 0, ""pyro2_state"": 0}"
1768306834.320521,2026-01-13T15:20:34.320521,2168,0,0,-0.71,0.07,0.65,-44.85,6.44,-9.12,-3.51,-3.63,0,0,0,211052,852.88,28,0.86,0,0,0,0,-81,0.86,-7.87,BEACON,"{""record_number"": 2168, ""operation_mode"": 0, ""state"": 0, ""battery_voltage"": 0, ""wifi_rssi"": -81, ""acc_data"": {""ax"": -0.71, ""ay"": 0.07, ""az"": 0.65, ""pitch"": -44.85, ""roll"": 6.44}, ""gyro_data"": {""gx"": -9.12, ""gy"": -3.51, ""gz"": -3.63}, ""gps_data"": {""latitude"": 0, ""longitude"": 0, ""gps_altitude"": 0, ""time"": 211052}, ""alt_data"": {""pressure"": 852.88, ""temperature"": 28, ""AGL"": 0.86, ""velocity"": 0, ""kalman_altitude"": 0.86, ""kalman_vertical_velocity"": -7.87}, ""chute_state"": {""pyro1_state"": 0, ""pyro2_state"": 0}, ""connection_status"": {""connected"": true, ""has_ever_connected"": true, ""packet_age_ms"": 0, ""timeout_exceeded"": false, ""rssi"": -81}, ""communication_mode"": ""BEACON"", ""timestamp"": 68151, ""packets_received"": 587, ""kalman_data"": {""altitude"": 0.86, ""vertical_velocity"": -7.87}, ""kalman_altitude"": 0.86, ""kalman_vertical_velocity"": -7.87, ""pyroDrogue"": 0, ""pyroMain"": 0, ""pyro1_state"": 0, ""pyro2_state"": 0}"
1768306834.370107,2026-01-13T15:20:34.370107,2169,0,0,-0.7,0.07,0.65,-44.5,6.3,-9.18,-3.14,-3.57,0,0,0,211052,852.91,28,0.61,0,0,0,0,-80,0.61,-7.92,BEACON,"{""record_number"": 2169, ""operation_mode"": 0, ""state"": 0, ""battery_voltage"": 0, ""wifi_rssi"": -80, ""acc_data"": {""ax"": -0.7, ""ay"": 0.07, ""az"": 0.65, ""pitch"": -44.5, ""roll"": 6.3}, ""gyro_data"": {""gx"": -9.18, ""gy"": -3.14, ""gz"": -3.57}, ""gps_data"": {""latitude"": 0, ""longitude"": 0, ""gps_altitude"": 0, ""time"": 211052}, ""alt_data"": {""pressure"": 852.91, ""temperature"": 28, ""AGL"": 0.61, ""velocity"": 0, ""kalman_altitude"": 0.61, ""kalman_vertical_velocity"": -7.92}, ""chute_state"": {""pyro1_state"": 0, ""pyro2_state"": 0}, ""connection_status"": {""connected"": true, ""has_ever_connected"": true, ""packet_age_ms"": 0, ""timeout_exceeded"": false, ""rssi"": -80}, ""communication_mode"": ""BEACON"", ""timestamp"": 68263, ""packets_received"": 588, ""kalman_data"": {""altitude"": 0.61, ""vertical_velocity"": -7.92}, ""kalman_altitude"": 0.61, ""kalman_vertical_velocity"": -7.92, ""pyroDrogue"": 0, ""pyroMain"": 0, ""pyro1_state"": 0, ""pyro2_state"": 0}"
1768306834.410106,2026-01-13T15:20:34.410106,2171,0,0,-0.7,0.07,0.64,-44.62,6.29,-9.33,-3.51,-3.08,0,0,0,211251,852.9,27.99,0.73,0,0,0,0,-80,0.73,-7.91,BEACON,"{""record_number"": 2171, ""operation_mode"": 0, ""state"": 0, ""battery_voltage"": 0, ""wifi_rssi"": -80, ""acc_data"": {""ax"": -0.7, ""ay"": 0.07, ""az"": 0.64, ""pitch"": -44.62, ""roll"": 6.29}, ""gyro_data"": {""gx"": -9.33, ""gy"": -3.51, ""gz"": -3.08}, ""gps_data"": {""latitude"": 0, ""longitude"": 0, ""gps_altitude"": 0, ""time"": 211251}, ""alt_data"": {""pressure"": 852.9, ""temperature"": 27.99, ""AGL"": 0.73, ""velocity"": 0, ""kalman_altitude"": 0.73, ""kalman_vertical_velocity"": -7.91}, ""chute_state"": {""pyro1_state"": 0, ""pyro2_state"": 0}, ""connection_status"": {""connected"": true, ""has_ever_connected"": true, ""packet_age_ms"": 0, ""timeout_exceeded"": false, ""rssi"": -80}, ""communication_mode"": ""BEACON"", ""timestamp"": 68376, ""packets_received"": 589, ""kalman_data"": {""altitude"": 0.73, ""vertical_velocity"": -7.91}, ""kalman_altitude"": 0.73, ""kalman_vertical_velocity"": -7.91, ""pyroDrogue"": 0, ""pyroMain"": 0, ""pyro1_state"": 0, ""pyro2_state"": 0}"
1768306834.461622,2026-01-13T15:20:34.461622,2172,0,0,-0.71,0.07,0.64,-44.34,6.73,-9.39,-2.93,-3.45,0,0,0,211251,852.91,28,0.61,0,0,0,0,-80,0.61,-7.94,BEACON,"{""record_number"": 2172, ""operation_mode"": 0, ""state"": 0, ""battery_voltage"": 0, ""wifi_rssi"": -80, ""acc_data"": {""ax"": -0.71, ""ay"": 0.07, ""az"": 0.64, ""pitch"": -44.34, ""roll"": 6.73}, ""gyro_data"": {""gx"": -9.39, ""gy"": -2.93, ""gz"": -3.45}, ""gps_data"": {""latitude"": 0, ""longitude"": 0, ""gps_altitude"": 0, ""time"": 211251}, ""alt_data"": {""pressure"": 852.91, ""temperature"": 28, ""AGL"": 0.61, ""velocity"": 0, ""kalman_altitude"": 0.61, ""kalman_vertical_velocity"": -7.94}, ""chute_state"": {""pyro1_state"": 0, ""pyro2_state"": 0}, ""connection_status"": {""connected"": true, ""has_ever_connected"": true, ""packet_age_ms"": 1, ""timeout_exceeded"": false, ""rssi"": -80}, ""communication_mode"": ""BEACON"", ""timestamp"": 68489, ""packets_received"": 590, ""kalman_data"": {""altitude"": 0.61, ""vertical_velocity"": -7.94}, ""kalman_altitude"": 0.61, ""kalman_vertical_velocity"": -7.94, ""pyroDrogue"": 0, ""pyroMain"": 0, ""pyro1_state"": 0, ""pyro2_state"": 0}"
1768306834.498807,2026-01-13T15:20:34.498807,2173,0,0,-0.7,0.07,0.64,-44.5,6.23,-9.45,-3.84,-3.63,0,0,0,211452,852.92,28,0.47,0,0,0,0,-80,0.47,-7.97,BEACON,"{""record_number"": 2173, ""operation_mode"": 0, ""state"": 0, ""battery_voltage"": 0, ""wifi_rssi"": -80, ""acc_data"": {""ax"": -0.7, ""ay"": 0.07, ""az"": 0.64, ""pitch"": -44.5, ""roll"": 6.23}, ""gyro_data"": {""gx"": -9.45, ""gy"": -3.84, ""gz"": -3.63}, ""gps_data"": {""latitude"": 0, ""longitude"": 0, ""gps_altitude"": 0, ""time"": 211452}, ""alt_data"": {""pressure"": 852.92, ""temperature"": 28, ""AGL"": 0.47, ""velocity"": 0, ""kalman_altitude"": 0.47, ""kalman_vertical_velocity"": -7.97}, ""chute_state"": {""pyro1_state"": 0, ""pyro2_state"": 0}, ""connection_status"": {""connected"": true, ""has_ever_connected"": true, ""packet_age_ms"": 1, ""timeout_exceeded"": false, ""rssi"": -80}, ""communication_mode"": ""BEACON"", ""timestamp"": 68601, ""packets_received"": 591, ""kalman_data"": {""altitude"": 0.47, ""vertical_velocity"": -7.97}, ""kalman_altitude"": 0.47, ""kalman_vertical_velocity"": -7.97, ""pyroDrogue"": 0, ""pyroMain"": 0, ""pyro1_state"": 0, ""pyro2_state"": 0}"
1768306834.547805,2026-01-13T15:20:34.547805,2175,0,0,-0.7,0.07,0.64,-44.38,5.64,-8.93,-3.29,-4.48,0,0,0,211654,852.94,28.01,0.28,0,0,0,0,-81,0.28,-8.01,BEACON,"{""record_number"": 2175, ""operation_mode"": 0, ""state"": 0, ""battery_voltage"": 0, ""wifi_rssi"": -81, ""acc_data"": {""ax"": -0.7, ""ay"": 0.07, ""az"": 0.64, ""pitch"": -44.38, ""roll"": 5.64}, ""gyro_data"": {""gx"": -8.93, ""gy"": -3.29, ""gz"": -4.48}, ""gps_data"": {""latitude"": 0, ""longitude"": 0, ""gps_altitude"": 0, ""time"": 211654}, ""alt_data"": {""pressure"": 852.94, ""temperature"": 28.01, ""AGL"": 0.28, ""velocity"": 0, ""kalman_altitude"": 0.28, ""kalman_vertical_velocity"": -8.01}, ""chute_state"": {""pyro1_state"": 0, ""pyro2_state"": 0}, ""connection_status"": {""connected"": true, ""has_ever_connected"": true, ""packet_age_ms"": 0, ""timeout_exceeded"": false, ""rssi"": -81}, ""communication_mode"": ""BEACON"", ""timestamp"": 68713, ""packets_received"": 592, ""kalman_data"": {""altitude"": 0.28, ""vertical_velocity"": -8.01}, ""kalman_altitude"": 0.28, ""kalman_vertical_velocity"": -8.01, ""pyroDrogue"": 0, ""pyroMain"": 0, ""pyro1_state"": 0, ""pyro2_state"": 0}"
1768306834.595381,2026-01-13T15:20:34.595381,2176,0,0,-0.7,0.07,0.64,-44.78,6.16,-9.21,-3.26,-4.12,0,0,0,211654,852.93,28.01,0.38,0,0,0,0,-80,0.39,-8,BEACON,"{""record_number"": 2176, ""operation_mode"": 0, ""state"": 0, ""battery_voltage"": 0, ""wifi_rssi"": -80, ""acc_data"": {""ax"": -0.7, ""ay"": 0.07, ""az"": 0.64, ""pitch"": -44.78, ""roll"": 6.16}, ""gyro_data"": {""gx"": -9.21, ""gy"": -3.26, ""gz"": -4.12}, ""gps_data"": {""latitude"": 0, ""longitude"": 0, ""gps_altitude"": 0, ""time"": 211654}, ""alt_data"": {""pressure"": 852.93, ""temperature"": 28.01, ""AGL"": 0.38, ""velocity"": 0, ""kalman_altitude"": 0.39, ""kalman_vertical_velocity"": -8}, ""chute_state"": {""pyro1_state"": 0, ""pyro2_state"": 0}, ""connection_status"": {""connected"": true, ""has_ever_connected"": true, ""packet_age_ms"": 0, ""timeout_exceeded"": false, ""rssi"": -80}, ""communication_mode"": ""BEACON"", ""timestamp"": 68826, ""packets_received"": 593, ""kalman_data"": {""altitude"": 0.39, ""vertical_velocity"": -8}, ""kalman_altitude"": 0.39, ""kalman_vertical_velocity"": -8, ""pyroDrogue"": 0, ""pyroMain"": 0, ""pyro1_state"": 0, ""pyro2_state"": 0}"
1768306834.636806,2026-01-13T15:20:34.636806,2177,0,0,-0.7,0.07,0.64,-44.38,6.54,-9.54,-3.29,-3.23,0,0,0,211857,852.93,28.01,0.38,0,0,0,0,-81,0.38,-8,BEACON,"{""record_number"": 2177, ""operation_mode"": 0, ""state"": 0, ""battery_voltage"": 0, ""wifi_rssi"": -81, ""acc_data"": {""ax"": -0.7, ""ay"": 0.07, ""az"": 0.64, ""pitch"": -44.38, ""roll"": 6.54}, ""gyro_data"": {""gx"": -9.54, ""gy"": -3.29, ""gz"": -3.23}, ""gps_data"": {""latitude"": 0, ""longitude"": 0, ""gps_altitude"": 0, ""time"": 211857}, ""alt_data"": {""pressure"": 852.93, ""temperature"": 28.01, ""AGL"": 0.38, ""velocity"": 0, ""kalman_altitude"": 0.38, ""kalman_vertical_velocity"": -8}, ""chute_state"": {""pyro1_state"": 0, ""pyro2_state"": 0}, ""connection_status"": {""connected"": true, ""has_ever_connected"": true, ""packet_age_ms"": 0, ""timeout_exceeded"": false, ""rssi"": -81}, ""communication_mode"": ""BEACON"", ""timestamp"": 68939, ""packets_received"": 594, ""kalman_data"": {""altitude"": 0.38, ""vertical_velocity"": -8}, ""kalman_altitude"": 0.38, ""kalman_vertical_velocity"": -8, ""pyroDrogue"": 0, ""pyroMain"": 0, ""pyro1_state"": 0, ""pyro2_state"": 0}"
1768306834.688808,2026-01-13T15:20:34.688808,2179,0,0,-0.7,0.07,0.63,-44.54,6.21,-8.96,-3.11,-2.99,0,0,0,211857,852.87,28,0.97,0,0,0,0,-81,0.96,-7.89,BEACON,"{""record_number"": 2179, ""operation_mode"": 0, ""state"": 0, ""battery_voltage"": 0, ""wifi_rssi"": -81, ""acc_data"": {""ax"": -0.7, ""ay"": 0.07, ""az"": 0.63, ""pitch"": -44.54, ""roll"": 6.21}, ""gyro_data"": {""gx"": -8.96, ""gy"": -3.11, ""gz"": -2.99}, ""gps_data"": {""latitude"": 0, ""longitude"": 0, ""gps_altitude"": 0, ""time"": 211857}, ""alt_data"": {""pressure"": 852.87, ""temperature"": 28, ""AGL"": 0.97, ""velocity"": 0, ""kalman_altitude"": 0.96, ""kalman_vertical_velocity"": -7.89}, ""chute_state"": {""pyro1_state"": 0, ""pyro2_state"": 0}, ""connection_status"": {""connected"": true, ""has_ever_connected"": true, ""packet_age_ms"": 0, ""timeout_exceeded"": false, ""rssi"": -81}, ""communication_mode"": ""BEACON"", ""timestamp"": 69052, ""packets_received"": 595, ""kalman_data"": {""altitude"": 0.96, ""vertical_velocity"": -7.89}, ""kalman_altitude"": 0.96, ""kalman_vertical_velocity"": -7.89, ""pyroDrogue"": 0, ""pyroMain"": 0, ""pyro1_state"": 0, ""pyro2_state"": 0}"
1768306834.728337,2026-01-13T15:20:34.728337,2180,0,0,-0.7,0.08,0.64,-44.66,6.46,-9.73,-3.26,-3.23,0,0,0,212057,852.9,28,0.68,0,0,0,0,-83,0.68,-7.95,BEACON,"{""record_number"": 2180, ""operation_mode"": 0, ""state"": 0, ""battery_voltage"": 0, ""wifi_rssi"": -83, ""acc_data"": {""ax"": -0.7, ""ay"": 0.08, ""az"": 0.64, ""pitch"": -44.66, ""roll"": 6.46}, ""gyro_data"": {""gx"": -9.73, ""gy"": -3.26, ""gz"": -3.23}, ""gps_data"": {""latitude"": 0, ""longitude"": 0, ""gps_altitude"": 0, ""time"": 212057}, ""alt_data"": {""pressure"": 852.9, ""temperature"": 28, ""AGL"": 0.68, ""velocity"": 0, ""kalman_altitude"": 0.68, ""kalman_vertical_velocity"": -7.95}, ""chute_state"": {""pyro1_state"": 0, ""pyro2_state"": 0}, ""connection_status"": {""connected"": true, ""has_ever_connected"": true, ""packet_age_ms"": 0, ""timeout_exceeded"": false, ""rssi"": -83}, ""communication_mode"": ""BEACON"", ""timestamp"": 69165, ""packets_received"": 596, ""kalman_data"": {""altitude"": 0.68, ""vertical_velocity"": -7.95}, ""kalman_altitude"": 0.68, ""kalman_vertical_velocity"": -7.95, ""pyroDrogue"": 0, ""pyroMain"": 0, ""pyro1_state"": 0, ""pyro2_state"": 0}"
1768306834.763339,2026-01-13T15:20:34.763339,2181,0,0,-0.7,0.07,0.64,-44.42,6.3,-8.93,-2.53,-3.99,0,0,0,212057,852.92,27.99,0.48,0,0,0,0,-82,0.48,-8,BEACON,"{""record_number"": 2181, ""operation_mode"": 0, ""state"": 0, ""battery_voltage"": 0, ""wifi_rssi"": -82, ""acc_data"": {""ax"": -0.7, ""ay"": 0.07, ""az"": 0.64, ""pitch"": -44.42, ""roll"": 6.3}, ""gyro_data"": {""gx"": -8.93, ""gy"": -2.53, ""gz"": -3.99}, ""gps_data"": {""latitude"": 0, ""longitude"": 0, ""gps_altitude"": 0, ""time"": 212057}, ""alt_data"": {""pressure"": 852.92, ""temperature"": 27.99, ""AGL"": 0.48, ""velocity"": 0, ""kalman_altitude"": 0.48, ""kalman_vertical_velocity"": -8}, ""chute_state"": {""pyro1_state"": 0, ""pyro2_state"": 0}, ""connection_status"": {""connected"": true, ""has_ever_connected"": true, ""packet_age_ms"": 0, ""timeout_exceeded"": false, ""rssi"": -82}, ""communication_mode"": ""BEACON"", ""timestamp"": 69277, ""packets_received"": 597, ""kalman_data"": {""altitude"": 0.48, ""vertical_velocity"": -8}, ""kalman_altitude"": 0.48, ""kalman_vertical_velocity"": -8, ""pyroDrogue"": 0, ""pyroMain"": 0, ""pyro1_state"": 0, ""pyro2_state"": 0}"
1768306834.854337,2026-01-13T15:20:34.854337,2183,0,0,-0.69,0.07,0.64,-44.27,6.33,-9.18,-2.71,-3.81,0,0,0,212257,852.91,28,0.62,0,0,0,0,-82,0.61,-7.97,BEACON,"{""record_number"": 2183, ""operation_mode"": 0, ""state"": 0, ""battery_voltage"": 0, ""wifi_rssi"": -82, ""acc_data"": {""ax"": -0.69, ""ay"": 0.07, ""az"": 0.64, ""pitch"": -44.27, ""roll"": 6.33}, ""gyro_data"": {""gx"": -9.18, ""gy"": -2.71, ""gz"": -3.81}, ""gps_data"": {""latitude"": 0, ""longitude"": 0, ""gps_altitude"": 0, ""time"": 212257}, ""alt_data"": {""pressure"": 852.91, ""temperature"": 28, ""AGL"": 0.62, ""velocity"": 0, ""kalman_altitude"": 0.61, ""kalman_vertical_velocity"": -7.97}, ""chute_state"": {""pyro1_state"": 0, ""pyro2_state"": 0}, ""connection_status"": {""connected"": true, ""has_ever_connected"": true, ""packet_age_ms"": 0, ""timeout_exceeded"": false, ""rssi"": -82}, ""communication_mode"": ""BEACON"", ""timestamp"": 69389, ""packets_received"": 598, ""kalman_data"": {""altitude"": 0.61, ""vertical_velocity"": -7.97}, ""kalman_altitude"": 0.61, ""kalman_vertical_velocity"": -7.97, ""pyroDrogue"": 0, ""pyroMain"": 0, ""pyro1_state"": 0, ""pyro2_state"": 0}"
1768306834.893342,2026-01-13T15:20:34.893342,2184,0,0,-0.7,0.08,0.65,-44.5,6.34,-9.63,-2.87,-3.81,0,0,0,212456,852.92,28,0.54,0,0,0,0,-81,0.55,-8,BEACON,"{""record_number"": 2184, ""operation_mode"": 0, ""state"": 0, ""battery_voltage"": 0, ""wifi_rssi"": -81, ""acc_data"": {""ax"": -0.7, ""ay"": 0.08, ""az"": 0.65, ""pitch"": -44.5, ""roll"": 6.34}, ""gyro_data"": {""gx"": -9.63, ""gy"": -2.87, ""gz"": -3.81}, ""gps_data"": {""latitude"": 0, ""longitude"": 0, ""gps_altitude"": 0, ""time"": 212456}, ""alt_data"": {""pressure"": 852.92, ""temperature"": 28, ""AGL"": 0.54, ""velocity"": 0, ""kalman_altitude"": 0.55, ""kalman_vertical_velocity"": -8}, ""chute_state"": {""pyro1_state"": 0, ""pyro2_state"": 0}, ""connection_status"": {""connected"": true, ""has_ever_connected"": true, ""packet_age_ms"": 0, ""timeout_exceeded"": false, ""rssi"": -81}, ""communication_mode"": ""BEACON"", ""timestamp"": 69501, ""packets_received"": 599, ""kalman_data"": {""altitude"": 0.55, ""vertical_velocity"": -8}, ""kalman_altitude"": 0.55, ""kalman_vertical_velocity"": -8, ""pyroDrogue"": 0, ""pyroMain"": 0, ""pyro1_state"": 0, ""pyro2_state"": 0}"
1768306834.94334,2026-01-13T15:20:34.943340,2185,0,0,-0.71,0.07,0.64,-44.15,6.04,-9.18,-3.9,-3.54,0,0,0,212456,852.94,28.01,0.28,0,0,0,0,-83,0.28,-8.05,BEACON,"{""record_number"": 2185, ""operation_mode"": 0, ""state"": 0, ""battery_voltage"": 0, ""wifi_rssi"": -83, ""acc_data"": {""ax"": -0.71, ""ay"": 0.07, ""az"": 0.64, ""pitch"": -44.15, ""roll"": 6.04}, ""gyro_data"": {""gx"": -9.18, ""gy"": -3.9, ""gz"": -3.54}, ""gps_data"": {""latitude"": 0, ""longitude"": 0, ""gps_altitude"": 0, ""time"": 212456}, ""alt_data"": {""pressure"": 852.94, ""temperature"": 28.01, ""AGL"": 0.28, ""velocity"": 0, ""kalman_altitude"": 0.28, ""kalman_vertical_velocity"": -8.05}, ""chute_state"": {""pyro1_state"": 0, ""pyro2_state"": 0}, ""connection_status"": {""connected"": true, ""has_ever_connected"": true, ""packet_age_ms"": 0, ""timeout_exceeded"": false, ""rssi"": -83}, ""communication_mode"": ""BEACON"", ""timestamp"": 69614, ""packets_received"": 600, ""kalman_data"": {""altitude"": 0.28, ""vertical_velocity"": -8.05}, ""kalman_altitude"": 0.28, ""kalman_vertical_velocity"": -8.05, ""pyroDrogue"": 0, ""pyroMain"": 0, ""pyro1_state"": 0, ""pyro2_state"": 0}"
1768306835.04762,2026-01-13T15:20:35.047620,2187,0,0,-0.7,0.07,0.65,-44.82,6.04,-9.3,-3.38,-4.02,0,0,0,212659,852.91,28,0.61,0,0,0,0,-82,0.61,-7.99,BEACON,"{""record_number"": 2187, ""operation_mode"": 0, ""state"": 0, ""battery_voltage"": 0, ""wifi_rssi"": -82, ""acc_data"": {""ax"": -0.7, ""ay"": 0.07, ""az"": 0.65, ""pitch"": -44.82, ""roll"": 6.04}, ""gyro_data"": {""gx"": -9.3, ""gy"": -3.38, ""gz"": -4.02}, ""gps_data"": {""latitude"": 0, ""longitude"": 0, ""gps_altitude"": 0, ""time"": 212659}, ""alt_data"": {""pressure"": 852.91, ""temperature"": 28, ""AGL"": 0.61, ""velocity"": 0, ""kalman_altitude"": 0.61, ""kalman_vertical_velocity"": -7.99}, ""chute_state"": {""pyro1_state"": 0, ""pyro2_state"": 0}, ""connection_status"": {""connected"": true, ""has_ever_connected"": true, ""packet_age_ms"": 0, ""timeout_exceeded"": false, ""rssi"": -82}, ""communication_mode"": ""BEACON"", ""timestamp"": 69727, ""packets_received"": 601, ""kalman_data"": {""altitude"": 0.61, ""vertical_velocity"": -7.99}, ""kalman_altitude"": 0.61, ""kalman_vertical_velocity"": -7.99, ""pyroDrogue"": 0, ""pyroMain"": 0, ""pyro1_state"": 0, ""pyro2_state"": 0}"
1768306835.127333,2026-01-13T15:20:35.127333,2188,0,0,-0.7,0.07,0.64,-44.54,6.3,-9.27,-2.9,-3.45,0,0,0,212659,852.9,28,0.72,0,0,0,0,-83,0.72,-7.98,BEACON,"{""record_number"": 2188, ""operation_mode"": 0, ""state"": 0, ""battery_voltage"": 0, ""wifi_rssi"": -83, ""acc_data"": {""ax"": -0.7, ""ay"": 0.07, ""az"": 0.64, ""pitch"": -44.54, ""roll"": 6.3}, ""gyro_data"": {""gx"": -9.27, ""gy"": -2.9, ""gz"": -3.45}, ""gps_data"": {""latitude"": 0, ""longitude"": 0, ""gps_altitude"": 0, ""time"": 212659}, ""alt_data"": {""pressure"": 852.9, ""temperature"": 28, ""AGL"": 0.72, ""velocity"": 0, ""kalman_altitude"": 0.72, ""kalman_vertical_velocity"": -7.98}, ""chute_state"": {""pyro1_state"": 0, ""pyro2_state"": 0}, ""connection_status"": {""connected"": true, ""has_ever_connected"": true, ""packet_age_ms"": 1, ""timeout_exceeded"": false, ""rssi"": -83}, ""communication_mode"": ""BEACON"", ""timestamp"": 69840, ""packets_received"": 602, ""kalman_data"": {""altitude"": 0.72, ""vertical_velocity"": -7.98}, ""kalman_altitude"": 0.72, ""kalman_vertical_velocity"": -7.98, ""pyroDrogue"": 0, ""pyroMain"": 0, ""pyro1_state"": 0, ""pyro2_state"": 0}"
1768306835.195859,2026-01-13T15:20:35.195859,2189,0,0,-0.7,0.06,0.65,-44.27,6.19,-8.66,-2.96,-4.05,0,0,0,212862,852.92,28.01,0.53,0,0,0,0,-82,0.53,-8.02,BEACON,"{""record_number"": 2189, ""operation_mode"": 0, ""state"": 0, ""battery_voltage"": 0, ""wifi_rssi"": -82, ""acc_data"": {""ax"": -0.7, ""ay"": 0.06, ""az"": 0.65, ""pitch"": -44.27, ""roll"": 6.19}, ""gyro_data"": {""gx"": -8.66, ""gy"": -2.96, ""gz"": -4.05}, ""gps_data"": {""latitude"": 0, ""longitude"": 0, ""gps_altitude"": 0, ""time"": 212862}, ""alt_data"": {""pressure"": 852.92, ""temperature"": 28.01, ""AGL"": 0.53, ""velocity"": 0, ""kalman_altitude"": 0.53, ""kalman_vertical_velocity"": -8.02}, ""chute_state"": {""pyro1_state"": 0, ""pyro2_state"": 0}, ""connection_status"": {""connected"": true, ""has_ever_connected"": true, ""packet_age_ms"": 0, ""timeout_exceeded"": false, ""rssi"": -82}, ""communication_mode"": ""BEACON"", ""timestamp"": 69952, ""packets_received"": 603, ""kalman_data"": {""altitude"": 0.53, ""vertical_velocity"": -8.02}, ""kalman_altitude"": 0.53, ""kalman_vertical_velocity"": -8.02, ""pyroDrogue"": 0, ""pyroMain"": 0, ""pyro1_state"": 0, ""pyro2_state"": 0}"
1768306835.243876,2026-01-13T15:20:35.243876,2191,0,0,-0.7,0.07,0.64,-44.42,5.73,-8.81,-3.45,-3.96,0,0,0,212862,852.9,28,0.72,0,0,0,0,-83,0.72,-7.99,BEACON,"{""record_number"": 2191, ""operation_mode"": 0, ""state"": 0, ""battery_voltage"": 0, ""wifi_rssi"": -83, ""acc_data"": {""ax"": -0.7, ""ay"": 0.07, ""az"": 0.64, ""pitch"": -44.42, ""roll"": 5.73}, ""gyro_data"": {""gx"": -8.81, ""gy"": -3.45, ""gz"": -3.96}, ""gps_data"": {""latitude"": 0, ""longitude"": 0, ""gps_altitude"": 0, ""time"": 212862}, ""alt_data"": {""pressure"": 852.9, ""temperature"": 28, ""AGL"": 0.72, ""velocity"": 0, ""kalman_altitude"": 0.72, ""kalman_vertical_velocity"": -7.99}, ""chute_state"": {""pyro1_state"": 0, ""pyro2_state"": 0}, ""connection_status"": {""connected"": true, ""has_ever_connected"": true, ""packet_age_ms"": 0, ""timeout_exceeded"": false, ""rssi"": -83}, ""communication_mode"": ""BEACON"", ""timestamp"": 70064, ""packets_received"": 604, ""kalman_data"": {""altitude"": 0.72, ""vertical_velocity"": -7.99}, ""kalman_altitude"": 0.72, ""kalman_vertical_velocity"": -7.99, ""pyroDrogue"": 0, ""pyroMain"": 0, ""pyro1_state"": 0, ""pyro2_state"": 0}"
1768306835.27986,2026-01-13T15:20:35.279860,2192,0,0,-0.69,0.07,0.64,-44.58,6.02,-8.48,-3.35,-3.66,0,0,0,213061,852.9,28.01,0.74,0,0,0,0,-82,0.75,-7.99,BEACON,"{""record_number"": 2192, ""operation_mode"": 0, ""state"": 0, ""battery_voltage"": 0, ""wifi_rssi"": -82, ""acc_data"": {""ax"": -0.69, ""ay"": 0.07, ""az"": 0.64, ""pitch"": -44.58, ""roll"": 6.02}, ""gyro_data"": {""gx"": -8.48, ""gy"": -3.35, ""gz"": -3.66}, ""gps_data"": {""latitude"": 0, ""longitude"": 0, ""gps_altitude"": 0, ""time"": 213061}, ""alt_data"": {""pressure"": 852.9, ""temperature"": 28.01, ""AGL"": 0.74, ""velocity"": 0, ""kalman_altitude"": 0.75, ""kalman_vertical_velocity"": -7.99}, ""chute_state"": {""pyro1_state"": 0, ""pyro2_state"": 0}, ""connection_status"": {""connected"": true, ""has_ever_connected"": true, ""packet_age_ms"": 0, ""timeout_exceeded"": false, ""rssi"": -82}, ""communication_mode"": ""BEACON"", ""timestamp"": 70176, ""packets_received"": 605, ""kalman_data"": {""altitude"": 0.75, ""vertical_velocity"": -7.99}, ""kalman_altitude"": 0.75, ""kalman_vertical_velocity"": -7.99, ""pyroDrogue"": 0, ""pyroMain"": 0, ""pyro1_state"": 0, ""pyro2_state"": 0}"
1768306835.327859,2026-01-13T15:20:35.327859,2193,0,0,-0.7,0.07,0.64,-44.3,5.98,-9.45,-3.23,-3.93,0,0,0,213061,852.89,28,0.79,0,0,0,0,-82,0.79,-7.98,BEACON,"{""record_number"": 2193, ""operation_mode"": 0, ""state"": 0, ""battery_voltage"": 0, ""wifi_rssi"": -82, ""acc_data"": {""ax"": -0.7, ""ay"": 0.07, ""az"": 0.64, ""pitch"": -44.3, ""roll"": 5.98}, ""gyro_data"": {""gx"": -9.45, ""gy"": -3.23, ""gz"": -3.93}, ""gps_data"": {""latitude"": 0, ""longitude"": 0, ""gps_altitude"": 0, ""time"": 213061}, ""alt_data"": {""pressure"": 852.89, ""temperature"": 28, ""AGL"": 0.79, ""velocity"": 0, ""kalman_altitude"": 0.79, ""kalman_vertical_velocity"": -7.98}, ""chute_state"": {""pyro1_state"": 0, ""pyro2_state"": 0}, ""connection_status"": {""connected"": true, ""has_ever_connected"": true, ""packet_age_ms"": 0, ""timeout_exceeded"": false, ""rssi"": -82}, ""communication_mode"": ""BEACON"", ""timestamp"": 70288, ""packets_received"": 606, ""kalman_data"": {""altitude"": 0.79, ""vertical_velocity"": -7.98}, ""kalman_altitude"": 0.79, ""kalman_vertical_velocity"": -7.98, ""pyroDrogue"": 0, ""pyroMain"": 0, ""pyro1_state"": 0, ""pyro2_state"": 0}"
1768306835.387862,2026-01-13T15:20:35.387862,2194,0,0,-0.7,0.07,0.65,-44.58,6.5,-8.45,-2.96,-3.51,0,0,0,213262,852.94,28,0.29,0,0,0,0,-81,0.3,-8.09,BEACON,"{""record_number"": 2194, ""operation_mode"": 0, ""state"": 0, ""battery_voltage"": 0, ""wifi_rssi"": -81, ""acc_data"": {""ax"": -0.7, ""ay"": 0.07, ""az"": 0.65, ""pitch"": -44.58, ""roll"": 6.5}, ""gyro_data"": {""gx"": -8.45, ""gy"": -2.96, ""gz"": -3.51}, ""gps_data"": {""latitude"": 0, ""longitude"": 0, ""gps_altitude"": 0, ""time"": 213262}, ""alt_data"": {""pressure"": 852.94, ""temperature"": 28, ""AGL"": 0.29, ""velocity"": 0, ""kalman_altitude"": 0.3, ""kalman_vertical_velocity"": -8.09}, ""chute_state"": {""pyro1_state"": 0, ""pyro2_state"": 0}, ""connection_status"": {""connected"": true, ""has_ever_connected"": true, ""packet_age_ms"": 1, ""timeout_exceeded"": false, ""rssi"": -81}, ""communication_mode"": ""BEACON"", ""timestamp"": 70401, ""packets_received"": 607, ""kalman_data"": {""altitude"": 0.3, ""vertical_velocity"": -8.09}, ""kalman_altitude"": 0.3, ""kalman_vertical_velocity"": -8.09, ""pyroDrogue"": 0, ""pyroMain"": 0, ""pyro1_state"": 0, ""pyro2_state"": 0}"
1768306835.441863,2026-01-13T15:20:35.441863,2196,0,0,-0.7,0.07,0.64,-44.15,6.34,-9.48,-2.84,-3.9,0,0,0,213462,852.91,28,0.65,0,0,0,0,-83,0.65,-8.02,BEACON,"{""record_number"": 2196, ""operation_mode"": 0, ""state"": 0, ""battery_voltage"": 0, ""wifi_rssi"": -83, ""acc_data"": {""ax"": -0.7, ""ay"": 0.07, ""az"": 0.64, ""pitch"": -44.15, ""roll"": 6.34}, ""gyro_data"": {""gx"": -9.48, ""gy"": -2.84, ""gz"": -3.9}, ""gps_data"": {""latitude"": 0, ""longitude"": 0, ""gps_altitude"": 0, ""time"": 213462}, ""alt_data"": {""pressure"": 852.91, ""temperature"": 28, ""AGL"": 0.65, ""velocity"": 0, ""kalman_altitude"": 0.65, ""kalman_vertical_velocity"": -8.02}, ""chute_state"": {""pyro1_state"": 0, ""pyro2_state"": 0}, ""connection_status"": {""connected"": true, ""has_ever_connected"": true, ""packet_age_ms"": 0, ""timeout_exceeded"": false, ""rssi"": -83}, ""communication_mode"": ""BEACON"", ""timestamp"": 70513, ""packets_received"": 608, ""kalman_data"": {""altitude"": 0.65, ""vertical_velocity"": -8.02}, ""kalman_altitude"": 0.65, ""kalman_vertical_velocity"": -8.02, ""pyroDrogue"": 0, ""pyroMain"": 0, ""pyro1_state"": 0, ""pyro2_state"": 0}"
1768306835.503385,2026-01-13T15:20:35.503385,2197,0,0,-0.7,0.07,0.64,-44.38,6.36,-9.02,-3.75,-3.63,0,0,0,213462,852.91,28.02,0.59,0,0,0,0,-82,0.59,-8.04,BEACON,"{""record_number"": 2197, ""operation_mode"": 0, ""state"": 0, ""battery_voltage"": 0, ""wifi_rssi"": -82, ""acc_data"": {""ax"": -0.7, ""ay"": 0.07, ""az"": 0.64, ""pitch"": -44.38, ""roll"": 6.36}, ""gyro_data"": {""gx"": -9.02, ""gy"": -3.75, ""gz"": -3.63}, ""gps_data"": {""latitude"": 0, ""longitude"": 0, ""gps_altitude"": 0, ""time"": 213462}, ""alt_data"": {""pressure"": 852.91, ""temperature"": 28.02, ""AGL"": 0.59, ""velocity"": 0, ""kalman_altitude"": 0.59, ""kalman_vertical_velocity"": -8.04}, ""chute_state"": {""pyro1_state"": 0, ""pyro2_state"": 0}, ""connection_status"": {""connected"": true, ""has_ever_connected"": true, ""packet_age_ms"": 0, ""timeout_exceeded"": false, ""rssi"": -82}, ""communication_mode"": ""BEACON"", ""timestamp"": 70625, ""packets_received"": 609, ""kalman_data"": {""altitude"": 0.59, ""vertical_velocity"": -8.04}, ""kalman_altitude"": 0.59, ""kalman_vertical_velocity"": -8.04, ""pyroDrogue"": 0, ""pyroMain"": 0, ""pyro1_state"": 0, ""pyro2_state"": 0}"
1768306835.592815,2026-01-13T15:20:35.592815,2198,0,0,-0.69,0.07,0.64,-44.46,6.84,-9.82,-3.11,-3.66,0,0,0,213665,852.91,28.01,0.61,0,0,0,0,-82,0.6,-8.04,BEACON,"{""record_number"": 2198, ""operation_mode"": 0, ""state"": 0, ""battery_voltage"": 0, ""wifi_rssi"": -82, ""acc_data"": {""ax"": -0.69, ""ay"": 0.07, ""az"": 0.64, ""pitch"": -44.46, ""roll"": 6.84}, ""gyro_data"": {""gx"": -9.82, ""gy"": -3.11, ""gz"": -3.66}, ""gps_data"": {""latitude"": 0, ""longitude"": 0, ""gps_altitude"": 0, ""time"": 213665}, ""alt_data"": {""pressure"": 852.91, ""temperature"": 28.01, ""AGL"": 0.61, ""velocity"": 0, ""kalman_altitude"": 0.6, ""kalman_vertical_velocity"": -8.04}, ""chute_state"": {""pyro1_state"": 0, ""pyro2_state"": 0}, ""connection_status"": {""connected"": true, ""has_ever_connected"": true, ""packet_age_ms"": 1, ""timeout_exceeded"": false, ""rssi"": -82}, ""communication_mode"": ""BEACON"", ""timestamp"": 70739, ""packets_received"": 610, ""kalman_data"": {""altitude"": 0.6, ""vertical_velocity"": -8.04}, ""kalman_altitude"": 0.6, ""kalman_vertical_velocity"": -8.04, ""pyroDrogue"": 0, ""pyroMain"": 0, ""pyro1_state"": 0, ""pyro2_state"": 0}"
1768306835.630312,2026-01-13T15:20:35.630312,2200,0,0,-0.7,0.07,0.65,-44.66,6.62,-9.39,-3.29,-3.35,0,0,0,213665,852.93,28.01,0.42,0,0,0,0,-82,0.42,-8.08,BEACON,"{""record_number"": 2200, ""operation_mode"": 0, ""state"": 0, ""battery_voltage"": 0, ""wifi_rssi"": -82, ""acc_data"": {""ax"": -0.7, ""ay"": 0.07, ""az"": 0.65, ""pitch"": -44.66, ""roll"": 6.62}, ""gyro_data"": {""gx"": -9.39, ""gy"": -3.29, ""gz"": -3.35}, ""gps_data"": {""latitude"": 0, ""longitude"": 0, ""gps_altitude"": 0, ""time"": 213665}, ""alt_data"": {""pressure"": 852.93, ""temperature"": 28.01, ""AGL"": 0.42, ""velocity"": 0, ""kalman_altitude"": 0.42, ""kalman_vertical_velocity"": -8.08}, ""chute_state"": {""pyro1_state"": 0, ""pyro2_state"": 0}, ""connection_status"": {""connected"": true, ""has_ever_connected"": true, ""packet_age_ms"": 0, ""timeout_exceeded"": false, ""rssi"": -82}, ""communication_mode"": ""BEACON"", ""timestamp"": 70872, ""packets_received"": 611, ""kalman_data"": {""altitude"": 0.42, ""vertical_velocity"": -8.08}, ""kalman_altitude"": 0.42, ""kalman_vertical_velocity"": -8.08, ""pyroDrogue"": 0, ""pyroMain"": 0, ""pyro1_state"": 0, ""pyro2_state"": 0}"
1768306835.680314,2026-01-13T15:20:35.680314,2201,0,0,-0.7,0.07,0.64,-44.34,6,-9.09,-2.8,-3.69,0,0,0,213867,852.94,28.01,0.35,0,0,0,0,-82,0.36,-8.1,BEACON,"{""record_number"": 2201, ""operation_mode"": 0, ""state"": 0, ""battery_voltage"": 0, ""wifi_rssi"": -82, ""acc_data"": {""ax"": -0.7, ""ay"": 0.07, ""az"": 0.64, ""pitch"": -44.34, ""roll"": 6}, ""gyro_data"": {""gx"": -9.09, ""gy"": -2.8, ""gz"": -3.69}, ""gps_data"": {""latitude"": 0, ""longitude"": 0, ""gps_altitude"": 0, ""time"": 213867}, ""alt_data"": {""pressure"": 852.94, ""temperature"": 28.01, ""AGL"": 0.35, ""velocity"": 0, ""kalman_altitude"": 0.36, ""kalman_vertical_velocity"": -8.1}, ""chute_state"": {""pyro1_state"": 0, ""pyro2_state"": 0}, ""connection_status"": {""connected"": true, ""has_ever_connected"": true, ""packet_age_ms"": 0, ""timeout_exceeded"": false, ""rssi"": -82}, ""communication_mode"": ""BEACON"", ""timestamp"": 70975, ""packets_received"": 612, ""kalman_data"": {""altitude"": 0.36, ""vertical_velocity"": -8.1}, ""kalman_altitude"": 0.36, ""kalman_vertical_velocity"": -8.1, ""pyroDrogue"": 0, ""pyroMain"": 0, ""pyro1_state"": 0, ""pyro2_state"": 0}"
1768306835.727312,2026-01-13T15:20:35.727312,2202,0,0,-0.7,0.07,0.64,-44.38,6.31,-9.39,-3.51,-3.81,0,0,0,213867,852.92,28.01,0.46,0,0,0,0,-83,0.45,-8.09,BEACON,"{""record_number"": 2202, ""operation_mode"": 0, ""state"": 0, ""battery_voltage"": 0, ""wifi_rssi"": -83, ""acc_data"": {""ax"": -0.7, ""ay"": 0.07, ""az"": 0.64, ""pitch"": -44.38, ""roll"": 6.31}, ""gyro_data"": {""gx"": -9.39, ""gy"": -3.51, ""gz"": -3.81}, ""gps_data"": {""latitude"": 0, ""longitude"": 0, ""gps_altitude"": 0, ""time"": 213867}, ""alt_data"": {""pressure"": 852.92, ""temperature"": 28.01, ""AGL"": 0.46, ""velocity"": 0, ""kalman_altitude"": 0.45, ""kalman_vertical_velocity"": -8.09}, ""chute_state"": {""pyro1_state"": 0, ""pyro2_state"": 0}, ""connection_status"": {""connected"": true, ""has_ever_connected"": true, ""packet_age_ms"": 0, ""timeout_exceeded"": false, ""rssi"": -83}, ""communication_mode"": ""BEACON"", ""timestamp"": 71079, ""packets_received"": 613, ""kalman_data"": {""altitude"": 0.45, ""vertical_velocity"": -8.09}, ""kalman_altitude"": 0.45, ""kalman_vertical_velocity"": -8.09, ""pyroDrogue"": 0, ""pyroMain"": 0, ""pyro1_state"": 0, ""pyro2_state"": 0}"
1768306835.765312,2026-01-13T15:20:35.765312,2204,0,0,-0.7,0.07,0.65,-44.34,6.12,-9.48,-2.16,-3.26,0,0,0,214066,852.91,28.01,0.56,0,0,0,0,-81,0.56,-8.07,BEACON,"{""record_number"": 2204, ""operation_mode"": 0, ""state"": 0, ""battery_voltage"": 0, ""wifi_rssi"": -81, ""acc_data"": {""ax"": -0.7, ""ay"": 0.07, ""az"": 0.65, ""pitch"": -44.34, ""roll"": 6.12}, ""gyro_data"": {""gx"": -9.48, ""gy"": -2.16, ""gz"": -3.26}, ""gps_data"": {""latitude"": 0, ""longitude"": 0, ""gps_altitude"": 0, ""time"": 214066}, ""alt_data"": {""pressure"": 852.91, ""temperature"": 28.01, ""AGL"": 0.56, ""velocity"": 0, ""kalman_altitude"": 0.56, ""kalman_vertical_velocity"": -8.07}, ""chute_state"": {""pyro1_state"": 0, ""pyro2_state"": 0}, ""connection_status"": {""connected"": true, ""has_ever_connected"": true, ""packet_age_ms"": 0, ""timeout_exceeded"": false, ""rssi"": -81}, ""communication_mode"": ""BEACON"", ""timestamp"": 71188, ""packets_received"": 614, ""kalman_data"": {""altitude"": 0.56, ""vertical_velocity"": -8.07}, ""kalman_altitude"": 0.56, ""kalman_vertical_velocity"": -8.07, ""pyroDrogue"": 0, ""pyroMain"": 0, ""pyro1_state"": 0, ""pyro2_state"": 0}"
1768306835.815311,2026-01-13T15:20:35.815311,2205,0,0,-0.7,0.08,0.63,-44.23,6.86,-8.72,-2.93,-3.35,0,0,0,214066,852.94,28,0.32,0,0,0,0,-82,0.33,-8.12,BEACON,"{""record_number"": 2205, ""operation_mode"": 0, ""state"": 0, ""battery_voltage"": 0, ""wifi_rssi"": -82, ""acc_data"": {""ax"": -0.7, ""ay"": 0.08, ""az"": 0.63, ""pitch"": -44.23, ""roll"": 6.86}, ""gyro_data"": {""gx"": -8.72, ""gy"": -2.93, ""gz"": -3.35}, ""gps_data"": {""latitude"": 0, ""longitude"": 0, ""gps_altitude"": 0, ""time"": 214066}, ""alt_data"": {""pressure"": 852.94, ""temperature"": 28, ""AGL"": 0.32, ""velocity"": 0, ""kalman_altitude"": 0.33, ""kalman_vertical_velocity"": -8.12}, ""chute_state"": {""pyro1_state"": 0, ""pyro2_state"": 0}, ""connection_status"": {""connected"": true, ""has_ever_connected"": true, ""packet_age_ms"": 0, ""timeout_exceeded"": false, ""rssi"": -82}, ""communication_mode"": ""BEACON"", ""timestamp"": 71300, ""packets_received"": 615, ""kalman_data"": {""altitude"": 0.33, ""vertical_velocity"": -8.12}, ""kalman_altitude"": 0.33, ""kalman_vertical_velocity"": -8.12, ""pyroDrogue"": 0, ""pyroMain"": 0, ""pyro1_state"": 0, ""pyro2_state"": 0}"
1768306835.856855,2026-01-13T15:20:35.856855,2206,0,0,-0.71,0.07,0.65,-44.3,6.03,-9.85,-2.32,-3.72,0,0,0,214267,852.87,28.01,0.96,0,0,0,0,-81,0.95,-8,BEACON,"{""record_number"": 2206, ""operation_mode"": 0, ""state"": 0, ""battery_voltage"": 0, ""wifi_rssi"": -81, ""acc_data"": {""ax"": -0.71, ""ay"": 0.07, ""az"": 0.65, ""pitch"": -44.3, ""roll"": 6.03}, ""gyro_data"": {""gx"": -9.85, ""gy"": -2.32, ""gz"": -3.72}, ""gps_data"": {""latitude"": 0, ""longitude"": 0, ""gps_altitude"": 0, ""time"": 214267}, ""alt_data"": {""pressure"": 852.87, ""temperature"": 28.01, ""AGL"": 0.96, ""velocity"": 0, ""kalman_altitude"": 0.95, ""kalman_vertical_velocity"": -8}, ""chute_state"": {""pyro1_state"": 0, ""pyro2_state"": 0}, ""connection_status"": {""connected"": true, ""has_ever_connected"": true, ""packet_age_ms"": 0, ""timeout_exceeded"": false, ""rssi"": -81}, ""communication_mode"": ""BEACON"", ""timestamp"": 71412, ""packets_received"": 616, ""kalman_data"": {""altitude"": 0.95, ""vertical_velocity"": -8}, ""kalman_altitude"": 0.95, ""kalman_vertical_velocity"": -8, ""pyroDrogue"": 0, ""pyroMain"": 0, ""pyro1_state"": 0, ""pyro2_state"": 0}"
1768306835.896317,2026-01-13T15:20:35.896317,2208,0,0,-0.7,0.07,0.65,-44.66,5.68,-8.99,-3.87,-3.41,0,0,0,214467,852.91,28.01,0.6,0,0,0,0,-81,0.6,-8.08,BEACON,"{""record_number"": 2208, ""operation_mode"": 0, ""state"": 0, ""battery_voltage"": 0, ""wifi_rssi"": -81, ""acc_data"": {""ax"": -0.7, ""ay"": 0.07, ""az"": 0.65, ""pitch"": -44.66, ""roll"": 5.68}, ""gyro_data"": {""gx"": -8.99, ""gy"": -3.87, ""gz"": -3.41}, ""gps_data"": {""latitude"": 0, ""longitude"": 0, ""gps_altitude"": 0, ""time"": 214467}, ""alt_data"": {""pressure"": 852.91, ""temperature"": 28.01, ""AGL"": 0.6, ""velocity"": 0, ""kalman_altitude"": 0.6, ""kalman_vertical_velocity"": -8.08}, ""chute_state"": {""pyro1_state"": 0, ""pyro2_state"": 0}, ""connection_status"": {""connected"": true, ""has_ever_connected"": true, ""packet_age_ms"": 0, ""timeout_exceeded"": false, ""rssi"": -81}, ""communication_mode"": ""BEACON"", ""timestamp"": 71525, ""packets_received"": 617, ""kalman_data"": {""altitude"": 0.6, ""vertical_velocity"": -8.08}, ""kalman_altitude"": 0.6, ""kalman_vertical_velocity"": -8.08, ""pyroDrogue"": 0, ""pyroMain"": 0, ""pyro1_state"": 0, ""pyro2_state"": 0}"
1768306835.947311,2026-01-13T15:20:35.947311,2209,0,0,-0.7,0.07,0.64,-44.5,6.6,-8.93,-3.26,-4.05,0,0,0,214467,852.9,28,0.72,0,0,0,0,-80,0.72,-8.06,BEACON,"{""record_number"": 2209, ""operation_mode"": 0, ""state"": 0, ""battery_voltage"": 0, ""wifi_rssi"": -80, ""acc_data"": {""ax"": -0.7, ""ay"": 0.07, ""az"": 0.64, ""pitch"": -44.5, ""roll"": 6.6}, ""gyro_data"": {""gx"": -8.93, ""gy"": -3.26, ""gz"": -4.05}, ""gps_data"": {""latitude"": 0, ""longitude"": 0, ""gps_altitude"": 0, ""time"": 214467}, ""alt_data"": {""pressure"": 852.9, ""temperature"": 28, ""AGL"": 0.72, ""velocity"": 0, ""kalman_altitude"": 0.72, ""kalman_vertical_velocity"": -8.06}, ""chute_state"": {""pyro1_state"": 0, ""pyro2_state"": 0}, ""connection_status"": {""connected"": true, ""has_ever_connected"": true, ""packet_age_ms"": 1, ""timeout_exceeded"": false, ""rssi"": -80}, ""communication_mode"": ""BEACON"", ""timestamp"": 71639, ""packets_received"": 618, ""kalman_data"": {""altitude"": 0.72, ""vertical_velocity"": -8.06}, ""kalman_altitude"": 0.72, ""kalman_vertical_velocity"": -8.06, ""pyroDrogue"": 0, ""pyroMain"": 0, ""pyro1_state"": 0, ""pyro2_state"": 0}"
1768306836.005315,2026-01-13T15:20:36.005315,2210,0,0,-0.7,0.07,0.64,-44.11,5.82,-9.09,-3.11,-3.17,0,0,0,214669,852.96,28.02,0.09,0,0,0,0,-80,0.1,-8.19,BEACON,"{""record_number"": 2210, ""operation_mode"": 0, ""state"": 0, ""battery_voltage"": 0, ""wifi_rssi"": -80, ""acc_data"": {""ax"": -0.7, ""ay"": 0.07, ""az"": 0.64, ""pitch"": -44.11, ""roll"": 5.82}, ""gyro_data"": {""gx"": -9.09, ""gy"": -3.11, ""gz"": -3.17}, ""gps_data"": {""latitude"": 0, ""longitude"": 0, ""gps_altitude"": 0, ""time"": 214669}, ""alt_data"": {""pressure"": 852.96, ""temperature"": 28.02, ""AGL"": 0.09, ""velocity"": 0, ""kalman_altitude"": 0.1, ""kalman_vertical_velocity"": -8.19}, ""chute_state"": {""pyro1_state"": 0, ""pyro2_state"": 0}, ""connection_status"": {""connected"": true, ""has_ever_connected"": true, ""packet_age_ms"": 0, ""timeout_exceeded"": false, ""rssi"": -80}, ""communication_mode"": ""BEACON"", ""timestamp"": 71750, ""packets_received"": 619, ""kalman_data"": {""altitude"": 0.1, ""vertical_velocity"": -8.19}, ""kalman_altitude"": 0.1, ""kalman_vertical_velocity"": -8.19, ""pyroDrogue"": 0, ""pyroMain"": 0, ""pyro1_state"": 0, ""pyro2_state"": 0}"
1768306836.057315,2026-01-13T15:20:36.057315,2212,0,0,-0.7,0.07,0.64,-44.3,6.46,-9.09,-2.8,-3.32,0,0,0,214669,852.89,28.01,0.82,0,0,0,0,-80,0.81,-8.05,BEACON,"{""record_number"": 2212, ""operation_mode"": 0, ""state"": 0, ""battery_voltage"": 0, ""wifi_rssi"": -80, ""acc_data"": {""ax"": -0.7, ""ay"": 0.07, ""az"": 0.64, ""pitch"": -44.3, ""roll"": 6.46}, ""gyro_data"": {""gx"": -9.09, ""gy"": -2.8, ""gz"": -3.32}, ""gps_data"": {""latitude"": 0, ""longitude"": 0, ""gps_altitude"": 0, ""time"": 214669}, ""alt_data"": {""pressure"": 852.89, ""temperature"": 28.01, ""AGL"": 0.82, ""velocity"": 0, ""kalman_altitude"": 0.81, ""kalman_vertical_velocity"": -8.05}, ""chute_state"": {""pyro1_state"": 0, ""pyro2_state"": 0}, ""connection_status"": {""connected"": true, ""has_ever_connected"": true, ""packet_age_ms"": 0, ""timeout_exceeded"": false, ""rssi"": -80}, ""communication_mode"": ""BEACON"", ""timestamp"": 71863, ""packets_received"": 620, ""kalman_data"": {""altitude"": 0.81, ""vertical_velocity"": -8.05}, ""kalman_altitude"": 0.81, ""kalman_vertical_velocity"": -8.05, ""pyroDrogue"": 0, ""pyroMain"": 0, ""pyro1_state"": 0, ""pyro2_state"": 0}"
1768306836.111085,2026-01-13T15:20:36.111085,2213,0,0,-0.7,0.06,0.63,-44.74,6.17,-9.79,-3.51,-2.8,0,0,0,214872,852.87,28,0.97,0,0,0,0,-80,0.96,-8.03,BEACON,"{""record_number"": 2213, ""operation_mode"": 0, ""state"": 0, ""battery_voltage"": 0, ""wifi_rssi"": -80, ""acc_data"": {""ax"": -0.7, ""ay"": 0.06, ""az"": 0.63, ""pitch"": -44.74, ""roll"": 6.17}, ""gyro_data"": {""gx"": -9.79, ""gy"": -3.51, ""gz"": -2.8}, ""gps_data"": {""latitude"": 0, ""longitude"": 0, ""gps_altitude"": 0, ""time"": 214872}, ""alt_data"": {""pressure"": 852.87, ""temperature"": 28, ""AGL"": 0.97, ""velocity"": 0, ""kalman_altitude"": 0.96, ""kalman_vertical_velocity"": -8.03}, ""chute_state"": {""pyro1_state"": 0, ""pyro2_state"": 0}, ""connection_status"": {""connected"": true, ""has_ever_connected"": true, ""packet_age_ms"": 0, ""timeout_exceeded"": false, ""rssi"": -80}, ""communication_mode"": ""BEACON"", ""timestamp"": 71976, ""packets_received"": 621, ""kalman_data"": {""altitude"": 0.96, ""vertical_velocity"": -8.03}, ""kalman_altitude"": 0.96, ""kalman_vertical_velocity"": -8.03, ""pyroDrogue"": 0, ""pyroMain"": 0, ""pyro1_state"": 0, ""pyro2_state"": 0}"
1768306836.159417,2026-01-13T15:20:36.159417,2214,0,0,-0.7,0.07,0.64,-44.15,6.22,-9.63,-2.59,-4.05,0,0,0,214872,852.87,28,0.97,0,0,0,0,-80,0.97,-8.03,BEACON,"{""record_number"": 2214, ""operation_mode"": 0, ""state"": 0, ""battery_voltage"": 0, ""wifi_rssi"": -80, ""acc_data"": {""ax"": -0.7, ""ay"": 0.07, ""az"": 0.64, ""pitch"": -44.15, ""roll"": 6.22}, ""gyro_data"": {""gx"": -9.63, ""gy"": -2.59, ""gz"": -4.05}, ""gps_data"": {""latitude"": 0, ""longitude"": 0, ""gps_altitude"": 0, ""time"": 214872}, ""alt_data"": {""pressure"": 852.87, ""temperature"": 28, ""AGL"": 0.97, ""velocity"": 0, ""kalman_altitude"": 0.97, ""kalman_vertical_velocity"": -8.03}, ""chute_state"": {""pyro1_state"": 0, ""pyro2_state"": 0}, ""connection_status"": {""connected"": true, ""has_ever_connected"": true, ""packet_age_ms"": 0, ""timeout_exceeded"": false, ""rssi"": -80}, ""communication_mode"": ""BEACON"", ""timestamp"": 72089, ""packets_received"": 622, ""kalman_data"": {""altitude"": 0.97, ""vertical_velocity"": -8.03}, ""kalman_altitude"": 0.97, ""kalman_vertical_velocity"": -8.03, ""pyroDrogue"": 0, ""pyroMain"": 0, ""pyro1_state"": 0, ""pyro2_state"": 0}"
1768306836.198414,2026-01-13T15:20:36.198414,2216,0,0,-0.7,0.07,0.65,-44.11,6.75,-9.51,-3.05,-2.77,0,0,0,215072,852.92,28.01,0.5,0,0,0,0,-80,0.5,-8.13,BEACON,"{""record_number"": 2216, ""operation_mode"": 0, ""state"": 0, ""battery_voltage"": 0, ""wifi_rssi"": -80, ""acc_data"": {""ax"": -0.7, ""ay"": 0.07, ""az"": 0.65, ""pitch"": -44.11, ""roll"": 6.75}, ""gyro_data"": {""gx"": -9.51, ""gy"": -3.05, ""gz"": -2.77}, ""gps_data"": {""latitude"": 0, ""longitude"": 0, ""gps_altitude"": 0, ""time"": 215072}, ""alt_data"": {""pressure"": 852.92, ""temperature"": 28.01, ""AGL"": 0.5, ""velocity"": 0, ""kalman_altitude"": 0.5, ""kalman_vertical_velocity"": -8.13}, ""chute_state"": {""pyro1_state"": 0, ""pyro2_state"": 0}, ""connection_status"": {""connected"": true, ""has_ever_connected"": true, ""packet_age_ms"": 0, ""timeout_exceeded"": false, ""rssi"": -80}, ""communication_mode"": ""BEACON"", ""timestamp"": 72202, ""packets_received"": 623, ""kalman_data"": {""altitude"": 0.5, ""vertical_velocity"": -8.13}, ""kalman_altitude"": 0.5, ""kalman_vertical_velocity"": -8.13, ""pyroDrogue"": 0, ""pyroMain"": 0, ""pyro1_state"": 0, ""pyro2_state"": 0}"
1768306836.260415,2026-01-13T15:20:36.260415,2217,0,0,-0.7,0.07,0.64,-44.11,6.12,-9.27,-3.17,-3.87,0,0,0,215271,852.89,28,0.79,0,0,0,0,-80,0.79,-8.08,BEACON,"{""record_number"": 2217, ""operation_mode"": 0, ""state"": 0, ""battery_voltage"": 0, ""wifi_rssi"": -80, ""acc_data"": {""ax"": -0.7, ""ay"": 0.07, ""az"": 0.64, ""pitch"": -44.11, ""roll"": 6.12}, ""gyro_data"": {""gx"": -9.27, ""gy"": -3.17, ""gz"": -3.87}, ""gps_data"": {""latitude"": 0, ""longitude"": 0, ""gps_altitude"": 0, ""time"": 215271}, ""alt_data"": {""pressure"": 852.89, ""temperature"": 28, ""AGL"": 0.79, ""velocity"": 0, ""kalman_altitude"": 0.79, ""kalman_vertical_velocity"": -8.08}, ""chute_state"": {""pyro1_state"": 0, ""pyro2_state"": 0}, ""connection_status"": {""connected"": true, ""has_ever_connected"": true, ""packet_age_ms"": 0, ""timeout_exceeded"": false, ""rssi"": -80}, ""communication_mode"": ""BEACON"", ""timestamp"": 72314, ""packets_received"": 624, ""kalman_data"": {""altitude"": 0.79, ""vertical_velocity"": -8.08}, ""kalman_altitude"": 0.79, ""kalman_vertical_velocity"": -8.08, ""pyroDrogue"": 0, ""pyroMain"": 0, ""pyro1_state"": 0, ""pyro2_state"": 0}"
1768306836.332415,2026-01-13T15:20:36.332415,2218,0,0,-0.69,0.07,0.63,-44.15,6.22,-9.33,-4.02,-3.63,0,0,0,215271,852.89,28,0.83,0,0,0,0,-80,0.83,-8.07,BEACON,"{""record_number"": 2218, ""operation_mode"": 0, ""state"": 0, ""battery_voltage"": 0, ""wifi_rssi"": -80, ""acc_data"": {""ax"": -0.69, ""ay"": 0.07, ""az"": 0.63, ""pitch"": -44.15, ""roll"": 6.22}, ""gyro_data"": {""gx"": -9.33, ""gy"": -4.02, ""gz"": -3.63}, ""gps_data"": {""latitude"": 0, ""longitude"": 0, ""gps_altitude"": 0, ""time"": 215271}, ""alt_data"": {""pressure"": 852.89, ""temperature"": 28, ""AGL"": 0.83, ""velocity"": 0, ""kalman_altitude"": 0.83, ""kalman_vertical_velocity"": -8.07}, ""chute_state"": {""pyro1_state"": 0, ""pyro2_state"": 0}, ""connection_status"": {""connected"": true, ""has_ever_connected"": true, ""packet_age_ms"": 1, ""timeout_exceeded"": false, ""rssi"": -80}, ""communication_mode"": ""BEACON"", ""timestamp"": 72427, ""packets_received"": 625, ""kalman_data"": {""altitude"": 0.83, ""vertical_velocity"": -8.07}, ""kalman_altitude"": 0.83, ""kalman_vertical_velocity"": -8.07, ""pyroDrogue"": 0, ""pyroMain"": 0, ""pyro1_state"": 0, ""pyro2_state"": 0}"
1768306836.412414,2026-01-13T15:20:36.412414,2220,0,0,-0.7,0.08,0.64,-44.46,6.22,-9.73,-2.93,-2.93,0,0,0,215472,852.93,28,0.36,0,0,0,0,-80,0.37,-8.17,BEACON,"{""record_number"": 2220, ""operation_mode"": 0, ""state"": 0, ""battery_voltage"": 0, ""wifi_rssi"": -80, ""acc_data"": {""ax"": -0.7, ""ay"": 0.08, ""az"": 0.64, ""pitch"": -44.46, ""roll"": 6.22}, ""gyro_data"": {""gx"": -9.73, ""gy"": -2.93, ""gz"": -2.93}, ""gps_data"": {""latitude"": 0, ""longitude"": 0, ""gps_altitude"": 0, ""time"": 215472}, ""alt_data"": {""pressure"": 852.93, ""temperature"": 28, ""AGL"": 0.36, ""velocity"": 0, ""kalman_altitude"": 0.37, ""kalman_vertical_velocity"": -8.17}, ""chute_state"": {""pyro1_state"": 0, ""pyro2_state"": 0}, ""connection_status"": {""connected"": true, ""has_ever_connected"": true, ""packet_age_ms"": 1, ""timeout_exceeded"": false, ""rssi"": -80}, ""communication_mode"": ""BEACON"", ""timestamp"": 72539, ""packets_received"": 626, ""kalman_data"": {""altitude"": 0.37, ""vertical_velocity"": -8.17}, ""kalman_altitude"": 0.37, ""kalman_vertical_velocity"": -8.17, ""pyroDrogue"": 0, ""pyroMain"": 0, ""pyro1_state"": 0, ""pyro2_state"": 0}"
1768306836.454419,2026-01-13T15:20:36.454419,2221,0,0,-0.7,0.07,0.65,-44.23,6.53,-9.27,-3.32,-2.93,0,0,0,215472,852.92,28.01,0.49,0,0,0,0,-79,0.49,-8.15,BEACON,"{""record_number"": 2221, ""operation_mode"": 0, ""state"": 0, ""battery_voltage"": 0, ""wifi_rssi"": -79, ""acc_data"": {""ax"": -0.7, ""ay"": 0.07, ""az"": 0.65, ""pitch"": -44.23, ""roll"": 6.53}, ""gyro_data"": {""gx"": -9.27, ""gy"": -3.32, ""gz"": -2.93}, ""gps_data"": {""latitude"": 0, ""longitude"": 0, ""gps_altitude"": 0, ""time"": 215472}, ""alt_data"": {""pressure"": 852.92, ""temperature"": 28.01, ""AGL"": 0.49, ""velocity"": 0, ""kalman_altitude"": 0.49, ""kalman_vertical_velocity"": -8.15}, ""chute_state"": {""pyro1_state"": 0, ""pyro2_state"": 0}, ""connection_status"": {""connected"": true, ""has_ever_connected"": true, ""packet_age_ms"": 0, ""timeout_exceeded"": false, ""rssi"": -79}, ""communication_mode"": ""BEACON"", ""timestamp"": 72652, ""packets_received"": 627, ""kalman_data"": {""altitude"": 0.49, ""vertical_velocity"": -8.15}, ""kalman_altitude"": 0.49, ""kalman_vertical_velocity"": -8.15, ""pyroDrogue"": 0, ""pyroMain"": 0, ""pyro1_state"": 0, ""pyro2_state"": 0}"
1768306836.510416,2026-01-13T15:20:36.510416,2222,0,0,-0.7,0.07,0.65,-44.07,6.74,-9.48,-2.9,-4.18,0,0,0,215677,852.92,28,0.54,0,0,0,0,-81,0.54,-8.15,BEACON,"{""record_number"": 2222, ""operation_mode"": 0, ""state"": 0, ""battery_voltage"": 0, ""wifi_rssi"": -81, ""acc_data"": {""ax"": -0.7, ""ay"": 0.07, ""az"": 0.65, ""pitch"": -44.07, ""roll"": 6.74}, ""gyro_data"": {""gx"": -9.48, ""gy"": -2.9, ""gz"": -4.18}, ""gps_data"": {""latitude"": 0, ""longitude"": 0, ""gps_altitude"": 0, ""time"": 215677}, ""alt_data"": {""pressure"": 852.92, ""temperature"": 28, ""AGL"": 0.54, ""velocity"": 0, ""kalman_altitude"": 0.54, ""kalman_vertical_velocity"": -8.15}, ""chute_state"": {""pyro1_state"": 0, ""pyro2_state"": 0}, ""connection_status"": {""connected"": true, ""has_ever_connected"": true, ""packet_age_ms"": 0, ""timeout_exceeded"": false, ""rssi"": -81}, ""communication_mode"": ""BEACON"", ""timestamp"": 72769, ""packets_received"": 628, ""kalman_data"": {""altitude"": 0.54, ""vertical_velocity"": -8.15}, ""kalman_altitude"": 0.54, ""kalman_vertical_velocity"": -8.15, ""pyroDrogue"": 0, ""pyroMain"": 0, ""pyro1_state"": 0, ""pyro2_state"": 0}"
1768306836.561415,2026-01-13T15:20:36.561415,2223,0,0,-0.69,0.07,0.64,-44.54,6.21,-9.7,-2.87,-3.63,0,0,0,215677,852.87,28.01,1,0,0,0,0,-80,0.99,-8.06,BEACON,"{""record_number"": 2223, ""operation_mode"": 0, ""state"": 0, ""battery_voltage"": 0, ""wifi_rssi"": -80, ""acc_data"": {""ax"": -0.69, ""ay"": 0.07, ""az"": 0.64, ""pitch"": -44.54, ""roll"": 6.21}, ""gyro_data"": {""gx"": -9.7, ""gy"": -2.87, ""gz"": -3.63}, ""gps_data"": {""latitude"": 0, ""longitude"": 0, ""gps_altitude"": 0, ""time"": 215677}, ""alt_data"": {""pressure"": 852.87, ""temperature"": 28.01, ""AGL"": 1, ""velocity"": 0, ""kalman_altitude"": 0.99, ""kalman_vertical_velocity"": -8.06}, ""chute_state"": {""pyro1_state"": 0, ""pyro2_state"": 0}, ""connection_status"": {""connected"": true, ""has_ever_connected"": true, ""packet_age_ms"": 0, ""timeout_exceeded"": false, ""rssi"": -80}, ""communication_mode"": ""BEACON"", ""timestamp"": 72878, ""packets_received"": 629, ""kalman_data"": {""altitude"": 0.99, ""vertical_velocity"": -8.06}, ""kalman_altitude"": 0.99, ""kalman_vertical_velocity"": -8.06, ""pyroDrogue"": 0, ""pyroMain"": 0, ""pyro1_state"": 0, ""pyro2_state"": 0}"
1768306836.61043,2026-01-13T15:20:36.610430,2225,0,0,-0.7,0.07,0.63,-44.23,6.48,-9.73,-3.57,-2.99,0,0,0,215880,852.9,28.01,0.68,0,0,0,0,-79,0.68,-8.13,BEACON,"{""record_number"": 2225, ""operation_mode"": 0, ""state"": 0, ""battery_voltage"": 0, ""wifi_rssi"": -79, ""acc_data"": {""ax"": -0.7, ""ay"": 0.07, ""az"": 0.63, ""pitch"": -44.23, ""roll"": 6.48}, ""gyro_data"": {""gx"": -9.73, ""gy"": -3.57, ""gz"": -2.99}, ""gps_data"": {""latitude"": 0, ""longitude"": 0, ""gps_altitude"": 0, ""time"": 215880}, ""alt_data"": {""pressure"": 852.9, ""temperature"": 28.01, ""AGL"": 0.68, ""velocity"": 0, ""kalman_altitude"": 0.68, ""kalman_vertical_velocity"": -8.13}, ""chute_state"": {""pyro1_state"": 0, ""pyro2_state"": 0}, ""connection_status"": {""connected"": true, ""has_ever_connected"": true, ""packet_age_ms"": 0, ""timeout_exceeded"": false, ""rssi"": -79}, ""communication_mode"": ""BEACON"", ""timestamp"": 72991, ""packets_received"": 630, ""kalman_data"": {""altitude"": 0.68, ""vertical_velocity"": -8.13}, ""kalman_altitude"": 0.68, ""kalman_vertical_velocity"": -8.13, ""pyroDrogue"": 0, ""pyroMain"": 0, ""pyro1_state"": 0, ""pyro2_state"": 0}"
1768306836.658868,2026-01-13T15:20:36.658868,2226,0,0,-0.7,0.07,0.64,-44.74,6.13,-9.24,-3.11,-3.29,0,0,0,215880,852.87,28,1.01,0,0,0,0,-80,1,-8.07,BEACON,"{""record_number"": 2226, ""operation_mode"": 0, ""state"": 0, ""battery_voltage"": 0, ""wifi_rssi"": -80, ""acc_data"": {""ax"": -0.7, ""ay"": 0.07, ""az"": 0.64, ""pitch"": -44.74, ""roll"": 6.13}, ""gyro_data"": {""gx"": -9.24, ""gy"": -3.11, ""gz"": -3.29}, ""gps_data"": {""latitude"": 0, ""longitude"": 0, ""gps_altitude"": 0, ""time"": 215880}, ""alt_data"": {""pressure"": 852.87, ""temperature"": 28, ""AGL"": 1.01, ""velocity"": 0, ""kalman_altitude"": 1, ""kalman_vertical_velocity"": -8.07}, ""chute_state"": {""pyro1_state"": 0, ""pyro2_state"": 0}, ""connection_status"": {""connected"": true, ""has_ever_connected"": true, ""packet_age_ms"": 0, ""timeout_exceeded"": false, ""rssi"": -80}, ""communication_mode"": ""BEACON"", ""timestamp"": 73103, ""packets_received"": 631, ""kalman_data"": {""altitude"": 1, ""vertical_velocity"": -8.07}, ""kalman_altitude"": 1, ""kalman_vertical_velocity"": -8.07, ""pyroDrogue"": 0, ""pyroMain"": 0, ""pyro1_state"": 0, ""pyro2_state"": 0}"
1768306836.705868,2026-01-13T15:20:36.705868,2227,0,0,-0.7,0.07,0.64,-44.27,6.24,-8.48,-3.08,-3.78,0,0,0,216080,852.93,28,0.43,0,0,0,0,-81,0.44,-8.19,BEACON,"{""record_number"": 2227, ""operation_mode"": 0, ""state"": 0, ""battery_voltage"": 0, ""wifi_rssi"": -81, ""acc_data"": {""ax"": -0.7, ""ay"": 0.07, ""az"": 0.64, ""pitch"": -44.27, ""roll"": 6.24}, ""gyro_data"": {""gx"": -8.48, ""gy"": -3.08, ""gz"": -3.78}, ""gps_data"": {""latitude"": 0, ""longitude"": 0, ""gps_altitude"": 0, ""time"": 216080}, ""alt_data"": {""pressure"": 852.93, ""temperature"": 28, ""AGL"": 0.43, ""velocity"": 0, ""kalman_altitude"": 0.44, ""kalman_vertical_velocity"": -8.19}, ""chute_state"": {""pyro1_state"": 0, ""pyro2_state"": 0}, ""connection_status"": {""connected"": true, ""has_ever_connected"": true, ""packet_age_ms"": 0, ""timeout_exceeded"": false, ""rssi"": -81}, ""communication_mode"": ""BEACON"", ""timestamp"": 73216, ""packets_received"": 632, ""kalman_data"": {""altitude"": 0.44, ""vertical_velocity"": -8.19}, ""kalman_altitude"": 0.44, ""kalman_vertical_velocity"": -8.19, ""pyroDrogue"": 0, ""pyroMain"": 0, ""pyro1_state"": 0, ""pyro2_state"": 0}"
1768306836.780865,2026-01-13T15:20:36.780865,2229,0,0,-0.7,0.07,0.65,-44.27,6.52,-8.63,-3.05,-3.66,0,0,0,216280,852.88,28,0.9,0,0,0,0,-80,0.9,-8.1,BEACON,"{""record_number"": 2229, ""operation_mode"": 0, ""state"": 0, ""battery_voltage"": 0, ""wifi_rssi"": -80, ""acc_data"": {""ax"": -0.7, ""ay"": 0.07, ""az"": 0.65, ""pitch"": -44.27, ""roll"": 6.52}, ""gyro_data"": {""gx"": -8.63, ""gy"": -3.05, ""gz"": -3.66}, ""gps_data"": {""latitude"": 0, ""longitude"": 0, ""gps_altitude"": 0, ""time"": 216280}, ""alt_data"": {""pressure"": 852.88, ""temperature"": 28, ""AGL"": 0.9, ""velocity"": 0, ""kalman_altitude"": 0.9, ""kalman_vertical_velocity"": -8.1}, ""chute_state"": {""pyro1_state"": 0, ""pyro2_state"": 0}, ""connection_status"": {""connected"": true, ""has_ever_connected"": true, ""packet_age_ms"": 1, ""timeout_exceeded"": false, ""rssi"": -80}, ""communication_mode"": ""BEACON"", ""timestamp"": 73329, ""packets_received"": 633, ""kalman_data"": {""altitude"": 0.9, ""vertical_velocity"": -8.1}, ""kalman_altitude"": 0.9, ""kalman_vertical_velocity"": -8.1, ""pyroDrogue"": 0, ""pyroMain"": 0, ""pyro1_state"": 0, ""pyro2_state"": 0}"
1768306836.843868,2026-01-13T15:20:36.843868,2230,0,0,-0.7,0.08,0.64,-44.42,6.23,-9.27,-2.77,-3.63,0,0,0,216280,852.9,28,0.68,0,0,0,0,-80,0.69,-8.15,BEACON,"{""record_number"": 2230, ""operation_mode"": 0, ""state"": 0, ""battery_voltage"": 0, ""wifi_rssi"": -80, ""acc_data"": {""ax"": -0.7, ""ay"": 0.08, ""az"": 0.64, ""pitch"": -44.42, ""roll"": 6.23}, ""gyro_data"": {""gx"": -9.27, ""gy"": -2.77, ""gz"": -3.63}, ""gps_data"": {""latitude"": 0, ""longitude"": 0, ""gps_altitude"": 0, ""time"": 216280}, ""alt_data"": {""pressure"": 852.9, ""temperature"": 28, ""AGL"": 0.68, ""velocity"": 0, ""kalman_altitude"": 0.69, ""kalman_vertical_velocity"": -8.15}, ""chute_state"": {""pyro1_state"": 0, ""pyro2_state"": 0}, ""connection_status"": {""connected"": true, ""has_ever_connected"": true, ""packet_age_ms"": 1, ""timeout_exceeded"": false, ""rssi"": -80}, ""communication_mode"": ""BEACON"", ""timestamp"": 73441, ""packets_received"": 634, ""kalman_data"": {""altitude"": 0.69, ""vertical_velocity"": -8.15}, ""kalman_altitude"": 0.69, ""kalman_vertical_velocity"": -8.15, ""pyroDrogue"": 0, ""pyroMain"": 0, ""pyro1_state"": 0, ""pyro2_state"": 0}"
1768306836.907865,2026-01-13T15:20:36.907865,2231,0,0,-0.7,0.07,0.64,-44.19,6.9,-8.99,-3.75,-3.45,0,0,0,216479,852.88,28.01,0.86,0,0,0,0,-80,0.85,-8.12,BEACON,"{""record_number"": 2231, ""operation_mode"": 0, ""state"": 0, ""battery_voltage"": 0, ""wifi_rssi"": -80, ""acc_data"": {""ax"": -0.7, ""ay"": 0.07, ""az"": 0.64, ""pitch"": -44.19, ""roll"": 6.9}, ""gyro_data"": {""gx"": -8.99, ""gy"": -3.75, ""gz"": -3.45}, ""gps_data"": {""latitude"": 0, ""longitude"": 0, ""gps_altitude"": 0, ""time"": 216479}, ""alt_data"": {""pressure"": 852.88, ""temperature"": 28.01, ""AGL"": 0.86, ""velocity"": 0, ""kalman_altitude"": 0.85, ""kalman_vertical_velocity"": -8.12}, ""chute_state"": {""pyro1_state"": 0, ""pyro2_state"": 0}, ""connection_status"": {""connected"": true, ""has_ever_connected"": true, ""packet_age_ms"": 0, ""timeout_exceeded"": false, ""rssi"": -80}, ""communication_mode"": ""BEACON"", ""timestamp"": 73552, ""packets_received"": 635, ""kalman_data"": {""altitude"": 0.85, ""vertical_velocity"": -8.12}, ""kalman_altitude"": 0.85, ""kalman_vertical_velocity"": -8.12, ""pyroDrogue"": 0, ""pyroMain"": 0, ""pyro1_state"": 0, ""pyro2_state"": 0}"
1768306836.959864,2026-01-13T15:20:36.959864,2233,0,0,-0.7,0.07,0.63,-44.38,6.12,-8.45,-3.41,-4.48,0,0,0,216479,852.88,28,0.93,0,0,0,0,-80,0.93,-8.11,BEACON,"{""record_number"": 2233, ""operation_mode"": 0, ""state"": 0, ""battery_voltage"": 0, ""wifi_rssi"": -80, ""acc_data"": {""ax"": -0.7, ""ay"": 0.07, ""az"": 0.63, ""pitch"": -44.38, ""roll"": 6.12}, ""gyro_data"": {""gx"": -8.45, ""gy"": -3.41, ""gz"": -4.48}, ""gps_data"": {""latitude"": 0, ""longitude"": 0, ""gps_altitude"": 0, ""time"": 216479}, ""alt_data"": {""pressure"": 852.88, ""temperature"": 28, ""AGL"": 0.93, ""velocity"": 0, ""kalman_altitude"": 0.93, ""kalman_vertical_velocity"": -8.11}, ""chute_state"": {""pyro1_state"": 0, ""pyro2_state"": 0}, ""connection_status"": {""connected"": true, ""has_ever_connected"": true, ""packet_age_ms"": 0, ""timeout_exceeded"": false, ""rssi"": -80}, ""communication_mode"": ""BEACON"", ""timestamp"": 73665, ""packets_received"": 636, ""kalman_data"": {""altitude"": 0.93, ""vertical_velocity"": -8.11}, ""kalman_altitude"": 0.93, ""kalman_vertical_velocity"": -8.11, ""pyroDrogue"": 0, ""pyroMain"": 0, ""pyro1_state"": 0, ""pyro2_state"": 0}"
1768306837.013864,2026-01-13T15:20:37.013864,2234,0,0,-0.7,0.08,0.64,-44.62,6.17,-9.27,-3.75,-3.87,0,0,0,216683,852.89,28,0.83,0,0,0,0,-81,0.83,-8.14,BEACON,"{""record_number"": 2234, ""operation_mode"": 0, ""state"": 0, ""battery_voltage"": 0, ""wifi_rssi"": -81, ""acc_data"": {""ax"": -0.7, ""ay"": 0.08, ""az"": 0.64, ""pitch"": -44.62, ""roll"": 6.17}, ""gyro_data"": {""gx"": -9.27, ""gy"": -3.75, ""gz"": -3.87}, ""gps_data"": {""latitude"": 0, ""longitude"": 0, ""gps_altitude"": 0, ""time"": 216683}, ""alt_data"": {""pressure"": 852.89, ""temperature"": 28, ""AGL"": 0.83, ""velocity"": 0, ""kalman_altitude"": 0.83, ""kalman_vertical_velocity"": -8.14}, ""chute_state"": {""pyro1_state"": 0, ""pyro2_state"": 0}, ""connection_status"": {""connected"": true, ""has_ever_connected"": true, ""packet_age_ms"": 0, ""timeout_exceeded"": false, ""rssi"": -81}, ""communication_mode"": ""BEACON"", ""timestamp"": 73778, ""packets_received"": 637, ""kalman_data"": {""altitude"": 0.83, ""vertical_velocity"": -8.14}, ""kalman_altitude"": 0.83, ""kalman_vertical_velocity"": -8.14, ""pyroDrogue"": 0, ""pyroMain"": 0, ""pyro1_state"": 0, ""pyro2_state"": 0}"
1768306837.096864,2026-01-13T15:20:37.096864,2235,0,0,-0.7,0.07,0.64,-44.23,6.25,-8.45,-2.84,-3.45,0,0,0,216683,852.86,27.99,1.13,0,0,0,0,-80,1.12,-8.08,BEACON,"{""record_number"": 2235, ""operation_mode"": 0, ""state"": 0, ""battery_voltage"": 0, ""wifi_rssi"": -80, ""acc_data"": {""ax"": -0.7, ""ay"": 0.07, ""az"": 0.64, ""pitch"": -44.23, ""roll"": 6.25}, ""gyro_data"": {""gx"": -8.45, ""gy"": -2.84, ""gz"": -3.45}, ""gps_data"": {""latitude"": 0, ""longitude"": 0, ""gps_altitude"": 0, ""time"": 216683}, ""alt_data"": {""pressure"": 852.86, ""temperature"": 27.99, ""AGL"": 1.13, ""velocity"": 0, ""kalman_altitude"": 1.12, ""kalman_vertical_velocity"": -8.08}, ""chute_state"": {""pyro1_state"": 0, ""pyro2_state"": 0}, ""connection_status"": {""connected"": true, ""has_ever_connected"": true, ""packet_age_ms"": 0, ""timeout_exceeded"": false, ""rssi"": -80}, ""communication_mode"": ""BEACON"", ""timestamp"": 73891, ""packets_received"": 638, ""kalman_data"": {""altitude"": 1.12, ""vertical_velocity"": -8.08}, ""kalman_altitude"": 1.12, ""kalman_vertical_velocity"": -8.08, ""pyroDrogue"": 0, ""pyroMain"": 0, ""pyro1_state"": 0, ""pyro2_state"": 0}"
1768306837.144618,2026-01-13T15:20:37.144618,2237,0,0,-0.7,0.07,0.64,-44.58,6.42,-9.09,-2.9,-3.02,0,0,0,216884,852.88,28.01,0.89,0,0,0,0,-80,0.89,-8.13,BEACON,"{""record_number"": 2237, ""operation_mode"": 0, ""state"": 0, ""battery_voltage"": 0, ""wifi_rssi"": -80, ""acc_data"": {""ax"": -0.7, ""ay"": 0.07, ""az"": 0.64, ""pitch"": -44.58, ""roll"": 6.42}, ""gyro_data"": {""gx"": -9.09, ""gy"": -2.9, ""gz"": -3.02}, ""gps_data"": {""latitude"": 0, ""longitude"": 0, ""gps_altitude"": 0, ""time"": 216884}, ""alt_data"": {""pressure"": 852.88, ""temperature"": 28.01, ""AGL"": 0.89, ""velocity"": 0, ""kalman_altitude"": 0.89, ""kalman_vertical_velocity"": -8.13}, ""chute_state"": {""pyro1_state"": 0, ""pyro2_state"": 0}, ""connection_status"": {""connected"": true, ""has_ever_connected"": true, ""packet_age_ms"": 0, ""timeout_exceeded"": false, ""rssi"": -80}, ""communication_mode"": ""BEACON"", ""timestamp"": 74003, ""packets_received"": 639, ""kalman_data"": {""altitude"": 0.89, ""vertical_velocity"": -8.13}, ""kalman_altitude"": 0.89, ""kalman_vertical_velocity"": -8.13, ""pyroDrogue"": 0, ""pyroMain"": 0, ""pyro1_state"": 0, ""pyro2_state"": 0}"
1768306837.20454,2026-01-13T15:20:37.204540,2238,0,0,-0.7,0.07,0.65,-44.23,6.38,-9.51,-3.23,-3.29,0,0,0,216884,852.88,28,0.9,0,0,0,0,-80,0.9,-8.14,BEACON,"{""record_number"": 2238, ""operation_mode"": 0, ""state"": 0, ""battery_voltage"": 0, ""wifi_rssi"": -80, ""acc_data"": {""ax"": -0.7, ""ay"": 0.07, ""az"": 0.65, ""pitch"": -44.23, ""roll"": 6.38}, ""gyro_data"": {""gx"": -9.51, ""gy"": -3.23, ""gz"": -3.29}, ""gps_data"": {""latitude"": 0, ""longitude"": 0, ""gps_altitude"": 0, ""time"": 216884}, ""alt_data"": {""pressure"": 852.88, ""temperature"": 28, ""AGL"": 0.9, ""velocity"": 0, ""kalman_altitude"": 0.9, ""kalman_vertical_velocity"": -8.14}, ""chute_state"": {""pyro1_state"": 0, ""pyro2_state"": 0}, ""connection_status"": {""connected"": true, ""has_ever_connected"": true, ""packet_age_ms"": 0, ""timeout_exceeded"": false, ""rssi"": -80}, ""communication_mode"": ""BEACON"", ""timestamp"": 74116, ""packets_received"": 640, ""kalman_data"": {""altitude"": 0.9, ""vertical_velocity"": -8.14}, ""kalman_altitude"": 0.9, ""kalman_vertical_velocity"": -8.14, ""pyroDrogue"": 0, ""pyroMain"": 0, ""pyro1_state"": 0, ""pyro2_state"": 0}"
1768306837.256541,2026-01-13T15:20:37.256541,2239,0,0,-0.7,0.07,0.64,-44.23,6.25,-8.66,-3.02,-3.45,0,0,0,217084,852.89,28,0.75,0,0,0,0,-80,0.76,-8.17,BEACON,"{""record_number"": 2239, ""operation_mode"": 0, ""state"": 0, ""battery_voltage"": 0, ""wifi_rssi"": -80, ""acc_data"": {""ax"": -0.7, ""ay"": 0.07, ""az"": 0.64, ""pitch"": -44.23, ""roll"": 6.25}, ""gyro_data"": {""gx"": -8.66, ""gy"": -3.02, ""gz"": -3.45}, ""gps_data"": {""latitude"": 0, ""longitude"": 0, ""gps_altitude"": 0, ""time"": 217084}, ""alt_data"": {""pressure"": 852.89, ""temperature"": 28, ""AGL"": 0.75, ""velocity"": 0, ""kalman_altitude"": 0.76, ""kalman_vertical_velocity"": -8.17}, ""chute_state"": {""pyro1_state"": 0, ""pyro2_state"": 0}, ""connection_status"": {""connected"": true, ""has_ever_connected"": true, ""packet_age_ms"": 0, ""timeout_exceeded"": false, ""rssi"": -80}, ""communication_mode"": ""BEACON"", ""timestamp"": 74229, ""packets_received"": 641, ""kalman_data"": {""altitude"": 0.76, ""vertical_velocity"": -8.17}, ""kalman_altitude"": 0.76, ""kalman_vertical_velocity"": -8.17, ""pyroDrogue"": 0, ""pyroMain"": 0, ""pyro1_state"": 0, ""pyro2_state"": 0}"
1768306837.29754,2026-01-13T15:20:37.297540,2241,0,0,-0.7,0.07,0.64,-44.23,6.15,-9.36,-2.56,-4.02,0,0,0,217284,852.89,28,0.83,0,0,0,0,-80,0.82,-8.16,BEACON,"{""record_number"": 2241, ""operation_mode"": 0, ""state"": 0, ""battery_voltage"": 0, ""wifi_rssi"": -80, ""acc_data"": {""ax"": -0.7, ""ay"": 0.07, ""az"": 0.64, ""pitch"": -44.23, ""roll"": 6.15}, ""gyro_data"": {""gx"": -9.36, ""gy"": -2.56, ""gz"": -4.02}, ""gps_data"": {""latitude"": 0, ""longitude"": 0, ""gps_altitude"": 0, ""time"": 217284}, ""alt_data"": {""pressure"": 852.89, ""temperature"": 28, ""AGL"": 0.83, ""velocity"": 0, ""kalman_altitude"": 0.82, ""kalman_vertical_velocity"": -8.16}, ""chute_state"": {""pyro1_state"": 0, ""pyro2_state"": 0}, ""connection_status"": {""connected"": true, ""has_ever_connected"": true, ""packet_age_ms"": 0, ""timeout_exceeded"": false, ""rssi"": -80}, ""communication_mode"": ""BEACON"", ""timestamp"": 74341, ""packets_received"": 642, ""kalman_data"": {""altitude"": 0.82, ""vertical_velocity"": -8.16}, ""kalman_altitude"": 0.82, ""kalman_vertical_velocity"": -8.16, ""pyroDrogue"": 0, ""pyroMain"": 0, ""pyro1_state"": 0, ""pyro2_state"": 0}"
1768306837.331539,2026-01-13T15:20:37.331539,2242,0,0,-0.71,0.06,0.64,-44.42,5.55,-9.27,-2.8,-4.3,0,0,0,217284,852.9,28,0.65,0,0,0,0,-80,0.66,-8.2,BEACON,"{""record_number"": 2242, ""operation_mode"": 0, ""state"": 0, ""battery_voltage"": 0, ""wifi_rssi"": -80, ""acc_data"": {""ax"": -0.71, ""ay"": 0.06, ""az"": 0.64, ""pitch"": -44.42, ""roll"": 5.55}, ""gyro_data"": {""gx"": -9.27, ""gy"": -2.8, ""gz"": -4.3}, ""gps_data"": {""latitude"": 0, ""longitude"": 0, ""gps_altitude"": 0, ""time"": 217284}, ""alt_data"": {""pressure"": 852.9, ""temperature"": 28, ""AGL"": 0.65, ""velocity"": 0, ""kalman_altitude"": 0.66, ""kalman_vertical_velocity"": -8.2}, ""chute_state"": {""pyro1_state"": 0, ""pyro2_state"": 0}, ""connection_status"": {""connected"": true, ""has_ever_connected"": true, ""packet_age_ms"": 0, ""timeout_exceeded"": false, ""rssi"": -80}, ""communication_mode"": ""BEACON"", ""timestamp"": 74454, ""packets_received"": 643, ""kalman_data"": {""altitude"": 0.66, ""vertical_velocity"": -8.2}, ""kalman_altitude"": 0.66, ""kalman_vertical_velocity"": -8.2, ""pyroDrogue"": 0, ""pyroMain"": 0, ""pyro1_state"": 0, ""pyro2_state"": 0}"
1768306837.377299,2026-01-13T15:20:37.377299,2243,0,0,-0.7,0.07,0.64,-44.42,6.06,-9.45,-3.75,-4.18,0,0,0,217483,852.89,28,0.83,0,0,0,0,-81,0.82,-8.17,BEACON,"{""record_number"": 2243, ""operation_mode"": 0, ""state"": 0, ""battery_voltage"": 0, ""wifi_rssi"": -81, ""acc_data"": {""ax"": -0.7, ""ay"": 0.07, ""az"": 0.64, ""pitch"": -44.42, ""roll"": 6.06}, ""gyro_data"": {""gx"": -9.45, ""gy"": -3.75, ""gz"": -4.18}, ""gps_data"": {""latitude"": 0, ""longitude"": 0, ""gps_altitude"": 0, ""time"": 217483}, ""alt_data"": {""pressure"": 852.89, ""temperature"": 28, ""AGL"": 0.83, ""velocity"": 0, ""kalman_altitude"": 0.82, ""kalman_vertical_velocity"": -8.17}, ""chute_state"": {""pyro1_state"": 0, ""pyro2_state"": 0}, ""connection_status"": {""connected"": true, ""has_ever_connected"": true, ""packet_age_ms"": 0, ""timeout_exceeded"": false, ""rssi"": -81}, ""communication_mode"": ""BEACON"", ""timestamp"": 74567, ""packets_received"": 644, ""kalman_data"": {""altitude"": 0.82, ""vertical_velocity"": -8.17}, ""kalman_altitude"": 0.82, ""kalman_vertical_velocity"": -8.17, ""pyroDrogue"": 0, ""pyroMain"": 0, ""pyro1_state"": 0, ""pyro2_state"": 0}"
1768306837.428295,2026-01-13T15:20:37.428295,2245,0,0,-0.7,0.07,0.65,-44.5,5.92,-9.05,-3.32,-4.36,0,0,0,217483,852.93,28,0.36,0,0,0,0,-80,0.37,-8.27,BEACON,"{""record_number"": 2245, ""operation_mode"": 0, ""state"": 0, ""battery_voltage"": 0, ""wifi_rssi"": -80, ""acc_data"": {""ax"": -0.7, ""ay"": 0.07, ""az"": 0.65, ""pitch"": -44.5, ""roll"": 5.92}, ""gyro_data"": {""gx"": -9.05, ""gy"": -3.32, ""gz"": -4.36}, ""gps_data"": {""latitude"": 0, ""longitude"": 0, ""gps_altitude"": 0, ""time"": 217483}, ""alt_data"": {""pressure"": 852.93, ""temperature"": 28, ""AGL"": 0.36, ""velocity"": 0, ""kalman_altitude"": 0.37, ""kalman_vertical_velocity"": -8.27}, ""chute_state"": {""pyro1_state"": 0, ""pyro2_state"": 0}, ""connection_status"": {""connected"": true, ""has_ever_connected"": true, ""packet_age_ms"": 1, ""timeout_exceeded"": false, ""rssi"": -80}, ""communication_mode"": ""BEACON"", ""timestamp"": 74680, ""packets_received"": 645, ""kalman_data"": {""altitude"": 0.37, ""vertical_velocity"": -8.27}, ""kalman_altitude"": 0.37, ""kalman_vertical_velocity"": -8.27, ""pyroDrogue"": 0, ""pyroMain"": 0, ""pyro1_state"": 0, ""pyro2_state"": 0}"
1768306837.482295,2026-01-13T15:20:37.482295,2246,0,0,-0.7,0.07,0.65,-44.85,6.45,-9.27,-2.56,-3.81,0,0,0,217687,852.92,28,0.55,0,0,0,0,-80,0.55,-8.24,BEACON,"{""record_number"": 2246, ""operation_mode"": 0, ""state"": 0, ""battery_voltage"": 0, ""wifi_rssi"": -80, ""acc_data"": {""ax"": -0.7, ""ay"": 0.07, ""az"": 0.65, ""pitch"": -44.85, ""roll"": 6.45}, ""gyro_data"": {""gx"": -9.27, ""gy"": -2.56, ""gz"": -3.81}, ""gps_data"": {""latitude"": 0, ""longitude"": 0, ""gps_altitude"": 0, ""time"": 217687}, ""alt_data"": {""pressure"": 852.92, ""temperature"": 28, ""AGL"": 0.55, ""velocity"": 0, ""kalman_altitude"": 0.55, ""kalman_vertical_velocity"": -8.24}, ""chute_state"": {""pyro1_state"": 0, ""pyro2_state"": 0}, ""connection_status"": {""connected"": true, ""has_ever_connected"": true, ""packet_age_ms"": 0, ""timeout_exceeded"": false, ""rssi"": -80}, ""communication_mode"": ""BEACON"", ""timestamp"": 74792, ""packets_received"": 646, ""kalman_data"": {""altitude"": 0.55, ""vertical_velocity"": -8.24}, ""kalman_altitude"": 0.55, ""kalman_vertical_velocity"": -8.24, ""pyroDrogue"": 0, ""pyroMain"": 0, ""pyro1_state"": 0, ""pyro2_state"": 0}"
1768306837.56569,2026-01-13T15:20:37.565690,2247,0,0,-0.69,0.07,0.64,-44.38,6.13,-9.05,-2.26,-3.54,0,0,0,217687,852.89,28,0.83,0,0,0,0,-80,0.83,-8.19,BEACON,"{""record_number"": 2247, ""operation_mode"": 0, ""state"": 0, ""battery_voltage"": 0, ""wifi_rssi"": -80, ""acc_data"": {""ax"": -0.69, ""ay"": 0.07, ""az"": 0.64, ""pitch"": -44.38, ""roll"": 6.13}, ""gyro_data"": {""gx"": -9.05, ""gy"": -2.26, ""gz"": -3.54}, ""gps_data"": {""latitude"": 0, ""longitude"": 0, ""gps_altitude"": 0, ""time"": 217687}, ""alt_data"": {""pressure"": 852.89, ""temperature"": 28, ""AGL"": 0.83, ""velocity"": 0, ""kalman_altitude"": 0.83, ""kalman_vertical_velocity"": -8.19}, ""chute_state"": {""pyro1_state"": 0, ""pyro2_state"": 0}, ""connection_status"": {""connected"": true, ""has_ever_connected"": true, ""packet_age_ms"": 0, ""timeout_exceeded"": false, ""rssi"": -80}, ""communication_mode"": ""BEACON"", ""timestamp"": 74905, ""packets_received"": 647, ""kalman_data"": {""altitude"": 0.83, ""vertical_velocity"": -8.19}, ""kalman_altitude"": 0.83, ""kalman_vertical_velocity"": -8.19, ""pyroDrogue"": 0, ""pyroMain"": 0, ""pyro1_state"": 0, ""pyro2_state"": 0}"
1768306837.641695,2026-01-13T15:20:37.641695,2249,0,0,-0.7,0.07,0.64,-44.3,5.86,-8.78,-3.32,-3.57,0,0,0,217889,852.91,28,0.61,0,0,0,0,-80,0.61,-8.23,BEACON,"{""record_number"": 2249, ""operation_mode"": 0, ""state"": 0, ""battery_voltage"": 0, ""wifi_rssi"": -80, ""acc_data"": {""ax"": -0.7, ""ay"": 0.07, ""az"": 0.64, ""pitch"": -44.3, ""roll"": 5.86}, ""gyro_data"": {""gx"": -8.78, ""gy"": -3.32, ""gz"": -3.57}, ""gps_data"": {""latitude"": 0, ""longitude"": 0, ""gps_altitude"": 0, ""time"": 217889}, ""alt_data"": {""pressure"": 852.91, ""temperature"": 28, ""AGL"": 0.61, ""velocity"": 0, ""kalman_altitude"": 0.61, ""kalman_vertical_velocity"": -8.23}, ""chute_state"": {""pyro1_state"": 0, ""pyro2_state"": 0}, ""connection_status"": {""connected"": true, ""has_ever_connected"": true, ""packet_age_ms"": 0, ""timeout_exceeded"": false, ""rssi"": -80}, ""communication_mode"": ""BEACON"", ""timestamp"": 75018, ""packets_received"": 648, ""kalman_data"": {""altitude"": 0.61, ""vertical_velocity"": -8.23}, ""kalman_altitude"": 0.61, ""kalman_vertical_velocity"": -8.23, ""pyroDrogue"": 0, ""pyroMain"": 0, ""pyro1_state"": 0, ""pyro2_state"": 0}"
1768306837.696681,2026-01-13T15:20:37.696681,2250,0,0,-0.7,0.07,0.65,-44.38,6.67,-8.72,-2.56,-3.93,0,0,0,217889,852.86,28,1.12,0,0,0,0,-81,1.11,-8.14,BEACON,"{""record_number"": 2250, ""operation_mode"": 0, ""state"": 0, ""battery_voltage"": 0, ""wifi_rssi"": -81, ""acc_data"": {""ax"": -0.7, ""ay"": 0.07, ""az"": 0.65, ""pitch"": -44.38, ""roll"": 6.67}, ""gyro_data"": {""gx"": -8.72, ""gy"": -2.56, ""gz"": -3.93}, ""gps_data"": {""latitude"": 0, ""longitude"": 0, ""gps_altitude"": 0, ""time"": 217889}, ""alt_data"": {""pressure"": 852.86, ""temperature"": 28, ""AGL"": 1.12, ""velocity"": 0, ""kalman_altitude"": 1.11, ""kalman_vertical_velocity"": -8.14}, ""chute_state"": {""pyro1_state"": 0, ""pyro2_state"": 0}, ""connection_status"": {""connected"": true, ""has_ever_connected"": true, ""packet_age_ms"": 0, ""timeout_exceeded"": false, ""rssi"": -81}, ""communication_mode"": ""BEACON"", ""timestamp"": 75130, ""packets_received"": 649, ""kalman_data"": {""altitude"": 1.11, ""vertical_velocity"": -8.14}, ""kalman_altitude"": 1.11, ""kalman_vertical_velocity"": -8.14, ""pyroDrogue"": 0, ""pyroMain"": 0, ""pyro1_state"": 0, ""pyro2_state"": 0}"
1768306837.75797,2026-01-13T15:20:37.757970,2251,0,0,-0.7,0.08,0.63,-44.11,6,-9.12,-2.62,-3.84,0,0,0,218091,852.88,28,0.93,0,0,0,0,-80,0.94,-8.18,BEACON,"{""record_number"": 2251, ""operation_mode"": 0, ""state"": 0, ""battery_voltage"": 0, ""wifi_rssi"": -80, ""acc_data"": {""ax"": -0.7, ""ay"": 0.08, ""az"": 0.63, ""pitch"": -44.11, ""roll"": 6}, ""gyro_data"": {""gx"": -9.12, ""gy"": -2.62, ""gz"": -3.84}, ""gps_data"": {""latitude"": 0, ""longitude"": 0, ""gps_altitude"": 0, ""time"": 218091}, ""alt_data"": {""pressure"": 852.88, ""temperature"": 28, ""AGL"": 0.93, ""velocity"": 0, ""kalman_altitude"": 0.94, ""kalman_vertical_velocity"": -8.18}, ""chute_state"": {""pyro1_state"": 0, ""pyro2_state"": 0}, ""connection_status"": {""connected"": true, ""has_ever_connected"": true, ""packet_age_ms"": 0, ""timeout_exceeded"": false, ""rssi"": -80}, ""communication_mode"": ""BEACON"", ""timestamp"": 75243, ""packets_received"": 650, ""kalman_data"": {""altitude"": 0.94, ""vertical_velocity"": -8.18}, ""kalman_altitude"": 0.94, ""kalman_vertical_velocity"": -8.18, ""pyroDrogue"": 0, ""pyroMain"": 0, ""pyro1_state"": 0, ""pyro2_state"": 0}"
1768306837.824965,2026-01-13T15:20:37.824965,2253,0,0,-0.7,0.07,0.63,-44.42,6.39,-8.69,-3.87,-3.9,0,0,0,218291,852.87,28,1.01,0,0,0,0,-81,1,-8.17,BEACON,"{""record_number"": 2253, ""operation_mode"": 0, ""state"": 0, ""battery_voltage"": 0, ""wifi_rssi"": -81, ""acc_data"": {""ax"": -0.7, ""ay"": 0.07, ""az"": 0.63, ""pitch"": -44.42, ""roll"": 6.39}, ""gyro_data"": {""gx"": -8.69, ""gy"": -3.87, ""gz"": -3.9}, ""gps_data"": {""latitude"": 0, ""longitude"": 0, ""gps_altitude"": 0, ""time"": 218291}, ""alt_data"": {""pressure"": 852.87, ""temperature"": 28, ""AGL"": 1.01, ""velocity"": 0, ""kalman_altitude"": 1, ""kalman_vertical_velocity"": -8.17}, ""chute_state"": {""pyro1_state"": 0, ""pyro2_state"": 0}, ""connection_status"": {""connected"": true, ""has_ever_connected"": true, ""packet_age_ms"": 0, ""timeout_exceeded"": false, ""rssi"": -81}, ""communication_mode"": ""BEACON"", ""timestamp"": 75355, ""packets_received"": 651, ""kalman_data"": {""altitude"": 1, ""vertical_velocity"": -8.17}, ""kalman_altitude"": 1, ""kalman_vertical_velocity"": -8.17, ""pyroDrogue"": 0, ""pyroMain"": 0, ""pyro1_state"": 0, ""pyro2_state"": 0}"
1768306837.86797,2026-01-13T15:20:37.867970,2254,0,0,-0.7,0.07,0.64,-44.27,6.08,-8.99,-3.17,-3.87,0,0,0,218291,852.87,28,0.97,0,0,0,0,-80,0.97,-8.19,BEACON,"{""record_number"": 2254, ""operation_mode"": 0, ""state"": 0, ""battery_voltage"": 0, ""wifi_rssi"": -80, ""acc_data"": {""ax"": -0.7, ""ay"": 0.07, ""az"": 0.64, ""pitch"": -44.27, ""roll"": 6.08}, ""gyro_data"": {""gx"": -8.99, ""gy"": -3.17, ""gz"": -3.87}, ""gps_data"": {""latitude"": 0, ""longitude"": 0, ""gps_altitude"": 0, ""time"": 218291}, ""alt_data"": {""pressure"": 852.87, ""temperature"": 28, ""AGL"": 0.97, ""velocity"": 0, ""kalman_altitude"": 0.97, ""kalman_vertical_velocity"": -8.19}, ""chute_state"": {""pyro1_state"": 0, ""pyro2_state"": 0}, ""connection_status"": {""connected"": true, ""has_ever_connected"": true, ""packet_age_ms"": 0, ""timeout_exceeded"": false, ""rssi"": -80}, ""communication_mode"": ""BEACON"", ""timestamp"": 75467, ""packets_received"": 652, ""kalman_data"": {""altitude"": 0.97, ""vertical_velocity"": -8.19}, ""kalman_altitude"": 0.97, ""kalman_vertical_velocity"": -8.19, ""pyroDrogue"": 0, ""pyroMain"": 0, ""pyro1_state"": 0, ""pyro2_state"": 0}"
1768306837.926964,2026-01-13T15:20:37.926964,2255,0,0,-0.7,0.07,0.64,-43.45,6.56,-9.36,-3.35,-4.02,0,0,0,218491,852.85,28,1.22,0,0,0,0,-81,1.22,-8.15,BEACON,"{""record_number"": 2255, ""operation_mode"": 0, ""state"": 0, ""battery_voltage"": 0, ""wifi_rssi"": -81, ""acc_data"": {""ax"": -0.7, ""ay"": 0.07, ""az"": 0.64, ""pitch"": -43.45, ""roll"": 6.56}, ""gyro_data"": {""gx"": -9.36, ""gy"": -3.35, ""gz"": -4.02}, ""gps_data"": {""latitude"": 0, ""longitude"": 0, ""gps_altitude"": 0, ""time"": 218491}, ""alt_data"": {""pressure"": 852.85, ""temperature"": 28, ""AGL"": 1.22, ""velocity"": 0, ""kalman_altitude"": 1.22, ""kalman_vertical_velocity"": -8.15}, ""chute_state"": {""pyro1_state"": 0, ""pyro2_state"": 0}, ""connection_status"": {""connected"": true, ""has_ever_connected"": true, ""packet_age_ms"": 0, ""timeout_exceeded"": false, ""rssi"": -81}, ""communication_mode"": ""BEACON"", ""timestamp"": 75580, ""packets_received"": 653, ""kalman_data"": {""altitude"": 1.22, ""vertical_velocity"": -8.15}, ""kalman_altitude"": 1.22, ""kalman_vertical_velocity"": -8.15, ""pyroDrogue"": 0, ""pyroMain"": 0, ""pyro1_state"": 0, ""pyro2_state"": 0}"
1768306837.971997,2026-01-13T15:20:37.971997,2256,0,0,-0.71,0.07,0.65,-44.54,6.3,-8.69,-2.87,-3.87,0,0,0,218491,852.9,28,0.68,0,0,0,0,-81,0.69,-8.25,BEACON,"{""record_number"": 2256, ""operation_mode"": 0, ""state"": 0, ""battery_voltage"": 0, ""wifi_rssi"": -81, ""acc_data"": {""ax"": -0.71, ""ay"": 0.07, ""az"": 0.65, ""pitch"": -44.54, ""roll"": 6.3}, ""gyro_data"": {""gx"": -8.69, ""gy"": -2.87, ""gz"": -3.87}, ""gps_data"": {""latitude"": 0, ""longitude"": 0, ""gps_altitude"": 0, ""time"": 218491}, ""alt_data"": {""pressure"": 852.9, ""temperature"": 28, ""AGL"": 0.68, ""velocity"": 0, ""kalman_altitude"": 0.69, ""kalman_vertical_velocity"": -8.25}, ""chute_state"": {""pyro1_state"": 0, ""pyro2_state"": 0}, ""connection_status"": {""connected"": true, ""has_ever_connected"": true, ""packet_age_ms"": 0, ""timeout_exceeded"": false, ""rssi"": -81}, ""communication_mode"": ""BEACON"", ""timestamp"": 75693, ""packets_received"": 654, ""kalman_data"": {""altitude"": 0.69, ""vertical_velocity"": -8.25}, ""kalman_altitude"": 0.69, ""kalman_vertical_velocity"": -8.25, ""pyroDrogue"": 0, ""pyroMain"": 0, ""pyro1_state"": 0, ""pyro2_state"": 0}"
1768306838.009963,2026-01-13T15:20:38.009963,2258,0,0,-0.7,0.07,0.64,-44.66,6.33,-8.84,-2.41,-3.81,0,0,0,218694,852.9,28,0.68,0,0,0,0,-80,0.68,-8.26,BEACON,"{""record_number"": 2258, ""operation_mode"": 0, ""state"": 0, ""battery_voltage"": 0, ""wifi_rssi"": -80, ""acc_data"": {""ax"": -0.7, ""ay"": 0.07, ""az"": 0.64, ""pitch"": -44.66, ""roll"": 6.33}, ""gyro_data"": {""gx"": -8.84, ""gy"": -2.41, ""gz"": -3.81}, ""gps_data"": {""latitude"": 0, ""longitude"": 0, ""gps_altitude"": 0, ""time"": 218694}, ""alt_data"": {""pressure"": 852.9, ""temperature"": 28, ""AGL"": 0.68, ""velocity"": 0, ""kalman_altitude"": 0.68, ""kalman_vertical_velocity"": -8.26}, ""chute_state"": {""pyro1_state"": 0, ""pyro2_state"": 0}, ""connection_status"": {""connected"": true, ""has_ever_connected"": true, ""packet_age_ms"": 0, ""timeout_exceeded"": false, ""rssi"": -80}, ""communication_mode"": ""BEACON"", ""timestamp"": 75806, ""packets_received"": 655, ""kalman_data"": {""altitude"": 0.68, ""vertical_velocity"": -8.26}, ""kalman_altitude"": 0.68, ""kalman_vertical_velocity"": -8.26, ""pyroDrogue"": 0, ""pyroMain"": 0, ""pyro1_state"": 0, ""pyro2_state"": 0}"
1768306838.058969,2026-01-13T15:20:38.058969,2259,0,0,-0.7,0.07,0.63,-44.38,6.66,-9.05,-3.63,-3.38,0,0,0,218694,852.91,28,0.58,0,0,0,0,-80,0.58,-8.29,BEACON,"{""record_number"": 2259, ""operation_mode"": 0, ""state"": 0, ""battery_voltage"": 0, ""wifi_rssi"": -80, ""acc_data"": {""ax"": -0.7, ""ay"": 0.07, ""az"": 0.63, ""pitch"": -44.38, ""roll"": 6.66}, ""gyro_data"": {""gx"": -9.05, ""gy"": -3.63, ""gz"": -3.38}, ""gps_data"": {""latitude"": 0, ""longitude"": 0, ""gps_altitude"": 0, ""time"": 218694}, ""alt_data"": {""pressure"": 852.91, ""temperature"": 28, ""AGL"": 0.58, ""velocity"": 0, ""kalman_altitude"": 0.58, ""kalman_vertical_velocity"": -8.29}, ""chute_state"": {""pyro1_state"": 0, ""pyro2_state"": 0}, ""connection_status"": {""connected"": true, ""has_ever_connected"": true, ""packet_age_ms"": 1, ""timeout_exceeded"": false, ""rssi"": -80}, ""communication_mode"": ""BEACON"", ""timestamp"": 75919, ""packets_received"": 656, ""kalman_data"": {""altitude"": 0.58, ""vertical_velocity"": -8.29}, ""kalman_altitude"": 0.58, ""kalman_vertical_velocity"": -8.29, ""pyroDrogue"": 0, ""pyroMain"": 0, ""pyro1_state"": 0, ""pyro2_state"": 0}"
1768306838.093965,2026-01-13T15:20:38.093965,2260,0,0,-0.7,0.07,0.64,-44.62,5.86,-8.75,-3.32,-3.32,0,0,0,218896,852.85,28,1.22,0,0,0,0,-80,1.21,-8.17,BEACON,"{""record_number"": 2260, ""operation_mode"": 0, ""state"": 0, ""battery_voltage"": 0, ""wifi_rssi"": -80, ""acc_data"": {""ax"": -0.7, ""ay"": 0.07, ""az"": 0.64, ""pitch"": -44.62, ""roll"": 5.86}, ""gyro_data"": {""gx"": -8.75, ""gy"": -3.32, ""gz"": -3.32}, ""gps_data"": {""latitude"": 0, ""longitude"": 0, ""gps_altitude"": 0, ""time"": 218896}, ""alt_data"": {""pressure"": 852.85, ""temperature"": 28, ""AGL"": 1.22, ""velocity"": 0, ""kalman_altitude"": 1.21, ""kalman_vertical_velocity"": -8.17}, ""chute_state"": {""pyro1_state"": 0, ""pyro2_state"": 0}, ""connection_status"": {""connected"": true, ""has_ever_connected"": true, ""packet_age_ms"": 0, ""timeout_exceeded"": false, ""rssi"": -80}, ""communication_mode"": ""BEACON"", ""timestamp"": 76031, ""packets_received"": 657, ""kalman_data"": {""altitude"": 1.21, ""vertical_velocity"": -8.17}, ""kalman_altitude"": 1.21, ""kalman_vertical_velocity"": -8.17, ""pyroDrogue"": 0, ""pyroMain"": 0, ""pyro1_state"": 0, ""pyro2_state"": 0}"
1768306838.136998,2026-01-13T15:20:38.136998,2262,0,0,-0.7,0.07,0.64,-44.66,5.67,-8.75,-3.38,-4.12,0,0,0,219096,852.94,28.01,0.35,0,0,0,0,-80,0.36,-8.34,BEACON,"{""record_number"": 2262, ""operation_mode"": 0, ""state"": 0, ""battery_voltage"": 0, ""wifi_rssi"": -80, ""acc_data"": {""ax"": -0.7, ""ay"": 0.07, ""az"": 0.64, ""pitch"": -44.66, ""roll"": 5.67}, ""gyro_data"": {""gx"": -8.75, ""gy"": -3.38, ""gz"": -4.12}, ""gps_data"": {""latitude"": 0, ""longitude"": 0, ""gps_altitude"": 0, ""time"": 219096}, ""alt_data"": {""pressure"": 852.94, ""temperature"": 28.01, ""AGL"": 0.35, ""velocity"": 0, ""kalman_altitude"": 0.36, ""kalman_vertical_velocity"": -8.34}, ""chute_state"": {""pyro1_state"": 0, ""pyro2_state"": 0}, ""connection_status"": {""connected"": true, ""has_ever_connected"": true, ""packet_age_ms"": 0, ""timeout_exceeded"": false, ""rssi"": -80}, ""communication_mode"": ""BEACON"", ""timestamp"": 76144, ""packets_received"": 658, ""kalman_data"": {""altitude"": 0.36, ""vertical_velocity"": -8.34}, ""kalman_altitude"": 0.36, ""kalman_vertical_velocity"": -8.34, ""pyroDrogue"": 0, ""pyroMain"": 0, ""pyro1_state"": 0, ""pyro2_state"": 0}"
1768306838.179967,2026-01-13T15:20:38.179967,2263,0,0,-0.7,0.06,0.63,-44.66,6.09,-8.81,-2.84,-3.63,0,0,0,219096,852.88,28,0.9,0,0,0,0,-81,0.89,-8.24,BEACON,"{""record_number"": 2263, ""operation_mode"": 0, ""state"": 0, ""battery_voltage"": 0, ""wifi_rssi"": -81, ""acc_data"": {""ax"": -0.7, ""ay"": 0.06, ""az"": 0.63, ""pitch"": -44.66, ""roll"": 6.09}, ""gyro_data"": {""gx"": -8.81, ""gy"": -2.84, ""gz"": -3.63}, ""gps_data"": {""latitude"": 0, ""longitude"": 0, ""gps_altitude"": 0, ""time"": 219096}, ""alt_data"": {""pressure"": 852.88, ""temperature"": 28, ""AGL"": 0.9, ""velocity"": 0, ""kalman_altitude"": 0.89, ""kalman_vertical_velocity"": -8.24}, ""chute_state"": {""pyro1_state"": 0, ""pyro2_state"": 0}, ""connection_status"": {""connected"": true, ""has_ever_connected"": true, ""packet_age_ms"": 1, ""timeout_exceeded"": false, ""rssi"": -81}, ""communication_mode"": ""BEACON"", ""timestamp"": 76260, ""packets_received"": 659, ""kalman_data"": {""altitude"": 0.89, ""vertical_velocity"": -8.24}, ""kalman_altitude"": 0.89, ""kalman_vertical_velocity"": -8.24, ""pyroDrogue"": 0, ""pyroMain"": 0, ""pyro1_state"": 0, ""pyro2_state"": 0}"
1768306838.238075,2026-01-13T15:20:38.238075,2264,0,0,-0.7,0.07,0.64,-44.46,6.35,-9.36,-2.96,-3.54,0,0,0,219296,852.87,28,1.04,0,0,0,0,-81,1.04,-8.22,BEACON,"{""record_number"": 2264, ""operation_mode"": 0, ""state"": 0, ""battery_voltage"": 0, ""wifi_rssi"": -81, ""acc_data"": {""ax"": -0.7, ""ay"": 0.07, ""az"": 0.64, ""pitch"": -44.46, ""roll"": 6.35}, ""gyro_data"": {""gx"": -9.36, ""gy"": -2.96, ""gz"": -3.54}, ""gps_data"": {""latitude"": 0, ""longitude"": 0, ""gps_altitude"": 0, ""time"": 219296}, ""alt_data"": {""pressure"": 852.87, ""temperature"": 28, ""AGL"": 1.04, ""velocity"": 0, ""kalman_altitude"": 1.04, ""kalman_vertical_velocity"": -8.22}, ""chute_state"": {""pyro1_state"": 0, ""pyro2_state"": 0}, ""connection_status"": {""connected"": true, ""has_ever_connected"": true, ""packet_age_ms"": 0, ""timeout_exceeded"": false, ""rssi"": -81}, ""communication_mode"": ""BEACON"", ""timestamp"": 76368, ""packets_received"": 660, ""kalman_data"": {""altitude"": 1.04, ""vertical_velocity"": -8.22}, ""kalman_altitude"": 1.04, ""kalman_vertical_velocity"": -8.22, ""pyroDrogue"": 0, ""pyroMain"": 0, ""pyro1_state"": 0, ""pyro2_state"": 0}"
1768306838.276087,2026-01-13T15:20:38.276087,2266,0,0,-0.7,0.07,0.65,-44.23,6.08,-9.05,-3.57,-3.29,0,0,0,219296,852.88,28,0.93,0,0,0,0,-80,0.93,-8.25,BEACON,"{""record_number"": 2266, ""operation_mode"": 0, ""state"": 0, ""battery_voltage"": 0, ""wifi_rssi"": -80, ""acc_data"": {""ax"": -0.7, ""ay"": 0.07, ""az"": 0.65, ""pitch"": -44.23, ""roll"": 6.08}, ""gyro_data"": {""gx"": -9.05, ""gy"": -3.57, ""gz"": -3.29}, ""gps_data"": {""latitude"": 0, ""longitude"": 0, ""gps_altitude"": 0, ""time"": 219296}, ""alt_data"": {""pressure"": 852.88, ""temperature"": 28, ""AGL"": 0.93, ""velocity"": 0, ""kalman_altitude"": 0.93, ""kalman_vertical_velocity"": -8.25}, ""chute_state"": {""pyro1_state"": 0, ""pyro2_state"": 0}, ""connection_status"": {""connected"": true, ""has_ever_connected"": true, ""packet_age_ms"": 0, ""timeout_exceeded"": false, ""rssi"": -80}, ""communication_mode"": ""BEACON"", ""timestamp"": 76481, ""packets_received"": 661, ""kalman_data"": {""altitude"": 0.93, ""vertical_velocity"": -8.25}, ""kalman_altitude"": 0.93, ""kalman_vertical_velocity"": -8.25, ""pyroDrogue"": 0, ""pyroMain"": 0, ""pyro1_state"": 0, ""pyro2_state"": 0}"
1768306838.315076,2026-01-13T15:20:38.315076,2267,0,0,-0.7,0.07,0.64,-44.66,5.91,-9.33,-3.78,-3.26,0,0,0,219497,852.88,28,0.86,0,0,0,0,-81,0.86,-8.26,BEACON,"{""record_number"": 2267, ""operation_mode"": 0, ""state"": 0, ""battery_voltage"": 0, ""wifi_rssi"": -81, ""acc_data"": {""ax"": -0.7, ""ay"": 0.07, ""az"": 0.64, ""pitch"": -44.66, ""roll"": 5.91}, ""gyro_data"": {""gx"": -9.33, ""gy"": -3.78, ""gz"": -3.26}, ""gps_data"": {""latitude"": 0, ""longitude"": 0, ""gps_altitude"": 0, ""time"": 219497}, ""alt_data"": {""pressure"": 852.88, ""temperature"": 28, ""AGL"": 0.86, ""velocity"": 0, ""kalman_altitude"": 0.86, ""kalman_vertical_velocity"": -8.26}, ""chute_state"": {""pyro1_state"": 0, ""pyro2_state"": 0}, ""connection_status"": {""connected"": true, ""has_ever_connected"": true, ""packet_age_ms"": 0, ""timeout_exceeded"": false, ""rssi"": -81}, ""communication_mode"": ""BEACON"", ""timestamp"": 76594, ""packets_received"": 662, ""kalman_data"": {""altitude"": 0.86, ""vertical_velocity"": -8.26}, ""kalman_altitude"": 0.86, ""kalman_vertical_velocity"": -8.26, ""pyroDrogue"": 0, ""pyroMain"": 0, ""pyro1_state"": 0, ""pyro2_state"": 0}"
1768306838.373075,2026-01-13T15:20:38.373075,2268,0,0,-0.7,0.07,0.64,-44.42,5.91,-8.72,-1.49,-2.53,0,0,0,219497,852.91,28.01,0.61,0,0,0,0,-81,0.61,-8.32,BEACON,"{""record_number"": 2268, ""operation_mode"": 0, ""state"": 0, ""battery_voltage"": 0, ""wifi_rssi"": -81, ""acc_data"": {""ax"": -0.7, ""ay"": 0.07, ""az"": 0.64, ""pitch"": -44.42, ""roll"": 5.91}, ""gyro_data"": {""gx"": -8.72, ""gy"": -1.49, ""gz"": -2.53}, ""gps_data"": {""latitude"": 0, ""longitude"": 0, ""gps_altitude"": 0, ""time"": 219497}, ""alt_data"": {""pressure"": 852.91, ""temperature"": 28.01, ""AGL"": 0.61, ""velocity"": 0, ""kalman_altitude"": 0.61, ""kalman_vertical_velocity"": -8.32}, ""chute_state"": {""pyro1_state"": 0, ""pyro2_state"": 0}, ""connection_status"": {""connected"": true, ""has_ever_connected"": true, ""packet_age_ms"": 1, ""timeout_exceeded"": false, ""rssi"": -81}, ""communication_mode"": ""BEACON"", ""timestamp"": 76707, ""packets_received"": 663, ""kalman_data"": {""altitude"": 0.61, ""vertical_velocity"": -8.32}, ""kalman_altitude"": 0.61, ""kalman_vertical_velocity"": -8.32, ""pyroDrogue"": 0, ""pyroMain"": 0, ""pyro1_state"": 0, ""pyro2_state"": 0}"
1768306838.455076,2026-01-13T15:20:38.455076,2270,0,0,-0.7,0.07,0.64,-44.62,6.19,-10.4,-3.26,-3.9,0,0,0,219701,852.88,28,0.86,0,0,0,0,-80,0.86,-8.27,BEACON,"{""record_number"": 2270, ""operation_mode"": 0, ""state"": 0, ""battery_voltage"": 0, ""wifi_rssi"": -80, ""acc_data"": {""ax"": -0.7, ""ay"": 0.07, ""az"": 0.64, ""pitch"": -44.62, ""roll"": 6.19}, ""gyro_data"": {""gx"": -10.4, ""gy"": -3.26, ""gz"": -3.9}, ""gps_data"": {""latitude"": 0, ""longitude"": 0, ""gps_altitude"": 0, ""time"": 219701}, ""alt_data"": {""pressure"": 852.88, ""temperature"": 28, ""AGL"": 0.86, ""velocity"": 0, ""kalman_altitude"": 0.86, ""kalman_vertical_velocity"": -8.27}, ""chute_state"": {""pyro1_state"": 0, ""pyro2_state"": 0}, ""connection_status"": {""connected"": true, ""has_ever_connected"": true, ""packet_age_ms"": 0, ""timeout_exceeded"": false, ""rssi"": -80}, ""communication_mode"": ""BEACON"", ""timestamp"": 76819, ""packets_received"": 664, ""kalman_data"": {""altitude"": 0.86, ""vertical_velocity"": -8.27}, ""kalman_altitude"": 0.86, ""kalman_vertical_velocity"": -8.27, ""pyroDrogue"": 0, ""pyroMain"": 0, ""pyro1_state"": 0, ""pyro2_state"": 0}"
1768306838.510079,2026-01-13T15:20:38.510079,2271,0,0,-0.7,0.07,0.64,-44.58,6.27,-8.69,-3.26,-4.33,0,0,0,219701,852.87,28,0.97,0,0,0,0,-80,0.97,-8.26,BEACON,"{""record_number"": 2271, ""operation_mode"": 0, ""state"": 0, ""battery_voltage"": 0, ""wifi_rssi"": -80, ""acc_data"": {""ax"": -0.7, ""ay"": 0.07, ""az"": 0.64, ""pitch"": -44.58, ""roll"": 6.27}, ""gyro_data"": {""gx"": -8.69, ""gy"": -3.26, ""gz"": -4.33}, ""gps_data"": {""latitude"": 0, ""longitude"": 0, ""gps_altitude"": 0, ""time"": 219701}, ""alt_data"": {""pressure"": 852.87, ""temperature"": 28, ""AGL"": 0.97, ""velocity"": 0, ""kalman_altitude"": 0.97, ""kalman_vertical_velocity"": -8.26}, ""chute_state"": {""pyro1_state"": 0, ""pyro2_state"": 0}, ""connection_status"": {""connected"": true, ""has_ever_connected"": true, ""packet_age_ms"": 0, ""timeout_exceeded"": false, ""rssi"": -80}, ""communication_mode"": ""BEACON"", ""timestamp"": 76931, ""packets_received"": 665, ""kalman_data"": {""altitude"": 0.97, ""vertical_velocity"": -8.26}, ""kalman_altitude"": 0.97, ""kalman_vertical_velocity"": -8.26, ""pyroDrogue"": 0, ""pyroMain"": 0, ""pyro1_state"": 0, ""pyro2_state"": 0}"
1768306838.548076,2026-01-13T15:20:38.548076,2272,0,0,-0.7,0.07,0.64,-44.42,6.3,-9.21,-3.26,-4.09,0,0,0,219901,852.89,28,0.83,0,0,0,0,-80,0.83,-8.29,BEACON,"{""record_number"": 2272, ""operation_mode"": 0, ""state"": 0, ""battery_voltage"": 0, ""wifi_rssi"": -80, ""acc_data"": {""ax"": -0.7, ""ay"": 0.07, ""az"": 0.64, ""pitch"": -44.42, ""roll"": 6.3}, ""gyro_data"": {""gx"": -9.21, ""gy"": -3.26, ""gz"": -4.09}, ""gps_data"": {""latitude"": 0, ""longitude"": 0, ""gps_altitude"": 0, ""time"": 219901}, ""alt_data"": {""pressure"": 852.89, ""temperature"": 28, ""AGL"": 0.83, ""velocity"": 0, ""kalman_altitude"": 0.83, ""kalman_vertical_velocity"": -8.29}, ""chute_state"": {""pyro1_state"": 0, ""pyro2_state"": 0}, ""connection_status"": {""connected"": true, ""has_ever_connected"": true, ""packet_age_ms"": 0, ""timeout_exceeded"": false, ""rssi"": -80}, ""communication_mode"": ""BEACON"", ""timestamp"": 77044, ""packets_received"": 666, ""kalman_data"": {""altitude"": 0.83, ""vertical_velocity"": -8.29}, ""kalman_altitude"": 0.83, ""kalman_vertical_velocity"": -8.29, ""pyroDrogue"": 0, ""pyroMain"": 0, ""pyro1_state"": 0, ""pyro2_state"": 0}"
1768306838.621101,2026-01-13T15:20:38.621101,2274,0,0,-0.7,0.07,0.65,-44.38,6.09,-9.05,-2.93,-3.57,0,0,0,220102,852.89,28.01,0.78,0,0,0,0,-81,0.78,-8.3,BEACON,"{""record_number"": 2274, ""operation_mode"": 0, ""state"": 0, ""battery_voltage"": 0, ""wifi_rssi"": -81, ""acc_data"": {""ax"": -0.7, ""ay"": 0.07, ""az"": 0.65, ""pitch"": -44.38, ""roll"": 6.09}, ""gyro_data"": {""gx"": -9.05, ""gy"": -2.93, ""gz"": -3.57}, ""gps_data"": {""latitude"": 0, ""longitude"": 0, ""gps_altitude"": 0, ""time"": 220102}, ""alt_data"": {""pressure"": 852.89, ""temperature"": 28.01, ""AGL"": 0.78, ""velocity"": 0, ""kalman_altitude"": 0.78, ""kalman_vertical_velocity"": -8.3}, ""chute_state"": {""pyro1_state"": 0, ""pyro2_state"": 0}, ""connection_status"": {""connected"": true, ""has_ever_connected"": true, ""packet_age_ms"": 0, ""timeout_exceeded"": false, ""rssi"": -81}, ""communication_mode"": ""BEACON"", ""timestamp"": 77157, ""packets_received"": 667, ""kalman_data"": {""altitude"": 0.78, ""vertical_velocity"": -8.3}, ""kalman_altitude"": 0.78, ""kalman_vertical_velocity"": -8.3, ""pyroDrogue"": 0, ""pyroMain"": 0, ""pyro1_state"": 0, ""pyro2_state"": 0}"
1768306838.739094,2026-01-13T15:20:38.739094,2275,0,0,-0.7,0.07,0.65,-44.7,6.48,-9.85,-3.14,-3.45,0,0,0,220102,852.87,28,1.01,0,0,0,0,-80,1.01,-8.26,BEACON,"{""record_number"": 2275, ""operation_mode"": 0, ""state"": 0, ""battery_voltage"": 0, ""wifi_rssi"": -80, ""acc_data"": {""ax"": -0.7, ""ay"": 0.07, ""az"": 0.65, ""pitch"": -44.7, ""roll"": 6.48}, ""gyro_data"": {""gx"": -9.85, ""gy"": -3.14, ""gz"": -3.45}, ""gps_data"": {""latitude"": 0, ""longitude"": 0, ""gps_altitude"": 0, ""time"": 220102}, ""alt_data"": {""pressure"": 852.87, ""temperature"": 28, ""AGL"": 1.01, ""velocity"": 0, ""kalman_altitude"": 1.01, ""kalman_vertical_velocity"": -8.26}, ""chute_state"": {""pyro1_state"": 0, ""pyro2_state"": 0}, ""connection_status"": {""connected"": true, ""has_ever_connected"": true, ""packet_age_ms"": 0, ""timeout_exceeded"": false, ""rssi"": -80}, ""communication_mode"": ""BEACON"", ""timestamp"": 77269, ""packets_received"": 668, ""kalman_data"": {""altitude"": 1.01, ""vertical_velocity"": -8.26}, ""kalman_altitude"": 1.01, ""kalman_vertical_velocity"": -8.26, ""pyroDrogue"": 0, ""pyroMain"": 0, ""pyro1_state"": 0, ""pyro2_state"": 0}"
1768306838.855776,2026-01-13T15:20:38.855776,2276,0,0,-0.7,0.08,0.64,-45.01,6.49,-9.12,-2.56,-3.75,0,0,0,220302,852.89,28,0.79,0,0,0,0,-80,0.79,-8.31,BEACON,"{""record_number"": 2276, ""operation_mode"": 0, ""state"": 0, ""battery_voltage"": 0, ""wifi_rssi"": -80, ""acc_data"": {""ax"": -0.7, ""ay"": 0.08, ""az"": 0.64, ""pitch"": -45.01, ""roll"": 6.49}, ""gyro_data"": {""gx"": -9.12, ""gy"": -2.56, ""gz"": -3.75}, ""gps_data"": {""latitude"": 0, ""longitude"": 0, ""gps_altitude"": 0, ""time"": 220302}, ""alt_data"": {""pressure"": 852.89, ""temperature"": 28, ""AGL"": 0.79, ""velocity"": 0, ""kalman_altitude"": 0.79, ""kalman_vertical_velocity"": -8.31}, ""chute_state"": {""pyro1_state"": 0, ""pyro2_state"": 0}, ""connection_status"": {""connected"": true, ""has_ever_connected"": true, ""packet_age_ms"": 0, ""timeout_exceeded"": false, ""rssi"": -80}, ""communication_mode"": ""BEACON"", ""timestamp"": 77381, ""packets_received"": 669, ""kalman_data"": {""altitude"": 0.79, ""vertical_velocity"": -8.31}, ""kalman_altitude"": 0.79, ""kalman_vertical_velocity"": -8.31, ""pyroDrogue"": 0, ""pyroMain"": 0, ""pyro1_state"": 0, ""pyro2_state"": 0}"
1768306839.011317,2026-01-13T15:20:39.011317,2278,0,0,-0.7,0.07,0.64,-44.38,6.42,-8.99,-3.23,-3.48,0,0,0,220302,852.89,28,0.75,0,0,0,0,-81,0.75,-8.32,BEACON,"{""record_number"": 2278, ""operation_mode"": 0, ""state"": 0, ""battery_voltage"": 0, ""wifi_rssi"": -81, ""acc_data"": {""ax"": -0.7, ""ay"": 0.07, ""az"": 0.64, ""pitch"": -44.38, ""roll"": 6.42}, ""gyro_data"": {""gx"": -8.99, ""gy"": -3.23, ""gz"": -3.48}, ""gps_data"": {""latitude"": 0, ""longitude"": 0, ""gps_altitude"": 0, ""time"": 220302}, ""alt_data"": {""pressure"": 852.89, ""temperature"": 28, ""AGL"": 0.75, ""velocity"": 0, ""kalman_altitude"": 0.75, ""kalman_vertical_velocity"": -8.32}, ""chute_state"": {""pyro1_state"": 0, ""pyro2_state"": 0}, ""connection_status"": {""connected"": true, ""has_ever_connected"": true, ""packet_age_ms"": 0, ""timeout_exceeded"": false, ""rssi"": -81}, ""communication_mode"": ""BEACON"", ""timestamp"": 77493, ""packets_received"": 670, ""kalman_data"": {""altitude"": 0.75, ""vertical_velocity"": -8.32}, ""kalman_altitude"": 0.75, ""kalman_vertical_velocity"": -8.32, ""pyroDrogue"": 0, ""pyroMain"": 0, ""pyro1_state"": 0, ""pyro2_state"": 0}"
1768306839.073316,2026-01-13T15:20:39.073316,2279,0,0,-0.7,0.07,0.65,-44.34,6,-9.24,-3.54,-2.68,0,0,0,220502,852.87,28,0.97,0,0,0,0,-80,0.97,-8.29,BEACON,"{""record_number"": 2279, ""operation_mode"": 0, ""state"": 0, ""battery_voltage"": 0, ""wifi_rssi"": -80, ""acc_data"": {""ax"": -0.7, ""ay"": 0.07, ""az"": 0.65, ""pitch"": -44.34, ""roll"": 6}, ""gyro_data"": {""gx"": -9.24, ""gy"": -3.54, ""gz"": -2.68}, ""gps_data"": {""latitude"": 0, ""longitude"": 0, ""gps_altitude"": 0, ""time"": 220502}, ""alt_data"": {""pressure"": 852.87, ""temperature"": 28, ""AGL"": 0.97, ""velocity"": 0, ""kalman_altitude"": 0.97, ""kalman_vertical_velocity"": -8.29}, ""chute_state"": {""pyro1_state"": 0, ""pyro2_state"": 0}, ""connection_status"": {""connected"": true, ""has_ever_connected"": true, ""packet_age_ms"": 0, ""timeout_exceeded"": false, ""rssi"": -80}, ""communication_mode"": ""BEACON"", ""timestamp"": 77606, ""packets_received"": 671, ""kalman_data"": {""altitude"": 0.97, ""vertical_velocity"": -8.29}, ""kalman_altitude"": 0.97, ""kalman_vertical_velocity"": -8.29, ""pyroDrogue"": 0, ""pyroMain"": 0, ""pyro1_state"": 0, ""pyro2_state"": 0}"
1768306839.175316,2026-01-13T15:20:39.175316,2280,0,0,-0.71,0.07,0.64,-44.42,6.21,-9.36,-3.99,-4.27,0,0,0,220502,852.88,28,0.9,0,0,0,0,-81,0.9,-8.31,BEACON,"{""record_number"": 2280, ""operation_mode"": 0, ""state"": 0, ""battery_voltage"": 0, ""wifi_rssi"": -81, ""acc_data"": {""ax"": -0.71, ""ay"": 0.07, ""az"": 0.64, ""pitch"": -44.42, ""roll"": 6.21}, ""gyro_data"": {""gx"": -9.36, ""gy"": -3.99, ""gz"": -4.27}, ""gps_data"": {""latitude"": 0, ""longitude"": 0, ""gps_altitude"": 0, ""time"": 220502}, ""alt_data"": {""pressure"": 852.88, ""temperature"": 28, ""AGL"": 0.9, ""velocity"": 0, ""kalman_altitude"": 0.9, ""kalman_vertical_velocity"": -8.31}, ""chute_state"": {""pyro1_state"": 0, ""pyro2_state"": 0}, ""connection_status"": {""connected"": true, ""has_ever_connected"": true, ""packet_age_ms"": 0, ""timeout_exceeded"": false, ""rssi"": -81}, ""communication_mode"": ""BEACON"", ""timestamp"": 77719, ""packets_received"": 672, ""kalman_data"": {""altitude"": 0.9, ""vertical_velocity"": -8.31}, ""kalman_altitude"": 0.9, ""kalman_vertical_velocity"": -8.31, ""pyroDrogue"": 0, ""pyroMain"": 0, ""pyro1_state"": 0, ""pyro2_state"": 0}"
1768306839.236318,2026-01-13T15:20:39.236318,2282,0,0,-0.7,0.07,0.64,-44.78,6.12,-9.27,-4.24,-3.38,0,0,0,220705,852.86,28,1.08,0,0,0,0,-80,1.07,-8.28,BEACON,"{""record_number"": 2282, ""operation_mode"": 0, ""state"": 0, ""battery_voltage"": 0, ""wifi_rssi"": -80, ""acc_data"": {""ax"": -0.7, ""ay"": 0.07, ""az"": 0.64, ""pitch"": -44.78, ""roll"": 6.12}, ""gyro_data"": {""gx"": -9.27, ""gy"": -4.24, ""gz"": -3.38}, ""gps_data"": {""latitude"": 0, ""longitude"": 0, ""gps_altitude"": 0, ""time"": 220705}, ""alt_data"": {""pressure"": 852.86, ""temperature"": 28, ""AGL"": 1.08, ""velocity"": 0, ""kalman_altitude"": 1.07, ""kalman_vertical_velocity"": -8.28}, ""chute_state"": {""pyro1_state"": 0, ""pyro2_state"": 0}, ""connection_status"": {""connected"": true, ""has_ever_connected"": true, ""packet_age_ms"": 0, ""timeout_exceeded"": false, ""rssi"": -80}, ""communication_mode"": ""BEACON"", ""timestamp"": 77832, ""packets_received"": 673, ""kalman_data"": {""altitude"": 1.07, ""vertical_velocity"": -8.28}, ""kalman_altitude"": 1.07, ""kalman_vertical_velocity"": -8.28, ""pyroDrogue"": 0, ""pyroMain"": 0, ""pyro1_state"": 0, ""pyro2_state"": 0}"
1768306839.270319,2026-01-13T15:20:39.270319,2283,0,0,-0.7,0.07,0.64,-44.5,6.03,-9.15,-2.77,-3.32,0,0,0,220705,852.82,28,1.51,0,0,0,0,-80,1.51,-8.2,BEACON,"{""record_number"": 2283, ""operation_mode"": 0, ""state"": 0, ""battery_voltage"": 0, ""wifi_rssi"": -80, ""acc_data"": {""ax"": -0.7, ""ay"": 0.07, ""az"": 0.64, ""pitch"": -44.5, ""roll"": 6.03}, ""gyro_data"": {""gx"": -9.15, ""gy"": -2.77, ""gz"": -3.32}, ""gps_data"": {""latitude"": 0, ""longitude"": 0, ""gps_altitude"": 0, ""time"": 220705}, ""alt_data"": {""pressure"": 852.82, ""temperature"": 28, ""AGL"": 1.51, ""velocity"": 0, ""kalman_altitude"": 1.51, ""kalman_vertical_velocity"": -8.2}, ""chute_state"": {""pyro1_state"": 0, ""pyro2_state"": 0}, ""connection_status"": {""connected"": true, ""has_ever_connected"": true, ""packet_age_ms"": 0, ""timeout_exceeded"": false, ""rssi"": -80}, ""communication_mode"": ""BEACON"", ""timestamp"": 77945, ""packets_received"": 674, ""kalman_data"": {""altitude"": 1.51, ""vertical_velocity"": -8.2}, ""kalman_altitude"": 1.51, ""kalman_vertical_velocity"": -8.2, ""pyroDrogue"": 0, ""pyroMain"": 0, ""pyro1_state"": 0, ""pyro2_state"": 0}"
1768306839.397858,2026-01-13T15:20:39.397858,2284,0,0,-0.69,0.07,0.64,-44.34,6.29,-9.54,-3.02,-4.12,0,0,0,220907,852.83,28,1.36,0,0,0,0,-80,1.37,-8.23,BEACON,"{""record_number"": 2284, ""operation_mode"": 0, ""state"": 0, ""battery_voltage"": 0, ""wifi_rssi"": -80, ""acc_data"": {""ax"": -0.69, ""ay"": 0.07, ""az"": 0.64, ""pitch"": -44.34, ""roll"": 6.29}, ""gyro_data"": {""gx"": -9.54, ""gy"": -3.02, ""gz"": -4.12}, ""gps_data"": {""latitude"": 0, ""longitude"": 0, ""gps_altitude"": 0, ""time"": 220907}, ""alt_data"": {""pressure"": 852.83, ""temperature"": 28, ""AGL"": 1.36, ""velocity"": 0, ""kalman_altitude"": 1.37, ""kalman_vertical_velocity"": -8.23}, ""chute_state"": {""pyro1_state"": 0, ""pyro2_state"": 0}, ""connection_status"": {""connected"": true, ""has_ever_connected"": true, ""packet_age_ms"": 0, ""timeout_exceeded"": false, ""rssi"": -80}, ""communication_mode"": ""BEACON"", ""timestamp"": 78058, ""packets_received"": 675, ""kalman_data"": {""altitude"": 1.37, ""vertical_velocity"": -8.23}, ""kalman_altitude"": 1.37, ""kalman_vertical_velocity"": -8.23, ""pyroDrogue"": 0, ""pyroMain"": 0, ""pyro1_state"": 0, ""pyro2_state"": 0}"
1768306839.475855,2026-01-13T15:20:39.475855,2286,0,0,-0.7,0.07,0.65,-44.03,6.19,-8.9,-2.56,-3.51,0,0,0,221106,852.86,28,1.11,0,0,0,0,-81,1.12,-8.28,BEACON,"{""record_number"": 2286, ""operation_mode"": 0, ""state"": 0, ""battery_voltage"": 0, ""wifi_rssi"": -81, ""acc_data"": {""ax"": -0.7, ""ay"": 0.07, ""az"": 0.65, ""pitch"": -44.03, ""roll"": 6.19}, ""gyro_data"": {""gx"": -8.9, ""gy"": -2.56, ""gz"": -3.51}, ""gps_data"": {""latitude"": 0, ""longitude"": 0, ""gps_altitude"": 0, ""time"": 221106}, ""alt_data"": {""pressure"": 852.86, ""temperature"": 28, ""AGL"": 1.11, ""velocity"": 0, ""kalman_altitude"": 1.12, ""kalman_vertical_velocity"": -8.28}, ""chute_state"": {""pyro1_state"": 0, ""pyro2_state"": 0}, ""connection_status"": {""connected"": true, ""has_ever_connected"": true, ""packet_age_ms"": 0, ""timeout_exceeded"": false, ""rssi"": -81}, ""communication_mode"": ""BEACON"", ""timestamp"": 78171, ""packets_received"": 676, ""kalman_data"": {""altitude"": 1.12, ""vertical_velocity"": -8.28}, ""kalman_altitude"": 1.12, ""kalman_vertical_velocity"": -8.28, ""pyroDrogue"": 0, ""pyroMain"": 0, ""pyro1_state"": 0, ""pyro2_state"": 0}"
1768306839.561854,2026-01-13T15:20:39.561854,2287,0,0,-0.7,0.07,0.64,-44.62,6.08,-9.57,-2.87,-4.15,0,0,0,221106,852.83,28.01,1.43,0,0,0,0,-81,1.43,-8.23,BEACON,"{""record_number"": 2287, ""operation_mode"": 0, ""state"": 0, ""battery_voltage"": 0, ""wifi_rssi"": -81, ""acc_data"": {""ax"": -0.7, ""ay"": 0.07, ""az"": 0.64, ""pitch"": -44.62, ""roll"": 6.08}, ""gyro_data"": {""gx"": -9.57, ""gy"": -2.87, ""gz"": -4.15}, ""gps_data"": {""latitude"": 0, ""longitude"": 0, ""gps_altitude"": 0, ""time"": 221106}, ""alt_data"": {""pressure"": 852.83, ""temperature"": 28.01, ""AGL"": 1.43, ""velocity"": 0, ""kalman_altitude"": 1.43, ""kalman_vertical_velocity"": -8.23}, ""chute_state"": {""pyro1_state"": 0, ""pyro2_state"": 0}, ""connection_status"": {""connected"": true, ""has_ever_connected"": true, ""packet_age_ms"": 0, ""timeout_exceeded"": false, ""rssi"": -81}, ""communication_mode"": ""BEACON"", ""timestamp"": 78284, ""packets_received"": 677, ""kalman_data"": {""altitude"": 1.43, ""vertical_velocity"": -8.23}, ""kalman_altitude"": 1.43, ""kalman_vertical_velocity"": -8.23, ""pyroDrogue"": 0, ""pyroMain"": 0, ""pyro1_state"": 0, ""pyro2_state"": 0}"
1768306839.645874,2026-01-13T15:20:39.645874,2288,0,0,-0.7,0.07,0.65,-44.66,6.3,-8.84,-3.96,-3.87,0,0,0,221306,852.77,28,1.94,0,0,0,0,-79,1.94,-8.14,BEACON,"{""record_number"": 2288, ""operation_mode"": 0, ""state"": 0, ""battery_voltage"": 0, ""wifi_rssi"": -79, ""acc_data"": {""ax"": -0.7, ""ay"": 0.07, ""az"": 0.65, ""pitch"": -44.66, ""roll"": 6.3}, ""gyro_data"": {""gx"": -8.84, ""gy"": -3.96, ""gz"": -3.87}, ""gps_data"": {""latitude"": 0, ""longitude"": 0, ""gps_altitude"": 0, ""time"": 221306}, ""alt_data"": {""pressure"": 852.77, ""temperature"": 28, ""AGL"": 1.94, ""velocity"": 0, ""kalman_altitude"": 1.94, ""kalman_vertical_velocity"": -8.14}, ""chute_state"": {""pyro1_state"": 0, ""pyro2_state"": 0}, ""connection_status"": {""connected"": true, ""has_ever_connected"": true, ""packet_age_ms"": 0, ""timeout_exceeded"": false, ""rssi"": -79}, ""communication_mode"": ""BEACON"", ""timestamp"": 78397, ""packets_received"": 678, ""kalman_data"": {""altitude"": 1.94, ""vertical_velocity"": -8.14}, ""kalman_altitude"": 1.94, ""kalman_vertical_velocity"": -8.14, ""pyroDrogue"": 0, ""pyroMain"": 0, ""pyro1_state"": 0, ""pyro2_state"": 0}"
1768306839.712851,2026-01-13T15:20:39.712851,2290,0,0,-0.69,0.07,0.64,-44.42,6.59,-9.76,-3.54,-3.66,0,0,0,221306,852.84,28,1.33,0,0,0,0,-80,1.34,-8.26,BEACON,"{""record_number"": 2290, ""operation_mode"": 0, ""state"": 0, ""battery_voltage"": 0, ""wifi_rssi"": -80, ""acc_data"": {""ax"": -0.69, ""ay"": 0.07, ""az"": 0.64, ""pitch"": -44.42, ""roll"": 6.59}, ""gyro_data"": {""gx"": -9.76, ""gy"": -3.54, ""gz"": -3.66}, ""gps_data"": {""latitude"": 0, ""longitude"": 0, ""gps_altitude"": 0, ""time"": 221306}, ""alt_data"": {""pressure"": 852.84, ""temperature"": 28, ""AGL"": 1.33, ""velocity"": 0, ""kalman_altitude"": 1.34, ""kalman_vertical_velocity"": -8.26}, ""chute_state"": {""pyro1_state"": 0, ""pyro2_state"": 0}, ""connection_status"": {""connected"": true, ""has_ever_connected"": true, ""packet_age_ms"": 0, ""timeout_exceeded"": false, ""rssi"": -80}, ""communication_mode"": ""BEACON"", ""timestamp"": 78508, ""packets_received"": 679, ""kalman_data"": {""altitude"": 1.34, ""vertical_velocity"": -8.26}, ""kalman_altitude"": 1.34, ""kalman_vertical_velocity"": -8.26, ""pyroDrogue"": 0, ""pyroMain"": 0, ""pyro1_state"": 0, ""pyro2_state"": 0}"
1768306839.802857,2026-01-13T15:20:39.802857,2291,0,0,-0.7,0.08,0.64,-44.03,6,-9.18,-3.11,-3.32,0,0,0,221506,852.88,28.01,0.89,0,0,0,0,-80,0.89,-8.35,BEACON,"{""record_number"": 2291, ""operation_mode"": 0, ""state"": 0, ""battery_voltage"": 0, ""wifi_rssi"": -80, ""acc_data"": {""ax"": -0.7, ""ay"": 0.08, ""az"": 0.64, ""pitch"": -44.03, ""roll"": 6}, ""gyro_data"": {""gx"": -9.18, ""gy"": -3.11, ""gz"": -3.32}, ""gps_data"": {""latitude"": 0, ""longitude"": 0, ""gps_altitude"": 0, ""time"": 221506}, ""alt_data"": {""pressure"": 852.88, ""temperature"": 28.01, ""AGL"": 0.89, ""velocity"": 0, ""kalman_altitude"": 0.89, ""kalman_vertical_velocity"": -8.35}, ""chute_state"": {""pyro1_state"": 0, ""pyro2_state"": 0}, ""connection_status"": {""connected"": true, ""has_ever_connected"": true, ""packet_age_ms"": 0, ""timeout_exceeded"": false, ""rssi"": -80}, ""communication_mode"": ""BEACON"", ""timestamp"": 78621, ""packets_received"": 680, ""kalman_data"": {""altitude"": 0.89, ""vertical_velocity"": -8.35}, ""kalman_altitude"": 0.89, ""kalman_vertical_velocity"": -8.35, ""pyroDrogue"": 0, ""pyroMain"": 0, ""pyro1_state"": 0, ""pyro2_state"": 0}"
1768306839.898013,2026-01-13T15:20:39.898013,2292,0,0,-0.69,0.07,0.64,-45.13,5.9,-9.45,-2.84,-3.78,0,0,0,221506,852.84,28,1.29,0,0,0,0,-81,1.29,-8.28,BEACON,"{""record_number"": 2292, ""operation_mode"": 0, ""state"": 0, ""battery_voltage"": 0, ""wifi_rssi"": -81, ""acc_data"": {""ax"": -0.69, ""ay"": 0.07, ""az"": 0.64, ""pitch"": -45.13, ""roll"": 5.9}, ""gyro_data"": {""gx"": -9.45, ""gy"": -2.84, ""gz"": -3.78}, ""gps_data"": {""latitude"": 0, ""longitude"": 0, ""gps_altitude"": 0, ""time"": 221506}, ""alt_data"": {""pressure"": 852.84, ""temperature"": 28, ""AGL"": 1.29, ""velocity"": 0, ""kalman_altitude"": 1.29, ""kalman_vertical_velocity"": -8.28}, ""chute_state"": {""pyro1_state"": 0, ""pyro2_state"": 0}, ""connection_status"": {""connected"": true, ""has_ever_connected"": true, ""packet_age_ms"": 0, ""timeout_exceeded"": false, ""rssi"": -81}, ""communication_mode"": ""BEACON"", ""timestamp"": 78734, ""packets_received"": 681, ""kalman_data"": {""altitude"": 1.29, ""vertical_velocity"": -8.28}, ""kalman_altitude"": 1.29, ""kalman_vertical_velocity"": -8.28, ""pyroDrogue"": 0, ""pyroMain"": 0, ""pyro1_state"": 0, ""pyro2_state"": 0}"
1768306839.980891,2026-01-13T15:20:39.980891,2294,0,0,-0.7,0.07,0.64,-44.74,6.17,-9.21,-2.84,-2.93,0,0,0,221711,852.85,28,1.18,0,0,0,0,-80,1.19,-8.3,BEACON,"{""record_number"": 2294, ""operation_mode"": 0, ""state"": 0, ""battery_voltage"": 0, ""wifi_rssi"": -80, ""acc_data"": {""ax"": -0.7, ""ay"": 0.07, ""az"": 0.64, ""pitch"": -44.74, ""roll"": 6.17}, ""gyro_data"": {""gx"": -9.21, ""gy"": -2.84, ""gz"": -2.93}, ""gps_data"": {""latitude"": 0, ""longitude"": 0, ""gps_altitude"": 0, ""time"": 221711}, ""alt_data"": {""pressure"": 852.85, ""temperature"": 28, ""AGL"": 1.18, ""velocity"": 0, ""kalman_altitude"": 1.19, ""kalman_vertical_velocity"": -8.3}, ""chute_state"": {""pyro1_state"": 0, ""pyro2_state"": 0}, ""connection_status"": {""connected"": true, ""has_ever_connected"": true, ""packet_age_ms"": 0, ""timeout_exceeded"": false, ""rssi"": -80}, ""communication_mode"": ""BEACON"", ""timestamp"": 78847, ""packets_received"": 682, ""kalman_data"": {""altitude"": 1.19, ""vertical_velocity"": -8.3}, ""kalman_altitude"": 1.19, ""kalman_vertical_velocity"": -8.3, ""pyroDrogue"": 0, ""pyroMain"": 0, ""pyro1_state"": 0, ""pyro2_state"": 0}"
1768306840.9385,2026-01-13T15:20:40.938500,2295,0,0,-0.7,0.07,0.64,-44.66,6.17,-9.45,-3.41,-3.72,0,0,0,221912,852.84,28,1.33,0,0,0,0,-80,1.33,-8.28,BEACON,"{""record_number"": 2295, ""operation_mode"": 0, ""state"": 0, ""battery_voltage"": 0, ""wifi_rssi"": -80, ""acc_data"": {""ax"": -0.7, ""ay"": 0.07, ""az"": 0.64, ""pitch"": -44.66, ""roll"": 6.17}, ""gyro_data"": {""gx"": -9.45, ""gy"": -3.41, ""gz"": -3.72}, ""gps_data"": {""latitude"": 0, ""longitude"": 0, ""gps_altitude"": 0, ""time"": 221912}, ""alt_data"": {""pressure"": 852.84, ""temperature"": 28, ""AGL"": 1.33, ""velocity"": 0, ""kalman_altitude"": 1.33, ""kalman_vertical_velocity"": -8.28}, ""chute_state"": {""pyro1_state"": 0, ""pyro2_state"": 0}, ""connection_status"": {""connected"": true, ""has_ever_connected"": true, ""packet_age_ms"": 0, ""timeout_exceeded"": false, ""rssi"": -80}, ""communication_mode"": ""BEACON"", ""timestamp"": 78961, ""packets_received"": 683, ""kalman_data"": {""altitude"": 1.33, ""vertical_velocity"": -8.28}, ""kalman_altitude"": 1.33, ""kalman_vertical_velocity"": -8.28, ""pyroDrogue"": 0, ""pyroMain"": 0, ""pyro1_state"": 0, ""pyro2_state"": 0}"
1768306841.225973,2026-01-13T15:20:41.225973,2296,0,0,-0.7,0.06,0.64,-44.42,6.23,-8.66,-3.54,-3.29,0,0,0,221912,852.82,28,1.48,0,0,0,0,-80,1.47,-8.26,BEACON,"{""record_number"": 2296, ""operation_mode"": 0, ""state"": 0, ""battery_voltage"": 0, ""wifi_rssi"": -80, ""acc_data"": {""ax"": -0.7, ""ay"": 0.06, ""az"": 0.64, ""pitch"": -44.42, ""roll"": 6.23}, ""gyro_data"": {""gx"": -8.66, ""gy"": -3.54, ""gz"": -3.29}, ""gps_data"": {""latitude"": 0, ""longitude"": 0, ""gps_altitude"": 0, ""time"": 221912}, ""alt_data"": {""pressure"": 852.82, ""temperature"": 28, ""AGL"": 1.48, ""velocity"": 0, ""kalman_altitude"": 1.47, ""kalman_vertical_velocity"": -8.26}, ""chute_state"": {""pyro1_state"": 0, ""pyro2_state"": 0}, ""connection_status"": {""connected"": true, ""has_ever_connected"": true, ""packet_age_ms"": 1, ""timeout_exceeded"": false, ""rssi"": -80}, ""communication_mode"": ""BEACON"", ""timestamp"": 79074, ""packets_received"": 684, ""kalman_data"": {""altitude"": 1.47, ""vertical_velocity"": -8.26}, ""kalman_altitude"": 1.47, ""kalman_vertical_velocity"": -8.26, ""pyroDrogue"": 0, ""pyroMain"": 0, ""pyro1_state"": 0, ""pyro2_state"": 0}"
1768306841.293582,2026-01-13T15:20:41.293582,2298,0,0,-0.7,0.08,0.65,-44.42,6.28,-8.78,-2.87,-3.48,0,0,0,222111,852.81,28,1.58,0,0,0,0,-80,1.58,-8.24,BEACON,"{""record_number"": 2298, ""operation_mode"": 0, ""state"": 0, ""battery_voltage"": 0, ""wifi_rssi"": -80, ""acc_data"": {""ax"": -0.7, ""ay"": 0.08, ""az"": 0.65, ""pitch"": -44.42, ""roll"": 6.28}, ""gyro_data"": {""gx"": -8.78, ""gy"": -2.87, ""gz"": -3.48}, ""gps_data"": {""latitude"": 0, ""longitude"": 0, ""gps_altitude"": 0, ""time"": 222111}, ""alt_data"": {""pressure"": 852.81, ""temperature"": 28, ""AGL"": 1.58, ""velocity"": 0, ""kalman_altitude"": 1.58, ""kalman_vertical_velocity"": -8.24}, ""chute_state"": {""pyro1_state"": 0, ""pyro2_state"": 0}, ""connection_status"": {""connected"": true, ""has_ever_connected"": true, ""packet_age_ms"": 0, ""timeout_exceeded"": false, ""rssi"": -80}, ""communication_mode"": ""BEACON"", ""timestamp"": 79186, ""packets_received"": 685, ""kalman_data"": {""altitude"": 1.58, ""vertical_velocity"": -8.24}, ""kalman_altitude"": 1.58, ""kalman_vertical_velocity"": -8.24, ""pyroDrogue"": 0, ""pyroMain"": 0, ""pyro1_state"": 0, ""pyro2_state"": 0}"
1768306841.337691,2026-01-13T15:20:41.337691,2299,0,0,-0.7,0.07,0.63,-44.19,6.54,-9.51,-2.74,-3.54,0,0,0,222111,852.81,28,1.54,0,0,0,0,-80,1.54,-8.26,BEACON,"{""record_number"": 2299, ""operation_mode"": 0, ""state"": 0, ""battery_voltage"": 0, ""wifi_rssi"": -80, ""acc_data"": {""ax"": -0.7, ""ay"": 0.07, ""az"": 0.63, ""pitch"": -44.19, ""roll"": 6.54}, ""gyro_data"": {""gx"": -9.51, ""gy"": -2.74, ""gz"": -3.54}, ""gps_data"": {""latitude"": 0, ""longitude"": 0, ""gps_altitude"": 0, ""time"": 222111}, ""alt_data"": {""pressure"": 852.81, ""temperature"": 28, ""AGL"": 1.54, ""velocity"": 0, ""kalman_altitude"": 1.54, ""kalman_vertical_velocity"": -8.26}, ""chute_state"": {""pyro1_state"": 0, ""pyro2_state"": 0}, ""connection_status"": {""connected"": true, ""has_ever_connected"": true, ""packet_age_ms"": 0, ""timeout_exceeded"": false, ""rssi"": -80}, ""communication_mode"": ""BEACON"", ""timestamp"": 79299, ""packets_received"": 686, ""kalman_data"": {""altitude"": 1.54, ""vertical_velocity"": -8.26}, ""kalman_altitude"": 1.54, ""kalman_vertical_velocity"": -8.26, ""pyroDrogue"": 0, ""pyroMain"": 0, ""pyro1_state"": 0, ""pyro2_state"": 0}"
1768306841.38024,2026-01-13T15:20:41.380240,2300,0,0,-0.71,0.07,0.65,-44.27,6.33,-10.09,-3.14,-3.32,0,0,0,222312,852.84,28,1.29,0,0,0,0,-81,1.29,-8.31,BEACON,"{""record_number"": 2300, ""operation_mode"": 0, ""state"": 0, ""battery_voltage"": 0, ""wifi_rssi"": -81, ""acc_data"": {""ax"": -0.71, ""ay"": 0.07, ""az"": 0.65, ""pitch"": -44.27, ""roll"": 6.33}, ""gyro_data"": {""gx"": -10.09, ""gy"": -3.14, ""gz"": -3.32}, ""gps_data"": {""latitude"": 0, ""longitude"": 0, ""gps_altitude"": 0, ""time"": 222312}, ""alt_data"": {""pressure"": 852.84, ""temperature"": 28, ""AGL"": 1.29, ""velocity"": 0, ""kalman_altitude"": 1.29, ""kalman_vertical_velocity"": -8.31}, ""chute_state"": {""pyro1_state"": 0, ""pyro2_state"": 0}, ""connection_status"": {""connected"": true, ""has_ever_connected"": true, ""packet_age_ms"": 0, ""timeout_exceeded"": false, ""rssi"": -81}, ""communication_mode"": ""BEACON"", ""timestamp"": 79412, ""packets_received"": 687, ""kalman_data"": {""altitude"": 1.29, ""vertical_velocity"": -8.31}, ""kalman_altitude"": 1.29, ""kalman_vertical_velocity"": -8.31, ""pyroDrogue"": 0, ""pyroMain"": 0, ""pyro1_state"": 0, ""pyro2_state"": 0}"
1768306841.44244,2026-01-13T15:20:41.442440,2302,0,0,-0.71,0.07,0.64,-44.27,6.38,-8.72,-3.35,-3.9,0,0,0,222312,852.79,28,1.79,0,0,0,0,-81,1.79,-8.22,BEACON,"{""record_number"": 2302, ""operation_mode"": 0, ""state"": 0, ""battery_voltage"": 0, ""wifi_rssi"": -81, ""acc_data"": {""ax"": -0.71, ""ay"": 0.07, ""az"": 0.64, ""pitch"": -44.27, ""roll"": 6.38}, ""gyro_data"": {""gx"": -8.72, ""gy"": -3.35, ""gz"": -3.9}, ""gps_data"": {""latitude"": 0, ""longitude"": 0, ""gps_altitude"": 0, ""time"": 222312}, ""alt_data"": {""pressure"": 852.79, ""temperature"": 28, ""AGL"": 1.79, ""velocity"": 0, ""kalman_altitude"": 1.79, ""kalman_vertical_velocity"": -8.22}, ""chute_state"": {""pyro1_state"": 0, ""pyro2_state"": 0}, ""connection_status"": {""connected"": true, ""has_ever_connected"": true, ""packet_age_ms"": 0, ""timeout_exceeded"": false, ""rssi"": -81}, ""communication_mode"": ""BEACON"", ""timestamp"": 79525, ""packets_received"": 688, ""kalman_data"": {""altitude"": 1.79, ""vertical_velocity"": -8.22}, ""kalman_altitude"": 1.79, ""kalman_vertical_velocity"": -8.22, ""pyroDrogue"": 0, ""pyroMain"": 0, ""pyro1_state"": 0, ""pyro2_state"": 0}"
1768306841.480427,2026-01-13T15:20:41.480427,2303,0,0,-0.7,0.07,0.64,-44.54,5.75,-9.54,-2.93,-3.45,0,0,0,222512,852.83,28,1.4,0,0,0,0,-80,1.41,-8.3,BEACON,"{""record_number"": 2303, ""operation_mode"": 0, ""state"": 0, ""battery_voltage"": 0, ""wifi_rssi"": -80, ""acc_data"": {""ax"": -0.7, ""ay"": 0.07, ""az"": 0.64, ""pitch"": -44.54, ""roll"": 5.75}, ""gyro_data"": {""gx"": -9.54, ""gy"": -2.93, ""gz"": -3.45}, ""gps_data"": {""latitude"": 0, ""longitude"": 0, ""gps_altitude"": 0, ""time"": 222512}, ""alt_data"": {""pressure"": 852.83, ""temperature"": 28, ""AGL"": 1.4, ""velocity"": 0, ""kalman_altitude"": 1.41, ""kalman_vertical_velocity"": -8.3}, ""chute_state"": {""pyro1_state"": 0, ""pyro2_state"": 0}, ""connection_status"": {""connected"": true, ""has_ever_connected"": true, ""packet_age_ms"": 0, ""timeout_exceeded"": false, ""rssi"": -80}, ""communication_mode"": ""BEACON"", ""timestamp"": 79638, ""packets_received"": 689, ""kalman_data"": {""altitude"": 1.41, ""vertical_velocity"": -8.3}, ""kalman_altitude"": 1.41, ""kalman_vertical_velocity"": -8.3, ""pyroDrogue"": 0, ""pyroMain"": 0, ""pyro1_state"": 0, ""pyro2_state"": 0}"
1768306841.530557,2026-01-13T15:20:41.530557,2304,0,0,-0.7,0.06,0.64,-44.5,5.68,-9.48,-2.96,-3.05,0,0,0,222512,852.85,28.01,1.17,0,0,0,0,-81,1.17,-8.35,BEACON,"{""record_number"": 2304, ""operation_mode"": 0, ""state"": 0, ""battery_voltage"": 0, ""wifi_rssi"": -81, ""acc_data"": {""ax"": -0.7, ""ay"": 0.06, ""az"": 0.64, ""pitch"": -44.5, ""roll"": 5.68}, ""gyro_data"": {""gx"": -9.48, ""gy"": -2.96, ""gz"": -3.05}, ""gps_data"": {""latitude"": 0, ""longitude"": 0, ""gps_altitude"": 0, ""time"": 222512}, ""alt_data"": {""pressure"": 852.85, ""temperature"": 28.01, ""AGL"": 1.17, ""velocity"": 0, ""kalman_altitude"": 1.17, ""kalman_vertical_velocity"": -8.35}, ""chute_state"": {""pyro1_state"": 0, ""pyro2_state"": 0}, ""connection_status"": {""connected"": true, ""has_ever_connected"": true, ""packet_age_ms"": 0, ""timeout_exceeded"": false, ""rssi"": -81}, ""communication_mode"": ""BEACON"", ""timestamp"": 79751, ""packets_received"": 690, ""kalman_data"": {""altitude"": 1.17, ""vertical_velocity"": -8.35}, ""kalman_altitude"": 1.17, ""kalman_vertical_velocity"": -8.35, ""pyroDrogue"": 0, ""pyroMain"": 0, ""pyro1_state"": 0, ""pyro2_state"": 0}"
1768306841.580555,2026-01-13T15:20:41.580555,2305,0,0,-0.69,0.07,0.64,-44.54,6.12,-9.63,-3.35,-3.75,0,0,0,222716,852.83,28,1.4,0,0,0,0,-80,1.4,-8.31,BEACON,"{""record_number"": 2305, ""operation_mode"": 0, ""state"": 0, ""battery_voltage"": 0, ""wifi_rssi"": -80, ""acc_data"": {""ax"": -0.69, ""ay"": 0.07, ""az"": 0.64, ""pitch"": -44.54, ""roll"": 6.12}, ""gyro_data"": {""gx"": -9.63, ""gy"": -3.35, ""gz"": -3.75}, ""gps_data"": {""latitude"": 0, ""longitude"": 0, ""gps_altitude"": 0, ""time"": 222716}, ""alt_data"": {""pressure"": 852.83, ""temperature"": 28, ""AGL"": 1.4, ""velocity"": 0, ""kalman_altitude"": 1.4, ""kalman_vertical_velocity"": -8.31}, ""chute_state"": {""pyro1_state"": 0, ""pyro2_state"": 0}, ""connection_status"": {""connected"": true, ""has_ever_connected"": true, ""packet_age_ms"": 0, ""timeout_exceeded"": false, ""rssi"": -80}, ""communication_mode"": ""BEACON"", ""timestamp"": 79867, ""packets_received"": 691, ""kalman_data"": {""altitude"": 1.4, ""vertical_velocity"": -8.31}, ""kalman_altitude"": 1.4, ""kalman_vertical_velocity"": -8.31, ""pyroDrogue"": 0, ""pyroMain"": 0, ""pyro1_state"": 0, ""pyro2_state"": 0}"
1768306841.625555,2026-01-13T15:20:41.625555,2307,0,0,-0.7,0.07,0.65,-44.85,6.22,-9.42,-4.05,-3.75,0,0,0,222918,852.85,28.01,1.21,0,0,0,0,-80,1.21,-8.35,BEACON,"{""record_number"": 2307, ""operation_mode"": 0, ""state"": 0, ""battery_voltage"": 0, ""wifi_rssi"": -80, ""acc_data"": {""ax"": -0.7, ""ay"": 0.07, ""az"": 0.65, ""pitch"": -44.85, ""roll"": 6.22}, ""gyro_data"": {""gx"": -9.42, ""gy"": -4.05, ""gz"": -3.75}, ""gps_data"": {""latitude"": 0, ""longitude"": 0, ""gps_altitude"": 0, ""time"": 222918}, ""alt_data"": {""pressure"": 852.85, ""temperature"": 28.01, ""AGL"": 1.21, ""velocity"": 0, ""kalman_altitude"": 1.21, ""kalman_vertical_velocity"": -8.35}, ""chute_state"": {""pyro1_state"": 0, ""pyro2_state"": 0}, ""connection_status"": {""connected"": true, ""has_ever_connected"": true, ""packet_age_ms"": 1, ""timeout_exceeded"": false, ""rssi"": -80}, ""communication_mode"": ""BEACON"", ""timestamp"": 79978, ""packets_received"": 692, ""kalman_data"": {""altitude"": 1.21, ""vertical_velocity"": -8.35}, ""kalman_altitude"": 1.21, ""kalman_vertical_velocity"": -8.35, ""pyroDrogue"": 0, ""pyroMain"": 0, ""pyro1_state"": 0, ""pyro2_state"": 0}"
1768306841.676256,2026-01-13T15:20:41.676256,2308,0,0,-0.7,0.07,0.64,-44.46,6.44,-8.29,-2.56,-3.41,0,0,0,222918,852.87,28.02,0.95,0,0,0,0,-80,0.95,-8.41,BEACON,"{""record_number"": 2308, ""operation_mode"": 0, ""state"": 0, ""battery_voltage"": 0, ""wifi_rssi"": -80, ""acc_data"": {""ax"": -0.7, ""ay"": 0.07, ""az"": 0.64, ""pitch"": -44.46, ""roll"": 6.44}, ""gyro_data"": {""gx"": -8.29, ""gy"": -2.56, ""gz"": -3.41}, ""gps_data"": {""latitude"": 0, ""longitude"": 0, ""gps_altitude"": 0, ""time"": 222918}, ""alt_data"": {""pressure"": 852.87, ""temperature"": 28.02, ""AGL"": 0.95, ""velocity"": 0, ""kalman_altitude"": 0.95, ""kalman_vertical_velocity"": -8.41}, ""chute_state"": {""pyro1_state"": 0, ""pyro2_state"": 0}, ""connection_status"": {""connected"": true, ""has_ever_connected"": true, ""packet_age_ms"": 0, ""timeout_exceeded"": false, ""rssi"": -80}, ""communication_mode"": ""BEACON"", ""timestamp"": 80090, ""packets_received"": 693, ""kalman_data"": {""altitude"": 0.95, ""vertical_velocity"": -8.41}, ""kalman_altitude"": 0.95, ""kalman_vertical_velocity"": -8.41, ""pyroDrogue"": 0, ""pyroMain"": 0, ""pyro1_state"": 0, ""pyro2_state"": 0}"
1768306841.727293,2026-01-13T15:20:41.727293,2310,0,0,-0.7,0.08,0.64,-43.95,6.55,-9.27,-2.84,-3.32,0,0,0,223118,852.89,28.02,0.77,0,0,0,0,-80,0.77,-8.44,BEACON,"{""record_number"": 2310, ""operation_mode"": 0, ""state"": 0, ""battery_voltage"": 0, ""wifi_rssi"": -80, ""acc_data"": {""ax"": -0.7, ""ay"": 0.08, ""az"": 0.64, ""pitch"": -43.95, ""roll"": 6.55}, ""gyro_data"": {""gx"": -9.27, ""gy"": -2.84, ""gz"": -3.32}, ""gps_data"": {""latitude"": 0, ""longitude"": 0, ""gps_altitude"": 0, ""time"": 223118}, ""alt_data"": {""pressure"": 852.89, ""temperature"": 28.02, ""AGL"": 0.77, ""velocity"": 0, ""kalman_altitude"": 0.77, ""kalman_vertical_velocity"": -8.44}, ""chute_state"": {""pyro1_state"": 0, ""pyro2_state"": 0}, ""connection_status"": {""connected"": true, ""has_ever_connected"": true, ""packet_age_ms"": 1, ""timeout_exceeded"": false, ""rssi"": -80}, ""communication_mode"": ""BEACON"", ""timestamp"": 80203, ""packets_received"": 694, ""kalman_data"": {""altitude"": 0.77, ""vertical_velocity"": -8.44}, ""kalman_altitude"": 0.77, ""kalman_vertical_velocity"": -8.44, ""pyroDrogue"": 0, ""pyroMain"": 0, ""pyro1_state"": 0, ""pyro2_state"": 0}"
1768306841.764267,2026-01-13T15:20:41.764267,2311,0,0,-0.7,0.07,0.64,-44.15,6.11,-8.02,-2.87,-3.38,0,0,0,223118,852.86,28.01,1.06,0,0,0,0,-80,1.07,-8.4,BEACON,"{""record_number"": 2311, ""operation_mode"": 0, ""state"": 0, ""battery_voltage"": 0, ""wifi_rssi"": -80, ""acc_data"": {""ax"": -0.7, ""ay"": 0.07, ""az"": 0.64, ""pitch"": -44.15, ""roll"": 6.11}, ""gyro_data"": {""gx"": -8.02, ""gy"": -2.87, ""gz"": -3.38}, ""gps_data"": {""latitude"": 0, ""longitude"": 0, ""gps_altitude"": 0, ""time"": 223118}, ""alt_data"": {""pressure"": 852.86, ""temperature"": 28.01, ""AGL"": 1.06, ""velocity"": 0, ""kalman_altitude"": 1.07, ""kalman_vertical_velocity"": -8.4}, ""chute_state"": {""pyro1_state"": 0, ""pyro2_state"": 0}, ""connection_status"": {""connected"": true, ""has_ever_connected"": true, ""packet_age_ms"": 0, ""timeout_exceeded"": false, ""rssi"": -80}, ""communication_mode"": ""BEACON"", ""timestamp"": 80314, ""packets_received"": 695, ""kalman_data"": {""altitude"": 1.07, ""vertical_velocity"": -8.4}, ""kalman_altitude"": 1.07, ""kalman_vertical_velocity"": -8.4, ""pyroDrogue"": 0, ""pyroMain"": 0, ""pyro1_state"": 0, ""pyro2_state"": 0}"
1768306841.819271,2026-01-13T15:20:41.819271,2312,0,0,-0.7,0.08,0.63,-44.11,6.17,-9.24,-3.54,-4.09,0,0,0,223318,852.84,28.01,1.28,0,0,0,0,-80,1.28,-8.36,BEACON,"{""record_number"": 2312, ""operation_mode"": 0, ""state"": 0, ""battery_voltage"": 0, ""wifi_rssi"": -80, ""acc_data"": {""ax"": -0.7, ""ay"": 0.08, ""az"": 0.63, ""pitch"": -44.11, ""roll"": 6.17}, ""gyro_data"": {""gx"": -9.24, ""gy"": -3.54, ""gz"": -4.09}, ""gps_data"": {""latitude"": 0, ""longitude"": 0, ""gps_altitude"": 0, ""time"": 223318}, ""alt_data"": {""pressure"": 852.84, ""temperature"": 28.01, ""AGL"": 1.28, ""velocity"": 0, ""kalman_altitude"": 1.28, ""kalman_vertical_velocity"": -8.36}, ""chute_state"": {""pyro1_state"": 0, ""pyro2_state"": 0}, ""connection_status"": {""connected"": true, ""has_ever_connected"": true, ""packet_age_ms"": 0, ""timeout_exceeded"": false, ""rssi"": -80}, ""communication_mode"": ""BEACON"", ""timestamp"": 80429, ""packets_received"": 696, ""kalman_data"": {""altitude"": 1.28, ""vertical_velocity"": -8.36}, ""kalman_altitude"": 1.28, ""kalman_vertical_velocity"": -8.36, ""pyroDrogue"": 0, ""pyroMain"": 0, ""pyro1_state"": 0, ""pyro2_state"": 0}"
1768306841.890271,2026-01-13T15:20:41.890271,2313,0,0,-0.7,0.07,0.64,-44.3,6.74,-9.7,-3.17,-3.93,0,0,0,223318,852.89,28.02,0.81,0,0,0,0,-80,0.81,-8.45,BEACON,"{""record_number"": 2313, ""operation_mode"": 0, ""state"": 0, ""battery_voltage"": 0, ""wifi_rssi"": -80, ""acc_data"": {""ax"": -0.7, ""ay"": 0.07, ""az"": 0.64, ""pitch"": -44.3, ""roll"": 6.74}, ""gyro_data"": {""gx"": -9.7, ""gy"": -3.17, ""gz"": -3.93}, ""gps_data"": {""latitude"": 0, ""longitude"": 0, ""gps_altitude"": 0, ""time"": 223318}, ""alt_data"": {""pressure"": 852.89, ""temperature"": 28.02, ""AGL"": 0.81, ""velocity"": 0, ""kalman_altitude"": 0.81, ""kalman_vertical_velocity"": -8.45}, ""chute_state"": {""pyro1_state"": 0, ""pyro2_state"": 0}, ""connection_status"": {""connected"": true, ""has_ever_connected"": true, ""packet_age_ms"": 0, ""timeout_exceeded"": false, ""rssi"": -80}, ""communication_mode"": ""BEACON"", ""timestamp"": 80539, ""packets_received"": 697, ""kalman_data"": {""altitude"": 0.81, ""vertical_velocity"": -8.45}, ""kalman_altitude"": 0.81, ""kalman_vertical_velocity"": -8.45, ""pyroDrogue"": 0, ""pyroMain"": 0, ""pyro1_state"": 0, ""pyro2_state"": 0}"
1768306841.969273,2026-01-13T15:20:41.969273,2315,0,0,-0.71,0.08,0.64,-44.11,5.98,-9.48,-2.74,-3.17,0,0,0,223518,852.85,28.01,1.18,0,0,0,0,-80,1.17,-8.39,BEACON,"{""record_number"": 2315, ""operation_mode"": 0, ""state"": 0, ""battery_voltage"": 0, ""wifi_rssi"": -80, ""acc_data"": {""ax"": -0.71, ""ay"": 0.08, ""az"": 0.64, ""pitch"": -44.11, ""roll"": 5.98}, ""gyro_data"": {""gx"": -9.48, ""gy"": -2.74, ""gz"": -3.17}, ""gps_data"": {""latitude"": 0, ""longitude"": 0, ""gps_altitude"": 0, ""time"": 223518}, ""alt_data"": {""pressure"": 852.85, ""temperature"": 28.01, ""AGL"": 1.18, ""velocity"": 0, ""kalman_altitude"": 1.17, ""kalman_vertical_velocity"": -8.39}, ""chute_state"": {""pyro1_state"": 0, ""pyro2_state"": 0}, ""connection_status"": {""connected"": true, ""has_ever_connected"": true, ""packet_age_ms"": 0, ""timeout_exceeded"": false, ""rssi"": -80}, ""communication_mode"": ""BEACON"", ""timestamp"": 80651, ""packets_received"": 698, ""kalman_data"": {""altitude"": 1.17, ""vertical_velocity"": -8.39}, ""kalman_altitude"": 1.17, ""kalman_vertical_velocity"": -8.39, ""pyroDrogue"": 0, ""pyroMain"": 0, ""pyro1_state"": 0, ""pyro2_state"": 0}"
1768306842.033604,2026-01-13T15:20:42.033604,2316,0,0,-0.7,0.07,0.65,-44.89,6.56,-9.42,-3.66,-3.87,0,0,0,223518,852.83,28.01,1.35,0,0,0,0,-80,1.36,-8.36,BEACON,"{""record_number"": 2316, ""operation_mode"": 0, ""state"": 0, ""battery_voltage"": 0, ""wifi_rssi"": -80, ""acc_data"": {""ax"": -0.7, ""ay"": 0.07, ""az"": 0.65, ""pitch"": -44.89, ""roll"": 6.56}, ""gyro_data"": {""gx"": -9.42, ""gy"": -3.66, ""gz"": -3.87}, ""gps_data"": {""latitude"": 0, ""longitude"": 0, ""gps_altitude"": 0, ""time"": 223518}, ""alt_data"": {""pressure"": 852.83, ""temperature"": 28.01, ""AGL"": 1.35, ""velocity"": 0, ""kalman_altitude"": 1.36, ""kalman_vertical_velocity"": -8.36}, ""chute_state"": {""pyro1_state"": 0, ""pyro2_state"": 0}, ""connection_status"": {""connected"": true, ""has_ever_connected"": true, ""packet_age_ms"": 0, ""timeout_exceeded"": false, ""rssi"": -80}, ""communication_mode"": ""BEACON"", ""timestamp"": 80765, ""packets_received"": 699, ""kalman_data"": {""altitude"": 1.36, ""vertical_velocity"": -8.36}, ""kalman_altitude"": 1.36, ""kalman_vertical_velocity"": -8.36, ""pyroDrogue"": 0, ""pyroMain"": 0, ""pyro1_state"": 0, ""pyro2_state"": 0}"
1768306842.125597,2026-01-13T15:20:42.125597,2317,0,0,-0.7,0.07,0.64,-44.7,6.47,-8.9,-3.23,-2.96,0,0,0,223723,852.84,28.01,1.32,0,0,0,0,-80,1.32,-8.37,BEACON,"{""record_number"": 2317, ""operation_mode"": 0, ""state"": 0, ""battery_voltage"": 0, ""wifi_rssi"": -80, ""acc_data"": {""ax"": -0.7, ""ay"": 0.07, ""az"": 0.64, ""pitch"": -44.7, ""roll"": 6.47}, ""gyro_data"": {""gx"": -8.9, ""gy"": -3.23, ""gz"": -2.96}, ""gps_data"": {""latitude"": 0, ""longitude"": 0, ""gps_altitude"": 0, ""time"": 223723}, ""alt_data"": {""pressure"": 852.84, ""temperature"": 28.01, ""AGL"": 1.32, ""velocity"": 0, ""kalman_altitude"": 1.32, ""kalman_vertical_velocity"": -8.37}, ""chute_state"": {""pyro1_state"": 0, ""pyro2_state"": 0}, ""connection_status"": {""connected"": true, ""has_ever_connected"": true, ""packet_age_ms"": 0, ""timeout_exceeded"": false, ""rssi"": -80}, ""communication_mode"": ""BEACON"", ""timestamp"": 80878, ""packets_received"": 700, ""kalman_data"": {""altitude"": 1.32, ""vertical_velocity"": -8.37}, ""kalman_altitude"": 1.32, ""kalman_vertical_velocity"": -8.37, ""pyroDrogue"": 0, ""pyroMain"": 0, ""pyro1_state"": 0, ""pyro2_state"": 0}"
1768306842.759369,2026-01-13T15:20:42.759369,2319,0,0,-0.7,0.06,0.65,-44.54,6.91,-9.33,-3.41,-3.23,0,0,0,223923,852.88,28.02,0.88,0,0,0,0,-81,0.88,-8.46,BEACON,"{""record_number"": 2319, ""operation_mode"": 0, ""state"": 0, ""battery_voltage"": 0, ""wifi_rssi"": -81, ""acc_data"": {""ax"": -0.7, ""ay"": 0.06, ""az"": 0.65, ""pitch"": -44.54, ""roll"": 6.91}, ""gyro_data"": {""gx"": -9.33, ""gy"": -3.41, ""gz"": -3.23}, ""gps_data"": {""latitude"": 0, ""longitude"": 0, ""gps_altitude"": 0, ""time"": 223923}, ""alt_data"": {""pressure"": 852.88, ""temperature"": 28.02, ""AGL"": 0.88, ""velocity"": 0, ""kalman_altitude"": 0.88, ""kalman_vertical_velocity"": -8.46}, ""chute_state"": {""pyro1_state"": 0, ""pyro2_state"": 0}, ""connection_status"": {""connected"": true, ""has_ever_connected"": true, ""packet_age_ms"": 0, ""timeout_exceeded"": false, ""rssi"": -81}, ""communication_mode"": ""BEACON"", ""timestamp"": 81011, ""packets_received"": 701, ""kalman_data"": {""altitude"": 0.88, ""vertical_velocity"": -8.46}, ""kalman_altitude"": 0.88, ""kalman_vertical_velocity"": -8.46, ""pyroDrogue"": 0, ""pyroMain"": 0, ""pyro1_state"": 0, ""pyro2_state"": 0}"
1768306842.989497,2026-01-13T15:20:42.989497,2320,0,0,-0.7,0.07,0.64,-44.89,5.58,-8.69,-2.8,-4.63,0,0,0,223923,852.9,28.03,0.73,0,0,0,0,-80,0.73,-8.5,BEACON,"{""record_number"": 2320, ""operation_mode"": 0, ""state"": 0, ""battery_voltage"": 0, ""wifi_rssi"": -80, ""acc_data"": {""ax"": -0.7, ""ay"": 0.07, ""az"": 0.64, ""pitch"": -44.89, ""roll"": 5.58}, ""gyro_data"": {""gx"": -8.69, ""gy"": -2.8, ""gz"": -4.63}, ""gps_data"": {""latitude"": 0, ""longitude"": 0, ""gps_altitude"": 0, ""time"": 223923}, ""alt_data"": {""pressure"": 852.9, ""temperature"": 28.03, ""AGL"": 0.73, ""velocity"": 0, ""kalman_altitude"": 0.73, ""kalman_vertical_velocity"": -8.5}, ""chute_state"": {""pyro1_state"": 0, ""pyro2_state"": 0}, ""connection_status"": {""connected"": true, ""has_ever_connected"": true, ""packet_age_ms"": 0, ""timeout_exceeded"": false, ""rssi"": -80}, ""communication_mode"": ""BEACON"", ""timestamp"": 81115, ""packets_received"": 702, ""kalman_data"": {""altitude"": 0.73, ""vertical_velocity"": -8.5}, ""kalman_altitude"": 0.73, ""kalman_vertical_velocity"": -8.5, ""pyroDrogue"": 0, ""pyroMain"": 0, ""pyro1_state"": 0, ""pyro2_state"": 0}"
1768306843.20879,2026-01-13T15:20:43.208790,2321,0,0,-0.7,0.07,0.65,-43.95,6.23,-9.33,-2.56,-3.96,0,0,0,224124,852.88,28.03,0.91,0,0,0,0,-81,0.91,-8.47,BEACON,"{""record_number"": 2321, ""operation_mode"": 0, ""state"": 0, ""battery_voltage"": 0, ""wifi_rssi"": -81, ""acc_data"": {""ax"": -0.7, ""ay"": 0.07, ""az"": 0.65, ""pitch"": -43.95, ""roll"": 6.23}, ""gyro_data"": {""gx"": -9.33, ""gy"": -2.56, ""gz"": -3.96}, ""gps_data"": {""latitude"": 0, ""longitude"": 0, ""gps_altitude"": 0, ""time"": 224124}, ""alt_data"": {""pressure"": 852.88, ""temperature"": 28.03, ""AGL"": 0.91, ""velocity"": 0, ""kalman_altitude"": 0.91, ""kalman_vertical_velocity"": -8.47}, ""chute_state"": {""pyro1_state"": 0, ""pyro2_state"": 0}, ""connection_status"": {""connected"": true, ""has_ever_connected"": true, ""packet_age_ms"": 0, ""timeout_exceeded"": false, ""rssi"": -81}, ""communication_mode"": ""BEACON"", ""timestamp"": 81218, ""packets_received"": 703, ""kalman_data"": {""altitude"": 0.91, ""vertical_velocity"": -8.47}, ""kalman_altitude"": 0.91, ""kalman_vertical_velocity"": -8.47, ""pyroDrogue"": 0, ""pyroMain"": 0, ""pyro1_state"": 0, ""pyro2_state"": 0}"
1768306843.345148,2026-01-13T15:20:43.345148,2323,0,0,-0.7,0.07,0.63,-44.7,6.21,-8.99,-2.56,-3.26,0,0,0,224124,852.85,28.03,1.16,0,0,0,0,-80,1.16,-8.42,BEACON,"{""record_number"": 2323, ""operation_mode"": 0, ""state"": 0, ""battery_voltage"": 0, ""wifi_rssi"": -80, ""acc_data"": {""ax"": -0.7, ""ay"": 0.07, ""az"": 0.63, ""pitch"": -44.7, ""roll"": 6.21}, ""gyro_data"": {""gx"": -8.99, ""gy"": -2.56, ""gz"": -3.26}, ""gps_data"": {""latitude"": 0, ""longitude"": 0, ""gps_altitude"": 0, ""time"": 224124}, ""alt_data"": {""pressure"": 852.85, ""temperature"": 28.03, ""AGL"": 1.16, ""velocity"": 0, ""kalman_altitude"": 1.16, ""kalman_vertical_velocity"": -8.42}, ""chute_state"": {""pyro1_state"": 0, ""pyro2_state"": 0}, ""connection_status"": {""connected"": true, ""has_ever_connected"": true, ""packet_age_ms"": 0, ""timeout_exceeded"": false, ""rssi"": -80}, ""communication_mode"": ""BEACON"", ""timestamp"": 81328, ""packets_received"": 704, ""kalman_data"": {""altitude"": 1.16, ""vertical_velocity"": -8.42}, ""kalman_altitude"": 1.16, ""kalman_vertical_velocity"": -8.42, ""pyroDrogue"": 0, ""pyroMain"": 0, ""pyro1_state"": 0, ""pyro2_state"": 0}"
1768306843.438081,2026-01-13T15:20:43.438081,2324,0,0,-0.7,0.07,0.63,-44.11,6.43,-9.27,-2.68,-3.2,0,0,0,224323,852.88,28.02,0.92,0,0,0,0,-80,0.92,-8.48,BEACON,"{""record_number"": 2324, ""operation_mode"": 0, ""state"": 0, ""battery_voltage"": 0, ""wifi_rssi"": -80, ""acc_data"": {""ax"": -0.7, ""ay"": 0.07, ""az"": 0.63, ""pitch"": -44.11, ""roll"": 6.43}, ""gyro_data"": {""gx"": -9.27, ""gy"": -2.68, ""gz"": -3.2}, ""gps_data"": {""latitude"": 0, ""longitude"": 0, ""gps_altitude"": 0, ""time"": 224323}, ""alt_data"": {""pressure"": 852.88, ""temperature"": 28.02, ""AGL"": 0.92, ""velocity"": 0, ""kalman_altitude"": 0.92, ""kalman_vertical_velocity"": -8.48}, ""chute_state"": {""pyro1_state"": 0, ""pyro2_state"": 0}, ""connection_status"": {""connected"": true, ""has_ever_connected"": true, ""packet_age_ms"": 0, ""timeout_exceeded"": false, ""rssi"": -80}, ""communication_mode"": ""BEACON"", ""timestamp"": 81440, ""packets_received"": 705, ""kalman_data"": {""altitude"": 0.92, ""vertical_velocity"": -8.48}, ""kalman_altitude"": 0.92, ""kalman_vertical_velocity"": -8.48, ""pyroDrogue"": 0, ""pyroMain"": 0, ""pyro1_state"": 0, ""pyro2_state"": 0}"
1768306844.927075,2026-01-13T15:20:44.927075,2325,0,0,-0.7,0.07,0.64,-44.11,6.41,-8.63,-2.8,-3.78,0,0,0,224323,852.87,28.02,0.99,0,0,0,0,-80,0.99,-8.47,BEACON,"{""record_number"": 2325, ""operation_mode"": 0, ""state"": 0, ""battery_voltage"": 0, ""wifi_rssi"": -80, ""acc_data"": {""ax"": -0.7, ""ay"": 0.07, ""az"": 0.64, ""pitch"": -44.11, ""roll"": 6.41}, ""gyro_data"": {""gx"": -8.63, ""gy"": -2.8, ""gz"": -3.78}, ""gps_data"": {""latitude"": 0, ""longitude"": 0, ""gps_altitude"": 0, ""time"": 224323}, ""alt_data"": {""pressure"": 852.87, ""temperature"": 28.02, ""AGL"": 0.99, ""velocity"": 0, ""kalman_altitude"": 0.99, ""kalman_vertical_velocity"": -8.47}, ""chute_state"": {""pyro1_state"": 0, ""pyro2_state"": 0}, ""connection_status"": {""connected"": true, ""has_ever_connected"": true, ""packet_age_ms"": 0, ""timeout_exceeded"": false, ""rssi"": -80}, ""communication_mode"": ""BEACON"", ""timestamp"": 81553, ""packets_received"": 706, ""kalman_data"": {""altitude"": 0.99, ""vertical_velocity"": -8.47}, ""kalman_altitude"": 0.99, ""kalman_vertical_velocity"": -8.47, ""pyroDrogue"": 0, ""pyroMain"": 0, ""pyro1_state"": 0, ""pyro2_state"": 0}"
1768306845.554439,2026-01-13T15:20:45.554439,2327,0,0,-0.7,0.07,0.65,-44.46,6.5,-8.66,-2.9,-3.08,0,0,0,224524,852.86,28.02,1.06,0,0,0,0,-80,1.06,-8.46,BEACON,"{""record_number"": 2327, ""operation_mode"": 0, ""state"": 0, ""battery_voltage"": 0, ""wifi_rssi"": -80, ""acc_data"": {""ax"": -0.7, ""ay"": 0.07, ""az"": 0.65, ""pitch"": -44.46, ""roll"": 6.5}, ""gyro_data"": {""gx"": -8.66, ""gy"": -2.9, ""gz"": -3.08}, ""gps_data"": {""latitude"": 0, ""longitude"": 0, ""gps_altitude"": 0, ""time"": 224524}, ""alt_data"": {""pressure"": 852.86, ""temperature"": 28.02, ""AGL"": 1.06, ""velocity"": 0, ""kalman_altitude"": 1.06, ""kalman_vertical_velocity"": -8.46}, ""chute_state"": {""pyro1_state"": 0, ""pyro2_state"": 0}, ""connection_status"": {""connected"": true, ""has_ever_connected"": true, ""packet_age_ms"": 0, ""timeout_exceeded"": false, ""rssi"": -80}, ""communication_mode"": ""BEACON"", ""timestamp"": 81666, ""packets_received"": 707, ""kalman_data"": {""altitude"": 1.06, ""vertical_velocity"": -8.46}, ""kalman_altitude"": 1.06, ""kalman_vertical_velocity"": -8.46, ""pyroDrogue"": 0, ""pyroMain"": 0, ""pyro1_state"": 0, ""pyro2_state"": 0}"
1768306845.812839,2026-01-13T15:20:45.812839,2328,0,0,-0.7,0.07,0.64,-44.5,6.69,-9.88,-3.6,-3.72,0,0,0,224728,852.81,28.01,1.64,0,0,0,0,-80,1.63,-8.36,BEACON,"{""record_number"": 2328, ""operation_mode"": 0, ""state"": 0, ""battery_voltage"": 0, ""wifi_rssi"": -80, ""acc_data"": {""ax"": -0.7, ""ay"": 0.07, ""az"": 0.64, ""pitch"": -44.5, ""roll"": 6.69}, ""gyro_data"": {""gx"": -9.88, ""gy"": -3.6, ""gz"": -3.72}, ""gps_data"": {""latitude"": 0, ""longitude"": 0, ""gps_altitude"": 0, ""time"": 224728}, ""alt_data"": {""pressure"": 852.81, ""temperature"": 28.01, ""AGL"": 1.64, ""velocity"": 0, ""kalman_altitude"": 1.63, ""kalman_vertical_velocity"": -8.36}, ""chute_state"": {""pyro1_state"": 0, ""pyro2_state"": 0}, ""connection_status"": {""connected"": true, ""has_ever_connected"": true, ""packet_age_ms"": 0, ""timeout_exceeded"": false, ""rssi"": -80}, ""communication_mode"": ""BEACON"", ""timestamp"": 81779, ""packets_received"": 708, ""kalman_data"": {""altitude"": 1.63, ""vertical_velocity"": -8.36}, ""kalman_altitude"": 1.63, ""kalman_vertical_velocity"": -8.36, ""pyroDrogue"": 0, ""pyroMain"": 0, ""pyro1_state"": 0, ""pyro2_state"": 0}"
1768306846.025194,2026-01-13T15:20:46.025194,2329,0,0,-0.7,0.07,0.64,-44.66,6.58,-9.45,-3.45,-3.6,0,0,0,224728,852.86,28.02,1.13,0,0,0,0,-81,1.14,-8.46,BEACON,"{""record_number"": 2329, ""operation_mode"": 0, ""state"": 0, ""battery_voltage"": 0, ""wifi_rssi"": -81, ""acc_data"": {""ax"": -0.7, ""ay"": 0.07, ""az"": 0.64, ""pitch"": -44.66, ""roll"": 6.58}, ""gyro_data"": {""gx"": -9.45, ""gy"": -3.45, ""gz"": -3.6}, ""gps_data"": {""latitude"": 0, ""longitude"": 0, ""gps_altitude"": 0, ""time"": 224728}, ""alt_data"": {""pressure"": 852.86, ""temperature"": 28.02, ""AGL"": 1.13, ""velocity"": 0, ""kalman_altitude"": 1.14, ""kalman_vertical_velocity"": -8.46}, ""chute_state"": {""pyro1_state"": 0, ""pyro2_state"": 0}, ""connection_status"": {""connected"": true, ""has_ever_connected"": true, ""packet_age_ms"": 0, ""timeout_exceeded"": false, ""rssi"": -81}, ""communication_mode"": ""BEACON"", ""timestamp"": 81892, ""packets_received"": 709, ""kalman_data"": {""altitude"": 1.14, ""vertical_velocity"": -8.46}, ""kalman_altitude"": 1.14, ""kalman_vertical_velocity"": -8.46, ""pyroDrogue"": 0, ""pyroMain"": 0, ""pyro1_state"": 0, ""pyro2_state"": 0}"
1768306846.404878,2026-01-13T15:20:46.404878,2330,0,0,-0.7,0.07,0.64,-44.78,6.16,-8.84,-3.02,-3.2,0,0,0,224928,852.86,28.01,1.1,0,0,0,0,-80,1.1,-8.47,BEACON,"{""record_number"": 2330, ""operation_mode"": 0, ""state"": 0, ""battery_voltage"": 0, ""wifi_rssi"": -80, ""acc_data"": {""ax"": -0.7, ""ay"": 0.07, ""az"": 0.64, ""pitch"": -44.78, ""roll"": 6.16}, ""gyro_data"": {""gx"": -8.84, ""gy"": -3.02, ""gz"": -3.2}, ""gps_data"": {""latitude"": 0, ""longitude"": 0, ""gps_altitude"": 0, ""time"": 224928}, ""alt_data"": {""pressure"": 852.86, ""temperature"": 28.01, ""AGL"": 1.1, ""velocity"": 0, ""kalman_altitude"": 1.1, ""kalman_vertical_velocity"": -8.47}, ""chute_state"": {""pyro1_state"": 0, ""pyro2_state"": 0}, ""connection_status"": {""connected"": true, ""has_ever_connected"": true, ""packet_age_ms"": 0, ""timeout_exceeded"": false, ""rssi"": -80}, ""communication_mode"": ""BEACON"", ""timestamp"": 82004, ""packets_received"": 710, ""kalman_data"": {""altitude"": 1.1, ""vertical_velocity"": -8.47}, ""kalman_altitude"": 1.1, ""kalman_vertical_velocity"": -8.47, ""pyroDrogue"": 0, ""pyroMain"": 0, ""pyro1_state"": 0, ""pyro2_state"": 0}"
1768306846.638577,2026-01-13T15:20:46.638577,2332,0,0,-0.7,0.07,0.63,-44.27,6.72,-9.24,-3.6,-3.57,0,0,0,224928,852.86,28.03,1.05,0,0,0,0,-80,1.05,-8.48,BEACON,"{""record_number"": 2332, ""operation_mode"": 0, ""state"": 0, ""battery_voltage"": 0, ""wifi_rssi"": -80, ""acc_data"": {""ax"": -0.7, ""ay"": 0.07, ""az"": 0.63, ""pitch"": -44.27, ""roll"": 6.72}, ""gyro_data"": {""gx"": -9.24, ""gy"": -3.6, ""gz"": -3.57}, ""gps_data"": {""latitude"": 0, ""longitude"": 0, ""gps_altitude"": 0, ""time"": 224928}, ""alt_data"": {""pressure"": 852.86, ""temperature"": 28.03, ""AGL"": 1.05, ""velocity"": 0, ""kalman_altitude"": 1.05, ""kalman_vertical_velocity"": -8.48}, ""chute_state"": {""pyro1_state"": 0, ""pyro2_state"": 0}, ""connection_status"": {""connected"": true, ""has_ever_connected"": true, ""packet_age_ms"": 0, ""timeout_exceeded"": false, ""rssi"": -80}, ""communication_mode"": ""BEACON"", ""timestamp"": 82118, ""packets_received"": 711, ""kalman_data"": {""altitude"": 1.05, ""vertical_velocity"": -8.48}, ""kalman_altitude"": 1.05, ""kalman_vertical_velocity"": -8.48, ""pyroDrogue"": 0, ""pyroMain"": 0, ""pyro1_state"": 0, ""pyro2_state"": 0}"
1768306846.738072,2026-01-13T15:20:46.738072,2333,0,0,-0.7,0.07,0.64,-44.07,6.16,-9.45,-3.23,-3.02,0,0,0,225129,852.91,28.02,0.59,0,0,0,0,-80,0.6,-8.57,BEACON,"{""record_number"": 2333, ""operation_mode"": 0, ""state"": 0, ""battery_voltage"": 0, ""wifi_rssi"": -80, ""acc_data"": {""ax"": -0.7, ""ay"": 0.07, ""az"": 0.64, ""pitch"": -44.07, ""roll"": 6.16}, ""gyro_data"": {""gx"": -9.45, ""gy"": -3.23, ""gz"": -3.02}, ""gps_data"": {""latitude"": 0, ""longitude"": 0, ""gps_altitude"": 0, ""time"": 225129}, ""alt_data"": {""pressure"": 852.91, ""temperature"": 28.02, ""AGL"": 0.59, ""velocity"": 0, ""kalman_altitude"": 0.6, ""kalman_vertical_velocity"": -8.57}, ""chute_state"": {""pyro1_state"": 0, ""pyro2_state"": 0}, ""connection_status"": {""connected"": true, ""has_ever_connected"": true, ""packet_age_ms"": 0, ""timeout_exceeded"": false, ""rssi"": -80}, ""communication_mode"": ""BEACON"", ""timestamp"": 82230, ""packets_received"": 712, ""kalman_data"": {""altitude"": 0.6, ""vertical_velocity"": -8.57}, ""kalman_altitude"": 0.6, ""kalman_vertical_velocity"": -8.57, ""pyroDrogue"": 0, ""pyroMain"": 0, ""pyro1_state"": 0, ""pyro2_state"": 0}"
1768306846.803165,2026-01-13T15:20:46.803165,2334,0,0,-0.7,0.06,0.65,-44.58,6.43,-9.3,-3.11,-4.12,0,0,0,225129,852.88,28.03,0.87,0,0,0,0,-80,0.87,-8.53,BEACON,"{""record_number"": 2334, ""operation_mode"": 0, ""state"": 0, ""battery_voltage"": 0, ""wifi_rssi"": -80, ""acc_data"": {""ax"": -0.7, ""ay"": 0.06, ""az"": 0.65, ""pitch"": -44.58, ""roll"": 6.43}, ""gyro_data"": {""gx"": -9.3, ""gy"": -3.11, ""gz"": -4.12}, ""gps_data"": {""latitude"": 0, ""longitude"": 0, ""gps_altitude"": 0, ""time"": 225129}, ""alt_data"": {""pressure"": 852.88, ""temperature"": 28.03, ""AGL"": 0.87, ""velocity"": 0, ""kalman_altitude"": 0.87, ""kalman_vertical_velocity"": -8.53}, ""chute_state"": {""pyro1_state"": 0, ""pyro2_state"": 0}, ""connection_status"": {""connected"": true, ""has_ever_connected"": true, ""packet_age_ms"": 0, ""timeout_exceeded"": false, ""rssi"": -80}, ""communication_mode"": ""BEACON"", ""timestamp"": 82342, ""packets_received"": 713, ""kalman_data"": {""altitude"": 0.87, ""vertical_velocity"": -8.53}, ""kalman_altitude"": 0.87, ""kalman_vertical_velocity"": -8.53, ""pyroDrogue"": 0, ""pyroMain"": 0, ""pyro1_state"": 0, ""pyro2_state"": 0}"
1768306846.913873,2026-01-13T15:20:46.913873,2336,0,0,-0.7,0.07,0.65,-44.42,5.7,-9.48,-3.63,-3.45,0,0,0,225328,852.88,28.01,0.89,0,0,0,0,-80,0.89,-8.53,BEACON,"{""record_number"": 2336, ""operation_mode"": 0, ""state"": 0, ""battery_voltage"": 0, ""wifi_rssi"": -80, ""acc_data"": {""ax"": -0.7, ""ay"": 0.07, ""az"": 0.65, ""pitch"": -44.42, ""roll"": 5.7}, ""gyro_data"": {""gx"": -9.48, ""gy"": -3.63, ""gz"": -3.45}, ""gps_data"": {""latitude"": 0, ""longitude"": 0, ""gps_altitude"": 0, ""time"": 225328}, ""alt_data"": {""pressure"": 852.88, ""temperature"": 28.01, ""AGL"": 0.89, ""velocity"": 0, ""kalman_altitude"": 0.89, ""kalman_vertical_velocity"": -8.53}, ""chute_state"": {""pyro1_state"": 0, ""pyro2_state"": 0}, ""connection_status"": {""connected"": true, ""has_ever_connected"": true, ""packet_age_ms"": 1, ""timeout_exceeded"": false, ""rssi"": -80}, ""communication_mode"": ""BEACON"", ""timestamp"": 82455, ""packets_received"": 714, ""kalman_data"": {""altitude"": 0.89, ""vertical_velocity"": -8.53}, ""kalman_altitude"": 0.89, ""kalman_vertical_velocity"": -8.53, ""pyroDrogue"": 0, ""pyroMain"": 0, ""pyro1_state"": 0, ""pyro2_state"": 0}"
1768306847.041655,2026-01-13T15:20:47.041655,2337,0,0,-0.7,0.08,0.64,-44.11,6.62,-9.21,-2.47,-3.14,0,0,0,225328,852.93,28.04,0.4,0,0,0,0,-80,0.4,-8.63,BEACON,"{""record_number"": 2337, ""operation_mode"": 0, ""state"": 0, ""battery_voltage"": 0, ""wifi_rssi"": -80, ""acc_data"": {""ax"": -0.7, ""ay"": 0.08, ""az"": 0.64, ""pitch"": -44.11, ""roll"": 6.62}, ""gyro_data"": {""gx"": -9.21, ""gy"": -2.47, ""gz"": -3.14}, ""gps_data"": {""latitude"": 0, ""longitude"": 0, ""gps_altitude"": 0, ""time"": 225328}, ""alt_data"": {""pressure"": 852.93, ""temperature"": 28.04, ""AGL"": 0.4, ""velocity"": 0, ""kalman_altitude"": 0.4, ""kalman_vertical_velocity"": -8.63}, ""chute_state"": {""pyro1_state"": 0, ""pyro2_state"": 0}, ""connection_status"": {""connected"": true, ""has_ever_connected"": true, ""packet_age_ms"": 1, ""timeout_exceeded"": false, ""rssi"": -80}, ""communication_mode"": ""BEACON"", ""timestamp"": 82568, ""packets_received"": 715, ""kalman_data"": {""altitude"": 0.4, ""vertical_velocity"": -8.63}, ""kalman_altitude"": 0.4, ""kalman_vertical_velocity"": -8.63, ""pyroDrogue"": 0, ""pyroMain"": 0, ""pyro1_state"": 0, ""pyro2_state"": 0}"
1768306847.327153,2026-01-13T15:20:47.327153,2338,0,0,-0.7,0.07,0.64,-44.89,6.62,-9.3,-3.02,-3.63,0,0,0,225528,852.88,28.03,0.91,0,0,0,0,-81,0.9,-8.54,BEACON,"{""record_number"": 2338, ""operation_mode"": 0, ""state"": 0, ""battery_voltage"": 0, ""wifi_rssi"": -81, ""acc_data"": {""ax"": -0.7, ""ay"": 0.07, ""az"": 0.64, ""pitch"": -44.89, ""roll"": 6.62}, ""gyro_data"": {""gx"": -9.3, ""gy"": -3.02, ""gz"": -3.63}, ""gps_data"": {""latitude"": 0, ""longitude"": 0, ""gps_altitude"": 0, ""time"": 225528}, ""alt_data"": {""pressure"": 852.88, ""temperature"": 28.03, ""AGL"": 0.91, ""velocity"": 0, ""kalman_altitude"": 0.9, ""kalman_vertical_velocity"": -8.54}, ""chute_state"": {""pyro1_state"": 0, ""pyro2_state"": 0}, ""connection_status"": {""connected"": true, ""has_ever_connected"": true, ""packet_age_ms"": 1, ""timeout_exceeded"": false, ""rssi"": -81}, ""communication_mode"": ""BEACON"", ""timestamp"": 82680, ""packets_received"": 716, ""kalman_data"": {""altitude"": 0.9, ""vertical_velocity"": -8.54}, ""kalman_altitude"": 0.9, ""kalman_vertical_velocity"": -8.54, ""pyroDrogue"": 0, ""pyroMain"": 0, ""pyro1_state"": 0, ""pyro2_state"": 0}"
1768306847.511515,2026-01-13T15:20:47.511515,2340,0,0,-0.7,0.07,0.64,-44.46,6.51,-9.48,-3.51,-3.51,0,0,0,225734,852.91,28.03,0.59,0,0,0,0,-81,0.59,-8.6,BEACON,"{""record_number"": 2340, ""operation_mode"": 0, ""state"": 0, ""battery_voltage"": 0, ""wifi_rssi"": -81, ""acc_data"": {""ax"": -0.7, ""ay"": 0.07, ""az"": 0.64, ""pitch"": -44.46, ""roll"": 6.51}, ""gyro_data"": {""gx"": -9.48, ""gy"": -3.51, ""gz"": -3.51}, ""gps_data"": {""latitude"": 0, ""longitude"": 0, ""gps_altitude"": 0, ""time"": 225734}, ""alt_data"": {""pressure"": 852.91, ""temperature"": 28.03, ""AGL"": 0.59, ""velocity"": 0, ""kalman_altitude"": 0.59, ""kalman_vertical_velocity"": -8.6}, ""chute_state"": {""pyro1_state"": 0, ""pyro2_state"": 0}, ""connection_status"": {""connected"": true, ""has_ever_connected"": true, ""packet_age_ms"": 0, ""timeout_exceeded"": false, ""rssi"": -81}, ""communication_mode"": ""BEACON"", ""timestamp"": 82791, ""packets_received"": 717, ""kalman_data"": {""altitude"": 0.59, ""vertical_velocity"": -8.6}, ""kalman_altitude"": 0.59, ""kalman_vertical_velocity"": -8.6, ""pyroDrogue"": 0, ""pyroMain"": 0, ""pyro1_state"": 0, ""pyro2_state"": 0}"
1768306848.008616,2026-01-13T15:20:48.008616,2341,0,0,-0.7,0.07,0.64,-44.38,6.11,-9.82,-2.62,-3.23,0,0,0,225734,852.91,28.03,0.62,0,0,0,0,-81,0.62,-8.6,BEACON,"{""record_number"": 2341, ""operation_mode"": 0, ""state"": 0, ""battery_voltage"": 0, ""wifi_rssi"": -81, ""acc_data"": {""ax"": -0.7, ""ay"": 0.07, ""az"": 0.64, ""pitch"": -44.38, ""roll"": 6.11}, ""gyro_data"": {""gx"": -9.82, ""gy"": -2.62, ""gz"": -3.23}, ""gps_data"": {""latitude"": 0, ""longitude"": 0, ""gps_altitude"": 0, ""time"": 225734}, ""alt_data"": {""pressure"": 852.91, ""temperature"": 28.03, ""AGL"": 0.62, ""velocity"": 0, ""kalman_altitude"": 0.62, ""kalman_vertical_velocity"": -8.6}, ""chute_state"": {""pyro1_state"": 0, ""pyro2_state"": 0}, ""connection_status"": {""connected"": true, ""has_ever_connected"": true, ""packet_age_ms"": 0, ""timeout_exceeded"": false, ""rssi"": -81}, ""communication_mode"": ""BEACON"", ""timestamp"": 82906, ""packets_received"": 718, ""kalman_data"": {""altitude"": 0.62, ""vertical_velocity"": -8.6}, ""kalman_altitude"": 0.62, ""kalman_vertical_velocity"": -8.6, ""pyroDrogue"": 0, ""pyroMain"": 0, ""pyro1_state"": 0, ""pyro2_state"": 0}"
1768306848.437331,2026-01-13T15:20:48.437331,2342,0,0,-0.71,0.06,0.64,-44.34,6.1,-9.02,-2.84,-3.99,0,0,0,225933,852.88,28.01,0.89,0,0,0,0,-80,0.88,-8.55,BEACON,"{""record_number"": 2342, ""operation_mode"": 0, ""state"": 0, ""battery_voltage"": 0, ""wifi_rssi"": -80, ""acc_data"": {""ax"": -0.71, ""ay"": 0.06, ""az"": 0.64, ""pitch"": -44.34, ""roll"": 6.1}, ""gyro_data"": {""gx"": -9.02, ""gy"": -2.84, ""gz"": -3.99}, ""gps_data"": {""latitude"": 0, ""longitude"": 0, ""gps_altitude"": 0, ""time"": 225933}, ""alt_data"": {""pressure"": 852.88, ""temperature"": 28.01, ""AGL"": 0.89, ""velocity"": 0, ""kalman_altitude"": 0.88, ""kalman_vertical_velocity"": -8.55}, ""chute_state"": {""pyro1_state"": 0, ""pyro2_state"": 0}, ""connection_status"": {""connected"": true, ""has_ever_connected"": true, ""packet_age_ms"": 0, ""timeout_exceeded"": false, ""rssi"": -80}, ""communication_mode"": ""BEACON"", ""timestamp"": 83017, ""packets_received"": 719, ""kalman_data"": {""altitude"": 0.88, ""vertical_velocity"": -8.55}, ""kalman_altitude"": 0.88, ""kalman_vertical_velocity"": -8.55, ""pyroDrogue"": 0, ""pyroMain"": 0, ""pyro1_state"": 0, ""pyro2_state"": 0}"
1768306848.617169,2026-01-13T15:20:48.617169,2344,0,0,-0.7,0.06,0.64,-44.23,6.17,-9.18,-3.26,-3.23,0,0,0,225933,852.95,28.04,0.22,0,0,0,0,-81,0.22,-8.68,BEACON,"{""record_number"": 2344, ""operation_mode"": 0, ""state"": 0, ""battery_voltage"": 0, ""wifi_rssi"": -81, ""acc_data"": {""ax"": -0.7, ""ay"": 0.06, ""az"": 0.64, ""pitch"": -44.23, ""roll"": 6.17}, ""gyro_data"": {""gx"": -9.18, ""gy"": -3.26, ""gz"": -3.23}, ""gps_data"": {""latitude"": 0, ""longitude"": 0, ""gps_altitude"": 0, ""time"": 225933}, ""alt_data"": {""pressure"": 852.95, ""temperature"": 28.04, ""AGL"": 0.22, ""velocity"": 0, ""kalman_altitude"": 0.22, ""kalman_vertical_velocity"": -8.68}, ""chute_state"": {""pyro1_state"": 0, ""pyro2_state"": 0}, ""connection_status"": {""connected"": true, ""has_ever_connected"": true, ""packet_age_ms"": 0, ""timeout_exceeded"": false, ""rssi"": -81}, ""communication_mode"": ""BEACON"", ""timestamp"": 83130, ""packets_received"": 720, ""kalman_data"": {""altitude"": 0.22, ""vertical_velocity"": -8.68}, ""kalman_altitude"": 0.22, ""kalman_vertical_velocity"": -8.68, ""pyroDrogue"": 0, ""pyroMain"": 0, ""pyro1_state"": 0, ""pyro2_state"": 0}"
1768306848.941245,2026-01-13T15:20:48.941245,2345,0,0,-0.7,0.07,0.63,-44.42,6.15,-8.81,-3.08,-3.38,0,0,0,226134,852.94,28.03,0.34,0,0,0,0,-82,0.34,-8.67,BEACON,"{""record_number"": 2345, ""operation_mode"": 0, ""state"": 0, ""battery_voltage"": 0, ""wifi_rssi"": -82, ""acc_data"": {""ax"": -0.7, ""ay"": 0.07, ""az"": 0.63, ""pitch"": -44.42, ""roll"": 6.15}, ""gyro_data"": {""gx"": -8.81, ""gy"": -3.08, ""gz"": -3.38}, ""gps_data"": {""latitude"": 0, ""longitude"": 0, ""gps_altitude"": 0, ""time"": 226134}, ""alt_data"": {""pressure"": 852.94, ""temperature"": 28.03, ""AGL"": 0.34, ""velocity"": 0, ""kalman_altitude"": 0.34, ""kalman_vertical_velocity"": -8.67}, ""chute_state"": {""pyro1_state"": 0, ""pyro2_state"": 0}, ""connection_status"": {""connected"": true, ""has_ever_connected"": true, ""packet_age_ms"": 0, ""timeout_exceeded"": false, ""rssi"": -82}, ""communication_mode"": ""BEACON"", ""timestamp"": 83243, ""packets_received"": 721, ""kalman_data"": {""altitude"": 0.34, ""vertical_velocity"": -8.67}, ""kalman_altitude"": 0.34, ""kalman_vertical_velocity"": -8.67, ""pyroDrogue"": 0, ""pyroMain"": 0, ""pyro1_state"": 0, ""pyro2_state"": 0}"
1768306849.208276,2026-01-13T15:20:49.208276,2346,0,0,-0.7,0.07,0.64,-44.07,6.46,-9.33,-3.17,-3.75,0,0,0,226134,852.89,28.02,0.77,0,0,0,0,-81,0.77,-8.59,BEACON,"{""record_number"": 2346, ""operation_mode"": 0, ""state"": 0, ""battery_voltage"": 0, ""wifi_rssi"": -81, ""acc_data"": {""ax"": -0.7, ""ay"": 0.07, ""az"": 0.64, ""pitch"": -44.07, ""roll"": 6.46}, ""gyro_data"": {""gx"": -9.33, ""gy"": -3.17, ""gz"": -3.75}, ""gps_data"": {""latitude"": 0, ""longitude"": 0, ""gps_altitude"": 0, ""time"": 226134}, ""alt_data"": {""pressure"": 852.89, ""temperature"": 28.02, ""AGL"": 0.77, ""velocity"": 0, ""kalman_altitude"": 0.77, ""kalman_vertical_velocity"": -8.59}, ""chute_state"": {""pyro1_state"": 0, ""pyro2_state"": 0}, ""connection_status"": {""connected"": true, ""has_ever_connected"": true, ""packet_age_ms"": 0, ""timeout_exceeded"": false, ""rssi"": -81}, ""communication_mode"": ""BEACON"", ""timestamp"": 83355, ""packets_received"": 722, ""kalman_data"": {""altitude"": 0.77, ""vertical_velocity"": -8.59}, ""kalman_altitude"": 0.77, ""kalman_vertical_velocity"": -8.59, ""pyroDrogue"": 0, ""pyroMain"": 0, ""pyro1_state"": 0, ""pyro2_state"": 0}"
1768306849.477363,2026-01-13T15:20:49.477363,2348,0,0,-0.7,0.07,0.64,-43.95,6.26,-8.96,-3.78,-4.24,0,0,0,226334,852.89,28.02,0.81,0,0,0,0,-81,0.81,-8.59,BEACON,"{""record_number"": 2348, ""operation_mode"": 0, ""state"": 0, ""battery_voltage"": 0, ""wifi_rssi"": -81, ""acc_data"": {""ax"": -0.7, ""ay"": 0.07, ""az"": 0.64, ""pitch"": -43.95, ""roll"": 6.26}, ""gyro_data"": {""gx"": -8.96, ""gy"": -3.78, ""gz"": -4.24}, ""gps_data"": {""latitude"": 0, ""longitude"": 0, ""gps_altitude"": 0, ""time"": 226334}, ""alt_data"": {""pressure"": 852.89, ""temperature"": 28.02, ""AGL"": 0.81, ""velocity"": 0, ""kalman_altitude"": 0.81, ""kalman_vertical_velocity"": -8.59}, ""chute_state"": {""pyro1_state"": 0, ""pyro2_state"": 0}, ""connection_status"": {""connected"": true, ""has_ever_connected"": true, ""packet_age_ms"": 1, ""timeout_exceeded"": false, ""rssi"": -81}, ""communication_mode"": ""BEACON"", ""timestamp"": 83468, ""packets_received"": 723, ""kalman_data"": {""altitude"": 0.81, ""vertical_velocity"": -8.59}, ""kalman_altitude"": 0.81, ""kalman_vertical_velocity"": -8.59, ""pyroDrogue"": 0, ""pyroMain"": 0, ""pyro1_state"": 0, ""pyro2_state"": 0}"
1768306849.62278,2026-01-13T15:20:49.622780,2349,0,0,-0.7,0.07,0.64,-44.93,5.92,-8.93,-3.32,-3.72,0,0,0,226534,852.9,28.03,0.69,0,0,0,0,-82,0.69,-8.62,BEACON,"{""record_number"": 2349, ""operation_mode"": 0, ""state"": 0, ""battery_voltage"": 0, ""wifi_rssi"": -82, ""acc_data"": {""ax"": -0.7, ""ay"": 0.07, ""az"": 0.64, ""pitch"": -44.93, ""roll"": 5.92}, ""gyro_data"": {""gx"": -8.93, ""gy"": -3.32, ""gz"": -3.72}, ""gps_data"": {""latitude"": 0, ""longitude"": 0, ""gps_altitude"": 0, ""time"": 226534}, ""alt_data"": {""pressure"": 852.9, ""temperature"": 28.03, ""AGL"": 0.69, ""velocity"": 0, ""kalman_altitude"": 0.69, ""kalman_vertical_velocity"": -8.62}, ""chute_state"": {""pyro1_state"": 0, ""pyro2_state"": 0}, ""connection_status"": {""connected"": true, ""has_ever_connected"": true, ""packet_age_ms"": 0, ""timeout_exceeded"": false, ""rssi"": -82}, ""communication_mode"": ""BEACON"", ""timestamp"": 83579, ""packets_received"": 724, ""kalman_data"": {""altitude"": 0.69, ""vertical_velocity"": -8.62}, ""kalman_altitude"": 0.69, ""kalman_vertical_velocity"": -8.62, ""pyroDrogue"": 0, ""pyroMain"": 0, ""pyro1_state"": 0, ""pyro2_state"": 0}"
1768306849.668252,2026-01-13T15:20:49.668252,2350,0,0,-0.7,0.07,0.64,-44.27,6.18,-9.88,-2.16,-3.41,0,0,0,226534,852.89,28.02,0.81,0,0,0,0,-82,0.81,-8.6,BEACON,"{""record_number"": 2350, ""operation_mode"": 0, ""state"": 0, ""battery_voltage"": 0, ""wifi_rssi"": -82, ""acc_data"": {""ax"": -0.7, ""ay"": 0.07, ""az"": 0.64, ""pitch"": -44.27, ""roll"": 6.18}, ""gyro_data"": {""gx"": -9.88, ""gy"": -2.16, ""gz"": -3.41}, ""gps_data"": {""latitude"": 0, ""longitude"": 0, ""gps_altitude"": 0, ""time"": 226534}, ""alt_data"": {""pressure"": 852.89, ""temperature"": 28.02, ""AGL"": 0.81, ""velocity"": 0, ""kalman_altitude"": 0.81, ""kalman_vertical_velocity"": -8.6}, ""chute_state"": {""pyro1_state"": 0, ""pyro2_state"": 0}, ""connection_status"": {""connected"": true, ""has_ever_connected"": true, ""packet_age_ms"": 0, ""timeout_exceeded"": false, ""rssi"": -82}, ""communication_mode"": ""BEACON"", ""timestamp"": 83692, ""packets_received"": 725, ""kalman_data"": {""altitude"": 0.81, ""vertical_velocity"": -8.6}, ""kalman_altitude"": 0.81, ""kalman_vertical_velocity"": -8.6, ""pyroDrogue"": 0, ""pyroMain"": 0, ""pyro1_state"": 0, ""pyro2_state"": 0}"
1768306849.72565,2026-01-13T15:20:49.725650,2352,0,0,-0.7,0.07,0.64,-44.07,6.29,-9.21,-2.74,-3.48,0,0,0,226739,852.93,28.03,0.41,0,0,0,0,-81,0.41,-8.68,BEACON,"{""record_number"": 2352, ""operation_mode"": 0, ""state"": 0, ""battery_voltage"": 0, ""wifi_rssi"": -81, ""acc_data"": {""ax"": -0.7, ""ay"": 0.07, ""az"": 0.64, ""pitch"": -44.07, ""roll"": 6.29}, ""gyro_data"": {""gx"": -9.21, ""gy"": -2.74, ""gz"": -3.48}, ""gps_data"": {""latitude"": 0, ""longitude"": 0, ""gps_altitude"": 0, ""time"": 226739}, ""alt_data"": {""pressure"": 852.93, ""temperature"": 28.03, ""AGL"": 0.41, ""velocity"": 0, ""kalman_altitude"": 0.41, ""kalman_vertical_velocity"": -8.68}, ""chute_state"": {""pyro1_state"": 0, ""pyro2_state"": 0}, ""connection_status"": {""connected"": true, ""has_ever_connected"": true, ""packet_age_ms"": 0, ""timeout_exceeded"": false, ""rssi"": -81}, ""communication_mode"": ""BEACON"", ""timestamp"": 83805, ""packets_received"": 726, ""kalman_data"": {""altitude"": 0.41, ""vertical_velocity"": -8.68}, ""kalman_altitude"": 0.41, ""kalman_vertical_velocity"": -8.68, ""pyroDrogue"": 0, ""pyroMain"": 0, ""pyro1_state"": 0, ""pyro2_state"": 0}"
1768306849.769175,2026-01-13T15:20:49.769175,2353,0,0,-0.7,0.07,0.65,-44.54,6.62,-8.69,-3.26,-3.29,0,0,0,226739,852.89,28.03,0.77,0,0,0,0,-81,0.76,-8.62,BEACON,"{""record_number"": 2353, ""operation_mode"": 0, ""state"": 0, ""battery_voltage"": 0, ""wifi_rssi"": -81, ""acc_data"": {""ax"": -0.7, ""ay"": 0.07, ""az"": 0.65, ""pitch"": -44.54, ""roll"": 6.62}, ""gyro_data"": {""gx"": -8.69, ""gy"": -3.26, ""gz"": -3.29}, ""gps_data"": {""latitude"": 0, ""longitude"": 0, ""gps_altitude"": 0, ""time"": 226739}, ""alt_data"": {""pressure"": 852.89, ""temperature"": 28.03, ""AGL"": 0.77, ""velocity"": 0, ""kalman_altitude"": 0.76, ""kalman_vertical_velocity"": -8.62}, ""chute_state"": {""pyro1_state"": 0, ""pyro2_state"": 0}, ""connection_status"": {""connected"": true, ""has_ever_connected"": true, ""packet_age_ms"": 0, ""timeout_exceeded"": false, ""rssi"": -81}, ""communication_mode"": ""BEACON"", ""timestamp"": 83918, ""packets_received"": 727, ""kalman_data"": {""altitude"": 0.76, ""vertical_velocity"": -8.62}, ""kalman_altitude"": 0.76, ""kalman_vertical_velocity"": -8.62, ""pyroDrogue"": 0, ""pyroMain"": 0, ""pyro1_state"": 0, ""pyro2_state"": 0}"
1768306849.802176,2026-01-13T15:20:49.802176,2354,0,0,-0.7,0.07,0.64,-45.05,5.97,-9.66,-3.35,-2.93,0,0,0,226939,852.92,28.03,0.52,0,0,0,0,-82,0.52,-8.67,BEACON,"{""record_number"": 2354, ""operation_mode"": 0, ""state"": 0, ""battery_voltage"": 0, ""wifi_rssi"": -82, ""acc_data"": {""ax"": -0.7, ""ay"": 0.07, ""az"": 0.64, ""pitch"": -45.05, ""roll"": 5.97}, ""gyro_data"": {""gx"": -9.66, ""gy"": -3.35, ""gz"": -2.93}, ""gps_data"": {""latitude"": 0, ""longitude"": 0, ""gps_altitude"": 0, ""time"": 226939}, ""alt_data"": {""pressure"": 852.92, ""temperature"": 28.03, ""AGL"": 0.52, ""velocity"": 0, ""kalman_altitude"": 0.52, ""kalman_vertical_velocity"": -8.67}, ""chute_state"": {""pyro1_state"": 0, ""pyro2_state"": 0}, ""connection_status"": {""connected"": true, ""has_ever_connected"": true, ""packet_age_ms"": 0, ""timeout_exceeded"": false, ""rssi"": -82}, ""communication_mode"": ""BEACON"", ""timestamp"": 84032, ""packets_received"": 728, ""kalman_data"": {""altitude"": 0.52, ""vertical_velocity"": -8.67}, ""kalman_altitude"": 0.52, ""kalman_vertical_velocity"": -8.67, ""pyroDrogue"": 0, ""pyroMain"": 0, ""pyro1_state"": 0, ""pyro2_state"": 0}"
1768306849.841173,2026-01-13T15:20:49.841173,2356,0,0,-0.7,0.07,0.64,-44.27,5.99,-9.6,-3.29,-3.54,0,0,0,226939,852.89,28.03,0.77,0,0,0,0,-81,0.76,-8.63,BEACON,"{""record_number"": 2356, ""operation_mode"": 0, ""state"": 0, ""battery_voltage"": 0, ""wifi_rssi"": -81, ""acc_data"": {""ax"": -0.7, ""ay"": 0.07, ""az"": 0.64, ""pitch"": -44.27, ""roll"": 5.99}, ""gyro_data"": {""gx"": -9.6, ""gy"": -3.29, ""gz"": -3.54}, ""gps_data"": {""latitude"": 0, ""longitude"": 0, ""gps_altitude"": 0, ""time"": 226939}, ""alt_data"": {""pressure"": 852.89, ""temperature"": 28.03, ""AGL"": 0.77, ""velocity"": 0, ""kalman_altitude"": 0.76, ""kalman_vertical_velocity"": -8.63}, ""chute_state"": {""pyro1_state"": 0, ""pyro2_state"": 0}, ""connection_status"": {""connected"": true, ""has_ever_connected"": true, ""packet_age_ms"": 0, ""timeout_exceeded"": false, ""rssi"": -81}, ""communication_mode"": ""BEACON"", ""timestamp"": 84144, ""packets_received"": 729, ""kalman_data"": {""altitude"": 0.76, ""vertical_velocity"": -8.63}, ""kalman_altitude"": 0.76, ""kalman_vertical_velocity"": -8.63, ""pyroDrogue"": 0, ""pyroMain"": 0, ""pyro1_state"": 0, ""pyro2_state"": 0}"
1768306849.894174,2026-01-13T15:20:49.894174,2357,0,0,-0.7,0.07,0.64,-44.78,6.07,-9.54,-3.14,-3.45,0,0,0,227139,852.94,28.04,0.29,0,0,0,0,-81,0.3,-8.72,BEACON,"{""record_number"": 2357, ""operation_mode"": 0, ""state"": 0, ""battery_voltage"": 0, ""wifi_rssi"": -81, ""acc_data"": {""ax"": -0.7, ""ay"": 0.07, ""az"": 0.64, ""pitch"": -44.78, ""roll"": 6.07}, ""gyro_data"": {""gx"": -9.54, ""gy"": -3.14, ""gz"": -3.45}, ""gps_data"": {""latitude"": 0, ""longitude"": 0, ""gps_altitude"": 0, ""time"": 227139}, ""alt_data"": {""pressure"": 852.94, ""temperature"": 28.04, ""AGL"": 0.29, ""velocity"": 0, ""kalman_altitude"": 0.3, ""kalman_vertical_velocity"": -8.72}, ""chute_state"": {""pyro1_state"": 0, ""pyro2_state"": 0}, ""connection_status"": {""connected"": true, ""has_ever_connected"": true, ""packet_age_ms"": 0, ""timeout_exceeded"": false, ""rssi"": -81}, ""communication_mode"": ""BEACON"", ""timestamp"": 84257, ""packets_received"": 730, ""kalman_data"": {""altitude"": 0.3, ""vertical_velocity"": -8.72}, ""kalman_altitude"": 0.3, ""kalman_vertical_velocity"": -8.72, ""pyroDrogue"": 0, ""pyroMain"": 0, ""pyro1_state"": 0, ""pyro2_state"": 0}"
1768306849.929176,2026-01-13T15:20:49.929176,2358,0,0,-0.7,0.08,0.64,-44.3,6.42,-9.09,-4.09,-3.87,0,0,0,227139,852.92,28.04,0.47,0,0,0,0,-80,0.46,-8.7,BEACON,"{""record_number"": 2358, ""operation_mode"": 0, ""state"": 0, ""battery_voltage"": 0, ""wifi_rssi"": -80, ""acc_data"": {""ax"": -0.7, ""ay"": 0.08, ""az"": 0.64, ""pitch"": -44.3, ""roll"": 6.42}, ""gyro_data"": {""gx"": -9.09, ""gy"": -4.09, ""gz"": -3.87}, ""gps_data"": {""latitude"": 0, ""longitude"": 0, ""gps_altitude"": 0, ""time"": 227139}, ""alt_data"": {""pressure"": 852.92, ""temperature"": 28.04, ""AGL"": 0.47, ""velocity"": 0, ""kalman_altitude"": 0.46, ""kalman_vertical_velocity"": -8.7}, ""chute_state"": {""pyro1_state"": 0, ""pyro2_state"": 0}, ""connection_status"": {""connected"": true, ""has_ever_connected"": true, ""packet_age_ms"": 1, ""timeout_exceeded"": false, ""rssi"": -80}, ""communication_mode"": ""BEACON"", ""timestamp"": 84371, ""packets_received"": 731, ""kalman_data"": {""altitude"": 0.46, ""vertical_velocity"": -8.7}, ""kalman_altitude"": 0.46, ""kalman_vertical_velocity"": -8.7, ""pyroDrogue"": 0, ""pyroMain"": 0, ""pyro1_state"": 0, ""pyro2_state"": 0}"
1768306849.975177,2026-01-13T15:20:49.975177,2360,0,0,-0.7,0.07,0.65,-43.95,6.1,-10.09,-3.38,-4.02,0,0,0,227339,852.91,28.03,0.62,0,0,0,0,-80,0.61,-8.67,BEACON,"{""record_number"": 2360, ""operation_mode"": 0, ""state"": 0, ""battery_voltage"": 0, ""wifi_rssi"": -80, ""acc_data"": {""ax"": -0.7, ""ay"": 0.07, ""az"": 0.65, ""pitch"": -43.95, ""roll"": 6.1}, ""gyro_data"": {""gx"": -10.09, ""gy"": -3.38, ""gz"": -4.02}, ""gps_data"": {""latitude"": 0, ""longitude"": 0, ""gps_altitude"": 0, ""time"": 227339}, ""alt_data"": {""pressure"": 852.91, ""temperature"": 28.03, ""AGL"": 0.62, ""velocity"": 0, ""kalman_altitude"": 0.61, ""kalman_vertical_velocity"": -8.67}, ""chute_state"": {""pyro1_state"": 0, ""pyro2_state"": 0}, ""connection_status"": {""connected"": true, ""has_ever_connected"": true, ""packet_age_ms"": 1, ""timeout_exceeded"": false, ""rssi"": -80}, ""communication_mode"": ""BEACON"", ""timestamp"": 84483, ""packets_received"": 732, ""kalman_data"": {""altitude"": 0.61, ""vertical_velocity"": -8.67}, ""kalman_altitude"": 0.61, ""kalman_vertical_velocity"": -8.67, ""pyroDrogue"": 0, ""pyroMain"": 0, ""pyro1_state"": 0, ""pyro2_state"": 0}"
1768306850.017177,2026-01-13T15:20:50.017177,2361,0,0,-0.7,0.07,0.64,-44.66,6.33,-9.45,-3.29,-3.69,0,0,0,227539,852.86,28.03,1.12,0,0,0,0,-81,1.11,-8.59,BEACON,"{""record_number"": 2361, ""operation_mode"": 0, ""state"": 0, ""battery_voltage"": 0, ""wifi_rssi"": -81, ""acc_data"": {""ax"": -0.7, ""ay"": 0.07, ""az"": 0.64, ""pitch"": -44.66, ""roll"": 6.33}, ""gyro_data"": {""gx"": -9.45, ""gy"": -3.29, ""gz"": -3.69}, ""gps_data"": {""latitude"": 0, ""longitude"": 0, ""gps_altitude"": 0, ""time"": 227539}, ""alt_data"": {""pressure"": 852.86, ""temperature"": 28.03, ""AGL"": 1.12, ""velocity"": 0, ""kalman_altitude"": 1.11, ""kalman_vertical_velocity"": -8.59}, ""chute_state"": {""pyro1_state"": 0, ""pyro2_state"": 0}, ""connection_status"": {""connected"": true, ""has_ever_connected"": true, ""packet_age_ms"": 1, ""timeout_exceeded"": false, ""rssi"": -81}, ""communication_mode"": ""BEACON"", ""timestamp"": 84595, ""packets_received"": 733, ""kalman_data"": {""altitude"": 1.11, ""vertical_velocity"": -8.59}, ""kalman_altitude"": 1.11, ""kalman_vertical_velocity"": -8.59, ""pyroDrogue"": 0, ""pyroMain"": 0, ""pyro1_state"": 0, ""pyro2_state"": 0}"
1768306850.071178,2026-01-13T15:20:50.071178,2362,0,0,-0.7,0.07,0.64,-44.34,6.43,-9.05,-3.63,-2.93,0,0,0,227539,852.85,28.02,1.2,0,0,0,0,-81,1.2,-8.57,BEACON,"{""record_number"": 2362, ""operation_mode"": 0, ""state"": 0, ""battery_voltage"": 0, ""wifi_rssi"": -81, ""acc_data"": {""ax"": -0.7, ""ay"": 0.07, ""az"": 0.64, ""pitch"": -44.34, ""roll"": 6.43}, ""gyro_data"": {""gx"": -9.05, ""gy"": -3.63, ""gz"": -2.93}, ""gps_data"": {""latitude"": 0, ""longitude"": 0, ""gps_altitude"": 0, ""time"": 227539}, ""alt_data"": {""pressure"": 852.85, ""temperature"": 28.02, ""AGL"": 1.2, ""velocity"": 0, ""kalman_altitude"": 1.2, ""kalman_vertical_velocity"": -8.57}, ""chute_state"": {""pyro1_state"": 0, ""pyro2_state"": 0}, ""connection_status"": {""connected"": true, ""has_ever_connected"": true, ""packet_age_ms"": 0, ""timeout_exceeded"": false, ""rssi"": -81}, ""communication_mode"": ""BEACON"", ""timestamp"": 84708, ""packets_received"": 734, ""kalman_data"": {""altitude"": 1.2, ""vertical_velocity"": -8.57}, ""kalman_altitude"": 1.2, ""kalman_vertical_velocity"": -8.57, ""pyroDrogue"": 0, ""pyroMain"": 0, ""pyro1_state"": 0, ""pyro2_state"": 0}"
1768306850.115508,2026-01-13T15:20:50.115508,2364,0,0,-0.7,0.08,0.64,-44.11,6.17,-9.57,-3.38,-4.15,0,0,0,227744,852.88,28.04,0.86,0,0,0,0,-80,0.87,-8.64,BEACON,"{""record_number"": 2364, ""operation_mode"": 0, ""state"": 0, ""battery_voltage"": 0, ""wifi_rssi"": -80, ""acc_data"": {""ax"": -0.7, ""ay"": 0.08, ""az"": 0.64, ""pitch"": -44.11, ""roll"": 6.17}, ""gyro_data"": {""gx"": -9.57, ""gy"": -3.38, ""gz"": -4.15}, ""gps_data"": {""latitude"": 0, ""longitude"": 0, ""gps_altitude"": 0, ""time"": 227744}, ""alt_data"": {""pressure"": 852.88, ""temperature"": 28.04, ""AGL"": 0.86, ""velocity"": 0, ""kalman_altitude"": 0.87, ""kalman_vertical_velocity"": -8.64}, ""chute_state"": {""pyro1_state"": 0, ""pyro2_state"": 0}, ""connection_status"": {""connected"": true, ""has_ever_connected"": true, ""packet_age_ms"": 1, ""timeout_exceeded"": false, ""rssi"": -80}, ""communication_mode"": ""BEACON"", ""timestamp"": 84824, ""packets_received"": 735, ""kalman_data"": {""altitude"": 0.87, ""vertical_velocity"": -8.64}, ""kalman_altitude"": 0.87, ""kalman_vertical_velocity"": -8.64, ""pyroDrogue"": 0, ""pyroMain"": 0, ""pyro1_state"": 0, ""pyro2_state"": 0}"
1768306850.160544,2026-01-13T15:20:50.160544,2365,0,0,-0.7,0.07,0.64,-44.42,6.48,-9.36,-2.59,-4.48,0,0,0,227744,852.85,28.03,1.19,0,0,0,0,-83,1.18,-8.59,BEACON,"{""record_number"": 2365, ""operation_mode"": 0, ""state"": 0, ""battery_voltage"": 0, ""wifi_rssi"": -83, ""acc_data"": {""ax"": -0.7, ""ay"": 0.07, ""az"": 0.64, ""pitch"": -44.42, ""roll"": 6.48}, ""gyro_data"": {""gx"": -9.36, ""gy"": -2.59, ""gz"": -4.48}, ""gps_data"": {""latitude"": 0, ""longitude"": 0, ""gps_altitude"": 0, ""time"": 227744}, ""alt_data"": {""pressure"": 852.85, ""temperature"": 28.03, ""AGL"": 1.19, ""velocity"": 0, ""kalman_altitude"": 1.18, ""kalman_vertical_velocity"": -8.59}, ""chute_state"": {""pyro1_state"": 0, ""pyro2_state"": 0}, ""connection_status"": {""connected"": true, ""has_ever_connected"": true, ""packet_age_ms"": 0, ""timeout_exceeded"": false, ""rssi"": -83}, ""communication_mode"": ""BEACON"", ""timestamp"": 84934, ""packets_received"": 736, ""kalman_data"": {""altitude"": 1.18, ""vertical_velocity"": -8.59}, ""kalman_altitude"": 1.18, ""kalman_vertical_velocity"": -8.59, ""pyroDrogue"": 0, ""pyroMain"": 0, ""pyro1_state"": 0, ""pyro2_state"": 0}"
1768306850.205544,2026-01-13T15:20:50.205544,2366,0,0,-0.7,0.07,0.65,-44.46,6.71,-9.12,-4.09,-3.51,0,0,0,227944,852.91,28.04,0.57,0,0,0,0,-83,0.58,-8.71,BEACON,"{""record_number"": 2366, ""operation_mode"": 0, ""state"": 0, ""battery_voltage"": 0, ""wifi_rssi"": -83, ""acc_data"": {""ax"": -0.7, ""ay"": 0.07, ""az"": 0.65, ""pitch"": -44.46, ""roll"": 6.71}, ""gyro_data"": {""gx"": -9.12, ""gy"": -4.09, ""gz"": -3.51}, ""gps_data"": {""latitude"": 0, ""longitude"": 0, ""gps_altitude"": 0, ""time"": 227944}, ""alt_data"": {""pressure"": 852.91, ""temperature"": 28.04, ""AGL"": 0.57, ""velocity"": 0, ""kalman_altitude"": 0.58, ""kalman_vertical_velocity"": -8.71}, ""chute_state"": {""pyro1_state"": 0, ""pyro2_state"": 0}, ""connection_status"": {""connected"": true, ""has_ever_connected"": true, ""packet_age_ms"": 0, ""timeout_exceeded"": false, ""rssi"": -83}, ""communication_mode"": ""BEACON"", ""timestamp"": 85047, ""packets_received"": 737, ""kalman_data"": {""altitude"": 0.58, ""vertical_velocity"": -8.71}, ""kalman_altitude"": 0.58, ""kalman_vertical_velocity"": -8.71, ""pyroDrogue"": 0, ""pyroMain"": 0, ""pyro1_state"": 0, ""pyro2_state"": 0}"
1768306850.246343,2026-01-13T15:20:50.246343,2367,0,0,-0.7,0.07,0.65,-44.62,6.04,-9.18,-3.11,-4.02,0,0,0,227944,852.89,28.03,0.76,0,0,0,0,-83,0.76,-8.68,BEACON,"{""record_number"": 2367, ""operation_mode"": 0, ""state"": 0, ""battery_voltage"": 0, ""wifi_rssi"": -83, ""acc_data"": {""ax"": -0.7, ""ay"": 0.07, ""az"": 0.65, ""pitch"": -44.62, ""roll"": 6.04}, ""gyro_data"": {""gx"": -9.18, ""gy"": -3.11, ""gz"": -4.02}, ""gps_data"": {""latitude"": 0, ""longitude"": 0, ""gps_altitude"": 0, ""time"": 227944}, ""alt_data"": {""pressure"": 852.89, ""temperature"": 28.03, ""AGL"": 0.76, ""velocity"": 0, ""kalman_altitude"": 0.76, ""kalman_vertical_velocity"": -8.68}, ""chute_state"": {""pyro1_state"": 0, ""pyro2_state"": 0}, ""connection_status"": {""connected"": true, ""has_ever_connected"": true, ""packet_age_ms"": 0, ""timeout_exceeded"": false, ""rssi"": -83}, ""communication_mode"": ""BEACON"", ""timestamp"": 85160, ""packets_received"": 738, ""kalman_data"": {""altitude"": 0.76, ""vertical_velocity"": -8.68}, ""kalman_altitude"": 0.76, ""kalman_vertical_velocity"": -8.68, ""pyroDrogue"": 0, ""pyroMain"": 0, ""pyro1_state"": 0, ""pyro2_state"": 0}"
1768306850.278348,2026-01-13T15:20:50.278348,2369,0,0,-0.7,0.07,0.64,-44.38,6.09,-9.57,-2.99,-3.72,0,0,0,228144,852.96,28.04,0.1,0,0,0,0,-85,0.11,-8.81,BEACON,"{""record_number"": 2369, ""operation_mode"": 0, ""state"": 0, ""battery_voltage"": 0, ""wifi_rssi"": -85, ""acc_data"": {""ax"": -0.7, ""ay"": 0.07, ""az"": 0.64, ""pitch"": -44.38, ""roll"": 6.09}, ""gyro_data"": {""gx"": -9.57, ""gy"": -2.99, ""gz"": -3.72}, ""gps_data"": {""latitude"": 0, ""longitude"": 0, ""gps_altitude"": 0, ""time"": 228144}, ""alt_data"": {""pressure"": 852.96, ""temperature"": 28.04, ""AGL"": 0.1, ""velocity"": 0, ""kalman_altitude"": 0.11, ""kalman_vertical_velocity"": -8.81}, ""chute_state"": {""pyro1_state"": 0, ""pyro2_state"": 0}, ""connection_status"": {""connected"": true, ""has_ever_connected"": true, ""packet_age_ms"": 1, ""timeout_exceeded"": false, ""rssi"": -85}, ""communication_mode"": ""BEACON"", ""timestamp"": 85273, ""packets_received"": 739, ""kalman_data"": {""altitude"": 0.11, ""vertical_velocity"": -8.81}, ""kalman_altitude"": 0.11, ""kalman_vertical_velocity"": -8.81, ""pyroDrogue"": 0, ""pyroMain"": 0, ""pyro1_state"": 0, ""pyro2_state"": 0}"
1768306850.337346,2026-01-13T15:20:50.337346,2370,0,0,-0.7,0.07,0.64,-44.82,6.39,-7.93,-3.51,-3.05,0,0,0,228144,852.87,28.03,1.02,0,0,0,0,-82,1.01,-8.64,BEACON,"{""record_number"": 2370, ""operation_mode"": 0, ""state"": 0, ""battery_voltage"": 0, ""wifi_rssi"": -82, ""acc_data"": {""ax"": -0.7, ""ay"": 0.07, ""az"": 0.64, ""pitch"": -44.82, ""roll"": 6.39}, ""gyro_data"": {""gx"": -7.93, ""gy"": -3.51, ""gz"": -3.05}, ""gps_data"": {""latitude"": 0, ""longitude"": 0, ""gps_altitude"": 0, ""time"": 228144}, ""alt_data"": {""pressure"": 852.87, ""temperature"": 28.03, ""AGL"": 1.02, ""velocity"": 0, ""kalman_altitude"": 1.01, ""kalman_vertical_velocity"": -8.64}, ""chute_state"": {""pyro1_state"": 0, ""pyro2_state"": 0}, ""connection_status"": {""connected"": true, ""has_ever_connected"": true, ""packet_age_ms"": 0, ""timeout_exceeded"": false, ""rssi"": -82}, ""communication_mode"": ""BEACON"", ""timestamp"": 85384, ""packets_received"": 740, ""kalman_data"": {""altitude"": 1.01, ""vertical_velocity"": -8.64}, ""kalman_altitude"": 1.01, ""kalman_vertical_velocity"": -8.64, ""pyroDrogue"": 0, ""pyroMain"": 0, ""pyro1_state"": 0, ""pyro2_state"": 0}"
1768306850.413349,2026-01-13T15:20:50.413349,2371,0,0,-0.7,0.07,0.65,-45.01,5.91,-9.02,-3.05,-3.63,0,0,0,228344,852.89,28.03,0.8,0,0,0,0,-83,0.8,-8.68,BEACON,"{""record_number"": 2371, ""operation_mode"": 0, ""state"": 0, ""battery_voltage"": 0, ""wifi_rssi"": -83, ""acc_data"": {""ax"": -0.7, ""ay"": 0.07, ""az"": 0.65, ""pitch"": -45.01, ""roll"": 5.91}, ""gyro_data"": {""gx"": -9.02, ""gy"": -3.05, ""gz"": -3.63}, ""gps_data"": {""latitude"": 0, ""longitude"": 0, ""gps_altitude"": 0, ""time"": 228344}, ""alt_data"": {""pressure"": 852.89, ""temperature"": 28.03, ""AGL"": 0.8, ""velocity"": 0, ""kalman_altitude"": 0.8, ""kalman_vertical_velocity"": -8.68}, ""chute_state"": {""pyro1_state"": 0, ""pyro2_state"": 0}, ""connection_status"": {""connected"": true, ""has_ever_connected"": true, ""packet_age_ms"": 0, ""timeout_exceeded"": false, ""rssi"": -83}, ""communication_mode"": ""BEACON"", ""timestamp"": 85496, ""packets_received"": 741, ""kalman_data"": {""altitude"": 0.8, ""vertical_velocity"": -8.68}, ""kalman_altitude"": 0.8, ""kalman_vertical_velocity"": -8.68, ""pyroDrogue"": 0, ""pyroMain"": 0, ""pyro1_state"": 0, ""pyro2_state"": 0}"
1768306850.462343,2026-01-13T15:20:50.462343,2373,0,0,-0.7,0.08,0.64,-44.66,6.59,-9.45,-4.21,-3.08,0,0,0,228545,852.87,28.03,1.01,0,0,0,0,-84,1.01,-8.65,BEACON,"{""record_number"": 2373, ""operation_mode"": 0, ""state"": 0, ""battery_voltage"": 0, ""wifi_rssi"": -84, ""acc_data"": {""ax"": -0.7, ""ay"": 0.08, ""az"": 0.64, ""pitch"": -44.66, ""roll"": 6.59}, ""gyro_data"": {""gx"": -9.45, ""gy"": -4.21, ""gz"": -3.08}, ""gps_data"": {""latitude"": 0, ""longitude"": 0, ""gps_altitude"": 0, ""time"": 228545}, ""alt_data"": {""pressure"": 852.87, ""temperature"": 28.03, ""AGL"": 1.01, ""velocity"": 0, ""kalman_altitude"": 1.01, ""kalman_vertical_velocity"": -8.65}, ""chute_state"": {""pyro1_state"": 0, ""pyro2_state"": 0}, ""connection_status"": {""connected"": true, ""has_ever_connected"": true, ""packet_age_ms"": 0, ""timeout_exceeded"": false, ""rssi"": -84}, ""communication_mode"": ""BEACON"", ""timestamp"": 85609, ""packets_received"": 742, ""kalman_data"": {""altitude"": 1.01, ""vertical_velocity"": -8.65}, ""kalman_altitude"": 1.01, ""kalman_vertical_velocity"": -8.65, ""pyroDrogue"": 0, ""pyroMain"": 0, ""pyro1_state"": 0, ""pyro2_state"": 0}"
1768306850.539762,2026-01-13T15:20:50.539762,2374,0,0,-0.7,0.07,0.65,-44.15,6.09,-9.94,-2.07,-3.84,0,0,0,228545,852.84,28.03,1.27,0,0,0,0,-83,1.26,-8.61,BEACON,"{""record_number"": 2374, ""operation_mode"": 0, ""state"": 0, ""battery_voltage"": 0, ""wifi_rssi"": -83, ""acc_data"": {""ax"": -0.7, ""ay"": 0.07, ""az"": 0.65, ""pitch"": -44.15, ""roll"": 6.09}, ""gyro_data"": {""gx"": -9.94, ""gy"": -2.07, ""gz"": -3.84}, ""gps_data"": {""latitude"": 0, ""longitude"": 0, ""gps_altitude"": 0, ""time"": 228545}, ""alt_data"": {""pressure"": 852.84, ""temperature"": 28.03, ""AGL"": 1.27, ""velocity"": 0, ""kalman_altitude"": 1.26, ""kalman_vertical_velocity"": -8.61}, ""chute_state"": {""pyro1_state"": 0, ""pyro2_state"": 0}, ""connection_status"": {""connected"": true, ""has_ever_connected"": true, ""packet_age_ms"": 0, ""timeout_exceeded"": false, ""rssi"": -83}, ""communication_mode"": ""BEACON"", ""timestamp"": 85722, ""packets_received"": 743, ""kalman_data"": {""altitude"": 1.26, ""vertical_velocity"": -8.61}, ""kalman_altitude"": 1.26, ""kalman_vertical_velocity"": -8.61, ""pyroDrogue"": 0, ""pyroMain"": 0, ""pyro1_state"": 0, ""pyro2_state"": 0}"
1768306850.583342,2026-01-13T15:20:50.583342,2375,0,0,-0.71,0.07,0.63,-44.27,5.69,-9.7,-3.54,-4.24,0,0,0,228750,852.88,28.03,0.87,0,0,0,0,-82,0.88,-8.69,BEACON,"{""record_number"": 2375, ""operation_mode"": 0, ""state"": 0, ""battery_voltage"": 0, ""wifi_rssi"": -82, ""acc_data"": {""ax"": -0.71, ""ay"": 0.07, ""az"": 0.63, ""pitch"": -44.27, ""roll"": 5.69}, ""gyro_data"": {""gx"": -9.7, ""gy"": -3.54, ""gz"": -4.24}, ""gps_data"": {""latitude"": 0, ""longitude"": 0, ""gps_altitude"": 0, ""time"": 228750}, ""alt_data"": {""pressure"": 852.88, ""temperature"": 28.03, ""AGL"": 0.87, ""velocity"": 0, ""kalman_altitude"": 0.88, ""kalman_vertical_velocity"": -8.69}, ""chute_state"": {""pyro1_state"": 0, ""pyro2_state"": 0}, ""connection_status"": {""connected"": true, ""has_ever_connected"": true, ""packet_age_ms"": 0, ""timeout_exceeded"": false, ""rssi"": -82}, ""communication_mode"": ""BEACON"", ""timestamp"": 85836, ""packets_received"": 744, ""kalman_data"": {""altitude"": 0.88, ""vertical_velocity"": -8.69}, ""kalman_altitude"": 0.88, ""kalman_vertical_velocity"": -8.69, ""pyroDrogue"": 0, ""pyroMain"": 0, ""pyro1_state"": 0, ""pyro2_state"": 0}"
1768306850.618348,2026-01-13T15:20:50.618348,2377,0,0,-0.7,0.07,0.64,-43.99,5.81,-10.18,-3.23,-2.87,0,0,0,228750,852.84,28.03,1.27,0,0,0,0,-83,1.27,-8.62,BEACON,"{""record_number"": 2377, ""operation_mode"": 0, ""state"": 0, ""battery_voltage"": 0, ""wifi_rssi"": -83, ""acc_data"": {""ax"": -0.7, ""ay"": 0.07, ""az"": 0.64, ""pitch"": -43.99, ""roll"": 5.81}, ""gyro_data"": {""gx"": -10.18, ""gy"": -3.23, ""gz"": -2.87}, ""gps_data"": {""latitude"": 0, ""longitude"": 0, ""gps_altitude"": 0, ""time"": 228750}, ""alt_data"": {""pressure"": 852.84, ""temperature"": 28.03, ""AGL"": 1.27, ""velocity"": 0, ""kalman_altitude"": 1.27, ""kalman_vertical_velocity"": -8.62}, ""chute_state"": {""pyro1_state"": 0, ""pyro2_state"": 0}, ""connection_status"": {""connected"": true, ""has_ever_connected"": true, ""packet_age_ms"": 1, ""timeout_exceeded"": false, ""rssi"": -83}, ""communication_mode"": ""BEACON"", ""timestamp"": 85948, ""packets_received"": 745, ""kalman_data"": {""altitude"": 1.27, ""vertical_velocity"": -8.62}, ""kalman_altitude"": 1.27, ""kalman_vertical_velocity"": -8.62, ""pyroDrogue"": 0, ""pyroMain"": 0, ""pyro1_state"": 0, ""pyro2_state"": 0}"
1768306850.66118,2026-01-13T15:20:50.661180,2378,0,0,-0.7,0.07,0.65,-43.84,6.57,-9.15,-3.45,-4.36,0,0,0,228949,852.88,28.04,0.93,0,0,0,0,-83,0.94,-8.69,BEACON,"{""record_number"": 2378, ""operation_mode"": 0, ""state"": 0, ""battery_voltage"": 0, ""wifi_rssi"": -83, ""acc_data"": {""ax"": -0.7, ""ay"": 0.07, ""az"": 0.65, ""pitch"": -43.84, ""roll"": 6.57}, ""gyro_data"": {""gx"": -9.15, ""gy"": -3.45, ""gz"": -4.36}, ""gps_data"": {""latitude"": 0, ""longitude"": 0, ""gps_altitude"": 0, ""time"": 228949}, ""alt_data"": {""pressure"": 852.88, ""temperature"": 28.04, ""AGL"": 0.93, ""velocity"": 0, ""kalman_altitude"": 0.94, ""kalman_vertical_velocity"": -8.69}, ""chute_state"": {""pyro1_state"": 0, ""pyro2_state"": 0}, ""connection_status"": {""connected"": true, ""has_ever_connected"": true, ""packet_age_ms"": 0, ""timeout_exceeded"": false, ""rssi"": -83}, ""communication_mode"": ""BEACON"", ""timestamp"": 86060, ""packets_received"": 746, ""kalman_data"": {""altitude"": 0.94, ""vertical_velocity"": -8.69}, ""kalman_altitude"": 0.94, ""kalman_vertical_velocity"": -8.69, ""pyroDrogue"": 0, ""pyroMain"": 0, ""pyro1_state"": 0, ""pyro2_state"": 0}"
1768306850.873255,2026-01-13T15:20:50.873255,2379,0,0,-0.7,0.07,0.65,-44.62,5.81,-8.93,-3.41,-3.51,0,0,0,228949,852.89,28.03,0.8,0,0,0,0,-82,0.8,-8.72,BEACON,"{""record_number"": 2379, ""operation_mode"": 0, ""state"": 0, ""battery_voltage"": 0, ""wifi_rssi"": -82, ""acc_data"": {""ax"": -0.7, ""ay"": 0.07, ""az"": 0.65, ""pitch"": -44.62, ""roll"": 5.81}, ""gyro_data"": {""gx"": -8.93, ""gy"": -3.41, ""gz"": -3.51}, ""gps_data"": {""latitude"": 0, ""longitude"": 0, ""gps_altitude"": 0, ""time"": 228949}, ""alt_data"": {""pressure"": 852.89, ""temperature"": 28.03, ""AGL"": 0.8, ""velocity"": 0, ""kalman_altitude"": 0.8, ""kalman_vertical_velocity"": -8.72}, ""chute_state"": {""pyro1_state"": 0, ""pyro2_state"": 0}, ""connection_status"": {""connected"": true, ""has_ever_connected"": true, ""packet_age_ms"": 1, ""timeout_exceeded"": false, ""rssi"": -82}, ""communication_mode"": ""BEACON"", ""timestamp"": 86174, ""packets_received"": 747, ""kalman_data"": {""altitude"": 0.8, ""vertical_velocity"": -8.72}, ""kalman_altitude"": 0.8, ""kalman_vertical_velocity"": -8.72, ""pyroDrogue"": 0, ""pyroMain"": 0, ""pyro1_state"": 0, ""pyro2_state"": 0}"
1768306851.240143,2026-01-13T15:20:51.240143,2381,0,0,-0.7,0.07,0.64,-43.99,6.06,-9.42,-2.87,-3.54,0,0,0,229150,852.92,28.04,0.54,0,0,0,0,-82,0.54,-8.77,BEACON,"{""record_number"": 2381, ""operation_mode"": 0, ""state"": 0, ""battery_voltage"": 0, ""wifi_rssi"": -82, ""acc_data"": {""ax"": -0.7, ""ay"": 0.07, ""az"": 0.64, ""pitch"": -43.99, ""roll"": 6.06}, ""gyro_data"": {""gx"": -9.42, ""gy"": -2.87, ""gz"": -3.54}, ""gps_data"": {""latitude"": 0, ""longitude"": 0, ""gps_altitude"": 0, ""time"": 229150}, ""alt_data"": {""pressure"": 852.92, ""temperature"": 28.04, ""AGL"": 0.54, ""velocity"": 0, ""kalman_altitude"": 0.54, ""kalman_vertical_velocity"": -8.77}, ""chute_state"": {""pyro1_state"": 0, ""pyro2_state"": 0}, ""connection_status"": {""connected"": true, ""has_ever_connected"": true, ""packet_age_ms"": 0, ""timeout_exceeded"": false, ""rssi"": -82}, ""communication_mode"": ""BEACON"", ""timestamp"": 86285, ""packets_received"": 748, ""kalman_data"": {""altitude"": 0.54, ""vertical_velocity"": -8.77}, ""kalman_altitude"": 0.54, ""kalman_vertical_velocity"": -8.77, ""pyroDrogue"": 0, ""pyroMain"": 0, ""pyro1_state"": 0, ""pyro2_state"": 0}"
1768306851.303953,2026-01-13T15:20:51.303953,2382,0,0,-0.7,0.07,0.64,-44.7,5.61,-9.21,-2.56,-4.36,0,0,0,229349,852.91,28.02,0.56,0,0,0,0,-82,0.56,-8.77,BEACON,"{""record_number"": 2382, ""operation_mode"": 0, ""state"": 0, ""battery_voltage"": 0, ""wifi_rssi"": -82, ""acc_data"": {""ax"": -0.7, ""ay"": 0.07, ""az"": 0.64, ""pitch"": -44.7, ""roll"": 5.61}, ""gyro_data"": {""gx"": -9.21, ""gy"": -2.56, ""gz"": -4.36}, ""gps_data"": {""latitude"": 0, ""longitude"": 0, ""gps_altitude"": 0, ""time"": 229349}, ""alt_data"": {""pressure"": 852.91, ""temperature"": 28.02, ""AGL"": 0.56, ""velocity"": 0, ""kalman_altitude"": 0.56, ""kalman_vertical_velocity"": -8.77}, ""chute_state"": {""pyro1_state"": 0, ""pyro2_state"": 0}, ""connection_status"": {""connected"": true, ""has_ever_connected"": true, ""packet_age_ms"": 1, ""timeout_exceeded"": false, ""rssi"": -82}, ""communication_mode"": ""BEACON"", ""timestamp"": 86398, ""packets_received"": 749, ""kalman_data"": {""altitude"": 0.56, ""vertical_velocity"": -8.77}, ""kalman_altitude"": 0.56, ""kalman_vertical_velocity"": -8.77, ""pyroDrogue"": 0, ""pyroMain"": 0, ""pyro1_state"": 0, ""pyro2_state"": 0}"
1768306851.412257,2026-01-13T15:20:51.412257,2383,0,0,-0.7,0.08,0.64,-44.58,6.42,-9.12,-3.57,-3.05,0,0,0,229349,852.89,28.04,0.83,0,0,0,0,-82,0.82,-8.73,BEACON,"{""record_number"": 2383, ""operation_mode"": 0, ""state"": 0, ""battery_voltage"": 0, ""wifi_rssi"": -82, ""acc_data"": {""ax"": -0.7, ""ay"": 0.08, ""az"": 0.64, ""pitch"": -44.58, ""roll"": 6.42}, ""gyro_data"": {""gx"": -9.12, ""gy"": -3.57, ""gz"": -3.05}, ""gps_data"": {""latitude"": 0, ""longitude"": 0, ""gps_altitude"": 0, ""time"": 229349}, ""alt_data"": {""pressure"": 852.89, ""temperature"": 28.04, ""AGL"": 0.83, ""velocity"": 0, ""kalman_altitude"": 0.82, ""kalman_vertical_velocity"": -8.73}, ""chute_state"": {""pyro1_state"": 0, ""pyro2_state"": 0}, ""connection_status"": {""connected"": true, ""has_ever_connected"": true, ""packet_age_ms"": 1, ""timeout_exceeded"": false, ""rssi"": -82}, ""communication_mode"": ""BEACON"", ""timestamp"": 86510, ""packets_received"": 750, ""kalman_data"": {""altitude"": 0.82, ""vertical_velocity"": -8.73}, ""kalman_altitude"": 0.82, ""kalman_vertical_velocity"": -8.73, ""pyroDrogue"": 0, ""pyroMain"": 0, ""pyro1_state"": 0, ""pyro2_state"": 0}"
1768306851.468923,2026-01-13T15:20:51.468923,2385,0,0,-0.7,0.07,0.65,-44.23,6.34,-9.18,-2.1,-2.87,0,0,0,229550,852.89,28.03,0.83,0,0,0,0,-83,0.83,-8.73,BEACON,"{""record_number"": 2385, ""operation_mode"": 0, ""state"": 0, ""battery_voltage"": 0, ""wifi_rssi"": -83, ""acc_data"": {""ax"": -0.7, ""ay"": 0.07, ""az"": 0.65, ""pitch"": -44.23, ""roll"": 6.34}, ""gyro_data"": {""gx"": -9.18, ""gy"": -2.1, ""gz"": -2.87}, ""gps_data"": {""latitude"": 0, ""longitude"": 0, ""gps_altitude"": 0, ""time"": 229550}, ""alt_data"": {""pressure"": 852.89, ""temperature"": 28.03, ""AGL"": 0.83, ""velocity"": 0, ""kalman_altitude"": 0.83, ""kalman_vertical_velocity"": -8.73}, ""chute_state"": {""pyro1_state"": 0, ""pyro2_state"": 0}, ""connection_status"": {""connected"": true, ""has_ever_connected"": true, ""packet_age_ms"": 0, ""timeout_exceeded"": false, ""rssi"": -83}, ""communication_mode"": ""BEACON"", ""timestamp"": 86623, ""packets_received"": 751, ""kalman_data"": {""altitude"": 0.83, ""vertical_velocity"": -8.73}, ""kalman_altitude"": 0.83, ""kalman_vertical_velocity"": -8.73, ""pyroDrogue"": 0, ""pyroMain"": 0, ""pyro1_state"": 0, ""pyro2_state"": 0}"
1768306851.5213,2026-01-13T15:20:51.521300,2386,0,0,-0.7,0.06,0.64,-44.38,6.6,-9.36,-3.2,-3.35,0,0,0,229550,852.91,28.04,0.64,0,0,0,0,-83,0.64,-8.77,BEACON,"{""record_number"": 2386, ""operation_mode"": 0, ""state"": 0, ""battery_voltage"": 0, ""wifi_rssi"": -83, ""acc_data"": {""ax"": -0.7, ""ay"": 0.06, ""az"": 0.64, ""pitch"": -44.38, ""roll"": 6.6}, ""gyro_data"": {""gx"": -9.36, ""gy"": -3.2, ""gz"": -3.35}, ""gps_data"": {""latitude"": 0, ""longitude"": 0, ""gps_altitude"": 0, ""time"": 229550}, ""alt_data"": {""pressure"": 852.91, ""temperature"": 28.04, ""AGL"": 0.64, ""velocity"": 0, ""kalman_altitude"": 0.64, ""kalman_vertical_velocity"": -8.77}, ""chute_state"": {""pyro1_state"": 0, ""pyro2_state"": 0}, ""connection_status"": {""connected"": true, ""has_ever_connected"": true, ""packet_age_ms"": 1, ""timeout_exceeded"": false, ""rssi"": -83}, ""communication_mode"": ""BEACON"", ""timestamp"": 86736, ""packets_received"": 752, ""kalman_data"": {""altitude"": 0.64, ""vertical_velocity"": -8.77}, ""kalman_altitude"": 0.64, ""kalman_vertical_velocity"": -8.77, ""pyroDrogue"": 0, ""pyroMain"": 0, ""pyro1_state"": 0, ""pyro2_state"": 0}"
1768306851.842548,2026-01-13T15:20:51.842548,2387,0,0,-0.7,0.07,0.64,-44.46,6.13,-9.76,-3.66,-3.51,0,0,0,229755,852.88,28.03,0.9,0,0,0,0,-84,0.9,-8.73,BEACON,"{""record_number"": 2387, ""operation_mode"": 0, ""state"": 0, ""battery_voltage"": 0, ""wifi_rssi"": -84, ""acc_data"": {""ax"": -0.7, ""ay"": 0.07, ""az"": 0.64, ""pitch"": -44.46, ""roll"": 6.13}, ""gyro_data"": {""gx"": -9.76, ""gy"": -3.66, ""gz"": -3.51}, ""gps_data"": {""latitude"": 0, ""longitude"": 0, ""gps_altitude"": 0, ""time"": 229755}, ""alt_data"": {""pressure"": 852.88, ""temperature"": 28.03, ""AGL"": 0.9, ""velocity"": 0, ""kalman_altitude"": 0.9, ""kalman_vertical_velocity"": -8.73}, ""chute_state"": {""pyro1_state"": 0, ""pyro2_state"": 0}, ""connection_status"": {""connected"": true, ""has_ever_connected"": true, ""packet_age_ms"": 0, ""timeout_exceeded"": false, ""rssi"": -84}, ""communication_mode"": ""BEACON"", ""timestamp"": 86848, ""packets_received"": 753, ""kalman_data"": {""altitude"": 0.9, ""vertical_velocity"": -8.73}, ""kalman_altitude"": 0.9, ""kalman_vertical_velocity"": -8.73, ""pyroDrogue"": 0, ""pyroMain"": 0, ""pyro1_state"": 0, ""pyro2_state"": 0}"
1768306852.028508,2026-01-13T15:20:52.028508,2389,0,0,-0.7,0.07,0.64,-44.3,6.13,-9.36,-3.2,-3.69,0,0,0,229755,852.92,28.04,0.53,0,0,0,0,-82,0.54,-8.8,BEACON,"{""record_number"": 2389, ""operation_mode"": 0, ""state"": 0, ""battery_voltage"": 0, ""wifi_rssi"": -82, ""acc_data"": {""ax"": -0.7, ""ay"": 0.07, ""az"": 0.64, ""pitch"": -44.3, ""roll"": 6.13}, ""gyro_data"": {""gx"": -9.36, ""gy"": -3.2, ""gz"": -3.69}, ""gps_data"": {""latitude"": 0, ""longitude"": 0, ""gps_altitude"": 0, ""time"": 229755}, ""alt_data"": {""pressure"": 852.92, ""temperature"": 28.04, ""AGL"": 0.53, ""velocity"": 0, ""kalman_altitude"": 0.54, ""kalman_vertical_velocity"": -8.8}, ""chute_state"": {""pyro1_state"": 0, ""pyro2_state"": 0}, ""connection_status"": {""connected"": true, ""has_ever_connected"": true, ""packet_age_ms"": 0, ""timeout_exceeded"": false, ""rssi"": -82}, ""communication_mode"": ""BEACON"", ""timestamp"": 86962, ""packets_received"": 754, ""kalman_data"": {""altitude"": 0.54, ""vertical_velocity"": -8.8}, ""kalman_altitude"": 0.54, ""kalman_vertical_velocity"": -8.8, ""pyroDrogue"": 0, ""pyroMain"": 0, ""pyro1_state"": 0, ""pyro2_state"": 0}"
1768306852.369794,2026-01-13T15:20:52.369794,2390,0,0,-0.7,0.06,0.64,-44.23,6.81,-9.97,-3.35,-3.54,0,0,0,229955,852.88,28.03,0.95,0,0,0,0,-83,0.94,-8.73,BEACON,"{""record_number"": 2390, ""operation_mode"": 0, ""state"": 0, ""battery_voltage"": 0, ""wifi_rssi"": -83, ""acc_data"": {""ax"": -0.7, ""ay"": 0.06, ""az"": 0.64, ""pitch"": -44.23, ""roll"": 6.81}, ""gyro_data"": {""gx"": -9.97, ""gy"": -3.35, ""gz"": -3.54}, ""gps_data"": {""latitude"": 0, ""longitude"": 0, ""gps_altitude"": 0, ""time"": 229955}, ""alt_data"": {""pressure"": 852.88, ""temperature"": 28.03, ""AGL"": 0.95, ""velocity"": 0, ""kalman_altitude"": 0.94, ""kalman_vertical_velocity"": -8.73}, ""chute_state"": {""pyro1_state"": 0, ""pyro2_state"": 0}, ""connection_status"": {""connected"": true, ""has_ever_connected"": true, ""packet_age_ms"": 0, ""timeout_exceeded"": false, ""rssi"": -83}, ""communication_mode"": ""BEACON"", ""timestamp"": 87075, ""packets_received"": 755, ""kalman_data"": {""altitude"": 0.94, ""vertical_velocity"": -8.73}, ""kalman_altitude"": 0.94, ""kalman_vertical_velocity"": -8.73, ""pyroDrogue"": 0, ""pyroMain"": 0, ""pyro1_state"": 0, ""pyro2_state"": 0}"
1768306852.518259,2026-01-13T15:20:52.518259,2391,0,0,-0.7,0.07,0.63,-44.27,5.94,-9.12,-2.35,-3.69,0,0,0,229955,852.93,28.04,0.39,0,0,0,0,-83,0.4,-8.84,BEACON,"{""record_number"": 2391, ""operation_mode"": 0, ""state"": 0, ""battery_voltage"": 0, ""wifi_rssi"": -83, ""acc_data"": {""ax"": -0.7, ""ay"": 0.07, ""az"": 0.63, ""pitch"": -44.27, ""roll"": 5.94}, ""gyro_data"": {""gx"": -9.12, ""gy"": -2.35, ""gz"": -3.69}, ""gps_data"": {""latitude"": 0, ""longitude"": 0, ""gps_altitude"": 0, ""time"": 229955}, ""alt_data"": {""pressure"": 852.93, ""temperature"": 28.04, ""AGL"": 0.39, ""velocity"": 0, ""kalman_altitude"": 0.4, ""kalman_vertical_velocity"": -8.84}, ""chute_state"": {""pyro1_state"": 0, ""pyro2_state"": 0}, ""connection_status"": {""connected"": true, ""has_ever_connected"": true, ""packet_age_ms"": 1, ""timeout_exceeded"": false, ""rssi"": -83}, ""communication_mode"": ""BEACON"", ""timestamp"": 87188, ""packets_received"": 756, ""kalman_data"": {""altitude"": 0.4, ""vertical_velocity"": -8.84}, ""kalman_altitude"": 0.4, ""kalman_vertical_velocity"": -8.84, ""pyroDrogue"": 0, ""pyroMain"": 0, ""pyro1_state"": 0, ""pyro2_state"": 0}"
1768306852.574018,2026-01-13T15:20:52.574018,2393,0,0,-0.7,0.07,0.64,-44.27,6.25,-9.36,-3.11,-3.41,0,0,0,230155,852.89,28.03,0.76,0,0,0,0,-82,0.76,-8.78,BEACON,"{""record_number"": 2393, ""operation_mode"": 0, ""state"": 0, ""battery_voltage"": 0, ""wifi_rssi"": -82, ""acc_data"": {""ax"": -0.7, ""ay"": 0.07, ""az"": 0.64, ""pitch"": -44.27, ""roll"": 6.25}, ""gyro_data"": {""gx"": -9.36, ""gy"": -3.11, ""gz"": -3.41}, ""gps_data"": {""latitude"": 0, ""longitude"": 0, ""gps_altitude"": 0, ""time"": 230155}, ""alt_data"": {""pressure"": 852.89, ""temperature"": 28.03, ""AGL"": 0.76, ""velocity"": 0, ""kalman_altitude"": 0.76, ""kalman_vertical_velocity"": -8.78}, ""chute_state"": {""pyro1_state"": 0, ""pyro2_state"": 0}, ""connection_status"": {""connected"": true, ""has_ever_connected"": true, ""packet_age_ms"": 1, ""timeout_exceeded"": false, ""rssi"": -82}, ""communication_mode"": ""BEACON"", ""timestamp"": 87301, ""packets_received"": 757, ""kalman_data"": {""altitude"": 0.76, ""vertical_velocity"": -8.78}, ""kalman_altitude"": 0.76, ""kalman_vertical_velocity"": -8.78, ""pyroDrogue"": 0, ""pyroMain"": 0, ""pyro1_state"": 0, ""pyro2_state"": 0}"
