timestamp,iso_timestamp,record_number,operation_mode,state,ax,ay,az,pitch,roll,gx,gy,gz,latitude,longitude,gps_altitude,gps_time,pressure,temperature,agl_altitude,velocity,pyro1_state,pyro2_state,battery_voltage,wifi_rssi,kalman_altitude,kalman_vertical_velocity,communication_mode,raw_data
1768244357.126621,2026-01-12T21:59:17.126621,0,0,0,-0.63,0,0.79,-36.5,-2.2,-4.2,-3.4,1.1,-1.2921,36.8219,1664.7,34696,857.97,26.6,0,0,0,0,14.8,-44,-0.25,0.1,BLUETOOTH-SIMULATED,"{""record_number"": 0, ""operation_mode"": 0, ""state"": 0, ""battery_voltage"": 14.8, ""wifi_rssi"": -44, ""acc_data"": {""ax"": -0.63, ""ay"": 0, ""az"": 0.79, ""pitch"": -36.5, ""roll"": -2.2}, ""gyro_data"": {""gx"": -4.2, ""gy"": -3.4, ""gz"": 1.1}, ""gps_data"": {""latitude"": -1.2921, ""longitude"": 36.8219, ""gps_altitude"": 1664.7, ""time"": 34696}, ""alt_data"": {""pressure"": 857.97, ""temperature"": 26.6, ""AGL"": 0, ""velocity"": 0, ""kalman_altitude"": -0.25, ""kalman_vertical_velocity"": 0.1}, ""chute_state"": {""pyro1_state"": 0, ""pyro2_state"": 0}, ""connection_status"": {""connected"": true, ""has_ever_connected"": true, ""packet_age_ms"": 0, ""timeout_exceeded"": false, ""rssi"": -44}, ""communication_mode"": ""BLUETOOTH-SIMULATED"", ""timestamp"": 34696, ""packets_received"": 263, ""kalman_data"": {""altitude"": -0.25, ""vertical_velocity"": 0.1}, ""kalman_altitude"": -0.25, ""kalman_vertical_velocity"": 0.1, ""pyroDrogue"": 0, ""pyroMain"": 0, ""pyro1_state"": 0, ""pyro2_state"": 0}"
1768244357.235657,2026-01-12T21:59:17.235657,0,0,0,-0.6,-0.14,0.59,-35.2,-2.1,2.8,-3.1,3.2,-1.2921,36.8219,1662.2,34809,858.06,26.5,0,0,0,0,14.8,-46,0.23,0.06,BLUETOOTH-SIMULATED,"{""record_number"": 0, ""operation_mode"": 0, ""state"": 0, ""battery_voltage"": 14.8, ""wifi_rssi"": -46, ""acc_data"": {""ax"": -0.6, ""ay"": -0.14, ""az"": 0.59, ""pitch"": -35.2, ""roll"": -2.1}, ""gyro_data"": {""gx"": 2.8, ""gy"": -3.1, ""gz"": 3.2}, ""gps_data"": {""latitude"": -1.2921, ""longitude"": 36.8219, ""gps_altitude"": 1662.2, ""time"": 34809}, ""alt_data"": {""pressure"": 858.06, ""temperature"": 26.5, ""AGL"": 0, ""velocity"": 0, ""kalman_altitude"": 0.23, ""kalman_vertical_velocity"": 0.06}, ""chute_state"": {""pyro1_state"": 0, ""pyro2_state"": 0}, ""connection_status"": {""connected"": true, ""has_ever_connected"": true, ""packet_age_ms"": 0, ""timeout_exceeded"": false, ""rssi"": -46}, ""communication_mode"": ""BLUETOOTH-SIMULATED"", ""timestamp"": 34809, ""packets_received"": 264, ""kalman_data"": {""altitude"": 0.23, ""vertical_velocity"": 0.06}, ""kalman_altitude"": 0.23, ""kalman_vertical_velocity"": 0.06, ""pyroDrogue"": 0, ""pyroMain"": 0, ""pyro1_state"": 0, ""pyro2_state"": 0}"
1768244357.353907,2026-01-12T21:59:17.353907,0,0,0,-0.63,0.03,0.84,-35.3,-2.2,-0.8,3.5,4.1,-1.2921,36.8219,1662,34922,857.93,26.5,0,0,0,0,14.8,-44,-0.38,0.15,BLUETOOTH-SIMULATED,"{""record_number"": 0, ""operation_mode"": 0, ""state"": 0, ""battery_voltage"": 14.8, ""wifi_rssi"": -44, ""acc_data"": {""ax"": -0.63, ""ay"": 0.03, ""az"": 0.84, ""pitch"": -35.3, ""roll"": -2.2}, ""gyro_data"": {""gx"": -0.8, ""gy"": 3.5, ""gz"": 4.1}, ""gps_data"": {""latitude"": -1.2921, ""longitude"": 36.8219, ""gps_altitude"": 1662, ""time"": 34922}, ""alt_data"": {""pressure"": 857.93, ""temperature"": 26.5, ""AGL"": 0, ""velocity"": 0, ""kalman_altitude"": -0.38, ""kalman_vertical_velocity"": 0.15}, ""chute_state"": {""pyro1_state"": 0, ""pyro2_state"": 0}, ""connection_status"": {""connected"": true, ""has_ever_connected"": true, ""packet_age_ms"": 0, ""timeout_exceeded"": false, ""rssi"": -44}, ""communication_mode"": ""BLUETOOTH-SIMULATED"", ""timestamp"": 34922, ""packets_received"": 265, ""kalman_data"": {""altitude"": -0.38, ""vertical_velocity"": 0.15}, ""kalman_altitude"": -0.38, ""kalman_vertical_velocity"": 0.15, ""pyroDrogue"": 0, ""pyroMain"": 0, ""pyro1_state"": 0, ""pyro2_state"": 0}"
1768244357.464905,2026-01-12T21:59:17.464905,0,0,0,-0.69,0.13,0.81,-36.9,-1.6,-1.2,1,-4.4,-1.2921,36.8219,1656.5,35035,857.95,27,0,0,0,0,14.8,-47,0.07,-0.02,BLUETOOTH-SIMULATED,"{""record_number"": 0, ""operation_mode"": 0, ""state"": 0, ""battery_voltage"": 14.8, ""wifi_rssi"": -47, ""acc_data"": {""ax"": -0.69, ""ay"": 0.13, ""az"": 0.81, ""pitch"": -36.9, ""roll"": -1.6}, ""gyro_data"": {""gx"": -1.2, ""gy"": 1, ""gz"": -4.4}, ""gps_data"": {""latitude"": -1.2921, ""longitude"": 36.8219, ""gps_altitude"": 1656.5, ""time"": 35035}, ""alt_data"": {""pressure"": 857.95, ""temperature"": 27, ""AGL"": 0, ""velocity"": 0, ""kalman_altitude"": 0.07, ""kalman_vertical_velocity"": -0.02}, ""chute_state"": {""pyro1_state"": 0, ""pyro2_state"": 0}, ""connection_status"": {""connected"": true, ""has_ever_connected"": true, ""packet_age_ms"": 0, ""timeout_exceeded"": false, ""rssi"": -47}, ""communication_mode"": ""BLUETOOTH-SIMULATED"", ""timestamp"": 35035, ""packets_received"": 266, ""kalman_data"": {""altitude"": 0.07, ""vertical_velocity"": -0.02}, ""kalman_altitude"": 0.07, ""kalman_vertical_velocity"": -0.02, ""pyroDrogue"": 0, ""pyroMain"": 0, ""pyro1_state"": 0, ""pyro2_state"": 0}"
1768244357.587906,2026-01-12T21:59:17.587906,0,0,0,-0.68,-0.08,0.87,-35.1,-2.2,-4.9,-1.8,1.9,-1.2921,36.8219,1660.7,35148,858.08,26.9,0,0,0,0,14.8,-42,-0.4,0.15,BLUETOOTH-SIMULATED,"{""record_number"": 0, ""operation_mode"": 0, ""state"": 0, ""battery_voltage"": 14.8, ""wifi_rssi"": -42, ""acc_data"": {""ax"": -0.68, ""ay"": -0.08, ""az"": 0.87, ""pitch"": -35.1, ""roll"": -2.2}, ""gyro_data"": {""gx"": -4.9, ""gy"": -1.8, ""gz"": 1.9}, ""gps_data"": {""latitude"": -1.2921, ""longitude"": 36.8219, ""gps_altitude"": 1660.7, ""time"": 35148}, ""alt_data"": {""pressure"": 858.08, ""temperature"": 26.9, ""AGL"": 0, ""velocity"": 0, ""kalman_altitude"": -0.4, ""kalman_vertical_velocity"": 0.15}, ""chute_state"": {""pyro1_state"": 0, ""pyro2_state"": 0}, ""connection_status"": {""connected"": true, ""has_ever_connected"": true, ""packet_age_ms"": 0, ""timeout_exceeded"": false, ""rssi"": -42}, ""communication_mode"": ""BLUETOOTH-SIMULATED"", ""timestamp"": 35148, ""packets_received"": 267, ""kalman_data"": {""altitude"": -0.4, ""vertical_velocity"": 0.15}, ""kalman_altitude"": -0.4, ""kalman_vertical_velocity"": 0.15, ""pyroDrogue"": 0, ""pyroMain"": 0, ""pyro1_state"": 0, ""pyro2_state"": 0}"
1768244357.805936,2026-01-12T21:59:17.805936,0,0,0,-0.72,-0.01,0.54,-35.9,-1.2,1.8,-3.8,3.6,-1.2921,36.8219,1661.7,35261,858.01,26.2,0,0,0,0,14.8,-42,0.45,-0.06,BLUETOOTH-SIMULATED,"{""record_number"": 0, ""operation_mode"": 0, ""state"": 0, ""battery_voltage"": 14.8, ""wifi_rssi"": -42, ""acc_data"": {""ax"": -0.72, ""ay"": -0.01, ""az"": 0.54, ""pitch"": -35.9, ""roll"": -1.2}, ""gyro_data"": {""gx"": 1.8, ""gy"": -3.8, ""gz"": 3.6}, ""gps_data"": {""latitude"": -1.2921, ""longitude"": 36.8219, ""gps_altitude"": 1661.7, ""time"": 35261}, ""alt_data"": {""pressure"": 858.01, ""temperature"": 26.2, ""AGL"": 0, ""velocity"": 0, ""kalman_altitude"": 0.45, ""kalman_vertical_velocity"": -0.06}, ""chute_state"": {""pyro1_state"": 0, ""pyro2_state"": 0}, ""connection_status"": {""connected"": true, ""has_ever_connected"": true, ""packet_age_ms"": 0, ""timeout_exceeded"": false, ""rssi"": -42}, ""communication_mode"": ""BLUETOOTH-SIMULATED"", ""timestamp"": 35261, ""packets_received"": 268, ""kalman_data"": {""altitude"": 0.45, ""vertical_velocity"": -0.06}, ""kalman_altitude"": 0.45, ""kalman_vertical_velocity"": -0.06, ""pyroDrogue"": 0, ""pyroMain"": 0, ""pyro1_state"": 0, ""pyro2_state"": 0}"
1768244357.881937,2026-01-12T21:59:17.881937,0,0,0,-0.4,-0.13,0.55,-36.3,-2.4,1.5,-4.5,1.9,-1.2921,36.8219,1664.9,35374,858.06,26.7,0,0,0,0,14.8,-46,-0.4,-0.22,BLUETOOTH-SIMULATED,"{""record_number"": 0, ""operation_mode"": 0, ""state"": 0, ""battery_voltage"": 14.8, ""wifi_rssi"": -46, ""acc_data"": {""ax"": -0.4, ""ay"": -0.13, ""az"": 0.55, ""pitch"": -36.3, ""roll"": -2.4}, ""gyro_data"": {""gx"": 1.5, ""gy"": -4.5, ""gz"": 1.9}, ""gps_data"": {""latitude"": -1.2921, ""longitude"": 36.8219, ""gps_altitude"": 1664.9, ""time"": 35374}, ""alt_data"": {""pressure"": 858.06, ""temperature"": 26.7, ""AGL"": 0, ""velocity"": 0, ""kalman_altitude"": -0.4, ""kalman_vertical_velocity"": -0.22}, ""chute_state"": {""pyro1_state"": 0, ""pyro2_state"": 0}, ""connection_status"": {""connected"": true, ""has_ever_connected"": true, ""packet_age_ms"": 0, ""timeout_exceeded"": false, ""rssi"": -46}, ""communication_mode"": ""BLUETOOTH-SIMULATED"", ""timestamp"": 35374, ""packets_received"": 269, ""kalman_data"": {""altitude"": -0.4, ""vertical_velocity"": -0.22}, ""kalman_altitude"": -0.4, ""kalman_vertical_velocity"": -0.22, ""pyroDrogue"": 0, ""pyroMain"": 0, ""pyro1_state"": 0, ""pyro2_state"": 0}"
1768244357.923954,2026-01-12T21:59:17.923954,0,0,0,-0.6,0.12,0.52,-35.6,-2.6,3.1,3.9,-3.1,-1.2921,36.8219,1664.5,35487,857.94,26.3,0,0,0,0,14.8,-43,0.09,0.04,BLUETOOTH-SIMULATED,"{""record_number"": 0, ""operation_mode"": 0, ""state"": 0, ""battery_voltage"": 14.8, ""wifi_rssi"": -43, ""acc_data"": {""ax"": -0.6, ""ay"": 0.12, ""az"": 0.52, ""pitch"": -35.6, ""roll"": -2.6}, ""gyro_data"": {""gx"": 3.1, ""gy"": 3.9, ""gz"": -3.1}, ""gps_data"": {""latitude"": -1.2921, ""longitude"": 36.8219, ""gps_altitude"": 1664.5, ""time"": 35487}, ""alt_data"": {""pressure"": 857.94, ""temperature"": 26.3, ""AGL"": 0, ""velocity"": 0, ""kalman_altitude"": 0.09, ""kalman_vertical_velocity"": 0.04}, ""chute_state"": {""pyro1_state"": 0, ""pyro2_state"": 0}, ""connection_status"": {""connected"": true, ""has_ever_connected"": true, ""packet_age_ms"": 0, ""timeout_exceeded"": false, ""rssi"": -43}, ""communication_mode"": ""BLUETOOTH-SIMULATED"", ""timestamp"": 35487, ""packets_received"": 270, ""kalman_data"": {""altitude"": 0.09, ""vertical_velocity"": 0.04}, ""kalman_altitude"": 0.09, ""kalman_vertical_velocity"": 0.04, ""pyroDrogue"": 0, ""pyroMain"": 0, ""pyro1_state"": 0, ""pyro2_state"": 0}"
1768244358.056198,2026-01-12T21:59:18.056198,0,0,0,-0.49,0.01,0.74,-37,-1.6,0,-2.1,2,-1.2921,36.8219,1658.2,35600,858,26.8,0,0,0,0,14.8,-45,0.24,0.01,BLUETOOTH-SIMULATED,"{""record_number"": 0, ""operation_mode"": 0, ""state"": 0, ""battery_voltage"": 14.8, ""wifi_rssi"": -45, ""acc_data"": {""ax"": -0.49, ""ay"": 0.01, ""az"": 0.74, ""pitch"": -37, ""roll"": -1.6}, ""gyro_data"": {""gx"": 0, ""gy"": -2.1, ""gz"": 2}, ""gps_data"": {""latitude"": -1.2921, ""longitude"": 36.8219, ""gps_altitude"": 1658.2, ""time"": 35600}, ""alt_data"": {""pressure"": 858, ""temperature"": 26.8, ""AGL"": 0, ""velocity"": 0, ""kalman_altitude"": 0.24, ""kalman_vertical_velocity"": 0.01}, ""chute_state"": {""pyro1_state"": 0, ""pyro2_state"": 0}, ""connection_status"": {""connected"": true, ""has_ever_connected"": true, ""packet_age_ms"": 0, ""timeout_exceeded"": false, ""rssi"": -45}, ""communication_mode"": ""BLUETOOTH-SIMULATED"", ""timestamp"": 35600, ""packets_received"": 271, ""kalman_data"": {""altitude"": 0.24, ""vertical_velocity"": 0.01}, ""kalman_altitude"": 0.24, ""kalman_vertical_velocity"": 0.01, ""pyroDrogue"": 0, ""pyroMain"": 0, ""pyro1_state"": 0, ""pyro2_state"": 0}"
1768244358.157195,2026-01-12T21:59:18.157195,0,0,0,-0.74,0,0.88,-35.4,-2.8,3.4,3.4,4,-1.2921,36.8219,1657.3,35712,858.09,26.2,0,0,0,0,14.8,-50,0.42,0.15,BLUETOOTH-SIMULATED,"{""record_number"": 0, ""operation_mode"": 0, ""state"": 0, ""battery_voltage"": 14.8, ""wifi_rssi"": -50, ""acc_data"": {""ax"": -0.74, ""ay"": 0, ""az"": 0.88, ""pitch"": -35.4, ""roll"": -2.8}, ""gyro_data"": {""gx"": 3.4, ""gy"": 3.4, ""gz"": 4}, ""gps_data"": {""latitude"": -1.2921, ""longitude"": 36.8219, ""gps_altitude"": 1657.3, ""time"": 35712}, ""alt_data"": {""pressure"": 858.09, ""temperature"": 26.2, ""AGL"": 0, ""velocity"": 0, ""kalman_altitude"": 0.42, ""kalman_vertical_velocity"": 0.15}, ""chute_state"": {""pyro1_state"": 0, ""pyro2_state"": 0}, ""connection_status"": {""connected"": true, ""has_ever_connected"": true, ""packet_age_ms"": 0, ""timeout_exceeded"": false, ""rssi"": -50}, ""communication_mode"": ""BLUETOOTH-SIMULATED"", ""timestamp"": 35712, ""packets_received"": 272, ""kalman_data"": {""altitude"": 0.42, ""vertical_velocity"": 0.15}, ""kalman_altitude"": 0.42, ""kalman_vertical_velocity"": 0.15, ""pyroDrogue"": 0, ""pyroMain"": 0, ""pyro1_state"": 0, ""pyro2_state"": 0}"
1768244358.266796,2026-01-12T21:59:18.266796,0,0,0,-0.69,0.17,0.52,-37,-1.7,-0.6,3.3,0.3,-1.2921,36.8219,1663.8,35825,858.08,26.6,0,0,0,0,14.8,-47,-0.37,-0.15,BLUETOOTH-SIMULATED,"{""record_number"": 0, ""operation_mode"": 0, ""state"": 0, ""battery_voltage"": 14.8, ""wifi_rssi"": -47, ""acc_data"": {""ax"": -0.69, ""ay"": 0.17, ""az"": 0.52, ""pitch"": -37, ""roll"": -1.7}, ""gyro_data"": {""gx"": -0.6, ""gy"": 3.3, ""gz"": 0.3}, ""gps_data"": {""latitude"": -1.2921, ""longitude"": 36.8219, ""gps_altitude"": 1663.8, ""time"": 35825}, ""alt_data"": {""pressure"": 858.08, ""temperature"": 26.6, ""AGL"": 0, ""velocity"": 0, ""kalman_altitude"": -0.37, ""kalman_vertical_velocity"": -0.15}, ""chute_state"": {""pyro1_state"": 0, ""pyro2_state"": 0}, ""connection_status"": {""connected"": true, ""has_ever_connected"": true, ""packet_age_ms"": 0, ""timeout_exceeded"": false, ""rssi"": -47}, ""communication_mode"": ""BLUETOOTH-SIMULATED"", ""timestamp"": 35825, ""packets_received"": 273, ""kalman_data"": {""altitude"": -0.37, ""vertical_velocity"": -0.15}, ""kalman_altitude"": -0.37, ""kalman_vertical_velocity"": -0.15, ""pyroDrogue"": 0, ""pyroMain"": 0, ""pyro1_state"": 0, ""pyro2_state"": 0}"
1768244358.358828,2026-01-12T21:59:18.358828,0,0,0,-0.74,0.15,0.78,-35.2,-2.6,0.1,-4.4,0.9,-1.2921,36.8219,1658.5,35938,857.91,26.2,0,0,0,0,14.8,-47,-0.48,-0.05,BLUETOOTH-SIMULATED,"{""record_number"": 0, ""operation_mode"": 0, ""state"": 0, ""battery_voltage"": 14.8, ""wifi_rssi"": -47, ""acc_data"": {""ax"": -0.74, ""ay"": 0.15, ""az"": 0.78, ""pitch"": -35.2, ""roll"": -2.6}, ""gyro_data"": {""gx"": 0.1, ""gy"": -4.4, ""gz"": 0.9}, ""gps_data"": {""latitude"": -1.2921, ""longitude"": 36.8219, ""gps_altitude"": 1658.5, ""time"": 35938}, ""alt_data"": {""pressure"": 857.91, ""temperature"": 26.2, ""AGL"": 0, ""velocity"": 0, ""kalman_altitude"": -0.48, ""kalman_vertical_velocity"": -0.05}, ""chute_state"": {""pyro1_state"": 0, ""pyro2_state"": 0}, ""connection_status"": {""connected"": true, ""has_ever_connected"": true, ""packet_age_ms"": 0, ""timeout_exceeded"": false, ""rssi"": -47}, ""communication_mode"": ""BLUETOOTH-SIMULATED"", ""timestamp"": 35938, ""packets_received"": 274, ""kalman_data"": {""altitude"": -0.48, ""vertical_velocity"": -0.05}, ""kalman_altitude"": -0.48, ""kalman_vertical_velocity"": -0.05, ""pyroDrogue"": 0, ""pyroMain"": 0, ""pyro1_state"": 0, ""pyro2_state"": 0}"
1768244358.508051,2026-01-12T21:59:18.508051,0,0,0,-0.7,0.11,0.59,-35.8,-1.4,4.3,-0.2,4.7,-1.2921,36.8219,1664.1,36051,857.9,26.9,0,0,0,0,14.8,-42,-0.03,-0.25,BLUETOOTH-SIMULATED,"{""record_number"": 0, ""operation_mode"": 0, ""state"": 0, ""battery_voltage"": 14.8, ""wifi_rssi"": -42, ""acc_data"": {""ax"": -0.7, ""ay"": 0.11, ""az"": 0.59, ""pitch"": -35.8, ""roll"": -1.4}, ""gyro_data"": {""gx"": 4.3, ""gy"": -0.2, ""gz"": 4.7}, ""gps_data"": {""latitude"": -1.2921, ""longitude"": 36.8219, ""gps_altitude"": 1664.1, ""time"": 36051}, ""alt_data"": {""pressure"": 857.9, ""temperature"": 26.9, ""AGL"": 0, ""velocity"": 0, ""kalman_altitude"": -0.03, ""kalman_vertical_velocity"": -0.25}, ""chute_state"": {""pyro1_state"": 0, ""pyro2_state"": 0}, ""connection_status"": {""connected"": true, ""has_ever_connected"": true, ""packet_age_ms"": 0, ""timeout_exceeded"": false, ""rssi"": -42}, ""communication_mode"": ""BLUETOOTH-SIMULATED"", ""timestamp"": 36051, ""packets_received"": 275, ""kalman_data"": {""altitude"": -0.03, ""vertical_velocity"": -0.25}, ""kalman_altitude"": -0.03, ""kalman_vertical_velocity"": -0.25, ""pyroDrogue"": 0, ""pyroMain"": 0, ""pyro1_state"": 0, ""pyro2_state"": 0}"
1768244358.610053,2026-01-12T21:59:18.610053,0,0,0,-0.74,-0.07,0.5,-36.3,-2.8,1.5,3.1,3.8,-1.2921,36.8219,1656.9,36164,857.9,26.9,0,0,0,0,14.8,-48,-0.31,0,BLUETOOTH-SIMULATED,"{""record_number"": 0, ""operation_mode"": 0, ""state"": 0, ""battery_voltage"": 14.8, ""wifi_rssi"": -48, ""acc_data"": {""ax"": -0.74, ""ay"": -0.07, ""az"": 0.5, ""pitch"": -36.3, ""roll"": -2.8}, ""gyro_data"": {""gx"": 1.5, ""gy"": 3.1, ""gz"": 3.8}, ""gps_data"": {""latitude"": -1.2921, ""longitude"": 36.8219, ""gps_altitude"": 1656.9, ""time"": 36164}, ""alt_data"": {""pressure"": 857.9, ""temperature"": 26.9, ""AGL"": 0, ""velocity"": 0, ""kalman_altitude"": -0.31, ""kalman_vertical_velocity"": 0}, ""chute_state"": {""pyro1_state"": 0, ""pyro2_state"": 0}, ""connection_status"": {""connected"": true, ""has_ever_connected"": true, ""packet_age_ms"": 0, ""timeout_exceeded"": false, ""rssi"": -48}, ""communication_mode"": ""BLUETOOTH-SIMULATED"", ""timestamp"": 36164, ""packets_received"": 276, ""kalman_data"": {""altitude"": -0.31, ""vertical_velocity"": 0}, ""kalman_altitude"": -0.31, ""kalman_vertical_velocity"": 0, ""pyroDrogue"": 0, ""pyroMain"": 0, ""pyro1_state"": 0, ""pyro2_state"": 0}"
1768244358.723318,2026-01-12T21:59:18.723318,0,0,0,-0.66,-0.19,0.72,-36.6,-2.6,2.7,-4.2,1.2,-1.2921,36.8219,1663.2,36277,858.05,26.9,0,0,0,0,14.8,-41,0.25,0.13,BLUETOOTH-SIMULATED,"{""record_number"": 0, ""operation_mode"": 0, ""state"": 0, ""battery_voltage"": 14.8, ""wifi_rssi"": -41, ""acc_data"": {""ax"": -0.66, ""ay"": -0.19, ""az"": 0.72, ""pitch"": -36.6, ""roll"": -2.6}, ""gyro_data"": {""gx"": 2.7, ""gy"": -4.2, ""gz"": 1.2}, ""gps_data"": {""latitude"": -1.2921, ""longitude"": 36.8219, ""gps_altitude"": 1663.2, ""time"": 36277}, ""alt_data"": {""pressure"": 858.05, ""temperature"": 26.9, ""AGL"": 0, ""velocity"": 0, ""kalman_altitude"": 0.25, ""kalman_vertical_velocity"": 0.13}, ""chute_state"": {""pyro1_state"": 0, ""pyro2_state"": 0}, ""connection_status"": {""connected"": true, ""has_ever_connected"": true, ""packet_age_ms"": 0, ""timeout_exceeded"": false, ""rssi"": -41}, ""communication_mode"": ""BLUETOOTH-SIMULATED"", ""timestamp"": 36277, ""packets_received"": 277, ""kalman_data"": {""altitude"": 0.25, ""vertical_velocity"": 0.13}, ""kalman_altitude"": 0.25, ""kalman_vertical_velocity"": 0.13, ""pyroDrogue"": 0, ""pyroMain"": 0, ""pyro1_state"": 0, ""pyro2_state"": 0}"
1768244358.828331,2026-01-12T21:59:18.828331,0,0,0,-0.44,0.09,0.51,-35.1,-2.3,2.1,-1.2,-2.9,-1.2921,36.8219,1659.7,36390,858.05,26.9,0,0,0,0,14.8,-45,0.19,-0.16,BLUETOOTH-SIMULATED,"{""record_number"": 0, ""operation_mode"": 0, ""state"": 0, ""battery_voltage"": 14.8, ""wifi_rssi"": -45, ""acc_data"": {""ax"": -0.44, ""ay"": 0.09, ""az"": 0.51, ""pitch"": -35.1, ""roll"": -2.3}, ""gyro_data"": {""gx"": 2.1, ""gy"": -1.2, ""gz"": -2.9}, ""gps_data"": {""latitude"": -1.2921, ""longitude"": 36.8219, ""gps_altitude"": 1659.7, ""time"": 36390}, ""alt_data"": {""pressure"": 858.05, ""temperature"": 26.9, ""AGL"": 0, ""velocity"": 0, ""kalman_altitude"": 0.19, ""kalman_vertical_velocity"": -0.16}, ""chute_state"": {""pyro1_state"": 0, ""pyro2_state"": 0}, ""connection_status"": {""connected"": true, ""has_ever_connected"": true, ""packet_age_ms"": 0, ""timeout_exceeded"": false, ""rssi"": -45}, ""communication_mode"": ""BLUETOOTH-SIMULATED"", ""timestamp"": 36390, ""packets_received"": 278, ""kalman_data"": {""altitude"": 0.19, ""vertical_velocity"": -0.16}, ""kalman_altitude"": 0.19, ""kalman_vertical_velocity"": -0.16, ""pyroDrogue"": 0, ""pyroMain"": 0, ""pyro1_state"": 0, ""pyro2_state"": 0}"
1768244359.079601,2026-01-12T21:59:19.079601,0,0,0,-0.51,0.01,0.82,-36.9,-2.9,-0.3,-2,2.5,-1.2921,36.8219,1663.6,36616,857.92,26.9,0,0,0,0,14.8,-46,-0.32,-0.06,BLUETOOTH-SIMULATED,"{""record_number"": 0, ""operation_mode"": 0, ""state"": 0, ""battery_voltage"": 14.8, ""wifi_rssi"": -46, ""acc_data"": {""ax"": -0.51, ""ay"": 0.01, ""az"": 0.82, ""pitch"": -36.9, ""roll"": -2.9}, ""gyro_data"": {""gx"": -0.3, ""gy"": -2, ""gz"": 2.5}, ""gps_data"": {""latitude"": -1.2921, ""longitude"": 36.8219, ""gps_altitude"": 1663.6, ""time"": 36616}, ""alt_data"": {""pressure"": 857.92, ""temperature"": 26.9, ""AGL"": 0, ""velocity"": 0, ""kalman_altitude"": -0.32, ""kalman_vertical_velocity"": -0.06}, ""chute_state"": {""pyro1_state"": 0, ""pyro2_state"": 0}, ""connection_status"": {""connected"": true, ""has_ever_connected"": true, ""packet_age_ms"": 0, ""timeout_exceeded"": false, ""rssi"": -46}, ""communication_mode"": ""BLUETOOTH-SIMULATED"", ""timestamp"": 36616, ""packets_received"": 280, ""kalman_data"": {""altitude"": -0.32, ""vertical_velocity"": -0.06}, ""kalman_altitude"": -0.32, ""kalman_vertical_velocity"": -0.06, ""pyroDrogue"": 0, ""pyroMain"": 0, ""pyro1_state"": 0, ""pyro2_state"": 0}"
1768244359.212762,2026-01-12T21:59:19.212762,0,0,0,-0.47,-0.2,0.62,-36.5,-2.7,-1.6,3.4,-3.5,-1.2921,36.8219,1661,36729,857.95,26.3,0,0,0,0,14.8,-42,0.3,0.13,BLUETOOTH-SIMULATED,"{""record_number"": 0, ""operation_mode"": 0, ""state"": 0, ""battery_voltage"": 14.8, ""wifi_rssi"": -42, ""acc_data"": {""ax"": -0.47, ""ay"": -0.2, ""az"": 0.62, ""pitch"": -36.5, ""roll"": -2.7}, ""gyro_data"": {""gx"": -1.6, ""gy"": 3.4, ""gz"": -3.5}, ""gps_data"": {""latitude"": -1.2921, ""longitude"": 36.8219, ""gps_altitude"": 1661, ""time"": 36729}, ""alt_data"": {""pressure"": 857.95, ""temperature"": 26.3, ""AGL"": 0, ""velocity"": 0, ""kalman_altitude"": 0.3, ""kalman_vertical_velocity"": 0.13}, ""chute_state"": {""pyro1_state"": 0, ""pyro2_state"": 0}, ""connection_status"": {""connected"": true, ""has_ever_connected"": true, ""packet_age_ms"": 0, ""timeout_exceeded"": false, ""rssi"": -42}, ""communication_mode"": ""BLUETOOTH-SIMULATED"", ""timestamp"": 36729, ""packets_received"": 281, ""kalman_data"": {""altitude"": 0.3, ""vertical_velocity"": 0.13}, ""kalman_altitude"": 0.3, ""kalman_vertical_velocity"": 0.13, ""pyroDrogue"": 0, ""pyroMain"": 0, ""pyro1_state"": 0, ""pyro2_state"": 0}"
1768244359.277759,2026-01-12T21:59:19.277759,0,0,0,-0.62,-0.03,0.67,-35.5,-1.8,-0.8,2,-3.9,-1.2921,36.8219,1664.1,36842,858.09,26.6,0,0,0,0,14.8,-45,0.48,-0.29,BLUETOOTH-SIMULATED,"{""record_number"": 0, ""operation_mode"": 0, ""state"": 0, ""battery_voltage"": 14.8, ""wifi_rssi"": -45, ""acc_data"": {""ax"": -0.62, ""ay"": -0.03, ""az"": 0.67, ""pitch"": -35.5, ""roll"": -1.8}, ""gyro_data"": {""gx"": -0.8, ""gy"": 2, ""gz"": -3.9}, ""gps_data"": {""latitude"": -1.2921, ""longitude"": 36.8219, ""gps_altitude"": 1664.1, ""time"": 36842}, ""alt_data"": {""pressure"": 858.09, ""temperature"": 26.6, ""AGL"": 0, ""velocity"": 0, ""kalman_altitude"": 0.48, ""kalman_vertical_velocity"": -0.29}, ""chute_state"": {""pyro1_state"": 0, ""pyro2_state"": 0}, ""connection_status"": {""connected"": true, ""has_ever_connected"": true, ""packet_age_ms"": 0, ""timeout_exceeded"": false, ""rssi"": -45}, ""communication_mode"": ""BLUETOOTH-SIMULATED"", ""timestamp"": 36842, ""packets_received"": 282, ""kalman_data"": {""altitude"": 0.48, ""vertical_velocity"": -0.29}, ""kalman_altitude"": 0.48, ""kalman_vertical_velocity"": -0.29, ""pyroDrogue"": 0, ""pyroMain"": 0, ""pyro1_state"": 0, ""pyro2_state"": 0}"
1768244359.380623,2026-01-12T21:59:19.380623,0,0,0,-0.41,0.01,0.88,-35.5,-1.4,-1.2,-3.4,-1.6,-1.2921,36.8219,1658.4,36955,857.96,27.1,0,0,0,0,14.8,-42,0.07,0.28,BLUETOOTH-SIMULATED,"{""record_number"": 0, ""operation_mode"": 0, ""state"": 0, ""battery_voltage"": 14.8, ""wifi_rssi"": -42, ""acc_data"": {""ax"": -0.41, ""ay"": 0.01, ""az"": 0.88, ""pitch"": -35.5, ""roll"": -1.4}, ""gyro_data"": {""gx"": -1.2, ""gy"": -3.4, ""gz"": -1.6}, ""gps_data"": {""latitude"": -1.2921, ""longitude"": 36.8219, ""gps_altitude"": 1658.4, ""time"": 36955}, ""alt_data"": {""pressure"": 857.96, ""temperature"": 27.1, ""AGL"": 0, ""velocity"": 0, ""kalman_altitude"": 0.07, ""kalman_vertical_velocity"": 0.28}, ""chute_state"": {""pyro1_state"": 0, ""pyro2_state"": 0}, ""connection_status"": {""connected"": true, ""has_ever_connected"": true, ""packet_age_ms"": 0, ""timeout_exceeded"": false, ""rssi"": -42}, ""communication_mode"": ""BLUETOOTH-SIMULATED"", ""timestamp"": 36955, ""packets_received"": 283, ""kalman_data"": {""altitude"": 0.07, ""vertical_velocity"": 0.28}, ""kalman_altitude"": 0.07, ""kalman_vertical_velocity"": 0.28, ""pyroDrogue"": 0, ""pyroMain"": 0, ""pyro1_state"": 0, ""pyro2_state"": 0}"
1768244359.492627,2026-01-12T21:59:19.492627,0,0,0,-0.63,0.08,0.71,-35.8,-1.3,1.4,-2.4,3.5,-1.2921,36.8219,1658.5,37068,857.9,26.4,0,0,0,0,14.8,-48,0.42,0.22,BLUETOOTH-SIMULATED,"{""record_number"": 0, ""operation_mode"": 0, ""state"": 0, ""battery_voltage"": 14.8, ""wifi_rssi"": -48, ""acc_data"": {""ax"": -0.63, ""ay"": 0.08, ""az"": 0.71, ""pitch"": -35.8, ""roll"": -1.3}, ""gyro_data"": {""gx"": 1.4, ""gy"": -2.4, ""gz"": 3.5}, ""gps_data"": {""latitude"": -1.2921, ""longitude"": 36.8219, ""gps_altitude"": 1658.5, ""time"": 37068}, ""alt_data"": {""pressure"": 857.9, ""temperature"": 26.4, ""AGL"": 0, ""velocity"": 0, ""kalman_altitude"": 0.42, ""kalman_vertical_velocity"": 0.22}, ""chute_state"": {""pyro1_state"": 0, ""pyro2_state"": 0}, ""connection_status"": {""connected"": true, ""has_ever_connected"": true, ""packet_age_ms"": 0, ""timeout_exceeded"": false, ""rssi"": -48}, ""communication_mode"": ""BLUETOOTH-SIMULATED"", ""timestamp"": 37068, ""packets_received"": 284, ""kalman_data"": {""altitude"": 0.42, ""vertical_velocity"": 0.22}, ""kalman_altitude"": 0.42, ""kalman_vertical_velocity"": 0.22, ""pyroDrogue"": 0, ""pyroMain"": 0, ""pyro1_state"": 0, ""pyro2_state"": 0}"
1768244359.621144,2026-01-12T21:59:19.621144,0,0,0,-0.47,0.01,0.58,-36.2,-2.8,-1.2,-4.9,-3.9,-1.2921,36.8219,1658.1,37181,857.91,27,0,0,0,0,14.8,-43,0.36,-0.15,BLUETOOTH-SIMULATED,"{""record_number"": 0, ""operation_mode"": 0, ""state"": 0, ""battery_voltage"": 14.8, ""wifi_rssi"": -43, ""acc_data"": {""ax"": -0.47, ""ay"": 0.01, ""az"": 0.58, ""pitch"": -36.2, ""roll"": -2.8}, ""gyro_data"": {""gx"": -1.2, ""gy"": -4.9, ""gz"": -3.9}, ""gps_data"": {""latitude"": -1.2921, ""longitude"": 36.8219, ""gps_altitude"": 1658.1, ""time"": 37181}, ""alt_data"": {""pressure"": 857.91, ""temperature"": 27, ""AGL"": 0, ""velocity"": 0, ""kalman_altitude"": 0.36, ""kalman_vertical_velocity"": -0.15}, ""chute_state"": {""pyro1_state"": 0, ""pyro2_state"": 0}, ""connection_status"": {""connected"": true, ""has_ever_connected"": true, ""packet_age_ms"": 0, ""timeout_exceeded"": false, ""rssi"": -43}, ""communication_mode"": ""BLUETOOTH-SIMULATED"", ""timestamp"": 37181, ""packets_received"": 285, ""kalman_data"": {""altitude"": 0.36, ""vertical_velocity"": -0.15}, ""kalman_altitude"": 0.36, ""kalman_vertical_velocity"": -0.15, ""pyroDrogue"": 0, ""pyroMain"": 0, ""pyro1_state"": 0, ""pyro2_state"": 0}"
1768244359.738159,2026-01-12T21:59:19.738159,0,0,0,-0.51,-0.02,0.53,-36.7,-1.9,0.6,-1.4,3.6,-1.2921,36.8219,1663.7,37294,857.99,27,0,0,0,0,14.8,-42,-0.34,0.19,BLUETOOTH-SIMULATED,"{""record_number"": 0, ""operation_mode"": 0, ""state"": 0, ""battery_voltage"": 14.8, ""wifi_rssi"": -42, ""acc_data"": {""ax"": -0.51, ""ay"": -0.02, ""az"": 0.53, ""pitch"": -36.7, ""roll"": -1.9}, ""gyro_data"": {""gx"": 0.6, ""gy"": -1.4, ""gz"": 3.6}, ""gps_data"": {""latitude"": -1.2921, ""longitude"": 36.8219, ""gps_altitude"": 1663.7, ""time"": 37294}, ""alt_data"": {""pressure"": 857.99, ""temperature"": 27, ""AGL"": 0, ""velocity"": 0, ""kalman_altitude"": -0.34, ""kalman_vertical_velocity"": 0.19}, ""chute_state"": {""pyro1_state"": 0, ""pyro2_state"": 0}, ""connection_status"": {""connected"": true, ""has_ever_connected"": true, ""packet_age_ms"": 0, ""timeout_exceeded"": false, ""rssi"": -42}, ""communication_mode"": ""BLUETOOTH-SIMULATED"", ""timestamp"": 37294, ""packets_received"": 286, ""kalman_data"": {""altitude"": -0.34, ""vertical_velocity"": 0.19}, ""kalman_altitude"": -0.34, ""kalman_vertical_velocity"": 0.19, ""pyroDrogue"": 0, ""pyroMain"": 0, ""pyro1_state"": 0, ""pyro2_state"": 0}"
1768244359.831913,2026-01-12T21:59:19.831913,0,0,0,-0.47,-0.02,0.63,-35.2,-1.7,0.4,-3.5,1.8,-1.2921,36.8219,1659.8,37407,857.94,27.1,0,0,0,0,14.8,-50,-0.17,-0.21,BLUETOOTH-SIMULATED,"{""record_number"": 0, ""operation_mode"": 0, ""state"": 0, ""battery_voltage"": 14.8, ""wifi_rssi"": -50, ""acc_data"": {""ax"": -0.47, ""ay"": -0.02, ""az"": 0.63, ""pitch"": -35.2, ""roll"": -1.7}, ""gyro_data"": {""gx"": 0.4, ""gy"": -3.5, ""gz"": 1.8}, ""gps_data"": {""latitude"": -1.2921, ""longitude"": 36.8219, ""gps_altitude"": 1659.8, ""time"": 37407}, ""alt_data"": {""pressure"": 857.94, ""temperature"": 27.1, ""AGL"": 0, ""velocity"": 0, ""kalman_altitude"": -0.17, ""kalman_vertical_velocity"": -0.21}, ""chute_state"": {""pyro1_state"": 0, ""pyro2_state"": 0}, ""connection_status"": {""connected"": true, ""has_ever_connected"": true, ""packet_age_ms"": 0, ""timeout_exceeded"": false, ""rssi"": -50}, ""communication_mode"": ""BLUETOOTH-SIMULATED"", ""timestamp"": 37407, ""packets_received"": 287, ""kalman_data"": {""altitude"": -0.17, ""vertical_velocity"": -0.21}, ""kalman_altitude"": -0.17, ""kalman_vertical_velocity"": -0.21, ""pyroDrogue"": 0, ""pyroMain"": 0, ""pyro1_state"": 0, ""pyro2_state"": 0}"
1768244359.976791,2026-01-12T21:59:19.976791,0,0,0,-0.64,-0.03,0.84,-36.5,-1.6,2.9,-2.9,-2.1,-1.2921,36.8219,1656.3,37520,857.93,27.1,0,0,0,0,14.8,-46,0.31,-0.22,BLUETOOTH-SIMULATED,"{""record_number"": 0, ""operation_mode"": 0, ""state"": 0, ""battery_voltage"": 14.8, ""wifi_rssi"": -46, ""acc_data"": {""ax"": -0.64, ""ay"": -0.03, ""az"": 0.84, ""pitch"": -36.5, ""roll"": -1.6}, ""gyro_data"": {""gx"": 2.9, ""gy"": -2.9, ""gz"": -2.1}, ""gps_data"": {""latitude"": -1.2921, ""longitude"": 36.8219, ""gps_altitude"": 1656.3, ""time"": 37520}, ""alt_data"": {""pressure"": 857.93, ""temperature"": 27.1, ""AGL"": 0, ""velocity"": 0, ""kalman_altitude"": 0.31, ""kalman_vertical_velocity"": -0.22}, ""chute_state"": {""pyro1_state"": 0, ""pyro2_state"": 0}, ""connection_status"": {""connected"": true, ""has_ever_connected"": true, ""packet_age_ms"": 0, ""timeout_exceeded"": false, ""rssi"": -46}, ""communication_mode"": ""BLUETOOTH-SIMULATED"", ""timestamp"": 37520, ""packets_received"": 288, ""kalman_data"": {""altitude"": 0.31, ""vertical_velocity"": -0.22}, ""kalman_altitude"": 0.31, ""kalman_vertical_velocity"": -0.22, ""pyroDrogue"": 0, ""pyroMain"": 0, ""pyro1_state"": 0, ""pyro2_state"": 0}"
1768244360.074792,2026-01-12T21:59:20.074792,0,0,0,-0.65,-0.06,0.72,-36.2,-1.5,2.2,0,-0.9,-1.2921,36.8219,1661.6,37633,857.96,26.9,0,0,0,0,14.8,-47,0.48,0.12,BLUETOOTH-SIMULATED,"{""record_number"": 0, ""operation_mode"": 0, ""state"": 0, ""battery_voltage"": 14.8, ""wifi_rssi"": -47, ""acc_data"": {""ax"": -0.65, ""ay"": -0.06, ""az"": 0.72, ""pitch"": -36.2, ""roll"": -1.5}, ""gyro_data"": {""gx"": 2.2, ""gy"": 0, ""gz"": -0.9}, ""gps_data"": {""latitude"": -1.2921, ""longitude"": 36.8219, ""gps_altitude"": 1661.6, ""time"": 37633}, ""alt_data"": {""pressure"": 857.96, ""temperature"": 26.9, ""AGL"": 0, ""velocity"": 0, ""kalman_altitude"": 0.48, ""kalman_vertical_velocity"": 0.12}, ""chute_state"": {""pyro1_state"": 0, ""pyro2_state"": 0}, ""connection_status"": {""connected"": true, ""has_ever_connected"": true, ""packet_age_ms"": 0, ""timeout_exceeded"": false, ""rssi"": -47}, ""communication_mode"": ""BLUETOOTH-SIMULATED"", ""timestamp"": 37633, ""packets_received"": 289, ""kalman_data"": {""altitude"": 0.48, ""vertical_velocity"": 0.12}, ""kalman_altitude"": 0.48, ""kalman_vertical_velocity"": 0.12, ""pyroDrogue"": 0, ""pyroMain"": 0, ""pyro1_state"": 0, ""pyro2_state"": 0}"
1768244360.211341,2026-01-12T21:59:20.211341,0,0,0,-0.54,-0.16,0.81,-36.7,-1.6,-3.9,2,1.4,-1.2921,36.8219,1658.4,37746,857.91,26.3,0,0,0,0,14.8,-50,0.11,-0.08,BLUETOOTH-SIMULATED,"{""record_number"": 0, ""operation_mode"": 0, ""state"": 0, ""battery_voltage"": 14.8, ""wifi_rssi"": -50, ""acc_data"": {""ax"": -0.54, ""ay"": -0.16, ""az"": 0.81, ""pitch"": -36.7, ""roll"": -1.6}, ""gyro_data"": {""gx"": -3.9, ""gy"": 2, ""gz"": 1.4}, ""gps_data"": {""latitude"": -1.2921, ""longitude"": 36.8219, ""gps_altitude"": 1658.4, ""time"": 37746}, ""alt_data"": {""pressure"": 857.91, ""temperature"": 26.3, ""AGL"": 0, ""velocity"": 0, ""kalman_altitude"": 0.11, ""kalman_vertical_velocity"": -0.08}, ""chute_state"": {""pyro1_state"": 0, ""pyro2_state"": 0}, ""connection_status"": {""connected"": true, ""has_ever_connected"": true, ""packet_age_ms"": 0, ""timeout_exceeded"": false, ""rssi"": -50}, ""communication_mode"": ""BLUETOOTH-SIMULATED"", ""timestamp"": 37746, ""packets_received"": 290, ""kalman_data"": {""altitude"": 0.11, ""vertical_velocity"": -0.08}, ""kalman_altitude"": 0.11, ""kalman_vertical_velocity"": -0.08, ""pyroDrogue"": 0, ""pyroMain"": 0, ""pyro1_state"": 0, ""pyro2_state"": 0}"
1768244360.384654,2026-01-12T21:59:20.384654,0,0,0,-0.56,-0.03,0.71,-37,-2.9,-0.6,-0.1,-1,-1.2921,36.8219,1661.8,37859,858.08,26.7,0,0,0,0,14.8,-47,-0.04,0.23,BLUETOOTH-SIMULATED,"{""record_number"": 0, ""operation_mode"": 0, ""state"": 0, ""battery_voltage"": 14.8, ""wifi_rssi"": -47, ""acc_data"": {""ax"": -0.56, ""ay"": -0.03, ""az"": 0.71, ""pitch"": -37, ""roll"": -2.9}, ""gyro_data"": {""gx"": -0.6, ""gy"": -0.1, ""gz"": -1}, ""gps_data"": {""latitude"": -1.2921, ""longitude"": 36.8219, ""gps_altitude"": 1661.8, ""time"": 37859}, ""alt_data"": {""pressure"": 858.08, ""temperature"": 26.7, ""AGL"": 0, ""velocity"": 0, ""kalman_altitude"": -0.04, ""kalman_vertical_velocity"": 0.23}, ""chute_state"": {""pyro1_state"": 0, ""pyro2_state"": 0}, ""connection_status"": {""connected"": true, ""has_ever_connected"": true, ""packet_age_ms"": 0, ""timeout_exceeded"": false, ""rssi"": -47}, ""communication_mode"": ""BLUETOOTH-SIMULATED"", ""timestamp"": 37859, ""packets_received"": 291, ""kalman_data"": {""altitude"": -0.04, ""vertical_velocity"": 0.23}, ""kalman_altitude"": -0.04, ""kalman_vertical_velocity"": 0.23, ""pyroDrogue"": 0, ""pyroMain"": 0, ""pyro1_state"": 0, ""pyro2_state"": 0}"
1768244360.430613,2026-01-12T21:59:20.430613,0,0,0,-0.67,-0.01,0.63,-35.6,-2.8,2.5,-1.8,-3.6,-1.2921,36.8219,1662.3,37972,858.05,26.2,0,0,0,0,14.8,-49,-0.25,-0.1,BLUETOOTH-SIMULATED,"{""record_number"": 0, ""operation_mode"": 0, ""state"": 0, ""battery_voltage"": 14.8, ""wifi_rssi"": -49, ""acc_data"": {""ax"": -0.67, ""ay"": -0.01, ""az"": 0.63, ""pitch"": -35.6, ""roll"": -2.8}, ""gyro_data"": {""gx"": 2.5, ""gy"": -1.8, ""gz"": -3.6}, ""gps_data"": {""latitude"": -1.2921, ""longitude"": 36.8219, ""gps_altitude"": 1662.3, ""time"": 37972}, ""alt_data"": {""pressure"": 858.05, ""temperature"": 26.2, ""AGL"": 0, ""velocity"": 0, ""kalman_altitude"": -0.25, ""kalman_vertical_velocity"": -0.1}, ""chute_state"": {""pyro1_state"": 0, ""pyro2_state"": 0}, ""connection_status"": {""connected"": true, ""has_ever_connected"": true, ""packet_age_ms"": 0, ""timeout_exceeded"": false, ""rssi"": -49}, ""communication_mode"": ""BLUETOOTH-SIMULATED"", ""timestamp"": 37972, ""packets_received"": 292, ""kalman_data"": {""altitude"": -0.25, ""vertical_velocity"": -0.1}, ""kalman_altitude"": -0.25, ""kalman_vertical_velocity"": -0.1, ""pyroDrogue"": 0, ""pyroMain"": 0, ""pyro1_state"": 0, ""pyro2_state"": 0}"
1768244360.537611,2026-01-12T21:59:20.537611,0,0,0,-0.42,-0.12,0.74,-36.3,-2.9,-0.3,0.3,1,-1.2921,36.8219,1662.3,38085,857.96,26.7,0,0,0,0,14.8,-43,-0.22,-0.21,BLUETOOTH-SIMULATED,"{""record_number"": 0, ""operation_mode"": 0, ""state"": 0, ""battery_voltage"": 14.8, ""wifi_rssi"": -43, ""acc_data"": {""ax"": -0.42, ""ay"": -0.12, ""az"": 0.74, ""pitch"": -36.3, ""roll"": -2.9}, ""gyro_data"": {""gx"": -0.3, ""gy"": 0.3, ""gz"": 1}, ""gps_data"": {""latitude"": -1.2921, ""longitude"": 36.8219, ""gps_altitude"": 1662.3, ""time"": 38085}, ""alt_data"": {""pressure"": 857.96, ""temperature"": 26.7, ""AGL"": 0, ""velocity"": 0, ""kalman_altitude"": -0.22, ""kalman_vertical_velocity"": -0.21}, ""chute_state"": {""pyro1_state"": 0, ""pyro2_state"": 0}, ""connection_status"": {""connected"": true, ""has_ever_connected"": true, ""packet_age_ms"": 0, ""timeout_exceeded"": false, ""rssi"": -43}, ""communication_mode"": ""BLUETOOTH-SIMULATED"", ""timestamp"": 38085, ""packets_received"": 293, ""kalman_data"": {""altitude"": -0.22, ""vertical_velocity"": -0.21}, ""kalman_altitude"": -0.22, ""kalman_vertical_velocity"": -0.21, ""pyroDrogue"": 0, ""pyroMain"": 0, ""pyro1_state"": 0, ""pyro2_state"": 0}"
1768244360.627614,2026-01-12T21:59:20.627614,0,0,0,-0.61,-0.17,0.73,-36.2,-2.2,-1.7,-2.3,1.5,-1.2921,36.8219,1657.8,38198,857.96,26.4,0,0,0,0,14.8,-46,0.11,-0.01,BLUETOOTH-SIMULATED,"{""record_number"": 0, ""operation_mode"": 0, ""state"": 0, ""battery_voltage"": 14.8, ""wifi_rssi"": -46, ""acc_data"": {""ax"": -0.61, ""ay"": -0.17, ""az"": 0.73, ""pitch"": -36.2, ""roll"": -2.2}, ""gyro_data"": {""gx"": -1.7, ""gy"": -2.3, ""gz"": 1.5}, ""gps_data"": {""latitude"": -1.2921, ""longitude"": 36.8219, ""gps_altitude"": 1657.8, ""time"": 38198}, ""alt_data"": {""pressure"": 857.96, ""temperature"": 26.4, ""AGL"": 0, ""velocity"": 0, ""kalman_altitude"": 0.11, ""kalman_vertical_velocity"": -0.01}, ""chute_state"": {""pyro1_state"": 0, ""pyro2_state"": 0}, ""connection_status"": {""connected"": true, ""has_ever_connected"": true, ""packet_age_ms"": 0, ""timeout_exceeded"": false, ""rssi"": -46}, ""communication_mode"": ""BLUETOOTH-SIMULATED"", ""timestamp"": 38198, ""packets_received"": 294, ""kalman_data"": {""altitude"": 0.11, ""vertical_velocity"": -0.01}, ""kalman_altitude"": 0.11, ""kalman_vertical_velocity"": -0.01, ""pyroDrogue"": 0, ""pyroMain"": 0, ""pyro1_state"": 0, ""pyro2_state"": 0}"
1768244360.738615,2026-01-12T21:59:20.738615,0,0,0,-0.43,0.1,0.64,-37,-1.6,-3.6,-1.6,-0.7,-1.2921,36.8219,1661.6,38311,857.94,26.6,0,0,0,0,14.8,-45,0.47,0.16,BLUETOOTH-SIMULATED,"{""record_number"": 0, ""operation_mode"": 0, ""state"": 0, ""battery_voltage"": 14.8, ""wifi_rssi"": -45, ""acc_data"": {""ax"": -0.43, ""ay"": 0.1, ""az"": 0.64, ""pitch"": -37, ""roll"": -1.6}, ""gyro_data"": {""gx"": -3.6, ""gy"": -1.6, ""gz"": -0.7}, ""gps_data"": {""latitude"": -1.2921, ""longitude"": 36.8219, ""gps_altitude"": 1661.6, ""time"": 38311}, ""alt_data"": {""pressure"": 857.94, ""temperature"": 26.6, ""AGL"": 0, ""velocity"": 0, ""kalman_altitude"": 0.47, ""kalman_vertical_velocity"": 0.16}, ""chute_state"": {""pyro1_state"": 0, ""pyro2_state"": 0}, ""connection_status"": {""connected"": true, ""has_ever_connected"": true, ""packet_age_ms"": 0, ""timeout_exceeded"": false, ""rssi"": -45}, ""communication_mode"": ""BLUETOOTH-SIMULATED"", ""timestamp"": 38311, ""packets_received"": 295, ""kalman_data"": {""altitude"": 0.47, ""vertical_velocity"": 0.16}, ""kalman_altitude"": 0.47, ""kalman_vertical_velocity"": 0.16, ""pyroDrogue"": 0, ""pyroMain"": 0, ""pyro1_state"": 0, ""pyro2_state"": 0}"
1768244360.860614,2026-01-12T21:59:20.860614,0,0,0,-0.77,0.12,0.6,-35.6,-2.5,0,0.3,-1.2,-1.2921,36.8219,1656.8,38424,857.91,26.3,0,0,0,0,14.8,-50,-0.24,-0.15,BLUETOOTH-SIMULATED,"{""record_number"": 0, ""operation_mode"": 0, ""state"": 0, ""battery_voltage"": 14.8, ""wifi_rssi"": -50, ""acc_data"": {""ax"": -0.77, ""ay"": 0.12, ""az"": 0.6, ""pitch"": -35.6, ""roll"": -2.5}, ""gyro_data"": {""gx"": 0, ""gy"": 0.3, ""gz"": -1.2}, ""gps_data"": {""latitude"": -1.2921, ""longitude"": 36.8219, ""gps_altitude"": 1656.8, ""time"": 38424}, ""alt_data"": {""pressure"": 857.91, ""temperature"": 26.3, ""AGL"": 0, ""velocity"": 0, ""kalman_altitude"": -0.24, ""kalman_vertical_velocity"": -0.15}, ""chute_state"": {""pyro1_state"": 0, ""pyro2_state"": 0}, ""connection_status"": {""connected"": true, ""has_ever_connected"": true, ""packet_age_ms"": 0, ""timeout_exceeded"": false, ""rssi"": -50}, ""communication_mode"": ""BLUETOOTH-SIMULATED"", ""timestamp"": 38424, ""packets_received"": 296, ""kalman_data"": {""altitude"": -0.24, ""vertical_velocity"": -0.15}, ""kalman_altitude"": -0.24, ""kalman_vertical_velocity"": -0.15, ""pyroDrogue"": 0, ""pyroMain"": 0, ""pyro1_state"": 0, ""pyro2_state"": 0}"
1768244361.357831,2026-01-12T21:59:21.357831,0,0,0,-0.74,-0.22,0.54,-35.2,-2.6,4.5,-2.9,-4.4,-1.2921,36.8219,1662.8,38537,858,26.9,0,0,0,0,14.8,-43,0.04,0.23,BLUETOOTH-SIMULATED,"{""record_number"": 0, ""operation_mode"": 0, ""state"": 0, ""battery_voltage"": 14.8, ""wifi_rssi"": -43, ""acc_data"": {""ax"": -0.74, ""ay"": -0.22, ""az"": 0.54, ""pitch"": -35.2, ""roll"": -2.6}, ""gyro_data"": {""gx"": 4.5, ""gy"": -2.9, ""gz"": -4.4}, ""gps_data"": {""latitude"": -1.2921, ""longitude"": 36.8219, ""gps_altitude"": 1662.8, ""time"": 38537}, ""alt_data"": {""pressure"": 858, ""temperature"": 26.9, ""AGL"": 0, ""velocity"": 0, ""kalman_altitude"": 0.04, ""kalman_vertical_velocity"": 0.23}, ""chute_state"": {""pyro1_state"": 0, ""pyro2_state"": 0}, ""connection_status"": {""connected"": true, ""has_ever_connected"": true, ""packet_age_ms"": 0, ""timeout_exceeded"": false, ""rssi"": -43}, ""communication_mode"": ""BLUETOOTH-SIMULATED"", ""timestamp"": 38537, ""packets_received"": 297, ""kalman_data"": {""altitude"": 0.04, ""vertical_velocity"": 0.23}, ""kalman_altitude"": 0.04, ""kalman_vertical_velocity"": 0.23, ""pyroDrogue"": 0, ""pyroMain"": 0, ""pyro1_state"": 0, ""pyro2_state"": 0}"
1768244361.59198,2026-01-12T21:59:21.591980,0,0,0,-0.63,0.12,0.49,-36.2,-2.1,2.3,-2.4,-2.9,-1.2921,36.8219,1656.5,38650,857.9,26.8,0,0,0,0,14.8,-45,0.16,-0.03,BLUETOOTH-SIMULATED,"{""record_number"": 0, ""operation_mode"": 0, ""state"": 0, ""battery_voltage"": 14.8, ""wifi_rssi"": -45, ""acc_data"": {""ax"": -0.63, ""ay"": 0.12, ""az"": 0.49, ""pitch"": -36.2, ""roll"": -2.1}, ""gyro_data"": {""gx"": 2.3, ""gy"": -2.4, ""gz"": -2.9}, ""gps_data"": {""latitude"": -1.2921, ""longitude"": 36.8219, ""gps_altitude"": 1656.5, ""time"": 38650}, ""alt_data"": {""pressure"": 857.9, ""temperature"": 26.8, ""AGL"": 0, ""velocity"": 0, ""kalman_altitude"": 0.16, ""kalman_vertical_velocity"": -0.03}, ""chute_state"": {""pyro1_state"": 0, ""pyro2_state"": 0}, ""connection_status"": {""connected"": true, ""has_ever_connected"": true, ""packet_age_ms"": 0, ""timeout_exceeded"": false, ""rssi"": -45}, ""communication_mode"": ""BLUETOOTH-SIMULATED"", ""timestamp"": 38650, ""packets_received"": 298, ""kalman_data"": {""altitude"": 0.16, ""vertical_velocity"": -0.03}, ""kalman_altitude"": 0.16, ""kalman_vertical_velocity"": -0.03, ""pyroDrogue"": 0, ""pyroMain"": 0, ""pyro1_state"": 0, ""pyro2_state"": 0}"
1768244361.657981,2026-01-12T21:59:21.657981,0,0,0,-0.48,0.07,0.76,-35.1,-1.5,4.1,-4.1,3.7,-1.2921,36.8219,1664.5,38763,858.06,26.9,0,0,0,0,14.8,-46,0.44,0.11,BLUETOOTH-SIMULATED,"{""record_number"": 0, ""operation_mode"": 0, ""state"": 0, ""battery_voltage"": 14.8, ""wifi_rssi"": -46, ""acc_data"": {""ax"": -0.48, ""ay"": 0.07, ""az"": 0.76, ""pitch"": -35.1, ""roll"": -1.5}, ""gyro_data"": {""gx"": 4.1, ""gy"": -4.1, ""gz"": 3.7}, ""gps_data"": {""latitude"": -1.2921, ""longitude"": 36.8219, ""gps_altitude"": 1664.5, ""time"": 38763}, ""alt_data"": {""pressure"": 858.06, ""temperature"": 26.9, ""AGL"": 0, ""velocity"": 0, ""kalman_altitude"": 0.44, ""kalman_vertical_velocity"": 0.11}, ""chute_state"": {""pyro1_state"": 0, ""pyro2_state"": 0}, ""connection_status"": {""connected"": true, ""has_ever_connected"": true, ""packet_age_ms"": 0, ""timeout_exceeded"": false, ""rssi"": -46}, ""communication_mode"": ""BLUETOOTH-SIMULATED"", ""timestamp"": 38763, ""packets_received"": 299, ""kalman_data"": {""altitude"": 0.44, ""vertical_velocity"": 0.11}, ""kalman_altitude"": 0.44, ""kalman_vertical_velocity"": 0.11, ""pyroDrogue"": 0, ""pyroMain"": 0, ""pyro1_state"": 0, ""pyro2_state"": 0}"
1768244361.728984,2026-01-12T21:59:21.728984,0,0,0,-0.59,-0.11,0.75,-35.5,-2.3,-3.6,4.6,4.4,-1.2921,36.8219,1658.3,38876,857.96,26.2,0,0,0,0,14.8,-42,-0.31,0.21,BLUETOOTH-SIMULATED,"{""record_number"": 0, ""operation_mode"": 0, ""state"": 0, ""battery_voltage"": 14.8, ""wifi_rssi"": -42, ""acc_data"": {""ax"": -0.59, ""ay"": -0.11, ""az"": 0.75, ""pitch"": -35.5, ""roll"": -2.3}, ""gyro_data"": {""gx"": -3.6, ""gy"": 4.6, ""gz"": 4.4}, ""gps_data"": {""latitude"": -1.2921, ""longitude"": 36.8219, ""gps_altitude"": 1658.3, ""time"": 38876}, ""alt_data"": {""pressure"": 857.96, ""temperature"": 26.2, ""AGL"": 0, ""velocity"": 0, ""kalman_altitude"": -0.31, ""kalman_vertical_velocity"": 0.21}, ""chute_state"": {""pyro1_state"": 0, ""pyro2_state"": 0}, ""connection_status"": {""connected"": true, ""has_ever_connected"": true, ""packet_age_ms"": 0, ""timeout_exceeded"": false, ""rssi"": -42}, ""communication_mode"": ""BLUETOOTH-SIMULATED"", ""timestamp"": 38876, ""packets_received"": 300, ""kalman_data"": {""altitude"": -0.31, ""vertical_velocity"": 0.21}, ""kalman_altitude"": -0.31, ""kalman_vertical_velocity"": 0.21, ""pyroDrogue"": 0, ""pyroMain"": 0, ""pyro1_state"": 0, ""pyro2_state"": 0}"
1768244361.775981,2026-01-12T21:59:21.775981,0,0,0,-0.6,0.12,0.83,-36.4,-3,-0.2,-4.8,0.5,-1.2921,36.8219,1659.4,38989,858,27,0,0,0,0,14.8,-45,-0.49,-0.22,BLUETOOTH-SIMULATED,"{""record_number"": 0, ""operation_mode"": 0, ""state"": 0, ""battery_voltage"": 14.8, ""wifi_rssi"": -45, ""acc_data"": {""ax"": -0.6, ""ay"": 0.12, ""az"": 0.83, ""pitch"": -36.4, ""roll"": -3}, ""gyro_data"": {""gx"": -0.2, ""gy"": -4.8, ""gz"": 0.5}, ""gps_data"": {""latitude"": -1.2921, ""longitude"": 36.8219, ""gps_altitude"": 1659.4, ""time"": 38989}, ""alt_data"": {""pressure"": 858, ""temperature"": 27, ""AGL"": 0, ""velocity"": 0, ""kalman_altitude"": -0.49, ""kalman_vertical_velocity"": -0.22}, ""chute_state"": {""pyro1_state"": 0, ""pyro2_state"": 0}, ""connection_status"": {""connected"": true, ""has_ever_connected"": true, ""packet_age_ms"": 0, ""timeout_exceeded"": false, ""rssi"": -45}, ""communication_mode"": ""BLUETOOTH-SIMULATED"", ""timestamp"": 38989, ""packets_received"": 301, ""kalman_data"": {""altitude"": -0.49, ""vertical_velocity"": -0.22}, ""kalman_altitude"": -0.49, ""kalman_vertical_velocity"": -0.22, ""pyroDrogue"": 0, ""pyroMain"": 0, ""pyro1_state"": 0, ""pyro2_state"": 0}"
1768244361.824979,2026-01-12T21:59:21.824979,0,0,0,-0.53,0.14,0.68,-36.7,-1.2,-2.2,-1.6,-1.9,-1.2921,36.8219,1663.7,39102,857.95,26.5,0,0,0,0,14.8,-44,-0.17,-0.1,BLUETOOTH-SIMULATED,"{""record_number"": 0, ""operation_mode"": 0, ""state"": 0, ""battery_voltage"": 14.8, ""wifi_rssi"": -44, ""acc_data"": {""ax"": -0.53, ""ay"": 0.14, ""az"": 0.68, ""pitch"": -36.7, ""roll"": -1.2}, ""gyro_data"": {""gx"": -2.2, ""gy"": -1.6, ""gz"": -1.9}, ""gps_data"": {""latitude"": -1.2921, ""longitude"": 36.8219, ""gps_altitude"": 1663.7, ""time"": 39102}, ""alt_data"": {""pressure"": 857.95, ""temperature"": 26.5, ""AGL"": 0, ""velocity"": 0, ""kalman_altitude"": -0.17, ""kalman_vertical_velocity"": -0.1}, ""chute_state"": {""pyro1_state"": 0, ""pyro2_state"": 0}, ""connection_status"": {""connected"": true, ""has_ever_connected"": true, ""packet_age_ms"": 0, ""timeout_exceeded"": false, ""rssi"": -44}, ""communication_mode"": ""BLUETOOTH-SIMULATED"", ""timestamp"": 39102, ""packets_received"": 302, ""kalman_data"": {""altitude"": -0.17, ""vertical_velocity"": -0.1}, ""kalman_altitude"": -0.17, ""kalman_vertical_velocity"": -0.1, ""pyroDrogue"": 0, ""pyroMain"": 0, ""pyro1_state"": 0, ""pyro2_state"": 0}"
1768244361.877983,2026-01-12T21:59:21.877983,0,0,0,-0.57,-0.2,0.54,-37,-1.1,-2.9,4.7,-2.7,-1.2921,36.8219,1663.2,39215,857.93,26.9,0,0,0,0,14.8,-49,-0.32,-0.01,BLUETOOTH-SIMULATED,"{""record_number"": 0, ""operation_mode"": 0, ""state"": 0, ""battery_voltage"": 14.8, ""wifi_rssi"": -49, ""acc_data"": {""ax"": -0.57, ""ay"": -0.2, ""az"": 0.54, ""pitch"": -37, ""roll"": -1.1}, ""gyro_data"": {""gx"": -2.9, ""gy"": 4.7, ""gz"": -2.7}, ""gps_data"": {""latitude"": -1.2921, ""longitude"": 36.8219, ""gps_altitude"": 1663.2, ""time"": 39215}, ""alt_data"": {""pressure"": 857.93, ""temperature"": 26.9, ""AGL"": 0, ""velocity"": 0, ""kalman_altitude"": -0.32, ""kalman_vertical_velocity"": -0.01}, ""chute_state"": {""pyro1_state"": 0, ""pyro2_state"": 0}, ""connection_status"": {""connected"": true, ""has_ever_connected"": true, ""packet_age_ms"": 0, ""timeout_exceeded"": false, ""rssi"": -49}, ""communication_mode"": ""BLUETOOTH-SIMULATED"", ""timestamp"": 39215, ""packets_received"": 303, ""kalman_data"": {""altitude"": -0.32, ""vertical_velocity"": -0.01}, ""kalman_altitude"": -0.32, ""kalman_vertical_velocity"": -0.01, ""pyroDrogue"": 0, ""pyroMain"": 0, ""pyro1_state"": 0, ""pyro2_state"": 0}"
1768244361.920979,2026-01-12T21:59:21.920979,0,0,0,-0.69,-0.15,0.83,-36.8,-2.3,0.9,2,-3.5,-1.2921,36.8219,1661.4,39328,858.04,27,0,0,0,0,14.8,-49,0.44,-0.23,BLUETOOTH-SIMULATED,"{""record_number"": 0, ""operation_mode"": 0, ""state"": 0, ""battery_voltage"": 14.8, ""wifi_rssi"": -49, ""acc_data"": {""ax"": -0.69, ""ay"": -0.15, ""az"": 0.83, ""pitch"": -36.8, ""roll"": -2.3}, ""gyro_data"": {""gx"": 0.9, ""gy"": 2, ""gz"": -3.5}, ""gps_data"": {""latitude"": -1.2921, ""longitude"": 36.8219, ""gps_altitude"": 1661.4, ""time"": 39328}, ""alt_data"": {""pressure"": 858.04, ""temperature"": 27, ""AGL"": 0, ""velocity"": 0, ""kalman_altitude"": 0.44, ""kalman_vertical_velocity"": -0.23}, ""chute_state"": {""pyro1_state"": 0, ""pyro2_state"": 0}, ""connection_status"": {""connected"": true, ""has_ever_connected"": true, ""packet_age_ms"": 0, ""timeout_exceeded"": false, ""rssi"": -49}, ""communication_mode"": ""BLUETOOTH-SIMULATED"", ""timestamp"": 39328, ""packets_received"": 304, ""kalman_data"": {""altitude"": 0.44, ""vertical_velocity"": -0.23}, ""kalman_altitude"": 0.44, ""kalman_vertical_velocity"": -0.23, ""pyroDrogue"": 0, ""pyroMain"": 0, ""pyro1_state"": 0, ""pyro2_state"": 0}"
1768244362.46264,2026-01-12T21:59:22.462640,0,0,0,-0.51,-0.13,0.84,-36.8,-2.9,-1.6,-1.1,4.9,-1.2921,36.8219,1658.2,39441,858.05,27,0,0,0,0,14.8,-42,-0.3,0.2,BLUETOOTH-SIMULATED,"{""record_number"": 0, ""operation_mode"": 0, ""state"": 0, ""battery_voltage"": 14.8, ""wifi_rssi"": -42, ""acc_data"": {""ax"": -0.51, ""ay"": -0.13, ""az"": 0.84, ""pitch"": -36.8, ""roll"": -2.9}, ""gyro_data"": {""gx"": -1.6, ""gy"": -1.1, ""gz"": 4.9}, ""gps_data"": {""latitude"": -1.2921, ""longitude"": 36.8219, ""gps_altitude"": 1658.2, ""time"": 39441}, ""alt_data"": {""pressure"": 858.05, ""temperature"": 27, ""AGL"": 0, ""velocity"": 0, ""kalman_altitude"": -0.3, ""kalman_vertical_velocity"": 0.2}, ""chute_state"": {""pyro1_state"": 0, ""pyro2_state"": 0}, ""connection_status"": {""connected"": true, ""has_ever_connected"": true, ""packet_age_ms"": 0, ""timeout_exceeded"": false, ""rssi"": -42}, ""communication_mode"": ""BLUETOOTH-SIMULATED"", ""timestamp"": 39441, ""packets_received"": 305, ""kalman_data"": {""altitude"": -0.3, ""vertical_velocity"": 0.2}, ""kalman_altitude"": -0.3, ""kalman_vertical_velocity"": 0.2, ""pyroDrogue"": 0, ""pyroMain"": 0, ""pyro1_state"": 0, ""pyro2_state"": 0}"
1768244363.465279,2026-01-12T21:59:23.465279,0,0,0,-0.48,0.07,0.76,-35.5,-1.7,-2.9,0.9,4.8,-1.2921,36.8219,1657.5,39554,857.97,26.4,0,0,0,0,14.8,-47,-0.15,0.08,BLUETOOTH-SIMULATED,"{""record_number"": 0, ""operation_mode"": 0, ""state"": 0, ""battery_voltage"": 14.8, ""wifi_rssi"": -47, ""acc_data"": {""ax"": -0.48, ""ay"": 0.07, ""az"": 0.76, ""pitch"": -35.5, ""roll"": -1.7}, ""gyro_data"": {""gx"": -2.9, ""gy"": 0.9, ""gz"": 4.8}, ""gps_data"": {""latitude"": -1.2921, ""longitude"": 36.8219, ""gps_altitude"": 1657.5, ""time"": 39554}, ""alt_data"": {""pressure"": 857.97, ""temperature"": 26.4, ""AGL"": 0, ""velocity"": 0, ""kalman_altitude"": -0.15, ""kalman_vertical_velocity"": 0.08}, ""chute_state"": {""pyro1_state"": 0, ""pyro2_state"": 0}, ""connection_status"": {""connected"": true, ""has_ever_connected"": true, ""packet_age_ms"": 0, ""timeout_exceeded"": false, ""rssi"": -47}, ""communication_mode"": ""BLUETOOTH-SIMULATED"", ""timestamp"": 39554, ""packets_received"": 306, ""kalman_data"": {""altitude"": -0.15, ""vertical_velocity"": 0.08}, ""kalman_altitude"": -0.15, ""kalman_vertical_velocity"": 0.08, ""pyroDrogue"": 0, ""pyroMain"": 0, ""pyro1_state"": 0, ""pyro2_state"": 0}"
1768244363.69971,2026-01-12T21:59:23.699710,0,0,0,-0.79,-0.15,0.67,-35.3,-1.8,-3.4,2.9,-1,-1.2921,36.8219,1661.1,39667,858.07,26.7,0,0,0,0,14.8,-43,0.37,-0.02,BLUETOOTH-SIMULATED,"{""record_number"": 0, ""operation_mode"": 0, ""state"": 0, ""battery_voltage"": 14.8, ""wifi_rssi"": -43, ""acc_data"": {""ax"": -0.79, ""ay"": -0.15, ""az"": 0.67, ""pitch"": -35.3, ""roll"": -1.8}, ""gyro_data"": {""gx"": -3.4, ""gy"": 2.9, ""gz"": -1}, ""gps_data"": {""latitude"": -1.2921, ""longitude"": 36.8219, ""gps_altitude"": 1661.1, ""time"": 39667}, ""alt_data"": {""pressure"": 858.07, ""temperature"": 26.7, ""AGL"": 0, ""velocity"": 0, ""kalman_altitude"": 0.37, ""kalman_vertical_velocity"": -0.02}, ""chute_state"": {""pyro1_state"": 0, ""pyro2_state"": 0}, ""connection_status"": {""connected"": true, ""has_ever_connected"": true, ""packet_age_ms"": 0, ""timeout_exceeded"": false, ""rssi"": -43}, ""communication_mode"": ""BLUETOOTH-SIMULATED"", ""timestamp"": 39667, ""packets_received"": 307, ""kalman_data"": {""altitude"": 0.37, ""vertical_velocity"": -0.02}, ""kalman_altitude"": 0.37, ""kalman_vertical_velocity"": -0.02, ""pyroDrogue"": 0, ""pyroMain"": 0, ""pyro1_state"": 0, ""pyro2_state"": 0}"
1768244363.765845,2026-01-12T21:59:23.765845,0,0,0,-0.43,0.13,0.62,-35.3,-2,-4.6,-4,-3.2,-1.2921,36.8219,1665.3,39780,858.04,27,0,0,0,0,14.8,-45,0.06,0.15,BLUETOOTH-SIMULATED,"{""record_number"": 0, ""operation_mode"": 0, ""state"": 0, ""battery_voltage"": 14.8, ""wifi_rssi"": -45, ""acc_data"": {""ax"": -0.43, ""ay"": 0.13, ""az"": 0.62, ""pitch"": -35.3, ""roll"": -2}, ""gyro_data"": {""gx"": -4.6, ""gy"": -4, ""gz"": -3.2}, ""gps_data"": {""latitude"": -1.2921, ""longitude"": 36.8219, ""gps_altitude"": 1665.3, ""time"": 39780}, ""alt_data"": {""pressure"": 858.04, ""temperature"": 27, ""AGL"": 0, ""velocity"": 0, ""kalman_altitude"": 0.06, ""kalman_vertical_velocity"": 0.15}, ""chute_state"": {""pyro1_state"": 0, ""pyro2_state"": 0}, ""connection_status"": {""connected"": true, ""has_ever_connected"": true, ""packet_age_ms"": 0, ""timeout_exceeded"": false, ""rssi"": -45}, ""communication_mode"": ""BLUETOOTH-SIMULATED"", ""timestamp"": 39780, ""packets_received"": 308, ""kalman_data"": {""altitude"": 0.06, ""vertical_velocity"": 0.15}, ""kalman_altitude"": 0.06, ""kalman_vertical_velocity"": 0.15, ""pyroDrogue"": 0, ""pyroMain"": 0, ""pyro1_state"": 0, ""pyro2_state"": 0}"
1768244363.820361,2026-01-12T21:59:23.820361,0,0,0,-0.7,-0.19,0.64,-35.7,-1.2,-0.7,1.3,0.6,-1.2921,36.8219,1662.6,39893,857.99,27.1,0,0,0,0,14.8,-41,0.06,0.25,BLUETOOTH-SIMULATED,"{""record_number"": 0, ""operation_mode"": 0, ""state"": 0, ""battery_voltage"": 14.8, ""wifi_rssi"": -41, ""acc_data"": {""ax"": -0.7, ""ay"": -0.19, ""az"": 0.64, ""pitch"": -35.7, ""roll"": -1.2}, ""gyro_data"": {""gx"": -0.7, ""gy"": 1.3, ""gz"": 0.6}, ""gps_data"": {""latitude"": -1.2921, ""longitude"": 36.8219, ""gps_altitude"": 1662.6, ""time"": 39893}, ""alt_data"": {""pressure"": 857.99, ""temperature"": 27.1, ""AGL"": 0, ""velocity"": 0, ""kalman_altitude"": 0.06, ""kalman_vertical_velocity"": 0.25}, ""chute_state"": {""pyro1_state"": 0, ""pyro2_state"": 0}, ""connection_status"": {""connected"": true, ""has_ever_connected"": true, ""packet_age_ms"": 0, ""timeout_exceeded"": false, ""rssi"": -41}, ""communication_mode"": ""BLUETOOTH-SIMULATED"", ""timestamp"": 39893, ""packets_received"": 309, ""kalman_data"": {""altitude"": 0.06, ""vertical_velocity"": 0.25}, ""kalman_altitude"": 0.06, ""kalman_vertical_velocity"": 0.25, ""pyroDrogue"": 0, ""pyroMain"": 0, ""pyro1_state"": 0, ""pyro2_state"": 0}"
1768244364.026132,2026-01-12T21:59:24.026132,0,0,0,-0.41,-0.09,0.54,-35.2,-1.4,-1.6,-5,0.3,-1.2921,36.8219,1659.9,40006,858.09,27,0,0,0,0,14.8,-47,0.41,0.11,BLUETOOTH-SIMULATED,"{""record_number"": 0, ""operation_mode"": 0, ""state"": 0, ""battery_voltage"": 14.8, ""wifi_rssi"": -47, ""acc_data"": {""ax"": -0.41, ""ay"": -0.09, ""az"": 0.54, ""pitch"": -35.2, ""roll"": -1.4}, ""gyro_data"": {""gx"": -1.6, ""gy"": -5, ""gz"": 0.3}, ""gps_data"": {""latitude"": -1.2921, ""longitude"": 36.8219, ""gps_altitude"": 1659.9, ""time"": 40006}, ""alt_data"": {""pressure"": 858.09, ""temperature"": 27, ""AGL"": 0, ""velocity"": 0, ""kalman_altitude"": 0.41, ""kalman_vertical_velocity"": 0.11}, ""chute_state"": {""pyro1_state"": 0, ""pyro2_state"": 0}, ""connection_status"": {""connected"": true, ""has_ever_connected"": true, ""packet_age_ms"": 0, ""timeout_exceeded"": false, ""rssi"": -47}, ""communication_mode"": ""BLUETOOTH-SIMULATED"", ""timestamp"": 40006, ""packets_received"": 310, ""kalman_data"": {""altitude"": 0.41, ""vertical_velocity"": 0.11}, ""kalman_altitude"": 0.41, ""kalman_vertical_velocity"": 0.11, ""pyroDrogue"": 0, ""pyroMain"": 0, ""pyro1_state"": 0, ""pyro2_state"": 0}"
1768244364.204132,2026-01-12T21:59:24.204132,0,0,0,-0.66,-0.2,0.66,-35.2,-2,3,-2.4,-3.8,-1.2921,36.8219,1665.5,40119,857.99,26.7,0,0,0,0,14.8,-42,-0.29,0.01,BLUETOOTH-SIMULATED,"{""record_number"": 0, ""operation_mode"": 0, ""state"": 0, ""battery_voltage"": 14.8, ""wifi_rssi"": -42, ""acc_data"": {""ax"": -0.66, ""ay"": -0.2, ""az"": 0.66, ""pitch"": -35.2, ""roll"": -2}, ""gyro_data"": {""gx"": 3, ""gy"": -2.4, ""gz"": -3.8}, ""gps_data"": {""latitude"": -1.2921, ""longitude"": 36.8219, ""gps_altitude"": 1665.5, ""time"": 40119}, ""alt_data"": {""pressure"": 857.99, ""temperature"": 26.7, ""AGL"": 0, ""velocity"": 0, ""kalman_altitude"": -0.29, ""kalman_vertical_velocity"": 0.01}, ""chute_state"": {""pyro1_state"": 0, ""pyro2_state"": 0}, ""connection_status"": {""connected"": true, ""has_ever_connected"": true, ""packet_age_ms"": 0, ""timeout_exceeded"": false, ""rssi"": -42}, ""communication_mode"": ""BLUETOOTH-SIMULATED"", ""timestamp"": 40119, ""packets_received"": 311, ""kalman_data"": {""altitude"": -0.29, ""vertical_velocity"": 0.01}, ""kalman_altitude"": -0.29, ""kalman_vertical_velocity"": 0.01, ""pyroDrogue"": 0, ""pyroMain"": 0, ""pyro1_state"": 0, ""pyro2_state"": 0}"
1768244364.454009,2026-01-12T21:59:24.454009,0,0,0,-0.77,-0.22,0.85,-36.7,-1.9,-0.2,3.1,1.5,-1.2921,36.8219,1661.2,40232,857.96,26.2,0,0,0,0,14.8,-48,-0.08,0.02,BLUETOOTH-SIMULATED,"{""record_number"": 0, ""operation_mode"": 0, ""state"": 0, ""battery_voltage"": 14.8, ""wifi_rssi"": -48, ""acc_data"": {""ax"": -0.77, ""ay"": -0.22, ""az"": 0.85, ""pitch"": -36.7, ""roll"": -1.9}, ""gyro_data"": {""gx"": -0.2, ""gy"": 3.1, ""gz"": 1.5}, ""gps_data"": {""latitude"": -1.2921, ""longitude"": 36.8219, ""gps_altitude"": 1661.2, ""time"": 40232}, ""alt_data"": {""pressure"": 857.96, ""temperature"": 26.2, ""AGL"": 0, ""velocity"": 0, ""kalman_altitude"": -0.08, ""kalman_vertical_velocity"": 0.02}, ""chute_state"": {""pyro1_state"": 0, ""pyro2_state"": 0}, ""connection_status"": {""connected"": true, ""has_ever_connected"": true, ""packet_age_ms"": 0, ""timeout_exceeded"": false, ""rssi"": -48}, ""communication_mode"": ""BLUETOOTH-SIMULATED"", ""timestamp"": 40232, ""packets_received"": 312, ""kalman_data"": {""altitude"": -0.08, ""vertical_velocity"": 0.02}, ""kalman_altitude"": -0.08, ""kalman_vertical_velocity"": 0.02, ""pyroDrogue"": 0, ""pyroMain"": 0, ""pyro1_state"": 0, ""pyro2_state"": 0}"
1768244365.115575,2026-01-12T21:59:25.115575,0,0,0,-0.65,-0.22,0.58,-36.7,-1.8,-4.3,4.5,2.4,-1.2921,36.8219,1661.3,40365,858.03,26.2,0,0,0,0,14.8,-50,0.37,0.1,BLUETOOTH-SIMULATED,"{""record_number"": 0, ""operation_mode"": 0, ""state"": 0, ""battery_voltage"": 14.8, ""wifi_rssi"": -50, ""acc_data"": {""ax"": -0.65, ""ay"": -0.22, ""az"": 0.58, ""pitch"": -36.7, ""roll"": -1.8}, ""gyro_data"": {""gx"": -4.3, ""gy"": 4.5, ""gz"": 2.4}, ""gps_data"": {""latitude"": -1.2921, ""longitude"": 36.8219, ""gps_altitude"": 1661.3, ""time"": 40365}, ""alt_data"": {""pressure"": 858.03, ""temperature"": 26.2, ""AGL"": 0, ""velocity"": 0, ""kalman_altitude"": 0.37, ""kalman_vertical_velocity"": 0.1}, ""chute_state"": {""pyro1_state"": 0, ""pyro2_state"": 0}, ""connection_status"": {""connected"": true, ""has_ever_connected"": true, ""packet_age_ms"": 0, ""timeout_exceeded"": false, ""rssi"": -50}, ""communication_mode"": ""BLUETOOTH-SIMULATED"", ""timestamp"": 40365, ""packets_received"": 313, ""kalman_data"": {""altitude"": 0.37, ""vertical_velocity"": 0.1}, ""kalman_altitude"": 0.37, ""kalman_vertical_velocity"": 0.1, ""pyroDrogue"": 0, ""pyroMain"": 0, ""pyro1_state"": 0, ""pyro2_state"": 0}"
1768244366.047918,2026-01-12T21:59:26.047918,0,0,0,-0.42,-0.09,0.5,-35.8,-2.7,2.1,-1.2,-4.4,-1.2921,36.8219,1661.7,40478,857.98,26.6,0,0,0,0,14.8,-49,-0.48,-0.02,BLUETOOTH-SIMULATED,"{""record_number"": 0, ""operation_mode"": 0, ""state"": 0, ""battery_voltage"": 14.8, ""wifi_rssi"": -49, ""acc_data"": {""ax"": -0.42, ""ay"": -0.09, ""az"": 0.5, ""pitch"": -35.8, ""roll"": -2.7}, ""gyro_data"": {""gx"": 2.1, ""gy"": -1.2, ""gz"": -4.4}, ""gps_data"": {""latitude"": -1.2921, ""longitude"": 36.8219, ""gps_altitude"": 1661.7, ""time"": 40478}, ""alt_data"": {""pressure"": 857.98, ""temperature"": 26.6, ""AGL"": 0, ""velocity"": 0, ""kalman_altitude"": -0.48, ""kalman_vertical_velocity"": -0.02}, ""chute_state"": {""pyro1_state"": 0, ""pyro2_state"": 0}, ""connection_status"": {""connected"": true, ""has_ever_connected"": true, ""packet_age_ms"": 0, ""timeout_exceeded"": false, ""rssi"": -49}, ""communication_mode"": ""BLUETOOTH-SIMULATED"", ""timestamp"": 40478, ""packets_received"": 314, ""kalman_data"": {""altitude"": -0.48, ""vertical_velocity"": -0.02}, ""kalman_altitude"": -0.48, ""kalman_vertical_velocity"": -0.02, ""pyroDrogue"": 0, ""pyroMain"": 0, ""pyro1_state"": 0, ""pyro2_state"": 0}"
1768244366.380918,2026-01-12T21:59:26.380918,0,0,0,-0.54,-0.22,0.74,-36.5,-2.3,-0.9,-3.2,-3.5,-1.2921,36.8219,1664.1,40591,857.91,26.8,0,0,0,0,14.8,-49,-0.08,0.21,BLUETOOTH-SIMULATED,"{""record_number"": 0, ""operation_mode"": 0, ""state"": 0, ""battery_voltage"": 14.8, ""wifi_rssi"": -49, ""acc_data"": {""ax"": -0.54, ""ay"": -0.22, ""az"": 0.74, ""pitch"": -36.5, ""roll"": -2.3}, ""gyro_data"": {""gx"": -0.9, ""gy"": -3.2, ""gz"": -3.5}, ""gps_data"": {""latitude"": -1.2921, ""longitude"": 36.8219, ""gps_altitude"": 1664.1, ""time"": 40591}, ""alt_data"": {""pressure"": 857.91, ""temperature"": 26.8, ""AGL"": 0, ""velocity"": 0, ""kalman_altitude"": -0.08, ""kalman_vertical_velocity"": 0.21}, ""chute_state"": {""pyro1_state"": 0, ""pyro2_state"": 0}, ""connection_status"": {""connected"": true, ""has_ever_connected"": true, ""packet_age_ms"": 0, ""timeout_exceeded"": false, ""rssi"": -49}, ""communication_mode"": ""BLUETOOTH-SIMULATED"", ""timestamp"": 40591, ""packets_received"": 315, ""kalman_data"": {""altitude"": -0.08, ""vertical_velocity"": 0.21}, ""kalman_altitude"": -0.08, ""kalman_vertical_velocity"": 0.21, ""pyroDrogue"": 0, ""pyroMain"": 0, ""pyro1_state"": 0, ""pyro2_state"": 0}"
1768244367.164202,2026-01-12T21:59:27.164202,0,0,0,-0.5,-0.04,0.81,-36.5,-2.2,3.3,4.2,-2.9,-1.2921,36.8219,1660.6,40704,858.08,26.5,0,0,0,0,14.8,-44,0.05,0,BLUETOOTH-SIMULATED,"{""record_number"": 0, ""operation_mode"": 0, ""state"": 0, ""battery_voltage"": 14.8, ""wifi_rssi"": -44, ""acc_data"": {""ax"": -0.5, ""ay"": -0.04, ""az"": 0.81, ""pitch"": -36.5, ""roll"": -2.2}, ""gyro_data"": {""gx"": 3.3, ""gy"": 4.2, ""gz"": -2.9}, ""gps_data"": {""latitude"": -1.2921, ""longitude"": 36.8219, ""gps_altitude"": 1660.6, ""time"": 40704}, ""alt_data"": {""pressure"": 858.08, ""temperature"": 26.5, ""AGL"": 0, ""velocity"": 0, ""kalman_altitude"": 0.05, ""kalman_vertical_velocity"": 0}, ""chute_state"": {""pyro1_state"": 0, ""pyro2_state"": 0}, ""connection_status"": {""connected"": true, ""has_ever_connected"": true, ""packet_age_ms"": 0, ""timeout_exceeded"": false, ""rssi"": -44}, ""communication_mode"": ""BLUETOOTH-SIMULATED"", ""timestamp"": 40704, ""packets_received"": 316, ""kalman_data"": {""altitude"": 0.05, ""vertical_velocity"": 0}, ""kalman_altitude"": 0.05, ""kalman_vertical_velocity"": 0, ""pyroDrogue"": 0, ""pyroMain"": 0, ""pyro1_state"": 0, ""pyro2_state"": 0}"
1768244368.724149,2026-01-12T21:59:28.724149,0,0,0,-0.71,-0.14,0.8,-35.8,-2.8,4.4,2.8,1.9,-1.2921,36.8219,1660.5,40817,857.9,26.9,0,0,0,0,14.8,-50,0.47,0.07,BLUETOOTH-SIMULATED,"{""record_number"": 0, ""operation_mode"": 0, ""state"": 0, ""battery_voltage"": 14.8, ""wifi_rssi"": -50, ""acc_data"": {""ax"": -0.71, ""ay"": -0.14, ""az"": 0.8, ""pitch"": -35.8, ""roll"": -2.8}, ""gyro_data"": {""gx"": 4.4, ""gy"": 2.8, ""gz"": 1.9}, ""gps_data"": {""latitude"": -1.2921, ""longitude"": 36.8219, ""gps_altitude"": 1660.5, ""time"": 40817}, ""alt_data"": {""pressure"": 857.9, ""temperature"": 26.9, ""AGL"": 0, ""velocity"": 0, ""kalman_altitude"": 0.47, ""kalman_vertical_velocity"": 0.07}, ""chute_state"": {""pyro1_state"": 0, ""pyro2_state"": 0}, ""connection_status"": {""connected"": true, ""has_ever_connected"": true, ""packet_age_ms"": 0, ""timeout_exceeded"": false, ""rssi"": -50}, ""communication_mode"": ""BLUETOOTH-SIMULATED"", ""timestamp"": 40817, ""packets_received"": 317, ""kalman_data"": {""altitude"": 0.47, ""vertical_velocity"": 0.07}, ""kalman_altitude"": 0.47, ""kalman_vertical_velocity"": 0.07, ""pyroDrogue"": 0, ""pyroMain"": 0, ""pyro1_state"": 0, ""pyro2_state"": 0}"
1768244369.763601,2026-01-12T21:59:29.763601,0,0,0,-0.41,0.06,0.55,-36,-1.5,-0.2,-1.1,4.2,-1.2921,36.8219,1664.2,40930,858.02,26.9,0,0,0,0,14.8,-50,0.13,-0.26,BLUETOOTH-SIMULATED,"{""record_number"": 0, ""operation_mode"": 0, ""state"": 0, ""battery_voltage"": 14.8, ""wifi_rssi"": -50, ""acc_data"": {""ax"": -0.41, ""ay"": 0.06, ""az"": 0.55, ""pitch"": -36, ""roll"": -1.5}, ""gyro_data"": {""gx"": -0.2, ""gy"": -1.1, ""gz"": 4.2}, ""gps_data"": {""latitude"": -1.2921, ""longitude"": 36.8219, ""gps_altitude"": 1664.2, ""time"": 40930}, ""alt_data"": {""pressure"": 858.02, ""temperature"": 26.9, ""AGL"": 0, ""velocity"": 0, ""kalman_altitude"": 0.13, ""kalman_vertical_velocity"": -0.26}, ""chute_state"": {""pyro1_state"": 0, ""pyro2_state"": 0}, ""connection_status"": {""connected"": true, ""has_ever_connected"": true, ""packet_age_ms"": 0, ""timeout_exceeded"": false, ""rssi"": -50}, ""communication_mode"": ""BLUETOOTH-SIMULATED"", ""timestamp"": 40930, ""packets_received"": 318, ""kalman_data"": {""altitude"": 0.13, ""vertical_velocity"": -0.26}, ""kalman_altitude"": 0.13, ""kalman_vertical_velocity"": -0.26, ""pyroDrogue"": 0, ""pyroMain"": 0, ""pyro1_state"": 0, ""pyro2_state"": 0}"
1768244370.307216,2026-01-12T21:59:30.307216,0,0,0,-0.59,0.15,0.68,-35.5,-2.2,-3.6,-3,3.8,-1.2921,36.8219,1657.5,41043,857.9,26.2,0,0,0,0,14.8,-46,-0.49,-0.17,BLUETOOTH-SIMULATED,"{""record_number"": 0, ""operation_mode"": 0, ""state"": 0, ""battery_voltage"": 14.8, ""wifi_rssi"": -46, ""acc_data"": {""ax"": -0.59, ""ay"": 0.15, ""az"": 0.68, ""pitch"": -35.5, ""roll"": -2.2}, ""gyro_data"": {""gx"": -3.6, ""gy"": -3, ""gz"": 3.8}, ""gps_data"": {""latitude"": -1.2921, ""longitude"": 36.8219, ""gps_altitude"": 1657.5, ""time"": 41043}, ""alt_data"": {""pressure"": 857.9, ""temperature"": 26.2, ""AGL"": 0, ""velocity"": 0, ""kalman_altitude"": -0.49, ""kalman_vertical_velocity"": -0.17}, ""chute_state"": {""pyro1_state"": 0, ""pyro2_state"": 0}, ""connection_status"": {""connected"": true, ""has_ever_connected"": true, ""packet_age_ms"": 0, ""timeout_exceeded"": false, ""rssi"": -46}, ""communication_mode"": ""BLUETOOTH-SIMULATED"", ""timestamp"": 41043, ""packets_received"": 319, ""kalman_data"": {""altitude"": -0.49, ""vertical_velocity"": -0.17}, ""kalman_altitude"": -0.49, ""kalman_vertical_velocity"": -0.17, ""pyroDrogue"": 0, ""pyroMain"": 0, ""pyro1_state"": 0, ""pyro2_state"": 0}"
1768244370.611196,2026-01-12T21:59:30.611196,0,0,0,-0.76,-0.17,0.54,-35.2,-3,4,-4.9,-3.4,-1.2921,36.8219,1661.7,41156,858.03,26.4,0,0,0,0,14.8,-45,0.4,0.12,BLUETOOTH-SIMULATED,"{""record_number"": 0, ""operation_mode"": 0, ""state"": 0, ""battery_voltage"": 14.8, ""wifi_rssi"": -45, ""acc_data"": {""ax"": -0.76, ""ay"": -0.17, ""az"": 0.54, ""pitch"": -35.2, ""roll"": -3}, ""gyro_data"": {""gx"": 4, ""gy"": -4.9, ""gz"": -3.4}, ""gps_data"": {""latitude"": -1.2921, ""longitude"": 36.8219, ""gps_altitude"": 1661.7, ""time"": 41156}, ""alt_data"": {""pressure"": 858.03, ""temperature"": 26.4, ""AGL"": 0, ""velocity"": 0, ""kalman_altitude"": 0.4, ""kalman_vertical_velocity"": 0.12}, ""chute_state"": {""pyro1_state"": 0, ""pyro2_state"": 0}, ""connection_status"": {""connected"": true, ""has_ever_connected"": true, ""packet_age_ms"": 0, ""timeout_exceeded"": false, ""rssi"": -45}, ""communication_mode"": ""BLUETOOTH-SIMULATED"", ""timestamp"": 41156, ""packets_received"": 320, ""kalman_data"": {""altitude"": 0.4, ""vertical_velocity"": 0.12}, ""kalman_altitude"": 0.4, ""kalman_vertical_velocity"": 0.12, ""pyroDrogue"": 0, ""pyroMain"": 0, ""pyro1_state"": 0, ""pyro2_state"": 0}"
1768244370.793913,2026-01-12T21:59:30.793913,0,0,0,-0.5,-0.18,0.69,-35.9,-2.1,0.5,3.2,-4.2,-1.2921,36.8219,1660.7,41269,857.99,26.9,0,0,0,0,14.8,-49,0.03,0.18,BLUETOOTH-SIMULATED,"{""record_number"": 0, ""operation_mode"": 0, ""state"": 0, ""battery_voltage"": 14.8, ""wifi_rssi"": -49, ""acc_data"": {""ax"": -0.5, ""ay"": -0.18, ""az"": 0.69, ""pitch"": -35.9, ""roll"": -2.1}, ""gyro_data"": {""gx"": 0.5, ""gy"": 3.2, ""gz"": -4.2}, ""gps_data"": {""latitude"": -1.2921, ""longitude"": 36.8219, ""gps_altitude"": 1660.7, ""time"": 41269}, ""alt_data"": {""pressure"": 857.99, ""temperature"": 26.9, ""AGL"": 0, ""velocity"": 0, ""kalman_altitude"": 0.03, ""kalman_vertical_velocity"": 0.18}, ""chute_state"": {""pyro1_state"": 0, ""pyro2_state"": 0}, ""connection_status"": {""connected"": true, ""has_ever_connected"": true, ""packet_age_ms"": 0, ""timeout_exceeded"": false, ""rssi"": -49}, ""communication_mode"": ""BLUETOOTH-SIMULATED"", ""timestamp"": 41269, ""packets_received"": 321, ""kalman_data"": {""altitude"": 0.03, ""vertical_velocity"": 0.18}, ""kalman_altitude"": 0.03, ""kalman_vertical_velocity"": 0.18, ""pyroDrogue"": 0, ""pyroMain"": 0, ""pyro1_state"": 0, ""pyro2_state"": 0}"
1768244371.189466,2026-01-12T21:59:31.189466,0,0,0,-0.62,0.08,0.62,-35.3,-2.3,2.3,-3.2,1.1,-1.2921,36.8219,1664.3,41382,857.99,26.6,0,0,0,0,14.8,-41,-0.09,0.27,BLUETOOTH-SIMULATED,"{""record_number"": 0, ""operation_mode"": 0, ""state"": 0, ""battery_voltage"": 14.8, ""wifi_rssi"": -41, ""acc_data"": {""ax"": -0.62, ""ay"": 0.08, ""az"": 0.62, ""pitch"": -35.3, ""roll"": -2.3}, ""gyro_data"": {""gx"": 2.3, ""gy"": -3.2, ""gz"": 1.1}, ""gps_data"": {""latitude"": -1.2921, ""longitude"": 36.8219, ""gps_altitude"": 1664.3, ""time"": 41382}, ""alt_data"": {""pressure"": 857.99, ""temperature"": 26.6, ""AGL"": 0, ""velocity"": 0, ""kalman_altitude"": -0.09, ""kalman_vertical_velocity"": 0.27}, ""chute_state"": {""pyro1_state"": 0, ""pyro2_state"": 0}, ""connection_status"": {""connected"": true, ""has_ever_connected"": true, ""packet_age_ms"": 0, ""timeout_exceeded"": false, ""rssi"": -41}, ""communication_mode"": ""BLUETOOTH-SIMULATED"", ""timestamp"": 41382, ""packets_received"": 322, ""kalman_data"": {""altitude"": -0.09, ""vertical_velocity"": 0.27}, ""kalman_altitude"": -0.09, ""kalman_vertical_velocity"": 0.27, ""pyroDrogue"": 0, ""pyroMain"": 0, ""pyro1_state"": 0, ""pyro2_state"": 0}"
1768244371.294471,2026-01-12T21:59:31.294471,0,0,0,-0.63,-0.2,0.57,-35.1,-1.2,-3.4,0,-1.1,-1.2921,36.8219,1661.4,41495,857.97,26.5,0,0,0,0,14.8,-44,0.01,0,BLUETOOTH-SIMULATED,"{""record_number"": 0, ""operation_mode"": 0, ""state"": 0, ""battery_voltage"": 14.8, ""wifi_rssi"": -44, ""acc_data"": {""ax"": -0.63, ""ay"": -0.2, ""az"": 0.57, ""pitch"": -35.1, ""roll"": -1.2}, ""gyro_data"": {""gx"": -3.4, ""gy"": 0, ""gz"": -1.1}, ""gps_data"": {""latitude"": -1.2921, ""longitude"": 36.8219, ""gps_altitude"": 1661.4, ""time"": 41495}, ""alt_data"": {""pressure"": 857.97, ""temperature"": 26.5, ""AGL"": 0, ""velocity"": 0, ""kalman_altitude"": 0.01, ""kalman_vertical_velocity"": 0}, ""chute_state"": {""pyro1_state"": 0, ""pyro2_state"": 0}, ""connection_status"": {""connected"": true, ""has_ever_connected"": true, ""packet_age_ms"": 0, ""timeout_exceeded"": false, ""rssi"": -44}, ""communication_mode"": ""BLUETOOTH-SIMULATED"", ""timestamp"": 41495, ""packets_received"": 323, ""kalman_data"": {""altitude"": 0.01, ""vertical_velocity"": 0}, ""kalman_altitude"": 0.01, ""kalman_vertical_velocity"": 0, ""pyroDrogue"": 0, ""pyroMain"": 0, ""pyro1_state"": 0, ""pyro2_state"": 0}"
1768244372.498338,2026-01-12T21:59:32.498338,0,0,0,-0.74,-0.01,0.64,-36.7,-2.1,1,-4.8,3.7,-1.2921,36.8219,1665.5,47822,858.02,26.5,0,0,0,0,14.8,-47,-0.21,0.13,BLUETOOTH-SIMULATED,"{""record_number"": 0, ""operation_mode"": 0, ""state"": 0, ""battery_voltage"": 14.8, ""wifi_rssi"": -47, ""acc_data"": {""ax"": -0.74, ""ay"": -0.01, ""az"": 0.64, ""pitch"": -36.7, ""roll"": -2.1}, ""gyro_data"": {""gx"": 1, ""gy"": -4.8, ""gz"": 3.7}, ""gps_data"": {""latitude"": -1.2921, ""longitude"": 36.8219, ""gps_altitude"": 1665.5, ""time"": 47822}, ""alt_data"": {""pressure"": 858.02, ""temperature"": 26.5, ""AGL"": 0, ""velocity"": 0, ""kalman_altitude"": -0.21, ""kalman_vertical_velocity"": 0.13}, ""chute_state"": {""pyro1_state"": 0, ""pyro2_state"": 0}, ""connection_status"": {""connected"": true, ""has_ever_connected"": true, ""packet_age_ms"": 0, ""timeout_exceeded"": false, ""rssi"": -47}, ""communication_mode"": ""BLUETOOTH-SIMULATED"", ""timestamp"": 47822, ""packets_received"": 379, ""kalman_data"": {""altitude"": -0.21, ""vertical_velocity"": 0.13}, ""kalman_altitude"": -0.21, ""kalman_vertical_velocity"": 0.13, ""pyroDrogue"": 0, ""pyroMain"": 0, ""pyro1_state"": 0, ""pyro2_state"": 0}"
1768244373.014465,2026-01-12T21:59:33.014465,0,0,0,-0.41,-0.09,0.78,-35.8,-2,-3.7,4,-3,-1.2921,36.8219,1658.3,47935,858.02,26.7,0,0,0,0,14.8,-46,0.12,-0.09,BLUETOOTH-SIMULATED,"{""record_number"": 0, ""operation_mode"": 0, ""state"": 0, ""battery_voltage"": 14.8, ""wifi_rssi"": -46, ""acc_data"": {""ax"": -0.41, ""ay"": -0.09, ""az"": 0.78, ""pitch"": -35.8, ""roll"": -2}, ""gyro_data"": {""gx"": -3.7, ""gy"": 4, ""gz"": -3}, ""gps_data"": {""latitude"": -1.2921, ""longitude"": 36.8219, ""gps_altitude"": 1658.3, ""time"": 47935}, ""alt_data"": {""pressure"": 858.02, ""temperature"": 26.7, ""AGL"": 0, ""velocity"": 0, ""kalman_altitude"": 0.12, ""kalman_vertical_velocity"": -0.09}, ""chute_state"": {""pyro1_state"": 0, ""pyro2_state"": 0}, ""connection_status"": {""connected"": true, ""has_ever_connected"": true, ""packet_age_ms"": 0, ""timeout_exceeded"": false, ""rssi"": -46}, ""communication_mode"": ""BLUETOOTH-SIMULATED"", ""timestamp"": 47935, ""packets_received"": 380, ""kalman_data"": {""altitude"": 0.12, ""vertical_velocity"": -0.09}, ""kalman_altitude"": 0.12, ""kalman_vertical_velocity"": -0.09, ""pyroDrogue"": 0, ""pyroMain"": 0, ""pyro1_state"": 0, ""pyro2_state"": 0}"
1768244373.211025,2026-01-12T21:59:33.211025,0,0,0,-0.69,-0.06,0.68,-36.1,-2.4,-0.8,2.8,3.6,-1.2921,36.8219,1656.3,48048,858.02,27,0,0,0,0,14.8,-42,0.12,-0.24,BLUETOOTH-SIMULATED,"{""record_number"": 0, ""operation_mode"": 0, ""state"": 0, ""battery_voltage"": 14.8, ""wifi_rssi"": -42, ""acc_data"": {""ax"": -0.69, ""ay"": -0.06, ""az"": 0.68, ""pitch"": -36.1, ""roll"": -2.4}, ""gyro_data"": {""gx"": -0.8, ""gy"": 2.8, ""gz"": 3.6}, ""gps_data"": {""latitude"": -1.2921, ""longitude"": 36.8219, ""gps_altitude"": 1656.3, ""time"": 48048}, ""alt_data"": {""pressure"": 858.02, ""temperature"": 27, ""AGL"": 0, ""velocity"": 0, ""kalman_altitude"": 0.12, ""kalman_vertical_velocity"": -0.24}, ""chute_state"": {""pyro1_state"": 0, ""pyro2_state"": 0}, ""connection_status"": {""connected"": true, ""has_ever_connected"": true, ""packet_age_ms"": 0, ""timeout_exceeded"": false, ""rssi"": -42}, ""communication_mode"": ""BLUETOOTH-SIMULATED"", ""timestamp"": 48048, ""packets_received"": 381, ""kalman_data"": {""altitude"": 0.12, ""vertical_velocity"": -0.24}, ""kalman_altitude"": 0.12, ""kalman_vertical_velocity"": -0.24, ""pyroDrogue"": 0, ""pyroMain"": 0, ""pyro1_state"": 0, ""pyro2_state"": 0}"
1768244373.308024,2026-01-12T21:59:33.308024,0,0,0,-0.7,-0.07,0.64,-36.4,-1.9,2.8,3,-3.7,-1.2921,36.8219,1661.7,48161,857.94,26.5,0,0,0,0,14.8,-47,-0.06,-0.12,BLUETOOTH-SIMULATED,"{""record_number"": 0, ""operation_mode"": 0, ""state"": 0, ""battery_voltage"": 14.8, ""wifi_rssi"": -47, ""acc_data"": {""ax"": -0.7, ""ay"": -0.07, ""az"": 0.64, ""pitch"": -36.4, ""roll"": -1.9}, ""gyro_data"": {""gx"": 2.8, ""gy"": 3, ""gz"": -3.7}, ""gps_data"": {""latitude"": -1.2921, ""longitude"": 36.8219, ""gps_altitude"": 1661.7, ""time"": 48161}, ""alt_data"": {""pressure"": 857.94, ""temperature"": 26.5, ""AGL"": 0, ""velocity"": 0, ""kalman_altitude"": -0.06, ""kalman_vertical_velocity"": -0.12}, ""chute_state"": {""pyro1_state"": 0, ""pyro2_state"": 0}, ""connection_status"": {""connected"": true, ""has_ever_connected"": true, ""packet_age_ms"": 0, ""timeout_exceeded"": false, ""rssi"": -47}, ""communication_mode"": ""BLUETOOTH-SIMULATED"", ""timestamp"": 48161, ""packets_received"": 382, ""kalman_data"": {""altitude"": -0.06, ""vertical_velocity"": -0.12}, ""kalman_altitude"": -0.06, ""kalman_vertical_velocity"": -0.12, ""pyroDrogue"": 0, ""pyroMain"": 0, ""pyro1_state"": 0, ""pyro2_state"": 0}"
1768244373.392018,2026-01-12T21:59:33.392018,0,0,0,-0.78,-0.18,0.69,-36.8,-1.4,-4.3,0.6,-0.8,-1.2921,36.8219,1657.3,48274,857.93,26.3,0,0,0,0,14.8,-49,-0.32,-0.11,BLUETOOTH-SIMULATED,"{""record_number"": 0, ""operation_mode"": 0, ""state"": 0, ""battery_voltage"": 14.8, ""wifi_rssi"": -49, ""acc_data"": {""ax"": -0.78, ""ay"": -0.18, ""az"": 0.69, ""pitch"": -36.8, ""roll"": -1.4}, ""gyro_data"": {""gx"": -4.3, ""gy"": 0.6, ""gz"": -0.8}, ""gps_data"": {""latitude"": -1.2921, ""longitude"": 36.8219, ""gps_altitude"": 1657.3, ""time"": 48274}, ""alt_data"": {""pressure"": 857.93, ""temperature"": 26.3, ""AGL"": 0, ""velocity"": 0, ""kalman_altitude"": -0.32, ""kalman_vertical_velocity"": -0.11}, ""chute_state"": {""pyro1_state"": 0, ""pyro2_state"": 0}, ""connection_status"": {""connected"": true, ""has_ever_connected"": true, ""packet_age_ms"": 0, ""timeout_exceeded"": false, ""rssi"": -49}, ""communication_mode"": ""BLUETOOTH-SIMULATED"", ""timestamp"": 48274, ""packets_received"": 383, ""kalman_data"": {""altitude"": -0.32, ""vertical_velocity"": -0.11}, ""kalman_altitude"": -0.32, ""kalman_vertical_velocity"": -0.11, ""pyroDrogue"": 0, ""pyroMain"": 0, ""pyro1_state"": 0, ""pyro2_state"": 0}"
1768244373.458021,2026-01-12T21:59:33.458021,0,0,0,-0.51,-0.17,0.49,-35.6,-2.6,1.1,-0.3,-1,-1.2921,36.8219,1660.6,48387,857.92,26.4,0,0,0,0,14.8,-48,0.42,-0.07,BLUETOOTH-SIMULATED,"{""record_number"": 0, ""operation_mode"": 0, ""state"": 0, ""battery_voltage"": 14.8, ""wifi_rssi"": -48, ""acc_data"": {""ax"": -0.51, ""ay"": -0.17, ""az"": 0.49, ""pitch"": -35.6, ""roll"": -2.6}, ""gyro_data"": {""gx"": 1.1, ""gy"": -0.3, ""gz"": -1}, ""gps_data"": {""latitude"": -1.2921, ""longitude"": 36.8219, ""gps_altitude"": 1660.6, ""time"": 48387}, ""alt_data"": {""pressure"": 857.92, ""temperature"": 26.4, ""AGL"": 0, ""velocity"": 0, ""kalman_altitude"": 0.42, ""kalman_vertical_velocity"": -0.07}, ""chute_state"": {""pyro1_state"": 0, ""pyro2_state"": 0}, ""connection_status"": {""connected"": true, ""has_ever_connected"": true, ""packet_age_ms"": 0, ""timeout_exceeded"": false, ""rssi"": -48}, ""communication_mode"": ""BLUETOOTH-SIMULATED"", ""timestamp"": 48387, ""packets_received"": 384, ""kalman_data"": {""altitude"": 0.42, ""vertical_velocity"": -0.07}, ""kalman_altitude"": 0.42, ""kalman_vertical_velocity"": -0.07, ""pyroDrogue"": 0, ""pyroMain"": 0, ""pyro1_state"": 0, ""pyro2_state"": 0}"
1768244373.542021,2026-01-12T21:59:33.542021,0,0,0,-0.44,0.05,0.68,-35.2,-1.6,-0.3,-3.1,-2.8,-1.2921,36.8219,1658.9,48500,858.02,26.8,0,0,0,0,14.8,-42,0.33,-0.2,BLUETOOTH-SIMULATED,"{""record_number"": 0, ""operation_mode"": 0, ""state"": 0, ""battery_voltage"": 14.8, ""wifi_rssi"": -42, ""acc_data"": {""ax"": -0.44, ""ay"": 0.05, ""az"": 0.68, ""pitch"": -35.2, ""roll"": -1.6}, ""gyro_data"": {""gx"": -0.3, ""gy"": -3.1, ""gz"": -2.8}, ""gps_data"": {""latitude"": -1.2921, ""longitude"": 36.8219, ""gps_altitude"": 1658.9, ""time"": 48500}, ""alt_data"": {""pressure"": 858.02, ""temperature"": 26.8, ""AGL"": 0, ""velocity"": 0, ""kalman_altitude"": 0.33, ""kalman_vertical_velocity"": -0.2}, ""chute_state"": {""pyro1_state"": 0, ""pyro2_state"": 0}, ""connection_status"": {""connected"": true, ""has_ever_connected"": true, ""packet_age_ms"": 0, ""timeout_exceeded"": false, ""rssi"": -42}, ""communication_mode"": ""BLUETOOTH-SIMULATED"", ""timestamp"": 48500, ""packets_received"": 385, ""kalman_data"": {""altitude"": 0.33, ""vertical_velocity"": -0.2}, ""kalman_altitude"": 0.33, ""kalman_vertical_velocity"": -0.2, ""pyroDrogue"": 0, ""pyroMain"": 0, ""pyro1_state"": 0, ""pyro2_state"": 0}"
1768244373.631122,2026-01-12T21:59:33.631122,0,0,0,-0.62,-0.2,0.71,-35.6,-1.8,-2.4,0.4,1.9,-1.2921,36.8219,1662.4,48613,858.02,26.3,0,0,0,0,14.8,-41,0.4,0.04,BLUETOOTH-SIMULATED,"{""record_number"": 0, ""operation_mode"": 0, ""state"": 0, ""battery_voltage"": 14.8, ""wifi_rssi"": -41, ""acc_data"": {""ax"": -0.62, ""ay"": -0.2, ""az"": 0.71, ""pitch"": -35.6, ""roll"": -1.8}, ""gyro_data"": {""gx"": -2.4, ""gy"": 0.4, ""gz"": 1.9}, ""gps_data"": {""latitude"": -1.2921, ""longitude"": 36.8219, ""gps_altitude"": 1662.4, ""time"": 48613}, ""alt_data"": {""pressure"": 858.02, ""temperature"": 26.3, ""AGL"": 0, ""velocity"": 0, ""kalman_altitude"": 0.4, ""kalman_vertical_velocity"": 0.04}, ""chute_state"": {""pyro1_state"": 0, ""pyro2_state"": 0}, ""connection_status"": {""connected"": true, ""has_ever_connected"": true, ""packet_age_ms"": 0, ""timeout_exceeded"": false, ""rssi"": -41}, ""communication_mode"": ""BLUETOOTH-SIMULATED"", ""timestamp"": 48613, ""packets_received"": 386, ""kalman_data"": {""altitude"": 0.4, ""vertical_velocity"": 0.04}, ""kalman_altitude"": 0.4, ""kalman_vertical_velocity"": 0.04, ""pyroDrogue"": 0, ""pyroMain"": 0, ""pyro1_state"": 0, ""pyro2_state"": 0}"
1768244373.681585,2026-01-12T21:59:33.681585,0,0,0,-0.45,0.04,0.64,-36.6,-2.3,0.3,-4.4,-1.9,-1.2921,36.8219,1663.3,48726,858.01,26.8,0,0,0,0,14.8,-42,0.23,-0.22,BLUETOOTH-SIMULATED,"{""record_number"": 0, ""operation_mode"": 0, ""state"": 0, ""battery_voltage"": 14.8, ""wifi_rssi"": -42, ""acc_data"": {""ax"": -0.45, ""ay"": 0.04, ""az"": 0.64, ""pitch"": -36.6, ""roll"": -2.3}, ""gyro_data"": {""gx"": 0.3, ""gy"": -4.4, ""gz"": -1.9}, ""gps_data"": {""latitude"": -1.2921, ""longitude"": 36.8219, ""gps_altitude"": 1663.3, ""time"": 48726}, ""alt_data"": {""pressure"": 858.01, ""temperature"": 26.8, ""AGL"": 0, ""velocity"": 0, ""kalman_altitude"": 0.23, ""kalman_vertical_velocity"": -0.22}, ""chute_state"": {""pyro1_state"": 0, ""pyro2_state"": 0}, ""connection_status"": {""connected"": true, ""has_ever_connected"": true, ""packet_age_ms"": 0, ""timeout_exceeded"": false, ""rssi"": -42}, ""communication_mode"": ""BLUETOOTH-SIMULATED"", ""timestamp"": 48726, ""packets_received"": 387, ""kalman_data"": {""altitude"": 0.23, ""vertical_velocity"": -0.22}, ""kalman_altitude"": 0.23, ""kalman_vertical_velocity"": -0.22, ""pyroDrogue"": 0, ""pyroMain"": 0, ""pyro1_state"": 0, ""pyro2_state"": 0}"
1768244373.741599,2026-01-12T21:59:33.741599,0,0,0,-0.64,0.02,0.53,-35.4,-1.6,0,-2.3,-4.9,-1.2921,36.8219,1658.5,48839,857.93,26.2,0,0,0,0,14.8,-44,-0.24,0.13,BLUETOOTH-SIMULATED,"{""record_number"": 0, ""operation_mode"": 0, ""state"": 0, ""battery_voltage"": 14.8, ""wifi_rssi"": -44, ""acc_data"": {""ax"": -0.64, ""ay"": 0.02, ""az"": 0.53, ""pitch"": -35.4, ""roll"": -1.6}, ""gyro_data"": {""gx"": 0, ""gy"": -2.3, ""gz"": -4.9}, ""gps_data"": {""latitude"": -1.2921, ""longitude"": 36.8219, ""gps_altitude"": 1658.5, ""time"": 48839}, ""alt_data"": {""pressure"": 857.93, ""temperature"": 26.2, ""AGL"": 0, ""velocity"": 0, ""kalman_altitude"": -0.24, ""kalman_vertical_velocity"": 0.13}, ""chute_state"": {""pyro1_state"": 0, ""pyro2_state"": 0}, ""connection_status"": {""connected"": true, ""has_ever_connected"": true, ""packet_age_ms"": 0, ""timeout_exceeded"": false, ""rssi"": -44}, ""communication_mode"": ""BLUETOOTH-SIMULATED"", ""timestamp"": 48839, ""packets_received"": 388, ""kalman_data"": {""altitude"": -0.24, ""vertical_velocity"": 0.13}, ""kalman_altitude"": -0.24, ""kalman_vertical_velocity"": 0.13, ""pyroDrogue"": 0, ""pyroMain"": 0, ""pyro1_state"": 0, ""pyro2_state"": 0}"
1768244373.857935,2026-01-12T21:59:33.857935,0,0,0,-0.76,0.17,0.65,-35.9,-1.3,-0.2,-4.4,0.6,-1.2921,36.8219,1659.4,48952,858.02,26.2,0,0,0,0,14.8,-45,-0.08,-0.17,BLUETOOTH-SIMULATED,"{""record_number"": 0, ""operation_mode"": 0, ""state"": 0, ""battery_voltage"": 14.8, ""wifi_rssi"": -45, ""acc_data"": {""ax"": -0.76, ""ay"": 0.17, ""az"": 0.65, ""pitch"": -35.9, ""roll"": -1.3}, ""gyro_data"": {""gx"": -0.2, ""gy"": -4.4, ""gz"": 0.6}, ""gps_data"": {""latitude"": -1.2921, ""longitude"": 36.8219, ""gps_altitude"": 1659.4, ""time"": 48952}, ""alt_data"": {""pressure"": 858.02, ""temperature"": 26.2, ""AGL"": 0, ""velocity"": 0, ""kalman_altitude"": -0.08, ""kalman_vertical_velocity"": -0.17}, ""chute_state"": {""pyro1_state"": 0, ""pyro2_state"": 0}, ""connection_status"": {""connected"": true, ""has_ever_connected"": true, ""packet_age_ms"": 0, ""timeout_exceeded"": false, ""rssi"": -45}, ""communication_mode"": ""BLUETOOTH-SIMULATED"", ""timestamp"": 48952, ""packets_received"": 389, ""kalman_data"": {""altitude"": -0.08, ""vertical_velocity"": -0.17}, ""kalman_altitude"": -0.08, ""kalman_vertical_velocity"": -0.17, ""pyroDrogue"": 0, ""pyroMain"": 0, ""pyro1_state"": 0, ""pyro2_state"": 0}"
1768244374.175016,2026-01-12T21:59:34.175016,0,0,0,-0.54,-0.01,0.84,-35.2,-2,0.6,-4.2,0.6,-1.2921,36.8219,1657.7,49065,858.03,27.1,0,0,0,0,14.8,-45,-0.41,-0.25,BLUETOOTH-SIMULATED,"{""record_number"": 0, ""operation_mode"": 0, ""state"": 0, ""battery_voltage"": 14.8, ""wifi_rssi"": -45, ""acc_data"": {""ax"": -0.54, ""ay"": -0.01, ""az"": 0.84, ""pitch"": -35.2, ""roll"": -2}, ""gyro_data"": {""gx"": 0.6, ""gy"": -4.2, ""gz"": 0.6}, ""gps_data"": {""latitude"": -1.2921, ""longitude"": 36.8219, ""gps_altitude"": 1657.7, ""time"": 49065}, ""alt_data"": {""pressure"": 858.03, ""temperature"": 27.1, ""AGL"": 0, ""velocity"": 0, ""kalman_altitude"": -0.41, ""kalman_vertical_velocity"": -0.25}, ""chute_state"": {""pyro1_state"": 0, ""pyro2_state"": 0}, ""connection_status"": {""connected"": true, ""has_ever_connected"": true, ""packet_age_ms"": 0, ""timeout_exceeded"": false, ""rssi"": -45}, ""communication_mode"": ""BLUETOOTH-SIMULATED"", ""timestamp"": 49065, ""packets_received"": 390, ""kalman_data"": {""altitude"": -0.41, ""vertical_velocity"": -0.25}, ""kalman_altitude"": -0.41, ""kalman_vertical_velocity"": -0.25, ""pyroDrogue"": 0, ""pyroMain"": 0, ""pyro1_state"": 0, ""pyro2_state"": 0}"
1768244374.228442,2026-01-12T21:59:34.228442,0,0,0,-0.47,0.06,0.79,-36.3,-1.8,2,-1.8,2.4,-1.2921,36.8219,1661.9,49178,858.07,26.6,0,0,0,0,14.8,-43,-0.44,0.09,BLUETOOTH-SIMULATED,"{""record_number"": 0, ""operation_mode"": 0, ""state"": 0, ""battery_voltage"": 14.8, ""wifi_rssi"": -43, ""acc_data"": {""ax"": -0.47, ""ay"": 0.06, ""az"": 0.79, ""pitch"": -36.3, ""roll"": -1.8}, ""gyro_data"": {""gx"": 2, ""gy"": -1.8, ""gz"": 2.4}, ""gps_data"": {""latitude"": -1.2921, ""longitude"": 36.8219, ""gps_altitude"": 1661.9, ""time"": 49178}, ""alt_data"": {""pressure"": 858.07, ""temperature"": 26.6, ""AGL"": 0, ""velocity"": 0, ""kalman_altitude"": -0.44, ""kalman_vertical_velocity"": 0.09}, ""chute_state"": {""pyro1_state"": 0, ""pyro2_state"": 0}, ""connection_status"": {""connected"": true, ""has_ever_connected"": true, ""packet_age_ms"": 0, ""timeout_exceeded"": false, ""rssi"": -43}, ""communication_mode"": ""BLUETOOTH-SIMULATED"", ""timestamp"": 49178, ""packets_received"": 391, ""kalman_data"": {""altitude"": -0.44, ""vertical_velocity"": 0.09}, ""kalman_altitude"": -0.44, ""kalman_vertical_velocity"": 0.09, ""pyroDrogue"": 0, ""pyroMain"": 0, ""pyro1_state"": 0, ""pyro2_state"": 0}"
1768244374.276413,2026-01-12T21:59:34.276413,0,0,0,-0.65,-0.11,0.88,-35.5,-1.7,2.8,1.4,-2.6,-1.2921,36.8219,1661.2,49291,858.06,26.2,0,0,0,0,14.8,-47,-0.33,-0.2,BLUETOOTH-SIMULATED,"{""record_number"": 0, ""operation_mode"": 0, ""state"": 0, ""battery_voltage"": 14.8, ""wifi_rssi"": -47, ""acc_data"": {""ax"": -0.65, ""ay"": -0.11, ""az"": 0.88, ""pitch"": -35.5, ""roll"": -1.7}, ""gyro_data"": {""gx"": 2.8, ""gy"": 1.4, ""gz"": -2.6}, ""gps_data"": {""latitude"": -1.2921, ""longitude"": 36.8219, ""gps_altitude"": 1661.2, ""time"": 49291}, ""alt_data"": {""pressure"": 858.06, ""temperature"": 26.2, ""AGL"": 0, ""velocity"": 0, ""kalman_altitude"": -0.33, ""kalman_vertical_velocity"": -0.2}, ""chute_state"": {""pyro1_state"": 0, ""pyro2_state"": 0}, ""connection_status"": {""connected"": true, ""has_ever_connected"": true, ""packet_age_ms"": 0, ""timeout_exceeded"": false, ""rssi"": -47}, ""communication_mode"": ""BLUETOOTH-SIMULATED"", ""timestamp"": 49291, ""packets_received"": 392, ""kalman_data"": {""altitude"": -0.33, ""vertical_velocity"": -0.2}, ""kalman_altitude"": -0.33, ""kalman_vertical_velocity"": -0.2, ""pyroDrogue"": 0, ""pyroMain"": 0, ""pyro1_state"": 0, ""pyro2_state"": 0}"
1768244374.374412,2026-01-12T21:59:34.374412,0,0,0,-0.73,-0.16,0.88,-36.6,-1.1,-4.3,4.7,-2.8,-1.2921,36.8219,1661.5,49404,857.92,26.7,0,0,0,0,14.8,-50,0.48,0.22,BLUETOOTH-SIMULATED,"{""record_number"": 0, ""operation_mode"": 0, ""state"": 0, ""battery_voltage"": 14.8, ""wifi_rssi"": -50, ""acc_data"": {""ax"": -0.73, ""ay"": -0.16, ""az"": 0.88, ""pitch"": -36.6, ""roll"": -1.1}, ""gyro_data"": {""gx"": -4.3, ""gy"": 4.7, ""gz"": -2.8}, ""gps_data"": {""latitude"": -1.2921, ""longitude"": 36.8219, ""gps_altitude"": 1661.5, ""time"": 49404}, ""alt_data"": {""pressure"": 857.92, ""temperature"": 26.7, ""AGL"": 0, ""velocity"": 0, ""kalman_altitude"": 0.48, ""kalman_vertical_velocity"": 0.22}, ""chute_state"": {""pyro1_state"": 0, ""pyro2_state"": 0}, ""connection_status"": {""connected"": true, ""has_ever_connected"": true, ""packet_age_ms"": 0, ""timeout_exceeded"": false, ""rssi"": -50}, ""communication_mode"": ""BLUETOOTH-SIMULATED"", ""timestamp"": 49404, ""packets_received"": 393, ""kalman_data"": {""altitude"": 0.48, ""vertical_velocity"": 0.22}, ""kalman_altitude"": 0.48, ""kalman_vertical_velocity"": 0.22, ""pyroDrogue"": 0, ""pyroMain"": 0, ""pyro1_state"": 0, ""pyro2_state"": 0}"
1768244374.476416,2026-01-12T21:59:34.476416,0,0,0,-0.7,-0.01,0.82,-36.2,-2.9,3,-2.2,-0.8,-1.2921,36.8219,1663.4,49517,857.9,26.4,0,0,0,0,14.8,-47,0.04,-0.07,BLUETOOTH-SIMULATED,"{""record_number"": 0, ""operation_mode"": 0, ""state"": 0, ""battery_voltage"": 14.8, ""wifi_rssi"": -47, ""acc_data"": {""ax"": -0.7, ""ay"": -0.01, ""az"": 0.82, ""pitch"": -36.2, ""roll"": -2.9}, ""gyro_data"": {""gx"": 3, ""gy"": -2.2, ""gz"": -0.8}, ""gps_data"": {""latitude"": -1.2921, ""longitude"": 36.8219, ""gps_altitude"": 1663.4, ""time"": 49517}, ""alt_data"": {""pressure"": 857.9, ""temperature"": 26.4, ""AGL"": 0, ""velocity"": 0, ""kalman_altitude"": 0.04, ""kalman_vertical_velocity"": -0.07}, ""chute_state"": {""pyro1_state"": 0, ""pyro2_state"": 0}, ""connection_status"": {""connected"": true, ""has_ever_connected"": true, ""packet_age_ms"": 0, ""timeout_exceeded"": false, ""rssi"": -47}, ""communication_mode"": ""BLUETOOTH-SIMULATED"", ""timestamp"": 49517, ""packets_received"": 394, ""kalman_data"": {""altitude"": 0.04, ""vertical_velocity"": -0.07}, ""kalman_altitude"": 0.04, ""kalman_vertical_velocity"": -0.07, ""pyroDrogue"": 0, ""pyroMain"": 0, ""pyro1_state"": 0, ""pyro2_state"": 0}"
1768244374.557412,2026-01-12T21:59:34.557412,0,0,0,-0.75,0.08,0.8,-36.7,-2.2,0.6,-0.2,0.6,-1.2921,36.8219,1659.5,49630,857.94,26.9,0,0,0,0,14.8,-47,0.19,-0.04,BLUETOOTH-SIMULATED,"{""record_number"": 0, ""operation_mode"": 0, ""state"": 0, ""battery_voltage"": 14.8, ""wifi_rssi"": -47, ""acc_data"": {""ax"": -0.75, ""ay"": 0.08, ""az"": 0.8, ""pitch"": -36.7, ""roll"": -2.2}, ""gyro_data"": {""gx"": 0.6, ""gy"": -0.2, ""gz"": 0.6}, ""gps_data"": {""latitude"": -1.2921, ""longitude"": 36.8219, ""gps_altitude"": 1659.5, ""time"": 49630}, ""alt_data"": {""pressure"": 857.94, ""temperature"": 26.9, ""AGL"": 0, ""velocity"": 0, ""kalman_altitude"": 0.19, ""kalman_vertical_velocity"": -0.04}, ""chute_state"": {""pyro1_state"": 0, ""pyro2_state"": 0}, ""connection_status"": {""connected"": true, ""has_ever_connected"": true, ""packet_age_ms"": 0, ""timeout_exceeded"": false, ""rssi"": -47}, ""communication_mode"": ""BLUETOOTH-SIMULATED"", ""timestamp"": 51684, ""packets_received"": 413, ""kalman_data"": {""altitude"": 0.19, ""vertical_velocity"": -0.04}, ""kalman_altitude"": 0.19, ""kalman_vertical_velocity"": -0.04, ""pyroDrogue"": 0, ""pyroMain"": 0, ""pyro1_state"": 0, ""pyro2_state"": 0}"
1768244374.605411,2026-01-12T21:59:34.605411,0,0,0,-0.69,-0.09,0.53,-36.9,-1.8,0.7,-2.7,4.6,-1.2921,36.8219,1661,51797,857.96,26.5,0,0,0,0,14.8,-43,0.17,0.18,BLUETOOTH-SIMULATED,"{""record_number"": 0, ""operation_mode"": 0, ""state"": 0, ""battery_voltage"": 14.8, ""wifi_rssi"": -43, ""acc_data"": {""ax"": -0.69, ""ay"": -0.09, ""az"": 0.53, ""pitch"": -36.9, ""roll"": -1.8}, ""gyro_data"": {""gx"": 0.7, ""gy"": -2.7, ""gz"": 4.6}, ""gps_data"": {""latitude"": -1.2921, ""longitude"": 36.8219, ""gps_altitude"": 1661, ""time"": 51797}, ""alt_data"": {""pressure"": 857.96, ""temperature"": 26.5, ""AGL"": 0, ""velocity"": 0, ""kalman_altitude"": 0.17, ""kalman_vertical_velocity"": 0.18}, ""chute_state"": {""pyro1_state"": 0, ""pyro2_state"": 0}, ""connection_status"": {""connected"": true, ""has_ever_connected"": true, ""packet_age_ms"": 0, ""timeout_exceeded"": false, ""rssi"": -43}, ""communication_mode"": ""BLUETOOTH-SIMULATED"", ""timestamp"": 51797, ""packets_received"": 414, ""kalman_data"": {""altitude"": 0.17, ""vertical_velocity"": 0.18}, ""kalman_altitude"": 0.17, ""kalman_vertical_velocity"": 0.18, ""pyroDrogue"": 0, ""pyroMain"": 0, ""pyro1_state"": 0, ""pyro2_state"": 0}"
1768244374.706415,2026-01-12T21:59:34.706415,0,0,0,-0.57,-0.03,0.59,-37,-1.3,-2.8,1.4,0.6,-1.2921,36.8219,1657.5,51910,857.94,26.8,0,0,0,0,14.8,-45,-0.33,-0.24,BLUETOOTH-SIMULATED,"{""record_number"": 0, ""operation_mode"": 0, ""state"": 0, ""battery_voltage"": 14.8, ""wifi_rssi"": -45, ""acc_data"": {""ax"": -0.57, ""ay"": -0.03, ""az"": 0.59, ""pitch"": -37, ""roll"": -1.3}, ""gyro_data"": {""gx"": -2.8, ""gy"": 1.4, ""gz"": 0.6}, ""gps_data"": {""latitude"": -1.2921, ""longitude"": 36.8219, ""gps_altitude"": 1657.5, ""time"": 51910}, ""alt_data"": {""pressure"": 857.94, ""temperature"": 26.8, ""AGL"": 0, ""velocity"": 0, ""kalman_altitude"": -0.33, ""kalman_vertical_velocity"": -0.24}, ""chute_state"": {""pyro1_state"": 0, ""pyro2_state"": 0}, ""connection_status"": {""connected"": true, ""has_ever_connected"": true, ""packet_age_ms"": 0, ""timeout_exceeded"": false, ""rssi"": -45}, ""communication_mode"": ""BLUETOOTH-SIMULATED"", ""timestamp"": 51910, ""packets_received"": 415, ""kalman_data"": {""altitude"": -0.33, ""vertical_velocity"": -0.24}, ""kalman_altitude"": -0.33, ""kalman_vertical_velocity"": -0.24, ""pyroDrogue"": 0, ""pyroMain"": 0, ""pyro1_state"": 0, ""pyro2_state"": 0}"
1768244374.747411,2026-01-12T21:59:34.747411,0,0,0,-0.7,-0.06,0.65,-35.7,-2.6,-3.8,1.4,-1.8,-1.2921,36.8219,1663.1,52023,857.95,26.9,0,0,0,0,14.8,-48,0.16,-0.05,BLUETOOTH-SIMULATED,"{""record_number"": 0, ""operation_mode"": 0, ""state"": 0, ""battery_voltage"": 14.8, ""wifi_rssi"": -48, ""acc_data"": {""ax"": -0.7, ""ay"": -0.06, ""az"": 0.65, ""pitch"": -35.7, ""roll"": -2.6}, ""gyro_data"": {""gx"": -3.8, ""gy"": 1.4, ""gz"": -1.8}, ""gps_data"": {""latitude"": -1.2921, ""longitude"": 36.8219, ""gps_altitude"": 1663.1, ""time"": 52023}, ""alt_data"": {""pressure"": 857.95, ""temperature"": 26.9, ""AGL"": 0, ""velocity"": 0, ""kalman_altitude"": 0.16, ""kalman_vertical_velocity"": -0.05}, ""chute_state"": {""pyro1_state"": 0, ""pyro2_state"": 0}, ""connection_status"": {""connected"": true, ""has_ever_connected"": true, ""packet_age_ms"": 0, ""timeout_exceeded"": false, ""rssi"": -48}, ""communication_mode"": ""BLUETOOTH-SIMULATED"", ""timestamp"": 52023, ""packets_received"": 416, ""kalman_data"": {""altitude"": 0.16, ""vertical_velocity"": -0.05}, ""kalman_altitude"": 0.16, ""kalman_vertical_velocity"": -0.05, ""pyroDrogue"": 0, ""pyroMain"": 0, ""pyro1_state"": 0, ""pyro2_state"": 0}"
1768244374.845203,2026-01-12T21:59:34.845203,0,0,0,-0.48,-0.17,0.79,-36.1,-2.4,0.5,-3.8,3.5,-1.2921,36.8219,1658.7,52136,857.94,26.9,0,0,0,0,14.8,-49,0.36,0.18,BLUETOOTH-SIMULATED,"{""record_number"": 0, ""operation_mode"": 0, ""state"": 0, ""battery_voltage"": 14.8, ""wifi_rssi"": -49, ""acc_data"": {""ax"": -0.48, ""ay"": -0.17, ""az"": 0.79, ""pitch"": -36.1, ""roll"": -2.4}, ""gyro_data"": {""gx"": 0.5, ""gy"": -3.8, ""gz"": 3.5}, ""gps_data"": {""latitude"": -1.2921, ""longitude"": 36.8219, ""gps_altitude"": 1658.7, ""time"": 52136}, ""alt_data"": {""pressure"": 857.94, ""temperature"": 26.9, ""AGL"": 0, ""velocity"": 0, ""kalman_altitude"": 0.36, ""kalman_vertical_velocity"": 0.18}, ""chute_state"": {""pyro1_state"": 0, ""pyro2_state"": 0}, ""connection_status"": {""connected"": true, ""has_ever_connected"": true, ""packet_age_ms"": 0, ""timeout_exceeded"": false, ""rssi"": -49}, ""communication_mode"": ""BLUETOOTH-SIMULATED"", ""timestamp"": 52136, ""packets_received"": 417, ""kalman_data"": {""altitude"": 0.36, ""vertical_velocity"": 0.18}, ""kalman_altitude"": 0.36, ""kalman_vertical_velocity"": 0.18, ""pyroDrogue"": 0, ""pyroMain"": 0, ""pyro1_state"": 0, ""pyro2_state"": 0}"
1768244374.913414,2026-01-12T21:59:34.913414,0,0,0,-0.52,-0.2,0.78,-36.7,-2.4,4.7,4.4,-1.7,-1.2921,36.8219,1657.8,52249,858.05,26.2,0,0,0,0,14.8,-49,0.02,-0.29,BLUETOOTH-SIMULATED,"{""record_number"": 0, ""operation_mode"": 0, ""state"": 0, ""battery_voltage"": 14.8, ""wifi_rssi"": -49, ""acc_data"": {""ax"": -0.52, ""ay"": -0.2, ""az"": 0.78, ""pitch"": -36.7, ""roll"": -2.4}, ""gyro_data"": {""gx"": 4.7, ""gy"": 4.4, ""gz"": -1.7}, ""gps_data"": {""latitude"": -1.2921, ""longitude"": 36.8219, ""gps_altitude"": 1657.8, ""time"": 52249}, ""alt_data"": {""pressure"": 858.05, ""temperature"": 26.2, ""AGL"": 0, ""velocity"": 0, ""kalman_altitude"": 0.02, ""kalman_vertical_velocity"": -0.29}, ""chute_state"": {""pyro1_state"": 0, ""pyro2_state"": 0}, ""connection_status"": {""connected"": true, ""has_ever_connected"": true, ""packet_age_ms"": 0, ""timeout_exceeded"": false, ""rssi"": -49}, ""communication_mode"": ""BLUETOOTH-SIMULATED"", ""timestamp"": 52249, ""packets_received"": 418, ""kalman_data"": {""altitude"": 0.02, ""vertical_velocity"": -0.29}, ""kalman_altitude"": 0.02, ""kalman_vertical_velocity"": -0.29, ""pyroDrogue"": 0, ""pyroMain"": 0, ""pyro1_state"": 0, ""pyro2_state"": 0}"
1768244374.963717,2026-01-12T21:59:34.963717,0,0,0,-0.75,-0.08,0.75,-35.2,-2,-3.4,-1.8,3.3,-1.2921,36.8219,1663.5,52362,857.93,26.9,0,0,0,0,14.8,-49,-0.13,-0.24,BLUETOOTH-SIMULATED,"{""record_number"": 0, ""operation_mode"": 0, ""state"": 0, ""battery_voltage"": 14.8, ""wifi_rssi"": -49, ""acc_data"": {""ax"": -0.75, ""ay"": -0.08, ""az"": 0.75, ""pitch"": -35.2, ""roll"": -2}, ""gyro_data"": {""gx"": -3.4, ""gy"": -1.8, ""gz"": 3.3}, ""gps_data"": {""latitude"": -1.2921, ""longitude"": 36.8219, ""gps_altitude"": 1663.5, ""time"": 52362}, ""alt_data"": {""pressure"": 857.93, ""temperature"": 26.9, ""AGL"": 0, ""velocity"": 0, ""kalman_altitude"": -0.13, ""kalman_vertical_velocity"": -0.24}, ""chute_state"": {""pyro1_state"": 0, ""pyro2_state"": 0}, ""connection_status"": {""connected"": true, ""has_ever_connected"": true, ""packet_age_ms"": 0, ""timeout_exceeded"": false, ""rssi"": -49}, ""communication_mode"": ""BLUETOOTH-SIMULATED"", ""timestamp"": 52362, ""packets_received"": 419, ""kalman_data"": {""altitude"": -0.13, ""vertical_velocity"": -0.24}, ""kalman_altitude"": -0.13, ""kalman_vertical_velocity"": -0.24, ""pyroDrogue"": 0, ""pyroMain"": 0, ""pyro1_state"": 0, ""pyro2_state"": 0}"
1768244375.026712,2026-01-12T21:59:35.026712,0,0,0,-0.53,-0.07,0.67,-35.1,-2.7,-0.3,-4.1,0.7,-1.2921,36.8219,1661.4,52475,857.97,26.8,0,0,0,0,14.8,-50,-0.3,0.2,BLUETOOTH-SIMULATED,"{""record_number"": 0, ""operation_mode"": 0, ""state"": 0, ""battery_voltage"": 14.8, ""wifi_rssi"": -50, ""acc_data"": {""ax"": -0.53, ""ay"": -0.07, ""az"": 0.67, ""pitch"": -35.1, ""roll"": -2.7}, ""gyro_data"": {""gx"": -0.3, ""gy"": -4.1, ""gz"": 0.7}, ""gps_data"": {""latitude"": -1.2921, ""longitude"": 36.8219, ""gps_altitude"": 1661.4, ""time"": 52475}, ""alt_data"": {""pressure"": 857.97, ""temperature"": 26.8, ""AGL"": 0, ""velocity"": 0, ""kalman_altitude"": -0.3, ""kalman_vertical_velocity"": 0.2}, ""chute_state"": {""pyro1_state"": 0, ""pyro2_state"": 0}, ""connection_status"": {""connected"": true, ""has_ever_connected"": true, ""packet_age_ms"": 0, ""timeout_exceeded"": false, ""rssi"": -50}, ""communication_mode"": ""BLUETOOTH-SIMULATED"", ""timestamp"": 52475, ""packets_received"": 420, ""kalman_data"": {""altitude"": -0.3, ""vertical_velocity"": 0.2}, ""kalman_altitude"": -0.3, ""kalman_vertical_velocity"": 0.2, ""pyroDrogue"": 0, ""pyroMain"": 0, ""pyro1_state"": 0, ""pyro2_state"": 0}"
1768244375.179773,2026-01-12T21:59:35.179773,0,0,0,-0.75,0.06,0.58,-36.4,-2.3,2.7,-0.4,3.8,-1.2921,36.8219,1656.8,52588,858.01,26.9,0,0,0,0,14.8,-47,0.47,0.17,BLUETOOTH-SIMULATED,"{""record_number"": 0, ""operation_mode"": 0, ""state"": 0, ""battery_voltage"": 14.8, ""wifi_rssi"": -47, ""acc_data"": {""ax"": -0.75, ""ay"": 0.06, ""az"": 0.58, ""pitch"": -36.4, ""roll"": -2.3}, ""gyro_data"": {""gx"": 2.7, ""gy"": -0.4, ""gz"": 3.8}, ""gps_data"": {""latitude"": -1.2921, ""longitude"": 36.8219, ""gps_altitude"": 1656.8, ""time"": 52588}, ""alt_data"": {""pressure"": 858.01, ""temperature"": 26.9, ""AGL"": 0, ""velocity"": 0, ""kalman_altitude"": 0.47, ""kalman_vertical_velocity"": 0.17}, ""chute_state"": {""pyro1_state"": 0, ""pyro2_state"": 0}, ""connection_status"": {""connected"": true, ""has_ever_connected"": true, ""packet_age_ms"": 0, ""timeout_exceeded"": false, ""rssi"": -47}, ""communication_mode"": ""BLUETOOTH-SIMULATED"", ""timestamp"": 52588, ""packets_received"": 421, ""kalman_data"": {""altitude"": 0.47, ""vertical_velocity"": 0.17}, ""kalman_altitude"": 0.47, ""kalman_vertical_velocity"": 0.17, ""pyroDrogue"": 0, ""pyroMain"": 0, ""pyro1_state"": 0, ""pyro2_state"": 0}"
1768244375.25361,2026-01-12T21:59:35.253610,0,0,0,-0.76,-0.05,0.5,-35.5,-2.6,0.9,2.5,1,-1.2921,36.8219,1658.2,52701,857.9,26.8,0,0,0,0,14.8,-49,-0.42,-0.08,BLUETOOTH-SIMULATED,"{""record_number"": 0, ""operation_mode"": 0, ""state"": 0, ""battery_voltage"": 14.8, ""wifi_rssi"": -49, ""acc_data"": {""ax"": -0.76, ""ay"": -0.05, ""az"": 0.5, ""pitch"": -35.5, ""roll"": -2.6}, ""gyro_data"": {""gx"": 0.9, ""gy"": 2.5, ""gz"": 1}, ""gps_data"": {""latitude"": -1.2921, ""longitude"": 36.8219, ""gps_altitude"": 1658.2, ""time"": 52701}, ""alt_data"": {""pressure"": 857.9, ""temperature"": 26.8, ""AGL"": 0, ""velocity"": 0, ""kalman_altitude"": -0.42, ""kalman_vertical_velocity"": -0.08}, ""chute_state"": {""pyro1_state"": 0, ""pyro2_state"": 0}, ""connection_status"": {""connected"": true, ""has_ever_connected"": true, ""packet_age_ms"": 0, ""timeout_exceeded"": false, ""rssi"": -49}, ""communication_mode"": ""BLUETOOTH-SIMULATED"", ""timestamp"": 52701, ""packets_received"": 422, ""kalman_data"": {""altitude"": -0.42, ""vertical_velocity"": -0.08}, ""kalman_altitude"": -0.42, ""kalman_vertical_velocity"": -0.08, ""pyroDrogue"": 0, ""pyroMain"": 0, ""pyro1_state"": 0, ""pyro2_state"": 0}"
1768244375.329609,2026-01-12T21:59:35.329609,0,0,0,-0.7,0.17,0.6,-35.4,-1.4,0.4,0.1,-2.5,-1.2921,36.8219,1665.4,52814,858.01,26.4,0,0,0,0,14.8,-45,-0.06,-0.03,BLUETOOTH-SIMULATED,"{""record_number"": 0, ""operation_mode"": 0, ""state"": 0, ""battery_voltage"": 14.8, ""wifi_rssi"": -45, ""acc_data"": {""ax"": -0.7, ""ay"": 0.17, ""az"": 0.6, ""pitch"": -35.4, ""roll"": -1.4}, ""gyro_data"": {""gx"": 0.4, ""gy"": 0.1, ""gz"": -2.5}, ""gps_data"": {""latitude"": -1.2921, ""longitude"": 36.8219, ""gps_altitude"": 1665.4, ""time"": 52814}, ""alt_data"": {""pressure"": 858.01, ""temperature"": 26.4, ""AGL"": 0, ""velocity"": 0, ""kalman_altitude"": -0.06, ""kalman_vertical_velocity"": -0.03}, ""chute_state"": {""pyro1_state"": 0, ""pyro2_state"": 0}, ""connection_status"": {""connected"": true, ""has_ever_connected"": true, ""packet_age_ms"": 0, ""timeout_exceeded"": false, ""rssi"": -45}, ""communication_mode"": ""BLUETOOTH-SIMULATED"", ""timestamp"": 52814, ""packets_received"": 423, ""kalman_data"": {""altitude"": -0.06, ""vertical_velocity"": -0.03}, ""kalman_altitude"": -0.06, ""kalman_vertical_velocity"": -0.03, ""pyroDrogue"": 0, ""pyroMain"": 0, ""pyro1_state"": 0, ""pyro2_state"": 0}"
1768244375.410608,2026-01-12T21:59:35.410608,0,0,0,-0.56,0.17,0.76,-36.3,-2.2,-4.1,-4.3,-4.1,-1.2921,36.8219,1663.9,52927,857.94,26.3,0,0,0,0,14.8,-47,-0.05,0.2,BLUETOOTH-SIMULATED,"{""record_number"": 0, ""operation_mode"": 0, ""state"": 0, ""battery_voltage"": 14.8, ""wifi_rssi"": -47, ""acc_data"": {""ax"": -0.56, ""ay"": 0.17, ""az"": 0.76, ""pitch"": -36.3, ""roll"": -2.2}, ""gyro_data"": {""gx"": -4.1, ""gy"": -4.3, ""gz"": -4.1}, ""gps_data"": {""latitude"": -1.2921, ""longitude"": 36.8219, ""gps_altitude"": 1663.9, ""time"": 52927}, ""alt_data"": {""pressure"": 857.94, ""temperature"": 26.3, ""AGL"": 0, ""velocity"": 0, ""kalman_altitude"": -0.05, ""kalman_vertical_velocity"": 0.2}, ""chute_state"": {""pyro1_state"": 0, ""pyro2_state"": 0}, ""connection_status"": {""connected"": true, ""has_ever_connected"": true, ""packet_age_ms"": 0, ""timeout_exceeded"": false, ""rssi"": -47}, ""communication_mode"": ""BLUETOOTH-SIMULATED"", ""timestamp"": 52927, ""packets_received"": 424, ""kalman_data"": {""altitude"": -0.05, ""vertical_velocity"": 0.2}, ""kalman_altitude"": -0.05, ""kalman_vertical_velocity"": 0.2, ""pyroDrogue"": 0, ""pyroMain"": 0, ""pyro1_state"": 0, ""pyro2_state"": 0}"
1768244375.47161,2026-01-12T21:59:35.471610,0,0,0,-0.59,-0.01,0.72,-36.5,-2.5,0.3,1.3,4.6,-1.2921,36.8219,1662.4,53040,857.93,26.5,0,0,0,0,14.8,-50,0,0.16,BLUETOOTH-SIMULATED,"{""record_number"": 0, ""operation_mode"": 0, ""state"": 0, ""battery_voltage"": 14.8, ""wifi_rssi"": -50, ""acc_data"": {""ax"": -0.59, ""ay"": -0.01, ""az"": 0.72, ""pitch"": -36.5, ""roll"": -2.5}, ""gyro_data"": {""gx"": 0.3, ""gy"": 1.3, ""gz"": 4.6}, ""gps_data"": {""latitude"": -1.2921, ""longitude"": 36.8219, ""gps_altitude"": 1662.4, ""time"": 53040}, ""alt_data"": {""pressure"": 857.93, ""temperature"": 26.5, ""AGL"": 0, ""velocity"": 0, ""kalman_altitude"": 0, ""kalman_vertical_velocity"": 0.16}, ""chute_state"": {""pyro1_state"": 0, ""pyro2_state"": 0}, ""connection_status"": {""connected"": true, ""has_ever_connected"": true, ""packet_age_ms"": 0, ""timeout_exceeded"": false, ""rssi"": -50}, ""communication_mode"": ""BLUETOOTH-SIMULATED"", ""timestamp"": 53040, ""packets_received"": 425, ""kalman_data"": {""altitude"": 0, ""vertical_velocity"": 0.16}, ""kalman_altitude"": 0, ""kalman_vertical_velocity"": 0.16, ""pyroDrogue"": 0, ""pyroMain"": 0, ""pyro1_state"": 0, ""pyro2_state"": 0}"
1768244375.578611,2026-01-12T21:59:35.578611,0,0,0,-0.69,0.09,0.5,-36.3,-2.5,-3.8,-4.3,-3.5,-1.2921,36.8219,1664.3,53153,857.93,27,0,0,0,0,14.8,-41,-0.05,0.06,BLUETOOTH-SIMULATED,"{""record_number"": 0, ""operation_mode"": 0, ""state"": 0, ""battery_voltage"": 14.8, ""wifi_rssi"": -41, ""acc_data"": {""ax"": -0.69, ""ay"": 0.09, ""az"": 0.5, ""pitch"": -36.3, ""roll"": -2.5}, ""gyro_data"": {""gx"": -3.8, ""gy"": -4.3, ""gz"": -3.5}, ""gps_data"": {""latitude"": -1.2921, ""longitude"": 36.8219, ""gps_altitude"": 1664.3, ""time"": 53153}, ""alt_data"": {""pressure"": 857.93, ""temperature"": 27, ""AGL"": 0, ""velocity"": 0, ""kalman_altitude"": -0.05, ""kalman_vertical_velocity"": 0.06}, ""chute_state"": {""pyro1_state"": 0, ""pyro2_state"": 0}, ""connection_status"": {""connected"": true, ""has_ever_connected"": true, ""packet_age_ms"": 0, ""timeout_exceeded"": false, ""rssi"": -41}, ""communication_mode"": ""BLUETOOTH-SIMULATED"", ""timestamp"": 53153, ""packets_received"": 426, ""kalman_data"": {""altitude"": -0.05, ""vertical_velocity"": 0.06}, ""kalman_altitude"": -0.05, ""kalman_vertical_velocity"": 0.06, ""pyroDrogue"": 0, ""pyroMain"": 0, ""pyro1_state"": 0, ""pyro2_state"": 0}"
1768244375.689609,2026-01-12T21:59:35.689609,0,0,0,-0.52,0.16,0.88,-35.7,-1.3,-3.8,-3.6,-3.2,-1.2921,36.8219,1663.9,53266,857.99,26.9,0,0,0,0,14.8,-43,0.07,-0.12,BLUETOOTH-SIMULATED,"{""record_number"": 0, ""operation_mode"": 0, ""state"": 0, ""battery_voltage"": 14.8, ""wifi_rssi"": -43, ""acc_data"": {""ax"": -0.52, ""ay"": 0.16, ""az"": 0.88, ""pitch"": -35.7, ""roll"": -1.3}, ""gyro_data"": {""gx"": -3.8, ""gy"": -3.6, ""gz"": -3.2}, ""gps_data"": {""latitude"": -1.2921, ""longitude"": 36.8219, ""gps_altitude"": 1663.9, ""time"": 53266}, ""alt_data"": {""pressure"": 857.99, ""temperature"": 26.9, ""AGL"": 0, ""velocity"": 0, ""kalman_altitude"": 0.07, ""kalman_vertical_velocity"": -0.12}, ""chute_state"": {""pyro1_state"": 0, ""pyro2_state"": 0}, ""connection_status"": {""connected"": true, ""has_ever_connected"": true, ""packet_age_ms"": 0, ""timeout_exceeded"": false, ""rssi"": -43}, ""communication_mode"": ""BLUETOOTH-SIMULATED"", ""timestamp"": 53266, ""packets_received"": 427, ""kalman_data"": {""altitude"": 0.07, ""vertical_velocity"": -0.12}, ""kalman_altitude"": 0.07, ""kalman_vertical_velocity"": -0.12, ""pyroDrogue"": 0, ""pyroMain"": 0, ""pyro1_state"": 0, ""pyro2_state"": 0}"
1768244375.82884,2026-01-12T21:59:35.828840,0,0,0,-0.42,-0.04,0.5,-35.9,-2,-4.1,-0.8,-2.9,-1.2921,36.8219,1659.5,53379,858.07,26.3,0,0,0,0,14.8,-50,0.03,-0.22,BLUETOOTH-SIMULATED,"{""record_number"": 0, ""operation_mode"": 0, ""state"": 0, ""battery_voltage"": 14.8, ""wifi_rssi"": -50, ""acc_data"": {""ax"": -0.42, ""ay"": -0.04, ""az"": 0.5, ""pitch"": -35.9, ""roll"": -2}, ""gyro_data"": {""gx"": -4.1, ""gy"": -0.8, ""gz"": -2.9}, ""gps_data"": {""latitude"": -1.2921, ""longitude"": 36.8219, ""gps_altitude"": 1659.5, ""time"": 53379}, ""alt_data"": {""pressure"": 858.07, ""temperature"": 26.3, ""AGL"": 0, ""velocity"": 0, ""kalman_altitude"": 0.03, ""kalman_vertical_velocity"": -0.22}, ""chute_state"": {""pyro1_state"": 0, ""pyro2_state"": 0}, ""connection_status"": {""connected"": true, ""has_ever_connected"": true, ""packet_age_ms"": 0, ""timeout_exceeded"": false, ""rssi"": -50}, ""communication_mode"": ""BLUETOOTH-SIMULATED"", ""timestamp"": 53379, ""packets_received"": 428, ""kalman_data"": {""altitude"": 0.03, ""vertical_velocity"": -0.22}, ""kalman_altitude"": 0.03, ""kalman_vertical_velocity"": -0.22, ""pyroDrogue"": 0, ""pyroMain"": 0, ""pyro1_state"": 0, ""pyro2_state"": 0}"
1768244375.913903,2026-01-12T21:59:35.913903,0,0,0,-0.65,-0.21,0.73,-35.5,-1.9,2.8,-1.2,-3,-1.2921,36.8219,1660.5,53492,857.93,26.6,0,0,0,0,14.8,-44,0.05,-0.01,BLUETOOTH-SIMULATED,"{""record_number"": 0, ""operation_mode"": 0, ""state"": 0, ""battery_voltage"": 14.8, ""wifi_rssi"": -44, ""acc_data"": {""ax"": -0.65, ""ay"": -0.21, ""az"": 0.73, ""pitch"": -35.5, ""roll"": -1.9}, ""gyro_data"": {""gx"": 2.8, ""gy"": -1.2, ""gz"": -3}, ""gps_data"": {""latitude"": -1.2921, ""longitude"": 36.8219, ""gps_altitude"": 1660.5, ""time"": 53492}, ""alt_data"": {""pressure"": 857.93, ""temperature"": 26.6, ""AGL"": 0, ""velocity"": 0, ""kalman_altitude"": 0.05, ""kalman_vertical_velocity"": -0.01}, ""chute_state"": {""pyro1_state"": 0, ""pyro2_state"": 0}, ""connection_status"": {""connected"": true, ""has_ever_connected"": true, ""packet_age_ms"": 0, ""timeout_exceeded"": false, ""rssi"": -44}, ""communication_mode"": ""BLUETOOTH-SIMULATED"", ""timestamp"": 53492, ""packets_received"": 429, ""kalman_data"": {""altitude"": 0.05, ""vertical_velocity"": -0.01}, ""kalman_altitude"": 0.05, ""kalman_vertical_velocity"": -0.01, ""pyroDrogue"": 0, ""pyroMain"": 0, ""pyro1_state"": 0, ""pyro2_state"": 0}"
1768244376.030725,2026-01-12T21:59:36.030725,0,0,0,-0.43,-0.08,0.68,-35.8,-1.3,3.8,-2.5,4.4,-1.2921,36.8219,1658.2,53605,857.98,26.5,0,0,0,0,14.8,-47,-0.39,0.09,BLUETOOTH-SIMULATED,"{""record_number"": 0, ""operation_mode"": 0, ""state"": 0, ""battery_voltage"": 14.8, ""wifi_rssi"": -47, ""acc_data"": {""ax"": -0.43, ""ay"": -0.08, ""az"": 0.68, ""pitch"": -35.8, ""roll"": -1.3}, ""gyro_data"": {""gx"": 3.8, ""gy"": -2.5, ""gz"": 4.4}, ""gps_data"": {""latitude"": -1.2921, ""longitude"": 36.8219, ""gps_altitude"": 1658.2, ""time"": 53605}, ""alt_data"": {""pressure"": 857.98, ""temperature"": 26.5, ""AGL"": 0, ""velocity"": 0, ""kalman_altitude"": -0.39, ""kalman_vertical_velocity"": 0.09}, ""chute_state"": {""pyro1_state"": 0, ""pyro2_state"": 0}, ""connection_status"": {""connected"": true, ""has_ever_connected"": true, ""packet_age_ms"": 0, ""timeout_exceeded"": false, ""rssi"": -47}, ""communication_mode"": ""BLUETOOTH-SIMULATED"", ""timestamp"": 53605, ""packets_received"": 430, ""kalman_data"": {""altitude"": -0.39, ""vertical_velocity"": 0.09}, ""kalman_altitude"": -0.39, ""kalman_vertical_velocity"": 0.09, ""pyroDrogue"": 0, ""pyroMain"": 0, ""pyro1_state"": 0, ""pyro2_state"": 0}"
1768244376.208544,2026-01-12T21:59:36.208544,0,0,0,-0.7,-0.03,0.77,-36.7,-2.7,-4.3,-2.8,2.8,-1.2921,36.8219,1658.1,53718,857.93,27,0,0,0,0,14.8,-42,0.25,-0.2,BLUETOOTH-SIMULATED,"{""record_number"": 0, ""operation_mode"": 0, ""state"": 0, ""battery_voltage"": 14.8, ""wifi_rssi"": -42, ""acc_data"": {""ax"": -0.7, ""ay"": -0.03, ""az"": 0.77, ""pitch"": -36.7, ""roll"": -2.7}, ""gyro_data"": {""gx"": -4.3, ""gy"": -2.8, ""gz"": 2.8}, ""gps_data"": {""latitude"": -1.2921, ""longitude"": 36.8219, ""gps_altitude"": 1658.1, ""time"": 53718}, ""alt_data"": {""pressure"": 857.93, ""temperature"": 27, ""AGL"": 0, ""velocity"": 0, ""kalman_altitude"": 0.25, ""kalman_vertical_velocity"": -0.2}, ""chute_state"": {""pyro1_state"": 0, ""pyro2_state"": 0}, ""connection_status"": {""connected"": true, ""has_ever_connected"": true, ""packet_age_ms"": 0, ""timeout_exceeded"": false, ""rssi"": -42}, ""communication_mode"": ""BLUETOOTH-SIMULATED"", ""timestamp"": 53718, ""packets_received"": 431, ""kalman_data"": {""altitude"": 0.25, ""vertical_velocity"": -0.2}, ""kalman_altitude"": 0.25, ""kalman_vertical_velocity"": -0.2, ""pyroDrogue"": 0, ""pyroMain"": 0, ""pyro1_state"": 0, ""pyro2_state"": 0}"
1768244376.262543,2026-01-12T21:59:36.262543,0,0,0,-0.7,-0.16,0.65,-36.8,-2.8,3.2,-3.1,2.6,-1.2921,36.8219,1658.3,53831,857.97,26.7,0,0,0,0,14.8,-47,0.43,0.09,BLUETOOTH-SIMULATED,"{""record_number"": 0, ""operation_mode"": 0, ""state"": 0, ""battery_voltage"": 14.8, ""wifi_rssi"": -47, ""acc_data"": {""ax"": -0.7, ""ay"": -0.16, ""az"": 0.65, ""pitch"": -36.8, ""roll"": -2.8}, ""gyro_data"": {""gx"": 3.2, ""gy"": -3.1, ""gz"": 2.6}, ""gps_data"": {""latitude"": -1.2921, ""longitude"": 36.8219, ""gps_altitude"": 1658.3, ""time"": 53831}, ""alt_data"": {""pressure"": 857.97, ""temperature"": 26.7, ""AGL"": 0, ""velocity"": 0, ""kalman_altitude"": 0.43, ""kalman_vertical_velocity"": 0.09}, ""chute_state"": {""pyro1_state"": 0, ""pyro2_state"": 0}, ""connection_status"": {""connected"": true, ""has_ever_connected"": true, ""packet_age_ms"": 0, ""timeout_exceeded"": false, ""rssi"": -47}, ""communication_mode"": ""BLUETOOTH-SIMULATED"", ""timestamp"": 53831, ""packets_received"": 432, ""kalman_data"": {""altitude"": 0.43, ""vertical_velocity"": 0.09}, ""kalman_altitude"": 0.43, ""kalman_vertical_velocity"": 0.09, ""pyroDrogue"": 0, ""pyroMain"": 0, ""pyro1_state"": 0, ""pyro2_state"": 0}"
1768244376.413924,2026-01-12T21:59:36.413924,0,0,0,-0.66,-0.13,0.56,-35.7,-2.2,-1.1,4.8,2.7,-1.2921,36.8219,1665,53944,858.08,27,0,0,0,0,14.8,-48,-0.27,-0.18,BLUETOOTH-SIMULATED,"{""record_number"": 0, ""operation_mode"": 0, ""state"": 0, ""battery_voltage"": 14.8, ""wifi_rssi"": -48, ""acc_data"": {""ax"": -0.66, ""ay"": -0.13, ""az"": 0.56, ""pitch"": -35.7, ""roll"": -2.2}, ""gyro_data"": {""gx"": -1.1, ""gy"": 4.8, ""gz"": 2.7}, ""gps_data"": {""latitude"": -1.2921, ""longitude"": 36.8219, ""gps_altitude"": 1665, ""time"": 53944}, ""alt_data"": {""pressure"": 858.08, ""temperature"": 27, ""AGL"": 0, ""velocity"": 0, ""kalman_altitude"": -0.27, ""kalman_vertical_velocity"": -0.18}, ""chute_state"": {""pyro1_state"": 0, ""pyro2_state"": 0}, ""connection_status"": {""connected"": true, ""has_ever_connected"": true, ""packet_age_ms"": 0, ""timeout_exceeded"": false, ""rssi"": -48}, ""communication_mode"": ""BLUETOOTH-SIMULATED"", ""timestamp"": 53944, ""packets_received"": 433, ""kalman_data"": {""altitude"": -0.27, ""vertical_velocity"": -0.18}, ""kalman_altitude"": -0.27, ""kalman_vertical_velocity"": -0.18, ""pyroDrogue"": 0, ""pyroMain"": 0, ""pyro1_state"": 0, ""pyro2_state"": 0}"
1768244376.526923,2026-01-12T21:59:36.526923,0,0,0,-0.65,-0.13,0.83,-36.9,-2,3,-1.7,3.1,-1.2921,36.8219,1657.6,54057,857.97,27,0,0,0,0,14.8,-45,-0.44,0.19,BLUETOOTH-SIMULATED,"{""record_number"": 0, ""operation_mode"": 0, ""state"": 0, ""battery_voltage"": 14.8, ""wifi_rssi"": -45, ""acc_data"": {""ax"": -0.65, ""ay"": -0.13, ""az"": 0.83, ""pitch"": -36.9, ""roll"": -2}, ""gyro_data"": {""gx"": 3, ""gy"": -1.7, ""gz"": 3.1}, ""gps_data"": {""latitude"": -1.2921, ""longitude"": 36.8219, ""gps_altitude"": 1657.6, ""time"": 54057}, ""alt_data"": {""pressure"": 857.97, ""temperature"": 27, ""AGL"": 0, ""velocity"": 0, ""kalman_altitude"": -0.44, ""kalman_vertical_velocity"": 0.19}, ""chute_state"": {""pyro1_state"": 0, ""pyro2_state"": 0}, ""connection_status"": {""connected"": true, ""has_ever_connected"": true, ""packet_age_ms"": 0, ""timeout_exceeded"": false, ""rssi"": -45}, ""communication_mode"": ""BLUETOOTH-SIMULATED"", ""timestamp"": 54057, ""packets_received"": 434, ""kalman_data"": {""altitude"": -0.44, ""vertical_velocity"": 0.19}, ""kalman_altitude"": -0.44, ""kalman_vertical_velocity"": 0.19, ""pyroDrogue"": 0, ""pyroMain"": 0, ""pyro1_state"": 0, ""pyro2_state"": 0}"
1768244376.613955,2026-01-12T21:59:36.613955,0,0,0,-0.77,0.09,0.73,-35.6,-2.3,-1.1,-4.8,-0.5,-1.2921,36.8219,1658.9,54170,857.94,26.5,0,0,0,0,14.8,-42,-0.03,-0.2,BLUETOOTH-SIMULATED,"{""record_number"": 0, ""operation_mode"": 0, ""state"": 0, ""battery_voltage"": 14.8, ""wifi_rssi"": -42, ""acc_data"": {""ax"": -0.77, ""ay"": 0.09, ""az"": 0.73, ""pitch"": -35.6, ""roll"": -2.3}, ""gyro_data"": {""gx"": -1.1, ""gy"": -4.8, ""gz"": -0.5}, ""gps_data"": {""latitude"": -1.2921, ""longitude"": 36.8219, ""gps_altitude"": 1658.9, ""time"": 54170}, ""alt_data"": {""pressure"": 857.94, ""temperature"": 26.5, ""AGL"": 0, ""velocity"": 0, ""kalman_altitude"": -0.03, ""kalman_vertical_velocity"": -0.2}, ""chute_state"": {""pyro1_state"": 0, ""pyro2_state"": 0}, ""connection_status"": {""connected"": true, ""has_ever_connected"": true, ""packet_age_ms"": 0, ""timeout_exceeded"": false, ""rssi"": -42}, ""communication_mode"": ""BLUETOOTH-SIMULATED"", ""timestamp"": 54170, ""packets_received"": 435, ""kalman_data"": {""altitude"": -0.03, ""vertical_velocity"": -0.2}, ""kalman_altitude"": -0.03, ""kalman_vertical_velocity"": -0.2, ""pyroDrogue"": 0, ""pyroMain"": 0, ""pyro1_state"": 0, ""pyro2_state"": 0}"
1768244376.712923,2026-01-12T21:59:36.712923,0,0,0,-0.79,-0.13,0.67,-36.3,-2.1,1.8,3.9,1.7,-1.2921,36.8219,1658.6,54283,858,27.1,0,0,0,0,14.8,-42,0.12,0.24,BLUETOOTH-SIMULATED,"{""record_number"": 0, ""operation_mode"": 0, ""state"": 0, ""battery_voltage"": 14.8, ""wifi_rssi"": -42, ""acc_data"": {""ax"": -0.79, ""ay"": -0.13, ""az"": 0.67, ""pitch"": -36.3, ""roll"": -2.1}, ""gyro_data"": {""gx"": 1.8, ""gy"": 3.9, ""gz"": 1.7}, ""gps_data"": {""latitude"": -1.2921, ""longitude"": 36.8219, ""gps_altitude"": 1658.6, ""time"": 54283}, ""alt_data"": {""pressure"": 858, ""temperature"": 27.1, ""AGL"": 0, ""velocity"": 0, ""kalman_altitude"": 0.12, ""kalman_vertical_velocity"": 0.24}, ""chute_state"": {""pyro1_state"": 0, ""pyro2_state"": 0}, ""connection_status"": {""connected"": true, ""has_ever_connected"": true, ""packet_age_ms"": 0, ""timeout_exceeded"": false, ""rssi"": -42}, ""communication_mode"": ""BLUETOOTH-SIMULATED"", ""timestamp"": 54283, ""packets_received"": 436, ""kalman_data"": {""altitude"": 0.12, ""vertical_velocity"": 0.24}, ""kalman_altitude"": 0.12, ""kalman_vertical_velocity"": 0.24, ""pyroDrogue"": 0, ""pyroMain"": 0, ""pyro1_state"": 0, ""pyro2_state"": 0}"
1768244376.905406,2026-01-12T21:59:36.905406,0,0,0,-0.72,-0.13,0.59,-36.9,-1.1,-3.7,-4.2,-4.9,-1.2921,36.8219,1664.2,54396,858.02,26.6,0,0,0,0,14.8,-42,0.01,-0.21,BLUETOOTH-SIMULATED,"{""record_number"": 0, ""operation_mode"": 0, ""state"": 0, ""battery_voltage"": 14.8, ""wifi_rssi"": -42, ""acc_data"": {""ax"": -0.72, ""ay"": -0.13, ""az"": 0.59, ""pitch"": -36.9, ""roll"": -1.1}, ""gyro_data"": {""gx"": -3.7, ""gy"": -4.2, ""gz"": -4.9}, ""gps_data"": {""latitude"": -1.2921, ""longitude"": 36.8219, ""gps_altitude"": 1664.2, ""time"": 54396}, ""alt_data"": {""pressure"": 858.02, ""temperature"": 26.6, ""AGL"": 0, ""velocity"": 0, ""kalman_altitude"": 0.01, ""kalman_vertical_velocity"": -0.21}, ""chute_state"": {""pyro1_state"": 0, ""pyro2_state"": 0}, ""connection_status"": {""connected"": true, ""has_ever_connected"": true, ""packet_age_ms"": 0, ""timeout_exceeded"": false, ""rssi"": -42}, ""communication_mode"": ""BLUETOOTH-SIMULATED"", ""timestamp"": 54396, ""packets_received"": 437, ""kalman_data"": {""altitude"": 0.01, ""vertical_velocity"": -0.21}, ""kalman_altitude"": 0.01, ""kalman_vertical_velocity"": -0.21, ""pyroDrogue"": 0, ""pyroMain"": 0, ""pyro1_state"": 0, ""pyro2_state"": 0}"
1768244376.963404,2026-01-12T21:59:36.963404,0,0,0,-0.77,-0.2,0.49,-36.1,-2.9,-3,4.7,-3.3,-1.2921,36.8219,1662.3,54509,858.08,26.8,0,0,0,0,14.8,-50,0.39,0.08,BLUETOOTH-SIMULATED,"{""record_number"": 0, ""operation_mode"": 0, ""state"": 0, ""battery_voltage"": 14.8, ""wifi_rssi"": -50, ""acc_data"": {""ax"": -0.77, ""ay"": -0.2, ""az"": 0.49, ""pitch"": -36.1, ""roll"": -2.9}, ""gyro_data"": {""gx"": -3, ""gy"": 4.7, ""gz"": -3.3}, ""gps_data"": {""latitude"": -1.2921, ""longitude"": 36.8219, ""gps_altitude"": 1662.3, ""time"": 54509}, ""alt_data"": {""pressure"": 858.08, ""temperature"": 26.8, ""AGL"": 0, ""velocity"": 0, ""kalman_altitude"": 0.39, ""kalman_vertical_velocity"": 0.08}, ""chute_state"": {""pyro1_state"": 0, ""pyro2_state"": 0}, ""connection_status"": {""connected"": true, ""has_ever_connected"": true, ""packet_age_ms"": 0, ""timeout_exceeded"": false, ""rssi"": -50}, ""communication_mode"": ""BLUETOOTH-SIMULATED"", ""timestamp"": 54509, ""packets_received"": 438, ""kalman_data"": {""altitude"": 0.39, ""vertical_velocity"": 0.08}, ""kalman_altitude"": 0.39, ""kalman_vertical_velocity"": 0.08, ""pyroDrogue"": 0, ""pyroMain"": 0, ""pyro1_state"": 0, ""pyro2_state"": 0}"
1768244377.048405,2026-01-12T21:59:37.048405,0,0,0,-0.65,-0.16,0.75,-36.3,-2.5,4.6,-0.2,1.4,-1.2921,36.8219,1664,54622,857.92,26.5,0,0,0,0,14.8,-44,-0.17,0.2,BLUETOOTH-SIMULATED,"{""record_number"": 0, ""operation_mode"": 0, ""state"": 0, ""battery_voltage"": 14.8, ""wifi_rssi"": -44, ""acc_data"": {""ax"": -0.65, ""ay"": -0.16, ""az"": 0.75, ""pitch"": -36.3, ""roll"": -2.5}, ""gyro_data"": {""gx"": 4.6, ""gy"": -0.2, ""gz"": 1.4}, ""gps_data"": {""latitude"": -1.2921, ""longitude"": 36.8219, ""gps_altitude"": 1664, ""time"": 54622}, ""alt_data"": {""pressure"": 857.92, ""temperature"": 26.5, ""AGL"": 0, ""velocity"": 0, ""kalman_altitude"": -0.17, ""kalman_vertical_velocity"": 0.2}, ""chute_state"": {""pyro1_state"": 0, ""pyro2_state"": 0}, ""connection_status"": {""connected"": true, ""has_ever_connected"": true, ""packet_age_ms"": 0, ""timeout_exceeded"": false, ""rssi"": -44}, ""communication_mode"": ""BLUETOOTH-SIMULATED"", ""timestamp"": 54622, ""packets_received"": 439, ""kalman_data"": {""altitude"": -0.17, ""vertical_velocity"": 0.2}, ""kalman_altitude"": -0.17, ""kalman_vertical_velocity"": 0.2, ""pyroDrogue"": 0, ""pyroMain"": 0, ""pyro1_state"": 0, ""pyro2_state"": 0}"
1768244377.156293,2026-01-12T21:59:37.156293,0,0,0,-0.46,0.01,0.8,-35.8,-2.3,-0.1,-4.6,-3.9,-1.2921,36.8219,1663.9,54735,857.93,26.8,0,0,0,0,14.8,-43,0.41,0.07,BLUETOOTH-SIMULATED,"{""record_number"": 0, ""operation_mode"": 0, ""state"": 0, ""battery_voltage"": 14.8, ""wifi_rssi"": -43, ""acc_data"": {""ax"": -0.46, ""ay"": 0.01, ""az"": 0.8, ""pitch"": -35.8, ""roll"": -2.3}, ""gyro_data"": {""gx"": -0.1, ""gy"": -4.6, ""gz"": -3.9}, ""gps_data"": {""latitude"": -1.2921, ""longitude"": 36.8219, ""gps_altitude"": 1663.9, ""time"": 54735}, ""alt_data"": {""pressure"": 857.93, ""temperature"": 26.8, ""AGL"": 0, ""velocity"": 0, ""kalman_altitude"": 0.41, ""kalman_vertical_velocity"": 0.07}, ""chute_state"": {""pyro1_state"": 0, ""pyro2_state"": 0}, ""connection_status"": {""connected"": true, ""has_ever_connected"": true, ""packet_age_ms"": 0, ""timeout_exceeded"": false, ""rssi"": -43}, ""communication_mode"": ""BLUETOOTH-SIMULATED"", ""timestamp"": 54735, ""packets_received"": 440, ""kalman_data"": {""altitude"": 0.41, ""vertical_velocity"": 0.07}, ""kalman_altitude"": 0.41, ""kalman_vertical_velocity"": 0.07, ""pyroDrogue"": 0, ""pyroMain"": 0, ""pyro1_state"": 0, ""pyro2_state"": 0}"
1768244377.398237,2026-01-12T21:59:37.398237,0,0,0,-0.5,0.03,0.67,-35.1,-3,-2,-4.3,-3.6,-1.2921,36.8219,1660.4,54848,858.02,26.9,0,0,0,0,14.8,-46,-0.03,0.12,BLUETOOTH-SIMULATED,"{""record_number"": 0, ""operation_mode"": 0, ""state"": 0, ""battery_voltage"": 14.8, ""wifi_rssi"": -46, ""acc_data"": {""ax"": -0.5, ""ay"": 0.03, ""az"": 0.67, ""pitch"": -35.1, ""roll"": -3}, ""gyro_data"": {""gx"": -2, ""gy"": -4.3, ""gz"": -3.6}, ""gps_data"": {""latitude"": -1.2921, ""longitude"": 36.8219, ""gps_altitude"": 1660.4, ""time"": 54848}, ""alt_data"": {""pressure"": 858.02, ""temperature"": 26.9, ""AGL"": 0, ""velocity"": 0, ""kalman_altitude"": -0.03, ""kalman_vertical_velocity"": 0.12}, ""chute_state"": {""pyro1_state"": 0, ""pyro2_state"": 0}, ""connection_status"": {""connected"": true, ""has_ever_connected"": true, ""packet_age_ms"": 0, ""timeout_exceeded"": false, ""rssi"": -46}, ""communication_mode"": ""BLUETOOTH-SIMULATED"", ""timestamp"": 54848, ""packets_received"": 441, ""kalman_data"": {""altitude"": -0.03, ""vertical_velocity"": 0.12}, ""kalman_altitude"": -0.03, ""kalman_vertical_velocity"": 0.12, ""pyroDrogue"": 0, ""pyroMain"": 0, ""pyro1_state"": 0, ""pyro2_state"": 0}"
1768244377.495223,2026-01-12T21:59:37.495223,0,0,0,-0.42,0.03,0.67,-36.2,-1.7,0.5,2.5,0.1,-1.2921,36.8219,1656.8,54961,858.07,26.7,0,0,0,0,14.8,-46,-0.41,0.1,BLUETOOTH-SIMULATED,"{""record_number"": 0, ""operation_mode"": 0, ""state"": 0, ""battery_voltage"": 14.8, ""wifi_rssi"": -46, ""acc_data"": {""ax"": -0.42, ""ay"": 0.03, ""az"": 0.67, ""pitch"": -36.2, ""roll"": -1.7}, ""gyro_data"": {""gx"": 0.5, ""gy"": 2.5, ""gz"": 0.1}, ""gps_data"": {""latitude"": -1.2921, ""longitude"": 36.8219, ""gps_altitude"": 1656.8, ""time"": 54961}, ""alt_data"": {""pressure"": 858.07, ""temperature"": 26.7, ""AGL"": 0, ""velocity"": 0, ""kalman_altitude"": -0.41, ""kalman_vertical_velocity"": 0.1}, ""chute_state"": {""pyro1_state"": 0, ""pyro2_state"": 0}, ""connection_status"": {""connected"": true, ""has_ever_connected"": true, ""packet_age_ms"": 0, ""timeout_exceeded"": false, ""rssi"": -46}, ""communication_mode"": ""BLUETOOTH-SIMULATED"", ""timestamp"": 54961, ""packets_received"": 442, ""kalman_data"": {""altitude"": -0.41, ""vertical_velocity"": 0.1}, ""kalman_altitude"": -0.41, ""kalman_vertical_velocity"": 0.1, ""pyroDrogue"": 0, ""pyroMain"": 0, ""pyro1_state"": 0, ""pyro2_state"": 0}"
1768244377.553224,2026-01-12T21:59:37.553224,0,0,0,-0.69,0.07,0.74,-36.1,-1.4,0.3,-4.9,4,-1.2921,36.8219,1661.2,55074,858.04,26.2,0,0,0,0,14.8,-41,0.39,0.28,BLUETOOTH-SIMULATED,"{""record_number"": 0, ""operation_mode"": 0, ""state"": 0, ""battery_voltage"": 14.8, ""wifi_rssi"": -41, ""acc_data"": {""ax"": -0.69, ""ay"": 0.07, ""az"": 0.74, ""pitch"": -36.1, ""roll"": -1.4}, ""gyro_data"": {""gx"": 0.3, ""gy"": -4.9, ""gz"": 4}, ""gps_data"": {""latitude"": -1.2921, ""longitude"": 36.8219, ""gps_altitude"": 1661.2, ""time"": 55074}, ""alt_data"": {""pressure"": 858.04, ""temperature"": 26.2, ""AGL"": 0, ""velocity"": 0, ""kalman_altitude"": 0.39, ""kalman_vertical_velocity"": 0.28}, ""chute_state"": {""pyro1_state"": 0, ""pyro2_state"": 0}, ""connection_status"": {""connected"": true, ""has_ever_connected"": true, ""packet_age_ms"": 0, ""timeout_exceeded"": false, ""rssi"": -41}, ""communication_mode"": ""BLUETOOTH-SIMULATED"", ""timestamp"": 55074, ""packets_received"": 443, ""kalman_data"": {""altitude"": 0.39, ""vertical_velocity"": 0.28}, ""kalman_altitude"": 0.39, ""kalman_vertical_velocity"": 0.28, ""pyroDrogue"": 0, ""pyroMain"": 0, ""pyro1_state"": 0, ""pyro2_state"": 0}"
1768244377.654223,2026-01-12T21:59:37.654223,0,0,0,-0.56,-0.18,0.71,-35.8,-2.8,4.3,-3,4.2,-1.2921,36.8219,1658.4,55187,857.96,26.7,0,0,0,0,14.8,-41,-0.19,0.01,BLUETOOTH-SIMULATED,"{""record_number"": 0, ""operation_mode"": 0, ""state"": 0, ""battery_voltage"": 14.8, ""wifi_rssi"": -41, ""acc_data"": {""ax"": -0.56, ""ay"": -0.18, ""az"": 0.71, ""pitch"": -35.8, ""roll"": -2.8}, ""gyro_data"": {""gx"": 4.3, ""gy"": -3, ""gz"": 4.2}, ""gps_data"": {""latitude"": -1.2921, ""longitude"": 36.8219, ""gps_altitude"": 1658.4, ""time"": 55187}, ""alt_data"": {""pressure"": 857.96, ""temperature"": 26.7, ""AGL"": 0, ""velocity"": 0, ""kalman_altitude"": -0.19, ""kalman_vertical_velocity"": 0.01}, ""chute_state"": {""pyro1_state"": 0, ""pyro2_state"": 0}, ""connection_status"": {""connected"": true, ""has_ever_connected"": true, ""packet_age_ms"": 0, ""timeout_exceeded"": false, ""rssi"": -41}, ""communication_mode"": ""BLUETOOTH-SIMULATED"", ""timestamp"": 55187, ""packets_received"": 444, ""kalman_data"": {""altitude"": -0.19, ""vertical_velocity"": 0.01}, ""kalman_altitude"": -0.19, ""kalman_vertical_velocity"": 0.01, ""pyroDrogue"": 0, ""pyroMain"": 0, ""pyro1_state"": 0, ""pyro2_state"": 0}"
1768244377.743223,2026-01-12T21:59:37.743223,0,0,0,-0.55,-0.02,0.67,-36.4,-1.7,-3.8,-2.3,-4.2,-1.2921,36.8219,1662.5,55300,858.06,26.8,0,0,0,0,14.8,-42,0.21,0.21,BLUETOOTH-SIMULATED,"{""record_number"": 0, ""operation_mode"": 0, ""state"": 0, ""battery_voltage"": 14.8, ""wifi_rssi"": -42, ""acc_data"": {""ax"": -0.55, ""ay"": -0.02, ""az"": 0.67, ""pitch"": -36.4, ""roll"": -1.7}, ""gyro_data"": {""gx"": -3.8, ""gy"": -2.3, ""gz"": -4.2}, ""gps_data"": {""latitude"": -1.2921, ""longitude"": 36.8219, ""gps_altitude"": 1662.5, ""time"": 55300}, ""alt_data"": {""pressure"": 858.06, ""temperature"": 26.8, ""AGL"": 0, ""velocity"": 0, ""kalman_altitude"": 0.21, ""kalman_vertical_velocity"": 0.21}, ""chute_state"": {""pyro1_state"": 0, ""pyro2_state"": 0}, ""connection_status"": {""connected"": true, ""has_ever_connected"": true, ""packet_age_ms"": 0, ""timeout_exceeded"": false, ""rssi"": -42}, ""communication_mode"": ""BLUETOOTH-SIMULATED"", ""timestamp"": 55300, ""packets_received"": 445, ""kalman_data"": {""altitude"": 0.21, ""vertical_velocity"": 0.21}, ""kalman_altitude"": 0.21, ""kalman_vertical_velocity"": 0.21, ""pyroDrogue"": 0, ""pyroMain"": 0, ""pyro1_state"": 0, ""pyro2_state"": 0}"
1768244377.862609,2026-01-12T21:59:37.862609,0,0,0,-0.56,0.04,0.87,-36.7,-1.5,-3.9,-3.8,1.5,-1.2921,36.8219,1660.8,55413,858.03,26.5,0,0,0,0,14.8,-42,0.14,0.13,BLUETOOTH-SIMULATED,"{""record_number"": 0, ""operation_mode"": 0, ""state"": 0, ""battery_voltage"": 14.8, ""wifi_rssi"": -42, ""acc_data"": {""ax"": -0.56, ""ay"": 0.04, ""az"": 0.87, ""pitch"": -36.7, ""roll"": -1.5}, ""gyro_data"": {""gx"": -3.9, ""gy"": -3.8, ""gz"": 1.5}, ""gps_data"": {""latitude"": -1.2921, ""longitude"": 36.8219, ""gps_altitude"": 1660.8, ""time"": 55413}, ""alt_data"": {""pressure"": 858.03, ""temperature"": 26.5, ""AGL"": 0, ""velocity"": 0, ""kalman_altitude"": 0.14, ""kalman_vertical_velocity"": 0.13}, ""chute_state"": {""pyro1_state"": 0, ""pyro2_state"": 0}, ""connection_status"": {""connected"": true, ""has_ever_connected"": true, ""packet_age_ms"": 0, ""timeout_exceeded"": false, ""rssi"": -42}, ""communication_mode"": ""BLUETOOTH-SIMULATED"", ""timestamp"": 55413, ""packets_received"": 446, ""kalman_data"": {""altitude"": 0.14, ""vertical_velocity"": 0.13}, ""kalman_altitude"": 0.14, ""kalman_vertical_velocity"": 0.13, ""pyroDrogue"": 0, ""pyroMain"": 0, ""pyro1_state"": 0, ""pyro2_state"": 0}"
1768244378.048673,2026-01-12T21:59:38.048673,0,0,0,-0.75,0.04,0.7,-35.1,-2.4,3.3,-2,-2.4,-1.2921,36.8219,1656.6,55526,857.97,26.3,0,0,0,0,14.8,-49,-0.46,0.03,BLUETOOTH-SIMULATED,"{""record_number"": 0, ""operation_mode"": 0, ""state"": 0, ""battery_voltage"": 14.8, ""wifi_rssi"": -49, ""acc_data"": {""ax"": -0.75, ""ay"": 0.04, ""az"": 0.7, ""pitch"": -35.1, ""roll"": -2.4}, ""gyro_data"": {""gx"": 3.3, ""gy"": -2, ""gz"": -2.4}, ""gps_data"": {""latitude"": -1.2921, ""longitude"": 36.8219, ""gps_altitude"": 1656.6, ""time"": 55526}, ""alt_data"": {""pressure"": 857.97, ""temperature"": 26.3, ""AGL"": 0, ""velocity"": 0, ""kalman_altitude"": -0.46, ""kalman_vertical_velocity"": 0.03}, ""chute_state"": {""pyro1_state"": 0, ""pyro2_state"": 0}, ""connection_status"": {""connected"": true, ""has_ever_connected"": true, ""packet_age_ms"": 0, ""timeout_exceeded"": false, ""rssi"": -49}, ""communication_mode"": ""BLUETOOTH-SIMULATED"", ""timestamp"": 55526, ""packets_received"": 447, ""kalman_data"": {""altitude"": -0.46, ""vertical_velocity"": 0.03}, ""kalman_altitude"": -0.46, ""kalman_vertical_velocity"": 0.03, ""pyroDrogue"": 0, ""pyroMain"": 0, ""pyro1_state"": 0, ""pyro2_state"": 0}"
1768244378.126677,2026-01-12T21:59:38.126677,0,0,0,-0.47,-0.18,0.65,-36.1,-2,4.7,-4.8,4.5,-1.2921,36.8219,1656.9,55639,857.99,26.6,0,0,0,0,14.8,-47,-0.29,-0.16,BLUETOOTH-SIMULATED,"{""record_number"": 0, ""operation_mode"": 0, ""state"": 0, ""battery_voltage"": 14.8, ""wifi_rssi"": -47, ""acc_data"": {""ax"": -0.47, ""ay"": -0.18, ""az"": 0.65, ""pitch"": -36.1, ""roll"": -2}, ""gyro_data"": {""gx"": 4.7, ""gy"": -4.8, ""gz"": 4.5}, ""gps_data"": {""latitude"": -1.2921, ""longitude"": 36.8219, ""gps_altitude"": 1656.9, ""time"": 55639}, ""alt_data"": {""pressure"": 857.99, ""temperature"": 26.6, ""AGL"": 0, ""velocity"": 0, ""kalman_altitude"": -0.29, ""kalman_vertical_velocity"": -0.16}, ""chute_state"": {""pyro1_state"": 0, ""pyro2_state"": 0}, ""connection_status"": {""connected"": true, ""has_ever_connected"": true, ""packet_age_ms"": 0, ""timeout_exceeded"": false, ""rssi"": -47}, ""communication_mode"": ""BLUETOOTH-SIMULATED"", ""timestamp"": 55639, ""packets_received"": 448, ""kalman_data"": {""altitude"": -0.29, ""vertical_velocity"": -0.16}, ""kalman_altitude"": -0.29, ""kalman_vertical_velocity"": -0.16, ""pyroDrogue"": 0, ""pyroMain"": 0, ""pyro1_state"": 0, ""pyro2_state"": 0}"
1768244378.176673,2026-01-12T21:59:38.176673,0,0,0,-0.53,0.05,0.52,-36.4,-3,3.7,1.8,-0.1,-1.2921,36.8219,1656.1,55752,857.91,26.7,0,0,0,0,14.8,-46,-0.22,0.23,BLUETOOTH-SIMULATED,"{""record_number"": 0, ""operation_mode"": 0, ""state"": 0, ""battery_voltage"": 14.8, ""wifi_rssi"": -46, ""acc_data"": {""ax"": -0.53, ""ay"": 0.05, ""az"": 0.52, ""pitch"": -36.4, ""roll"": -3}, ""gyro_data"": {""gx"": 3.7, ""gy"": 1.8, ""gz"": -0.1}, ""gps_data"": {""latitude"": -1.2921, ""longitude"": 36.8219, ""gps_altitude"": 1656.1, ""time"": 55752}, ""alt_data"": {""pressure"": 857.91, ""temperature"": 26.7, ""AGL"": 0, ""velocity"": 0, ""kalman_altitude"": -0.22, ""kalman_vertical_velocity"": 0.23}, ""chute_state"": {""pyro1_state"": 0, ""pyro2_state"": 0}, ""connection_status"": {""connected"": true, ""has_ever_connected"": true, ""packet_age_ms"": 0, ""timeout_exceeded"": false, ""rssi"": -46}, ""communication_mode"": ""BLUETOOTH-SIMULATED"", ""timestamp"": 55752, ""packets_received"": 449, ""kalman_data"": {""altitude"": -0.22, ""vertical_velocity"": 0.23}, ""kalman_altitude"": -0.22, ""kalman_vertical_velocity"": 0.23, ""pyroDrogue"": 0, ""pyroMain"": 0, ""pyro1_state"": 0, ""pyro2_state"": 0}"
1768244378.300198,2026-01-12T21:59:38.300198,0,0,0,-0.73,-0.13,0.55,-35.5,-1.3,-3.7,0.2,-3.1,-1.2921,36.8219,1663.8,55865,858.02,26.4,0,0,0,0,14.8,-41,0.4,0.11,BLUETOOTH-SIMULATED,"{""record_number"": 0, ""operation_mode"": 0, ""state"": 0, ""battery_voltage"": 14.8, ""wifi_rssi"": -41, ""acc_data"": {""ax"": -0.73, ""ay"": -0.13, ""az"": 0.55, ""pitch"": -35.5, ""roll"": -1.3}, ""gyro_data"": {""gx"": -3.7, ""gy"": 0.2, ""gz"": -3.1}, ""gps_data"": {""latitude"": -1.2921, ""longitude"": 36.8219, ""gps_altitude"": 1663.8, ""time"": 55865}, ""alt_data"": {""pressure"": 858.02, ""temperature"": 26.4, ""AGL"": 0, ""velocity"": 0, ""kalman_altitude"": 0.4, ""kalman_vertical_velocity"": 0.11}, ""chute_state"": {""pyro1_state"": 0, ""pyro2_state"": 0}, ""connection_status"": {""connected"": true, ""has_ever_connected"": true, ""packet_age_ms"": 0, ""timeout_exceeded"": false, ""rssi"": -41}, ""communication_mode"": ""BLUETOOTH-SIMULATED"", ""timestamp"": 55865, ""packets_received"": 450, ""kalman_data"": {""altitude"": 0.4, ""vertical_velocity"": 0.11}, ""kalman_altitude"": 0.4, ""kalman_vertical_velocity"": 0.11, ""pyroDrogue"": 0, ""pyroMain"": 0, ""pyro1_state"": 0, ""pyro2_state"": 0}"
1768244378.403957,2026-01-12T21:59:38.403957,0,0,0,-0.61,-0.06,0.85,-37,-2.4,-1.2,3.2,0.1,-1.2921,36.8219,1661.5,55978,857.94,26.5,0,0,0,0,14.8,-50,0.35,0.08,BLUETOOTH-SIMULATED,"{""record_number"": 0, ""operation_mode"": 0, ""state"": 0, ""battery_voltage"": 14.8, ""wifi_rssi"": -50, ""acc_data"": {""ax"": -0.61, ""ay"": -0.06, ""az"": 0.85, ""pitch"": -37, ""roll"": -2.4}, ""gyro_data"": {""gx"": -1.2, ""gy"": 3.2, ""gz"": 0.1}, ""gps_data"": {""latitude"": -1.2921, ""longitude"": 36.8219, ""gps_altitude"": 1661.5, ""time"": 55978}, ""alt_data"": {""pressure"": 857.94, ""temperature"": 26.5, ""AGL"": 0, ""velocity"": 0, ""kalman_altitude"": 0.35, ""kalman_vertical_velocity"": 0.08}, ""chute_state"": {""pyro1_state"": 0, ""pyro2_state"": 0}, ""connection_status"": {""connected"": true, ""has_ever_connected"": true, ""packet_age_ms"": 0, ""timeout_exceeded"": false, ""rssi"": -50}, ""communication_mode"": ""BLUETOOTH-SIMULATED"", ""timestamp"": 55978, ""packets_received"": 451, ""kalman_data"": {""altitude"": 0.35, ""vertical_velocity"": 0.08}, ""kalman_altitude"": 0.35, ""kalman_vertical_velocity"": 0.08, ""pyroDrogue"": 0, ""pyroMain"": 0, ""pyro1_state"": 0, ""pyro2_state"": 0}"
1768244378.517039,2026-01-12T21:59:38.517039,0,0,0,-0.57,-0.21,0.6,-36.9,-1.2,0.8,-1.2,-3.5,-1.2921,36.8219,1665.4,56091,858.03,26.3,0,0,0,0,14.8,-45,-0.29,-0.15,BLUETOOTH-SIMULATED,"{""record_number"": 0, ""operation_mode"": 0, ""state"": 0, ""battery_voltage"": 14.8, ""wifi_rssi"": -45, ""acc_data"": {""ax"": -0.57, ""ay"": -0.21, ""az"": 0.6, ""pitch"": -36.9, ""roll"": -1.2}, ""gyro_data"": {""gx"": 0.8, ""gy"": -1.2, ""gz"": -3.5}, ""gps_data"": {""latitude"": -1.2921, ""longitude"": 36.8219, ""gps_altitude"": 1665.4, ""time"": 56091}, ""alt_data"": {""pressure"": 858.03, ""temperature"": 26.3, ""AGL"": 0, ""velocity"": 0, ""kalman_altitude"": -0.29, ""kalman_vertical_velocity"": -0.15}, ""chute_state"": {""pyro1_state"": 0, ""pyro2_state"": 0}, ""connection_status"": {""connected"": true, ""has_ever_connected"": true, ""packet_age_ms"": 0, ""timeout_exceeded"": false, ""rssi"": -45}, ""communication_mode"": ""BLUETOOTH-SIMULATED"", ""timestamp"": 56091, ""packets_received"": 452, ""kalman_data"": {""altitude"": -0.29, ""vertical_velocity"": -0.15}, ""kalman_altitude"": -0.29, ""kalman_vertical_velocity"": -0.15, ""pyroDrogue"": 0, ""pyroMain"": 0, ""pyro1_state"": 0, ""pyro2_state"": 0}"
1768244378.622039,2026-01-12T21:59:38.622039,0,0,0,-0.45,-0.04,0.88,-36.5,-1.4,-0.8,4.3,-1.6,-1.2921,36.8219,1656.7,56204,858.01,27,0,0,0,0,14.8,-47,0.13,-0.24,BLUETOOTH-SIMULATED,"{""record_number"": 0, ""operation_mode"": 0, ""state"": 0, ""battery_voltage"": 14.8, ""wifi_rssi"": -47, ""acc_data"": {""ax"": -0.45, ""ay"": -0.04, ""az"": 0.88, ""pitch"": -36.5, ""roll"": -1.4}, ""gyro_data"": {""gx"": -0.8, ""gy"": 4.3, ""gz"": -1.6}, ""gps_data"": {""latitude"": -1.2921, ""longitude"": 36.8219, ""gps_altitude"": 1656.7, ""time"": 56204}, ""alt_data"": {""pressure"": 858.01, ""temperature"": 27, ""AGL"": 0, ""velocity"": 0, ""kalman_altitude"": 0.13, ""kalman_vertical_velocity"": -0.24}, ""chute_state"": {""pyro1_state"": 0, ""pyro2_state"": 0}, ""connection_status"": {""connected"": true, ""has_ever_connected"": true, ""packet_age_ms"": 0, ""timeout_exceeded"": false, ""rssi"": -47}, ""communication_mode"": ""BLUETOOTH-SIMULATED"", ""timestamp"": 56204, ""packets_received"": 453, ""kalman_data"": {""altitude"": 0.13, ""vertical_velocity"": -0.24}, ""kalman_altitude"": 0.13, ""kalman_vertical_velocity"": -0.24, ""pyroDrogue"": 0, ""pyroMain"": 0, ""pyro1_state"": 0, ""pyro2_state"": 0}"
1768244378.771042,2026-01-12T21:59:38.771042,0,0,0,-0.59,-0.11,0.67,-36.2,-1.6,-1.6,-1.1,-0.3,-1.2921,36.8219,1664.5,56317,858.08,26.4,0,0,0,0,14.8,-41,-0.48,0.22,BLUETOOTH-SIMULATED,"{""record_number"": 0, ""operation_mode"": 0, ""state"": 0, ""battery_voltage"": 14.8, ""wifi_rssi"": -41, ""acc_data"": {""ax"": -0.59, ""ay"": -0.11, ""az"": 0.67, ""pitch"": -36.2, ""roll"": -1.6}, ""gyro_data"": {""gx"": -1.6, ""gy"": -1.1, ""gz"": -0.3}, ""gps_data"": {""latitude"": -1.2921, ""longitude"": 36.8219, ""gps_altitude"": 1664.5, ""time"": 56317}, ""alt_data"": {""pressure"": 858.08, ""temperature"": 26.4, ""AGL"": 0, ""velocity"": 0, ""kalman_altitude"": -0.48, ""kalman_vertical_velocity"": 0.22}, ""chute_state"": {""pyro1_state"": 0, ""pyro2_state"": 0}, ""connection_status"": {""connected"": true, ""has_ever_connected"": true, ""packet_age_ms"": 0, ""timeout_exceeded"": false, ""rssi"": -41}, ""communication_mode"": ""BLUETOOTH-SIMULATED"", ""timestamp"": 56317, ""packets_received"": 454, ""kalman_data"": {""altitude"": -0.48, ""vertical_velocity"": 0.22}, ""kalman_altitude"": -0.48, ""kalman_vertical_velocity"": 0.22, ""pyroDrogue"": 0, ""pyroMain"": 0, ""pyro1_state"": 0, ""pyro2_state"": 0}"
1768244378.853042,2026-01-12T21:59:38.853042,0,0,0,-0.78,0.12,0.65,-35.2,-1.3,-3.4,-1.9,-3.4,-1.2921,36.8219,1664,56430,858.05,26.2,0,0,0,0,14.8,-41,0.29,-0.13,BLUETOOTH-SIMULATED,"{""record_number"": 0, ""operation_mode"": 0, ""state"": 0, ""battery_voltage"": 14.8, ""wifi_rssi"": -41, ""acc_data"": {""ax"": -0.78, ""ay"": 0.12, ""az"": 0.65, ""pitch"": -35.2, ""roll"": -1.3}, ""gyro_data"": {""gx"": -3.4, ""gy"": -1.9, ""gz"": -3.4}, ""gps_data"": {""latitude"": -1.2921, ""longitude"": 36.8219, ""gps_altitude"": 1664, ""time"": 56430}, ""alt_data"": {""pressure"": 858.05, ""temperature"": 26.2, ""AGL"": 0, ""velocity"": 0, ""kalman_altitude"": 0.29, ""kalman_vertical_velocity"": -0.13}, ""chute_state"": {""pyro1_state"": 0, ""pyro2_state"": 0}, ""connection_status"": {""connected"": true, ""has_ever_connected"": true, ""packet_age_ms"": 0, ""timeout_exceeded"": false, ""rssi"": -41}, ""communication_mode"": ""BLUETOOTH-SIMULATED"", ""timestamp"": 56430, ""packets_received"": 455, ""kalman_data"": {""altitude"": 0.29, ""vertical_velocity"": -0.13}, ""kalman_altitude"": 0.29, ""kalman_vertical_velocity"": -0.13, ""pyroDrogue"": 0, ""pyroMain"": 0, ""pyro1_state"": 0, ""pyro2_state"": 0}"
1768244378.959678,2026-01-12T21:59:38.959678,0,0,0,-0.74,0.17,0.67,-35.9,-1.4,-4.6,2.7,-1.4,-1.2921,36.8219,1659.4,56543,858.01,26.5,0,0,0,0,14.8,-41,0.44,-0.13,BLUETOOTH-SIMULATED,"{""record_number"": 0, ""operation_mode"": 0, ""state"": 0, ""battery_voltage"": 14.8, ""wifi_rssi"": -41, ""acc_data"": {""ax"": -0.74, ""ay"": 0.17, ""az"": 0.67, ""pitch"": -35.9, ""roll"": -1.4}, ""gyro_data"": {""gx"": -4.6, ""gy"": 2.7, ""gz"": -1.4}, ""gps_data"": {""latitude"": -1.2921, ""longitude"": 36.8219, ""gps_altitude"": 1659.4, ""time"": 56543}, ""alt_data"": {""pressure"": 858.01, ""temperature"": 26.5, ""AGL"": 0, ""velocity"": 0, ""kalman_altitude"": 0.44, ""kalman_vertical_velocity"": -0.13}, ""chute_state"": {""pyro1_state"": 0, ""pyro2_state"": 0}, ""connection_status"": {""connected"": true, ""has_ever_connected"": true, ""packet_age_ms"": 0, ""timeout_exceeded"": false, ""rssi"": -41}, ""communication_mode"": ""BLUETOOTH-SIMULATED"", ""timestamp"": 56543, ""packets_received"": 456, ""kalman_data"": {""altitude"": 0.44, ""vertical_velocity"": -0.13}, ""kalman_altitude"": 0.44, ""kalman_vertical_velocity"": -0.13, ""pyroDrogue"": 0, ""pyroMain"": 0, ""pyro1_state"": 0, ""pyro2_state"": 0}"
1768244379.085678,2026-01-12T21:59:39.085678,0,0,0,-0.63,0.04,0.72,-35.2,-1.8,0.4,0,-1.3,-1.2921,36.8219,1663.3,56656,858.05,26.7,0,0,0,0,14.8,-45,0.45,-0.15,BLUETOOTH-SIMULATED,"{""record_number"": 0, ""operation_mode"": 0, ""state"": 0, ""battery_voltage"": 14.8, ""wifi_rssi"": -45, ""acc_data"": {""ax"": -0.63, ""ay"": 0.04, ""az"": 0.72, ""pitch"": -35.2, ""roll"": -1.8}, ""gyro_data"": {""gx"": 0.4, ""gy"": 0, ""gz"": -1.3}, ""gps_data"": {""latitude"": -1.2921, ""longitude"": 36.8219, ""gps_altitude"": 1663.3, ""time"": 56656}, ""alt_data"": {""pressure"": 858.05, ""temperature"": 26.7, ""AGL"": 0, ""velocity"": 0, ""kalman_altitude"": 0.45, ""kalman_vertical_velocity"": -0.15}, ""chute_state"": {""pyro1_state"": 0, ""pyro2_state"": 0}, ""connection_status"": {""connected"": true, ""has_ever_connected"": true, ""packet_age_ms"": 0, ""timeout_exceeded"": false, ""rssi"": -45}, ""communication_mode"": ""BLUETOOTH-SIMULATED"", ""timestamp"": 56656, ""packets_received"": 457, ""kalman_data"": {""altitude"": 0.45, ""vertical_velocity"": -0.15}, ""kalman_altitude"": 0.45, ""kalman_vertical_velocity"": -0.15, ""pyroDrogue"": 0, ""pyroMain"": 0, ""pyro1_state"": 0, ""pyro2_state"": 0}"
1768244379.188705,2026-01-12T21:59:39.188705,0,0,0,-0.54,0.04,0.66,-37,-1.5,-4.2,-2.4,-0.6,-1.2921,36.8219,1661.7,56769,857.97,26.3,0,0,0,0,14.8,-43,0.21,-0.07,BLUETOOTH-SIMULATED,"{""record_number"": 0, ""operation_mode"": 0, ""state"": 0, ""battery_voltage"": 14.8, ""wifi_rssi"": -43, ""acc_data"": {""ax"": -0.54, ""ay"": 0.04, ""az"": 0.66, ""pitch"": -37, ""roll"": -1.5}, ""gyro_data"": {""gx"": -4.2, ""gy"": -2.4, ""gz"": -0.6}, ""gps_data"": {""latitude"": -1.2921, ""longitude"": 36.8219, ""gps_altitude"": 1661.7, ""time"": 56769}, ""alt_data"": {""pressure"": 857.97, ""temperature"": 26.3, ""AGL"": 0, ""velocity"": 0, ""kalman_altitude"": 0.21, ""kalman_vertical_velocity"": -0.07}, ""chute_state"": {""pyro1_state"": 0, ""pyro2_state"": 0}, ""connection_status"": {""connected"": true, ""has_ever_connected"": true, ""packet_age_ms"": 0, ""timeout_exceeded"": false, ""rssi"": -43}, ""communication_mode"": ""BLUETOOTH-SIMULATED"", ""timestamp"": 56769, ""packets_received"": 458, ""kalman_data"": {""altitude"": 0.21, ""vertical_velocity"": -0.07}, ""kalman_altitude"": 0.21, ""kalman_vertical_velocity"": -0.07, ""pyroDrogue"": 0, ""pyroMain"": 0, ""pyro1_state"": 0, ""pyro2_state"": 0}"
1768244379.319257,2026-01-12T21:59:39.319257,0,0,0,-0.6,-0.03,0.85,-36.2,-2.8,2,0.4,-3.1,-1.2921,36.8219,1659.3,56882,857.91,26.9,0,0,0,0,14.8,-45,-0.16,-0.1,BLUETOOTH-SIMULATED,"{""record_number"": 0, ""operation_mode"": 0, ""state"": 0, ""battery_voltage"": 14.8, ""wifi_rssi"": -45, ""acc_data"": {""ax"": -0.6, ""ay"": -0.03, ""az"": 0.85, ""pitch"": -36.2, ""roll"": -2.8}, ""gyro_data"": {""gx"": 2, ""gy"": 0.4, ""gz"": -3.1}, ""gps_data"": {""latitude"": -1.2921, ""longitude"": 36.8219, ""gps_altitude"": 1659.3, ""time"": 56882}, ""alt_data"": {""pressure"": 857.91, ""temperature"": 26.9, ""AGL"": 0, ""velocity"": 0, ""kalman_altitude"": -0.16, ""kalman_vertical_velocity"": -0.1}, ""chute_state"": {""pyro1_state"": 0, ""pyro2_state"": 0}, ""connection_status"": {""connected"": true, ""has_ever_connected"": true, ""packet_age_ms"": 0, ""timeout_exceeded"": false, ""rssi"": -45}, ""communication_mode"": ""BLUETOOTH-SIMULATED"", ""timestamp"": 56882, ""packets_received"": 459, ""kalman_data"": {""altitude"": -0.16, ""vertical_velocity"": -0.1}, ""kalman_altitude"": -0.16, ""kalman_vertical_velocity"": -0.1, ""pyroDrogue"": 0, ""pyroMain"": 0, ""pyro1_state"": 0, ""pyro2_state"": 0}"
1768244379.491765,2026-01-12T21:59:39.491765,0,0,0,-0.72,0.12,0.5,-36.8,-1.6,-2.5,4.6,1.1,-1.2921,36.8219,1658.6,56995,858.05,26.2,0,0,0,0,14.8,-47,-0.33,0.21,BLUETOOTH-SIMULATED,"{""record_number"": 0, ""operation_mode"": 0, ""state"": 0, ""battery_voltage"": 14.8, ""wifi_rssi"": -47, ""acc_data"": {""ax"": -0.72, ""ay"": 0.12, ""az"": 0.5, ""pitch"": -36.8, ""roll"": -1.6}, ""gyro_data"": {""gx"": -2.5, ""gy"": 4.6, ""gz"": 1.1}, ""gps_data"": {""latitude"": -1.2921, ""longitude"": 36.8219, ""gps_altitude"": 1658.6, ""time"": 56995}, ""alt_data"": {""pressure"": 858.05, ""temperature"": 26.2, ""AGL"": 0, ""velocity"": 0, ""kalman_altitude"": -0.33, ""kalman_vertical_velocity"": 0.21}, ""chute_state"": {""pyro1_state"": 0, ""pyro2_state"": 0}, ""connection_status"": {""connected"": true, ""has_ever_connected"": true, ""packet_age_ms"": 0, ""timeout_exceeded"": false, ""rssi"": -47}, ""communication_mode"": ""BLUETOOTH-SIMULATED"", ""timestamp"": 56995, ""packets_received"": 460, ""kalman_data"": {""altitude"": -0.33, ""vertical_velocity"": 0.21}, ""kalman_altitude"": -0.33, ""kalman_vertical_velocity"": 0.21, ""pyroDrogue"": 0, ""pyroMain"": 0, ""pyro1_state"": 0, ""pyro2_state"": 0}"
1768244379.59176,2026-01-12T21:59:39.591760,0,0,0,-0.52,0.14,0.85,-35.7,-2,0.6,3.1,2.6,-1.2921,36.8219,1660.7,57108,857.99,26.5,0,0,0,0,14.8,-46,-0.44,0.01,BLUETOOTH-SIMULATED,"{""record_number"": 0, ""operation_mode"": 0, ""state"": 0, ""battery_voltage"": 14.8, ""wifi_rssi"": -46, ""acc_data"": {""ax"": -0.52, ""ay"": 0.14, ""az"": 0.85, ""pitch"": -35.7, ""roll"": -2}, ""gyro_data"": {""gx"": 0.6, ""gy"": 3.1, ""gz"": 2.6}, ""gps_data"": {""latitude"": -1.2921, ""longitude"": 36.8219, ""gps_altitude"": 1660.7, ""time"": 57108}, ""alt_data"": {""pressure"": 857.99, ""temperature"": 26.5, ""AGL"": 0, ""velocity"": 0, ""kalman_altitude"": -0.44, ""kalman_vertical_velocity"": 0.01}, ""chute_state"": {""pyro1_state"": 0, ""pyro2_state"": 0}, ""connection_status"": {""connected"": true, ""has_ever_connected"": true, ""packet_age_ms"": 0, ""timeout_exceeded"": false, ""rssi"": -46}, ""communication_mode"": ""BLUETOOTH-SIMULATED"", ""timestamp"": 57108, ""packets_received"": 461, ""kalman_data"": {""altitude"": -0.44, ""vertical_velocity"": 0.01}, ""kalman_altitude"": -0.44, ""kalman_vertical_velocity"": 0.01, ""pyroDrogue"": 0, ""pyroMain"": 0, ""pyro1_state"": 0, ""pyro2_state"": 0}"
1768244379.678761,2026-01-12T21:59:39.678761,0,0,0,-0.56,-0.04,0.85,-35.3,-1.6,-0.8,-3.5,-3.5,-1.2921,36.8219,1663.8,57221,857.9,26.2,0,0,0,0,14.8,-48,0.45,-0.09,BLUETOOTH-SIMULATED,"{""record_number"": 0, ""operation_mode"": 0, ""state"": 0, ""battery_voltage"": 14.8, ""wifi_rssi"": -48, ""acc_data"": {""ax"": -0.56, ""ay"": -0.04, ""az"": 0.85, ""pitch"": -35.3, ""roll"": -1.6}, ""gyro_data"": {""gx"": -0.8, ""gy"": -3.5, ""gz"": -3.5}, ""gps_data"": {""latitude"": -1.2921, ""longitude"": 36.8219, ""gps_altitude"": 1663.8, ""time"": 57221}, ""alt_data"": {""pressure"": 857.9, ""temperature"": 26.2, ""AGL"": 0, ""velocity"": 0, ""kalman_altitude"": 0.45, ""kalman_vertical_velocity"": -0.09}, ""chute_state"": {""pyro1_state"": 0, ""pyro2_state"": 0}, ""connection_status"": {""connected"": true, ""has_ever_connected"": true, ""packet_age_ms"": 0, ""timeout_exceeded"": false, ""rssi"": -48}, ""communication_mode"": ""BLUETOOTH-SIMULATED"", ""timestamp"": 57221, ""packets_received"": 462, ""kalman_data"": {""altitude"": 0.45, ""vertical_velocity"": -0.09}, ""kalman_altitude"": 0.45, ""kalman_vertical_velocity"": -0.09, ""pyroDrogue"": 0, ""pyroMain"": 0, ""pyro1_state"": 0, ""pyro2_state"": 0}"
1768244379.77076,2026-01-12T21:59:39.770760,0,0,0,-0.63,-0.04,0.76,-36.7,-1.8,1.9,-2,-4.7,-1.2921,36.8219,1657.7,57334,858.05,26.5,0,0,0,0,14.8,-45,0.47,-0.03,BLUETOOTH-SIMULATED,"{""record_number"": 0, ""operation_mode"": 0, ""state"": 0, ""battery_voltage"": 14.8, ""wifi_rssi"": -45, ""acc_data"": {""ax"": -0.63, ""ay"": -0.04, ""az"": 0.76, ""pitch"": -36.7, ""roll"": -1.8}, ""gyro_data"": {""gx"": 1.9, ""gy"": -2, ""gz"": -4.7}, ""gps_data"": {""latitude"": -1.2921, ""longitude"": 36.8219, ""gps_altitude"": 1657.7, ""time"": 57334}, ""alt_data"": {""pressure"": 858.05, ""temperature"": 26.5, ""AGL"": 0, ""velocity"": 0, ""kalman_altitude"": 0.47, ""kalman_vertical_velocity"": -0.03}, ""chute_state"": {""pyro1_state"": 0, ""pyro2_state"": 0}, ""connection_status"": {""connected"": true, ""has_ever_connected"": true, ""packet_age_ms"": 0, ""timeout_exceeded"": false, ""rssi"": -45}, ""communication_mode"": ""BLUETOOTH-SIMULATED"", ""timestamp"": 57334, ""packets_received"": 463, ""kalman_data"": {""altitude"": 0.47, ""vertical_velocity"": -0.03}, ""kalman_altitude"": 0.47, ""kalman_vertical_velocity"": -0.03, ""pyroDrogue"": 0, ""pyroMain"": 0, ""pyro1_state"": 0, ""pyro2_state"": 0}"
1768244379.909762,2026-01-12T21:59:39.909762,0,0,0,-0.74,0.01,0.76,-36.7,-2.8,0.6,4,-2.5,-1.2921,36.8219,1658.2,57447,858.03,27,0,0,0,0,14.8,-44,-0.42,-0.19,BLUETOOTH-SIMULATED,"{""record_number"": 0, ""operation_mode"": 0, ""state"": 0, ""battery_voltage"": 14.8, ""wifi_rssi"": -44, ""acc_data"": {""ax"": -0.74, ""ay"": 0.01, ""az"": 0.76, ""pitch"": -36.7, ""roll"": -2.8}, ""gyro_data"": {""gx"": 0.6, ""gy"": 4, ""gz"": -2.5}, ""gps_data"": {""latitude"": -1.2921, ""longitude"": 36.8219, ""gps_altitude"": 1658.2, ""time"": 57447}, ""alt_data"": {""pressure"": 858.03, ""temperature"": 27, ""AGL"": 0, ""velocity"": 0, ""kalman_altitude"": -0.42, ""kalman_vertical_velocity"": -0.19}, ""chute_state"": {""pyro1_state"": 0, ""pyro2_state"": 0}, ""connection_status"": {""connected"": true, ""has_ever_connected"": true, ""packet_age_ms"": 0, ""timeout_exceeded"": false, ""rssi"": -44}, ""communication_mode"": ""BLUETOOTH-SIMULATED"", ""timestamp"": 57447, ""packets_received"": 464, ""kalman_data"": {""altitude"": -0.42, ""vertical_velocity"": -0.19}, ""kalman_altitude"": -0.42, ""kalman_vertical_velocity"": -0.19, ""pyroDrogue"": 0, ""pyroMain"": 0, ""pyro1_state"": 0, ""pyro2_state"": 0}"
1768244380.023084,2026-01-12T21:59:40.023084,0,0,0,-0.78,-0.16,0.85,-35.1,-2,-4.1,-2.1,-3.9,-1.2921,36.8219,1659.2,57560,857.9,26.2,0,0,0,0,14.8,-50,0.27,-0.15,BLUETOOTH-SIMULATED,"{""record_number"": 0, ""operation_mode"": 0, ""state"": 0, ""battery_voltage"": 14.8, ""wifi_rssi"": -50, ""acc_data"": {""ax"": -0.78, ""ay"": -0.16, ""az"": 0.85, ""pitch"": -35.1, ""roll"": -2}, ""gyro_data"": {""gx"": -4.1, ""gy"": -2.1, ""gz"": -3.9}, ""gps_data"": {""latitude"": -1.2921, ""longitude"": 36.8219, ""gps_altitude"": 1659.2, ""time"": 57560}, ""alt_data"": {""pressure"": 857.9, ""temperature"": 26.2, ""AGL"": 0, ""velocity"": 0, ""kalman_altitude"": 0.27, ""kalman_vertical_velocity"": -0.15}, ""chute_state"": {""pyro1_state"": 0, ""pyro2_state"": 0}, ""connection_status"": {""connected"": true, ""has_ever_connected"": true, ""packet_age_ms"": 0, ""timeout_exceeded"": false, ""rssi"": -50}, ""communication_mode"": ""BLUETOOTH-SIMULATED"", ""timestamp"": 57560, ""packets_received"": 465, ""kalman_data"": {""altitude"": 0.27, ""vertical_velocity"": -0.15}, ""kalman_altitude"": 0.27, ""kalman_vertical_velocity"": -0.15, ""pyroDrogue"": 0, ""pyroMain"": 0, ""pyro1_state"": 0, ""pyro2_state"": 0}"
1768244380.142111,2026-01-12T21:59:40.142111,0,0,0,-0.54,-0.17,0.59,-37,-2.6,4.1,1.1,-1.1,-1.2921,36.8219,1664,57673,858.07,26.6,0,0,0,0,14.8,-45,0.36,0.13,BLUETOOTH-SIMULATED,"{""record_number"": 0, ""operation_mode"": 0, ""state"": 0, ""battery_voltage"": 14.8, ""wifi_rssi"": -45, ""acc_data"": {""ax"": -0.54, ""ay"": -0.17, ""az"": 0.59, ""pitch"": -37, ""roll"": -2.6}, ""gyro_data"": {""gx"": 4.1, ""gy"": 1.1, ""gz"": -1.1}, ""gps_data"": {""latitude"": -1.2921, ""longitude"": 36.8219, ""gps_altitude"": 1664, ""time"": 57673}, ""alt_data"": {""pressure"": 858.07, ""temperature"": 26.6, ""AGL"": 0, ""velocity"": 0, ""kalman_altitude"": 0.36, ""kalman_vertical_velocity"": 0.13}, ""chute_state"": {""pyro1_state"": 0, ""pyro2_state"": 0}, ""connection_status"": {""connected"": true, ""has_ever_connected"": true, ""packet_age_ms"": 0, ""timeout_exceeded"": false, ""rssi"": -45}, ""communication_mode"": ""BLUETOOTH-SIMULATED"", ""timestamp"": 57673, ""packets_received"": 466, ""kalman_data"": {""altitude"": 0.36, ""vertical_velocity"": 0.13}, ""kalman_altitude"": 0.36, ""kalman_vertical_velocity"": 0.13, ""pyroDrogue"": 0, ""pyroMain"": 0, ""pyro1_state"": 0, ""pyro2_state"": 0}"
1768244380.238082,2026-01-12T21:59:40.238082,0,0,0,-0.46,-0.03,0.76,-36.2,-3,4.2,1.8,0.4,-1.2921,36.8219,1659.5,57786,858.09,26.8,0,0,0,0,14.8,-42,0.05,-0.09,BLUETOOTH-SIMULATED,"{""record_number"": 0, ""operation_mode"": 0, ""state"": 0, ""battery_voltage"": 14.8, ""wifi_rssi"": -42, ""acc_data"": {""ax"": -0.46, ""ay"": -0.03, ""az"": 0.76, ""pitch"": -36.2, ""roll"": -3}, ""gyro_data"": {""gx"": 4.2, ""gy"": 1.8, ""gz"": 0.4}, ""gps_data"": {""latitude"": -1.2921, ""longitude"": 36.8219, ""gps_altitude"": 1659.5, ""time"": 57786}, ""alt_data"": {""pressure"": 858.09, ""temperature"": 26.8, ""AGL"": 0, ""velocity"": 0, ""kalman_altitude"": 0.05, ""kalman_vertical_velocity"": -0.09}, ""chute_state"": {""pyro1_state"": 0, ""pyro2_state"": 0}, ""connection_status"": {""connected"": true, ""has_ever_connected"": true, ""packet_age_ms"": 0, ""timeout_exceeded"": false, ""rssi"": -42}, ""communication_mode"": ""BLUETOOTH-SIMULATED"", ""timestamp"": 57786, ""packets_received"": 467, ""kalman_data"": {""altitude"": 0.05, ""vertical_velocity"": -0.09}, ""kalman_altitude"": 0.05, ""kalman_vertical_velocity"": -0.09, ""pyroDrogue"": 0, ""pyroMain"": 0, ""pyro1_state"": 0, ""pyro2_state"": 0}"
1768244380.323631,2026-01-12T21:59:40.323631,0,0,0,-0.7,-0.11,0.85,-36.5,-2.5,-1.3,4.7,0.5,-1.2921,36.8219,1665.5,57899,857.9,27.1,0,0,0,0,14.8,-42,0.35,0.23,BLUETOOTH-SIMULATED,"{""record_number"": 0, ""operation_mode"": 0, ""state"": 0, ""battery_voltage"": 14.8, ""wifi_rssi"": -42, ""acc_data"": {""ax"": -0.7, ""ay"": -0.11, ""az"": 0.85, ""pitch"": -36.5, ""roll"": -2.5}, ""gyro_data"": {""gx"": -1.3, ""gy"": 4.7, ""gz"": 0.5}, ""gps_data"": {""latitude"": -1.2921, ""longitude"": 36.8219, ""gps_altitude"": 1665.5, ""time"": 57899}, ""alt_data"": {""pressure"": 857.9, ""temperature"": 27.1, ""AGL"": 0, ""velocity"": 0, ""kalman_altitude"": 0.35, ""kalman_vertical_velocity"": 0.23}, ""chute_state"": {""pyro1_state"": 0, ""pyro2_state"": 0}, ""connection_status"": {""connected"": true, ""has_ever_connected"": true, ""packet_age_ms"": 0, ""timeout_exceeded"": false, ""rssi"": -42}, ""communication_mode"": ""BLUETOOTH-SIMULATED"", ""timestamp"": 57899, ""packets_received"": 468, ""kalman_data"": {""altitude"": 0.35, ""vertical_velocity"": 0.23}, ""kalman_altitude"": 0.35, ""kalman_vertical_velocity"": 0.23, ""pyroDrogue"": 0, ""pyroMain"": 0, ""pyro1_state"": 0, ""pyro2_state"": 0}"
1768244380.435598,2026-01-12T21:59:40.435598,0,0,0,-0.76,-0.1,0.77,-36.6,-2.4,1.1,2.9,-1.7,-1.2921,36.8219,1659,58012,858.07,26.6,0,0,0,0,14.8,-47,-0.48,0.09,BLUETOOTH-SIMULATED,"{""record_number"": 0, ""operation_mode"": 0, ""state"": 0, ""battery_voltage"": 14.8, ""wifi_rssi"": -47, ""acc_data"": {""ax"": -0.76, ""ay"": -0.1, ""az"": 0.77, ""pitch"": -36.6, ""roll"": -2.4}, ""gyro_data"": {""gx"": 1.1, ""gy"": 2.9, ""gz"": -1.7}, ""gps_data"": {""latitude"": -1.2921, ""longitude"": 36.8219, ""gps_altitude"": 1659, ""time"": 58012}, ""alt_data"": {""pressure"": 858.07, ""temperature"": 26.6, ""AGL"": 0, ""velocity"": 0, ""kalman_altitude"": -0.48, ""kalman_vertical_velocity"": 0.09}, ""chute_state"": {""pyro1_state"": 0, ""pyro2_state"": 0}, ""connection_status"": {""connected"": true, ""has_ever_connected"": true, ""packet_age_ms"": 0, ""timeout_exceeded"": false, ""rssi"": -47}, ""communication_mode"": ""BLUETOOTH-SIMULATED"", ""timestamp"": 58012, ""packets_received"": 469, ""kalman_data"": {""altitude"": -0.48, ""vertical_velocity"": 0.09}, ""kalman_altitude"": -0.48, ""kalman_vertical_velocity"": 0.09, ""pyroDrogue"": 0, ""pyroMain"": 0, ""pyro1_state"": 0, ""pyro2_state"": 0}"
1768244380.577003,2026-01-12T21:59:40.577003,0,0,0,-0.46,0.16,0.71,-36.4,-2.6,-3.7,3.2,0.4,-1.2921,36.8219,1660.2,58125,857.93,26.4,0,0,0,0,14.8,-45,0.24,0.03,BLUETOOTH-SIMULATED,"{""record_number"": 0, ""operation_mode"": 0, ""state"": 0, ""battery_voltage"": 14.8, ""wifi_rssi"": -45, ""acc_data"": {""ax"": -0.46, ""ay"": 0.16, ""az"": 0.71, ""pitch"": -36.4, ""roll"": -2.6}, ""gyro_data"": {""gx"": -3.7, ""gy"": 3.2, ""gz"": 0.4}, ""gps_data"": {""latitude"": -1.2921, ""longitude"": 36.8219, ""gps_altitude"": 1660.2, ""time"": 58125}, ""alt_data"": {""pressure"": 857.93, ""temperature"": 26.4, ""AGL"": 0, ""velocity"": 0, ""kalman_altitude"": 0.24, ""kalman_vertical_velocity"": 0.03}, ""chute_state"": {""pyro1_state"": 0, ""pyro2_state"": 0}, ""connection_status"": {""connected"": true, ""has_ever_connected"": true, ""packet_age_ms"": 0, ""timeout_exceeded"": false, ""rssi"": -45}, ""communication_mode"": ""BLUETOOTH-SIMULATED"", ""timestamp"": 58125, ""packets_received"": 470, ""kalman_data"": {""altitude"": 0.24, ""vertical_velocity"": 0.03}, ""kalman_altitude"": 0.24, ""kalman_vertical_velocity"": 0.03, ""pyroDrogue"": 0, ""pyroMain"": 0, ""pyro1_state"": 0, ""pyro2_state"": 0}"
1768244380.695002,2026-01-12T21:59:40.695002,0,0,0,-0.54,-0.22,0.83,-36.8,-1.5,4.7,-3.2,-3.5,-1.2921,36.8219,1659.2,58238,858.09,27,0,0,0,0,14.8,-46,0.04,-0.18,BLUETOOTH-SIMULATED,"{""record_number"": 0, ""operation_mode"": 0, ""state"": 0, ""battery_voltage"": 14.8, ""wifi_rssi"": -46, ""acc_data"": {""ax"": -0.54, ""ay"": -0.22, ""az"": 0.83, ""pitch"": -36.8, ""roll"": -1.5}, ""gyro_data"": {""gx"": 4.7, ""gy"": -3.2, ""gz"": -3.5}, ""gps_data"": {""latitude"": -1.2921, ""longitude"": 36.8219, ""gps_altitude"": 1659.2, ""time"": 58238}, ""alt_data"": {""pressure"": 858.09, ""temperature"": 27, ""AGL"": 0, ""velocity"": 0, ""kalman_altitude"": 0.04, ""kalman_vertical_velocity"": -0.18}, ""chute_state"": {""pyro1_state"": 0, ""pyro2_state"": 0}, ""connection_status"": {""connected"": true, ""has_ever_connected"": true, ""packet_age_ms"": 0, ""timeout_exceeded"": false, ""rssi"": -46}, ""communication_mode"": ""BLUETOOTH-SIMULATED"", ""timestamp"": 58238, ""packets_received"": 471, ""kalman_data"": {""altitude"": 0.04, ""vertical_velocity"": -0.18}, ""kalman_altitude"": 0.04, ""kalman_vertical_velocity"": -0.18, ""pyroDrogue"": 0, ""pyroMain"": 0, ""pyro1_state"": 0, ""pyro2_state"": 0}"
1768244380.793002,2026-01-12T21:59:40.793002,0,0,0,-0.55,0.04,0.86,-35.8,-2,4.8,1.1,4.3,-1.2921,36.8219,1659,58351,857.9,26.6,0,0,0,0,14.8,-44,0.14,-0.25,BLUETOOTH-SIMULATED,"{""record_number"": 0, ""operation_mode"": 0, ""state"": 0, ""battery_voltage"": 14.8, ""wifi_rssi"": -44, ""acc_data"": {""ax"": -0.55, ""ay"": 0.04, ""az"": 0.86, ""pitch"": -35.8, ""roll"": -2}, ""gyro_data"": {""gx"": 4.8, ""gy"": 1.1, ""gz"": 4.3}, ""gps_data"": {""latitude"": -1.2921, ""longitude"": 36.8219, ""gps_altitude"": 1659, ""time"": 58351}, ""alt_data"": {""pressure"": 857.9, ""temperature"": 26.6, ""AGL"": 0, ""velocity"": 0, ""kalman_altitude"": 0.14, ""kalman_vertical_velocity"": -0.25}, ""chute_state"": {""pyro1_state"": 0, ""pyro2_state"": 0}, ""connection_status"": {""connected"": true, ""has_ever_connected"": true, ""packet_age_ms"": 0, ""timeout_exceeded"": false, ""rssi"": -44}, ""communication_mode"": ""BLUETOOTH-SIMULATED"", ""timestamp"": 58351, ""packets_received"": 472, ""kalman_data"": {""altitude"": 0.14, ""vertical_velocity"": -0.25}, ""kalman_altitude"": 0.14, ""kalman_vertical_velocity"": -0.25, ""pyroDrogue"": 0, ""pyroMain"": 0, ""pyro1_state"": 0, ""pyro2_state"": 0}"
1768244380.920005,2026-01-12T21:59:40.920005,0,0,0,-0.54,0.13,0.88,-35.7,-1.4,-4.1,0.5,3.3,-1.2921,36.8219,1661.5,58464,857.99,26.6,0,0,0,0,14.8,-43,0.18,0.03,BLUETOOTH-SIMULATED,"{""record_number"": 0, ""operation_mode"": 0, ""state"": 0, ""battery_voltage"": 14.8, ""wifi_rssi"": -43, ""acc_data"": {""ax"": -0.54, ""ay"": 0.13, ""az"": 0.88, ""pitch"": -35.7, ""roll"": -1.4}, ""gyro_data"": {""gx"": -4.1, ""gy"": 0.5, ""gz"": 3.3}, ""gps_data"": {""latitude"": -1.2921, ""longitude"": 36.8219, ""gps_altitude"": 1661.5, ""time"": 58464}, ""alt_data"": {""pressure"": 857.99, ""temperature"": 26.6, ""AGL"": 0, ""velocity"": 0, ""kalman_altitude"": 0.18, ""kalman_vertical_velocity"": 0.03}, ""chute_state"": {""pyro1_state"": 0, ""pyro2_state"": 0}, ""connection_status"": {""connected"": true, ""has_ever_connected"": true, ""packet_age_ms"": 0, ""timeout_exceeded"": false, ""rssi"": -43}, ""communication_mode"": ""BLUETOOTH-SIMULATED"", ""timestamp"": 58464, ""packets_received"": 473, ""kalman_data"": {""altitude"": 0.18, ""vertical_velocity"": 0.03}, ""kalman_altitude"": 0.18, ""kalman_vertical_velocity"": 0.03, ""pyroDrogue"": 0, ""pyroMain"": 0, ""pyro1_state"": 0, ""pyro2_state"": 0}"
1768244381.011003,2026-01-12T21:59:41.011003,0,0,0,-0.44,0.11,0.75,-37,-1.5,-2.5,-1.1,-4.8,-1.2921,36.8219,1661.6,58577,858,26.5,0,0,0,0,14.8,-41,0.47,-0.18,BLUETOOTH-SIMULATED,"{""record_number"": 0, ""operation_mode"": 0, ""state"": 0, ""battery_voltage"": 14.8, ""wifi_rssi"": -41, ""acc_data"": {""ax"": -0.44, ""ay"": 0.11, ""az"": 0.75, ""pitch"": -37, ""roll"": -1.5}, ""gyro_data"": {""gx"": -2.5, ""gy"": -1.1, ""gz"": -4.8}, ""gps_data"": {""latitude"": -1.2921, ""longitude"": 36.8219, ""gps_altitude"": 1661.6, ""time"": 58577}, ""alt_data"": {""pressure"": 858, ""temperature"": 26.5, ""AGL"": 0, ""velocity"": 0, ""kalman_altitude"": 0.47, ""kalman_vertical_velocity"": -0.18}, ""chute_state"": {""pyro1_state"": 0, ""pyro2_state"": 0}, ""connection_status"": {""connected"": true, ""has_ever_connected"": true, ""packet_age_ms"": 0, ""timeout_exceeded"": false, ""rssi"": -41}, ""communication_mode"": ""BLUETOOTH-SIMULATED"", ""timestamp"": 58577, ""packets_received"": 474, ""kalman_data"": {""altitude"": 0.47, ""vertical_velocity"": -0.18}, ""kalman_altitude"": 0.47, ""kalman_vertical_velocity"": -0.18, ""pyroDrogue"": 0, ""pyroMain"": 0, ""pyro1_state"": 0, ""pyro2_state"": 0}"
1768244381.12799,2026-01-12T21:59:41.127990,0,0,0,-0.54,-0.18,0.73,-36.4,-1.3,3,0.6,-4.1,-1.2921,36.8219,1657.6,58690,857.99,26.7,0,0,0,0,14.8,-48,0.48,-0.03,BLUETOOTH-SIMULATED,"{""record_number"": 0, ""operation_mode"": 0, ""state"": 0, ""battery_voltage"": 14.8, ""wifi_rssi"": -48, ""acc_data"": {""ax"": -0.54, ""ay"": -0.18, ""az"": 0.73, ""pitch"": -36.4, ""roll"": -1.3}, ""gyro_data"": {""gx"": 3, ""gy"": 0.6, ""gz"": -4.1}, ""gps_data"": {""latitude"": -1.2921, ""longitude"": 36.8219, ""gps_altitude"": 1657.6, ""time"": 58690}, ""alt_data"": {""pressure"": 857.99, ""temperature"": 26.7, ""AGL"": 0, ""velocity"": 0, ""kalman_altitude"": 0.48, ""kalman_vertical_velocity"": -0.03}, ""chute_state"": {""pyro1_state"": 0, ""pyro2_state"": 0}, ""connection_status"": {""connected"": true, ""has_ever_connected"": true, ""packet_age_ms"": 0, ""timeout_exceeded"": false, ""rssi"": -48}, ""communication_mode"": ""BLUETOOTH-SIMULATED"", ""timestamp"": 58690, ""packets_received"": 475, ""kalman_data"": {""altitude"": 0.48, ""vertical_velocity"": -0.03}, ""kalman_altitude"": 0.48, ""kalman_vertical_velocity"": -0.03, ""pyroDrogue"": 0, ""pyroMain"": 0, ""pyro1_state"": 0, ""pyro2_state"": 0}"
1768244381.231036,2026-01-12T21:59:41.231036,0,0,0,-0.64,0.01,0.57,-36.8,-2,-1.8,0.4,-4.2,-1.2921,36.8219,1660.2,58803,857.9,27.1,0,0,0,0,14.8,-47,0.4,0.11,BLUETOOTH-SIMULATED,"{""record_number"": 0, ""operation_mode"": 0, ""state"": 0, ""battery_voltage"": 14.8, ""wifi_rssi"": -47, ""acc_data"": {""ax"": -0.64, ""ay"": 0.01, ""az"": 0.57, ""pitch"": -36.8, ""roll"": -2}, ""gyro_data"": {""gx"": -1.8, ""gy"": 0.4, ""gz"": -4.2}, ""gps_data"": {""latitude"": -1.2921, ""longitude"": 36.8219, ""gps_altitude"": 1660.2, ""time"": 58803}, ""alt_data"": {""pressure"": 857.9, ""temperature"": 27.1, ""AGL"": 0, ""velocity"": 0, ""kalman_altitude"": 0.4, ""kalman_vertical_velocity"": 0.11}, ""chute_state"": {""pyro1_state"": 0, ""pyro2_state"": 0}, ""connection_status"": {""connected"": true, ""has_ever_connected"": true, ""packet_age_ms"": 0, ""timeout_exceeded"": false, ""rssi"": -47}, ""communication_mode"": ""BLUETOOTH-SIMULATED"", ""timestamp"": 58803, ""packets_received"": 476, ""kalman_data"": {""altitude"": 0.4, ""vertical_velocity"": 0.11}, ""kalman_altitude"": 0.4, ""kalman_vertical_velocity"": 0.11, ""pyroDrogue"": 0, ""pyroMain"": 0, ""pyro1_state"": 0, ""pyro2_state"": 0}"
1768244381.411038,2026-01-12T21:59:41.411038,0,0,0,-0.58,-0.18,0.73,-35.8,-1.1,4.5,-1.6,3.9,-1.2921,36.8219,1659.8,58916,857.92,27.1,0,0,0,0,14.8,-46,0.2,-0.11,BLUETOOTH-SIMULATED,"{""record_number"": 0, ""operation_mode"": 0, ""state"": 0, ""battery_voltage"": 14.8, ""wifi_rssi"": -46, ""acc_data"": {""ax"": -0.58, ""ay"": -0.18, ""az"": 0.73, ""pitch"": -35.8, ""roll"": -1.1}, ""gyro_data"": {""gx"": 4.5, ""gy"": -1.6, ""gz"": 3.9}, ""gps_data"": {""latitude"": -1.2921, ""longitude"": 36.8219, ""gps_altitude"": 1659.8, ""time"": 58916}, ""alt_data"": {""pressure"": 857.92, ""temperature"": 27.1, ""AGL"": 0, ""velocity"": 0, ""kalman_altitude"": 0.2, ""kalman_vertical_velocity"": -0.11}, ""chute_state"": {""pyro1_state"": 0, ""pyro2_state"": 0}, ""connection_status"": {""connected"": true, ""has_ever_connected"": true, ""packet_age_ms"": 0, ""timeout_exceeded"": false, ""rssi"": -46}, ""communication_mode"": ""BLUETOOTH-SIMULATED"", ""timestamp"": 58916, ""packets_received"": 477, ""kalman_data"": {""altitude"": 0.2, ""vertical_velocity"": -0.11}, ""kalman_altitude"": 0.2, ""kalman_vertical_velocity"": -0.11, ""pyroDrogue"": 0, ""pyroMain"": 0, ""pyro1_state"": 0, ""pyro2_state"": 0}"
1768244381.46065,2026-01-12T21:59:41.460650,0,0,0,-0.41,0.08,0.58,-36.4,-1.7,-5,-3.6,3.3,-1.2921,36.8219,1661.1,59029,858.08,26.5,0,0,0,0,14.8,-44,0.29,-0.2,BLUETOOTH-SIMULATED,"{""record_number"": 0, ""operation_mode"": 0, ""state"": 0, ""battery_voltage"": 14.8, ""wifi_rssi"": -44, ""acc_data"": {""ax"": -0.41, ""ay"": 0.08, ""az"": 0.58, ""pitch"": -36.4, ""roll"": -1.7}, ""gyro_data"": {""gx"": -5, ""gy"": -3.6, ""gz"": 3.3}, ""gps_data"": {""latitude"": -1.2921, ""longitude"": 36.8219, ""gps_altitude"": 1661.1, ""time"": 59029}, ""alt_data"": {""pressure"": 858.08, ""temperature"": 26.5, ""AGL"": 0, ""velocity"": 0, ""kalman_altitude"": 0.29, ""kalman_vertical_velocity"": -0.2}, ""chute_state"": {""pyro1_state"": 0, ""pyro2_state"": 0}, ""connection_status"": {""connected"": true, ""has_ever_connected"": true, ""packet_age_ms"": 0, ""timeout_exceeded"": false, ""rssi"": -44}, ""communication_mode"": ""BLUETOOTH-SIMULATED"", ""timestamp"": 59029, ""packets_received"": 478, ""kalman_data"": {""altitude"": 0.29, ""vertical_velocity"": -0.2}, ""kalman_altitude"": 0.29, ""kalman_vertical_velocity"": -0.2, ""pyroDrogue"": 0, ""pyroMain"": 0, ""pyro1_state"": 0, ""pyro2_state"": 0}"
1768244381.562251,2026-01-12T21:59:41.562251,0,0,0,-0.68,-0.16,0.68,-35.1,-2.6,-0.2,1.1,1.4,-1.2921,36.8219,1662.1,59142,858.06,27.1,0,0,0,0,14.8,-47,-0.2,0.26,BLUETOOTH-SIMULATED,"{""record_number"": 0, ""operation_mode"": 0, ""state"": 0, ""battery_voltage"": 14.8, ""wifi_rssi"": -47, ""acc_data"": {""ax"": -0.68, ""ay"": -0.16, ""az"": 0.68, ""pitch"": -35.1, ""roll"": -2.6}, ""gyro_data"": {""gx"": -0.2, ""gy"": 1.1, ""gz"": 1.4}, ""gps_data"": {""latitude"": -1.2921, ""longitude"": 36.8219, ""gps_altitude"": 1662.1, ""time"": 59142}, ""alt_data"": {""pressure"": 858.06, ""temperature"": 27.1, ""AGL"": 0, ""velocity"": 0, ""kalman_altitude"": -0.2, ""kalman_vertical_velocity"": 0.26}, ""chute_state"": {""pyro1_state"": 0, ""pyro2_state"": 0}, ""connection_status"": {""connected"": true, ""has_ever_connected"": true, ""packet_age_ms"": 0, ""timeout_exceeded"": false, ""rssi"": -47}, ""communication_mode"": ""BLUETOOTH-SIMULATED"", ""timestamp"": 59142, ""packets_received"": 479, ""kalman_data"": {""altitude"": -0.2, ""vertical_velocity"": 0.26}, ""kalman_altitude"": -0.2, ""kalman_vertical_velocity"": 0.26, ""pyroDrogue"": 0, ""pyroMain"": 0, ""pyro1_state"": 0, ""pyro2_state"": 0}"
1768244381.673373,2026-01-12T21:59:41.673373,0,0,0,-0.47,0.02,0.7,-36.8,-1.6,-4.4,2.4,0.9,-1.2921,36.8219,1658,59255,857.98,26.2,0,0,0,0,14.8,-49,0,0.01,BLUETOOTH-SIMULATED,"{""record_number"": 0, ""operation_mode"": 0, ""state"": 0, ""battery_voltage"": 14.8, ""wifi_rssi"": -49, ""acc_data"": {""ax"": -0.47, ""ay"": 0.02, ""az"": 0.7, ""pitch"": -36.8, ""roll"": -1.6}, ""gyro_data"": {""gx"": -4.4, ""gy"": 2.4, ""gz"": 0.9}, ""gps_data"": {""latitude"": -1.2921, ""longitude"": 36.8219, ""gps_altitude"": 1658, ""time"": 59255}, ""alt_data"": {""pressure"": 857.98, ""temperature"": 26.2, ""AGL"": 0, ""velocity"": 0, ""kalman_altitude"": 0, ""kalman_vertical_velocity"": 0.01}, ""chute_state"": {""pyro1_state"": 0, ""pyro2_state"": 0}, ""connection_status"": {""connected"": true, ""has_ever_connected"": true, ""packet_age_ms"": 0, ""timeout_exceeded"": false, ""rssi"": -49}, ""communication_mode"": ""BLUETOOTH-SIMULATED"", ""timestamp"": 59255, ""packets_received"": 480, ""kalman_data"": {""altitude"": 0, ""vertical_velocity"": 0.01}, ""kalman_altitude"": 0, ""kalman_vertical_velocity"": 0.01, ""pyroDrogue"": 0, ""pyroMain"": 0, ""pyro1_state"": 0, ""pyro2_state"": 0}"
1768244381.786362,2026-01-12T21:59:41.786362,0,0,0,-0.42,0.16,0.54,-35.8,-2.3,-3.4,-3.3,4.1,-1.2921,36.8219,1659.5,59368,857.98,26.6,0,0,0,0,14.8,-45,0.21,-0.27,BLUETOOTH-SIMULATED,"{""record_number"": 0, ""operation_mode"": 0, ""state"": 0, ""battery_voltage"": 14.8, ""wifi_rssi"": -45, ""acc_data"": {""ax"": -0.42, ""ay"": 0.16, ""az"": 0.54, ""pitch"": -35.8, ""roll"": -2.3}, ""gyro_data"": {""gx"": -3.4, ""gy"": -3.3, ""gz"": 4.1}, ""gps_data"": {""latitude"": -1.2921, ""longitude"": 36.8219, ""gps_altitude"": 1659.5, ""time"": 59368}, ""alt_data"": {""pressure"": 857.98, ""temperature"": 26.6, ""AGL"": 0, ""velocity"": 0, ""kalman_altitude"": 0.21, ""kalman_vertical_velocity"": -0.27}, ""chute_state"": {""pyro1_state"": 0, ""pyro2_state"": 0}, ""connection_status"": {""connected"": true, ""has_ever_connected"": true, ""packet_age_ms"": 0, ""timeout_exceeded"": false, ""rssi"": -45}, ""communication_mode"": ""BLUETOOTH-SIMULATED"", ""timestamp"": 59368, ""packets_received"": 481, ""kalman_data"": {""altitude"": 0.21, ""vertical_velocity"": -0.27}, ""kalman_altitude"": 0.21, ""kalman_vertical_velocity"": -0.27, ""pyroDrogue"": 0, ""pyroMain"": 0, ""pyro1_state"": 0, ""pyro2_state"": 0}"
1768244381.941362,2026-01-12T21:59:41.941362,0,0,0,-0.44,-0.08,0.71,-36.1,-1.7,0.4,3.3,0.1,-1.2921,36.8219,1661.6,59481,858.03,26.2,0,0,0,0,14.8,-47,0.43,-0.22,BLUETOOTH-SIMULATED,"{""record_number"": 0, ""operation_mode"": 0, ""state"": 0, ""battery_voltage"": 14.8, ""wifi_rssi"": -47, ""acc_data"": {""ax"": -0.44, ""ay"": -0.08, ""az"": 0.71, ""pitch"": -36.1, ""roll"": -1.7}, ""gyro_data"": {""gx"": 0.4, ""gy"": 3.3, ""gz"": 0.1}, ""gps_data"": {""latitude"": -1.2921, ""longitude"": 36.8219, ""gps_altitude"": 1661.6, ""time"": 59481}, ""alt_data"": {""pressure"": 858.03, ""temperature"": 26.2, ""AGL"": 0, ""velocity"": 0, ""kalman_altitude"": 0.43, ""kalman_vertical_velocity"": -0.22}, ""chute_state"": {""pyro1_state"": 0, ""pyro2_state"": 0}, ""connection_status"": {""connected"": true, ""has_ever_connected"": true, ""packet_age_ms"": 0, ""timeout_exceeded"": false, ""rssi"": -47}, ""communication_mode"": ""BLUETOOTH-SIMULATED"", ""timestamp"": 59481, ""packets_received"": 482, ""kalman_data"": {""altitude"": 0.43, ""vertical_velocity"": -0.22}, ""kalman_altitude"": 0.43, ""kalman_vertical_velocity"": -0.22, ""pyroDrogue"": 0, ""pyroMain"": 0, ""pyro1_state"": 0, ""pyro2_state"": 0}"
1768244382.034643,2026-01-12T21:59:42.034643,0,0,0,-0.57,0.17,0.5,-36.3,-1.6,0,-4.3,1.9,-1.2921,36.8219,1664.5,59594,858.07,26.8,0,0,0,0,14.8,-46,-0.32,-0.2,BLUETOOTH-SIMULATED,"{""record_number"": 0, ""operation_mode"": 0, ""state"": 0, ""battery_voltage"": 14.8, ""wifi_rssi"": -46, ""acc_data"": {""ax"": -0.57, ""ay"": 0.17, ""az"": 0.5, ""pitch"": -36.3, ""roll"": -1.6}, ""gyro_data"": {""gx"": 0, ""gy"": -4.3, ""gz"": 1.9}, ""gps_data"": {""latitude"": -1.2921, ""longitude"": 36.8219, ""gps_altitude"": 1664.5, ""time"": 59594}, ""alt_data"": {""pressure"": 858.07, ""temperature"": 26.8, ""AGL"": 0, ""velocity"": 0, ""kalman_altitude"": -0.32, ""kalman_vertical_velocity"": -0.2}, ""chute_state"": {""pyro1_state"": 0, ""pyro2_state"": 0}, ""connection_status"": {""connected"": true, ""has_ever_connected"": true, ""packet_age_ms"": 0, ""timeout_exceeded"": false, ""rssi"": -46}, ""communication_mode"": ""BLUETOOTH-SIMULATED"", ""timestamp"": 59594, ""packets_received"": 483, ""kalman_data"": {""altitude"": -0.32, ""vertical_velocity"": -0.2}, ""kalman_altitude"": -0.32, ""kalman_vertical_velocity"": -0.2, ""pyroDrogue"": 0, ""pyroMain"": 0, ""pyro1_state"": 0, ""pyro2_state"": 0}"
1768244382.128542,2026-01-12T21:59:42.128542,0,0,0,-0.66,-0.1,0.53,-35.7,-2.5,-3.5,-0.3,-4.1,-1.2921,36.8219,1656.8,59707,858.03,26.4,0,0,0,0,14.8,-41,-0.13,-0.13,BLUETOOTH-SIMULATED,"{""record_number"": 0, ""operation_mode"": 0, ""state"": 0, ""battery_voltage"": 14.8, ""wifi_rssi"": -41, ""acc_data"": {""ax"": -0.66, ""ay"": -0.1, ""az"": 0.53, ""pitch"": -35.7, ""roll"": -2.5}, ""gyro_data"": {""gx"": -3.5, ""gy"": -0.3, ""gz"": -4.1}, ""gps_data"": {""latitude"": -1.2921, ""longitude"": 36.8219, ""gps_altitude"": 1656.8, ""time"": 59707}, ""alt_data"": {""pressure"": 858.03, ""temperature"": 26.4, ""AGL"": 0, ""velocity"": 0, ""kalman_altitude"": -0.13, ""kalman_vertical_velocity"": -0.13}, ""chute_state"": {""pyro1_state"": 0, ""pyro2_state"": 0}, ""connection_status"": {""connected"": true, ""has_ever_connected"": true, ""packet_age_ms"": 0, ""timeout_exceeded"": false, ""rssi"": -41}, ""communication_mode"": ""BLUETOOTH-SIMULATED"", ""timestamp"": 59707, ""packets_received"": 484, ""kalman_data"": {""altitude"": -0.13, ""vertical_velocity"": -0.13}, ""kalman_altitude"": -0.13, ""kalman_vertical_velocity"": -0.13, ""pyroDrogue"": 0, ""pyroMain"": 0, ""pyro1_state"": 0, ""pyro2_state"": 0}"
1768244382.239546,2026-01-12T21:59:42.239546,0,0,0,-0.64,0.08,0.83,-36.7,-2.8,-4.9,-2.1,-0.2,-1.2921,36.8219,1663,59820,858.09,26.7,0,0,0,0,14.8,-47,0.39,0,BLUETOOTH-SIMULATED,"{""record_number"": 0, ""operation_mode"": 0, ""state"": 0, ""battery_voltage"": 14.8, ""wifi_rssi"": -47, ""acc_data"": {""ax"": -0.64, ""ay"": 0.08, ""az"": 0.83, ""pitch"": -36.7, ""roll"": -2.8}, ""gyro_data"": {""gx"": -4.9, ""gy"": -2.1, ""gz"": -0.2}, ""gps_data"": {""latitude"": -1.2921, ""longitude"": 36.8219, ""gps_altitude"": 1663, ""time"": 59820}, ""alt_data"": {""pressure"": 858.09, ""temperature"": 26.7, ""AGL"": 0, ""velocity"": 0, ""kalman_altitude"": 0.39, ""kalman_vertical_velocity"": 0}, ""chute_state"": {""pyro1_state"": 0, ""pyro2_state"": 0}, ""connection_status"": {""connected"": true, ""has_ever_connected"": true, ""packet_age_ms"": 0, ""timeout_exceeded"": false, ""rssi"": -47}, ""communication_mode"": ""BLUETOOTH-SIMULATED"", ""timestamp"": 59820, ""packets_received"": 485, ""kalman_data"": {""altitude"": 0.39, ""vertical_velocity"": 0}, ""kalman_altitude"": 0.39, ""kalman_vertical_velocity"": 0, ""pyroDrogue"": 0, ""pyroMain"": 0, ""pyro1_state"": 0, ""pyro2_state"": 0}"
1768244382.411848,2026-01-12T21:59:42.411848,0,0,0,-0.69,-0.09,0.55,-36.3,-1.2,-2.9,3.1,-2.8,-1.2921,36.8219,1660.8,59933,858.08,27,0,0,0,0,14.8,-49,-0.12,0.15,BLUETOOTH-SIMULATED,"{""record_number"": 0, ""operation_mode"": 0, ""state"": 0, ""battery_voltage"": 14.8, ""wifi_rssi"": -49, ""acc_data"": {""ax"": -0.69, ""ay"": -0.09, ""az"": 0.55, ""pitch"": -36.3, ""roll"": -1.2}, ""gyro_data"": {""gx"": -2.9, ""gy"": 3.1, ""gz"": -2.8}, ""gps_data"": {""latitude"": -1.2921, ""longitude"": 36.8219, ""gps_altitude"": 1660.8, ""time"": 59933}, ""alt_data"": {""pressure"": 858.08, ""temperature"": 27, ""AGL"": 0, ""velocity"": 0, ""kalman_altitude"": -0.12, ""kalman_vertical_velocity"": 0.15}, ""chute_state"": {""pyro1_state"": 0, ""pyro2_state"": 0}, ""connection_status"": {""connected"": true, ""has_ever_connected"": true, ""packet_age_ms"": 0, ""timeout_exceeded"": false, ""rssi"": -49}, ""communication_mode"": ""BLUETOOTH-SIMULATED"", ""timestamp"": 59933, ""packets_received"": 486, ""kalman_data"": {""altitude"": -0.12, ""vertical_velocity"": 0.15}, ""kalman_altitude"": -0.12, ""kalman_vertical_velocity"": 0.15, ""pyroDrogue"": 0, ""pyroMain"": 0, ""pyro1_state"": 0, ""pyro2_state"": 0}"
1768244382.46685,2026-01-12T21:59:42.466850,0,0,0,-0.42,-0.02,0.76,-35.2,-2.9,3.7,-3.2,-2.9,-1.2921,36.8219,1658.9,60046,858.04,27,0,0,0,0,14.8,-50,-0.04,-0.03,BLUETOOTH-SIMULATED,"{""record_number"": 0, ""operation_mode"": 0, ""state"": 0, ""battery_voltage"": 14.8, ""wifi_rssi"": -50, ""acc_data"": {""ax"": -0.42, ""ay"": -0.02, ""az"": 0.76, ""pitch"": -35.2, ""roll"": -2.9}, ""gyro_data"": {""gx"": 3.7, ""gy"": -3.2, ""gz"": -2.9}, ""gps_data"": {""latitude"": -1.2921, ""longitude"": 36.8219, ""gps_altitude"": 1658.9, ""time"": 60046}, ""alt_data"": {""pressure"": 858.04, ""temperature"": 27, ""AGL"": 0, ""velocity"": 0, ""kalman_altitude"": -0.04, ""kalman_vertical_velocity"": -0.03}, ""chute_state"": {""pyro1_state"": 0, ""pyro2_state"": 0}, ""connection_status"": {""connected"": true, ""has_ever_connected"": true, ""packet_age_ms"": 0, ""timeout_exceeded"": false, ""rssi"": -50}, ""communication_mode"": ""BLUETOOTH-SIMULATED"", ""timestamp"": 60046, ""packets_received"": 487, ""kalman_data"": {""altitude"": -0.04, ""vertical_velocity"": -0.03}, ""kalman_altitude"": -0.04, ""kalman_vertical_velocity"": -0.03, ""pyroDrogue"": 0, ""pyroMain"": 0, ""pyro1_state"": 0, ""pyro2_state"": 0}"
1768244382.734549,2026-01-12T21:59:42.734549,0,0,0,-0.77,-0.18,0.56,-35.2,-1.6,-2.4,3.2,4.7,-1.2921,36.8219,1663.1,60159,858,26.5,0,0,0,0,14.8,-46,-0.2,-0.1,BLUETOOTH-SIMULATED,"{""record_number"": 0, ""operation_mode"": 0, ""state"": 0, ""battery_voltage"": 14.8, ""wifi_rssi"": -46, ""acc_data"": {""ax"": -0.77, ""ay"": -0.18, ""az"": 0.56, ""pitch"": -35.2, ""roll"": -1.6}, ""gyro_data"": {""gx"": -2.4, ""gy"": 3.2, ""gz"": 4.7}, ""gps_data"": {""latitude"": -1.2921, ""longitude"": 36.8219, ""gps_altitude"": 1663.1, ""time"": 60159}, ""alt_data"": {""pressure"": 858, ""temperature"": 26.5, ""AGL"": 0, ""velocity"": 0, ""kalman_altitude"": -0.2, ""kalman_vertical_velocity"": -0.1}, ""chute_state"": {""pyro1_state"": 0, ""pyro2_state"": 0}, ""connection_status"": {""connected"": true, ""has_ever_connected"": true, ""packet_age_ms"": 0, ""timeout_exceeded"": false, ""rssi"": -46}, ""communication_mode"": ""BLUETOOTH-SIMULATED"", ""timestamp"": 60159, ""packets_received"": 488, ""kalman_data"": {""altitude"": -0.2, ""vertical_velocity"": -0.1}, ""kalman_altitude"": -0.2, ""kalman_vertical_velocity"": -0.1, ""pyroDrogue"": 0, ""pyroMain"": 0, ""pyro1_state"": 0, ""pyro2_state"": 0}"
1768244382.793549,2026-01-12T21:59:42.793549,0,0,0,-0.45,-0.11,0.52,-36.3,-2.5,2,-2.1,-1.9,-1.2921,36.8219,1664.9,60272,858.08,26.8,0,0,0,0,14.8,-43,-0.19,-0.15,BLUETOOTH-SIMULATED,"{""record_number"": 0, ""operation_mode"": 0, ""state"": 0, ""battery_voltage"": 14.8, ""wifi_rssi"": -43, ""acc_data"": {""ax"": -0.45, ""ay"": -0.11, ""az"": 0.52, ""pitch"": -36.3, ""roll"": -2.5}, ""gyro_data"": {""gx"": 2, ""gy"": -2.1, ""gz"": -1.9}, ""gps_data"": {""latitude"": -1.2921, ""longitude"": 36.8219, ""gps_altitude"": 1664.9, ""time"": 60272}, ""alt_data"": {""pressure"": 858.08, ""temperature"": 26.8, ""AGL"": 0, ""velocity"": 0, ""kalman_altitude"": -0.19, ""kalman_vertical_velocity"": -0.15}, ""chute_state"": {""pyro1_state"": 0, ""pyro2_state"": 0}, ""connection_status"": {""connected"": true, ""has_ever_connected"": true, ""packet_age_ms"": 0, ""timeout_exceeded"": false, ""rssi"": -43}, ""communication_mode"": ""BLUETOOTH-SIMULATED"", ""timestamp"": 60272, ""packets_received"": 489, ""kalman_data"": {""altitude"": -0.19, ""vertical_velocity"": -0.15}, ""kalman_altitude"": -0.19, ""kalman_vertical_velocity"": -0.15, ""pyroDrogue"": 0, ""pyroMain"": 0, ""pyro1_state"": 0, ""pyro2_state"": 0}"
1768244382.851253,2026-01-12T21:59:42.851253,0,0,0,-0.57,-0.08,0.59,-36.9,-1.1,4.2,-0.4,0.3,-1.2921,36.8219,1662.6,60385,858.09,27,0,0,0,0,14.8,-48,0.23,-0.2,BLUETOOTH-SIMULATED,"{""record_number"": 0, ""operation_mode"": 0, ""state"": 0, ""battery_voltage"": 14.8, ""wifi_rssi"": -48, ""acc_data"": {""ax"": -0.57, ""ay"": -0.08, ""az"": 0.59, ""pitch"": -36.9, ""roll"": -1.1}, ""gyro_data"": {""gx"": 4.2, ""gy"": -0.4, ""gz"": 0.3}, ""gps_data"": {""latitude"": -1.2921, ""longitude"": 36.8219, ""gps_altitude"": 1662.6, ""time"": 60385}, ""alt_data"": {""pressure"": 858.09, ""temperature"": 27, ""AGL"": 0, ""velocity"": 0, ""kalman_altitude"": 0.23, ""kalman_vertical_velocity"": -0.2}, ""chute_state"": {""pyro1_state"": 0, ""pyro2_state"": 0}, ""connection_status"": {""connected"": true, ""has_ever_connected"": true, ""packet_age_ms"": 0, ""timeout_exceeded"": false, ""rssi"": -48}, ""communication_mode"": ""BLUETOOTH-SIMULATED"", ""timestamp"": 60385, ""packets_received"": 490, ""kalman_data"": {""altitude"": 0.23, ""vertical_velocity"": -0.2}, ""kalman_altitude"": 0.23, ""kalman_vertical_velocity"": -0.2, ""pyroDrogue"": 0, ""pyroMain"": 0, ""pyro1_state"": 0, ""pyro2_state"": 0}"
1768244382.964455,2026-01-12T21:59:42.964455,0,0,0,-0.63,0.07,0.81,-35.4,-3,1.6,-1,-0.1,-1.2921,36.8219,1656,60518,858,26.3,0,0,0,0,14.8,-42,-0.15,-0.07,BLUETOOTH-SIMULATED,"{""record_number"": 0, ""operation_mode"": 0, ""state"": 0, ""battery_voltage"": 14.8, ""wifi_rssi"": -42, ""acc_data"": {""ax"": -0.63, ""ay"": 0.07, ""az"": 0.81, ""pitch"": -35.4, ""roll"": -3}, ""gyro_data"": {""gx"": 1.6, ""gy"": -1, ""gz"": -0.1}, ""gps_data"": {""latitude"": -1.2921, ""longitude"": 36.8219, ""gps_altitude"": 1656, ""time"": 60518}, ""alt_data"": {""pressure"": 858, ""temperature"": 26.3, ""AGL"": 0, ""velocity"": 0, ""kalman_altitude"": -0.15, ""kalman_vertical_velocity"": -0.07}, ""chute_state"": {""pyro1_state"": 0, ""pyro2_state"": 0}, ""connection_status"": {""connected"": true, ""has_ever_connected"": true, ""packet_age_ms"": 0, ""timeout_exceeded"": false, ""rssi"": -42}, ""communication_mode"": ""BLUETOOTH-SIMULATED"", ""timestamp"": 60518, ""packets_received"": 491, ""kalman_data"": {""altitude"": -0.15, ""vertical_velocity"": -0.07}, ""kalman_altitude"": -0.15, ""kalman_vertical_velocity"": -0.07, ""pyroDrogue"": 0, ""pyroMain"": 0, ""pyro1_state"": 0, ""pyro2_state"": 0}"
1768244383.178669,2026-01-12T21:59:43.178669,0,0,0,-0.76,-0.11,0.81,-35.1,-1.1,4.5,-5,-3.6,-1.2921,36.8219,1660.7,60631,858.09,26.5,0,0,0,0,14.8,-46,-0.12,-0.25,BLUETOOTH-SIMULATED,"{""record_number"": 0, ""operation_mode"": 0, ""state"": 0, ""battery_voltage"": 14.8, ""wifi_rssi"": -46, ""acc_data"": {""ax"": -0.76, ""ay"": -0.11, ""az"": 0.81, ""pitch"": -35.1, ""roll"": -1.1}, ""gyro_data"": {""gx"": 4.5, ""gy"": -5, ""gz"": -3.6}, ""gps_data"": {""latitude"": -1.2921, ""longitude"": 36.8219, ""gps_altitude"": 1660.7, ""time"": 60631}, ""alt_data"": {""pressure"": 858.09, ""temperature"": 26.5, ""AGL"": 0, ""velocity"": 0, ""kalman_altitude"": -0.12, ""kalman_vertical_velocity"": -0.25}, ""chute_state"": {""pyro1_state"": 0, ""pyro2_state"": 0}, ""connection_status"": {""connected"": true, ""has_ever_connected"": true, ""packet_age_ms"": 0, ""timeout_exceeded"": false, ""rssi"": -46}, ""communication_mode"": ""BLUETOOTH-SIMULATED"", ""timestamp"": 60631, ""packets_received"": 492, ""kalman_data"": {""altitude"": -0.12, ""vertical_velocity"": -0.25}, ""kalman_altitude"": -0.12, ""kalman_vertical_velocity"": -0.25, ""pyroDrogue"": 0, ""pyroMain"": 0, ""pyro1_state"": 0, ""pyro2_state"": 0}"
1768244383.252235,2026-01-12T21:59:43.252235,0,0,0,-0.46,-0.07,0.78,-36.3,-2.3,-4.4,-3.2,-1.2,-1.2921,36.8219,1665.6,60744,858.07,26.8,0,0,0,0,14.8,-45,0.18,0.03,BLUETOOTH-SIMULATED,"{""record_number"": 0, ""operation_mode"": 0, ""state"": 0, ""battery_voltage"": 14.8, ""wifi_rssi"": -45, ""acc_data"": {""ax"": -0.46, ""ay"": -0.07, ""az"": 0.78, ""pitch"": -36.3, ""roll"": -2.3}, ""gyro_data"": {""gx"": -4.4, ""gy"": -3.2, ""gz"": -1.2}, ""gps_data"": {""latitude"": -1.2921, ""longitude"": 36.8219, ""gps_altitude"": 1665.6, ""time"": 60744}, ""alt_data"": {""pressure"": 858.07, ""temperature"": 26.8, ""AGL"": 0, ""velocity"": 0, ""kalman_altitude"": 0.18, ""kalman_vertical_velocity"": 0.03}, ""chute_state"": {""pyro1_state"": 0, ""pyro2_state"": 0}, ""connection_status"": {""connected"": true, ""has_ever_connected"": true, ""packet_age_ms"": 0, ""timeout_exceeded"": false, ""rssi"": -45}, ""communication_mode"": ""BLUETOOTH-SIMULATED"", ""timestamp"": 60744, ""packets_received"": 493, ""kalman_data"": {""altitude"": 0.18, ""vertical_velocity"": 0.03}, ""kalman_altitude"": 0.18, ""kalman_vertical_velocity"": 0.03, ""pyroDrogue"": 0, ""pyroMain"": 0, ""pyro1_state"": 0, ""pyro2_state"": 0}"
1768244383.295233,2026-01-12T21:59:43.295233,0,0,0,-0.66,0.08,0.67,-35.2,-2.3,-4,-1.5,-4.3,-1.2921,36.8219,1658.5,60857,857.92,26.6,0,0,0,0,14.8,-41,-0.11,0.22,BLUETOOTH-SIMULATED,"{""record_number"": 0, ""operation_mode"": 0, ""state"": 0, ""battery_voltage"": 14.8, ""wifi_rssi"": -41, ""acc_data"": {""ax"": -0.66, ""ay"": 0.08, ""az"": 0.67, ""pitch"": -35.2, ""roll"": -2.3}, ""gyro_data"": {""gx"": -4, ""gy"": -1.5, ""gz"": -4.3}, ""gps_data"": {""latitude"": -1.2921, ""longitude"": 36.8219, ""gps_altitude"": 1658.5, ""time"": 60857}, ""alt_data"": {""pressure"": 857.92, ""temperature"": 26.6, ""AGL"": 0, ""velocity"": 0, ""kalman_altitude"": -0.11, ""kalman_vertical_velocity"": 0.22}, ""chute_state"": {""pyro1_state"": 0, ""pyro2_state"": 0}, ""connection_status"": {""connected"": true, ""has_ever_connected"": true, ""packet_age_ms"": 0, ""timeout_exceeded"": false, ""rssi"": -41}, ""communication_mode"": ""BLUETOOTH-SIMULATED"", ""timestamp"": 60857, ""packets_received"": 494, ""kalman_data"": {""altitude"": -0.11, ""vertical_velocity"": 0.22}, ""kalman_altitude"": -0.11, ""kalman_vertical_velocity"": 0.22, ""pyroDrogue"": 0, ""pyroMain"": 0, ""pyro1_state"": 0, ""pyro2_state"": 0}"
1768244383.392497,2026-01-12T21:59:43.392497,0,0,0,-0.44,-0.04,0.85,-36.5,-1.6,-0.1,0.7,-0.7,-1.2921,36.8219,1665.3,60970,858.02,26.9,0,0,0,0,14.8,-48,-0.32,0.19,BLUETOOTH-SIMULATED,"{""record_number"": 0, ""operation_mode"": 0, ""state"": 0, ""battery_voltage"": 14.8, ""wifi_rssi"": -48, ""acc_data"": {""ax"": -0.44, ""ay"": -0.04, ""az"": 0.85, ""pitch"": -36.5, ""roll"": -1.6}, ""gyro_data"": {""gx"": -0.1, ""gy"": 0.7, ""gz"": -0.7}, ""gps_data"": {""latitude"": -1.2921, ""longitude"": 36.8219, ""gps_altitude"": 1665.3, ""time"": 60970}, ""alt_data"": {""pressure"": 858.02, ""temperature"": 26.9, ""AGL"": 0, ""velocity"": 0, ""kalman_altitude"": -0.32, ""kalman_vertical_velocity"": 0.19}, ""chute_state"": {""pyro1_state"": 0, ""pyro2_state"": 0}, ""connection_status"": {""connected"": true, ""has_ever_connected"": true, ""packet_age_ms"": 0, ""timeout_exceeded"": false, ""rssi"": -48}, ""communication_mode"": ""BLUETOOTH-SIMULATED"", ""timestamp"": 60970, ""packets_received"": 495, ""kalman_data"": {""altitude"": -0.32, ""vertical_velocity"": 0.19}, ""kalman_altitude"": -0.32, ""kalman_vertical_velocity"": 0.19, ""pyroDrogue"": 0, ""pyroMain"": 0, ""pyro1_state"": 0, ""pyro2_state"": 0}"
1768244383.527501,2026-01-12T21:59:43.527501,0,0,0,-0.73,-0.02,0.65,-36.6,-2.2,4.7,-3.9,1.1,-1.2921,36.8219,1662.4,61083,858.07,26.4,0,0,0,0,14.8,-49,-0.1,-0.26,BLUETOOTH-SIMULATED,"{""record_number"": 0, ""operation_mode"": 0, ""state"": 0, ""battery_voltage"": 14.8, ""wifi_rssi"": -49, ""acc_data"": {""ax"": -0.73, ""ay"": -0.02, ""az"": 0.65, ""pitch"": -36.6, ""roll"": -2.2}, ""gyro_data"": {""gx"": 4.7, ""gy"": -3.9, ""gz"": 1.1}, ""gps_data"": {""latitude"": -1.2921, ""longitude"": 36.8219, ""gps_altitude"": 1662.4, ""time"": 61083}, ""alt_data"": {""pressure"": 858.07, ""temperature"": 26.4, ""AGL"": 0, ""velocity"": 0, ""kalman_altitude"": -0.1, ""kalman_vertical_velocity"": -0.26}, ""chute_state"": {""pyro1_state"": 0, ""pyro2_state"": 0}, ""connection_status"": {""connected"": true, ""has_ever_connected"": true, ""packet_age_ms"": 0, ""timeout_exceeded"": false, ""rssi"": -49}, ""communication_mode"": ""BLUETOOTH-SIMULATED"", ""timestamp"": 61083, ""packets_received"": 496, ""kalman_data"": {""altitude"": -0.1, ""vertical_velocity"": -0.26}, ""kalman_altitude"": -0.1, ""kalman_vertical_velocity"": -0.26, ""pyroDrogue"": 0, ""pyroMain"": 0, ""pyro1_state"": 0, ""pyro2_state"": 0}"
1768244383.619496,2026-01-12T21:59:43.619496,0,0,0,-0.55,0.07,0.7,-36.8,-2.2,-3.9,-2.2,4.2,-1.2921,36.8219,1660.4,61196,858.07,26.5,0,0,0,0,14.8,-45,-0.16,-0.11,BLUETOOTH-SIMULATED,"{""record_number"": 0, ""operation_mode"": 0, ""state"": 0, ""battery_voltage"": 14.8, ""wifi_rssi"": -45, ""acc_data"": {""ax"": -0.55, ""ay"": 0.07, ""az"": 0.7, ""pitch"": -36.8, ""roll"": -2.2}, ""gyro_data"": {""gx"": -3.9, ""gy"": -2.2, ""gz"": 4.2}, ""gps_data"": {""latitude"": -1.2921, ""longitude"": 36.8219, ""gps_altitude"": 1660.4, ""time"": 61196}, ""alt_data"": {""pressure"": 858.07, ""temperature"": 26.5, ""AGL"": 0, ""velocity"": 0, ""kalman_altitude"": -0.16, ""kalman_vertical_velocity"": -0.11}, ""chute_state"": {""pyro1_state"": 0, ""pyro2_state"": 0}, ""connection_status"": {""connected"": true, ""has_ever_connected"": true, ""packet_age_ms"": 0, ""timeout_exceeded"": false, ""rssi"": -45}, ""communication_mode"": ""BLUETOOTH-SIMULATED"", ""timestamp"": 61196, ""packets_received"": 497, ""kalman_data"": {""altitude"": -0.16, ""vertical_velocity"": -0.11}, ""kalman_altitude"": -0.16, ""kalman_vertical_velocity"": -0.11, ""pyroDrogue"": 0, ""pyroMain"": 0, ""pyro1_state"": 0, ""pyro2_state"": 0}"
1768244383.728256,2026-01-12T21:59:43.728256,0,0,0,-0.66,-0.1,0.71,-36.4,-2.7,3.5,-3.7,0.2,-1.2921,36.8219,1661.7,61309,857.95,26.3,0,0,0,0,14.8,-41,0.47,0.13,BLUETOOTH-SIMULATED,"{""record_number"": 0, ""operation_mode"": 0, ""state"": 0, ""battery_voltage"": 14.8, ""wifi_rssi"": -41, ""acc_data"": {""ax"": -0.66, ""ay"": -0.1, ""az"": 0.71, ""pitch"": -36.4, ""roll"": -2.7}, ""gyro_data"": {""gx"": 3.5, ""gy"": -3.7, ""gz"": 0.2}, ""gps_data"": {""latitude"": -1.2921, ""longitude"": 36.8219, ""gps_altitude"": 1661.7, ""time"": 61309}, ""alt_data"": {""pressure"": 857.95, ""temperature"": 26.3, ""AGL"": 0, ""velocity"": 0, ""kalman_altitude"": 0.47, ""kalman_vertical_velocity"": 0.13}, ""chute_state"": {""pyro1_state"": 0, ""pyro2_state"": 0}, ""connection_status"": {""connected"": true, ""has_ever_connected"": true, ""packet_age_ms"": 0, ""timeout_exceeded"": false, ""rssi"": -41}, ""communication_mode"": ""BLUETOOTH-SIMULATED"", ""timestamp"": 61309, ""packets_received"": 498, ""kalman_data"": {""altitude"": 0.47, ""vertical_velocity"": 0.13}, ""kalman_altitude"": 0.47, ""kalman_vertical_velocity"": 0.13, ""pyroDrogue"": 0, ""pyroMain"": 0, ""pyro1_state"": 0, ""pyro2_state"": 0}"
1768244383.887343,2026-01-12T21:59:43.887343,0,0,0,-0.72,0.08,0.81,-36.1,-2.6,3,-3.5,-0.4,-1.2921,36.8219,1656.5,61422,858.08,26.4,0,0,0,0,14.8,-42,0.05,0.18,BLUETOOTH-SIMULATED,"{""record_number"": 0, ""operation_mode"": 0, ""state"": 0, ""battery_voltage"": 14.8, ""wifi_rssi"": -42, ""acc_data"": {""ax"": -0.72, ""ay"": 0.08, ""az"": 0.81, ""pitch"": -36.1, ""roll"": -2.6}, ""gyro_data"": {""gx"": 3, ""gy"": -3.5, ""gz"": -0.4}, ""gps_data"": {""latitude"": -1.2921, ""longitude"": 36.8219, ""gps_altitude"": 1656.5, ""time"": 61422}, ""alt_data"": {""pressure"": 858.08, ""temperature"": 26.4, ""AGL"": 0, ""velocity"": 0, ""kalman_altitude"": 0.05, ""kalman_vertical_velocity"": 0.18}, ""chute_state"": {""pyro1_state"": 0, ""pyro2_state"": 0}, ""connection_status"": {""connected"": true, ""has_ever_connected"": true, ""packet_age_ms"": 0, ""timeout_exceeded"": false, ""rssi"": -42}, ""communication_mode"": ""BLUETOOTH-SIMULATED"", ""timestamp"": 61422, ""packets_received"": 499, ""kalman_data"": {""altitude"": 0.05, ""vertical_velocity"": 0.18}, ""kalman_altitude"": 0.05, ""kalman_vertical_velocity"": 0.18, ""pyroDrogue"": 0, ""pyroMain"": 0, ""pyro1_state"": 0, ""pyro2_state"": 0}"
1768244383.974818,2026-01-12T21:59:43.974818,0,0,0,-0.73,-0.04,0.84,-36.5,-2.8,-0.3,-1.8,-4,-1.2921,36.8219,1662.2,61535,857.97,26.5,0,0,0,0,14.8,-49,-0.05,-0.27,BLUETOOTH-SIMULATED,"{""record_number"": 0, ""operation_mode"": 0, ""state"": 0, ""battery_voltage"": 14.8, ""wifi_rssi"": -49, ""acc_data"": {""ax"": -0.73, ""ay"": -0.04, ""az"": 0.84, ""pitch"": -36.5, ""roll"": -2.8}, ""gyro_data"": {""gx"": -0.3, ""gy"": -1.8, ""gz"": -4}, ""gps_data"": {""latitude"": -1.2921, ""longitude"": 36.8219, ""gps_altitude"": 1662.2, ""time"": 61535}, ""alt_data"": {""pressure"": 857.97, ""temperature"": 26.5, ""AGL"": 0, ""velocity"": 0, ""kalman_altitude"": -0.05, ""kalman_vertical_velocity"": -0.27}, ""chute_state"": {""pyro1_state"": 0, ""pyro2_state"": 0}, ""connection_status"": {""connected"": true, ""has_ever_connected"": true, ""packet_age_ms"": 0, ""timeout_exceeded"": false, ""rssi"": -49}, ""communication_mode"": ""BLUETOOTH-SIMULATED"", ""timestamp"": 61535, ""packets_received"": 500, ""kalman_data"": {""altitude"": -0.05, ""vertical_velocity"": -0.27}, ""kalman_altitude"": -0.05, ""kalman_vertical_velocity"": -0.27, ""pyroDrogue"": 0, ""pyroMain"": 0, ""pyro1_state"": 0, ""pyro2_state"": 0}"
1768244384.07501,2026-01-12T21:59:44.075010,0,0,0,-0.7,0.15,0.77,-36.8,-1.1,-2.3,-1.4,-4.6,-1.2921,36.8219,1656.9,61648,857.96,27,0,0,0,0,14.8,-50,-0.22,0.1,BLUETOOTH-SIMULATED,"{""record_number"": 0, ""operation_mode"": 0, ""state"": 0, ""battery_voltage"": 14.8, ""wifi_rssi"": -50, ""acc_data"": {""ax"": -0.7, ""ay"": 0.15, ""az"": 0.77, ""pitch"": -36.8, ""roll"": -1.1}, ""gyro_data"": {""gx"": -2.3, ""gy"": -1.4, ""gz"": -4.6}, ""gps_data"": {""latitude"": -1.2921, ""longitude"": 36.8219, ""gps_altitude"": 1656.9, ""time"": 61648}, ""alt_data"": {""pressure"": 857.96, ""temperature"": 27, ""AGL"": 0, ""velocity"": 0, ""kalman_altitude"": -0.22, ""kalman_vertical_velocity"": 0.1}, ""chute_state"": {""pyro1_state"": 0, ""pyro2_state"": 0}, ""connection_status"": {""connected"": true, ""has_ever_connected"": true, ""packet_age_ms"": 0, ""timeout_exceeded"": false, ""rssi"": -50}, ""communication_mode"": ""BLUETOOTH-SIMULATED"", ""timestamp"": 61648, ""packets_received"": 501, ""kalman_data"": {""altitude"": -0.22, ""vertical_velocity"": 0.1}, ""kalman_altitude"": -0.22, ""kalman_vertical_velocity"": 0.1, ""pyroDrogue"": 0, ""pyroMain"": 0, ""pyro1_state"": 0, ""pyro2_state"": 0}"
1768244384.242779,2026-01-12T21:59:44.242779,0,0,0,-0.75,-0.16,0.49,-36.5,-2.9,2.5,-4.5,-3.7,-1.2921,36.8219,1659.9,61761,857.91,26.2,0,0,0,0,14.8,-48,0.02,0.09,BLUETOOTH-SIMULATED,"{""record_number"": 0, ""operation_mode"": 0, ""state"": 0, ""battery_voltage"": 14.8, ""wifi_rssi"": -48, ""acc_data"": {""ax"": -0.75, ""ay"": -0.16, ""az"": 0.49, ""pitch"": -36.5, ""roll"": -2.9}, ""gyro_data"": {""gx"": 2.5, ""gy"": -4.5, ""gz"": -3.7}, ""gps_data"": {""latitude"": -1.2921, ""longitude"": 36.8219, ""gps_altitude"": 1659.9, ""time"": 61761}, ""alt_data"": {""pressure"": 857.91, ""temperature"": 26.2, ""AGL"": 0, ""velocity"": 0, ""kalman_altitude"": 0.02, ""kalman_vertical_velocity"": 0.09}, ""chute_state"": {""pyro1_state"": 0, ""pyro2_state"": 0}, ""connection_status"": {""connected"": true, ""has_ever_connected"": true, ""packet_age_ms"": 0, ""timeout_exceeded"": false, ""rssi"": -48}, ""communication_mode"": ""BLUETOOTH-SIMULATED"", ""timestamp"": 61761, ""packets_received"": 502, ""kalman_data"": {""altitude"": 0.02, ""vertical_velocity"": 0.09}, ""kalman_altitude"": 0.02, ""kalman_vertical_velocity"": 0.09, ""pyroDrogue"": 0, ""pyroMain"": 0, ""pyro1_state"": 0, ""pyro2_state"": 0}"
1768244384.336752,2026-01-12T21:59:44.336752,0,0,0,-0.54,0,0.88,-35.4,-2.5,1.3,-4.1,-1.6,-1.2921,36.8219,1656.3,61874,857.97,26.5,0,0,0,0,14.8,-47,-0.27,-0.19,BLUETOOTH-SIMULATED,"{""record_number"": 0, ""operation_mode"": 0, ""state"": 0, ""battery_voltage"": 14.8, ""wifi_rssi"": -47, ""acc_data"": {""ax"": -0.54, ""ay"": 0, ""az"": 0.88, ""pitch"": -35.4, ""roll"": -2.5}, ""gyro_data"": {""gx"": 1.3, ""gy"": -4.1, ""gz"": -1.6}, ""gps_data"": {""latitude"": -1.2921, ""longitude"": 36.8219, ""gps_altitude"": 1656.3, ""time"": 61874}, ""alt_data"": {""pressure"": 857.97, ""temperature"": 26.5, ""AGL"": 0, ""velocity"": 0, ""kalman_altitude"": -0.27, ""kalman_vertical_velocity"": -0.19}, ""chute_state"": {""pyro1_state"": 0, ""pyro2_state"": 0}, ""connection_status"": {""connected"": true, ""has_ever_connected"": true, ""packet_age_ms"": 0, ""timeout_exceeded"": false, ""rssi"": -47}, ""communication_mode"": ""BLUETOOTH-SIMULATED"", ""timestamp"": 61874, ""packets_received"": 503, ""kalman_data"": {""altitude"": -0.27, ""vertical_velocity"": -0.19}, ""kalman_altitude"": -0.27, ""kalman_vertical_velocity"": -0.19, ""pyroDrogue"": 0, ""pyroMain"": 0, ""pyro1_state"": 0, ""pyro2_state"": 0}"
1768244384.552287,2026-01-12T21:59:44.552287,0,0,0,-0.42,-0.15,0.81,-35.7,-1.1,1.3,-3.6,3.6,-1.2921,36.8219,1664.7,61987,857.91,26.7,0,0,0,0,14.8,-50,0.02,0.11,BLUETOOTH-SIMULATED,"{""record_number"": 0, ""operation_mode"": 0, ""state"": 0, ""battery_voltage"": 14.8, ""wifi_rssi"": -50, ""acc_data"": {""ax"": -0.42, ""ay"": -0.15, ""az"": 0.81, ""pitch"": -35.7, ""roll"": -1.1}, ""gyro_data"": {""gx"": 1.3, ""gy"": -3.6, ""gz"": 3.6}, ""gps_data"": {""latitude"": -1.2921, ""longitude"": 36.8219, ""gps_altitude"": 1664.7, ""time"": 61987}, ""alt_data"": {""pressure"": 857.91, ""temperature"": 26.7, ""AGL"": 0, ""velocity"": 0, ""kalman_altitude"": 0.02, ""kalman_vertical_velocity"": 0.11}, ""chute_state"": {""pyro1_state"": 0, ""pyro2_state"": 0}, ""connection_status"": {""connected"": true, ""has_ever_connected"": true, ""packet_age_ms"": 0, ""timeout_exceeded"": false, ""rssi"": -50}, ""communication_mode"": ""BLUETOOTH-SIMULATED"", ""timestamp"": 61987, ""packets_received"": 504, ""kalman_data"": {""altitude"": 0.02, ""vertical_velocity"": 0.11}, ""kalman_altitude"": 0.02, ""kalman_vertical_velocity"": 0.11, ""pyroDrogue"": 0, ""pyroMain"": 0, ""pyro1_state"": 0, ""pyro2_state"": 0}"
1768244384.60532,2026-01-12T21:59:44.605320,0,0,0,-0.78,-0.2,0.53,-35.8,-2.5,-4.2,4,0.4,-1.2921,36.8219,1656.7,62100,857.9,26.8,0,0,0,0,14.8,-47,0.25,-0.21,BLUETOOTH-SIMULATED,"{""record_number"": 0, ""operation_mode"": 0, ""state"": 0, ""battery_voltage"": 14.8, ""wifi_rssi"": -47, ""acc_data"": {""ax"": -0.78, ""ay"": -0.2, ""az"": 0.53, ""pitch"": -35.8, ""roll"": -2.5}, ""gyro_data"": {""gx"": -4.2, ""gy"": 4, ""gz"": 0.4}, ""gps_data"": {""latitude"": -1.2921, ""longitude"": 36.8219, ""gps_altitude"": 1656.7, ""time"": 62100}, ""alt_data"": {""pressure"": 857.9, ""temperature"": 26.8, ""AGL"": 0, ""velocity"": 0, ""kalman_altitude"": 0.25, ""kalman_vertical_velocity"": -0.21}, ""chute_state"": {""pyro1_state"": 0, ""pyro2_state"": 0}, ""connection_status"": {""connected"": true, ""has_ever_connected"": true, ""packet_age_ms"": 0, ""timeout_exceeded"": false, ""rssi"": -47}, ""communication_mode"": ""BLUETOOTH-SIMULATED"", ""timestamp"": 62100, ""packets_received"": 505, ""kalman_data"": {""altitude"": 0.25, ""vertical_velocity"": -0.21}, ""kalman_altitude"": 0.25, ""kalman_vertical_velocity"": -0.21, ""pyroDrogue"": 0, ""pyroMain"": 0, ""pyro1_state"": 0, ""pyro2_state"": 0}"
1768244384.662321,2026-01-12T21:59:44.662321,0,0,0,-0.55,0.03,0.62,-36.8,-1.5,-0.6,2,3.7,-1.2921,36.8219,1665.3,62213,858.04,26.8,0,0,0,0,14.8,-46,0.28,-0.1,BLUETOOTH-SIMULATED,"{""record_number"": 0, ""operation_mode"": 0, ""state"": 0, ""battery_voltage"": 14.8, ""wifi_rssi"": -46, ""acc_data"": {""ax"": -0.55, ""ay"": 0.03, ""az"": 0.62, ""pitch"": -36.8, ""roll"": -1.5}, ""gyro_data"": {""gx"": -0.6, ""gy"": 2, ""gz"": 3.7}, ""gps_data"": {""latitude"": -1.2921, ""longitude"": 36.8219, ""gps_altitude"": 1665.3, ""time"": 62213}, ""alt_data"": {""pressure"": 858.04, ""temperature"": 26.8, ""AGL"": 0, ""velocity"": 0, ""kalman_altitude"": 0.28, ""kalman_vertical_velocity"": -0.1}, ""chute_state"": {""pyro1_state"": 0, ""pyro2_state"": 0}, ""connection_status"": {""connected"": true, ""has_ever_connected"": true, ""packet_age_ms"": 0, ""timeout_exceeded"": false, ""rssi"": -46}, ""communication_mode"": ""BLUETOOTH-SIMULATED"", ""timestamp"": 62213, ""packets_received"": 506, ""kalman_data"": {""altitude"": 0.28, ""vertical_velocity"": -0.1}, ""kalman_altitude"": 0.28, ""kalman_vertical_velocity"": -0.1, ""pyroDrogue"": 0, ""pyroMain"": 0, ""pyro1_state"": 0, ""pyro2_state"": 0}"
1768244384.793698,2026-01-12T21:59:44.793698,0,0,0,-0.58,-0.08,0.82,-35.6,-2,-3.3,-4.3,-3,-1.2921,36.8219,1663.2,62326,857.91,26.8,0,0,0,0,14.8,-48,-0.19,0.22,BLUETOOTH-SIMULATED,"{""record_number"": 0, ""operation_mode"": 0, ""state"": 0, ""battery_voltage"": 14.8, ""wifi_rssi"": -48, ""acc_data"": {""ax"": -0.58, ""ay"": -0.08, ""az"": 0.82, ""pitch"": -35.6, ""roll"": -2}, ""gyro_data"": {""gx"": -3.3, ""gy"": -4.3, ""gz"": -3}, ""gps_data"": {""latitude"": -1.2921, ""longitude"": 36.8219, ""gps_altitude"": 1663.2, ""time"": 62326}, ""alt_data"": {""pressure"": 857.91, ""temperature"": 26.8, ""AGL"": 0, ""velocity"": 0, ""kalman_altitude"": -0.19, ""kalman_vertical_velocity"": 0.22}, ""chute_state"": {""pyro1_state"": 0, ""pyro2_state"": 0}, ""connection_status"": {""connected"": true, ""has_ever_connected"": true, ""packet_age_ms"": 0, ""timeout_exceeded"": false, ""rssi"": -48}, ""communication_mode"": ""BLUETOOTH-SIMULATED"", ""timestamp"": 62326, ""packets_received"": 507, ""kalman_data"": {""altitude"": -0.19, ""vertical_velocity"": 0.22}, ""kalman_altitude"": -0.19, ""kalman_vertical_velocity"": 0.22, ""pyroDrogue"": 0, ""pyroMain"": 0, ""pyro1_state"": 0, ""pyro2_state"": 0}"
1768244384.907611,2026-01-12T21:59:44.907611,0,0,0,-0.59,-0.11,0.77,-36.1,-3,1.9,-2.9,-3.2,-1.2921,36.8219,1664.1,62439,858.03,27,0,0,0,0,14.8,-50,0.31,-0.02,BLUETOOTH-SIMULATED,"{""record_number"": 0, ""operation_mode"": 0, ""state"": 0, ""battery_voltage"": 14.8, ""wifi_rssi"": -50, ""acc_data"": {""ax"": -0.59, ""ay"": -0.11, ""az"": 0.77, ""pitch"": -36.1, ""roll"": -3}, ""gyro_data"": {""gx"": 1.9, ""gy"": -2.9, ""gz"": -3.2}, ""gps_data"": {""latitude"": -1.2921, ""longitude"": 36.8219, ""gps_altitude"": 1664.1, ""time"": 62439}, ""alt_data"": {""pressure"": 858.03, ""temperature"": 27, ""AGL"": 0, ""velocity"": 0, ""kalman_altitude"": 0.31, ""kalman_vertical_velocity"": -0.02}, ""chute_state"": {""pyro1_state"": 0, ""pyro2_state"": 0}, ""connection_status"": {""connected"": true, ""has_ever_connected"": true, ""packet_age_ms"": 0, ""timeout_exceeded"": false, ""rssi"": -50}, ""communication_mode"": ""BLUETOOTH-SIMULATED"", ""timestamp"": 62439, ""packets_received"": 508, ""kalman_data"": {""altitude"": 0.31, ""vertical_velocity"": -0.02}, ""kalman_altitude"": 0.31, ""kalman_vertical_velocity"": -0.02, ""pyroDrogue"": 0, ""pyroMain"": 0, ""pyro1_state"": 0, ""pyro2_state"": 0}"
1768244385.042436,2026-01-12T21:59:45.042436,0,0,0,-0.68,0.17,0.51,-36.2,-2.3,1,4.5,0.3,-1.2921,36.8219,1656.6,62552,858.03,26.6,0,0,0,0,14.8,-47,-0.25,-0.17,BLUETOOTH-SIMULATED,"{""record_number"": 0, ""operation_mode"": 0, ""state"": 0, ""battery_voltage"": 14.8, ""wifi_rssi"": -47, ""acc_data"": {""ax"": -0.68, ""ay"": 0.17, ""az"": 0.51, ""pitch"": -36.2, ""roll"": -2.3}, ""gyro_data"": {""gx"": 1, ""gy"": 4.5, ""gz"": 0.3}, ""gps_data"": {""latitude"": -1.2921, ""longitude"": 36.8219, ""gps_altitude"": 1656.6, ""time"": 62552}, ""alt_data"": {""pressure"": 858.03, ""temperature"": 26.6, ""AGL"": 0, ""velocity"": 0, ""kalman_altitude"": -0.25, ""kalman_vertical_velocity"": -0.17}, ""chute_state"": {""pyro1_state"": 0, ""pyro2_state"": 0}, ""connection_status"": {""connected"": true, ""has_ever_connected"": true, ""packet_age_ms"": 0, ""timeout_exceeded"": false, ""rssi"": -47}, ""communication_mode"": ""BLUETOOTH-SIMULATED"", ""timestamp"": 62552, ""packets_received"": 509, ""kalman_data"": {""altitude"": -0.25, ""vertical_velocity"": -0.17}, ""kalman_altitude"": -0.25, ""kalman_vertical_velocity"": -0.17, ""pyroDrogue"": 0, ""pyroMain"": 0, ""pyro1_state"": 0, ""pyro2_state"": 0}"
1768244385.096436,2026-01-12T21:59:45.096436,0,0,0,-0.42,0.04,0.6,-35.6,-2.6,0.4,1.1,-2.1,-1.2921,36.8219,1664.5,62665,857.91,26.7,0,0,0,0,14.8,-42,-0.46,0.13,BLUETOOTH-SIMULATED,"{""record_number"": 0, ""operation_mode"": 0, ""state"": 0, ""battery_voltage"": 14.8, ""wifi_rssi"": -42, ""acc_data"": {""ax"": -0.42, ""ay"": 0.04, ""az"": 0.6, ""pitch"": -35.6, ""roll"": -2.6}, ""gyro_data"": {""gx"": 0.4, ""gy"": 1.1, ""gz"": -2.1}, ""gps_data"": {""latitude"": -1.2921, ""longitude"": 36.8219, ""gps_altitude"": 1664.5, ""time"": 62665}, ""alt_data"": {""pressure"": 857.91, ""temperature"": 26.7, ""AGL"": 0, ""velocity"": 0, ""kalman_altitude"": -0.46, ""kalman_vertical_velocity"": 0.13}, ""chute_state"": {""pyro1_state"": 0, ""pyro2_state"": 0}, ""connection_status"": {""connected"": true, ""has_ever_connected"": true, ""packet_age_ms"": 0, ""timeout_exceeded"": false, ""rssi"": -42}, ""communication_mode"": ""BLUETOOTH-SIMULATED"", ""timestamp"": 62665, ""packets_received"": 510, ""kalman_data"": {""altitude"": -0.46, ""vertical_velocity"": 0.13}, ""kalman_altitude"": -0.46, ""kalman_vertical_velocity"": 0.13, ""pyroDrogue"": 0, ""pyroMain"": 0, ""pyro1_state"": 0, ""pyro2_state"": 0}"
1768244385.213439,2026-01-12T21:59:45.213439,0,0,0,-0.48,0.11,0.78,-35.9,-2.2,-3.6,2.4,-2.8,-1.2921,36.8219,1662.3,62778,857.99,26.4,0,0,0,0,14.8,-50,0.28,-0.26,BLUETOOTH-SIMULATED,"{""record_number"": 0, ""operation_mode"": 0, ""state"": 0, ""battery_voltage"": 14.8, ""wifi_rssi"": -50, ""acc_data"": {""ax"": -0.48, ""ay"": 0.11, ""az"": 0.78, ""pitch"": -35.9, ""roll"": -2.2}, ""gyro_data"": {""gx"": -3.6, ""gy"": 2.4, ""gz"": -2.8}, ""gps_data"": {""latitude"": -1.2921, ""longitude"": 36.8219, ""gps_altitude"": 1662.3, ""time"": 62778}, ""alt_data"": {""pressure"": 857.99, ""temperature"": 26.4, ""AGL"": 0, ""velocity"": 0, ""kalman_altitude"": 0.28, ""kalman_vertical_velocity"": -0.26}, ""chute_state"": {""pyro1_state"": 0, ""pyro2_state"": 0}, ""connection_status"": {""connected"": true, ""has_ever_connected"": true, ""packet_age_ms"": 0, ""timeout_exceeded"": false, ""rssi"": -50}, ""communication_mode"": ""BLUETOOTH-SIMULATED"", ""timestamp"": 62778, ""packets_received"": 511, ""kalman_data"": {""altitude"": 0.28, ""vertical_velocity"": -0.26}, ""kalman_altitude"": 0.28, ""kalman_vertical_velocity"": -0.26, ""pyroDrogue"": 0, ""pyroMain"": 0, ""pyro1_state"": 0, ""pyro2_state"": 0}"
1768244385.330084,2026-01-12T21:59:45.330084,0,0,0,-0.78,0.12,0.87,-36.6,-2.4,-1.4,-4,-2.8,-1.2921,36.8219,1661.8,62891,858.06,26.2,0,0,0,0,14.8,-42,0.47,0.08,BLUETOOTH-SIMULATED,"{""record_number"": 0, ""operation_mode"": 0, ""state"": 0, ""battery_voltage"": 14.8, ""wifi_rssi"": -42, ""acc_data"": {""ax"": -0.78, ""ay"": 0.12, ""az"": 0.87, ""pitch"": -36.6, ""roll"": -2.4}, ""gyro_data"": {""gx"": -1.4, ""gy"": -4, ""gz"": -2.8}, ""gps_data"": {""latitude"": -1.2921, ""longitude"": 36.8219, ""gps_altitude"": 1661.8, ""time"": 62891}, ""alt_data"": {""pressure"": 858.06, ""temperature"": 26.2, ""AGL"": 0, ""velocity"": 0, ""kalman_altitude"": 0.47, ""kalman_vertical_velocity"": 0.08}, ""chute_state"": {""pyro1_state"": 0, ""pyro2_state"": 0}, ""connection_status"": {""connected"": true, ""has_ever_connected"": true, ""packet_age_ms"": 0, ""timeout_exceeded"": false, ""rssi"": -42}, ""communication_mode"": ""BLUETOOTH-SIMULATED"", ""timestamp"": 62891, ""packets_received"": 512, ""kalman_data"": {""altitude"": 0.47, ""vertical_velocity"": 0.08}, ""kalman_altitude"": 0.47, ""kalman_vertical_velocity"": 0.08, ""pyroDrogue"": 0, ""pyroMain"": 0, ""pyro1_state"": 0, ""pyro2_state"": 0}"
1768244385.425087,2026-01-12T21:59:45.425087,0,0,0,-0.66,0.17,0.64,-35.8,-1.3,-1.5,0.8,-4.1,-1.2921,36.8219,1659.3,63004,858.01,26.5,0,0,0,0,14.8,-49,-0.08,0.04,BLUETOOTH-SIMULATED,"{""record_number"": 0, ""operation_mode"": 0, ""state"": 0, ""battery_voltage"": 14.8, ""wifi_rssi"": -49, ""acc_data"": {""ax"": -0.66, ""ay"": 0.17, ""az"": 0.64, ""pitch"": -35.8, ""roll"": -1.3}, ""gyro_data"": {""gx"": -1.5, ""gy"": 0.8, ""gz"": -4.1}, ""gps_data"": {""latitude"": -1.2921, ""longitude"": 36.8219, ""gps_altitude"": 1659.3, ""time"": 63004}, ""alt_data"": {""pressure"": 858.01, ""temperature"": 26.5, ""AGL"": 0, ""velocity"": 0, ""kalman_altitude"": -0.08, ""kalman_vertical_velocity"": 0.04}, ""chute_state"": {""pyro1_state"": 0, ""pyro2_state"": 0}, ""connection_status"": {""connected"": true, ""has_ever_connected"": true, ""packet_age_ms"": 0, ""timeout_exceeded"": false, ""rssi"": -49}, ""communication_mode"": ""BLUETOOTH-SIMULATED"", ""timestamp"": 63004, ""packets_received"": 513, ""kalman_data"": {""altitude"": -0.08, ""vertical_velocity"": 0.04}, ""kalman_altitude"": -0.08, ""kalman_vertical_velocity"": 0.04, ""pyroDrogue"": 0, ""pyroMain"": 0, ""pyro1_state"": 0, ""pyro2_state"": 0}"
1768244385.538088,2026-01-12T21:59:45.538088,0,0,0,-0.47,0,0.57,-37,-3,1.2,0.8,2.3,-1.2921,36.8219,1656.2,63117,857.98,26.5,0,0,0,0,14.8,-44,-0.37,0.09,BLUETOOTH-SIMULATED,"{""record_number"": 0, ""operation_mode"": 0, ""state"": 0, ""battery_voltage"": 14.8, ""wifi_rssi"": -44, ""acc_data"": {""ax"": -0.47, ""ay"": 0, ""az"": 0.57, ""pitch"": -37, ""roll"": -3}, ""gyro_data"": {""gx"": 1.2, ""gy"": 0.8, ""gz"": 2.3}, ""gps_data"": {""latitude"": -1.2921, ""longitude"": 36.8219, ""gps_altitude"": 1656.2, ""time"": 63117}, ""alt_data"": {""pressure"": 857.98, ""temperature"": 26.5, ""AGL"": 0, ""velocity"": 0, ""kalman_altitude"": -0.37, ""kalman_vertical_velocity"": 0.09}, ""chute_state"": {""pyro1_state"": 0, ""pyro2_state"": 0}, ""connection_status"": {""connected"": true, ""has_ever_connected"": true, ""packet_age_ms"": 0, ""timeout_exceeded"": false, ""rssi"": -44}, ""communication_mode"": ""BLUETOOTH-SIMULATED"", ""timestamp"": 63117, ""packets_received"": 514, ""kalman_data"": {""altitude"": -0.37, ""vertical_velocity"": 0.09}, ""kalman_altitude"": -0.37, ""kalman_vertical_velocity"": 0.09, ""pyroDrogue"": 0, ""pyroMain"": 0, ""pyro1_state"": 0, ""pyro2_state"": 0}"
1768244386.117557,2026-01-12T21:59:46.117557,0,0,0,-0.49,0.14,0.87,-35.5,-1.2,-4,-1.7,-2.6,-1.2921,36.8219,1664.3,63230,858.09,26.5,0,0,0,0,14.8,-41,-0.26,-0.05,BLUETOOTH-SIMULATED,"{""record_number"": 0, ""operation_mode"": 0, ""state"": 0, ""battery_voltage"": 14.8, ""wifi_rssi"": -41, ""acc_data"": {""ax"": -0.49, ""ay"": 0.14, ""az"": 0.87, ""pitch"": -35.5, ""roll"": -1.2}, ""gyro_data"": {""gx"": -4, ""gy"": -1.7, ""gz"": -2.6}, ""gps_data"": {""latitude"": -1.2921, ""longitude"": 36.8219, ""gps_altitude"": 1664.3, ""time"": 63230}, ""alt_data"": {""pressure"": 858.09, ""temperature"": 26.5, ""AGL"": 0, ""velocity"": 0, ""kalman_altitude"": -0.26, ""kalman_vertical_velocity"": -0.05}, ""chute_state"": {""pyro1_state"": 0, ""pyro2_state"": 0}, ""connection_status"": {""connected"": true, ""has_ever_connected"": true, ""packet_age_ms"": 0, ""timeout_exceeded"": false, ""rssi"": -41}, ""communication_mode"": ""BLUETOOTH-SIMULATED"", ""timestamp"": 63230, ""packets_received"": 515, ""kalman_data"": {""altitude"": -0.26, ""vertical_velocity"": -0.05}, ""kalman_altitude"": -0.26, ""kalman_vertical_velocity"": -0.05, ""pyroDrogue"": 0, ""pyroMain"": 0, ""pyro1_state"": 0, ""pyro2_state"": 0}"
1768244386.261542,2026-01-12T21:59:46.261542,0,0,0,-0.52,0.11,0.71,-35.1,-1.1,0.4,3.7,1.6,-1.2921,36.8219,1659.1,63343,858.01,26.9,0,0,0,0,14.8,-41,-0.28,-0.29,BLUETOOTH-SIMULATED,"{""record_number"": 0, ""operation_mode"": 0, ""state"": 0, ""battery_voltage"": 14.8, ""wifi_rssi"": -41, ""acc_data"": {""ax"": -0.52, ""ay"": 0.11, ""az"": 0.71, ""pitch"": -35.1, ""roll"": -1.1}, ""gyro_data"": {""gx"": 0.4, ""gy"": 3.7, ""gz"": 1.6}, ""gps_data"": {""latitude"": -1.2921, ""longitude"": 36.8219, ""gps_altitude"": 1659.1, ""time"": 63343}, ""alt_data"": {""pressure"": 858.01, ""temperature"": 26.9, ""AGL"": 0, ""velocity"": 0, ""kalman_altitude"": -0.28, ""kalman_vertical_velocity"": -0.29}, ""chute_state"": {""pyro1_state"": 0, ""pyro2_state"": 0}, ""connection_status"": {""connected"": true, ""has_ever_connected"": true, ""packet_age_ms"": 0, ""timeout_exceeded"": false, ""rssi"": -41}, ""communication_mode"": ""BLUETOOTH-SIMULATED"", ""timestamp"": 63343, ""packets_received"": 516, ""kalman_data"": {""altitude"": -0.28, ""vertical_velocity"": -0.29}, ""kalman_altitude"": -0.28, ""kalman_vertical_velocity"": -0.29, ""pyroDrogue"": 0, ""pyroMain"": 0, ""pyro1_state"": 0, ""pyro2_state"": 0}"
1768244386.329542,2026-01-12T21:59:46.329542,0,0,0,-0.69,0.09,0.87,-36.6,-2.3,3.9,2.1,0.3,-1.2921,36.8219,1656.9,63456,857.98,26.2,0,0,0,0,14.8,-44,0.4,-0.2,BLUETOOTH-SIMULATED,"{""record_number"": 0, ""operation_mode"": 0, ""state"": 0, ""battery_voltage"": 14.8, ""wifi_rssi"": -44, ""acc_data"": {""ax"": -0.69, ""ay"": 0.09, ""az"": 0.87, ""pitch"": -36.6, ""roll"": -2.3}, ""gyro_data"": {""gx"": 3.9, ""gy"": 2.1, ""gz"": 0.3}, ""gps_data"": {""latitude"": -1.2921, ""longitude"": 36.8219, ""gps_altitude"": 1656.9, ""time"": 63456}, ""alt_data"": {""pressure"": 857.98, ""temperature"": 26.2, ""AGL"": 0, ""velocity"": 0, ""kalman_altitude"": 0.4, ""kalman_vertical_velocity"": -0.2}, ""chute_state"": {""pyro1_state"": 0, ""pyro2_state"": 0}, ""connection_status"": {""connected"": true, ""has_ever_connected"": true, ""packet_age_ms"": 0, ""timeout_exceeded"": false, ""rssi"": -44}, ""communication_mode"": ""BLUETOOTH-SIMULATED"", ""timestamp"": 63456, ""packets_received"": 517, ""kalman_data"": {""altitude"": 0.4, ""vertical_velocity"": -0.2}, ""kalman_altitude"": 0.4, ""kalman_vertical_velocity"": -0.2, ""pyroDrogue"": 0, ""pyroMain"": 0, ""pyro1_state"": 0, ""pyro2_state"": 0}"
1768244386.493236,2026-01-12T21:59:46.493236,0,0,0,-0.48,-0.14,0.51,-35.7,-1.9,-1.4,-1.1,4.7,-1.2921,36.8219,1657.5,63569,857.9,26.3,0,0,0,0,14.8,-44,0.23,-0.09,BLUETOOTH-SIMULATED,"{""record_number"": 0, ""operation_mode"": 0, ""state"": 0, ""battery_voltage"": 14.8, ""wifi_rssi"": -44, ""acc_data"": {""ax"": -0.48, ""ay"": -0.14, ""az"": 0.51, ""pitch"": -35.7, ""roll"": -1.9}, ""gyro_data"": {""gx"": -1.4, ""gy"": -1.1, ""gz"": 4.7}, ""gps_data"": {""latitude"": -1.2921, ""longitude"": 36.8219, ""gps_altitude"": 1657.5, ""time"": 63569}, ""alt_data"": {""pressure"": 857.9, ""temperature"": 26.3, ""AGL"": 0, ""velocity"": 0, ""kalman_altitude"": 0.23, ""kalman_vertical_velocity"": -0.09}, ""chute_state"": {""pyro1_state"": 0, ""pyro2_state"": 0}, ""connection_status"": {""connected"": true, ""has_ever_connected"": true, ""packet_age_ms"": 0, ""timeout_exceeded"": false, ""rssi"": -44}, ""communication_mode"": ""BLUETOOTH-SIMULATED"", ""timestamp"": 63569, ""packets_received"": 518, ""kalman_data"": {""altitude"": 0.23, ""vertical_velocity"": -0.09}, ""kalman_altitude"": 0.23, ""kalman_vertical_velocity"": -0.09, ""pyroDrogue"": 0, ""pyroMain"": 0, ""pyro1_state"": 0, ""pyro2_state"": 0}"
1768244386.638235,2026-01-12T21:59:46.638235,0,0,0,-0.47,0.16,0.78,-36.8,-2.2,-4.6,-3.3,4.5,-1.2921,36.8219,1658.7,63682,858.06,27.1,0,0,0,0,14.8,-50,0.45,-0.02,BLUETOOTH-SIMULATED,"{""record_number"": 0, ""operation_mode"": 0, ""state"": 0, ""battery_voltage"": 14.8, ""wifi_rssi"": -50, ""acc_data"": {""ax"": -0.47, ""ay"": 0.16, ""az"": 0.78, ""pitch"": -36.8, ""roll"": -2.2}, ""gyro_data"": {""gx"": -4.6, ""gy"": -3.3, ""gz"": 4.5}, ""gps_data"": {""latitude"": -1.2921, ""longitude"": 36.8219, ""gps_altitude"": 1658.7, ""time"": 63682}, ""alt_data"": {""pressure"": 858.06, ""temperature"": 27.1, ""AGL"": 0, ""velocity"": 0, ""kalman_altitude"": 0.45, ""kalman_vertical_velocity"": -0.02}, ""chute_state"": {""pyro1_state"": 0, ""pyro2_state"": 0}, ""connection_status"": {""connected"": true, ""has_ever_connected"": true, ""packet_age_ms"": 0, ""timeout_exceeded"": false, ""rssi"": -50}, ""communication_mode"": ""BLUETOOTH-SIMULATED"", ""timestamp"": 63682, ""packets_received"": 519, ""kalman_data"": {""altitude"": 0.45, ""vertical_velocity"": -0.02}, ""kalman_altitude"": 0.45, ""kalman_vertical_velocity"": -0.02, ""pyroDrogue"": 0, ""pyroMain"": 0, ""pyro1_state"": 0, ""pyro2_state"": 0}"
1768244386.727233,2026-01-12T21:59:46.727233,0,0,0,-0.54,0.01,0.54,-35.5,-1.9,1.2,-1.1,-2.3,-1.2921,36.8219,1656.5,63795,858.02,26.7,0,0,0,0,14.8,-50,0.17,-0.3,BLUETOOTH-SIMULATED,"{""record_number"": 0, ""operation_mode"": 0, ""state"": 0, ""battery_voltage"": 14.8, ""wifi_rssi"": -50, ""acc_data"": {""ax"": -0.54, ""ay"": 0.01, ""az"": 0.54, ""pitch"": -35.5, ""roll"": -1.9}, ""gyro_data"": {""gx"": 1.2, ""gy"": -1.1, ""gz"": -2.3}, ""gps_data"": {""latitude"": -1.2921, ""longitude"": 36.8219, ""gps_altitude"": 1656.5, ""time"": 63795}, ""alt_data"": {""pressure"": 858.02, ""temperature"": 26.7, ""AGL"": 0, ""velocity"": 0, ""kalman_altitude"": 0.17, ""kalman_vertical_velocity"": -0.3}, ""chute_state"": {""pyro1_state"": 0, ""pyro2_state"": 0}, ""connection_status"": {""connected"": true, ""has_ever_connected"": true, ""packet_age_ms"": 0, ""timeout_exceeded"": false, ""rssi"": -50}, ""communication_mode"": ""BLUETOOTH-SIMULATED"", ""timestamp"": 63795, ""packets_received"": 520, ""kalman_data"": {""altitude"": 0.17, ""vertical_velocity"": -0.3}, ""kalman_altitude"": 0.17, ""kalman_vertical_velocity"": -0.3, ""pyroDrogue"": 0, ""pyroMain"": 0, ""pyro1_state"": 0, ""pyro2_state"": 0}"
1768244386.877237,2026-01-12T21:59:46.877237,0,0,0,-0.71,-0.2,0.51,-35.2,-1.2,1.5,2.3,-3.4,-1.2921,36.8219,1664.3,63908,857.93,26.9,0,0,0,0,14.8,-43,0.47,0.17,BLUETOOTH-SIMULATED,"{""record_number"": 0, ""operation_mode"": 0, ""state"": 0, ""battery_voltage"": 14.8, ""wifi_rssi"": -43, ""acc_data"": {""ax"": -0.71, ""ay"": -0.2, ""az"": 0.51, ""pitch"": -35.2, ""roll"": -1.2}, ""gyro_data"": {""gx"": 1.5, ""gy"": 2.3, ""gz"": -3.4}, ""gps_data"": {""latitude"": -1.2921, ""longitude"": 36.8219, ""gps_altitude"": 1664.3, ""time"": 63908}, ""alt_data"": {""pressure"": 857.93, ""temperature"": 26.9, ""AGL"": 0, ""velocity"": 0, ""kalman_altitude"": 0.47, ""kalman_vertical_velocity"": 0.17}, ""chute_state"": {""pyro1_state"": 0, ""pyro2_state"": 0}, ""connection_status"": {""connected"": true, ""has_ever_connected"": true, ""packet_age_ms"": 0, ""timeout_exceeded"": false, ""rssi"": -43}, ""communication_mode"": ""BLUETOOTH-SIMULATED"", ""timestamp"": 63908, ""packets_received"": 521, ""kalman_data"": {""altitude"": 0.47, ""vertical_velocity"": 0.17}, ""kalman_altitude"": 0.47, ""kalman_vertical_velocity"": 0.17, ""pyroDrogue"": 0, ""pyroMain"": 0, ""pyro1_state"": 0, ""pyro2_state"": 0}"
1768244386.978235,2026-01-12T21:59:46.978235,0,0,0,-0.76,-0.04,0.49,-35.3,-3,-2.2,0.6,-0.5,-1.2921,36.8219,1662.7,64021,857.9,27,0,0,0,0,14.8,-50,-0.02,-0.17,BLUETOOTH-SIMULATED,"{""record_number"": 0, ""operation_mode"": 0, ""state"": 0, ""battery_voltage"": 14.8, ""wifi_rssi"": -50, ""acc_data"": {""ax"": -0.76, ""ay"": -0.04, ""az"": 0.49, ""pitch"": -35.3, ""roll"": -3}, ""gyro_data"": {""gx"": -2.2, ""gy"": 0.6, ""gz"": -0.5}, ""gps_data"": {""latitude"": -1.2921, ""longitude"": 36.8219, ""gps_altitude"": 1662.7, ""time"": 64021}, ""alt_data"": {""pressure"": 857.9, ""temperature"": 27, ""AGL"": 0, ""velocity"": 0, ""kalman_altitude"": -0.02, ""kalman_vertical_velocity"": -0.17}, ""chute_state"": {""pyro1_state"": 0, ""pyro2_state"": 0}, ""connection_status"": {""connected"": true, ""has_ever_connected"": true, ""packet_age_ms"": 0, ""timeout_exceeded"": false, ""rssi"": -50}, ""communication_mode"": ""BLUETOOTH-SIMULATED"", ""timestamp"": 64021, ""packets_received"": 522, ""kalman_data"": {""altitude"": -0.02, ""vertical_velocity"": -0.17}, ""kalman_altitude"": -0.02, ""kalman_vertical_velocity"": -0.17, ""pyroDrogue"": 0, ""pyroMain"": 0, ""pyro1_state"": 0, ""pyro2_state"": 0}"
1768244387.206693,2026-01-12T21:59:47.206693,0,0,0,-0.59,-0.15,0.74,-36.7,-2.6,2.8,-4.8,-1.8,-1.2921,36.8219,1665.1,64134,858.08,27.1,0,0,0,0,14.8,-48,-0.42,-0.06,BLUETOOTH-SIMULATED,"{""record_number"": 0, ""operation_mode"": 0, ""state"": 0, ""battery_voltage"": 14.8, ""wifi_rssi"": -48, ""acc_data"": {""ax"": -0.59, ""ay"": -0.15, ""az"": 0.74, ""pitch"": -36.7, ""roll"": -2.6}, ""gyro_data"": {""gx"": 2.8, ""gy"": -4.8, ""gz"": -1.8}, ""gps_data"": {""latitude"": -1.2921, ""longitude"": 36.8219, ""gps_altitude"": 1665.1, ""time"": 64134}, ""alt_data"": {""pressure"": 858.08, ""temperature"": 27.1, ""AGL"": 0, ""velocity"": 0, ""kalman_altitude"": -0.42, ""kalman_vertical_velocity"": -0.06}, ""chute_state"": {""pyro1_state"": 0, ""pyro2_state"": 0}, ""connection_status"": {""connected"": true, ""has_ever_connected"": true, ""packet_age_ms"": 0, ""timeout_exceeded"": false, ""rssi"": -48}, ""communication_mode"": ""BLUETOOTH-SIMULATED"", ""timestamp"": 64134, ""packets_received"": 523, ""kalman_data"": {""altitude"": -0.42, ""vertical_velocity"": -0.06}, ""kalman_altitude"": -0.42, ""kalman_vertical_velocity"": -0.06, ""pyroDrogue"": 0, ""pyroMain"": 0, ""pyro1_state"": 0, ""pyro2_state"": 0}"
1768244387.388686,2026-01-12T21:59:47.388686,0,0,0,-0.69,-0.11,0.83,-36.1,-3,0.7,4.4,-2.3,-1.2921,36.8219,1658,64247,857.93,26.4,0,0,0,0,14.8,-49,0.46,-0.08,BLUETOOTH-SIMULATED,"{""record_number"": 0, ""operation_mode"": 0, ""state"": 0, ""battery_voltage"": 14.8, ""wifi_rssi"": -49, ""acc_data"": {""ax"": -0.69, ""ay"": -0.11, ""az"": 0.83, ""pitch"": -36.1, ""roll"": -3}, ""gyro_data"": {""gx"": 0.7, ""gy"": 4.4, ""gz"": -2.3}, ""gps_data"": {""latitude"": -1.2921, ""longitude"": 36.8219, ""gps_altitude"": 1658, ""time"": 64247}, ""alt_data"": {""pressure"": 857.93, ""temperature"": 26.4, ""AGL"": 0, ""velocity"": 0, ""kalman_altitude"": 0.46, ""kalman_vertical_velocity"": -0.08}, ""chute_state"": {""pyro1_state"": 0, ""pyro2_state"": 0}, ""connection_status"": {""connected"": true, ""has_ever_connected"": true, ""packet_age_ms"": 0, ""timeout_exceeded"": false, ""rssi"": -49}, ""communication_mode"": ""BLUETOOTH-SIMULATED"", ""timestamp"": 64247, ""packets_received"": 524, ""kalman_data"": {""altitude"": 0.46, ""vertical_velocity"": -0.08}, ""kalman_altitude"": 0.46, ""kalman_vertical_velocity"": -0.08, ""pyroDrogue"": 0, ""pyroMain"": 0, ""pyro1_state"": 0, ""pyro2_state"": 0}"
1768244387.528688,2026-01-12T21:59:47.528688,0,0,0,-0.78,-0.19,0.67,-35.9,-2.8,-1.3,-1.5,-3.5,-1.2921,36.8219,1658.6,64360,858,26.7,0,0,0,0,14.8,-44,-0.31,0.26,BLUETOOTH-SIMULATED,"{""record_number"": 0, ""operation_mode"": 0, ""state"": 0, ""battery_voltage"": 14.8, ""wifi_rssi"": -44, ""acc_data"": {""ax"": -0.78, ""ay"": -0.19, ""az"": 0.67, ""pitch"": -35.9, ""roll"": -2.8}, ""gyro_data"": {""gx"": -1.3, ""gy"": -1.5, ""gz"": -3.5}, ""gps_data"": {""latitude"": -1.2921, ""longitude"": 36.8219, ""gps_altitude"": 1658.6, ""time"": 64360}, ""alt_data"": {""pressure"": 858, ""temperature"": 26.7, ""AGL"": 0, ""velocity"": 0, ""kalman_altitude"": -0.31, ""kalman_vertical_velocity"": 0.26}, ""chute_state"": {""pyro1_state"": 0, ""pyro2_state"": 0}, ""connection_status"": {""connected"": true, ""has_ever_connected"": true, ""packet_age_ms"": 0, ""timeout_exceeded"": false, ""rssi"": -44}, ""communication_mode"": ""BLUETOOTH-SIMULATED"", ""timestamp"": 64360, ""packets_received"": 525, ""kalman_data"": {""altitude"": -0.31, ""vertical_velocity"": 0.26}, ""kalman_altitude"": -0.31, ""kalman_vertical_velocity"": 0.26, ""pyroDrogue"": 0, ""pyroMain"": 0, ""pyro1_state"": 0, ""pyro2_state"": 0}"
1768244387.593229,2026-01-12T21:59:47.593229,0,0,0,-0.61,0.15,0.72,-35.3,-1.3,-3.1,1.7,1.4,-1.2921,36.8219,1662.5,64473,858,26.6,0,0,0,0,14.8,-49,0.11,-0.18,BLUETOOTH-SIMULATED,"{""record_number"": 0, ""operation_mode"": 0, ""state"": 0, ""battery_voltage"": 14.8, ""wifi_rssi"": -49, ""acc_data"": {""ax"": -0.61, ""ay"": 0.15, ""az"": 0.72, ""pitch"": -35.3, ""roll"": -1.3}, ""gyro_data"": {""gx"": -3.1, ""gy"": 1.7, ""gz"": 1.4}, ""gps_data"": {""latitude"": -1.2921, ""longitude"": 36.8219, ""gps_altitude"": 1662.5, ""time"": 64473}, ""alt_data"": {""pressure"": 858, ""temperature"": 26.6, ""AGL"": 0, ""velocity"": 0, ""kalman_altitude"": 0.11, ""kalman_vertical_velocity"": -0.18}, ""chute_state"": {""pyro1_state"": 0, ""pyro2_state"": 0}, ""connection_status"": {""connected"": true, ""has_ever_connected"": true, ""packet_age_ms"": 0, ""timeout_exceeded"": false, ""rssi"": -49}, ""communication_mode"": ""BLUETOOTH-SIMULATED"", ""timestamp"": 64473, ""packets_received"": 526, ""kalman_data"": {""altitude"": 0.11, ""vertical_velocity"": -0.18}, ""kalman_altitude"": 0.11, ""kalman_vertical_velocity"": -0.18, ""pyroDrogue"": 0, ""pyroMain"": 0, ""pyro1_state"": 0, ""pyro2_state"": 0}"
1768244387.710228,2026-01-12T21:59:47.710228,0,0,0,-0.45,0.16,0.8,-36.7,-1.9,4.8,-2.8,1.3,-1.2921,36.8219,1663.7,64586,857.99,26.7,0,0,0,0,14.8,-49,0.35,0.08,BLUETOOTH-SIMULATED,"{""record_number"": 0, ""operation_mode"": 0, ""state"": 0, ""battery_voltage"": 14.8, ""wifi_rssi"": -49, ""acc_data"": {""ax"": -0.45, ""ay"": 0.16, ""az"": 0.8, ""pitch"": -36.7, ""roll"": -1.9}, ""gyro_data"": {""gx"": 4.8, ""gy"": -2.8, ""gz"": 1.3}, ""gps_data"": {""latitude"": -1.2921, ""longitude"": 36.8219, ""gps_altitude"": 1663.7, ""time"": 64586}, ""alt_data"": {""pressure"": 857.99, ""temperature"": 26.7, ""AGL"": 0, ""velocity"": 0, ""kalman_altitude"": 0.35, ""kalman_vertical_velocity"": 0.08}, ""chute_state"": {""pyro1_state"": 0, ""pyro2_state"": 0}, ""connection_status"": {""connected"": true, ""has_ever_connected"": true, ""packet_age_ms"": 0, ""timeout_exceeded"": false, ""rssi"": -49}, ""communication_mode"": ""BLUETOOTH-SIMULATED"", ""timestamp"": 64586, ""packets_received"": 527, ""kalman_data"": {""altitude"": 0.35, ""vertical_velocity"": 0.08}, ""kalman_altitude"": 0.35, ""kalman_vertical_velocity"": 0.08, ""pyroDrogue"": 0, ""pyroMain"": 0, ""pyro1_state"": 0, ""pyro2_state"": 0}"
1768244387.809231,2026-01-12T21:59:47.809231,0,0,0,-0.43,-0.2,0.85,-36.3,-1.5,4.5,-3.7,0.6,-1.2921,36.8219,1662.8,64699,857.91,27.1,0,0,0,0,14.8,-47,0.38,0.03,BLUETOOTH-SIMULATED,"{""record_number"": 0, ""operation_mode"": 0, ""state"": 0, ""battery_voltage"": 14.8, ""wifi_rssi"": -47, ""acc_data"": {""ax"": -0.43, ""ay"": -0.2, ""az"": 0.85, ""pitch"": -36.3, ""roll"": -1.5}, ""gyro_data"": {""gx"": 4.5, ""gy"": -3.7, ""gz"": 0.6}, ""gps_data"": {""latitude"": -1.2921, ""longitude"": 36.8219, ""gps_altitude"": 1662.8, ""time"": 64699}, ""alt_data"": {""pressure"": 857.91, ""temperature"": 27.1, ""AGL"": 0, ""velocity"": 0, ""kalman_altitude"": 0.38, ""kalman_vertical_velocity"": 0.03}, ""chute_state"": {""pyro1_state"": 0, ""pyro2_state"": 0}, ""connection_status"": {""connected"": true, ""has_ever_connected"": true, ""packet_age_ms"": 0, ""timeout_exceeded"": false, ""rssi"": -47}, ""communication_mode"": ""BLUETOOTH-SIMULATED"", ""timestamp"": 64699, ""packets_received"": 528, ""kalman_data"": {""altitude"": 0.38, ""vertical_velocity"": 0.03}, ""kalman_altitude"": 0.38, ""kalman_vertical_velocity"": 0.03, ""pyroDrogue"": 0, ""pyroMain"": 0, ""pyro1_state"": 0, ""pyro2_state"": 0}"
1768244387.964229,2026-01-12T21:59:47.964229,0,0,0,-0.4,-0.19,0.8,-36.7,-1.5,-4.7,4.8,1.7,-1.2921,36.8219,1663.4,64812,858.07,26.7,0,0,0,0,14.8,-49,0.43,-0.21,BLUETOOTH-SIMULATED,"{""record_number"": 0, ""operation_mode"": 0, ""state"": 0, ""battery_voltage"": 14.8, ""wifi_rssi"": -49, ""acc_data"": {""ax"": -0.4, ""ay"": -0.19, ""az"": 0.8, ""pitch"": -36.7, ""roll"": -1.5}, ""gyro_data"": {""gx"": -4.7, ""gy"": 4.8, ""gz"": 1.7}, ""gps_data"": {""latitude"": -1.2921, ""longitude"": 36.8219, ""gps_altitude"": 1663.4, ""time"": 64812}, ""alt_data"": {""pressure"": 858.07, ""temperature"": 26.7, ""AGL"": 0, ""velocity"": 0, ""kalman_altitude"": 0.43, ""kalman_vertical_velocity"": -0.21}, ""chute_state"": {""pyro1_state"": 0, ""pyro2_state"": 0}, ""connection_status"": {""connected"": true, ""has_ever_connected"": true, ""packet_age_ms"": 0, ""timeout_exceeded"": false, ""rssi"": -49}, ""communication_mode"": ""BLUETOOTH-SIMULATED"", ""timestamp"": 64812, ""packets_received"": 529, ""kalman_data"": {""altitude"": 0.43, ""vertical_velocity"": -0.21}, ""kalman_altitude"": 0.43, ""kalman_vertical_velocity"": -0.21, ""pyroDrogue"": 0, ""pyroMain"": 0, ""pyro1_state"": 0, ""pyro2_state"": 0}"
1768244388.094626,2026-01-12T21:59:48.094626,0,0,0,-0.79,-0.18,0.66,-35.8,-2.2,-3.1,-3.9,-3.4,-1.2921,36.8219,1665.2,64925,857.97,26.6,0,0,0,0,14.8,-47,-0.31,0.22,BLUETOOTH-SIMULATED,"{""record_number"": 0, ""operation_mode"": 0, ""state"": 0, ""battery_voltage"": 14.8, ""wifi_rssi"": -47, ""acc_data"": {""ax"": -0.79, ""ay"": -0.18, ""az"": 0.66, ""pitch"": -35.8, ""roll"": -2.2}, ""gyro_data"": {""gx"": -3.1, ""gy"": -3.9, ""gz"": -3.4}, ""gps_data"": {""latitude"": -1.2921, ""longitude"": 36.8219, ""gps_altitude"": 1665.2, ""time"": 64925}, ""alt_data"": {""pressure"": 857.97, ""temperature"": 26.6, ""AGL"": 0, ""velocity"": 0, ""kalman_altitude"": -0.31, ""kalman_vertical_velocity"": 0.22}, ""chute_state"": {""pyro1_state"": 0, ""pyro2_state"": 0}, ""connection_status"": {""connected"": true, ""has_ever_connected"": true, ""packet_age_ms"": 0, ""timeout_exceeded"": false, ""rssi"": -47}, ""communication_mode"": ""BLUETOOTH-SIMULATED"", ""timestamp"": 64925, ""packets_received"": 530, ""kalman_data"": {""altitude"": -0.31, ""vertical_velocity"": 0.22}, ""kalman_altitude"": -0.31, ""kalman_vertical_velocity"": 0.22, ""pyroDrogue"": 0, ""pyroMain"": 0, ""pyro1_state"": 0, ""pyro2_state"": 0}"
1768244388.445426,2026-01-12T21:59:48.445426,0,0,0,-0.46,-0.02,0.73,-36.6,-1.8,0,4,3.6,-1.2921,36.8219,1656.1,65038,857.99,26.5,0,0,0,0,14.8,-41,0.01,-0.19,BLUETOOTH-SIMULATED,"{""record_number"": 0, ""operation_mode"": 0, ""state"": 0, ""battery_voltage"": 14.8, ""wifi_rssi"": -41, ""acc_data"": {""ax"": -0.46, ""ay"": -0.02, ""az"": 0.73, ""pitch"": -36.6, ""roll"": -1.8}, ""gyro_data"": {""gx"": 0, ""gy"": 4, ""gz"": 3.6}, ""gps_data"": {""latitude"": -1.2921, ""longitude"": 36.8219, ""gps_altitude"": 1656.1, ""time"": 65038}, ""alt_data"": {""pressure"": 857.99, ""temperature"": 26.5, ""AGL"": 0, ""velocity"": 0, ""kalman_altitude"": 0.01, ""kalman_vertical_velocity"": -0.19}, ""chute_state"": {""pyro1_state"": 0, ""pyro2_state"": 0}, ""connection_status"": {""connected"": true, ""has_ever_connected"": true, ""packet_age_ms"": 0, ""timeout_exceeded"": false, ""rssi"": -41}, ""communication_mode"": ""BLUETOOTH-SIMULATED"", ""timestamp"": 65038, ""packets_received"": 531, ""kalman_data"": {""altitude"": 0.01, ""vertical_velocity"": -0.19}, ""kalman_altitude"": 0.01, ""kalman_vertical_velocity"": -0.19, ""pyroDrogue"": 0, ""pyroMain"": 0, ""pyro1_state"": 0, ""pyro2_state"": 0}"
1768244388.696377,2026-01-12T21:59:48.696377,0,0,0,-0.4,0.02,0.71,-37,-1.1,4.7,4.2,-1.5,-1.2921,36.8219,1657,65151,858.09,27.1,0,0,0,0,14.8,-44,-0.31,0.15,BLUETOOTH-SIMULATED,"{""record_number"": 0, ""operation_mode"": 0, ""state"": 0, ""battery_voltage"": 14.8, ""wifi_rssi"": -44, ""acc_data"": {""ax"": -0.4, ""ay"": 0.02, ""az"": 0.71, ""pitch"": -37, ""roll"": -1.1}, ""gyro_data"": {""gx"": 4.7, ""gy"": 4.2, ""gz"": -1.5}, ""gps_data"": {""latitude"": -1.2921, ""longitude"": 36.8219, ""gps_altitude"": 1657, ""time"": 65151}, ""alt_data"": {""pressure"": 858.09, ""temperature"": 27.1, ""AGL"": 0, ""velocity"": 0, ""kalman_altitude"": -0.31, ""kalman_vertical_velocity"": 0.15}, ""chute_state"": {""pyro1_state"": 0, ""pyro2_state"": 0}, ""connection_status"": {""connected"": true, ""has_ever_connected"": true, ""packet_age_ms"": 0, ""timeout_exceeded"": false, ""rssi"": -44}, ""communication_mode"": ""BLUETOOTH-SIMULATED"", ""timestamp"": 65151, ""packets_received"": 532, ""kalman_data"": {""altitude"": -0.31, ""vertical_velocity"": 0.15}, ""kalman_altitude"": -0.31, ""kalman_vertical_velocity"": 0.15, ""pyroDrogue"": 0, ""pyroMain"": 0, ""pyro1_state"": 0, ""pyro2_state"": 0}"
1768244388.819379,2026-01-12T21:59:48.819379,0,0,0,-0.45,0.17,0.74,-36.7,-1.9,-2.6,-0.9,1.9,-1.2921,36.8219,1659.6,65264,857.93,26.5,0,0,0,0,14.8,-45,-0.22,-0.15,BLUETOOTH-SIMULATED,"{""record_number"": 0, ""operation_mode"": 0, ""state"": 0, ""battery_voltage"": 14.8, ""wifi_rssi"": -45, ""acc_data"": {""ax"": -0.45, ""ay"": 0.17, ""az"": 0.74, ""pitch"": -36.7, ""roll"": -1.9}, ""gyro_data"": {""gx"": -2.6, ""gy"": -0.9, ""gz"": 1.9}, ""gps_data"": {""latitude"": -1.2921, ""longitude"": 36.8219, ""gps_altitude"": 1659.6, ""time"": 65264}, ""alt_data"": {""pressure"": 857.93, ""temperature"": 26.5, ""AGL"": 0, ""velocity"": 0, ""kalman_altitude"": -0.22, ""kalman_vertical_velocity"": -0.15}, ""chute_state"": {""pyro1_state"": 0, ""pyro2_state"": 0}, ""connection_status"": {""connected"": true, ""has_ever_connected"": true, ""packet_age_ms"": 0, ""timeout_exceeded"": false, ""rssi"": -45}, ""communication_mode"": ""BLUETOOTH-SIMULATED"", ""timestamp"": 65264, ""packets_received"": 533, ""kalman_data"": {""altitude"": -0.22, ""vertical_velocity"": -0.15}, ""kalman_altitude"": -0.22, ""kalman_vertical_velocity"": -0.15, ""pyroDrogue"": 0, ""pyroMain"": 0, ""pyro1_state"": 0, ""pyro2_state"": 0}"
1768244388.912376,2026-01-12T21:59:48.912376,0,0,0,-0.48,0.15,0.77,-35.2,-1.1,3.4,-1.3,0,-1.2921,36.8219,1664.1,65377,857.96,26.3,0,0,0,0,14.8,-48,-0.46,-0.01,BLUETOOTH-SIMULATED,"{""record_number"": 0, ""operation_mode"": 0, ""state"": 0, ""battery_voltage"": 14.8, ""wifi_rssi"": -48, ""acc_data"": {""ax"": -0.48, ""ay"": 0.15, ""az"": 0.77, ""pitch"": -35.2, ""roll"": -1.1}, ""gyro_data"": {""gx"": 3.4, ""gy"": -1.3, ""gz"": 0}, ""gps_data"": {""latitude"": -1.2921, ""longitude"": 36.8219, ""gps_altitude"": 1664.1, ""time"": 65377}, ""alt_data"": {""pressure"": 857.96, ""temperature"": 26.3, ""AGL"": 0, ""velocity"": 0, ""kalman_altitude"": -0.46, ""kalman_vertical_velocity"": -0.01}, ""chute_state"": {""pyro1_state"": 0, ""pyro2_state"": 0}, ""connection_status"": {""connected"": true, ""has_ever_connected"": true, ""packet_age_ms"": 0, ""timeout_exceeded"": false, ""rssi"": -48}, ""communication_mode"": ""BLUETOOTH-SIMULATED"", ""timestamp"": 65377, ""packets_received"": 534, ""kalman_data"": {""altitude"": -0.46, ""vertical_velocity"": -0.01}, ""kalman_altitude"": -0.46, ""kalman_vertical_velocity"": -0.01, ""pyroDrogue"": 0, ""pyroMain"": 0, ""pyro1_state"": 0, ""pyro2_state"": 0}"
1768244389.045381,2026-01-12T21:59:49.045381,0,0,0,-0.45,0.15,0.79,-36.3,-2.6,2,-0.2,3.2,-1.2921,36.8219,1656.3,65490,858.01,26.7,0,0,0,0,14.8,-41,-0.25,0.1,BLUETOOTH-SIMULATED,"{""record_number"": 0, ""operation_mode"": 0, ""state"": 0, ""battery_voltage"": 14.8, ""wifi_rssi"": -41, ""acc_data"": {""ax"": -0.45, ""ay"": 0.15, ""az"": 0.79, ""pitch"": -36.3, ""roll"": -2.6}, ""gyro_data"": {""gx"": 2, ""gy"": -0.2, ""gz"": 3.2}, ""gps_data"": {""latitude"": -1.2921, ""longitude"": 36.8219, ""gps_altitude"": 1656.3, ""time"": 65490}, ""alt_data"": {""pressure"": 858.01, ""temperature"": 26.7, ""AGL"": 0, ""velocity"": 0, ""kalman_altitude"": -0.25, ""kalman_vertical_velocity"": 0.1}, ""chute_state"": {""pyro1_state"": 0, ""pyro2_state"": 0}, ""connection_status"": {""connected"": true, ""has_ever_connected"": true, ""packet_age_ms"": 0, ""timeout_exceeded"": false, ""rssi"": -41}, ""communication_mode"": ""BLUETOOTH-SIMULATED"", ""timestamp"": 65490, ""packets_received"": 535, ""kalman_data"": {""altitude"": -0.25, ""vertical_velocity"": 0.1}, ""kalman_altitude"": -0.25, ""kalman_vertical_velocity"": 0.1, ""pyroDrogue"": 0, ""pyroMain"": 0, ""pyro1_state"": 0, ""pyro2_state"": 0}"
1768244389.127377,2026-01-12T21:59:49.127377,0,0,0,-0.73,0.03,0.5,-35.5,-2.4,1.4,-1.3,-2.1,-1.2921,36.8219,1659.4,65603,858.09,26.7,0,0,0,0,14.8,-42,0.08,-0.09,BLUETOOTH-SIMULATED,"{""record_number"": 0, ""operation_mode"": 0, ""state"": 0, ""battery_voltage"": 14.8, ""wifi_rssi"": -42, ""acc_data"": {""ax"": -0.73, ""ay"": 0.03, ""az"": 0.5, ""pitch"": -35.5, ""roll"": -2.4}, ""gyro_data"": {""gx"": 1.4, ""gy"": -1.3, ""gz"": -2.1}, ""gps_data"": {""latitude"": -1.2921, ""longitude"": 36.8219, ""gps_altitude"": 1659.4, ""time"": 65603}, ""alt_data"": {""pressure"": 858.09, ""temperature"": 26.7, ""AGL"": 0, ""velocity"": 0, ""kalman_altitude"": 0.08, ""kalman_vertical_velocity"": -0.09}, ""chute_state"": {""pyro1_state"": 0, ""pyro2_state"": 0}, ""connection_status"": {""connected"": true, ""has_ever_connected"": true, ""packet_age_ms"": 0, ""timeout_exceeded"": false, ""rssi"": -42}, ""communication_mode"": ""BLUETOOTH-SIMULATED"", ""timestamp"": 65603, ""packets_received"": 536, ""kalman_data"": {""altitude"": 0.08, ""vertical_velocity"": -0.09}, ""kalman_altitude"": 0.08, ""kalman_vertical_velocity"": -0.09, ""pyroDrogue"": 0, ""pyroMain"": 0, ""pyro1_state"": 0, ""pyro2_state"": 0}"
1768244389.206856,2026-01-12T21:59:49.206856,0,0,0,-0.44,0.14,0.58,-36.6,-1.6,-3.8,0.3,4.3,-1.2921,36.8219,1658.8,65716,858.04,26.4,0,0,0,0,14.8,-43,0.41,0.02,BLUETOOTH-SIMULATED,"{""record_number"": 0, ""operation_mode"": 0, ""state"": 0, ""battery_voltage"": 14.8, ""wifi_rssi"": -43, ""acc_data"": {""ax"": -0.44, ""ay"": 0.14, ""az"": 0.58, ""pitch"": -36.6, ""roll"": -1.6}, ""gyro_data"": {""gx"": -3.8, ""gy"": 0.3, ""gz"": 4.3}, ""gps_data"": {""latitude"": -1.2921, ""longitude"": 36.8219, ""gps_altitude"": 1658.8, ""time"": 65716}, ""alt_data"": {""pressure"": 858.04, ""temperature"": 26.4, ""AGL"": 0, ""velocity"": 0, ""kalman_altitude"": 0.41, ""kalman_vertical_velocity"": 0.02}, ""chute_state"": {""pyro1_state"": 0, ""pyro2_state"": 0}, ""connection_status"": {""connected"": true, ""has_ever_connected"": true, ""packet_age_ms"": 0, ""timeout_exceeded"": false, ""rssi"": -43}, ""communication_mode"": ""BLUETOOTH-SIMULATED"", ""timestamp"": 65716, ""packets_received"": 537, ""kalman_data"": {""altitude"": 0.41, ""vertical_velocity"": 0.02}, ""kalman_altitude"": 0.41, ""kalman_vertical_velocity"": 0.02, ""pyroDrogue"": 0, ""pyroMain"": 0, ""pyro1_state"": 0, ""pyro2_state"": 0}"
1768244389.277818,2026-01-12T21:59:49.277818,0,0,0,-0.5,-0.1,0.69,-36.3,-2.2,-4.2,2.3,-4.1,-1.2921,36.8219,1657.1,65829,857.9,26.6,0,0,0,0,14.8,-46,0.09,-0.08,BLUETOOTH-SIMULATED,"{""record_number"": 0, ""operation_mode"": 0, ""state"": 0, ""battery_voltage"": 14.8, ""wifi_rssi"": -46, ""acc_data"": {""ax"": -0.5, ""ay"": -0.1, ""az"": 0.69, ""pitch"": -36.3, ""roll"": -2.2}, ""gyro_data"": {""gx"": -4.2, ""gy"": 2.3, ""gz"": -4.1}, ""gps_data"": {""latitude"": -1.2921, ""longitude"": 36.8219, ""gps_altitude"": 1657.1, ""time"": 65829}, ""alt_data"": {""pressure"": 857.9, ""temperature"": 26.6, ""AGL"": 0, ""velocity"": 0, ""kalman_altitude"": 0.09, ""kalman_vertical_velocity"": -0.08}, ""chute_state"": {""pyro1_state"": 0, ""pyro2_state"": 0}, ""connection_status"": {""connected"": true, ""has_ever_connected"": true, ""packet_age_ms"": 0, ""timeout_exceeded"": false, ""rssi"": -46}, ""communication_mode"": ""BLUETOOTH-SIMULATED"", ""timestamp"": 65829, ""packets_received"": 538, ""kalman_data"": {""altitude"": 0.09, ""vertical_velocity"": -0.08}, ""kalman_altitude"": 0.09, ""kalman_vertical_velocity"": -0.08, ""pyroDrogue"": 0, ""pyroMain"": 0, ""pyro1_state"": 0, ""pyro2_state"": 0}"
1768244389.328818,2026-01-12T21:59:49.328818,0,0,0,-0.51,0.17,0.56,-35.1,-2.1,0.4,-3.5,-4.3,-1.2921,36.8219,1659.6,65942,858.09,26.6,0,0,0,0,14.8,-41,-0.48,-0.24,BLUETOOTH-SIMULATED,"{""record_number"": 0, ""operation_mode"": 0, ""state"": 0, ""battery_voltage"": 14.8, ""wifi_rssi"": -41, ""acc_data"": {""ax"": -0.51, ""ay"": 0.17, ""az"": 0.56, ""pitch"": -35.1, ""roll"": -2.1}, ""gyro_data"": {""gx"": 0.4, ""gy"": -3.5, ""gz"": -4.3}, ""gps_data"": {""latitude"": -1.2921, ""longitude"": 36.8219, ""gps_altitude"": 1659.6, ""time"": 65942}, ""alt_data"": {""pressure"": 858.09, ""temperature"": 26.6, ""AGL"": 0, ""velocity"": 0, ""kalman_altitude"": -0.48, ""kalman_vertical_velocity"": -0.24}, ""chute_state"": {""pyro1_state"": 0, ""pyro2_state"": 0}, ""connection_status"": {""connected"": true, ""has_ever_connected"": true, ""packet_age_ms"": 0, ""timeout_exceeded"": false, ""rssi"": -41}, ""communication_mode"": ""BLUETOOTH-SIMULATED"", ""timestamp"": 65942, ""packets_received"": 539, ""kalman_data"": {""altitude"": -0.48, ""vertical_velocity"": -0.24}, ""kalman_altitude"": -0.48, ""kalman_vertical_velocity"": -0.24, ""pyroDrogue"": 0, ""pyroMain"": 0, ""pyro1_state"": 0, ""pyro2_state"": 0}"
1768244389.426818,2026-01-12T21:59:49.426818,0,0,0,-0.67,0.09,0.59,-37,-2.9,3.7,-2.5,3.8,-1.2921,36.8219,1657,66055,857.97,26.3,0,0,0,0,14.8,-48,-0.25,-0.21,BLUETOOTH-SIMULATED,"{""record_number"": 0, ""operation_mode"": 0, ""state"": 0, ""battery_voltage"": 14.8, ""wifi_rssi"": -48, ""acc_data"": {""ax"": -0.67, ""ay"": 0.09, ""az"": 0.59, ""pitch"": -37, ""roll"": -2.9}, ""gyro_data"": {""gx"": 3.7, ""gy"": -2.5, ""gz"": 3.8}, ""gps_data"": {""latitude"": -1.2921, ""longitude"": 36.8219, ""gps_altitude"": 1657, ""time"": 66055}, ""alt_data"": {""pressure"": 857.97, ""temperature"": 26.3, ""AGL"": 0, ""velocity"": 0, ""kalman_altitude"": -0.25, ""kalman_vertical_velocity"": -0.21}, ""chute_state"": {""pyro1_state"": 0, ""pyro2_state"": 0}, ""connection_status"": {""connected"": true, ""has_ever_connected"": true, ""packet_age_ms"": 0, ""timeout_exceeded"": false, ""rssi"": -48}, ""communication_mode"": ""BLUETOOTH-SIMULATED"", ""timestamp"": 66055, ""packets_received"": 540, ""kalman_data"": {""altitude"": -0.25, ""vertical_velocity"": -0.21}, ""kalman_altitude"": -0.25, ""kalman_vertical_velocity"": -0.21, ""pyroDrogue"": 0, ""pyroMain"": 0, ""pyro1_state"": 0, ""pyro2_state"": 0}"
1768244389.542818,2026-01-12T21:59:49.542818,0,0,0,-0.63,0.03,0.86,-36.6,-2.7,-0.5,3.2,-1.4,-1.2921,36.8219,1656,66168,857.98,26.8,0,0,0,0,14.8,-50,0.08,0.2,BLUETOOTH-SIMULATED,"{""record_number"": 0, ""operation_mode"": 0, ""state"": 0, ""battery_voltage"": 14.8, ""wifi_rssi"": -50, ""acc_data"": {""ax"": -0.63, ""ay"": 0.03, ""az"": 0.86, ""pitch"": -36.6, ""roll"": -2.7}, ""gyro_data"": {""gx"": -0.5, ""gy"": 3.2, ""gz"": -1.4}, ""gps_data"": {""latitude"": -1.2921, ""longitude"": 36.8219, ""gps_altitude"": 1656, ""time"": 66168}, ""alt_data"": {""pressure"": 857.98, ""temperature"": 26.8, ""AGL"": 0, ""velocity"": 0, ""kalman_altitude"": 0.08, ""kalman_vertical_velocity"": 0.2}, ""chute_state"": {""pyro1_state"": 0, ""pyro2_state"": 0}, ""connection_status"": {""connected"": true, ""has_ever_connected"": true, ""packet_age_ms"": 0, ""timeout_exceeded"": false, ""rssi"": -50}, ""communication_mode"": ""BLUETOOTH-SIMULATED"", ""timestamp"": 66168, ""packets_received"": 541, ""kalman_data"": {""altitude"": 0.08, ""vertical_velocity"": 0.2}, ""kalman_altitude"": 0.08, ""kalman_vertical_velocity"": 0.2, ""pyroDrogue"": 0, ""pyroMain"": 0, ""pyro1_state"": 0, ""pyro2_state"": 0}"
1768244389.624822,2026-01-12T21:59:49.624822,0,0,0,-0.4,0.13,0.64,-35.9,-2.6,-0.9,1.1,-2,-1.2921,36.8219,1658.9,66281,857.96,26.8,0,0,0,0,14.8,-46,-0.16,0.21,BLUETOOTH-SIMULATED,"{""record_number"": 0, ""operation_mode"": 0, ""state"": 0, ""battery_voltage"": 14.8, ""wifi_rssi"": -46, ""acc_data"": {""ax"": -0.4, ""ay"": 0.13, ""az"": 0.64, ""pitch"": -35.9, ""roll"": -2.6}, ""gyro_data"": {""gx"": -0.9, ""gy"": 1.1, ""gz"": -2}, ""gps_data"": {""latitude"": -1.2921, ""longitude"": 36.8219, ""gps_altitude"": 1658.9, ""time"": 66281}, ""alt_data"": {""pressure"": 857.96, ""temperature"": 26.8, ""AGL"": 0, ""velocity"": 0, ""kalman_altitude"": -0.16, ""kalman_vertical_velocity"": 0.21}, ""chute_state"": {""pyro1_state"": 0, ""pyro2_state"": 0}, ""connection_status"": {""connected"": true, ""has_ever_connected"": true, ""packet_age_ms"": 0, ""timeout_exceeded"": false, ""rssi"": -46}, ""communication_mode"": ""BLUETOOTH-SIMULATED"", ""timestamp"": 66281, ""packets_received"": 542, ""kalman_data"": {""altitude"": -0.16, ""vertical_velocity"": 0.21}, ""kalman_altitude"": -0.16, ""kalman_vertical_velocity"": 0.21, ""pyroDrogue"": 0, ""pyroMain"": 0, ""pyro1_state"": 0, ""pyro2_state"": 0}"
1768244389.762382,2026-01-12T21:59:49.762382,0,0,0,-0.54,-0.2,0.66,-35.5,-1.5,2.7,-1.2,0.9,-1.2921,36.8219,1664,66394,857.99,26.9,0,0,0,0,14.8,-41,-0.13,0.07,BLUETOOTH-SIMULATED,"{""record_number"": 0, ""operation_mode"": 0, ""state"": 0, ""battery_voltage"": 14.8, ""wifi_rssi"": -41, ""acc_data"": {""ax"": -0.54, ""ay"": -0.2, ""az"": 0.66, ""pitch"": -35.5, ""roll"": -1.5}, ""gyro_data"": {""gx"": 2.7, ""gy"": -1.2, ""gz"": 0.9}, ""gps_data"": {""latitude"": -1.2921, ""longitude"": 36.8219, ""gps_altitude"": 1664, ""time"": 66394}, ""alt_data"": {""pressure"": 857.99, ""temperature"": 26.9, ""AGL"": 0, ""velocity"": 0, ""kalman_altitude"": -0.13, ""kalman_vertical_velocity"": 0.07}, ""chute_state"": {""pyro1_state"": 0, ""pyro2_state"": 0}, ""connection_status"": {""connected"": true, ""has_ever_connected"": true, ""packet_age_ms"": 0, ""timeout_exceeded"": false, ""rssi"": -41}, ""communication_mode"": ""BLUETOOTH-SIMULATED"", ""timestamp"": 66394, ""packets_received"": 543, ""kalman_data"": {""altitude"": -0.13, ""vertical_velocity"": 0.07}, ""kalman_altitude"": -0.13, ""kalman_vertical_velocity"": 0.07, ""pyroDrogue"": 0, ""pyroMain"": 0, ""pyro1_state"": 0, ""pyro2_state"": 0}"
1768244389.906387,2026-01-12T21:59:49.906387,0,0,0,-0.47,0.01,0.65,-35.4,-2.9,0.5,0.3,3.5,-1.2921,36.8219,1657.9,66507,858.01,27.1,0,0,0,0,14.8,-44,0.24,0.12,BLUETOOTH-SIMULATED,"{""record_number"": 0, ""operation_mode"": 0, ""state"": 0, ""battery_voltage"": 14.8, ""wifi_rssi"": -44, ""acc_data"": {""ax"": -0.47, ""ay"": 0.01, ""az"": 0.65, ""pitch"": -35.4, ""roll"": -2.9}, ""gyro_data"": {""gx"": 0.5, ""gy"": 0.3, ""gz"": 3.5}, ""gps_data"": {""latitude"": -1.2921, ""longitude"": 36.8219, ""gps_altitude"": 1657.9, ""time"": 66507}, ""alt_data"": {""pressure"": 858.01, ""temperature"": 27.1, ""AGL"": 0, ""velocity"": 0, ""kalman_altitude"": 0.24, ""kalman_vertical_velocity"": 0.12}, ""chute_state"": {""pyro1_state"": 0, ""pyro2_state"": 0}, ""connection_status"": {""connected"": true, ""has_ever_connected"": true, ""packet_age_ms"": 0, ""timeout_exceeded"": false, ""rssi"": -44}, ""communication_mode"": ""BLUETOOTH-SIMULATED"", ""timestamp"": 66507, ""packets_received"": 544, ""kalman_data"": {""altitude"": 0.24, ""vertical_velocity"": 0.12}, ""kalman_altitude"": 0.24, ""kalman_vertical_velocity"": 0.12, ""pyroDrogue"": 0, ""pyroMain"": 0, ""pyro1_state"": 0, ""pyro2_state"": 0}"
1768244390.043398,2026-01-12T21:59:50.043398,0,0,0,-0.57,0.08,0.83,-35.4,-1.4,-3.7,1.6,2.5,-1.2921,36.8219,1662.8,66620,857.94,27.1,0,0,0,0,14.8,-47,0.34,-0.27,BLUETOOTH-SIMULATED,"{""record_number"": 0, ""operation_mode"": 0, ""state"": 0, ""battery_voltage"": 14.8, ""wifi_rssi"": -47, ""acc_data"": {""ax"": -0.57, ""ay"": 0.08, ""az"": 0.83, ""pitch"": -35.4, ""roll"": -1.4}, ""gyro_data"": {""gx"": -3.7, ""gy"": 1.6, ""gz"": 2.5}, ""gps_data"": {""latitude"": -1.2921, ""longitude"": 36.8219, ""gps_altitude"": 1662.8, ""time"": 66620}, ""alt_data"": {""pressure"": 857.94, ""temperature"": 27.1, ""AGL"": 0, ""velocity"": 0, ""kalman_altitude"": 0.34, ""kalman_vertical_velocity"": -0.27}, ""chute_state"": {""pyro1_state"": 0, ""pyro2_state"": 0}, ""connection_status"": {""connected"": true, ""has_ever_connected"": true, ""packet_age_ms"": 0, ""timeout_exceeded"": false, ""rssi"": -47}, ""communication_mode"": ""BLUETOOTH-SIMULATED"", ""timestamp"": 66620, ""packets_received"": 545, ""kalman_data"": {""altitude"": 0.34, ""vertical_velocity"": -0.27}, ""kalman_altitude"": 0.34, ""kalman_vertical_velocity"": -0.27, ""pyroDrogue"": 0, ""pyroMain"": 0, ""pyro1_state"": 0, ""pyro2_state"": 0}"
1768244390.118383,2026-01-12T21:59:50.118383,0,0,0,-0.59,0.01,0.78,-36.1,-1.1,1.3,-0.9,1.3,-1.2921,36.8219,1663.1,66733,857.91,26.5,0,0,0,0,14.8,-45,-0.13,-0.26,BLUETOOTH-SIMULATED,"{""record_number"": 0, ""operation_mode"": 0, ""state"": 0, ""battery_voltage"": 14.8, ""wifi_rssi"": -45, ""acc_data"": {""ax"": -0.59, ""ay"": 0.01, ""az"": 0.78, ""pitch"": -36.1, ""roll"": -1.1}, ""gyro_data"": {""gx"": 1.3, ""gy"": -0.9, ""gz"": 1.3}, ""gps_data"": {""latitude"": -1.2921, ""longitude"": 36.8219, ""gps_altitude"": 1663.1, ""time"": 66733}, ""alt_data"": {""pressure"": 857.91, ""temperature"": 26.5, ""AGL"": 0, ""velocity"": 0, ""kalman_altitude"": -0.13, ""kalman_vertical_velocity"": -0.26}, ""chute_state"": {""pyro1_state"": 0, ""pyro2_state"": 0}, ""connection_status"": {""connected"": true, ""has_ever_connected"": true, ""packet_age_ms"": 0, ""timeout_exceeded"": false, ""rssi"": -45}, ""communication_mode"": ""BLUETOOTH-SIMULATED"", ""timestamp"": 66733, ""packets_received"": 546, ""kalman_data"": {""altitude"": -0.13, ""vertical_velocity"": -0.26}, ""kalman_altitude"": -0.13, ""kalman_vertical_velocity"": -0.26, ""pyroDrogue"": 0, ""pyroMain"": 0, ""pyro1_state"": 0, ""pyro2_state"": 0}"
1768244390.246512,2026-01-12T21:59:50.246512,0,0,0,-0.77,0.09,0.69,-35.2,-2,-5,3.4,-0.2,-1.2921,36.8219,1656.4,66846,858,26.3,0,0,0,0,14.8,-50,0.26,-0.04,BLUETOOTH-SIMULATED,"{""record_number"": 0, ""operation_mode"": 0, ""state"": 0, ""battery_voltage"": 14.8, ""wifi_rssi"": -50, ""acc_data"": {""ax"": -0.77, ""ay"": 0.09, ""az"": 0.69, ""pitch"": -35.2, ""roll"": -2}, ""gyro_data"": {""gx"": -5, ""gy"": 3.4, ""gz"": -0.2}, ""gps_data"": {""latitude"": -1.2921, ""longitude"": 36.8219, ""gps_altitude"": 1656.4, ""time"": 66846}, ""alt_data"": {""pressure"": 858, ""temperature"": 26.3, ""AGL"": 0, ""velocity"": 0, ""kalman_altitude"": 0.26, ""kalman_vertical_velocity"": -0.04}, ""chute_state"": {""pyro1_state"": 0, ""pyro2_state"": 0}, ""connection_status"": {""connected"": true, ""has_ever_connected"": true, ""packet_age_ms"": 0, ""timeout_exceeded"": false, ""rssi"": -50}, ""communication_mode"": ""BLUETOOTH-SIMULATED"", ""timestamp"": 66846, ""packets_received"": 547, ""kalman_data"": {""altitude"": 0.26, ""vertical_velocity"": -0.04}, ""kalman_altitude"": 0.26, ""kalman_vertical_velocity"": -0.04, ""pyroDrogue"": 0, ""pyroMain"": 0, ""pyro1_state"": 0, ""pyro2_state"": 0}"
1768244390.320509,2026-01-12T21:59:50.320509,0,0,0,-0.62,0.04,0.87,-36.9,-1.6,-2.3,-2,-2.6,-1.2921,36.8219,1663.3,66958,858.07,26.4,0,0,0,0,14.8,-44,-0.39,-0.16,BLUETOOTH-SIMULATED,"{""record_number"": 0, ""operation_mode"": 0, ""state"": 0, ""battery_voltage"": 14.8, ""wifi_rssi"": -44, ""acc_data"": {""ax"": -0.62, ""ay"": 0.04, ""az"": 0.87, ""pitch"": -36.9, ""roll"": -1.6}, ""gyro_data"": {""gx"": -2.3, ""gy"": -2, ""gz"": -2.6}, ""gps_data"": {""latitude"": -1.2921, ""longitude"": 36.8219, ""gps_altitude"": 1663.3, ""time"": 66958}, ""alt_data"": {""pressure"": 858.07, ""temperature"": 26.4, ""AGL"": 0, ""velocity"": 0, ""kalman_altitude"": -0.39, ""kalman_vertical_velocity"": -0.16}, ""chute_state"": {""pyro1_state"": 0, ""pyro2_state"": 0}, ""connection_status"": {""connected"": true, ""has_ever_connected"": true, ""packet_age_ms"": 0, ""timeout_exceeded"": false, ""rssi"": -44}, ""communication_mode"": ""BLUETOOTH-SIMULATED"", ""timestamp"": 66958, ""packets_received"": 548, ""kalman_data"": {""altitude"": -0.39, ""vertical_velocity"": -0.16}, ""kalman_altitude"": -0.39, ""kalman_vertical_velocity"": -0.16, ""pyroDrogue"": 0, ""pyroMain"": 0, ""pyro1_state"": 0, ""pyro2_state"": 0}"
1768244390.434835,2026-01-12T21:59:50.434835,0,0,0,-0.45,0.13,0.69,-36.5,-2.6,0.4,1,0.5,-1.2921,36.8219,1658.2,67071,858.07,27,0,0,0,0,14.8,-42,0.43,0.25,BLUETOOTH-SIMULATED,"{""record_number"": 0, ""operation_mode"": 0, ""state"": 0, ""battery_voltage"": 14.8, ""wifi_rssi"": -42, ""acc_data"": {""ax"": -0.45, ""ay"": 0.13, ""az"": 0.69, ""pitch"": -36.5, ""roll"": -2.6}, ""gyro_data"": {""gx"": 0.4, ""gy"": 1, ""gz"": 0.5}, ""gps_data"": {""latitude"": -1.2921, ""longitude"": 36.8219, ""gps_altitude"": 1658.2, ""time"": 67071}, ""alt_data"": {""pressure"": 858.07, ""temperature"": 27, ""AGL"": 0, ""velocity"": 0, ""kalman_altitude"": 0.43, ""kalman_vertical_velocity"": 0.25}, ""chute_state"": {""pyro1_state"": 0, ""pyro2_state"": 0}, ""connection_status"": {""connected"": true, ""has_ever_connected"": true, ""packet_age_ms"": 0, ""timeout_exceeded"": false, ""rssi"": -42}, ""communication_mode"": ""BLUETOOTH-SIMULATED"", ""timestamp"": 67071, ""packets_received"": 549, ""kalman_data"": {""altitude"": 0.43, ""vertical_velocity"": 0.25}, ""kalman_altitude"": 0.43, ""kalman_vertical_velocity"": 0.25, ""pyroDrogue"": 0, ""pyroMain"": 0, ""pyro1_state"": 0, ""pyro2_state"": 0}"
1768244390.610842,2026-01-12T21:59:50.610842,0,0,0,-0.73,0,0.88,-35.6,-3,-4.1,1.3,-1.4,-1.2921,36.8219,1663.3,67184,857.98,27.1,0,0,0,0,14.8,-46,0.28,-0.06,BLUETOOTH-SIMULATED,"{""record_number"": 0, ""operation_mode"": 0, ""state"": 0, ""battery_voltage"": 14.8, ""wifi_rssi"": -46, ""acc_data"": {""ax"": -0.73, ""ay"": 0, ""az"": 0.88, ""pitch"": -35.6, ""roll"": -3}, ""gyro_data"": {""gx"": -4.1, ""gy"": 1.3, ""gz"": -1.4}, ""gps_data"": {""latitude"": -1.2921, ""longitude"": 36.8219, ""gps_altitude"": 1663.3, ""time"": 67184}, ""alt_data"": {""pressure"": 857.98, ""temperature"": 27.1, ""AGL"": 0, ""velocity"": 0, ""kalman_altitude"": 0.28, ""kalman_vertical_velocity"": -0.06}, ""chute_state"": {""pyro1_state"": 0, ""pyro2_state"": 0}, ""connection_status"": {""connected"": true, ""has_ever_connected"": true, ""packet_age_ms"": 0, ""timeout_exceeded"": false, ""rssi"": -46}, ""communication_mode"": ""BLUETOOTH-SIMULATED"", ""timestamp"": 67184, ""packets_received"": 550, ""kalman_data"": {""altitude"": 0.28, ""vertical_velocity"": -0.06}, ""kalman_altitude"": 0.28, ""kalman_vertical_velocity"": -0.06, ""pyroDrogue"": 0, ""pyroMain"": 0, ""pyro1_state"": 0, ""pyro2_state"": 0}"
1768244390.712841,2026-01-12T21:59:50.712841,0,0,0,-0.66,-0.09,0.84,-36,-2.5,-0.2,3.2,0.2,-1.2921,36.8219,1656.3,67297,858,26.3,0,0,0,0,14.8,-43,0.38,0.13,BLUETOOTH-SIMULATED,"{""record_number"": 0, ""operation_mode"": 0, ""state"": 0, ""battery_voltage"": 14.8, ""wifi_rssi"": -43, ""acc_data"": {""ax"": -0.66, ""ay"": -0.09, ""az"": 0.84, ""pitch"": -36, ""roll"": -2.5}, ""gyro_data"": {""gx"": -0.2, ""gy"": 3.2, ""gz"": 0.2}, ""gps_data"": {""latitude"": -1.2921, ""longitude"": 36.8219, ""gps_altitude"": 1656.3, ""time"": 67297}, ""alt_data"": {""pressure"": 858, ""temperature"": 26.3, ""AGL"": 0, ""velocity"": 0, ""kalman_altitude"": 0.38, ""kalman_vertical_velocity"": 0.13}, ""chute_state"": {""pyro1_state"": 0, ""pyro2_state"": 0}, ""connection_status"": {""connected"": true, ""has_ever_connected"": true, ""packet_age_ms"": 0, ""timeout_exceeded"": false, ""rssi"": -43}, ""communication_mode"": ""BLUETOOTH-SIMULATED"", ""timestamp"": 67297, ""packets_received"": 551, ""kalman_data"": {""altitude"": 0.38, ""vertical_velocity"": 0.13}, ""kalman_altitude"": 0.38, ""kalman_vertical_velocity"": 0.13, ""pyroDrogue"": 0, ""pyroMain"": 0, ""pyro1_state"": 0, ""pyro2_state"": 0}"
1768244390.811191,2026-01-12T21:59:50.811191,0,0,0,-0.64,0,0.69,-36.1,-1.6,-2.6,-4.4,2.4,-1.2921,36.8219,1657.3,67410,857.91,26.6,0,0,0,0,14.8,-41,-0.27,0.12,BLUETOOTH-SIMULATED,"{""record_number"": 0, ""operation_mode"": 0, ""state"": 0, ""battery_voltage"": 14.8, ""wifi_rssi"": -41, ""acc_data"": {""ax"": -0.64, ""ay"": 0, ""az"": 0.69, ""pitch"": -36.1, ""roll"": -1.6}, ""gyro_data"": {""gx"": -2.6, ""gy"": -4.4, ""gz"": 2.4}, ""gps_data"": {""latitude"": -1.2921, ""longitude"": 36.8219, ""gps_altitude"": 1657.3, ""time"": 67410}, ""alt_data"": {""pressure"": 857.91, ""temperature"": 26.6, ""AGL"": 0, ""velocity"": 0, ""kalman_altitude"": -0.27, ""kalman_vertical_velocity"": 0.12}, ""chute_state"": {""pyro1_state"": 0, ""pyro2_state"": 0}, ""connection_status"": {""connected"": true, ""has_ever_connected"": true, ""packet_age_ms"": 0, ""timeout_exceeded"": false, ""rssi"": -41}, ""communication_mode"": ""BLUETOOTH-SIMULATED"", ""timestamp"": 67410, ""packets_received"": 552, ""kalman_data"": {""altitude"": -0.27, ""vertical_velocity"": 0.12}, ""kalman_altitude"": -0.27, ""kalman_vertical_velocity"": 0.12, ""pyroDrogue"": 0, ""pyroMain"": 0, ""pyro1_state"": 0, ""pyro2_state"": 0}"
1768244390.885187,2026-01-12T21:59:50.885187,0,0,0,-0.48,0.15,0.7,-35.1,-2.6,-1.2,-0.5,-0.1,-1.2921,36.8219,1665.9,67523,857.99,26.3,0,0,0,0,14.8,-49,-0.28,0,BLUETOOTH-SIMULATED,"{""record_number"": 0, ""operation_mode"": 0, ""state"": 0, ""battery_voltage"": 14.8, ""wifi_rssi"": -49, ""acc_data"": {""ax"": -0.48, ""ay"": 0.15, ""az"": 0.7, ""pitch"": -35.1, ""roll"": -2.6}, ""gyro_data"": {""gx"": -1.2, ""gy"": -0.5, ""gz"": -0.1}, ""gps_data"": {""latitude"": -1.2921, ""longitude"": 36.8219, ""gps_altitude"": 1665.9, ""time"": 67523}, ""alt_data"": {""pressure"": 857.99, ""temperature"": 26.3, ""AGL"": 0, ""velocity"": 0, ""kalman_altitude"": -0.28, ""kalman_vertical_velocity"": 0}, ""chute_state"": {""pyro1_state"": 0, ""pyro2_state"": 0}, ""connection_status"": {""connected"": true, ""has_ever_connected"": true, ""packet_age_ms"": 0, ""timeout_exceeded"": false, ""rssi"": -49}, ""communication_mode"": ""BLUETOOTH-SIMULATED"", ""timestamp"": 67523, ""packets_received"": 553, ""kalman_data"": {""altitude"": -0.28, ""vertical_velocity"": 0}, ""kalman_altitude"": -0.28, ""kalman_vertical_velocity"": 0, ""pyroDrogue"": 0, ""pyroMain"": 0, ""pyro1_state"": 0, ""pyro2_state"": 0}"
1768244390.979187,2026-01-12T21:59:50.979187,0,0,0,-0.64,0.03,0.84,-35.3,-2,4.3,0.6,-2.3,-1.2921,36.8219,1660.1,67636,858.08,26.5,0,0,0,0,14.8,-43,-0.07,0.29,BLUETOOTH-SIMULATED,"{""record_number"": 0, ""operation_mode"": 0, ""state"": 0, ""battery_voltage"": 14.8, ""wifi_rssi"": -43, ""acc_data"": {""ax"": -0.64, ""ay"": 0.03, ""az"": 0.84, ""pitch"": -35.3, ""roll"": -2}, ""gyro_data"": {""gx"": 4.3, ""gy"": 0.6, ""gz"": -2.3}, ""gps_data"": {""latitude"": -1.2921, ""longitude"": 36.8219, ""gps_altitude"": 1660.1, ""time"": 67636}, ""alt_data"": {""pressure"": 858.08, ""temperature"": 26.5, ""AGL"": 0, ""velocity"": 0, ""kalman_altitude"": -0.07, ""kalman_vertical_velocity"": 0.29}, ""chute_state"": {""pyro1_state"": 0, ""pyro2_state"": 0}, ""connection_status"": {""connected"": true, ""has_ever_connected"": true, ""packet_age_ms"": 0, ""timeout_exceeded"": false, ""rssi"": -43}, ""communication_mode"": ""BLUETOOTH-SIMULATED"", ""timestamp"": 67636, ""packets_received"": 554, ""kalman_data"": {""altitude"": -0.07, ""vertical_velocity"": 0.29}, ""kalman_altitude"": -0.07, ""kalman_vertical_velocity"": 0.29, ""pyroDrogue"": 0, ""pyroMain"": 0, ""pyro1_state"": 0, ""pyro2_state"": 0}"
1768244391.125308,2026-01-12T21:59:51.125308,0,0,0,-0.46,-0.17,0.53,-35.7,-1.5,3.1,-4.8,-1.2,-1.2921,36.8219,1665.4,67749,857.95,26.6,0,0,0,0,14.8,-48,-0.4,0.26,BLUETOOTH-SIMULATED,"{""record_number"": 0, ""operation_mode"": 0, ""state"": 0, ""battery_voltage"": 14.8, ""wifi_rssi"": -48, ""acc_data"": {""ax"": -0.46, ""ay"": -0.17, ""az"": 0.53, ""pitch"": -35.7, ""roll"": -1.5}, ""gyro_data"": {""gx"": 3.1, ""gy"": -4.8, ""gz"": -1.2}, ""gps_data"": {""latitude"": -1.2921, ""longitude"": 36.8219, ""gps_altitude"": 1665.4, ""time"": 67749}, ""alt_data"": {""pressure"": 857.95, ""temperature"": 26.6, ""AGL"": 0, ""velocity"": 0, ""kalman_altitude"": -0.4, ""kalman_vertical_velocity"": 0.26}, ""chute_state"": {""pyro1_state"": 0, ""pyro2_state"": 0}, ""connection_status"": {""connected"": true, ""has_ever_connected"": true, ""packet_age_ms"": 0, ""timeout_exceeded"": false, ""rssi"": -48}, ""communication_mode"": ""BLUETOOTH-SIMULATED"", ""timestamp"": 67749, ""packets_received"": 555, ""kalman_data"": {""altitude"": -0.4, ""vertical_velocity"": 0.26}, ""kalman_altitude"": -0.4, ""kalman_vertical_velocity"": 0.26, ""pyroDrogue"": 0, ""pyroMain"": 0, ""pyro1_state"": 0, ""pyro2_state"": 0}"
1768244391.287187,2026-01-12T21:59:51.287187,0,0,0,-0.71,0.01,0.63,-36.4,-1.8,-2.7,3.6,3.9,-1.2921,36.8219,1660.9,67862,858.08,27,0,0,0,0,14.8,-41,0.48,-0.08,BLUETOOTH-SIMULATED,"{""record_number"": 0, ""operation_mode"": 0, ""state"": 0, ""battery_voltage"": 14.8, ""wifi_rssi"": -41, ""acc_data"": {""ax"": -0.71, ""ay"": 0.01, ""az"": 0.63, ""pitch"": -36.4, ""roll"": -1.8}, ""gyro_data"": {""gx"": -2.7, ""gy"": 3.6, ""gz"": 3.9}, ""gps_data"": {""latitude"": -1.2921, ""longitude"": 36.8219, ""gps_altitude"": 1660.9, ""time"": 67862}, ""alt_data"": {""pressure"": 858.08, ""temperature"": 27, ""AGL"": 0, ""velocity"": 0, ""kalman_altitude"": 0.48, ""kalman_vertical_velocity"": -0.08}, ""chute_state"": {""pyro1_state"": 0, ""pyro2_state"": 0}, ""connection_status"": {""connected"": true, ""has_ever_connected"": true, ""packet_age_ms"": 0, ""timeout_exceeded"": false, ""rssi"": -41}, ""communication_mode"": ""BLUETOOTH-SIMULATED"", ""timestamp"": 67862, ""packets_received"": 556, ""kalman_data"": {""altitude"": 0.48, ""vertical_velocity"": -0.08}, ""kalman_altitude"": 0.48, ""kalman_vertical_velocity"": -0.08, ""pyroDrogue"": 0, ""pyroMain"": 0, ""pyro1_state"": 0, ""pyro2_state"": 0}"
1768244391.379344,2026-01-12T21:59:51.379344,0,0,0,-0.41,-0.08,0.75,-35.4,-2.9,4.4,4.3,-4.6,-1.2921,36.8219,1660,67975,858.03,27.1,0,0,0,0,14.8,-45,-0.12,0.04,BLUETOOTH-SIMULATED,"{""record_number"": 0, ""operation_mode"": 0, ""state"": 0, ""battery_voltage"": 14.8, ""wifi_rssi"": -45, ""acc_data"": {""ax"": -0.41, ""ay"": -0.08, ""az"": 0.75, ""pitch"": -35.4, ""roll"": -2.9}, ""gyro_data"": {""gx"": 4.4, ""gy"": 4.3, ""gz"": -4.6}, ""gps_data"": {""latitude"": -1.2921, ""longitude"": 36.8219, ""gps_altitude"": 1660, ""time"": 67975}, ""alt_data"": {""pressure"": 858.03, ""temperature"": 27.1, ""AGL"": 0, ""velocity"": 0, ""kalman_altitude"": -0.12, ""kalman_vertical_velocity"": 0.04}, ""chute_state"": {""pyro1_state"": 0, ""pyro2_state"": 0}, ""connection_status"": {""connected"": true, ""has_ever_connected"": true, ""packet_age_ms"": 0, ""timeout_exceeded"": false, ""rssi"": -45}, ""communication_mode"": ""BLUETOOTH-SIMULATED"", ""timestamp"": 67975, ""packets_received"": 557, ""kalman_data"": {""altitude"": -0.12, ""vertical_velocity"": 0.04}, ""kalman_altitude"": -0.12, ""kalman_vertical_velocity"": 0.04, ""pyroDrogue"": 0, ""pyroMain"": 0, ""pyro1_state"": 0, ""pyro2_state"": 0}"
1768244391.429346,2026-01-12T21:59:51.429346,0,0,0,-0.61,0.03,0.74,-36.5,-1.1,0.9,-1,3.5,-1.2921,36.8219,1656.8,68088,858,26.8,0,0,0,0,14.8,-50,-0.43,0.17,BLUETOOTH-SIMULATED,"{""record_number"": 0, ""operation_mode"": 0, ""state"": 0, ""battery_voltage"": 14.8, ""wifi_rssi"": -50, ""acc_data"": {""ax"": -0.61, ""ay"": 0.03, ""az"": 0.74, ""pitch"": -36.5, ""roll"": -1.1}, ""gyro_data"": {""gx"": 0.9, ""gy"": -1, ""gz"": 3.5}, ""gps_data"": {""latitude"": -1.2921, ""longitude"": 36.8219, ""gps_altitude"": 1656.8, ""time"": 68088}, ""alt_data"": {""pressure"": 858, ""temperature"": 26.8, ""AGL"": 0, ""velocity"": 0, ""kalman_altitude"": -0.43, ""kalman_vertical_velocity"": 0.17}, ""chute_state"": {""pyro1_state"": 0, ""pyro2_state"": 0}, ""connection_status"": {""connected"": true, ""has_ever_connected"": true, ""packet_age_ms"": 0, ""timeout_exceeded"": false, ""rssi"": -50}, ""communication_mode"": ""BLUETOOTH-SIMULATED"", ""timestamp"": 68088, ""packets_received"": 558, ""kalman_data"": {""altitude"": -0.43, ""vertical_velocity"": 0.17}, ""kalman_altitude"": -0.43, ""kalman_vertical_velocity"": 0.17, ""pyroDrogue"": 0, ""pyroMain"": 0, ""pyro1_state"": 0, ""pyro2_state"": 0}"
1768244391.542346,2026-01-12T21:59:51.542346,0,0,0,-0.48,0.16,0.64,-37,-1.8,-4.9,0.9,1.7,-1.2921,36.8219,1662.4,68201,857.94,26.3,0,0,0,0,14.8,-47,-0.17,0.11,BLUETOOTH-SIMULATED,"{""record_number"": 0, ""operation_mode"": 0, ""state"": 0, ""battery_voltage"": 14.8, ""wifi_rssi"": -47, ""acc_data"": {""ax"": -0.48, ""ay"": 0.16, ""az"": 0.64, ""pitch"": -37, ""roll"": -1.8}, ""gyro_data"": {""gx"": -4.9, ""gy"": 0.9, ""gz"": 1.7}, ""gps_data"": {""latitude"": -1.2921, ""longitude"": 36.8219, ""gps_altitude"": 1662.4, ""time"": 68201}, ""alt_data"": {""pressure"": 857.94, ""temperature"": 26.3, ""AGL"": 0, ""velocity"": 0, ""kalman_altitude"": -0.17, ""kalman_vertical_velocity"": 0.11}, ""chute_state"": {""pyro1_state"": 0, ""pyro2_state"": 0}, ""connection_status"": {""connected"": true, ""has_ever_connected"": true, ""packet_age_ms"": 0, ""timeout_exceeded"": false, ""rssi"": -47}, ""communication_mode"": ""BLUETOOTH-SIMULATED"", ""timestamp"": 68201, ""packets_received"": 559, ""kalman_data"": {""altitude"": -0.17, ""vertical_velocity"": 0.11}, ""kalman_altitude"": -0.17, ""kalman_vertical_velocity"": 0.11, ""pyroDrogue"": 0, ""pyroMain"": 0, ""pyro1_state"": 0, ""pyro2_state"": 0}"
1768244391.628348,2026-01-12T21:59:51.628348,0,0,0,-0.55,-0.2,0.76,-35.7,-2.1,0.5,-1.4,-4.3,-1.2921,36.8219,1662.2,68314,857.95,27,0,0,0,0,14.8,-42,0.3,0,BLUETOOTH-SIMULATED,"{""record_number"": 0, ""operation_mode"": 0, ""state"": 0, ""battery_voltage"": 14.8, ""wifi_rssi"": -42, ""acc_data"": {""ax"": -0.55, ""ay"": -0.2, ""az"": 0.76, ""pitch"": -35.7, ""roll"": -2.1}, ""gyro_data"": {""gx"": 0.5, ""gy"": -1.4, ""gz"": -4.3}, ""gps_data"": {""latitude"": -1.2921, ""longitude"": 36.8219, ""gps_altitude"": 1662.2, ""time"": 68314}, ""alt_data"": {""pressure"": 857.95, ""temperature"": 27, ""AGL"": 0, ""velocity"": 0, ""kalman_altitude"": 0.3, ""kalman_vertical_velocity"": 0}, ""chute_state"": {""pyro1_state"": 0, ""pyro2_state"": 0}, ""connection_status"": {""connected"": true, ""has_ever_connected"": true, ""packet_age_ms"": 0, ""timeout_exceeded"": false, ""rssi"": -42}, ""communication_mode"": ""BLUETOOTH-SIMULATED"", ""timestamp"": 68314, ""packets_received"": 560, ""kalman_data"": {""altitude"": 0.3, ""vertical_velocity"": 0}, ""kalman_altitude"": 0.3, ""kalman_vertical_velocity"": 0, ""pyroDrogue"": 0, ""pyroMain"": 0, ""pyro1_state"": 0, ""pyro2_state"": 0}"
1768244391.710616,2026-01-12T21:59:51.710616,0,0,0,-0.4,0.15,0.67,-36.1,-2.4,2.9,-1.9,2.8,-1.2921,36.8219,1661.7,68427,858.09,27.1,0,0,0,0,14.8,-46,-0.04,0.06,BLUETOOTH-SIMULATED,"{""record_number"": 0, ""operation_mode"": 0, ""state"": 0, ""battery_voltage"": 14.8, ""wifi_rssi"": -46, ""acc_data"": {""ax"": -0.4, ""ay"": 0.15, ""az"": 0.67, ""pitch"": -36.1, ""roll"": -2.4}, ""gyro_data"": {""gx"": 2.9, ""gy"": -1.9, ""gz"": 2.8}, ""gps_data"": {""latitude"": -1.2921, ""longitude"": 36.8219, ""gps_altitude"": 1661.7, ""time"": 68427}, ""alt_data"": {""pressure"": 858.09, ""temperature"": 27.1, ""AGL"": 0, ""velocity"": 0, ""kalman_altitude"": -0.04, ""kalman_vertical_velocity"": 0.06}, ""chute_state"": {""pyro1_state"": 0, ""pyro2_state"": 0}, ""connection_status"": {""connected"": true, ""has_ever_connected"": true, ""packet_age_ms"": 0, ""timeout_exceeded"": false, ""rssi"": -46}, ""communication_mode"": ""BLUETOOTH-SIMULATED"", ""timestamp"": 68427, ""packets_received"": 561, ""kalman_data"": {""altitude"": -0.04, ""vertical_velocity"": 0.06}, ""kalman_altitude"": -0.04, ""kalman_vertical_velocity"": 0.06, ""pyroDrogue"": 0, ""pyroMain"": 0, ""pyro1_state"": 0, ""pyro2_state"": 0}"
1768244391.984029,2026-01-12T21:59:51.984029,0,0,0,-0.43,0.17,0.62,-35.9,-2,-3.8,2.9,-4.8,-1.2921,36.8219,1662.7,68540,857.94,26.5,0,0,0,0,14.8,-47,0.25,0.06,BLUETOOTH-SIMULATED,"{""record_number"": 0, ""operation_mode"": 0, ""state"": 0, ""battery_voltage"": 14.8, ""wifi_rssi"": -47, ""acc_data"": {""ax"": -0.43, ""ay"": 0.17, ""az"": 0.62, ""pitch"": -35.9, ""roll"": -2}, ""gyro_data"": {""gx"": -3.8, ""gy"": 2.9, ""gz"": -4.8}, ""gps_data"": {""latitude"": -1.2921, ""longitude"": 36.8219, ""gps_altitude"": 1662.7, ""time"": 68540}, ""alt_data"": {""pressure"": 857.94, ""temperature"": 26.5, ""AGL"": 0, ""velocity"": 0, ""kalman_altitude"": 0.25, ""kalman_vertical_velocity"": 0.06}, ""chute_state"": {""pyro1_state"": 0, ""pyro2_state"": 0}, ""connection_status"": {""connected"": true, ""has_ever_connected"": true, ""packet_age_ms"": 0, ""timeout_exceeded"": false, ""rssi"": -47}, ""communication_mode"": ""BLUETOOTH-SIMULATED"", ""timestamp"": 68540, ""packets_received"": 562, ""kalman_data"": {""altitude"": 0.25, ""vertical_velocity"": 0.06}, ""kalman_altitude"": 0.25, ""kalman_vertical_velocity"": 0.06, ""pyroDrogue"": 0, ""pyroMain"": 0, ""pyro1_state"": 0, ""pyro2_state"": 0}"
1768244392.045057,2026-01-12T21:59:52.045057,0,0,0,-0.46,-0.18,0.64,-35.5,-1.9,-4.5,2.8,4.9,-1.2921,36.8219,1661.4,68653,858.08,26.2,0,0,0,0,14.8,-41,0.11,-0.28,BLUETOOTH-SIMULATED,"{""record_number"": 0, ""operation_mode"": 0, ""state"": 0, ""battery_voltage"": 14.8, ""wifi_rssi"": -41, ""acc_data"": {""ax"": -0.46, ""ay"": -0.18, ""az"": 0.64, ""pitch"": -35.5, ""roll"": -1.9}, ""gyro_data"": {""gx"": -4.5, ""gy"": 2.8, ""gz"": 4.9}, ""gps_data"": {""latitude"": -1.2921, ""longitude"": 36.8219, ""gps_altitude"": 1661.4, ""time"": 68653}, ""alt_data"": {""pressure"": 858.08, ""temperature"": 26.2, ""AGL"": 0, ""velocity"": 0, ""kalman_altitude"": 0.11, ""kalman_vertical_velocity"": -0.28}, ""chute_state"": {""pyro1_state"": 0, ""pyro2_state"": 0}, ""connection_status"": {""connected"": true, ""has_ever_connected"": true, ""packet_age_ms"": 0, ""timeout_exceeded"": false, ""rssi"": -41}, ""communication_mode"": ""BLUETOOTH-SIMULATED"", ""timestamp"": 68653, ""packets_received"": 563, ""kalman_data"": {""altitude"": 0.11, ""vertical_velocity"": -0.28}, ""kalman_altitude"": 0.11, ""kalman_vertical_velocity"": -0.28, ""pyroDrogue"": 0, ""pyroMain"": 0, ""pyro1_state"": 0, ""pyro2_state"": 0}"
1768244392.143035,2026-01-12T21:59:52.143035,0,0,0,-0.74,-0.04,0.66,-35.7,-2,0.5,-4.8,4.8,-1.2921,36.8219,1661.7,68766,858.04,26.9,0,0,0,0,14.8,-43,0.34,-0.05,BLUETOOTH-SIMULATED,"{""record_number"": 0, ""operation_mode"": 0, ""state"": 0, ""battery_voltage"": 14.8, ""wifi_rssi"": -43, ""acc_data"": {""ax"": -0.74, ""ay"": -0.04, ""az"": 0.66, ""pitch"": -35.7, ""roll"": -2}, ""gyro_data"": {""gx"": 0.5, ""gy"": -4.8, ""gz"": 4.8}, ""gps_data"": {""latitude"": -1.2921, ""longitude"": 36.8219, ""gps_altitude"": 1661.7, ""time"": 68766}, ""alt_data"": {""pressure"": 858.04, ""temperature"": 26.9, ""AGL"": 0, ""velocity"": 0, ""kalman_altitude"": 0.34, ""kalman_vertical_velocity"": -0.05}, ""chute_state"": {""pyro1_state"": 0, ""pyro2_state"": 0}, ""connection_status"": {""connected"": true, ""has_ever_connected"": true, ""packet_age_ms"": 0, ""timeout_exceeded"": false, ""rssi"": -43}, ""communication_mode"": ""BLUETOOTH-SIMULATED"", ""timestamp"": 68766, ""packets_received"": 564, ""kalman_data"": {""altitude"": 0.34, ""vertical_velocity"": -0.05}, ""kalman_altitude"": 0.34, ""kalman_vertical_velocity"": -0.05, ""pyroDrogue"": 0, ""pyroMain"": 0, ""pyro1_state"": 0, ""pyro2_state"": 0}"
1768244392.219028,2026-01-12T21:59:52.219028,0,0,0,-0.72,-0.05,0.53,-36.6,-1.8,-1.8,3.5,1.8,-1.2921,36.8219,1662.3,68879,857.92,27.1,0,0,0,0,14.8,-42,-0.41,-0.12,BLUETOOTH-SIMULATED,"{""record_number"": 0, ""operation_mode"": 0, ""state"": 0, ""battery_voltage"": 14.8, ""wifi_rssi"": -42, ""acc_data"": {""ax"": -0.72, ""ay"": -0.05, ""az"": 0.53, ""pitch"": -36.6, ""roll"": -1.8}, ""gyro_data"": {""gx"": -1.8, ""gy"": 3.5, ""gz"": 1.8}, ""gps_data"": {""latitude"": -1.2921, ""longitude"": 36.8219, ""gps_altitude"": 1662.3, ""time"": 68879}, ""alt_data"": {""pressure"": 857.92, ""temperature"": 27.1, ""AGL"": 0, ""velocity"": 0, ""kalman_altitude"": -0.41, ""kalman_vertical_velocity"": -0.12}, ""chute_state"": {""pyro1_state"": 0, ""pyro2_state"": 0}, ""connection_status"": {""connected"": true, ""has_ever_connected"": true, ""packet_age_ms"": 0, ""timeout_exceeded"": false, ""rssi"": -42}, ""communication_mode"": ""BLUETOOTH-SIMULATED"", ""timestamp"": 68879, ""packets_received"": 565, ""kalman_data"": {""altitude"": -0.41, ""vertical_velocity"": -0.12}, ""kalman_altitude"": -0.41, ""kalman_vertical_velocity"": -0.12, ""pyroDrogue"": 0, ""pyroMain"": 0, ""pyro1_state"": 0, ""pyro2_state"": 0}"
1768244392.345026,2026-01-12T21:59:52.345026,0,0,0,-0.73,0.01,0.81,-35.2,-2.6,-0.6,-1.6,-2,-1.2921,36.8219,1665.9,68992,858,26.8,0,0,0,0,14.8,-46,0.08,0.04,BLUETOOTH-SIMULATED,"{""record_number"": 0, ""operation_mode"": 0, ""state"": 0, ""battery_voltage"": 14.8, ""wifi_rssi"": -46, ""acc_data"": {""ax"": -0.73, ""ay"": 0.01, ""az"": 0.81, ""pitch"": -35.2, ""roll"": -2.6}, ""gyro_data"": {""gx"": -0.6, ""gy"": -1.6, ""gz"": -2}, ""gps_data"": {""latitude"": -1.2921, ""longitude"": 36.8219, ""gps_altitude"": 1665.9, ""time"": 68992}, ""alt_data"": {""pressure"": 858, ""temperature"": 26.8, ""AGL"": 0, ""velocity"": 0, ""kalman_altitude"": 0.08, ""kalman_vertical_velocity"": 0.04}, ""chute_state"": {""pyro1_state"": 0, ""pyro2_state"": 0}, ""connection_status"": {""connected"": true, ""has_ever_connected"": true, ""packet_age_ms"": 0, ""timeout_exceeded"": false, ""rssi"": -46}, ""communication_mode"": ""BLUETOOTH-SIMULATED"", ""timestamp"": 68992, ""packets_received"": 566, ""kalman_data"": {""altitude"": 0.08, ""vertical_velocity"": 0.04}, ""kalman_altitude"": 0.08, ""kalman_vertical_velocity"": 0.04, ""pyroDrogue"": 0, ""pyroMain"": 0, ""pyro1_state"": 0, ""pyro2_state"": 0}"
1768244392.574485,2026-01-12T21:59:52.574485,0,0,0,-0.74,0.05,0.88,-35.4,-2.1,1.8,0.2,4.2,-1.2921,36.8219,1660.4,69105,858.09,26.4,0,0,0,0,14.8,-48,-0.16,-0.1,BLUETOOTH-SIMULATED,"{""record_number"": 0, ""operation_mode"": 0, ""state"": 0, ""battery_voltage"": 14.8, ""wifi_rssi"": -48, ""acc_data"": {""ax"": -0.74, ""ay"": 0.05, ""az"": 0.88, ""pitch"": -35.4, ""roll"": -2.1}, ""gyro_data"": {""gx"": 1.8, ""gy"": 0.2, ""gz"": 4.2}, ""gps_data"": {""latitude"": -1.2921, ""longitude"": 36.8219, ""gps_altitude"": 1660.4, ""time"": 69105}, ""alt_data"": {""pressure"": 858.09, ""temperature"": 26.4, ""AGL"": 0, ""velocity"": 0, ""kalman_altitude"": -0.16, ""kalman_vertical_velocity"": -0.1}, ""chute_state"": {""pyro1_state"": 0, ""pyro2_state"": 0}, ""connection_status"": {""connected"": true, ""has_ever_connected"": true, ""packet_age_ms"": 0, ""timeout_exceeded"": false, ""rssi"": -48}, ""communication_mode"": ""BLUETOOTH-SIMULATED"", ""timestamp"": 69105, ""packets_received"": 567, ""kalman_data"": {""altitude"": -0.16, ""vertical_velocity"": -0.1}, ""kalman_altitude"": -0.16, ""kalman_vertical_velocity"": -0.1, ""pyroDrogue"": 0, ""pyroMain"": 0, ""pyro1_state"": 0, ""pyro2_state"": 0}"
1768244392.654486,2026-01-12T21:59:52.654486,0,0,0,-0.42,0.14,0.57,-35.8,-1.1,1.5,4.3,0.2,-1.2921,36.8219,1659.5,69218,858.06,26.8,0,0,0,0,14.8,-45,-0.4,0.09,BLUETOOTH-SIMULATED,"{""record_number"": 0, ""operation_mode"": 0, ""state"": 0, ""battery_voltage"": 14.8, ""wifi_rssi"": -45, ""acc_data"": {""ax"": -0.42, ""ay"": 0.14, ""az"": 0.57, ""pitch"": -35.8, ""roll"": -1.1}, ""gyro_data"": {""gx"": 1.5, ""gy"": 4.3, ""gz"": 0.2}, ""gps_data"": {""latitude"": -1.2921, ""longitude"": 36.8219, ""gps_altitude"": 1659.5, ""time"": 69218}, ""alt_data"": {""pressure"": 858.06, ""temperature"": 26.8, ""AGL"": 0, ""velocity"": 0, ""kalman_altitude"": -0.4, ""kalman_vertical_velocity"": 0.09}, ""chute_state"": {""pyro1_state"": 0, ""pyro2_state"": 0}, ""connection_status"": {""connected"": true, ""has_ever_connected"": true, ""packet_age_ms"": 0, ""timeout_exceeded"": false, ""rssi"": -45}, ""communication_mode"": ""BLUETOOTH-SIMULATED"", ""timestamp"": 69218, ""packets_received"": 568, ""kalman_data"": {""altitude"": -0.4, ""vertical_velocity"": 0.09}, ""kalman_altitude"": -0.4, ""kalman_vertical_velocity"": 0.09, ""pyroDrogue"": 0, ""pyroMain"": 0, ""pyro1_state"": 0, ""pyro2_state"": 0}"
1768244392.707571,2026-01-12T21:59:52.707571,0,0,0,-0.65,-0.04,0.81,-36.9,-2.6,-3.1,0.9,1.5,-1.2921,36.8219,1665,69331,857.92,26.8,0,0,0,0,14.8,-44,-0.29,-0.14,BLUETOOTH-SIMULATED,"{""record_number"": 0, ""operation_mode"": 0, ""state"": 0, ""battery_voltage"": 14.8, ""wifi_rssi"": -44, ""acc_data"": {""ax"": -0.65, ""ay"": -0.04, ""az"": 0.81, ""pitch"": -36.9, ""roll"": -2.6}, ""gyro_data"": {""gx"": -3.1, ""gy"": 0.9, ""gz"": 1.5}, ""gps_data"": {""latitude"": -1.2921, ""longitude"": 36.8219, ""gps_altitude"": 1665, ""time"": 69331}, ""alt_data"": {""pressure"": 857.92, ""temperature"": 26.8, ""AGL"": 0, ""velocity"": 0, ""kalman_altitude"": -0.29, ""kalman_vertical_velocity"": -0.14}, ""chute_state"": {""pyro1_state"": 0, ""pyro2_state"": 0}, ""connection_status"": {""connected"": true, ""has_ever_connected"": true, ""packet_age_ms"": 0, ""timeout_exceeded"": false, ""rssi"": -44}, ""communication_mode"": ""BLUETOOTH-SIMULATED"", ""timestamp"": 69331, ""packets_received"": 569, ""kalman_data"": {""altitude"": -0.29, ""vertical_velocity"": -0.14}, ""kalman_altitude"": -0.29, ""kalman_vertical_velocity"": -0.14, ""pyroDrogue"": 0, ""pyroMain"": 0, ""pyro1_state"": 0, ""pyro2_state"": 0}"
1768244392.776569,2026-01-12T21:59:52.776569,0,0,0,-0.59,0.11,0.82,-36.3,-2,1.2,-5,3.1,-1.2921,36.8219,1662.7,69444,858.04,26.7,0,0,0,0,14.8,-47,0.22,-0.03,BLUETOOTH-SIMULATED,"{""record_number"": 0, ""operation_mode"": 0, ""state"": 0, ""battery_voltage"": 14.8, ""wifi_rssi"": -47, ""acc_data"": {""ax"": -0.59, ""ay"": 0.11, ""az"": 0.82, ""pitch"": -36.3, ""roll"": -2}, ""gyro_data"": {""gx"": 1.2, ""gy"": -5, ""gz"": 3.1}, ""gps_data"": {""latitude"": -1.2921, ""longitude"": 36.8219, ""gps_altitude"": 1662.7, ""time"": 69444}, ""alt_data"": {""pressure"": 858.04, ""temperature"": 26.7, ""AGL"": 0, ""velocity"": 0, ""kalman_altitude"": 0.22, ""kalman_vertical_velocity"": -0.03}, ""chute_state"": {""pyro1_state"": 0, ""pyro2_state"": 0}, ""connection_status"": {""connected"": true, ""has_ever_connected"": true, ""packet_age_ms"": 0, ""timeout_exceeded"": false, ""rssi"": -47}, ""communication_mode"": ""BLUETOOTH-SIMULATED"", ""timestamp"": 69444, ""packets_received"": 570, ""kalman_data"": {""altitude"": 0.22, ""vertical_velocity"": -0.03}, ""kalman_altitude"": 0.22, ""kalman_vertical_velocity"": -0.03, ""pyroDrogue"": 0, ""pyroMain"": 0, ""pyro1_state"": 0, ""pyro2_state"": 0}"
1768244392.88963,2026-01-12T21:59:52.889630,0,0,0,-0.58,-0.14,0.79,-36.4,-1.8,2.1,4.8,0.3,-1.2921,36.8219,1658,69556,857.99,26.3,0,0,0,0,14.8,-50,0.19,0.2,BLUETOOTH-SIMULATED,"{""record_number"": 0, ""operation_mode"": 0, ""state"": 0, ""battery_voltage"": 14.8, ""wifi_rssi"": -50, ""acc_data"": {""ax"": -0.58, ""ay"": -0.14, ""az"": 0.79, ""pitch"": -36.4, ""roll"": -1.8}, ""gyro_data"": {""gx"": 2.1, ""gy"": 4.8, ""gz"": 0.3}, ""gps_data"": {""latitude"": -1.2921, ""longitude"": 36.8219, ""gps_altitude"": 1658, ""time"": 69556}, ""alt_data"": {""pressure"": 857.99, ""temperature"": 26.3, ""AGL"": 0, ""velocity"": 0, ""kalman_altitude"": 0.19, ""kalman_vertical_velocity"": 0.2}, ""chute_state"": {""pyro1_state"": 0, ""pyro2_state"": 0}, ""connection_status"": {""connected"": true, ""has_ever_connected"": true, ""packet_age_ms"": 0, ""timeout_exceeded"": false, ""rssi"": -50}, ""communication_mode"": ""BLUETOOTH-SIMULATED"", ""timestamp"": 69556, ""packets_received"": 571, ""kalman_data"": {""altitude"": 0.19, ""vertical_velocity"": 0.2}, ""kalman_altitude"": 0.19, ""kalman_vertical_velocity"": 0.2, ""pyroDrogue"": 0, ""pyroMain"": 0, ""pyro1_state"": 0, ""pyro2_state"": 0}"
1768244392.985091,2026-01-12T21:59:52.985091,0,0,0,-0.42,0.02,0.56,-35.6,-1.2,-3.7,-5,4.3,-1.2921,36.8219,1660.2,69669,858.07,27.1,0,0,0,0,14.8,-49,0.18,0.18,BLUETOOTH-SIMULATED,"{""record_number"": 0, ""operation_mode"": 0, ""state"": 0, ""battery_voltage"": 14.8, ""wifi_rssi"": -49, ""acc_data"": {""ax"": -0.42, ""ay"": 0.02, ""az"": 0.56, ""pitch"": -35.6, ""roll"": -1.2}, ""gyro_data"": {""gx"": -3.7, ""gy"": -5, ""gz"": 4.3}, ""gps_data"": {""latitude"": -1.2921, ""longitude"": 36.8219, ""gps_altitude"": 1660.2, ""time"": 69669}, ""alt_data"": {""pressure"": 858.07, ""temperature"": 27.1, ""AGL"": 0, ""velocity"": 0, ""kalman_altitude"": 0.18, ""kalman_vertical_velocity"": 0.18}, ""chute_state"": {""pyro1_state"": 0, ""pyro2_state"": 0}, ""connection_status"": {""connected"": true, ""has_ever_connected"": true, ""packet_age_ms"": 0, ""timeout_exceeded"": false, ""rssi"": -49}, ""communication_mode"": ""BLUETOOTH-SIMULATED"", ""timestamp"": 69669, ""packets_received"": 572, ""kalman_data"": {""altitude"": 0.18, ""vertical_velocity"": 0.18}, ""kalman_altitude"": 0.18, ""kalman_vertical_velocity"": 0.18, ""pyroDrogue"": 0, ""pyroMain"": 0, ""pyro1_state"": 0, ""pyro2_state"": 0}"
1768244393.091618,2026-01-12T21:59:53.091618,0,0,0,-0.65,0.01,0.55,-35.7,-2.7,4.9,-3.4,1,-1.2921,36.8219,1662,69782,858.04,26.7,0,0,0,0,14.8,-50,-0.29,-0.21,BLUETOOTH-SIMULATED,"{""record_number"": 0, ""operation_mode"": 0, ""state"": 0, ""battery_voltage"": 14.8, ""wifi_rssi"": -50, ""acc_data"": {""ax"": -0.65, ""ay"": 0.01, ""az"": 0.55, ""pitch"": -35.7, ""roll"": -2.7}, ""gyro_data"": {""gx"": 4.9, ""gy"": -3.4, ""gz"": 1}, ""gps_data"": {""latitude"": -1.2921, ""longitude"": 36.8219, ""gps_altitude"": 1662, ""time"": 69782}, ""alt_data"": {""pressure"": 858.04, ""temperature"": 26.7, ""AGL"": 0, ""velocity"": 0, ""kalman_altitude"": -0.29, ""kalman_vertical_velocity"": -0.21}, ""chute_state"": {""pyro1_state"": 0, ""pyro2_state"": 0}, ""connection_status"": {""connected"": true, ""has_ever_connected"": true, ""packet_age_ms"": 0, ""timeout_exceeded"": false, ""rssi"": -50}, ""communication_mode"": ""BLUETOOTH-SIMULATED"", ""timestamp"": 69782, ""packets_received"": 573, ""kalman_data"": {""altitude"": -0.29, ""vertical_velocity"": -0.21}, ""kalman_altitude"": -0.29, ""kalman_vertical_velocity"": -0.21, ""pyroDrogue"": 0, ""pyroMain"": 0, ""pyro1_state"": 0, ""pyro2_state"": 0}"
1768244393.17403,2026-01-12T21:59:53.174030,0,0,0,-0.54,0.03,0.55,-36.7,-1.5,2.5,-3.6,-1.7,-1.2921,36.8219,1661.7,69895,857.96,26.8,0,0,0,0,14.8,-44,0.28,-0.24,BLUETOOTH-SIMULATED,"{""record_number"": 0, ""operation_mode"": 0, ""state"": 0, ""battery_voltage"": 14.8, ""wifi_rssi"": -44, ""acc_data"": {""ax"": -0.54, ""ay"": 0.03, ""az"": 0.55, ""pitch"": -36.7, ""roll"": -1.5}, ""gyro_data"": {""gx"": 2.5, ""gy"": -3.6, ""gz"": -1.7}, ""gps_data"": {""latitude"": -1.2921, ""longitude"": 36.8219, ""gps_altitude"": 1661.7, ""time"": 69895}, ""alt_data"": {""pressure"": 857.96, ""temperature"": 26.8, ""AGL"": 0, ""velocity"": 0, ""kalman_altitude"": 0.28, ""kalman_vertical_velocity"": -0.24}, ""chute_state"": {""pyro1_state"": 0, ""pyro2_state"": 0}, ""connection_status"": {""connected"": true, ""has_ever_connected"": true, ""packet_age_ms"": 0, ""timeout_exceeded"": false, ""rssi"": -44}, ""communication_mode"": ""BLUETOOTH-SIMULATED"", ""timestamp"": 69895, ""packets_received"": 574, ""kalman_data"": {""altitude"": 0.28, ""vertical_velocity"": -0.24}, ""kalman_altitude"": 0.28, ""kalman_vertical_velocity"": -0.24, ""pyroDrogue"": 0, ""pyroMain"": 0, ""pyro1_state"": 0, ""pyro2_state"": 0}"
1768244393.255619,2026-01-12T21:59:53.255619,0,0,0,-0.75,0.04,0.51,-36.1,-1.5,-1.2,-4.9,1.3,-1.2921,36.8219,1664.8,70008,858.04,26.8,0,0,0,0,14.8,-43,-0.46,-0.25,BLUETOOTH-SIMULATED,"{""record_number"": 0, ""operation_mode"": 0, ""state"": 0, ""battery_voltage"": 14.8, ""wifi_rssi"": -43, ""acc_data"": {""ax"": -0.75, ""ay"": 0.04, ""az"": 0.51, ""pitch"": -36.1, ""roll"": -1.5}, ""gyro_data"": {""gx"": -1.2, ""gy"": -4.9, ""gz"": 1.3}, ""gps_data"": {""latitude"": -1.2921, ""longitude"": 36.8219, ""gps_altitude"": 1664.8, ""time"": 70008}, ""alt_data"": {""pressure"": 858.04, ""temperature"": 26.8, ""AGL"": 0, ""velocity"": 0, ""kalman_altitude"": -0.46, ""kalman_vertical_velocity"": -0.25}, ""chute_state"": {""pyro1_state"": 0, ""pyro2_state"": 0}, ""connection_status"": {""connected"": true, ""has_ever_connected"": true, ""packet_age_ms"": 0, ""timeout_exceeded"": false, ""rssi"": -43}, ""communication_mode"": ""BLUETOOTH-SIMULATED"", ""timestamp"": 70008, ""packets_received"": 575, ""kalman_data"": {""altitude"": -0.46, ""vertical_velocity"": -0.25}, ""kalman_altitude"": -0.46, ""kalman_vertical_velocity"": -0.25, ""pyroDrogue"": 0, ""pyroMain"": 0, ""pyro1_state"": 0, ""pyro2_state"": 0}"
1768244393.317619,2026-01-12T21:59:53.317619,0,0,0,-0.79,-0.1,0.79,-36.3,-2.4,1.2,-2.8,3.7,-1.2921,36.8219,1661.2,70121,858.09,27,0,0,0,0,14.8,-46,0.42,-0.13,BLUETOOTH-SIMULATED,"{""record_number"": 0, ""operation_mode"": 0, ""state"": 0, ""battery_voltage"": 14.8, ""wifi_rssi"": -46, ""acc_data"": {""ax"": -0.79, ""ay"": -0.1, ""az"": 0.79, ""pitch"": -36.3, ""roll"": -2.4}, ""gyro_data"": {""gx"": 1.2, ""gy"": -2.8, ""gz"": 3.7}, ""gps_data"": {""latitude"": -1.2921, ""longitude"": 36.8219, ""gps_altitude"": 1661.2, ""time"": 70121}, ""alt_data"": {""pressure"": 858.09, ""temperature"": 27, ""AGL"": 0, ""velocity"": 0, ""kalman_altitude"": 0.42, ""kalman_vertical_velocity"": -0.13}, ""chute_state"": {""pyro1_state"": 0, ""pyro2_state"": 0}, ""connection_status"": {""connected"": true, ""has_ever_connected"": true, ""packet_age_ms"": 0, ""timeout_exceeded"": false, ""rssi"": -46}, ""communication_mode"": ""BLUETOOTH-SIMULATED"", ""timestamp"": 70121, ""packets_received"": 576, ""kalman_data"": {""altitude"": 0.42, ""vertical_velocity"": -0.13}, ""kalman_altitude"": 0.42, ""kalman_vertical_velocity"": -0.13, ""pyroDrogue"": 0, ""pyroMain"": 0, ""pyro1_state"": 0, ""pyro2_state"": 0}"
1768244393.394631,2026-01-12T21:59:53.394631,0,0,0,-0.71,0.06,0.67,-35.9,-3,4.9,-0.5,0.3,-1.2921,36.8219,1661.1,70234,857.95,26.4,0,0,0,0,14.8,-50,-0.42,0.22,BLUETOOTH-SIMULATED,"{""record_number"": 0, ""operation_mode"": 0, ""state"": 0, ""battery_voltage"": 14.8, ""wifi_rssi"": -50, ""acc_data"": {""ax"": -0.71, ""ay"": 0.06, ""az"": 0.67, ""pitch"": -35.9, ""roll"": -3}, ""gyro_data"": {""gx"": 4.9, ""gy"": -0.5, ""gz"": 0.3}, ""gps_data"": {""latitude"": -1.2921, ""longitude"": 36.8219, ""gps_altitude"": 1661.1, ""time"": 70234}, ""alt_data"": {""pressure"": 857.95, ""temperature"": 26.4, ""AGL"": 0, ""velocity"": 0, ""kalman_altitude"": -0.42, ""kalman_vertical_velocity"": 0.22}, ""chute_state"": {""pyro1_state"": 0, ""pyro2_state"": 0}, ""connection_status"": {""connected"": true, ""has_ever_connected"": true, ""packet_age_ms"": 0, ""timeout_exceeded"": false, ""rssi"": -50}, ""communication_mode"": ""BLUETOOTH-SIMULATED"", ""timestamp"": 70234, ""packets_received"": 577, ""kalman_data"": {""altitude"": -0.42, ""vertical_velocity"": 0.22}, ""kalman_altitude"": -0.42, ""kalman_vertical_velocity"": 0.22, ""pyroDrogue"": 0, ""pyroMain"": 0, ""pyro1_state"": 0, ""pyro2_state"": 0}"
1768244393.45662,2026-01-12T21:59:53.456620,0,0,0,-0.72,0.08,0.87,-36.5,-2.4,1.7,1.1,-2.2,-1.2921,36.8219,1664.8,70347,858.02,26.5,0,0,0,0,14.8,-43,0.22,0.03,BLUETOOTH-SIMULATED,"{""record_number"": 0, ""operation_mode"": 0, ""state"": 0, ""battery_voltage"": 14.8, ""wifi_rssi"": -43, ""acc_data"": {""ax"": -0.72, ""ay"": 0.08, ""az"": 0.87, ""pitch"": -36.5, ""roll"": -2.4}, ""gyro_data"": {""gx"": 1.7, ""gy"": 1.1, ""gz"": -2.2}, ""gps_data"": {""latitude"": -1.2921, ""longitude"": 36.8219, ""gps_altitude"": 1664.8, ""time"": 70347}, ""alt_data"": {""pressure"": 858.02, ""temperature"": 26.5, ""AGL"": 0, ""velocity"": 0, ""kalman_altitude"": 0.22, ""kalman_vertical_velocity"": 0.03}, ""chute_state"": {""pyro1_state"": 0, ""pyro2_state"": 0}, ""connection_status"": {""connected"": true, ""has_ever_connected"": true, ""packet_age_ms"": 0, ""timeout_exceeded"": false, ""rssi"": -43}, ""communication_mode"": ""BLUETOOTH-SIMULATED"", ""timestamp"": 70347, ""packets_received"": 578, ""kalman_data"": {""altitude"": 0.22, ""vertical_velocity"": 0.03}, ""kalman_altitude"": 0.22, ""kalman_vertical_velocity"": 0.03, ""pyroDrogue"": 0, ""pyroMain"": 0, ""pyro1_state"": 0, ""pyro2_state"": 0}"
1768244393.542992,2026-01-12T21:59:53.542992,0,0,0,-0.54,0.04,0.79,-36.1,-1.5,-3,-3.4,4.3,-1.2921,36.8219,1665.9,70460,857.93,26.7,0,0,0,0,14.8,-49,0.01,0.13,BLUETOOTH-SIMULATED,"{""record_number"": 0, ""operation_mode"": 0, ""state"": 0, ""battery_voltage"": 14.8, ""wifi_rssi"": -49, ""acc_data"": {""ax"": -0.54, ""ay"": 0.04, ""az"": 0.79, ""pitch"": -36.1, ""roll"": -1.5}, ""gyro_data"": {""gx"": -3, ""gy"": -3.4, ""gz"": 4.3}, ""gps_data"": {""latitude"": -1.2921, ""longitude"": 36.8219, ""gps_altitude"": 1665.9, ""time"": 70460}, ""alt_data"": {""pressure"": 857.93, ""temperature"": 26.7, ""AGL"": 0, ""velocity"": 0, ""kalman_altitude"": 0.01, ""kalman_vertical_velocity"": 0.13}, ""chute_state"": {""pyro1_state"": 0, ""pyro2_state"": 0}, ""connection_status"": {""connected"": true, ""has_ever_connected"": true, ""packet_age_ms"": 0, ""timeout_exceeded"": false, ""rssi"": -49}, ""communication_mode"": ""BLUETOOTH-SIMULATED"", ""timestamp"": 70460, ""packets_received"": 579, ""kalman_data"": {""altitude"": 0.01, ""vertical_velocity"": 0.13}, ""kalman_altitude"": 0.01, ""kalman_vertical_velocity"": 0.13, ""pyroDrogue"": 0, ""pyroMain"": 0, ""pyro1_state"": 0, ""pyro2_state"": 0}"
1768244393.611991,2026-01-12T21:59:53.611991,0,0,0,-0.45,0.12,0.83,-36.1,-2.8,0.5,-0.2,3.2,-1.2921,36.8219,1658.4,70593,857.98,26.9,0,0,0,0,14.8,-49,0.42,0.03,BLUETOOTH-SIMULATED,"{""record_number"": 0, ""operation_mode"": 0, ""state"": 0, ""battery_voltage"": 14.8, ""wifi_rssi"": -49, ""acc_data"": {""ax"": -0.45, ""ay"": 0.12, ""az"": 0.83, ""pitch"": -36.1, ""roll"": -2.8}, ""gyro_data"": {""gx"": 0.5, ""gy"": -0.2, ""gz"": 3.2}, ""gps_data"": {""latitude"": -1.2921, ""longitude"": 36.8219, ""gps_altitude"": 1658.4, ""time"": 70593}, ""alt_data"": {""pressure"": 857.98, ""temperature"": 26.9, ""AGL"": 0, ""velocity"": 0, ""kalman_altitude"": 0.42, ""kalman_vertical_velocity"": 0.03}, ""chute_state"": {""pyro1_state"": 0, ""pyro2_state"": 0}, ""connection_status"": {""connected"": true, ""has_ever_connected"": true, ""packet_age_ms"": 0, ""timeout_exceeded"": false, ""rssi"": -49}, ""communication_mode"": ""BLUETOOTH-SIMULATED"", ""timestamp"": 70593, ""packets_received"": 580, ""kalman_data"": {""altitude"": 0.42, ""vertical_velocity"": 0.03}, ""kalman_altitude"": 0.42, ""kalman_vertical_velocity"": 0.03, ""pyroDrogue"": 0, ""pyroMain"": 0, ""pyro1_state"": 0, ""pyro2_state"": 0}"
1768244393.768573,2026-01-12T21:59:53.768573,0,0,0,-0.69,-0.17,0.56,-35.9,-1.2,4.2,-5,-0.6,-1.2921,36.8219,1662,70706,857.9,26.6,0,0,0,0,14.8,-46,-0.01,0.16,BLUETOOTH-SIMULATED,"{""record_number"": 0, ""operation_mode"": 0, ""state"": 0, ""battery_voltage"": 14.8, ""wifi_rssi"": -46, ""acc_data"": {""ax"": -0.69, ""ay"": -0.17, ""az"": 0.56, ""pitch"": -35.9, ""roll"": -1.2}, ""gyro_data"": {""gx"": 4.2, ""gy"": -5, ""gz"": -0.6}, ""gps_data"": {""latitude"": -1.2921, ""longitude"": 36.8219, ""gps_altitude"": 1662, ""time"": 70706}, ""alt_data"": {""pressure"": 857.9, ""temperature"": 26.6, ""AGL"": 0, ""velocity"": 0, ""kalman_altitude"": -0.01, ""kalman_vertical_velocity"": 0.16}, ""chute_state"": {""pyro1_state"": 0, ""pyro2_state"": 0}, ""connection_status"": {""connected"": true, ""has_ever_connected"": true, ""packet_age_ms"": 0, ""timeout_exceeded"": false, ""rssi"": -46}, ""communication_mode"": ""BLUETOOTH-SIMULATED"", ""timestamp"": 70706, ""packets_received"": 581, ""kalman_data"": {""altitude"": -0.01, ""vertical_velocity"": 0.16}, ""kalman_altitude"": -0.01, ""kalman_vertical_velocity"": 0.16, ""pyroDrogue"": 0, ""pyroMain"": 0, ""pyro1_state"": 0, ""pyro2_state"": 0}"
1768244393.854313,2026-01-12T21:59:53.854313,0,0,0,-0.51,-0.21,0.49,-37,-2.3,4.5,-2.6,-1.4,-1.2921,36.8219,1664.8,70819,858,26.7,0,0,0,0,14.8,-48,0.37,-0.2,BLUETOOTH-SIMULATED,"{""record_number"": 0, ""operation_mode"": 0, ""state"": 0, ""battery_voltage"": 14.8, ""wifi_rssi"": -48, ""acc_data"": {""ax"": -0.51, ""ay"": -0.21, ""az"": 0.49, ""pitch"": -37, ""roll"": -2.3}, ""gyro_data"": {""gx"": 4.5, ""gy"": -2.6, ""gz"": -1.4}, ""gps_data"": {""latitude"": -1.2921, ""longitude"": 36.8219, ""gps_altitude"": 1664.8, ""time"": 70819}, ""alt_data"": {""pressure"": 858, ""temperature"": 26.7, ""AGL"": 0, ""velocity"": 0, ""kalman_altitude"": 0.37, ""kalman_vertical_velocity"": -0.2}, ""chute_state"": {""pyro1_state"": 0, ""pyro2_state"": 0}, ""connection_status"": {""connected"": true, ""has_ever_connected"": true, ""packet_age_ms"": 0, ""timeout_exceeded"": false, ""rssi"": -48}, ""communication_mode"": ""BLUETOOTH-SIMULATED"", ""timestamp"": 70819, ""packets_received"": 582, ""kalman_data"": {""altitude"": 0.37, ""vertical_velocity"": -0.2}, ""kalman_altitude"": 0.37, ""kalman_vertical_velocity"": -0.2, ""pyroDrogue"": 0, ""pyroMain"": 0, ""pyro1_state"": 0, ""pyro2_state"": 0}"
1768244393.942152,2026-01-12T21:59:53.942152,0,0,0,-0.59,0.12,0.55,-37,-1.9,0.9,-2.9,-2.7,-1.2921,36.8219,1662.5,70932,857.96,27,0,0,0,0,14.8,-48,-0.07,0.01,BLUETOOTH-SIMULATED,"{""record_number"": 0, ""operation_mode"": 0, ""state"": 0, ""battery_voltage"": 14.8, ""wifi_rssi"": -48, ""acc_data"": {""ax"": -0.59, ""ay"": 0.12, ""az"": 0.55, ""pitch"": -37, ""roll"": -1.9}, ""gyro_data"": {""gx"": 0.9, ""gy"": -2.9, ""gz"": -2.7}, ""gps_data"": {""latitude"": -1.2921, ""longitude"": 36.8219, ""gps_altitude"": 1662.5, ""time"": 70932}, ""alt_data"": {""pressure"": 857.96, ""temperature"": 27, ""AGL"": 0, ""velocity"": 0, ""kalman_altitude"": -0.07, ""kalman_vertical_velocity"": 0.01}, ""chute_state"": {""pyro1_state"": 0, ""pyro2_state"": 0}, ""connection_status"": {""connected"": true, ""has_ever_connected"": true, ""packet_age_ms"": 0, ""timeout_exceeded"": false, ""rssi"": -48}, ""communication_mode"": ""BLUETOOTH-SIMULATED"", ""timestamp"": 70932, ""packets_received"": 583, ""kalman_data"": {""altitude"": -0.07, ""vertical_velocity"": 0.01}, ""kalman_altitude"": -0.07, ""kalman_vertical_velocity"": 0.01, ""pyroDrogue"": 0, ""pyroMain"": 0, ""pyro1_state"": 0, ""pyro2_state"": 0}"
1768244393.984506,2026-01-12T21:59:53.984506,0,0,0,-0.71,0.17,0.85,-36.8,-2.5,0.3,0.4,-1.5,-1.2921,36.8219,1662,71045,857.99,26.2,0,0,0,0,14.8,-47,0.22,-0.03,BLUETOOTH-SIMULATED,"{""record_number"": 0, ""operation_mode"": 0, ""state"": 0, ""battery_voltage"": 14.8, ""wifi_rssi"": -47, ""acc_data"": {""ax"": -0.71, ""ay"": 0.17, ""az"": 0.85, ""pitch"": -36.8, ""roll"": -2.5}, ""gyro_data"": {""gx"": 0.3, ""gy"": 0.4, ""gz"": -1.5}, ""gps_data"": {""latitude"": -1.2921, ""longitude"": 36.8219, ""gps_altitude"": 1662, ""time"": 71045}, ""alt_data"": {""pressure"": 857.99, ""temperature"": 26.2, ""AGL"": 0, ""velocity"": 0, ""kalman_altitude"": 0.22, ""kalman_vertical_velocity"": -0.03}, ""chute_state"": {""pyro1_state"": 0, ""pyro2_state"": 0}, ""connection_status"": {""connected"": true, ""has_ever_connected"": true, ""packet_age_ms"": 0, ""timeout_exceeded"": false, ""rssi"": -47}, ""communication_mode"": ""BLUETOOTH-SIMULATED"", ""timestamp"": 71045, ""packets_received"": 584, ""kalman_data"": {""altitude"": 0.22, ""vertical_velocity"": -0.03}, ""kalman_altitude"": 0.22, ""kalman_vertical_velocity"": -0.03, ""pyroDrogue"": 0, ""pyroMain"": 0, ""pyro1_state"": 0, ""pyro2_state"": 0}"
1768244394.07549,2026-01-12T21:59:54.075490,0,0,0,-0.45,0.14,0.86,-36.1,-1.9,-0.4,4.5,-3.9,-1.2921,36.8219,1656.7,71158,858.09,26.5,0,0,0,0,14.8,-47,-0.23,-0.08,BLUETOOTH-SIMULATED,"{""record_number"": 0, ""operation_mode"": 0, ""state"": 0, ""battery_voltage"": 14.8, ""wifi_rssi"": -47, ""acc_data"": {""ax"": -0.45, ""ay"": 0.14, ""az"": 0.86, ""pitch"": -36.1, ""roll"": -1.9}, ""gyro_data"": {""gx"": -0.4, ""gy"": 4.5, ""gz"": -3.9}, ""gps_data"": {""latitude"": -1.2921, ""longitude"": 36.8219, ""gps_altitude"": 1656.7, ""time"": 71158}, ""alt_data"": {""pressure"": 858.09, ""temperature"": 26.5, ""AGL"": 0, ""velocity"": 0, ""kalman_altitude"": -0.23, ""kalman_vertical_velocity"": -0.08}, ""chute_state"": {""pyro1_state"": 0, ""pyro2_state"": 0}, ""connection_status"": {""connected"": true, ""has_ever_connected"": true, ""packet_age_ms"": 0, ""timeout_exceeded"": false, ""rssi"": -47}, ""communication_mode"": ""BLUETOOTH-SIMULATED"", ""timestamp"": 71158, ""packets_received"": 585, ""kalman_data"": {""altitude"": -0.23, ""vertical_velocity"": -0.08}, ""kalman_altitude"": -0.23, ""kalman_vertical_velocity"": -0.08, ""pyroDrogue"": 0, ""pyroMain"": 0, ""pyro1_state"": 0, ""pyro2_state"": 0}"
1768244394.112514,2026-01-12T21:59:54.112514,0,0,0,-0.57,-0.07,0.5,-35.3,-2.1,-3.1,3.9,1,-1.2921,36.8219,1662.2,71271,857.95,26.6,0,0,0,0,14.8,-49,0.03,-0.01,BLUETOOTH-SIMULATED,"{""record_number"": 0, ""operation_mode"": 0, ""state"": 0, ""battery_voltage"": 14.8, ""wifi_rssi"": -49, ""acc_data"": {""ax"": -0.57, ""ay"": -0.07, ""az"": 0.5, ""pitch"": -35.3, ""roll"": -2.1}, ""gyro_data"": {""gx"": -3.1, ""gy"": 3.9, ""gz"": 1}, ""gps_data"": {""latitude"": -1.2921, ""longitude"": 36.8219, ""gps_altitude"": 1662.2, ""time"": 71271}, ""alt_data"": {""pressure"": 857.95, ""temperature"": 26.6, ""AGL"": 0, ""velocity"": 0, ""kalman_altitude"": 0.03, ""kalman_vertical_velocity"": -0.01}, ""chute_state"": {""pyro1_state"": 0, ""pyro2_state"": 0}, ""connection_status"": {""connected"": true, ""has_ever_connected"": true, ""packet_age_ms"": 0, ""timeout_exceeded"": false, ""rssi"": -49}, ""communication_mode"": ""BLUETOOTH-SIMULATED"", ""timestamp"": 71271, ""packets_received"": 586, ""kalman_data"": {""altitude"": 0.03, ""vertical_velocity"": -0.01}, ""kalman_altitude"": 0.03, ""kalman_vertical_velocity"": -0.01, ""pyroDrogue"": 0, ""pyroMain"": 0, ""pyro1_state"": 0, ""pyro2_state"": 0}"
1768244394.179489,2026-01-12T21:59:54.179489,0,0,0,-0.64,-0.21,0.7,-35.7,-1.6,0.4,-4,-4.7,-1.2921,36.8219,1665.5,71384,857.9,26.8,0,0,0,0,14.8,-48,0.11,-0.05,BLUETOOTH-SIMULATED,"{""record_number"": 0, ""operation_mode"": 0, ""state"": 0, ""battery_voltage"": 14.8, ""wifi_rssi"": -48, ""acc_data"": {""ax"": -0.64, ""ay"": -0.21, ""az"": 0.7, ""pitch"": -35.7, ""roll"": -1.6}, ""gyro_data"": {""gx"": 0.4, ""gy"": -4, ""gz"": -4.7}, ""gps_data"": {""latitude"": -1.2921, ""longitude"": 36.8219, ""gps_altitude"": 1665.5, ""time"": 71384}, ""alt_data"": {""pressure"": 857.9, ""temperature"": 26.8, ""AGL"": 0, ""velocity"": 0, ""kalman_altitude"": 0.11, ""kalman_vertical_velocity"": -0.05}, ""chute_state"": {""pyro1_state"": 0, ""pyro2_state"": 0}, ""connection_status"": {""connected"": true, ""has_ever_connected"": true, ""packet_age_ms"": 0, ""timeout_exceeded"": false, ""rssi"": -48}, ""communication_mode"": ""BLUETOOTH-SIMULATED"", ""timestamp"": 71384, ""packets_received"": 587, ""kalman_data"": {""altitude"": 0.11, ""vertical_velocity"": -0.05}, ""kalman_altitude"": 0.11, ""kalman_vertical_velocity"": -0.05, ""pyroDrogue"": 0, ""pyroMain"": 0, ""pyro1_state"": 0, ""pyro2_state"": 0}"
1768244394.252493,2026-01-12T21:59:54.252493,0,0,0,-0.55,0.08,0.52,-36.7,-2.1,3.6,-0.1,-4.5,-1.2921,36.8219,1660,71497,858.01,26.4,0,0,0,0,14.8,-46,0.4,0.1,BLUETOOTH-SIMULATED,"{""record_number"": 0, ""operation_mode"": 0, ""state"": 0, ""battery_voltage"": 14.8, ""wifi_rssi"": -46, ""acc_data"": {""ax"": -0.55, ""ay"": 0.08, ""az"": 0.52, ""pitch"": -36.7, ""roll"": -2.1}, ""gyro_data"": {""gx"": 3.6, ""gy"": -0.1, ""gz"": -4.5}, ""gps_data"": {""latitude"": -1.2921, ""longitude"": 36.8219, ""gps_altitude"": 1660, ""time"": 71497}, ""alt_data"": {""pressure"": 858.01, ""temperature"": 26.4, ""AGL"": 0, ""velocity"": 0, ""kalman_altitude"": 0.4, ""kalman_vertical_velocity"": 0.1}, ""chute_state"": {""pyro1_state"": 0, ""pyro2_state"": 0}, ""connection_status"": {""connected"": true, ""has_ever_connected"": true, ""packet_age_ms"": 0, ""timeout_exceeded"": false, ""rssi"": -46}, ""communication_mode"": ""BLUETOOTH-SIMULATED"", ""timestamp"": 71497, ""packets_received"": 588, ""kalman_data"": {""altitude"": 0.4, ""vertical_velocity"": 0.1}, ""kalman_altitude"": 0.4, ""kalman_vertical_velocity"": 0.1, ""pyroDrogue"": 0, ""pyroMain"": 0, ""pyro1_state"": 0, ""pyro2_state"": 0}"
1768244394.337332,2026-01-12T21:59:54.337332,0,0,0,-0.7,0.13,0.51,-36.9,-2.8,-2.9,-3.7,4,-1.2921,36.8219,1661,71610,858.09,26.4,0,0,0,0,14.8,-50,0.41,-0.1,BLUETOOTH-SIMULATED,"{""record_number"": 0, ""operation_mode"": 0, ""state"": 0, ""battery_voltage"": 14.8, ""wifi_rssi"": -50, ""acc_data"": {""ax"": -0.7, ""ay"": 0.13, ""az"": 0.51, ""pitch"": -36.9, ""roll"": -2.8}, ""gyro_data"": {""gx"": -2.9, ""gy"": -3.7, ""gz"": 4}, ""gps_data"": {""latitude"": -1.2921, ""longitude"": 36.8219, ""gps_altitude"": 1661, ""time"": 71610}, ""alt_data"": {""pressure"": 858.09, ""temperature"": 26.4, ""AGL"": 0, ""velocity"": 0, ""kalman_altitude"": 0.41, ""kalman_vertical_velocity"": -0.1}, ""chute_state"": {""pyro1_state"": 0, ""pyro2_state"": 0}, ""connection_status"": {""connected"": true, ""has_ever_connected"": true, ""packet_age_ms"": 0, ""timeout_exceeded"": false, ""rssi"": -50}, ""communication_mode"": ""BLUETOOTH-SIMULATED"", ""timestamp"": 71610, ""packets_received"": 589, ""kalman_data"": {""altitude"": 0.41, ""vertical_velocity"": -0.1}, ""kalman_altitude"": 0.41, ""kalman_vertical_velocity"": -0.1, ""pyroDrogue"": 0, ""pyroMain"": 0, ""pyro1_state"": 0, ""pyro2_state"": 0}"
1768244394.599175,2026-01-12T21:59:54.599175,0,0,0,-0.52,-0.03,0.62,-35.4,-2.7,4.6,-3.1,4,-1.2921,36.8219,1662.3,71723,857.95,27.1,0,0,0,0,14.8,-41,-0.33,-0.04,BLUETOOTH-SIMULATED,"{""record_number"": 0, ""operation_mode"": 0, ""state"": 0, ""battery_voltage"": 14.8, ""wifi_rssi"": -41, ""acc_data"": {""ax"": -0.52, ""ay"": -0.03, ""az"": 0.62, ""pitch"": -35.4, ""roll"": -2.7}, ""gyro_data"": {""gx"": 4.6, ""gy"": -3.1, ""gz"": 4}, ""gps_data"": {""latitude"": -1.2921, ""longitude"": 36.8219, ""gps_altitude"": 1662.3, ""time"": 71723}, ""alt_data"": {""pressure"": 857.95, ""temperature"": 27.1, ""AGL"": 0, ""velocity"": 0, ""kalman_altitude"": -0.33, ""kalman_vertical_velocity"": -0.04}, ""chute_state"": {""pyro1_state"": 0, ""pyro2_state"": 0}, ""connection_status"": {""connected"": true, ""has_ever_connected"": true, ""packet_age_ms"": 0, ""timeout_exceeded"": false, ""rssi"": -41}, ""communication_mode"": ""BLUETOOTH-SIMULATED"", ""timestamp"": 71723, ""packets_received"": 590, ""kalman_data"": {""altitude"": -0.33, ""vertical_velocity"": -0.04}, ""kalman_altitude"": -0.33, ""kalman_vertical_velocity"": -0.04, ""pyroDrogue"": 0, ""pyroMain"": 0, ""pyro1_state"": 0, ""pyro2_state"": 0}"
1768244394.793701,2026-01-12T21:59:54.793701,0,0,0,-0.65,0.05,0.72,-36.6,-2.9,-3.6,2.2,-0.4,-1.2921,36.8219,1661.9,71836,857.97,26.7,0,0,0,0,14.8,-47,-0.26,-0.1,BLUETOOTH-SIMULATED,"{""record_number"": 0, ""operation_mode"": 0, ""state"": 0, ""battery_voltage"": 14.8, ""wifi_rssi"": -47, ""acc_data"": {""ax"": -0.65, ""ay"": 0.05, ""az"": 0.72, ""pitch"": -36.6, ""roll"": -2.9}, ""gyro_data"": {""gx"": -3.6, ""gy"": 2.2, ""gz"": -0.4}, ""gps_data"": {""latitude"": -1.2921, ""longitude"": 36.8219, ""gps_altitude"": 1661.9, ""time"": 71836}, ""alt_data"": {""pressure"": 857.97, ""temperature"": 26.7, ""AGL"": 0, ""velocity"": 0, ""kalman_altitude"": -0.26, ""kalman_vertical_velocity"": -0.1}, ""chute_state"": {""pyro1_state"": 0, ""pyro2_state"": 0}, ""connection_status"": {""connected"": true, ""has_ever_connected"": true, ""packet_age_ms"": 0, ""timeout_exceeded"": false, ""rssi"": -47}, ""communication_mode"": ""BLUETOOTH-SIMULATED"", ""timestamp"": 71836, ""packets_received"": 591, ""kalman_data"": {""altitude"": -0.26, ""vertical_velocity"": -0.1}, ""kalman_altitude"": -0.26, ""kalman_vertical_velocity"": -0.1, ""pyroDrogue"": 0, ""pyroMain"": 0, ""pyro1_state"": 0, ""pyro2_state"": 0}"
1768244394.978707,2026-01-12T21:59:54.978707,0,0,0,-0.47,0.17,0.87,-37,-2,3.5,4.1,4.5,-1.2921,36.8219,1661.8,71949,857.98,27,0,0,0,0,14.8,-47,0.39,0.1,BLUETOOTH-SIMULATED,"{""record_number"": 0, ""operation_mode"": 0, ""state"": 0, ""battery_voltage"": 14.8, ""wifi_rssi"": -47, ""acc_data"": {""ax"": -0.47, ""ay"": 0.17, ""az"": 0.87, ""pitch"": -37, ""roll"": -2}, ""gyro_data"": {""gx"": 3.5, ""gy"": 4.1, ""gz"": 4.5}, ""gps_data"": {""latitude"": -1.2921, ""longitude"": 36.8219, ""gps_altitude"": 1661.8, ""time"": 71949}, ""alt_data"": {""pressure"": 857.98, ""temperature"": 27, ""AGL"": 0, ""velocity"": 0, ""kalman_altitude"": 0.39, ""kalman_vertical_velocity"": 0.1}, ""chute_state"": {""pyro1_state"": 0, ""pyro2_state"": 0}, ""connection_status"": {""connected"": true, ""has_ever_connected"": true, ""packet_age_ms"": 0, ""timeout_exceeded"": false, ""rssi"": -47}, ""communication_mode"": ""BLUETOOTH-SIMULATED"", ""timestamp"": 71949, ""packets_received"": 592, ""kalman_data"": {""altitude"": 0.39, ""vertical_velocity"": 0.1}, ""kalman_altitude"": 0.39, ""kalman_vertical_velocity"": 0.1, ""pyroDrogue"": 0, ""pyroMain"": 0, ""pyro1_state"": 0, ""pyro2_state"": 0}"
1768244395.069706,2026-01-12T21:59:55.069706,0,0,0,-0.71,-0.1,0.49,-36.4,-2.5,4.8,-2.8,0.6,-1.2921,36.8219,1660.1,72061,858.05,26.6,0,0,0,0,14.8,-44,-0.34,0.26,BLUETOOTH-SIMULATED,"{""record_number"": 0, ""operation_mode"": 0, ""state"": 0, ""battery_voltage"": 14.8, ""wifi_rssi"": -44, ""acc_data"": {""ax"": -0.71, ""ay"": -0.1, ""az"": 0.49, ""pitch"": -36.4, ""roll"": -2.5}, ""gyro_data"": {""gx"": 4.8, ""gy"": -2.8, ""gz"": 0.6}, ""gps_data"": {""latitude"": -1.2921, ""longitude"": 36.8219, ""gps_altitude"": 1660.1, ""time"": 72061}, ""alt_data"": {""pressure"": 858.05, ""temperature"": 26.6, ""AGL"": 0, ""velocity"": 0, ""kalman_altitude"": -0.34, ""kalman_vertical_velocity"": 0.26}, ""chute_state"": {""pyro1_state"": 0, ""pyro2_state"": 0}, ""connection_status"": {""connected"": true, ""has_ever_connected"": true, ""packet_age_ms"": 0, ""timeout_exceeded"": false, ""rssi"": -44}, ""communication_mode"": ""BLUETOOTH-SIMULATED"", ""timestamp"": 72061, ""packets_received"": 593, ""kalman_data"": {""altitude"": -0.34, ""vertical_velocity"": 0.26}, ""kalman_altitude"": -0.34, ""kalman_vertical_velocity"": 0.26, ""pyroDrogue"": 0, ""pyroMain"": 0, ""pyro1_state"": 0, ""pyro2_state"": 0}"
1768244395.152703,2026-01-12T21:59:55.152703,0,0,0,-0.64,-0.15,0.75,-35.9,-2,2.8,3.9,-4.8,-1.2921,36.8219,1659,72174,858.06,26.8,0,0,0,0,14.8,-47,-0.3,0.2,BLUETOOTH-SIMULATED,"{""record_number"": 0, ""operation_mode"": 0, ""state"": 0, ""battery_voltage"": 14.8, ""wifi_rssi"": -47, ""acc_data"": {""ax"": -0.64, ""ay"": -0.15, ""az"": 0.75, ""pitch"": -35.9, ""roll"": -2}, ""gyro_data"": {""gx"": 2.8, ""gy"": 3.9, ""gz"": -4.8}, ""gps_data"": {""latitude"": -1.2921, ""longitude"": 36.8219, ""gps_altitude"": 1659, ""time"": 72174}, ""alt_data"": {""pressure"": 858.06, ""temperature"": 26.8, ""AGL"": 0, ""velocity"": 0, ""kalman_altitude"": -0.3, ""kalman_vertical_velocity"": 0.2}, ""chute_state"": {""pyro1_state"": 0, ""pyro2_state"": 0}, ""connection_status"": {""connected"": true, ""has_ever_connected"": true, ""packet_age_ms"": 0, ""timeout_exceeded"": false, ""rssi"": -47}, ""communication_mode"": ""BLUETOOTH-SIMULATED"", ""timestamp"": 72174, ""packets_received"": 594, ""kalman_data"": {""altitude"": -0.3, ""vertical_velocity"": 0.2}, ""kalman_altitude"": -0.3, ""kalman_vertical_velocity"": 0.2, ""pyroDrogue"": 0, ""pyroMain"": 0, ""pyro1_state"": 0, ""pyro2_state"": 0}"
1768244395.304616,2026-01-12T21:59:55.304616,0,0,0,-0.4,-0.13,0.71,-35.1,-1.6,3.6,4.5,3.8,-1.2921,36.8219,1665.4,72287,857.91,26.2,0,0,0,0,14.8,-43,-0.15,-0.07,BLUETOOTH-SIMULATED,"{""record_number"": 0, ""operation_mode"": 0, ""state"": 0, ""battery_voltage"": 14.8, ""wifi_rssi"": -43, ""acc_data"": {""ax"": -0.4, ""ay"": -0.13, ""az"": 0.71, ""pitch"": -35.1, ""roll"": -1.6}, ""gyro_data"": {""gx"": 3.6, ""gy"": 4.5, ""gz"": 3.8}, ""gps_data"": {""latitude"": -1.2921, ""longitude"": 36.8219, ""gps_altitude"": 1665.4, ""time"": 72287}, ""alt_data"": {""pressure"": 857.91, ""temperature"": 26.2, ""AGL"": 0, ""velocity"": 0, ""kalman_altitude"": -0.15, ""kalman_vertical_velocity"": -0.07}, ""chute_state"": {""pyro1_state"": 0, ""pyro2_state"": 0}, ""connection_status"": {""connected"": true, ""has_ever_connected"": true, ""packet_age_ms"": 0, ""timeout_exceeded"": false, ""rssi"": -43}, ""communication_mode"": ""BLUETOOTH-SIMULATED"", ""timestamp"": 72287, ""packets_received"": 595, ""kalman_data"": {""altitude"": -0.15, ""vertical_velocity"": -0.07}, ""kalman_altitude"": -0.15, ""kalman_vertical_velocity"": -0.07, ""pyroDrogue"": 0, ""pyroMain"": 0, ""pyro1_state"": 0, ""pyro2_state"": 0}"
1768244395.604483,2026-01-12T21:59:55.604483,0,0,0,-0.41,-0.13,0.82,-37,-1.5,1.9,4.4,3.6,-1.2921,36.8219,1664,72400,858.04,26.7,0,0,0,0,14.8,-50,0.44,-0.18,BLUETOOTH-SIMULATED,"{""record_number"": 0, ""operation_mode"": 0, ""state"": 0, ""battery_voltage"": 14.8, ""wifi_rssi"": -50, ""acc_data"": {""ax"": -0.41, ""ay"": -0.13, ""az"": 0.82, ""pitch"": -37, ""roll"": -1.5}, ""gyro_data"": {""gx"": 1.9, ""gy"": 4.4, ""gz"": 3.6}, ""gps_data"": {""latitude"": -1.2921, ""longitude"": 36.8219, ""gps_altitude"": 1664, ""time"": 72400}, ""alt_data"": {""pressure"": 858.04, ""temperature"": 26.7, ""AGL"": 0, ""velocity"": 0, ""kalman_altitude"": 0.44, ""kalman_vertical_velocity"": -0.18}, ""chute_state"": {""pyro1_state"": 0, ""pyro2_state"": 0}, ""connection_status"": {""connected"": true, ""has_ever_connected"": true, ""packet_age_ms"": 0, ""timeout_exceeded"": false, ""rssi"": -50}, ""communication_mode"": ""BLUETOOTH-SIMULATED"", ""timestamp"": 72400, ""packets_received"": 596, ""kalman_data"": {""altitude"": 0.44, ""vertical_velocity"": -0.18}, ""kalman_altitude"": 0.44, ""kalman_vertical_velocity"": -0.18, ""pyroDrogue"": 0, ""pyroMain"": 0, ""pyro1_state"": 0, ""pyro2_state"": 0}"
1768244395.689485,2026-01-12T21:59:55.689485,0,0,0,-0.53,0.1,0.58,-36.2,-2.5,2.7,1.4,-0.4,-1.2921,36.8219,1657.6,72513,857.91,26.8,0,0,0,0,14.8,-50,0.2,0.23,BLUETOOTH-SIMULATED,"{""record_number"": 0, ""operation_mode"": 0, ""state"": 0, ""battery_voltage"": 14.8, ""wifi_rssi"": -50, ""acc_data"": {""ax"": -0.53, ""ay"": 0.1, ""az"": 0.58, ""pitch"": -36.2, ""roll"": -2.5}, ""gyro_data"": {""gx"": 2.7, ""gy"": 1.4, ""gz"": -0.4}, ""gps_data"": {""latitude"": -1.2921, ""longitude"": 36.8219, ""gps_altitude"": 1657.6, ""time"": 72513}, ""alt_data"": {""pressure"": 857.91, ""temperature"": 26.8, ""AGL"": 0, ""velocity"": 0, ""kalman_altitude"": 0.2, ""kalman_vertical_velocity"": 0.23}, ""chute_state"": {""pyro1_state"": 0, ""pyro2_state"": 0}, ""connection_status"": {""connected"": true, ""has_ever_connected"": true, ""packet_age_ms"": 0, ""timeout_exceeded"": false, ""rssi"": -50}, ""communication_mode"": ""BLUETOOTH-SIMULATED"", ""timestamp"": 72513, ""packets_received"": 597, ""kalman_data"": {""altitude"": 0.2, ""vertical_velocity"": 0.23}, ""kalman_altitude"": 0.2, ""kalman_vertical_velocity"": 0.23, ""pyroDrogue"": 0, ""pyroMain"": 0, ""pyro1_state"": 0, ""pyro2_state"": 0}"
1768244395.911279,2026-01-12T21:59:55.911279,0,0,0,-0.45,0.11,0.7,-36,-1.4,2.7,-1.4,-0.5,-1.2921,36.8219,1661.5,72626,857.96,26.6,0,0,0,0,14.8,-48,0.38,0.19,BLUETOOTH-SIMULATED,"{""record_number"": 0, ""operation_mode"": 0, ""state"": 0, ""battery_voltage"": 14.8, ""wifi_rssi"": -48, ""acc_data"": {""ax"": -0.45, ""ay"": 0.11, ""az"": 0.7, ""pitch"": -36, ""roll"": -1.4}, ""gyro_data"": {""gx"": 2.7, ""gy"": -1.4, ""gz"": -0.5}, ""gps_data"": {""latitude"": -1.2921, ""longitude"": 36.8219, ""gps_altitude"": 1661.5, ""time"": 72626}, ""alt_data"": {""pressure"": 857.96, ""temperature"": 26.6, ""AGL"": 0, ""velocity"": 0, ""kalman_altitude"": 0.38, ""kalman_vertical_velocity"": 0.19}, ""chute_state"": {""pyro1_state"": 0, ""pyro2_state"": 0}, ""connection_status"": {""connected"": true, ""has_ever_connected"": true, ""packet_age_ms"": 0, ""timeout_exceeded"": false, ""rssi"": -48}, ""communication_mode"": ""BLUETOOTH-SIMULATED"", ""timestamp"": 72626, ""packets_received"": 598, ""kalman_data"": {""altitude"": 0.38, ""vertical_velocity"": 0.19}, ""kalman_altitude"": 0.38, ""kalman_vertical_velocity"": 0.19, ""pyroDrogue"": 0, ""pyroMain"": 0, ""pyro1_state"": 0, ""pyro2_state"": 0}"
1768244395.96928,2026-01-12T21:59:55.969280,0,0,0,-0.76,0.12,0.66,-35.7,-2,1.7,1.8,2.3,-1.2921,36.8219,1659.3,72739,857.93,26.3,0,0,0,0,14.8,-46,-0.04,-0.17,BLUETOOTH-SIMULATED,"{""record_number"": 0, ""operation_mode"": 0, ""state"": 0, ""battery_voltage"": 14.8, ""wifi_rssi"": -46, ""acc_data"": {""ax"": -0.76, ""ay"": 0.12, ""az"": 0.66, ""pitch"": -35.7, ""roll"": -2}, ""gyro_data"": {""gx"": 1.7, ""gy"": 1.8, ""gz"": 2.3}, ""gps_data"": {""latitude"": -1.2921, ""longitude"": 36.8219, ""gps_altitude"": 1659.3, ""time"": 72739}, ""alt_data"": {""pressure"": 857.93, ""temperature"": 26.3, ""AGL"": 0, ""velocity"": 0, ""kalman_altitude"": -0.04, ""kalman_vertical_velocity"": -0.17}, ""chute_state"": {""pyro1_state"": 0, ""pyro2_state"": 0}, ""connection_status"": {""connected"": true, ""has_ever_connected"": true, ""packet_age_ms"": 0, ""timeout_exceeded"": false, ""rssi"": -46}, ""communication_mode"": ""BLUETOOTH-SIMULATED"", ""timestamp"": 72739, ""packets_received"": 599, ""kalman_data"": {""altitude"": -0.04, ""vertical_velocity"": -0.17}, ""kalman_altitude"": -0.04, ""kalman_vertical_velocity"": -0.17, ""pyroDrogue"": 0, ""pyroMain"": 0, ""pyro1_state"": 0, ""pyro2_state"": 0}"
1768244396.02328,2026-01-12T21:59:56.023280,0,0,0,-0.7,0.06,0.72,-36.7,-2.6,2,3.2,4.2,-1.2921,36.8219,1664.1,72852,858.01,27.1,0,0,0,0,14.8,-50,0.1,0,BLUETOOTH-SIMULATED,"{""record_number"": 0, ""operation_mode"": 0, ""state"": 0, ""battery_voltage"": 14.8, ""wifi_rssi"": -50, ""acc_data"": {""ax"": -0.7, ""ay"": 0.06, ""az"": 0.72, ""pitch"": -36.7, ""roll"": -2.6}, ""gyro_data"": {""gx"": 2, ""gy"": 3.2, ""gz"": 4.2}, ""gps_data"": {""latitude"": -1.2921, ""longitude"": 36.8219, ""gps_altitude"": 1664.1, ""time"": 72852}, ""alt_data"": {""pressure"": 858.01, ""temperature"": 27.1, ""AGL"": 0, ""velocity"": 0, ""kalman_altitude"": 0.1, ""kalman_vertical_velocity"": 0}, ""chute_state"": {""pyro1_state"": 0, ""pyro2_state"": 0}, ""connection_status"": {""connected"": true, ""has_ever_connected"": true, ""packet_age_ms"": 0, ""timeout_exceeded"": false, ""rssi"": -50}, ""communication_mode"": ""BLUETOOTH-SIMULATED"", ""timestamp"": 72852, ""packets_received"": 600, ""kalman_data"": {""altitude"": 0.1, ""vertical_velocity"": 0}, ""kalman_altitude"": 0.1, ""kalman_vertical_velocity"": 0, ""pyroDrogue"": 0, ""pyroMain"": 0, ""pyro1_state"": 0, ""pyro2_state"": 0}"
1768244396.252192,2026-01-12T21:59:56.252192,0,0,0,-0.49,-0.12,0.5,-36.6,-3,1.3,-1.8,-3.3,-1.2921,36.8219,1663,72964,857.96,26.3,0,0,0,0,14.8,-46,-0.03,-0.23,BLUETOOTH-SIMULATED,"{""record_number"": 0, ""operation_mode"": 0, ""state"": 0, ""battery_voltage"": 14.8, ""wifi_rssi"": -46, ""acc_data"": {""ax"": -0.49, ""ay"": -0.12, ""az"": 0.5, ""pitch"": -36.6, ""roll"": -3}, ""gyro_data"": {""gx"": 1.3, ""gy"": -1.8, ""gz"": -3.3}, ""gps_data"": {""latitude"": -1.2921, ""longitude"": 36.8219, ""gps_altitude"": 1663, ""time"": 72964}, ""alt_data"": {""pressure"": 857.96, ""temperature"": 26.3, ""AGL"": 0, ""velocity"": 0, ""kalman_altitude"": -0.03, ""kalman_vertical_velocity"": -0.23}, ""chute_state"": {""pyro1_state"": 0, ""pyro2_state"": 0}, ""connection_status"": {""connected"": true, ""has_ever_connected"": true, ""packet_age_ms"": 0, ""timeout_exceeded"": false, ""rssi"": -46}, ""communication_mode"": ""BLUETOOTH-SIMULATED"", ""timestamp"": 72964, ""packets_received"": 601, ""kalman_data"": {""altitude"": -0.03, ""vertical_velocity"": -0.23}, ""kalman_altitude"": -0.03, ""kalman_vertical_velocity"": -0.23, ""pyroDrogue"": 0, ""pyroMain"": 0, ""pyro1_state"": 0, ""pyro2_state"": 0}"
1768244396.387932,2026-01-12T21:59:56.387932,0,0,0,-0.54,0.03,0.67,-35.1,-2.1,4.8,1.7,-2.6,-1.2921,36.8219,1659.6,73077,858.04,26.9,0,0,0,0,14.8,-48,0.23,-0.18,BLUETOOTH-SIMULATED,"{""record_number"": 0, ""operation_mode"": 0, ""state"": 0, ""battery_voltage"": 14.8, ""wifi_rssi"": -48, ""acc_data"": {""ax"": -0.54, ""ay"": 0.03, ""az"": 0.67, ""pitch"": -35.1, ""roll"": -2.1}, ""gyro_data"": {""gx"": 4.8, ""gy"": 1.7, ""gz"": -2.6}, ""gps_data"": {""latitude"": -1.2921, ""longitude"": 36.8219, ""gps_altitude"": 1659.6, ""time"": 73077}, ""alt_data"": {""pressure"": 858.04, ""temperature"": 26.9, ""AGL"": 0, ""velocity"": 0, ""kalman_altitude"": 0.23, ""kalman_vertical_velocity"": -0.18}, ""chute_state"": {""pyro1_state"": 0, ""pyro2_state"": 0}, ""connection_status"": {""connected"": true, ""has_ever_connected"": true, ""packet_age_ms"": 0, ""timeout_exceeded"": false, ""rssi"": -48}, ""communication_mode"": ""BLUETOOTH-SIMULATED"", ""timestamp"": 73077, ""packets_received"": 602, ""kalman_data"": {""altitude"": 0.23, ""vertical_velocity"": -0.18}, ""kalman_altitude"": 0.23, ""kalman_vertical_velocity"": -0.18, ""pyroDrogue"": 0, ""pyroMain"": 0, ""pyro1_state"": 0, ""pyro2_state"": 0}"
1768244396.459197,2026-01-12T21:59:56.459197,0,0,0,-0.59,-0.13,0.85,-35.8,-1.1,3.5,4.9,-2.3,-1.2921,36.8219,1662.5,73190,858.04,26.9,0,0,0,0,14.8,-49,-0.39,0.17,BLUETOOTH-SIMULATED,"{""record_number"": 0, ""operation_mode"": 0, ""state"": 0, ""battery_voltage"": 14.8, ""wifi_rssi"": -49, ""acc_data"": {""ax"": -0.59, ""ay"": -0.13, ""az"": 0.85, ""pitch"": -35.8, ""roll"": -1.1}, ""gyro_data"": {""gx"": 3.5, ""gy"": 4.9, ""gz"": -2.3}, ""gps_data"": {""latitude"": -1.2921, ""longitude"": 36.8219, ""gps_altitude"": 1662.5, ""time"": 73190}, ""alt_data"": {""pressure"": 858.04, ""temperature"": 26.9, ""AGL"": 0, ""velocity"": 0, ""kalman_altitude"": -0.39, ""kalman_vertical_velocity"": 0.17}, ""chute_state"": {""pyro1_state"": 0, ""pyro2_state"": 0}, ""connection_status"": {""connected"": true, ""has_ever_connected"": true, ""packet_age_ms"": 0, ""timeout_exceeded"": false, ""rssi"": -49}, ""communication_mode"": ""BLUETOOTH-SIMULATED"", ""timestamp"": 73190, ""packets_received"": 603, ""kalman_data"": {""altitude"": -0.39, ""vertical_velocity"": 0.17}, ""kalman_altitude"": -0.39, ""kalman_vertical_velocity"": 0.17, ""pyroDrogue"": 0, ""pyroMain"": 0, ""pyro1_state"": 0, ""pyro2_state"": 0}"
1768244396.544723,2026-01-12T21:59:56.544723,0,0,0,-0.59,0.06,0.64,-35.6,-1.7,1.8,1.1,3.6,-1.2921,36.8219,1658.6,73303,857.92,27,0,0,0,0,14.8,-43,0.13,0.12,BLUETOOTH-SIMULATED,"{""record_number"": 0, ""operation_mode"": 0, ""state"": 0, ""battery_voltage"": 14.8, ""wifi_rssi"": -43, ""acc_data"": {""ax"": -0.59, ""ay"": 0.06, ""az"": 0.64, ""pitch"": -35.6, ""roll"": -1.7}, ""gyro_data"": {""gx"": 1.8, ""gy"": 1.1, ""gz"": 3.6}, ""gps_data"": {""latitude"": -1.2921, ""longitude"": 36.8219, ""gps_altitude"": 1658.6, ""time"": 73303}, ""alt_data"": {""pressure"": 857.92, ""temperature"": 27, ""AGL"": 0, ""velocity"": 0, ""kalman_altitude"": 0.13, ""kalman_vertical_velocity"": 0.12}, ""chute_state"": {""pyro1_state"": 0, ""pyro2_state"": 0}, ""connection_status"": {""connected"": true, ""has_ever_connected"": true, ""packet_age_ms"": 0, ""timeout_exceeded"": false, ""rssi"": -43}, ""communication_mode"": ""BLUETOOTH-SIMULATED"", ""timestamp"": 73303, ""packets_received"": 604, ""kalman_data"": {""altitude"": 0.13, ""vertical_velocity"": 0.12}, ""kalman_altitude"": 0.13, ""kalman_vertical_velocity"": 0.12, ""pyroDrogue"": 0, ""pyroMain"": 0, ""pyro1_state"": 0, ""pyro2_state"": 0}"
1768244396.61272,2026-01-12T21:59:56.612720,0,0,0,-0.67,-0.19,0.51,-35.9,-2.6,-1,4.7,-4.8,-1.2921,36.8219,1657.8,73416,857.94,26.6,0,0,0,0,14.8,-47,0.14,-0.21,BLUETOOTH-SIMULATED,"{""record_number"": 0, ""operation_mode"": 0, ""state"": 0, ""battery_voltage"": 14.8, ""wifi_rssi"": -47, ""acc_data"": {""ax"": -0.67, ""ay"": -0.19, ""az"": 0.51, ""pitch"": -35.9, ""roll"": -2.6}, ""gyro_data"": {""gx"": -1, ""gy"": 4.7, ""gz"": -4.8}, ""gps_data"": {""latitude"": -1.2921, ""longitude"": 36.8219, ""gps_altitude"": 1657.8, ""time"": 73416}, ""alt_data"": {""pressure"": 857.94, ""temperature"": 26.6, ""AGL"": 0, ""velocity"": 0, ""kalman_altitude"": 0.14, ""kalman_vertical_velocity"": -0.21}, ""chute_state"": {""pyro1_state"": 0, ""pyro2_state"": 0}, ""connection_status"": {""connected"": true, ""has_ever_connected"": true, ""packet_age_ms"": 0, ""timeout_exceeded"": false, ""rssi"": -47}, ""communication_mode"": ""BLUETOOTH-SIMULATED"", ""timestamp"": 73416, ""packets_received"": 605, ""kalman_data"": {""altitude"": 0.14, ""vertical_velocity"": -0.21}, ""kalman_altitude"": 0.14, ""kalman_vertical_velocity"": -0.21, ""pyroDrogue"": 0, ""pyroMain"": 0, ""pyro1_state"": 0, ""pyro2_state"": 0}"
1768244396.726721,2026-01-12T21:59:56.726721,0,0,0,-0.46,0.06,0.68,-36.4,-1.1,-3.8,-2.7,-2.2,-1.2921,36.8219,1664,73529,857.94,27,0,0,0,0,14.8,-49,0.4,-0.15,BLUETOOTH-SIMULATED,"{""record_number"": 0, ""operation_mode"": 0, ""state"": 0, ""battery_voltage"": 14.8, ""wifi_rssi"": -49, ""acc_data"": {""ax"": -0.46, ""ay"": 0.06, ""az"": 0.68, ""pitch"": -36.4, ""roll"": -1.1}, ""gyro_data"": {""gx"": -3.8, ""gy"": -2.7, ""gz"": -2.2}, ""gps_data"": {""latitude"": -1.2921, ""longitude"": 36.8219, ""gps_altitude"": 1664, ""time"": 73529}, ""alt_data"": {""pressure"": 857.94, ""temperature"": 27, ""AGL"": 0, ""velocity"": 0, ""kalman_altitude"": 0.4, ""kalman_vertical_velocity"": -0.15}, ""chute_state"": {""pyro1_state"": 0, ""pyro2_state"": 0}, ""connection_status"": {""connected"": true, ""has_ever_connected"": true, ""packet_age_ms"": 0, ""timeout_exceeded"": false, ""rssi"": -49}, ""communication_mode"": ""BLUETOOTH-SIMULATED"", ""timestamp"": 73529, ""packets_received"": 606, ""kalman_data"": {""altitude"": 0.4, ""vertical_velocity"": -0.15}, ""kalman_altitude"": 0.4, ""kalman_vertical_velocity"": -0.15, ""pyroDrogue"": 0, ""pyroMain"": 0, ""pyro1_state"": 0, ""pyro2_state"": 0}"
1768244396.822721,2026-01-12T21:59:56.822721,0,0,0,-0.42,-0.06,0.58,-36.1,-1.1,-3.4,0.8,-0.7,-1.2921,36.8219,1665.2,73642,857.98,26.6,0,0,0,0,14.8,-50,-0.32,-0.24,BLUETOOTH-SIMULATED,"{""record_number"": 0, ""operation_mode"": 0, ""state"": 0, ""battery_voltage"": 14.8, ""wifi_rssi"": -50, ""acc_data"": {""ax"": -0.42, ""ay"": -0.06, ""az"": 0.58, ""pitch"": -36.1, ""roll"": -1.1}, ""gyro_data"": {""gx"": -3.4, ""gy"": 0.8, ""gz"": -0.7}, ""gps_data"": {""latitude"": -1.2921, ""longitude"": 36.8219, ""gps_altitude"": 1665.2, ""time"": 73642}, ""alt_data"": {""pressure"": 857.98, ""temperature"": 26.6, ""AGL"": 0, ""velocity"": 0, ""kalman_altitude"": -0.32, ""kalman_vertical_velocity"": -0.24}, ""chute_state"": {""pyro1_state"": 0, ""pyro2_state"": 0}, ""connection_status"": {""connected"": true, ""has_ever_connected"": true, ""packet_age_ms"": 0, ""timeout_exceeded"": false, ""rssi"": -50}, ""communication_mode"": ""BLUETOOTH-SIMULATED"", ""timestamp"": 73642, ""packets_received"": 607, ""kalman_data"": {""altitude"": -0.32, ""vertical_velocity"": -0.24}, ""kalman_altitude"": -0.32, ""kalman_vertical_velocity"": -0.24, ""pyroDrogue"": 0, ""pyroMain"": 0, ""pyro1_state"": 0, ""pyro2_state"": 0}"
1768244396.910264,2026-01-12T21:59:56.910264,0,0,0,-0.65,0.08,0.78,-35.5,-2.4,2.1,-1.6,-2.8,-1.2921,36.8219,1658.7,73755,858.08,27.1,0,0,0,0,14.8,-48,0.48,-0.16,BLUETOOTH-SIMULATED,"{""record_number"": 0, ""operation_mode"": 0, ""state"": 0, ""battery_voltage"": 14.8, ""wifi_rssi"": -48, ""acc_data"": {""ax"": -0.65, ""ay"": 0.08, ""az"": 0.78, ""pitch"": -35.5, ""roll"": -2.4}, ""gyro_data"": {""gx"": 2.1, ""gy"": -1.6, ""gz"": -2.8}, ""gps_data"": {""latitude"": -1.2921, ""longitude"": 36.8219, ""gps_altitude"": 1658.7, ""time"": 73755}, ""alt_data"": {""pressure"": 858.08, ""temperature"": 27.1, ""AGL"": 0, ""velocity"": 0, ""kalman_altitude"": 0.48, ""kalman_vertical_velocity"": -0.16}, ""chute_state"": {""pyro1_state"": 0, ""pyro2_state"": 0}, ""connection_status"": {""connected"": true, ""has_ever_connected"": true, ""packet_age_ms"": 0, ""timeout_exceeded"": false, ""rssi"": -48}, ""communication_mode"": ""BLUETOOTH-SIMULATED"", ""timestamp"": 73755, ""packets_received"": 608, ""kalman_data"": {""altitude"": 0.48, ""vertical_velocity"": -0.16}, ""kalman_altitude"": 0.48, ""kalman_vertical_velocity"": -0.16, ""pyroDrogue"": 0, ""pyroMain"": 0, ""pyro1_state"": 0, ""pyro2_state"": 0}"
1768244396.962263,2026-01-12T21:59:56.962263,0,0,0,-0.43,0.01,0.68,-36.7,-1.5,-2.7,-1.8,1.9,-1.2921,36.8219,1663.7,73868,858.06,27.1,0,0,0,0,14.8,-47,-0.05,0.26,BLUETOOTH-SIMULATED,"{""record_number"": 0, ""operation_mode"": 0, ""state"": 0, ""battery_voltage"": 14.8, ""wifi_rssi"": -47, ""acc_data"": {""ax"": -0.43, ""ay"": 0.01, ""az"": 0.68, ""pitch"": -36.7, ""roll"": -1.5}, ""gyro_data"": {""gx"": -2.7, ""gy"": -1.8, ""gz"": 1.9}, ""gps_data"": {""latitude"": -1.2921, ""longitude"": 36.8219, ""gps_altitude"": 1663.7, ""time"": 73868}, ""alt_data"": {""pressure"": 858.06, ""temperature"": 27.1, ""AGL"": 0, ""velocity"": 0, ""kalman_altitude"": -0.05, ""kalman_vertical_velocity"": 0.26}, ""chute_state"": {""pyro1_state"": 0, ""pyro2_state"": 0}, ""connection_status"": {""connected"": true, ""has_ever_connected"": true, ""packet_age_ms"": 0, ""timeout_exceeded"": false, ""rssi"": -47}, ""communication_mode"": ""BLUETOOTH-SIMULATED"", ""timestamp"": 73868, ""packets_received"": 609, ""kalman_data"": {""altitude"": -0.05, ""vertical_velocity"": 0.26}, ""kalman_altitude"": -0.05, ""kalman_vertical_velocity"": 0.26, ""pyroDrogue"": 0, ""pyroMain"": 0, ""pyro1_state"": 0, ""pyro2_state"": 0}"
1768244397.044261,2026-01-12T21:59:57.044261,0,0,0,-0.46,0.02,0.75,-36.9,-2.1,1,3.2,-0.3,-1.2921,36.8219,1662.9,73981,857.9,26.8,0,0,0,0,14.8,-45,-0.19,-0.13,BLUETOOTH-SIMULATED,"{""record_number"": 0, ""operation_mode"": 0, ""state"": 0, ""battery_voltage"": 14.8, ""wifi_rssi"": -45, ""acc_data"": {""ax"": -0.46, ""ay"": 0.02, ""az"": 0.75, ""pitch"": -36.9, ""roll"": -2.1}, ""gyro_data"": {""gx"": 1, ""gy"": 3.2, ""gz"": -0.3}, ""gps_data"": {""latitude"": -1.2921, ""longitude"": 36.8219, ""gps_altitude"": 1662.9, ""time"": 73981}, ""alt_data"": {""pressure"": 857.9, ""temperature"": 26.8, ""AGL"": 0, ""velocity"": 0, ""kalman_altitude"": -0.19, ""kalman_vertical_velocity"": -0.13}, ""chute_state"": {""pyro1_state"": 0, ""pyro2_state"": 0}, ""connection_status"": {""connected"": true, ""has_ever_connected"": true, ""packet_age_ms"": 0, ""timeout_exceeded"": false, ""rssi"": -45}, ""communication_mode"": ""BLUETOOTH-SIMULATED"", ""timestamp"": 73981, ""packets_received"": 610, ""kalman_data"": {""altitude"": -0.19, ""vertical_velocity"": -0.13}, ""kalman_altitude"": -0.19, ""kalman_vertical_velocity"": -0.13, ""pyroDrogue"": 0, ""pyroMain"": 0, ""pyro1_state"": 0, ""pyro2_state"": 0}"
1768244397.078266,2026-01-12T21:59:57.078266,0,0,0,-0.53,-0.14,0.82,-36.8,-1.9,2.6,-3.9,4.9,-1.2921,36.8219,1659,74094,858.05,26.9,0,0,0,0,14.8,-42,0.15,0.04,BLUETOOTH-SIMULATED,"{""record_number"": 0, ""operation_mode"": 0, ""state"": 0, ""battery_voltage"": 14.8, ""wifi_rssi"": -42, ""acc_data"": {""ax"": -0.53, ""ay"": -0.14, ""az"": 0.82, ""pitch"": -36.8, ""roll"": -1.9}, ""gyro_data"": {""gx"": 2.6, ""gy"": -3.9, ""gz"": 4.9}, ""gps_data"": {""latitude"": -1.2921, ""longitude"": 36.8219, ""gps_altitude"": 1659, ""time"": 74094}, ""alt_data"": {""pressure"": 858.05, ""temperature"": 26.9, ""AGL"": 0, ""velocity"": 0, ""kalman_altitude"": 0.15, ""kalman_vertical_velocity"": 0.04}, ""chute_state"": {""pyro1_state"": 0, ""pyro2_state"": 0}, ""connection_status"": {""connected"": true, ""has_ever_connected"": true, ""packet_age_ms"": 0, ""timeout_exceeded"": false, ""rssi"": -42}, ""communication_mode"": ""BLUETOOTH-SIMULATED"", ""timestamp"": 74094, ""packets_received"": 611, ""kalman_data"": {""altitude"": 0.15, ""vertical_velocity"": 0.04}, ""kalman_altitude"": 0.15, ""kalman_vertical_velocity"": 0.04, ""pyroDrogue"": 0, ""pyroMain"": 0, ""pyro1_state"": 0, ""pyro2_state"": 0}"
1768244397.138262,2026-01-12T21:59:57.138262,0,0,0,-0.78,0.15,0.66,-35.9,-1.9,-2.8,-2.1,-1.7,-1.2921,36.8219,1661.5,74207,857.99,26.7,0,0,0,0,14.8,-48,0.16,0.25,BLUETOOTH-SIMULATED,"{""record_number"": 0, ""operation_mode"": 0, ""state"": 0, ""battery_voltage"": 14.8, ""wifi_rssi"": -48, ""acc_data"": {""ax"": -0.78, ""ay"": 0.15, ""az"": 0.66, ""pitch"": -35.9, ""roll"": -1.9}, ""gyro_data"": {""gx"": -2.8, ""gy"": -2.1, ""gz"": -1.7}, ""gps_data"": {""latitude"": -1.2921, ""longitude"": 36.8219, ""gps_altitude"": 1661.5, ""time"": 74207}, ""alt_data"": {""pressure"": 857.99, ""temperature"": 26.7, ""AGL"": 0, ""velocity"": 0, ""kalman_altitude"": 0.16, ""kalman_vertical_velocity"": 0.25}, ""chute_state"": {""pyro1_state"": 0, ""pyro2_state"": 0}, ""connection_status"": {""connected"": true, ""has_ever_connected"": true, ""packet_age_ms"": 0, ""timeout_exceeded"": false, ""rssi"": -48}, ""communication_mode"": ""BLUETOOTH-SIMULATED"", ""timestamp"": 74207, ""packets_received"": 612, ""kalman_data"": {""altitude"": 0.16, ""vertical_velocity"": 0.25}, ""kalman_altitude"": 0.16, ""kalman_vertical_velocity"": 0.25, ""pyroDrogue"": 0, ""pyroMain"": 0, ""pyro1_state"": 0, ""pyro2_state"": 0}"
1768244397.225263,2026-01-12T21:59:57.225263,0,0,0,-0.63,-0.18,0.64,-35.3,-1.7,-2.2,-2.7,3.1,-1.2921,36.8219,1664,74320,858.09,26.7,0,0,0,0,14.8,-48,0.19,-0.18,BLUETOOTH-SIMULATED,"{""record_number"": 0, ""operation_mode"": 0, ""state"": 0, ""battery_voltage"": 14.8, ""wifi_rssi"": -48, ""acc_data"": {""ax"": -0.63, ""ay"": -0.18, ""az"": 0.64, ""pitch"": -35.3, ""roll"": -1.7}, ""gyro_data"": {""gx"": -2.2, ""gy"": -2.7, ""gz"": 3.1}, ""gps_data"": {""latitude"": -1.2921, ""longitude"": 36.8219, ""gps_altitude"": 1664, ""time"": 74320}, ""alt_data"": {""pressure"": 858.09, ""temperature"": 26.7, ""AGL"": 0, ""velocity"": 0, ""kalman_altitude"": 0.19, ""kalman_vertical_velocity"": -0.18}, ""chute_state"": {""pyro1_state"": 0, ""pyro2_state"": 0}, ""connection_status"": {""connected"": true, ""has_ever_connected"": true, ""packet_age_ms"": 0, ""timeout_exceeded"": false, ""rssi"": -48}, ""communication_mode"": ""BLUETOOTH-SIMULATED"", ""timestamp"": 74320, ""packets_received"": 613, ""kalman_data"": {""altitude"": 0.19, ""vertical_velocity"": -0.18}, ""kalman_altitude"": 0.19, ""kalman_vertical_velocity"": -0.18, ""pyroDrogue"": 0, ""pyroMain"": 0, ""pyro1_state"": 0, ""pyro2_state"": 0}"
1768244397.320264,2026-01-12T21:59:57.320264,0,0,0,-0.77,-0.01,0.6,-35.6,-2.2,3.4,1.3,2.4,-1.2921,36.8219,1660.2,74433,857.92,26.8,0,0,0,0,14.8,-45,0.07,-0.03,BLUETOOTH-SIMULATED,"{""record_number"": 0, ""operation_mode"": 0, ""state"": 0, ""battery_voltage"": 14.8, ""wifi_rssi"": -45, ""acc_data"": {""ax"": -0.77, ""ay"": -0.01, ""az"": 0.6, ""pitch"": -35.6, ""roll"": -2.2}, ""gyro_data"": {""gx"": 3.4, ""gy"": 1.3, ""gz"": 2.4}, ""gps_data"": {""latitude"": -1.2921, ""longitude"": 36.8219, ""gps_altitude"": 1660.2, ""time"": 74433}, ""alt_data"": {""pressure"": 857.92, ""temperature"": 26.8, ""AGL"": 0, ""velocity"": 0, ""kalman_altitude"": 0.07, ""kalman_vertical_velocity"": -0.03}, ""chute_state"": {""pyro1_state"": 0, ""pyro2_state"": 0}, ""connection_status"": {""connected"": true, ""has_ever_connected"": true, ""packet_age_ms"": 0, ""timeout_exceeded"": false, ""rssi"": -45}, ""communication_mode"": ""BLUETOOTH-SIMULATED"", ""timestamp"": 74433, ""packets_received"": 614, ""kalman_data"": {""altitude"": 0.07, ""vertical_velocity"": -0.03}, ""kalman_altitude"": 0.07, ""kalman_vertical_velocity"": -0.03, ""pyroDrogue"": 0, ""pyroMain"": 0, ""pyro1_state"": 0, ""pyro2_state"": 0}"
1768244397.50126,2026-01-12T21:59:57.501260,0,0,0,-0.55,0.08,0.71,-36.3,-1.9,2.2,-2.9,-3.1,-1.2921,36.8219,1662.3,74546,857.91,26.6,0,0,0,0,14.8,-48,0.35,0,BLUETOOTH-SIMULATED,"{""record_number"": 0, ""operation_mode"": 0, ""state"": 0, ""battery_voltage"": 14.8, ""wifi_rssi"": -48, ""acc_data"": {""ax"": -0.55, ""ay"": 0.08, ""az"": 0.71, ""pitch"": -36.3, ""roll"": -1.9}, ""gyro_data"": {""gx"": 2.2, ""gy"": -2.9, ""gz"": -3.1}, ""gps_data"": {""latitude"": -1.2921, ""longitude"": 36.8219, ""gps_altitude"": 1662.3, ""time"": 74546}, ""alt_data"": {""pressure"": 857.91, ""temperature"": 26.6, ""AGL"": 0, ""velocity"": 0, ""kalman_altitude"": 0.35, ""kalman_vertical_velocity"": 0}, ""chute_state"": {""pyro1_state"": 0, ""pyro2_state"": 0}, ""connection_status"": {""connected"": true, ""has_ever_connected"": true, ""packet_age_ms"": 0, ""timeout_exceeded"": false, ""rssi"": -48}, ""communication_mode"": ""BLUETOOTH-SIMULATED"", ""timestamp"": 74546, ""packets_received"": 615, ""kalman_data"": {""altitude"": 0.35, ""vertical_velocity"": 0}, ""kalman_altitude"": 0.35, ""kalman_vertical_velocity"": 0, ""pyroDrogue"": 0, ""pyroMain"": 0, ""pyro1_state"": 0, ""pyro2_state"": 0}"
1768244397.572262,2026-01-12T21:59:57.572262,0,0,0,-0.44,0.15,0.81,-35.4,-1.6,-4.3,4,-2,-1.2921,36.8219,1658.4,74659,857.92,26.7,0,0,0,0,14.8,-44,0.42,0.02,BLUETOOTH-SIMULATED,"{""record_number"": 0, ""operation_mode"": 0, ""state"": 0, ""battery_voltage"": 14.8, ""wifi_rssi"": -44, ""acc_data"": {""ax"": -0.44, ""ay"": 0.15, ""az"": 0.81, ""pitch"": -35.4, ""roll"": -1.6}, ""gyro_data"": {""gx"": -4.3, ""gy"": 4, ""gz"": -2}, ""gps_data"": {""latitude"": -1.2921, ""longitude"": 36.8219, ""gps_altitude"": 1658.4, ""time"": 74659}, ""alt_data"": {""pressure"": 857.92, ""temperature"": 26.7, ""AGL"": 0, ""velocity"": 0, ""kalman_altitude"": 0.42, ""kalman_vertical_velocity"": 0.02}, ""chute_state"": {""pyro1_state"": 0, ""pyro2_state"": 0}, ""connection_status"": {""connected"": true, ""has_ever_connected"": true, ""packet_age_ms"": 0, ""timeout_exceeded"": false, ""rssi"": -44}, ""communication_mode"": ""BLUETOOTH-SIMULATED"", ""timestamp"": 74659, ""packets_received"": 616, ""kalman_data"": {""altitude"": 0.42, ""vertical_velocity"": 0.02}, ""kalman_altitude"": 0.42, ""kalman_vertical_velocity"": 0.02, ""pyroDrogue"": 0, ""pyroMain"": 0, ""pyro1_state"": 0, ""pyro2_state"": 0}"
1768244397.645268,2026-01-12T21:59:57.645268,0,0,0,-0.64,-0.16,0.55,-35.8,-1.1,-1.6,-3.6,-4.7,-1.2921,36.8219,1662.1,74772,858.08,26.3,0,0,0,0,14.8,-41,0.13,0.2,BLUETOOTH-SIMULATED,"{""record_number"": 0, ""operation_mode"": 0, ""state"": 0, ""battery_voltage"": 14.8, ""wifi_rssi"": -41, ""acc_data"": {""ax"": -0.64, ""ay"": -0.16, ""az"": 0.55, ""pitch"": -35.8, ""roll"": -1.1}, ""gyro_data"": {""gx"": -1.6, ""gy"": -3.6, ""gz"": -4.7}, ""gps_data"": {""latitude"": -1.2921, ""longitude"": 36.8219, ""gps_altitude"": 1662.1, ""time"": 74772}, ""alt_data"": {""pressure"": 858.08, ""temperature"": 26.3, ""AGL"": 0, ""velocity"": 0, ""kalman_altitude"": 0.13, ""kalman_vertical_velocity"": 0.2}, ""chute_state"": {""pyro1_state"": 0, ""pyro2_state"": 0}, ""connection_status"": {""connected"": true, ""has_ever_connected"": true, ""packet_age_ms"": 0, ""timeout_exceeded"": false, ""rssi"": -41}, ""communication_mode"": ""BLUETOOTH-SIMULATED"", ""timestamp"": 74772, ""packets_received"": 617, ""kalman_data"": {""altitude"": 0.13, ""vertical_velocity"": 0.2}, ""kalman_altitude"": 0.13, ""kalman_vertical_velocity"": 0.2, ""pyroDrogue"": 0, ""pyroMain"": 0, ""pyro1_state"": 0, ""pyro2_state"": 0}"
1768244397.69226,2026-01-12T21:59:57.692260,0,0,0,-0.52,0.13,0.83,-36.9,-3,-1.2,-2.8,-0.4,-1.2921,36.8219,1657.8,74885,858.05,26.5,0,0,0,0,14.8,-49,-0.37,-0.23,BLUETOOTH-SIMULATED,"{""record_number"": 0, ""operation_mode"": 0, ""state"": 0, ""battery_voltage"": 14.8, ""wifi_rssi"": -49, ""acc_data"": {""ax"": -0.52, ""ay"": 0.13, ""az"": 0.83, ""pitch"": -36.9, ""roll"": -3}, ""gyro_data"": {""gx"": -1.2, ""gy"": -2.8, ""gz"": -0.4}, ""gps_data"": {""latitude"": -1.2921, ""longitude"": 36.8219, ""gps_altitude"": 1657.8, ""time"": 74885}, ""alt_data"": {""pressure"": 858.05, ""temperature"": 26.5, ""AGL"": 0, ""velocity"": 0, ""kalman_altitude"": -0.37, ""kalman_vertical_velocity"": -0.23}, ""chute_state"": {""pyro1_state"": 0, ""pyro2_state"": 0}, ""connection_status"": {""connected"": true, ""has_ever_connected"": true, ""packet_age_ms"": 0, ""timeout_exceeded"": false, ""rssi"": -49}, ""communication_mode"": ""BLUETOOTH-SIMULATED"", ""timestamp"": 74885, ""packets_received"": 618, ""kalman_data"": {""altitude"": -0.37, ""vertical_velocity"": -0.23}, ""kalman_altitude"": -0.37, ""kalman_vertical_velocity"": -0.23, ""pyroDrogue"": 0, ""pyroMain"": 0, ""pyro1_state"": 0, ""pyro2_state"": 0}"
1768244397.77026,2026-01-12T21:59:57.770260,0,0,0,-0.73,0.09,0.65,-35.7,-2.7,-1.2,2.2,-3.2,-1.2921,36.8219,1661.2,74998,858.07,26.5,0,0,0,0,14.8,-47,0.18,-0.28,BLUETOOTH-SIMULATED,"{""record_number"": 0, ""operation_mode"": 0, ""state"": 0, ""battery_voltage"": 14.8, ""wifi_rssi"": -47, ""acc_data"": {""ax"": -0.73, ""ay"": 0.09, ""az"": 0.65, ""pitch"": -35.7, ""roll"": -2.7}, ""gyro_data"": {""gx"": -1.2, ""gy"": 2.2, ""gz"": -3.2}, ""gps_data"": {""latitude"": -1.2921, ""longitude"": 36.8219, ""gps_altitude"": 1661.2, ""time"": 74998}, ""alt_data"": {""pressure"": 858.07, ""temperature"": 26.5, ""AGL"": 0, ""velocity"": 0, ""kalman_altitude"": 0.18, ""kalman_vertical_velocity"": -0.28}, ""chute_state"": {""pyro1_state"": 0, ""pyro2_state"": 0}, ""connection_status"": {""connected"": true, ""has_ever_connected"": true, ""packet_age_ms"": 0, ""timeout_exceeded"": false, ""rssi"": -47}, ""communication_mode"": ""BLUETOOTH-SIMULATED"", ""timestamp"": 74998, ""packets_received"": 619, ""kalman_data"": {""altitude"": 0.18, ""vertical_velocity"": -0.28}, ""kalman_altitude"": 0.18, ""kalman_vertical_velocity"": -0.28, ""pyroDrogue"": 0, ""pyroMain"": 0, ""pyro1_state"": 0, ""pyro2_state"": 0}"
1768244397.868263,2026-01-12T21:59:57.868263,0,0,0,-0.69,-0.21,0.67,-36.3,-1.3,-1.6,1.7,3.7,-1.2921,36.8219,1664.3,75111,857.96,26.4,0,0,0,0,14.8,-41,-0.17,-0.14,BLUETOOTH-SIMULATED,"{""record_number"": 0, ""operation_mode"": 0, ""state"": 0, ""battery_voltage"": 14.8, ""wifi_rssi"": -41, ""acc_data"": {""ax"": -0.69, ""ay"": -0.21, ""az"": 0.67, ""pitch"": -36.3, ""roll"": -1.3}, ""gyro_data"": {""gx"": -1.6, ""gy"": 1.7, ""gz"": 3.7}, ""gps_data"": {""latitude"": -1.2921, ""longitude"": 36.8219, ""gps_altitude"": 1664.3, ""time"": 75111}, ""alt_data"": {""pressure"": 857.96, ""temperature"": 26.4, ""AGL"": 0, ""velocity"": 0, ""kalman_altitude"": -0.17, ""kalman_vertical_velocity"": -0.14}, ""chute_state"": {""pyro1_state"": 0, ""pyro2_state"": 0}, ""connection_status"": {""connected"": true, ""has_ever_connected"": true, ""packet_age_ms"": 0, ""timeout_exceeded"": false, ""rssi"": -41}, ""communication_mode"": ""BLUETOOTH-SIMULATED"", ""timestamp"": 75111, ""packets_received"": 620, ""kalman_data"": {""altitude"": -0.17, ""vertical_velocity"": -0.14}, ""kalman_altitude"": -0.17, ""kalman_vertical_velocity"": -0.14, ""pyroDrogue"": 0, ""pyroMain"": 0, ""pyro1_state"": 0, ""pyro2_state"": 0}"
1768244397.94527,2026-01-12T21:59:57.945270,0,0,0,-0.46,-0.2,0.86,-36.7,-2,-0.2,3.7,-1.3,-1.2921,36.8219,1660.7,75224,858.03,27,0,0,0,0,14.8,-45,0.18,0.13,BLUETOOTH-SIMULATED,"{""record_number"": 0, ""operation_mode"": 0, ""state"": 0, ""battery_voltage"": 14.8, ""wifi_rssi"": -45, ""acc_data"": {""ax"": -0.46, ""ay"": -0.2, ""az"": 0.86, ""pitch"": -36.7, ""roll"": -2}, ""gyro_data"": {""gx"": -0.2, ""gy"": 3.7, ""gz"": -1.3}, ""gps_data"": {""latitude"": -1.2921, ""longitude"": 36.8219, ""gps_altitude"": 1660.7, ""time"": 75224}, ""alt_data"": {""pressure"": 858.03, ""temperature"": 27, ""AGL"": 0, ""velocity"": 0, ""kalman_altitude"": 0.18, ""kalman_vertical_velocity"": 0.13}, ""chute_state"": {""pyro1_state"": 0, ""pyro2_state"": 0}, ""connection_status"": {""connected"": true, ""has_ever_connected"": true, ""packet_age_ms"": 0, ""timeout_exceeded"": false, ""rssi"": -45}, ""communication_mode"": ""BLUETOOTH-SIMULATED"", ""timestamp"": 75224, ""packets_received"": 621, ""kalman_data"": {""altitude"": 0.18, ""vertical_velocity"": 0.13}, ""kalman_altitude"": 0.18, ""kalman_vertical_velocity"": 0.13, ""pyroDrogue"": 0, ""pyroMain"": 0, ""pyro1_state"": 0, ""pyro2_state"": 0}"
1768244398.037245,2026-01-12T21:59:58.037245,0,0,0,-0.78,-0.17,0.55,-35.5,-1.7,-0.6,3.8,0.9,-1.2921,36.8219,1661.7,75337,858,26.9,0,0,0,0,14.8,-47,0.16,-0.27,BLUETOOTH-SIMULATED,"{""record_number"": 0, ""operation_mode"": 0, ""state"": 0, ""battery_voltage"": 14.8, ""wifi_rssi"": -47, ""acc_data"": {""ax"": -0.78, ""ay"": -0.17, ""az"": 0.55, ""pitch"": -35.5, ""roll"": -1.7}, ""gyro_data"": {""gx"": -0.6, ""gy"": 3.8, ""gz"": 0.9}, ""gps_data"": {""latitude"": -1.2921, ""longitude"": 36.8219, ""gps_altitude"": 1661.7, ""time"": 75337}, ""alt_data"": {""pressure"": 858, ""temperature"": 26.9, ""AGL"": 0, ""velocity"": 0, ""kalman_altitude"": 0.16, ""kalman_vertical_velocity"": -0.27}, ""chute_state"": {""pyro1_state"": 0, ""pyro2_state"": 0}, ""connection_status"": {""connected"": true, ""has_ever_connected"": true, ""packet_age_ms"": 0, ""timeout_exceeded"": false, ""rssi"": -47}, ""communication_mode"": ""BLUETOOTH-SIMULATED"", ""timestamp"": 75337, ""packets_received"": 622, ""kalman_data"": {""altitude"": 0.16, ""vertical_velocity"": -0.27}, ""kalman_altitude"": 0.16, ""kalman_vertical_velocity"": -0.27, ""pyroDrogue"": 0, ""pyroMain"": 0, ""pyro1_state"": 0, ""pyro2_state"": 0}"
1768244398.110243,2026-01-12T21:59:58.110243,0,0,0,-0.68,0.04,0.84,-35.8,-1.4,-2.5,-1.4,-3.6,-1.2921,36.8219,1661.7,75450,857.96,26.2,0,0,0,0,14.8,-47,0.12,-0.02,BLUETOOTH-SIMULATED,"{""record_number"": 0, ""operation_mode"": 0, ""state"": 0, ""battery_voltage"": 14.8, ""wifi_rssi"": -47, ""acc_data"": {""ax"": -0.68, ""ay"": 0.04, ""az"": 0.84, ""pitch"": -35.8, ""roll"": -1.4}, ""gyro_data"": {""gx"": -2.5, ""gy"": -1.4, ""gz"": -3.6}, ""gps_data"": {""latitude"": -1.2921, ""longitude"": 36.8219, ""gps_altitude"": 1661.7, ""time"": 75450}, ""alt_data"": {""pressure"": 857.96, ""temperature"": 26.2, ""AGL"": 0, ""velocity"": 0, ""kalman_altitude"": 0.12, ""kalman_vertical_velocity"": -0.02}, ""chute_state"": {""pyro1_state"": 0, ""pyro2_state"": 0}, ""connection_status"": {""connected"": true, ""has_ever_connected"": true, ""packet_age_ms"": 0, ""timeout_exceeded"": false, ""rssi"": -47}, ""communication_mode"": ""BLUETOOTH-SIMULATED"", ""timestamp"": 75450, ""packets_received"": 623, ""kalman_data"": {""altitude"": 0.12, ""vertical_velocity"": -0.02}, ""kalman_altitude"": 0.12, ""kalman_vertical_velocity"": -0.02, ""pyroDrogue"": 0, ""pyroMain"": 0, ""pyro1_state"": 0, ""pyro2_state"": 0}"
1768244398.173246,2026-01-12T21:59:58.173246,0,0,0,-0.62,-0.08,0.81,-36.4,-1.9,-2.8,1.7,-0.5,-1.2921,36.8219,1662.1,75563,858.09,26.5,0,0,0,0,14.8,-46,-0.26,0.05,BLUETOOTH-SIMULATED,"{""record_number"": 0, ""operation_mode"": 0, ""state"": 0, ""battery_voltage"": 14.8, ""wifi_rssi"": -46, ""acc_data"": {""ax"": -0.62, ""ay"": -0.08, ""az"": 0.81, ""pitch"": -36.4, ""roll"": -1.9}, ""gyro_data"": {""gx"": -2.8, ""gy"": 1.7, ""gz"": -0.5}, ""gps_data"": {""latitude"": -1.2921, ""longitude"": 36.8219, ""gps_altitude"": 1662.1, ""time"": 75563}, ""alt_data"": {""pressure"": 858.09, ""temperature"": 26.5, ""AGL"": 0, ""velocity"": 0, ""kalman_altitude"": -0.26, ""kalman_vertical_velocity"": 0.05}, ""chute_state"": {""pyro1_state"": 0, ""pyro2_state"": 0}, ""connection_status"": {""connected"": true, ""has_ever_connected"": true, ""packet_age_ms"": 0, ""timeout_exceeded"": false, ""rssi"": -46}, ""communication_mode"": ""BLUETOOTH-SIMULATED"", ""timestamp"": 75563, ""packets_received"": 624, ""kalman_data"": {""altitude"": -0.26, ""vertical_velocity"": 0.05}, ""kalman_altitude"": -0.26, ""kalman_vertical_velocity"": 0.05, ""pyroDrogue"": 0, ""pyroMain"": 0, ""pyro1_state"": 0, ""pyro2_state"": 0}"
1768244398.258247,2026-01-12T21:59:58.258247,0,0,0,-0.55,-0.2,0.53,-36.7,-1.6,-1.3,1.2,-1.2,-1.2921,36.8219,1656.5,75676,857.97,27,0,0,0,0,14.8,-41,-0.3,0.03,BLUETOOTH-SIMULATED,"{""record_number"": 0, ""operation_mode"": 0, ""state"": 0, ""battery_voltage"": 14.8, ""wifi_rssi"": -41, ""acc_data"": {""ax"": -0.55, ""ay"": -0.2, ""az"": 0.53, ""pitch"": -36.7, ""roll"": -1.6}, ""gyro_data"": {""gx"": -1.3, ""gy"": 1.2, ""gz"": -1.2}, ""gps_data"": {""latitude"": -1.2921, ""longitude"": 36.8219, ""gps_altitude"": 1656.5, ""time"": 75676}, ""alt_data"": {""pressure"": 857.97, ""temperature"": 27, ""AGL"": 0, ""velocity"": 0, ""kalman_altitude"": -0.3, ""kalman_vertical_velocity"": 0.03}, ""chute_state"": {""pyro1_state"": 0, ""pyro2_state"": 0}, ""connection_status"": {""connected"": true, ""has_ever_connected"": true, ""packet_age_ms"": 0, ""timeout_exceeded"": false, ""rssi"": -41}, ""communication_mode"": ""BLUETOOTH-SIMULATED"", ""timestamp"": 75676, ""packets_received"": 625, ""kalman_data"": {""altitude"": -0.3, ""vertical_velocity"": 0.03}, ""kalman_altitude"": -0.3, ""kalman_vertical_velocity"": 0.03, ""pyroDrogue"": 0, ""pyroMain"": 0, ""pyro1_state"": 0, ""pyro2_state"": 0}"
1768244398.590332,2026-01-12T21:59:58.590332,0,0,0,-0.46,-0.04,0.64,-36.7,-2.2,1.4,1.6,4.7,-1.2921,36.8219,1663.7,75789,858.09,26.3,0,0,0,0,14.8,-50,0.03,0.2,BLUETOOTH-SIMULATED,"{""record_number"": 0, ""operation_mode"": 0, ""state"": 0, ""battery_voltage"": 14.8, ""wifi_rssi"": -50, ""acc_data"": {""ax"": -0.46, ""ay"": -0.04, ""az"": 0.64, ""pitch"": -36.7, ""roll"": -2.2}, ""gyro_data"": {""gx"": 1.4, ""gy"": 1.6, ""gz"": 4.7}, ""gps_data"": {""latitude"": -1.2921, ""longitude"": 36.8219, ""gps_altitude"": 1663.7, ""time"": 75789}, ""alt_data"": {""pressure"": 858.09, ""temperature"": 26.3, ""AGL"": 0, ""velocity"": 0, ""kalman_altitude"": 0.03, ""kalman_vertical_velocity"": 0.2}, ""chute_state"": {""pyro1_state"": 0, ""pyro2_state"": 0}, ""connection_status"": {""connected"": true, ""has_ever_connected"": true, ""packet_age_ms"": 0, ""timeout_exceeded"": false, ""rssi"": -50}, ""communication_mode"": ""BLUETOOTH-SIMULATED"", ""timestamp"": 75789, ""packets_received"": 626, ""kalman_data"": {""altitude"": 0.03, ""vertical_velocity"": 0.2}, ""kalman_altitude"": 0.03, ""kalman_vertical_velocity"": 0.2, ""pyroDrogue"": 0, ""pyroMain"": 0, ""pyro1_state"": 0, ""pyro2_state"": 0}"
1768244398.821317,2026-01-12T21:59:58.821317,0,0,0,-0.49,0.17,0.53,-36.7,-2.8,-0.1,0.9,2.6,-1.2921,36.8219,1665,75902,857.91,26.2,0,0,0,0,14.8,-48,0.37,0.21,BLUETOOTH-SIMULATED,"{""record_number"": 0, ""operation_mode"": 0, ""state"": 0, ""battery_voltage"": 14.8, ""wifi_rssi"": -48, ""acc_data"": {""ax"": -0.49, ""ay"": 0.17, ""az"": 0.53, ""pitch"": -36.7, ""roll"": -2.8}, ""gyro_data"": {""gx"": -0.1, ""gy"": 0.9, ""gz"": 2.6}, ""gps_data"": {""latitude"": -1.2921, ""longitude"": 36.8219, ""gps_altitude"": 1665, ""time"": 75902}, ""alt_data"": {""pressure"": 857.91, ""temperature"": 26.2, ""AGL"": 0, ""velocity"": 0, ""kalman_altitude"": 0.37, ""kalman_vertical_velocity"": 0.21}, ""chute_state"": {""pyro1_state"": 0, ""pyro2_state"": 0}, ""connection_status"": {""connected"": true, ""has_ever_connected"": true, ""packet_age_ms"": 0, ""timeout_exceeded"": false, ""rssi"": -48}, ""communication_mode"": ""BLUETOOTH-SIMULATED"", ""timestamp"": 75902, ""packets_received"": 627, ""kalman_data"": {""altitude"": 0.37, ""vertical_velocity"": 0.21}, ""kalman_altitude"": 0.37, ""kalman_vertical_velocity"": 0.21, ""pyroDrogue"": 0, ""pyroMain"": 0, ""pyro1_state"": 0, ""pyro2_state"": 0}"
1768244398.959311,2026-01-12T21:59:58.959311,0,0,0,-0.7,0,0.77,-36.1,-1.7,-3.7,-3.4,0.4,-1.2921,36.8219,1663.1,76015,858.01,26.4,0,0,0,0,14.8,-45,0.18,-0.14,BLUETOOTH-SIMULATED,"{""record_number"": 0, ""operation_mode"": 0, ""state"": 0, ""battery_voltage"": 14.8, ""wifi_rssi"": -45, ""acc_data"": {""ax"": -0.7, ""ay"": 0, ""az"": 0.77, ""pitch"": -36.1, ""roll"": -1.7}, ""gyro_data"": {""gx"": -3.7, ""gy"": -3.4, ""gz"": 0.4}, ""gps_data"": {""latitude"": -1.2921, ""longitude"": 36.8219, ""gps_altitude"": 1663.1, ""time"": 76015}, ""alt_data"": {""pressure"": 858.01, ""temperature"": 26.4, ""AGL"": 0, ""velocity"": 0, ""kalman_altitude"": 0.18, ""kalman_vertical_velocity"": -0.14}, ""chute_state"": {""pyro1_state"": 0, ""pyro2_state"": 0}, ""connection_status"": {""connected"": true, ""has_ever_connected"": true, ""packet_age_ms"": 0, ""timeout_exceeded"": false, ""rssi"": -45}, ""communication_mode"": ""BLUETOOTH-SIMULATED"", ""timestamp"": 76015, ""packets_received"": 628, ""kalman_data"": {""altitude"": 0.18, ""vertical_velocity"": -0.14}, ""kalman_altitude"": 0.18, ""kalman_vertical_velocity"": -0.14, ""pyroDrogue"": 0, ""pyroMain"": 0, ""pyro1_state"": 0, ""pyro2_state"": 0}"
1768244399.054309,2026-01-12T21:59:59.054309,0,0,0,-0.74,0.14,0.75,-36.7,-2.5,3.4,1.3,4,-1.2921,36.8219,1659,76128,857.95,26.3,0,0,0,0,14.8,-42,0.06,-0.25,BLUETOOTH-SIMULATED,"{""record_number"": 0, ""operation_mode"": 0, ""state"": 0, ""battery_voltage"": 14.8, ""wifi_rssi"": -42, ""acc_data"": {""ax"": -0.74, ""ay"": 0.14, ""az"": 0.75, ""pitch"": -36.7, ""roll"": -2.5}, ""gyro_data"": {""gx"": 3.4, ""gy"": 1.3, ""gz"": 4}, ""gps_data"": {""latitude"": -1.2921, ""longitude"": 36.8219, ""gps_altitude"": 1659, ""time"": 76128}, ""alt_data"": {""pressure"": 857.95, ""temperature"": 26.3, ""AGL"": 0, ""velocity"": 0, ""kalman_altitude"": 0.06, ""kalman_vertical_velocity"": -0.25}, ""chute_state"": {""pyro1_state"": 0, ""pyro2_state"": 0}, ""connection_status"": {""connected"": true, ""has_ever_connected"": true, ""packet_age_ms"": 0, ""timeout_exceeded"": false, ""rssi"": -42}, ""communication_mode"": ""BLUETOOTH-SIMULATED"", ""timestamp"": 76128, ""packets_received"": 629, ""kalman_data"": {""altitude"": 0.06, ""vertical_velocity"": -0.25}, ""kalman_altitude"": 0.06, ""kalman_vertical_velocity"": -0.25, ""pyroDrogue"": 0, ""pyroMain"": 0, ""pyro1_state"": 0, ""pyro2_state"": 0}"
1768244399.12731,2026-01-12T21:59:59.127310,0,0,0,-0.44,0.09,0.82,-36.4,-3,-3.1,0.7,-1.2,-1.2921,36.8219,1658.2,76241,857.98,26.7,0,0,0,0,14.8,-41,0.48,0.18,BLUETOOTH-SIMULATED,"{""record_number"": 0, ""operation_mode"": 0, ""state"": 0, ""battery_voltage"": 14.8, ""wifi_rssi"": -41, ""acc_data"": {""ax"": -0.44, ""ay"": 0.09, ""az"": 0.82, ""pitch"": -36.4, ""roll"": -3}, ""gyro_data"": {""gx"": -3.1, ""gy"": 0.7, ""gz"": -1.2}, ""gps_data"": {""latitude"": -1.2921, ""longitude"": 36.8219, ""gps_altitude"": 1658.2, ""time"": 76241}, ""alt_data"": {""pressure"": 857.98, ""temperature"": 26.7, ""AGL"": 0, ""velocity"": 0, ""kalman_altitude"": 0.48, ""kalman_vertical_velocity"": 0.18}, ""chute_state"": {""pyro1_state"": 0, ""pyro2_state"": 0}, ""connection_status"": {""connected"": true, ""has_ever_connected"": true, ""packet_age_ms"": 0, ""timeout_exceeded"": false, ""rssi"": -41}, ""communication_mode"": ""BLUETOOTH-SIMULATED"", ""timestamp"": 76241, ""packets_received"": 630, ""kalman_data"": {""altitude"": 0.48, ""vertical_velocity"": 0.18}, ""kalman_altitude"": 0.48, ""kalman_vertical_velocity"": 0.18, ""pyroDrogue"": 0, ""pyroMain"": 0, ""pyro1_state"": 0, ""pyro2_state"": 0}"
1768244399.208825,2026-01-12T21:59:59.208825,0,0,0,-0.51,0.14,0.71,-35.8,-2.9,4.3,2.3,-2.6,-1.2921,36.8219,1656.6,76354,858.02,26.8,0,0,0,0,14.8,-43,0.25,0.1,BLUETOOTH-SIMULATED,"{""record_number"": 0, ""operation_mode"": 0, ""state"": 0, ""battery_voltage"": 14.8, ""wifi_rssi"": -43, ""acc_data"": {""ax"": -0.51, ""ay"": 0.14, ""az"": 0.71, ""pitch"": -35.8, ""roll"": -2.9}, ""gyro_data"": {""gx"": 4.3, ""gy"": 2.3, ""gz"": -2.6}, ""gps_data"": {""latitude"": -1.2921, ""longitude"": 36.8219, ""gps_altitude"": 1656.6, ""time"": 76354}, ""alt_data"": {""pressure"": 858.02, ""temperature"": 26.8, ""AGL"": 0, ""velocity"": 0, ""kalman_altitude"": 0.25, ""kalman_vertical_velocity"": 0.1}, ""chute_state"": {""pyro1_state"": 0, ""pyro2_state"": 0}, ""connection_status"": {""connected"": true, ""has_ever_connected"": true, ""packet_age_ms"": 0, ""timeout_exceeded"": false, ""rssi"": -43}, ""communication_mode"": ""BLUETOOTH-SIMULATED"", ""timestamp"": 76354, ""packets_received"": 631, ""kalman_data"": {""altitude"": 0.25, ""vertical_velocity"": 0.1}, ""kalman_altitude"": 0.25, ""kalman_vertical_velocity"": 0.1, ""pyroDrogue"": 0, ""pyroMain"": 0, ""pyro1_state"": 0, ""pyro2_state"": 0}"
