timestamp,iso_timestamp,record_number,operation_mode,state,ax,ay,az,pitch,roll,gx,gy,gz,latitude,longitude,gps_altitude,gps_time,pressure,temperature,agl_altitude,velocity,pyro1_state,pyro2_state,battery_voltage,wifi_rssi,kalman_altitude,kalman_vertical_velocity,communication_mode,raw_data
1764740759.493272,2025-12-03T08:45:59.493272,185,0,0,-0.56,0,0.79,-34.07,-0.53,-9.15,-3.14,-2.77,0,0,0,20158,851.71,23.91,-0.7,0,0,0,0,-66,-0.71,-0.45,BEACON,"{""record_number"": 185, ""operation_mode"": 0, ""state"": 0, ""battery_voltage"": 0, ""wifi_rssi"": -66, ""acc_data"": {""ax"": -0.56, ""ay"": 0, ""az"": 0.79, ""pitch"": -34.07, ""roll"": -0.53}, ""gyro_data"": {""gx"": -9.15, ""gy"": -3.14, ""gz"": -2.77}, ""gps_data"": {""latitude"": 0, ""longitude"": 0, ""gps_altitude"": 0, ""time"": 20158}, ""alt_data"": {""pressure"": 851.71, ""temperature"": 23.91, ""AGL"": -0.7, ""velocity"": 0, ""kalman_altitude"": -0.71, ""kalman_vertical_velocity"": -0.45}, ""chute_state"": {""pyro1_state"": 0, ""pyro2_state"": 0}, ""connection_status"": {""connected"": true, ""has_ever_connected"": true, ""packet_age_ms"": 1, ""timeout_exceeded"": false, ""rssi"": -66}, ""communication_mode"": ""BEACON"", ""timestamp"": 1581, ""packets_received"": 4, ""kalman_data"": {""altitude"": -0.71, ""vertical_velocity"": -0.45}, ""kalman_altitude"": -0.71, ""kalman_vertical_velocity"": -0.45, ""pyroDrogue"": 0, ""pyroMain"": 0, ""pyro1_state"": 0, ""pyro2_state"": 0}"
1764741489.160638,2025-12-03T08:58:09.160638,103,0,0,-0.75,-0.43,-0.32,-49.08,-129.09,12.71,-18.75,-28.35,0,0,0,7070,851.55,23.75,-0.82,0,0,0,0,-48,-0.11,-1.52,BEACON,"{""record_number"": 103, ""operation_mode"": 0, ""state"": 0, ""battery_voltage"": 0, ""wifi_rssi"": -48, ""acc_data"": {""ax"": -0.75, ""ay"": -0.43, ""az"": -0.32, ""pitch"": -49.08, ""roll"": -129.09}, ""gyro_data"": {""gx"": 12.71, ""gy"": -18.75, ""gz"": -28.35}, ""gps_data"": {""latitude"": 0, ""longitude"": 0, ""gps_altitude"": 0, ""time"": 7070}, ""alt_data"": {""pressure"": 851.55, ""temperature"": 23.75, ""AGL"": -0.82, ""velocity"": 0, ""kalman_altitude"": -0.11, ""kalman_vertical_velocity"": -1.52}, ""chute_state"": {""pyro1_state"": 0, ""pyro2_state"": 0}, ""connection_status"": {""connected"": true, ""has_ever_connected"": true, ""packet_age_ms"": 1, ""timeout_exceeded"": false, ""rssi"": -48}, ""communication_mode"": ""BEACON"", ""timestamp"": 116718, ""packets_received"": 1, ""kalman_data"": {""altitude"": -0.11, ""vertical_velocity"": -1.52}, ""kalman_altitude"": -0.11, ""kalman_vertical_velocity"": -1.52, ""pyroDrogue"": 0, ""pyroMain"": 0, ""pyro1_state"": 0, ""pyro2_state"": 0}"
1764741489.284347,2025-12-03T08:58:09.284347,107,0,0,-0.82,-0.5,-0.27,-55.24,-118.2,17.71,-26.31,-6.62,0,0,0,7270,851.57,23.76,-0.98,0,0,0,0,-48,-0.11,-1.56,BEACON,"{""record_number"": 107, ""operation_mode"": 0, ""state"": 0, ""battery_voltage"": 0, ""wifi_rssi"": -48, ""acc_data"": {""ax"": -0.82, ""ay"": -0.5, ""az"": -0.27, ""pitch"": -55.24, ""roll"": -118.2}, ""gyro_data"": {""gx"": 17.71, ""gy"": -26.31, ""gz"": -6.62}, ""gps_data"": {""latitude"": 0, ""longitude"": 0, ""gps_altitude"": 0, ""time"": 7270}, ""alt_data"": {""pressure"": 851.57, ""temperature"": 23.76, ""AGL"": -0.98, ""velocity"": 0, ""kalman_altitude"": -0.11, ""kalman_vertical_velocity"": -1.56}, ""chute_state"": {""pyro1_state"": 0, ""pyro2_state"": 0}, ""connection_status"": {""connected"": true, ""has_ever_connected"": true, ""packet_age_ms"": 1, ""timeout_exceeded"": false, ""rssi"": -48}, ""communication_mode"": ""BEACON"", ""timestamp"": 116830, ""packets_received"": 2, ""kalman_data"": {""altitude"": -0.11, ""vertical_velocity"": -1.56}, ""kalman_altitude"": -0.11, ""kalman_vertical_velocity"": -1.56, ""pyroDrogue"": 0, ""pyroMain"": 0, ""pyro1_state"": 0, ""pyro2_state"": 0}"
1764741489.374843,2025-12-03T08:58:09.374843,111,0,0,-0.76,-0.5,-0.33,-48.91,-123.21,-12.32,-10.34,-5.21,0,0,0,7469,851.57,23.75,-0.96,0,0,0,0,-49,-0.12,-1.61,BEACON,"{""record_number"": 111, ""operation_mode"": 0, ""state"": 0, ""battery_voltage"": 0, ""wifi_rssi"": -49, ""acc_data"": {""ax"": -0.76, ""ay"": -0.5, ""az"": -0.33, ""pitch"": -48.91, ""roll"": -123.21}, ""gyro_data"": {""gx"": -12.32, ""gy"": -10.34, ""gz"": -5.21}, ""gps_data"": {""latitude"": 0, ""longitude"": 0, ""gps_altitude"": 0, ""time"": 7469}, ""alt_data"": {""pressure"": 851.57, ""temperature"": 23.75, ""AGL"": -0.96, ""velocity"": 0, ""kalman_altitude"": -0.12, ""kalman_vertical_velocity"": -1.61}, ""chute_state"": {""pyro1_state"": 0, ""pyro2_state"": 0}, ""connection_status"": {""connected"": true, ""has_ever_connected"": true, ""packet_age_ms"": 1, ""timeout_exceeded"": false, ""rssi"": -49}, ""communication_mode"": ""BEACON"", ""timestamp"": 116941, ""packets_received"": 3, ""kalman_data"": {""altitude"": -0.12, ""vertical_velocity"": -1.61}, ""kalman_altitude"": -0.12, ""kalman_vertical_velocity"": -1.61, ""pyroDrogue"": 0, ""pyroMain"": 0, ""pyro1_state"": 0, ""pyro2_state"": 0}"
1764741489.495488,2025-12-03T08:58:09.495488,115,0,0,-0.75,-0.5,-0.29,-48.36,-119.8,-33.2,-0.43,-13.66,0,0,0,7469,851.56,23.76,-0.9,0,0,0,0,-50,-0.13,-1.69,BEACON,"{""record_number"": 115, ""operation_mode"": 0, ""state"": 0, ""battery_voltage"": 0, ""wifi_rssi"": -50, ""acc_data"": {""ax"": -0.75, ""ay"": -0.5, ""az"": -0.29, ""pitch"": -48.36, ""roll"": -119.8}, ""gyro_data"": {""gx"": -33.2, ""gy"": -0.43, ""gz"": -13.66}, ""gps_data"": {""latitude"": 0, ""longitude"": 0, ""gps_altitude"": 0, ""time"": 7469}, ""alt_data"": {""pressure"": 851.56, ""temperature"": 23.76, ""AGL"": -0.9, ""velocity"": 0, ""kalman_altitude"": -0.13, ""kalman_vertical_velocity"": -1.69}, ""chute_state"": {""pyro1_state"": 0, ""pyro2_state"": 0}, ""connection_status"": {""connected"": true, ""has_ever_connected"": true, ""packet_age_ms"": 0, ""timeout_exceeded"": false, ""rssi"": -50}, ""communication_mode"": ""BEACON"", ""timestamp"": 117055, ""packets_received"": 4, ""kalman_data"": {""altitude"": -0.13, ""vertical_velocity"": -1.69}, ""kalman_altitude"": -0.13, ""kalman_vertical_velocity"": -1.69, ""pyroDrogue"": 0, ""pyroMain"": 0, ""pyro1_state"": 0, ""pyro2_state"": 0}"
1764741489.598583,2025-12-03T08:58:09.598583,119,0,0,-0.72,-0.53,-0.24,-45.73,-115.64,-24.85,6.22,-27.07,0,0,0,7673,851.56,23.76,-0.94,0,0,0,0,-49,-0.14,-1.73,BEACON,"{""record_number"": 119, ""operation_mode"": 0, ""state"": 0, ""battery_voltage"": 0, ""wifi_rssi"": -49, ""acc_data"": {""ax"": -0.72, ""ay"": -0.53, ""az"": -0.24, ""pitch"": -45.73, ""roll"": -115.64}, ""gyro_data"": {""gx"": -24.85, ""gy"": 6.22, ""gz"": -27.07}, ""gps_data"": {""latitude"": 0, ""longitude"": 0, ""gps_altitude"": 0, ""time"": 7673}, ""alt_data"": {""pressure"": 851.56, ""temperature"": 23.76, ""AGL"": -0.94, ""velocity"": 0, ""kalman_altitude"": -0.14, ""kalman_vertical_velocity"": -1.73}, ""chute_state"": {""pyro1_state"": 0, ""pyro2_state"": 0}, ""connection_status"": {""connected"": true, ""has_ever_connected"": true, ""packet_age_ms"": 0, ""timeout_exceeded"": false, ""rssi"": -49}, ""communication_mode"": ""BEACON"", ""timestamp"": 117167, ""packets_received"": 5, ""kalman_data"": {""altitude"": -0.14, ""vertical_velocity"": -1.73}, ""kalman_altitude"": -0.14, ""kalman_vertical_velocity"": -1.73, ""pyroDrogue"": 0, ""pyroMain"": 0, ""pyro1_state"": 0, ""pyro2_state"": 0}"
1764741489.737161,2025-12-03T08:58:09.737161,123,0,0,-0.75,-0.54,-0.3,-49.21,-119,-4.6,6.59,-32.16,0,0,0,7673,851.54,23.75,-0.75,0,0,0,0,-49,-0.14,-1.77,BEACON,"{""record_number"": 123, ""operation_mode"": 0, ""state"": 0, ""battery_voltage"": 0, ""wifi_rssi"": -49, ""acc_data"": {""ax"": -0.75, ""ay"": -0.54, ""az"": -0.3, ""pitch"": -49.21, ""roll"": -119}, ""gyro_data"": {""gx"": -4.6, ""gy"": 6.59, ""gz"": -32.16}, ""gps_data"": {""latitude"": 0, ""longitude"": 0, ""gps_altitude"": 0, ""time"": 7673}, ""alt_data"": {""pressure"": 851.54, ""temperature"": 23.75, ""AGL"": -0.75, ""velocity"": 0, ""kalman_altitude"": -0.14, ""kalman_vertical_velocity"": -1.77}, ""chute_state"": {""pyro1_state"": 0, ""pyro2_state"": 0}, ""connection_status"": {""connected"": true, ""has_ever_connected"": true, ""packet_age_ms"": 0, ""timeout_exceeded"": false, ""rssi"": -49}, ""communication_mode"": ""BEACON"", ""timestamp"": 117279, ""packets_received"": 6, ""kalman_data"": {""altitude"": -0.14, ""vertical_velocity"": -1.77}, ""kalman_altitude"": -0.14, ""kalman_vertical_velocity"": -1.77, ""pyroDrogue"": 0, ""pyroMain"": 0, ""pyro1_state"": 0, ""pyro2_state"": 0}"
1764741489.833147,2025-12-03T08:58:09.833147,127,0,0,-0.76,-0.54,-0.3,-49.51,-120.55,10.24,10.79,-9.48,0,0,0,7875,851.58,23.75,-1.07,0,0,0,0,-48,-0.16,-1.85,BEACON,"{""record_number"": 127, ""operation_mode"": 0, ""state"": 0, ""battery_voltage"": 0, ""wifi_rssi"": -48, ""acc_data"": {""ax"": -0.76, ""ay"": -0.54, ""az"": -0.3, ""pitch"": -49.51, ""roll"": -120.55}, ""gyro_data"": {""gx"": 10.24, ""gy"": 10.79, ""gz"": -9.48}, ""gps_data"": {""latitude"": 0, ""longitude"": 0, ""gps_altitude"": 0, ""time"": 7875}, ""alt_data"": {""pressure"": 851.58, ""temperature"": 23.75, ""AGL"": -1.07, ""velocity"": 0, ""kalman_altitude"": -0.16, ""kalman_vertical_velocity"": -1.85}, ""chute_state"": {""pyro1_state"": 0, ""pyro2_state"": 0}, ""connection_status"": {""connected"": true, ""has_ever_connected"": true, ""packet_age_ms"": 0, ""timeout_exceeded"": false, ""rssi"": -48}, ""communication_mode"": ""BEACON"", ""timestamp"": 117392, ""packets_received"": 7, ""kalman_data"": {""altitude"": -0.16, ""vertical_velocity"": -1.85}, ""kalman_altitude"": -0.16, ""kalman_vertical_velocity"": -1.85, ""pyroDrogue"": 0, ""pyroMain"": 0, ""pyro1_state"": 0, ""pyro2_state"": 0}"
1764741489.94611,2025-12-03T08:58:09.946110,130,0,0,-0.75,-0.53,-0.29,-48.02,-118.47,-23.29,-41.25,-6.31,0,0,0,7875,851.54,23.75,-0.67,0,0,0,0,-49,-0.16,-1.89,BEACON,"{""record_number"": 130, ""operation_mode"": 0, ""state"": 0, ""battery_voltage"": 0, ""wifi_rssi"": -49, ""acc_data"": {""ax"": -0.75, ""ay"": -0.53, ""az"": -0.29, ""pitch"": -48.02, ""roll"": -118.47}, ""gyro_data"": {""gx"": -23.29, ""gy"": -41.25, ""gz"": -6.31}, ""gps_data"": {""latitude"": 0, ""longitude"": 0, ""gps_altitude"": 0, ""time"": 7875}, ""alt_data"": {""pressure"": 851.54, ""temperature"": 23.75, ""AGL"": -0.67, ""velocity"": 0, ""kalman_altitude"": -0.16, ""kalman_vertical_velocity"": -1.89}, ""chute_state"": {""pyro1_state"": 0, ""pyro2_state"": 0}, ""connection_status"": {""connected"": true, ""has_ever_connected"": true, ""packet_age_ms"": 0, ""timeout_exceeded"": false, ""rssi"": -49}, ""communication_mode"": ""BEACON"", ""timestamp"": 117506, ""packets_received"": 8, ""kalman_data"": {""altitude"": -0.16, ""vertical_velocity"": -1.89}, ""kalman_altitude"": -0.16, ""kalman_vertical_velocity"": -1.89, ""pyroDrogue"": 0, ""pyroMain"": 0, ""pyro1_state"": 0, ""pyro2_state"": 0}"
1764741490.121919,2025-12-03T08:58:10.121919,134,0,0,-0.75,-0.54,-0.31,-48.23,-119.68,-19.66,-43.17,-9.66,0,0,0,8074,851.55,23.75,-0.84,0,0,0,0,-48,-0.17,-1.94,BEACON,"{""record_number"": 134, ""operation_mode"": 0, ""state"": 0, ""battery_voltage"": 0, ""wifi_rssi"": -48, ""acc_data"": {""ax"": -0.75, ""ay"": -0.54, ""az"": -0.31, ""pitch"": -48.23, ""roll"": -119.68}, ""gyro_data"": {""gx"": -19.66, ""gy"": -43.17, ""gz"": -9.66}, ""gps_data"": {""latitude"": 0, ""longitude"": 0, ""gps_altitude"": 0, ""time"": 8074}, ""alt_data"": {""pressure"": 851.55, ""temperature"": 23.75, ""AGL"": -0.84, ""velocity"": 0, ""kalman_altitude"": -0.17, ""kalman_vertical_velocity"": -1.94}, ""chute_state"": {""pyro1_state"": 0, ""pyro2_state"": 0}, ""connection_status"": {""connected"": true, ""has_ever_connected"": true, ""packet_age_ms"": 1, ""timeout_exceeded"": false, ""rssi"": -48}, ""communication_mode"": ""BEACON"", ""timestamp"": 117621, ""packets_received"": 9, ""kalman_data"": {""altitude"": -0.17, ""vertical_velocity"": -1.94}, ""kalman_altitude"": -0.17, ""kalman_vertical_velocity"": -1.94, ""pyroDrogue"": 0, ""pyroMain"": 0, ""pyro1_state"": 0, ""pyro2_state"": 0}"
1764741490.20091,2025-12-03T08:58:10.200910,138,0,0,-0.74,-0.54,-0.26,-47.9,-115.58,-40.85,-15.98,-11.59,0,0,0,8074,851.57,23.75,-0.95,0,0,0,0,-48,-0.19,-2.02,BEACON,"{""record_number"": 138, ""operation_mode"": 0, ""state"": 0, ""battery_voltage"": 0, ""wifi_rssi"": -48, ""acc_data"": {""ax"": -0.74, ""ay"": -0.54, ""az"": -0.26, ""pitch"": -47.9, ""roll"": -115.58}, ""gyro_data"": {""gx"": -40.85, ""gy"": -15.98, ""gz"": -11.59}, ""gps_data"": {""latitude"": 0, ""longitude"": 0, ""gps_altitude"": 0, ""time"": 8074}, ""alt_data"": {""pressure"": 851.57, ""temperature"": 23.75, ""AGL"": -0.95, ""velocity"": 0, ""kalman_altitude"": -0.19, ""kalman_vertical_velocity"": -2.02}, ""chute_state"": {""pyro1_state"": 0, ""pyro2_state"": 0}, ""connection_status"": {""connected"": true, ""has_ever_connected"": true, ""packet_age_ms"": 0, ""timeout_exceeded"": false, ""rssi"": -48}, ""communication_mode"": ""BEACON"", ""timestamp"": 117731, ""packets_received"": 10, ""kalman_data"": {""altitude"": -0.19, ""vertical_velocity"": -2.02}, ""kalman_altitude"": -0.19, ""kalman_vertical_velocity"": -2.02, ""pyroDrogue"": 0, ""pyroMain"": 0, ""pyro1_state"": 0, ""pyro2_state"": 0}"
1764741490.322512,2025-12-03T08:58:10.322512,142,0,0,-0.74,-0.56,-0.27,-48.02,-116.07,-15.64,-18.38,-18.99,0,0,0,8275,851.53,23.75,-0.64,0,0,0,0,-49,-0.19,-2.06,BEACON,"{""record_number"": 142, ""operation_mode"": 0, ""state"": 0, ""battery_voltage"": 0, ""wifi_rssi"": -49, ""acc_data"": {""ax"": -0.74, ""ay"": -0.56, ""az"": -0.27, ""pitch"": -48.02, ""roll"": -116.07}, ""gyro_data"": {""gx"": -15.64, ""gy"": -18.38, ""gz"": -18.99}, ""gps_data"": {""latitude"": 0, ""longitude"": 0, ""gps_altitude"": 0, ""time"": 8275}, ""alt_data"": {""pressure"": 851.53, ""temperature"": 23.75, ""AGL"": -0.64, ""velocity"": 0, ""kalman_altitude"": -0.19, ""kalman_vertical_velocity"": -2.06}, ""chute_state"": {""pyro1_state"": 0, ""pyro2_state"": 0}, ""connection_status"": {""connected"": true, ""has_ever_connected"": true, ""packet_age_ms"": 0, ""timeout_exceeded"": false, ""rssi"": -49}, ""communication_mode"": ""BEACON"", ""timestamp"": 117844, ""packets_received"": 11, ""kalman_data"": {""altitude"": -0.19, ""vertical_velocity"": -2.06}, ""kalman_altitude"": -0.19, ""kalman_vertical_velocity"": -2.06, ""pyroDrogue"": 0, ""pyroMain"": 0, ""pyro1_state"": 0, ""pyro2_state"": 0}"
1764741490.437618,2025-12-03T08:58:10.437618,146,0,0,-0.74,-0.55,-0.26,-48.99,-116.29,-3.72,-1.52,-18.75,0,0,0,8475,851.59,23.76,-1.15,0,0,0,0,-48,-0.2,-2.1,BEACON,"{""record_number"": 146, ""operation_mode"": 0, ""state"": 0, ""battery_voltage"": 0, ""wifi_rssi"": -48, ""acc_data"": {""ax"": -0.74, ""ay"": -0.55, ""az"": -0.26, ""pitch"": -48.99, ""roll"": -116.29}, ""gyro_data"": {""gx"": -3.72, ""gy"": -1.52, ""gz"": -18.75}, ""gps_data"": {""latitude"": 0, ""longitude"": 0, ""gps_altitude"": 0, ""time"": 8475}, ""alt_data"": {""pressure"": 851.59, ""temperature"": 23.76, ""AGL"": -1.15, ""velocity"": 0, ""kalman_altitude"": -0.2, ""kalman_vertical_velocity"": -2.1}, ""chute_state"": {""pyro1_state"": 0, ""pyro2_state"": 0}, ""connection_status"": {""connected"": true, ""has_ever_connected"": true, ""packet_age_ms"": 1, ""timeout_exceeded"": false, ""rssi"": -48}, ""communication_mode"": ""BEACON"", ""timestamp"": 117957, ""packets_received"": 12, ""kalman_data"": {""altitude"": -0.2, ""vertical_velocity"": -2.1}, ""kalman_altitude"": -0.2, ""kalman_vertical_velocity"": -2.1, ""pyroDrogue"": 0, ""pyroMain"": 0, ""pyro1_state"": 0, ""pyro2_state"": 0}"
1764741490.563781,2025-12-03T08:58:10.563781,151,0,0,-0.75,-0.57,-0.27,-48.99,-116.02,-2.41,-5.91,-10.37,0,0,0,8475,851.57,23.76,-1.05,0,0,0,0,-48,-0.22,-2.19,BEACON,"{""record_number"": 151, ""operation_mode"": 0, ""state"": 0, ""battery_voltage"": 0, ""wifi_rssi"": -48, ""acc_data"": {""ax"": -0.75, ""ay"": -0.57, ""az"": -0.27, ""pitch"": -48.99, ""roll"": -116.02}, ""gyro_data"": {""gx"": -2.41, ""gy"": -5.91, ""gz"": -10.37}, ""gps_data"": {""latitude"": 0, ""longitude"": 0, ""gps_altitude"": 0, ""time"": 8475}, ""alt_data"": {""pressure"": 851.57, ""temperature"": 23.76, ""AGL"": -1.05, ""velocity"": 0, ""kalman_altitude"": -0.22, ""kalman_vertical_velocity"": -2.19}, ""chute_state"": {""pyro1_state"": 0, ""pyro2_state"": 0}, ""connection_status"": {""connected"": true, ""has_ever_connected"": true, ""packet_age_ms"": 1, ""timeout_exceeded"": false, ""rssi"": -48}, ""communication_mode"": ""BEACON"", ""timestamp"": 118069, ""packets_received"": 13, ""kalman_data"": {""altitude"": -0.22, ""vertical_velocity"": -2.19}, ""kalman_altitude"": -0.22, ""kalman_vertical_velocity"": -2.19, ""pyroDrogue"": 0, ""pyroMain"": 0, ""pyro1_state"": 0, ""pyro2_state"": 0}"
1764741490.639093,2025-12-03T08:58:10.639093,155,0,0,-0.74,-0.55,-0.27,-48.44,-115.68,3.45,-12.77,-0.43,0,0,0,8678,851.55,23.74,-0.8,0,0,0,0,-49,-0.23,-2.23,BEACON,"{""record_number"": 155, ""operation_mode"": 0, ""state"": 0, ""battery_voltage"": 0, ""wifi_rssi"": -49, ""acc_data"": {""ax"": -0.74, ""ay"": -0.55, ""az"": -0.27, ""pitch"": -48.44, ""roll"": -115.68}, ""gyro_data"": {""gx"": 3.45, ""gy"": -12.77, ""gz"": -0.43}, ""gps_data"": {""latitude"": 0, ""longitude"": 0, ""gps_altitude"": 0, ""time"": 8678}, ""alt_data"": {""pressure"": 851.55, ""temperature"": 23.74, ""AGL"": -0.8, ""velocity"": 0, ""kalman_altitude"": -0.23, ""kalman_vertical_velocity"": -2.23}, ""chute_state"": {""pyro1_state"": 0, ""pyro2_state"": 0}, ""connection_status"": {""connected"": true, ""has_ever_connected"": true, ""packet_age_ms"": 1, ""timeout_exceeded"": false, ""rssi"": -49}, ""communication_mode"": ""BEACON"", ""timestamp"": 118182, ""packets_received"": 14, ""kalman_data"": {""altitude"": -0.23, ""vertical_velocity"": -2.23}, ""kalman_altitude"": -0.23, ""kalman_vertical_velocity"": -2.23, ""pyroDrogue"": 0, ""pyroMain"": 0, ""pyro1_state"": 0, ""pyro2_state"": 0}"
1764741490.731021,2025-12-03T08:58:10.731021,159,0,0,-0.73,-0.55,-0.27,-46.5,-116.09,0.91,-4.02,-9.39,0,0,0,8678,851.56,23.75,-0.92,0,0,0,0,-49,-0.23,-2.27,BEACON,"{""record_number"": 159, ""operation_mode"": 0, ""state"": 0, ""battery_voltage"": 0, ""wifi_rssi"": -49, ""acc_data"": {""ax"": -0.73, ""ay"": -0.55, ""az"": -0.27, ""pitch"": -46.5, ""roll"": -116.09}, ""gyro_data"": {""gx"": 0.91, ""gy"": -4.02, ""gz"": -9.39}, ""gps_data"": {""latitude"": 0, ""longitude"": 0, ""gps_altitude"": 0, ""time"": 8678}, ""alt_data"": {""pressure"": 851.56, ""temperature"": 23.75, ""AGL"": -0.92, ""velocity"": 0, ""kalman_altitude"": -0.23, ""kalman_vertical_velocity"": -2.27}, ""chute_state"": {""pyro1_state"": 0, ""pyro2_state"": 0}, ""connection_status"": {""connected"": true, ""has_ever_connected"": true, ""packet_age_ms"": 0, ""timeout_exceeded"": false, ""rssi"": -49}, ""communication_mode"": ""BEACON"", ""timestamp"": 118295, ""packets_received"": 15, ""kalman_data"": {""altitude"": -0.23, ""vertical_velocity"": -2.27}, ""kalman_altitude"": -0.23, ""kalman_vertical_velocity"": -2.27, ""pyroDrogue"": 0, ""pyroMain"": 0, ""pyro1_state"": 0, ""pyro2_state"": 0}"
1764741490.86437,2025-12-03T08:58:10.864370,164,0,0,-0.75,-0.56,-0.28,-48.32,-117.49,-7.59,-6.62,-7.35,0,0,0,8880,851.56,23.75,-0.86,0,0,0,0,-49,-0.25,-2.36,BEACON,"{""record_number"": 164, ""operation_mode"": 0, ""state"": 0, ""battery_voltage"": 0, ""wifi_rssi"": -49, ""acc_data"": {""ax"": -0.75, ""ay"": -0.56, ""az"": -0.28, ""pitch"": -48.32, ""roll"": -117.49}, ""gyro_data"": {""gx"": -7.59, ""gy"": -6.62, ""gz"": -7.35}, ""gps_data"": {""latitude"": 0, ""longitude"": 0, ""gps_altitude"": 0, ""time"": 8880}, ""alt_data"": {""pressure"": 851.56, ""temperature"": 23.75, ""AGL"": -0.86, ""velocity"": 0, ""kalman_altitude"": -0.25, ""kalman_vertical_velocity"": -2.36}, ""chute_state"": {""pyro1_state"": 0, ""pyro2_state"": 0}, ""connection_status"": {""connected"": true, ""has_ever_connected"": true, ""packet_age_ms"": 0, ""timeout_exceeded"": false, ""rssi"": -49}, ""communication_mode"": ""BEACON"", ""timestamp"": 118407, ""packets_received"": 16, ""kalman_data"": {""altitude"": -0.25, ""vertical_velocity"": -2.36}, ""kalman_altitude"": -0.25, ""kalman_vertical_velocity"": -2.36, ""pyroDrogue"": 0, ""pyroMain"": 0, ""pyro1_state"": 0, ""pyro2_state"": 0}"
1764741490.971092,2025-12-03T08:58:10.971092,168,0,0,-0.74,-0.56,-0.28,-47.27,-115.84,-10.03,-6.28,-7.44,0,0,0,8880,851.57,23.76,-0.98,0,0,0,0,-48,-0.26,-2.4,BEACON,"{""record_number"": 168, ""operation_mode"": 0, ""state"": 0, ""battery_voltage"": 0, ""wifi_rssi"": -48, ""acc_data"": {""ax"": -0.74, ""ay"": -0.56, ""az"": -0.28, ""pitch"": -47.27, ""roll"": -115.84}, ""gyro_data"": {""gx"": -10.03, ""gy"": -6.28, ""gz"": -7.44}, ""gps_data"": {""latitude"": 0, ""longitude"": 0, ""gps_altitude"": 0, ""time"": 8880}, ""alt_data"": {""pressure"": 851.57, ""temperature"": 23.76, ""AGL"": -0.98, ""velocity"": 0, ""kalman_altitude"": -0.26, ""kalman_vertical_velocity"": -2.4}, ""chute_state"": {""pyro1_state"": 0, ""pyro2_state"": 0}, ""connection_status"": {""connected"": true, ""has_ever_connected"": true, ""packet_age_ms"": 1, ""timeout_exceeded"": false, ""rssi"": -48}, ""communication_mode"": ""BEACON"", ""timestamp"": 118523, ""packets_received"": 17, ""kalman_data"": {""altitude"": -0.26, ""vertical_velocity"": -2.4}, ""kalman_altitude"": -0.26, ""kalman_vertical_velocity"": -2.4, ""pyroDrogue"": 0, ""pyroMain"": 0, ""pyro1_state"": 0, ""pyro2_state"": 0}"
1764741491.077806,2025-12-03T08:58:11.077806,172,0,0,-0.75,-0.58,-0.28,-48.19,-115.75,-11.77,-1.62,-4.91,0,0,0,9080,851.52,23.73,-0.54,0,0,0,0,-49,-0.27,-2.44,BEACON,"{""record_number"": 172, ""operation_mode"": 0, ""state"": 0, ""battery_voltage"": 0, ""wifi_rssi"": -49, ""acc_data"": {""ax"": -0.75, ""ay"": -0.58, ""az"": -0.28, ""pitch"": -48.19, ""roll"": -115.75}, ""gyro_data"": {""gx"": -11.77, ""gy"": -1.62, ""gz"": -4.91}, ""gps_data"": {""latitude"": 0, ""longitude"": 0, ""gps_altitude"": 0, ""time"": 9080}, ""alt_data"": {""pressure"": 851.52, ""temperature"": 23.73, ""AGL"": -0.54, ""velocity"": 0, ""kalman_altitude"": -0.27, ""kalman_vertical_velocity"": -2.44}, ""chute_state"": {""pyro1_state"": 0, ""pyro2_state"": 0}, ""connection_status"": {""connected"": true, ""has_ever_connected"": true, ""packet_age_ms"": 0, ""timeout_exceeded"": false, ""rssi"": -49}, ""communication_mode"": ""BEACON"", ""timestamp"": 118633, ""packets_received"": 18, ""kalman_data"": {""altitude"": -0.27, ""vertical_velocity"": -2.44}, ""kalman_altitude"": -0.27, ""kalman_vertical_velocity"": -2.44, ""pyroDrogue"": 0, ""pyroMain"": 0, ""pyro1_state"": 0, ""pyro2_state"": 0}"
1764741491.179219,2025-12-03T08:58:11.179219,176,0,0,-0.73,-0.57,-0.27,-47.85,-115.07,-5.27,4.66,-1.01,0,0,0,9279,851.55,23.75,-0.77,0,0,0,0,-49,-0.29,-2.52,BEACON,"{""record_number"": 176, ""operation_mode"": 0, ""state"": 0, ""battery_voltage"": 0, ""wifi_rssi"": -49, ""acc_data"": {""ax"": -0.73, ""ay"": -0.57, ""az"": -0.27, ""pitch"": -47.85, ""roll"": -115.07}, ""gyro_data"": {""gx"": -5.27, ""gy"": 4.66, ""gz"": -1.01}, ""gps_data"": {""latitude"": 0, ""longitude"": 0, ""gps_altitude"": 0, ""time"": 9279}, ""alt_data"": {""pressure"": 851.55, ""temperature"": 23.75, ""AGL"": -0.77, ""velocity"": 0, ""kalman_altitude"": -0.29, ""kalman_vertical_velocity"": -2.52}, ""chute_state"": {""pyro1_state"": 0, ""pyro2_state"": 0}, ""connection_status"": {""connected"": true, ""has_ever_connected"": true, ""packet_age_ms"": 0, ""timeout_exceeded"": false, ""rssi"": -49}, ""communication_mode"": ""BEACON"", ""timestamp"": 118746, ""packets_received"": 19, ""kalman_data"": {""altitude"": -0.29, ""vertical_velocity"": -2.52}, ""kalman_altitude"": -0.29, ""kalman_vertical_velocity"": -2.52, ""pyroDrogue"": 0, ""pyroMain"": 0, ""pyro1_state"": 0, ""pyro2_state"": 0}"
1764741491.312569,2025-12-03T08:58:11.312569,181,0,0,-0.73,-0.57,-0.28,-46.74,-115.75,-5.21,13.87,-1.28,0,0,0,9279,851.49,23.73,-0.22,0,0,0,0,-48,-0.3,-2.55,BEACON,"{""record_number"": 181, ""operation_mode"": 0, ""state"": 0, ""battery_voltage"": 0, ""wifi_rssi"": -48, ""acc_data"": {""ax"": -0.73, ""ay"": -0.57, ""az"": -0.28, ""pitch"": -46.74, ""roll"": -115.75}, ""gyro_data"": {""gx"": -5.21, ""gy"": 13.87, ""gz"": -1.28}, ""gps_data"": {""latitude"": 0, ""longitude"": 0, ""gps_altitude"": 0, ""time"": 9279}, ""alt_data"": {""pressure"": 851.49, ""temperature"": 23.73, ""AGL"": -0.22, ""velocity"": 0, ""kalman_altitude"": -0.3, ""kalman_vertical_velocity"": -2.55}, ""chute_state"": {""pyro1_state"": 0, ""pyro2_state"": 0}, ""connection_status"": {""connected"": true, ""has_ever_connected"": true, ""packet_age_ms"": 0, ""timeout_exceeded"": false, ""rssi"": -48}, ""communication_mode"": ""BEACON"", ""timestamp"": 118859, ""packets_received"": 20, ""kalman_data"": {""altitude"": -0.3, ""vertical_velocity"": -2.55}, ""kalman_altitude"": -0.3, ""kalman_vertical_velocity"": -2.55, ""pyroDrogue"": 0, ""pyroMain"": 0, ""pyro1_state"": 0, ""pyro2_state"": 0}"
1764741491.521,2025-12-03T08:58:11.521000,185,0,0,-0.73,-0.56,-0.29,-46.74,-117.56,-8.32,-4.3,-6.22,0,0,0,9480,851.51,23.73,-0.43,0,0,0,0,-48,-0.3,-2.59,BEACON,"{""record_number"": 185, ""operation_mode"": 0, ""state"": 0, ""battery_voltage"": 0, ""wifi_rssi"": -48, ""acc_data"": {""ax"": -0.73, ""ay"": -0.56, ""az"": -0.29, ""pitch"": -46.74, ""roll"": -117.56}, ""gyro_data"": {""gx"": -8.32, ""gy"": -4.3, ""gz"": -6.22}, ""gps_data"": {""latitude"": 0, ""longitude"": 0, ""gps_altitude"": 0, ""time"": 9480}, ""alt_data"": {""pressure"": 851.51, ""temperature"": 23.73, ""AGL"": -0.43, ""velocity"": 0, ""kalman_altitude"": -0.3, ""kalman_vertical_velocity"": -2.59}, ""chute_state"": {""pyro1_state"": 0, ""pyro2_state"": 0}, ""connection_status"": {""connected"": true, ""has_ever_connected"": true, ""packet_age_ms"": 1, ""timeout_exceeded"": false, ""rssi"": -48}, ""communication_mode"": ""BEACON"", ""timestamp"": 118974, ""packets_received"": 21, ""kalman_data"": {""altitude"": -0.3, ""vertical_velocity"": -2.59}, ""kalman_altitude"": -0.3, ""kalman_vertical_velocity"": -2.59, ""pyroDrogue"": 0, ""pyroMain"": 0, ""pyro1_state"": 0, ""pyro2_state"": 0}"
1764741491.563394,2025-12-03T08:58:11.563394,189,0,0,-0.73,-0.56,-0.28,-47.15,-117.46,-11.01,5.46,-5.24,0,0,0,9480,851.54,23.74,-0.65,0,0,0,0,-48,-0.32,-2.67,BEACON,"{""record_number"": 189, ""operation_mode"": 0, ""state"": 0, ""battery_voltage"": 0, ""wifi_rssi"": -48, ""acc_data"": {""ax"": -0.73, ""ay"": -0.56, ""az"": -0.28, ""pitch"": -47.15, ""roll"": -117.46}, ""gyro_data"": {""gx"": -11.01, ""gy"": 5.46, ""gz"": -5.24}, ""gps_data"": {""latitude"": 0, ""longitude"": 0, ""gps_altitude"": 0, ""time"": 9480}, ""alt_data"": {""pressure"": 851.54, ""temperature"": 23.74, ""AGL"": -0.65, ""velocity"": 0, ""kalman_altitude"": -0.32, ""kalman_vertical_velocity"": -2.67}, ""chute_state"": {""pyro1_state"": 0, ""pyro2_state"": 0}, ""connection_status"": {""connected"": true, ""has_ever_connected"": true, ""packet_age_ms"": 0, ""timeout_exceeded"": false, ""rssi"": -48}, ""communication_mode"": ""BEACON"", ""timestamp"": 119085, ""packets_received"": 22, ""kalman_data"": {""altitude"": -0.32, ""vertical_velocity"": -2.67}, ""kalman_altitude"": -0.32, ""kalman_vertical_velocity"": -2.67, ""pyroDrogue"": 0, ""pyroMain"": 0, ""pyro1_state"": 0, ""pyro2_state"": 0}"
1764741491.704677,2025-12-03T08:58:11.704677,194,0,0,-0.72,-0.56,-0.3,-46.01,-118.11,-8.75,0.58,-4.73,0,0,0,9683,851.53,23.73,-0.64,0,0,0,0,-49,-0.33,-2.71,BEACON,"{""record_number"": 194, ""operation_mode"": 0, ""state"": 0, ""battery_voltage"": 0, ""wifi_rssi"": -49, ""acc_data"": {""ax"": -0.72, ""ay"": -0.56, ""az"": -0.3, ""pitch"": -46.01, ""roll"": -118.11}, ""gyro_data"": {""gx"": -8.75, ""gy"": 0.58, ""gz"": -4.73}, ""gps_data"": {""latitude"": 0, ""longitude"": 0, ""gps_altitude"": 0, ""time"": 9683}, ""alt_data"": {""pressure"": 851.53, ""temperature"": 23.73, ""AGL"": -0.64, ""velocity"": 0, ""kalman_altitude"": -0.33, ""kalman_vertical_velocity"": -2.71}, ""chute_state"": {""pyro1_state"": 0, ""pyro2_state"": 0}, ""connection_status"": {""connected"": true, ""has_ever_connected"": true, ""packet_age_ms"": 0, ""timeout_exceeded"": false, ""rssi"": -49}, ""communication_mode"": ""BEACON"", ""timestamp"": 119199, ""packets_received"": 23, ""kalman_data"": {""altitude"": -0.33, ""vertical_velocity"": -2.71}, ""kalman_altitude"": -0.33, ""kalman_vertical_velocity"": -2.71, ""pyroDrogue"": 0, ""pyroMain"": 0, ""pyro1_state"": 0, ""pyro2_state"": 0}"
1764741491.750278,2025-12-03T08:58:11.750278,198,0,0,-0.72,-0.56,-0.3,-45.89,-118.51,-10.64,-4.6,-7.65,0,0,0,9683,851.48,23.72,-0.08,0,0,0,0,-48,-0.34,-2.74,BEACON,"{""record_number"": 198, ""operation_mode"": 0, ""state"": 0, ""battery_voltage"": 0, ""wifi_rssi"": -48, ""acc_data"": {""ax"": -0.72, ""ay"": -0.56, ""az"": -0.3, ""pitch"": -45.89, ""roll"": -118.51}, ""gyro_data"": {""gx"": -10.64, ""gy"": -4.6, ""gz"": -7.65}, ""gps_data"": {""latitude"": 0, ""longitude"": 0, ""gps_altitude"": 0, ""time"": 9683}, ""alt_data"": {""pressure"": 851.48, ""temperature"": 23.72, ""AGL"": -0.08, ""velocity"": 0, ""kalman_altitude"": -0.34, ""kalman_vertical_velocity"": -2.74}, ""chute_state"": {""pyro1_state"": 0, ""pyro2_state"": 0}, ""connection_status"": {""connected"": true, ""has_ever_connected"": true, ""packet_age_ms"": 1, ""timeout_exceeded"": false, ""rssi"": -48}, ""communication_mode"": ""BEACON"", ""timestamp"": 119312, ""packets_received"": 24, ""kalman_data"": {""altitude"": -0.34, ""vertical_velocity"": -2.74}, ""kalman_altitude"": -0.34, ""kalman_vertical_velocity"": -2.74, ""pyroDrogue"": 0, ""pyroMain"": 0, ""pyro1_state"": 0, ""pyro2_state"": 0}"
1764741491.879817,2025-12-03T08:58:11.879817,202,0,0,-0.72,-0.57,-0.29,-46.29,-116.79,-10.37,-0.88,-8.26,0,0,0,9884,851.46,23.72,0.13,0,0,0,0,-50,-0.36,-2.82,BEACON,"{""record_number"": 202, ""operation_mode"": 0, ""state"": 0, ""battery_voltage"": 0, ""wifi_rssi"": -50, ""acc_data"": {""ax"": -0.72, ""ay"": -0.57, ""az"": -0.29, ""pitch"": -46.29, ""roll"": -116.79}, ""gyro_data"": {""gx"": -10.37, ""gy"": -0.88, ""gz"": -8.26}, ""gps_data"": {""latitude"": 0, ""longitude"": 0, ""gps_altitude"": 0, ""time"": 9884}, ""alt_data"": {""pressure"": 851.46, ""temperature"": 23.72, ""AGL"": 0.13, ""velocity"": 0, ""kalman_altitude"": -0.36, ""kalman_vertical_velocity"": -2.82}, ""chute_state"": {""pyro1_state"": 0, ""pyro2_state"": 0}, ""connection_status"": {""connected"": true, ""has_ever_connected"": true, ""packet_age_ms"": 0, ""timeout_exceeded"": false, ""rssi"": -50}, ""communication_mode"": ""BEACON"", ""timestamp"": 119426, ""packets_received"": 25, ""kalman_data"": {""altitude"": -0.36, ""vertical_velocity"": -2.82}, ""kalman_altitude"": -0.36, ""kalman_vertical_velocity"": -2.82, ""pyroDrogue"": 0, ""pyroMain"": 0, ""pyro1_state"": 0, ""pyro2_state"": 0}"
1764741491.986971,2025-12-03T08:58:11.986971,207,0,0,-0.73,-0.56,-0.29,-46.62,-117.01,-6.04,0.06,-4.94,0,0,0,9884,851.52,23.73,-0.54,0,0,0,0,-48,-0.37,-2.85,BEACON,"{""record_number"": 207, ""operation_mode"": 0, ""state"": 0, ""battery_voltage"": 0, ""wifi_rssi"": -48, ""acc_data"": {""ax"": -0.73, ""ay"": -0.56, ""az"": -0.29, ""pitch"": -46.62, ""roll"": -117.01}, ""gyro_data"": {""gx"": -6.04, ""gy"": 0.06, ""gz"": -4.94}, ""gps_data"": {""latitude"": 0, ""longitude"": 0, ""gps_altitude"": 0, ""time"": 9884}, ""alt_data"": {""pressure"": 851.52, ""temperature"": 23.73, ""AGL"": -0.54, ""velocity"": 0, ""kalman_altitude"": -0.37, ""kalman_vertical_velocity"": -2.85}, ""chute_state"": {""pyro1_state"": 0, ""pyro2_state"": 0}, ""connection_status"": {""connected"": true, ""has_ever_connected"": true, ""packet_age_ms"": 0, ""timeout_exceeded"": false, ""rssi"": -48}, ""communication_mode"": ""BEACON"", ""timestamp"": 119538, ""packets_received"": 26, ""kalman_data"": {""altitude"": -0.37, ""vertical_velocity"": -2.85}, ""kalman_altitude"": -0.37, ""kalman_vertical_velocity"": -2.85, ""pyroDrogue"": 0, ""pyroMain"": 0, ""pyro1_state"": 0, ""pyro2_state"": 0}"
1764741492.090494,2025-12-03T08:58:12.090494,211,0,0,-0.73,-0.58,-0.29,-46.54,-116.22,1.89,2.16,1.71,0,0,0,10085,851.5,23.72,-0.3,0,0,0,0,-48,-0.38,-2.89,BEACON,"{""record_number"": 211, ""operation_mode"": 0, ""state"": 0, ""battery_voltage"": 0, ""wifi_rssi"": -48, ""acc_data"": {""ax"": -0.73, ""ay"": -0.58, ""az"": -0.29, ""pitch"": -46.54, ""roll"": -116.22}, ""gyro_data"": {""gx"": 1.89, ""gy"": 2.16, ""gz"": 1.71}, ""gps_data"": {""latitude"": 0, ""longitude"": 0, ""gps_altitude"": 0, ""time"": 10085}, ""alt_data"": {""pressure"": 851.5, ""temperature"": 23.72, ""AGL"": -0.3, ""velocity"": 0, ""kalman_altitude"": -0.38, ""kalman_vertical_velocity"": -2.89}, ""chute_state"": {""pyro1_state"": 0, ""pyro2_state"": 0}, ""connection_status"": {""connected"": true, ""has_ever_connected"": true, ""packet_age_ms"": 0, ""timeout_exceeded"": false, ""rssi"": -48}, ""communication_mode"": ""BEACON"", ""timestamp"": 119649, ""packets_received"": 27, ""kalman_data"": {""altitude"": -0.38, ""vertical_velocity"": -2.89}, ""kalman_altitude"": -0.38, ""kalman_vertical_velocity"": -2.89, ""pyroDrogue"": 0, ""pyroMain"": 0, ""pyro1_state"": 0, ""pyro2_state"": 0}"
1764741492.209484,2025-12-03T08:58:12.209484,215,0,0,-0.73,-0.56,-0.31,-46.37,-118.92,-5.82,0,-0.76,0,0,0,10285,851.52,23.72,-0.51,0,0,0,0,-48,-0.39,-2.93,BEACON,"{""record_number"": 215, ""operation_mode"": 0, ""state"": 0, ""battery_voltage"": 0, ""wifi_rssi"": -48, ""acc_data"": {""ax"": -0.73, ""ay"": -0.56, ""az"": -0.31, ""pitch"": -46.37, ""roll"": -118.92}, ""gyro_data"": {""gx"": -5.82, ""gy"": 0, ""gz"": -0.76}, ""gps_data"": {""latitude"": 0, ""longitude"": 0, ""gps_altitude"": 0, ""time"": 10285}, ""alt_data"": {""pressure"": 851.52, ""temperature"": 23.72, ""AGL"": -0.51, ""velocity"": 0, ""kalman_altitude"": -0.39, ""kalman_vertical_velocity"": -2.93}, ""chute_state"": {""pyro1_state"": 0, ""pyro2_state"": 0}, ""connection_status"": {""connected"": true, ""has_ever_connected"": true, ""packet_age_ms"": 1, ""timeout_exceeded"": false, ""rssi"": -48}, ""communication_mode"": ""BEACON"", ""timestamp"": 119762, ""packets_received"": 28, ""kalman_data"": {""altitude"": -0.39, ""vertical_velocity"": -2.93}, ""kalman_altitude"": -0.39, ""kalman_vertical_velocity"": -2.93, ""pyroDrogue"": 0, ""pyroMain"": 0, ""pyro1_state"": 0, ""pyro2_state"": 0}"
1764741492.325488,2025-12-03T08:58:12.325488,220,0,0,-0.71,-0.58,-0.3,-45.37,-117.89,-3.32,-4.82,-2.59,0,0,0,10285,851.52,23.73,-0.52,0,0,0,0,-48,-0.41,-3.01,BEACON,"{""record_number"": 220, ""operation_mode"": 0, ""state"": 0, ""battery_voltage"": 0, ""wifi_rssi"": -48, ""acc_data"": {""ax"": -0.71, ""ay"": -0.58, ""az"": -0.3, ""pitch"": -45.37, ""roll"": -117.89}, ""gyro_data"": {""gx"": -3.32, ""gy"": -4.82, ""gz"": -2.59}, ""gps_data"": {""latitude"": 0, ""longitude"": 0, ""gps_altitude"": 0, ""time"": 10285}, ""alt_data"": {""pressure"": 851.52, ""temperature"": 23.73, ""AGL"": -0.52, ""velocity"": 0, ""kalman_altitude"": -0.41, ""kalman_vertical_velocity"": -3.01}, ""chute_state"": {""pyro1_state"": 0, ""pyro2_state"": 0}, ""connection_status"": {""connected"": true, ""has_ever_connected"": true, ""packet_age_ms"": 1, ""timeout_exceeded"": false, ""rssi"": -48}, ""communication_mode"": ""BEACON"", ""timestamp"": 119875, ""packets_received"": 29, ""kalman_data"": {""altitude"": -0.41, ""vertical_velocity"": -3.01}, ""kalman_altitude"": -0.41, ""kalman_vertical_velocity"": -3.01, ""pyroDrogue"": 0, ""pyroMain"": 0, ""pyro1_state"": 0, ""pyro2_state"": 0}"
1764741492.453864,2025-12-03T08:58:12.453864,224,0,0,-0.72,-0.57,-0.3,-46.74,-117.96,-9.3,-7.96,-5.06,0,0,0,10484,851.56,23.73,-0.91,0,0,0,0,-48,-0.42,-3.06,BEACON,"{""record_number"": 224, ""operation_mode"": 0, ""state"": 0, ""battery_voltage"": 0, ""wifi_rssi"": -48, ""acc_data"": {""ax"": -0.72, ""ay"": -0.57, ""az"": -0.3, ""pitch"": -46.74, ""roll"": -117.96}, ""gyro_data"": {""gx"": -9.3, ""gy"": -7.96, ""gz"": -5.06}, ""gps_data"": {""latitude"": 0, ""longitude"": 0, ""gps_altitude"": 0, ""time"": 10484}, ""alt_data"": {""pressure"": 851.56, ""temperature"": 23.73, ""AGL"": -0.91, ""velocity"": 0, ""kalman_altitude"": -0.42, ""kalman_vertical_velocity"": -3.06}, ""chute_state"": {""pyro1_state"": 0, ""pyro2_state"": 0}, ""connection_status"": {""connected"": true, ""has_ever_connected"": true, ""packet_age_ms"": 1, ""timeout_exceeded"": false, ""rssi"": -48}, ""communication_mode"": ""BEACON"", ""timestamp"": 119988, ""packets_received"": 30, ""kalman_data"": {""altitude"": -0.42, ""vertical_velocity"": -3.06}, ""kalman_altitude"": -0.42, ""kalman_vertical_velocity"": -3.06, ""pyroDrogue"": 0, ""pyroMain"": 0, ""pyro1_state"": 0, ""pyro2_state"": 0}"
1764741492.645356,2025-12-03T08:58:12.645356,228,0,0,-0.72,-0.57,-0.29,-45.69,-117.29,-8.2,-5.4,-4.48,0,0,0,10484,851.54,23.73,-0.67,0,0,0,0,-48,-0.43,-3.1,BEACON,"{""record_number"": 228, ""operation_mode"": 0, ""state"": 0, ""battery_voltage"": 0, ""wifi_rssi"": -48, ""acc_data"": {""ax"": -0.72, ""ay"": -0.57, ""az"": -0.29, ""pitch"": -45.69, ""roll"": -117.29}, ""gyro_data"": {""gx"": -8.2, ""gy"": -5.4, ""gz"": -4.48}, ""gps_data"": {""latitude"": 0, ""longitude"": 0, ""gps_altitude"": 0, ""time"": 10484}, ""alt_data"": {""pressure"": 851.54, ""temperature"": 23.73, ""AGL"": -0.67, ""velocity"": 0, ""kalman_altitude"": -0.43, ""kalman_vertical_velocity"": -3.1}, ""chute_state"": {""pyro1_state"": 0, ""pyro2_state"": 0}, ""connection_status"": {""connected"": true, ""has_ever_connected"": true, ""packet_age_ms"": 0, ""timeout_exceeded"": false, ""rssi"": -48}, ""communication_mode"": ""BEACON"", ""timestamp"": 120100, ""packets_received"": 31, ""kalman_data"": {""altitude"": -0.43, ""vertical_velocity"": -3.1}, ""kalman_altitude"": -0.43, ""kalman_vertical_velocity"": -3.1, ""pyroDrogue"": 0, ""pyroMain"": 0, ""pyro1_state"": 0, ""pyro2_state"": 0}"
1764741492.754325,2025-12-03T08:58:12.754325,233,0,0,-0.71,-0.56,-0.29,-46.21,-118.16,-10.7,-0.15,-6.62,0,0,0,10688,851.51,23.72,-0.44,0,0,0,0,-48,-0.46,-3.18,BEACON,"{""record_number"": 233, ""operation_mode"": 0, ""state"": 0, ""battery_voltage"": 0, ""wifi_rssi"": -48, ""acc_data"": {""ax"": -0.71, ""ay"": -0.56, ""az"": -0.29, ""pitch"": -46.21, ""roll"": -118.16}, ""gyro_data"": {""gx"": -10.7, ""gy"": -0.15, ""gz"": -6.62}, ""gps_data"": {""latitude"": 0, ""longitude"": 0, ""gps_altitude"": 0, ""time"": 10688}, ""alt_data"": {""pressure"": 851.51, ""temperature"": 23.72, ""AGL"": -0.44, ""velocity"": 0, ""kalman_altitude"": -0.46, ""kalman_vertical_velocity"": -3.18}, ""chute_state"": {""pyro1_state"": 0, ""pyro2_state"": 0}, ""connection_status"": {""connected"": true, ""has_ever_connected"": true, ""packet_age_ms"": 0, ""timeout_exceeded"": false, ""rssi"": -48}, ""communication_mode"": ""BEACON"", ""timestamp"": 120212, ""packets_received"": 32, ""kalman_data"": {""altitude"": -0.46, ""vertical_velocity"": -3.18}, ""kalman_altitude"": -0.46, ""kalman_vertical_velocity"": -3.18, ""pyroDrogue"": 0, ""pyroMain"": 0, ""pyro1_state"": 0, ""pyro2_state"": 0}"
1764741492.812024,2025-12-03T08:58:12.812024,237,0,0,-0.72,-0.55,-0.29,-46.9,-117.13,-10.58,0.09,-4.7,0,0,0,10688,851.52,23.72,-0.46,0,0,0,0,-49,-0.47,-3.21,BEACON,"{""record_number"": 237, ""operation_mode"": 0, ""state"": 0, ""battery_voltage"": 0, ""wifi_rssi"": -49, ""acc_data"": {""ax"": -0.72, ""ay"": -0.55, ""az"": -0.29, ""pitch"": -46.9, ""roll"": -117.13}, ""gyro_data"": {""gx"": -10.58, ""gy"": 0.09, ""gz"": -4.7}, ""gps_data"": {""latitude"": 0, ""longitude"": 0, ""gps_altitude"": 0, ""time"": 10688}, ""alt_data"": {""pressure"": 851.52, ""temperature"": 23.72, ""AGL"": -0.46, ""velocity"": 0, ""kalman_altitude"": -0.47, ""kalman_vertical_velocity"": -3.21}, ""chute_state"": {""pyro1_state"": 0, ""pyro2_state"": 0}, ""connection_status"": {""connected"": true, ""has_ever_connected"": true, ""packet_age_ms"": 0, ""timeout_exceeded"": false, ""rssi"": -49}, ""communication_mode"": ""BEACON"", ""timestamp"": 120326, ""packets_received"": 33, ""kalman_data"": {""altitude"": -0.47, ""vertical_velocity"": -3.21}, ""kalman_altitude"": -0.47, ""kalman_vertical_velocity"": -3.21, ""pyroDrogue"": 0, ""pyroMain"": 0, ""pyro1_state"": 0, ""pyro2_state"": 0}"
1764741492.91564,2025-12-03T08:58:12.915640,241,0,0,-0.73,-0.56,-0.29,-46.42,-117.42,-5.88,-5.15,-3.26,0,0,0,10890,851.52,23.73,-0.52,0,0,0,0,-48,-0.48,-3.25,BEACON,"{""record_number"": 241, ""operation_mode"": 0, ""state"": 0, ""battery_voltage"": 0, ""wifi_rssi"": -48, ""acc_data"": {""ax"": -0.73, ""ay"": -0.56, ""az"": -0.29, ""pitch"": -46.42, ""roll"": -117.42}, ""gyro_data"": {""gx"": -5.88, ""gy"": -5.15, ""gz"": -3.26}, ""gps_data"": {""latitude"": 0, ""longitude"": 0, ""gps_altitude"": 0, ""time"": 10890}, ""alt_data"": {""pressure"": 851.52, ""temperature"": 23.73, ""AGL"": -0.52, ""velocity"": 0, ""kalman_altitude"": -0.48, ""kalman_vertical_velocity"": -3.25}, ""chute_state"": {""pyro1_state"": 0, ""pyro2_state"": 0}, ""connection_status"": {""connected"": true, ""has_ever_connected"": true, ""packet_age_ms"": 1, ""timeout_exceeded"": false, ""rssi"": -48}, ""communication_mode"": ""BEACON"", ""timestamp"": 120440, ""packets_received"": 34, ""kalman_data"": {""altitude"": -0.48, ""vertical_velocity"": -3.25}, ""kalman_altitude"": -0.48, ""kalman_vertical_velocity"": -3.25, ""pyroDrogue"": 0, ""pyroMain"": 0, ""pyro1_state"": 0, ""pyro2_state"": 0}"
1764741493.007513,2025-12-03T08:58:13.007513,245,0,0,-0.72,-0.56,-0.29,-46.54,-117.44,-4.39,-5.64,-1.65,0,0,0,11089,851.53,23.72,-0.62,0,0,0,0,-50,-0.5,-3.33,BEACON,"{""record_number"": 245, ""operation_mode"": 0, ""state"": 0, ""battery_voltage"": 0, ""wifi_rssi"": -50, ""acc_data"": {""ax"": -0.72, ""ay"": -0.56, ""az"": -0.29, ""pitch"": -46.54, ""roll"": -117.44}, ""gyro_data"": {""gx"": -4.39, ""gy"": -5.64, ""gz"": -1.65}, ""gps_data"": {""latitude"": 0, ""longitude"": 0, ""gps_altitude"": 0, ""time"": 11089}, ""alt_data"": {""pressure"": 851.53, ""temperature"": 23.72, ""AGL"": -0.62, ""velocity"": 0, ""kalman_altitude"": -0.5, ""kalman_vertical_velocity"": -3.33}, ""chute_state"": {""pyro1_state"": 0, ""pyro2_state"": 0}, ""connection_status"": {""connected"": true, ""has_ever_connected"": true, ""packet_age_ms"": 1, ""timeout_exceeded"": false, ""rssi"": -50}, ""communication_mode"": ""BEACON"", ""timestamp"": 120553, ""packets_received"": 35, ""kalman_data"": {""altitude"": -0.5, ""vertical_velocity"": -3.33}, ""kalman_altitude"": -0.5, ""kalman_vertical_velocity"": -3.33, ""pyroDrogue"": 0, ""pyroMain"": 0, ""pyro1_state"": 0, ""pyro2_state"": 0}"
1764741493.116428,2025-12-03T08:58:13.116428,250,0,0,-0.72,-0.56,-0.29,-46.17,-118.35,0.64,-1.74,-0.09,0,0,0,11089,851.54,23.73,-0.7,0,0,0,0,-49,-0.52,-3.38,BEACON,"{""record_number"": 250, ""operation_mode"": 0, ""state"": 0, ""battery_voltage"": 0, ""wifi_rssi"": -49, ""acc_data"": {""ax"": -0.72, ""ay"": -0.56, ""az"": -0.29, ""pitch"": -46.17, ""roll"": -118.35}, ""gyro_data"": {""gx"": 0.64, ""gy"": -1.74, ""gz"": -0.09}, ""gps_data"": {""latitude"": 0, ""longitude"": 0, ""gps_altitude"": 0, ""time"": 11089}, ""alt_data"": {""pressure"": 851.54, ""temperature"": 23.73, ""AGL"": -0.7, ""velocity"": 0, ""kalman_altitude"": -0.52, ""kalman_vertical_velocity"": -3.38}, ""chute_state"": {""pyro1_state"": 0, ""pyro2_state"": 0}, ""connection_status"": {""connected"": true, ""has_ever_connected"": true, ""packet_age_ms"": 1, ""timeout_exceeded"": false, ""rssi"": -49}, ""communication_mode"": ""BEACON"", ""timestamp"": 120667, ""packets_received"": 36, ""kalman_data"": {""altitude"": -0.52, ""vertical_velocity"": -3.38}, ""kalman_altitude"": -0.52, ""kalman_vertical_velocity"": -3.38, ""pyroDrogue"": 0, ""pyroMain"": 0, ""pyro1_state"": 0, ""pyro2_state"": 0}"
1764741493.222481,2025-12-03T08:58:13.222481,254,0,0,-0.72,-0.57,-0.3,-45.57,-116.69,-2.26,1.89,-2.87,0,0,0,11290,851.55,23.72,-0.8,0,0,0,0,-48,-0.53,-3.42,BEACON,"{""record_number"": 254, ""operation_mode"": 0, ""state"": 0, ""battery_voltage"": 0, ""wifi_rssi"": -48, ""acc_data"": {""ax"": -0.72, ""ay"": -0.57, ""az"": -0.3, ""pitch"": -45.57, ""roll"": -116.69}, ""gyro_data"": {""gx"": -2.26, ""gy"": 1.89, ""gz"": -2.87}, ""gps_data"": {""latitude"": 0, ""longitude"": 0, ""gps_altitude"": 0, ""time"": 11290}, ""alt_data"": {""pressure"": 851.55, ""temperature"": 23.72, ""AGL"": -0.8, ""velocity"": 0, ""kalman_altitude"": -0.53, ""kalman_vertical_velocity"": -3.42}, ""chute_state"": {""pyro1_state"": 0, ""pyro2_state"": 0}, ""connection_status"": {""connected"": true, ""has_ever_connected"": true, ""packet_age_ms"": 1, ""timeout_exceeded"": false, ""rssi"": -48}, ""communication_mode"": ""BEACON"", ""timestamp"": 120779, ""packets_received"": 37, ""kalman_data"": {""altitude"": -0.53, ""vertical_velocity"": -3.42}, ""kalman_altitude"": -0.53, ""kalman_vertical_velocity"": -3.42, ""pyroDrogue"": 0, ""pyroMain"": 0, ""pyro1_state"": 0, ""pyro2_state"": 0}"
1764741493.333097,2025-12-03T08:58:13.333097,258,0,0,-0.72,-0.56,-0.3,-46.21,-117.39,-6.28,-4.85,-7.32,0,0,0,11290,851.52,23.73,-0.52,0,0,0,0,-48,-0.55,-3.49,BEACON,"{""record_number"": 258, ""operation_mode"": 0, ""state"": 0, ""battery_voltage"": 0, ""wifi_rssi"": -48, ""acc_data"": {""ax"": -0.72, ""ay"": -0.56, ""az"": -0.3, ""pitch"": -46.21, ""roll"": -117.39}, ""gyro_data"": {""gx"": -6.28, ""gy"": -4.85, ""gz"": -7.32}, ""gps_data"": {""latitude"": 0, ""longitude"": 0, ""gps_altitude"": 0, ""time"": 11290}, ""alt_data"": {""pressure"": 851.52, ""temperature"": 23.73, ""AGL"": -0.52, ""velocity"": 0, ""kalman_altitude"": -0.55, ""kalman_vertical_velocity"": -3.49}, ""chute_state"": {""pyro1_state"": 0, ""pyro2_state"": 0}, ""connection_status"": {""connected"": true, ""has_ever_connected"": true, ""packet_age_ms"": 0, ""timeout_exceeded"": false, ""rssi"": -48}, ""communication_mode"": ""BEACON"", ""timestamp"": 120891, ""packets_received"": 38, ""kalman_data"": {""altitude"": -0.55, ""vertical_velocity"": -3.49}, ""kalman_altitude"": -0.55, ""kalman_vertical_velocity"": -3.49, ""pyroDrogue"": 0, ""pyroMain"": 0, ""pyro1_state"": 0, ""pyro2_state"": 0}"
1764741493.439246,2025-12-03T08:58:13.439246,263,0,0,-0.73,-0.56,-0.3,-46.82,-117.79,-10.34,-3.48,-13.35,0,0,0,11490,851.55,23.73,-0.77,0,0,0,0,-48,-0.56,-3.53,BEACON,"{""record_number"": 263, ""operation_mode"": 0, ""state"": 0, ""battery_voltage"": 0, ""wifi_rssi"": -48, ""acc_data"": {""ax"": -0.73, ""ay"": -0.56, ""az"": -0.3, ""pitch"": -46.82, ""roll"": -117.79}, ""gyro_data"": {""gx"": -10.34, ""gy"": -3.48, ""gz"": -13.35}, ""gps_data"": {""latitude"": 0, ""longitude"": 0, ""gps_altitude"": 0, ""time"": 11490}, ""alt_data"": {""pressure"": 851.55, ""temperature"": 23.73, ""AGL"": -0.77, ""velocity"": 0, ""kalman_altitude"": -0.56, ""kalman_vertical_velocity"": -3.53}, ""chute_state"": {""pyro1_state"": 0, ""pyro2_state"": 0}, ""connection_status"": {""connected"": true, ""has_ever_connected"": true, ""packet_age_ms"": 0, ""timeout_exceeded"": false, ""rssi"": -48}, ""communication_mode"": ""BEACON"", ""timestamp"": 121003, ""packets_received"": 39, ""kalman_data"": {""altitude"": -0.56, ""vertical_velocity"": -3.53}, ""kalman_altitude"": -0.56, ""kalman_vertical_velocity"": -3.53, ""pyroDrogue"": 0, ""pyroMain"": 0, ""pyro1_state"": 0, ""pyro2_state"": 0}"
1764741493.549453,2025-12-03T08:58:13.549453,267,0,0,-0.74,-0.58,-0.29,-47.48,-117.61,-7.59,-6.55,-0.82,0,0,0,11490,851.51,23.73,-0.45,0,0,0,0,-48,-0.58,-3.57,BEACON,"{""record_number"": 267, ""operation_mode"": 0, ""state"": 0, ""battery_voltage"": 0, ""wifi_rssi"": -48, ""acc_data"": {""ax"": -0.74, ""ay"": -0.58, ""az"": -0.29, ""pitch"": -47.48, ""roll"": -117.61}, ""gyro_data"": {""gx"": -7.59, ""gy"": -6.55, ""gz"": -0.82}, ""gps_data"": {""latitude"": 0, ""longitude"": 0, ""gps_altitude"": 0, ""time"": 11490}, ""alt_data"": {""pressure"": 851.51, ""temperature"": 23.73, ""AGL"": -0.45, ""velocity"": 0, ""kalman_altitude"": -0.58, ""kalman_vertical_velocity"": -3.57}, ""chute_state"": {""pyro1_state"": 0, ""pyro2_state"": 0}, ""connection_status"": {""connected"": true, ""has_ever_connected"": true, ""packet_age_ms"": 0, ""timeout_exceeded"": false, ""rssi"": -48}, ""communication_mode"": ""BEACON"", ""timestamp"": 121116, ""packets_received"": 40, ""kalman_data"": {""altitude"": -0.58, ""vertical_velocity"": -3.57}, ""kalman_altitude"": -0.58, ""kalman_vertical_velocity"": -3.57, ""pyroDrogue"": 0, ""pyroMain"": 0, ""pyro1_state"": 0, ""pyro2_state"": 0}"
1764741493.66277,2025-12-03T08:58:13.662770,271,0,0,-0.73,-0.57,-0.3,-45.97,-118.01,-12.77,-2.23,-6.62,0,0,0,11693,851.57,23.73,-0.96,0,0,0,0,-48,-0.6,-3.65,BEACON,"{""record_number"": 271, ""operation_mode"": 0, ""state"": 0, ""battery_voltage"": 0, ""wifi_rssi"": -48, ""acc_data"": {""ax"": -0.73, ""ay"": -0.57, ""az"": -0.3, ""pitch"": -45.97, ""roll"": -118.01}, ""gyro_data"": {""gx"": -12.77, ""gy"": -2.23, ""gz"": -6.62}, ""gps_data"": {""latitude"": 0, ""longitude"": 0, ""gps_altitude"": 0, ""time"": 11693}, ""alt_data"": {""pressure"": 851.57, ""temperature"": 23.73, ""AGL"": -0.96, ""velocity"": 0, ""kalman_altitude"": -0.6, ""kalman_vertical_velocity"": -3.65}, ""chute_state"": {""pyro1_state"": 0, ""pyro2_state"": 0}, ""connection_status"": {""connected"": true, ""has_ever_connected"": true, ""packet_age_ms"": 1, ""timeout_exceeded"": false, ""rssi"": -48}, ""communication_mode"": ""BEACON"", ""timestamp"": 121230, ""packets_received"": 41, ""kalman_data"": {""altitude"": -0.6, ""vertical_velocity"": -3.65}, ""kalman_altitude"": -0.6, ""kalman_vertical_velocity"": -3.65, ""pyroDrogue"": 0, ""pyroMain"": 0, ""pyro1_state"": 0, ""pyro2_state"": 0}"
1764741493.879309,2025-12-03T08:58:13.879309,276,0,0,-0.71,-0.57,-0.3,-45.97,-117.95,-10.34,-3.32,-7.96,0,0,0,11693,851.52,23.72,-0.48,0,0,0,0,-48,-0.61,-3.69,BEACON,"{""record_number"": 276, ""operation_mode"": 0, ""state"": 0, ""battery_voltage"": 0, ""wifi_rssi"": -48, ""acc_data"": {""ax"": -0.71, ""ay"": -0.57, ""az"": -0.3, ""pitch"": -45.97, ""roll"": -117.95}, ""gyro_data"": {""gx"": -10.34, ""gy"": -3.32, ""gz"": -7.96}, ""gps_data"": {""latitude"": 0, ""longitude"": 0, ""gps_altitude"": 0, ""time"": 11693}, ""alt_data"": {""pressure"": 851.52, ""temperature"": 23.72, ""AGL"": -0.48, ""velocity"": 0, ""kalman_altitude"": -0.61, ""kalman_vertical_velocity"": -3.69}, ""chute_state"": {""pyro1_state"": 0, ""pyro2_state"": 0}, ""connection_status"": {""connected"": true, ""has_ever_connected"": true, ""packet_age_ms"": 1, ""timeout_exceeded"": false, ""rssi"": -48}, ""communication_mode"": ""BEACON"", ""timestamp"": 121342, ""packets_received"": 42, ""kalman_data"": {""altitude"": -0.61, ""vertical_velocity"": -3.69}, ""kalman_altitude"": -0.61, ""kalman_vertical_velocity"": -3.69, ""pyroDrogue"": 0, ""pyroMain"": 0, ""pyro1_state"": 0, ""pyro2_state"": 0}"
1764741493.979107,2025-12-03T08:58:13.979107,280,0,0,-0.72,-0.58,-0.3,-46.95,-117.27,-11.46,0.27,-5.37,0,0,0,11895,851.54,23.72,-0.69,0,0,0,0,-44,-0.63,-3.73,BEACON,"{""record_number"": 280, ""operation_mode"": 0, ""state"": 0, ""battery_voltage"": 0, ""wifi_rssi"": -44, ""acc_data"": {""ax"": -0.72, ""ay"": -0.58, ""az"": -0.3, ""pitch"": -46.95, ""roll"": -117.27}, ""gyro_data"": {""gx"": -11.46, ""gy"": 0.27, ""gz"": -5.37}, ""gps_data"": {""latitude"": 0, ""longitude"": 0, ""gps_altitude"": 0, ""time"": 11895}, ""alt_data"": {""pressure"": 851.54, ""temperature"": 23.72, ""AGL"": -0.69, ""velocity"": 0, ""kalman_altitude"": -0.63, ""kalman_vertical_velocity"": -3.73}, ""chute_state"": {""pyro1_state"": 0, ""pyro2_state"": 0}, ""connection_status"": {""connected"": true, ""has_ever_connected"": true, ""packet_age_ms"": 0, ""timeout_exceeded"": false, ""rssi"": -44}, ""communication_mode"": ""BEACON"", ""timestamp"": 121454, ""packets_received"": 43, ""kalman_data"": {""altitude"": -0.63, ""vertical_velocity"": -3.73}, ""kalman_altitude"": -0.63, ""kalman_vertical_velocity"": -3.73, ""pyroDrogue"": 0, ""pyroMain"": 0, ""pyro1_state"": 0, ""pyro2_state"": 0}"
1764741494.016461,2025-12-03T08:58:14.016461,284,0,0,-0.71,-0.57,-0.31,-44.74,-117.7,-10.91,-5.09,-2.59,0,0,0,12095,851.5,23.71,-0.31,0,0,0,0,-49,-0.65,-3.79,BEACON,"{""record_number"": 284, ""operation_mode"": 0, ""state"": 0, ""battery_voltage"": 0, ""wifi_rssi"": -49, ""acc_data"": {""ax"": -0.71, ""ay"": -0.57, ""az"": -0.31, ""pitch"": -44.74, ""roll"": -117.7}, ""gyro_data"": {""gx"": -10.91, ""gy"": -5.09, ""gz"": -2.59}, ""gps_data"": {""latitude"": 0, ""longitude"": 0, ""gps_altitude"": 0, ""time"": 12095}, ""alt_data"": {""pressure"": 851.5, ""temperature"": 23.71, ""AGL"": -0.31, ""velocity"": 0, ""kalman_altitude"": -0.65, ""kalman_vertical_velocity"": -3.79}, ""chute_state"": {""pyro1_state"": 0, ""pyro2_state"": 0}, ""connection_status"": {""connected"": true, ""has_ever_connected"": true, ""packet_age_ms"": 0, ""timeout_exceeded"": false, ""rssi"": -49}, ""communication_mode"": ""BEACON"", ""timestamp"": 121567, ""packets_received"": 44, ""kalman_data"": {""altitude"": -0.65, ""vertical_velocity"": -3.79}, ""kalman_altitude"": -0.65, ""kalman_vertical_velocity"": -3.79, ""pyroDrogue"": 0, ""pyroMain"": 0, ""pyro1_state"": 0, ""pyro2_state"": 0}"
1764741494.131415,2025-12-03T08:58:14.131415,289,0,0,-0.71,-0.57,-0.31,-45.45,-118.32,-9.51,-6.34,-1.52,0,0,0,12095,851.52,23.72,-0.48,0,0,0,0,-48,-0.66,-3.82,BEACON,"{""record_number"": 289, ""operation_mode"": 0, ""state"": 0, ""battery_voltage"": 0, ""wifi_rssi"": -48, ""acc_data"": {""ax"": -0.71, ""ay"": -0.57, ""az"": -0.31, ""pitch"": -45.45, ""roll"": -118.32}, ""gyro_data"": {""gx"": -9.51, ""gy"": -6.34, ""gz"": -1.52}, ""gps_data"": {""latitude"": 0, ""longitude"": 0, ""gps_altitude"": 0, ""time"": 12095}, ""alt_data"": {""pressure"": 851.52, ""temperature"": 23.72, ""AGL"": -0.48, ""velocity"": 0, ""kalman_altitude"": -0.66, ""kalman_vertical_velocity"": -3.82}, ""chute_state"": {""pyro1_state"": 0, ""pyro2_state"": 0}, ""connection_status"": {""connected"": true, ""has_ever_connected"": true, ""packet_age_ms"": 0, ""timeout_exceeded"": false, ""rssi"": -48}, ""communication_mode"": ""BEACON"", ""timestamp"": 121680, ""packets_received"": 45, ""kalman_data"": {""altitude"": -0.66, ""vertical_velocity"": -3.82}, ""kalman_altitude"": -0.66, ""kalman_vertical_velocity"": -3.82, ""pyroDrogue"": 0, ""pyroMain"": 0, ""pyro1_state"": 0, ""pyro2_state"": 0}"
1764741494.249337,2025-12-03T08:58:14.249337,293,0,0,-0.72,-0.59,-0.3,-46.42,-116.99,-7.53,-4.76,-3.57,0,0,0,12294,851.51,23.72,-0.37,0,0,0,0,-49,-0.67,-3.85,BEACON,"{""record_number"": 293, ""operation_mode"": 0, ""state"": 0, ""battery_voltage"": 0, ""wifi_rssi"": -49, ""acc_data"": {""ax"": -0.72, ""ay"": -0.59, ""az"": -0.3, ""pitch"": -46.42, ""roll"": -116.99}, ""gyro_data"": {""gx"": -7.53, ""gy"": -4.76, ""gz"": -3.57}, ""gps_data"": {""latitude"": 0, ""longitude"": 0, ""gps_altitude"": 0, ""time"": 12294}, ""alt_data"": {""pressure"": 851.51, ""temperature"": 23.72, ""AGL"": -0.37, ""velocity"": 0, ""kalman_altitude"": -0.67, ""kalman_vertical_velocity"": -3.85}, ""chute_state"": {""pyro1_state"": 0, ""pyro2_state"": 0}, ""connection_status"": {""connected"": true, ""has_ever_connected"": true, ""packet_age_ms"": 1, ""timeout_exceeded"": false, ""rssi"": -49}, ""communication_mode"": ""BEACON"", ""timestamp"": 121794, ""packets_received"": 46, ""kalman_data"": {""altitude"": -0.67, ""vertical_velocity"": -3.85}, ""kalman_altitude"": -0.67, ""kalman_vertical_velocity"": -3.85, ""pyroDrogue"": 0, ""pyroMain"": 0, ""pyro1_state"": 0, ""pyro2_state"": 0}"
1764741494.346509,2025-12-03T08:58:14.346509,297,0,0,-0.72,-0.56,-0.3,-45.73,-118.48,-9.54,-6.68,-8.38,0,0,0,12294,851.57,23.72,-1.04,0,0,0,0,-48,-0.7,-3.92,BEACON,"{""record_number"": 297, ""operation_mode"": 0, ""state"": 0, ""battery_voltage"": 0, ""wifi_rssi"": -48, ""acc_data"": {""ax"": -0.72, ""ay"": -0.56, ""az"": -0.3, ""pitch"": -45.73, ""roll"": -118.48}, ""gyro_data"": {""gx"": -9.54, ""gy"": -6.68, ""gz"": -8.38}, ""gps_data"": {""latitude"": 0, ""longitude"": 0, ""gps_altitude"": 0, ""time"": 12294}, ""alt_data"": {""pressure"": 851.57, ""temperature"": 23.72, ""AGL"": -1.04, ""velocity"": 0, ""kalman_altitude"": -0.7, ""kalman_vertical_velocity"": -3.92}, ""chute_state"": {""pyro1_state"": 0, ""pyro2_state"": 0}, ""connection_status"": {""connected"": true, ""has_ever_connected"": true, ""packet_age_ms"": 1, ""timeout_exceeded"": false, ""rssi"": -48}, ""communication_mode"": ""BEACON"", ""timestamp"": 121907, ""packets_received"": 47, ""kalman_data"": {""altitude"": -0.7, ""vertical_velocity"": -3.92}, ""kalman_altitude"": -0.7, ""kalman_vertical_velocity"": -3.92, ""pyroDrogue"": 0, ""pyroMain"": 0, ""pyro1_state"": 0, ""pyro2_state"": 0}"
1764741494.456056,2025-12-03T08:58:14.456056,301,0,0,-0.72,-0.58,-0.31,-45.97,-117.98,-11.92,-8.35,-6.55,0,0,0,12495,851.54,23.71,-0.66,0,0,0,0,-49,-0.71,-3.96,BEACON,"{""record_number"": 301, ""operation_mode"": 0, ""state"": 0, ""battery_voltage"": 0, ""wifi_rssi"": -49, ""acc_data"": {""ax"": -0.72, ""ay"": -0.58, ""az"": -0.31, ""pitch"": -45.97, ""roll"": -117.98}, ""gyro_data"": {""gx"": -11.92, ""gy"": -8.35, ""gz"": -6.55}, ""gps_data"": {""latitude"": 0, ""longitude"": 0, ""gps_altitude"": 0, ""time"": 12495}, ""alt_data"": {""pressure"": 851.54, ""temperature"": 23.71, ""AGL"": -0.66, ""velocity"": 0, ""kalman_altitude"": -0.71, ""kalman_vertical_velocity"": -3.96}, ""chute_state"": {""pyro1_state"": 0, ""pyro2_state"": 0}, ""connection_status"": {""connected"": true, ""has_ever_connected"": true, ""packet_age_ms"": 0, ""timeout_exceeded"": false, ""rssi"": -49}, ""communication_mode"": ""BEACON"", ""timestamp"": 122020, ""packets_received"": 48, ""kalman_data"": {""altitude"": -0.71, ""vertical_velocity"": -3.96}, ""kalman_altitude"": -0.71, ""kalman_vertical_velocity"": -3.96, ""pyroDrogue"": 0, ""pyroMain"": 0, ""pyro1_state"": 0, ""pyro2_state"": 0}"
1764741494.592137,2025-12-03T08:58:14.592137,306,0,0,-0.73,-0.58,-0.3,-46.86,-117.23,-14.02,-3.02,-3.6,0,0,0,12495,851.59,23.72,-1.22,0,0,0,0,-49,-0.73,-4.01,BEACON,"{""record_number"": 306, ""operation_mode"": 0, ""state"": 0, ""battery_voltage"": 0, ""wifi_rssi"": -49, ""acc_data"": {""ax"": -0.73, ""ay"": -0.58, ""az"": -0.3, ""pitch"": -46.86, ""roll"": -117.23}, ""gyro_data"": {""gx"": -14.02, ""gy"": -3.02, ""gz"": -3.6}, ""gps_data"": {""latitude"": 0, ""longitude"": 0, ""gps_altitude"": 0, ""time"": 12495}, ""alt_data"": {""pressure"": 851.59, ""temperature"": 23.72, ""AGL"": -1.22, ""velocity"": 0, ""kalman_altitude"": -0.73, ""kalman_vertical_velocity"": -4.01}, ""chute_state"": {""pyro1_state"": 0, ""pyro2_state"": 0}, ""connection_status"": {""connected"": true, ""has_ever_connected"": true, ""packet_age_ms"": 0, ""timeout_exceeded"": false, ""rssi"": -49}, ""communication_mode"": ""BEACON"", ""timestamp"": 122132, ""packets_received"": 49, ""kalman_data"": {""altitude"": -0.73, ""vertical_velocity"": -4.01}, ""kalman_altitude"": -0.73, ""kalman_vertical_velocity"": -4.01, ""pyroDrogue"": 0, ""pyroMain"": 0, ""pyro1_state"": 0, ""pyro2_state"": 0}"
1764741494.693742,2025-12-03T08:58:14.693742,310,0,0,-0.71,-0.56,-0.3,-45.33,-118.22,-12.53,-9.18,-2.29,0,0,0,12698,851.54,23.72,-0.75,0,0,0,0,-49,-0.76,-4.09,BEACON,"{""record_number"": 310, ""operation_mode"": 0, ""state"": 0, ""battery_voltage"": 0, ""wifi_rssi"": -49, ""acc_data"": {""ax"": -0.71, ""ay"": -0.56, ""az"": -0.3, ""pitch"": -45.33, ""roll"": -118.22}, ""gyro_data"": {""gx"": -12.53, ""gy"": -9.18, ""gz"": -2.29}, ""gps_data"": {""latitude"": 0, ""longitude"": 0, ""gps_altitude"": 0, ""time"": 12698}, ""alt_data"": {""pressure"": 851.54, ""temperature"": 23.72, ""AGL"": -0.75, ""velocity"": 0, ""kalman_altitude"": -0.76, ""kalman_vertical_velocity"": -4.09}, ""chute_state"": {""pyro1_state"": 0, ""pyro2_state"": 0}, ""connection_status"": {""connected"": true, ""has_ever_connected"": true, ""packet_age_ms"": 0, ""timeout_exceeded"": false, ""rssi"": -49}, ""communication_mode"": ""BEACON"", ""timestamp"": 122245, ""packets_received"": 50, ""kalman_data"": {""altitude"": -0.76, ""vertical_velocity"": -4.09}, ""kalman_altitude"": -0.76, ""kalman_vertical_velocity"": -4.09, ""pyroDrogue"": 0, ""pyroMain"": 0, ""pyro1_state"": 0, ""pyro2_state"": 0}"
1764741494.799961,2025-12-03T08:58:14.799961,314,0,0,-0.71,-0.59,-0.3,-45.21,-117.03,-16.07,-17.62,-2.71,0,0,0,12698,851.5,23.71,-0.34,0,0,0,0,-48,-0.77,-4.11,BEACON,"{""record_number"": 314, ""operation_mode"": 0, ""state"": 0, ""battery_voltage"": 0, ""wifi_rssi"": -48, ""acc_data"": {""ax"": -0.71, ""ay"": -0.59, ""az"": -0.3, ""pitch"": -45.21, ""roll"": -117.03}, ""gyro_data"": {""gx"": -16.07, ""gy"": -17.62, ""gz"": -2.71}, ""gps_data"": {""latitude"": 0, ""longitude"": 0, ""gps_altitude"": 0, ""time"": 12698}, ""alt_data"": {""pressure"": 851.5, ""temperature"": 23.71, ""AGL"": -0.34, ""velocity"": 0, ""kalman_altitude"": -0.77, ""kalman_vertical_velocity"": -4.11}, ""chute_state"": {""pyro1_state"": 0, ""pyro2_state"": 0}, ""connection_status"": {""connected"": true, ""has_ever_connected"": true, ""packet_age_ms"": 0, ""timeout_exceeded"": false, ""rssi"": -48}, ""communication_mode"": ""BEACON"", ""timestamp"": 122359, ""packets_received"": 51, ""kalman_data"": {""altitude"": -0.77, ""vertical_velocity"": -4.11}, ""kalman_altitude"": -0.77, ""kalman_vertical_velocity"": -4.11, ""pyroDrogue"": 0, ""pyroMain"": 0, ""pyro1_state"": 0, ""pyro2_state"": 0}"
1764741494.916378,2025-12-03T08:58:14.916378,319,0,0,-0.72,-0.57,-0.31,-46.25,-117.8,-18.14,-13.2,-9.18,0,0,0,12901,851.48,23.7,-0.14,0,0,0,0,-51,-0.78,-4.13,BEACON,"{""record_number"": 319, ""operation_mode"": 0, ""state"": 0, ""battery_voltage"": 0, ""wifi_rssi"": -51, ""acc_data"": {""ax"": -0.72, ""ay"": -0.57, ""az"": -0.31, ""pitch"": -46.25, ""roll"": -117.8}, ""gyro_data"": {""gx"": -18.14, ""gy"": -13.2, ""gz"": -9.18}, ""gps_data"": {""latitude"": 0, ""longitude"": 0, ""gps_altitude"": 0, ""time"": 12901}, ""alt_data"": {""pressure"": 851.48, ""temperature"": 23.7, ""AGL"": -0.14, ""velocity"": 0, ""kalman_altitude"": -0.78, ""kalman_vertical_velocity"": -4.13}, ""chute_state"": {""pyro1_state"": 0, ""pyro2_state"": 0}, ""connection_status"": {""connected"": true, ""has_ever_connected"": true, ""packet_age_ms"": 0, ""timeout_exceeded"": false, ""rssi"": -51}, ""communication_mode"": ""BEACON"", ""timestamp"": 122470, ""packets_received"": 52, ""kalman_data"": {""altitude"": -0.78, ""vertical_velocity"": -4.13}, ""kalman_altitude"": -0.78, ""kalman_vertical_velocity"": -4.13, ""pyroDrogue"": 0, ""pyroMain"": 0, ""pyro1_state"": 0, ""pyro2_state"": 0}"
1764741495.079384,2025-12-03T08:58:15.079384,323,0,0,-0.74,-0.57,-0.31,-47.69,-118.41,-19.91,-8.69,-1.19,0,0,0,13101,851.54,23.71,-0.7,0,0,0,0,-48,-0.8,-4.19,BEACON,"{""record_number"": 323, ""operation_mode"": 0, ""state"": 0, ""battery_voltage"": 0, ""wifi_rssi"": -48, ""acc_data"": {""ax"": -0.74, ""ay"": -0.57, ""az"": -0.31, ""pitch"": -47.69, ""roll"": -118.41}, ""gyro_data"": {""gx"": -19.91, ""gy"": -8.69, ""gz"": -1.19}, ""gps_data"": {""latitude"": 0, ""longitude"": 0, ""gps_altitude"": 0, ""time"": 13101}, ""alt_data"": {""pressure"": 851.54, ""temperature"": 23.71, ""AGL"": -0.7, ""velocity"": 0, ""kalman_altitude"": -0.8, ""kalman_vertical_velocity"": -4.19}, ""chute_state"": {""pyro1_state"": 0, ""pyro2_state"": 0}, ""connection_status"": {""connected"": true, ""has_ever_connected"": true, ""packet_age_ms"": 0, ""timeout_exceeded"": false, ""rssi"": -48}, ""communication_mode"": ""BEACON"", ""timestamp"": 122584, ""packets_received"": 53, ""kalman_data"": {""altitude"": -0.8, ""vertical_velocity"": -4.19}, ""kalman_altitude"": -0.8, ""kalman_vertical_velocity"": -4.19, ""pyroDrogue"": 0, ""pyroMain"": 0, ""pyro1_state"": 0, ""pyro2_state"": 0}"
1764741495.221579,2025-12-03T08:58:15.221579,327,0,0,-0.73,-0.57,-0.31,-46.54,-117.07,-21.8,-15.79,6.71,0,0,0,13101,851.56,23.71,-0.91,0,0,0,0,-48,-0.82,-4.23,BEACON,"{""record_number"": 327, ""operation_mode"": 0, ""state"": 0, ""battery_voltage"": 0, ""wifi_rssi"": -48, ""acc_data"": {""ax"": -0.73, ""ay"": -0.57, ""az"": -0.31, ""pitch"": -46.54, ""roll"": -117.07}, ""gyro_data"": {""gx"": -21.8, ""gy"": -15.79, ""gz"": 6.71}, ""gps_data"": {""latitude"": 0, ""longitude"": 0, ""gps_altitude"": 0, ""time"": 13101}, ""alt_data"": {""pressure"": 851.56, ""temperature"": 23.71, ""AGL"": -0.91, ""velocity"": 0, ""kalman_altitude"": -0.82, ""kalman_vertical_velocity"": -4.23}, ""chute_state"": {""pyro1_state"": 0, ""pyro2_state"": 0}, ""connection_status"": {""connected"": true, ""has_ever_connected"": true, ""packet_age_ms"": 0, ""timeout_exceeded"": false, ""rssi"": -48}, ""communication_mode"": ""BEACON"", ""timestamp"": 122696, ""packets_received"": 54, ""kalman_data"": {""altitude"": -0.82, ""vertical_velocity"": -4.23}, ""kalman_altitude"": -0.82, ""kalman_vertical_velocity"": -4.23, ""pyroDrogue"": 0, ""pyroMain"": 0, ""pyro1_state"": 0, ""pyro2_state"": 0}"
1764741495.280118,2025-12-03T08:58:15.280118,332,0,0,-0.73,-0.56,-0.28,-47.15,-117.05,-21.46,-16.62,8.2,0,0,0,13301,851.53,23.7,-0.6,0,0,0,0,-51,-0.83,-4.26,BEACON,"{""record_number"": 332, ""operation_mode"": 0, ""state"": 0, ""battery_voltage"": 0, ""wifi_rssi"": -51, ""acc_data"": {""ax"": -0.73, ""ay"": -0.56, ""az"": -0.28, ""pitch"": -47.15, ""roll"": -117.05}, ""gyro_data"": {""gx"": -21.46, ""gy"": -16.62, ""gz"": 8.2}, ""gps_data"": {""latitude"": 0, ""longitude"": 0, ""gps_altitude"": 0, ""time"": 13301}, ""alt_data"": {""pressure"": 851.53, ""temperature"": 23.7, ""AGL"": -0.6, ""velocity"": 0, ""kalman_altitude"": -0.83, ""kalman_vertical_velocity"": -4.26}, ""chute_state"": {""pyro1_state"": 0, ""pyro2_state"": 0}, ""connection_status"": {""connected"": true, ""has_ever_connected"": true, ""packet_age_ms"": 0, ""timeout_exceeded"": false, ""rssi"": -51}, ""communication_mode"": ""BEACON"", ""timestamp"": 122808, ""packets_received"": 55, ""kalman_data"": {""altitude"": -0.83, ""vertical_velocity"": -4.26}, ""kalman_altitude"": -0.83, ""kalman_vertical_velocity"": -4.26, ""pyroDrogue"": 0, ""pyroMain"": 0, ""pyro1_state"": 0, ""pyro2_state"": 0}"
1764741495.383308,2025-12-03T08:58:15.383308,336,0,0,-0.73,-0.56,-0.29,-47.15,-117.72,-19.21,-20.98,8.08,0,0,0,13301,851.51,23.7,-0.36,0,0,0,0,-50,-0.86,-4.32,BEACON,"{""record_number"": 336, ""operation_mode"": 0, ""state"": 0, ""battery_voltage"": 0, ""wifi_rssi"": -50, ""acc_data"": {""ax"": -0.73, ""ay"": -0.56, ""az"": -0.29, ""pitch"": -47.15, ""roll"": -117.72}, ""gyro_data"": {""gx"": -19.21, ""gy"": -20.98, ""gz"": 8.08}, ""gps_data"": {""latitude"": 0, ""longitude"": 0, ""gps_altitude"": 0, ""time"": 13301}, ""alt_data"": {""pressure"": 851.51, ""temperature"": 23.7, ""AGL"": -0.36, ""velocity"": 0, ""kalman_altitude"": -0.86, ""kalman_vertical_velocity"": -4.32}, ""chute_state"": {""pyro1_state"": 0, ""pyro2_state"": 0}, ""connection_status"": {""connected"": true, ""has_ever_connected"": true, ""packet_age_ms"": 0, ""timeout_exceeded"": false, ""rssi"": -50}, ""communication_mode"": ""BEACON"", ""timestamp"": 122921, ""packets_received"": 56, ""kalman_data"": {""altitude"": -0.86, ""vertical_velocity"": -4.32}, ""kalman_altitude"": -0.86, ""kalman_vertical_velocity"": -4.32, ""pyroDrogue"": 0, ""pyroMain"": 0, ""pyro1_state"": 0, ""pyro2_state"": 0}"
1764741495.479662,2025-12-03T08:58:15.479662,340,0,0,-0.73,-0.54,-0.29,-47.73,-118.34,-14.91,-6.07,-1.92,0,0,0,13500,851.51,23.69,-0.4,0,0,0,0,-51,-0.87,-4.34,BEACON,"{""record_number"": 340, ""operation_mode"": 0, ""state"": 0, ""battery_voltage"": 0, ""wifi_rssi"": -51, ""acc_data"": {""ax"": -0.73, ""ay"": -0.54, ""az"": -0.29, ""pitch"": -47.73, ""roll"": -118.34}, ""gyro_data"": {""gx"": -14.91, ""gy"": -6.07, ""gz"": -1.92}, ""gps_data"": {""latitude"": 0, ""longitude"": 0, ""gps_altitude"": 0, ""time"": 13500}, ""alt_data"": {""pressure"": 851.51, ""temperature"": 23.69, ""AGL"": -0.4, ""velocity"": 0, ""kalman_altitude"": -0.87, ""kalman_vertical_velocity"": -4.34}, ""chute_state"": {""pyro1_state"": 0, ""pyro2_state"": 0}, ""connection_status"": {""connected"": true, ""has_ever_connected"": true, ""packet_age_ms"": 0, ""timeout_exceeded"": false, ""rssi"": -51}, ""communication_mode"": ""BEACON"", ""timestamp"": 123036, ""packets_received"": 57, ""kalman_data"": {""altitude"": -0.87, ""vertical_velocity"": -4.34}, ""kalman_altitude"": -0.87, ""kalman_vertical_velocity"": -4.34, ""pyroDrogue"": 0, ""pyroMain"": 0, ""pyro1_state"": 0, ""pyro2_state"": 0}"
1764741495.582597,2025-12-03T08:58:15.582597,344,0,0,-0.73,-0.54,-0.29,-47.44,-118.02,-16.31,-9.88,-3.08,0,0,0,13500,851.52,23.69,-0.52,0,0,0,0,-49,-0.88,-4.36,BEACON,"{""record_number"": 344, ""operation_mode"": 0, ""state"": 0, ""battery_voltage"": 0, ""wifi_rssi"": -49, ""acc_data"": {""ax"": -0.73, ""ay"": -0.54, ""az"": -0.29, ""pitch"": -47.44, ""roll"": -118.02}, ""gyro_data"": {""gx"": -16.31, ""gy"": -9.88, ""gz"": -3.08}, ""gps_data"": {""latitude"": 0, ""longitude"": 0, ""gps_altitude"": 0, ""time"": 13500}, ""alt_data"": {""pressure"": 851.52, ""temperature"": 23.69, ""AGL"": -0.52, ""velocity"": 0, ""kalman_altitude"": -0.88, ""kalman_vertical_velocity"": -4.36}, ""chute_state"": {""pyro1_state"": 0, ""pyro2_state"": 0}, ""connection_status"": {""connected"": true, ""has_ever_connected"": true, ""packet_age_ms"": 0, ""timeout_exceeded"": false, ""rssi"": -49}, ""communication_mode"": ""BEACON"", ""timestamp"": 123147, ""packets_received"": 58, ""kalman_data"": {""altitude"": -0.88, ""vertical_velocity"": -4.36}, ""kalman_altitude"": -0.88, ""kalman_vertical_velocity"": -4.36, ""pyroDrogue"": 0, ""pyroMain"": 0, ""pyro1_state"": 0, ""pyro2_state"": 0}"
1764741495.693755,2025-12-03T08:58:15.693755,349,0,0,-0.75,-0.55,-0.29,-47.94,-118.32,-13.75,-7.2,-6.07,0,0,0,13705,851.5,23.69,-0.31,0,0,0,0,-49,-0.9,-4.4,BEACON,"{""record_number"": 349, ""operation_mode"": 0, ""state"": 0, ""battery_voltage"": 0, ""wifi_rssi"": -49, ""acc_data"": {""ax"": -0.75, ""ay"": -0.55, ""az"": -0.29, ""pitch"": -47.94, ""roll"": -118.32}, ""gyro_data"": {""gx"": -13.75, ""gy"": -7.2, ""gz"": -6.07}, ""gps_data"": {""latitude"": 0, ""longitude"": 0, ""gps_altitude"": 0, ""time"": 13705}, ""alt_data"": {""pressure"": 851.5, ""temperature"": 23.69, ""AGL"": -0.31, ""velocity"": 0, ""kalman_altitude"": -0.9, ""kalman_vertical_velocity"": -4.4}, ""chute_state"": {""pyro1_state"": 0, ""pyro2_state"": 0}, ""connection_status"": {""connected"": true, ""has_ever_connected"": true, ""packet_age_ms"": 0, ""timeout_exceeded"": false, ""rssi"": -49}, ""communication_mode"": ""BEACON"", ""timestamp"": 123259, ""packets_received"": 59, ""kalman_data"": {""altitude"": -0.9, ""vertical_velocity"": -4.4}, ""kalman_altitude"": -0.9, ""kalman_vertical_velocity"": -4.4, ""pyroDrogue"": 0, ""pyroMain"": 0, ""pyro1_state"": 0, ""pyro2_state"": 0}"
1764741495.805547,2025-12-03T08:58:15.805547,353,0,0,-0.74,-0.55,-0.3,-47.98,-119,-9.76,-3.81,-2.5,0,0,0,13906,851.57,23.7,-0.96,0,0,0,0,-51,-0.91,-4.44,BEACON,"{""record_number"": 353, ""operation_mode"": 0, ""state"": 0, ""battery_voltage"": 0, ""wifi_rssi"": -51, ""acc_data"": {""ax"": -0.74, ""ay"": -0.55, ""az"": -0.3, ""pitch"": -47.98, ""roll"": -119}, ""gyro_data"": {""gx"": -9.76, ""gy"": -3.81, ""gz"": -2.5}, ""gps_data"": {""latitude"": 0, ""longitude"": 0, ""gps_altitude"": 0, ""time"": 13906}, ""alt_data"": {""pressure"": 851.57, ""temperature"": 23.7, ""AGL"": -0.96, ""velocity"": 0, ""kalman_altitude"": -0.91, ""kalman_vertical_velocity"": -4.44}, ""chute_state"": {""pyro1_state"": 0, ""pyro2_state"": 0}, ""connection_status"": {""connected"": true, ""has_ever_connected"": true, ""packet_age_ms"": 0, ""timeout_exceeded"": false, ""rssi"": -51}, ""communication_mode"": ""BEACON"", ""timestamp"": 123373, ""packets_received"": 60, ""kalman_data"": {""altitude"": -0.91, ""vertical_velocity"": -4.44}, ""kalman_altitude"": -0.91, ""kalman_vertical_velocity"": -4.44, ""pyroDrogue"": 0, ""pyroMain"": 0, ""pyro1_state"": 0, ""pyro2_state"": 0}"
1764741495.936948,2025-12-03T08:58:15.936948,357,0,0,-0.75,-0.54,-0.29,-48.19,-118.7,-10.67,-5.85,1.28,0,0,0,13906,851.51,23.69,-0.45,0,0,0,0,-51,-0.92,-4.46,BEACON,"{""record_number"": 357, ""operation_mode"": 0, ""state"": 0, ""battery_voltage"": 0, ""wifi_rssi"": -51, ""acc_data"": {""ax"": -0.75, ""ay"": -0.54, ""az"": -0.29, ""pitch"": -48.19, ""roll"": -118.7}, ""gyro_data"": {""gx"": -10.67, ""gy"": -5.85, ""gz"": 1.28}, ""gps_data"": {""latitude"": 0, ""longitude"": 0, ""gps_altitude"": 0, ""time"": 13906}, ""alt_data"": {""pressure"": 851.51, ""temperature"": 23.69, ""AGL"": -0.45, ""velocity"": 0, ""kalman_altitude"": -0.92, ""kalman_vertical_velocity"": -4.46}, ""chute_state"": {""pyro1_state"": 0, ""pyro2_state"": 0}, ""connection_status"": {""connected"": true, ""has_ever_connected"": true, ""packet_age_ms"": 0, ""timeout_exceeded"": false, ""rssi"": -51}, ""communication_mode"": ""BEACON"", ""timestamp"": 123485, ""packets_received"": 61, ""kalman_data"": {""altitude"": -0.92, ""vertical_velocity"": -4.46}, ""kalman_altitude"": -0.92, ""kalman_vertical_velocity"": -4.46, ""pyroDrogue"": 0, ""pyroMain"": 0, ""pyro1_state"": 0, ""pyro2_state"": 0}"
1764741496.036303,2025-12-03T08:58:16.036303,362,0,0,-0.74,-0.54,-0.29,-47.44,-119.05,-6.95,-3.66,-1.8,0,0,0,14107,851.51,23.7,-0.36,0,0,0,0,-51,-0.93,-4.47,BEACON,"{""record_number"": 362, ""operation_mode"": 0, ""state"": 0, ""battery_voltage"": 0, ""wifi_rssi"": -51, ""acc_data"": {""ax"": -0.74, ""ay"": -0.54, ""az"": -0.29, ""pitch"": -47.44, ""roll"": -119.05}, ""gyro_data"": {""gx"": -6.95, ""gy"": -3.66, ""gz"": -1.8}, ""gps_data"": {""latitude"": 0, ""longitude"": 0, ""gps_altitude"": 0, ""time"": 14107}, ""alt_data"": {""pressure"": 851.51, ""temperature"": 23.7, ""AGL"": -0.36, ""velocity"": 0, ""kalman_altitude"": -0.93, ""kalman_vertical_velocity"": -4.47}, ""chute_state"": {""pyro1_state"": 0, ""pyro2_state"": 0}, ""connection_status"": {""connected"": true, ""has_ever_connected"": true, ""packet_age_ms"": 0, ""timeout_exceeded"": false, ""rssi"": -51}, ""communication_mode"": ""BEACON"", ""timestamp"": 123598, ""packets_received"": 62, ""kalman_data"": {""altitude"": -0.93, ""vertical_velocity"": -4.47}, ""kalman_altitude"": -0.93, ""kalman_vertical_velocity"": -4.47, ""pyroDrogue"": 0, ""pyroMain"": 0, ""pyro1_state"": 0, ""pyro2_state"": 0}"
1764741496.180695,2025-12-03T08:58:16.180695,366,0,0,-0.73,-0.54,-0.29,-46.5,-118.46,-8.6,-5.64,-3.41,0,0,0,14107,851.45,23.7,0.14,0,0,0,0,-51,-0.95,-4.48,BEACON,"{""record_number"": 366, ""operation_mode"": 0, ""state"": 0, ""battery_voltage"": 0, ""wifi_rssi"": -51, ""acc_data"": {""ax"": -0.73, ""ay"": -0.54, ""az"": -0.29, ""pitch"": -46.5, ""roll"": -118.46}, ""gyro_data"": {""gx"": -8.6, ""gy"": -5.64, ""gz"": -3.41}, ""gps_data"": {""latitude"": 0, ""longitude"": 0, ""gps_altitude"": 0, ""time"": 14107}, ""alt_data"": {""pressure"": 851.45, ""temperature"": 23.7, ""AGL"": 0.14, ""velocity"": 0, ""kalman_altitude"": -0.95, ""kalman_vertical_velocity"": -4.48}, ""chute_state"": {""pyro1_state"": 0, ""pyro2_state"": 0}, ""connection_status"": {""connected"": true, ""has_ever_connected"": true, ""packet_age_ms"": 0, ""timeout_exceeded"": false, ""rssi"": -51}, ""communication_mode"": ""BEACON"", ""timestamp"": 123715, ""packets_received"": 63, ""kalman_data"": {""altitude"": -0.95, ""vertical_velocity"": -4.48}, ""kalman_altitude"": -0.95, ""kalman_vertical_velocity"": -4.48, ""pyroDrogue"": 0, ""pyroMain"": 0, ""pyro1_state"": 0, ""pyro2_state"": 0}"
1764741496.46175,2025-12-03T08:58:16.461750,370,0,0,-0.75,-0.54,-0.3,-47.94,-119.19,-13.23,-4.3,-4.12,0,0,0,14306,851.48,23.7,-0.07,0,0,0,0,-50,-0.95,-4.48,BEACON,"{""record_number"": 370, ""operation_mode"": 0, ""state"": 0, ""battery_voltage"": 0, ""wifi_rssi"": -50, ""acc_data"": {""ax"": -0.75, ""ay"": -0.54, ""az"": -0.3, ""pitch"": -47.94, ""roll"": -119.19}, ""gyro_data"": {""gx"": -13.23, ""gy"": -4.3, ""gz"": -4.12}, ""gps_data"": {""latitude"": 0, ""longitude"": 0, ""gps_altitude"": 0, ""time"": 14306}, ""alt_data"": {""pressure"": 851.48, ""temperature"": 23.7, ""AGL"": -0.07, ""velocity"": 0, ""kalman_altitude"": -0.95, ""kalman_vertical_velocity"": -4.48}, ""chute_state"": {""pyro1_state"": 0, ""pyro2_state"": 0}, ""connection_status"": {""connected"": true, ""has_ever_connected"": true, ""packet_age_ms"": 0, ""timeout_exceeded"": false, ""rssi"": -50}, ""communication_mode"": ""BEACON"", ""timestamp"": 123824, ""packets_received"": 64, ""kalman_data"": {""altitude"": -0.95, ""vertical_velocity"": -4.48}, ""kalman_altitude"": -0.95, ""kalman_vertical_velocity"": -4.48, ""pyroDrogue"": 0, ""pyroMain"": 0, ""pyro1_state"": 0, ""pyro2_state"": 0}"
1764741496.542924,2025-12-03T08:58:16.542924,375,0,0,-0.74,-0.54,-0.31,-48.11,-117.76,-16.65,-12.32,-3.45,0,0,0,14306,851.52,23.7,-0.5,0,0,0,0,-52,-0.96,-4.5,BEACON,"{""record_number"": 375, ""operation_mode"": 0, ""state"": 0, ""battery_voltage"": 0, ""wifi_rssi"": -52, ""acc_data"": {""ax"": -0.74, ""ay"": -0.54, ""az"": -0.31, ""pitch"": -48.11, ""roll"": -117.76}, ""gyro_data"": {""gx"": -16.65, ""gy"": -12.32, ""gz"": -3.45}, ""gps_data"": {""latitude"": 0, ""longitude"": 0, ""gps_altitude"": 0, ""time"": 14306}, ""alt_data"": {""pressure"": 851.52, ""temperature"": 23.7, ""AGL"": -0.5, ""velocity"": 0, ""kalman_altitude"": -0.96, ""kalman_vertical_velocity"": -4.5}, ""chute_state"": {""pyro1_state"": 0, ""pyro2_state"": 0}, ""connection_status"": {""connected"": true, ""has_ever_connected"": true, ""packet_age_ms"": 0, ""timeout_exceeded"": false, ""rssi"": -52}, ""communication_mode"": ""BEACON"", ""timestamp"": 123936, ""packets_received"": 65, ""kalman_data"": {""altitude"": -0.96, ""vertical_velocity"": -4.5}, ""kalman_altitude"": -0.96, ""kalman_vertical_velocity"": -4.5, ""pyroDrogue"": 0, ""pyroMain"": 0, ""pyro1_state"": 0, ""pyro2_state"": 0}"
1764741496.586273,2025-12-03T08:58:16.586273,379,0,0,-0.74,-0.55,-0.29,-47.73,-119.37,-13.32,-9.7,-5.79,0,0,0,14507,851.46,23.69,0.08,0,0,0,0,-52,-0.98,-4.53,BEACON,"{""record_number"": 379, ""operation_mode"": 0, ""state"": 0, ""battery_voltage"": 0, ""wifi_rssi"": -52, ""acc_data"": {""ax"": -0.74, ""ay"": -0.55, ""az"": -0.29, ""pitch"": -47.73, ""roll"": -119.37}, ""gyro_data"": {""gx"": -13.32, ""gy"": -9.7, ""gz"": -5.79}, ""gps_data"": {""latitude"": 0, ""longitude"": 0, ""gps_altitude"": 0, ""time"": 14507}, ""alt_data"": {""pressure"": 851.46, ""temperature"": 23.69, ""AGL"": 0.08, ""velocity"": 0, ""kalman_altitude"": -0.98, ""kalman_vertical_velocity"": -4.53}, ""chute_state"": {""pyro1_state"": 0, ""pyro2_state"": 0}, ""connection_status"": {""connected"": true, ""has_ever_connected"": true, ""packet_age_ms"": 1, ""timeout_exceeded"": false, ""rssi"": -52}, ""communication_mode"": ""BEACON"", ""timestamp"": 124050, ""packets_received"": 66, ""kalman_data"": {""altitude"": -0.98, ""vertical_velocity"": -4.53}, ""kalman_altitude"": -0.98, ""kalman_vertical_velocity"": -4.53, ""pyroDrogue"": 0, ""pyroMain"": 0, ""pyro1_state"": 0, ""pyro2_state"": 0}"
1764741496.672673,2025-12-03T08:58:16.672673,383,0,0,-0.75,-0.55,-0.31,-48.02,-119.47,-14.45,-14.57,-1.8,0,0,0,14507,851.54,23.71,-0.7,0,0,0,0,-52,-0.99,-4.55,BEACON,"{""record_number"": 383, ""operation_mode"": 0, ""state"": 0, ""battery_voltage"": 0, ""wifi_rssi"": -52, ""acc_data"": {""ax"": -0.75, ""ay"": -0.55, ""az"": -0.31, ""pitch"": -48.02, ""roll"": -119.47}, ""gyro_data"": {""gx"": -14.45, ""gy"": -14.57, ""gz"": -1.8}, ""gps_data"": {""latitude"": 0, ""longitude"": 0, ""gps_altitude"": 0, ""time"": 14507}, ""alt_data"": {""pressure"": 851.54, ""temperature"": 23.71, ""AGL"": -0.7, ""velocity"": 0, ""kalman_altitude"": -0.99, ""kalman_vertical_velocity"": -4.55}, ""chute_state"": {""pyro1_state"": 0, ""pyro2_state"": 0}, ""connection_status"": {""connected"": true, ""has_ever_connected"": true, ""packet_age_ms"": 0, ""timeout_exceeded"": false, ""rssi"": -52}, ""communication_mode"": ""BEACON"", ""timestamp"": 124162, ""packets_received"": 67, ""kalman_data"": {""altitude"": -0.99, ""vertical_velocity"": -4.55}, ""kalman_altitude"": -0.99, ""kalman_vertical_velocity"": -4.55, ""pyroDrogue"": 0, ""pyroMain"": 0, ""pyro1_state"": 0, ""pyro2_state"": 0}"
1764741496.750188,2025-12-03T08:58:16.750188,388,0,0,-0.75,-0.53,-0.3,-49.46,-119.06,-19.76,-8.93,-2.16,0,0,0,14711,851.55,23.7,-0.82,0,0,0,0,-51,-1,-4.58,BEACON,"{""record_number"": 388, ""operation_mode"": 0, ""state"": 0, ""battery_voltage"": 0, ""wifi_rssi"": -51, ""acc_data"": {""ax"": -0.75, ""ay"": -0.53, ""az"": -0.3, ""pitch"": -49.46, ""roll"": -119.06}, ""gyro_data"": {""gx"": -19.76, ""gy"": -8.93, ""gz"": -2.16}, ""gps_data"": {""latitude"": 0, ""longitude"": 0, ""gps_altitude"": 0, ""time"": 14711}, ""alt_data"": {""pressure"": 851.55, ""temperature"": 23.7, ""AGL"": -0.82, ""velocity"": 0, ""kalman_altitude"": -1, ""kalman_vertical_velocity"": -4.58}, ""chute_state"": {""pyro1_state"": 0, ""pyro2_state"": 0}, ""connection_status"": {""connected"": true, ""has_ever_connected"": true, ""packet_age_ms"": 0, ""timeout_exceeded"": false, ""rssi"": -51}, ""communication_mode"": ""BEACON"", ""timestamp"": 124275, ""packets_received"": 68, ""kalman_data"": {""altitude"": -1, ""vertical_velocity"": -4.58}, ""kalman_altitude"": -1, ""kalman_vertical_velocity"": -4.58, ""pyroDrogue"": 0, ""pyroMain"": 0, ""pyro1_state"": 0, ""pyro2_state"": 0}"
1764741496.855147,2025-12-03T08:58:16.855147,392,0,0,-0.75,-0.54,-0.29,-48.48,-117.81,-25.82,-16.31,-1.31,0,0,0,14912,851.51,23.7,-0.43,0,0,0,0,-51,-1.02,-4.6,BEACON,"{""record_number"": 392, ""operation_mode"": 0, ""state"": 0, ""battery_voltage"": 0, ""wifi_rssi"": -51, ""acc_data"": {""ax"": -0.75, ""ay"": -0.54, ""az"": -0.29, ""pitch"": -48.48, ""roll"": -117.81}, ""gyro_data"": {""gx"": -25.82, ""gy"": -16.31, ""gz"": -1.31}, ""gps_data"": {""latitude"": 0, ""longitude"": 0, ""gps_altitude"": 0, ""time"": 14912}, ""alt_data"": {""pressure"": 851.51, ""temperature"": 23.7, ""AGL"": -0.43, ""velocity"": 0, ""kalman_altitude"": -1.02, ""kalman_vertical_velocity"": -4.6}, ""chute_state"": {""pyro1_state"": 0, ""pyro2_state"": 0}, ""connection_status"": {""connected"": true, ""has_ever_connected"": true, ""packet_age_ms"": 0, ""timeout_exceeded"": false, ""rssi"": -51}, ""communication_mode"": ""BEACON"", ""timestamp"": 124387, ""packets_received"": 69, ""kalman_data"": {""altitude"": -1.02, ""vertical_velocity"": -4.6}, ""kalman_altitude"": -1.02, ""kalman_vertical_velocity"": -4.6, ""pyroDrogue"": 0, ""pyroMain"": 0, ""pyro1_state"": 0, ""pyro2_state"": 0}"
1764741496.964747,2025-12-03T08:58:16.964747,396,0,0,-0.75,-0.53,-0.28,-48.48,-118.56,-24.79,-8.26,-6.89,0,0,0,14912,851.49,23.69,-0.24,0,0,0,0,-51,-1.02,-4.59,BEACON,"{""record_number"": 396, ""operation_mode"": 0, ""state"": 0, ""battery_voltage"": 0, ""wifi_rssi"": -51, ""acc_data"": {""ax"": -0.75, ""ay"": -0.53, ""az"": -0.28, ""pitch"": -48.48, ""roll"": -118.56}, ""gyro_data"": {""gx"": -24.79, ""gy"": -8.26, ""gz"": -6.89}, ""gps_data"": {""latitude"": 0, ""longitude"": 0, ""gps_altitude"": 0, ""time"": 14912}, ""alt_data"": {""pressure"": 851.49, ""temperature"": 23.69, ""AGL"": -0.24, ""velocity"": 0, ""kalman_altitude"": -1.02, ""kalman_vertical_velocity"": -4.59}, ""chute_state"": {""pyro1_state"": 0, ""pyro2_state"": 0}, ""connection_status"": {""connected"": true, ""has_ever_connected"": true, ""packet_age_ms"": 0, ""timeout_exceeded"": false, ""rssi"": -51}, ""communication_mode"": ""BEACON"", ""timestamp"": 124501, ""packets_received"": 70, ""kalman_data"": {""altitude"": -1.02, ""vertical_velocity"": -4.59}, ""kalman_altitude"": -1.02, ""kalman_vertical_velocity"": -4.59, ""pyroDrogue"": 0, ""pyroMain"": 0, ""pyro1_state"": 0, ""pyro2_state"": 0}"
1764741497.071387,2025-12-03T08:58:17.071387,400,0,0,-0.75,-0.54,-0.29,-49.34,-118.16,-20.76,-6.92,-8.17,0,0,0,15112,851.49,23.7,-0.25,0,0,0,0,-51,-1.02,-4.59,BEACON,"{""record_number"": 400, ""operation_mode"": 0, ""state"": 0, ""battery_voltage"": 0, ""wifi_rssi"": -51, ""acc_data"": {""ax"": -0.75, ""ay"": -0.54, ""az"": -0.29, ""pitch"": -49.34, ""roll"": -118.16}, ""gyro_data"": {""gx"": -20.76, ""gy"": -6.92, ""gz"": -8.17}, ""gps_data"": {""latitude"": 0, ""longitude"": 0, ""gps_altitude"": 0, ""time"": 15112}, ""alt_data"": {""pressure"": 851.49, ""temperature"": 23.7, ""AGL"": -0.25, ""velocity"": 0, ""kalman_altitude"": -1.02, ""kalman_vertical_velocity"": -4.59}, ""chute_state"": {""pyro1_state"": 0, ""pyro2_state"": 0}, ""connection_status"": {""connected"": true, ""has_ever_connected"": true, ""packet_age_ms"": 0, ""timeout_exceeded"": false, ""rssi"": -51}, ""communication_mode"": ""BEACON"", ""timestamp"": 124615, ""packets_received"": 71, ""kalman_data"": {""altitude"": -1.02, ""vertical_velocity"": -4.59}, ""kalman_altitude"": -1.02, ""kalman_vertical_velocity"": -4.59, ""pyroDrogue"": 0, ""pyroMain"": 0, ""pyro1_state"": 0, ""pyro2_state"": 0}"
1764741497.197113,2025-12-03T08:58:17.197113,405,0,0,-0.75,-0.53,-0.29,-48.36,-118.65,-14.27,-5.4,-6.89,0,0,0,15112,851.57,23.71,-0.95,0,0,0,0,-51,-1.05,-4.64,BEACON,"{""record_number"": 405, ""operation_mode"": 0, ""state"": 0, ""battery_voltage"": 0, ""wifi_rssi"": -51, ""acc_data"": {""ax"": -0.75, ""ay"": -0.53, ""az"": -0.29, ""pitch"": -48.36, ""roll"": -118.65}, ""gyro_data"": {""gx"": -14.27, ""gy"": -5.4, ""gz"": -6.89}, ""gps_data"": {""latitude"": 0, ""longitude"": 0, ""gps_altitude"": 0, ""time"": 15112}, ""alt_data"": {""pressure"": 851.57, ""temperature"": 23.71, ""AGL"": -0.95, ""velocity"": 0, ""kalman_altitude"": -1.05, ""kalman_vertical_velocity"": -4.64}, ""chute_state"": {""pyro1_state"": 0, ""pyro2_state"": 0}, ""connection_status"": {""connected"": true, ""has_ever_connected"": true, ""packet_age_ms"": 1, ""timeout_exceeded"": false, ""rssi"": -51}, ""communication_mode"": ""BEACON"", ""timestamp"": 124727, ""packets_received"": 72, ""kalman_data"": {""altitude"": -1.05, ""vertical_velocity"": -4.64}, ""kalman_altitude"": -1.05, ""kalman_vertical_velocity"": -4.64, ""pyroDrogue"": 0, ""pyroMain"": 0, ""pyro1_state"": 0, ""pyro2_state"": 0}"
1764741497.333386,2025-12-03T08:58:17.333386,409,0,0,-0.75,-0.54,-0.29,-48.23,-118.27,-8.35,-2.71,-3.57,0,0,0,15311,851.51,23.7,-0.39,0,0,0,0,-50,-1.05,-4.64,BEACON,"{""record_number"": 409, ""operation_mode"": 0, ""state"": 0, ""battery_voltage"": 0, ""wifi_rssi"": -50, ""acc_data"": {""ax"": -0.75, ""ay"": -0.54, ""az"": -0.29, ""pitch"": -48.23, ""roll"": -118.27}, ""gyro_data"": {""gx"": -8.35, ""gy"": -2.71, ""gz"": -3.57}, ""gps_data"": {""latitude"": 0, ""longitude"": 0, ""gps_altitude"": 0, ""time"": 15311}, ""alt_data"": {""pressure"": 851.51, ""temperature"": 23.7, ""AGL"": -0.39, ""velocity"": 0, ""kalman_altitude"": -1.05, ""kalman_vertical_velocity"": -4.64}, ""chute_state"": {""pyro1_state"": 0, ""pyro2_state"": 0}, ""connection_status"": {""connected"": true, ""has_ever_connected"": true, ""packet_age_ms"": 0, ""timeout_exceeded"": false, ""rssi"": -50}, ""communication_mode"": ""BEACON"", ""timestamp"": 124839, ""packets_received"": 73, ""kalman_data"": {""altitude"": -1.05, ""vertical_velocity"": -4.64}, ""kalman_altitude"": -1.05, ""kalman_vertical_velocity"": -4.64, ""pyroDrogue"": 0, ""pyroMain"": 0, ""pyro1_state"": 0, ""pyro2_state"": 0}"
1764741497.544163,2025-12-03T08:58:17.544163,413,0,0,-0.74,-0.53,-0.29,-47.94,-119.8,-6.77,-4.54,-2.59,0,0,0,15311,851.55,23.71,-0.77,0,0,0,0,-52,-1.06,-4.66,BEACON,"{""record_number"": 413, ""operation_mode"": 0, ""state"": 0, ""battery_voltage"": 0, ""wifi_rssi"": -52, ""acc_data"": {""ax"": -0.74, ""ay"": -0.53, ""az"": -0.29, ""pitch"": -47.94, ""roll"": -119.8}, ""gyro_data"": {""gx"": -6.77, ""gy"": -4.54, ""gz"": -2.59}, ""gps_data"": {""latitude"": 0, ""longitude"": 0, ""gps_altitude"": 0, ""time"": 15311}, ""alt_data"": {""pressure"": 851.55, ""temperature"": 23.71, ""AGL"": -0.77, ""velocity"": 0, ""kalman_altitude"": -1.06, ""kalman_vertical_velocity"": -4.66}, ""chute_state"": {""pyro1_state"": 0, ""pyro2_state"": 0}, ""connection_status"": {""connected"": true, ""has_ever_connected"": true, ""packet_age_ms"": 0, ""timeout_exceeded"": false, ""rssi"": -52}, ""communication_mode"": ""BEACON"", ""timestamp"": 124952, ""packets_received"": 74, ""kalman_data"": {""altitude"": -1.06, ""vertical_velocity"": -4.66}, ""kalman_altitude"": -1.06, ""kalman_vertical_velocity"": -4.66, ""pyroDrogue"": 0, ""pyroMain"": 0, ""pyro1_state"": 0, ""pyro2_state"": 0}"
1764741497.679939,2025-12-03T08:58:17.679939,418,0,0,-0.74,-0.53,-0.3,-47.85,-119.55,-2.32,-2.44,-4.12,0,0,0,15512,851.5,23.7,-0.28,0,0,0,0,-51,-1.08,-4.69,BEACON,"{""record_number"": 418, ""operation_mode"": 0, ""state"": 0, ""battery_voltage"": 0, ""wifi_rssi"": -51, ""acc_data"": {""ax"": -0.74, ""ay"": -0.53, ""az"": -0.3, ""pitch"": -47.85, ""roll"": -119.55}, ""gyro_data"": {""gx"": -2.32, ""gy"": -2.44, ""gz"": -4.12}, ""gps_data"": {""latitude"": 0, ""longitude"": 0, ""gps_altitude"": 0, ""time"": 15512}, ""alt_data"": {""pressure"": 851.5, ""temperature"": 23.7, ""AGL"": -0.28, ""velocity"": 0, ""kalman_altitude"": -1.08, ""kalman_vertical_velocity"": -4.69}, ""chute_state"": {""pyro1_state"": 0, ""pyro2_state"": 0}, ""connection_status"": {""connected"": true, ""has_ever_connected"": true, ""packet_age_ms"": 0, ""timeout_exceeded"": false, ""rssi"": -51}, ""communication_mode"": ""BEACON"", ""timestamp"": 125064, ""packets_received"": 75, ""kalman_data"": {""altitude"": -1.08, ""vertical_velocity"": -4.69}, ""kalman_altitude"": -1.08, ""kalman_vertical_velocity"": -4.69, ""pyroDrogue"": 0, ""pyroMain"": 0, ""pyro1_state"": 0, ""pyro2_state"": 0}"
1764741497.786956,2025-12-03T08:58:17.786956,422,0,0,-0.75,-0.53,-0.3,-48.61,-119.21,-3.29,-4.3,-0.4,0,0,0,15716,851.52,23.7,-0.5,0,0,0,0,-51,-1.08,-4.69,BEACON,"{""record_number"": 422, ""operation_mode"": 0, ""state"": 0, ""battery_voltage"": 0, ""wifi_rssi"": -51, ""acc_data"": {""ax"": -0.75, ""ay"": -0.53, ""az"": -0.3, ""pitch"": -48.61, ""roll"": -119.21}, ""gyro_data"": {""gx"": -3.29, ""gy"": -4.3, ""gz"": -0.4}, ""gps_data"": {""latitude"": 0, ""longitude"": 0, ""gps_altitude"": 0, ""time"": 15716}, ""alt_data"": {""pressure"": 851.52, ""temperature"": 23.7, ""AGL"": -0.5, ""velocity"": 0, ""kalman_altitude"": -1.08, ""kalman_vertical_velocity"": -4.69}, ""chute_state"": {""pyro1_state"": 0, ""pyro2_state"": 0}, ""connection_status"": {""connected"": true, ""has_ever_connected"": true, ""packet_age_ms"": 1, ""timeout_exceeded"": false, ""rssi"": -51}, ""communication_mode"": ""BEACON"", ""timestamp"": 125178, ""packets_received"": 76, ""kalman_data"": {""altitude"": -1.08, ""vertical_velocity"": -4.69}, ""kalman_altitude"": -1.08, ""kalman_vertical_velocity"": -4.69, ""pyroDrogue"": 0, ""pyroMain"": 0, ""pyro1_state"": 0, ""pyro2_state"": 0}"
1764741497.873757,2025-12-03T08:58:17.873757,426,0,0,-0.74,-0.52,-0.3,-47.77,-119.94,-5.73,-8.51,-1.22,0,0,0,15716,851.51,23.7,-0.39,0,0,0,0,-51,-1.09,-4.69,BEACON,"{""record_number"": 426, ""operation_mode"": 0, ""state"": 0, ""battery_voltage"": 0, ""wifi_rssi"": -51, ""acc_data"": {""ax"": -0.74, ""ay"": -0.52, ""az"": -0.3, ""pitch"": -47.77, ""roll"": -119.94}, ""gyro_data"": {""gx"": -5.73, ""gy"": -8.51, ""gz"": -1.22}, ""gps_data"": {""latitude"": 0, ""longitude"": 0, ""gps_altitude"": 0, ""time"": 15716}, ""alt_data"": {""pressure"": 851.51, ""temperature"": 23.7, ""AGL"": -0.39, ""velocity"": 0, ""kalman_altitude"": -1.09, ""kalman_vertical_velocity"": -4.69}, ""chute_state"": {""pyro1_state"": 0, ""pyro2_state"": 0}, ""connection_status"": {""connected"": true, ""has_ever_connected"": true, ""packet_age_ms"": 1, ""timeout_exceeded"": false, ""rssi"": -51}, ""communication_mode"": ""BEACON"", ""timestamp"": 125291, ""packets_received"": 77, ""kalman_data"": {""altitude"": -1.09, ""vertical_velocity"": -4.69}, ""kalman_altitude"": -1.09, ""kalman_vertical_velocity"": -4.69, ""pyroDrogue"": 0, ""pyroMain"": 0, ""pyro1_state"": 0, ""pyro2_state"": 0}"
1764741497.932083,2025-12-03T08:58:17.932083,430,0,0,-0.75,-0.54,-0.3,-48.23,-118.3,-3.17,1.34,-3.32,0,0,0,15916,851.5,23.69,-0.27,0,0,0,0,-51,-1.09,-4.67,BEACON,"{""record_number"": 430, ""operation_mode"": 0, ""state"": 0, ""battery_voltage"": 0, ""wifi_rssi"": -51, ""acc_data"": {""ax"": -0.75, ""ay"": -0.54, ""az"": -0.3, ""pitch"": -48.23, ""roll"": -118.3}, ""gyro_data"": {""gx"": -3.17, ""gy"": 1.34, ""gz"": -3.32}, ""gps_data"": {""latitude"": 0, ""longitude"": 0, ""gps_altitude"": 0, ""time"": 15916}, ""alt_data"": {""pressure"": 851.5, ""temperature"": 23.69, ""AGL"": -0.27, ""velocity"": 0, ""kalman_altitude"": -1.09, ""kalman_vertical_velocity"": -4.67}, ""chute_state"": {""pyro1_state"": 0, ""pyro2_state"": 0}, ""connection_status"": {""connected"": true, ""has_ever_connected"": true, ""packet_age_ms"": 0, ""timeout_exceeded"": false, ""rssi"": -51}, ""communication_mode"": ""BEACON"", ""timestamp"": 125403, ""packets_received"": 78, ""kalman_data"": {""altitude"": -1.09, ""vertical_velocity"": -4.67}, ""kalman_altitude"": -1.09, ""kalman_vertical_velocity"": -4.67, ""pyroDrogue"": 0, ""pyroMain"": 0, ""pyro1_state"": 0, ""pyro2_state"": 0}"
1764741497.990346,2025-12-03T08:58:17.990346,435,0,0,-0.74,-0.54,-0.3,-47.52,-118.9,-4.85,-3.08,-5.15,0,0,0,15916,851.52,23.7,-0.55,0,0,0,0,-52,-1.1,-4.68,BEACON,"{""record_number"": 435, ""operation_mode"": 0, ""state"": 0, ""battery_voltage"": 0, ""wifi_rssi"": -52, ""acc_data"": {""ax"": -0.74, ""ay"": -0.54, ""az"": -0.3, ""pitch"": -47.52, ""roll"": -118.9}, ""gyro_data"": {""gx"": -4.85, ""gy"": -3.08, ""gz"": -5.15}, ""gps_data"": {""latitude"": 0, ""longitude"": 0, ""gps_altitude"": 0, ""time"": 15916}, ""alt_data"": {""pressure"": 851.52, ""temperature"": 23.7, ""AGL"": -0.55, ""velocity"": 0, ""kalman_altitude"": -1.1, ""kalman_vertical_velocity"": -4.68}, ""chute_state"": {""pyro1_state"": 0, ""pyro2_state"": 0}, ""connection_status"": {""connected"": true, ""has_ever_connected"": true, ""packet_age_ms"": 0, ""timeout_exceeded"": false, ""rssi"": -52}, ""communication_mode"": ""BEACON"", ""timestamp"": 125516, ""packets_received"": 79, ""kalman_data"": {""altitude"": -1.1, ""vertical_velocity"": -4.68}, ""kalman_altitude"": -1.1, ""kalman_vertical_velocity"": -4.68, ""pyroDrogue"": 0, ""pyroMain"": 0, ""pyro1_state"": 0, ""pyro2_state"": 0}"
1764741498.154523,2025-12-03T08:58:18.154523,439,0,0,-0.75,-0.54,-0.3,-48.19,-118.89,-4.76,-4.48,-2.44,0,0,0,16117,851.52,23.7,-0.46,0,0,0,0,-52,-1.1,-4.68,BEACON,"{""record_number"": 439, ""operation_mode"": 0, ""state"": 0, ""battery_voltage"": 0, ""wifi_rssi"": -52, ""acc_data"": {""ax"": -0.75, ""ay"": -0.54, ""az"": -0.3, ""pitch"": -48.19, ""roll"": -118.89}, ""gyro_data"": {""gx"": -4.76, ""gy"": -4.48, ""gz"": -2.44}, ""gps_data"": {""latitude"": 0, ""longitude"": 0, ""gps_altitude"": 0, ""time"": 16117}, ""alt_data"": {""pressure"": 851.52, ""temperature"": 23.7, ""AGL"": -0.46, ""velocity"": 0, ""kalman_altitude"": -1.1, ""kalman_vertical_velocity"": -4.68}, ""chute_state"": {""pyro1_state"": 0, ""pyro2_state"": 0}, ""connection_status"": {""connected"": true, ""has_ever_connected"": true, ""packet_age_ms"": 0, ""timeout_exceeded"": false, ""rssi"": -52}, ""communication_mode"": ""BEACON"", ""timestamp"": 125629, ""packets_received"": 80, ""kalman_data"": {""altitude"": -1.1, ""vertical_velocity"": -4.68}, ""kalman_altitude"": -1.1, ""kalman_vertical_velocity"": -4.68, ""pyroDrogue"": 0, ""pyroMain"": 0, ""pyro1_state"": 0, ""pyro2_state"": 0}"
1764741498.212488,2025-12-03T08:58:18.212488,443,0,0,-0.75,-0.54,-0.29,-48.36,-118.42,-4.63,0.49,-4.02,0,0,0,16117,851.5,23.7,-0.28,0,0,0,0,-50,-1.1,-4.67,BEACON,"{""record_number"": 443, ""operation_mode"": 0, ""state"": 0, ""battery_voltage"": 0, ""wifi_rssi"": -50, ""acc_data"": {""ax"": -0.75, ""ay"": -0.54, ""az"": -0.29, ""pitch"": -48.36, ""roll"": -118.42}, ""gyro_data"": {""gx"": -4.63, ""gy"": 0.49, ""gz"": -4.02}, ""gps_data"": {""latitude"": 0, ""longitude"": 0, ""gps_altitude"": 0, ""time"": 16117}, ""alt_data"": {""pressure"": 851.5, ""temperature"": 23.7, ""AGL"": -0.28, ""velocity"": 0, ""kalman_altitude"": -1.1, ""kalman_vertical_velocity"": -4.67}, ""chute_state"": {""pyro1_state"": 0, ""pyro2_state"": 0}, ""connection_status"": {""connected"": true, ""has_ever_connected"": true, ""packet_age_ms"": 0, ""timeout_exceeded"": false, ""rssi"": -50}, ""communication_mode"": ""BEACON"", ""timestamp"": 125742, ""packets_received"": 81, ""kalman_data"": {""altitude"": -1.1, ""vertical_velocity"": -4.67}, ""kalman_altitude"": -1.1, ""kalman_vertical_velocity"": -4.67, ""pyroDrogue"": 0, ""pyroMain"": 0, ""pyro1_state"": 0, ""pyro2_state"": 0}"
1764741498.327201,2025-12-03T08:58:18.327201,448,0,0,-0.74,-0.52,-0.29,-47.61,-119.16,-5,-4.12,-4.39,0,0,0,16317,851.55,23.71,-0.84,0,0,0,0,-50,-1.11,-4.69,BEACON,"{""record_number"": 448, ""operation_mode"": 0, ""state"": 0, ""battery_voltage"": 0, ""wifi_rssi"": -50, ""acc_data"": {""ax"": -0.74, ""ay"": -0.52, ""az"": -0.29, ""pitch"": -47.61, ""roll"": -119.16}, ""gyro_data"": {""gx"": -5, ""gy"": -4.12, ""gz"": -4.39}, ""gps_data"": {""latitude"": 0, ""longitude"": 0, ""gps_altitude"": 0, ""time"": 16317}, ""alt_data"": {""pressure"": 851.55, ""temperature"": 23.71, ""AGL"": -0.84, ""velocity"": 0, ""kalman_altitude"": -1.11, ""kalman_vertical_velocity"": -4.69}, ""chute_state"": {""pyro1_state"": 0, ""pyro2_state"": 0}, ""connection_status"": {""connected"": true, ""has_ever_connected"": true, ""packet_age_ms"": 0, ""timeout_exceeded"": false, ""rssi"": -50}, ""communication_mode"": ""BEACON"", ""timestamp"": 125855, ""packets_received"": 82, ""kalman_data"": {""altitude"": -1.11, ""vertical_velocity"": -4.69}, ""kalman_altitude"": -1.11, ""kalman_vertical_velocity"": -4.69, ""pyroDrogue"": 0, ""pyroMain"": 0, ""pyro1_state"": 0, ""pyro2_state"": 0}"
1764741498.442531,2025-12-03T08:58:18.442531,452,0,0,-0.74,-0.56,-0.31,-48.65,-116.97,-0.82,-4.76,-2.32,0,0,0,16317,851.5,23.7,-0.32,0,0,0,0,-51,-1.11,-4.68,BEACON,"{""record_number"": 452, ""operation_mode"": 0, ""state"": 0, ""battery_voltage"": 0, ""wifi_rssi"": -51, ""acc_data"": {""ax"": -0.74, ""ay"": -0.56, ""az"": -0.31, ""pitch"": -48.65, ""roll"": -116.97}, ""gyro_data"": {""gx"": -0.82, ""gy"": -4.76, ""gz"": -2.32}, ""gps_data"": {""latitude"": 0, ""longitude"": 0, ""gps_altitude"": 0, ""time"": 16317}, ""alt_data"": {""pressure"": 851.5, ""temperature"": 23.7, ""AGL"": -0.32, ""velocity"": 0, ""kalman_altitude"": -1.11, ""kalman_vertical_velocity"": -4.68}, ""chute_state"": {""pyro1_state"": 0, ""pyro2_state"": 0}, ""connection_status"": {""connected"": true, ""has_ever_connected"": true, ""packet_age_ms"": 0, ""timeout_exceeded"": false, ""rssi"": -51}, ""communication_mode"": ""BEACON"", ""timestamp"": 125969, ""packets_received"": 83, ""kalman_data"": {""altitude"": -1.11, ""vertical_velocity"": -4.68}, ""kalman_altitude"": -1.11, ""kalman_vertical_velocity"": -4.68, ""pyroDrogue"": 0, ""pyroMain"": 0, ""pyro1_state"": 0, ""pyro2_state"": 0}"
1764741498.574316,2025-12-03T08:58:18.574316,456,0,0,-0.74,-0.53,-0.3,-47.56,-118.15,-4.54,-4.05,-6.37,0,0,0,16516,851.53,23.7,-0.57,0,0,0,0,-51,-1.12,-4.68,BEACON,"{""record_number"": 456, ""operation_mode"": 0, ""state"": 0, ""battery_voltage"": 0, ""wifi_rssi"": -51, ""acc_data"": {""ax"": -0.74, ""ay"": -0.53, ""az"": -0.3, ""pitch"": -47.56, ""roll"": -118.15}, ""gyro_data"": {""gx"": -4.54, ""gy"": -4.05, ""gz"": -6.37}, ""gps_data"": {""latitude"": 0, ""longitude"": 0, ""gps_altitude"": 0, ""time"": 16516}, ""alt_data"": {""pressure"": 851.53, ""temperature"": 23.7, ""AGL"": -0.57, ""velocity"": 0, ""kalman_altitude"": -1.12, ""kalman_vertical_velocity"": -4.68}, ""chute_state"": {""pyro1_state"": 0, ""pyro2_state"": 0}, ""connection_status"": {""connected"": true, ""has_ever_connected"": true, ""packet_age_ms"": 0, ""timeout_exceeded"": false, ""rssi"": -51}, ""communication_mode"": ""BEACON"", ""timestamp"": 126083, ""packets_received"": 84, ""kalman_data"": {""altitude"": -1.12, ""vertical_velocity"": -4.68}, ""kalman_altitude"": -1.12, ""kalman_vertical_velocity"": -4.68, ""pyroDrogue"": 0, ""pyroMain"": 0, ""pyro1_state"": 0, ""pyro2_state"": 0}"
1764741498.628254,2025-12-03T08:58:18.628254,461,0,0,-0.75,-0.55,-0.29,-48.44,-118.13,-7.35,-1.19,-4.7,0,0,0,16721,851.56,23.71,-0.88,0,0,0,0,-51,-1.13,-4.7,BEACON,"{""record_number"": 461, ""operation_mode"": 0, ""state"": 0, ""battery_voltage"": 0, ""wifi_rssi"": -51, ""acc_data"": {""ax"": -0.75, ""ay"": -0.55, ""az"": -0.29, ""pitch"": -48.44, ""roll"": -118.13}, ""gyro_data"": {""gx"": -7.35, ""gy"": -1.19, ""gz"": -4.7}, ""gps_data"": {""latitude"": 0, ""longitude"": 0, ""gps_altitude"": 0, ""time"": 16721}, ""alt_data"": {""pressure"": 851.56, ""temperature"": 23.71, ""AGL"": -0.88, ""velocity"": 0, ""kalman_altitude"": -1.13, ""kalman_vertical_velocity"": -4.7}, ""chute_state"": {""pyro1_state"": 0, ""pyro2_state"": 0}, ""connection_status"": {""connected"": true, ""has_ever_connected"": true, ""packet_age_ms"": 1, ""timeout_exceeded"": false, ""rssi"": -51}, ""communication_mode"": ""BEACON"", ""timestamp"": 126195, ""packets_received"": 85, ""kalman_data"": {""altitude"": -1.13, ""vertical_velocity"": -4.7}, ""kalman_altitude"": -1.13, ""kalman_vertical_velocity"": -4.7, ""pyroDrogue"": 0, ""pyroMain"": 0, ""pyro1_state"": 0, ""pyro2_state"": 0}"
1764741498.828433,2025-12-03T08:58:18.828433,465,0,0,-0.75,-0.54,-0.3,-47.77,-118.97,-6.55,-0.09,-4.57,0,0,0,16721,851.59,23.71,-1.23,0,0,0,0,-51,-1.15,-4.74,BEACON,"{""record_number"": 465, ""operation_mode"": 0, ""state"": 0, ""battery_voltage"": 0, ""wifi_rssi"": -51, ""acc_data"": {""ax"": -0.75, ""ay"": -0.54, ""az"": -0.3, ""pitch"": -47.77, ""roll"": -118.97}, ""gyro_data"": {""gx"": -6.55, ""gy"": -0.09, ""gz"": -4.57}, ""gps_data"": {""latitude"": 0, ""longitude"": 0, ""gps_altitude"": 0, ""time"": 16721}, ""alt_data"": {""pressure"": 851.59, ""temperature"": 23.71, ""AGL"": -1.23, ""velocity"": 0, ""kalman_altitude"": -1.15, ""kalman_vertical_velocity"": -4.74}, ""chute_state"": {""pyro1_state"": 0, ""pyro2_state"": 0}, ""connection_status"": {""connected"": true, ""has_ever_connected"": true, ""packet_age_ms"": 0, ""timeout_exceeded"": false, ""rssi"": -51}, ""communication_mode"": ""BEACON"", ""timestamp"": 126307, ""packets_received"": 86, ""kalman_data"": {""altitude"": -1.15, ""vertical_velocity"": -4.74}, ""kalman_altitude"": -1.15, ""kalman_vertical_velocity"": -4.74, ""pyroDrogue"": 0, ""pyroMain"": 0, ""pyro1_state"": 0, ""pyro2_state"": 0}"
1764741499.274376,2025-12-03T08:58:19.274376,469,0,0,-0.75,-0.54,-0.29,-48.23,-118.69,-6.22,-4.63,-2.07,0,0,0,16923,851.49,23.7,-0.25,0,0,0,0,-52,-1.14,-4.7,BEACON,"{""record_number"": 469, ""operation_mode"": 0, ""state"": 0, ""battery_voltage"": 0, ""wifi_rssi"": -52, ""acc_data"": {""ax"": -0.75, ""ay"": -0.54, ""az"": -0.29, ""pitch"": -48.23, ""roll"": -118.69}, ""gyro_data"": {""gx"": -6.22, ""gy"": -4.63, ""gz"": -2.07}, ""gps_data"": {""latitude"": 0, ""longitude"": 0, ""gps_altitude"": 0, ""time"": 16923}, ""alt_data"": {""pressure"": 851.49, ""temperature"": 23.7, ""AGL"": -0.25, ""velocity"": 0, ""kalman_altitude"": -1.14, ""kalman_vertical_velocity"": -4.7}, ""chute_state"": {""pyro1_state"": 0, ""pyro2_state"": 0}, ""connection_status"": {""connected"": true, ""has_ever_connected"": true, ""packet_age_ms"": 0, ""timeout_exceeded"": false, ""rssi"": -52}, ""communication_mode"": ""BEACON"", ""timestamp"": 126420, ""packets_received"": 87, ""kalman_data"": {""altitude"": -1.14, ""vertical_velocity"": -4.7}, ""kalman_altitude"": -1.14, ""kalman_vertical_velocity"": -4.7, ""pyroDrogue"": 0, ""pyroMain"": 0, ""pyro1_state"": 0, ""pyro2_state"": 0}"
1764741499.403921,2025-12-03T08:58:19.403921,473,0,0,-0.75,-0.54,-0.3,-48.06,-118.97,-5.37,-5.12,-0.61,0,0,0,16923,851.51,23.7,-0.39,0,0,0,0,-50,-1.14,-4.69,BEACON,"{""record_number"": 473, ""operation_mode"": 0, ""state"": 0, ""battery_voltage"": 0, ""wifi_rssi"": -50, ""acc_data"": {""ax"": -0.75, ""ay"": -0.54, ""az"": -0.3, ""pitch"": -48.06, ""roll"": -118.97}, ""gyro_data"": {""gx"": -5.37, ""gy"": -5.12, ""gz"": -0.61}, ""gps_data"": {""latitude"": 0, ""longitude"": 0, ""gps_altitude"": 0, ""time"": 16923}, ""alt_data"": {""pressure"": 851.51, ""temperature"": 23.7, ""AGL"": -0.39, ""velocity"": 0, ""kalman_altitude"": -1.14, ""kalman_vertical_velocity"": -4.69}, ""chute_state"": {""pyro1_state"": 0, ""pyro2_state"": 0}, ""connection_status"": {""connected"": true, ""has_ever_connected"": true, ""packet_age_ms"": 1, ""timeout_exceeded"": false, ""rssi"": -50}, ""communication_mode"": ""BEACON"", ""timestamp"": 126533, ""packets_received"": 88, ""kalman_data"": {""altitude"": -1.14, ""vertical_velocity"": -4.69}, ""kalman_altitude"": -1.14, ""kalman_vertical_velocity"": -4.69, ""pyroDrogue"": 0, ""pyroMain"": 0, ""pyro1_state"": 0, ""pyro2_state"": 0}"
1764741499.44521,2025-12-03T08:58:19.445210,478,0,0,-0.74,-0.53,-0.3,-47.94,-118.82,-5.37,-2.99,-4.05,0,0,0,17123,851.48,23.7,-0.11,0,0,0,0,-50,-1.13,-4.66,BEACON,"{""record_number"": 478, ""operation_mode"": 0, ""state"": 0, ""battery_voltage"": 0, ""wifi_rssi"": -50, ""acc_data"": {""ax"": -0.74, ""ay"": -0.53, ""az"": -0.3, ""pitch"": -47.94, ""roll"": -118.82}, ""gyro_data"": {""gx"": -5.37, ""gy"": -2.99, ""gz"": -4.05}, ""gps_data"": {""latitude"": 0, ""longitude"": 0, ""gps_altitude"": 0, ""time"": 17123}, ""alt_data"": {""pressure"": 851.48, ""temperature"": 23.7, ""AGL"": -0.11, ""velocity"": 0, ""kalman_altitude"": -1.13, ""kalman_vertical_velocity"": -4.66}, ""chute_state"": {""pyro1_state"": 0, ""pyro2_state"": 0}, ""connection_status"": {""connected"": true, ""has_ever_connected"": true, ""packet_age_ms"": 0, ""timeout_exceeded"": false, ""rssi"": -50}, ""communication_mode"": ""BEACON"", ""timestamp"": 126645, ""packets_received"": 89, ""kalman_data"": {""altitude"": -1.13, ""vertical_velocity"": -4.66}, ""kalman_altitude"": -1.13, ""kalman_vertical_velocity"": -4.66, ""pyroDrogue"": 0, ""pyroMain"": 0, ""pyro1_state"": 0, ""pyro2_state"": 0}"
1764741499.53143,2025-12-03T08:58:19.531430,482,0,0,-0.73,-0.54,-0.3,-47.81,-119.07,-7.01,1.04,-5.18,0,0,0,17123,851.52,23.7,-0.5,0,0,0,0,-51,-1.12,-4.63,BEACON,"{""record_number"": 482, ""operation_mode"": 0, ""state"": 0, ""battery_voltage"": 0, ""wifi_rssi"": -51, ""acc_data"": {""ax"": -0.73, ""ay"": -0.54, ""az"": -0.3, ""pitch"": -47.81, ""roll"": -119.07}, ""gyro_data"": {""gx"": -7.01, ""gy"": 1.04, ""gz"": -5.18}, ""gps_data"": {""latitude"": 0, ""longitude"": 0, ""gps_altitude"": 0, ""time"": 17123}, ""alt_data"": {""pressure"": 851.52, ""temperature"": 23.7, ""AGL"": -0.5, ""velocity"": 0, ""kalman_altitude"": -1.12, ""kalman_vertical_velocity"": -4.63}, ""chute_state"": {""pyro1_state"": 0, ""pyro2_state"": 0}, ""connection_status"": {""connected"": true, ""has_ever_connected"": true, ""packet_age_ms"": 1, ""timeout_exceeded"": false, ""rssi"": -51}, ""communication_mode"": ""BEACON"", ""timestamp"": 126759, ""packets_received"": 90, ""kalman_data"": {""altitude"": -1.12, ""vertical_velocity"": -4.63}, ""kalman_altitude"": -1.12, ""kalman_vertical_velocity"": -4.63, ""pyroDrogue"": 0, ""pyroMain"": 0, ""pyro1_state"": 0, ""pyro2_state"": 0}"
1764741499.632854,2025-12-03T08:58:19.632854,486,0,0,-0.74,-0.54,-0.3,-48.15,-118.28,-7.07,-1.83,-4.05,0,0,0,17323,851.54,23.69,-0.7,0,0,0,0,-51,-1.13,-4.63,BEACON,"{""record_number"": 486, ""operation_mode"": 0, ""state"": 0, ""battery_voltage"": 0, ""wifi_rssi"": -51, ""acc_data"": {""ax"": -0.74, ""ay"": -0.54, ""az"": -0.3, ""pitch"": -48.15, ""roll"": -118.28}, ""gyro_data"": {""gx"": -7.07, ""gy"": -1.83, ""gz"": -4.05}, ""gps_data"": {""latitude"": 0, ""longitude"": 0, ""gps_altitude"": 0, ""time"": 17323}, ""alt_data"": {""pressure"": 851.54, ""temperature"": 23.69, ""AGL"": -0.7, ""velocity"": 0, ""kalman_altitude"": -1.13, ""kalman_vertical_velocity"": -4.63}, ""chute_state"": {""pyro1_state"": 0, ""pyro2_state"": 0}, ""connection_status"": {""connected"": true, ""has_ever_connected"": true, ""packet_age_ms"": 0, ""timeout_exceeded"": false, ""rssi"": -51}, ""communication_mode"": ""BEACON"", ""timestamp"": 126871, ""packets_received"": 91, ""kalman_data"": {""altitude"": -1.13, ""vertical_velocity"": -4.63}, ""kalman_altitude"": -1.13, ""kalman_vertical_velocity"": -4.63, ""pyroDrogue"": 0, ""pyroMain"": 0, ""pyro1_state"": 0, ""pyro2_state"": 0}"
1764741499.673407,2025-12-03T08:58:19.673407,491,0,0,-0.74,-0.54,-0.29,-47.36,-118.81,-9.66,-1.89,-5.85,0,0,0,17523,851.54,23.71,-0.74,0,0,0,0,-51,-1.14,-4.64,BEACON,"{""record_number"": 491, ""operation_mode"": 0, ""state"": 0, ""battery_voltage"": 0, ""wifi_rssi"": -51, ""acc_data"": {""ax"": -0.74, ""ay"": -0.54, ""az"": -0.29, ""pitch"": -47.36, ""roll"": -118.81}, ""gyro_data"": {""gx"": -9.66, ""gy"": -1.89, ""gz"": -5.85}, ""gps_data"": {""latitude"": 0, ""longitude"": 0, ""gps_altitude"": 0, ""time"": 17523}, ""alt_data"": {""pressure"": 851.54, ""temperature"": 23.71, ""AGL"": -0.74, ""velocity"": 0, ""kalman_altitude"": -1.14, ""kalman_vertical_velocity"": -4.64}, ""chute_state"": {""pyro1_state"": 0, ""pyro2_state"": 0}, ""connection_status"": {""connected"": true, ""has_ever_connected"": true, ""packet_age_ms"": 0, ""timeout_exceeded"": false, ""rssi"": -51}, ""communication_mode"": ""BEACON"", ""timestamp"": 126984, ""packets_received"": 92, ""kalman_data"": {""altitude"": -1.14, ""vertical_velocity"": -4.64}, ""kalman_altitude"": -1.14, ""kalman_vertical_velocity"": -4.64, ""pyroDrogue"": 0, ""pyroMain"": 0, ""pyro1_state"": 0, ""pyro2_state"": 0}"
1764741499.734565,2025-12-03T08:58:19.734565,495,0,0,-0.74,-0.54,-0.29,-47.81,-118.93,-8.05,-4.3,-5.34,0,0,0,17523,851.5,23.69,-0.3,0,0,0,0,-51,-1.13,-4.61,BEACON,"{""record_number"": 495, ""operation_mode"": 0, ""state"": 0, ""battery_voltage"": 0, ""wifi_rssi"": -51, ""acc_data"": {""ax"": -0.74, ""ay"": -0.54, ""az"": -0.29, ""pitch"": -47.81, ""roll"": -118.93}, ""gyro_data"": {""gx"": -8.05, ""gy"": -4.3, ""gz"": -5.34}, ""gps_data"": {""latitude"": 0, ""longitude"": 0, ""gps_altitude"": 0, ""time"": 17523}, ""alt_data"": {""pressure"": 851.5, ""temperature"": 23.69, ""AGL"": -0.3, ""velocity"": 0, ""kalman_altitude"": -1.13, ""kalman_vertical_velocity"": -4.61}, ""chute_state"": {""pyro1_state"": 0, ""pyro2_state"": 0}, ""connection_status"": {""connected"": true, ""has_ever_connected"": true, ""packet_age_ms"": 0, ""timeout_exceeded"": false, ""rssi"": -51}, ""communication_mode"": ""BEACON"", ""timestamp"": 127097, ""packets_received"": 93, ""kalman_data"": {""altitude"": -1.13, ""vertical_velocity"": -4.61}, ""kalman_altitude"": -1.13, ""kalman_vertical_velocity"": -4.61, ""pyroDrogue"": 0, ""pyroMain"": 0, ""pyro1_state"": 0, ""pyro2_state"": 0}"
1764741499.838858,2025-12-03T08:58:19.838858,499,0,0,-0.75,-0.56,-0.3,-47.94,-117.49,-4.39,-2.65,-3.51,0,0,0,17727,851.53,23.7,-0.6,0,0,0,0,-52,-1.13,-4.61,BEACON,"{""record_number"": 499, ""operation_mode"": 0, ""state"": 0, ""battery_voltage"": 0, ""wifi_rssi"": -52, ""acc_data"": {""ax"": -0.75, ""ay"": -0.56, ""az"": -0.3, ""pitch"": -47.94, ""roll"": -117.49}, ""gyro_data"": {""gx"": -4.39, ""gy"": -2.65, ""gz"": -3.51}, ""gps_data"": {""latitude"": 0, ""longitude"": 0, ""gps_altitude"": 0, ""time"": 17727}, ""alt_data"": {""pressure"": 851.53, ""temperature"": 23.7, ""AGL"": -0.6, ""velocity"": 0, ""kalman_altitude"": -1.13, ""kalman_vertical_velocity"": -4.61}, ""chute_state"": {""pyro1_state"": 0, ""pyro2_state"": 0}, ""connection_status"": {""connected"": true, ""has_ever_connected"": true, ""packet_age_ms"": 0, ""timeout_exceeded"": false, ""rssi"": -52}, ""communication_mode"": ""BEACON"", ""timestamp"": 127210, ""packets_received"": 94, ""kalman_data"": {""altitude"": -1.13, ""vertical_velocity"": -4.61}, ""kalman_altitude"": -1.13, ""kalman_vertical_velocity"": -4.61, ""pyroDrogue"": 0, ""pyroMain"": 0, ""pyro1_state"": 0, ""pyro2_state"": 0}"
1764741499.887266,2025-12-03T08:58:19.887266,504,0,0,-0.74,-0.55,-0.3,-48.7,-118.35,-5.55,-4.24,-4.18,0,0,0,17727,851.53,23.69,-0.58,0,0,0,0,-51,-1.13,-4.6,BEACON,"{""record_number"": 504, ""operation_mode"": 0, ""state"": 0, ""battery_voltage"": 0, ""wifi_rssi"": -51, ""acc_data"": {""ax"": -0.74, ""ay"": -0.55, ""az"": -0.3, ""pitch"": -48.7, ""roll"": -118.35}, ""gyro_data"": {""gx"": -5.55, ""gy"": -4.24, ""gz"": -4.18}, ""gps_data"": {""latitude"": 0, ""longitude"": 0, ""gps_altitude"": 0, ""time"": 17727}, ""alt_data"": {""pressure"": 851.53, ""temperature"": 23.69, ""AGL"": -0.58, ""velocity"": 0, ""kalman_altitude"": -1.13, ""kalman_vertical_velocity"": -4.6}, ""chute_state"": {""pyro1_state"": 0, ""pyro2_state"": 0}, ""connection_status"": {""connected"": true, ""has_ever_connected"": true, ""packet_age_ms"": 0, ""timeout_exceeded"": false, ""rssi"": -51}, ""communication_mode"": ""BEACON"", ""timestamp"": 127322, ""packets_received"": 95, ""kalman_data"": {""altitude"": -1.13, ""vertical_velocity"": -4.6}, ""kalman_altitude"": -1.13, ""kalman_vertical_velocity"": -4.6, ""pyroDrogue"": 0, ""pyroMain"": 0, ""pyro1_state"": 0, ""pyro2_state"": 0}"
1764741499.951812,2025-12-03T08:58:19.951812,508,0,0,-0.74,-0.54,-0.3,-47.48,-118.96,-6.19,-4.39,-2.84,0,0,0,17928,851.47,23.67,-0.02,0,0,0,0,-51,-1.11,-4.54,BEACON,"{""record_number"": 508, ""operation_mode"": 0, ""state"": 0, ""battery_voltage"": 0, ""wifi_rssi"": -51, ""acc_data"": {""ax"": -0.74, ""ay"": -0.54, ""az"": -0.3, ""pitch"": -47.48, ""roll"": -118.96}, ""gyro_data"": {""gx"": -6.19, ""gy"": -4.39, ""gz"": -2.84}, ""gps_data"": {""latitude"": 0, ""longitude"": 0, ""gps_altitude"": 0, ""time"": 17928}, ""alt_data"": {""pressure"": 851.47, ""temperature"": 23.67, ""AGL"": -0.02, ""velocity"": 0, ""kalman_altitude"": -1.11, ""kalman_vertical_velocity"": -4.54}, ""chute_state"": {""pyro1_state"": 0, ""pyro2_state"": 0}, ""connection_status"": {""connected"": true, ""has_ever_connected"": true, ""packet_age_ms"": 1, ""timeout_exceeded"": false, ""rssi"": -51}, ""communication_mode"": ""BEACON"", ""timestamp"": 127436, ""packets_received"": 96, ""kalman_data"": {""altitude"": -1.11, ""vertical_velocity"": -4.54}, ""kalman_altitude"": -1.11, ""kalman_vertical_velocity"": -4.54, ""pyroDrogue"": 0, ""pyroMain"": 0, ""pyro1_state"": 0, ""pyro2_state"": 0}"
1764741500.012817,2025-12-03T08:58:20.012817,512,0,0,-0.75,-0.55,-0.29,-48.74,-118,-6.89,-7.93,-1.83,0,0,0,17928,851.52,23.69,-0.51,0,0,0,0,-51,-1.11,-4.53,BEACON,"{""record_number"": 512, ""operation_mode"": 0, ""state"": 0, ""battery_voltage"": 0, ""wifi_rssi"": -51, ""acc_data"": {""ax"": -0.75, ""ay"": -0.55, ""az"": -0.29, ""pitch"": -48.74, ""roll"": -118}, ""gyro_data"": {""gx"": -6.89, ""gy"": -7.93, ""gz"": -1.83}, ""gps_data"": {""latitude"": 0, ""longitude"": 0, ""gps_altitude"": 0, ""time"": 17928}, ""alt_data"": {""pressure"": 851.52, ""temperature"": 23.69, ""AGL"": -0.51, ""velocity"": 0, ""kalman_altitude"": -1.11, ""kalman_vertical_velocity"": -4.53}, ""chute_state"": {""pyro1_state"": 0, ""pyro2_state"": 0}, ""connection_status"": {""connected"": true, ""has_ever_connected"": true, ""packet_age_ms"": 1, ""timeout_exceeded"": false, ""rssi"": -51}, ""communication_mode"": ""BEACON"", ""timestamp"": 127550, ""packets_received"": 97, ""kalman_data"": {""altitude"": -1.11, ""vertical_velocity"": -4.53}, ""kalman_altitude"": -1.11, ""kalman_vertical_velocity"": -4.53, ""pyroDrogue"": 0, ""pyroMain"": 0, ""pyro1_state"": 0, ""pyro2_state"": 0}"
1764741500.193879,2025-12-03T08:58:20.193879,517,0,0,-0.74,-0.53,-0.29,-47.4,-118.54,-6.4,-11.55,-3.38,0,0,0,18128,851.55,23.69,-0.76,0,0,0,0,-51,-1.11,-4.54,BEACON,"{""record_number"": 517, ""operation_mode"": 0, ""state"": 0, ""battery_voltage"": 0, ""wifi_rssi"": -51, ""acc_data"": {""ax"": -0.74, ""ay"": -0.53, ""az"": -0.29, ""pitch"": -47.4, ""roll"": -118.54}, ""gyro_data"": {""gx"": -6.4, ""gy"": -11.55, ""gz"": -3.38}, ""gps_data"": {""latitude"": 0, ""longitude"": 0, ""gps_altitude"": 0, ""time"": 18128}, ""alt_data"": {""pressure"": 851.55, ""temperature"": 23.69, ""AGL"": -0.76, ""velocity"": 0, ""kalman_altitude"": -1.11, ""kalman_vertical_velocity"": -4.54}, ""chute_state"": {""pyro1_state"": 0, ""pyro2_state"": 0}, ""connection_status"": {""connected"": true, ""has_ever_connected"": true, ""packet_age_ms"": 0, ""timeout_exceeded"": false, ""rssi"": -51}, ""communication_mode"": ""BEACON"", ""timestamp"": 127660, ""packets_received"": 98, ""kalman_data"": {""altitude"": -1.11, ""vertical_velocity"": -4.54}, ""kalman_altitude"": -1.11, ""kalman_vertical_velocity"": -4.54, ""pyroDrogue"": 0, ""pyroMain"": 0, ""pyro1_state"": 0, ""pyro2_state"": 0}"
1764741500.32582,2025-12-03T08:58:20.325820,521,0,0,-0.75,-0.55,-0.3,-48.27,-118.28,-5.7,-9.39,-1.01,0,0,0,18128,851.57,23.69,-0.97,0,0,0,0,-51,-1.12,-4.56,BEACON,"{""record_number"": 521, ""operation_mode"": 0, ""state"": 0, ""battery_voltage"": 0, ""wifi_rssi"": -51, ""acc_data"": {""ax"": -0.75, ""ay"": -0.55, ""az"": -0.3, ""pitch"": -48.27, ""roll"": -118.28}, ""gyro_data"": {""gx"": -5.7, ""gy"": -9.39, ""gz"": -1.01}, ""gps_data"": {""latitude"": 0, ""longitude"": 0, ""gps_altitude"": 0, ""time"": 18128}, ""alt_data"": {""pressure"": 851.57, ""temperature"": 23.69, ""AGL"": -0.97, ""velocity"": 0, ""kalman_altitude"": -1.12, ""kalman_vertical_velocity"": -4.56}, ""chute_state"": {""pyro1_state"": 0, ""pyro2_state"": 0}, ""connection_status"": {""connected"": true, ""has_ever_connected"": true, ""packet_age_ms"": 0, ""timeout_exceeded"": false, ""rssi"": -51}, ""communication_mode"": ""BEACON"", ""timestamp"": 127773, ""packets_received"": 99, ""kalman_data"": {""altitude"": -1.12, ""vertical_velocity"": -4.56}, ""kalman_altitude"": -1.12, ""kalman_vertical_velocity"": -4.56, ""pyroDrogue"": 0, ""pyroMain"": 0, ""pyro1_state"": 0, ""pyro2_state"": 0}"
1764741500.466313,2025-12-03T08:58:20.466313,525,0,0,-0.74,-0.53,-0.29,-48.02,-119.06,-4.57,-2.9,-3.29,0,0,0,18328,851.63,23.69,-1.55,0,0,0,0,-51,-1.15,-4.63,BEACON,"{""record_number"": 525, ""operation_mode"": 0, ""state"": 0, ""battery_voltage"": 0, ""wifi_rssi"": -51, ""acc_data"": {""ax"": -0.74, ""ay"": -0.53, ""az"": -0.29, ""pitch"": -48.02, ""roll"": -119.06}, ""gyro_data"": {""gx"": -4.57, ""gy"": -2.9, ""gz"": -3.29}, ""gps_data"": {""latitude"": 0, ""longitude"": 0, ""gps_altitude"": 0, ""time"": 18328}, ""alt_data"": {""pressure"": 851.63, ""temperature"": 23.69, ""AGL"": -1.55, ""velocity"": 0, ""kalman_altitude"": -1.15, ""kalman_vertical_velocity"": -4.63}, ""chute_state"": {""pyro1_state"": 0, ""pyro2_state"": 0}, ""connection_status"": {""connected"": true, ""has_ever_connected"": true, ""packet_age_ms"": 1, ""timeout_exceeded"": false, ""rssi"": -51}, ""communication_mode"": ""BEACON"", ""timestamp"": 127889, ""packets_received"": 100, ""kalman_data"": {""altitude"": -1.15, ""vertical_velocity"": -4.63}, ""kalman_altitude"": -1.15, ""kalman_vertical_velocity"": -4.63, ""pyroDrogue"": 0, ""pyroMain"": 0, ""pyro1_state"": 0, ""pyro2_state"": 0}"
1764741500.556347,2025-12-03T08:58:20.556347,530,0,0,-0.75,-0.53,-0.3,-47.94,-119.03,-10.67,-11.31,-2.8,0,0,0,18528,851.51,23.67,-0.4,0,0,0,0,-51,-1.14,-4.6,BEACON,"{""record_number"": 530, ""operation_mode"": 0, ""state"": 0, ""battery_voltage"": 0, ""wifi_rssi"": -51, ""acc_data"": {""ax"": -0.75, ""ay"": -0.53, ""az"": -0.3, ""pitch"": -47.94, ""roll"": -119.03}, ""gyro_data"": {""gx"": -10.67, ""gy"": -11.31, ""gz"": -2.8}, ""gps_data"": {""latitude"": 0, ""longitude"": 0, ""gps_altitude"": 0, ""time"": 18528}, ""alt_data"": {""pressure"": 851.51, ""temperature"": 23.67, ""AGL"": -0.4, ""velocity"": 0, ""kalman_altitude"": -1.14, ""kalman_vertical_velocity"": -4.6}, ""chute_state"": {""pyro1_state"": 0, ""pyro2_state"": 0}, ""connection_status"": {""connected"": true, ""has_ever_connected"": true, ""packet_age_ms"": 0, ""timeout_exceeded"": false, ""rssi"": -51}, ""communication_mode"": ""BEACON"", ""timestamp"": 127999, ""packets_received"": 101, ""kalman_data"": {""altitude"": -1.14, ""vertical_velocity"": -4.6}, ""kalman_altitude"": -1.14, ""kalman_vertical_velocity"": -4.6, ""pyroDrogue"": 0, ""pyroMain"": 0, ""pyro1_state"": 0, ""pyro2_state"": 0}"
1764741500.63101,2025-12-03T08:58:20.631010,534,0,0,-0.74,-0.54,-0.29,-47.19,-118.62,-15.67,-4.85,-4.18,0,0,0,18528,851.56,23.69,-0.86,0,0,0,0,-52,-1.17,-4.67,BEACON,"{""record_number"": 534, ""operation_mode"": 0, ""state"": 0, ""battery_voltage"": 0, ""wifi_rssi"": -52, ""acc_data"": {""ax"": -0.74, ""ay"": -0.54, ""az"": -0.29, ""pitch"": -47.19, ""roll"": -118.62}, ""gyro_data"": {""gx"": -15.67, ""gy"": -4.85, ""gz"": -4.18}, ""gps_data"": {""latitude"": 0, ""longitude"": 0, ""gps_altitude"": 0, ""time"": 18528}, ""alt_data"": {""pressure"": 851.56, ""temperature"": 23.69, ""AGL"": -0.86, ""velocity"": 0, ""kalman_altitude"": -1.17, ""kalman_vertical_velocity"": -4.67}, ""chute_state"": {""pyro1_state"": 0, ""pyro2_state"": 0}, ""connection_status"": {""connected"": true, ""has_ever_connected"": true, ""packet_age_ms"": 0, ""timeout_exceeded"": false, ""rssi"": -52}, ""communication_mode"": ""BEACON"", ""timestamp"": 128114, ""packets_received"": 102, ""kalman_data"": {""altitude"": -1.17, ""vertical_velocity"": -4.67}, ""kalman_altitude"": -1.17, ""kalman_vertical_velocity"": -4.67, ""pyroDrogue"": 0, ""pyroMain"": 0, ""pyro1_state"": 0, ""pyro2_state"": 0}"
1764741500.680086,2025-12-03T08:58:20.680086,538,0,0,-0.74,-0.54,-0.29,-47.15,-118.5,-19.39,-4.24,-9.94,0,0,0,18733,851.55,23.67,-0.76,0,0,0,0,-51,-1.17,-4.67,BEACON,"{""record_number"": 538, ""operation_mode"": 0, ""state"": 0, ""battery_voltage"": 0, ""wifi_rssi"": -51, ""acc_data"": {""ax"": -0.74, ""ay"": -0.54, ""az"": -0.29, ""pitch"": -47.15, ""roll"": -118.5}, ""gyro_data"": {""gx"": -19.39, ""gy"": -4.24, ""gz"": -9.94}, ""gps_data"": {""latitude"": 0, ""longitude"": 0, ""gps_altitude"": 0, ""time"": 18733}, ""alt_data"": {""pressure"": 851.55, ""temperature"": 23.67, ""AGL"": -0.76, ""velocity"": 0, ""kalman_altitude"": -1.17, ""kalman_vertical_velocity"": -4.67}, ""chute_state"": {""pyro1_state"": 0, ""pyro2_state"": 0}, ""connection_status"": {""connected"": true, ""has_ever_connected"": true, ""packet_age_ms"": 0, ""timeout_exceeded"": false, ""rssi"": -51}, ""communication_mode"": ""BEACON"", ""timestamp"": 128225, ""packets_received"": 103, ""kalman_data"": {""altitude"": -1.17, ""vertical_velocity"": -4.67}, ""kalman_altitude"": -1.17, ""kalman_vertical_velocity"": -4.67, ""pyroDrogue"": 0, ""pyroMain"": 0, ""pyro1_state"": 0, ""pyro2_state"": 0}"
1764741500.821642,2025-12-03T08:58:20.821642,542,0,0,-0.75,-0.54,-0.29,-48.4,-117.89,-13.35,-0.95,-10.91,0,0,0,18733,851.51,23.67,-0.37,0,0,0,0,-51,-1.16,-4.64,BEACON,"{""record_number"": 542, ""operation_mode"": 0, ""state"": 0, ""battery_voltage"": 0, ""wifi_rssi"": -51, ""acc_data"": {""ax"": -0.75, ""ay"": -0.54, ""az"": -0.29, ""pitch"": -48.4, ""roll"": -117.89}, ""gyro_data"": {""gx"": -13.35, ""gy"": -0.95, ""gz"": -10.91}, ""gps_data"": {""latitude"": 0, ""longitude"": 0, ""gps_altitude"": 0, ""time"": 18733}, ""alt_data"": {""pressure"": 851.51, ""temperature"": 23.67, ""AGL"": -0.37, ""velocity"": 0, ""kalman_altitude"": -1.16, ""kalman_vertical_velocity"": -4.64}, ""chute_state"": {""pyro1_state"": 0, ""pyro2_state"": 0}, ""connection_status"": {""connected"": true, ""has_ever_connected"": true, ""packet_age_ms"": 0, ""timeout_exceeded"": false, ""rssi"": -51}, ""communication_mode"": ""BEACON"", ""timestamp"": 128337, ""packets_received"": 104, ""kalman_data"": {""altitude"": -1.16, ""vertical_velocity"": -4.64}, ""kalman_altitude"": -1.16, ""kalman_vertical_velocity"": -4.64, ""pyroDrogue"": 0, ""pyroMain"": 0, ""pyro1_state"": 0, ""pyro2_state"": 0}"
1764741501.188233,2025-12-03T08:58:21.188233,547,0,0,-0.75,-0.57,-0.29,-48.65,-117.59,-4.05,-3.02,-5.27,0,0,0,18934,851.5,23.66,-0.28,0,0,0,0,-51,-1.13,-4.58,BEACON,"{""record_number"": 547, ""operation_mode"": 0, ""state"": 0, ""battery_voltage"": 0, ""wifi_rssi"": -51, ""acc_data"": {""ax"": -0.75, ""ay"": -0.57, ""az"": -0.29, ""pitch"": -48.65, ""roll"": -117.59}, ""gyro_data"": {""gx"": -4.05, ""gy"": -3.02, ""gz"": -5.27}, ""gps_data"": {""latitude"": 0, ""longitude"": 0, ""gps_altitude"": 0, ""time"": 18934}, ""alt_data"": {""pressure"": 851.5, ""temperature"": 23.66, ""AGL"": -0.28, ""velocity"": 0, ""kalman_altitude"": -1.13, ""kalman_vertical_velocity"": -4.58}, ""chute_state"": {""pyro1_state"": 0, ""pyro2_state"": 0}, ""connection_status"": {""connected"": true, ""has_ever_connected"": true, ""packet_age_ms"": 1, ""timeout_exceeded"": false, ""rssi"": -51}, ""communication_mode"": ""BEACON"", ""timestamp"": 128449, ""packets_received"": 105, ""kalman_data"": {""altitude"": -1.13, ""vertical_velocity"": -4.58}, ""kalman_altitude"": -1.13, ""kalman_vertical_velocity"": -4.58, ""pyroDrogue"": 0, ""pyroMain"": 0, ""pyro1_state"": 0, ""pyro2_state"": 0}"
1764741501.28935,2025-12-03T08:58:21.289350,551,0,0,-0.73,-0.54,-0.3,-47.32,-117.72,-0.7,0.09,-3.32,0,0,0,18934,851.53,23.67,-0.58,0,0,0,0,-51,-1.13,-4.56,BEACON,"{""record_number"": 551, ""operation_mode"": 0, ""state"": 0, ""battery_voltage"": 0, ""wifi_rssi"": -51, ""acc_data"": {""ax"": -0.73, ""ay"": -0.54, ""az"": -0.3, ""pitch"": -47.32, ""roll"": -117.72}, ""gyro_data"": {""gx"": -0.7, ""gy"": 0.09, ""gz"": -3.32}, ""gps_data"": {""latitude"": 0, ""longitude"": 0, ""gps_altitude"": 0, ""time"": 18934}, ""alt_data"": {""pressure"": 851.53, ""temperature"": 23.67, ""AGL"": -0.58, ""velocity"": 0, ""kalman_altitude"": -1.13, ""kalman_vertical_velocity"": -4.56}, ""chute_state"": {""pyro1_state"": 0, ""pyro2_state"": 0}, ""connection_status"": {""connected"": true, ""has_ever_connected"": true, ""packet_age_ms"": 0, ""timeout_exceeded"": false, ""rssi"": -51}, ""communication_mode"": ""BEACON"", ""timestamp"": 128562, ""packets_received"": 106, ""kalman_data"": {""altitude"": -1.13, ""vertical_velocity"": -4.56}, ""kalman_altitude"": -1.13, ""kalman_vertical_velocity"": -4.56, ""pyroDrogue"": 0, ""pyroMain"": 0, ""pyro1_state"": 0, ""pyro2_state"": 0}"
1764741501.376217,2025-12-03T08:58:21.376217,555,0,0,-0.74,-0.56,-0.28,-47.81,-116.89,2.23,8.05,-6.13,0,0,0,19134,851.55,23.67,-0.77,0,0,0,0,-52,-1.13,-4.57,BEACON,"{""record_number"": 555, ""operation_mode"": 0, ""state"": 0, ""battery_voltage"": 0, ""wifi_rssi"": -52, ""acc_data"": {""ax"": -0.74, ""ay"": -0.56, ""az"": -0.28, ""pitch"": -47.81, ""roll"": -116.89}, ""gyro_data"": {""gx"": 2.23, ""gy"": 8.05, ""gz"": -6.13}, ""gps_data"": {""latitude"": 0, ""longitude"": 0, ""gps_altitude"": 0, ""time"": 19134}, ""alt_data"": {""pressure"": 851.55, ""temperature"": 23.67, ""AGL"": -0.77, ""velocity"": 0, ""kalman_altitude"": -1.13, ""kalman_vertical_velocity"": -4.57}, ""chute_state"": {""pyro1_state"": 0, ""pyro2_state"": 0}, ""connection_status"": {""connected"": true, ""has_ever_connected"": true, ""packet_age_ms"": 0, ""timeout_exceeded"": false, ""rssi"": -52}, ""communication_mode"": ""BEACON"", ""timestamp"": 128676, ""packets_received"": 107, ""kalman_data"": {""altitude"": -1.13, ""vertical_velocity"": -4.57}, ""kalman_altitude"": -1.13, ""kalman_vertical_velocity"": -4.57, ""pyroDrogue"": 0, ""pyroMain"": 0, ""pyro1_state"": 0, ""pyro2_state"": 0}"
1764741501.530314,2025-12-03T08:58:21.530314,560,0,0,-0.75,-0.53,-0.3,-48.87,-118.97,-0.76,-0.58,-12.5,0,0,0,19134,851.55,23.66,-0.82,0,0,0,0,-51,-1.14,-4.58,BEACON,"{""record_number"": 560, ""operation_mode"": 0, ""state"": 0, ""battery_voltage"": 0, ""wifi_rssi"": -51, ""acc_data"": {""ax"": -0.75, ""ay"": -0.53, ""az"": -0.3, ""pitch"": -48.87, ""roll"": -118.97}, ""gyro_data"": {""gx"": -0.76, ""gy"": -0.58, ""gz"": -12.5}, ""gps_data"": {""latitude"": 0, ""longitude"": 0, ""gps_altitude"": 0, ""time"": 19134}, ""alt_data"": {""pressure"": 851.55, ""temperature"": 23.66, ""AGL"": -0.82, ""velocity"": 0, ""kalman_altitude"": -1.14, ""kalman_vertical_velocity"": -4.58}, ""chute_state"": {""pyro1_state"": 0, ""pyro2_state"": 0}, ""connection_status"": {""connected"": true, ""has_ever_connected"": true, ""packet_age_ms"": 1, ""timeout_exceeded"": false, ""rssi"": -51}, ""communication_mode"": ""BEACON"", ""timestamp"": 128795, ""packets_received"": 108, ""kalman_data"": {""altitude"": -1.14, ""vertical_velocity"": -4.58}, ""kalman_altitude"": -1.14, ""kalman_vertical_velocity"": -4.58, ""pyroDrogue"": 0, ""pyroMain"": 0, ""pyro1_state"": 0, ""pyro2_state"": 0}"
1764741501.76119,2025-12-03T08:58:21.761190,564,0,0,-0.74,-0.56,-0.31,-47.77,-118.57,-11.71,-2.65,-3.66,0,0,0,19334,851.53,23.66,-0.6,0,0,0,0,-51,-1.13,-4.57,BEACON,"{""record_number"": 564, ""operation_mode"": 0, ""state"": 0, ""battery_voltage"": 0, ""wifi_rssi"": -51, ""acc_data"": {""ax"": -0.74, ""ay"": -0.56, ""az"": -0.31, ""pitch"": -47.77, ""roll"": -118.57}, ""gyro_data"": {""gx"": -11.71, ""gy"": -2.65, ""gz"": -3.66}, ""gps_data"": {""latitude"": 0, ""longitude"": 0, ""gps_altitude"": 0, ""time"": 19334}, ""alt_data"": {""pressure"": 851.53, ""temperature"": 23.66, ""AGL"": -0.6, ""velocity"": 0, ""kalman_altitude"": -1.13, ""kalman_vertical_velocity"": -4.57}, ""chute_state"": {""pyro1_state"": 0, ""pyro2_state"": 0}, ""connection_status"": {""connected"": true, ""has_ever_connected"": true, ""packet_age_ms"": 1, ""timeout_exceeded"": false, ""rssi"": -51}, ""communication_mode"": ""BEACON"", ""timestamp"": 128901, ""packets_received"": 109, ""kalman_data"": {""altitude"": -1.13, ""vertical_velocity"": -4.57}, ""kalman_altitude"": -1.13, ""kalman_vertical_velocity"": -4.57, ""pyroDrogue"": 0, ""pyroMain"": 0, ""pyro1_state"": 0, ""pyro2_state"": 0}"
1764741501.856592,2025-12-03T08:58:21.856592,568,0,0,-0.73,-0.55,-0.3,-47.48,-118.95,-10.67,-7.99,0.7,0,0,0,19534,851.52,23.66,-0.5,0,0,0,0,-51,-1.12,-4.55,BEACON,"{""record_number"": 568, ""operation_mode"": 0, ""state"": 0, ""battery_voltage"": 0, ""wifi_rssi"": -51, ""acc_data"": {""ax"": -0.73, ""ay"": -0.55, ""az"": -0.3, ""pitch"": -47.48, ""roll"": -118.95}, ""gyro_data"": {""gx"": -10.67, ""gy"": -7.99, ""gz"": 0.7}, ""gps_data"": {""latitude"": 0, ""longitude"": 0, ""gps_altitude"": 0, ""time"": 19534}, ""alt_data"": {""pressure"": 851.52, ""temperature"": 23.66, ""AGL"": -0.5, ""velocity"": 0, ""kalman_altitude"": -1.12, ""kalman_vertical_velocity"": -4.55}, ""chute_state"": {""pyro1_state"": 0, ""pyro2_state"": 0}, ""connection_status"": {""connected"": true, ""has_ever_connected"": true, ""packet_age_ms"": 0, ""timeout_exceeded"": false, ""rssi"": -51}, ""communication_mode"": ""BEACON"", ""timestamp"": 129015, ""packets_received"": 110, ""kalman_data"": {""altitude"": -1.12, ""vertical_velocity"": -4.55}, ""kalman_altitude"": -1.12, ""kalman_vertical_velocity"": -4.55, ""pyroDrogue"": 0, ""pyroMain"": 0, ""pyro1_state"": 0, ""pyro2_state"": 0}"
1764741501.90441,2025-12-03T08:58:21.904410,572,0,0,-0.73,-0.54,-0.29,-46.95,-118.2,-12.56,1.01,-5.52,0,0,0,19534,851.57,23.67,-1.04,0,0,0,0,-52,-1.13,-4.57,BEACON,"{""record_number"": 572, ""operation_mode"": 0, ""state"": 0, ""battery_voltage"": 0, ""wifi_rssi"": -52, ""acc_data"": {""ax"": -0.73, ""ay"": -0.54, ""az"": -0.29, ""pitch"": -46.95, ""roll"": -118.2}, ""gyro_data"": {""gx"": -12.56, ""gy"": 1.01, ""gz"": -5.52}, ""gps_data"": {""latitude"": 0, ""longitude"": 0, ""gps_altitude"": 0, ""time"": 19534}, ""alt_data"": {""pressure"": 851.57, ""temperature"": 23.67, ""AGL"": -1.04, ""velocity"": 0, ""kalman_altitude"": -1.13, ""kalman_vertical_velocity"": -4.57}, ""chute_state"": {""pyro1_state"": 0, ""pyro2_state"": 0}, ""connection_status"": {""connected"": true, ""has_ever_connected"": true, ""packet_age_ms"": 0, ""timeout_exceeded"": false, ""rssi"": -52}, ""communication_mode"": ""BEACON"", ""timestamp"": 129126, ""packets_received"": 111, ""kalman_data"": {""altitude"": -1.13, ""vertical_velocity"": -4.57}, ""kalman_altitude"": -1.13, ""kalman_vertical_velocity"": -4.57, ""pyroDrogue"": 0, ""pyroMain"": 0, ""pyro1_state"": 0, ""pyro2_state"": 0}"
1764741501.987332,2025-12-03T08:58:21.987332,577,0,0,-0.73,-0.56,-0.29,-47.11,-117.35,-8.26,-0.34,-7.01,0,0,0,19739,851.51,23.65,-0.41,0,0,0,0,-51,-1.11,-4.52,BEACON,"{""record_number"": 577, ""operation_mode"": 0, ""state"": 0, ""battery_voltage"": 0, ""wifi_rssi"": -51, ""acc_data"": {""ax"": -0.73, ""ay"": -0.56, ""az"": -0.29, ""pitch"": -47.11, ""roll"": -117.35}, ""gyro_data"": {""gx"": -8.26, ""gy"": -0.34, ""gz"": -7.01}, ""gps_data"": {""latitude"": 0, ""longitude"": 0, ""gps_altitude"": 0, ""time"": 19739}, ""alt_data"": {""pressure"": 851.51, ""temperature"": 23.65, ""AGL"": -0.41, ""velocity"": 0, ""kalman_altitude"": -1.11, ""kalman_vertical_velocity"": -4.52}, ""chute_state"": {""pyro1_state"": 0, ""pyro2_state"": 0}, ""connection_status"": {""connected"": true, ""has_ever_connected"": true, ""packet_age_ms"": 1, ""timeout_exceeded"": false, ""rssi"": -51}, ""communication_mode"": ""BEACON"", ""timestamp"": 129240, ""packets_received"": 112, ""kalman_data"": {""altitude"": -1.11, ""vertical_velocity"": -4.52}, ""kalman_altitude"": -1.11, ""kalman_vertical_velocity"": -4.52, ""pyroDrogue"": 0, ""pyroMain"": 0, ""pyro1_state"": 0, ""pyro2_state"": 0}"
1764741502.03652,2025-12-03T08:58:22.036520,581,0,0,-0.73,-0.55,-0.29,-47.94,-117.36,-5.21,-0.3,-6.83,0,0,0,19739,851.5,23.65,-0.33,0,0,0,0,-51,-1.1,-4.49,BEACON,"{""record_number"": 581, ""operation_mode"": 0, ""state"": 0, ""battery_voltage"": 0, ""wifi_rssi"": -51, ""acc_data"": {""ax"": -0.73, ""ay"": -0.55, ""az"": -0.29, ""pitch"": -47.94, ""roll"": -117.36}, ""gyro_data"": {""gx"": -5.21, ""gy"": -0.3, ""gz"": -6.83}, ""gps_data"": {""latitude"": 0, ""longitude"": 0, ""gps_altitude"": 0, ""time"": 19739}, ""alt_data"": {""pressure"": 851.5, ""temperature"": 23.65, ""AGL"": -0.33, ""velocity"": 0, ""kalman_altitude"": -1.1, ""kalman_vertical_velocity"": -4.49}, ""chute_state"": {""pyro1_state"": 0, ""pyro2_state"": 0}, ""connection_status"": {""connected"": true, ""has_ever_connected"": true, ""packet_age_ms"": 0, ""timeout_exceeded"": false, ""rssi"": -51}, ""communication_mode"": ""BEACON"", ""timestamp"": 129352, ""packets_received"": 113, ""kalman_data"": {""altitude"": -1.1, ""vertical_velocity"": -4.49}, ""kalman_altitude"": -1.1, ""kalman_vertical_velocity"": -4.49, ""pyroDrogue"": 0, ""pyroMain"": 0, ""pyro1_state"": 0, ""pyro2_state"": 0}"
1764741502.103578,2025-12-03T08:58:22.103578,585,0,0,-0.73,-0.55,-0.29,-47.44,-118,-5.61,-0.55,-6.31,0,0,0,19940,851.54,23.65,-0.7,0,0,0,0,-52,-1.09,-4.48,BEACON,"{""record_number"": 585, ""operation_mode"": 0, ""state"": 0, ""battery_voltage"": 0, ""wifi_rssi"": -52, ""acc_data"": {""ax"": -0.73, ""ay"": -0.55, ""az"": -0.29, ""pitch"": -47.44, ""roll"": -118}, ""gyro_data"": {""gx"": -5.61, ""gy"": -0.55, ""gz"": -6.31}, ""gps_data"": {""latitude"": 0, ""longitude"": 0, ""gps_altitude"": 0, ""time"": 19940}, ""alt_data"": {""pressure"": 851.54, ""temperature"": 23.65, ""AGL"": -0.7, ""velocity"": 0, ""kalman_altitude"": -1.09, ""kalman_vertical_velocity"": -4.48}, ""chute_state"": {""pyro1_state"": 0, ""pyro2_state"": 0}, ""connection_status"": {""connected"": true, ""has_ever_connected"": true, ""packet_age_ms"": 0, ""timeout_exceeded"": false, ""rssi"": -52}, ""communication_mode"": ""BEACON"", ""timestamp"": 129465, ""packets_received"": 114, ""kalman_data"": {""altitude"": -1.09, ""vertical_velocity"": -4.48}, ""kalman_altitude"": -1.09, ""kalman_vertical_velocity"": -4.48, ""pyroDrogue"": 0, ""pyroMain"": 0, ""pyro1_state"": 0, ""pyro2_state"": 0}"
1764741502.192594,2025-12-03T08:58:22.192594,590,0,0,-0.73,-0.56,-0.3,-46.82,-117.94,-4.91,-4.3,-1.62,0,0,0,19940,851.53,23.65,-0.63,0,0,0,0,-51,-1.1,-4.5,BEACON,"{""record_number"": 590, ""operation_mode"": 0, ""state"": 0, ""battery_voltage"": 0, ""wifi_rssi"": -51, ""acc_data"": {""ax"": -0.73, ""ay"": -0.56, ""az"": -0.3, ""pitch"": -46.82, ""roll"": -117.94}, ""gyro_data"": {""gx"": -4.91, ""gy"": -4.3, ""gz"": -1.62}, ""gps_data"": {""latitude"": 0, ""longitude"": 0, ""gps_altitude"": 0, ""time"": 19940}, ""alt_data"": {""pressure"": 851.53, ""temperature"": 23.65, ""AGL"": -0.63, ""velocity"": 0, ""kalman_altitude"": -1.1, ""kalman_vertical_velocity"": -4.5}, ""chute_state"": {""pyro1_state"": 0, ""pyro2_state"": 0}, ""connection_status"": {""connected"": true, ""has_ever_connected"": true, ""packet_age_ms"": 1, ""timeout_exceeded"": false, ""rssi"": -51}, ""communication_mode"": ""BEACON"", ""timestamp"": 129579, ""packets_received"": 115, ""kalman_data"": {""altitude"": -1.1, ""vertical_velocity"": -4.5}, ""kalman_altitude"": -1.1, ""kalman_vertical_velocity"": -4.5, ""pyroDrogue"": 0, ""pyroMain"": 0, ""pyro1_state"": 0, ""pyro2_state"": 0}"
1764741502.294461,2025-12-03T08:58:22.294461,594,0,0,-0.74,-0.56,-0.3,-48.02,-117.84,-3.14,-6.4,-1.52,0,0,0,20140,851.54,23.65,-0.72,0,0,0,0,-52,-1.1,-4.5,BEACON,"{""record_number"": 594, ""operation_mode"": 0, ""state"": 0, ""battery_voltage"": 0, ""wifi_rssi"": -52, ""acc_data"": {""ax"": -0.74, ""ay"": -0.56, ""az"": -0.3, ""pitch"": -48.02, ""roll"": -117.84}, ""gyro_data"": {""gx"": -3.14, ""gy"": -6.4, ""gz"": -1.52}, ""gps_data"": {""latitude"": 0, ""longitude"": 0, ""gps_altitude"": 0, ""time"": 20140}, ""alt_data"": {""pressure"": 851.54, ""temperature"": 23.65, ""AGL"": -0.72, ""velocity"": 0, ""kalman_altitude"": -1.1, ""kalman_vertical_velocity"": -4.5}, ""chute_state"": {""pyro1_state"": 0, ""pyro2_state"": 0}, ""connection_status"": {""connected"": true, ""has_ever_connected"": true, ""packet_age_ms"": 1, ""timeout_exceeded"": false, ""rssi"": -52}, ""communication_mode"": ""BEACON"", ""timestamp"": 129692, ""packets_received"": 116, ""kalman_data"": {""altitude"": -1.1, ""vertical_velocity"": -4.5}, ""kalman_altitude"": -1.1, ""kalman_vertical_velocity"": -4.5, ""pyroDrogue"": 0, ""pyroMain"": 0, ""pyro1_state"": 0, ""pyro2_state"": 0}"
1764741502.348678,2025-12-03T08:58:22.348678,598,0,0,-0.73,-0.56,-0.29,-47.27,-117.44,-6.31,0.18,-1.71,0,0,0,20339,851.55,23.66,-0.82,0,0,0,0,-52,-1.1,-4.5,BEACON,"{""record_number"": 598, ""operation_mode"": 0, ""state"": 0, ""battery_voltage"": 0, ""wifi_rssi"": -52, ""acc_data"": {""ax"": -0.73, ""ay"": -0.56, ""az"": -0.29, ""pitch"": -47.27, ""roll"": -117.44}, ""gyro_data"": {""gx"": -6.31, ""gy"": 0.18, ""gz"": -1.71}, ""gps_data"": {""latitude"": 0, ""longitude"": 0, ""gps_altitude"": 0, ""time"": 20339}, ""alt_data"": {""pressure"": 851.55, ""temperature"": 23.66, ""AGL"": -0.82, ""velocity"": 0, ""kalman_altitude"": -1.1, ""kalman_vertical_velocity"": -4.5}, ""chute_state"": {""pyro1_state"": 0, ""pyro2_state"": 0}, ""connection_status"": {""connected"": true, ""has_ever_connected"": true, ""packet_age_ms"": 0, ""timeout_exceeded"": false, ""rssi"": -52}, ""communication_mode"": ""BEACON"", ""timestamp"": 129803, ""packets_received"": 117, ""kalman_data"": {""altitude"": -1.1, ""vertical_velocity"": -4.5}, ""kalman_altitude"": -1.1, ""kalman_vertical_velocity"": -4.5, ""pyroDrogue"": 0, ""pyroMain"": 0, ""pyro1_state"": 0, ""pyro2_state"": 0}"
1764741502.404005,2025-12-03T08:58:22.404005,603,0,0,-0.73,-0.56,-0.31,-46.66,-118.86,-3.26,-1.62,-2.62,0,0,0,20339,851.58,23.65,-1.12,0,0,0,0,-52,-1.1,-4.51,BEACON,"{""record_number"": 603, ""operation_mode"": 0, ""state"": 0, ""battery_voltage"": 0, ""wifi_rssi"": -52, ""acc_data"": {""ax"": -0.73, ""ay"": -0.56, ""az"": -0.31, ""pitch"": -46.66, ""roll"": -118.86}, ""gyro_data"": {""gx"": -3.26, ""gy"": -1.62, ""gz"": -2.62}, ""gps_data"": {""latitude"": 0, ""longitude"": 0, ""gps_altitude"": 0, ""time"": 20339}, ""alt_data"": {""pressure"": 851.58, ""temperature"": 23.65, ""AGL"": -1.12, ""velocity"": 0, ""kalman_altitude"": -1.1, ""kalman_vertical_velocity"": -4.51}, ""chute_state"": {""pyro1_state"": 0, ""pyro2_state"": 0}, ""connection_status"": {""connected"": true, ""has_ever_connected"": true, ""packet_age_ms"": 0, ""timeout_exceeded"": false, ""rssi"": -52}, ""communication_mode"": ""BEACON"", ""timestamp"": 129915, ""packets_received"": 118, ""kalman_data"": {""altitude"": -1.1, ""vertical_velocity"": -4.51}, ""kalman_altitude"": -1.1, ""kalman_vertical_velocity"": -4.51, ""pyroDrogue"": 0, ""pyroMain"": 0, ""pyro1_state"": 0, ""pyro2_state"": 0}"
1764741502.476598,2025-12-03T08:58:22.476598,607,0,0,-0.73,-0.55,-0.3,-46.54,-118.64,-6.77,-2.93,-2.68,0,0,0,20540,851.57,23.67,-1.01,0,0,0,0,-51,-1.11,-4.54,BEACON,"{""record_number"": 607, ""operation_mode"": 0, ""state"": 0, ""battery_voltage"": 0, ""wifi_rssi"": -51, ""acc_data"": {""ax"": -0.73, ""ay"": -0.55, ""az"": -0.3, ""pitch"": -46.54, ""roll"": -118.64}, ""gyro_data"": {""gx"": -6.77, ""gy"": -2.93, ""gz"": -2.68}, ""gps_data"": {""latitude"": 0, ""longitude"": 0, ""gps_altitude"": 0, ""time"": 20540}, ""alt_data"": {""pressure"": 851.57, ""temperature"": 23.67, ""AGL"": -1.01, ""velocity"": 0, ""kalman_altitude"": -1.11, ""kalman_vertical_velocity"": -4.54}, ""chute_state"": {""pyro1_state"": 0, ""pyro2_state"": 0}, ""connection_status"": {""connected"": true, ""has_ever_connected"": true, ""packet_age_ms"": 0, ""timeout_exceeded"": false, ""rssi"": -51}, ""communication_mode"": ""BEACON"", ""timestamp"": 130029, ""packets_received"": 119, ""kalman_data"": {""altitude"": -1.11, ""vertical_velocity"": -4.54}, ""kalman_altitude"": -1.11, ""kalman_vertical_velocity"": -4.54, ""pyroDrogue"": 0, ""pyroMain"": 0, ""pyro1_state"": 0, ""pyro2_state"": 0}"
1764741502.626278,2025-12-03T08:58:22.626278,611,0,0,-0.74,-0.55,-0.31,-48.06,-118.81,-8.93,1.01,-3.6,0,0,0,20540,851.56,23.65,-0.9,0,0,0,0,-49,-1.11,-4.55,BEACON,"{""record_number"": 611, ""operation_mode"": 0, ""state"": 0, ""battery_voltage"": 0, ""wifi_rssi"": -49, ""acc_data"": {""ax"": -0.74, ""ay"": -0.55, ""az"": -0.31, ""pitch"": -48.06, ""roll"": -118.81}, ""gyro_data"": {""gx"": -8.93, ""gy"": 1.01, ""gz"": -3.6}, ""gps_data"": {""latitude"": 0, ""longitude"": 0, ""gps_altitude"": 0, ""time"": 20540}, ""alt_data"": {""pressure"": 851.56, ""temperature"": 23.65, ""AGL"": -0.9, ""velocity"": 0, ""kalman_altitude"": -1.11, ""kalman_vertical_velocity"": -4.55}, ""chute_state"": {""pyro1_state"": 0, ""pyro2_state"": 0}, ""connection_status"": {""connected"": true, ""has_ever_connected"": true, ""packet_age_ms"": 0, ""timeout_exceeded"": false, ""rssi"": -49}, ""communication_mode"": ""BEACON"", ""timestamp"": 130144, ""packets_received"": 120, ""kalman_data"": {""altitude"": -1.11, ""vertical_velocity"": -4.55}, ""kalman_altitude"": -1.11, ""kalman_vertical_velocity"": -4.55, ""pyroDrogue"": 0, ""pyroMain"": 0, ""pyro1_state"": 0, ""pyro2_state"": 0}"
1764741502.931985,2025-12-03T08:58:22.931985,616,0,0,-0.73,-0.54,-0.29,-47.23,-119.12,-8.35,-4.97,-3.78,0,0,0,20745,851.55,23.65,-0.79,0,0,0,0,-52,-1.11,-4.55,BEACON,"{""record_number"": 616, ""operation_mode"": 0, ""state"": 0, ""battery_voltage"": 0, ""wifi_rssi"": -52, ""acc_data"": {""ax"": -0.73, ""ay"": -0.54, ""az"": -0.29, ""pitch"": -47.23, ""roll"": -119.12}, ""gyro_data"": {""gx"": -8.35, ""gy"": -4.97, ""gz"": -3.78}, ""gps_data"": {""latitude"": 0, ""longitude"": 0, ""gps_altitude"": 0, ""time"": 20745}, ""alt_data"": {""pressure"": 851.55, ""temperature"": 23.65, ""AGL"": -0.79, ""velocity"": 0, ""kalman_altitude"": -1.11, ""kalman_vertical_velocity"": -4.55}, ""chute_state"": {""pyro1_state"": 0, ""pyro2_state"": 0}, ""connection_status"": {""connected"": true, ""has_ever_connected"": true, ""packet_age_ms"": 0, ""timeout_exceeded"": false, ""rssi"": -52}, ""communication_mode"": ""BEACON"", ""timestamp"": 130271, ""packets_received"": 121, ""kalman_data"": {""altitude"": -1.11, ""vertical_velocity"": -4.55}, ""kalman_altitude"": -1.11, ""kalman_vertical_velocity"": -4.55, ""pyroDrogue"": 0, ""pyroMain"": 0, ""pyro1_state"": 0, ""pyro2_state"": 0}"
1764741503.024935,2025-12-03T08:58:23.024935,620,0,0,-0.74,-0.55,-0.29,-47.23,-117.88,-10.73,-6.83,-5,0,0,0,20745,851.55,23.65,-0.8,0,0,0,0,-51,-1.11,-4.56,BEACON,"{""record_number"": 620, ""operation_mode"": 0, ""state"": 0, ""battery_voltage"": 0, ""wifi_rssi"": -51, ""acc_data"": {""ax"": -0.74, ""ay"": -0.55, ""az"": -0.29, ""pitch"": -47.23, ""roll"": -117.88}, ""gyro_data"": {""gx"": -10.73, ""gy"": -6.83, ""gz"": -5}, ""gps_data"": {""latitude"": 0, ""longitude"": 0, ""gps_altitude"": 0, ""time"": 20745}, ""alt_data"": {""pressure"": 851.55, ""temperature"": 23.65, ""AGL"": -0.8, ""velocity"": 0, ""kalman_altitude"": -1.11, ""kalman_vertical_velocity"": -4.56}, ""chute_state"": {""pyro1_state"": 0, ""pyro2_state"": 0}, ""connection_status"": {""connected"": true, ""has_ever_connected"": true, ""packet_age_ms"": 0, ""timeout_exceeded"": false, ""rssi"": -51}, ""communication_mode"": ""BEACON"", ""timestamp"": 130367, ""packets_received"": 122, ""kalman_data"": {""altitude"": -1.11, ""vertical_velocity"": -4.56}, ""kalman_altitude"": -1.11, ""kalman_vertical_velocity"": -4.56, ""pyroDrogue"": 0, ""pyroMain"": 0, ""pyro1_state"": 0, ""pyro2_state"": 0}"
1764741503.369094,2025-12-03T08:58:23.369094,624,0,0,-0.73,-0.56,-0.3,-46.95,-118.05,-9.24,-0.79,-7.41,0,0,0,20945,851.55,23.65,-0.75,0,0,0,0,-51,-1.11,-4.55,BEACON,"{""record_number"": 624, ""operation_mode"": 0, ""state"": 0, ""battery_voltage"": 0, ""wifi_rssi"": -51, ""acc_data"": {""ax"": -0.73, ""ay"": -0.56, ""az"": -0.3, ""pitch"": -46.95, ""roll"": -118.05}, ""gyro_data"": {""gx"": -9.24, ""gy"": -0.79, ""gz"": -7.41}, ""gps_data"": {""latitude"": 0, ""longitude"": 0, ""gps_altitude"": 0, ""time"": 20945}, ""alt_data"": {""pressure"": 851.55, ""temperature"": 23.65, ""AGL"": -0.75, ""velocity"": 0, ""kalman_altitude"": -1.11, ""kalman_vertical_velocity"": -4.55}, ""chute_state"": {""pyro1_state"": 0, ""pyro2_state"": 0}, ""connection_status"": {""connected"": true, ""has_ever_connected"": true, ""packet_age_ms"": 0, ""timeout_exceeded"": false, ""rssi"": -51}, ""communication_mode"": ""BEACON"", ""timestamp"": 130480, ""packets_received"": 123, ""kalman_data"": {""altitude"": -1.11, ""vertical_velocity"": -4.55}, ""kalman_altitude"": -1.11, ""kalman_vertical_velocity"": -4.55, ""pyroDrogue"": 0, ""pyroMain"": 0, ""pyro1_state"": 0, ""pyro2_state"": 0}"
1764741503.435626,2025-12-03T08:58:23.435626,628,0,0,-0.74,-0.55,-0.29,-47.69,-117.8,-7.87,-4.33,-3.99,0,0,0,20945,851.51,23.65,-0.4,0,0,0,0,-51,-1.09,-4.52,BEACON,"{""record_number"": 628, ""operation_mode"": 0, ""state"": 0, ""battery_voltage"": 0, ""wifi_rssi"": -51, ""acc_data"": {""ax"": -0.74, ""ay"": -0.55, ""az"": -0.29, ""pitch"": -47.69, ""roll"": -117.8}, ""gyro_data"": {""gx"": -7.87, ""gy"": -4.33, ""gz"": -3.99}, ""gps_data"": {""latitude"": 0, ""longitude"": 0, ""gps_altitude"": 0, ""time"": 20945}, ""alt_data"": {""pressure"": 851.51, ""temperature"": 23.65, ""AGL"": -0.4, ""velocity"": 0, ""kalman_altitude"": -1.09, ""kalman_vertical_velocity"": -4.52}, ""chute_state"": {""pyro1_state"": 0, ""pyro2_state"": 0}, ""connection_status"": {""connected"": true, ""has_ever_connected"": true, ""packet_age_ms"": 0, ""timeout_exceeded"": false, ""rssi"": -51}, ""communication_mode"": ""BEACON"", ""timestamp"": 130593, ""packets_received"": 124, ""kalman_data"": {""altitude"": -1.09, ""vertical_velocity"": -4.52}, ""kalman_altitude"": -1.09, ""kalman_vertical_velocity"": -4.52, ""pyroDrogue"": 0, ""pyroMain"": 0, ""pyro1_state"": 0, ""pyro2_state"": 0}"
1764741503.469626,2025-12-03T08:58:23.469626,633,0,0,-0.73,-0.55,-0.29,-46.9,-118.99,-5.82,-1.25,-2.59,0,0,0,21145,851.51,23.65,-0.4,0,0,0,0,-51,-1.07,-4.48,BEACON,"{""record_number"": 633, ""operation_mode"": 0, ""state"": 0, ""battery_voltage"": 0, ""wifi_rssi"": -51, ""acc_data"": {""ax"": -0.73, ""ay"": -0.55, ""az"": -0.29, ""pitch"": -46.9, ""roll"": -118.99}, ""gyro_data"": {""gx"": -5.82, ""gy"": -1.25, ""gz"": -2.59}, ""gps_data"": {""latitude"": 0, ""longitude"": 0, ""gps_altitude"": 0, ""time"": 21145}, ""alt_data"": {""pressure"": 851.51, ""temperature"": 23.65, ""AGL"": -0.4, ""velocity"": 0, ""kalman_altitude"": -1.07, ""kalman_vertical_velocity"": -4.48}, ""chute_state"": {""pyro1_state"": 0, ""pyro2_state"": 0}, ""connection_status"": {""connected"": true, ""has_ever_connected"": true, ""packet_age_ms"": 0, ""timeout_exceeded"": false, ""rssi"": -51}, ""communication_mode"": ""BEACON"", ""timestamp"": 130705, ""packets_received"": 125, ""kalman_data"": {""altitude"": -1.07, ""vertical_velocity"": -4.48}, ""kalman_altitude"": -1.07, ""kalman_vertical_velocity"": -4.48, ""pyroDrogue"": 0, ""pyroMain"": 0, ""pyro1_state"": 0, ""pyro2_state"": 0}"
1764741503.53795,2025-12-03T08:58:23.537950,637,0,0,-0.73,-0.57,-0.29,-46.62,-118,-2.13,-7.23,1.71,0,0,0,21345,851.48,23.64,-0.1,0,0,0,0,-51,-1.04,-4.41,BEACON,"{""record_number"": 637, ""operation_mode"": 0, ""state"": 0, ""battery_voltage"": 0, ""wifi_rssi"": -51, ""acc_data"": {""ax"": -0.73, ""ay"": -0.57, ""az"": -0.29, ""pitch"": -46.62, ""roll"": -118}, ""gyro_data"": {""gx"": -2.13, ""gy"": -7.23, ""gz"": 1.71}, ""gps_data"": {""latitude"": 0, ""longitude"": 0, ""gps_altitude"": 0, ""time"": 21345}, ""alt_data"": {""pressure"": 851.48, ""temperature"": 23.64, ""AGL"": -0.1, ""velocity"": 0, ""kalman_altitude"": -1.04, ""kalman_vertical_velocity"": -4.41}, ""chute_state"": {""pyro1_state"": 0, ""pyro2_state"": 0}, ""connection_status"": {""connected"": true, ""has_ever_connected"": true, ""packet_age_ms"": 0, ""timeout_exceeded"": false, ""rssi"": -51}, ""communication_mode"": ""BEACON"", ""timestamp"": 130818, ""packets_received"": 126, ""kalman_data"": {""altitude"": -1.04, ""vertical_velocity"": -4.41}, ""kalman_altitude"": -1.04, ""kalman_vertical_velocity"": -4.41, ""pyroDrogue"": 0, ""pyroMain"": 0, ""pyro1_state"": 0, ""pyro2_state"": 0}"
1764741503.61975,2025-12-03T08:58:23.619750,641,0,0,-0.74,-0.54,-0.3,-47.11,-119.19,-6.68,-0.7,-4.7,0,0,0,21345,851.54,23.65,-0.68,0,0,0,0,-51,-1.03,-4.4,BEACON,"{""record_number"": 641, ""operation_mode"": 0, ""state"": 0, ""battery_voltage"": 0, ""wifi_rssi"": -51, ""acc_data"": {""ax"": -0.74, ""ay"": -0.54, ""az"": -0.3, ""pitch"": -47.11, ""roll"": -119.19}, ""gyro_data"": {""gx"": -6.68, ""gy"": -0.7, ""gz"": -4.7}, ""gps_data"": {""latitude"": 0, ""longitude"": 0, ""gps_altitude"": 0, ""time"": 21345}, ""alt_data"": {""pressure"": 851.54, ""temperature"": 23.65, ""AGL"": -0.68, ""velocity"": 0, ""kalman_altitude"": -1.03, ""kalman_vertical_velocity"": -4.4}, ""chute_state"": {""pyro1_state"": 0, ""pyro2_state"": 0}, ""connection_status"": {""connected"": true, ""has_ever_connected"": true, ""packet_age_ms"": 0, ""timeout_exceeded"": false, ""rssi"": -51}, ""communication_mode"": ""BEACON"", ""timestamp"": 130931, ""packets_received"": 127, ""kalman_data"": {""altitude"": -1.03, ""vertical_velocity"": -4.4}, ""kalman_altitude"": -1.03, ""kalman_vertical_velocity"": -4.4, ""pyroDrogue"": 0, ""pyroMain"": 0, ""pyro1_state"": 0, ""pyro2_state"": 0}"
1764741503.682216,2025-12-03T08:58:23.682216,646,0,0,-0.74,-0.57,-0.28,-47.03,-117.46,-3.23,-5.09,0,0,0,0,21545,851.54,23.65,-0.68,0,0,0,0,-50,-1.03,-4.4,BEACON,"{""record_number"": 646, ""operation_mode"": 0, ""state"": 0, ""battery_voltage"": 0, ""wifi_rssi"": -50, ""acc_data"": {""ax"": -0.74, ""ay"": -0.57, ""az"": -0.28, ""pitch"": -47.03, ""roll"": -117.46}, ""gyro_data"": {""gx"": -3.23, ""gy"": -5.09, ""gz"": 0}, ""gps_data"": {""latitude"": 0, ""longitude"": 0, ""gps_altitude"": 0, ""time"": 21545}, ""alt_data"": {""pressure"": 851.54, ""temperature"": 23.65, ""AGL"": -0.68, ""velocity"": 0, ""kalman_altitude"": -1.03, ""kalman_vertical_velocity"": -4.4}, ""chute_state"": {""pyro1_state"": 0, ""pyro2_state"": 0}, ""connection_status"": {""connected"": true, ""has_ever_connected"": true, ""packet_age_ms"": 0, ""timeout_exceeded"": false, ""rssi"": -50}, ""communication_mode"": ""BEACON"", ""timestamp"": 131044, ""packets_received"": 128, ""kalman_data"": {""altitude"": -1.03, ""vertical_velocity"": -4.4}, ""kalman_altitude"": -1.03, ""kalman_vertical_velocity"": -4.4, ""pyroDrogue"": 0, ""pyroMain"": 0, ""pyro1_state"": 0, ""pyro2_state"": 0}"
1764741503.804728,2025-12-03T08:58:23.804728,650,0,0,-0.74,-0.56,-0.3,-47.48,-117.09,-5.27,0.43,-4.6,0,0,0,21545,851.58,23.65,-1.07,0,0,0,0,-50,-1.04,-4.44,BEACON,"{""record_number"": 650, ""operation_mode"": 0, ""state"": 0, ""battery_voltage"": 0, ""wifi_rssi"": -50, ""acc_data"": {""ax"": -0.74, ""ay"": -0.56, ""az"": -0.3, ""pitch"": -47.48, ""roll"": -117.09}, ""gyro_data"": {""gx"": -5.27, ""gy"": 0.43, ""gz"": -4.6}, ""gps_data"": {""latitude"": 0, ""longitude"": 0, ""gps_altitude"": 0, ""time"": 21545}, ""alt_data"": {""pressure"": 851.58, ""temperature"": 23.65, ""AGL"": -1.07, ""velocity"": 0, ""kalman_altitude"": -1.04, ""kalman_vertical_velocity"": -4.44}, ""chute_state"": {""pyro1_state"": 0, ""pyro2_state"": 0}, ""connection_status"": {""connected"": true, ""has_ever_connected"": true, ""packet_age_ms"": 0, ""timeout_exceeded"": false, ""rssi"": -50}, ""communication_mode"": ""BEACON"", ""timestamp"": 131157, ""packets_received"": 129, ""kalman_data"": {""altitude"": -1.04, ""vertical_velocity"": -4.44}, ""kalman_altitude"": -1.04, ""kalman_vertical_velocity"": -4.44, ""pyroDrogue"": 0, ""pyroMain"": 0, ""pyro1_state"": 0, ""pyro2_state"": 0}"
1764741503.970429,2025-12-03T08:58:23.970429,654,0,0,-0.73,-0.54,-0.3,-47.27,-118.44,-0.3,0.91,-7.99,0,0,0,21750,851.57,23.65,-1.02,0,0,0,0,-51,-1.07,-4.51,BEACON,"{""record_number"": 654, ""operation_mode"": 0, ""state"": 0, ""battery_voltage"": 0, ""wifi_rssi"": -51, ""acc_data"": {""ax"": -0.73, ""ay"": -0.54, ""az"": -0.3, ""pitch"": -47.27, ""roll"": -118.44}, ""gyro_data"": {""gx"": -0.3, ""gy"": 0.91, ""gz"": -7.99}, ""gps_data"": {""latitude"": 0, ""longitude"": 0, ""gps_altitude"": 0, ""time"": 21750}, ""alt_data"": {""pressure"": 851.57, ""temperature"": 23.65, ""AGL"": -1.02, ""velocity"": 0, ""kalman_altitude"": -1.07, ""kalman_vertical_velocity"": -4.51}, ""chute_state"": {""pyro1_state"": 0, ""pyro2_state"": 0}, ""connection_status"": {""connected"": true, ""has_ever_connected"": true, ""packet_age_ms"": 0, ""timeout_exceeded"": false, ""rssi"": -51}, ""communication_mode"": ""BEACON"", ""timestamp"": 131269, ""packets_received"": 130, ""kalman_data"": {""altitude"": -1.07, ""vertical_velocity"": -4.51}, ""kalman_altitude"": -1.07, ""kalman_vertical_velocity"": -4.51, ""pyroDrogue"": 0, ""pyroMain"": 0, ""pyro1_state"": 0, ""pyro2_state"": 0}"
1764741504.134983,2025-12-03T08:58:24.134983,658,0,0,-0.74,-0.56,-0.31,-47.52,-118.05,-1.92,-4.33,-6.16,0,0,0,21750,851.54,23.64,-0.69,0,0,0,0,-51,-1.06,-4.5,BEACON,"{""record_number"": 658, ""operation_mode"": 0, ""state"": 0, ""battery_voltage"": 0, ""wifi_rssi"": -51, ""acc_data"": {""ax"": -0.74, ""ay"": -0.56, ""az"": -0.31, ""pitch"": -47.52, ""roll"": -118.05}, ""gyro_data"": {""gx"": -1.92, ""gy"": -4.33, ""gz"": -6.16}, ""gps_data"": {""latitude"": 0, ""longitude"": 0, ""gps_altitude"": 0, ""time"": 21750}, ""alt_data"": {""pressure"": 851.54, ""temperature"": 23.64, ""AGL"": -0.69, ""velocity"": 0, ""kalman_altitude"": -1.06, ""kalman_vertical_velocity"": -4.5}, ""chute_state"": {""pyro1_state"": 0, ""pyro2_state"": 0}, ""connection_status"": {""connected"": true, ""has_ever_connected"": true, ""packet_age_ms"": 0, ""timeout_exceeded"": false, ""rssi"": -51}, ""communication_mode"": ""BEACON"", ""timestamp"": 131382, ""packets_received"": 131, ""kalman_data"": {""altitude"": -1.06, ""vertical_velocity"": -4.5}, ""kalman_altitude"": -1.06, ""kalman_vertical_velocity"": -4.5, ""pyroDrogue"": 0, ""pyroMain"": 0, ""pyro1_state"": 0, ""pyro2_state"": 0}"
1764741504.344985,2025-12-03T08:58:24.344985,663,0,0,-0.74,-0.57,-0.31,-47.73,-118.7,-5.55,-3.99,-0.46,0,0,0,21950,851.56,23.65,-0.93,0,0,0,0,-51,-1.07,-4.52,BEACON,"{""record_number"": 663, ""operation_mode"": 0, ""state"": 0, ""battery_voltage"": 0, ""wifi_rssi"": -51, ""acc_data"": {""ax"": -0.74, ""ay"": -0.57, ""az"": -0.31, ""pitch"": -47.73, ""roll"": -118.7}, ""gyro_data"": {""gx"": -5.55, ""gy"": -3.99, ""gz"": -0.46}, ""gps_data"": {""latitude"": 0, ""longitude"": 0, ""gps_altitude"": 0, ""time"": 21950}, ""alt_data"": {""pressure"": 851.56, ""temperature"": 23.65, ""AGL"": -0.93, ""velocity"": 0, ""kalman_altitude"": -1.07, ""kalman_vertical_velocity"": -4.52}, ""chute_state"": {""pyro1_state"": 0, ""pyro2_state"": 0}, ""connection_status"": {""connected"": true, ""has_ever_connected"": true, ""packet_age_ms"": 0, ""timeout_exceeded"": false, ""rssi"": -51}, ""communication_mode"": ""BEACON"", ""timestamp"": 131495, ""packets_received"": 132, ""kalman_data"": {""altitude"": -1.07, ""vertical_velocity"": -4.52}, ""kalman_altitude"": -1.07, ""kalman_vertical_velocity"": -4.52, ""pyroDrogue"": 0, ""pyroMain"": 0, ""pyro1_state"": 0, ""pyro2_state"": 0}"
1764741504.445224,2025-12-03T08:58:24.445224,667,0,0,-0.74,-0.55,-0.3,-47.27,-118.95,-11.71,-5.67,-2.77,0,0,0,21950,851.56,23.65,-0.91,0,0,0,0,-50,-1.08,-4.56,BEACON,"{""record_number"": 667, ""operation_mode"": 0, ""state"": 0, ""battery_voltage"": 0, ""wifi_rssi"": -50, ""acc_data"": {""ax"": -0.74, ""ay"": -0.55, ""az"": -0.3, ""pitch"": -47.27, ""roll"": -118.95}, ""gyro_data"": {""gx"": -11.71, ""gy"": -5.67, ""gz"": -2.77}, ""gps_data"": {""latitude"": 0, ""longitude"": 0, ""gps_altitude"": 0, ""time"": 21950}, ""alt_data"": {""pressure"": 851.56, ""temperature"": 23.65, ""AGL"": -0.91, ""velocity"": 0, ""kalman_altitude"": -1.08, ""kalman_vertical_velocity"": -4.56}, ""chute_state"": {""pyro1_state"": 0, ""pyro2_state"": 0}, ""connection_status"": {""connected"": true, ""has_ever_connected"": true, ""packet_age_ms"": 0, ""timeout_exceeded"": false, ""rssi"": -50}, ""communication_mode"": ""BEACON"", ""timestamp"": 131609, ""packets_received"": 133, ""kalman_data"": {""altitude"": -1.08, ""vertical_velocity"": -4.56}, ""kalman_altitude"": -1.08, ""kalman_vertical_velocity"": -4.56, ""pyroDrogue"": 0, ""pyroMain"": 0, ""pyro1_state"": 0, ""pyro2_state"": 0}"
1764741504.576848,2025-12-03T08:58:24.576848,671,0,0,-0.72,-0.56,-0.3,-47.48,-117.64,-7.29,-3.75,-3.29,0,0,0,22150,851.57,23.65,-0.97,0,0,0,0,-51,-1.09,-4.58,BEACON,"{""record_number"": 671, ""operation_mode"": 0, ""state"": 0, ""battery_voltage"": 0, ""wifi_rssi"": -51, ""acc_data"": {""ax"": -0.72, ""ay"": -0.56, ""az"": -0.3, ""pitch"": -47.48, ""roll"": -117.64}, ""gyro_data"": {""gx"": -7.29, ""gy"": -3.75, ""gz"": -3.29}, ""gps_data"": {""latitude"": 0, ""longitude"": 0, ""gps_altitude"": 0, ""time"": 22150}, ""alt_data"": {""pressure"": 851.57, ""temperature"": 23.65, ""AGL"": -0.97, ""velocity"": 0, ""kalman_altitude"": -1.09, ""kalman_vertical_velocity"": -4.58}, ""chute_state"": {""pyro1_state"": 0, ""pyro2_state"": 0}, ""connection_status"": {""connected"": true, ""has_ever_connected"": true, ""packet_age_ms"": 0, ""timeout_exceeded"": false, ""rssi"": -51}, ""communication_mode"": ""BEACON"", ""timestamp"": 131721, ""packets_received"": 134, ""kalman_data"": {""altitude"": -1.09, ""vertical_velocity"": -4.58}, ""kalman_altitude"": -1.09, ""kalman_vertical_velocity"": -4.58, ""pyroDrogue"": 0, ""pyroMain"": 0, ""pyro1_state"": 0, ""pyro2_state"": 0}"
1764741504.70835,2025-12-03T08:58:24.708350,676,0,0,-0.74,-0.57,-0.29,-47.15,-117.23,-8.05,2.29,-6.83,0,0,0,22350,851.58,23.66,-1.06,0,0,0,0,-51,-1.1,-4.61,BEACON,"{""record_number"": 676, ""operation_mode"": 0, ""state"": 0, ""battery_voltage"": 0, ""wifi_rssi"": -51, ""acc_data"": {""ax"": -0.74, ""ay"": -0.57, ""az"": -0.29, ""pitch"": -47.15, ""roll"": -117.23}, ""gyro_data"": {""gx"": -8.05, ""gy"": 2.29, ""gz"": -6.83}, ""gps_data"": {""latitude"": 0, ""longitude"": 0, ""gps_altitude"": 0, ""time"": 22350}, ""alt_data"": {""pressure"": 851.58, ""temperature"": 23.66, ""AGL"": -1.06, ""velocity"": 0, ""kalman_altitude"": -1.1, ""kalman_vertical_velocity"": -4.61}, ""chute_state"": {""pyro1_state"": 0, ""pyro2_state"": 0}, ""connection_status"": {""connected"": true, ""has_ever_connected"": true, ""packet_age_ms"": 1, ""timeout_exceeded"": false, ""rssi"": -51}, ""communication_mode"": ""BEACON"", ""timestamp"": 131835, ""packets_received"": 135, ""kalman_data"": {""altitude"": -1.1, ""vertical_velocity"": -4.61}, ""kalman_altitude"": -1.1, ""kalman_vertical_velocity"": -4.61, ""pyroDrogue"": 0, ""pyroMain"": 0, ""pyro1_state"": 0, ""pyro2_state"": 0}"
1764741504.811446,2025-12-03T08:58:24.811446,680,0,0,-0.73,-0.56,-0.3,-47.44,-118.94,-9.54,-5.46,-1.98,0,0,0,22350,851.59,23.65,-1.19,0,0,0,0,-51,-1.15,-4.71,BEACON,"{""record_number"": 680, ""operation_mode"": 0, ""state"": 0, ""battery_voltage"": 0, ""wifi_rssi"": -51, ""acc_data"": {""ax"": -0.73, ""ay"": -0.56, ""az"": -0.3, ""pitch"": -47.44, ""roll"": -118.94}, ""gyro_data"": {""gx"": -9.54, ""gy"": -5.46, ""gz"": -1.98}, ""gps_data"": {""latitude"": 0, ""longitude"": 0, ""gps_altitude"": 0, ""time"": 22350}, ""alt_data"": {""pressure"": 851.59, ""temperature"": 23.65, ""AGL"": -1.19, ""velocity"": 0, ""kalman_altitude"": -1.15, ""kalman_vertical_velocity"": -4.71}, ""chute_state"": {""pyro1_state"": 0, ""pyro2_state"": 0}, ""connection_status"": {""connected"": true, ""has_ever_connected"": true, ""packet_age_ms"": 1, ""timeout_exceeded"": false, ""rssi"": -51}, ""communication_mode"": ""BEACON"", ""timestamp"": 131947, ""packets_received"": 136, ""kalman_data"": {""altitude"": -1.15, ""vertical_velocity"": -4.71}, ""kalman_altitude"": -1.15, ""kalman_vertical_velocity"": -4.71, ""pyroDrogue"": 0, ""pyroMain"": 0, ""pyro1_state"": 0, ""pyro2_state"": 0}"
1764741504.883063,2025-12-03T08:58:24.883063,684,0,0,-0.73,-0.55,-0.28,-46.29,-118.04,-3.87,-6.13,-2.38,0,0,0,22550,851.55,23.65,-0.84,0,0,0,0,-52,-1.14,-4.7,BEACON,"{""record_number"": 684, ""operation_mode"": 0, ""state"": 0, ""battery_voltage"": 0, ""wifi_rssi"": -52, ""acc_data"": {""ax"": -0.73, ""ay"": -0.55, ""az"": -0.28, ""pitch"": -46.29, ""roll"": -118.04}, ""gyro_data"": {""gx"": -3.87, ""gy"": -6.13, ""gz"": -2.38}, ""gps_data"": {""latitude"": 0, ""longitude"": 0, ""gps_altitude"": 0, ""time"": 22550}, ""alt_data"": {""pressure"": 851.55, ""temperature"": 23.65, ""AGL"": -0.84, ""velocity"": 0, ""kalman_altitude"": -1.14, ""kalman_vertical_velocity"": -4.7}, ""chute_state"": {""pyro1_state"": 0, ""pyro2_state"": 0}, ""connection_status"": {""connected"": true, ""has_ever_connected"": true, ""packet_age_ms"": 0, ""timeout_exceeded"": false, ""rssi"": -52}, ""communication_mode"": ""BEACON"", ""timestamp"": 132059, ""packets_received"": 137, ""kalman_data"": {""altitude"": -1.14, ""vertical_velocity"": -4.7}, ""kalman_altitude"": -1.14, ""kalman_vertical_velocity"": -4.7, ""pyroDrogue"": 0, ""pyroMain"": 0, ""pyro1_state"": 0, ""pyro2_state"": 0}"
1764741504.930835,2025-12-03T08:58:24.930835,689,0,0,-0.73,-0.56,-0.3,-46.46,-118.42,-5.21,-4.12,-3.72,0,0,0,22550,851.53,23.65,-0.65,0,0,0,0,-51,-1.12,-4.67,BEACON,"{""record_number"": 689, ""operation_mode"": 0, ""state"": 0, ""battery_voltage"": 0, ""wifi_rssi"": -51, ""acc_data"": {""ax"": -0.73, ""ay"": -0.56, ""az"": -0.3, ""pitch"": -46.46, ""roll"": -118.42}, ""gyro_data"": {""gx"": -5.21, ""gy"": -4.12, ""gz"": -3.72}, ""gps_data"": {""latitude"": 0, ""longitude"": 0, ""gps_altitude"": 0, ""time"": 22550}, ""alt_data"": {""pressure"": 851.53, ""temperature"": 23.65, ""AGL"": -0.65, ""velocity"": 0, ""kalman_altitude"": -1.12, ""kalman_vertical_velocity"": -4.67}, ""chute_state"": {""pyro1_state"": 0, ""pyro2_state"": 0}, ""connection_status"": {""connected"": true, ""has_ever_connected"": true, ""packet_age_ms"": 1, ""timeout_exceeded"": false, ""rssi"": -51}, ""communication_mode"": ""BEACON"", ""timestamp"": 132172, ""packets_received"": 138, ""kalman_data"": {""altitude"": -1.12, ""vertical_velocity"": -4.67}, ""kalman_altitude"": -1.12, ""kalman_vertical_velocity"": -4.67, ""pyroDrogue"": 0, ""pyroMain"": 0, ""pyro1_state"": 0, ""pyro2_state"": 0}"
1764741505.036947,2025-12-03T08:58:25.036947,693,0,0,-0.73,-0.56,-0.3,-46.78,-118.08,-5.03,-2.9,-4.02,0,0,0,22755,851.57,23.65,-1.04,0,0,0,0,-51,-1.15,-4.74,BEACON,"{""record_number"": 693, ""operation_mode"": 0, ""state"": 0, ""battery_voltage"": 0, ""wifi_rssi"": -51, ""acc_data"": {""ax"": -0.73, ""ay"": -0.56, ""az"": -0.3, ""pitch"": -46.78, ""roll"": -118.08}, ""gyro_data"": {""gx"": -5.03, ""gy"": -2.9, ""gz"": -4.02}, ""gps_data"": {""latitude"": 0, ""longitude"": 0, ""gps_altitude"": 0, ""time"": 22755}, ""alt_data"": {""pressure"": 851.57, ""temperature"": 23.65, ""AGL"": -1.04, ""velocity"": 0, ""kalman_altitude"": -1.15, ""kalman_vertical_velocity"": -4.74}, ""chute_state"": {""pyro1_state"": 0, ""pyro2_state"": 0}, ""connection_status"": {""connected"": true, ""has_ever_connected"": true, ""packet_age_ms"": 1, ""timeout_exceeded"": false, ""rssi"": -51}, ""communication_mode"": ""BEACON"", ""timestamp"": 132285, ""packets_received"": 139, ""kalman_data"": {""altitude"": -1.15, ""vertical_velocity"": -4.74}, ""kalman_altitude"": -1.15, ""kalman_vertical_velocity"": -4.74, ""pyroDrogue"": 0, ""pyroMain"": 0, ""pyro1_state"": 0, ""pyro2_state"": 0}"
1764741505.086192,2025-12-03T08:58:25.086192,697,0,0,-0.73,-0.55,-0.3,-46.99,-118.31,-6.07,-8.23,-5.91,0,0,0,22755,851.55,23.65,-0.79,0,0,0,0,-52,-1.14,-4.73,BEACON,"{""record_number"": 697, ""operation_mode"": 0, ""state"": 0, ""battery_voltage"": 0, ""wifi_rssi"": -52, ""acc_data"": {""ax"": -0.73, ""ay"": -0.55, ""az"": -0.3, ""pitch"": -46.99, ""roll"": -118.31}, ""gyro_data"": {""gx"": -6.07, ""gy"": -8.23, ""gz"": -5.91}, ""gps_data"": {""latitude"": 0, ""longitude"": 0, ""gps_altitude"": 0, ""time"": 22755}, ""alt_data"": {""pressure"": 851.55, ""temperature"": 23.65, ""AGL"": -0.79, ""velocity"": 0, ""kalman_altitude"": -1.14, ""kalman_vertical_velocity"": -4.73}, ""chute_state"": {""pyro1_state"": 0, ""pyro2_state"": 0}, ""connection_status"": {""connected"": true, ""has_ever_connected"": true, ""packet_age_ms"": 1, ""timeout_exceeded"": false, ""rssi"": -52}, ""communication_mode"": ""BEACON"", ""timestamp"": 132398, ""packets_received"": 140, ""kalman_data"": {""altitude"": -1.14, ""vertical_velocity"": -4.73}, ""kalman_altitude"": -1.14, ""kalman_vertical_velocity"": -4.73, ""pyroDrogue"": 0, ""pyroMain"": 0, ""pyro1_state"": 0, ""pyro2_state"": 0}"
1764741505.147973,2025-12-03T08:58:25.147973,702,0,0,-0.74,-0.55,-0.3,-48.02,-118.51,-14.15,-2.01,-3.87,0,0,0,22954,851.54,23.64,-0.74,0,0,0,0,-51,-1.13,-4.71,BEACON,"{""record_number"": 702, ""operation_mode"": 0, ""state"": 0, ""battery_voltage"": 0, ""wifi_rssi"": -51, ""acc_data"": {""ax"": -0.74, ""ay"": -0.55, ""az"": -0.3, ""pitch"": -48.02, ""roll"": -118.51}, ""gyro_data"": {""gx"": -14.15, ""gy"": -2.01, ""gz"": -3.87}, ""gps_data"": {""latitude"": 0, ""longitude"": 0, ""gps_altitude"": 0, ""time"": 22954}, ""alt_data"": {""pressure"": 851.54, ""temperature"": 23.64, ""AGL"": -0.74, ""velocity"": 0, ""kalman_altitude"": -1.13, ""kalman_vertical_velocity"": -4.71}, ""chute_state"": {""pyro1_state"": 0, ""pyro2_state"": 0}, ""connection_status"": {""connected"": true, ""has_ever_connected"": true, ""packet_age_ms"": 1, ""timeout_exceeded"": false, ""rssi"": -51}, ""communication_mode"": ""BEACON"", ""timestamp"": 132510, ""packets_received"": 141, ""kalman_data"": {""altitude"": -1.13, ""vertical_velocity"": -4.71}, ""kalman_altitude"": -1.13, ""kalman_vertical_velocity"": -4.71, ""pyroDrogue"": 0, ""pyroMain"": 0, ""pyro1_state"": 0, ""pyro2_state"": 0}"
1764741505.755153,2025-12-03T08:58:25.755153,706,0,0,-0.74,-0.55,-0.29,-46.74,-117.68,-12.16,-9.63,2.07,0,0,0,23154,851.53,23.64,-0.64,0,0,0,0,-51,-1.11,-4.68,BEACON,"{""record_number"": 706, ""operation_mode"": 0, ""state"": 0, ""battery_voltage"": 0, ""wifi_rssi"": -51, ""acc_data"": {""ax"": -0.74, ""ay"": -0.55, ""az"": -0.29, ""pitch"": -46.74, ""roll"": -117.68}, ""gyro_data"": {""gx"": -12.16, ""gy"": -9.63, ""gz"": 2.07}, ""gps_data"": {""latitude"": 0, ""longitude"": 0, ""gps_altitude"": 0, ""time"": 23154}, ""alt_data"": {""pressure"": 851.53, ""temperature"": 23.64, ""AGL"": -0.64, ""velocity"": 0, ""kalman_altitude"": -1.11, ""kalman_vertical_velocity"": -4.68}, ""chute_state"": {""pyro1_state"": 0, ""pyro2_state"": 0}, ""connection_status"": {""connected"": true, ""has_ever_connected"": true, ""packet_age_ms"": 0, ""timeout_exceeded"": false, ""rssi"": -51}, ""communication_mode"": ""BEACON"", ""timestamp"": 132622, ""packets_received"": 142, ""kalman_data"": {""altitude"": -1.11, ""vertical_velocity"": -4.68}, ""kalman_altitude"": -1.11, ""kalman_vertical_velocity"": -4.68, ""pyroDrogue"": 0, ""pyroMain"": 0, ""pyro1_state"": 0, ""pyro2_state"": 0}"
1764741505.983753,2025-12-03T08:58:25.983753,710,0,0,-0.73,-0.55,-0.29,-47.11,-117.69,-15.06,-11.1,-0.61,0,0,0,23154,851.53,23.64,-0.62,0,0,0,0,-52,-1.1,-4.67,BEACON,"{""record_number"": 710, ""operation_mode"": 0, ""state"": 0, ""battery_voltage"": 0, ""wifi_rssi"": -52, ""acc_data"": {""ax"": -0.73, ""ay"": -0.55, ""az"": -0.29, ""pitch"": -47.11, ""roll"": -117.69}, ""gyro_data"": {""gx"": -15.06, ""gy"": -11.1, ""gz"": -0.61}, ""gps_data"": {""latitude"": 0, ""longitude"": 0, ""gps_altitude"": 0, ""time"": 23154}, ""alt_data"": {""pressure"": 851.53, ""temperature"": 23.64, ""AGL"": -0.62, ""velocity"": 0, ""kalman_altitude"": -1.1, ""kalman_vertical_velocity"": -4.67}, ""chute_state"": {""pyro1_state"": 0, ""pyro2_state"": 0}, ""connection_status"": {""connected"": true, ""has_ever_connected"": true, ""packet_age_ms"": 0, ""timeout_exceeded"": false, ""rssi"": -52}, ""communication_mode"": ""BEACON"", ""timestamp"": 132735, ""packets_received"": 143, ""kalman_data"": {""altitude"": -1.1, ""vertical_velocity"": -4.67}, ""kalman_altitude"": -1.1, ""kalman_vertical_velocity"": -4.67, ""pyroDrogue"": 0, ""pyroMain"": 0, ""pyro1_state"": 0, ""pyro2_state"": 0}"
1764741506.054012,2025-12-03T08:58:26.054012,715,0,0,-0.73,-0.55,-0.29,-46.99,-118.4,-12.41,-1.52,-8.05,0,0,0,23355,851.59,23.64,-1.24,0,0,0,0,-52,-1.12,-4.72,BEACON,"{""record_number"": 715, ""operation_mode"": 0, ""state"": 0, ""battery_voltage"": 0, ""wifi_rssi"": -52, ""acc_data"": {""ax"": -0.73, ""ay"": -0.55, ""az"": -0.29, ""pitch"": -46.99, ""roll"": -118.4}, ""gyro_data"": {""gx"": -12.41, ""gy"": -1.52, ""gz"": -8.05}, ""gps_data"": {""latitude"": 0, ""longitude"": 0, ""gps_altitude"": 0, ""time"": 23355}, ""alt_data"": {""pressure"": 851.59, ""temperature"": 23.64, ""AGL"": -1.24, ""velocity"": 0, ""kalman_altitude"": -1.12, ""kalman_vertical_velocity"": -4.72}, ""chute_state"": {""pyro1_state"": 0, ""pyro2_state"": 0}, ""connection_status"": {""connected"": true, ""has_ever_connected"": true, ""packet_age_ms"": 0, ""timeout_exceeded"": false, ""rssi"": -52}, ""communication_mode"": ""BEACON"", ""timestamp"": 132848, ""packets_received"": 144, ""kalman_data"": {""altitude"": -1.12, ""vertical_velocity"": -4.72}, ""kalman_altitude"": -1.12, ""kalman_vertical_velocity"": -4.72, ""pyroDrogue"": 0, ""pyroMain"": 0, ""pyro1_state"": 0, ""pyro2_state"": 0}"
1764741506.190747,2025-12-03T08:58:26.190747,719,0,0,-0.74,-0.55,-0.3,-47.65,-117.84,-13.45,-8.45,-6.77,0,0,0,23355,851.55,23.64,-0.81,0,0,0,0,-51,-1.12,-4.71,BEACON,"{""record_number"": 719, ""operation_mode"": 0, ""state"": 0, ""battery_voltage"": 0, ""wifi_rssi"": -51, ""acc_data"": {""ax"": -0.74, ""ay"": -0.55, ""az"": -0.3, ""pitch"": -47.65, ""roll"": -117.84}, ""gyro_data"": {""gx"": -13.45, ""gy"": -8.45, ""gz"": -6.77}, ""gps_data"": {""latitude"": 0, ""longitude"": 0, ""gps_altitude"": 0, ""time"": 23355}, ""alt_data"": {""pressure"": 851.55, ""temperature"": 23.64, ""AGL"": -0.81, ""velocity"": 0, ""kalman_altitude"": -1.12, ""kalman_vertical_velocity"": -4.71}, ""chute_state"": {""pyro1_state"": 0, ""pyro2_state"": 0}, ""connection_status"": {""connected"": true, ""has_ever_connected"": true, ""packet_age_ms"": 0, ""timeout_exceeded"": false, ""rssi"": -51}, ""communication_mode"": ""BEACON"", ""timestamp"": 132961, ""packets_received"": 145, ""kalman_data"": {""altitude"": -1.12, ""vertical_velocity"": -4.71}, ""kalman_altitude"": -1.12, ""kalman_vertical_velocity"": -4.71, ""pyroDrogue"": 0, ""pyroMain"": 0, ""pyro1_state"": 0, ""pyro2_state"": 0}"
1764741506.292369,2025-12-03T08:58:26.292369,723,0,0,-0.74,-0.56,-0.3,-46.78,-117.49,-13.08,-4.88,-5.95,0,0,0,23555,851.55,23.64,-0.77,0,0,0,0,-51,-1.12,-4.72,BEACON,"{""record_number"": 723, ""operation_mode"": 0, ""state"": 0, ""battery_voltage"": 0, ""wifi_rssi"": -51, ""acc_data"": {""ax"": -0.74, ""ay"": -0.56, ""az"": -0.3, ""pitch"": -46.78, ""roll"": -117.49}, ""gyro_data"": {""gx"": -13.08, ""gy"": -4.88, ""gz"": -5.95}, ""gps_data"": {""latitude"": 0, ""longitude"": 0, ""gps_altitude"": 0, ""time"": 23555}, ""alt_data"": {""pressure"": 851.55, ""temperature"": 23.64, ""AGL"": -0.77, ""velocity"": 0, ""kalman_altitude"": -1.12, ""kalman_vertical_velocity"": -4.72}, ""chute_state"": {""pyro1_state"": 0, ""pyro2_state"": 0}, ""connection_status"": {""connected"": true, ""has_ever_connected"": true, ""packet_age_ms"": 0, ""timeout_exceeded"": false, ""rssi"": -51}, ""communication_mode"": ""BEACON"", ""timestamp"": 133075, ""packets_received"": 146, ""kalman_data"": {""altitude"": -1.12, ""vertical_velocity"": -4.72}, ""kalman_altitude"": -1.12, ""kalman_vertical_velocity"": -4.72, ""pyroDrogue"": 0, ""pyroMain"": 0, ""pyro1_state"": 0, ""pyro2_state"": 0}"
1764741506.404869,2025-12-03T08:58:26.404869,727,0,0,-0.74,-0.57,-0.29,-47.48,-117.89,-9.91,-6.43,-1.46,0,0,0,23555,851.51,23.64,-0.41,0,0,0,0,-51,-1.08,-4.66,BEACON,"{""record_number"": 727, ""operation_mode"": 0, ""state"": 0, ""battery_voltage"": 0, ""wifi_rssi"": -51, ""acc_data"": {""ax"": -0.74, ""ay"": -0.57, ""az"": -0.29, ""pitch"": -47.48, ""roll"": -117.89}, ""gyro_data"": {""gx"": -9.91, ""gy"": -6.43, ""gz"": -1.46}, ""gps_data"": {""latitude"": 0, ""longitude"": 0, ""gps_altitude"": 0, ""time"": 23555}, ""alt_data"": {""pressure"": 851.51, ""temperature"": 23.64, ""AGL"": -0.41, ""velocity"": 0, ""kalman_altitude"": -1.08, ""kalman_vertical_velocity"": -4.66}, ""chute_state"": {""pyro1_state"": 0, ""pyro2_state"": 0}, ""connection_status"": {""connected"": true, ""has_ever_connected"": true, ""packet_age_ms"": 0, ""timeout_exceeded"": false, ""rssi"": -51}, ""communication_mode"": ""BEACON"", ""timestamp"": 133187, ""packets_received"": 147, ""kalman_data"": {""altitude"": -1.08, ""vertical_velocity"": -4.66}, ""kalman_altitude"": -1.08, ""kalman_vertical_velocity"": -4.66, ""pyroDrogue"": 0, ""pyroMain"": 0, ""pyro1_state"": 0, ""pyro2_state"": 0}"
1764741506.521531,2025-12-03T08:58:26.521531,732,0,0,-0.74,-0.55,-0.3,-46.9,-118.24,-7.32,-5.91,-4.82,0,0,0,23760,851.57,23.65,-1.04,0,0,0,0,-52,-1.09,-4.69,BEACON,"{""record_number"": 732, ""operation_mode"": 0, ""state"": 0, ""battery_voltage"": 0, ""wifi_rssi"": -52, ""acc_data"": {""ax"": -0.74, ""ay"": -0.55, ""az"": -0.3, ""pitch"": -46.9, ""roll"": -118.24}, ""gyro_data"": {""gx"": -7.32, ""gy"": -5.91, ""gz"": -4.82}, ""gps_data"": {""latitude"": 0, ""longitude"": 0, ""gps_altitude"": 0, ""time"": 23760}, ""alt_data"": {""pressure"": 851.57, ""temperature"": 23.65, ""AGL"": -1.04, ""velocity"": 0, ""kalman_altitude"": -1.09, ""kalman_vertical_velocity"": -4.69}, ""chute_state"": {""pyro1_state"": 0, ""pyro2_state"": 0}, ""connection_status"": {""connected"": true, ""has_ever_connected"": true, ""packet_age_ms"": 0, ""timeout_exceeded"": false, ""rssi"": -52}, ""communication_mode"": ""BEACON"", ""timestamp"": 133300, ""packets_received"": 148, ""kalman_data"": {""altitude"": -1.09, ""vertical_velocity"": -4.69}, ""kalman_altitude"": -1.09, ""kalman_vertical_velocity"": -4.69, ""pyroDrogue"": 0, ""pyroMain"": 0, ""pyro1_state"": 0, ""pyro2_state"": 0}"
1764741506.980595,2025-12-03T08:58:26.980595,736,0,0,-0.73,-0.55,-0.29,-47.19,-118.34,-6.8,-0.88,-6.62,0,0,0,23760,851.6,23.65,-1.25,0,0,0,0,-51,-1.1,-4.72,BEACON,"{""record_number"": 736, ""operation_mode"": 0, ""state"": 0, ""battery_voltage"": 0, ""wifi_rssi"": -51, ""acc_data"": {""ax"": -0.73, ""ay"": -0.55, ""az"": -0.29, ""pitch"": -47.19, ""roll"": -118.34}, ""gyro_data"": {""gx"": -6.8, ""gy"": -0.88, ""gz"": -6.62}, ""gps_data"": {""latitude"": 0, ""longitude"": 0, ""gps_altitude"": 0, ""time"": 23760}, ""alt_data"": {""pressure"": 851.6, ""temperature"": 23.65, ""AGL"": -1.25, ""velocity"": 0, ""kalman_altitude"": -1.1, ""kalman_vertical_velocity"": -4.72}, ""chute_state"": {""pyro1_state"": 0, ""pyro2_state"": 0}, ""connection_status"": {""connected"": true, ""has_ever_connected"": true, ""packet_age_ms"": 0, ""timeout_exceeded"": false, ""rssi"": -51}, ""communication_mode"": ""BEACON"", ""timestamp"": 133412, ""packets_received"": 149, ""kalman_data"": {""altitude"": -1.1, ""vertical_velocity"": -4.72}, ""kalman_altitude"": -1.1, ""kalman_vertical_velocity"": -4.72, ""pyroDrogue"": 0, ""pyroMain"": 0, ""pyro1_state"": 0, ""pyro2_state"": 0}"
1764741507.409105,2025-12-03T08:58:27.409105,740,0,0,-0.74,-0.56,-0.29,-47.07,-117.83,-8.84,-7.47,-4.18,0,0,0,23960,851.57,23.64,-0.96,0,0,0,0,-51,-1.1,-4.74,BEACON,"{""record_number"": 740, ""operation_mode"": 0, ""state"": 0, ""battery_voltage"": 0, ""wifi_rssi"": -51, ""acc_data"": {""ax"": -0.74, ""ay"": -0.56, ""az"": -0.29, ""pitch"": -47.07, ""roll"": -117.83}, ""gyro_data"": {""gx"": -8.84, ""gy"": -7.47, ""gz"": -4.18}, ""gps_data"": {""latitude"": 0, ""longitude"": 0, ""gps_altitude"": 0, ""time"": 23960}, ""alt_data"": {""pressure"": 851.57, ""temperature"": 23.64, ""AGL"": -0.96, ""velocity"": 0, ""kalman_altitude"": -1.1, ""kalman_vertical_velocity"": -4.74}, ""chute_state"": {""pyro1_state"": 0, ""pyro2_state"": 0}, ""connection_status"": {""connected"": true, ""has_ever_connected"": true, ""packet_age_ms"": 0, ""timeout_exceeded"": false, ""rssi"": -51}, ""communication_mode"": ""BEACON"", ""timestamp"": 133525, ""packets_received"": 150, ""kalman_data"": {""altitude"": -1.1, ""vertical_velocity"": -4.74}, ""kalman_altitude"": -1.1, ""kalman_vertical_velocity"": -4.74, ""pyroDrogue"": 0, ""pyroMain"": 0, ""pyro1_state"": 0, ""pyro2_state"": 0}"
1764741507.547615,2025-12-03T08:58:27.547615,744,0,0,-0.73,-0.56,-0.3,-47.65,-117.75,-11.01,-4.36,-5.3,0,0,0,24160,851.54,23.64,-0.73,0,0,0,0,-51,-1.09,-4.72,BEACON,"{""record_number"": 744, ""operation_mode"": 0, ""state"": 0, ""battery_voltage"": 0, ""wifi_rssi"": -51, ""acc_data"": {""ax"": -0.73, ""ay"": -0.56, ""az"": -0.3, ""pitch"": -47.65, ""roll"": -117.75}, ""gyro_data"": {""gx"": -11.01, ""gy"": -4.36, ""gz"": -5.3}, ""gps_data"": {""latitude"": 0, ""longitude"": 0, ""gps_altitude"": 0, ""time"": 24160}, ""alt_data"": {""pressure"": 851.54, ""temperature"": 23.64, ""AGL"": -0.73, ""velocity"": 0, ""kalman_altitude"": -1.09, ""kalman_vertical_velocity"": -4.72}, ""chute_state"": {""pyro1_state"": 0, ""pyro2_state"": 0}, ""connection_status"": {""connected"": true, ""has_ever_connected"": true, ""packet_age_ms"": 1, ""timeout_exceeded"": false, ""rssi"": -51}, ""communication_mode"": ""BEACON"", ""timestamp"": 133639, ""packets_received"": 151, ""kalman_data"": {""altitude"": -1.09, ""vertical_velocity"": -4.72}, ""kalman_altitude"": -1.09, ""kalman_vertical_velocity"": -4.72, ""pyroDrogue"": 0, ""pyroMain"": 0, ""pyro1_state"": 0, ""pyro2_state"": 0}"
1764741507.597425,2025-12-03T08:58:27.597425,749,0,0,-0.73,-0.55,-0.28,-46.66,-117.11,-6.01,-9.88,-3.32,0,0,0,24160,851.5,23.62,-0.31,0,0,0,0,-50,-1.03,-4.62,BEACON,"{""record_number"": 749, ""operation_mode"": 0, ""state"": 0, ""battery_voltage"": 0, ""wifi_rssi"": -50, ""acc_data"": {""ax"": -0.73, ""ay"": -0.55, ""az"": -0.28, ""pitch"": -46.66, ""roll"": -117.11}, ""gyro_data"": {""gx"": -6.01, ""gy"": -9.88, ""gz"": -3.32}, ""gps_data"": {""latitude"": 0, ""longitude"": 0, ""gps_altitude"": 0, ""time"": 24160}, ""alt_data"": {""pressure"": 851.5, ""temperature"": 23.62, ""AGL"": -0.31, ""velocity"": 0, ""kalman_altitude"": -1.03, ""kalman_vertical_velocity"": -4.62}, ""chute_state"": {""pyro1_state"": 0, ""pyro2_state"": 0}, ""connection_status"": {""connected"": true, ""has_ever_connected"": true, ""packet_age_ms"": 1, ""timeout_exceeded"": false, ""rssi"": -50}, ""communication_mode"": ""BEACON"", ""timestamp"": 133752, ""packets_received"": 152, ""kalman_data"": {""altitude"": -1.03, ""vertical_velocity"": -4.62}, ""kalman_altitude"": -1.03, ""kalman_vertical_velocity"": -4.62, ""pyroDrogue"": 0, ""pyroMain"": 0, ""pyro1_state"": 0, ""pyro2_state"": 0}"
1764741507.712275,2025-12-03T08:58:27.712275,753,0,0,-0.74,-0.56,-0.3,-47.65,-117.74,-8.66,-3.45,-5.03,0,0,0,24360,851.52,23.64,-0.55,0,0,0,0,-52,-1,-4.58,BEACON,"{""record_number"": 753, ""operation_mode"": 0, ""state"": 0, ""battery_voltage"": 0, ""wifi_rssi"": -52, ""acc_data"": {""ax"": -0.74, ""ay"": -0.56, ""az"": -0.3, ""pitch"": -47.65, ""roll"": -117.74}, ""gyro_data"": {""gx"": -8.66, ""gy"": -3.45, ""gz"": -5.03}, ""gps_data"": {""latitude"": 0, ""longitude"": 0, ""gps_altitude"": 0, ""time"": 24360}, ""alt_data"": {""pressure"": 851.52, ""temperature"": 23.64, ""AGL"": -0.55, ""velocity"": 0, ""kalman_altitude"": -1, ""kalman_vertical_velocity"": -4.58}, ""chute_state"": {""pyro1_state"": 0, ""pyro2_state"": 0}, ""connection_status"": {""connected"": true, ""has_ever_connected"": true, ""packet_age_ms"": 1, ""timeout_exceeded"": false, ""rssi"": -52}, ""communication_mode"": ""BEACON"", ""timestamp"": 133865, ""packets_received"": 153, ""kalman_data"": {""altitude"": -1, ""vertical_velocity"": -4.58}, ""kalman_altitude"": -1, ""kalman_vertical_velocity"": -4.58, ""pyroDrogue"": 0, ""pyroMain"": 0, ""pyro1_state"": 0, ""pyro2_state"": 0}"
1764741507.761266,2025-12-03T08:58:27.761266,757,0,0,-0.73,-0.55,-0.29,-46.9,-118.71,-6.4,-3.32,-4.48,0,0,0,24360,851.56,23.64,-0.92,0,0,0,0,-50,-1.01,-4.61,BEACON,"{""record_number"": 757, ""operation_mode"": 0, ""state"": 0, ""battery_voltage"": 0, ""wifi_rssi"": -50, ""acc_data"": {""ax"": -0.73, ""ay"": -0.55, ""az"": -0.29, ""pitch"": -46.9, ""roll"": -118.71}, ""gyro_data"": {""gx"": -6.4, ""gy"": -3.32, ""gz"": -4.48}, ""gps_data"": {""latitude"": 0, ""longitude"": 0, ""gps_altitude"": 0, ""time"": 24360}, ""alt_data"": {""pressure"": 851.56, ""temperature"": 23.64, ""AGL"": -0.92, ""velocity"": 0, ""kalman_altitude"": -1.01, ""kalman_vertical_velocity"": -4.61}, ""chute_state"": {""pyro1_state"": 0, ""pyro2_state"": 0}, ""connection_status"": {""connected"": true, ""has_ever_connected"": true, ""packet_age_ms"": 0, ""timeout_exceeded"": false, ""rssi"": -50}, ""communication_mode"": ""BEACON"", ""timestamp"": 133977, ""packets_received"": 154, ""kalman_data"": {""altitude"": -1.01, ""vertical_velocity"": -4.61}, ""kalman_altitude"": -1.01, ""kalman_vertical_velocity"": -4.61, ""pyroDrogue"": 0, ""pyroMain"": 0, ""pyro1_state"": 0, ""pyro2_state"": 0}"
1764741507.837044,2025-12-03T08:58:27.837044,762,0,0,-0.75,-0.57,-0.3,-47.73,-118.05,-6.68,-6.31,2.44,0,0,0,24560,851.55,23.63,-0.75,0,0,0,0,-52,-1.03,-4.65,BEACON,"{""record_number"": 762, ""operation_mode"": 0, ""state"": 0, ""battery_voltage"": 0, ""wifi_rssi"": -52, ""acc_data"": {""ax"": -0.75, ""ay"": -0.57, ""az"": -0.3, ""pitch"": -47.73, ""roll"": -118.05}, ""gyro_data"": {""gx"": -6.68, ""gy"": -6.31, ""gz"": 2.44}, ""gps_data"": {""latitude"": 0, ""longitude"": 0, ""gps_altitude"": 0, ""time"": 24560}, ""alt_data"": {""pressure"": 851.55, ""temperature"": 23.63, ""AGL"": -0.75, ""velocity"": 0, ""kalman_altitude"": -1.03, ""kalman_vertical_velocity"": -4.65}, ""chute_state"": {""pyro1_state"": 0, ""pyro2_state"": 0}, ""connection_status"": {""connected"": true, ""has_ever_connected"": true, ""packet_age_ms"": 0, ""timeout_exceeded"": false, ""rssi"": -52}, ""communication_mode"": ""BEACON"", ""timestamp"": 134090, ""packets_received"": 155, ""kalman_data"": {""altitude"": -1.03, ""vertical_velocity"": -4.65}, ""kalman_altitude"": -1.03, ""kalman_vertical_velocity"": -4.65, ""pyroDrogue"": 0, ""pyroMain"": 0, ""pyro1_state"": 0, ""pyro2_state"": 0}"
1764741507.937668,2025-12-03T08:58:27.937668,766,0,0,-0.73,-0.54,-0.29,-46.7,-117,-5.49,0.91,4.85,0,0,0,24560,851.59,23.63,-1.18,0,0,0,0,-52,-1.05,-4.71,BEACON,"{""record_number"": 766, ""operation_mode"": 0, ""state"": 0, ""battery_voltage"": 0, ""wifi_rssi"": -52, ""acc_data"": {""ax"": -0.73, ""ay"": -0.54, ""az"": -0.29, ""pitch"": -46.7, ""roll"": -117}, ""gyro_data"": {""gx"": -5.49, ""gy"": 0.91, ""gz"": 4.85}, ""gps_data"": {""latitude"": 0, ""longitude"": 0, ""gps_altitude"": 0, ""time"": 24560}, ""alt_data"": {""pressure"": 851.59, ""temperature"": 23.63, ""AGL"": -1.18, ""velocity"": 0, ""kalman_altitude"": -1.05, ""kalman_vertical_velocity"": -4.71}, ""chute_state"": {""pyro1_state"": 0, ""pyro2_state"": 0}, ""connection_status"": {""connected"": true, ""has_ever_connected"": true, ""packet_age_ms"": 0, ""timeout_exceeded"": false, ""rssi"": -52}, ""communication_mode"": ""BEACON"", ""timestamp"": 134202, ""packets_received"": 156, ""kalman_data"": {""altitude"": -1.05, ""vertical_velocity"": -4.71}, ""kalman_altitude"": -1.05, ""kalman_vertical_velocity"": -4.71, ""pyroDrogue"": 0, ""pyroMain"": 0, ""pyro1_state"": 0, ""pyro2_state"": 0}"
1764741507.989463,2025-12-03T08:58:27.989463,770,0,0,-0.72,-0.55,-0.3,-47.4,-117.61,-3.05,-6.49,3.84,0,0,0,24765,851.54,23.62,-0.67,0,0,0,0,-51,-1.04,-4.68,BEACON,"{""record_number"": 770, ""operation_mode"": 0, ""state"": 0, ""battery_voltage"": 0, ""wifi_rssi"": -51, ""acc_data"": {""ax"": -0.72, ""ay"": -0.55, ""az"": -0.3, ""pitch"": -47.4, ""roll"": -117.61}, ""gyro_data"": {""gx"": -3.05, ""gy"": -6.49, ""gz"": 3.84}, ""gps_data"": {""latitude"": 0, ""longitude"": 0, ""gps_altitude"": 0, ""time"": 24765}, ""alt_data"": {""pressure"": 851.54, ""temperature"": 23.62, ""AGL"": -0.67, ""velocity"": 0, ""kalman_altitude"": -1.04, ""kalman_vertical_velocity"": -4.68}, ""chute_state"": {""pyro1_state"": 0, ""pyro2_state"": 0}, ""connection_status"": {""connected"": true, ""has_ever_connected"": true, ""packet_age_ms"": 1, ""timeout_exceeded"": false, ""rssi"": -51}, ""communication_mode"": ""BEACON"", ""timestamp"": 134316, ""packets_received"": 157, ""kalman_data"": {""altitude"": -1.04, ""vertical_velocity"": -4.68}, ""kalman_altitude"": -1.04, ""kalman_vertical_velocity"": -4.68, ""pyroDrogue"": 0, ""pyroMain"": 0, ""pyro1_state"": 0, ""pyro2_state"": 0}"
1764741508.043769,2025-12-03T08:58:28.043769,774,0,0,-0.74,-0.55,-0.29,-48.02,-117.97,-3.87,-3.54,0.21,0,0,0,24965,851.51,23.62,-0.42,0,0,0,0,-50,-0.96,-4.57,BEACON,"{""record_number"": 774, ""operation_mode"": 0, ""state"": 0, ""battery_voltage"": 0, ""wifi_rssi"": -50, ""acc_data"": {""ax"": -0.74, ""ay"": -0.55, ""az"": -0.29, ""pitch"": -48.02, ""roll"": -117.97}, ""gyro_data"": {""gx"": -3.87, ""gy"": -3.54, ""gz"": 0.21}, ""gps_data"": {""latitude"": 0, ""longitude"": 0, ""gps_altitude"": 0, ""time"": 24965}, ""alt_data"": {""pressure"": 851.51, ""temperature"": 23.62, ""AGL"": -0.42, ""velocity"": 0, ""kalman_altitude"": -0.96, ""kalman_vertical_velocity"": -4.57}, ""chute_state"": {""pyro1_state"": 0, ""pyro2_state"": 0}, ""connection_status"": {""connected"": true, ""has_ever_connected"": true, ""packet_age_ms"": 0, ""timeout_exceeded"": false, ""rssi"": -50}, ""communication_mode"": ""BEACON"", ""timestamp"": 134428, ""packets_received"": 158, ""kalman_data"": {""altitude"": -0.96, ""vertical_velocity"": -4.57}, ""kalman_altitude"": -0.96, ""kalman_vertical_velocity"": -4.57, ""pyroDrogue"": 0, ""pyroMain"": 0, ""pyro1_state"": 0, ""pyro2_state"": 0}"
1764741508.142716,2025-12-03T08:58:28.142716,779,0,0,-0.73,-0.55,-0.3,-47.11,-118.01,-7.62,-1.59,-1.13,0,0,0,24965,851.57,23.62,-1.03,0,0,0,0,-51,-0.98,-4.61,BEACON,"{""record_number"": 779, ""operation_mode"": 0, ""state"": 0, ""battery_voltage"": 0, ""wifi_rssi"": -51, ""acc_data"": {""ax"": -0.73, ""ay"": -0.55, ""az"": -0.3, ""pitch"": -47.11, ""roll"": -118.01}, ""gyro_data"": {""gx"": -7.62, ""gy"": -1.59, ""gz"": -1.13}, ""gps_data"": {""latitude"": 0, ""longitude"": 0, ""gps_altitude"": 0, ""time"": 24965}, ""alt_data"": {""pressure"": 851.57, ""temperature"": 23.62, ""AGL"": -1.03, ""velocity"": 0, ""kalman_altitude"": -0.98, ""kalman_vertical_velocity"": -4.61}, ""chute_state"": {""pyro1_state"": 0, ""pyro2_state"": 0}, ""connection_status"": {""connected"": true, ""has_ever_connected"": true, ""packet_age_ms"": 1, ""timeout_exceeded"": false, ""rssi"": -51}, ""communication_mode"": ""BEACON"", ""timestamp"": 134545, ""packets_received"": 159, ""kalman_data"": {""altitude"": -0.98, ""vertical_velocity"": -4.61}, ""kalman_altitude"": -0.98, ""kalman_vertical_velocity"": -4.61, ""pyroDrogue"": 0, ""pyroMain"": 0, ""pyro1_state"": 0, ""pyro2_state"": 0}"
1764741508.181816,2025-12-03T08:58:28.181816,783,0,0,-0.74,-0.55,-0.29,-47.69,-117.98,-11.43,-0.12,-3.08,0,0,0,25165,851.54,23.62,-0.73,0,0,0,0,-51,-0.97,-4.61,BEACON,"{""record_number"": 783, ""operation_mode"": 0, ""state"": 0, ""battery_voltage"": 0, ""wifi_rssi"": -51, ""acc_data"": {""ax"": -0.74, ""ay"": -0.55, ""az"": -0.29, ""pitch"": -47.69, ""roll"": -117.98}, ""gyro_data"": {""gx"": -11.43, ""gy"": -0.12, ""gz"": -3.08}, ""gps_data"": {""latitude"": 0, ""longitude"": 0, ""gps_altitude"": 0, ""time"": 25165}, ""alt_data"": {""pressure"": 851.54, ""temperature"": 23.62, ""AGL"": -0.73, ""velocity"": 0, ""kalman_altitude"": -0.97, ""kalman_vertical_velocity"": -4.61}, ""chute_state"": {""pyro1_state"": 0, ""pyro2_state"": 0}, ""connection_status"": {""connected"": true, ""has_ever_connected"": true, ""packet_age_ms"": 0, ""timeout_exceeded"": false, ""rssi"": -51}, ""communication_mode"": ""BEACON"", ""timestamp"": 134655, ""packets_received"": 160, ""kalman_data"": {""altitude"": -0.97, ""vertical_velocity"": -4.61}, ""kalman_altitude"": -0.97, ""kalman_vertical_velocity"": -4.61, ""pyroDrogue"": 0, ""pyroMain"": 0, ""pyro1_state"": 0, ""pyro2_state"": 0}"
1764741508.665361,2025-12-03T08:58:28.665361,787,0,0,-0.74,-0.54,-0.29,-47.15,-118.28,-12.56,-2.62,-4.15,0,0,0,25165,851.54,23.62,-0.74,0,0,0,0,-51,-0.97,-4.62,BEACON,"{""record_number"": 787, ""operation_mode"": 0, ""state"": 0, ""battery_voltage"": 0, ""wifi_rssi"": -51, ""acc_data"": {""ax"": -0.74, ""ay"": -0.54, ""az"": -0.29, ""pitch"": -47.15, ""roll"": -118.28}, ""gyro_data"": {""gx"": -12.56, ""gy"": -2.62, ""gz"": -4.15}, ""gps_data"": {""latitude"": 0, ""longitude"": 0, ""gps_altitude"": 0, ""time"": 25165}, ""alt_data"": {""pressure"": 851.54, ""temperature"": 23.62, ""AGL"": -0.74, ""velocity"": 0, ""kalman_altitude"": -0.97, ""kalman_vertical_velocity"": -4.62}, ""chute_state"": {""pyro1_state"": 0, ""pyro2_state"": 0}, ""connection_status"": {""connected"": true, ""has_ever_connected"": true, ""packet_age_ms"": 0, ""timeout_exceeded"": false, ""rssi"": -51}, ""communication_mode"": ""BEACON"", ""timestamp"": 134769, ""packets_received"": 161, ""kalman_data"": {""altitude"": -0.97, ""vertical_velocity"": -4.62}, ""kalman_altitude"": -0.97, ""kalman_vertical_velocity"": -4.62, ""pyroDrogue"": 0, ""pyroMain"": 0, ""pyro1_state"": 0, ""pyro2_state"": 0}"
1764741508.786858,2025-12-03T08:58:28.786858,792,0,0,-0.74,-0.55,-0.29,-47.44,-117.12,-12.44,0.43,-8.35,0,0,0,25364,851.53,23.62,-0.59,0,0,0,0,-51,-0.95,-4.59,BEACON,"{""record_number"": 792, ""operation_mode"": 0, ""state"": 0, ""battery_voltage"": 0, ""wifi_rssi"": -51, ""acc_data"": {""ax"": -0.74, ""ay"": -0.55, ""az"": -0.29, ""pitch"": -47.44, ""roll"": -117.12}, ""gyro_data"": {""gx"": -12.44, ""gy"": 0.43, ""gz"": -8.35}, ""gps_data"": {""latitude"": 0, ""longitude"": 0, ""gps_altitude"": 0, ""time"": 25364}, ""alt_data"": {""pressure"": 851.53, ""temperature"": 23.62, ""AGL"": -0.59, ""velocity"": 0, ""kalman_altitude"": -0.95, ""kalman_vertical_velocity"": -4.59}, ""chute_state"": {""pyro1_state"": 0, ""pyro2_state"": 0}, ""connection_status"": {""connected"": true, ""has_ever_connected"": true, ""packet_age_ms"": 0, ""timeout_exceeded"": false, ""rssi"": -51}, ""communication_mode"": ""BEACON"", ""timestamp"": 134881, ""packets_received"": 162, ""kalman_data"": {""altitude"": -0.95, ""vertical_velocity"": -4.59}, ""kalman_altitude"": -0.95, ""kalman_vertical_velocity"": -4.59, ""pyroDrogue"": 0, ""pyroMain"": 0, ""pyro1_state"": 0, ""pyro2_state"": 0}"
1764741508.898701,2025-12-03T08:58:28.898701,796,0,0,-0.75,-0.55,-0.29,-48.19,-117.06,-10.55,-6.22,-8.69,0,0,0,25364,851.53,23.63,-0.65,0,0,0,0,-51,-0.93,-4.58,BEACON,"{""record_number"": 796, ""operation_mode"": 0, ""state"": 0, ""battery_voltage"": 0, ""wifi_rssi"": -51, ""acc_data"": {""ax"": -0.75, ""ay"": -0.55, ""az"": -0.29, ""pitch"": -48.19, ""roll"": -117.06}, ""gyro_data"": {""gx"": -10.55, ""gy"": -6.22, ""gz"": -8.69}, ""gps_data"": {""latitude"": 0, ""longitude"": 0, ""gps_altitude"": 0, ""time"": 25364}, ""alt_data"": {""pressure"": 851.53, ""temperature"": 23.63, ""AGL"": -0.65, ""velocity"": 0, ""kalman_altitude"": -0.93, ""kalman_vertical_velocity"": -4.58}, ""chute_state"": {""pyro1_state"": 0, ""pyro2_state"": 0}, ""connection_status"": {""connected"": true, ""has_ever_connected"": true, ""packet_age_ms"": 1, ""timeout_exceeded"": false, ""rssi"": -51}, ""communication_mode"": ""BEACON"", ""timestamp"": 134995, ""packets_received"": 163, ""kalman_data"": {""altitude"": -0.93, ""vertical_velocity"": -4.58}, ""kalman_altitude"": -0.93, ""kalman_vertical_velocity"": -4.58, ""pyroDrogue"": 0, ""pyroMain"": 0, ""pyro1_state"": 0, ""pyro2_state"": 0}"
1764741508.947567,2025-12-03T08:58:28.947567,800,0,0,-0.74,-0.55,-0.29,-47.9,-117.32,-8.9,-4.91,-4.79,0,0,0,25565,851.54,23.62,-0.74,0,0,0,0,-50,-0.9,-4.55,BEACON,"{""record_number"": 800, ""operation_mode"": 0, ""state"": 0, ""battery_voltage"": 0, ""wifi_rssi"": -50, ""acc_data"": {""ax"": -0.74, ""ay"": -0.55, ""az"": -0.29, ""pitch"": -47.9, ""roll"": -117.32}, ""gyro_data"": {""gx"": -8.9, ""gy"": -4.91, ""gz"": -4.79}, ""gps_data"": {""latitude"": 0, ""longitude"": 0, ""gps_altitude"": 0, ""time"": 25565}, ""alt_data"": {""pressure"": 851.54, ""temperature"": 23.62, ""AGL"": -0.74, ""velocity"": 0, ""kalman_altitude"": -0.9, ""kalman_vertical_velocity"": -4.55}, ""chute_state"": {""pyro1_state"": 0, ""pyro2_state"": 0}, ""connection_status"": {""connected"": true, ""has_ever_connected"": true, ""packet_age_ms"": 1, ""timeout_exceeded"": false, ""rssi"": -50}, ""communication_mode"": ""BEACON"", ""timestamp"": 135108, ""packets_received"": 164, ""kalman_data"": {""altitude"": -0.9, ""vertical_velocity"": -4.55}, ""kalman_altitude"": -0.9, ""kalman_vertical_velocity"": -4.55, ""pyroDrogue"": 0, ""pyroMain"": 0, ""pyro1_state"": 0, ""pyro2_state"": 0}"
1764741509.035437,2025-12-03T08:58:29.035437,804,0,0,-0.75,-0.54,-0.29,-47.98,-117.85,-7.8,0.34,-4.24,0,0,0,25565,851.53,23.62,-0.59,0,0,0,0,-51,-0.89,-4.53,BEACON,"{""record_number"": 804, ""operation_mode"": 0, ""state"": 0, ""battery_voltage"": 0, ""wifi_rssi"": -51, ""acc_data"": {""ax"": -0.75, ""ay"": -0.54, ""az"": -0.29, ""pitch"": -47.98, ""roll"": -117.85}, ""gyro_data"": {""gx"": -7.8, ""gy"": 0.34, ""gz"": -4.24}, ""gps_data"": {""latitude"": 0, ""longitude"": 0, ""gps_altitude"": 0, ""time"": 25565}, ""alt_data"": {""pressure"": 851.53, ""temperature"": 23.62, ""AGL"": -0.59, ""velocity"": 0, ""kalman_altitude"": -0.89, ""kalman_vertical_velocity"": -4.53}, ""chute_state"": {""pyro1_state"": 0, ""pyro2_state"": 0}, ""connection_status"": {""connected"": true, ""has_ever_connected"": true, ""packet_age_ms"": 1, ""timeout_exceeded"": false, ""rssi"": -51}, ""communication_mode"": ""BEACON"", ""timestamp"": 135226, ""packets_received"": 165, ""kalman_data"": {""altitude"": -0.89, ""vertical_velocity"": -4.53}, ""kalman_altitude"": -0.89, ""kalman_vertical_velocity"": -4.53, ""pyroDrogue"": 0, ""pyroMain"": 0, ""pyro1_state"": 0, ""pyro2_state"": 0}"
1764741509.078315,2025-12-03T08:58:29.078315,809,0,0,-0.75,-0.54,-0.3,-48.02,-119.06,-11.34,-1.52,-0.67,0,0,0,25770,851.56,23.62,-0.87,0,0,0,0,-51,-0.9,-4.56,BEACON,"{""record_number"": 809, ""operation_mode"": 0, ""state"": 0, ""battery_voltage"": 0, ""wifi_rssi"": -51, ""acc_data"": {""ax"": -0.75, ""ay"": -0.54, ""az"": -0.3, ""pitch"": -48.02, ""roll"": -119.06}, ""gyro_data"": {""gx"": -11.34, ""gy"": -1.52, ""gz"": -0.67}, ""gps_data"": {""latitude"": 0, ""longitude"": 0, ""gps_altitude"": 0, ""time"": 25770}, ""alt_data"": {""pressure"": 851.56, ""temperature"": 23.62, ""AGL"": -0.87, ""velocity"": 0, ""kalman_altitude"": -0.9, ""kalman_vertical_velocity"": -4.56}, ""chute_state"": {""pyro1_state"": 0, ""pyro2_state"": 0}, ""connection_status"": {""connected"": true, ""has_ever_connected"": true, ""packet_age_ms"": 1, ""timeout_exceeded"": false, ""rssi"": -51}, ""communication_mode"": ""BEACON"", ""timestamp"": 135334, ""packets_received"": 166, ""kalman_data"": {""altitude"": -0.9, ""vertical_velocity"": -4.56}, ""kalman_altitude"": -0.9, ""kalman_vertical_velocity"": -4.56, ""pyroDrogue"": 0, ""pyroMain"": 0, ""pyro1_state"": 0, ""pyro2_state"": 0}"
1764741509.147428,2025-12-03T08:58:29.147428,813,0,0,-0.72,-0.54,-0.29,-45.69,-119.41,-11.83,-16.55,9.15,0,0,0,25970,851.51,23.6,-0.37,0,0,0,0,-51,-0.88,-4.56,BEACON,"{""record_number"": 813, ""operation_mode"": 0, ""state"": 0, ""battery_voltage"": 0, ""wifi_rssi"": -51, ""acc_data"": {""ax"": -0.72, ""ay"": -0.54, ""az"": -0.29, ""pitch"": -45.69, ""roll"": -119.41}, ""gyro_data"": {""gx"": -11.83, ""gy"": -16.55, ""gz"": 9.15}, ""gps_data"": {""latitude"": 0, ""longitude"": 0, ""gps_altitude"": 0, ""time"": 25970}, ""alt_data"": {""pressure"": 851.51, ""temperature"": 23.6, ""AGL"": -0.37, ""velocity"": 0, ""kalman_altitude"": -0.88, ""kalman_vertical_velocity"": -4.56}, ""chute_state"": {""pyro1_state"": 0, ""pyro2_state"": 0}, ""connection_status"": {""connected"": true, ""has_ever_connected"": true, ""packet_age_ms"": 0, ""timeout_exceeded"": false, ""rssi"": -51}, ""communication_mode"": ""BEACON"", ""timestamp"": 135447, ""packets_received"": 167, ""kalman_data"": {""altitude"": -0.88, ""vertical_velocity"": -4.56}, ""kalman_altitude"": -0.88, ""kalman_vertical_velocity"": -4.56, ""pyroDrogue"": 0, ""pyroMain"": 0, ""pyro1_state"": 0, ""pyro2_state"": 0}"
1764741509.256249,2025-12-03T08:58:29.256249,817,0,0,-0.74,-0.54,-0.28,-47.52,-117.01,-12.77,16.49,-5.49,0,0,0,25970,851.5,23.62,-0.3,0,0,0,0,-50,-0.84,-4.49,BEACON,"{""record_number"": 817, ""operation_mode"": 0, ""state"": 0, ""battery_voltage"": 0, ""wifi_rssi"": -50, ""acc_data"": {""ax"": -0.74, ""ay"": -0.54, ""az"": -0.28, ""pitch"": -47.52, ""roll"": -117.01}, ""gyro_data"": {""gx"": -12.77, ""gy"": 16.49, ""gz"": -5.49}, ""gps_data"": {""latitude"": 0, ""longitude"": 0, ""gps_altitude"": 0, ""time"": 25970}, ""alt_data"": {""pressure"": 851.5, ""temperature"": 23.62, ""AGL"": -0.3, ""velocity"": 0, ""kalman_altitude"": -0.84, ""kalman_vertical_velocity"": -4.49}, ""chute_state"": {""pyro1_state"": 0, ""pyro2_state"": 0}, ""connection_status"": {""connected"": true, ""has_ever_connected"": true, ""packet_age_ms"": 0, ""timeout_exceeded"": false, ""rssi"": -50}, ""communication_mode"": ""BEACON"", ""timestamp"": 135559, ""packets_received"": 168, ""kalman_data"": {""altitude"": -0.84, ""vertical_velocity"": -4.49}, ""kalman_altitude"": -0.84, ""kalman_vertical_velocity"": -4.49, ""pyroDrogue"": 0, ""pyroMain"": 0, ""pyro1_state"": 0, ""pyro2_state"": 0}"
1764741509.320669,2025-12-03T08:58:29.320669,822,0,0,-0.74,-0.54,-0.28,-48.44,-117.4,-4.36,-3.14,1.37,0,0,0,26169,851.47,23.6,-0.02,0,0,0,0,-51,-0.77,-4.39,BEACON,"{""record_number"": 822, ""operation_mode"": 0, ""state"": 0, ""battery_voltage"": 0, ""wifi_rssi"": -51, ""acc_data"": {""ax"": -0.74, ""ay"": -0.54, ""az"": -0.28, ""pitch"": -48.44, ""roll"": -117.4}, ""gyro_data"": {""gx"": -4.36, ""gy"": -3.14, ""gz"": 1.37}, ""gps_data"": {""latitude"": 0, ""longitude"": 0, ""gps_altitude"": 0, ""time"": 26169}, ""alt_data"": {""pressure"": 851.47, ""temperature"": 23.6, ""AGL"": -0.02, ""velocity"": 0, ""kalman_altitude"": -0.77, ""kalman_vertical_velocity"": -4.39}, ""chute_state"": {""pyro1_state"": 0, ""pyro2_state"": 0}, ""connection_status"": {""connected"": true, ""has_ever_connected"": true, ""packet_age_ms"": 0, ""timeout_exceeded"": false, ""rssi"": -51}, ""communication_mode"": ""BEACON"", ""timestamp"": 135672, ""packets_received"": 169, ""kalman_data"": {""altitude"": -0.77, ""vertical_velocity"": -4.39}, ""kalman_altitude"": -0.77, ""kalman_vertical_velocity"": -4.39, ""pyroDrogue"": 0, ""pyroMain"": 0, ""pyro1_state"": 0, ""pyro2_state"": 0}"
1764741509.394765,2025-12-03T08:58:29.394765,826,0,0,-0.74,-0.53,-0.3,-47.23,-120.22,-3.51,-11.92,-0.27,0,0,0,26169,851.52,23.61,-0.47,0,0,0,0,-51,-0.68,-4.26,BEACON,"{""record_number"": 826, ""operation_mode"": 0, ""state"": 0, ""battery_voltage"": 0, ""wifi_rssi"": -51, ""acc_data"": {""ax"": -0.74, ""ay"": -0.53, ""az"": -0.3, ""pitch"": -47.23, ""roll"": -120.22}, ""gyro_data"": {""gx"": -3.51, ""gy"": -11.92, ""gz"": -0.27}, ""gps_data"": {""latitude"": 0, ""longitude"": 0, ""gps_altitude"": 0, ""time"": 26169}, ""alt_data"": {""pressure"": 851.52, ""temperature"": 23.61, ""AGL"": -0.47, ""velocity"": 0, ""kalman_altitude"": -0.68, ""kalman_vertical_velocity"": -4.26}, ""chute_state"": {""pyro1_state"": 0, ""pyro2_state"": 0}, ""connection_status"": {""connected"": true, ""has_ever_connected"": true, ""packet_age_ms"": 1, ""timeout_exceeded"": false, ""rssi"": -51}, ""communication_mode"": ""BEACON"", ""timestamp"": 135786, ""packets_received"": 170, ""kalman_data"": {""altitude"": -0.68, ""vertical_velocity"": -4.26}, ""kalman_altitude"": -0.68, ""kalman_vertical_velocity"": -4.26, ""pyroDrogue"": 0, ""pyroMain"": 0, ""pyro1_state"": 0, ""pyro2_state"": 0}"
1764741509.523137,2025-12-03T08:58:29.523137,830,0,0,-0.74,-0.54,-0.3,-47.77,-118.88,-6.04,-6.4,-2.41,0,0,0,26370,851.53,23.62,-0.56,0,0,0,0,-51,-0.68,-4.27,BEACON,"{""record_number"": 830, ""operation_mode"": 0, ""state"": 0, ""battery_voltage"": 0, ""wifi_rssi"": -51, ""acc_data"": {""ax"": -0.74, ""ay"": -0.54, ""az"": -0.3, ""pitch"": -47.77, ""roll"": -118.88}, ""gyro_data"": {""gx"": -6.04, ""gy"": -6.4, ""gz"": -2.41}, ""gps_data"": {""latitude"": 0, ""longitude"": 0, ""gps_altitude"": 0, ""time"": 26370}, ""alt_data"": {""pressure"": 851.53, ""temperature"": 23.62, ""AGL"": -0.56, ""velocity"": 0, ""kalman_altitude"": -0.68, ""kalman_vertical_velocity"": -4.27}, ""chute_state"": {""pyro1_state"": 0, ""pyro2_state"": 0}, ""connection_status"": {""connected"": true, ""has_ever_connected"": true, ""packet_age_ms"": 0, ""timeout_exceeded"": false, ""rssi"": -51}, ""communication_mode"": ""BEACON"", ""timestamp"": 135898, ""packets_received"": 171, ""kalman_data"": {""altitude"": -0.68, ""vertical_velocity"": -4.27}, ""kalman_altitude"": -0.68, ""kalman_vertical_velocity"": -4.27, ""pyroDrogue"": 0, ""pyroMain"": 0, ""pyro1_state"": 0, ""pyro2_state"": 0}"
1764741509.596548,2025-12-03T08:58:29.596548,835,0,0,-0.74,-0.54,-0.29,-47.85,-119.44,-8.72,-13.66,-9.27,0,0,0,26370,851.53,23.62,-0.62,0,0,0,0,-52,-0.69,-4.3,BEACON,"{""record_number"": 835, ""operation_mode"": 0, ""state"": 0, ""battery_voltage"": 0, ""wifi_rssi"": -52, ""acc_data"": {""ax"": -0.74, ""ay"": -0.54, ""az"": -0.29, ""pitch"": -47.85, ""roll"": -119.44}, ""gyro_data"": {""gx"": -8.72, ""gy"": -13.66, ""gz"": -9.27}, ""gps_data"": {""latitude"": 0, ""longitude"": 0, ""gps_altitude"": 0, ""time"": 26370}, ""alt_data"": {""pressure"": 851.53, ""temperature"": 23.62, ""AGL"": -0.62, ""velocity"": 0, ""kalman_altitude"": -0.69, ""kalman_vertical_velocity"": -4.3}, ""chute_state"": {""pyro1_state"": 0, ""pyro2_state"": 0}, ""connection_status"": {""connected"": true, ""has_ever_connected"": true, ""packet_age_ms"": 0, ""timeout_exceeded"": false, ""rssi"": -52}, ""communication_mode"": ""BEACON"", ""timestamp"": 136011, ""packets_received"": 172, ""kalman_data"": {""altitude"": -0.69, ""vertical_velocity"": -4.3}, ""kalman_altitude"": -0.69, ""kalman_vertical_velocity"": -4.3, ""pyroDrogue"": 0, ""pyroMain"": 0, ""pyro1_state"": 0, ""pyro2_state"": 0}"
1764741509.630826,2025-12-03T08:58:29.630826,839,0,0,-0.76,-0.55,-0.29,-49.94,-117.65,-14.24,-9.05,-6.13,0,0,0,26570,851.49,23.6,-0.23,0,0,0,0,-52,-0.64,-4.25,BEACON,"{""record_number"": 839, ""operation_mode"": 0, ""state"": 0, ""battery_voltage"": 0, ""wifi_rssi"": -52, ""acc_data"": {""ax"": -0.76, ""ay"": -0.55, ""az"": -0.29, ""pitch"": -49.94, ""roll"": -117.65}, ""gyro_data"": {""gx"": -14.24, ""gy"": -9.05, ""gz"": -6.13}, ""gps_data"": {""latitude"": 0, ""longitude"": 0, ""gps_altitude"": 0, ""time"": 26570}, ""alt_data"": {""pressure"": 851.49, ""temperature"": 23.6, ""AGL"": -0.23, ""velocity"": 0, ""kalman_altitude"": -0.64, ""kalman_vertical_velocity"": -4.25}, ""chute_state"": {""pyro1_state"": 0, ""pyro2_state"": 0}, ""connection_status"": {""connected"": true, ""has_ever_connected"": true, ""packet_age_ms"": 0, ""timeout_exceeded"": false, ""rssi"": -52}, ""communication_mode"": ""BEACON"", ""timestamp"": 136124, ""packets_received"": 173, ""kalman_data"": {""altitude"": -0.64, ""vertical_velocity"": -4.25}, ""kalman_altitude"": -0.64, ""kalman_vertical_velocity"": -4.25, ""pyroDrogue"": 0, ""pyroMain"": 0, ""pyro1_state"": 0, ""pyro2_state"": 0}"
1764741509.708834,2025-12-03T08:58:29.708834,843,0,0,-0.74,-0.54,-0.29,-47.81,-119.35,-12.99,-9.48,-1.34,0,0,0,26775,851.47,23.6,-0.05,0,0,0,0,-51,-0.59,-4.18,BEACON,"{""record_number"": 843, ""operation_mode"": 0, ""state"": 0, ""battery_voltage"": 0, ""wifi_rssi"": -51, ""acc_data"": {""ax"": -0.74, ""ay"": -0.54, ""az"": -0.29, ""pitch"": -47.81, ""roll"": -119.35}, ""gyro_data"": {""gx"": -12.99, ""gy"": -9.48, ""gz"": -1.34}, ""gps_data"": {""latitude"": 0, ""longitude"": 0, ""gps_altitude"": 0, ""time"": 26775}, ""alt_data"": {""pressure"": 851.47, ""temperature"": 23.6, ""AGL"": -0.05, ""velocity"": 0, ""kalman_altitude"": -0.59, ""kalman_vertical_velocity"": -4.18}, ""chute_state"": {""pyro1_state"": 0, ""pyro2_state"": 0}, ""connection_status"": {""connected"": true, ""has_ever_connected"": true, ""packet_age_ms"": 0, ""timeout_exceeded"": false, ""rssi"": -51}, ""communication_mode"": ""BEACON"", ""timestamp"": 136238, ""packets_received"": 174, ""kalman_data"": {""altitude"": -0.59, ""vertical_velocity"": -4.18}, ""kalman_altitude"": -0.59, ""kalman_vertical_velocity"": -4.18, ""pyroDrogue"": 0, ""pyroMain"": 0, ""pyro1_state"": 0, ""pyro2_state"": 0}"
1764741509.809507,2025-12-03T08:58:29.809507,848,0,0,-0.75,-0.56,-0.3,-48.4,-118.32,-11.19,0.18,-7.41,0,0,0,26775,851.52,23.6,-0.49,0,0,0,0,-52,-0.59,-4.19,BEACON,"{""record_number"": 848, ""operation_mode"": 0, ""state"": 0, ""battery_voltage"": 0, ""wifi_rssi"": -52, ""acc_data"": {""ax"": -0.75, ""ay"": -0.56, ""az"": -0.3, ""pitch"": -48.4, ""roll"": -118.32}, ""gyro_data"": {""gx"": -11.19, ""gy"": 0.18, ""gz"": -7.41}, ""gps_data"": {""latitude"": 0, ""longitude"": 0, ""gps_altitude"": 0, ""time"": 26775}, ""alt_data"": {""pressure"": 851.52, ""temperature"": 23.6, ""AGL"": -0.49, ""velocity"": 0, ""kalman_altitude"": -0.59, ""kalman_vertical_velocity"": -4.19}, ""chute_state"": {""pyro1_state"": 0, ""pyro2_state"": 0}, ""connection_status"": {""connected"": true, ""has_ever_connected"": true, ""packet_age_ms"": 0, ""timeout_exceeded"": false, ""rssi"": -52}, ""communication_mode"": ""BEACON"", ""timestamp"": 136349, ""packets_received"": 175, ""kalman_data"": {""altitude"": -0.59, ""vertical_velocity"": -4.19}, ""kalman_altitude"": -0.59, ""kalman_vertical_velocity"": -4.19, ""pyroDrogue"": 0, ""pyroMain"": 0, ""pyro1_state"": 0, ""pyro2_state"": 0}"
1764741509.928424,2025-12-03T08:58:29.928424,852,0,0,-0.74,-0.54,-0.3,-47.61,-118.32,-9.3,-5.58,-9.76,0,0,0,26975,851.56,23.61,-0.86,0,0,0,0,-51,-0.65,-4.32,BEACON,"{""record_number"": 852, ""operation_mode"": 0, ""state"": 0, ""battery_voltage"": 0, ""wifi_rssi"": -51, ""acc_data"": {""ax"": -0.74, ""ay"": -0.54, ""az"": -0.3, ""pitch"": -47.61, ""roll"": -118.32}, ""gyro_data"": {""gx"": -9.3, ""gy"": -5.58, ""gz"": -9.76}, ""gps_data"": {""latitude"": 0, ""longitude"": 0, ""gps_altitude"": 0, ""time"": 26975}, ""alt_data"": {""pressure"": 851.56, ""temperature"": 23.61, ""AGL"": -0.86, ""velocity"": 0, ""kalman_altitude"": -0.65, ""kalman_vertical_velocity"": -4.32}, ""chute_state"": {""pyro1_state"": 0, ""pyro2_state"": 0}, ""connection_status"": {""connected"": true, ""has_ever_connected"": true, ""packet_age_ms"": 1, ""timeout_exceeded"": false, ""rssi"": -51}, ""communication_mode"": ""BEACON"", ""timestamp"": 136463, ""packets_received"": 176, ""kalman_data"": {""altitude"": -0.65, ""vertical_velocity"": -4.32}, ""kalman_altitude"": -0.65, ""kalman_vertical_velocity"": -4.32, ""pyroDrogue"": 0, ""pyroMain"": 0, ""pyro1_state"": 0, ""pyro2_state"": 0}"
1764741510.12678,2025-12-03T08:58:30.126780,856,0,0,-0.73,-0.55,-0.3,-47.52,-118.6,-14.7,-7.29,-7.41,0,0,0,26975,851.58,23.62,-1.08,0,0,0,0,-51,-0.71,-4.43,BEACON,"{""record_number"": 856, ""operation_mode"": 0, ""state"": 0, ""battery_voltage"": 0, ""wifi_rssi"": -51, ""acc_data"": {""ax"": -0.73, ""ay"": -0.55, ""az"": -0.3, ""pitch"": -47.52, ""roll"": -118.6}, ""gyro_data"": {""gx"": -14.7, ""gy"": -7.29, ""gz"": -7.41}, ""gps_data"": {""latitude"": 0, ""longitude"": 0, ""gps_altitude"": 0, ""time"": 26975}, ""alt_data"": {""pressure"": 851.58, ""temperature"": 23.62, ""AGL"": -1.08, ""velocity"": 0, ""kalman_altitude"": -0.71, ""kalman_vertical_velocity"": -4.43}, ""chute_state"": {""pyro1_state"": 0, ""pyro2_state"": 0}, ""connection_status"": {""connected"": true, ""has_ever_connected"": true, ""packet_age_ms"": 0, ""timeout_exceeded"": false, ""rssi"": -51}, ""communication_mode"": ""BEACON"", ""timestamp"": 136576, ""packets_received"": 177, ""kalman_data"": {""altitude"": -0.71, ""vertical_velocity"": -4.43}, ""kalman_altitude"": -0.71, ""kalman_vertical_velocity"": -4.43, ""pyroDrogue"": 0, ""pyroMain"": 0, ""pyro1_state"": 0, ""pyro2_state"": 0}"
1764741510.252497,2025-12-03T08:58:30.252497,861,0,0,-0.74,-0.54,-0.29,-47.23,-118.6,-12.04,-7.35,-9.18,0,0,0,27175,851.49,23.6,-0.19,0,0,0,0,-50,-0.67,-4.37,BEACON,"{""record_number"": 861, ""operation_mode"": 0, ""state"": 0, ""battery_voltage"": 0, ""wifi_rssi"": -50, ""acc_data"": {""ax"": -0.74, ""ay"": -0.54, ""az"": -0.29, ""pitch"": -47.23, ""roll"": -118.6}, ""gyro_data"": {""gx"": -12.04, ""gy"": -7.35, ""gz"": -9.18}, ""gps_data"": {""latitude"": 0, ""longitude"": 0, ""gps_altitude"": 0, ""time"": 27175}, ""alt_data"": {""pressure"": 851.49, ""temperature"": 23.6, ""AGL"": -0.19, ""velocity"": 0, ""kalman_altitude"": -0.67, ""kalman_vertical_velocity"": -4.37}, ""chute_state"": {""pyro1_state"": 0, ""pyro2_state"": 0}, ""connection_status"": {""connected"": true, ""has_ever_connected"": true, ""packet_age_ms"": 0, ""timeout_exceeded"": false, ""rssi"": -50}, ""communication_mode"": ""BEACON"", ""timestamp"": 136688, ""packets_received"": 178, ""kalman_data"": {""altitude"": -0.67, ""vertical_velocity"": -4.37}, ""kalman_altitude"": -0.67, ""kalman_vertical_velocity"": -4.37, ""pyroDrogue"": 0, ""pyroMain"": 0, ""pyro1_state"": 0, ""pyro2_state"": 0}"
1764741510.296611,2025-12-03T08:58:30.296611,865,0,0,-0.75,-0.55,-0.29,-47.98,-117.39,-10.64,-11.1,-8.84,0,0,0,27175,851.52,23.6,-0.51,0,0,0,0,-52,-0.69,-4.44,BEACON,"{""record_number"": 865, ""operation_mode"": 0, ""state"": 0, ""battery_voltage"": 0, ""wifi_rssi"": -52, ""acc_data"": {""ax"": -0.75, ""ay"": -0.55, ""az"": -0.29, ""pitch"": -47.98, ""roll"": -117.39}, ""gyro_data"": {""gx"": -10.64, ""gy"": -11.1, ""gz"": -8.84}, ""gps_data"": {""latitude"": 0, ""longitude"": 0, ""gps_altitude"": 0, ""time"": 27175}, ""alt_data"": {""pressure"": 851.52, ""temperature"": 23.6, ""AGL"": -0.51, ""velocity"": 0, ""kalman_altitude"": -0.69, ""kalman_vertical_velocity"": -4.44}, ""chute_state"": {""pyro1_state"": 0, ""pyro2_state"": 0}, ""connection_status"": {""connected"": true, ""has_ever_connected"": true, ""packet_age_ms"": 0, ""timeout_exceeded"": false, ""rssi"": -52}, ""communication_mode"": ""BEACON"", ""timestamp"": 136801, ""packets_received"": 179, ""kalman_data"": {""altitude"": -0.69, ""vertical_velocity"": -4.44}, ""kalman_altitude"": -0.69, ""kalman_vertical_velocity"": -4.44, ""pyroDrogue"": 0, ""pyroMain"": 0, ""pyro1_state"": 0, ""pyro2_state"": 0}"
1764741510.543958,2025-12-03T08:58:30.543958,869,0,0,-0.73,-0.56,-0.29,-47.77,-118.47,-8.11,-7.01,-6.16,0,0,0,27375,851.5,23.6,-0.3,0,0,0,0,-53,-0.66,-4.4,BEACON,"{""record_number"": 869, ""operation_mode"": 0, ""state"": 0, ""battery_voltage"": 0, ""wifi_rssi"": -53, ""acc_data"": {""ax"": -0.73, ""ay"": -0.56, ""az"": -0.29, ""pitch"": -47.77, ""roll"": -118.47}, ""gyro_data"": {""gx"": -8.11, ""gy"": -7.01, ""gz"": -6.16}, ""gps_data"": {""latitude"": 0, ""longitude"": 0, ""gps_altitude"": 0, ""time"": 27375}, ""alt_data"": {""pressure"": 851.5, ""temperature"": 23.6, ""AGL"": -0.3, ""velocity"": 0, ""kalman_altitude"": -0.66, ""kalman_vertical_velocity"": -4.4}, ""chute_state"": {""pyro1_state"": 0, ""pyro2_state"": 0}, ""connection_status"": {""connected"": true, ""has_ever_connected"": true, ""packet_age_ms"": 1, ""timeout_exceeded"": false, ""rssi"": -53}, ""communication_mode"": ""BEACON"", ""timestamp"": 136914, ""packets_received"": 180, ""kalman_data"": {""altitude"": -0.66, ""vertical_velocity"": -4.4}, ""kalman_altitude"": -0.66, ""kalman_vertical_velocity"": -4.4, ""pyroDrogue"": 0, ""pyroMain"": 0, ""pyro1_state"": 0, ""pyro2_state"": 0}"
1764741510.686405,2025-12-03T08:58:30.686405,874,0,0,-0.71,-0.55,-0.28,-45.05,-115.66,-6.13,-2.9,-7.84,0,0,0,27375,851.58,23.61,-1.14,0,0,0,0,-52,-0.73,-4.52,BEACON,"{""record_number"": 874, ""operation_mode"": 0, ""state"": 0, ""battery_voltage"": 0, ""wifi_rssi"": -52, ""acc_data"": {""ax"": -0.71, ""ay"": -0.55, ""az"": -0.28, ""pitch"": -45.05, ""roll"": -115.66}, ""gyro_data"": {""gx"": -6.13, ""gy"": -2.9, ""gz"": -7.84}, ""gps_data"": {""latitude"": 0, ""longitude"": 0, ""gps_altitude"": 0, ""time"": 27375}, ""alt_data"": {""pressure"": 851.58, ""temperature"": 23.61, ""AGL"": -1.14, ""velocity"": 0, ""kalman_altitude"": -0.73, ""kalman_vertical_velocity"": -4.52}, ""chute_state"": {""pyro1_state"": 0, ""pyro2_state"": 0}, ""connection_status"": {""connected"": true, ""has_ever_connected"": true, ""packet_age_ms"": 0, ""timeout_exceeded"": false, ""rssi"": -52}, ""communication_mode"": ""BEACON"", ""timestamp"": 137026, ""packets_received"": 181, ""kalman_data"": {""altitude"": -0.73, ""vertical_velocity"": -4.52}, ""kalman_altitude"": -0.73, ""kalman_vertical_velocity"": -4.52, ""pyroDrogue"": 0, ""pyroMain"": 0, ""pyro1_state"": 0, ""pyro2_state"": 0}"
1764741510.859654,2025-12-03T08:58:30.859654,878,0,0,-0.77,-0.56,-0.29,-50.77,-118.77,3.69,15.79,-15.91,0,0,0,27575,851.54,23.6,-0.66,0,0,0,0,-52,-0.74,-4.57,BEACON,"{""record_number"": 878, ""operation_mode"": 0, ""state"": 0, ""battery_voltage"": 0, ""wifi_rssi"": -52, ""acc_data"": {""ax"": -0.77, ""ay"": -0.56, ""az"": -0.29, ""pitch"": -50.77, ""roll"": -118.77}, ""gyro_data"": {""gx"": 3.69, ""gy"": 15.79, ""gz"": -15.91}, ""gps_data"": {""latitude"": 0, ""longitude"": 0, ""gps_altitude"": 0, ""time"": 27575}, ""alt_data"": {""pressure"": 851.54, ""temperature"": 23.6, ""AGL"": -0.66, ""velocity"": 0, ""kalman_altitude"": -0.74, ""kalman_vertical_velocity"": -4.57}, ""chute_state"": {""pyro1_state"": 0, ""pyro2_state"": 0}, ""connection_status"": {""connected"": true, ""has_ever_connected"": true, ""packet_age_ms"": 1, ""timeout_exceeded"": false, ""rssi"": -52}, ""communication_mode"": ""BEACON"", ""timestamp"": 137139, ""packets_received"": 182, ""kalman_data"": {""altitude"": -0.74, ""vertical_velocity"": -4.57}, ""kalman_altitude"": -0.74, ""kalman_vertical_velocity"": -4.57, ""pyroDrogue"": 0, ""pyroMain"": 0, ""pyro1_state"": 0, ""pyro2_state"": 0}"
1764741510.912701,2025-12-03T08:58:30.912701,882,0,0,-0.75,-0.55,-0.3,-48.27,-118.36,12.26,-23.26,17.13,0,0,0,27779,851.51,23.6,-0.41,0,0,0,0,-52,-0.71,-4.54,BEACON,"{""record_number"": 882, ""operation_mode"": 0, ""state"": 0, ""battery_voltage"": 0, ""wifi_rssi"": -52, ""acc_data"": {""ax"": -0.75, ""ay"": -0.55, ""az"": -0.3, ""pitch"": -48.27, ""roll"": -118.36}, ""gyro_data"": {""gx"": 12.26, ""gy"": -23.26, ""gz"": 17.13}, ""gps_data"": {""latitude"": 0, ""longitude"": 0, ""gps_altitude"": 0, ""time"": 27779}, ""alt_data"": {""pressure"": 851.51, ""temperature"": 23.6, ""AGL"": -0.41, ""velocity"": 0, ""kalman_altitude"": -0.71, ""kalman_vertical_velocity"": -4.54}, ""chute_state"": {""pyro1_state"": 0, ""pyro2_state"": 0}, ""connection_status"": {""connected"": true, ""has_ever_connected"": true, ""packet_age_ms"": 0, ""timeout_exceeded"": false, ""rssi"": -52}, ""communication_mode"": ""BEACON"", ""timestamp"": 137252, ""packets_received"": 183, ""kalman_data"": {""altitude"": -0.71, ""vertical_velocity"": -4.54}, ""kalman_altitude"": -0.71, ""kalman_vertical_velocity"": -4.54, ""pyroDrogue"": 0, ""pyroMain"": 0, ""pyro1_state"": 0, ""pyro2_state"": 0}"
1764741510.963501,2025-12-03T08:58:30.963501,886,0,0,-0.73,-0.55,-0.3,-46.5,-117.94,5.18,-18.14,21.46,0,0,0,27779,851.53,23.6,-0.63,0,0,0,0,-53,-0.72,-4.56,BEACON,"{""record_number"": 886, ""operation_mode"": 0, ""state"": 0, ""battery_voltage"": 0, ""wifi_rssi"": -53, ""acc_data"": {""ax"": -0.73, ""ay"": -0.55, ""az"": -0.3, ""pitch"": -46.5, ""roll"": -117.94}, ""gyro_data"": {""gx"": 5.18, ""gy"": -18.14, ""gz"": 21.46}, ""gps_data"": {""latitude"": 0, ""longitude"": 0, ""gps_altitude"": 0, ""time"": 27779}, ""alt_data"": {""pressure"": 851.53, ""temperature"": 23.6, ""AGL"": -0.63, ""velocity"": 0, ""kalman_altitude"": -0.72, ""kalman_vertical_velocity"": -4.56}, ""chute_state"": {""pyro1_state"": 0, ""pyro2_state"": 0}, ""connection_status"": {""connected"": true, ""has_ever_connected"": true, ""packet_age_ms"": 0, ""timeout_exceeded"": false, ""rssi"": -53}, ""communication_mode"": ""BEACON"", ""timestamp"": 137365, ""packets_received"": 184, ""kalman_data"": {""altitude"": -0.72, ""vertical_velocity"": -4.56}, ""kalman_altitude"": -0.72, ""kalman_vertical_velocity"": -4.56, ""pyroDrogue"": 0, ""pyroMain"": 0, ""pyro1_state"": 0, ""pyro2_state"": 0}"
1764741511.01825,2025-12-03T08:58:31.018250,891,0,0,-0.72,-0.54,-0.3,-46.13,-118.87,-8.51,-7.07,1.68,0,0,0,27980,851.51,23.59,-0.43,0,0,0,0,-53,-0.66,-4.49,BEACON,"{""record_number"": 891, ""operation_mode"": 0, ""state"": 0, ""battery_voltage"": 0, ""wifi_rssi"": -53, ""acc_data"": {""ax"": -0.72, ""ay"": -0.54, ""az"": -0.3, ""pitch"": -46.13, ""roll"": -118.87}, ""gyro_data"": {""gx"": -8.51, ""gy"": -7.07, ""gz"": 1.68}, ""gps_data"": {""latitude"": 0, ""longitude"": 0, ""gps_altitude"": 0, ""time"": 27980}, ""alt_data"": {""pressure"": 851.51, ""temperature"": 23.59, ""AGL"": -0.43, ""velocity"": 0, ""kalman_altitude"": -0.66, ""kalman_vertical_velocity"": -4.49}, ""chute_state"": {""pyro1_state"": 0, ""pyro2_state"": 0}, ""connection_status"": {""connected"": true, ""has_ever_connected"": true, ""packet_age_ms"": 0, ""timeout_exceeded"": false, ""rssi"": -53}, ""communication_mode"": ""BEACON"", ""timestamp"": 137477, ""packets_received"": 185, ""kalman_data"": {""altitude"": -0.66, ""vertical_velocity"": -4.49}, ""kalman_altitude"": -0.66, ""kalman_vertical_velocity"": -4.49, ""pyroDrogue"": 0, ""pyroMain"": 0, ""pyro1_state"": 0, ""pyro2_state"": 0}"
1764741511.076711,2025-12-03T08:58:31.076711,895,0,0,-0.76,-0.55,-0.28,-49.72,-118.15,-20.52,2.41,-12.1,0,0,0,27980,851.57,23.61,-0.96,0,0,0,0,-54,-0.71,-4.59,BEACON,"{""record_number"": 895, ""operation_mode"": 0, ""state"": 0, ""battery_voltage"": 0, ""wifi_rssi"": -54, ""acc_data"": {""ax"": -0.76, ""ay"": -0.55, ""az"": -0.28, ""pitch"": -49.72, ""roll"": -118.15}, ""gyro_data"": {""gx"": -20.52, ""gy"": 2.41, ""gz"": -12.1}, ""gps_data"": {""latitude"": 0, ""longitude"": 0, ""gps_altitude"": 0, ""time"": 27980}, ""alt_data"": {""pressure"": 851.57, ""temperature"": 23.61, ""AGL"": -0.96, ""velocity"": 0, ""kalman_altitude"": -0.71, ""kalman_vertical_velocity"": -4.59}, ""chute_state"": {""pyro1_state"": 0, ""pyro2_state"": 0}, ""connection_status"": {""connected"": true, ""has_ever_connected"": true, ""packet_age_ms"": 0, ""timeout_exceeded"": false, ""rssi"": -54}, ""communication_mode"": ""BEACON"", ""timestamp"": 137593, ""packets_received"": 186, ""kalman_data"": {""altitude"": -0.71, ""vertical_velocity"": -4.59}, ""kalman_altitude"": -0.71, ""kalman_vertical_velocity"": -4.59, ""pyroDrogue"": 0, ""pyroMain"": 0, ""pyro1_state"": 0, ""pyro2_state"": 0}"
1764741511.119708,2025-12-03T08:58:31.119708,899,0,0,-0.78,-0.56,-0.3,-51.17,-118.35,-25.15,-12.04,-6.07,0,0,0,28180,851.55,23.61,-0.75,0,0,0,0,-55,-0.73,-4.63,BEACON,"{""record_number"": 899, ""operation_mode"": 0, ""state"": 0, ""battery_voltage"": 0, ""wifi_rssi"": -55, ""acc_data"": {""ax"": -0.78, ""ay"": -0.56, ""az"": -0.3, ""pitch"": -51.17, ""roll"": -118.35}, ""gyro_data"": {""gx"": -25.15, ""gy"": -12.04, ""gz"": -6.07}, ""gps_data"": {""latitude"": 0, ""longitude"": 0, ""gps_altitude"": 0, ""time"": 28180}, ""alt_data"": {""pressure"": 851.55, ""temperature"": 23.61, ""AGL"": -0.75, ""velocity"": 0, ""kalman_altitude"": -0.73, ""kalman_vertical_velocity"": -4.63}, ""chute_state"": {""pyro1_state"": 0, ""pyro2_state"": 0}, ""connection_status"": {""connected"": true, ""has_ever_connected"": true, ""packet_age_ms"": 1, ""timeout_exceeded"": false, ""rssi"": -55}, ""communication_mode"": ""BEACON"", ""timestamp"": 137703, ""packets_received"": 187, ""kalman_data"": {""altitude"": -0.73, ""vertical_velocity"": -4.63}, ""kalman_altitude"": -0.73, ""kalman_vertical_velocity"": -4.63, ""pyroDrogue"": 0, ""pyroMain"": 0, ""pyro1_state"": 0, ""pyro2_state"": 0}"
1764741511.18746,2025-12-03T08:58:31.187460,904,0,0,-0.74,-0.53,-0.27,-47.52,-117.3,-23.81,-26.86,4.82,0,0,0,28180,851.57,23.61,-1,0,0,0,0,-54,-0.76,-4.7,BEACON,"{""record_number"": 904, ""operation_mode"": 0, ""state"": 0, ""battery_voltage"": 0, ""wifi_rssi"": -54, ""acc_data"": {""ax"": -0.74, ""ay"": -0.53, ""az"": -0.27, ""pitch"": -47.52, ""roll"": -117.3}, ""gyro_data"": {""gx"": -23.81, ""gy"": -26.86, ""gz"": 4.82}, ""gps_data"": {""latitude"": 0, ""longitude"": 0, ""gps_altitude"": 0, ""time"": 28180}, ""alt_data"": {""pressure"": 851.57, ""temperature"": 23.61, ""AGL"": -1, ""velocity"": 0, ""kalman_altitude"": -0.76, ""kalman_vertical_velocity"": -4.7}, ""chute_state"": {""pyro1_state"": 0, ""pyro2_state"": 0}, ""connection_status"": {""connected"": true, ""has_ever_connected"": true, ""packet_age_ms"": 0, ""timeout_exceeded"": false, ""rssi"": -54}, ""communication_mode"": ""BEACON"", ""timestamp"": 137815, ""packets_received"": 188, ""kalman_data"": {""altitude"": -0.76, ""vertical_velocity"": -4.7}, ""kalman_altitude"": -0.76, ""kalman_vertical_velocity"": -4.7, ""pyroDrogue"": 0, ""pyroMain"": 0, ""pyro1_state"": 0, ""pyro2_state"": 0}"
1764741511.327945,2025-12-03T08:58:31.327945,908,0,0,-0.75,-0.53,-0.26,-47.69,-116.11,-21.8,-1.16,-16.71,0,0,0,28379,851.52,23.6,-0.51,0,0,0,0,-53,-0.74,-4.68,BEACON,"{""record_number"": 908, ""operation_mode"": 0, ""state"": 0, ""battery_voltage"": 0, ""wifi_rssi"": -53, ""acc_data"": {""ax"": -0.75, ""ay"": -0.53, ""az"": -0.26, ""pitch"": -47.69, ""roll"": -116.11}, ""gyro_data"": {""gx"": -21.8, ""gy"": -1.16, ""gz"": -16.71}, ""gps_data"": {""latitude"": 0, ""longitude"": 0, ""gps_altitude"": 0, ""time"": 28379}, ""alt_data"": {""pressure"": 851.52, ""temperature"": 23.6, ""AGL"": -0.51, ""velocity"": 0, ""kalman_altitude"": -0.74, ""kalman_vertical_velocity"": -4.68}, ""chute_state"": {""pyro1_state"": 0, ""pyro2_state"": 0}, ""connection_status"": {""connected"": true, ""has_ever_connected"": true, ""packet_age_ms"": 0, ""timeout_exceeded"": false, ""rssi"": -53}, ""communication_mode"": ""BEACON"", ""timestamp"": 137931, ""packets_received"": 189, ""kalman_data"": {""altitude"": -0.74, ""vertical_velocity"": -4.68}, ""kalman_altitude"": -0.74, ""kalman_vertical_velocity"": -4.68, ""pyroDrogue"": 0, ""pyroMain"": 0, ""pyro1_state"": 0, ""pyro2_state"": 0}"
1764741511.550611,2025-12-03T08:58:31.550611,912,0,0,-0.77,-0.55,-0.27,-50.25,-116.3,-5.58,4.3,-14.39,0,0,0,28580,851.54,23.6,-0.69,0,0,0,0,-52,-0.75,-4.71,BEACON,"{""record_number"": 912, ""operation_mode"": 0, ""state"": 0, ""battery_voltage"": 0, ""wifi_rssi"": -52, ""acc_data"": {""ax"": -0.77, ""ay"": -0.55, ""az"": -0.27, ""pitch"": -50.25, ""roll"": -116.3}, ""gyro_data"": {""gx"": -5.58, ""gy"": 4.3, ""gz"": -14.39}, ""gps_data"": {""latitude"": 0, ""longitude"": 0, ""gps_altitude"": 0, ""time"": 28580}, ""alt_data"": {""pressure"": 851.54, ""temperature"": 23.6, ""AGL"": -0.69, ""velocity"": 0, ""kalman_altitude"": -0.75, ""kalman_vertical_velocity"": -4.71}, ""chute_state"": {""pyro1_state"": 0, ""pyro2_state"": 0}, ""connection_status"": {""connected"": true, ""has_ever_connected"": true, ""packet_age_ms"": 0, ""timeout_exceeded"": false, ""rssi"": -52}, ""communication_mode"": ""BEACON"", ""timestamp"": 138042, ""packets_received"": 190, ""kalman_data"": {""altitude"": -0.75, ""vertical_velocity"": -4.71}, ""kalman_altitude"": -0.75, ""kalman_vertical_velocity"": -4.71, ""pyroDrogue"": 0, ""pyroMain"": 0, ""pyro1_state"": 0, ""pyro2_state"": 0}"
1764741511.639631,2025-12-03T08:58:31.639631,916,0,0,-0.76,-0.56,-0.26,-50.07,-117.12,4.02,2.77,-6.46,0,0,0,28580,851.59,23.6,-1.17,0,0,0,0,-53,-0.82,-4.82,BEACON,"{""record_number"": 916, ""operation_mode"": 0, ""state"": 0, ""battery_voltage"": 0, ""wifi_rssi"": -53, ""acc_data"": {""ax"": -0.76, ""ay"": -0.56, ""az"": -0.26, ""pitch"": -50.07, ""roll"": -117.12}, ""gyro_data"": {""gx"": 4.02, ""gy"": 2.77, ""gz"": -6.46}, ""gps_data"": {""latitude"": 0, ""longitude"": 0, ""gps_altitude"": 0, ""time"": 28580}, ""alt_data"": {""pressure"": 851.59, ""temperature"": 23.6, ""AGL"": -1.17, ""velocity"": 0, ""kalman_altitude"": -0.82, ""kalman_vertical_velocity"": -4.82}, ""chute_state"": {""pyro1_state"": 0, ""pyro2_state"": 0}, ""connection_status"": {""connected"": true, ""has_ever_connected"": true, ""packet_age_ms"": 0, ""timeout_exceeded"": false, ""rssi"": -53}, ""communication_mode"": ""BEACON"", ""timestamp"": 138154, ""packets_received"": 191, ""kalman_data"": {""altitude"": -0.82, ""vertical_velocity"": -4.82}, ""kalman_altitude"": -0.82, ""kalman_vertical_velocity"": -4.82, ""pyroDrogue"": 0, ""pyroMain"": 0, ""pyro1_state"": 0, ""pyro2_state"": 0}"
1764741511.722419,2025-12-03T08:58:31.722419,921,0,0,-0.74,-0.54,-0.29,-47.73,-118.42,10.06,3.93,2.29,0,0,0,28785,851.51,23.6,-0.37,0,0,0,0,-53,-0.8,-4.81,BEACON,"{""record_number"": 921, ""operation_mode"": 0, ""state"": 0, ""battery_voltage"": 0, ""wifi_rssi"": -53, ""acc_data"": {""ax"": -0.74, ""ay"": -0.54, ""az"": -0.29, ""pitch"": -47.73, ""roll"": -118.42}, ""gyro_data"": {""gx"": 10.06, ""gy"": 3.93, ""gz"": 2.29}, ""gps_data"": {""latitude"": 0, ""longitude"": 0, ""gps_altitude"": 0, ""time"": 28785}, ""alt_data"": {""pressure"": 851.51, ""temperature"": 23.6, ""AGL"": -0.37, ""velocity"": 0, ""kalman_altitude"": -0.8, ""kalman_vertical_velocity"": -4.81}, ""chute_state"": {""pyro1_state"": 0, ""pyro2_state"": 0}, ""connection_status"": {""connected"": true, ""has_ever_connected"": true, ""packet_age_ms"": 0, ""timeout_exceeded"": false, ""rssi"": -53}, ""communication_mode"": ""BEACON"", ""timestamp"": 138266, ""packets_received"": 192, ""kalman_data"": {""altitude"": -0.8, ""vertical_velocity"": -4.81}, ""kalman_altitude"": -0.8, ""kalman_vertical_velocity"": -4.81, ""pyroDrogue"": 0, ""pyroMain"": 0, ""pyro1_state"": 0, ""pyro2_state"": 0}"
1764741511.809014,2025-12-03T08:58:31.809014,925,0,0,-0.74,-0.56,-0.29,-48.02,-117.22,8.2,0.09,4.76,0,0,0,28785,851.55,23.6,-0.83,0,0,0,0,-57,-0.81,-4.85,BEACON,"{""record_number"": 925, ""operation_mode"": 0, ""state"": 0, ""battery_voltage"": 0, ""wifi_rssi"": -57, ""acc_data"": {""ax"": -0.74, ""ay"": -0.56, ""az"": -0.29, ""pitch"": -48.02, ""roll"": -117.22}, ""gyro_data"": {""gx"": 8.2, ""gy"": 0.09, ""gz"": 4.76}, ""gps_data"": {""latitude"": 0, ""longitude"": 0, ""gps_altitude"": 0, ""time"": 28785}, ""alt_data"": {""pressure"": 851.55, ""temperature"": 23.6, ""AGL"": -0.83, ""velocity"": 0, ""kalman_altitude"": -0.81, ""kalman_vertical_velocity"": -4.85}, ""chute_state"": {""pyro1_state"": 0, ""pyro2_state"": 0}, ""connection_status"": {""connected"": true, ""has_ever_connected"": true, ""packet_age_ms"": 0, ""timeout_exceeded"": false, ""rssi"": -57}, ""communication_mode"": ""BEACON"", ""timestamp"": 138379, ""packets_received"": 193, ""kalman_data"": {""altitude"": -0.81, ""vertical_velocity"": -4.85}, ""kalman_altitude"": -0.81, ""kalman_vertical_velocity"": -4.85, ""pyroDrogue"": 0, ""pyroMain"": 0, ""pyro1_state"": 0, ""pyro2_state"": 0}"
1764741511.942165,2025-12-03T08:58:31.942165,929,0,0,-0.73,-0.54,-0.29,-47.27,-117.66,-2.01,3.05,-7.32,0,0,0,28984,851.57,23.62,-1.01,0,0,0,0,-59,-0.86,-4.92,BEACON,"{""record_number"": 929, ""operation_mode"": 0, ""state"": 0, ""battery_voltage"": 0, ""wifi_rssi"": -59, ""acc_data"": {""ax"": -0.73, ""ay"": -0.54, ""az"": -0.29, ""pitch"": -47.27, ""roll"": -117.66}, ""gyro_data"": {""gx"": -2.01, ""gy"": 3.05, ""gz"": -7.32}, ""gps_data"": {""latitude"": 0, ""longitude"": 0, ""gps_altitude"": 0, ""time"": 28984}, ""alt_data"": {""pressure"": 851.57, ""temperature"": 23.62, ""AGL"": -1.01, ""velocity"": 0, ""kalman_altitude"": -0.86, ""kalman_vertical_velocity"": -4.92}, ""chute_state"": {""pyro1_state"": 0, ""pyro2_state"": 0}, ""connection_status"": {""connected"": true, ""has_ever_connected"": true, ""packet_age_ms"": 1, ""timeout_exceeded"": false, ""rssi"": -59}, ""communication_mode"": ""BEACON"", ""timestamp"": 138493, ""packets_received"": 194, ""kalman_data"": {""altitude"": -0.86, ""vertical_velocity"": -4.92}, ""kalman_altitude"": -0.86, ""kalman_vertical_velocity"": -4.92, ""pyroDrogue"": 0, ""pyroMain"": 0, ""pyro1_state"": 0, ""pyro2_state"": 0}"
1764741512.021784,2025-12-03T08:58:32.021784,933,0,0,-0.74,-0.55,-0.29,-47.77,-117.91,-8.17,-3.02,-7.07,0,0,0,28984,851.53,23.6,-0.58,0,0,0,0,-60,-0.81,-4.88,BEACON,"{""record_number"": 933, ""operation_mode"": 0, ""state"": 0, ""battery_voltage"": 0, ""wifi_rssi"": -60, ""acc_data"": {""ax"": -0.74, ""ay"": -0.55, ""az"": -0.29, ""pitch"": -47.77, ""roll"": -117.91}, ""gyro_data"": {""gx"": -8.17, ""gy"": -3.02, ""gz"": -7.07}, ""gps_data"": {""latitude"": 0, ""longitude"": 0, ""gps_altitude"": 0, ""time"": 28984}, ""alt_data"": {""pressure"": 851.53, ""temperature"": 23.6, ""AGL"": -0.58, ""velocity"": 0, ""kalman_altitude"": -0.81, ""kalman_vertical_velocity"": -4.88}, ""chute_state"": {""pyro1_state"": 0, ""pyro2_state"": 0}, ""connection_status"": {""connected"": true, ""has_ever_connected"": true, ""packet_age_ms"": 0, ""timeout_exceeded"": false, ""rssi"": -60}, ""communication_mode"": ""BEACON"", ""timestamp"": 138605, ""packets_received"": 195, ""kalman_data"": {""altitude"": -0.81, ""vertical_velocity"": -4.88}, ""kalman_altitude"": -0.81, ""kalman_vertical_velocity"": -4.88, ""pyroDrogue"": 0, ""pyroMain"": 0, ""pyro1_state"": 0, ""pyro2_state"": 0}"
1764741512.144569,2025-12-03T08:58:32.144569,938,0,0,-0.75,-0.55,-0.3,-48.15,-117.6,-16.34,-6.95,-10.98,0,0,0,29185,851.48,23.6,-0.12,0,0,0,0,-62,-0.72,-4.77,BEACON,"{""record_number"": 938, ""operation_mode"": 0, ""state"": 0, ""battery_voltage"": 0, ""wifi_rssi"": -62, ""acc_data"": {""ax"": -0.75, ""ay"": -0.55, ""az"": -0.3, ""pitch"": -48.15, ""roll"": -117.6}, ""gyro_data"": {""gx"": -16.34, ""gy"": -6.95, ""gz"": -10.98}, ""gps_data"": {""latitude"": 0, ""longitude"": 0, ""gps_altitude"": 0, ""time"": 29185}, ""alt_data"": {""pressure"": 851.48, ""temperature"": 23.6, ""AGL"": -0.12, ""velocity"": 0, ""kalman_altitude"": -0.72, ""kalman_vertical_velocity"": -4.77}, ""chute_state"": {""pyro1_state"": 0, ""pyro2_state"": 0}, ""connection_status"": {""connected"": true, ""has_ever_connected"": true, ""packet_age_ms"": 0, ""timeout_exceeded"": false, ""rssi"": -62}, ""communication_mode"": ""BEACON"", ""timestamp"": 138717, ""packets_received"": 196, ""kalman_data"": {""altitude"": -0.72, ""vertical_velocity"": -4.77}, ""kalman_altitude"": -0.72, ""kalman_vertical_velocity"": -4.77, ""pyroDrogue"": 0, ""pyroMain"": 0, ""pyro1_state"": 0, ""pyro2_state"": 0}"
1764741512.258027,2025-12-03T08:58:32.258027,942,0,0,-0.74,-0.55,-0.29,-47.4,-117.66,-14.21,-7.1,-8.11,0,0,0,29185,851.53,23.6,-0.58,0,0,0,0,-63,-0.72,-4.77,BEACON,"{""record_number"": 942, ""operation_mode"": 0, ""state"": 0, ""battery_voltage"": 0, ""wifi_rssi"": -63, ""acc_data"": {""ax"": -0.74, ""ay"": -0.55, ""az"": -0.29, ""pitch"": -47.4, ""roll"": -117.66}, ""gyro_data"": {""gx"": -14.21, ""gy"": -7.1, ""gz"": -8.11}, ""gps_data"": {""latitude"": 0, ""longitude"": 0, ""gps_altitude"": 0, ""time"": 29185}, ""alt_data"": {""pressure"": 851.53, ""temperature"": 23.6, ""AGL"": -0.58, ""velocity"": 0, ""kalman_altitude"": -0.72, ""kalman_vertical_velocity"": -4.77}, ""chute_state"": {""pyro1_state"": 0, ""pyro2_state"": 0}, ""connection_status"": {""connected"": true, ""has_ever_connected"": true, ""packet_age_ms"": 0, ""timeout_exceeded"": false, ""rssi"": -63}, ""communication_mode"": ""BEACON"", ""timestamp"": 138830, ""packets_received"": 197, ""kalman_data"": {""altitude"": -0.72, ""vertical_velocity"": -4.77}, ""kalman_altitude"": -0.72, ""kalman_vertical_velocity"": -4.77, ""pyroDrogue"": 0, ""pyroMain"": 0, ""pyro1_state"": 0, ""pyro2_state"": 0}"
1764741512.358699,2025-12-03T08:58:32.358699,946,0,0,-0.73,-0.55,-0.29,-47.23,-117.26,-18.41,-13.26,-11.98,0,0,0,29385,851.58,23.61,-1.07,0,0,0,0,-66,-0.8,-4.92,BEACON,"{""record_number"": 946, ""operation_mode"": 0, ""state"": 0, ""battery_voltage"": 0, ""wifi_rssi"": -66, ""acc_data"": {""ax"": -0.73, ""ay"": -0.55, ""az"": -0.29, ""pitch"": -47.23, ""roll"": -117.26}, ""gyro_data"": {""gx"": -18.41, ""gy"": -13.26, ""gz"": -11.98}, ""gps_data"": {""latitude"": 0, ""longitude"": 0, ""gps_altitude"": 0, ""time"": 29385}, ""alt_data"": {""pressure"": 851.58, ""temperature"": 23.61, ""AGL"": -1.07, ""velocity"": 0, ""kalman_altitude"": -0.8, ""kalman_vertical_velocity"": -4.92}, ""chute_state"": {""pyro1_state"": 0, ""pyro2_state"": 0}, ""connection_status"": {""connected"": true, ""has_ever_connected"": true, ""packet_age_ms"": 0, ""timeout_exceeded"": false, ""rssi"": -66}, ""communication_mode"": ""BEACON"", ""timestamp"": 138944, ""packets_received"": 198, ""kalman_data"": {""altitude"": -0.8, ""vertical_velocity"": -4.92}, ""kalman_altitude"": -0.8, ""kalman_vertical_velocity"": -4.92, ""pyroDrogue"": 0, ""pyroMain"": 0, ""pyro1_state"": 0, ""pyro2_state"": 0}"
1764741513.124644,2025-12-03T08:58:33.124644,951,0,0,-0.72,-0.54,-0.29,-45.53,-119.2,-20.4,-27.1,-17.59,0,0,0,29585,851.59,23.62,-1.17,0,0,0,0,-68,-0.87,-5.03,BEACON,"{""record_number"": 951, ""operation_mode"": 0, ""state"": 0, ""battery_voltage"": 0, ""wifi_rssi"": -68, ""acc_data"": {""ax"": -0.72, ""ay"": -0.54, ""az"": -0.29, ""pitch"": -45.53, ""roll"": -119.2}, ""gyro_data"": {""gx"": -20.4, ""gy"": -27.1, ""gz"": -17.59}, ""gps_data"": {""latitude"": 0, ""longitude"": 0, ""gps_altitude"": 0, ""time"": 29585}, ""alt_data"": {""pressure"": 851.59, ""temperature"": 23.62, ""AGL"": -1.17, ""velocity"": 0, ""kalman_altitude"": -0.87, ""kalman_vertical_velocity"": -5.03}, ""chute_state"": {""pyro1_state"": 0, ""pyro2_state"": 0}, ""connection_status"": {""connected"": true, ""has_ever_connected"": true, ""packet_age_ms"": 1, ""timeout_exceeded"": false, ""rssi"": -68}, ""communication_mode"": ""BEACON"", ""timestamp"": 139057, ""packets_received"": 199, ""kalman_data"": {""altitude"": -0.87, ""vertical_velocity"": -5.03}, ""kalman_altitude"": -0.87, ""kalman_vertical_velocity"": -5.03, ""pyroDrogue"": 0, ""pyroMain"": 0, ""pyro1_state"": 0, ""pyro2_state"": 0}"
1764741513.3098,2025-12-03T08:58:33.309800,1015,0,0,-0.69,-0.6,-0.37,-43.41,-122.45,-10.64,-12.07,-12.59,0,0,0,31196,851.55,23.61,-0.82,0,0,0,0,-63,-0.74,-5.12,BEACON,"{""record_number"": 1015, ""operation_mode"": 0, ""state"": 0, ""battery_voltage"": 0, ""wifi_rssi"": -63, ""acc_data"": {""ax"": -0.69, ""ay"": -0.6, ""az"": -0.37, ""pitch"": -43.41, ""roll"": -122.45}, ""gyro_data"": {""gx"": -10.64, ""gy"": -12.07, ""gz"": -12.59}, ""gps_data"": {""latitude"": 0, ""longitude"": 0, ""gps_altitude"": 0, ""time"": 31196}, ""alt_data"": {""pressure"": 851.55, ""temperature"": 23.61, ""AGL"": -0.82, ""velocity"": 0, ""kalman_altitude"": -0.74, ""kalman_vertical_velocity"": -5.12}, ""chute_state"": {""pyro1_state"": 0, ""pyro2_state"": 0}, ""connection_status"": {""connected"": true, ""has_ever_connected"": true, ""packet_age_ms"": 1, ""timeout_exceeded"": false, ""rssi"": -63}, ""communication_mode"": ""BEACON"", ""timestamp"": 140748, ""packets_received"": 213, ""kalman_data"": {""altitude"": -0.74, ""vertical_velocity"": -5.12}, ""kalman_altitude"": -0.74, ""kalman_vertical_velocity"": -5.12, ""pyroDrogue"": 0, ""pyroMain"": 0, ""pyro1_state"": 0, ""pyro2_state"": 0}"
1764741513.410496,2025-12-03T08:58:33.410496,1019,0,0,-0.68,-0.6,-0.35,-43.72,-120.51,-2.59,-5.03,-7.59,0,0,0,31396,851.56,23.62,-0.91,0,0,0,0,-63,-0.78,-5.2,BEACON,"{""record_number"": 1019, ""operation_mode"": 0, ""state"": 0, ""battery_voltage"": 0, ""wifi_rssi"": -63, ""acc_data"": {""ax"": -0.68, ""ay"": -0.6, ""az"": -0.35, ""pitch"": -43.72, ""roll"": -120.51}, ""gyro_data"": {""gx"": -2.59, ""gy"": -5.03, ""gz"": -7.59}, ""gps_data"": {""latitude"": 0, ""longitude"": 0, ""gps_altitude"": 0, ""time"": 31396}, ""alt_data"": {""pressure"": 851.56, ""temperature"": 23.62, ""AGL"": -0.91, ""velocity"": 0, ""kalman_altitude"": -0.78, ""kalman_vertical_velocity"": -5.2}, ""chute_state"": {""pyro1_state"": 0, ""pyro2_state"": 0}, ""connection_status"": {""connected"": true, ""has_ever_connected"": true, ""packet_age_ms"": 1, ""timeout_exceeded"": false, ""rssi"": -63}, ""communication_mode"": ""BEACON"", ""timestamp"": 140862, ""packets_received"": 214, ""kalman_data"": {""altitude"": -0.78, ""vertical_velocity"": -5.2}, ""kalman_altitude"": -0.78, ""kalman_vertical_velocity"": -5.2, ""pyroDrogue"": 0, ""pyroMain"": 0, ""pyro1_state"": 0, ""pyro2_state"": 0}"
1764741513.449685,2025-12-03T08:58:33.449685,1024,0,0,-0.66,-0.59,-0.35,-41.59,-120.43,-0.73,2.2,-11.04,0,0,0,31396,851.53,23.61,-0.57,0,0,0,0,-64,-0.72,-5.14,BEACON,"{""record_number"": 1024, ""operation_mode"": 0, ""state"": 0, ""battery_voltage"": 0, ""wifi_rssi"": -64, ""acc_data"": {""ax"": -0.66, ""ay"": -0.59, ""az"": -0.35, ""pitch"": -41.59, ""roll"": -120.43}, ""gyro_data"": {""gx"": -0.73, ""gy"": 2.2, ""gz"": -11.04}, ""gps_data"": {""latitude"": 0, ""longitude"": 0, ""gps_altitude"": 0, ""time"": 31396}, ""alt_data"": {""pressure"": 851.53, ""temperature"": 23.61, ""AGL"": -0.57, ""velocity"": 0, ""kalman_altitude"": -0.72, ""kalman_vertical_velocity"": -5.14}, ""chute_state"": {""pyro1_state"": 0, ""pyro2_state"": 0}, ""connection_status"": {""connected"": true, ""has_ever_connected"": true, ""packet_age_ms"": 0, ""timeout_exceeded"": false, ""rssi"": -64}, ""communication_mode"": ""BEACON"", ""timestamp"": 140972, ""packets_received"": 215, ""kalman_data"": {""altitude"": -0.72, ""vertical_velocity"": -5.14}, ""kalman_altitude"": -0.72, ""kalman_vertical_velocity"": -5.14, ""pyroDrogue"": 0, ""pyroMain"": 0, ""pyro1_state"": 0, ""pyro2_state"": 0}"
1764741513.572814,2025-12-03T08:58:33.572814,1028,0,0,-0.68,-0.6,-0.37,-41.82,-121.34,-2.59,-15.37,-3.57,0,0,0,31597,851.54,23.61,-0.68,0,0,0,0,-64,-0.73,-5.17,BEACON,"{""record_number"": 1028, ""operation_mode"": 0, ""state"": 0, ""battery_voltage"": 0, ""wifi_rssi"": -64, ""acc_data"": {""ax"": -0.68, ""ay"": -0.6, ""az"": -0.37, ""pitch"": -41.82, ""roll"": -121.34}, ""gyro_data"": {""gx"": -2.59, ""gy"": -15.37, ""gz"": -3.57}, ""gps_data"": {""latitude"": 0, ""longitude"": 0, ""gps_altitude"": 0, ""time"": 31597}, ""alt_data"": {""pressure"": 851.54, ""temperature"": 23.61, ""AGL"": -0.68, ""velocity"": 0, ""kalman_altitude"": -0.73, ""kalman_vertical_velocity"": -5.17}, ""chute_state"": {""pyro1_state"": 0, ""pyro2_state"": 0}, ""connection_status"": {""connected"": true, ""has_ever_connected"": true, ""packet_age_ms"": 0, ""timeout_exceeded"": false, ""rssi"": -64}, ""communication_mode"": ""BEACON"", ""timestamp"": 141085, ""packets_received"": 216, ""kalman_data"": {""altitude"": -0.73, ""vertical_velocity"": -5.17}, ""kalman_altitude"": -0.73, ""kalman_vertical_velocity"": -5.17, ""pyroDrogue"": 0, ""pyroMain"": 0, ""pyro1_state"": 0, ""pyro2_state"": 0}"
1764741513.692777,2025-12-03T08:58:33.692777,1032,0,0,-0.68,-0.61,-0.35,-42.76,-119.77,-4.91,-6.89,-3.29,0,0,0,31597,851.6,23.62,-1.26,0,0,0,0,-65,-0.84,-5.33,BEACON,"{""record_number"": 1032, ""operation_mode"": 0, ""state"": 0, ""battery_voltage"": 0, ""wifi_rssi"": -65, ""acc_data"": {""ax"": -0.68, ""ay"": -0.61, ""az"": -0.35, ""pitch"": -42.76, ""roll"": -119.77}, ""gyro_data"": {""gx"": -4.91, ""gy"": -6.89, ""gz"": -3.29}, ""gps_data"": {""latitude"": 0, ""longitude"": 0, ""gps_altitude"": 0, ""time"": 31597}, ""alt_data"": {""pressure"": 851.6, ""temperature"": 23.62, ""AGL"": -1.26, ""velocity"": 0, ""kalman_altitude"": -0.84, ""kalman_vertical_velocity"": -5.33}, ""chute_state"": {""pyro1_state"": 0, ""pyro2_state"": 0}, ""connection_status"": {""connected"": true, ""has_ever_connected"": true, ""packet_age_ms"": 1, ""timeout_exceeded"": false, ""rssi"": -65}, ""communication_mode"": ""BEACON"", ""timestamp"": 141201, ""packets_received"": 217, ""kalman_data"": {""altitude"": -0.84, ""vertical_velocity"": -5.33}, ""kalman_altitude"": -0.84, ""kalman_vertical_velocity"": -5.33, ""pyroDrogue"": 0, ""pyroMain"": 0, ""pyro1_state"": 0, ""pyro2_state"": 0}"
1764741513.789439,2025-12-03T08:58:33.789439,1037,0,0,-0.67,-0.6,-0.36,-42.19,-121.16,-8.29,-8.72,0.46,0,0,0,31801,851.51,23.6,-0.41,0,0,0,0,-64,-0.77,-5.27,BEACON,"{""record_number"": 1037, ""operation_mode"": 0, ""state"": 0, ""battery_voltage"": 0, ""wifi_rssi"": -64, ""acc_data"": {""ax"": -0.67, ""ay"": -0.6, ""az"": -0.36, ""pitch"": -42.19, ""roll"": -121.16}, ""gyro_data"": {""gx"": -8.29, ""gy"": -8.72, ""gz"": 0.46}, ""gps_data"": {""latitude"": 0, ""longitude"": 0, ""gps_altitude"": 0, ""time"": 31801}, ""alt_data"": {""pressure"": 851.51, ""temperature"": 23.6, ""AGL"": -0.41, ""velocity"": 0, ""kalman_altitude"": -0.77, ""kalman_vertical_velocity"": -5.27}, ""chute_state"": {""pyro1_state"": 0, ""pyro2_state"": 0}, ""connection_status"": {""connected"": true, ""has_ever_connected"": true, ""packet_age_ms"": 0, ""timeout_exceeded"": false, ""rssi"": -64}, ""communication_mode"": ""BEACON"", ""timestamp"": 141310, ""packets_received"": 218, ""kalman_data"": {""altitude"": -0.77, ""vertical_velocity"": -5.27}, ""kalman_altitude"": -0.77, ""kalman_vertical_velocity"": -5.27, ""pyroDrogue"": 0, ""pyroMain"": 0, ""pyro1_state"": 0, ""pyro2_state"": 0}"
1764741513.903083,2025-12-03T08:58:33.903083,1041,0,0,-0.66,-0.6,-0.34,-41.25,-120.61,-7.35,-3.05,0.61,0,0,0,31801,851.54,23.6,-0.66,0,0,0,0,-65,-0.76,-5.27,BEACON,"{""record_number"": 1041, ""operation_mode"": 0, ""state"": 0, ""battery_voltage"": 0, ""wifi_rssi"": -65, ""acc_data"": {""ax"": -0.66, ""ay"": -0.6, ""az"": -0.34, ""pitch"": -41.25, ""roll"": -120.61}, ""gyro_data"": {""gx"": -7.35, ""gy"": -3.05, ""gz"": 0.61}, ""gps_data"": {""latitude"": 0, ""longitude"": 0, ""gps_altitude"": 0, ""time"": 31801}, ""alt_data"": {""pressure"": 851.54, ""temperature"": 23.6, ""AGL"": -0.66, ""velocity"": 0, ""kalman_altitude"": -0.76, ""kalman_vertical_velocity"": -5.27}, ""chute_state"": {""pyro1_state"": 0, ""pyro2_state"": 0}, ""connection_status"": {""connected"": true, ""has_ever_connected"": true, ""packet_age_ms"": 0, ""timeout_exceeded"": false, ""rssi"": -65}, ""communication_mode"": ""BEACON"", ""timestamp"": 141422, ""packets_received"": 219, ""kalman_data"": {""altitude"": -0.76, ""vertical_velocity"": -5.27}, ""kalman_altitude"": -0.76, ""kalman_vertical_velocity"": -5.27, ""pyroDrogue"": 0, ""pyroMain"": 0, ""pyro1_state"": 0, ""pyro2_state"": 0}"
1764741514.024646,2025-12-03T08:58:34.024646,1045,0,0,-0.67,-0.61,-0.35,-42.72,-119.92,-12.62,-5.46,-2.74,0,0,0,32001,851.51,23.6,-0.41,0,0,0,0,-64,-0.71,-5.22,BEACON,"{""record_number"": 1045, ""operation_mode"": 0, ""state"": 0, ""battery_voltage"": 0, ""wifi_rssi"": -64, ""acc_data"": {""ax"": -0.67, ""ay"": -0.61, ""az"": -0.35, ""pitch"": -42.72, ""roll"": -119.92}, ""gyro_data"": {""gx"": -12.62, ""gy"": -5.46, ""gz"": -2.74}, ""gps_data"": {""latitude"": 0, ""longitude"": 0, ""gps_altitude"": 0, ""time"": 32001}, ""alt_data"": {""pressure"": 851.51, ""temperature"": 23.6, ""AGL"": -0.41, ""velocity"": 0, ""kalman_altitude"": -0.71, ""kalman_vertical_velocity"": -5.22}, ""chute_state"": {""pyro1_state"": 0, ""pyro2_state"": 0}, ""connection_status"": {""connected"": true, ""has_ever_connected"": true, ""packet_age_ms"": 0, ""timeout_exceeded"": false, ""rssi"": -64}, ""communication_mode"": ""BEACON"", ""timestamp"": 141535, ""packets_received"": 220, ""kalman_data"": {""altitude"": -0.71, ""vertical_velocity"": -5.22}, ""kalman_altitude"": -0.71, ""kalman_vertical_velocity"": -5.22, ""pyroDrogue"": 0, ""pyroMain"": 0, ""pyro1_state"": 0, ""pyro2_state"": 0}"
1764741514.095351,2025-12-03T08:58:34.095351,1049,0,0,-0.65,-0.59,-0.35,-40.11,-120.24,-5.55,-10.27,5.15,0,0,0,32001,851.54,23.6,-0.73,0,0,0,0,-65,-0.73,-5.26,BEACON,"{""record_number"": 1049, ""operation_mode"": 0, ""state"": 0, ""battery_voltage"": 0, ""wifi_rssi"": -65, ""acc_data"": {""ax"": -0.65, ""ay"": -0.59, ""az"": -0.35, ""pitch"": -40.11, ""roll"": -120.24}, ""gyro_data"": {""gx"": -5.55, ""gy"": -10.27, ""gz"": 5.15}, ""gps_data"": {""latitude"": 0, ""longitude"": 0, ""gps_altitude"": 0, ""time"": 32001}, ""alt_data"": {""pressure"": 851.54, ""temperature"": 23.6, ""AGL"": -0.73, ""velocity"": 0, ""kalman_altitude"": -0.73, ""kalman_vertical_velocity"": -5.26}, ""chute_state"": {""pyro1_state"": 0, ""pyro2_state"": 0}, ""connection_status"": {""connected"": true, ""has_ever_connected"": true, ""packet_age_ms"": 1, ""timeout_exceeded"": false, ""rssi"": -65}, ""communication_mode"": ""BEACON"", ""timestamp"": 141649, ""packets_received"": 221, ""kalman_data"": {""altitude"": -0.73, ""vertical_velocity"": -5.26}, ""kalman_altitude"": -0.73, ""kalman_vertical_velocity"": -5.26, ""pyroDrogue"": 0, ""pyroMain"": 0, ""pyro1_state"": 0, ""pyro2_state"": 0}"
1764741514.193961,2025-12-03T08:58:34.193961,1054,0,0,-0.68,-0.61,-0.35,-42.84,-120.42,-2.41,-6.19,-6.89,0,0,0,32201,851.55,23.6,-0.85,0,0,0,0,-64,-0.74,-5.3,BEACON,"{""record_number"": 1054, ""operation_mode"": 0, ""state"": 0, ""battery_voltage"": 0, ""wifi_rssi"": -64, ""acc_data"": {""ax"": -0.68, ""ay"": -0.61, ""az"": -0.35, ""pitch"": -42.84, ""roll"": -120.42}, ""gyro_data"": {""gx"": -2.41, ""gy"": -6.19, ""gz"": -6.89}, ""gps_data"": {""latitude"": 0, ""longitude"": 0, ""gps_altitude"": 0, ""time"": 32201}, ""alt_data"": {""pressure"": 851.55, ""temperature"": 23.6, ""AGL"": -0.85, ""velocity"": 0, ""kalman_altitude"": -0.74, ""kalman_vertical_velocity"": -5.3}, ""chute_state"": {""pyro1_state"": 0, ""pyro2_state"": 0}, ""connection_status"": {""connected"": true, ""has_ever_connected"": true, ""packet_age_ms"": 0, ""timeout_exceeded"": false, ""rssi"": -64}, ""communication_mode"": ""BEACON"", ""timestamp"": 141761, ""packets_received"": 222, ""kalman_data"": {""altitude"": -0.74, ""vertical_velocity"": -5.3}, ""kalman_altitude"": -0.74, ""kalman_vertical_velocity"": -5.3, ""pyroDrogue"": 0, ""pyroMain"": 0, ""pyro1_state"": 0, ""pyro2_state"": 0}"
1764741514.46811,2025-12-03T08:58:34.468110,1058,0,0,-0.67,-0.59,-0.34,-42.42,-120.01,-2.07,-1.31,-10.49,0,0,0,32401,851.51,23.6,-0.38,0,0,0,0,-64,-0.69,-5.25,BEACON,"{""record_number"": 1058, ""operation_mode"": 0, ""state"": 0, ""battery_voltage"": 0, ""wifi_rssi"": -64, ""acc_data"": {""ax"": -0.67, ""ay"": -0.59, ""az"": -0.34, ""pitch"": -42.42, ""roll"": -120.01}, ""gyro_data"": {""gx"": -2.07, ""gy"": -1.31, ""gz"": -10.49}, ""gps_data"": {""latitude"": 0, ""longitude"": 0, ""gps_altitude"": 0, ""time"": 32401}, ""alt_data"": {""pressure"": 851.51, ""temperature"": 23.6, ""AGL"": -0.38, ""velocity"": 0, ""kalman_altitude"": -0.69, ""kalman_vertical_velocity"": -5.25}, ""chute_state"": {""pyro1_state"": 0, ""pyro2_state"": 0}, ""connection_status"": {""connected"": true, ""has_ever_connected"": true, ""packet_age_ms"": 1, ""timeout_exceeded"": false, ""rssi"": -64}, ""communication_mode"": ""BEACON"", ""timestamp"": 141875, ""packets_received"": 223, ""kalman_data"": {""altitude"": -0.69, ""vertical_velocity"": -5.25}, ""kalman_altitude"": -0.69, ""kalman_vertical_velocity"": -5.25, ""pyroDrogue"": 0, ""pyroMain"": 0, ""pyro1_state"": 0, ""pyro2_state"": 0}"
1764741514.549001,2025-12-03T08:58:34.549001,1062,1,0,-0.66,-0.62,-0.36,-42.04,-118.08,-1.55,1.4,-5.09,0,0,0,32401,851.49,23.6,-0.23,0,0,0,0,-64,-0.61,-5.17,BEACON,"{""record_number"": 1062, ""operation_mode"": 1, ""state"": 0, ""battery_voltage"": 0, ""wifi_rssi"": -64, ""acc_data"": {""ax"": -0.66, ""ay"": -0.62, ""az"": -0.36, ""pitch"": -42.04, ""roll"": -118.08}, ""gyro_data"": {""gx"": -1.55, ""gy"": 1.4, ""gz"": -5.09}, ""gps_data"": {""latitude"": 0, ""longitude"": 0, ""gps_altitude"": 0, ""time"": 32401}, ""alt_data"": {""pressure"": 851.49, ""temperature"": 23.6, ""AGL"": -0.23, ""velocity"": 0, ""kalman_altitude"": -0.61, ""kalman_vertical_velocity"": -5.17}, ""chute_state"": {""pyro1_state"": 0, ""pyro2_state"": 0}, ""connection_status"": {""connected"": true, ""has_ever_connected"": true, ""packet_age_ms"": 1, ""timeout_exceeded"": false, ""rssi"": -64}, ""communication_mode"": ""BEACON"", ""timestamp"": 141988, ""packets_received"": 224, ""kalman_data"": {""altitude"": -0.61, ""vertical_velocity"": -5.17}, ""kalman_altitude"": -0.61, ""kalman_vertical_velocity"": -5.17, ""pyroDrogue"": 0, ""pyroMain"": 0, ""pyro1_state"": 0, ""pyro2_state"": 0}"
1764741514.62673,2025-12-03T08:58:34.626730,1067,1,0,-0.69,-0.6,-0.36,-43.92,-120.42,-7.1,4.12,-6.01,0,0,0,32602,851.52,23.61,-0.47,0,0,0,0,-64,-0.64,-5.24,BEACON,"{""record_number"": 1067, ""operation_mode"": 1, ""state"": 0, ""battery_voltage"": 0, ""wifi_rssi"": -64, ""acc_data"": {""ax"": -0.69, ""ay"": -0.6, ""az"": -0.36, ""pitch"": -43.92, ""roll"": -120.42}, ""gyro_data"": {""gx"": -7.1, ""gy"": 4.12, ""gz"": -6.01}, ""gps_data"": {""latitude"": 0, ""longitude"": 0, ""gps_altitude"": 0, ""time"": 32602}, ""alt_data"": {""pressure"": 851.52, ""temperature"": 23.61, ""AGL"": -0.47, ""velocity"": 0, ""kalman_altitude"": -0.64, ""kalman_vertical_velocity"": -5.24}, ""chute_state"": {""pyro1_state"": 0, ""pyro2_state"": 0}, ""connection_status"": {""connected"": true, ""has_ever_connected"": true, ""packet_age_ms"": 0, ""timeout_exceeded"": false, ""rssi"": -64}, ""communication_mode"": ""BEACON"", ""timestamp"": 142100, ""packets_received"": 225, ""kalman_data"": {""altitude"": -0.64, ""vertical_velocity"": -5.24}, ""kalman_altitude"": -0.64, ""kalman_vertical_velocity"": -5.24, ""pyroDrogue"": 0, ""pyroMain"": 0, ""pyro1_state"": 0, ""pyro2_state"": 0}"
1764741514.706188,2025-12-03T08:58:34.706188,1071,1,0,-0.72,-0.63,-0.35,-45.41,-119.27,-8.81,-6.16,-2.07,0,0,0,32602,851.5,23.6,-0.34,0,0,0,0,-64,-0.6,-5.2,BEACON,"{""record_number"": 1071, ""operation_mode"": 1, ""state"": 0, ""battery_voltage"": 0, ""wifi_rssi"": -64, ""acc_data"": {""ax"": -0.72, ""ay"": -0.63, ""az"": -0.35, ""pitch"": -45.41, ""roll"": -119.27}, ""gyro_data"": {""gx"": -8.81, ""gy"": -6.16, ""gz"": -2.07}, ""gps_data"": {""latitude"": 0, ""longitude"": 0, ""gps_altitude"": 0, ""time"": 32602}, ""alt_data"": {""pressure"": 851.5, ""temperature"": 23.6, ""AGL"": -0.34, ""velocity"": 0, ""kalman_altitude"": -0.6, ""kalman_vertical_velocity"": -5.2}, ""chute_state"": {""pyro1_state"": 0, ""pyro2_state"": 0}, ""connection_status"": {""connected"": true, ""has_ever_connected"": true, ""packet_age_ms"": 0, ""timeout_exceeded"": false, ""rssi"": -64}, ""communication_mode"": ""BEACON"", ""timestamp"": 142212, ""packets_received"": 226, ""kalman_data"": {""altitude"": -0.6, ""vertical_velocity"": -5.2}, ""kalman_altitude"": -0.6, ""kalman_vertical_velocity"": -5.2, ""pyroDrogue"": 0, ""pyroMain"": 0, ""pyro1_state"": 0, ""pyro2_state"": 0}"
1764741514.773571,2025-12-03T08:58:34.773571,1075,1,0,-0.65,-0.62,-0.33,-41.48,-117.76,-7.77,23.45,-2.68,0,0,0,32806,851.51,23.6,-0.41,0,0,0,0,-64,-0.57,-5.18,BEACON,"{""record_number"": 1075, ""operation_mode"": 1, ""state"": 0, ""battery_voltage"": 0, ""wifi_rssi"": -64, ""acc_data"": {""ax"": -0.65, ""ay"": -0.62, ""az"": -0.33, ""pitch"": -41.48, ""roll"": -117.76}, ""gyro_data"": {""gx"": -7.77, ""gy"": 23.45, ""gz"": -2.68}, ""gps_data"": {""latitude"": 0, ""longitude"": 0, ""gps_altitude"": 0, ""time"": 32806}, ""alt_data"": {""pressure"": 851.51, ""temperature"": 23.6, ""AGL"": -0.41, ""velocity"": 0, ""kalman_altitude"": -0.57, ""kalman_vertical_velocity"": -5.18}, ""chute_state"": {""pyro1_state"": 0, ""pyro2_state"": 0}, ""connection_status"": {""connected"": true, ""has_ever_connected"": true, ""packet_age_ms"": 0, ""timeout_exceeded"": false, ""rssi"": -64}, ""communication_mode"": ""BEACON"", ""timestamp"": 142327, ""packets_received"": 227, ""kalman_data"": {""altitude"": -0.57, ""vertical_velocity"": -5.18}, ""kalman_altitude"": -0.57, ""kalman_vertical_velocity"": -5.18, ""pyroDrogue"": 0, ""pyroMain"": 0, ""pyro1_state"": 0, ""pyro2_state"": 0}"
1764741514.879362,2025-12-03T08:58:34.879362,1079,1,0,-0.68,-0.61,-0.33,-42.8,-119.04,-11.46,16.71,-13.23,0,0,0,32806,851.54,23.6,-0.74,0,0,0,0,-64,-0.62,-5.27,BEACON,"{""record_number"": 1079, ""operation_mode"": 1, ""state"": 0, ""battery_voltage"": 0, ""wifi_rssi"": -64, ""acc_data"": {""ax"": -0.68, ""ay"": -0.61, ""az"": -0.33, ""pitch"": -42.8, ""roll"": -119.04}, ""gyro_data"": {""gx"": -11.46, ""gy"": 16.71, ""gz"": -13.23}, ""gps_data"": {""latitude"": 0, ""longitude"": 0, ""gps_altitude"": 0, ""time"": 32806}, ""alt_data"": {""pressure"": 851.54, ""temperature"": 23.6, ""AGL"": -0.74, ""velocity"": 0, ""kalman_altitude"": -0.62, ""kalman_vertical_velocity"": -5.27}, ""chute_state"": {""pyro1_state"": 0, ""pyro2_state"": 0}, ""connection_status"": {""connected"": true, ""has_ever_connected"": true, ""packet_age_ms"": 0, ""timeout_exceeded"": false, ""rssi"": -64}, ""communication_mode"": ""BEACON"", ""timestamp"": 142441, ""packets_received"": 228, ""kalman_data"": {""altitude"": -0.62, ""vertical_velocity"": -5.27}, ""kalman_altitude"": -0.62, ""kalman_vertical_velocity"": -5.27, ""pyroDrogue"": 0, ""pyroMain"": 0, ""pyro1_state"": 0, ""pyro2_state"": 0}"
1764741515.21313,2025-12-03T08:58:35.213130,1084,1,0,-0.68,-0.62,-0.34,-42.53,-119.18,-6.77,-11.49,-3.75,0,0,0,33006,851.51,23.6,-0.41,0,0,0,0,-63,-0.59,-5.25,BEACON,"{""record_number"": 1084, ""operation_mode"": 1, ""state"": 0, ""battery_voltage"": 0, ""wifi_rssi"": -63, ""acc_data"": {""ax"": -0.68, ""ay"": -0.62, ""az"": -0.34, ""pitch"": -42.53, ""roll"": -119.18}, ""gyro_data"": {""gx"": -6.77, ""gy"": -11.49, ""gz"": -3.75}, ""gps_data"": {""latitude"": 0, ""longitude"": 0, ""gps_altitude"": 0, ""time"": 33006}, ""alt_data"": {""pressure"": 851.51, ""temperature"": 23.6, ""AGL"": -0.41, ""velocity"": 0, ""kalman_altitude"": -0.59, ""kalman_vertical_velocity"": -5.25}, ""chute_state"": {""pyro1_state"": 0, ""pyro2_state"": 0}, ""connection_status"": {""connected"": true, ""has_ever_connected"": true, ""packet_age_ms"": 1, ""timeout_exceeded"": false, ""rssi"": -63}, ""communication_mode"": ""BEACON"", ""timestamp"": 142552, ""packets_received"": 229, ""kalman_data"": {""altitude"": -0.59, ""vertical_velocity"": -5.25}, ""kalman_altitude"": -0.59, ""kalman_vertical_velocity"": -5.25, ""pyroDrogue"": 0, ""pyroMain"": 0, ""pyro1_state"": 0, ""pyro2_state"": 0}"
1764741515.695361,2025-12-03T08:58:35.695361,1088,1,0,-0.67,-0.61,-0.33,-41.25,-118.91,-0.46,-8.29,-1.01,0,0,0,33006,851.55,23.61,-0.75,0,0,0,0,-62,-0.64,-5.33,BEACON,"{""record_number"": 1088, ""operation_mode"": 1, ""state"": 0, ""battery_voltage"": 0, ""wifi_rssi"": -62, ""acc_data"": {""ax"": -0.67, ""ay"": -0.61, ""az"": -0.33, ""pitch"": -41.25, ""roll"": -118.91}, ""gyro_data"": {""gx"": -0.46, ""gy"": -8.29, ""gz"": -1.01}, ""gps_data"": {""latitude"": 0, ""longitude"": 0, ""gps_altitude"": 0, ""time"": 33006}, ""alt_data"": {""pressure"": 851.55, ""temperature"": 23.61, ""AGL"": -0.75, ""velocity"": 0, ""kalman_altitude"": -0.64, ""kalman_vertical_velocity"": -5.33}, ""chute_state"": {""pyro1_state"": 0, ""pyro2_state"": 0}, ""connection_status"": {""connected"": true, ""has_ever_connected"": true, ""packet_age_ms"": 1, ""timeout_exceeded"": false, ""rssi"": -62}, ""communication_mode"": ""BEACON"", ""timestamp"": 142664, ""packets_received"": 230, ""kalman_data"": {""altitude"": -0.64, ""vertical_velocity"": -5.33}, ""kalman_altitude"": -0.64, ""kalman_vertical_velocity"": -5.33, ""pyroDrogue"": 0, ""pyroMain"": 0, ""pyro1_state"": 0, ""pyro2_state"": 0}"
1764741515.795491,2025-12-03T08:58:35.795491,1092,1,0,-0.67,-0.62,-0.34,-41.63,-119.52,-0.67,-0.95,-2.2,0,0,0,33206,851.54,23.62,-0.66,0,0,0,0,-62,-0.62,-5.33,BEACON,"{""record_number"": 1092, ""operation_mode"": 1, ""state"": 0, ""battery_voltage"": 0, ""wifi_rssi"": -62, ""acc_data"": {""ax"": -0.67, ""ay"": -0.62, ""az"": -0.34, ""pitch"": -41.63, ""roll"": -119.52}, ""gyro_data"": {""gx"": -0.67, ""gy"": -0.95, ""gz"": -2.2}, ""gps_data"": {""latitude"": 0, ""longitude"": 0, ""gps_altitude"": 0, ""time"": 33206}, ""alt_data"": {""pressure"": 851.54, ""temperature"": 23.62, ""AGL"": -0.66, ""velocity"": 0, ""kalman_altitude"": -0.62, ""kalman_vertical_velocity"": -5.33}, ""chute_state"": {""pyro1_state"": 0, ""pyro2_state"": 0}, ""connection_status"": {""connected"": true, ""has_ever_connected"": true, ""packet_age_ms"": 0, ""timeout_exceeded"": false, ""rssi"": -62}, ""communication_mode"": ""BEACON"", ""timestamp"": 142776, ""packets_received"": 231, ""kalman_data"": {""altitude"": -0.62, ""vertical_velocity"": -5.33}, ""kalman_altitude"": -0.62, ""kalman_vertical_velocity"": -5.33, ""pyroDrogue"": 0, ""pyroMain"": 0, ""pyro1_state"": 0, ""pyro2_state"": 0}"
1764741515.846978,2025-12-03T08:58:35.846978,1097,1,0,-0.65,-0.63,-0.35,-41.03,-119.35,-2.29,0.3,-6.01,0,0,0,33406,851.54,23.61,-0.72,0,0,0,0,-67,-0.66,-5.39,BEACON,"{""record_number"": 1097, ""operation_mode"": 1, ""state"": 0, ""battery_voltage"": 0, ""wifi_rssi"": -67, ""acc_data"": {""ax"": -0.65, ""ay"": -0.63, ""az"": -0.35, ""pitch"": -41.03, ""roll"": -119.35}, ""gyro_data"": {""gx"": -2.29, ""gy"": 0.3, ""gz"": -6.01}, ""gps_data"": {""latitude"": 0, ""longitude"": 0, ""gps_altitude"": 0, ""time"": 33406}, ""alt_data"": {""pressure"": 851.54, ""temperature"": 23.61, ""AGL"": -0.72, ""velocity"": 0, ""kalman_altitude"": -0.66, ""kalman_vertical_velocity"": -5.39}, ""chute_state"": {""pyro1_state"": 0, ""pyro2_state"": 0}, ""connection_status"": {""connected"": true, ""has_ever_connected"": true, ""packet_age_ms"": 0, ""timeout_exceeded"": false, ""rssi"": -67}, ""communication_mode"": ""BEACON"", ""timestamp"": 142889, ""packets_received"": 232, ""kalman_data"": {""altitude"": -0.66, ""vertical_velocity"": -5.39}, ""kalman_altitude"": -0.66, ""kalman_vertical_velocity"": -5.39, ""pyroDrogue"": 0, ""pyroMain"": 0, ""pyro1_state"": 0, ""pyro2_state"": 0}"
1764741515.945839,2025-12-03T08:58:35.945839,1101,1,0,-0.66,-0.62,-0.35,-41.89,-119.31,-6.16,-17.47,-4.18,0,0,0,33406,851.51,23.61,-0.43,0,0,0,0,-62,-0.62,-5.37,BEACON,"{""record_number"": 1101, ""operation_mode"": 1, ""state"": 0, ""battery_voltage"": 0, ""wifi_rssi"": -62, ""acc_data"": {""ax"": -0.66, ""ay"": -0.62, ""az"": -0.35, ""pitch"": -41.89, ""roll"": -119.31}, ""gyro_data"": {""gx"": -6.16, ""gy"": -17.47, ""gz"": -4.18}, ""gps_data"": {""latitude"": 0, ""longitude"": 0, ""gps_altitude"": 0, ""time"": 33406}, ""alt_data"": {""pressure"": 851.51, ""temperature"": 23.61, ""AGL"": -0.43, ""velocity"": 0, ""kalman_altitude"": -0.62, ""kalman_vertical_velocity"": -5.37}, ""chute_state"": {""pyro1_state"": 0, ""pyro2_state"": 0}, ""connection_status"": {""connected"": true, ""has_ever_connected"": true, ""packet_age_ms"": 1, ""timeout_exceeded"": false, ""rssi"": -62}, ""communication_mode"": ""BEACON"", ""timestamp"": 143004, ""packets_received"": 233, ""kalman_data"": {""altitude"": -0.62, ""vertical_velocity"": -5.37}, ""kalman_altitude"": -0.62, ""kalman_vertical_velocity"": -5.37, ""pyroDrogue"": 0, ""pyroMain"": 0, ""pyro1_state"": 0, ""pyro2_state"": 0}"
1764741515.997872,2025-12-03T08:58:35.997872,1105,1,0,-0.67,-0.6,-0.34,-42.38,-119.64,-8.54,-6.62,-5.24,0,0,0,33607,851.56,23.62,-0.91,0,0,0,0,-65,-0.69,-5.48,BEACON,"{""record_number"": 1105, ""operation_mode"": 1, ""state"": 0, ""battery_voltage"": 0, ""wifi_rssi"": -65, ""acc_data"": {""ax"": -0.67, ""ay"": -0.6, ""az"": -0.34, ""pitch"": -42.38, ""roll"": -119.64}, ""gyro_data"": {""gx"": -8.54, ""gy"": -6.62, ""gz"": -5.24}, ""gps_data"": {""latitude"": 0, ""longitude"": 0, ""gps_altitude"": 0, ""time"": 33607}, ""alt_data"": {""pressure"": 851.56, ""temperature"": 23.62, ""AGL"": -0.91, ""velocity"": 0, ""kalman_altitude"": -0.69, ""kalman_vertical_velocity"": -5.48}, ""chute_state"": {""pyro1_state"": 0, ""pyro2_state"": 0}, ""connection_status"": {""connected"": true, ""has_ever_connected"": true, ""packet_age_ms"": 0, ""timeout_exceeded"": false, ""rssi"": -65}, ""communication_mode"": ""BEACON"", ""timestamp"": 143115, ""packets_received"": 234, ""kalman_data"": {""altitude"": -0.69, ""vertical_velocity"": -5.48}, ""kalman_altitude"": -0.69, ""kalman_vertical_velocity"": -5.48, ""pyroDrogue"": 0, ""pyroMain"": 0, ""pyro1_state"": 0, ""pyro2_state"": 0}"
1764741516.089588,2025-12-03T08:58:36.089588,1109,1,0,-0.67,-0.63,-0.35,-42.34,-119.12,-7.29,-9.24,-3.51,0,0,0,33607,851.54,23.62,-0.66,0,0,0,0,-68,-0.7,-5.51,BEACON,"{""record_number"": 1109, ""operation_mode"": 1, ""state"": 0, ""battery_voltage"": 0, ""wifi_rssi"": -68, ""acc_data"": {""ax"": -0.67, ""ay"": -0.63, ""az"": -0.35, ""pitch"": -42.34, ""roll"": -119.12}, ""gyro_data"": {""gx"": -7.29, ""gy"": -9.24, ""gz"": -3.51}, ""gps_data"": {""latitude"": 0, ""longitude"": 0, ""gps_altitude"": 0, ""time"": 33607}, ""alt_data"": {""pressure"": 851.54, ""temperature"": 23.62, ""AGL"": -0.66, ""velocity"": 0, ""kalman_altitude"": -0.7, ""kalman_vertical_velocity"": -5.51}, ""chute_state"": {""pyro1_state"": 0, ""pyro2_state"": 0}, ""connection_status"": {""connected"": true, ""has_ever_connected"": true, ""packet_age_ms"": 0, ""timeout_exceeded"": false, ""rssi"": -68}, ""communication_mode"": ""BEACON"", ""timestamp"": 143228, ""packets_received"": 235, ""kalman_data"": {""altitude"": -0.7, ""vertical_velocity"": -5.51}, ""kalman_altitude"": -0.7, ""kalman_vertical_velocity"": -5.51, ""pyroDrogue"": 0, ""pyroMain"": 0, ""pyro1_state"": 0, ""pyro2_state"": 0}"
1764741516.142325,2025-12-03T08:58:36.142325,1114,1,0,-0.67,-0.61,-0.34,-42.34,-119.34,-10.67,2.56,-15.03,0,0,0,33812,851.46,23.6,0.09,0,0,0,0,-74,-0.55,-5.33,BEACON,"{""record_number"": 1114, ""operation_mode"": 1, ""state"": 0, ""battery_voltage"": 0, ""wifi_rssi"": -74, ""acc_data"": {""ax"": -0.67, ""ay"": -0.61, ""az"": -0.34, ""pitch"": -42.34, ""roll"": -119.34}, ""gyro_data"": {""gx"": -10.67, ""gy"": 2.56, ""gz"": -15.03}, ""gps_data"": {""latitude"": 0, ""longitude"": 0, ""gps_altitude"": 0, ""time"": 33812}, ""alt_data"": {""pressure"": 851.46, ""temperature"": 23.6, ""AGL"": 0.09, ""velocity"": 0, ""kalman_altitude"": -0.55, ""kalman_vertical_velocity"": -5.33}, ""chute_state"": {""pyro1_state"": 0, ""pyro2_state"": 0}, ""connection_status"": {""connected"": true, ""has_ever_connected"": true, ""packet_age_ms"": 0, ""timeout_exceeded"": false, ""rssi"": -74}, ""communication_mode"": ""BEACON"", ""timestamp"": 143342, ""packets_received"": 236, ""kalman_data"": {""altitude"": -0.55, ""vertical_velocity"": -5.33}, ""kalman_altitude"": -0.55, ""kalman_vertical_velocity"": -5.33, ""pyroDrogue"": 0, ""pyroMain"": 0, ""pyro1_state"": 0, ""pyro2_state"": 0}"
1764741516.228659,2025-12-03T08:58:36.228659,1118,1,0,-0.67,-0.63,-0.33,-42.04,-117.96,-11.13,4.88,-3.81,0,0,0,33812,851.53,23.61,-0.61,0,0,0,0,-68,-0.7,-5.55,BEACON,"{""record_number"": 1118, ""operation_mode"": 1, ""state"": 0, ""battery_voltage"": 0, ""wifi_rssi"": -68, ""acc_data"": {""ax"": -0.67, ""ay"": -0.63, ""az"": -0.33, ""pitch"": -42.04, ""roll"": -117.96}, ""gyro_data"": {""gx"": -11.13, ""gy"": 4.88, ""gz"": -3.81}, ""gps_data"": {""latitude"": 0, ""longitude"": 0, ""gps_altitude"": 0, ""time"": 33812}, ""alt_data"": {""pressure"": 851.53, ""temperature"": 23.61, ""AGL"": -0.61, ""velocity"": 0, ""kalman_altitude"": -0.7, ""kalman_vertical_velocity"": -5.55}, ""chute_state"": {""pyro1_state"": 0, ""pyro2_state"": 0}, ""connection_status"": {""connected"": true, ""has_ever_connected"": true, ""packet_age_ms"": 1, ""timeout_exceeded"": false, ""rssi"": -68}, ""communication_mode"": ""BEACON"", ""timestamp"": 143454, ""packets_received"": 237, ""kalman_data"": {""altitude"": -0.7, ""vertical_velocity"": -5.55}, ""kalman_altitude"": -0.7, ""kalman_vertical_velocity"": -5.55, ""pyroDrogue"": 0, ""pyroMain"": 0, ""pyro1_state"": 0, ""pyro2_state"": 0}"
1764741516.609755,2025-12-03T08:58:36.609755,1122,1,0,-0.68,-0.62,-0.35,-42.65,-119.81,-9.88,-2.1,-6.92,0,0,0,34012,851.53,23.61,-0.64,0,0,0,0,-64,-0.7,-5.57,BEACON,"{""record_number"": 1122, ""operation_mode"": 1, ""state"": 0, ""battery_voltage"": 0, ""wifi_rssi"": -64, ""acc_data"": {""ax"": -0.68, ""ay"": -0.62, ""az"": -0.35, ""pitch"": -42.65, ""roll"": -119.81}, ""gyro_data"": {""gx"": -9.88, ""gy"": -2.1, ""gz"": -6.92}, ""gps_data"": {""latitude"": 0, ""longitude"": 0, ""gps_altitude"": 0, ""time"": 34012}, ""alt_data"": {""pressure"": 851.53, ""temperature"": 23.61, ""AGL"": -0.64, ""velocity"": 0, ""kalman_altitude"": -0.7, ""kalman_vertical_velocity"": -5.57}, ""chute_state"": {""pyro1_state"": 0, ""pyro2_state"": 0}, ""connection_status"": {""connected"": true, ""has_ever_connected"": true, ""packet_age_ms"": 1, ""timeout_exceeded"": false, ""rssi"": -64}, ""communication_mode"": ""BEACON"", ""timestamp"": 143567, ""packets_received"": 238, ""kalman_data"": {""altitude"": -0.7, ""vertical_velocity"": -5.57}, ""kalman_altitude"": -0.7, ""kalman_vertical_velocity"": -5.57, ""pyroDrogue"": 0, ""pyroMain"": 0, ""pyro1_state"": 0, ""pyro2_state"": 0}"
1764741516.752465,2025-12-03T08:58:36.752465,1126,1,0,-0.69,-0.63,-0.34,-43.53,-118.48,-6.34,-7.84,-1.89,0,0,0,34211,851.53,23.6,-0.63,0,0,0,0,-67,-0.7,-5.58,BEACON,"{""record_number"": 1126, ""operation_mode"": 1, ""state"": 0, ""battery_voltage"": 0, ""wifi_rssi"": -67, ""acc_data"": {""ax"": -0.69, ""ay"": -0.63, ""az"": -0.34, ""pitch"": -43.53, ""roll"": -118.48}, ""gyro_data"": {""gx"": -6.34, ""gy"": -7.84, ""gz"": -1.89}, ""gps_data"": {""latitude"": 0, ""longitude"": 0, ""gps_altitude"": 0, ""time"": 34211}, ""alt_data"": {""pressure"": 851.53, ""temperature"": 23.6, ""AGL"": -0.63, ""velocity"": 0, ""kalman_altitude"": -0.7, ""kalman_vertical_velocity"": -5.58}, ""chute_state"": {""pyro1_state"": 0, ""pyro2_state"": 0}, ""connection_status"": {""connected"": true, ""has_ever_connected"": true, ""packet_age_ms"": 0, ""timeout_exceeded"": false, ""rssi"": -67}, ""communication_mode"": ""BEACON"", ""timestamp"": 143679, ""packets_received"": 239, ""kalman_data"": {""altitude"": -0.7, ""vertical_velocity"": -5.58}, ""kalman_altitude"": -0.7, ""kalman_vertical_velocity"": -5.58, ""pyroDrogue"": 0, ""pyroMain"": 0, ""pyro1_state"": 0, ""pyro2_state"": 0}"
1764741516.843649,2025-12-03T08:58:36.843649,1131,1,0,-0.66,-0.62,-0.34,-42.49,-118.85,3.75,6.74,4.27,0,0,0,34211,851.49,23.6,-0.24,0,0,0,0,-73,-0.59,-5.48,BEACON,"{""record_number"": 1131, ""operation_mode"": 1, ""state"": 0, ""battery_voltage"": 0, ""wifi_rssi"": -73, ""acc_data"": {""ax"": -0.66, ""ay"": -0.62, ""az"": -0.34, ""pitch"": -42.49, ""roll"": -118.85}, ""gyro_data"": {""gx"": 3.75, ""gy"": 6.74, ""gz"": 4.27}, ""gps_data"": {""latitude"": 0, ""longitude"": 0, ""gps_altitude"": 0, ""time"": 34211}, ""alt_data"": {""pressure"": 851.49, ""temperature"": 23.6, ""AGL"": -0.24, ""velocity"": 0, ""kalman_altitude"": -0.59, ""kalman_vertical_velocity"": -5.48}, ""chute_state"": {""pyro1_state"": 0, ""pyro2_state"": 0}, ""connection_status"": {""connected"": true, ""has_ever_connected"": true, ""packet_age_ms"": 0, ""timeout_exceeded"": false, ""rssi"": -73}, ""communication_mode"": ""BEACON"", ""timestamp"": 143792, ""packets_received"": 240, ""kalman_data"": {""altitude"": -0.59, ""vertical_velocity"": -5.48}, ""kalman_altitude"": -0.59, ""kalman_vertical_velocity"": -5.48, ""pyroDrogue"": 0, ""pyroMain"": 0, ""pyro1_state"": 0, ""pyro2_state"": 0}"
1764741516.992456,2025-12-03T08:58:36.992456,1135,1,0,-0.69,-0.62,-0.33,-43.8,-118.95,7.47,-30.7,2.59,0,0,0,34412,851.55,23.6,-0.77,0,0,0,0,-71,-0.65,-5.56,BEACON,"{""record_number"": 1135, ""operation_mode"": 1, ""state"": 0, ""battery_voltage"": 0, ""wifi_rssi"": -71, ""acc_data"": {""ax"": -0.69, ""ay"": -0.62, ""az"": -0.33, ""pitch"": -43.8, ""roll"": -118.95}, ""gyro_data"": {""gx"": 7.47, ""gy"": -30.7, ""gz"": 2.59}, ""gps_data"": {""latitude"": 0, ""longitude"": 0, ""gps_altitude"": 0, ""time"": 34412}, ""alt_data"": {""pressure"": 851.55, ""temperature"": 23.6, ""AGL"": -0.77, ""velocity"": 0, ""kalman_altitude"": -0.65, ""kalman_vertical_velocity"": -5.56}, ""chute_state"": {""pyro1_state"": 0, ""pyro2_state"": 0}, ""connection_status"": {""connected"": true, ""has_ever_connected"": true, ""packet_age_ms"": 0, ""timeout_exceeded"": false, ""rssi"": -71}, ""communication_mode"": ""BEACON"", ""timestamp"": 143905, ""packets_received"": 241, ""kalman_data"": {""altitude"": -0.65, ""vertical_velocity"": -5.56}, ""kalman_altitude"": -0.65, ""kalman_vertical_velocity"": -5.56, ""pyroDrogue"": 0, ""pyroMain"": 0, ""pyro1_state"": 0, ""pyro2_state"": 0}"
1764741517.153951,2025-12-03T08:58:37.153951,1139,1,0,-0.66,-0.62,-0.3,-40.7,-117.11,23.99,-12.29,7.8,0,0,0,34412,851.53,23.6,-0.56,0,0,0,0,-67,-0.64,-5.57,BEACON,"{""record_number"": 1139, ""operation_mode"": 1, ""state"": 0, ""battery_voltage"": 0, ""wifi_rssi"": -67, ""acc_data"": {""ax"": -0.66, ""ay"": -0.62, ""az"": -0.3, ""pitch"": -40.7, ""roll"": -117.11}, ""gyro_data"": {""gx"": 23.99, ""gy"": -12.29, ""gz"": 7.8}, ""gps_data"": {""latitude"": 0, ""longitude"": 0, ""gps_altitude"": 0, ""time"": 34412}, ""alt_data"": {""pressure"": 851.53, ""temperature"": 23.6, ""AGL"": -0.56, ""velocity"": 0, ""kalman_altitude"": -0.64, ""kalman_vertical_velocity"": -5.57}, ""chute_state"": {""pyro1_state"": 0, ""pyro2_state"": 0}, ""connection_status"": {""connected"": true, ""has_ever_connected"": true, ""packet_age_ms"": 0, ""timeout_exceeded"": false, ""rssi"": -67}, ""communication_mode"": ""BEACON"", ""timestamp"": 144020, ""packets_received"": 242, ""kalman_data"": {""altitude"": -0.64, ""vertical_velocity"": -5.57}, ""kalman_altitude"": -0.64, ""kalman_vertical_velocity"": -5.57, ""pyroDrogue"": 0, ""pyroMain"": 0, ""pyro1_state"": 0, ""pyro2_state"": 0}"
1764741517.246675,2025-12-03T08:58:37.246675,1144,1,0,-0.68,-0.6,-0.31,-42.99,-116.91,37.44,-6.92,24.3,0,0,0,34613,851.53,23.61,-0.61,0,0,0,0,-73,-0.68,-5.64,BEACON,"{""record_number"": 1144, ""operation_mode"": 1, ""state"": 0, ""battery_voltage"": 0, ""wifi_rssi"": -73, ""acc_data"": {""ax"": -0.68, ""ay"": -0.6, ""az"": -0.31, ""pitch"": -42.99, ""roll"": -116.91}, ""gyro_data"": {""gx"": 37.44, ""gy"": -6.92, ""gz"": 24.3}, ""gps_data"": {""latitude"": 0, ""longitude"": 0, ""gps_altitude"": 0, ""time"": 34613}, ""alt_data"": {""pressure"": 851.53, ""temperature"": 23.61, ""AGL"": -0.61, ""velocity"": 0, ""kalman_altitude"": -0.68, ""kalman_vertical_velocity"": -5.64}, ""chute_state"": {""pyro1_state"": 0, ""pyro2_state"": 0}, ""connection_status"": {""connected"": true, ""has_ever_connected"": true, ""packet_age_ms"": 0, ""timeout_exceeded"": false, ""rssi"": -73}, ""communication_mode"": ""BEACON"", ""timestamp"": 144132, ""packets_received"": 243, ""kalman_data"": {""altitude"": -0.68, ""vertical_velocity"": -5.64}, ""kalman_altitude"": -0.68, ""kalman_vertical_velocity"": -5.64, ""pyroDrogue"": 0, ""pyroMain"": 0, ""pyro1_state"": 0, ""pyro2_state"": 0}"
1764741517.369712,2025-12-03T08:58:37.369712,1148,1,0,-0.68,-0.63,-0.31,-42.84,-117.31,38.17,11.31,26.28,0,0,0,34613,851.56,23.62,-0.87,0,0,0,0,-74,-0.74,-5.73,BEACON,"{""record_number"": 1148, ""operation_mode"": 1, ""state"": 0, ""battery_voltage"": 0, ""wifi_rssi"": -74, ""acc_data"": {""ax"": -0.68, ""ay"": -0.63, ""az"": -0.31, ""pitch"": -42.84, ""roll"": -117.31}, ""gyro_data"": {""gx"": 38.17, ""gy"": 11.31, ""gz"": 26.28}, ""gps_data"": {""latitude"": 0, ""longitude"": 0, ""gps_altitude"": 0, ""time"": 34613}, ""alt_data"": {""pressure"": 851.56, ""temperature"": 23.62, ""AGL"": -0.87, ""velocity"": 0, ""kalman_altitude"": -0.74, ""kalman_vertical_velocity"": -5.73}, ""chute_state"": {""pyro1_state"": 0, ""pyro2_state"": 0}, ""connection_status"": {""connected"": true, ""has_ever_connected"": true, ""packet_age_ms"": 0, ""timeout_exceeded"": false, ""rssi"": -74}, ""communication_mode"": ""BEACON"", ""timestamp"": 144244, ""packets_received"": 244, ""kalman_data"": {""altitude"": -0.74, ""vertical_velocity"": -5.73}, ""kalman_altitude"": -0.74, ""kalman_vertical_velocity"": -5.73, ""pyroDrogue"": 0, ""pyroMain"": 0, ""pyro1_state"": 0, ""pyro2_state"": 0}"
1764741517.417767,2025-12-03T08:58:37.417767,1152,1,0,-0.69,-0.58,-0.33,-43.45,-118.82,11.25,-20.37,15.27,0,0,0,34817,851.53,23.6,-0.63,0,0,0,0,-71,-0.73,-5.73,BEACON,"{""record_number"": 1152, ""operation_mode"": 1, ""state"": 0, ""battery_voltage"": 0, ""wifi_rssi"": -71, ""acc_data"": {""ax"": -0.69, ""ay"": -0.58, ""az"": -0.33, ""pitch"": -43.45, ""roll"": -118.82}, ""gyro_data"": {""gx"": 11.25, ""gy"": -20.37, ""gz"": 15.27}, ""gps_data"": {""latitude"": 0, ""longitude"": 0, ""gps_altitude"": 0, ""time"": 34817}, ""alt_data"": {""pressure"": 851.53, ""temperature"": 23.6, ""AGL"": -0.63, ""velocity"": 0, ""kalman_altitude"": -0.73, ""kalman_vertical_velocity"": -5.73}, ""chute_state"": {""pyro1_state"": 0, ""pyro2_state"": 0}, ""connection_status"": {""connected"": true, ""has_ever_connected"": true, ""packet_age_ms"": 0, ""timeout_exceeded"": false, ""rssi"": -71}, ""communication_mode"": ""BEACON"", ""timestamp"": 144357, ""packets_received"": 245, ""kalman_data"": {""altitude"": -0.73, ""vertical_velocity"": -5.73}, ""kalman_altitude"": -0.73, ""kalman_vertical_velocity"": -5.73, ""pyroDrogue"": 0, ""pyroMain"": 0, ""pyro1_state"": 0, ""pyro2_state"": 0}"
1764741517.508726,2025-12-03T08:58:37.508726,1157,1,0,-0.72,-0.58,-0.28,-45.57,-116.71,3.66,6.86,23.78,0,0,0,34817,851.56,23.61,-0.86,0,0,0,0,-71,-0.75,-5.78,BEACON,"{""record_number"": 1157, ""operation_mode"": 1, ""state"": 0, ""battery_voltage"": 0, ""wifi_rssi"": -71, ""acc_data"": {""ax"": -0.72, ""ay"": -0.58, ""az"": -0.28, ""pitch"": -45.57, ""roll"": -116.71}, ""gyro_data"": {""gx"": 3.66, ""gy"": 6.86, ""gz"": 23.78}, ""gps_data"": {""latitude"": 0, ""longitude"": 0, ""gps_altitude"": 0, ""time"": 34817}, ""alt_data"": {""pressure"": 851.56, ""temperature"": 23.61, ""AGL"": -0.86, ""velocity"": 0, ""kalman_altitude"": -0.75, ""kalman_vertical_velocity"": -5.78}, ""chute_state"": {""pyro1_state"": 0, ""pyro2_state"": 0}, ""connection_status"": {""connected"": true, ""has_ever_connected"": true, ""packet_age_ms"": 0, ""timeout_exceeded"": false, ""rssi"": -71}, ""communication_mode"": ""BEACON"", ""timestamp"": 144469, ""packets_received"": 246, ""kalman_data"": {""altitude"": -0.75, ""vertical_velocity"": -5.78}, ""kalman_altitude"": -0.75, ""kalman_vertical_velocity"": -5.78, ""pyroDrogue"": 0, ""pyroMain"": 0, ""pyro1_state"": 0, ""pyro2_state"": 0}"
1764741517.541563,2025-12-03T08:58:37.541563,1161,1,0,-0.69,-0.59,-0.29,-43.99,-116.27,5.12,-11.31,24.79,0,0,0,35017,851.55,23.61,-0.82,0,0,0,0,-71,-0.78,-5.83,BEACON,"{""record_number"": 1161, ""operation_mode"": 1, ""state"": 0, ""battery_voltage"": 0, ""wifi_rssi"": -71, ""acc_data"": {""ax"": -0.69, ""ay"": -0.59, ""az"": -0.29, ""pitch"": -43.99, ""roll"": -116.27}, ""gyro_data"": {""gx"": 5.12, ""gy"": -11.31, ""gz"": 24.79}, ""gps_data"": {""latitude"": 0, ""longitude"": 0, ""gps_altitude"": 0, ""time"": 35017}, ""alt_data"": {""pressure"": 851.55, ""temperature"": 23.61, ""AGL"": -0.82, ""velocity"": 0, ""kalman_altitude"": -0.78, ""kalman_vertical_velocity"": -5.83}, ""chute_state"": {""pyro1_state"": 0, ""pyro2_state"": 0}, ""connection_status"": {""connected"": true, ""has_ever_connected"": true, ""packet_age_ms"": 0, ""timeout_exceeded"": false, ""rssi"": -71}, ""communication_mode"": ""BEACON"", ""timestamp"": 144582, ""packets_received"": 247, ""kalman_data"": {""altitude"": -0.78, ""vertical_velocity"": -5.83}, ""kalman_altitude"": -0.78, ""kalman_vertical_velocity"": -5.83, ""pyroDrogue"": 0, ""pyroMain"": 0, ""pyro1_state"": 0, ""pyro2_state"": 0}"
1764741517.869686,2025-12-03T08:58:37.869686,1165,1,0,-0.68,-0.55,-0.31,-42.61,-118.9,-25.82,12.53,-4.3,0,0,0,35216,851.54,23.61,-0.72,0,0,0,0,-71,-0.78,-5.85,BEACON,"{""record_number"": 1165, ""operation_mode"": 1, ""state"": 0, ""battery_voltage"": 0, ""wifi_rssi"": -71, ""acc_data"": {""ax"": -0.68, ""ay"": -0.55, ""az"": -0.31, ""pitch"": -42.61, ""roll"": -118.9}, ""gyro_data"": {""gx"": -25.82, ""gy"": 12.53, ""gz"": -4.3}, ""gps_data"": {""latitude"": 0, ""longitude"": 0, ""gps_altitude"": 0, ""time"": 35216}, ""alt_data"": {""pressure"": 851.54, ""temperature"": 23.61, ""AGL"": -0.72, ""velocity"": 0, ""kalman_altitude"": -0.78, ""kalman_vertical_velocity"": -5.85}, ""chute_state"": {""pyro1_state"": 0, ""pyro2_state"": 0}, ""connection_status"": {""connected"": true, ""has_ever_connected"": true, ""packet_age_ms"": 0, ""timeout_exceeded"": false, ""rssi"": -71}, ""communication_mode"": ""BEACON"", ""timestamp"": 144695, ""packets_received"": 248, ""kalman_data"": {""altitude"": -0.78, ""vertical_velocity"": -5.85}, ""kalman_altitude"": -0.78, ""kalman_vertical_velocity"": -5.85, ""pyroDrogue"": 0, ""pyroMain"": 0, ""pyro1_state"": 0, ""pyro2_state"": 0}"
1764741517.969718,2025-12-03T08:58:37.969718,1170,1,0,-0.7,-0.58,-0.29,-45.21,-117.63,-39.09,-21.89,-22.93,0,0,0,35216,851.56,23.62,-0.94,0,0,0,0,-70,-0.83,-5.93,BEACON,"{""record_number"": 1170, ""operation_mode"": 1, ""state"": 0, ""battery_voltage"": 0, ""wifi_rssi"": -70, ""acc_data"": {""ax"": -0.7, ""ay"": -0.58, ""az"": -0.29, ""pitch"": -45.21, ""roll"": -117.63}, ""gyro_data"": {""gx"": -39.09, ""gy"": -21.89, ""gz"": -22.93}, ""gps_data"": {""latitude"": 0, ""longitude"": 0, ""gps_altitude"": 0, ""time"": 35216}, ""alt_data"": {""pressure"": 851.56, ""temperature"": 23.62, ""AGL"": -0.94, ""velocity"": 0, ""kalman_altitude"": -0.83, ""kalman_vertical_velocity"": -5.93}, ""chute_state"": {""pyro1_state"": 0, ""pyro2_state"": 0}, ""connection_status"": {""connected"": true, ""has_ever_connected"": true, ""packet_age_ms"": 0, ""timeout_exceeded"": false, ""rssi"": -70}, ""communication_mode"": ""BEACON"", ""timestamp"": 144807, ""packets_received"": 249, ""kalman_data"": {""altitude"": -0.83, ""vertical_velocity"": -5.93}, ""kalman_altitude"": -0.83, ""kalman_vertical_velocity"": -5.93, ""pyroDrogue"": 0, ""pyroMain"": 0, ""pyro1_state"": 0, ""pyro2_state"": 0}"
1764741518.067829,2025-12-03T08:58:38.067829,1174,1,0,-0.72,-0.59,-0.29,-46.13,-115.96,-45.95,-40.85,-20.91,0,0,0,35417,851.57,23.61,-1.04,0,0,0,0,-69,-0.9,-6.02,BEACON,"{""record_number"": 1174, ""operation_mode"": 1, ""state"": 0, ""battery_voltage"": 0, ""wifi_rssi"": -69, ""acc_data"": {""ax"": -0.72, ""ay"": -0.59, ""az"": -0.29, ""pitch"": -46.13, ""roll"": -115.96}, ""gyro_data"": {""gx"": -45.95, ""gy"": -40.85, ""gz"": -20.91}, ""gps_data"": {""latitude"": 0, ""longitude"": 0, ""gps_altitude"": 0, ""time"": 35417}, ""alt_data"": {""pressure"": 851.57, ""temperature"": 23.61, ""AGL"": -1.04, ""velocity"": 0, ""kalman_altitude"": -0.9, ""kalman_vertical_velocity"": -6.02}, ""chute_state"": {""pyro1_state"": 0, ""pyro2_state"": 0}, ""connection_status"": {""connected"": true, ""has_ever_connected"": true, ""packet_age_ms"": 0, ""timeout_exceeded"": false, ""rssi"": -69}, ""communication_mode"": ""BEACON"", ""timestamp"": 144920, ""packets_received"": 250, ""kalman_data"": {""altitude"": -0.9, ""vertical_velocity"": -6.02}, ""kalman_altitude"": -0.9, ""kalman_vertical_velocity"": -6.02, ""pyroDrogue"": 0, ""pyroMain"": 0, ""pyro1_state"": 0, ""pyro2_state"": 0}"
1764741518.109457,2025-12-03T08:58:38.109457,1178,1,0,-0.71,-0.6,-0.27,-46.01,-113.48,-29.27,-29.09,-11.52,0,0,0,35417,851.55,23.61,-0.79,0,0,0,0,-68,-0.89,-6.02,BEACON,"{""record_number"": 1178, ""operation_mode"": 1, ""state"": 0, ""battery_voltage"": 0, ""wifi_rssi"": -68, ""acc_data"": {""ax"": -0.71, ""ay"": -0.6, ""az"": -0.27, ""pitch"": -46.01, ""roll"": -113.48}, ""gyro_data"": {""gx"": -29.27, ""gy"": -29.09, ""gz"": -11.52}, ""gps_data"": {""latitude"": 0, ""longitude"": 0, ""gps_altitude"": 0, ""time"": 35417}, ""alt_data"": {""pressure"": 851.55, ""temperature"": 23.61, ""AGL"": -0.79, ""velocity"": 0, ""kalman_altitude"": -0.89, ""kalman_vertical_velocity"": -6.02}, ""chute_state"": {""pyro1_state"": 0, ""pyro2_state"": 0}, ""connection_status"": {""connected"": true, ""has_ever_connected"": true, ""packet_age_ms"": 0, ""timeout_exceeded"": false, ""rssi"": -68}, ""communication_mode"": ""BEACON"", ""timestamp"": 145033, ""packets_received"": 251, ""kalman_data"": {""altitude"": -0.89, ""vertical_velocity"": -6.02}, ""kalman_altitude"": -0.89, ""kalman_vertical_velocity"": -6.02, ""pyroDrogue"": 0, ""pyroMain"": 0, ""pyro1_state"": 0, ""pyro2_state"": 0}"
1764741518.312411,2025-12-03T08:58:38.312411,1183,1,0,-0.73,-0.61,-0.29,-46.05,-115.48,-19.91,-11.74,-2.2,0,0,0,35618,851.53,23.61,-0.64,0,0,0,0,-68,-0.84,-5.99,BEACON,"{""record_number"": 1183, ""operation_mode"": 1, ""state"": 0, ""battery_voltage"": 0, ""wifi_rssi"": -68, ""acc_data"": {""ax"": -0.73, ""ay"": -0.61, ""az"": -0.29, ""pitch"": -46.05, ""roll"": -115.48}, ""gyro_data"": {""gx"": -19.91, ""gy"": -11.74, ""gz"": -2.2}, ""gps_data"": {""latitude"": 0, ""longitude"": 0, ""gps_altitude"": 0, ""time"": 35618}, ""alt_data"": {""pressure"": 851.53, ""temperature"": 23.61, ""AGL"": -0.64, ""velocity"": 0, ""kalman_altitude"": -0.84, ""kalman_vertical_velocity"": -5.99}, ""chute_state"": {""pyro1_state"": 0, ""pyro2_state"": 0}, ""connection_status"": {""connected"": true, ""has_ever_connected"": true, ""packet_age_ms"": 0, ""timeout_exceeded"": false, ""rssi"": -68}, ""communication_mode"": ""BEACON"", ""timestamp"": 145147, ""packets_received"": 252, ""kalman_data"": {""altitude"": -0.84, ""vertical_velocity"": -5.99}, ""kalman_altitude"": -0.84, ""kalman_vertical_velocity"": -5.99, ""pyroDrogue"": 0, ""pyroMain"": 0, ""pyro1_state"": 0, ""pyro2_state"": 0}"
1764741518.48411,2025-12-03T08:58:38.484110,1217,1,0,-0.7,-0.57,-0.27,-44.15,-115.65,-10.21,8.81,-6.65,0,0,0,36423,851.53,23.61,-0.61,0,0,0,0,-69,-0.72,-5.98,BEACON,"{""record_number"": 1217, ""operation_mode"": 1, ""state"": 0, ""battery_voltage"": 0, ""wifi_rssi"": -69, ""acc_data"": {""ax"": -0.7, ""ay"": -0.57, ""az"": -0.27, ""pitch"": -44.15, ""roll"": -115.65}, ""gyro_data"": {""gx"": -10.21, ""gy"": 8.81, ""gz"": -6.65}, ""gps_data"": {""latitude"": 0, ""longitude"": 0, ""gps_altitude"": 0, ""time"": 36423}, ""alt_data"": {""pressure"": 851.53, ""temperature"": 23.61, ""AGL"": -0.61, ""velocity"": 0, ""kalman_altitude"": -0.72, ""kalman_vertical_velocity"": -5.98}, ""chute_state"": {""pyro1_state"": 0, ""pyro2_state"": 0}, ""connection_status"": {""connected"": true, ""has_ever_connected"": true, ""packet_age_ms"": 0, ""timeout_exceeded"": false, ""rssi"": -69}, ""communication_mode"": ""BEACON"", ""timestamp"": 146049, ""packets_received"": 260, ""kalman_data"": {""altitude"": -0.72, ""vertical_velocity"": -5.98}, ""kalman_altitude"": -0.72, ""kalman_vertical_velocity"": -5.98, ""pyroDrogue"": 0, ""pyroMain"": 0, ""pyro1_state"": 0, ""pyro2_state"": 0}"
1764741518.636352,2025-12-03T08:58:38.636352,1221,1,0,-0.73,-0.59,-0.29,-46.58,-116.12,-2.68,-27.62,2.47,0,0,0,36624,851.5,23.6,-0.34,0,0,0,0,-69,-0.61,-5.89,BEACON,"{""record_number"": 1221, ""operation_mode"": 1, ""state"": 0, ""battery_voltage"": 0, ""wifi_rssi"": -69, ""acc_data"": {""ax"": -0.73, ""ay"": -0.59, ""az"": -0.29, ""pitch"": -46.58, ""roll"": -116.12}, ""gyro_data"": {""gx"": -2.68, ""gy"": -27.62, ""gz"": 2.47}, ""gps_data"": {""latitude"": 0, ""longitude"": 0, ""gps_altitude"": 0, ""time"": 36624}, ""alt_data"": {""pressure"": 851.5, ""temperature"": 23.6, ""AGL"": -0.34, ""velocity"": 0, ""kalman_altitude"": -0.61, ""kalman_vertical_velocity"": -5.89}, ""chute_state"": {""pyro1_state"": 0, ""pyro2_state"": 0}, ""connection_status"": {""connected"": true, ""has_ever_connected"": true, ""packet_age_ms"": 0, ""timeout_exceeded"": false, ""rssi"": -69}, ""communication_mode"": ""BEACON"", ""timestamp"": 146161, ""packets_received"": 261, ""kalman_data"": {""altitude"": -0.61, ""vertical_velocity"": -5.89}, ""kalman_altitude"": -0.61, ""kalman_vertical_velocity"": -5.89, ""pyroDrogue"": 0, ""pyroMain"": 0, ""pyro1_state"": 0, ""pyro2_state"": 0}"
1764741518.770552,2025-12-03T08:58:38.770552,1226,1,0,-0.74,-0.59,-0.27,-48.36,-113.99,-12.62,31.92,-16.62,0,0,0,36624,851.5,23.6,-0.28,0,0,0,0,-71,-0.54,-5.82,BEACON,"{""record_number"": 1226, ""operation_mode"": 1, ""state"": 0, ""battery_voltage"": 0, ""wifi_rssi"": -71, ""acc_data"": {""ax"": -0.74, ""ay"": -0.59, ""az"": -0.27, ""pitch"": -48.36, ""roll"": -113.99}, ""gyro_data"": {""gx"": -12.62, ""gy"": 31.92, ""gz"": -16.62}, ""gps_data"": {""latitude"": 0, ""longitude"": 0, ""gps_altitude"": 0, ""time"": 36624}, ""alt_data"": {""pressure"": 851.5, ""temperature"": 23.6, ""AGL"": -0.28, ""velocity"": 0, ""kalman_altitude"": -0.54, ""kalman_vertical_velocity"": -5.82}, ""chute_state"": {""pyro1_state"": 0, ""pyro2_state"": 0}, ""connection_status"": {""connected"": true, ""has_ever_connected"": true, ""packet_age_ms"": 1, ""timeout_exceeded"": false, ""rssi"": -71}, ""communication_mode"": ""BEACON"", ""timestamp"": 146275, ""packets_received"": 262, ""kalman_data"": {""altitude"": -0.54, ""vertical_velocity"": -5.82}, ""kalman_altitude"": -0.54, ""kalman_vertical_velocity"": -5.82, ""pyroDrogue"": 0, ""pyroMain"": 0, ""pyro1_state"": 0, ""pyro2_state"": 0}"
1764741518.826197,2025-12-03T08:58:38.826197,1230,1,0,-0.74,-0.57,-0.27,-47.77,-115.75,-5.34,-1.71,-6.16,0,0,0,36828,851.56,23.61,-0.86,0,0,0,0,-71,-0.64,-5.95,BEACON,"{""record_number"": 1230, ""operation_mode"": 1, ""state"": 0, ""battery_voltage"": 0, ""wifi_rssi"": -71, ""acc_data"": {""ax"": -0.74, ""ay"": -0.57, ""az"": -0.27, ""pitch"": -47.77, ""roll"": -115.75}, ""gyro_data"": {""gx"": -5.34, ""gy"": -1.71, ""gz"": -6.16}, ""gps_data"": {""latitude"": 0, ""longitude"": 0, ""gps_altitude"": 0, ""time"": 36828}, ""alt_data"": {""pressure"": 851.56, ""temperature"": 23.61, ""AGL"": -0.86, ""velocity"": 0, ""kalman_altitude"": -0.64, ""kalman_vertical_velocity"": -5.95}, ""chute_state"": {""pyro1_state"": 0, ""pyro2_state"": 0}, ""connection_status"": {""connected"": true, ""has_ever_connected"": true, ""packet_age_ms"": 1, ""timeout_exceeded"": false, ""rssi"": -71}, ""communication_mode"": ""BEACON"", ""timestamp"": 146392, ""packets_received"": 263, ""kalman_data"": {""altitude"": -0.64, ""vertical_velocity"": -5.95}, ""kalman_altitude"": -0.64, ""kalman_vertical_velocity"": -5.95, ""pyroDrogue"": 0, ""pyroMain"": 0, ""pyro1_state"": 0, ""pyro2_state"": 0}"
1764741518.967759,2025-12-03T08:58:38.967759,1234,1,0,-0.72,-0.57,-0.28,-46.42,-116.09,-6.19,-9.02,1.89,0,0,0,37028,851.48,23.59,-0.15,0,0,0,0,-67,-0.52,-5.83,BEACON,"{""record_number"": 1234, ""operation_mode"": 1, ""state"": 0, ""battery_voltage"": 0, ""wifi_rssi"": -67, ""acc_data"": {""ax"": -0.72, ""ay"": -0.57, ""az"": -0.28, ""pitch"": -46.42, ""roll"": -116.09}, ""gyro_data"": {""gx"": -6.19, ""gy"": -9.02, ""gz"": 1.89}, ""gps_data"": {""latitude"": 0, ""longitude"": 0, ""gps_altitude"": 0, ""time"": 37028}, ""alt_data"": {""pressure"": 851.48, ""temperature"": 23.59, ""AGL"": -0.15, ""velocity"": 0, ""kalman_altitude"": -0.52, ""kalman_vertical_velocity"": -5.83}, ""chute_state"": {""pyro1_state"": 0, ""pyro2_state"": 0}, ""connection_status"": {""connected"": true, ""has_ever_connected"": true, ""packet_age_ms"": 0, ""timeout_exceeded"": false, ""rssi"": -67}, ""communication_mode"": ""BEACON"", ""timestamp"": 146512, ""packets_received"": 264, ""kalman_data"": {""altitude"": -0.52, ""vertical_velocity"": -5.83}, ""kalman_altitude"": -0.52, ""kalman_vertical_velocity"": -5.83, ""pyroDrogue"": 0, ""pyroMain"": 0, ""pyro1_state"": 0, ""pyro2_state"": 0}"
1764741519.063558,2025-12-03T08:58:39.063558,1238,1,0,-0.71,-0.58,-0.28,-44.66,-116.22,-6.77,-7.8,-3.87,0,0,0,37028,851.56,23.61,-0.86,0,0,0,0,-63,-0.57,-5.91,BEACON,"{""record_number"": 1238, ""operation_mode"": 1, ""state"": 0, ""battery_voltage"": 0, ""wifi_rssi"": -63, ""acc_data"": {""ax"": -0.71, ""ay"": -0.58, ""az"": -0.28, ""pitch"": -44.66, ""roll"": -116.22}, ""gyro_data"": {""gx"": -6.77, ""gy"": -7.8, ""gz"": -3.87}, ""gps_data"": {""latitude"": 0, ""longitude"": 0, ""gps_altitude"": 0, ""time"": 37028}, ""alt_data"": {""pressure"": 851.56, ""temperature"": 23.61, ""AGL"": -0.86, ""velocity"": 0, ""kalman_altitude"": -0.57, ""kalman_vertical_velocity"": -5.91}, ""chute_state"": {""pyro1_state"": 0, ""pyro2_state"": 0}, ""connection_status"": {""connected"": true, ""has_ever_connected"": true, ""packet_age_ms"": 0, ""timeout_exceeded"": false, ""rssi"": -63}, ""communication_mode"": ""BEACON"", ""timestamp"": 146613, ""packets_received"": 265, ""kalman_data"": {""altitude"": -0.57, ""vertical_velocity"": -5.91}, ""kalman_altitude"": -0.57, ""kalman_vertical_velocity"": -5.91, ""pyroDrogue"": 0, ""pyroMain"": 0, ""pyro1_state"": 0, ""pyro2_state"": 0}"
1764741519.174245,2025-12-03T08:58:39.174245,1243,1,0,-0.74,-0.6,-0.29,-47.36,-115.58,-8.02,5.61,-9.09,0,0,0,37227,851.46,23.6,0.06,0,0,0,0,-57,-0.41,-5.75,BEACON,"{""record_number"": 1243, ""operation_mode"": 1, ""state"": 0, ""battery_voltage"": 0, ""wifi_rssi"": -57, ""acc_data"": {""ax"": -0.74, ""ay"": -0.6, ""az"": -0.29, ""pitch"": -47.36, ""roll"": -115.58}, ""gyro_data"": {""gx"": -8.02, ""gy"": 5.61, ""gz"": -9.09}, ""gps_data"": {""latitude"": 0, ""longitude"": 0, ""gps_altitude"": 0, ""time"": 37227}, ""alt_data"": {""pressure"": 851.46, ""temperature"": 23.6, ""AGL"": 0.06, ""velocity"": 0, ""kalman_altitude"": -0.41, ""kalman_vertical_velocity"": -5.75}, ""chute_state"": {""pyro1_state"": 0, ""pyro2_state"": 0}, ""connection_status"": {""connected"": true, ""has_ever_connected"": true, ""packet_age_ms"": 0, ""timeout_exceeded"": false, ""rssi"": -57}, ""communication_mode"": ""BEACON"", ""timestamp"": 146726, ""packets_received"": 266, ""kalman_data"": {""altitude"": -0.41, ""vertical_velocity"": -5.75}, ""kalman_altitude"": -0.41, ""kalman_vertical_velocity"": -5.75, ""pyroDrogue"": 0, ""pyroMain"": 0, ""pyro1_state"": 0, ""pyro2_state"": 0}"
1764741519.270245,2025-12-03T08:58:39.270245,1247,1,0,-0.71,-0.56,-0.29,-44.93,-116.87,-8.96,0.27,-1.19,0,0,0,37227,851.5,23.6,-0.3,0,0,0,0,-53,-0.39,-5.74,BEACON,"{""record_number"": 1247, ""operation_mode"": 1, ""state"": 0, ""battery_voltage"": 0, ""wifi_rssi"": -53, ""acc_data"": {""ax"": -0.71, ""ay"": -0.56, ""az"": -0.29, ""pitch"": -44.93, ""roll"": -116.87}, ""gyro_data"": {""gx"": -8.96, ""gy"": 0.27, ""gz"": -1.19}, ""gps_data"": {""latitude"": 0, ""longitude"": 0, ""gps_altitude"": 0, ""time"": 37227}, ""alt_data"": {""pressure"": 851.5, ""temperature"": 23.6, ""AGL"": -0.3, ""velocity"": 0, ""kalman_altitude"": -0.39, ""kalman_vertical_velocity"": -5.74}, ""chute_state"": {""pyro1_state"": 0, ""pyro2_state"": 0}, ""connection_status"": {""connected"": true, ""has_ever_connected"": true, ""packet_age_ms"": 0, ""timeout_exceeded"": false, ""rssi"": -53}, ""communication_mode"": ""BEACON"", ""timestamp"": 146838, ""packets_received"": 267, ""kalman_data"": {""altitude"": -0.39, ""vertical_velocity"": -5.74}, ""kalman_altitude"": -0.39, ""kalman_vertical_velocity"": -5.74, ""pyroDrogue"": 0, ""pyroMain"": 0, ""pyro1_state"": 0, ""pyro2_state"": 0}"
1764741519.436409,2025-12-03T08:58:39.436409,1251,1,0,-0.72,-0.58,-0.28,-46.29,-116.5,-6.19,-9.48,4.39,0,0,0,37428,851.51,23.6,-0.41,0,0,0,0,-52,-0.47,-5.86,BEACON,"{""record_number"": 1251, ""operation_mode"": 1, ""state"": 0, ""battery_voltage"": 0, ""wifi_rssi"": -52, ""acc_data"": {""ax"": -0.72, ""ay"": -0.58, ""az"": -0.28, ""pitch"": -46.29, ""roll"": -116.5}, ""gyro_data"": {""gx"": -6.19, ""gy"": -9.48, ""gz"": 4.39}, ""gps_data"": {""latitude"": 0, ""longitude"": 0, ""gps_altitude"": 0, ""time"": 37428}, ""alt_data"": {""pressure"": 851.51, ""temperature"": 23.6, ""AGL"": -0.41, ""velocity"": 0, ""kalman_altitude"": -0.47, ""kalman_vertical_velocity"": -5.86}, ""chute_state"": {""pyro1_state"": 0, ""pyro2_state"": 0}, ""connection_status"": {""connected"": true, ""has_ever_connected"": true, ""packet_age_ms"": 0, ""timeout_exceeded"": false, ""rssi"": -52}, ""communication_mode"": ""BEACON"", ""timestamp"": 146951, ""packets_received"": 268, ""kalman_data"": {""altitude"": -0.47, ""vertical_velocity"": -5.86}, ""kalman_altitude"": -0.47, ""kalman_vertical_velocity"": -5.86, ""pyroDrogue"": 0, ""pyroMain"": 0, ""pyro1_state"": 0, ""pyro2_state"": 0}"
1764741519.578714,2025-12-03T08:58:39.578714,1256,1,0,-0.73,-0.6,-0.29,-47.03,-116.63,-5.95,-12.9,0.64,0,0,0,37428,851.47,23.6,-0.05,0,0,0,0,-48,-0.37,-5.76,BEACON,"{""record_number"": 1256, ""operation_mode"": 1, ""state"": 0, ""battery_voltage"": 0, ""wifi_rssi"": -48, ""acc_data"": {""ax"": -0.73, ""ay"": -0.6, ""az"": -0.29, ""pitch"": -47.03, ""roll"": -116.63}, ""gyro_data"": {""gx"": -5.95, ""gy"": -12.9, ""gz"": 0.64}, ""gps_data"": {""latitude"": 0, ""longitude"": 0, ""gps_altitude"": 0, ""time"": 37428}, ""alt_data"": {""pressure"": 851.47, ""temperature"": 23.6, ""AGL"": -0.05, ""velocity"": 0, ""kalman_altitude"": -0.37, ""kalman_vertical_velocity"": -5.76}, ""chute_state"": {""pyro1_state"": 0, ""pyro2_state"": 0}, ""connection_status"": {""connected"": true, ""has_ever_connected"": true, ""packet_age_ms"": 1, ""timeout_exceeded"": false, ""rssi"": -48}, ""communication_mode"": ""BEACON"", ""timestamp"": 147065, ""packets_received"": 269, ""kalman_data"": {""altitude"": -0.37, ""vertical_velocity"": -5.76}, ""kalman_altitude"": -0.37, ""kalman_vertical_velocity"": -5.76, ""pyroDrogue"": 0, ""pyroMain"": 0, ""pyro1_state"": 0, ""pyro2_state"": 0}"
1764741519.70251,2025-12-03T08:58:39.702510,1260,0,0,-0.7,-0.56,-0.29,-44.15,-117.33,-8.45,-11.4,0.34,0,0,0,37629,851.49,23.6,-0.19,0,0,0,0,-46,-0.33,-5.74,BEACON,"{""record_number"": 1260, ""operation_mode"": 0, ""state"": 0, ""battery_voltage"": 0, ""wifi_rssi"": -46, ""acc_data"": {""ax"": -0.7, ""ay"": -0.56, ""az"": -0.29, ""pitch"": -44.15, ""roll"": -117.33}, ""gyro_data"": {""gx"": -8.45, ""gy"": -11.4, ""gz"": 0.34}, ""gps_data"": {""latitude"": 0, ""longitude"": 0, ""gps_altitude"": 0, ""time"": 37629}, ""alt_data"": {""pressure"": 851.49, ""temperature"": 23.6, ""AGL"": -0.19, ""velocity"": 0, ""kalman_altitude"": -0.33, ""kalman_vertical_velocity"": -5.74}, ""chute_state"": {""pyro1_state"": 0, ""pyro2_state"": 0}, ""connection_status"": {""connected"": true, ""has_ever_connected"": true, ""packet_age_ms"": 0, ""timeout_exceeded"": false, ""rssi"": -46}, ""communication_mode"": ""BEACON"", ""timestamp"": 147178, ""packets_received"": 270, ""kalman_data"": {""altitude"": -0.33, ""vertical_velocity"": -5.74}, ""kalman_altitude"": -0.33, ""kalman_vertical_velocity"": -5.74, ""pyroDrogue"": 0, ""pyroMain"": 0, ""pyro1_state"": 0, ""pyro2_state"": 0}"
1764741519.774671,2025-12-03T08:58:39.774671,1264,0,0,-0.73,-0.6,-0.28,-46.62,-114.97,-5.09,-16.55,0.58,0,0,0,37629,851.49,23.6,-0.23,0,0,0,0,-49,-0.36,-5.79,BEACON,"{""record_number"": 1264, ""operation_mode"": 0, ""state"": 0, ""battery_voltage"": 0, ""wifi_rssi"": -49, ""acc_data"": {""ax"": -0.73, ""ay"": -0.6, ""az"": -0.28, ""pitch"": -46.62, ""roll"": -114.97}, ""gyro_data"": {""gx"": -5.09, ""gy"": -16.55, ""gz"": 0.58}, ""gps_data"": {""latitude"": 0, ""longitude"": 0, ""gps_altitude"": 0, ""time"": 37629}, ""alt_data"": {""pressure"": 851.49, ""temperature"": 23.6, ""AGL"": -0.23, ""velocity"": 0, ""kalman_altitude"": -0.36, ""kalman_vertical_velocity"": -5.79}, ""chute_state"": {""pyro1_state"": 0, ""pyro2_state"": 0}, ""connection_status"": {""connected"": true, ""has_ever_connected"": true, ""packet_age_ms"": 0, ""timeout_exceeded"": false, ""rssi"": -49}, ""communication_mode"": ""BEACON"", ""timestamp"": 147292, ""packets_received"": 271, ""kalman_data"": {""altitude"": -0.36, ""vertical_velocity"": -5.79}, ""kalman_altitude"": -0.36, ""kalman_vertical_velocity"": -5.79, ""pyroDrogue"": 0, ""pyroMain"": 0, ""pyro1_state"": 0, ""pyro2_state"": 0}"
1764741519.86902,2025-12-03T08:58:39.869020,1269,0,0,-0.73,-0.59,-0.28,-46.7,-116.92,-6.83,-17.68,-4.57,0,0,0,37835,851.52,23.6,-0.55,0,0,0,0,-48,-0.43,-5.88,BEACON,"{""record_number"": 1269, ""operation_mode"": 0, ""state"": 0, ""battery_voltage"": 0, ""wifi_rssi"": -48, ""acc_data"": {""ax"": -0.73, ""ay"": -0.59, ""az"": -0.28, ""pitch"": -46.7, ""roll"": -116.92}, ""gyro_data"": {""gx"": -6.83, ""gy"": -17.68, ""gz"": -4.57}, ""gps_data"": {""latitude"": 0, ""longitude"": 0, ""gps_altitude"": 0, ""time"": 37835}, ""alt_data"": {""pressure"": 851.52, ""temperature"": 23.6, ""AGL"": -0.55, ""velocity"": 0, ""kalman_altitude"": -0.43, ""kalman_vertical_velocity"": -5.88}, ""chute_state"": {""pyro1_state"": 0, ""pyro2_state"": 0}, ""connection_status"": {""connected"": true, ""has_ever_connected"": true, ""packet_age_ms"": 0, ""timeout_exceeded"": false, ""rssi"": -48}, ""communication_mode"": ""BEACON"", ""timestamp"": 147407, ""packets_received"": 272, ""kalman_data"": {""altitude"": -0.43, ""vertical_velocity"": -5.88}, ""kalman_altitude"": -0.43, ""kalman_vertical_velocity"": -5.88, ""pyroDrogue"": 0, ""pyroMain"": 0, ""pyro1_state"": 0, ""pyro2_state"": 0}"
1764741520.208649,2025-12-03T08:58:40.208649,1273,0,0,-0.72,-0.6,-0.26,-47.11,-113.13,-3.14,-5.4,-12.65,0,0,0,38035,851.53,23.61,-0.57,0,0,0,0,-49,-0.48,-5.96,BEACON,"{""record_number"": 1273, ""operation_mode"": 0, ""state"": 0, ""battery_voltage"": 0, ""wifi_rssi"": -49, ""acc_data"": {""ax"": -0.72, ""ay"": -0.6, ""az"": -0.26, ""pitch"": -47.11, ""roll"": -113.13}, ""gyro_data"": {""gx"": -3.14, ""gy"": -5.4, ""gz"": -12.65}, ""gps_data"": {""latitude"": 0, ""longitude"": 0, ""gps_altitude"": 0, ""time"": 38035}, ""alt_data"": {""pressure"": 851.53, ""temperature"": 23.61, ""AGL"": -0.57, ""velocity"": 0, ""kalman_altitude"": -0.48, ""kalman_vertical_velocity"": -5.96}, ""chute_state"": {""pyro1_state"": 0, ""pyro2_state"": 0}, ""connection_status"": {""connected"": true, ""has_ever_connected"": true, ""packet_age_ms"": 1, ""timeout_exceeded"": false, ""rssi"": -49}, ""communication_mode"": ""BEACON"", ""timestamp"": 147520, ""packets_received"": 273, ""kalman_data"": {""altitude"": -0.48, ""vertical_velocity"": -5.96}, ""kalman_altitude"": -0.48, ""kalman_vertical_velocity"": -5.96, ""pyroDrogue"": 0, ""pyroMain"": 0, ""pyro1_state"": 0, ""pyro2_state"": 0}"
1764741520.352797,2025-12-03T08:58:40.352797,1277,0,0,-0.8,-0.57,-0.26,-53.7,-116.99,38.41,-19.45,25.7,0,0,0,38035,851.5,23.6,-0.3,0,0,0,0,-48,-0.45,-5.95,BEACON,"{""record_number"": 1277, ""operation_mode"": 0, ""state"": 0, ""battery_voltage"": 0, ""wifi_rssi"": -48, ""acc_data"": {""ax"": -0.8, ""ay"": -0.57, ""az"": -0.26, ""pitch"": -53.7, ""roll"": -116.99}, ""gyro_data"": {""gx"": 38.41, ""gy"": -19.45, ""gz"": 25.7}, ""gps_data"": {""latitude"": 0, ""longitude"": 0, ""gps_altitude"": 0, ""time"": 38035}, ""alt_data"": {""pressure"": 851.5, ""temperature"": 23.6, ""AGL"": -0.3, ""velocity"": 0, ""kalman_altitude"": -0.45, ""kalman_vertical_velocity"": -5.95}, ""chute_state"": {""pyro1_state"": 0, ""pyro2_state"": 0}, ""connection_status"": {""connected"": true, ""has_ever_connected"": true, ""packet_age_ms"": 0, ""timeout_exceeded"": false, ""rssi"": -48}, ""communication_mode"": ""BEACON"", ""timestamp"": 147632, ""packets_received"": 274, ""kalman_data"": {""altitude"": -0.45, ""vertical_velocity"": -5.95}, ""kalman_altitude"": -0.45, ""kalman_vertical_velocity"": -5.95, ""pyroDrogue"": 0, ""pyroMain"": 0, ""pyro1_state"": 0, ""pyro2_state"": 0}"
1764741520.463364,2025-12-03T08:58:40.463364,1281,0,0,-0.75,-0.57,-0.23,-47.32,-111.48,43.57,-42.96,54.91,0,0,0,38235,851.52,23.6,-0.48,0,0,0,0,-48,-0.47,-5.99,BEACON,"{""record_number"": 1281, ""operation_mode"": 0, ""state"": 0, ""battery_voltage"": 0, ""wifi_rssi"": -48, ""acc_data"": {""ax"": -0.75, ""ay"": -0.57, ""az"": -0.23, ""pitch"": -47.32, ""roll"": -111.48}, ""gyro_data"": {""gx"": 43.57, ""gy"": -42.96, ""gz"": 54.91}, ""gps_data"": {""latitude"": 0, ""longitude"": 0, ""gps_altitude"": 0, ""time"": 38235}, ""alt_data"": {""pressure"": 851.52, ""temperature"": 23.6, ""AGL"": -0.48, ""velocity"": 0, ""kalman_altitude"": -0.47, ""kalman_vertical_velocity"": -5.99}, ""chute_state"": {""pyro1_state"": 0, ""pyro2_state"": 0}, ""connection_status"": {""connected"": true, ""has_ever_connected"": true, ""packet_age_ms"": 0, ""timeout_exceeded"": false, ""rssi"": -48}, ""communication_mode"": ""BEACON"", ""timestamp"": 147745, ""packets_received"": 275, ""kalman_data"": {""altitude"": -0.47, ""vertical_velocity"": -5.99}, ""kalman_altitude"": -0.47, ""kalman_vertical_velocity"": -5.99, ""pyroDrogue"": 0, ""pyroMain"": 0, ""pyro1_state"": 0, ""pyro2_state"": 0}"
1764741520.517765,2025-12-03T08:58:40.517765,1286,0,0,-0.75,-0.57,-0.19,-48.11,-108.95,56.31,-33.26,40.21,0,0,0,38235,851.55,23.6,-0.76,0,0,0,0,-48,-0.57,-6.11,BEACON,"{""record_number"": 1286, ""operation_mode"": 0, ""state"": 0, ""battery_voltage"": 0, ""wifi_rssi"": -48, ""acc_data"": {""ax"": -0.75, ""ay"": -0.57, ""az"": -0.19, ""pitch"": -48.11, ""roll"": -108.95}, ""gyro_data"": {""gx"": 56.31, ""gy"": -33.26, ""gz"": 40.21}, ""gps_data"": {""latitude"": 0, ""longitude"": 0, ""gps_altitude"": 0, ""time"": 38235}, ""alt_data"": {""pressure"": 851.55, ""temperature"": 23.6, ""AGL"": -0.76, ""velocity"": 0, ""kalman_altitude"": -0.57, ""kalman_vertical_velocity"": -6.11}, ""chute_state"": {""pyro1_state"": 0, ""pyro2_state"": 0}, ""connection_status"": {""connected"": true, ""has_ever_connected"": true, ""packet_age_ms"": 0, ""timeout_exceeded"": false, ""rssi"": -48}, ""communication_mode"": ""BEACON"", ""timestamp"": 147858, ""packets_received"": 276, ""kalman_data"": {""altitude"": -0.57, ""vertical_velocity"": -6.11}, ""kalman_altitude"": -0.57, ""kalman_vertical_velocity"": -6.11, ""pyroDrogue"": 0, ""pyroMain"": 0, ""pyro1_state"": 0, ""pyro2_state"": 0}"
1764741520.639211,2025-12-03T08:58:40.639211,1290,0,0,-0.76,-0.55,-0.15,-48.99,-106.21,79.97,-60.85,35.15,0,0,0,38435,851.5,23.6,-0.26,0,0,0,0,-51,-0.49,-6.03,BEACON,"{""record_number"": 1290, ""operation_mode"": 0, ""state"": 0, ""battery_voltage"": 0, ""wifi_rssi"": -51, ""acc_data"": {""ax"": -0.76, ""ay"": -0.55, ""az"": -0.15, ""pitch"": -48.99, ""roll"": -106.21}, ""gyro_data"": {""gx"": 79.97, ""gy"": -60.85, ""gz"": 35.15}, ""gps_data"": {""latitude"": 0, ""longitude"": 0, ""gps_altitude"": 0, ""time"": 38435}, ""alt_data"": {""pressure"": 851.5, ""temperature"": 23.6, ""AGL"": -0.26, ""velocity"": 0, ""kalman_altitude"": -0.49, ""kalman_vertical_velocity"": -6.03}, ""chute_state"": {""pyro1_state"": 0, ""pyro2_state"": 0}, ""connection_status"": {""connected"": true, ""has_ever_connected"": true, ""packet_age_ms"": 0, ""timeout_exceeded"": false, ""rssi"": -51}, ""communication_mode"": ""BEACON"", ""timestamp"": 147971, ""packets_received"": 277, ""kalman_data"": {""altitude"": -0.49, ""vertical_velocity"": -6.03}, ""kalman_altitude"": -0.49, ""kalman_vertical_velocity"": -6.03, ""pyroDrogue"": 0, ""pyroMain"": 0, ""pyro1_state"": 0, ""pyro2_state"": 0}"
1764741520.852985,2025-12-03T08:58:40.852985,1294,0,0,-0.8,-0.56,-0.14,-52.12,-104.3,92.8,-70.49,36.74,0,0,0,38435,851.53,23.6,-0.62,0,0,0,0,-51,-0.54,-6.1,BEACON,"{""record_number"": 1294, ""operation_mode"": 0, ""state"": 0, ""battery_voltage"": 0, ""wifi_rssi"": -51, ""acc_data"": {""ax"": -0.8, ""ay"": -0.56, ""az"": -0.14, ""pitch"": -52.12, ""roll"": -104.3}, ""gyro_data"": {""gx"": 92.8, ""gy"": -70.49, ""gz"": 36.74}, ""gps_data"": {""latitude"": 0, ""longitude"": 0, ""gps_altitude"": 0, ""time"": 38435}, ""alt_data"": {""pressure"": 851.53, ""temperature"": 23.6, ""AGL"": -0.62, ""velocity"": 0, ""kalman_altitude"": -0.54, ""kalman_vertical_velocity"": -6.1}, ""chute_state"": {""pyro1_state"": 0, ""pyro2_state"": 0}, ""connection_status"": {""connected"": true, ""has_ever_connected"": true, ""packet_age_ms"": 0, ""timeout_exceeded"": false, ""rssi"": -51}, ""communication_mode"": ""BEACON"", ""timestamp"": 148084, ""packets_received"": 278, ""kalman_data"": {""altitude"": -0.54, ""vertical_velocity"": -6.1}, ""kalman_altitude"": -0.54, ""kalman_vertical_velocity"": -6.1, ""pyroDrogue"": 0, ""pyroMain"": 0, ""pyro1_state"": 0, ""pyro2_state"": 0}"
1764741520.950856,2025-12-03T08:58:40.950856,1298,0,0,-0.78,-0.53,-0.11,-51.76,-101.04,103.96,-24.82,27.8,0,0,0,38636,851.52,23.59,-0.5,0,0,0,0,-51,-0.54,-6.12,BEACON,"{""record_number"": 1298, ""operation_mode"": 0, ""state"": 0, ""battery_voltage"": 0, ""wifi_rssi"": -51, ""acc_data"": {""ax"": -0.78, ""ay"": -0.53, ""az"": -0.11, ""pitch"": -51.76, ""roll"": -101.04}, ""gyro_data"": {""gx"": 103.96, ""gy"": -24.82, ""gz"": 27.8}, ""gps_data"": {""latitude"": 0, ""longitude"": 0, ""gps_altitude"": 0, ""time"": 38636}, ""alt_data"": {""pressure"": 851.52, ""temperature"": 23.59, ""AGL"": -0.5, ""velocity"": 0, ""kalman_altitude"": -0.54, ""kalman_vertical_velocity"": -6.12}, ""chute_state"": {""pyro1_state"": 0, ""pyro2_state"": 0}, ""connection_status"": {""connected"": true, ""has_ever_connected"": true, ""packet_age_ms"": 1, ""timeout_exceeded"": false, ""rssi"": -51}, ""communication_mode"": ""BEACON"", ""timestamp"": 148198, ""packets_received"": 279, ""kalman_data"": {""altitude"": -0.54, ""vertical_velocity"": -6.12}, ""kalman_altitude"": -0.54, ""kalman_vertical_velocity"": -6.12, ""pyroDrogue"": 0, ""pyroMain"": 0, ""pyro1_state"": 0, ""pyro2_state"": 0}"
1764741521.044748,2025-12-03T08:58:41.044748,1303,0,0,-0.79,-0.51,-0.1,-52.35,-102.11,93.81,1.59,31.01,0,0,0,38841,851.56,23.6,-0.87,0,0,0,0,-50,-0.65,-6.24,BEACON,"{""record_number"": 1303, ""operation_mode"": 0, ""state"": 0, ""battery_voltage"": 0, ""wifi_rssi"": -50, ""acc_data"": {""ax"": -0.79, ""ay"": -0.51, ""az"": -0.1, ""pitch"": -52.35, ""roll"": -102.11}, ""gyro_data"": {""gx"": 93.81, ""gy"": 1.59, ""gz"": 31.01}, ""gps_data"": {""latitude"": 0, ""longitude"": 0, ""gps_altitude"": 0, ""time"": 38841}, ""alt_data"": {""pressure"": 851.56, ""temperature"": 23.6, ""AGL"": -0.87, ""velocity"": 0, ""kalman_altitude"": -0.65, ""kalman_vertical_velocity"": -6.24}, ""chute_state"": {""pyro1_state"": 0, ""pyro2_state"": 0}, ""connection_status"": {""connected"": true, ""has_ever_connected"": true, ""packet_age_ms"": 0, ""timeout_exceeded"": false, ""rssi"": -50}, ""communication_mode"": ""BEACON"", ""timestamp"": 148310, ""packets_received"": 280, ""kalman_data"": {""altitude"": -0.65, ""vertical_velocity"": -6.24}, ""kalman_altitude"": -0.65, ""kalman_vertical_velocity"": -6.24, ""pyroDrogue"": 0, ""pyroMain"": 0, ""pyro1_state"": 0, ""pyro2_state"": 0}"
1764741521.131776,2025-12-03T08:58:41.131776,1307,0,0,-0.84,-0.51,-0.08,-56.48,-99.04,40.67,6.52,46.59,0,0,0,38841,851.55,23.59,-0.79,0,0,0,0,-51,-0.7,-6.31,BEACON,"{""record_number"": 1307, ""operation_mode"": 0, ""state"": 0, ""battery_voltage"": 0, ""wifi_rssi"": -51, ""acc_data"": {""ax"": -0.84, ""ay"": -0.51, ""az"": -0.08, ""pitch"": -56.48, ""roll"": -99.04}, ""gyro_data"": {""gx"": 40.67, ""gy"": 6.52, ""gz"": 46.59}, ""gps_data"": {""latitude"": 0, ""longitude"": 0, ""gps_altitude"": 0, ""time"": 38841}, ""alt_data"": {""pressure"": 851.55, ""temperature"": 23.59, ""AGL"": -0.79, ""velocity"": 0, ""kalman_altitude"": -0.7, ""kalman_vertical_velocity"": -6.31}, ""chute_state"": {""pyro1_state"": 0, ""pyro2_state"": 0}, ""connection_status"": {""connected"": true, ""has_ever_connected"": true, ""packet_age_ms"": 1, ""timeout_exceeded"": false, ""rssi"": -51}, ""communication_mode"": ""BEACON"", ""timestamp"": 148424, ""packets_received"": 281, ""kalman_data"": {""altitude"": -0.7, ""vertical_velocity"": -6.31}, ""kalman_altitude"": -0.7, ""kalman_vertical_velocity"": -6.31, ""pyroDrogue"": 0, ""pyroMain"": 0, ""pyro1_state"": 0, ""pyro2_state"": 0}"
1764741521.178751,2025-12-03T08:58:41.178751,1311,0,0,-0.79,-0.49,-0.04,-53.65,-92.98,-3.54,-14.24,48.54,0,0,0,39041,851.52,23.6,-0.55,0,0,0,0,-50,-0.67,-6.28,BEACON,"{""record_number"": 1311, ""operation_mode"": 0, ""state"": 0, ""battery_voltage"": 0, ""wifi_rssi"": -50, ""acc_data"": {""ax"": -0.79, ""ay"": -0.49, ""az"": -0.04, ""pitch"": -53.65, ""roll"": -92.98}, ""gyro_data"": {""gx"": -3.54, ""gy"": -14.24, ""gz"": 48.54}, ""gps_data"": {""latitude"": 0, ""longitude"": 0, ""gps_altitude"": 0, ""time"": 39041}, ""alt_data"": {""pressure"": 851.52, ""temperature"": 23.6, ""AGL"": -0.55, ""velocity"": 0, ""kalman_altitude"": -0.67, ""kalman_vertical_velocity"": -6.28}, ""chute_state"": {""pyro1_state"": 0, ""pyro2_state"": 0}, ""connection_status"": {""connected"": true, ""has_ever_connected"": true, ""packet_age_ms"": 0, ""timeout_exceeded"": false, ""rssi"": -50}, ""communication_mode"": ""BEACON"", ""timestamp"": 148536, ""packets_received"": 282, ""kalman_data"": {""altitude"": -0.67, ""vertical_velocity"": -6.28}, ""kalman_altitude"": -0.67, ""kalman_vertical_velocity"": -6.28, ""pyroDrogue"": 0, ""pyroMain"": 0, ""pyro1_state"": 0, ""pyro2_state"": 0}"
1764741521.263542,2025-12-03T08:58:41.263542,1316,0,0,-0.84,-0.49,-0.03,-56.48,-93.69,-65.34,-54.02,34.85,0,0,0,39041,851.47,23.6,-0.02,0,0,0,0,-50,-0.43,-6.04,BEACON,"{""record_number"": 1316, ""operation_mode"": 0, ""state"": 0, ""battery_voltage"": 0, ""wifi_rssi"": -50, ""acc_data"": {""ax"": -0.84, ""ay"": -0.49, ""az"": -0.03, ""pitch"": -56.48, ""roll"": -93.69}, ""gyro_data"": {""gx"": -65.34, ""gy"": -54.02, ""gz"": 34.85}, ""gps_data"": {""latitude"": 0, ""longitude"": 0, ""gps_altitude"": 0, ""time"": 39041}, ""alt_data"": {""pressure"": 851.47, ""temperature"": 23.6, ""AGL"": -0.02, ""velocity"": 0, ""kalman_altitude"": -0.43, ""kalman_vertical_velocity"": -6.04}, ""chute_state"": {""pyro1_state"": 0, ""pyro2_state"": 0}, ""connection_status"": {""connected"": true, ""has_ever_connected"": true, ""packet_age_ms"": 0, ""timeout_exceeded"": false, ""rssi"": -50}, ""communication_mode"": ""BEACON"", ""timestamp"": 148650, ""packets_received"": 283, ""kalman_data"": {""altitude"": -0.43, ""vertical_velocity"": -6.04}, ""kalman_altitude"": -0.43, ""kalman_vertical_velocity"": -6.04, ""pyroDrogue"": 0, ""pyroMain"": 0, ""pyro1_state"": 0, ""pyro2_state"": 0}"
1764741521.333676,2025-12-03T08:58:41.333676,1320,0,0,-0.85,-0.47,-0.06,-57.3,-96.3,-82.74,-39.21,24.88,0,0,0,39241,851.46,23.6,0.09,0,0,0,0,-51,-0.28,-5.89,BEACON,"{""record_number"": 1320, ""operation_mode"": 0, ""state"": 0, ""battery_voltage"": 0, ""wifi_rssi"": -51, ""acc_data"": {""ax"": -0.85, ""ay"": -0.47, ""az"": -0.06, ""pitch"": -57.3, ""roll"": -96.3}, ""gyro_data"": {""gx"": -82.74, ""gy"": -39.21, ""gz"": 24.88}, ""gps_data"": {""latitude"": 0, ""longitude"": 0, ""gps_altitude"": 0, ""time"": 39241}, ""alt_data"": {""pressure"": 851.46, ""temperature"": 23.6, ""AGL"": 0.09, ""velocity"": 0, ""kalman_altitude"": -0.28, ""kalman_vertical_velocity"": -5.89}, ""chute_state"": {""pyro1_state"": 0, ""pyro2_state"": 0}, ""connection_status"": {""connected"": true, ""has_ever_connected"": true, ""packet_age_ms"": 1, ""timeout_exceeded"": false, ""rssi"": -51}, ""communication_mode"": ""BEACON"", ""timestamp"": 148763, ""packets_received"": 284, ""kalman_data"": {""altitude"": -0.28, ""vertical_velocity"": -5.89}, ""kalman_altitude"": -0.28, ""kalman_vertical_velocity"": -5.89, ""pyroDrogue"": 0, ""pyroMain"": 0, ""pyro1_state"": 0, ""pyro2_state"": 0}"
1764741521.405641,2025-12-03T08:58:41.405641,1324,0,0,-0.84,-0.4,-0.04,-56.74,-96.67,-97.56,-32.38,36.71,0,0,0,39241,851.47,23.6,0.02,0,0,0,0,-53,-0.2,-5.82,BEACON,"{""record_number"": 1324, ""operation_mode"": 0, ""state"": 0, ""battery_voltage"": 0, ""wifi_rssi"": -53, ""acc_data"": {""ax"": -0.84, ""ay"": -0.4, ""az"": -0.04, ""pitch"": -56.74, ""roll"": -96.67}, ""gyro_data"": {""gx"": -97.56, ""gy"": -32.38, ""gz"": 36.71}, ""gps_data"": {""latitude"": 0, ""longitude"": 0, ""gps_altitude"": 0, ""time"": 39241}, ""alt_data"": {""pressure"": 851.47, ""temperature"": 23.6, ""AGL"": 0.02, ""velocity"": 0, ""kalman_altitude"": -0.2, ""kalman_vertical_velocity"": -5.82}, ""chute_state"": {""pyro1_state"": 0, ""pyro2_state"": 0}, ""connection_status"": {""connected"": true, ""has_ever_connected"": true, ""packet_age_ms"": 1, ""timeout_exceeded"": false, ""rssi"": -53}, ""communication_mode"": ""BEACON"", ""timestamp"": 148876, ""packets_received"": 285, ""kalman_data"": {""altitude"": -0.2, ""vertical_velocity"": -5.82}, ""kalman_altitude"": -0.2, ""kalman_vertical_velocity"": -5.82, ""pyroDrogue"": 0, ""pyroMain"": 0, ""pyro1_state"": 0, ""pyro2_state"": 0}"
1764741521.449642,2025-12-03T08:58:41.449642,1329,0,0,-0.82,-0.39,-0.02,-55.53,-94.26,-92.5,-43.11,40.55,0,0,0,39441,851.53,23.61,-0.57,0,0,0,0,-55,-0.41,-6.06,BEACON,"{""record_number"": 1329, ""operation_mode"": 0, ""state"": 0, ""battery_voltage"": 0, ""wifi_rssi"": -55, ""acc_data"": {""ax"": -0.82, ""ay"": -0.39, ""az"": -0.02, ""pitch"": -55.53, ""roll"": -94.26}, ""gyro_data"": {""gx"": -92.5, ""gy"": -43.11, ""gz"": 40.55}, ""gps_data"": {""latitude"": 0, ""longitude"": 0, ""gps_altitude"": 0, ""time"": 39441}, ""alt_data"": {""pressure"": 851.53, ""temperature"": 23.61, ""AGL"": -0.57, ""velocity"": 0, ""kalman_altitude"": -0.41, ""kalman_vertical_velocity"": -6.06}, ""chute_state"": {""pyro1_state"": 0, ""pyro2_state"": 0}, ""connection_status"": {""connected"": true, ""has_ever_connected"": true, ""packet_age_ms"": 0, ""timeout_exceeded"": false, ""rssi"": -55}, ""communication_mode"": ""BEACON"", ""timestamp"": 148989, ""packets_received"": 286, ""kalman_data"": {""altitude"": -0.41, ""vertical_velocity"": -6.06}, ""kalman_altitude"": -0.41, ""kalman_vertical_velocity"": -6.06, ""pyroDrogue"": 0, ""pyroMain"": 0, ""pyro1_state"": 0, ""pyro2_state"": 0}"
1764741521.555616,2025-12-03T08:58:41.555616,1333,0,0,-0.88,-0.39,-0.02,-60.67,-93.65,-81.8,-18.54,20.4,0,0,0,39441,851.52,23.61,-0.54,0,0,0,0,-55,-0.47,-6.12,BEACON,"{""record_number"": 1333, ""operation_mode"": 0, ""state"": 0, ""battery_voltage"": 0, ""wifi_rssi"": -55, ""acc_data"": {""ax"": -0.88, ""ay"": -0.39, ""az"": -0.02, ""pitch"": -60.67, ""roll"": -93.65}, ""gyro_data"": {""gx"": -81.8, ""gy"": -18.54, ""gz"": 20.4}, ""gps_data"": {""latitude"": 0, ""longitude"": 0, ""gps_altitude"": 0, ""time"": 39441}, ""alt_data"": {""pressure"": 851.52, ""temperature"": 23.61, ""AGL"": -0.54, ""velocity"": 0, ""kalman_altitude"": -0.47, ""kalman_vertical_velocity"": -6.12}, ""chute_state"": {""pyro1_state"": 0, ""pyro2_state"": 0}, ""connection_status"": {""connected"": true, ""has_ever_connected"": true, ""packet_age_ms"": 0, ""timeout_exceeded"": false, ""rssi"": -55}, ""communication_mode"": ""BEACON"", ""timestamp"": 149103, ""packets_received"": 287, ""kalman_data"": {""altitude"": -0.47, ""vertical_velocity"": -6.12}, ""kalman_altitude"": -0.47, ""kalman_vertical_velocity"": -6.12, ""pyroDrogue"": 0, ""pyroMain"": 0, ""pyro1_state"": 0, ""pyro2_state"": 0}"
1764741521.658731,2025-12-03T08:58:41.658731,1337,0,0,-0.89,-0.3,-0.06,-62.43,-101.9,-77.1,-6.4,8.29,0,0,0,39645,851.48,23.6,-0.12,0,0,0,0,-54,-0.37,-6.03,BEACON,"{""record_number"": 1337, ""operation_mode"": 0, ""state"": 0, ""battery_voltage"": 0, ""wifi_rssi"": -54, ""acc_data"": {""ax"": -0.89, ""ay"": -0.3, ""az"": -0.06, ""pitch"": -62.43, ""roll"": -101.9}, ""gyro_data"": {""gx"": -77.1, ""gy"": -6.4, ""gz"": 8.29}, ""gps_data"": {""latitude"": 0, ""longitude"": 0, ""gps_altitude"": 0, ""time"": 39645}, ""alt_data"": {""pressure"": 851.48, ""temperature"": 23.6, ""AGL"": -0.12, ""velocity"": 0, ""kalman_altitude"": -0.37, ""kalman_vertical_velocity"": -6.03}, ""chute_state"": {""pyro1_state"": 0, ""pyro2_state"": 0}, ""connection_status"": {""connected"": true, ""has_ever_connected"": true, ""packet_age_ms"": 1, ""timeout_exceeded"": false, ""rssi"": -54}, ""communication_mode"": ""BEACON"", ""timestamp"": 149226, ""packets_received"": 288, ""kalman_data"": {""altitude"": -0.37, ""vertical_velocity"": -6.03}, ""kalman_altitude"": -0.37, ""kalman_vertical_velocity"": -6.03, ""pyroDrogue"": 0, ""pyroMain"": 0, ""pyro1_state"": 0, ""pyro2_state"": 0}"
1764741521.772859,2025-12-03T08:58:41.772859,1342,0,0,-0.88,-0.34,-0.08,-61.48,-102.35,-66.89,3.69,18.54,0,0,0,39848,851.51,23.6,-0.41,0,0,0,0,-52,-0.4,-6.08,BEACON,"{""record_number"": 1342, ""operation_mode"": 0, ""state"": 0, ""battery_voltage"": 0, ""wifi_rssi"": -52, ""acc_data"": {""ax"": -0.88, ""ay"": -0.34, ""az"": -0.08, ""pitch"": -61.48, ""roll"": -102.35}, ""gyro_data"": {""gx"": -66.89, ""gy"": 3.69, ""gz"": 18.54}, ""gps_data"": {""latitude"": 0, ""longitude"": 0, ""gps_altitude"": 0, ""time"": 39848}, ""alt_data"": {""pressure"": 851.51, ""temperature"": 23.6, ""AGL"": -0.41, ""velocity"": 0, ""kalman_altitude"": -0.4, ""kalman_vertical_velocity"": -6.08}, ""chute_state"": {""pyro1_state"": 0, ""pyro2_state"": 0}, ""connection_status"": {""connected"": true, ""has_ever_connected"": true, ""packet_age_ms"": 1, ""timeout_exceeded"": false, ""rssi"": -52}, ""communication_mode"": ""BEACON"", ""timestamp"": 149329, ""packets_received"": 289, ""kalman_data"": {""altitude"": -0.4, ""vertical_velocity"": -6.08}, ""kalman_altitude"": -0.4, ""kalman_vertical_velocity"": -6.08, ""pyroDrogue"": 0, ""pyroMain"": 0, ""pyro1_state"": 0, ""pyro2_state"": 0}"
1764741521.880882,2025-12-03T08:58:41.880882,1346,0,0,-0.89,-0.31,-0.09,-62.25,-104.02,-77.5,-31.8,28.29,0,0,0,39848,851.53,23.61,-0.61,0,0,0,0,-51,-0.48,-6.17,BEACON,"{""record_number"": 1346, ""operation_mode"": 0, ""state"": 0, ""battery_voltage"": 0, ""wifi_rssi"": -51, ""acc_data"": {""ax"": -0.89, ""ay"": -0.31, ""az"": -0.09, ""pitch"": -62.25, ""roll"": -104.02}, ""gyro_data"": {""gx"": -77.5, ""gy"": -31.8, ""gz"": 28.29}, ""gps_data"": {""latitude"": 0, ""longitude"": 0, ""gps_altitude"": 0, ""time"": 39848}, ""alt_data"": {""pressure"": 851.53, ""temperature"": 23.61, ""AGL"": -0.61, ""velocity"": 0, ""kalman_altitude"": -0.48, ""kalman_vertical_velocity"": -6.17}, ""chute_state"": {""pyro1_state"": 0, ""pyro2_state"": 0}, ""connection_status"": {""connected"": true, ""has_ever_connected"": true, ""packet_age_ms"": 0, ""timeout_exceeded"": false, ""rssi"": -51}, ""communication_mode"": ""BEACON"", ""timestamp"": 149441, ""packets_received"": 290, ""kalman_data"": {""altitude"": -0.48, ""vertical_velocity"": -6.17}, ""kalman_altitude"": -0.48, ""kalman_vertical_velocity"": -6.17, ""pyroDrogue"": 0, ""pyroMain"": 0, ""pyro1_state"": 0, ""pyro2_state"": 0}"
1764741522.042622,2025-12-03T08:58:42.042622,1350,0,0,-0.9,-0.38,-0.06,-64.3,-99.73,-56.95,-12.1,5.03,0,0,0,40048,851.48,23.6,-0.12,0,0,0,0,-53,-0.38,-6.07,BEACON,"{""record_number"": 1350, ""operation_mode"": 0, ""state"": 0, ""battery_voltage"": 0, ""wifi_rssi"": -53, ""acc_data"": {""ax"": -0.9, ""ay"": -0.38, ""az"": -0.06, ""pitch"": -64.3, ""roll"": -99.73}, ""gyro_data"": {""gx"": -56.95, ""gy"": -12.1, ""gz"": 5.03}, ""gps_data"": {""latitude"": 0, ""longitude"": 0, ""gps_altitude"": 0, ""time"": 40048}, ""alt_data"": {""pressure"": 851.48, ""temperature"": 23.6, ""AGL"": -0.12, ""velocity"": 0, ""kalman_altitude"": -0.38, ""kalman_vertical_velocity"": -6.07}, ""chute_state"": {""pyro1_state"": 0, ""pyro2_state"": 0}, ""connection_status"": {""connected"": true, ""has_ever_connected"": true, ""packet_age_ms"": 1, ""timeout_exceeded"": false, ""rssi"": -53}, ""communication_mode"": ""BEACON"", ""timestamp"": 149555, ""packets_received"": 291, ""kalman_data"": {""altitude"": -0.38, ""vertical_velocity"": -6.07}, ""kalman_altitude"": -0.38, ""kalman_vertical_velocity"": -6.07, ""pyroDrogue"": 0, ""pyroMain"": 0, ""pyro1_state"": 0, ""pyro2_state"": 0}"
1764741522.510563,2025-12-03T08:58:42.510563,1355,0,0,-0.84,-0.28,-0.1,-55.78,-107.91,-87.56,-145.49,26.01,0,0,0,40048,851.53,23.61,-0.57,0,0,0,0,-54,-0.46,-6.17,BEACON,"{""record_number"": 1355, ""operation_mode"": 0, ""state"": 0, ""battery_voltage"": 0, ""wifi_rssi"": -54, ""acc_data"": {""ax"": -0.84, ""ay"": -0.28, ""az"": -0.1, ""pitch"": -55.78, ""roll"": -107.91}, ""gyro_data"": {""gx"": -87.56, ""gy"": -145.49, ""gz"": 26.01}, ""gps_data"": {""latitude"": 0, ""longitude"": 0, ""gps_altitude"": 0, ""time"": 40048}, ""alt_data"": {""pressure"": 851.53, ""temperature"": 23.61, ""AGL"": -0.57, ""velocity"": 0, ""kalman_altitude"": -0.46, ""kalman_vertical_velocity"": -6.17}, ""chute_state"": {""pyro1_state"": 0, ""pyro2_state"": 0}, ""connection_status"": {""connected"": true, ""has_ever_connected"": true, ""packet_age_ms"": 0, ""timeout_exceeded"": false, ""rssi"": -54}, ""communication_mode"": ""BEACON"", ""timestamp"": 149668, ""packets_received"": 292, ""kalman_data"": {""altitude"": -0.46, ""vertical_velocity"": -6.17}, ""kalman_altitude"": -0.46, ""kalman_vertical_velocity"": -6.17, ""pyroDrogue"": 0, ""pyroMain"": 0, ""pyro1_state"": 0, ""pyro2_state"": 0}"
1764741522.577875,2025-12-03T08:58:42.577875,1359,0,0,-0.86,-0.36,0.03,-60.9,-84.81,-53.35,-30.64,-32.87,0,0,0,40247,851.49,23.61,-0.22,0,0,0,0,-55,-0.39,-6.11,BEACON,"{""record_number"": 1359, ""operation_mode"": 0, ""state"": 0, ""battery_voltage"": 0, ""wifi_rssi"": -55, ""acc_data"": {""ax"": -0.86, ""ay"": -0.36, ""az"": 0.03, ""pitch"": -60.9, ""roll"": -84.81}, ""gyro_data"": {""gx"": -53.35, ""gy"": -30.64, ""gz"": -32.87}, ""gps_data"": {""latitude"": 0, ""longitude"": 0, ""gps_altitude"": 0, ""time"": 40247}, ""alt_data"": {""pressure"": 851.49, ""temperature"": 23.61, ""AGL"": -0.22, ""velocity"": 0, ""kalman_altitude"": -0.39, ""kalman_vertical_velocity"": -6.11}, ""chute_state"": {""pyro1_state"": 0, ""pyro2_state"": 0}, ""connection_status"": {""connected"": true, ""has_ever_connected"": true, ""packet_age_ms"": 0, ""timeout_exceeded"": false, ""rssi"": -55}, ""communication_mode"": ""BEACON"", ""timestamp"": 149780, ""packets_received"": 293, ""kalman_data"": {""altitude"": -0.39, ""vertical_velocity"": -6.11}, ""kalman_altitude"": -0.39, ""kalman_vertical_velocity"": -6.11, ""pyroDrogue"": 0, ""pyroMain"": 0, ""pyro1_state"": 0, ""pyro2_state"": 0}"
1764741522.663897,2025-12-03T08:58:42.663897,1363,0,0,-0.92,-0.31,-0.01,-68.34,-93.61,-30.79,-39.79,-18.35,0,0,0,40247,851.47,23.61,0,0,0,0,0,-55,-0.28,-6,BEACON,"{""record_number"": 1363, ""operation_mode"": 0, ""state"": 0, ""battery_voltage"": 0, ""wifi_rssi"": -55, ""acc_data"": {""ax"": -0.92, ""ay"": -0.31, ""az"": -0.01, ""pitch"": -68.34, ""roll"": -93.61}, ""gyro_data"": {""gx"": -30.79, ""gy"": -39.79, ""gz"": -18.35}, ""gps_data"": {""latitude"": 0, ""longitude"": 0, ""gps_altitude"": 0, ""time"": 40247}, ""alt_data"": {""pressure"": 851.47, ""temperature"": 23.61, ""AGL"": 0, ""velocity"": 0, ""kalman_altitude"": -0.28, ""kalman_vertical_velocity"": -6}, ""chute_state"": {""pyro1_state"": 0, ""pyro2_state"": 0}, ""connection_status"": {""connected"": true, ""has_ever_connected"": true, ""packet_age_ms"": 0, ""timeout_exceeded"": false, ""rssi"": -55}, ""communication_mode"": ""BEACON"", ""timestamp"": 149893, ""packets_received"": 294, ""kalman_data"": {""altitude"": -0.28, ""vertical_velocity"": -6}, ""kalman_altitude"": -0.28, ""kalman_vertical_velocity"": -6, ""pyroDrogue"": 0, ""pyroMain"": 0, ""pyro1_state"": 0, ""pyro2_state"": 0}"
1764741522.753577,2025-12-03T08:58:42.753577,1368,0,0,-0.89,-0.36,0,-63.6,-87.56,-17.53,-25.64,-0.91,0,0,0,40448,851.54,23.61,-0.68,0,0,0,0,-54,-0.37,-6.11,BEACON,"{""record_number"": 1368, ""operation_mode"": 0, ""state"": 0, ""battery_voltage"": 0, ""wifi_rssi"": -54, ""acc_data"": {""ax"": -0.89, ""ay"": -0.36, ""az"": 0, ""pitch"": -63.6, ""roll"": -87.56}, ""gyro_data"": {""gx"": -17.53, ""gy"": -25.64, ""gz"": -0.91}, ""gps_data"": {""latitude"": 0, ""longitude"": 0, ""gps_altitude"": 0, ""time"": 40448}, ""alt_data"": {""pressure"": 851.54, ""temperature"": 23.61, ""AGL"": -0.68, ""velocity"": 0, ""kalman_altitude"": -0.37, ""kalman_vertical_velocity"": -6.11}, ""chute_state"": {""pyro1_state"": 0, ""pyro2_state"": 0}, ""connection_status"": {""connected"": true, ""has_ever_connected"": true, ""packet_age_ms"": 0, ""timeout_exceeded"": false, ""rssi"": -54}, ""communication_mode"": ""BEACON"", ""timestamp"": 150007, ""packets_received"": 295, ""kalman_data"": {""altitude"": -0.37, ""vertical_velocity"": -6.11}, ""kalman_altitude"": -0.37, ""kalman_vertical_velocity"": -6.11, ""pyroDrogue"": 0, ""pyroMain"": 0, ""pyro1_state"": 0, ""pyro2_state"": 0}"
1764741522.798779,2025-12-03T08:58:42.798779,1372,0,0,-0.9,-0.34,0.04,-63.29,-82.48,0.52,-18.02,5.18,0,0,0,40650,851.51,23.61,-0.43,0,0,0,0,-54,-0.4,-6.15,BEACON,"{""record_number"": 1372, ""operation_mode"": 0, ""state"": 0, ""battery_voltage"": 0, ""wifi_rssi"": -54, ""acc_data"": {""ax"": -0.9, ""ay"": -0.34, ""az"": 0.04, ""pitch"": -63.29, ""roll"": -82.48}, ""gyro_data"": {""gx"": 0.52, ""gy"": -18.02, ""gz"": 5.18}, ""gps_data"": {""latitude"": 0, ""longitude"": 0, ""gps_altitude"": 0, ""time"": 40650}, ""alt_data"": {""pressure"": 851.51, ""temperature"": 23.61, ""AGL"": -0.43, ""velocity"": 0, ""kalman_altitude"": -0.4, ""kalman_vertical_velocity"": -6.15}, ""chute_state"": {""pyro1_state"": 0, ""pyro2_state"": 0}, ""connection_status"": {""connected"": true, ""has_ever_connected"": true, ""packet_age_ms"": 0, ""timeout_exceeded"": false, ""rssi"": -54}, ""communication_mode"": ""BEACON"", ""timestamp"": 150118, ""packets_received"": 296, ""kalman_data"": {""altitude"": -0.4, ""vertical_velocity"": -6.15}, ""kalman_altitude"": -0.4, ""kalman_vertical_velocity"": -6.15, ""pyroDrogue"": 0, ""pyroMain"": 0, ""pyro1_state"": 0, ""pyro2_state"": 0}"
1764741522.888786,2025-12-03T08:58:42.888786,1376,0,0,-0.9,-0.34,0.03,-63.98,-86.75,11.62,-19.33,5.06,0,0,0,40650,851.52,23.61,-0.47,0,0,0,0,-54,-0.44,-6.19,BEACON,"{""record_number"": 1376, ""operation_mode"": 0, ""state"": 0, ""battery_voltage"": 0, ""wifi_rssi"": -54, ""acc_data"": {""ax"": -0.9, ""ay"": -0.34, ""az"": 0.03, ""pitch"": -63.98, ""roll"": -86.75}, ""gyro_data"": {""gx"": 11.62, ""gy"": -19.33, ""gz"": 5.06}, ""gps_data"": {""latitude"": 0, ""longitude"": 0, ""gps_altitude"": 0, ""time"": 40650}, ""alt_data"": {""pressure"": 851.52, ""temperature"": 23.61, ""AGL"": -0.47, ""velocity"": 0, ""kalman_altitude"": -0.44, ""kalman_vertical_velocity"": -6.19}, ""chute_state"": {""pyro1_state"": 0, ""pyro2_state"": 0}, ""connection_status"": {""connected"": true, ""has_ever_connected"": true, ""packet_age_ms"": 0, ""timeout_exceeded"": false, ""rssi"": -54}, ""communication_mode"": ""BEACON"", ""timestamp"": 150232, ""packets_received"": 297, ""kalman_data"": {""altitude"": -0.44, ""vertical_velocity"": -6.19}, ""kalman_altitude"": -0.44, ""kalman_vertical_velocity"": -6.19, ""pyroDrogue"": 0, ""pyroMain"": 0, ""pyro1_state"": 0, ""pyro2_state"": 0}"
1764741522.976521,2025-12-03T08:58:42.976521,1380,0,0,-0.88,-0.33,0,-60.9,-90.45,1.74,-8.02,-0.27,0,0,0,40853,851.48,23.6,-0.09,0,0,0,0,-54,-0.26,-6.03,BEACON,"{""record_number"": 1380, ""operation_mode"": 0, ""state"": 0, ""battery_voltage"": 0, ""wifi_rssi"": -54, ""acc_data"": {""ax"": -0.88, ""ay"": -0.33, ""az"": 0, ""pitch"": -60.9, ""roll"": -90.45}, ""gyro_data"": {""gx"": 1.74, ""gy"": -8.02, ""gz"": -0.27}, ""gps_data"": {""latitude"": 0, ""longitude"": 0, ""gps_altitude"": 0, ""time"": 40853}, ""alt_data"": {""pressure"": 851.48, ""temperature"": 23.6, ""AGL"": -0.09, ""velocity"": 0, ""kalman_altitude"": -0.26, ""kalman_vertical_velocity"": -6.03}, ""chute_state"": {""pyro1_state"": 0, ""pyro2_state"": 0}, ""connection_status"": {""connected"": true, ""has_ever_connected"": true, ""packet_age_ms"": 0, ""timeout_exceeded"": false, ""rssi"": -54}, ""communication_mode"": ""BEACON"", ""timestamp"": 150344, ""packets_received"": 298, ""kalman_data"": {""altitude"": -0.26, ""vertical_velocity"": -6.03}, ""kalman_altitude"": -0.26, ""kalman_vertical_velocity"": -6.03, ""pyroDrogue"": 0, ""pyroMain"": 0, ""pyro1_state"": 0, ""pyro2_state"": 0}"
1764741523.049862,2025-12-03T08:58:43.049862,1385,0,0,-0.86,-0.33,0,-59.49,-88.95,-2.71,16.04,-12.93,0,0,0,40853,851.53,23.6,-0.62,0,0,0,0,-56,-0.4,-6.17,BEACON,"{""record_number"": 1385, ""operation_mode"": 0, ""state"": 0, ""battery_voltage"": 0, ""wifi_rssi"": -56, ""acc_data"": {""ax"": -0.86, ""ay"": -0.33, ""az"": 0, ""pitch"": -59.49, ""roll"": -88.95}, ""gyro_data"": {""gx"": -2.71, ""gy"": 16.04, ""gz"": -12.93}, ""gps_data"": {""latitude"": 0, ""longitude"": 0, ""gps_altitude"": 0, ""time"": 40853}, ""alt_data"": {""pressure"": 851.53, ""temperature"": 23.6, ""AGL"": -0.62, ""velocity"": 0, ""kalman_altitude"": -0.4, ""kalman_vertical_velocity"": -6.17}, ""chute_state"": {""pyro1_state"": 0, ""pyro2_state"": 0}, ""connection_status"": {""connected"": true, ""has_ever_connected"": true, ""packet_age_ms"": 0, ""timeout_exceeded"": false, ""rssi"": -56}, ""communication_mode"": ""BEACON"", ""timestamp"": 150456, ""packets_received"": 299, ""kalman_data"": {""altitude"": -0.4, ""vertical_velocity"": -6.17}, ""kalman_altitude"": -0.4, ""kalman_vertical_velocity"": -6.17, ""pyroDrogue"": 0, ""pyroMain"": 0, ""pyro1_state"": 0, ""pyro2_state"": 0}"
1764741523.119172,2025-12-03T08:58:43.119172,1389,0,0,-0.88,-0.33,0,-61.54,-90.79,-9.02,2.87,-14.3,0,0,0,41053,851.54,23.6,-0.69,0,0,0,0,-57,-0.51,-6.3,BEACON,"{""record_number"": 1389, ""operation_mode"": 0, ""state"": 0, ""battery_voltage"": 0, ""wifi_rssi"": -57, ""acc_data"": {""ax"": -0.88, ""ay"": -0.33, ""az"": 0, ""pitch"": -61.54, ""roll"": -90.79}, ""gyro_data"": {""gx"": -9.02, ""gy"": 2.87, ""gz"": -14.3}, ""gps_data"": {""latitude"": 0, ""longitude"": 0, ""gps_altitude"": 0, ""time"": 41053}, ""alt_data"": {""pressure"": 851.54, ""temperature"": 23.6, ""AGL"": -0.69, ""velocity"": 0, ""kalman_altitude"": -0.51, ""kalman_vertical_velocity"": -6.3}, ""chute_state"": {""pyro1_state"": 0, ""pyro2_state"": 0}, ""connection_status"": {""connected"": true, ""has_ever_connected"": true, ""packet_age_ms"": 1, ""timeout_exceeded"": false, ""rssi"": -57}, ""communication_mode"": ""BEACON"", ""timestamp"": 150570, ""packets_received"": 300, ""kalman_data"": {""altitude"": -0.51, ""vertical_velocity"": -6.3}, ""kalman_altitude"": -0.51, ""kalman_vertical_velocity"": -6.3, ""pyroDrogue"": 0, ""pyroMain"": 0, ""pyro1_state"": 0, ""pyro2_state"": 0}"
1764741523.289199,2025-12-03T08:58:43.289199,1398,0,0,-0.89,-0.32,-0.01,-62.37,-89.51,0.82,-15.73,25,0,0,0,41253,851.53,23.6,-0.62,0,0,0,0,-55,-0.66,-6.46,BEACON,"{""record_number"": 1398, ""operation_mode"": 0, ""state"": 0, ""battery_voltage"": 0, ""wifi_rssi"": -55, ""acc_data"": {""ax"": -0.89, ""ay"": -0.32, ""az"": -0.01, ""pitch"": -62.37, ""roll"": -89.51}, ""gyro_data"": {""gx"": 0.82, ""gy"": -15.73, ""gz"": 25}, ""gps_data"": {""latitude"": 0, ""longitude"": 0, ""gps_altitude"": 0, ""time"": 41253}, ""alt_data"": {""pressure"": 851.53, ""temperature"": 23.6, ""AGL"": -0.62, ""velocity"": 0, ""kalman_altitude"": -0.66, ""kalman_vertical_velocity"": -6.46}, ""chute_state"": {""pyro1_state"": 0, ""pyro2_state"": 0}, ""connection_status"": {""connected"": true, ""has_ever_connected"": true, ""packet_age_ms"": 0, ""timeout_exceeded"": false, ""rssi"": -55}, ""communication_mode"": ""BEACON"", ""timestamp"": 150795, ""packets_received"": 301, ""kalman_data"": {""altitude"": -0.66, ""vertical_velocity"": -6.46}, ""kalman_altitude"": -0.66, ""kalman_vertical_velocity"": -6.46, ""pyroDrogue"": 0, ""pyroMain"": 0, ""pyro1_state"": 0, ""pyro2_state"": 0}"
1764741523.39222,2025-12-03T08:58:43.392220,1402,0,0,-0.88,-0.33,0,-61.77,-90.12,-11.13,-3.32,9.27,0,0,0,41253,851.5,23.6,-0.34,0,0,0,0,-52,-0.56,-6.37,BEACON,"{""record_number"": 1402, ""operation_mode"": 0, ""state"": 0, ""battery_voltage"": 0, ""wifi_rssi"": -52, ""acc_data"": {""ax"": -0.88, ""ay"": -0.33, ""az"": 0, ""pitch"": -61.77, ""roll"": -90.12}, ""gyro_data"": {""gx"": -11.13, ""gy"": -3.32, ""gz"": 9.27}, ""gps_data"": {""latitude"": 0, ""longitude"": 0, ""gps_altitude"": 0, ""time"": 41253}, ""alt_data"": {""pressure"": 851.5, ""temperature"": 23.6, ""AGL"": -0.34, ""velocity"": 0, ""kalman_altitude"": -0.56, ""kalman_vertical_velocity"": -6.37}, ""chute_state"": {""pyro1_state"": 0, ""pyro2_state"": 0}, ""connection_status"": {""connected"": true, ""has_ever_connected"": true, ""packet_age_ms"": 1, ""timeout_exceeded"": false, ""rssi"": -52}, ""communication_mode"": ""BEACON"", ""timestamp"": 150909, ""packets_received"": 302, ""kalman_data"": {""altitude"": -0.56, ""vertical_velocity"": -6.37}, ""kalman_altitude"": -0.56, ""kalman_vertical_velocity"": -6.37, ""pyroDrogue"": 0, ""pyroMain"": 0, ""pyro1_state"": 0, ""pyro2_state"": 0}"
1764741523.579231,2025-12-03T08:58:43.579231,1406,0,0,-0.88,-0.32,0.02,-61.95,-85.21,-8.96,-16.13,0.34,0,0,0,41453,851.52,23.61,-0.54,0,0,0,0,-53,-0.67,-6.49,BEACON,"{""record_number"": 1406, ""operation_mode"": 0, ""state"": 0, ""battery_voltage"": 0, ""wifi_rssi"": -53, ""acc_data"": {""ax"": -0.88, ""ay"": -0.32, ""az"": 0.02, ""pitch"": -61.95, ""roll"": -85.21}, ""gyro_data"": {""gx"": -8.96, ""gy"": -16.13, ""gz"": 0.34}, ""gps_data"": {""latitude"": 0, ""longitude"": 0, ""gps_altitude"": 0, ""time"": 41453}, ""alt_data"": {""pressure"": 851.52, ""temperature"": 23.61, ""AGL"": -0.54, ""velocity"": 0, ""kalman_altitude"": -0.67, ""kalman_vertical_velocity"": -6.49}, ""chute_state"": {""pyro1_state"": 0, ""pyro2_state"": 0}, ""connection_status"": {""connected"": true, ""has_ever_connected"": true, ""packet_age_ms"": 0, ""timeout_exceeded"": false, ""rssi"": -53}, ""communication_mode"": ""BEACON"", ""timestamp"": 151022, ""packets_received"": 303, ""kalman_data"": {""altitude"": -0.67, ""vertical_velocity"": -6.49}, ""kalman_altitude"": -0.67, ""kalman_vertical_velocity"": -6.49, ""pyroDrogue"": 0, ""pyroMain"": 0, ""pyro1_state"": 0, ""pyro2_state"": 0}"
1764741523.704489,2025-12-03T08:58:43.704489,1411,0,0,-0.89,-0.32,0.01,-62.07,-86.63,-23.96,6.04,-22.77,0,0,0,41655,851.52,23.61,-0.54,0,0,0,0,-52,-0.64,-6.46,BEACON,"{""record_number"": 1411, ""operation_mode"": 0, ""state"": 0, ""battery_voltage"": 0, ""wifi_rssi"": -52, ""acc_data"": {""ax"": -0.89, ""ay"": -0.32, ""az"": 0.01, ""pitch"": -62.07, ""roll"": -86.63}, ""gyro_data"": {""gx"": -23.96, ""gy"": 6.04, ""gz"": -22.77}, ""gps_data"": {""latitude"": 0, ""longitude"": 0, ""gps_altitude"": 0, ""time"": 41655}, ""alt_data"": {""pressure"": 851.52, ""temperature"": 23.61, ""AGL"": -0.54, ""velocity"": 0, ""kalman_altitude"": -0.64, ""kalman_vertical_velocity"": -6.46}, ""chute_state"": {""pyro1_state"": 0, ""pyro2_state"": 0}, ""connection_status"": {""connected"": true, ""has_ever_connected"": true, ""packet_age_ms"": 0, ""timeout_exceeded"": false, ""rssi"": -52}, ""communication_mode"": ""BEACON"", ""timestamp"": 151135, ""packets_received"": 304, ""kalman_data"": {""altitude"": -0.64, ""vertical_velocity"": -6.46}, ""kalman_altitude"": -0.64, ""kalman_vertical_velocity"": -6.46, ""pyroDrogue"": 0, ""pyroMain"": 0, ""pyro1_state"": 0, ""pyro2_state"": 0}"
1764741523.796919,2025-12-03T08:58:43.796919,1415,0,0,-0.91,-0.32,0,-65.76,-90.39,-19.18,-12.87,-18.6,0,0,0,41655,851.5,23.6,-0.26,0,0,0,0,-54,-0.52,-6.35,BEACON,"{""record_number"": 1415, ""operation_mode"": 0, ""state"": 0, ""battery_voltage"": 0, ""wifi_rssi"": -54, ""acc_data"": {""ax"": -0.91, ""ay"": -0.32, ""az"": 0, ""pitch"": -65.76, ""roll"": -90.39}, ""gyro_data"": {""gx"": -19.18, ""gy"": -12.87, ""gz"": -18.6}, ""gps_data"": {""latitude"": 0, ""longitude"": 0, ""gps_altitude"": 0, ""time"": 41655}, ""alt_data"": {""pressure"": 851.5, ""temperature"": 23.6, ""AGL"": -0.26, ""velocity"": 0, ""kalman_altitude"": -0.52, ""kalman_vertical_velocity"": -6.35}, ""chute_state"": {""pyro1_state"": 0, ""pyro2_state"": 0}, ""connection_status"": {""connected"": true, ""has_ever_connected"": true, ""packet_age_ms"": 0, ""timeout_exceeded"": false, ""rssi"": -54}, ""communication_mode"": ""BEACON"", ""timestamp"": 151246, ""packets_received"": 305, ""kalman_data"": {""altitude"": -0.52, ""vertical_velocity"": -6.35}, ""kalman_altitude"": -0.52, ""kalman_vertical_velocity"": -6.35, ""pyroDrogue"": 0, ""pyroMain"": 0, ""pyro1_state"": 0, ""pyro2_state"": 0}"
1764741523.900915,2025-12-03T08:58:43.900915,1419,0,0,-0.91,-0.35,-0.01,-64.17,-90.28,-19.27,-18.38,-1.07,0,0,0,41859,851.54,23.6,-0.73,0,0,0,0,-53,-0.61,-6.45,BEACON,"{""record_number"": 1419, ""operation_mode"": 0, ""state"": 0, ""battery_voltage"": 0, ""wifi_rssi"": -53, ""acc_data"": {""ax"": -0.91, ""ay"": -0.35, ""az"": -0.01, ""pitch"": -64.17, ""roll"": -90.28}, ""gyro_data"": {""gx"": -19.27, ""gy"": -18.38, ""gz"": -1.07}, ""gps_data"": {""latitude"": 0, ""longitude"": 0, ""gps_altitude"": 0, ""time"": 41859}, ""alt_data"": {""pressure"": 851.54, ""temperature"": 23.6, ""AGL"": -0.73, ""velocity"": 0, ""kalman_altitude"": -0.61, ""kalman_vertical_velocity"": -6.45}, ""chute_state"": {""pyro1_state"": 0, ""pyro2_state"": 0}, ""connection_status"": {""connected"": true, ""has_ever_connected"": true, ""packet_age_ms"": 1, ""timeout_exceeded"": false, ""rssi"": -53}, ""communication_mode"": ""BEACON"", ""timestamp"": 151359, ""packets_received"": 306, ""kalman_data"": {""altitude"": -0.61, ""vertical_velocity"": -6.45}, ""kalman_altitude"": -0.61, ""kalman_vertical_velocity"": -6.45, ""pyroDrogue"": 0, ""pyroMain"": 0, ""pyro1_state"": 0, ""pyro2_state"": 0}"
1764741523.981449,2025-12-03T08:58:43.981449,1423,0,0,-0.89,-0.33,0,-62.86,-89.27,-19.91,-11.01,14.79,0,0,0,41859,851.55,23.61,-0.82,0,0,0,0,-53,-0.7,-6.55,BEACON,"{""record_number"": 1423, ""operation_mode"": 0, ""state"": 0, ""battery_voltage"": 0, ""wifi_rssi"": -53, ""acc_data"": {""ax"": -0.89, ""ay"": -0.33, ""az"": 0, ""pitch"": -62.86, ""roll"": -89.27}, ""gyro_data"": {""gx"": -19.91, ""gy"": -11.01, ""gz"": 14.79}, ""gps_data"": {""latitude"": 0, ""longitude"": 0, ""gps_altitude"": 0, ""time"": 41859}, ""alt_data"": {""pressure"": 851.55, ""temperature"": 23.61, ""AGL"": -0.82, ""velocity"": 0, ""kalman_altitude"": -0.7, ""kalman_vertical_velocity"": -6.55}, ""chute_state"": {""pyro1_state"": 0, ""pyro2_state"": 0}, ""connection_status"": {""connected"": true, ""has_ever_connected"": true, ""packet_age_ms"": 0, ""timeout_exceeded"": false, ""rssi"": -53}, ""communication_mode"": ""BEACON"", ""timestamp"": 151471, ""packets_received"": 307, ""kalman_data"": {""altitude"": -0.7, ""vertical_velocity"": -6.55}, ""kalman_altitude"": -0.7, ""kalman_vertical_velocity"": -6.55, ""pyroDrogue"": 0, ""pyroMain"": 0, ""pyro1_state"": 0, ""pyro2_state"": 0}"
1764741524.027185,2025-12-03T08:58:44.027185,1428,0,0,-0.86,-0.33,0.05,-59.66,-80.91,-6.59,-1.07,7.32,0,0,0,42058,851.5,23.6,-0.26,0,0,0,0,-52,-0.56,-6.42,BEACON,"{""record_number"": 1428, ""operation_mode"": 0, ""state"": 0, ""battery_voltage"": 0, ""wifi_rssi"": -52, ""acc_data"": {""ax"": -0.86, ""ay"": -0.33, ""az"": 0.05, ""pitch"": -59.66, ""roll"": -80.91}, ""gyro_data"": {""gx"": -6.59, ""gy"": -1.07, ""gz"": 7.32}, ""gps_data"": {""latitude"": 0, ""longitude"": 0, ""gps_altitude"": 0, ""time"": 42058}, ""alt_data"": {""pressure"": 851.5, ""temperature"": 23.6, ""AGL"": -0.26, ""velocity"": 0, ""kalman_altitude"": -0.56, ""kalman_vertical_velocity"": -6.42}, ""chute_state"": {""pyro1_state"": 0, ""pyro2_state"": 0}, ""connection_status"": {""connected"": true, ""has_ever_connected"": true, ""packet_age_ms"": 1, ""timeout_exceeded"": false, ""rssi"": -52}, ""communication_mode"": ""BEACON"", ""timestamp"": 151585, ""packets_received"": 308, ""kalman_data"": {""altitude"": -0.56, ""vertical_velocity"": -6.42}, ""kalman_altitude"": -0.56, ""kalman_vertical_velocity"": -6.42, ""pyroDrogue"": 0, ""pyroMain"": 0, ""pyro1_state"": 0, ""pyro2_state"": 0}"
1764741524.186674,2025-12-03T08:58:44.186674,1432,0,0,-0.91,-0.3,0.03,-65.76,-87.68,13.45,-0.79,8.38,0,0,0,42058,851.51,23.6,-0.44,0,0,0,0,-52,-0.5,-6.38,BEACON,"{""record_number"": 1432, ""operation_mode"": 0, ""state"": 0, ""battery_voltage"": 0, ""wifi_rssi"": -52, ""acc_data"": {""ax"": -0.91, ""ay"": -0.3, ""az"": 0.03, ""pitch"": -65.76, ""roll"": -87.68}, ""gyro_data"": {""gx"": 13.45, ""gy"": -0.79, ""gz"": 8.38}, ""gps_data"": {""latitude"": 0, ""longitude"": 0, ""gps_altitude"": 0, ""time"": 42058}, ""alt_data"": {""pressure"": 851.51, ""temperature"": 23.6, ""AGL"": -0.44, ""velocity"": 0, ""kalman_altitude"": -0.5, ""kalman_vertical_velocity"": -6.38}, ""chute_state"": {""pyro1_state"": 0, ""pyro2_state"": 0}, ""connection_status"": {""connected"": true, ""has_ever_connected"": true, ""packet_age_ms"": 0, ""timeout_exceeded"": false, ""rssi"": -52}, ""communication_mode"": ""BEACON"", ""timestamp"": 151697, ""packets_received"": 309, ""kalman_data"": {""altitude"": -0.5, ""vertical_velocity"": -6.38}, ""kalman_altitude"": -0.5, ""kalman_vertical_velocity"": -6.38, ""pyroDrogue"": 0, ""pyroMain"": 0, ""pyro1_state"": 0, ""pyro2_state"": 0}"
1764741524.575486,2025-12-03T08:58:44.575486,1436,0,0,-0.9,-0.3,0,-64.76,-89.31,12.77,-5.61,16.89,0,0,0,42259,851.52,23.59,-0.5,0,0,0,0,-52,-0.52,-6.4,BEACON,"{""record_number"": 1436, ""operation_mode"": 0, ""state"": 0, ""battery_voltage"": 0, ""wifi_rssi"": -52, ""acc_data"": {""ax"": -0.9, ""ay"": -0.3, ""az"": 0, ""pitch"": -64.76, ""roll"": -89.31}, ""gyro_data"": {""gx"": 12.77, ""gy"": -5.61, ""gz"": 16.89}, ""gps_data"": {""latitude"": 0, ""longitude"": 0, ""gps_altitude"": 0, ""time"": 42259}, ""alt_data"": {""pressure"": 851.52, ""temperature"": 23.59, ""AGL"": -0.5, ""velocity"": 0, ""kalman_altitude"": -0.52, ""kalman_vertical_velocity"": -6.4}, ""chute_state"": {""pyro1_state"": 0, ""pyro2_state"": 0}, ""connection_status"": {""connected"": true, ""has_ever_connected"": true, ""packet_age_ms"": 0, ""timeout_exceeded"": false, ""rssi"": -52}, ""communication_mode"": ""BEACON"", ""timestamp"": 151810, ""packets_received"": 310, ""kalman_data"": {""altitude"": -0.52, ""vertical_velocity"": -6.4}, ""kalman_altitude"": -0.52, ""kalman_vertical_velocity"": -6.4, ""pyroDrogue"": 0, ""pyroMain"": 0, ""pyro1_state"": 0, ""pyro2_state"": 0}"
1764741524.625882,2025-12-03T08:58:44.625882,1441,0,0,-0.89,-0.29,0,-63.23,-87.64,3.35,-6.55,12.53,0,0,0,42459,851.57,23.6,-1.02,0,0,0,0,-52,-0.72,-6.6,BEACON,"{""record_number"": 1441, ""operation_mode"": 0, ""state"": 0, ""battery_voltage"": 0, ""wifi_rssi"": -52, ""acc_data"": {""ax"": -0.89, ""ay"": -0.29, ""az"": 0, ""pitch"": -63.23, ""roll"": -87.64}, ""gyro_data"": {""gx"": 3.35, ""gy"": -6.55, ""gz"": 12.53}, ""gps_data"": {""latitude"": 0, ""longitude"": 0, ""gps_altitude"": 0, ""time"": 42459}, ""alt_data"": {""pressure"": 851.57, ""temperature"": 23.6, ""AGL"": -1.02, ""velocity"": 0, ""kalman_altitude"": -0.72, ""kalman_vertical_velocity"": -6.6}, ""chute_state"": {""pyro1_state"": 0, ""pyro2_state"": 0}, ""connection_status"": {""connected"": true, ""has_ever_connected"": true, ""packet_age_ms"": 0, ""timeout_exceeded"": false, ""rssi"": -52}, ""communication_mode"": ""BEACON"", ""timestamp"": 151923, ""packets_received"": 311, ""kalman_data"": {""altitude"": -0.72, ""vertical_velocity"": -6.6}, ""kalman_altitude"": -0.72, ""kalman_vertical_velocity"": -6.6, ""pyroDrogue"": 0, ""pyroMain"": 0, ""pyro1_state"": 0, ""pyro2_state"": 0}"
1764741524.678076,2025-12-03T08:58:44.678076,1445,0,0,-0.88,-0.32,0.02,-61.6,-87.3,2.23,4.91,0.67,0,0,0,42459,851.46,23.59,0.07,0,0,0,0,-52,-0.44,-6.34,BEACON,"{""record_number"": 1445, ""operation_mode"": 0, ""state"": 0, ""battery_voltage"": 0, ""wifi_rssi"": -52, ""acc_data"": {""ax"": -0.88, ""ay"": -0.32, ""az"": 0.02, ""pitch"": -61.6, ""roll"": -87.3}, ""gyro_data"": {""gx"": 2.23, ""gy"": 4.91, ""gz"": 0.67}, ""gps_data"": {""latitude"": 0, ""longitude"": 0, ""gps_altitude"": 0, ""time"": 42459}, ""alt_data"": {""pressure"": 851.46, ""temperature"": 23.59, ""AGL"": 0.07, ""velocity"": 0, ""kalman_altitude"": -0.44, ""kalman_vertical_velocity"": -6.34}, ""chute_state"": {""pyro1_state"": 0, ""pyro2_state"": 0}, ""connection_status"": {""connected"": true, ""has_ever_connected"": true, ""packet_age_ms"": 0, ""timeout_exceeded"": false, ""rssi"": -52}, ""communication_mode"": ""BEACON"", ""timestamp"": 152036, ""packets_received"": 312, ""kalman_data"": {""altitude"": -0.44, ""vertical_velocity"": -6.34}, ""kalman_altitude"": -0.44, ""kalman_vertical_velocity"": -6.34, ""pyroDrogue"": 0, ""pyroMain"": 0, ""pyro1_state"": 0, ""pyro2_state"": 0}"
1764741524.787828,2025-12-03T08:58:44.787828,1449,0,0,-0.88,-0.26,0,-62.19,-87.61,0.12,0.06,-8.23,0,0,0,42662,851.56,23.6,-0.88,0,0,0,0,-52,-0.66,-6.56,BEACON,"{""record_number"": 1449, ""operation_mode"": 0, ""state"": 0, ""battery_voltage"": 0, ""wifi_rssi"": -52, ""acc_data"": {""ax"": -0.88, ""ay"": -0.26, ""az"": 0, ""pitch"": -62.19, ""roll"": -87.61}, ""gyro_data"": {""gx"": 0.12, ""gy"": 0.06, ""gz"": -8.23}, ""gps_data"": {""latitude"": 0, ""longitude"": 0, ""gps_altitude"": 0, ""time"": 42662}, ""alt_data"": {""pressure"": 851.56, ""temperature"": 23.6, ""AGL"": -0.88, ""velocity"": 0, ""kalman_altitude"": -0.66, ""kalman_vertical_velocity"": -6.56}, ""chute_state"": {""pyro1_state"": 0, ""pyro2_state"": 0}, ""connection_status"": {""connected"": true, ""has_ever_connected"": true, ""packet_age_ms"": 0, ""timeout_exceeded"": false, ""rssi"": -52}, ""communication_mode"": ""BEACON"", ""timestamp"": 152149, ""packets_received"": 313, ""kalman_data"": {""altitude"": -0.66, ""vertical_velocity"": -6.56}, ""kalman_altitude"": -0.66, ""kalman_vertical_velocity"": -6.56, ""pyroDrogue"": 0, ""pyroMain"": 0, ""pyro1_state"": 0, ""pyro2_state"": 0}"
1764741524.920789,2025-12-03T08:58:44.920789,1454,0,0,-0.91,-0.33,0.03,-66.45,-84.48,0.24,6.04,-11.16,0,0,0,42662,851.49,23.6,-0.19,0,0,0,0,-51,-0.5,-6.41,BEACON,"{""record_number"": 1454, ""operation_mode"": 0, ""state"": 0, ""battery_voltage"": 0, ""wifi_rssi"": -51, ""acc_data"": {""ax"": -0.91, ""ay"": -0.33, ""az"": 0.03, ""pitch"": -66.45, ""roll"": -84.48}, ""gyro_data"": {""gx"": 0.24, ""gy"": 6.04, ""gz"": -11.16}, ""gps_data"": {""latitude"": 0, ""longitude"": 0, ""gps_altitude"": 0, ""time"": 42662}, ""alt_data"": {""pressure"": 851.49, ""temperature"": 23.6, ""AGL"": -0.19, ""velocity"": 0, ""kalman_altitude"": -0.5, ""kalman_vertical_velocity"": -6.41}, ""chute_state"": {""pyro1_state"": 0, ""pyro2_state"": 0}, ""connection_status"": {""connected"": true, ""has_ever_connected"": true, ""packet_age_ms"": 1, ""timeout_exceeded"": false, ""rssi"": -51}, ""communication_mode"": ""BEACON"", ""timestamp"": 152262, ""packets_received"": 314, ""kalman_data"": {""altitude"": -0.5, ""vertical_velocity"": -6.41}, ""kalman_altitude"": -0.5, ""kalman_vertical_velocity"": -6.41, ""pyroDrogue"": 0, ""pyroMain"": 0, ""pyro1_state"": 0, ""pyro2_state"": 0}"
1764741524.993345,2025-12-03T08:58:44.993345,1458,0,0,-0.87,-0.27,0.01,-60.96,-85.73,17.26,-11.19,-3.84,0,0,0,42864,851.5,23.6,-0.3,0,0,0,0,-52,-0.44,-6.36,BEACON,"{""record_number"": 1458, ""operation_mode"": 0, ""state"": 0, ""battery_voltage"": 0, ""wifi_rssi"": -52, ""acc_data"": {""ax"": -0.87, ""ay"": -0.27, ""az"": 0.01, ""pitch"": -60.96, ""roll"": -85.73}, ""gyro_data"": {""gx"": 17.26, ""gy"": -11.19, ""gz"": -3.84}, ""gps_data"": {""latitude"": 0, ""longitude"": 0, ""gps_altitude"": 0, ""time"": 42864}, ""alt_data"": {""pressure"": 851.5, ""temperature"": 23.6, ""AGL"": -0.3, ""velocity"": 0, ""kalman_altitude"": -0.44, ""kalman_vertical_velocity"": -6.36}, ""chute_state"": {""pyro1_state"": 0, ""pyro2_state"": 0}, ""connection_status"": {""connected"": true, ""has_ever_connected"": true, ""packet_age_ms"": 1, ""timeout_exceeded"": false, ""rssi"": -52}, ""communication_mode"": ""BEACON"", ""timestamp"": 152374, ""packets_received"": 315, ""kalman_data"": {""altitude"": -0.44, ""vertical_velocity"": -6.36}, ""kalman_altitude"": -0.44, ""kalman_vertical_velocity"": -6.36, ""pyroDrogue"": 0, ""pyroMain"": 0, ""pyro1_state"": 0, ""pyro2_state"": 0}"
1764741525.034547,2025-12-03T08:58:45.034547,1462,0,0,-0.89,-0.32,0.02,-63.48,-87.74,7.71,5.7,-14.3,0,0,0,42864,851.48,23.59,-0.1,0,0,0,0,-52,-0.35,-6.29,BEACON,"{""record_number"": 1462, ""operation_mode"": 0, ""state"": 0, ""battery_voltage"": 0, ""wifi_rssi"": -52, ""acc_data"": {""ax"": -0.89, ""ay"": -0.32, ""az"": 0.02, ""pitch"": -63.48, ""roll"": -87.74}, ""gyro_data"": {""gx"": 7.71, ""gy"": 5.7, ""gz"": -14.3}, ""gps_data"": {""latitude"": 0, ""longitude"": 0, ""gps_altitude"": 0, ""time"": 42864}, ""alt_data"": {""pressure"": 851.48, ""temperature"": 23.59, ""AGL"": -0.1, ""velocity"": 0, ""kalman_altitude"": -0.35, ""kalman_vertical_velocity"": -6.29}, ""chute_state"": {""pyro1_state"": 0, ""pyro2_state"": 0}, ""connection_status"": {""connected"": true, ""has_ever_connected"": true, ""packet_age_ms"": 0, ""timeout_exceeded"": false, ""rssi"": -52}, ""communication_mode"": ""BEACON"", ""timestamp"": 152486, ""packets_received"": 316, ""kalman_data"": {""altitude"": -0.35, ""vertical_velocity"": -6.29}, ""kalman_altitude"": -0.35, ""kalman_vertical_velocity"": -6.29, ""pyroDrogue"": 0, ""pyroMain"": 0, ""pyro1_state"": 0, ""pyro2_state"": 0}"
1764741525.09337,2025-12-03T08:58:45.093370,1466,0,0,-0.88,-0.29,0.02,-61.77,-86.35,13.78,-11.25,-12.2,0,0,0,43064,851.51,23.6,-0.41,0,0,0,0,-52,-0.38,-6.33,BEACON,"{""record_number"": 1466, ""operation_mode"": 0, ""state"": 0, ""battery_voltage"": 0, ""wifi_rssi"": -52, ""acc_data"": {""ax"": -0.88, ""ay"": -0.29, ""az"": 0.02, ""pitch"": -61.77, ""roll"": -86.35}, ""gyro_data"": {""gx"": 13.78, ""gy"": -11.25, ""gz"": -12.2}, ""gps_data"": {""latitude"": 0, ""longitude"": 0, ""gps_altitude"": 0, ""time"": 43064}, ""alt_data"": {""pressure"": 851.51, ""temperature"": 23.6, ""AGL"": -0.41, ""velocity"": 0, ""kalman_altitude"": -0.38, ""kalman_vertical_velocity"": -6.33}, ""chute_state"": {""pyro1_state"": 0, ""pyro2_state"": 0}, ""connection_status"": {""connected"": true, ""has_ever_connected"": true, ""packet_age_ms"": 1, ""timeout_exceeded"": false, ""rssi"": -52}, ""communication_mode"": ""BEACON"", ""timestamp"": 152603, ""packets_received"": 317, ""kalman_data"": {""altitude"": -0.38, ""vertical_velocity"": -6.33}, ""kalman_altitude"": -0.38, ""kalman_vertical_velocity"": -6.33, ""pyroDrogue"": 0, ""pyroMain"": 0, ""pyro1_state"": 0, ""pyro2_state"": 0}"
1764741525.18304,2025-12-03T08:58:45.183040,1471,0,0,-0.9,-0.33,-0.01,-64.11,-90.12,3.45,-9.88,-19.21,0,0,0,43064,851.54,23.59,-0.71,0,0,0,0,-53,-0.52,-6.47,BEACON,"{""record_number"": 1471, ""operation_mode"": 0, ""state"": 0, ""battery_voltage"": 0, ""wifi_rssi"": -53, ""acc_data"": {""ax"": -0.9, ""ay"": -0.33, ""az"": -0.01, ""pitch"": -64.11, ""roll"": -90.12}, ""gyro_data"": {""gx"": 3.45, ""gy"": -9.88, ""gz"": -19.21}, ""gps_data"": {""latitude"": 0, ""longitude"": 0, ""gps_altitude"": 0, ""time"": 43064}, ""alt_data"": {""pressure"": 851.54, ""temperature"": 23.59, ""AGL"": -0.71, ""velocity"": 0, ""kalman_altitude"": -0.52, ""kalman_vertical_velocity"": -6.47}, ""chute_state"": {""pyro1_state"": 0, ""pyro2_state"": 0}, ""connection_status"": {""connected"": true, ""has_ever_connected"": true, ""packet_age_ms"": 1, ""timeout_exceeded"": false, ""rssi"": -53}, ""communication_mode"": ""BEACON"", ""timestamp"": 152712, ""packets_received"": 318, ""kalman_data"": {""altitude"": -0.52, ""vertical_velocity"": -6.47}, ""kalman_altitude"": -0.52, ""kalman_vertical_velocity"": -6.47, ""pyroDrogue"": 0, ""pyroMain"": 0, ""pyro1_state"": 0, ""pyro2_state"": 0}"
1764741525.315657,2025-12-03T08:58:45.315657,1475,0,0,-0.89,-0.32,0.01,-61.71,-89.27,-3.23,-0.09,-9.6,0,0,0,43263,851.47,23.59,-0.03,0,0,0,0,-54,-0.29,-6.26,BEACON,"{""record_number"": 1475, ""operation_mode"": 0, ""state"": 0, ""battery_voltage"": 0, ""wifi_rssi"": -54, ""acc_data"": {""ax"": -0.89, ""ay"": -0.32, ""az"": 0.01, ""pitch"": -61.71, ""roll"": -89.27}, ""gyro_data"": {""gx"": -3.23, ""gy"": -0.09, ""gz"": -9.6}, ""gps_data"": {""latitude"": 0, ""longitude"": 0, ""gps_altitude"": 0, ""time"": 43263}, ""alt_data"": {""pressure"": 851.47, ""temperature"": 23.59, ""AGL"": -0.03, ""velocity"": 0, ""kalman_altitude"": -0.29, ""kalman_vertical_velocity"": -6.26}, ""chute_state"": {""pyro1_state"": 0, ""pyro2_state"": 0}, ""connection_status"": {""connected"": true, ""has_ever_connected"": true, ""packet_age_ms"": 0, ""timeout_exceeded"": false, ""rssi"": -54}, ""communication_mode"": ""BEACON"", ""timestamp"": 152824, ""packets_received"": 319, ""kalman_data"": {""altitude"": -0.29, ""vertical_velocity"": -6.26}, ""kalman_altitude"": -0.29, ""kalman_vertical_velocity"": -6.26, ""pyroDrogue"": 0, ""pyroMain"": 0, ""pyro1_state"": 0, ""pyro2_state"": 0}"
1764741525.426971,2025-12-03T08:58:45.426971,1479,0,0,-0.92,-0.34,0.02,-66.45,-88.39,-13.69,3.78,-17.87,0,0,0,43464,851.54,23.59,-0.74,0,0,0,0,-54,-0.47,-6.45,BEACON,"{""record_number"": 1479, ""operation_mode"": 0, ""state"": 0, ""battery_voltage"": 0, ""wifi_rssi"": -54, ""acc_data"": {""ax"": -0.92, ""ay"": -0.34, ""az"": 0.02, ""pitch"": -66.45, ""roll"": -88.39}, ""gyro_data"": {""gx"": -13.69, ""gy"": 3.78, ""gz"": -17.87}, ""gps_data"": {""latitude"": 0, ""longitude"": 0, ""gps_altitude"": 0, ""time"": 43464}, ""alt_data"": {""pressure"": 851.54, ""temperature"": 23.59, ""AGL"": -0.74, ""velocity"": 0, ""kalman_altitude"": -0.47, ""kalman_vertical_velocity"": -6.45}, ""chute_state"": {""pyro1_state"": 0, ""pyro2_state"": 0}, ""connection_status"": {""connected"": true, ""has_ever_connected"": true, ""packet_age_ms"": 1, ""timeout_exceeded"": false, ""rssi"": -54}, ""communication_mode"": ""BEACON"", ""timestamp"": 152938, ""packets_received"": 320, ""kalman_data"": {""altitude"": -0.47, ""vertical_velocity"": -6.45}, ""kalman_altitude"": -0.47, ""kalman_vertical_velocity"": -6.45, ""pyroDrogue"": 0, ""pyroMain"": 0, ""pyro1_state"": 0, ""pyro2_state"": 0}"
1764741525.508347,2025-12-03T08:58:45.508347,1484,0,0,-0.87,-0.32,0.03,-59.71,-84.77,-17.13,-0.55,-24.05,0,0,0,43464,851.54,23.6,-0.69,0,0,0,0,-53,-0.57,-6.55,BEACON,"{""record_number"": 1484, ""operation_mode"": 0, ""state"": 0, ""battery_voltage"": 0, ""wifi_rssi"": -53, ""acc_data"": {""ax"": -0.87, ""ay"": -0.32, ""az"": 0.03, ""pitch"": -59.71, ""roll"": -84.77}, ""gyro_data"": {""gx"": -17.13, ""gy"": -0.55, ""gz"": -24.05}, ""gps_data"": {""latitude"": 0, ""longitude"": 0, ""gps_altitude"": 0, ""time"": 43464}, ""alt_data"": {""pressure"": 851.54, ""temperature"": 23.6, ""AGL"": -0.69, ""velocity"": 0, ""kalman_altitude"": -0.57, ""kalman_vertical_velocity"": -6.55}, ""chute_state"": {""pyro1_state"": 0, ""pyro2_state"": 0}, ""connection_status"": {""connected"": true, ""has_ever_connected"": true, ""packet_age_ms"": 0, ""timeout_exceeded"": false, ""rssi"": -53}, ""communication_mode"": ""BEACON"", ""timestamp"": 153050, ""packets_received"": 321, ""kalman_data"": {""altitude"": -0.57, ""vertical_velocity"": -6.55}, ""kalman_altitude"": -0.57, ""kalman_vertical_velocity"": -6.55, ""pyroDrogue"": 0, ""pyroMain"": 0, ""pyro1_state"": 0, ""pyro2_state"": 0}"
1764741525.596846,2025-12-03T08:58:45.596846,1488,0,0,-0.93,-0.37,0.08,-69.11,-78.67,14.63,-26.13,-21.19,0,0,0,43667,851.5,23.59,-0.35,0,0,0,0,-54,-0.46,-6.45,BEACON,"{""record_number"": 1488, ""operation_mode"": 0, ""state"": 0, ""battery_voltage"": 0, ""wifi_rssi"": -54, ""acc_data"": {""ax"": -0.93, ""ay"": -0.37, ""az"": 0.08, ""pitch"": -69.11, ""roll"": -78.67}, ""gyro_data"": {""gx"": 14.63, ""gy"": -26.13, ""gz"": -21.19}, ""gps_data"": {""latitude"": 0, ""longitude"": 0, ""gps_altitude"": 0, ""time"": 43667}, ""alt_data"": {""pressure"": 851.5, ""temperature"": 23.59, ""AGL"": -0.35, ""velocity"": 0, ""kalman_altitude"": -0.46, ""kalman_vertical_velocity"": -6.45}, ""chute_state"": {""pyro1_state"": 0, ""pyro2_state"": 0}, ""connection_status"": {""connected"": true, ""has_ever_connected"": true, ""packet_age_ms"": 1, ""timeout_exceeded"": false, ""rssi"": -54}, ""communication_mode"": ""BEACON"", ""timestamp"": 153164, ""packets_received"": 322, ""kalman_data"": {""altitude"": -0.46, ""vertical_velocity"": -6.45}, ""kalman_altitude"": -0.46, ""kalman_vertical_velocity"": -6.45, ""pyroDrogue"": 0, ""pyroMain"": 0, ""pyro1_state"": 0, ""pyro2_state"": 0}"
1764741525.72888,2025-12-03T08:58:45.728880,1492,0,0,-0.88,-0.26,0.03,-61.48,-84.78,44.6,-10.34,13.38,0,0,0,43667,851.53,23.59,-0.61,0,0,0,0,-54,-0.53,-6.53,BEACON,"{""record_number"": 1492, ""operation_mode"": 0, ""state"": 0, ""battery_voltage"": 0, ""wifi_rssi"": -54, ""acc_data"": {""ax"": -0.88, ""ay"": -0.26, ""az"": 0.03, ""pitch"": -61.48, ""roll"": -84.78}, ""gyro_data"": {""gx"": 44.6, ""gy"": -10.34, ""gz"": 13.38}, ""gps_data"": {""latitude"": 0, ""longitude"": 0, ""gps_altitude"": 0, ""time"": 43667}, ""alt_data"": {""pressure"": 851.53, ""temperature"": 23.59, ""AGL"": -0.61, ""velocity"": 0, ""kalman_altitude"": -0.53, ""kalman_vertical_velocity"": -6.53}, ""chute_state"": {""pyro1_state"": 0, ""pyro2_state"": 0}, ""connection_status"": {""connected"": true, ""has_ever_connected"": true, ""packet_age_ms"": 0, ""timeout_exceeded"": false, ""rssi"": -54}, ""communication_mode"": ""BEACON"", ""timestamp"": 153278, ""packets_received"": 323, ""kalman_data"": {""altitude"": -0.53, ""vertical_velocity"": -6.53}, ""kalman_altitude"": -0.53, ""kalman_vertical_velocity"": -6.53, ""pyroDrogue"": 0, ""pyroMain"": 0, ""pyro1_state"": 0, ""pyro2_state"": 0}"
1764741525.828798,2025-12-03T08:58:45.828798,1497,0,0,-0.91,-0.33,0.02,-65.55,-85.26,-2.9,3.2,20.3,0,0,0,43869,851.59,23.6,-1.15,0,0,0,0,-54,-0.79,-6.77,BEACON,"{""record_number"": 1497, ""operation_mode"": 0, ""state"": 0, ""battery_voltage"": 0, ""wifi_rssi"": -54, ""acc_data"": {""ax"": -0.91, ""ay"": -0.33, ""az"": 0.02, ""pitch"": -65.55, ""roll"": -85.26}, ""gyro_data"": {""gx"": -2.9, ""gy"": 3.2, ""gz"": 20.3}, ""gps_data"": {""latitude"": 0, ""longitude"": 0, ""gps_altitude"": 0, ""time"": 43869}, ""alt_data"": {""pressure"": 851.59, ""temperature"": 23.6, ""AGL"": -1.15, ""velocity"": 0, ""kalman_altitude"": -0.79, ""kalman_vertical_velocity"": -6.77}, ""chute_state"": {""pyro1_state"": 0, ""pyro2_state"": 0}, ""connection_status"": {""connected"": true, ""has_ever_connected"": true, ""packet_age_ms"": 0, ""timeout_exceeded"": false, ""rssi"": -54}, ""communication_mode"": ""BEACON"", ""timestamp"": 153390, ""packets_received"": 324, ""kalman_data"": {""altitude"": -0.79, ""vertical_velocity"": -6.77}, ""kalman_altitude"": -0.79, ""kalman_vertical_velocity"": -6.77, ""pyroDrogue"": 0, ""pyroMain"": 0, ""pyro1_state"": 0, ""pyro2_state"": 0}"
1764741525.936749,2025-12-03T08:58:45.936749,1501,0,0,-0.87,-0.31,0.08,-59.44,-78.77,-5.61,-42.01,22.29,0,0,0,43869,851.57,23.59,-0.96,0,0,0,0,-56,-0.92,-6.9,BEACON,"{""record_number"": 1501, ""operation_mode"": 0, ""state"": 0, ""battery_voltage"": 0, ""wifi_rssi"": -56, ""acc_data"": {""ax"": -0.87, ""ay"": -0.31, ""az"": 0.08, ""pitch"": -59.44, ""roll"": -78.77}, ""gyro_data"": {""gx"": -5.61, ""gy"": -42.01, ""gz"": 22.29}, ""gps_data"": {""latitude"": 0, ""longitude"": 0, ""gps_altitude"": 0, ""time"": 43869}, ""alt_data"": {""pressure"": 851.57, ""temperature"": 23.59, ""AGL"": -0.96, ""velocity"": 0, ""kalman_altitude"": -0.92, ""kalman_vertical_velocity"": -6.9}, ""chute_state"": {""pyro1_state"": 0, ""pyro2_state"": 0}, ""connection_status"": {""connected"": true, ""has_ever_connected"": true, ""packet_age_ms"": 1, ""timeout_exceeded"": false, ""rssi"": -56}, ""communication_mode"": ""BEACON"", ""timestamp"": 153504, ""packets_received"": 325, ""kalman_data"": {""altitude"": -0.92, ""vertical_velocity"": -6.9}, ""kalman_altitude"": -0.92, ""kalman_vertical_velocity"": -6.9, ""pyroDrogue"": 0, ""pyroMain"": 0, ""pyro1_state"": 0, ""pyro2_state"": 0}"
1764741526.19629,2025-12-03T08:58:46.196290,1505,0,0,-0.91,-0.36,0.04,-63.98,-83.47,30.18,-55.58,9.51,0,0,0,44069,851.51,23.59,-0.43,0,0,0,0,-54,-0.74,-6.74,BEACON,"{""record_number"": 1505, ""operation_mode"": 0, ""state"": 0, ""battery_voltage"": 0, ""wifi_rssi"": -54, ""acc_data"": {""ax"": -0.91, ""ay"": -0.36, ""az"": 0.04, ""pitch"": -63.98, ""roll"": -83.47}, ""gyro_data"": {""gx"": 30.18, ""gy"": -55.58, ""gz"": 9.51}, ""gps_data"": {""latitude"": 0, ""longitude"": 0, ""gps_altitude"": 0, ""time"": 44069}, ""alt_data"": {""pressure"": 851.51, ""temperature"": 23.59, ""AGL"": -0.43, ""velocity"": 0, ""kalman_altitude"": -0.74, ""kalman_vertical_velocity"": -6.74}, ""chute_state"": {""pyro1_state"": 0, ""pyro2_state"": 0}, ""connection_status"": {""connected"": true, ""has_ever_connected"": true, ""packet_age_ms"": 0, ""timeout_exceeded"": false, ""rssi"": -54}, ""communication_mode"": ""BEACON"", ""timestamp"": 153617, ""packets_received"": 326, ""kalman_data"": {""altitude"": -0.74, ""vertical_velocity"": -6.74}, ""kalman_altitude"": -0.74, ""kalman_vertical_velocity"": -6.74, ""pyroDrogue"": 0, ""pyroMain"": 0, ""pyro1_state"": 0, ""pyro2_state"": 0}"
1764741526.563707,2025-12-03T08:58:46.563707,1509,0,0,-0.86,-0.24,0.02,-59.55,-86.86,4.02,-46.37,10.91,0,0,0,44069,851.49,23.59,-0.22,0,0,0,0,-52,-0.54,-6.56,BEACON,"{""record_number"": 1509, ""operation_mode"": 0, ""state"": 0, ""battery_voltage"": 0, ""wifi_rssi"": -52, ""acc_data"": {""ax"": -0.86, ""ay"": -0.24, ""az"": 0.02, ""pitch"": -59.55, ""roll"": -86.86}, ""gyro_data"": {""gx"": 4.02, ""gy"": -46.37, ""gz"": 10.91}, ""gps_data"": {""latitude"": 0, ""longitude"": 0, ""gps_altitude"": 0, ""time"": 44069}, ""alt_data"": {""pressure"": 851.49, ""temperature"": 23.59, ""AGL"": -0.22, ""velocity"": 0, ""kalman_altitude"": -0.54, ""kalman_vertical_velocity"": -6.56}, ""chute_state"": {""pyro1_state"": 0, ""pyro2_state"": 0}, ""connection_status"": {""connected"": true, ""has_ever_connected"": true, ""packet_age_ms"": 0, ""timeout_exceeded"": false, ""rssi"": -52}, ""communication_mode"": ""BEACON"", ""timestamp"": 153729, ""packets_received"": 327, ""kalman_data"": {""altitude"": -0.54, ""vertical_velocity"": -6.56}, ""kalman_altitude"": -0.54, ""kalman_vertical_velocity"": -6.56, ""pyroDrogue"": 0, ""pyroMain"": 0, ""pyro1_state"": 0, ""pyro2_state"": 0}"
1764741526.691433,2025-12-03T08:58:46.691433,1514,0,0,-0.88,-0.31,0.09,-62.37,-72.89,-32.13,-19.3,8.51,0,0,0,44270,851.52,23.59,-0.54,0,0,0,0,-52,-0.71,-6.73,BEACON,"{""record_number"": 1514, ""operation_mode"": 0, ""state"": 0, ""battery_voltage"": 0, ""wifi_rssi"": -52, ""acc_data"": {""ax"": -0.88, ""ay"": -0.31, ""az"": 0.09, ""pitch"": -62.37, ""roll"": -72.89}, ""gyro_data"": {""gx"": -32.13, ""gy"": -19.3, ""gz"": 8.51}, ""gps_data"": {""latitude"": 0, ""longitude"": 0, ""gps_altitude"": 0, ""time"": 44270}, ""alt_data"": {""pressure"": 851.52, ""temperature"": 23.59, ""AGL"": -0.54, ""velocity"": 0, ""kalman_altitude"": -0.71, ""kalman_vertical_velocity"": -6.73}, ""chute_state"": {""pyro1_state"": 0, ""pyro2_state"": 0}, ""connection_status"": {""connected"": true, ""has_ever_connected"": true, ""packet_age_ms"": 0, ""timeout_exceeded"": false, ""rssi"": -52}, ""communication_mode"": ""BEACON"", ""timestamp"": 153841, ""packets_received"": 328, ""kalman_data"": {""altitude"": -0.71, ""vertical_velocity"": -6.73}, ""kalman_altitude"": -0.71, ""kalman_vertical_velocity"": -6.73, ""pyroDrogue"": 0, ""pyroMain"": 0, ""pyro1_state"": 0, ""pyro2_state"": 0}"
1764741526.743278,2025-12-03T08:58:46.743278,1518,0,0,-0.88,-0.29,0.12,-61.07,-68.43,-19.79,-7.59,1.37,0,0,0,44470,851.56,23.6,-0.87,0,0,0,0,-51,-0.79,-6.8,BEACON,"{""record_number"": 1518, ""operation_mode"": 0, ""state"": 0, ""battery_voltage"": 0, ""wifi_rssi"": -51, ""acc_data"": {""ax"": -0.88, ""ay"": -0.29, ""az"": 0.12, ""pitch"": -61.07, ""roll"": -68.43}, ""gyro_data"": {""gx"": -19.79, ""gy"": -7.59, ""gz"": 1.37}, ""gps_data"": {""latitude"": 0, ""longitude"": 0, ""gps_altitude"": 0, ""time"": 44470}, ""alt_data"": {""pressure"": 851.56, ""temperature"": 23.6, ""AGL"": -0.87, ""velocity"": 0, ""kalman_altitude"": -0.79, ""kalman_vertical_velocity"": -6.8}, ""chute_state"": {""pyro1_state"": 0, ""pyro2_state"": 0}, ""connection_status"": {""connected"": true, ""has_ever_connected"": true, ""packet_age_ms"": 0, ""timeout_exceeded"": false, ""rssi"": -51}, ""communication_mode"": ""BEACON"", ""timestamp"": 153954, ""packets_received"": 329, ""kalman_data"": {""altitude"": -0.79, ""vertical_velocity"": -6.8}, ""kalman_altitude"": -0.79, ""kalman_vertical_velocity"": -6.8, ""pyroDrogue"": 0, ""pyroMain"": 0, ""pyro1_state"": 0, ""pyro2_state"": 0}"
1764741526.798082,2025-12-03T08:58:46.798082,1522,0,0,-0.92,-0.28,0.05,-64.76,-77.56,-8.11,-15.3,4.94,0,0,0,44470,851.55,23.6,-0.76,0,0,0,0,-51,-0.79,-6.81,BEACON,"{""record_number"": 1522, ""operation_mode"": 0, ""state"": 0, ""battery_voltage"": 0, ""wifi_rssi"": -51, ""acc_data"": {""ax"": -0.92, ""ay"": -0.28, ""az"": 0.05, ""pitch"": -64.76, ""roll"": -77.56}, ""gyro_data"": {""gx"": -8.11, ""gy"": -15.3, ""gz"": 4.94}, ""gps_data"": {""latitude"": 0, ""longitude"": 0, ""gps_altitude"": 0, ""time"": 44470}, ""alt_data"": {""pressure"": 851.55, ""temperature"": 23.6, ""AGL"": -0.76, ""velocity"": 0, ""kalman_altitude"": -0.79, ""kalman_vertical_velocity"": -6.81}, ""chute_state"": {""pyro1_state"": 0, ""pyro2_state"": 0}, ""connection_status"": {""connected"": true, ""has_ever_connected"": true, ""packet_age_ms"": 0, ""timeout_exceeded"": false, ""rssi"": -51}, ""communication_mode"": ""BEACON"", ""timestamp"": 154067, ""packets_received"": 330, ""kalman_data"": {""altitude"": -0.79, ""vertical_velocity"": -6.81}, ""kalman_altitude"": -0.79, ""kalman_vertical_velocity"": -6.81, ""pyroDrogue"": 0, ""pyroMain"": 0, ""pyro1_state"": 0, ""pyro2_state"": 0}"
1764741526.883781,2025-12-03T08:58:46.883781,1527,0,0,-0.9,-0.29,0.09,-64.69,-74.26,-25.58,-1.62,11.37,0,0,0,44673,851.54,23.59,-0.71,0,0,0,0,-52,-0.68,-6.72,BEACON,"{""record_number"": 1527, ""operation_mode"": 0, ""state"": 0, ""battery_voltage"": 0, ""wifi_rssi"": -52, ""acc_data"": {""ax"": -0.9, ""ay"": -0.29, ""az"": 0.09, ""pitch"": -64.69, ""roll"": -74.26}, ""gyro_data"": {""gx"": -25.58, ""gy"": -1.62, ""gz"": 11.37}, ""gps_data"": {""latitude"": 0, ""longitude"": 0, ""gps_altitude"": 0, ""time"": 44673}, ""alt_data"": {""pressure"": 851.54, ""temperature"": 23.59, ""AGL"": -0.71, ""velocity"": 0, ""kalman_altitude"": -0.68, ""kalman_vertical_velocity"": -6.72}, ""chute_state"": {""pyro1_state"": 0, ""pyro2_state"": 0}, ""connection_status"": {""connected"": true, ""has_ever_connected"": true, ""packet_age_ms"": 0, ""timeout_exceeded"": false, ""rssi"": -52}, ""communication_mode"": ""BEACON"", ""timestamp"": 154179, ""packets_received"": 331, ""kalman_data"": {""altitude"": -0.68, ""vertical_velocity"": -6.72}, ""kalman_altitude"": -0.68, ""kalman_vertical_velocity"": -6.72, ""pyroDrogue"": 0, ""pyroMain"": 0, ""pyro1_state"": 0, ""pyro2_state"": 0}"
1764741526.935077,2025-12-03T08:58:46.935077,1531,0,0,-0.87,-0.25,0.09,-61.01,-69.83,-42.62,-18.93,7.47,0,0,0,44673,851.55,23.6,-0.76,0,0,0,0,-54,-0.73,-6.77,BEACON,"{""record_number"": 1531, ""operation_mode"": 0, ""state"": 0, ""battery_voltage"": 0, ""wifi_rssi"": -54, ""acc_data"": {""ax"": -0.87, ""ay"": -0.25, ""az"": 0.09, ""pitch"": -61.01, ""roll"": -69.83}, ""gyro_data"": {""gx"": -42.62, ""gy"": -18.93, ""gz"": 7.47}, ""gps_data"": {""latitude"": 0, ""longitude"": 0, ""gps_altitude"": 0, ""time"": 44673}, ""alt_data"": {""pressure"": 851.55, ""temperature"": 23.6, ""AGL"": -0.76, ""velocity"": 0, ""kalman_altitude"": -0.73, ""kalman_vertical_velocity"": -6.77}, ""chute_state"": {""pyro1_state"": 0, ""pyro2_state"": 0}, ""connection_status"": {""connected"": true, ""has_ever_connected"": true, ""packet_age_ms"": 0, ""timeout_exceeded"": false, ""rssi"": -54}, ""communication_mode"": ""BEACON"", ""timestamp"": 154292, ""packets_received"": 332, ""kalman_data"": {""altitude"": -0.73, ""vertical_velocity"": -6.77}, ""kalman_altitude"": -0.73, ""kalman_vertical_velocity"": -6.77, ""pyroDrogue"": 0, ""pyroMain"": 0, ""pyro1_state"": 0, ""pyro2_state"": 0}"
1764741527.017045,2025-12-03T08:58:47.017045,1535,0,0,-0.86,-0.31,0.14,-58.19,-65.76,-48.54,12.41,-24.7,0,0,0,44875,851.51,23.59,-0.42,0,0,0,0,-54,-0.61,-6.67,BEACON,"{""record_number"": 1535, ""operation_mode"": 0, ""state"": 0, ""battery_voltage"": 0, ""wifi_rssi"": -54, ""acc_data"": {""ax"": -0.86, ""ay"": -0.31, ""az"": 0.14, ""pitch"": -58.19, ""roll"": -65.76}, ""gyro_data"": {""gx"": -48.54, ""gy"": 12.41, ""gz"": -24.7}, ""gps_data"": {""latitude"": 0, ""longitude"": 0, ""gps_altitude"": 0, ""time"": 44875}, ""alt_data"": {""pressure"": 851.51, ""temperature"": 23.59, ""AGL"": -0.42, ""velocity"": 0, ""kalman_altitude"": -0.61, ""kalman_vertical_velocity"": -6.67}, ""chute_state"": {""pyro1_state"": 0, ""pyro2_state"": 0}, ""connection_status"": {""connected"": true, ""has_ever_connected"": true, ""packet_age_ms"": 0, ""timeout_exceeded"": false, ""rssi"": -54}, ""communication_mode"": ""BEACON"", ""timestamp"": 154405, ""packets_received"": 333, ""kalman_data"": {""altitude"": -0.61, ""vertical_velocity"": -6.67}, ""kalman_altitude"": -0.61, ""kalman_vertical_velocity"": -6.67, ""pyroDrogue"": 0, ""pyroMain"": 0, ""pyro1_state"": 0, ""pyro2_state"": 0}"
1764741527.082294,2025-12-03T08:58:47.082294,1540,0,0,-0.9,-0.29,0.12,-64.11,-70.06,-5,5.76,-28.9,0,0,0,44875,851.53,23.59,-0.61,0,0,0,0,-52,-0.64,-6.7,BEACON,"{""record_number"": 1540, ""operation_mode"": 0, ""state"": 0, ""battery_voltage"": 0, ""wifi_rssi"": -52, ""acc_data"": {""ax"": -0.9, ""ay"": -0.29, ""az"": 0.12, ""pitch"": -64.11, ""roll"": -70.06}, ""gyro_data"": {""gx"": -5, ""gy"": 5.76, ""gz"": -28.9}, ""gps_data"": {""latitude"": 0, ""longitude"": 0, ""gps_altitude"": 0, ""time"": 44875}, ""alt_data"": {""pressure"": 851.53, ""temperature"": 23.59, ""AGL"": -0.61, ""velocity"": 0, ""kalman_altitude"": -0.64, ""kalman_vertical_velocity"": -6.7}, ""chute_state"": {""pyro1_state"": 0, ""pyro2_state"": 0}, ""connection_status"": {""connected"": true, ""has_ever_connected"": true, ""packet_age_ms"": 0, ""timeout_exceeded"": false, ""rssi"": -52}, ""communication_mode"": ""BEACON"", ""timestamp"": 154519, ""packets_received"": 334, ""kalman_data"": {""altitude"": -0.64, ""vertical_velocity"": -6.7}, ""kalman_altitude"": -0.64, ""kalman_vertical_velocity"": -6.7, ""pyroDrogue"": 0, ""pyroMain"": 0, ""pyro1_state"": 0, ""pyro2_state"": 0}"
1764741527.124629,2025-12-03T08:58:47.124629,1544,0,0,-0.88,-0.33,0.09,-61.71,-73.97,1.71,25.27,-33.11,0,0,0,45074,851.5,23.59,-0.35,0,0,0,0,-51,-0.53,-6.6,BEACON,"{""record_number"": 1544, ""operation_mode"": 0, ""state"": 0, ""battery_voltage"": 0, ""wifi_rssi"": -51, ""acc_data"": {""ax"": -0.88, ""ay"": -0.33, ""az"": 0.09, ""pitch"": -61.71, ""roll"": -73.97}, ""gyro_data"": {""gx"": 1.71, ""gy"": 25.27, ""gz"": -33.11}, ""gps_data"": {""latitude"": 0, ""longitude"": 0, ""gps_altitude"": 0, ""time"": 45074}, ""alt_data"": {""pressure"": 851.5, ""temperature"": 23.59, ""AGL"": -0.35, ""velocity"": 0, ""kalman_altitude"": -0.53, ""kalman_vertical_velocity"": -6.6}, ""chute_state"": {""pyro1_state"": 0, ""pyro2_state"": 0}, ""connection_status"": {""connected"": true, ""has_ever_connected"": true, ""packet_age_ms"": 0, ""timeout_exceeded"": false, ""rssi"": -51}, ""communication_mode"": ""BEACON"", ""timestamp"": 154631, ""packets_received"": 335, ""kalman_data"": {""altitude"": -0.53, ""vertical_velocity"": -6.6}, ""kalman_altitude"": -0.53, ""kalman_vertical_velocity"": -6.6, ""pyroDrogue"": 0, ""pyroMain"": 0, ""pyro1_state"": 0, ""pyro2_state"": 0}"
1764741527.259403,2025-12-03T08:58:47.259403,1548,0,0,-0.93,-0.34,0.07,-68.19,-75.84,37.77,14.15,-15.37,0,0,0,45275,851.54,23.59,-0.7,0,0,0,0,-51,-0.61,-6.69,BEACON,"{""record_number"": 1548, ""operation_mode"": 0, ""state"": 0, ""battery_voltage"": 0, ""wifi_rssi"": -51, ""acc_data"": {""ax"": -0.93, ""ay"": -0.34, ""az"": 0.07, ""pitch"": -68.19, ""roll"": -75.84}, ""gyro_data"": {""gx"": 37.77, ""gy"": 14.15, ""gz"": -15.37}, ""gps_data"": {""latitude"": 0, ""longitude"": 0, ""gps_altitude"": 0, ""time"": 45275}, ""alt_data"": {""pressure"": 851.54, ""temperature"": 23.59, ""AGL"": -0.7, ""velocity"": 0, ""kalman_altitude"": -0.61, ""kalman_vertical_velocity"": -6.69}, ""chute_state"": {""pyro1_state"": 0, ""pyro2_state"": 0}, ""connection_status"": {""connected"": true, ""has_ever_connected"": true, ""packet_age_ms"": 1, ""timeout_exceeded"": false, ""rssi"": -51}, ""communication_mode"": ""BEACON"", ""timestamp"": 154745, ""packets_received"": 336, ""kalman_data"": {""altitude"": -0.61, ""vertical_velocity"": -6.69}, ""kalman_altitude"": -0.61, ""kalman_vertical_velocity"": -6.69, ""pyroDrogue"": 0, ""pyroMain"": 0, ""pyro1_state"": 0, ""pyro2_state"": 0}"
1764741527.442378,2025-12-03T08:58:47.442378,1552,0,0,-0.88,-0.28,0.03,-62.49,-83.41,30.79,3.41,-1.68,0,0,0,45275,851.53,23.59,-0.63,0,0,0,0,-52,-0.7,-6.78,BEACON,"{""record_number"": 1552, ""operation_mode"": 0, ""state"": 0, ""battery_voltage"": 0, ""wifi_rssi"": -52, ""acc_data"": {""ax"": -0.88, ""ay"": -0.28, ""az"": 0.03, ""pitch"": -62.49, ""roll"": -83.41}, ""gyro_data"": {""gx"": 30.79, ""gy"": 3.41, ""gz"": -1.68}, ""gps_data"": {""latitude"": 0, ""longitude"": 0, ""gps_altitude"": 0, ""time"": 45275}, ""alt_data"": {""pressure"": 851.53, ""temperature"": 23.59, ""AGL"": -0.63, ""velocity"": 0, ""kalman_altitude"": -0.7, ""kalman_vertical_velocity"": -6.78}, ""chute_state"": {""pyro1_state"": 0, ""pyro2_state"": 0}, ""connection_status"": {""connected"": true, ""has_ever_connected"": true, ""packet_age_ms"": 0, ""timeout_exceeded"": false, ""rssi"": -52}, ""communication_mode"": ""BEACON"", ""timestamp"": 154857, ""packets_received"": 337, ""kalman_data"": {""altitude"": -0.7, ""vertical_velocity"": -6.78}, ""kalman_altitude"": -0.7, ""kalman_vertical_velocity"": -6.78, ""pyroDrogue"": 0, ""pyroMain"": 0, ""pyro1_state"": 0, ""pyro2_state"": 0}"
1764741527.595688,2025-12-03T08:58:47.595688,1557,0,0,-0.9,-0.34,0.05,-63.79,-84.12,-11.28,-20.7,0.34,0,0,0,45474,851.52,23.6,-0.55,0,0,0,0,-53,-0.65,-6.74,BEACON,"{""record_number"": 1557, ""operation_mode"": 0, ""state"": 0, ""battery_voltage"": 0, ""wifi_rssi"": -53, ""acc_data"": {""ax"": -0.9, ""ay"": -0.34, ""az"": 0.05, ""pitch"": -63.79, ""roll"": -84.12}, ""gyro_data"": {""gx"": -11.28, ""gy"": -20.7, ""gz"": 0.34}, ""gps_data"": {""latitude"": 0, ""longitude"": 0, ""gps_altitude"": 0, ""time"": 45474}, ""alt_data"": {""pressure"": 851.52, ""temperature"": 23.6, ""AGL"": -0.55, ""velocity"": 0, ""kalman_altitude"": -0.65, ""kalman_vertical_velocity"": -6.74}, ""chute_state"": {""pyro1_state"": 0, ""pyro2_state"": 0}, ""connection_status"": {""connected"": true, ""has_ever_connected"": true, ""packet_age_ms"": 0, ""timeout_exceeded"": false, ""rssi"": -53}, ""communication_mode"": ""BEACON"", ""timestamp"": 154970, ""packets_received"": 338, ""kalman_data"": {""altitude"": -0.65, ""vertical_velocity"": -6.74}, ""kalman_altitude"": -0.65, ""kalman_vertical_velocity"": -6.74, ""pyroDrogue"": 0, ""pyroMain"": 0, ""pyro1_state"": 0, ""pyro2_state"": 0}"
1764741527.719716,2025-12-03T08:58:47.719716,1561,0,0,-0.88,-0.32,0.07,-61.65,-78.14,-9.12,12.93,-7.62,0,0,0,45474,851.51,23.58,-0.44,0,0,0,0,-53,-0.57,-6.68,BEACON,"{""record_number"": 1561, ""operation_mode"": 0, ""state"": 0, ""battery_voltage"": 0, ""wifi_rssi"": -53, ""acc_data"": {""ax"": -0.88, ""ay"": -0.32, ""az"": 0.07, ""pitch"": -61.65, ""roll"": -78.14}, ""gyro_data"": {""gx"": -9.12, ""gy"": 12.93, ""gz"": -7.62}, ""gps_data"": {""latitude"": 0, ""longitude"": 0, ""gps_altitude"": 0, ""time"": 45474}, ""alt_data"": {""pressure"": 851.51, ""temperature"": 23.58, ""AGL"": -0.44, ""velocity"": 0, ""kalman_altitude"": -0.57, ""kalman_vertical_velocity"": -6.68}, ""chute_state"": {""pyro1_state"": 0, ""pyro2_state"": 0}, ""connection_status"": {""connected"": true, ""has_ever_connected"": true, ""packet_age_ms"": 1, ""timeout_exceeded"": false, ""rssi"": -53}, ""communication_mode"": ""BEACON"", ""timestamp"": 155084, ""packets_received"": 339, ""kalman_data"": {""altitude"": -0.57, ""vertical_velocity"": -6.68}, ""kalman_altitude"": -0.57, ""kalman_vertical_velocity"": -6.68, ""pyroDrogue"": 0, ""pyroMain"": 0, ""pyro1_state"": 0, ""pyro2_state"": 0}"
1764741527.80053,2025-12-03T08:58:47.800530,1565,0,0,-0.88,-0.29,0.07,-62.92,-79.16,-20.79,10,-6.49,0,0,0,45678,851.5,23.59,-0.35,0,0,0,0,-51,-0.35,-6.49,BEACON,"{""record_number"": 1565, ""operation_mode"": 0, ""state"": 0, ""battery_voltage"": 0, ""wifi_rssi"": -51, ""acc_data"": {""ax"": -0.88, ""ay"": -0.29, ""az"": 0.07, ""pitch"": -62.92, ""roll"": -79.16}, ""gyro_data"": {""gx"": -20.79, ""gy"": 10, ""gz"": -6.49}, ""gps_data"": {""latitude"": 0, ""longitude"": 0, ""gps_altitude"": 0, ""time"": 45678}, ""alt_data"": {""pressure"": 851.5, ""temperature"": 23.59, ""AGL"": -0.35, ""velocity"": 0, ""kalman_altitude"": -0.35, ""kalman_vertical_velocity"": -6.49}, ""chute_state"": {""pyro1_state"": 0, ""pyro2_state"": 0}, ""connection_status"": {""connected"": true, ""has_ever_connected"": true, ""packet_age_ms"": 0, ""timeout_exceeded"": false, ""rssi"": -51}, ""communication_mode"": ""BEACON"", ""timestamp"": 155198, ""packets_received"": 340, ""kalman_data"": {""altitude"": -0.35, ""vertical_velocity"": -6.49}, ""kalman_altitude"": -0.35, ""kalman_vertical_velocity"": -6.49, ""pyroDrogue"": 0, ""pyroMain"": 0, ""pyro1_state"": 0, ""pyro2_state"": 0}"
1764741527.857726,2025-12-03T08:58:47.857726,1570,0,0,-0.94,-0.33,0.09,-69.91,-75.68,-8.57,-4.76,11.92,0,0,0,45678,851.48,23.59,-0.13,0,0,0,0,-50,-0.27,-6.42,BEACON,"{""record_number"": 1570, ""operation_mode"": 0, ""state"": 0, ""battery_voltage"": 0, ""wifi_rssi"": -50, ""acc_data"": {""ax"": -0.94, ""ay"": -0.33, ""az"": 0.09, ""pitch"": -69.91, ""roll"": -75.68}, ""gyro_data"": {""gx"": -8.57, ""gy"": -4.76, ""gz"": 11.92}, ""gps_data"": {""latitude"": 0, ""longitude"": 0, ""gps_altitude"": 0, ""time"": 45678}, ""alt_data"": {""pressure"": 851.48, ""temperature"": 23.59, ""AGL"": -0.13, ""velocity"": 0, ""kalman_altitude"": -0.27, ""kalman_vertical_velocity"": -6.42}, ""chute_state"": {""pyro1_state"": 0, ""pyro2_state"": 0}, ""connection_status"": {""connected"": true, ""has_ever_connected"": true, ""packet_age_ms"": 0, ""timeout_exceeded"": false, ""rssi"": -50}, ""communication_mode"": ""BEACON"", ""timestamp"": 155312, ""packets_received"": 341, ""kalman_data"": {""altitude"": -0.27, ""vertical_velocity"": -6.42}, ""kalman_altitude"": -0.27, ""kalman_vertical_velocity"": -6.42, ""pyroDrogue"": 0, ""pyroMain"": 0, ""pyro1_state"": 0, ""pyro2_state"": 0}"
1764741527.944586,2025-12-03T08:58:47.944586,1574,0,0,-0.89,-0.31,0.08,-63.41,-77.83,-7.96,-19.3,21.49,0,0,0,45880,851.49,23.59,-0.2,0,0,0,0,-51,-0.25,-6.42,BEACON,"{""record_number"": 1574, ""operation_mode"": 0, ""state"": 0, ""battery_voltage"": 0, ""wifi_rssi"": -51, ""acc_data"": {""ax"": -0.89, ""ay"": -0.31, ""az"": 0.08, ""pitch"": -63.41, ""roll"": -77.83}, ""gyro_data"": {""gx"": -7.96, ""gy"": -19.3, ""gz"": 21.49}, ""gps_data"": {""latitude"": 0, ""longitude"": 0, ""gps_altitude"": 0, ""time"": 45880}, ""alt_data"": {""pressure"": 851.49, ""temperature"": 23.59, ""AGL"": -0.2, ""velocity"": 0, ""kalman_altitude"": -0.25, ""kalman_vertical_velocity"": -6.42}, ""chute_state"": {""pyro1_state"": 0, ""pyro2_state"": 0}, ""connection_status"": {""connected"": true, ""has_ever_connected"": true, ""packet_age_ms"": 0, ""timeout_exceeded"": false, ""rssi"": -51}, ""communication_mode"": ""BEACON"", ""timestamp"": 155423, ""packets_received"": 342, ""kalman_data"": {""altitude"": -0.25, ""vertical_velocity"": -6.42}, ""kalman_altitude"": -0.25, ""kalman_vertical_velocity"": -6.42, ""pyroDrogue"": 0, ""pyroMain"": 0, ""pyro1_state"": 0, ""pyro2_state"": 0}"
1764741528.036996,2025-12-03T08:58:48.036996,1578,0,0,-0.86,-0.31,0.1,-58.78,-72.15,-10.52,-5.85,4.27,0,0,0,45880,851.51,23.59,-0.39,0,0,0,0,-51,-0.46,-6.61,BEACON,"{""record_number"": 1578, ""operation_mode"": 0, ""state"": 0, ""battery_voltage"": 0, ""wifi_rssi"": -51, ""acc_data"": {""ax"": -0.86, ""ay"": -0.31, ""az"": 0.1, ""pitch"": -58.78, ""roll"": -72.15}, ""gyro_data"": {""gx"": -10.52, ""gy"": -5.85, ""gz"": 4.27}, ""gps_data"": {""latitude"": 0, ""longitude"": 0, ""gps_altitude"": 0, ""time"": 45880}, ""alt_data"": {""pressure"": 851.51, ""temperature"": 23.59, ""AGL"": -0.39, ""velocity"": 0, ""kalman_altitude"": -0.46, ""kalman_vertical_velocity"": -6.61}, ""chute_state"": {""pyro1_state"": 0, ""pyro2_state"": 0}, ""connection_status"": {""connected"": true, ""has_ever_connected"": true, ""packet_age_ms"": 1, ""timeout_exceeded"": false, ""rssi"": -51}, ""communication_mode"": ""BEACON"", ""timestamp"": 155537, ""packets_received"": 343, ""kalman_data"": {""altitude"": -0.46, ""vertical_velocity"": -6.61}, ""kalman_altitude"": -0.46, ""kalman_vertical_velocity"": -6.61, ""pyroDrogue"": 0, ""pyroMain"": 0, ""pyro1_state"": 0, ""pyro2_state"": 0}"
1764741528.217793,2025-12-03T08:58:48.217793,1587,0,0,-0.85,-0.31,0.09,-59.55,-72.53,-17.87,50.55,-23.29,0,0,0,46280,851.54,23.59,-0.7,0,0,0,0,-52,-0.59,-6.73,BEACON,"{""record_number"": 1587, ""operation_mode"": 0, ""state"": 0, ""battery_voltage"": 0, ""wifi_rssi"": -52, ""acc_data"": {""ax"": -0.85, ""ay"": -0.31, ""az"": 0.09, ""pitch"": -59.55, ""roll"": -72.53}, ""gyro_data"": {""gx"": -17.87, ""gy"": 50.55, ""gz"": -23.29}, ""gps_data"": {""latitude"": 0, ""longitude"": 0, ""gps_altitude"": 0, ""time"": 46280}, ""alt_data"": {""pressure"": 851.54, ""temperature"": 23.59, ""AGL"": -0.7, ""velocity"": 0, ""kalman_altitude"": -0.59, ""kalman_vertical_velocity"": -6.73}, ""chute_state"": {""pyro1_state"": 0, ""pyro2_state"": 0}, ""connection_status"": {""connected"": true, ""has_ever_connected"": true, ""packet_age_ms"": 1, ""timeout_exceeded"": false, ""rssi"": -52}, ""communication_mode"": ""BEACON"", ""timestamp"": 155762, ""packets_received"": 344, ""kalman_data"": {""altitude"": -0.59, ""vertical_velocity"": -6.73}, ""kalman_altitude"": -0.59, ""kalman_vertical_velocity"": -6.73, ""pyroDrogue"": 0, ""pyroMain"": 0, ""pyro1_state"": 0, ""pyro2_state"": 0}"
1764741528.328979,2025-12-03T08:58:48.328979,1591,0,0,-0.9,-0.3,0.08,-65.22,-75.16,-8.72,-0.12,-12.53,0,0,0,46280,851.49,23.59,-0.2,0,0,0,0,-52,-0.43,-6.6,BEACON,"{""record_number"": 1591, ""operation_mode"": 0, ""state"": 0, ""battery_voltage"": 0, ""wifi_rssi"": -52, ""acc_data"": {""ax"": -0.9, ""ay"": -0.3, ""az"": 0.08, ""pitch"": -65.22, ""roll"": -75.16}, ""gyro_data"": {""gx"": -8.72, ""gy"": -0.12, ""gz"": -12.53}, ""gps_data"": {""latitude"": 0, ""longitude"": 0, ""gps_altitude"": 0, ""time"": 46280}, ""alt_data"": {""pressure"": 851.49, ""temperature"": 23.59, ""AGL"": -0.2, ""velocity"": 0, ""kalman_altitude"": -0.43, ""kalman_vertical_velocity"": -6.6}, ""chute_state"": {""pyro1_state"": 0, ""pyro2_state"": 0}, ""connection_status"": {""connected"": true, ""has_ever_connected"": true, ""packet_age_ms"": 0, ""timeout_exceeded"": false, ""rssi"": -52}, ""communication_mode"": ""BEACON"", ""timestamp"": 155874, ""packets_received"": 345, ""kalman_data"": {""altitude"": -0.43, ""vertical_velocity"": -6.6}, ""kalman_altitude"": -0.43, ""kalman_vertical_velocity"": -6.6, ""pyroDrogue"": 0, ""pyroMain"": 0, ""pyro1_state"": 0, ""pyro2_state"": 0}"
1764741528.862495,2025-12-03T08:58:48.862495,1596,0,0,-0.91,-0.31,0.08,-64.43,-75.51,-6.77,4.54,-13.26,0,0,0,46480,851.51,23.59,-0.43,0,0,0,0,-52,-0.46,-6.64,BEACON,"{""record_number"": 1596, ""operation_mode"": 0, ""state"": 0, ""battery_voltage"": 0, ""wifi_rssi"": -52, ""acc_data"": {""ax"": -0.91, ""ay"": -0.31, ""az"": 0.08, ""pitch"": -64.43, ""roll"": -75.51}, ""gyro_data"": {""gx"": -6.77, ""gy"": 4.54, ""gz"": -13.26}, ""gps_data"": {""latitude"": 0, ""longitude"": 0, ""gps_altitude"": 0, ""time"": 46480}, ""alt_data"": {""pressure"": 851.51, ""temperature"": 23.59, ""AGL"": -0.43, ""velocity"": 0, ""kalman_altitude"": -0.46, ""kalman_vertical_velocity"": -6.64}, ""chute_state"": {""pyro1_state"": 0, ""pyro2_state"": 0}, ""connection_status"": {""connected"": true, ""has_ever_connected"": true, ""packet_age_ms"": 0, ""timeout_exceeded"": false, ""rssi"": -52}, ""communication_mode"": ""BEACON"", ""timestamp"": 155987, ""packets_received"": 346, ""kalman_data"": {""altitude"": -0.46, ""vertical_velocity"": -6.64}, ""kalman_altitude"": -0.46, ""kalman_vertical_velocity"": -6.64, ""pyroDrogue"": 0, ""pyroMain"": 0, ""pyro1_state"": 0, ""pyro2_state"": 0}"
1764741529.037828,2025-12-03T08:58:49.037828,1600,0,0,-0.9,-0.31,0.07,-63.54,-78.4,1.13,-9.94,0.06,0,0,0,46480,851.51,23.59,-0.45,0,0,0,0,-52,-0.47,-6.65,BEACON,"{""record_number"": 1600, ""operation_mode"": 0, ""state"": 0, ""battery_voltage"": 0, ""wifi_rssi"": -52, ""acc_data"": {""ax"": -0.9, ""ay"": -0.31, ""az"": 0.07, ""pitch"": -63.54, ""roll"": -78.4}, ""gyro_data"": {""gx"": 1.13, ""gy"": -9.94, ""gz"": 0.06}, ""gps_data"": {""latitude"": 0, ""longitude"": 0, ""gps_altitude"": 0, ""time"": 46480}, ""alt_data"": {""pressure"": 851.51, ""temperature"": 23.59, ""AGL"": -0.45, ""velocity"": 0, ""kalman_altitude"": -0.47, ""kalman_vertical_velocity"": -6.65}, ""chute_state"": {""pyro1_state"": 0, ""pyro2_state"": 0}, ""connection_status"": {""connected"": true, ""has_ever_connected"": true, ""packet_age_ms"": 1, ""timeout_exceeded"": false, ""rssi"": -52}, ""communication_mode"": ""BEACON"", ""timestamp"": 156099, ""packets_received"": 347, ""kalman_data"": {""altitude"": -0.47, ""vertical_velocity"": -6.65}, ""kalman_altitude"": -0.47, ""kalman_vertical_velocity"": -6.65, ""pyroDrogue"": 0, ""pyroMain"": 0, ""pyro1_state"": 0, ""pyro2_state"": 0}"
1764741529.096217,2025-12-03T08:58:49.096217,1604,0,0,-0.91,-0.34,0.06,-65.29,-77.98,18.78,-6.22,5.46,0,0,0,46683,851.47,23.58,0.02,0,0,0,0,-52,-0.26,-6.48,BEACON,"{""record_number"": 1604, ""operation_mode"": 0, ""state"": 0, ""battery_voltage"": 0, ""wifi_rssi"": -52, ""acc_data"": {""ax"": -0.91, ""ay"": -0.34, ""az"": 0.06, ""pitch"": -65.29, ""roll"": -77.98}, ""gyro_data"": {""gx"": 18.78, ""gy"": -6.22, ""gz"": 5.46}, ""gps_data"": {""latitude"": 0, ""longitude"": 0, ""gps_altitude"": 0, ""time"": 46683}, ""alt_data"": {""pressure"": 851.47, ""temperature"": 23.58, ""AGL"": 0.02, ""velocity"": 0, ""kalman_altitude"": -0.26, ""kalman_vertical_velocity"": -6.48}, ""chute_state"": {""pyro1_state"": 0, ""pyro2_state"": 0}, ""connection_status"": {""connected"": true, ""has_ever_connected"": true, ""packet_age_ms"": 0, ""timeout_exceeded"": false, ""rssi"": -52}, ""communication_mode"": ""BEACON"", ""timestamp"": 156211, ""packets_received"": 348, ""kalman_data"": {""altitude"": -0.26, ""vertical_velocity"": -6.48}, ""kalman_altitude"": -0.26, ""kalman_vertical_velocity"": -6.48, ""pyroDrogue"": 0, ""pyroMain"": 0, ""pyro1_state"": 0, ""pyro2_state"": 0}"
1764741529.213079,2025-12-03T08:58:49.213079,1608,0,0,-0.92,-0.29,0.04,-65.15,-77.44,1.4,13.17,38.9,0,0,0,46683,851.48,23.59,-0.13,0,0,0,0,-53,-0.24,-6.48,BEACON,"{""record_number"": 1608, ""operation_mode"": 0, ""state"": 0, ""battery_voltage"": 0, ""wifi_rssi"": -53, ""acc_data"": {""ax"": -0.92, ""ay"": -0.29, ""az"": 0.04, ""pitch"": -65.15, ""roll"": -77.44}, ""gyro_data"": {""gx"": 1.4, ""gy"": 13.17, ""gz"": 38.9}, ""gps_data"": {""latitude"": 0, ""longitude"": 0, ""gps_altitude"": 0, ""time"": 46683}, ""alt_data"": {""pressure"": 851.48, ""temperature"": 23.59, ""AGL"": -0.13, ""velocity"": 0, ""kalman_altitude"": -0.24, ""kalman_vertical_velocity"": -6.48}, ""chute_state"": {""pyro1_state"": 0, ""pyro2_state"": 0}, ""connection_status"": {""connected"": true, ""has_ever_connected"": true, ""packet_age_ms"": 0, ""timeout_exceeded"": false, ""rssi"": -53}, ""communication_mode"": ""BEACON"", ""timestamp"": 156324, ""packets_received"": 349, ""kalman_data"": {""altitude"": -0.24, ""vertical_velocity"": -6.48}, ""kalman_altitude"": -0.24, ""kalman_vertical_velocity"": -6.48, ""pyroDrogue"": 0, ""pyroMain"": 0, ""pyro1_state"": 0, ""pyro2_state"": 0}"
1764741529.302544,2025-12-03T08:58:49.302544,1613,0,0,-0.86,-0.33,0.11,-59,-73.19,-2.56,38.45,-5.3,0,0,0,46885,851.48,23.58,-0.16,0,0,0,0,-52,-0.21,-6.46,BEACON,"{""record_number"": 1613, ""operation_mode"": 0, ""state"": 0, ""battery_voltage"": 0, ""wifi_rssi"": -52, ""acc_data"": {""ax"": -0.86, ""ay"": -0.33, ""az"": 0.11, ""pitch"": -59, ""roll"": -73.19}, ""gyro_data"": {""gx"": -2.56, ""gy"": 38.45, ""gz"": -5.3}, ""gps_data"": {""latitude"": 0, ""longitude"": 0, ""gps_altitude"": 0, ""time"": 46885}, ""alt_data"": {""pressure"": 851.48, ""temperature"": 23.58, ""AGL"": -0.16, ""velocity"": 0, ""kalman_altitude"": -0.21, ""kalman_vertical_velocity"": -6.46}, ""chute_state"": {""pyro1_state"": 0, ""pyro2_state"": 0}, ""connection_status"": {""connected"": true, ""has_ever_connected"": true, ""packet_age_ms"": 1, ""timeout_exceeded"": false, ""rssi"": -52}, ""communication_mode"": ""BEACON"", ""timestamp"": 156438, ""packets_received"": 350, ""kalman_data"": {""altitude"": -0.21, ""vertical_velocity"": -6.46}, ""kalman_altitude"": -0.21, ""kalman_vertical_velocity"": -6.46, ""pyroDrogue"": 0, ""pyroMain"": 0, ""pyro1_state"": 0, ""pyro2_state"": 0}"
1764741529.341916,2025-12-03T08:58:49.341916,1617,0,0,-0.92,-0.27,0.04,-65.89,-83.85,13.75,21.95,-18.84,0,0,0,47085,851.5,23.59,-0.31,0,0,0,0,-51,-0.27,-6.52,BEACON,"{""record_number"": 1617, ""operation_mode"": 0, ""state"": 0, ""battery_voltage"": 0, ""wifi_rssi"": -51, ""acc_data"": {""ax"": -0.92, ""ay"": -0.27, ""az"": 0.04, ""pitch"": -65.89, ""roll"": -83.85}, ""gyro_data"": {""gx"": 13.75, ""gy"": 21.95, ""gz"": -18.84}, ""gps_data"": {""latitude"": 0, ""longitude"": 0, ""gps_altitude"": 0, ""time"": 47085}, ""alt_data"": {""pressure"": 851.5, ""temperature"": 23.59, ""AGL"": -0.31, ""velocity"": 0, ""kalman_altitude"": -0.27, ""kalman_vertical_velocity"": -6.52}, ""chute_state"": {""pyro1_state"": 0, ""pyro2_state"": 0}, ""connection_status"": {""connected"": true, ""has_ever_connected"": true, ""packet_age_ms"": 0, ""timeout_exceeded"": false, ""rssi"": -51}, ""communication_mode"": ""BEACON"", ""timestamp"": 156551, ""packets_received"": 351, ""kalman_data"": {""altitude"": -0.27, ""vertical_velocity"": -6.52}, ""kalman_altitude"": -0.27, ""kalman_vertical_velocity"": -6.52, ""pyroDrogue"": 0, ""pyroMain"": 0, ""pyro1_state"": 0, ""pyro2_state"": 0}"
1764741529.426482,2025-12-03T08:58:49.426482,1621,0,0,-0.91,-0.29,-0.06,-65.42,-101.28,15.64,-54.36,6.49,0,0,0,47085,851.51,23.57,-0.36,0,0,0,0,-51,-0.33,-6.59,BEACON,"{""record_number"": 1621, ""operation_mode"": 0, ""state"": 0, ""battery_voltage"": 0, ""wifi_rssi"": -51, ""acc_data"": {""ax"": -0.91, ""ay"": -0.29, ""az"": -0.06, ""pitch"": -65.42, ""roll"": -101.28}, ""gyro_data"": {""gx"": 15.64, ""gy"": -54.36, ""gz"": 6.49}, ""gps_data"": {""latitude"": 0, ""longitude"": 0, ""gps_altitude"": 0, ""time"": 47085}, ""alt_data"": {""pressure"": 851.51, ""temperature"": 23.57, ""AGL"": -0.36, ""velocity"": 0, ""kalman_altitude"": -0.33, ""kalman_vertical_velocity"": -6.59}, ""chute_state"": {""pyro1_state"": 0, ""pyro2_state"": 0}, ""connection_status"": {""connected"": true, ""has_ever_connected"": true, ""packet_age_ms"": 0, ""timeout_exceeded"": false, ""rssi"": -51}, ""communication_mode"": ""BEACON"", ""timestamp"": 156663, ""packets_received"": 352, ""kalman_data"": {""altitude"": -0.33, ""vertical_velocity"": -6.59}, ""kalman_altitude"": -0.33, ""kalman_vertical_velocity"": -6.59, ""pyroDrogue"": 0, ""pyroMain"": 0, ""pyro1_state"": 0, ""pyro2_state"": 0}"
1764741529.482522,2025-12-03T08:58:49.482522,1626,0,0,-0.91,-0.28,0.06,-63.35,-78.44,-60.3,-26.19,3.63,0,0,0,47284,851.51,23.59,-0.45,0,0,0,0,-51,-0.4,-6.66,BEACON,"{""record_number"": 1626, ""operation_mode"": 0, ""state"": 0, ""battery_voltage"": 0, ""wifi_rssi"": -51, ""acc_data"": {""ax"": -0.91, ""ay"": -0.28, ""az"": 0.06, ""pitch"": -63.35, ""roll"": -78.44}, ""gyro_data"": {""gx"": -60.3, ""gy"": -26.19, ""gz"": 3.63}, ""gps_data"": {""latitude"": 0, ""longitude"": 0, ""gps_altitude"": 0, ""time"": 47284}, ""alt_data"": {""pressure"": 851.51, ""temperature"": 23.59, ""AGL"": -0.45, ""velocity"": 0, ""kalman_altitude"": -0.4, ""kalman_vertical_velocity"": -6.66}, ""chute_state"": {""pyro1_state"": 0, ""pyro2_state"": 0}, ""connection_status"": {""connected"": true, ""has_ever_connected"": true, ""packet_age_ms"": 0, ""timeout_exceeded"": false, ""rssi"": -51}, ""communication_mode"": ""BEACON"", ""timestamp"": 156775, ""packets_received"": 353, ""kalman_data"": {""altitude"": -0.4, ""vertical_velocity"": -6.66}, ""kalman_altitude"": -0.4, ""kalman_vertical_velocity"": -6.66, ""pyroDrogue"": 0, ""pyroMain"": 0, ""pyro1_state"": 0, ""pyro2_state"": 0}"
1764741529.587396,2025-12-03T08:58:49.587396,1630,0,0,-0.88,-0.31,0.09,-61.95,-74.2,-44.82,-22.29,-4.57,0,0,0,47284,851.49,23.59,-0.2,0,0,0,0,-51,-0.32,-6.6,BEACON,"{""record_number"": 1630, ""operation_mode"": 0, ""state"": 0, ""battery_voltage"": 0, ""wifi_rssi"": -51, ""acc_data"": {""ax"": -0.88, ""ay"": -0.31, ""az"": 0.09, ""pitch"": -61.95, ""roll"": -74.2}, ""gyro_data"": {""gx"": -44.82, ""gy"": -22.29, ""gz"": -4.57}, ""gps_data"": {""latitude"": 0, ""longitude"": 0, ""gps_altitude"": 0, ""time"": 47284}, ""alt_data"": {""pressure"": 851.49, ""temperature"": 23.59, ""AGL"": -0.2, ""velocity"": 0, ""kalman_altitude"": -0.32, ""kalman_vertical_velocity"": -6.6}, ""chute_state"": {""pyro1_state"": 0, ""pyro2_state"": 0}, ""connection_status"": {""connected"": true, ""has_ever_connected"": true, ""packet_age_ms"": 0, ""timeout_exceeded"": false, ""rssi"": -51}, ""communication_mode"": ""BEACON"", ""timestamp"": 156890, ""packets_received"": 354, ""kalman_data"": {""altitude"": -0.32, ""vertical_velocity"": -6.6}, ""kalman_altitude"": -0.32, ""kalman_vertical_velocity"": -6.6, ""pyroDrogue"": 0, ""pyroMain"": 0, ""pyro1_state"": 0, ""pyro2_state"": 0}"
1764741529.683987,2025-12-03T08:58:49.683987,1634,0,0,-0.9,-0.29,0.07,-63.66,-76.64,-21.49,-19.02,-4.91,0,0,0,47485,851.5,23.57,-0.29,0,0,0,0,-51,-0.34,-6.62,BEACON,"{""record_number"": 1634, ""operation_mode"": 0, ""state"": 0, ""battery_voltage"": 0, ""wifi_rssi"": -51, ""acc_data"": {""ax"": -0.9, ""ay"": -0.29, ""az"": 0.07, ""pitch"": -63.66, ""roll"": -76.64}, ""gyro_data"": {""gx"": -21.49, ""gy"": -19.02, ""gz"": -4.91}, ""gps_data"": {""latitude"": 0, ""longitude"": 0, ""gps_altitude"": 0, ""time"": 47485}, ""alt_data"": {""pressure"": 851.5, ""temperature"": 23.57, ""AGL"": -0.29, ""velocity"": 0, ""kalman_altitude"": -0.34, ""kalman_vertical_velocity"": -6.62}, ""chute_state"": {""pyro1_state"": 0, ""pyro2_state"": 0}, ""connection_status"": {""connected"": true, ""has_ever_connected"": true, ""packet_age_ms"": 1, ""timeout_exceeded"": false, ""rssi"": -51}, ""communication_mode"": ""BEACON"", ""timestamp"": 157002, ""packets_received"": 355, ""kalman_data"": {""altitude"": -0.34, ""vertical_velocity"": -6.62}, ""kalman_altitude"": -0.34, ""kalman_vertical_velocity"": -6.62, ""pyroDrogue"": 0, ""pyroMain"": 0, ""pyro1_state"": 0, ""pyro2_state"": 0}"
1764741529.749201,2025-12-03T08:58:49.749201,1638,0,0,-0.88,-0.33,0.09,-62.31,-76.75,-9.63,-5.3,-17.9,0,0,0,47485,851.5,23.58,-0.3,0,0,0,0,-50,-0.33,-6.62,BEACON,"{""record_number"": 1638, ""operation_mode"": 0, ""state"": 0, ""battery_voltage"": 0, ""wifi_rssi"": -50, ""acc_data"": {""ax"": -0.88, ""ay"": -0.33, ""az"": 0.09, ""pitch"": -62.31, ""roll"": -76.75}, ""gyro_data"": {""gx"": -9.63, ""gy"": -5.3, ""gz"": -17.9}, ""gps_data"": {""latitude"": 0, ""longitude"": 0, ""gps_altitude"": 0, ""time"": 47485}, ""alt_data"": {""pressure"": 851.5, ""temperature"": 23.58, ""AGL"": -0.3, ""velocity"": 0, ""kalman_altitude"": -0.33, ""kalman_vertical_velocity"": -6.62}, ""chute_state"": {""pyro1_state"": 0, ""pyro2_state"": 0}, ""connection_status"": {""connected"": true, ""has_ever_connected"": true, ""packet_age_ms"": 0, ""timeout_exceeded"": false, ""rssi"": -50}, ""communication_mode"": ""BEACON"", ""timestamp"": 157114, ""packets_received"": 356, ""kalman_data"": {""altitude"": -0.33, ""vertical_velocity"": -6.62}, ""kalman_altitude"": -0.33, ""kalman_vertical_velocity"": -6.62, ""pyroDrogue"": 0, ""pyroMain"": 0, ""pyro1_state"": 0, ""pyro2_state"": 0}"
1764741529.801385,2025-12-03T08:58:49.801385,1643,0,0,-0.91,-0.29,0.06,-65.89,-77.28,-1.37,22.71,-13.54,0,0,0,47689,851.53,23.6,-0.58,0,0,0,0,-50,-0.46,-6.74,BEACON,"{""record_number"": 1643, ""operation_mode"": 0, ""state"": 0, ""battery_voltage"": 0, ""wifi_rssi"": -50, ""acc_data"": {""ax"": -0.91, ""ay"": -0.29, ""az"": 0.06, ""pitch"": -65.89, ""roll"": -77.28}, ""gyro_data"": {""gx"": -1.37, ""gy"": 22.71, ""gz"": -13.54}, ""gps_data"": {""latitude"": 0, ""longitude"": 0, ""gps_altitude"": 0, ""time"": 47689}, ""alt_data"": {""pressure"": 851.53, ""temperature"": 23.6, ""AGL"": -0.58, ""velocity"": 0, ""kalman_altitude"": -0.46, ""kalman_vertical_velocity"": -6.74}, ""chute_state"": {""pyro1_state"": 0, ""pyro2_state"": 0}, ""connection_status"": {""connected"": true, ""has_ever_connected"": true, ""packet_age_ms"": 0, ""timeout_exceeded"": false, ""rssi"": -50}, ""communication_mode"": ""BEACON"", ""timestamp"": 157227, ""packets_received"": 357, ""kalman_data"": {""altitude"": -0.46, ""vertical_velocity"": -6.74}, ""kalman_altitude"": -0.46, ""kalman_vertical_velocity"": -6.74, ""pyroDrogue"": 0, ""pyroMain"": 0, ""pyro1_state"": 0, ""pyro2_state"": 0}"
1764741529.859066,2025-12-03T08:58:49.859066,1647,0,0,-0.88,-0.3,0.06,-61.24,-81.2,7.16,9.42,-6.43,0,0,0,47689,851.5,23.59,-0.28,0,0,0,0,-51,-0.42,-6.73,BEACON,"{""record_number"": 1647, ""operation_mode"": 0, ""state"": 0, ""battery_voltage"": 0, ""wifi_rssi"": -51, ""acc_data"": {""ax"": -0.88, ""ay"": -0.3, ""az"": 0.06, ""pitch"": -61.24, ""roll"": -81.2}, ""gyro_data"": {""gx"": 7.16, ""gy"": 9.42, ""gz"": -6.43}, ""gps_data"": {""latitude"": 0, ""longitude"": 0, ""gps_altitude"": 0, ""time"": 47689}, ""alt_data"": {""pressure"": 851.5, ""temperature"": 23.59, ""AGL"": -0.28, ""velocity"": 0, ""kalman_altitude"": -0.42, ""kalman_vertical_velocity"": -6.73}, ""chute_state"": {""pyro1_state"": 0, ""pyro2_state"": 0}, ""connection_status"": {""connected"": true, ""has_ever_connected"": true, ""packet_age_ms"": 0, ""timeout_exceeded"": false, ""rssi"": -51}, ""communication_mode"": ""BEACON"", ""timestamp"": 157340, ""packets_received"": 358, ""kalman_data"": {""altitude"": -0.42, ""vertical_velocity"": -6.73}, ""kalman_altitude"": -0.42, ""kalman_vertical_velocity"": -6.73, ""pyroDrogue"": 0, ""pyroMain"": 0, ""pyro1_state"": 0, ""pyro2_state"": 0}"
1764741529.933531,2025-12-03T08:58:49.933531,1651,0,0,-0.91,-0.3,0.05,-64.69,-84.41,5.24,6.83,-9.21,0,0,0,47892,851.53,23.59,-0.64,0,0,0,0,-51,-0.54,-6.83,BEACON,"{""record_number"": 1651, ""operation_mode"": 0, ""state"": 0, ""battery_voltage"": 0, ""wifi_rssi"": -51, ""acc_data"": {""ax"": -0.91, ""ay"": -0.3, ""az"": 0.05, ""pitch"": -64.69, ""roll"": -84.41}, ""gyro_data"": {""gx"": 5.24, ""gy"": 6.83, ""gz"": -9.21}, ""gps_data"": {""latitude"": 0, ""longitude"": 0, ""gps_altitude"": 0, ""time"": 47892}, ""alt_data"": {""pressure"": 851.53, ""temperature"": 23.59, ""AGL"": -0.64, ""velocity"": 0, ""kalman_altitude"": -0.54, ""kalman_vertical_velocity"": -6.83}, ""chute_state"": {""pyro1_state"": 0, ""pyro2_state"": 0}, ""connection_status"": {""connected"": true, ""has_ever_connected"": true, ""packet_age_ms"": 0, ""timeout_exceeded"": false, ""rssi"": -51}, ""communication_mode"": ""BEACON"", ""timestamp"": 157453, ""packets_received"": 359, ""kalman_data"": {""altitude"": -0.54, ""vertical_velocity"": -6.83}, ""kalman_altitude"": -0.54, ""kalman_vertical_velocity"": -6.83, ""pyroDrogue"": 0, ""pyroMain"": 0, ""pyro1_state"": 0, ""pyro2_state"": 0}"
1764741530.029236,2025-12-03T08:58:50.029236,1656,0,0,-0.92,-0.31,0.03,-67.01,-83.42,3.96,2.5,0.85,0,0,0,48092,851.53,23.58,-0.58,0,0,0,0,-51,-0.57,-6.87,BEACON,"{""record_number"": 1656, ""operation_mode"": 0, ""state"": 0, ""battery_voltage"": 0, ""wifi_rssi"": -51, ""acc_data"": {""ax"": -0.92, ""ay"": -0.31, ""az"": 0.03, ""pitch"": -67.01, ""roll"": -83.42}, ""gyro_data"": {""gx"": 3.96, ""gy"": 2.5, ""gz"": 0.85}, ""gps_data"": {""latitude"": 0, ""longitude"": 0, ""gps_altitude"": 0, ""time"": 48092}, ""alt_data"": {""pressure"": 851.53, ""temperature"": 23.58, ""AGL"": -0.58, ""velocity"": 0, ""kalman_altitude"": -0.57, ""kalman_vertical_velocity"": -6.87}, ""chute_state"": {""pyro1_state"": 0, ""pyro2_state"": 0}, ""connection_status"": {""connected"": true, ""has_ever_connected"": true, ""packet_age_ms"": 0, ""timeout_exceeded"": false, ""rssi"": -51}, ""communication_mode"": ""BEACON"", ""timestamp"": 157566, ""packets_received"": 360, ""kalman_data"": {""altitude"": -0.57, ""vertical_velocity"": -6.87}, ""kalman_altitude"": -0.57, ""kalman_vertical_velocity"": -6.87, ""pyroDrogue"": 0, ""pyroMain"": 0, ""pyro1_state"": 0, ""pyro2_state"": 0}"
1764741530.277968,2025-12-03T08:58:50.277968,1660,0,0,-0.89,-0.33,0.03,-62.67,-83.81,2.32,-6.37,17.9,0,0,0,48092,851.55,23.6,-0.8,0,0,0,0,-51,-0.64,-6.94,BEACON,"{""record_number"": 1660, ""operation_mode"": 0, ""state"": 0, ""battery_voltage"": 0, ""wifi_rssi"": -51, ""acc_data"": {""ax"": -0.89, ""ay"": -0.33, ""az"": 0.03, ""pitch"": -62.67, ""roll"": -83.81}, ""gyro_data"": {""gx"": 2.32, ""gy"": -6.37, ""gz"": 17.9}, ""gps_data"": {""latitude"": 0, ""longitude"": 0, ""gps_altitude"": 0, ""time"": 48092}, ""alt_data"": {""pressure"": 851.55, ""temperature"": 23.6, ""AGL"": -0.8, ""velocity"": 0, ""kalman_altitude"": -0.64, ""kalman_vertical_velocity"": -6.94}, ""chute_state"": {""pyro1_state"": 0, ""pyro2_state"": 0}, ""connection_status"": {""connected"": true, ""has_ever_connected"": true, ""packet_age_ms"": 0, ""timeout_exceeded"": false, ""rssi"": -51}, ""communication_mode"": ""BEACON"", ""timestamp"": 157679, ""packets_received"": 361, ""kalman_data"": {""altitude"": -0.64, ""vertical_velocity"": -6.94}, ""kalman_altitude"": -0.64, ""kalman_vertical_velocity"": -6.94, ""pyroDrogue"": 0, ""pyroMain"": 0, ""pyro1_state"": 0, ""pyro2_state"": 0}"
1764741530.396075,2025-12-03T08:58:50.396075,1664,0,0,-0.88,-0.28,0.04,-61.83,-83.86,-8.72,-13.35,3.9,0,0,0,48292,851.54,23.59,-0.74,0,0,0,0,-52,-0.7,-6.99,BEACON,"{""record_number"": 1664, ""operation_mode"": 0, ""state"": 0, ""battery_voltage"": 0, ""wifi_rssi"": -52, ""acc_data"": {""ax"": -0.88, ""ay"": -0.28, ""az"": 0.04, ""pitch"": -61.83, ""roll"": -83.86}, ""gyro_data"": {""gx"": -8.72, ""gy"": -13.35, ""gz"": 3.9}, ""gps_data"": {""latitude"": 0, ""longitude"": 0, ""gps_altitude"": 0, ""time"": 48292}, ""alt_data"": {""pressure"": 851.54, ""temperature"": 23.59, ""AGL"": -0.74, ""velocity"": 0, ""kalman_altitude"": -0.7, ""kalman_vertical_velocity"": -6.99}, ""chute_state"": {""pyro1_state"": 0, ""pyro2_state"": 0}, ""connection_status"": {""connected"": true, ""has_ever_connected"": true, ""packet_age_ms"": 0, ""timeout_exceeded"": false, ""rssi"": -52}, ""communication_mode"": ""BEACON"", ""timestamp"": 157792, ""packets_received"": 362, ""kalman_data"": {""altitude"": -0.7, ""vertical_velocity"": -6.99}, ""kalman_altitude"": -0.7, ""kalman_vertical_velocity"": -6.99, ""pyroDrogue"": 0, ""pyroMain"": 0, ""pyro1_state"": 0, ""pyro2_state"": 0}"
1764741530.578113,2025-12-03T08:58:50.578113,1669,0,0,-0.9,-0.29,0.06,-62.13,-79.23,-15.88,-23.48,-4.39,0,0,0,48292,851.51,23.58,-0.4,0,0,0,0,-52,-0.57,-6.9,BEACON,"{""record_number"": 1669, ""operation_mode"": 0, ""state"": 0, ""battery_voltage"": 0, ""wifi_rssi"": -52, ""acc_data"": {""ax"": -0.9, ""ay"": -0.29, ""az"": 0.06, ""pitch"": -62.13, ""roll"": -79.23}, ""gyro_data"": {""gx"": -15.88, ""gy"": -23.48, ""gz"": -4.39}, ""gps_data"": {""latitude"": 0, ""longitude"": 0, ""gps_altitude"": 0, ""time"": 48292}, ""alt_data"": {""pressure"": 851.51, ""temperature"": 23.58, ""AGL"": -0.4, ""velocity"": 0, ""kalman_altitude"": -0.57, ""kalman_vertical_velocity"": -6.9}, ""chute_state"": {""pyro1_state"": 0, ""pyro2_state"": 0}, ""connection_status"": {""connected"": true, ""has_ever_connected"": true, ""packet_age_ms"": 1, ""timeout_exceeded"": false, ""rssi"": -52}, ""communication_mode"": ""BEACON"", ""timestamp"": 157906, ""packets_received"": 363, ""kalman_data"": {""altitude"": -0.57, ""vertical_velocity"": -6.9}, ""kalman_altitude"": -0.57, ""kalman_vertical_velocity"": -6.9, ""pyroDrogue"": 0, ""pyroMain"": 0, ""pyro1_state"": 0, ""pyro2_state"": 0}"
1764741530.800707,2025-12-03T08:58:50.800707,1673,0,0,-0.92,-0.29,0.07,-68.42,-78.95,-8.51,-7.07,-2.8,0,0,0,48492,851.54,23.59,-0.71,0,0,0,0,-52,-0.73,-7.04,BEACON,"{""record_number"": 1673, ""operation_mode"": 0, ""state"": 0, ""battery_voltage"": 0, ""wifi_rssi"": -52, ""acc_data"": {""ax"": -0.92, ""ay"": -0.29, ""az"": 0.07, ""pitch"": -68.42, ""roll"": -78.95}, ""gyro_data"": {""gx"": -8.51, ""gy"": -7.07, ""gz"": -2.8}, ""gps_data"": {""latitude"": 0, ""longitude"": 0, ""gps_altitude"": 0, ""time"": 48492}, ""alt_data"": {""pressure"": 851.54, ""temperature"": 23.59, ""AGL"": -0.71, ""velocity"": 0, ""kalman_altitude"": -0.73, ""kalman_vertical_velocity"": -7.04}, ""chute_state"": {""pyro1_state"": 0, ""pyro2_state"": 0}, ""connection_status"": {""connected"": true, ""has_ever_connected"": true, ""packet_age_ms"": 0, ""timeout_exceeded"": false, ""rssi"": -52}, ""communication_mode"": ""BEACON"", ""timestamp"": 158018, ""packets_received"": 364, ""kalman_data"": {""altitude"": -0.73, ""vertical_velocity"": -7.04}, ""kalman_altitude"": -0.73, ""kalman_vertical_velocity"": -7.04, ""pyroDrogue"": 0, ""pyroMain"": 0, ""pyro1_state"": 0, ""pyro2_state"": 0}"
1764741530.916521,2025-12-03T08:58:50.916521,1677,0,0,-0.91,-0.29,0.05,-64.95,-78.13,-15.79,-13.57,18.6,0,0,0,48492,851.5,23.59,-0.29,0,0,0,0,-52,-0.53,-6.88,BEACON,"{""record_number"": 1677, ""operation_mode"": 0, ""state"": 0, ""battery_voltage"": 0, ""wifi_rssi"": -52, ""acc_data"": {""ax"": -0.91, ""ay"": -0.29, ""az"": 0.05, ""pitch"": -64.95, ""roll"": -78.13}, ""gyro_data"": {""gx"": -15.79, ""gy"": -13.57, ""gz"": 18.6}, ""gps_data"": {""latitude"": 0, ""longitude"": 0, ""gps_altitude"": 0, ""time"": 48492}, ""alt_data"": {""pressure"": 851.5, ""temperature"": 23.59, ""AGL"": -0.29, ""velocity"": 0, ""kalman_altitude"": -0.53, ""kalman_vertical_velocity"": -6.88}, ""chute_state"": {""pyro1_state"": 0, ""pyro2_state"": 0}, ""connection_status"": {""connected"": true, ""has_ever_connected"": true, ""packet_age_ms"": 0, ""timeout_exceeded"": false, ""rssi"": -52}, ""communication_mode"": ""BEACON"", ""timestamp"": 158131, ""packets_received"": 365, ""kalman_data"": {""altitude"": -0.53, ""vertical_velocity"": -6.88}, ""kalman_altitude"": -0.53, ""kalman_vertical_velocity"": -6.88, ""pyroDrogue"": 0, ""pyroMain"": 0, ""pyro1_state"": 0, ""pyro2_state"": 0}"
1764741530.985462,2025-12-03T08:58:50.985462,1681,0,0,-0.86,-0.3,0.07,-59.82,-77.7,-6.1,-18.08,22.23,0,0,0,48695,851.53,23.59,-0.61,0,0,0,0,-52,-0.58,-6.93,BEACON,"{""record_number"": 1681, ""operation_mode"": 0, ""state"": 0, ""battery_voltage"": 0, ""wifi_rssi"": -52, ""acc_data"": {""ax"": -0.86, ""ay"": -0.3, ""az"": 0.07, ""pitch"": -59.82, ""roll"": -77.7}, ""gyro_data"": {""gx"": -6.1, ""gy"": -18.08, ""gz"": 22.23}, ""gps_data"": {""latitude"": 0, ""longitude"": 0, ""gps_altitude"": 0, ""time"": 48695}, ""alt_data"": {""pressure"": 851.53, ""temperature"": 23.59, ""AGL"": -0.61, ""velocity"": 0, ""kalman_altitude"": -0.58, ""kalman_vertical_velocity"": -6.93}, ""chute_state"": {""pyro1_state"": 0, ""pyro2_state"": 0}, ""connection_status"": {""connected"": true, ""has_ever_connected"": true, ""packet_age_ms"": 0, ""timeout_exceeded"": false, ""rssi"": -52}, ""communication_mode"": ""BEACON"", ""timestamp"": 158244, ""packets_received"": 366, ""kalman_data"": {""altitude"": -0.58, ""vertical_velocity"": -6.93}, ""kalman_altitude"": -0.58, ""kalman_vertical_velocity"": -6.93, ""pyroDrogue"": 0, ""pyroMain"": 0, ""pyro1_state"": 0, ""pyro2_state"": 0}"
1764741531.034099,2025-12-03T08:58:51.034099,1686,0,0,-0.88,-0.27,0.04,-61.19,-80.25,-16.55,-13.17,-8.41,0,0,0,48695,851.54,23.59,-0.75,0,0,0,0,-53,-0.61,-6.97,BEACON,"{""record_number"": 1686, ""operation_mode"": 0, ""state"": 0, ""battery_voltage"": 0, ""wifi_rssi"": -53, ""acc_data"": {""ax"": -0.88, ""ay"": -0.27, ""az"": 0.04, ""pitch"": -61.19, ""roll"": -80.25}, ""gyro_data"": {""gx"": -16.55, ""gy"": -13.17, ""gz"": -8.41}, ""gps_data"": {""latitude"": 0, ""longitude"": 0, ""gps_altitude"": 0, ""time"": 48695}, ""alt_data"": {""pressure"": 851.54, ""temperature"": 23.59, ""AGL"": -0.75, ""velocity"": 0, ""kalman_altitude"": -0.61, ""kalman_vertical_velocity"": -6.97}, ""chute_state"": {""pyro1_state"": 0, ""pyro2_state"": 0}, ""connection_status"": {""connected"": true, ""has_ever_connected"": true, ""packet_age_ms"": 0, ""timeout_exceeded"": false, ""rssi"": -53}, ""communication_mode"": ""BEACON"", ""timestamp"": 158359, ""packets_received"": 367, ""kalman_data"": {""altitude"": -0.61, ""vertical_velocity"": -6.97}, ""kalman_altitude"": -0.61, ""kalman_vertical_velocity"": -6.97, ""pyroDrogue"": 0, ""pyroMain"": 0, ""pyro1_state"": 0, ""pyro2_state"": 0}"
1764741531.127381,2025-12-03T08:58:51.127381,1690,0,0,-0.88,-0.27,0.06,-62.01,-77.56,-29.54,1.31,-32.8,0,0,0,48899,851.55,23.6,-0.76,0,0,0,0,-55,-0.69,-7.05,BEACON,"{""record_number"": 1690, ""operation_mode"": 0, ""state"": 0, ""battery_voltage"": 0, ""wifi_rssi"": -55, ""acc_data"": {""ax"": -0.88, ""ay"": -0.27, ""az"": 0.06, ""pitch"": -62.01, ""roll"": -77.56}, ""gyro_data"": {""gx"": -29.54, ""gy"": 1.31, ""gz"": -32.8}, ""gps_data"": {""latitude"": 0, ""longitude"": 0, ""gps_altitude"": 0, ""time"": 48899}, ""alt_data"": {""pressure"": 851.55, ""temperature"": 23.6, ""AGL"": -0.76, ""velocity"": 0, ""kalman_altitude"": -0.69, ""kalman_vertical_velocity"": -7.05}, ""chute_state"": {""pyro1_state"": 0, ""pyro2_state"": 0}, ""connection_status"": {""connected"": true, ""has_ever_connected"": true, ""packet_age_ms"": 0, ""timeout_exceeded"": false, ""rssi"": -55}, ""communication_mode"": ""BEACON"", ""timestamp"": 158471, ""packets_received"": 368, ""kalman_data"": {""altitude"": -0.69, ""vertical_velocity"": -7.05}, ""kalman_altitude"": -0.69, ""kalman_vertical_velocity"": -7.05, ""pyroDrogue"": 0, ""pyroMain"": 0, ""pyro1_state"": 0, ""pyro2_state"": 0}"
1764741531.178907,2025-12-03T08:58:51.178907,1694,0,0,-0.88,-0.3,0.04,-60.96,-82.83,-52.9,-37.2,-40.52,0,0,0,49099,851.53,23.6,-0.58,0,0,0,0,-57,-0.65,-7.02,BEACON,"{""record_number"": 1694, ""operation_mode"": 0, ""state"": 0, ""battery_voltage"": 0, ""wifi_rssi"": -57, ""acc_data"": {""ax"": -0.88, ""ay"": -0.3, ""az"": 0.04, ""pitch"": -60.96, ""roll"": -82.83}, ""gyro_data"": {""gx"": -52.9, ""gy"": -37.2, ""gz"": -40.52}, ""gps_data"": {""latitude"": 0, ""longitude"": 0, ""gps_altitude"": 0, ""time"": 49099}, ""alt_data"": {""pressure"": 851.53, ""temperature"": 23.6, ""AGL"": -0.58, ""velocity"": 0, ""kalman_altitude"": -0.65, ""kalman_vertical_velocity"": -7.02}, ""chute_state"": {""pyro1_state"": 0, ""pyro2_state"": 0}, ""connection_status"": {""connected"": true, ""has_ever_connected"": true, ""packet_age_ms"": 0, ""timeout_exceeded"": false, ""rssi"": -57}, ""communication_mode"": ""BEACON"", ""timestamp"": 158583, ""packets_received"": 369, ""kalman_data"": {""altitude"": -0.65, ""vertical_velocity"": -7.02}, ""kalman_altitude"": -0.65, ""kalman_vertical_velocity"": -7.02, ""pyroDrogue"": 0, ""pyroMain"": 0, ""pyro1_state"": 0, ""pyro2_state"": 0}"
1764741531.21706,2025-12-03T08:58:51.217060,1699,0,0,-0.89,-0.34,0.11,-62.92,-70.91,-11.52,-59.7,-72.16,0,0,0,49099,851.56,23.61,-0.86,0,0,0,0,-56,-0.73,-7.09,BEACON,"{""record_number"": 1699, ""operation_mode"": 0, ""state"": 0, ""battery_voltage"": 0, ""wifi_rssi"": -56, ""acc_data"": {""ax"": -0.89, ""ay"": -0.34, ""az"": 0.11, ""pitch"": -62.92, ""roll"": -70.91}, ""gyro_data"": {""gx"": -11.52, ""gy"": -59.7, ""gz"": -72.16}, ""gps_data"": {""latitude"": 0, ""longitude"": 0, ""gps_altitude"": 0, ""time"": 49099}, ""alt_data"": {""pressure"": 851.56, ""temperature"": 23.61, ""AGL"": -0.86, ""velocity"": 0, ""kalman_altitude"": -0.73, ""kalman_vertical_velocity"": -7.09}, ""chute_state"": {""pyro1_state"": 0, ""pyro2_state"": 0}, ""connection_status"": {""connected"": true, ""has_ever_connected"": true, ""packet_age_ms"": 0, ""timeout_exceeded"": false, ""rssi"": -56}, ""communication_mode"": ""BEACON"", ""timestamp"": 158696, ""packets_received"": 370, ""kalman_data"": {""altitude"": -0.73, ""vertical_velocity"": -7.09}, ""kalman_altitude"": -0.73, ""kalman_vertical_velocity"": -7.09, ""pyroDrogue"": 0, ""pyroMain"": 0, ""pyro1_state"": 0, ""pyro2_state"": 0}"
1764741531.354193,2025-12-03T08:58:51.354193,1703,0,0,-0.96,-0.37,0.14,-76.13,-71.31,0.98,22.62,-53.05,0,0,0,49298,851.54,23.6,-0.66,0,0,0,0,-52,-0.71,-7.08,BEACON,"{""record_number"": 1703, ""operation_mode"": 0, ""state"": 0, ""battery_voltage"": 0, ""wifi_rssi"": -52, ""acc_data"": {""ax"": -0.96, ""ay"": -0.37, ""az"": 0.14, ""pitch"": -76.13, ""roll"": -71.31}, ""gyro_data"": {""gx"": 0.98, ""gy"": 22.62, ""gz"": -53.05}, ""gps_data"": {""latitude"": 0, ""longitude"": 0, ""gps_altitude"": 0, ""time"": 49298}, ""alt_data"": {""pressure"": 851.54, ""temperature"": 23.6, ""AGL"": -0.66, ""velocity"": 0, ""kalman_altitude"": -0.71, ""kalman_vertical_velocity"": -7.08}, ""chute_state"": {""pyro1_state"": 0, ""pyro2_state"": 0}, ""connection_status"": {""connected"": true, ""has_ever_connected"": true, ""packet_age_ms"": 0, ""timeout_exceeded"": false, ""rssi"": -52}, ""communication_mode"": ""BEACON"", ""timestamp"": 158810, ""packets_received"": 371, ""kalman_data"": {""altitude"": -0.71, ""vertical_velocity"": -7.08}, ""kalman_altitude"": -0.71, ""kalman_vertical_velocity"": -7.08, ""pyroDrogue"": 0, ""pyroMain"": 0, ""pyro1_state"": 0, ""pyro2_state"": 0}"
1764741531.493041,2025-12-03T08:58:51.493041,1707,0,0,-0.96,-0.36,0.07,-71.96,-77.29,32.87,-11.28,1.01,0,0,0,49298,851.53,23.59,-0.64,0,0,0,0,-51,-0.69,-7.07,BEACON,"{""record_number"": 1707, ""operation_mode"": 0, ""state"": 0, ""battery_voltage"": 0, ""wifi_rssi"": -51, ""acc_data"": {""ax"": -0.96, ""ay"": -0.36, ""az"": 0.07, ""pitch"": -71.96, ""roll"": -77.29}, ""gyro_data"": {""gx"": 32.87, ""gy"": -11.28, ""gz"": 1.01}, ""gps_data"": {""latitude"": 0, ""longitude"": 0, ""gps_altitude"": 0, ""time"": 49298}, ""alt_data"": {""pressure"": 851.53, ""temperature"": 23.59, ""AGL"": -0.64, ""velocity"": 0, ""kalman_altitude"": -0.69, ""kalman_vertical_velocity"": -7.07}, ""chute_state"": {""pyro1_state"": 0, ""pyro2_state"": 0}, ""connection_status"": {""connected"": true, ""has_ever_connected"": true, ""packet_age_ms"": 1, ""timeout_exceeded"": false, ""rssi"": -51}, ""communication_mode"": ""BEACON"", ""timestamp"": 158923, ""packets_received"": 372, ""kalman_data"": {""altitude"": -0.69, ""vertical_velocity"": -7.07}, ""kalman_altitude"": -0.69, ""kalman_vertical_velocity"": -7.07, ""pyroDrogue"": 0, ""pyroMain"": 0, ""pyro1_state"": 0, ""pyro2_state"": 0}"
1764741531.568612,2025-12-03T08:58:51.568612,1712,0,0,-0.81,-0.31,0.07,-54.36,-77.23,6.04,4.42,11.62,0,0,0,49499,851.51,23.6,-0.44,0,0,0,0,-51,-0.45,-6.89,BEACON,"{""record_number"": 1712, ""operation_mode"": 0, ""state"": 0, ""battery_voltage"": 0, ""wifi_rssi"": -51, ""acc_data"": {""ax"": -0.81, ""ay"": -0.31, ""az"": 0.07, ""pitch"": -54.36, ""roll"": -77.23}, ""gyro_data"": {""gx"": 6.04, ""gy"": 4.42, ""gz"": 11.62}, ""gps_data"": {""latitude"": 0, ""longitude"": 0, ""gps_altitude"": 0, ""time"": 49499}, ""alt_data"": {""pressure"": 851.51, ""temperature"": 23.6, ""AGL"": -0.44, ""velocity"": 0, ""kalman_altitude"": -0.45, ""kalman_vertical_velocity"": -6.89}, ""chute_state"": {""pyro1_state"": 0, ""pyro2_state"": 0}, ""connection_status"": {""connected"": true, ""has_ever_connected"": true, ""packet_age_ms"": 0, ""timeout_exceeded"": false, ""rssi"": -51}, ""communication_mode"": ""BEACON"", ""timestamp"": 159035, ""packets_received"": 373, ""kalman_data"": {""altitude"": -0.45, ""vertical_velocity"": -6.89}, ""kalman_altitude"": -0.45, ""kalman_vertical_velocity"": -6.89, ""pyroDrogue"": 0, ""pyroMain"": 0, ""pyro1_state"": 0, ""pyro2_state"": 0}"
1764741531.64805,2025-12-03T08:58:51.648050,1716,0,0,-0.9,-0.32,0.06,-64.04,-80.54,-11.4,12.96,-5.79,0,0,0,49499,851.48,23.59,-0.11,0,0,0,0,-53,-0.3,-6.77,BEACON,"{""record_number"": 1716, ""operation_mode"": 0, ""state"": 0, ""battery_voltage"": 0, ""wifi_rssi"": -53, ""acc_data"": {""ax"": -0.9, ""ay"": -0.32, ""az"": 0.06, ""pitch"": -64.04, ""roll"": -80.54}, ""gyro_data"": {""gx"": -11.4, ""gy"": 12.96, ""gz"": -5.79}, ""gps_data"": {""latitude"": 0, ""longitude"": 0, ""gps_altitude"": 0, ""time"": 49499}, ""alt_data"": {""pressure"": 851.48, ""temperature"": 23.59, ""AGL"": -0.11, ""velocity"": 0, ""kalman_altitude"": -0.3, ""kalman_vertical_velocity"": -6.77}, ""chute_state"": {""pyro1_state"": 0, ""pyro2_state"": 0}, ""connection_status"": {""connected"": true, ""has_ever_connected"": true, ""packet_age_ms"": 1, ""timeout_exceeded"": false, ""rssi"": -53}, ""communication_mode"": ""BEACON"", ""timestamp"": 159149, ""packets_received"": 374, ""kalman_data"": {""altitude"": -0.3, ""vertical_velocity"": -6.77}, ""kalman_altitude"": -0.3, ""kalman_vertical_velocity"": -6.77, ""pyroDrogue"": 0, ""pyroMain"": 0, ""pyro1_state"": 0, ""pyro2_state"": 0}"
1764741531.736424,2025-12-03T08:58:51.736424,1720,0,0,-0.89,-0.31,0.07,-62.98,-78.09,-33.6,-33.45,16.95,0,0,0,49703,851.53,23.6,-0.62,0,0,0,0,-56,-0.47,-6.92,BEACON,"{""record_number"": 1720, ""operation_mode"": 0, ""state"": 0, ""battery_voltage"": 0, ""wifi_rssi"": -56, ""acc_data"": {""ax"": -0.89, ""ay"": -0.31, ""az"": 0.07, ""pitch"": -62.98, ""roll"": -78.09}, ""gyro_data"": {""gx"": -33.6, ""gy"": -33.45, ""gz"": 16.95}, ""gps_data"": {""latitude"": 0, ""longitude"": 0, ""gps_altitude"": 0, ""time"": 49703}, ""alt_data"": {""pressure"": 851.53, ""temperature"": 23.6, ""AGL"": -0.62, ""velocity"": 0, ""kalman_altitude"": -0.47, ""kalman_vertical_velocity"": -6.92}, ""chute_state"": {""pyro1_state"": 0, ""pyro2_state"": 0}, ""connection_status"": {""connected"": true, ""has_ever_connected"": true, ""packet_age_ms"": 0, ""timeout_exceeded"": false, ""rssi"": -56}, ""communication_mode"": ""BEACON"", ""timestamp"": 159261, ""packets_received"": 375, ""kalman_data"": {""altitude"": -0.47, ""vertical_velocity"": -6.92}, ""kalman_altitude"": -0.47, ""kalman_vertical_velocity"": -6.92, ""pyroDrogue"": 0, ""pyroMain"": 0, ""pyro1_state"": 0, ""pyro2_state"": 0}"
1764741531.848363,2025-12-03T08:58:51.848363,1725,0,0,-0.84,-0.33,0.13,-58.03,-69.65,-53.2,12.44,-12.87,0,0,0,49904,851.57,23.61,-0.96,0,0,0,0,-59,-0.85,-7.24,BEACON,"{""record_number"": 1725, ""operation_mode"": 0, ""state"": 0, ""battery_voltage"": 0, ""wifi_rssi"": -59, ""acc_data"": {""ax"": -0.84, ""ay"": -0.33, ""az"": 0.13, ""pitch"": -58.03, ""roll"": -69.65}, ""gyro_data"": {""gx"": -53.2, ""gy"": 12.44, ""gz"": -12.87}, ""gps_data"": {""latitude"": 0, ""longitude"": 0, ""gps_altitude"": 0, ""time"": 49904}, ""alt_data"": {""pressure"": 851.57, ""temperature"": 23.61, ""AGL"": -0.96, ""velocity"": 0, ""kalman_altitude"": -0.85, ""kalman_vertical_velocity"": -7.24}, ""chute_state"": {""pyro1_state"": 0, ""pyro2_state"": 0}, ""connection_status"": {""connected"": true, ""has_ever_connected"": true, ""packet_age_ms"": 0, ""timeout_exceeded"": false, ""rssi"": -59}, ""communication_mode"": ""BEACON"", ""timestamp"": 159373, ""packets_received"": 376, ""kalman_data"": {""altitude"": -0.85, ""vertical_velocity"": -7.24}, ""kalman_altitude"": -0.85, ""kalman_vertical_velocity"": -7.24, ""pyroDrogue"": 0, ""pyroMain"": 0, ""pyro1_state"": 0, ""pyro2_state"": 0}"
1764741531.950208,2025-12-03T08:58:51.950208,1729,0,0,-0.88,-0.38,0.11,-60.9,-74.68,-41.37,-37.2,-32.04,0,0,0,49904,851.57,23.6,-1.05,0,0,0,0,-62,-0.96,-7.33,BEACON,"{""record_number"": 1729, ""operation_mode"": 0, ""state"": 0, ""battery_voltage"": 0, ""wifi_rssi"": -62, ""acc_data"": {""ax"": -0.88, ""ay"": -0.38, ""az"": 0.11, ""pitch"": -60.9, ""roll"": -74.68}, ""gyro_data"": {""gx"": -41.37, ""gy"": -37.2, ""gz"": -32.04}, ""gps_data"": {""latitude"": 0, ""longitude"": 0, ""gps_altitude"": 0, ""time"": 49904}, ""alt_data"": {""pressure"": 851.57, ""temperature"": 23.6, ""AGL"": -1.05, ""velocity"": 0, ""kalman_altitude"": -0.96, ""kalman_vertical_velocity"": -7.33}, ""chute_state"": {""pyro1_state"": 0, ""pyro2_state"": 0}, ""connection_status"": {""connected"": true, ""has_ever_connected"": true, ""packet_age_ms"": 0, ""timeout_exceeded"": false, ""rssi"": -62}, ""communication_mode"": ""BEACON"", ""timestamp"": 159486, ""packets_received"": 377, ""kalman_data"": {""altitude"": -0.96, ""vertical_velocity"": -7.33}, ""kalman_altitude"": -0.96, ""kalman_vertical_velocity"": -7.33, ""pyroDrogue"": 0, ""pyroMain"": 0, ""pyro1_state"": 0, ""pyro2_state"": 0}"
1764741532.068216,2025-12-03T08:58:52.068216,1733,0,0,-0.84,-0.35,0.12,-58.62,-69.55,-32.13,-25.12,-44.6,0,0,0,50104,851.54,23.59,-0.71,0,0,0,0,-59,-0.85,-7.25,BEACON,"{""record_number"": 1733, ""operation_mode"": 0, ""state"": 0, ""battery_voltage"": 0, ""wifi_rssi"": -59, ""acc_data"": {""ax"": -0.84, ""ay"": -0.35, ""az"": 0.12, ""pitch"": -58.62, ""roll"": -69.55}, ""gyro_data"": {""gx"": -32.13, ""gy"": -25.12, ""gz"": -44.6}, ""gps_data"": {""latitude"": 0, ""longitude"": 0, ""gps_altitude"": 0, ""time"": 50104}, ""alt_data"": {""pressure"": 851.54, ""temperature"": 23.59, ""AGL"": -0.71, ""velocity"": 0, ""kalman_altitude"": -0.85, ""kalman_vertical_velocity"": -7.25}, ""chute_state"": {""pyro1_state"": 0, ""pyro2_state"": 0}, ""connection_status"": {""connected"": true, ""has_ever_connected"": true, ""packet_age_ms"": 0, ""timeout_exceeded"": false, ""rssi"": -59}, ""communication_mode"": ""BEACON"", ""timestamp"": 159599, ""packets_received"": 378, ""kalman_data"": {""altitude"": -0.85, ""vertical_velocity"": -7.25}, ""kalman_altitude"": -0.85, ""kalman_vertical_velocity"": -7.25, ""pyroDrogue"": 0, ""pyroMain"": 0, ""pyro1_state"": 0, ""pyro2_state"": 0}"
1764741532.186835,2025-12-03T08:58:52.186835,1738,0,0,-0.88,-0.43,0.15,-60.84,-69.78,-9.12,19.12,-27.74,0,0,0,50104,851.55,23.61,-0.75,0,0,0,0,-58,-0.82,-7.23,BEACON,"{""record_number"": 1738, ""operation_mode"": 0, ""state"": 0, ""battery_voltage"": 0, ""wifi_rssi"": -58, ""acc_data"": {""ax"": -0.88, ""ay"": -0.43, ""az"": 0.15, ""pitch"": -60.84, ""roll"": -69.78}, ""gyro_data"": {""gx"": -9.12, ""gy"": 19.12, ""gz"": -27.74}, ""gps_data"": {""latitude"": 0, ""longitude"": 0, ""gps_altitude"": 0, ""time"": 50104}, ""alt_data"": {""pressure"": 851.55, ""temperature"": 23.61, ""AGL"": -0.75, ""velocity"": 0, ""kalman_altitude"": -0.82, ""kalman_vertical_velocity"": -7.23}, ""chute_state"": {""pyro1_state"": 0, ""pyro2_state"": 0}, ""connection_status"": {""connected"": true, ""has_ever_connected"": true, ""packet_age_ms"": 0, ""timeout_exceeded"": false, ""rssi"": -58}, ""communication_mode"": ""BEACON"", ""timestamp"": 159711, ""packets_received"": 379, ""kalman_data"": {""altitude"": -0.82, ""vertical_velocity"": -7.23}, ""kalman_altitude"": -0.82, ""kalman_vertical_velocity"": -7.23, ""pyroDrogue"": 0, ""pyroMain"": 0, ""pyro1_state"": 0, ""pyro2_state"": 0}"
1764741532.315172,2025-12-03T08:58:52.315172,1742,0,0,-0.82,-0.44,0.11,-55.14,-75.33,33.69,-3.17,-41.98,0,0,0,50304,851.51,23.6,-0.41,0,0,0,0,-57,-0.63,-7.08,BEACON,"{""record_number"": 1742, ""operation_mode"": 0, ""state"": 0, ""battery_voltage"": 0, ""wifi_rssi"": -57, ""acc_data"": {""ax"": -0.82, ""ay"": -0.44, ""az"": 0.11, ""pitch"": -55.14, ""roll"": -75.33}, ""gyro_data"": {""gx"": 33.69, ""gy"": -3.17, ""gz"": -41.98}, ""gps_data"": {""latitude"": 0, ""longitude"": 0, ""gps_altitude"": 0, ""time"": 50304}, ""alt_data"": {""pressure"": 851.51, ""temperature"": 23.6, ""AGL"": -0.41, ""velocity"": 0, ""kalman_altitude"": -0.63, ""kalman_vertical_velocity"": -7.08}, ""chute_state"": {""pyro1_state"": 0, ""pyro2_state"": 0}, ""connection_status"": {""connected"": true, ""has_ever_connected"": true, ""packet_age_ms"": 0, ""timeout_exceeded"": false, ""rssi"": -57}, ""communication_mode"": ""BEACON"", ""timestamp"": 159824, ""packets_received"": 380, ""kalman_data"": {""altitude"": -0.63, ""vertical_velocity"": -7.08}, ""kalman_altitude"": -0.63, ""kalman_vertical_velocity"": -7.08, ""pyroDrogue"": 0, ""pyroMain"": 0, ""pyro1_state"": 0, ""pyro2_state"": 0}"
1764741532.485623,2025-12-03T08:58:52.485623,1751,0,0,-0.88,-0.43,0.06,-62.31,-82.99,-17.44,-3.38,0.91,0,0,0,50504,851.53,23.6,-0.56,0,0,0,0,-57,-0.54,-7.02,BEACON,"{""record_number"": 1751, ""operation_mode"": 0, ""state"": 0, ""battery_voltage"": 0, ""wifi_rssi"": -57, ""acc_data"": {""ax"": -0.88, ""ay"": -0.43, ""az"": 0.06, ""pitch"": -62.31, ""roll"": -82.99}, ""gyro_data"": {""gx"": -17.44, ""gy"": -3.38, ""gz"": 0.91}, ""gps_data"": {""latitude"": 0, ""longitude"": 0, ""gps_altitude"": 0, ""time"": 50504}, ""alt_data"": {""pressure"": 851.53, ""temperature"": 23.6, ""AGL"": -0.56, ""velocity"": 0, ""kalman_altitude"": -0.54, ""kalman_vertical_velocity"": -7.02}, ""chute_state"": {""pyro1_state"": 0, ""pyro2_state"": 0}, ""connection_status"": {""connected"": true, ""has_ever_connected"": true, ""packet_age_ms"": 0, ""timeout_exceeded"": false, ""rssi"": -57}, ""communication_mode"": ""BEACON"", ""timestamp"": 160051, ""packets_received"": 381, ""kalman_data"": {""altitude"": -0.54, ""vertical_velocity"": -7.02}, ""kalman_altitude"": -0.54, ""kalman_vertical_velocity"": -7.02, ""pyroDrogue"": 0, ""pyroMain"": 0, ""pyro1_state"": 0, ""pyro2_state"": 0}"
1764741532.99463,2025-12-03T08:58:52.994630,1755,0,0,-0.85,-0.35,0.1,-57.51,-76.95,-30.27,-39.6,9.24,0,0,0,50504,851.55,23.6,-0.77,0,0,0,0,-60,-0.65,-7.13,BEACON,"{""record_number"": 1755, ""operation_mode"": 0, ""state"": 0, ""battery_voltage"": 0, ""wifi_rssi"": -60, ""acc_data"": {""ax"": -0.85, ""ay"": -0.35, ""az"": 0.1, ""pitch"": -57.51, ""roll"": -76.95}, ""gyro_data"": {""gx"": -30.27, ""gy"": -39.6, ""gz"": 9.24}, ""gps_data"": {""latitude"": 0, ""longitude"": 0, ""gps_altitude"": 0, ""time"": 50504}, ""alt_data"": {""pressure"": 851.55, ""temperature"": 23.6, ""AGL"": -0.77, ""velocity"": 0, ""kalman_altitude"": -0.65, ""kalman_vertical_velocity"": -7.13}, ""chute_state"": {""pyro1_state"": 0, ""pyro2_state"": 0}, ""connection_status"": {""connected"": true, ""has_ever_connected"": true, ""packet_age_ms"": 1, ""timeout_exceeded"": false, ""rssi"": -60}, ""communication_mode"": ""BEACON"", ""timestamp"": 160165, ""packets_received"": 382, ""kalman_data"": {""altitude"": -0.65, ""vertical_velocity"": -7.13}, ""kalman_altitude"": -0.65, ""kalman_vertical_velocity"": -7.13, ""pyroDrogue"": 0, ""pyroMain"": 0, ""pyro1_state"": 0, ""pyro2_state"": 0}"
1764741533.100289,2025-12-03T08:58:53.100289,1759,0,0,-0.85,-0.43,0.13,-58.35,-73.35,-45.52,-54.88,26.92,0,0,0,50709,851.52,23.61,-0.47,0,0,0,0,-60,-0.57,-7.07,BEACON,"{""record_number"": 1759, ""operation_mode"": 0, ""state"": 0, ""battery_voltage"": 0, ""wifi_rssi"": -60, ""acc_data"": {""ax"": -0.85, ""ay"": -0.43, ""az"": 0.13, ""pitch"": -58.35, ""roll"": -73.35}, ""gyro_data"": {""gx"": -45.52, ""gy"": -54.88, ""gz"": 26.92}, ""gps_data"": {""latitude"": 0, ""longitude"": 0, ""gps_altitude"": 0, ""time"": 50709}, ""alt_data"": {""pressure"": 851.52, ""temperature"": 23.61, ""AGL"": -0.47, ""velocity"": 0, ""kalman_altitude"": -0.57, ""kalman_vertical_velocity"": -7.07}, ""chute_state"": {""pyro1_state"": 0, ""pyro2_state"": 0}, ""connection_status"": {""connected"": true, ""has_ever_connected"": true, ""packet_age_ms"": 1, ""timeout_exceeded"": false, ""rssi"": -60}, ""communication_mode"": ""BEACON"", ""timestamp"": 160279, ""packets_received"": 383, ""kalman_data"": {""altitude"": -0.57, ""vertical_velocity"": -7.07}, ""kalman_altitude"": -0.57, ""kalman_vertical_velocity"": -7.07, ""pyroDrogue"": 0, ""pyroMain"": 0, ""pyro1_state"": 0, ""pyro2_state"": 0}"
1764741533.184227,2025-12-03T08:58:53.184227,1763,0,0,-0.85,-0.37,0.15,-58.57,-67.76,-42.29,-59.39,42.16,0,0,0,50910,851.43,23.59,0.35,0,0,0,0,-59,-0.11,-6.7,BEACON,"{""record_number"": 1763, ""operation_mode"": 0, ""state"": 0, ""battery_voltage"": 0, ""wifi_rssi"": -59, ""acc_data"": {""ax"": -0.85, ""ay"": -0.37, ""az"": 0.15, ""pitch"": -58.57, ""roll"": -67.76}, ""gyro_data"": {""gx"": -42.29, ""gy"": -59.39, ""gz"": 42.16}, ""gps_data"": {""latitude"": 0, ""longitude"": 0, ""gps_altitude"": 0, ""time"": 50910}, ""alt_data"": {""pressure"": 851.43, ""temperature"": 23.59, ""AGL"": 0.35, ""velocity"": 0, ""kalman_altitude"": -0.11, ""kalman_vertical_velocity"": -6.7}, ""chute_state"": {""pyro1_state"": 0, ""pyro2_state"": 0}, ""connection_status"": {""connected"": true, ""has_ever_connected"": true, ""packet_age_ms"": 0, ""timeout_exceeded"": false, ""rssi"": -59}, ""communication_mode"": ""BEACON"", ""timestamp"": 160391, ""packets_received"": 384, ""kalman_data"": {""altitude"": -0.11, ""vertical_velocity"": -6.7}, ""kalman_altitude"": -0.11, ""kalman_vertical_velocity"": -6.7, ""pyroDrogue"": 0, ""pyroMain"": 0, ""pyro1_state"": 0, ""pyro2_state"": 0}"
1764741533.23132,2025-12-03T08:58:53.231320,1768,0,0,-0.83,-0.41,0.19,-57.61,-64.16,-34.05,-13.78,20.98,0,0,0,50910,851.55,23.6,-0.81,0,0,0,0,-56,-0.6,-7.1,BEACON,"{""record_number"": 1768, ""operation_mode"": 0, ""state"": 0, ""battery_voltage"": 0, ""wifi_rssi"": -56, ""acc_data"": {""ax"": -0.83, ""ay"": -0.41, ""az"": 0.19, ""pitch"": -57.61, ""roll"": -64.16}, ""gyro_data"": {""gx"": -34.05, ""gy"": -13.78, ""gz"": 20.98}, ""gps_data"": {""latitude"": 0, ""longitude"": 0, ""gps_altitude"": 0, ""time"": 50910}, ""alt_data"": {""pressure"": 851.55, ""temperature"": 23.6, ""AGL"": -0.81, ""velocity"": 0, ""kalman_altitude"": -0.6, ""kalman_vertical_velocity"": -7.1}, ""chute_state"": {""pyro1_state"": 0, ""pyro2_state"": 0}, ""connection_status"": {""connected"": true, ""has_ever_connected"": true, ""packet_age_ms"": 0, ""timeout_exceeded"": false, ""rssi"": -56}, ""communication_mode"": ""BEACON"", ""timestamp"": 160504, ""packets_received"": 385, ""kalman_data"": {""altitude"": -0.6, ""vertical_velocity"": -7.1}, ""kalman_altitude"": -0.6, ""kalman_vertical_velocity"": -7.1, ""pyroDrogue"": 0, ""pyroMain"": 0, ""pyro1_state"": 0, ""pyro2_state"": 0}"
1764741533.32547,2025-12-03T08:58:53.325470,1772,0,0,-0.85,-0.34,0.19,-58.25,-62.3,-11.89,-18.11,8.99,0,0,0,51109,851.48,23.61,-0.11,0,0,0,0,-55,-0.36,-6.92,BEACON,"{""record_number"": 1772, ""operation_mode"": 0, ""state"": 0, ""battery_voltage"": 0, ""wifi_rssi"": -55, ""acc_data"": {""ax"": -0.85, ""ay"": -0.34, ""az"": 0.19, ""pitch"": -58.25, ""roll"": -62.3}, ""gyro_data"": {""gx"": -11.89, ""gy"": -18.11, ""gz"": 8.99}, ""gps_data"": {""latitude"": 0, ""longitude"": 0, ""gps_altitude"": 0, ""time"": 51109}, ""alt_data"": {""pressure"": 851.48, ""temperature"": 23.61, ""AGL"": -0.11, ""velocity"": 0, ""kalman_altitude"": -0.36, ""kalman_vertical_velocity"": -6.92}, ""chute_state"": {""pyro1_state"": 0, ""pyro2_state"": 0}, ""connection_status"": {""connected"": true, ""has_ever_connected"": true, ""packet_age_ms"": 0, ""timeout_exceeded"": false, ""rssi"": -55}, ""communication_mode"": ""BEACON"", ""timestamp"": 160620, ""packets_received"": 386, ""kalman_data"": {""altitude"": -0.36, ""vertical_velocity"": -6.92}, ""kalman_altitude"": -0.36, ""kalman_vertical_velocity"": -6.92, ""pyroDrogue"": 0, ""pyroMain"": 0, ""pyro1_state"": 0, ""pyro2_state"": 0}"
1764741533.427792,2025-12-03T08:58:53.427792,1776,0,0,-0.84,-0.37,0.17,-57.3,-64.31,-10.55,-2.16,2.26,0,0,0,51109,851.54,23.61,-0.68,0,0,0,0,-54,-0.54,-7.06,BEACON,"{""record_number"": 1776, ""operation_mode"": 0, ""state"": 0, ""battery_voltage"": 0, ""wifi_rssi"": -54, ""acc_data"": {""ax"": -0.84, ""ay"": -0.37, ""az"": 0.17, ""pitch"": -57.3, ""roll"": -64.31}, ""gyro_data"": {""gx"": -10.55, ""gy"": -2.16, ""gz"": 2.26}, ""gps_data"": {""latitude"": 0, ""longitude"": 0, ""gps_altitude"": 0, ""time"": 51109}, ""alt_data"": {""pressure"": 851.54, ""temperature"": 23.61, ""AGL"": -0.68, ""velocity"": 0, ""kalman_altitude"": -0.54, ""kalman_vertical_velocity"": -7.06}, ""chute_state"": {""pyro1_state"": 0, ""pyro2_state"": 0}, ""connection_status"": {""connected"": true, ""has_ever_connected"": true, ""packet_age_ms"": 0, ""timeout_exceeded"": false, ""rssi"": -54}, ""communication_mode"": ""BEACON"", ""timestamp"": 160730, ""packets_received"": 387, ""kalman_data"": {""altitude"": -0.54, ""vertical_velocity"": -7.06}, ""kalman_altitude"": -0.54, ""kalman_vertical_velocity"": -7.06, ""pyroDrogue"": 0, ""pyroMain"": 0, ""pyro1_state"": 0, ""pyro2_state"": 0}"
1764741533.47476,2025-12-03T08:58:53.474760,1781,0,0,-0.87,-0.41,0.19,-60.78,-65.27,-3.05,29.88,-18.57,0,0,0,51310,851.52,23.62,-0.55,0,0,0,0,-57,-0.58,-7.1,BEACON,"{""record_number"": 1781, ""operation_mode"": 0, ""state"": 0, ""battery_voltage"": 0, ""wifi_rssi"": -57, ""acc_data"": {""ax"": -0.87, ""ay"": -0.41, ""az"": 0.19, ""pitch"": -60.78, ""roll"": -65.27}, ""gyro_data"": {""gx"": -3.05, ""gy"": 29.88, ""gz"": -18.57}, ""gps_data"": {""latitude"": 0, ""longitude"": 0, ""gps_altitude"": 0, ""time"": 51310}, ""alt_data"": {""pressure"": 851.52, ""temperature"": 23.62, ""AGL"": -0.55, ""velocity"": 0, ""kalman_altitude"": -0.58, ""kalman_vertical_velocity"": -7.1}, ""chute_state"": {""pyro1_state"": 0, ""pyro2_state"": 0}, ""connection_status"": {""connected"": true, ""has_ever_connected"": true, ""packet_age_ms"": 0, ""timeout_exceeded"": false, ""rssi"": -57}, ""communication_mode"": ""BEACON"", ""timestamp"": 160842, ""packets_received"": 388, ""kalman_data"": {""altitude"": -0.58, ""vertical_velocity"": -7.1}, ""kalman_altitude"": -0.58, ""kalman_vertical_velocity"": -7.1, ""pyroDrogue"": 0, ""pyroMain"": 0, ""pyro1_state"": 0, ""pyro2_state"": 0}"
1764741533.564164,2025-12-03T08:58:53.564164,1785,0,0,-0.85,-0.28,0.12,-58.57,-65.48,17.62,-46.8,-5.55,0,0,0,51310,851.5,23.62,-0.34,0,0,0,0,-57,-0.46,-7.02,BEACON,"{""record_number"": 1785, ""operation_mode"": 0, ""state"": 0, ""battery_voltage"": 0, ""wifi_rssi"": -57, ""acc_data"": {""ax"": -0.85, ""ay"": -0.28, ""az"": 0.12, ""pitch"": -58.57, ""roll"": -65.48}, ""gyro_data"": {""gx"": 17.62, ""gy"": -46.8, ""gz"": -5.55}, ""gps_data"": {""latitude"": 0, ""longitude"": 0, ""gps_altitude"": 0, ""time"": 51310}, ""alt_data"": {""pressure"": 851.5, ""temperature"": 23.62, ""AGL"": -0.34, ""velocity"": 0, ""kalman_altitude"": -0.46, ""kalman_vertical_velocity"": -7.02}, ""chute_state"": {""pyro1_state"": 0, ""pyro2_state"": 0}, ""connection_status"": {""connected"": true, ""has_ever_connected"": true, ""packet_age_ms"": 0, ""timeout_exceeded"": false, ""rssi"": -57}, ""communication_mode"": ""BEACON"", ""timestamp"": 160955, ""packets_received"": 389, ""kalman_data"": {""altitude"": -0.46, ""vertical_velocity"": -7.02}, ""kalman_altitude"": -0.46, ""kalman_vertical_velocity"": -7.02, ""pyroDrogue"": 0, ""pyroMain"": 0, ""pyro1_state"": 0, ""pyro2_state"": 0}"
1764741533.617059,2025-12-03T08:58:53.617059,1789,0,0,-0.9,-0.42,0.18,-63.98,-66.93,-18.08,21.4,-16.16,0,0,0,51510,851.5,23.61,-0.32,0,0,0,0,-57,-0.4,-6.97,BEACON,"{""record_number"": 1789, ""operation_mode"": 0, ""state"": 0, ""battery_voltage"": 0, ""wifi_rssi"": -57, ""acc_data"": {""ax"": -0.9, ""ay"": -0.42, ""az"": 0.18, ""pitch"": -63.98, ""roll"": -66.93}, ""gyro_data"": {""gx"": -18.08, ""gy"": 21.4, ""gz"": -16.16}, ""gps_data"": {""latitude"": 0, ""longitude"": 0, ""gps_altitude"": 0, ""time"": 51510}, ""alt_data"": {""pressure"": 851.5, ""temperature"": 23.61, ""AGL"": -0.32, ""velocity"": 0, ""kalman_altitude"": -0.4, ""kalman_vertical_velocity"": -6.97}, ""chute_state"": {""pyro1_state"": 0, ""pyro2_state"": 0}, ""connection_status"": {""connected"": true, ""has_ever_connected"": true, ""packet_age_ms"": 0, ""timeout_exceeded"": false, ""rssi"": -57}, ""communication_mode"": ""BEACON"", ""timestamp"": 161068, ""packets_received"": 390, ""kalman_data"": {""altitude"": -0.4, ""vertical_velocity"": -6.97}, ""kalman_altitude"": -0.4, ""kalman_vertical_velocity"": -6.97, ""pyroDrogue"": 0, ""pyroMain"": 0, ""pyro1_state"": 0, ""pyro2_state"": 0}"
1764741533.680314,2025-12-03T08:58:53.680314,1794,0,0,-0.84,-0.36,0.19,-57.1,-62.51,5.73,-7.93,-2.16,0,0,0,51714,851.55,23.62,-0.76,0,0,0,0,-55,-0.56,-7.11,BEACON,"{""record_number"": 1794, ""operation_mode"": 0, ""state"": 0, ""battery_voltage"": 0, ""wifi_rssi"": -55, ""acc_data"": {""ax"": -0.84, ""ay"": -0.36, ""az"": 0.19, ""pitch"": -57.1, ""roll"": -62.51}, ""gyro_data"": {""gx"": 5.73, ""gy"": -7.93, ""gz"": -2.16}, ""gps_data"": {""latitude"": 0, ""longitude"": 0, ""gps_altitude"": 0, ""time"": 51714}, ""alt_data"": {""pressure"": 851.55, ""temperature"": 23.62, ""AGL"": -0.76, ""velocity"": 0, ""kalman_altitude"": -0.56, ""kalman_vertical_velocity"": -7.11}, ""chute_state"": {""pyro1_state"": 0, ""pyro2_state"": 0}, ""connection_status"": {""connected"": true, ""has_ever_connected"": true, ""packet_age_ms"": 0, ""timeout_exceeded"": false, ""rssi"": -55}, ""communication_mode"": ""BEACON"", ""timestamp"": 161180, ""packets_received"": 391, ""kalman_data"": {""altitude"": -0.56, ""vertical_velocity"": -7.11}, ""kalman_altitude"": -0.56, ""kalman_vertical_velocity"": -7.11, ""pyroDrogue"": 0, ""pyroMain"": 0, ""pyro1_state"": 0, ""pyro2_state"": 0}"
1764741533.852324,2025-12-03T08:58:53.852324,1798,0,0,-0.89,-0.37,0.16,-62.37,-69.66,8.26,13.87,-7.99,0,0,0,51714,851.53,23.61,-0.61,0,0,0,0,-54,-0.6,-7.14,BEACON,"{""record_number"": 1798, ""operation_mode"": 0, ""state"": 0, ""battery_voltage"": 0, ""wifi_rssi"": -54, ""acc_data"": {""ax"": -0.89, ""ay"": -0.37, ""az"": 0.16, ""pitch"": -62.37, ""roll"": -69.66}, ""gyro_data"": {""gx"": 8.26, ""gy"": 13.87, ""gz"": -7.99}, ""gps_data"": {""latitude"": 0, ""longitude"": 0, ""gps_altitude"": 0, ""time"": 51714}, ""alt_data"": {""pressure"": 851.53, ""temperature"": 23.61, ""AGL"": -0.61, ""velocity"": 0, ""kalman_altitude"": -0.6, ""kalman_vertical_velocity"": -7.14}, ""chute_state"": {""pyro1_state"": 0, ""pyro2_state"": 0}, ""connection_status"": {""connected"": true, ""has_ever_connected"": true, ""packet_age_ms"": 1, ""timeout_exceeded"": false, ""rssi"": -54}, ""communication_mode"": ""BEACON"", ""timestamp"": 161294, ""packets_received"": 392, ""kalman_data"": {""altitude"": -0.6, ""vertical_velocity"": -7.14}, ""kalman_altitude"": -0.6, ""kalman_vertical_velocity"": -7.14, ""pyroDrogue"": 0, ""pyroMain"": 0, ""pyro1_state"": 0, ""pyro2_state"": 0}"
1764741533.898532,2025-12-03T08:58:53.898532,1802,0,0,-0.85,-0.37,0.17,-57.93,-65.06,8.23,-2.41,0.34,0,0,0,51915,851.54,23.62,-0.67,0,0,0,0,-53,-0.65,-7.18,BEACON,"{""record_number"": 1802, ""operation_mode"": 0, ""state"": 0, ""battery_voltage"": 0, ""wifi_rssi"": -53, ""acc_data"": {""ax"": -0.85, ""ay"": -0.37, ""az"": 0.17, ""pitch"": -57.93, ""roll"": -65.06}, ""gyro_data"": {""gx"": 8.23, ""gy"": -2.41, ""gz"": 0.34}, ""gps_data"": {""latitude"": 0, ""longitude"": 0, ""gps_altitude"": 0, ""time"": 51915}, ""alt_data"": {""pressure"": 851.54, ""temperature"": 23.62, ""AGL"": -0.67, ""velocity"": 0, ""kalman_altitude"": -0.65, ""kalman_vertical_velocity"": -7.18}, ""chute_state"": {""pyro1_state"": 0, ""pyro2_state"": 0}, ""connection_status"": {""connected"": true, ""has_ever_connected"": true, ""packet_age_ms"": 0, ""timeout_exceeded"": false, ""rssi"": -53}, ""communication_mode"": ""BEACON"", ""timestamp"": 161407, ""packets_received"": 393, ""kalman_data"": {""altitude"": -0.65, ""vertical_velocity"": -7.18}, ""kalman_altitude"": -0.65, ""kalman_vertical_velocity"": -7.18, ""pyroDrogue"": 0, ""pyroMain"": 0, ""pyro1_state"": 0, ""pyro2_state"": 0}"
1764741533.959163,2025-12-03T08:58:53.959163,1807,0,0,-0.87,-0.37,0.18,-60.22,-64.46,12.59,23.6,-3.54,0,0,0,51915,851.55,23.62,-0.84,0,0,0,0,-55,-0.79,-7.3,BEACON,"{""record_number"": 1807, ""operation_mode"": 0, ""state"": 0, ""battery_voltage"": 0, ""wifi_rssi"": -55, ""acc_data"": {""ax"": -0.87, ""ay"": -0.37, ""az"": 0.18, ""pitch"": -60.22, ""roll"": -64.46}, ""gyro_data"": {""gx"": 12.59, ""gy"": 23.6, ""gz"": -3.54}, ""gps_data"": {""latitude"": 0, ""longitude"": 0, ""gps_altitude"": 0, ""time"": 51915}, ""alt_data"": {""pressure"": 851.55, ""temperature"": 23.62, ""AGL"": -0.84, ""velocity"": 0, ""kalman_altitude"": -0.79, ""kalman_vertical_velocity"": -7.3}, ""chute_state"": {""pyro1_state"": 0, ""pyro2_state"": 0}, ""connection_status"": {""connected"": true, ""has_ever_connected"": true, ""packet_age_ms"": 0, ""timeout_exceeded"": false, ""rssi"": -55}, ""communication_mode"": ""BEACON"", ""timestamp"": 161520, ""packets_received"": 394, ""kalman_data"": {""altitude"": -0.79, ""vertical_velocity"": -7.3}, ""kalman_altitude"": -0.79, ""kalman_vertical_velocity"": -7.3, ""pyroDrogue"": 0, ""pyroMain"": 0, ""pyro1_state"": 0, ""pyro2_state"": 0}"
1764741534.084812,2025-12-03T08:58:54.084812,1811,0,0,-0.9,-0.37,0.15,-63.98,-67.45,21.71,-9.05,11.1,0,0,0,52115,851.49,23.6,-0.19,0,0,0,0,-57,-0.48,-7.07,BEACON,"{""record_number"": 1811, ""operation_mode"": 0, ""state"": 0, ""battery_voltage"": 0, ""wifi_rssi"": -57, ""acc_data"": {""ax"": -0.9, ""ay"": -0.37, ""az"": 0.15, ""pitch"": -63.98, ""roll"": -67.45}, ""gyro_data"": {""gx"": 21.71, ""gy"": -9.05, ""gz"": 11.1}, ""gps_data"": {""latitude"": 0, ""longitude"": 0, ""gps_altitude"": 0, ""time"": 52115}, ""alt_data"": {""pressure"": 851.49, ""temperature"": 23.6, ""AGL"": -0.19, ""velocity"": 0, ""kalman_altitude"": -0.48, ""kalman_vertical_velocity"": -7.07}, ""chute_state"": {""pyro1_state"": 0, ""pyro2_state"": 0}, ""connection_status"": {""connected"": true, ""has_ever_connected"": true, ""packet_age_ms"": 0, ""timeout_exceeded"": false, ""rssi"": -57}, ""communication_mode"": ""BEACON"", ""timestamp"": 161633, ""packets_received"": 395, ""kalman_data"": {""altitude"": -0.48, ""vertical_velocity"": -7.07}, ""kalman_altitude"": -0.48, ""kalman_vertical_velocity"": -7.07, ""pyroDrogue"": 0, ""pyroMain"": 0, ""pyro1_state"": 0, ""pyro2_state"": 0}"
1764741534.218026,2025-12-03T08:58:54.218026,1815,0,0,-0.85,-0.35,0.13,-59.71,-69.99,7.99,-17.8,21.43,0,0,0,52115,851.49,23.61,-0.18,0,0,0,0,-59,-0.33,-6.96,BEACON,"{""record_number"": 1815, ""operation_mode"": 0, ""state"": 0, ""battery_voltage"": 0, ""wifi_rssi"": -59, ""acc_data"": {""ax"": -0.85, ""ay"": -0.35, ""az"": 0.13, ""pitch"": -59.71, ""roll"": -69.99}, ""gyro_data"": {""gx"": 7.99, ""gy"": -17.8, ""gz"": 21.43}, ""gps_data"": {""latitude"": 0, ""longitude"": 0, ""gps_altitude"": 0, ""time"": 52115}, ""alt_data"": {""pressure"": 851.49, ""temperature"": 23.61, ""AGL"": -0.18, ""velocity"": 0, ""kalman_altitude"": -0.33, ""kalman_vertical_velocity"": -6.96}, ""chute_state"": {""pyro1_state"": 0, ""pyro2_state"": 0}, ""connection_status"": {""connected"": true, ""has_ever_connected"": true, ""packet_age_ms"": 0, ""timeout_exceeded"": false, ""rssi"": -59}, ""communication_mode"": ""BEACON"", ""timestamp"": 161746, ""packets_received"": 396, ""kalman_data"": {""altitude"": -0.33, ""vertical_velocity"": -6.96}, ""kalman_altitude"": -0.33, ""kalman_vertical_velocity"": -6.96, ""pyroDrogue"": 0, ""pyroMain"": 0, ""pyro1_state"": 0, ""pyro2_state"": 0}"
1764741534.324705,2025-12-03T08:58:54.324705,1819,0,0,-0.85,-0.36,0.19,-58.67,-63.4,-15.76,18.96,3.26,0,0,0,52314,851.52,23.62,-0.52,0,0,0,0,-60,-0.53,-7.12,BEACON,"{""record_number"": 1819, ""operation_mode"": 0, ""state"": 0, ""battery_voltage"": 0, ""wifi_rssi"": -60, ""acc_data"": {""ax"": -0.85, ""ay"": -0.36, ""az"": 0.19, ""pitch"": -58.67, ""roll"": -63.4}, ""gyro_data"": {""gx"": -15.76, ""gy"": 18.96, ""gz"": 3.26}, ""gps_data"": {""latitude"": 0, ""longitude"": 0, ""gps_altitude"": 0, ""time"": 52314}, ""alt_data"": {""pressure"": 851.52, ""temperature"": 23.62, ""AGL"": -0.52, ""velocity"": 0, ""kalman_altitude"": -0.53, ""kalman_vertical_velocity"": -7.12}, ""chute_state"": {""pyro1_state"": 0, ""pyro2_state"": 0}, ""connection_status"": {""connected"": true, ""has_ever_connected"": true, ""packet_age_ms"": 0, ""timeout_exceeded"": false, ""rssi"": -60}, ""communication_mode"": ""BEACON"", ""timestamp"": 161859, ""packets_received"": 397, ""kalman_data"": {""altitude"": -0.53, ""vertical_velocity"": -7.12}, ""kalman_altitude"": -0.53, ""kalman_vertical_velocity"": -7.12, ""pyroDrogue"": 0, ""pyroMain"": 0, ""pyro1_state"": 0, ""pyro2_state"": 0}"
1764741534.453297,2025-12-03T08:58:54.453297,1824,0,0,-0.81,-0.33,0.21,-53.79,-56.41,-23.29,16.86,-11.59,0,0,0,52314,851.54,23.62,-0.71,0,0,0,0,-54,-0.64,-7.2,BEACON,"{""record_number"": 1824, ""operation_mode"": 0, ""state"": 0, ""battery_voltage"": 0, ""wifi_rssi"": -54, ""acc_data"": {""ax"": -0.81, ""ay"": -0.33, ""az"": 0.21, ""pitch"": -53.79, ""roll"": -56.41}, ""gyro_data"": {""gx"": -23.29, ""gy"": 16.86, ""gz"": -11.59}, ""gps_data"": {""latitude"": 0, ""longitude"": 0, ""gps_altitude"": 0, ""time"": 52314}, ""alt_data"": {""pressure"": 851.54, ""temperature"": 23.62, ""AGL"": -0.71, ""velocity"": 0, ""kalman_altitude"": -0.64, ""kalman_vertical_velocity"": -7.2}, ""chute_state"": {""pyro1_state"": 0, ""pyro2_state"": 0}, ""connection_status"": {""connected"": true, ""has_ever_connected"": true, ""packet_age_ms"": 0, ""timeout_exceeded"": false, ""rssi"": -54}, ""communication_mode"": ""BEACON"", ""timestamp"": 161972, ""packets_received"": 398, ""kalman_data"": {""altitude"": -0.64, ""vertical_velocity"": -7.2}, ""kalman_altitude"": -0.64, ""kalman_vertical_velocity"": -7.2, ""pyroDrogue"": 0, ""pyroMain"": 0, ""pyro1_state"": 0, ""pyro2_state"": 0}"
1764741534.555526,2025-12-03T08:58:54.555526,1828,0,0,-0.91,-0.35,0.11,-64.43,-72.33,-11.46,39.02,-11.19,0,0,0,52515,851.56,23.62,-0.92,0,0,0,0,-53,-0.8,-7.33,BEACON,"{""record_number"": 1828, ""operation_mode"": 0, ""state"": 0, ""battery_voltage"": 0, ""wifi_rssi"": -53, ""acc_data"": {""ax"": -0.91, ""ay"": -0.35, ""az"": 0.11, ""pitch"": -64.43, ""roll"": -72.33}, ""gyro_data"": {""gx"": -11.46, ""gy"": 39.02, ""gz"": -11.19}, ""gps_data"": {""latitude"": 0, ""longitude"": 0, ""gps_altitude"": 0, ""time"": 52515}, ""alt_data"": {""pressure"": 851.56, ""temperature"": 23.62, ""AGL"": -0.92, ""velocity"": 0, ""kalman_altitude"": -0.8, ""kalman_vertical_velocity"": -7.33}, ""chute_state"": {""pyro1_state"": 0, ""pyro2_state"": 0}, ""connection_status"": {""connected"": true, ""has_ever_connected"": true, ""packet_age_ms"": 0, ""timeout_exceeded"": false, ""rssi"": -53}, ""communication_mode"": ""BEACON"", ""timestamp"": 162085, ""packets_received"": 399, ""kalman_data"": {""altitude"": -0.8, ""vertical_velocity"": -7.33}, ""kalman_altitude"": -0.8, ""kalman_vertical_velocity"": -7.33, ""pyroDrogue"": 0, ""pyroMain"": 0, ""pyro1_state"": 0, ""pyro2_state"": 0}"
1764741534.938648,2025-12-03T08:58:54.938648,1832,0,0,-0.83,-0.35,0.13,-56.38,-69.05,-11.95,55.15,-28.69,0,0,0,52719,851.57,23.62,-1.03,0,0,0,0,-53,-0.89,-7.42,BEACON,"{""record_number"": 1832, ""operation_mode"": 0, ""state"": 0, ""battery_voltage"": 0, ""wifi_rssi"": -53, ""acc_data"": {""ax"": -0.83, ""ay"": -0.35, ""az"": 0.13, ""pitch"": -56.38, ""roll"": -69.05}, ""gyro_data"": {""gx"": -11.95, ""gy"": 55.15, ""gz"": -28.69}, ""gps_data"": {""latitude"": 0, ""longitude"": 0, ""gps_altitude"": 0, ""time"": 52719}, ""alt_data"": {""pressure"": 851.57, ""temperature"": 23.62, ""AGL"": -1.03, ""velocity"": 0, ""kalman_altitude"": -0.89, ""kalman_vertical_velocity"": -7.42}, ""chute_state"": {""pyro1_state"": 0, ""pyro2_state"": 0}, ""connection_status"": {""connected"": true, ""has_ever_connected"": true, ""packet_age_ms"": 0, ""timeout_exceeded"": false, ""rssi"": -53}, ""communication_mode"": ""BEACON"", ""timestamp"": 162198, ""packets_received"": 400, ""kalman_data"": {""altitude"": -0.89, ""vertical_velocity"": -7.42}, ""kalman_altitude"": -0.89, ""kalman_vertical_velocity"": -7.42, ""pyroDrogue"": 0, ""pyroMain"": 0, ""pyro1_state"": 0, ""pyro2_state"": 0}"
1764741535.111436,2025-12-03T08:58:55.111436,1837,0,0,-0.88,-0.35,0.09,-61.54,-74.96,-11.89,29.54,-30.27,0,0,0,52719,851.49,23.61,-0.25,0,0,0,0,-57,-0.56,-7.17,BEACON,"{""record_number"": 1837, ""operation_mode"": 0, ""state"": 0, ""battery_voltage"": 0, ""wifi_rssi"": -57, ""acc_data"": {""ax"": -0.88, ""ay"": -0.35, ""az"": 0.09, ""pitch"": -61.54, ""roll"": -74.96}, ""gyro_data"": {""gx"": -11.89, ""gy"": 29.54, ""gz"": -30.27}, ""gps_data"": {""latitude"": 0, ""longitude"": 0, ""gps_altitude"": 0, ""time"": 52719}, ""alt_data"": {""pressure"": 851.49, ""temperature"": 23.61, ""AGL"": -0.25, ""velocity"": 0, ""kalman_altitude"": -0.56, ""kalman_vertical_velocity"": -7.17}, ""chute_state"": {""pyro1_state"": 0, ""pyro2_state"": 0}, ""connection_status"": {""connected"": true, ""has_ever_connected"": true, ""packet_age_ms"": 1, ""timeout_exceeded"": false, ""rssi"": -57}, ""communication_mode"": ""BEACON"", ""timestamp"": 162311, ""packets_received"": 401, ""kalman_data"": {""altitude"": -0.56, ""vertical_velocity"": -7.17}, ""kalman_altitude"": -0.56, ""kalman_vertical_velocity"": -7.17, ""pyroDrogue"": 0, ""pyroMain"": 0, ""pyro1_state"": 0, ""pyro2_state"": 0}"
1764741535.208752,2025-12-03T08:58:55.208752,1841,0,0,-0.9,-0.38,0.05,-63.29,-81.6,-31.19,-4.15,7.59,0,0,0,52920,851.54,23.62,-0.73,0,0,0,0,-60,-0.66,-7.25,BEACON,"{""record_number"": 1841, ""operation_mode"": 0, ""state"": 0, ""battery_voltage"": 0, ""wifi_rssi"": -60, ""acc_data"": {""ax"": -0.9, ""ay"": -0.38, ""az"": 0.05, ""pitch"": -63.29, ""roll"": -81.6}, ""gyro_data"": {""gx"": -31.19, ""gy"": -4.15, ""gz"": 7.59}, ""gps_data"": {""latitude"": 0, ""longitude"": 0, ""gps_altitude"": 0, ""time"": 52920}, ""alt_data"": {""pressure"": 851.54, ""temperature"": 23.62, ""AGL"": -0.73, ""velocity"": 0, ""kalman_altitude"": -0.66, ""kalman_vertical_velocity"": -7.25}, ""chute_state"": {""pyro1_state"": 0, ""pyro2_state"": 0}, ""connection_status"": {""connected"": true, ""has_ever_connected"": true, ""packet_age_ms"": 0, ""timeout_exceeded"": false, ""rssi"": -60}, ""communication_mode"": ""BEACON"", ""timestamp"": 162424, ""packets_received"": 402, ""kalman_data"": {""altitude"": -0.66, ""vertical_velocity"": -7.25}, ""kalman_altitude"": -0.66, ""kalman_vertical_velocity"": -7.25, ""pyroDrogue"": 0, ""pyroMain"": 0, ""pyro1_state"": 0, ""pyro2_state"": 0}"
1764741535.293554,2025-12-03T08:58:55.293554,1845,0,0,-0.86,-0.35,0.08,-58.73,-77.31,-31.07,-6.43,0.27,0,0,0,52920,851.49,23.61,-0.25,0,0,0,0,-58,-0.41,-7.08,BEACON,"{""record_number"": 1845, ""operation_mode"": 0, ""state"": 0, ""battery_voltage"": 0, ""wifi_rssi"": -58, ""acc_data"": {""ax"": -0.86, ""ay"": -0.35, ""az"": 0.08, ""pitch"": -58.73, ""roll"": -77.31}, ""gyro_data"": {""gx"": -31.07, ""gy"": -6.43, ""gz"": 0.27}, ""gps_data"": {""latitude"": 0, ""longitude"": 0, ""gps_altitude"": 0, ""time"": 52920}, ""alt_data"": {""pressure"": 851.49, ""temperature"": 23.61, ""AGL"": -0.25, ""velocity"": 0, ""kalman_altitude"": -0.41, ""kalman_vertical_velocity"": -7.08}, ""chute_state"": {""pyro1_state"": 0, ""pyro2_state"": 0}, ""connection_status"": {""connected"": true, ""has_ever_connected"": true, ""packet_age_ms"": 0, ""timeout_exceeded"": false, ""rssi"": -58}, ""communication_mode"": ""BEACON"", ""timestamp"": 162537, ""packets_received"": 403, ""kalman_data"": {""altitude"": -0.41, ""vertical_velocity"": -7.08}, ""kalman_altitude"": -0.41, ""kalman_vertical_velocity"": -7.08, ""pyroDrogue"": 0, ""pyroMain"": 0, ""pyro1_state"": 0, ""pyro2_state"": 0}"
1764741535.519272,2025-12-03T08:58:55.519272,1850,0,0,-0.88,-0.38,0.1,-61.42,-74.9,-26.89,-21.43,6.86,0,0,0,53120,851.49,23.62,-0.2,0,0,0,0,-55,-0.3,-7,BEACON,"{""record_number"": 1850, ""operation_mode"": 0, ""state"": 0, ""battery_voltage"": 0, ""wifi_rssi"": -55, ""acc_data"": {""ax"": -0.88, ""ay"": -0.38, ""az"": 0.1, ""pitch"": -61.42, ""roll"": -74.9}, ""gyro_data"": {""gx"": -26.89, ""gy"": -21.43, ""gz"": 6.86}, ""gps_data"": {""latitude"": 0, ""longitude"": 0, ""gps_altitude"": 0, ""time"": 53120}, ""alt_data"": {""pressure"": 851.49, ""temperature"": 23.62, ""AGL"": -0.2, ""velocity"": 0, ""kalman_altitude"": -0.3, ""kalman_vertical_velocity"": -7}, ""chute_state"": {""pyro1_state"": 0, ""pyro2_state"": 0}, ""connection_status"": {""connected"": true, ""has_ever_connected"": true, ""packet_age_ms"": 1, ""timeout_exceeded"": false, ""rssi"": -55}, ""communication_mode"": ""BEACON"", ""timestamp"": 162650, ""packets_received"": 404, ""kalman_data"": {""altitude"": -0.3, ""vertical_velocity"": -7}, ""kalman_altitude"": -0.3, ""kalman_vertical_velocity"": -7, ""pyroDrogue"": 0, ""pyroMain"": 0, ""pyro1_state"": 0, ""pyro2_state"": 0}"
1764741535.65562,2025-12-03T08:58:55.655620,1854,0,0,-0.89,-0.35,0.12,-61.83,-72.65,-11.49,-22.93,3.05,0,0,0,53120,851.56,23.62,-0.91,0,0,0,0,-53,-0.64,-7.27,BEACON,"{""record_number"": 1854, ""operation_mode"": 0, ""state"": 0, ""battery_voltage"": 0, ""wifi_rssi"": -53, ""acc_data"": {""ax"": -0.89, ""ay"": -0.35, ""az"": 0.12, ""pitch"": -61.83, ""roll"": -72.65}, ""gyro_data"": {""gx"": -11.49, ""gy"": -22.93, ""gz"": 3.05}, ""gps_data"": {""latitude"": 0, ""longitude"": 0, ""gps_altitude"": 0, ""time"": 53120}, ""alt_data"": {""pressure"": 851.56, ""temperature"": 23.62, ""AGL"": -0.91, ""velocity"": 0, ""kalman_altitude"": -0.64, ""kalman_vertical_velocity"": -7.27}, ""chute_state"": {""pyro1_state"": 0, ""pyro2_state"": 0}, ""connection_status"": {""connected"": true, ""has_ever_connected"": true, ""packet_age_ms"": 0, ""timeout_exceeded"": false, ""rssi"": -53}, ""communication_mode"": ""BEACON"", ""timestamp"": 162762, ""packets_received"": 405, ""kalman_data"": {""altitude"": -0.64, ""vertical_velocity"": -7.27}, ""kalman_altitude"": -0.64, ""kalman_vertical_velocity"": -7.27, ""pyroDrogue"": 0, ""pyroMain"": 0, ""pyro1_state"": 0, ""pyro2_state"": 0}"
1764741535.721063,2025-12-03T08:58:55.721063,1858,0,0,-0.87,-0.37,0.1,-60.22,-74.13,-8.23,-16.83,13.54,0,0,0,53320,851.54,23.62,-0.71,0,0,0,0,-53,-0.66,-7.29,BEACON,"{""record_number"": 1858, ""operation_mode"": 0, ""state"": 0, ""battery_voltage"": 0, ""wifi_rssi"": -53, ""acc_data"": {""ax"": -0.87, ""ay"": -0.37, ""az"": 0.1, ""pitch"": -60.22, ""roll"": -74.13}, ""gyro_data"": {""gx"": -8.23, ""gy"": -16.83, ""gz"": 13.54}, ""gps_data"": {""latitude"": 0, ""longitude"": 0, ""gps_altitude"": 0, ""time"": 53320}, ""alt_data"": {""pressure"": 851.54, ""temperature"": 23.62, ""AGL"": -0.71, ""velocity"": 0, ""kalman_altitude"": -0.66, ""kalman_vertical_velocity"": -7.29}, ""chute_state"": {""pyro1_state"": 0, ""pyro2_state"": 0}, ""connection_status"": {""connected"": true, ""has_ever_connected"": true, ""packet_age_ms"": 0, ""timeout_exceeded"": false, ""rssi"": -53}, ""communication_mode"": ""BEACON"", ""timestamp"": 162875, ""packets_received"": 406, ""kalman_data"": {""altitude"": -0.66, ""vertical_velocity"": -7.29}, ""kalman_altitude"": -0.66, ""kalman_vertical_velocity"": -7.29, ""pyroDrogue"": 0, ""pyroMain"": 0, ""pyro1_state"": 0, ""pyro2_state"": 0}"
1764741535.766822,2025-12-03T08:58:55.766822,1863,0,0,-0.87,-0.34,0.1,-60.44,-75.67,-16.92,3.57,13.41,0,0,0,53519,851.49,23.61,-0.18,0,0,0,0,-56,-0.41,-7.11,BEACON,"{""record_number"": 1863, ""operation_mode"": 0, ""state"": 0, ""battery_voltage"": 0, ""wifi_rssi"": -56, ""acc_data"": {""ax"": -0.87, ""ay"": -0.34, ""az"": 0.1, ""pitch"": -60.44, ""roll"": -75.67}, ""gyro_data"": {""gx"": -16.92, ""gy"": 3.57, ""gz"": 13.41}, ""gps_data"": {""latitude"": 0, ""longitude"": 0, ""gps_altitude"": 0, ""time"": 53519}, ""alt_data"": {""pressure"": 851.49, ""temperature"": 23.61, ""AGL"": -0.18, ""velocity"": 0, ""kalman_altitude"": -0.41, ""kalman_vertical_velocity"": -7.11}, ""chute_state"": {""pyro1_state"": 0, ""pyro2_state"": 0}, ""connection_status"": {""connected"": true, ""has_ever_connected"": true, ""packet_age_ms"": 0, ""timeout_exceeded"": false, ""rssi"": -56}, ""communication_mode"": ""BEACON"", ""timestamp"": 162998, ""packets_received"": 407, ""kalman_data"": {""altitude"": -0.41, ""vertical_velocity"": -7.11}, ""kalman_altitude"": -0.41, ""kalman_vertical_velocity"": -7.11, ""pyroDrogue"": 0, ""pyroMain"": 0, ""pyro1_state"": 0, ""pyro2_state"": 0}"
1764741535.91676,2025-12-03T08:58:55.916760,1867,0,0,-0.84,-0.37,0.11,-56.89,-72.88,-10.43,2.5,5.27,0,0,0,53519,851.5,23.61,-0.32,0,0,0,0,-57,-0.37,-7.09,BEACON,"{""record_number"": 1867, ""operation_mode"": 0, ""state"": 0, ""battery_voltage"": 0, ""wifi_rssi"": -57, ""acc_data"": {""ax"": -0.84, ""ay"": -0.37, ""az"": 0.11, ""pitch"": -56.89, ""roll"": -72.88}, ""gyro_data"": {""gx"": -10.43, ""gy"": 2.5, ""gz"": 5.27}, ""gps_data"": {""latitude"": 0, ""longitude"": 0, ""gps_altitude"": 0, ""time"": 53519}, ""alt_data"": {""pressure"": 851.5, ""temperature"": 23.61, ""AGL"": -0.32, ""velocity"": 0, ""kalman_altitude"": -0.37, ""kalman_vertical_velocity"": -7.09}, ""chute_state"": {""pyro1_state"": 0, ""pyro2_state"": 0}, ""connection_status"": {""connected"": true, ""has_ever_connected"": true, ""packet_age_ms"": 0, ""timeout_exceeded"": false, ""rssi"": -57}, ""communication_mode"": ""BEACON"", ""timestamp"": 163101, ""packets_received"": 408, ""kalman_data"": {""altitude"": -0.37, ""vertical_velocity"": -7.09}, ""kalman_altitude"": -0.37, ""kalman_vertical_velocity"": -7.09, ""pyroDrogue"": 0, ""pyroMain"": 0, ""pyro1_state"": 0, ""pyro2_state"": 0}"
1764741535.984018,2025-12-03T08:58:55.984018,1871,0,0,-0.87,-0.32,0.1,-58.89,-73.56,-16.28,17.71,-19.33,0,0,0,53725,851.52,23.62,-0.55,0,0,0,0,-56,-0.55,-7.24,BEACON,"{""record_number"": 1871, ""operation_mode"": 0, ""state"": 0, ""battery_voltage"": 0, ""wifi_rssi"": -56, ""acc_data"": {""ax"": -0.87, ""ay"": -0.32, ""az"": 0.1, ""pitch"": -58.89, ""roll"": -73.56}, ""gyro_data"": {""gx"": -16.28, ""gy"": 17.71, ""gz"": -19.33}, ""gps_data"": {""latitude"": 0, ""longitude"": 0, ""gps_altitude"": 0, ""time"": 53725}, ""alt_data"": {""pressure"": 851.52, ""temperature"": 23.62, ""AGL"": -0.55, ""velocity"": 0, ""kalman_altitude"": -0.55, ""kalman_vertical_velocity"": -7.24}, ""chute_state"": {""pyro1_state"": 0, ""pyro2_state"": 0}, ""connection_status"": {""connected"": true, ""has_ever_connected"": true, ""packet_age_ms"": 0, ""timeout_exceeded"": false, ""rssi"": -56}, ""communication_mode"": ""BEACON"", ""timestamp"": 163217, ""packets_received"": 409, ""kalman_data"": {""altitude"": -0.55, ""vertical_velocity"": -7.24}, ""kalman_altitude"": -0.55, ""kalman_vertical_velocity"": -7.24, ""pyroDrogue"": 0, ""pyroMain"": 0, ""pyro1_state"": 0, ""pyro2_state"": 0}"
1764741536.049292,2025-12-03T08:58:56.049292,1875,0,0,-0.89,-0.41,0.09,-63.16,-78.63,-13.84,18.51,-9.21,0,0,0,53725,851.5,23.61,-0.32,0,0,0,0,-55,-0.44,-7.16,BEACON,"{""record_number"": 1875, ""operation_mode"": 0, ""state"": 0, ""battery_voltage"": 0, ""wifi_rssi"": -55, ""acc_data"": {""ax"": -0.89, ""ay"": -0.41, ""az"": 0.09, ""pitch"": -63.16, ""roll"": -78.63}, ""gyro_data"": {""gx"": -13.84, ""gy"": 18.51, ""gz"": -9.21}, ""gps_data"": {""latitude"": 0, ""longitude"": 0, ""gps_altitude"": 0, ""time"": 53725}, ""alt_data"": {""pressure"": 851.5, ""temperature"": 23.61, ""AGL"": -0.32, ""velocity"": 0, ""kalman_altitude"": -0.44, ""kalman_vertical_velocity"": -7.16}, ""chute_state"": {""pyro1_state"": 0, ""pyro2_state"": 0}, ""connection_status"": {""connected"": true, ""has_ever_connected"": true, ""packet_age_ms"": 1, ""timeout_exceeded"": false, ""rssi"": -55}, ""communication_mode"": ""BEACON"", ""timestamp"": 163328, ""packets_received"": 410, ""kalman_data"": {""altitude"": -0.44, ""vertical_velocity"": -7.16}, ""kalman_altitude"": -0.44, ""kalman_vertical_velocity"": -7.16, ""pyroDrogue"": 0, ""pyroMain"": 0, ""pyro1_state"": 0, ""pyro2_state"": 0}"
1764741536.111848,2025-12-03T08:58:56.111848,1880,0,0,-0.88,-0.35,0.08,-62.79,-77.14,-0.73,4.05,-3.08,0,0,0,53926,851.48,23.61,-0.15,0,0,0,0,-53,-0.29,-7.05,BEACON,"{""record_number"": 1880, ""operation_mode"": 0, ""state"": 0, ""battery_voltage"": 0, ""wifi_rssi"": -53, ""acc_data"": {""ax"": -0.88, ""ay"": -0.35, ""az"": 0.08, ""pitch"": -62.79, ""roll"": -77.14}, ""gyro_data"": {""gx"": -0.73, ""gy"": 4.05, ""gz"": -3.08}, ""gps_data"": {""latitude"": 0, ""longitude"": 0, ""gps_altitude"": 0, ""time"": 53926}, ""alt_data"": {""pressure"": 851.48, ""temperature"": 23.61, ""AGL"": -0.15, ""velocity"": 0, ""kalman_altitude"": -0.29, ""kalman_vertical_velocity"": -7.05}, ""chute_state"": {""pyro1_state"": 0, ""pyro2_state"": 0}, ""connection_status"": {""connected"": true, ""has_ever_connected"": true, ""packet_age_ms"": 1, ""timeout_exceeded"": false, ""rssi"": -53}, ""communication_mode"": ""BEACON"", ""timestamp"": 163442, ""packets_received"": 411, ""kalman_data"": {""altitude"": -0.29, ""vertical_velocity"": -7.05}, ""kalman_altitude"": -0.29, ""kalman_vertical_velocity"": -7.05, ""pyroDrogue"": 0, ""pyroMain"": 0, ""pyro1_state"": 0, ""pyro2_state"": 0}"
1764741536.156086,2025-12-03T08:58:56.156086,1884,0,0,-0.88,-0.34,0.08,-60.9,-78.11,2.59,-4.51,6.13,0,0,0,53926,851.46,23.6,0.04,0,0,0,0,-54,-0.08,-6.92,BEACON,"{""record_number"": 1884, ""operation_mode"": 0, ""state"": 0, ""battery_voltage"": 0, ""wifi_rssi"": -54, ""acc_data"": {""ax"": -0.88, ""ay"": -0.34, ""az"": 0.08, ""pitch"": -60.9, ""roll"": -78.11}, ""gyro_data"": {""gx"": 2.59, ""gy"": -4.51, ""gz"": 6.13}, ""gps_data"": {""latitude"": 0, ""longitude"": 0, ""gps_altitude"": 0, ""time"": 53926}, ""alt_data"": {""pressure"": 851.46, ""temperature"": 23.6, ""AGL"": 0.04, ""velocity"": 0, ""kalman_altitude"": -0.08, ""kalman_vertical_velocity"": -6.92}, ""chute_state"": {""pyro1_state"": 0, ""pyro2_state"": 0}, ""connection_status"": {""connected"": true, ""has_ever_connected"": true, ""packet_age_ms"": 0, ""timeout_exceeded"": false, ""rssi"": -54}, ""communication_mode"": ""BEACON"", ""timestamp"": 163553, ""packets_received"": 412, ""kalman_data"": {""altitude"": -0.08, ""vertical_velocity"": -6.92}, ""kalman_altitude"": -0.08, ""kalman_vertical_velocity"": -6.92, ""pyroDrogue"": 0, ""pyroMain"": 0, ""pyro1_state"": 0, ""pyro2_state"": 0}"
1764741536.245452,2025-12-03T08:58:56.245452,1888,0,0,-0.88,-0.35,0.07,-62.55,-79.1,0.09,9.94,6.65,0,0,0,54125,851.55,23.62,-0.85,0,0,0,0,-54,-0.52,-7.26,BEACON,"{""record_number"": 1888, ""operation_mode"": 0, ""state"": 0, ""battery_voltage"": 0, ""wifi_rssi"": -54, ""acc_data"": {""ax"": -0.88, ""ay"": -0.35, ""az"": 0.07, ""pitch"": -62.55, ""roll"": -79.1}, ""gyro_data"": {""gx"": 0.09, ""gy"": 9.94, ""gz"": 6.65}, ""gps_data"": {""latitude"": 0, ""longitude"": 0, ""gps_altitude"": 0, ""time"": 54125}, ""alt_data"": {""pressure"": 851.55, ""temperature"": 23.62, ""AGL"": -0.85, ""velocity"": 0, ""kalman_altitude"": -0.52, ""kalman_vertical_velocity"": -7.26}, ""chute_state"": {""pyro1_state"": 0, ""pyro2_state"": 0}, ""connection_status"": {""connected"": true, ""has_ever_connected"": true, ""packet_age_ms"": 0, ""timeout_exceeded"": false, ""rssi"": -54}, ""communication_mode"": ""BEACON"", ""timestamp"": 163666, ""packets_received"": 413, ""kalman_data"": {""altitude"": -0.52, ""vertical_velocity"": -7.26}, ""kalman_altitude"": -0.52, ""kalman_vertical_velocity"": -7.26, ""pyroDrogue"": 0, ""pyroMain"": 0, ""pyro1_state"": 0, ""pyro2_state"": 0}"
1764741536.300747,2025-12-03T08:58:56.300747,1893,0,0,-0.88,-0.35,0.08,-61.65,-78.55,1.68,-4.12,11.52,0,0,0,54125,851.51,23.6,-0.38,0,0,0,0,-55,-0.46,-7.21,BEACON,"{""record_number"": 1893, ""operation_mode"": 0, ""state"": 0, ""battery_voltage"": 0, ""wifi_rssi"": -55, ""acc_data"": {""ax"": -0.88, ""ay"": -0.35, ""az"": 0.08, ""pitch"": -61.65, ""roll"": -78.55}, ""gyro_data"": {""gx"": 1.68, ""gy"": -4.12, ""gz"": 11.52}, ""gps_data"": {""latitude"": 0, ""longitude"": 0, ""gps_altitude"": 0, ""time"": 54125}, ""alt_data"": {""pressure"": 851.51, ""temperature"": 23.6, ""AGL"": -0.38, ""velocity"": 0, ""kalman_altitude"": -0.46, ""kalman_vertical_velocity"": -7.21}, ""chute_state"": {""pyro1_state"": 0, ""pyro2_state"": 0}, ""connection_status"": {""connected"": true, ""has_ever_connected"": true, ""packet_age_ms"": 0, ""timeout_exceeded"": false, ""rssi"": -55}, ""communication_mode"": ""BEACON"", ""timestamp"": 163779, ""packets_received"": 414, ""kalman_data"": {""altitude"": -0.46, ""vertical_velocity"": -7.21}, ""kalman_altitude"": -0.46, ""kalman_vertical_velocity"": -7.21, ""pyroDrogue"": 0, ""pyroMain"": 0, ""pyro1_state"": 0, ""pyro2_state"": 0}"
1764741536.347954,2025-12-03T08:58:56.347954,1897,0,0,-0.88,-0.34,0.07,-62.43,-78.18,2.44,-9.45,8.66,0,0,0,54326,851.48,23.6,-0.09,0,0,0,0,-56,-0.24,-7.07,BEACON,"{""record_number"": 1897, ""operation_mode"": 0, ""state"": 0, ""battery_voltage"": 0, ""wifi_rssi"": -56, ""acc_data"": {""ax"": -0.88, ""ay"": -0.34, ""az"": 0.07, ""pitch"": -62.43, ""roll"": -78.18}, ""gyro_data"": {""gx"": 2.44, ""gy"": -9.45, ""gz"": 8.66}, ""gps_data"": {""latitude"": 0, ""longitude"": 0, ""gps_altitude"": 0, ""time"": 54326}, ""alt_data"": {""pressure"": 851.48, ""temperature"": 23.6, ""AGL"": -0.09, ""velocity"": 0, ""kalman_altitude"": -0.24, ""kalman_vertical_velocity"": -7.07}, ""chute_state"": {""pyro1_state"": 0, ""pyro2_state"": 0}, ""connection_status"": {""connected"": true, ""has_ever_connected"": true, ""packet_age_ms"": 1, ""timeout_exceeded"": false, ""rssi"": -56}, ""communication_mode"": ""BEACON"", ""timestamp"": 163894, ""packets_received"": 415, ""kalman_data"": {""altitude"": -0.24, ""vertical_velocity"": -7.07}, ""kalman_altitude"": -0.24, ""kalman_vertical_velocity"": -7.07, ""pyroDrogue"": 0, ""pyroMain"": 0, ""pyro1_state"": 0, ""pyro2_state"": 0}"
1764741536.47824,2025-12-03T08:58:56.478240,1901,0,0,-0.88,-0.31,0.07,-62.61,-77.55,3.26,-6.59,3.75,0,0,0,54526,851.54,23.61,-0.68,0,0,0,0,-55,-0.5,-7.27,BEACON,"{""record_number"": 1901, ""operation_mode"": 0, ""state"": 0, ""battery_voltage"": 0, ""wifi_rssi"": -55, ""acc_data"": {""ax"": -0.88, ""ay"": -0.31, ""az"": 0.07, ""pitch"": -62.61, ""roll"": -77.55}, ""gyro_data"": {""gx"": 3.26, ""gy"": -6.59, ""gz"": 3.75}, ""gps_data"": {""latitude"": 0, ""longitude"": 0, ""gps_altitude"": 0, ""time"": 54526}, ""alt_data"": {""pressure"": 851.54, ""temperature"": 23.61, ""AGL"": -0.68, ""velocity"": 0, ""kalman_altitude"": -0.5, ""kalman_vertical_velocity"": -7.27}, ""chute_state"": {""pyro1_state"": 0, ""pyro2_state"": 0}, ""connection_status"": {""connected"": true, ""has_ever_connected"": true, ""packet_age_ms"": 0, ""timeout_exceeded"": false, ""rssi"": -55}, ""communication_mode"": ""BEACON"", ""timestamp"": 164005, ""packets_received"": 416, ""kalman_data"": {""altitude"": -0.5, ""vertical_velocity"": -7.27}, ""kalman_altitude"": -0.5, ""kalman_vertical_velocity"": -7.27, ""pyroDrogue"": 0, ""pyroMain"": 0, ""pyro1_state"": 0, ""pyro2_state"": 0}"
1764741536.961568,2025-12-03T08:58:56.961568,1906,0,0,-0.88,-0.33,0.1,-62.79,-72.31,-1.89,5.24,-3.14,0,0,0,54526,851.53,23.61,-0.64,0,0,0,0,-54,-0.59,-7.35,BEACON,"{""record_number"": 1906, ""operation_mode"": 0, ""state"": 0, ""battery_voltage"": 0, ""wifi_rssi"": -54, ""acc_data"": {""ax"": -0.88, ""ay"": -0.33, ""az"": 0.1, ""pitch"": -62.79, ""roll"": -72.31}, ""gyro_data"": {""gx"": -1.89, ""gy"": 5.24, ""gz"": -3.14}, ""gps_data"": {""latitude"": 0, ""longitude"": 0, ""gps_altitude"": 0, ""time"": 54526}, ""alt_data"": {""pressure"": 851.53, ""temperature"": 23.61, ""AGL"": -0.64, ""velocity"": 0, ""kalman_altitude"": -0.59, ""kalman_vertical_velocity"": -7.35}, ""chute_state"": {""pyro1_state"": 0, ""pyro2_state"": 0}, ""connection_status"": {""connected"": true, ""has_ever_connected"": true, ""packet_age_ms"": 0, ""timeout_exceeded"": false, ""rssi"": -54}, ""communication_mode"": ""BEACON"", ""timestamp"": 164117, ""packets_received"": 417, ""kalman_data"": {""altitude"": -0.59, ""vertical_velocity"": -7.35}, ""kalman_altitude"": -0.59, ""kalman_vertical_velocity"": -7.35, ""pyroDrogue"": 0, ""pyroMain"": 0, ""pyro1_state"": 0, ""pyro2_state"": 0}"
1764741537.081212,2025-12-03T08:58:57.081212,1910,0,0,-0.89,-0.32,0.1,-61.54,-72.99,7.5,-6.89,-0.12,0,0,0,54730,851.52,23.61,-0.47,0,0,0,0,-54,-0.54,-7.32,BEACON,"{""record_number"": 1910, ""operation_mode"": 0, ""state"": 0, ""battery_voltage"": 0, ""wifi_rssi"": -54, ""acc_data"": {""ax"": -0.89, ""ay"": -0.32, ""az"": 0.1, ""pitch"": -61.54, ""roll"": -72.99}, ""gyro_data"": {""gx"": 7.5, ""gy"": -6.89, ""gz"": -0.12}, ""gps_data"": {""latitude"": 0, ""longitude"": 0, ""gps_altitude"": 0, ""time"": 54730}, ""alt_data"": {""pressure"": 851.52, ""temperature"": 23.61, ""AGL"": -0.47, ""velocity"": 0, ""kalman_altitude"": -0.54, ""kalman_vertical_velocity"": -7.32}, ""chute_state"": {""pyro1_state"": 0, ""pyro2_state"": 0}, ""connection_status"": {""connected"": true, ""has_ever_connected"": true, ""packet_age_ms"": 1, ""timeout_exceeded"": false, ""rssi"": -54}, ""communication_mode"": ""BEACON"", ""timestamp"": 164231, ""packets_received"": 418, ""kalman_data"": {""altitude"": -0.54, ""vertical_velocity"": -7.32}, ""kalman_altitude"": -0.54, ""kalman_vertical_velocity"": -7.32, ""pyroDrogue"": 0, ""pyroMain"": 0, ""pyro1_state"": 0, ""pyro2_state"": 0}"
1764741537.127474,2025-12-03T08:58:57.127474,1914,0,0,-0.9,-0.32,0.07,-63.29,-75.89,7.47,-12.04,1.22,0,0,0,54730,851.55,23.62,-0.84,0,0,0,0,-54,-0.72,-7.46,BEACON,"{""record_number"": 1914, ""operation_mode"": 0, ""state"": 0, ""battery_voltage"": 0, ""wifi_rssi"": -54, ""acc_data"": {""ax"": -0.9, ""ay"": -0.32, ""az"": 0.07, ""pitch"": -63.29, ""roll"": -75.89}, ""gyro_data"": {""gx"": 7.47, ""gy"": -12.04, ""gz"": 1.22}, ""gps_data"": {""latitude"": 0, ""longitude"": 0, ""gps_altitude"": 0, ""time"": 54730}, ""alt_data"": {""pressure"": 851.55, ""temperature"": 23.62, ""AGL"": -0.84, ""velocity"": 0, ""kalman_altitude"": -0.72, ""kalman_vertical_velocity"": -7.46}, ""chute_state"": {""pyro1_state"": 0, ""pyro2_state"": 0}, ""connection_status"": {""connected"": true, ""has_ever_connected"": true, ""packet_age_ms"": 0, ""timeout_exceeded"": false, ""rssi"": -54}, ""communication_mode"": ""BEACON"", ""timestamp"": 164344, ""packets_received"": 419, ""kalman_data"": {""altitude"": -0.72, ""vertical_velocity"": -7.46}, ""kalman_altitude"": -0.72, ""kalman_vertical_velocity"": -7.46, ""pyroDrogue"": 0, ""pyroMain"": 0, ""pyro1_state"": 0, ""pyro2_state"": 0}"
1764741537.20194,2025-12-03T08:58:57.201940,1919,0,0,-0.89,-0.33,0.09,-62.67,-74.54,3.02,-1.77,-9.27,0,0,0,54931,851.48,23.6,-0.09,0,0,0,0,-55,-0.37,-7.21,BEACON,"{""record_number"": 1919, ""operation_mode"": 0, ""state"": 0, ""battery_voltage"": 0, ""wifi_rssi"": -55, ""acc_data"": {""ax"": -0.89, ""ay"": -0.33, ""az"": 0.09, ""pitch"": -62.67, ""roll"": -74.54}, ""gyro_data"": {""gx"": 3.02, ""gy"": -1.77, ""gz"": -9.27}, ""gps_data"": {""latitude"": 0, ""longitude"": 0, ""gps_altitude"": 0, ""time"": 54931}, ""alt_data"": {""pressure"": 851.48, ""temperature"": 23.6, ""AGL"": -0.09, ""velocity"": 0, ""kalman_altitude"": -0.37, ""kalman_vertical_velocity"": -7.21}, ""chute_state"": {""pyro1_state"": 0, ""pyro2_state"": 0}, ""connection_status"": {""connected"": true, ""has_ever_connected"": true, ""packet_age_ms"": 1, ""timeout_exceeded"": false, ""rssi"": -55}, ""communication_mode"": ""BEACON"", ""timestamp"": 164456, ""packets_received"": 420, ""kalman_data"": {""altitude"": -0.37, ""vertical_velocity"": -7.21}, ""kalman_altitude"": -0.37, ""kalman_vertical_velocity"": -7.21, ""pyroDrogue"": 0, ""pyroMain"": 0, ""pyro1_state"": 0, ""pyro2_state"": 0}"
1764741537.292028,2025-12-03T08:58:57.292028,1923,0,0,-0.89,-0.31,0.1,-62.01,-74.4,1.19,-4.15,-12.96,0,0,0,54931,851.52,23.61,-0.47,0,0,0,0,-55,-0.43,-7.27,BEACON,"{""record_number"": 1923, ""operation_mode"": 0, ""state"": 0, ""battery_voltage"": 0, ""wifi_rssi"": -55, ""acc_data"": {""ax"": -0.89, ""ay"": -0.31, ""az"": 0.1, ""pitch"": -62.01, ""roll"": -74.4}, ""gyro_data"": {""gx"": 1.19, ""gy"": -4.15, ""gz"": -12.96}, ""gps_data"": {""latitude"": 0, ""longitude"": 0, ""gps_altitude"": 0, ""time"": 54931}, ""alt_data"": {""pressure"": 851.52, ""temperature"": 23.61, ""AGL"": -0.47, ""velocity"": 0, ""kalman_altitude"": -0.43, ""kalman_vertical_velocity"": -7.27}, ""chute_state"": {""pyro1_state"": 0, ""pyro2_state"": 0}, ""connection_status"": {""connected"": true, ""has_ever_connected"": true, ""packet_age_ms"": 0, ""timeout_exceeded"": false, ""rssi"": -55}, ""communication_mode"": ""BEACON"", ""timestamp"": 164568, ""packets_received"": 421, ""kalman_data"": {""altitude"": -0.43, ""vertical_velocity"": -7.27}, ""kalman_altitude"": -0.43, ""kalman_vertical_velocity"": -7.27, ""pyroDrogue"": 0, ""pyroMain"": 0, ""pyro1_state"": 0, ""pyro2_state"": 0}"
1764741537.384134,2025-12-03T08:58:57.384134,1927,0,0,-0.88,-0.33,0.08,-61.24,-75.38,-0.67,-21.62,-9.57,0,0,0,55131,851.55,23.62,-0.8,0,0,0,0,-55,-0.62,-7.42,BEACON,"{""record_number"": 1927, ""operation_mode"": 0, ""state"": 0, ""battery_voltage"": 0, ""wifi_rssi"": -55, ""acc_data"": {""ax"": -0.88, ""ay"": -0.33, ""az"": 0.08, ""pitch"": -61.24, ""roll"": -75.38}, ""gyro_data"": {""gx"": -0.67, ""gy"": -21.62, ""gz"": -9.57}, ""gps_data"": {""latitude"": 0, ""longitude"": 0, ""gps_altitude"": 0, ""time"": 55131}, ""alt_data"": {""pressure"": 851.55, ""temperature"": 23.62, ""AGL"": -0.8, ""velocity"": 0, ""kalman_altitude"": -0.62, ""kalman_vertical_velocity"": -7.42}, ""chute_state"": {""pyro1_state"": 0, ""pyro2_state"": 0}, ""connection_status"": {""connected"": true, ""has_ever_connected"": true, ""packet_age_ms"": 1, ""timeout_exceeded"": false, ""rssi"": -55}, ""communication_mode"": ""BEACON"", ""timestamp"": 164682, ""packets_received"": 422, ""kalman_data"": {""altitude"": -0.62, ""vertical_velocity"": -7.42}, ""kalman_altitude"": -0.62, ""kalman_vertical_velocity"": -7.42, ""pyroDrogue"": 0, ""pyroMain"": 0, ""pyro1_state"": 0, ""pyro2_state"": 0}"
1764741537.427407,2025-12-03T08:58:57.427407,1932,0,0,-0.87,-0.33,0.11,-59.99,-72.72,-0.03,-6.1,-14.73,0,0,0,55331,851.53,23.61,-0.61,0,0,0,0,-54,-0.63,-7.43,BEACON,"{""record_number"": 1932, ""operation_mode"": 0, ""state"": 0, ""battery_voltage"": 0, ""wifi_rssi"": -54, ""acc_data"": {""ax"": -0.87, ""ay"": -0.33, ""az"": 0.11, ""pitch"": -59.99, ""roll"": -72.72}, ""gyro_data"": {""gx"": -0.03, ""gy"": -6.1, ""gz"": -14.73}, ""gps_data"": {""latitude"": 0, ""longitude"": 0, ""gps_altitude"": 0, ""time"": 55331}, ""alt_data"": {""pressure"": 851.53, ""temperature"": 23.61, ""AGL"": -0.61, ""velocity"": 0, ""kalman_altitude"": -0.63, ""kalman_vertical_velocity"": -7.43}, ""chute_state"": {""pyro1_state"": 0, ""pyro2_state"": 0}, ""connection_status"": {""connected"": true, ""has_ever_connected"": true, ""packet_age_ms"": 0, ""timeout_exceeded"": false, ""rssi"": -54}, ""communication_mode"": ""BEACON"", ""timestamp"": 164794, ""packets_received"": 423, ""kalman_data"": {""altitude"": -0.63, ""vertical_velocity"": -7.43}, ""kalman_altitude"": -0.63, ""kalman_vertical_velocity"": -7.43, ""pyroDrogue"": 0, ""pyroMain"": 0, ""pyro1_state"": 0, ""pyro2_state"": 0}"
1764741537.55583,2025-12-03T08:58:57.555830,1936,0,0,-0.89,-0.33,0.09,-62.37,-73.72,-5.46,2.84,-15.34,0,0,0,55331,851.51,23.6,-0.37,0,0,0,0,-53,-0.49,-7.34,BEACON,"{""record_number"": 1936, ""operation_mode"": 0, ""state"": 0, ""battery_voltage"": 0, ""wifi_rssi"": -53, ""acc_data"": {""ax"": -0.89, ""ay"": -0.33, ""az"": 0.09, ""pitch"": -62.37, ""roll"": -73.72}, ""gyro_data"": {""gx"": -5.46, ""gy"": 2.84, ""gz"": -15.34}, ""gps_data"": {""latitude"": 0, ""longitude"": 0, ""gps_altitude"": 0, ""time"": 55331}, ""alt_data"": {""pressure"": 851.51, ""temperature"": 23.6, ""AGL"": -0.37, ""velocity"": 0, ""kalman_altitude"": -0.49, ""kalman_vertical_velocity"": -7.34}, ""chute_state"": {""pyro1_state"": 0, ""pyro2_state"": 0}, ""connection_status"": {""connected"": true, ""has_ever_connected"": true, ""packet_age_ms"": 0, ""timeout_exceeded"": false, ""rssi"": -53}, ""communication_mode"": ""BEACON"", ""timestamp"": 164907, ""packets_received"": 424, ""kalman_data"": {""altitude"": -0.49, ""vertical_velocity"": -7.34}, ""kalman_altitude"": -0.49, ""kalman_vertical_velocity"": -7.34, ""pyroDrogue"": 0, ""pyroMain"": 0, ""pyro1_state"": 0, ""pyro2_state"": 0}"
1764741537.606746,2025-12-03T08:58:57.606746,1940,0,0,-0.87,-0.33,0.08,-61.01,-75.72,-10.91,-13.6,-7.77,0,0,0,55531,851.51,23.62,-0.41,0,0,0,0,-55,-0.49,-7.35,BEACON,"{""record_number"": 1940, ""operation_mode"": 0, ""state"": 0, ""battery_voltage"": 0, ""wifi_rssi"": -55, ""acc_data"": {""ax"": -0.87, ""ay"": -0.33, ""az"": 0.08, ""pitch"": -61.01, ""roll"": -75.72}, ""gyro_data"": {""gx"": -10.91, ""gy"": -13.6, ""gz"": -7.77}, ""gps_data"": {""latitude"": 0, ""longitude"": 0, ""gps_altitude"": 0, ""time"": 55531}, ""alt_data"": {""pressure"": 851.51, ""temperature"": 23.62, ""AGL"": -0.41, ""velocity"": 0, ""kalman_altitude"": -0.49, ""kalman_vertical_velocity"": -7.35}, ""chute_state"": {""pyro1_state"": 0, ""pyro2_state"": 0}, ""connection_status"": {""connected"": true, ""has_ever_connected"": true, ""packet_age_ms"": 1, ""timeout_exceeded"": false, ""rssi"": -55}, ""communication_mode"": ""BEACON"", ""timestamp"": 165021, ""packets_received"": 425, ""kalman_data"": {""altitude"": -0.49, ""vertical_velocity"": -7.35}, ""kalman_altitude"": -0.49, ""kalman_vertical_velocity"": -7.35, ""pyroDrogue"": 0, ""pyroMain"": 0, ""pyro1_state"": 0, ""pyro2_state"": 0}"
1764741537.690179,2025-12-03T08:58:57.690179,1944,0,0,-0.88,-0.34,0.1,-60.38,-73.35,-15.76,5.67,-12.23,0,0,0,55531,851.54,23.61,-0.68,0,0,0,0,-54,-0.61,-7.45,BEACON,"{""record_number"": 1944, ""operation_mode"": 0, ""state"": 0, ""battery_voltage"": 0, ""wifi_rssi"": -54, ""acc_data"": {""ax"": -0.88, ""ay"": -0.34, ""az"": 0.1, ""pitch"": -60.38, ""roll"": -73.35}, ""gyro_data"": {""gx"": -15.76, ""gy"": 5.67, ""gz"": -12.23}, ""gps_data"": {""latitude"": 0, ""longitude"": 0, ""gps_altitude"": 0, ""time"": 55531}, ""alt_data"": {""pressure"": 851.54, ""temperature"": 23.61, ""AGL"": -0.68, ""velocity"": 0, ""kalman_altitude"": -0.61, ""kalman_vertical_velocity"": -7.45}, ""chute_state"": {""pyro1_state"": 0, ""pyro2_state"": 0}, ""connection_status"": {""connected"": true, ""has_ever_connected"": true, ""packet_age_ms"": 1, ""timeout_exceeded"": false, ""rssi"": -54}, ""communication_mode"": ""BEACON"", ""timestamp"": 165134, ""packets_received"": 426, ""kalman_data"": {""altitude"": -0.61, ""vertical_velocity"": -7.45}, ""kalman_altitude"": -0.61, ""kalman_vertical_velocity"": -7.45, ""pyroDrogue"": 0, ""pyroMain"": 0, ""pyro1_state"": 0, ""pyro2_state"": 0}"
1764741537.761555,2025-12-03T08:58:57.761555,1949,0,0,-0.89,-0.34,0.1,-62.98,-73.87,-7.65,-3.96,-4.48,0,0,0,55735,851.54,23.62,-0.69,0,0,0,0,-55,-0.67,-7.5,BEACON,"{""record_number"": 1949, ""operation_mode"": 0, ""state"": 0, ""battery_voltage"": 0, ""wifi_rssi"": -55, ""acc_data"": {""ax"": -0.89, ""ay"": -0.34, ""az"": 0.1, ""pitch"": -62.98, ""roll"": -73.87}, ""gyro_data"": {""gx"": -7.65, ""gy"": -3.96, ""gz"": -4.48}, ""gps_data"": {""latitude"": 0, ""longitude"": 0, ""gps_altitude"": 0, ""time"": 55735}, ""alt_data"": {""pressure"": 851.54, ""temperature"": 23.62, ""AGL"": -0.69, ""velocity"": 0, ""kalman_altitude"": -0.67, ""kalman_vertical_velocity"": -7.5}, ""chute_state"": {""pyro1_state"": 0, ""pyro2_state"": 0}, ""connection_status"": {""connected"": true, ""has_ever_connected"": true, ""packet_age_ms"": 0, ""timeout_exceeded"": false, ""rssi"": -55}, ""communication_mode"": ""BEACON"", ""timestamp"": 165246, ""packets_received"": 427, ""kalman_data"": {""altitude"": -0.67, ""vertical_velocity"": -7.5}, ""kalman_altitude"": -0.67, ""kalman_vertical_velocity"": -7.5, ""pyroDrogue"": 0, ""pyroMain"": 0, ""pyro1_state"": 0, ""pyro2_state"": 0}"
1764741537.885354,2025-12-03T08:58:57.885354,1953,0,0,-0.88,-0.32,0.08,-61.83,-75.12,-10.52,-2.41,-2.32,0,0,0,55735,851.55,23.62,-0.76,0,0,0,0,-55,-0.79,-7.6,BEACON,"{""record_number"": 1953, ""operation_mode"": 0, ""state"": 0, ""battery_voltage"": 0, ""wifi_rssi"": -55, ""acc_data"": {""ax"": -0.88, ""ay"": -0.32, ""az"": 0.08, ""pitch"": -61.83, ""roll"": -75.12}, ""gyro_data"": {""gx"": -10.52, ""gy"": -2.41, ""gz"": -2.32}, ""gps_data"": {""latitude"": 0, ""longitude"": 0, ""gps_altitude"": 0, ""time"": 55735}, ""alt_data"": {""pressure"": 851.55, ""temperature"": 23.62, ""AGL"": -0.76, ""velocity"": 0, ""kalman_altitude"": -0.79, ""kalman_vertical_velocity"": -7.6}, ""chute_state"": {""pyro1_state"": 0, ""pyro2_state"": 0}, ""connection_status"": {""connected"": true, ""has_ever_connected"": true, ""packet_age_ms"": 1, ""timeout_exceeded"": false, ""rssi"": -55}, ""communication_mode"": ""BEACON"", ""timestamp"": 165359, ""packets_received"": 428, ""kalman_data"": {""altitude"": -0.79, ""vertical_velocity"": -7.6}, ""kalman_altitude"": -0.79, ""kalman_vertical_velocity"": -7.6, ""pyroDrogue"": 0, ""pyroMain"": 0, ""pyro1_state"": 0, ""pyro2_state"": 0}"
1764741537.939168,2025-12-03T08:58:57.939168,1957,0,0,-0.87,-0.33,0.1,-62.07,-73.97,-9.36,0.12,-0.61,0,0,0,55936,851.58,23.63,-1.07,0,0,0,0,-55,-0.97,-7.73,BEACON,"{""record_number"": 1957, ""operation_mode"": 0, ""state"": 0, ""battery_voltage"": 0, ""wifi_rssi"": -55, ""acc_data"": {""ax"": -0.87, ""ay"": -0.33, ""az"": 0.1, ""pitch"": -62.07, ""roll"": -73.97}, ""gyro_data"": {""gx"": -9.36, ""gy"": 0.12, ""gz"": -0.61}, ""gps_data"": {""latitude"": 0, ""longitude"": 0, ""gps_altitude"": 0, ""time"": 55936}, ""alt_data"": {""pressure"": 851.58, ""temperature"": 23.63, ""AGL"": -1.07, ""velocity"": 0, ""kalman_altitude"": -0.97, ""kalman_vertical_velocity"": -7.73}, ""chute_state"": {""pyro1_state"": 0, ""pyro2_state"": 0}, ""connection_status"": {""connected"": true, ""has_ever_connected"": true, ""packet_age_ms"": 0, ""timeout_exceeded"": false, ""rssi"": -55}, ""communication_mode"": ""BEACON"", ""timestamp"": 165471, ""packets_received"": 429, ""kalman_data"": {""altitude"": -0.97, ""vertical_velocity"": -7.73}, ""kalman_altitude"": -0.97, ""kalman_vertical_velocity"": -7.73, ""pyroDrogue"": 0, ""pyroMain"": 0, ""pyro1_state"": 0, ""pyro2_state"": 0}"
1764741538.049601,2025-12-03T08:58:58.049601,1961,0,0,-0.86,-0.34,0.11,-59.82,-72.94,-10.95,-3.63,-1.01,0,0,0,55936,851.54,23.62,-0.73,0,0,0,0,-53,-0.84,-7.64,BEACON,"{""record_number"": 1961, ""operation_mode"": 0, ""state"": 0, ""battery_voltage"": 0, ""wifi_rssi"": -53, ""acc_data"": {""ax"": -0.86, ""ay"": -0.34, ""az"": 0.11, ""pitch"": -59.82, ""roll"": -72.94}, ""gyro_data"": {""gx"": -10.95, ""gy"": -3.63, ""gz"": -1.01}, ""gps_data"": {""latitude"": 0, ""longitude"": 0, ""gps_altitude"": 0, ""time"": 55936}, ""alt_data"": {""pressure"": 851.54, ""temperature"": 23.62, ""AGL"": -0.73, ""velocity"": 0, ""kalman_altitude"": -0.84, ""kalman_vertical_velocity"": -7.64}, ""chute_state"": {""pyro1_state"": 0, ""pyro2_state"": 0}, ""connection_status"": {""connected"": true, ""has_ever_connected"": true, ""packet_age_ms"": 1, ""timeout_exceeded"": false, ""rssi"": -53}, ""communication_mode"": ""BEACON"", ""timestamp"": 165585, ""packets_received"": 430, ""kalman_data"": {""altitude"": -0.84, ""vertical_velocity"": -7.64}, ""kalman_altitude"": -0.84, ""kalman_vertical_velocity"": -7.64, ""pyroDrogue"": 0, ""pyroMain"": 0, ""pyro1_state"": 0, ""pyro2_state"": 0}"
1764741538.268277,2025-12-03T08:58:58.268277,1966,0,0,-0.9,-0.32,0.1,-63.41,-72.1,-8.29,9.63,-2.77,0,0,0,56135,851.56,23.62,-0.92,0,0,0,0,-54,-0.95,-7.74,BEACON,"{""record_number"": 1966, ""operation_mode"": 0, ""state"": 0, ""battery_voltage"": 0, ""wifi_rssi"": -54, ""acc_data"": {""ax"": -0.9, ""ay"": -0.32, ""az"": 0.1, ""pitch"": -63.41, ""roll"": -72.1}, ""gyro_data"": {""gx"": -8.29, ""gy"": 9.63, ""gz"": -2.77}, ""gps_data"": {""latitude"": 0, ""longitude"": 0, ""gps_altitude"": 0, ""time"": 56135}, ""alt_data"": {""pressure"": 851.56, ""temperature"": 23.62, ""AGL"": -0.92, ""velocity"": 0, ""kalman_altitude"": -0.95, ""kalman_vertical_velocity"": -7.74}, ""chute_state"": {""pyro1_state"": 0, ""pyro2_state"": 0}, ""connection_status"": {""connected"": true, ""has_ever_connected"": true, ""packet_age_ms"": 0, ""timeout_exceeded"": false, ""rssi"": -54}, ""communication_mode"": ""BEACON"", ""timestamp"": 165697, ""packets_received"": 431, ""kalman_data"": {""altitude"": -0.95, ""vertical_velocity"": -7.74}, ""kalman_altitude"": -0.95, ""kalman_vertical_velocity"": -7.74, ""pyroDrogue"": 0, ""pyroMain"": 0, ""pyro1_state"": 0, ""pyro2_state"": 0}"
1764741538.368194,2025-12-03T08:58:58.368194,1970,0,0,-0.88,-0.34,0.09,-62.43,-76.31,-1.28,-5.37,11.43,0,0,0,56335,851.56,23.63,-0.9,0,0,0,0,-54,-0.93,-7.73,BEACON,"{""record_number"": 1970, ""operation_mode"": 0, ""state"": 0, ""battery_voltage"": 0, ""wifi_rssi"": -54, ""acc_data"": {""ax"": -0.88, ""ay"": -0.34, ""az"": 0.09, ""pitch"": -62.43, ""roll"": -76.31}, ""gyro_data"": {""gx"": -1.28, ""gy"": -5.37, ""gz"": 11.43}, ""gps_data"": {""latitude"": 0, ""longitude"": 0, ""gps_altitude"": 0, ""time"": 56335}, ""alt_data"": {""pressure"": 851.56, ""temperature"": 23.63, ""AGL"": -0.9, ""velocity"": 0, ""kalman_altitude"": -0.93, ""kalman_vertical_velocity"": -7.73}, ""chute_state"": {""pyro1_state"": 0, ""pyro2_state"": 0}, ""connection_status"": {""connected"": true, ""has_ever_connected"": true, ""packet_age_ms"": 0, ""timeout_exceeded"": false, ""rssi"": -54}, ""communication_mode"": ""BEACON"", ""timestamp"": 165810, ""packets_received"": 432, ""kalman_data"": {""altitude"": -0.93, ""vertical_velocity"": -7.73}, ""kalman_altitude"": -0.93, ""kalman_vertical_velocity"": -7.73, ""pyroDrogue"": 0, ""pyroMain"": 0, ""pyro1_state"": 0, ""pyro2_state"": 0}"
1764741538.404323,2025-12-03T08:58:58.404323,1974,0,0,-0.88,-0.33,0.08,-62.86,-74.07,-11.71,0.76,5.34,0,0,0,56335,851.54,23.62,-0.71,0,0,0,0,-55,-0.81,-7.65,BEACON,"{""record_number"": 1974, ""operation_mode"": 0, ""state"": 0, ""battery_voltage"": 0, ""wifi_rssi"": -55, ""acc_data"": {""ax"": -0.88, ""ay"": -0.33, ""az"": 0.08, ""pitch"": -62.86, ""roll"": -74.07}, ""gyro_data"": {""gx"": -11.71, ""gy"": 0.76, ""gz"": 5.34}, ""gps_data"": {""latitude"": 0, ""longitude"": 0, ""gps_altitude"": 0, ""time"": 56335}, ""alt_data"": {""pressure"": 851.54, ""temperature"": 23.62, ""AGL"": -0.71, ""velocity"": 0, ""kalman_altitude"": -0.81, ""kalman_vertical_velocity"": -7.65}, ""chute_state"": {""pyro1_state"": 0, ""pyro2_state"": 0}, ""connection_status"": {""connected"": true, ""has_ever_connected"": true, ""packet_age_ms"": 0, ""timeout_exceeded"": false, ""rssi"": -55}, ""communication_mode"": ""BEACON"", ""timestamp"": 165923, ""packets_received"": 433, ""kalman_data"": {""altitude"": -0.81, ""vertical_velocity"": -7.65}, ""kalman_altitude"": -0.81, ""kalman_vertical_velocity"": -7.65, ""pyroDrogue"": 0, ""pyroMain"": 0, ""pyro1_state"": 0, ""pyro2_state"": 0}"
1764741538.517203,2025-12-03T08:58:58.517203,1979,0,0,-0.88,-0.31,0.09,-61.83,-71.25,-8.41,-6.28,6.52,0,0,0,56536,851.51,23.62,-0.42,0,0,0,0,-55,-0.58,-7.5,BEACON,"{""record_number"": 1979, ""operation_mode"": 0, ""state"": 0, ""battery_voltage"": 0, ""wifi_rssi"": -55, ""acc_data"": {""ax"": -0.88, ""ay"": -0.31, ""az"": 0.09, ""pitch"": -61.83, ""roll"": -71.25}, ""gyro_data"": {""gx"": -8.41, ""gy"": -6.28, ""gz"": 6.52}, ""gps_data"": {""latitude"": 0, ""longitude"": 0, ""gps_altitude"": 0, ""time"": 56536}, ""alt_data"": {""pressure"": 851.51, ""temperature"": 23.62, ""AGL"": -0.42, ""velocity"": 0, ""kalman_altitude"": -0.58, ""kalman_vertical_velocity"": -7.5}, ""chute_state"": {""pyro1_state"": 0, ""pyro2_state"": 0}, ""connection_status"": {""connected"": true, ""has_ever_connected"": true, ""packet_age_ms"": 1, ""timeout_exceeded"": false, ""rssi"": -55}, ""communication_mode"": ""BEACON"", ""timestamp"": 166037, ""packets_received"": 434, ""kalman_data"": {""altitude"": -0.58, ""vertical_velocity"": -7.5}, ""kalman_altitude"": -0.58, ""kalman_vertical_velocity"": -7.5, ""pyroDrogue"": 0, ""pyroMain"": 0, ""pyro1_state"": 0, ""pyro2_state"": 0}"
1764741538.716631,2025-12-03T08:58:58.716631,1983,0,0,-0.88,-0.33,0.09,-61.95,-74.42,-9.85,-0.12,-1.1,0,0,0,56536,851.52,23.62,-0.49,0,0,0,0,-54,-0.54,-7.48,BEACON,"{""record_number"": 1983, ""operation_mode"": 0, ""state"": 0, ""battery_voltage"": 0, ""wifi_rssi"": -54, ""acc_data"": {""ax"": -0.88, ""ay"": -0.33, ""az"": 0.09, ""pitch"": -61.95, ""roll"": -74.42}, ""gyro_data"": {""gx"": -9.85, ""gy"": -0.12, ""gz"": -1.1}, ""gps_data"": {""latitude"": 0, ""longitude"": 0, ""gps_altitude"": 0, ""time"": 56536}, ""alt_data"": {""pressure"": 851.52, ""temperature"": 23.62, ""AGL"": -0.49, ""velocity"": 0, ""kalman_altitude"": -0.54, ""kalman_vertical_velocity"": -7.48}, ""chute_state"": {""pyro1_state"": 0, ""pyro2_state"": 0}, ""connection_status"": {""connected"": true, ""has_ever_connected"": true, ""packet_age_ms"": 1, ""timeout_exceeded"": false, ""rssi"": -54}, ""communication_mode"": ""BEACON"", ""timestamp"": 166150, ""packets_received"": 435, ""kalman_data"": {""altitude"": -0.54, ""vertical_velocity"": -7.48}, ""kalman_altitude"": -0.54, ""kalman_vertical_velocity"": -7.48, ""pyroDrogue"": 0, ""pyroMain"": 0, ""pyro1_state"": 0, ""pyro2_state"": 0}"
1764741538.899608,2025-12-03T08:58:58.899608,1987,0,0,-0.89,-0.32,0.1,-62.19,-73.76,-4.21,-4.51,-2.5,0,0,0,56741,851.55,23.62,-0.78,0,0,0,0,-54,-0.69,-7.6,BEACON,"{""record_number"": 1987, ""operation_mode"": 0, ""state"": 0, ""battery_voltage"": 0, ""wifi_rssi"": -54, ""acc_data"": {""ax"": -0.89, ""ay"": -0.32, ""az"": 0.1, ""pitch"": -62.19, ""roll"": -73.76}, ""gyro_data"": {""gx"": -4.21, ""gy"": -4.51, ""gz"": -2.5}, ""gps_data"": {""latitude"": 0, ""longitude"": 0, ""gps_altitude"": 0, ""time"": 56741}, ""alt_data"": {""pressure"": 851.55, ""temperature"": 23.62, ""AGL"": -0.78, ""velocity"": 0, ""kalman_altitude"": -0.69, ""kalman_vertical_velocity"": -7.6}, ""chute_state"": {""pyro1_state"": 0, ""pyro2_state"": 0}, ""connection_status"": {""connected"": true, ""has_ever_connected"": true, ""packet_age_ms"": 0, ""timeout_exceeded"": false, ""rssi"": -54}, ""communication_mode"": ""BEACON"", ""timestamp"": 166262, ""packets_received"": 436, ""kalman_data"": {""altitude"": -0.69, ""vertical_velocity"": -7.6}, ""kalman_altitude"": -0.69, ""kalman_vertical_velocity"": -7.6, ""pyroDrogue"": 0, ""pyroMain"": 0, ""pyro1_state"": 0, ""pyro2_state"": 0}"
1764741538.988567,2025-12-03T08:58:58.988567,1991,0,0,-0.89,-0.32,0.08,-63.73,-75.36,-4.82,-10.98,-7.29,0,0,0,56741,851.55,23.63,-0.82,0,0,0,0,-52,-0.84,-7.71,BEACON,"{""record_number"": 1991, ""operation_mode"": 0, ""state"": 0, ""battery_voltage"": 0, ""wifi_rssi"": -52, ""acc_data"": {""ax"": -0.89, ""ay"": -0.32, ""az"": 0.08, ""pitch"": -63.73, ""roll"": -75.36}, ""gyro_data"": {""gx"": -4.82, ""gy"": -10.98, ""gz"": -7.29}, ""gps_data"": {""latitude"": 0, ""longitude"": 0, ""gps_altitude"": 0, ""time"": 56741}, ""alt_data"": {""pressure"": 851.55, ""temperature"": 23.63, ""AGL"": -0.82, ""velocity"": 0, ""kalman_altitude"": -0.84, ""kalman_vertical_velocity"": -7.71}, ""chute_state"": {""pyro1_state"": 0, ""pyro2_state"": 0}, ""connection_status"": {""connected"": true, ""has_ever_connected"": true, ""packet_age_ms"": 0, ""timeout_exceeded"": false, ""rssi"": -52}, ""communication_mode"": ""BEACON"", ""timestamp"": 166375, ""packets_received"": 437, ""kalman_data"": {""altitude"": -0.84, ""vertical_velocity"": -7.71}, ""kalman_altitude"": -0.84, ""kalman_vertical_velocity"": -7.71, ""pyroDrogue"": 0, ""pyroMain"": 0, ""pyro1_state"": 0, ""pyro2_state"": 0}"
1764741539.023607,2025-12-03T08:58:59.023607,1996,0,0,-0.87,-0.32,0.11,-60.44,-72.45,1.25,-39.57,3.11,0,0,0,56941,851.53,23.62,-0.6,0,0,0,0,-51,-0.7,-7.63,BEACON,"{""record_number"": 1996, ""operation_mode"": 0, ""state"": 0, ""battery_voltage"": 0, ""wifi_rssi"": -51, ""acc_data"": {""ax"": -0.87, ""ay"": -0.32, ""az"": 0.11, ""pitch"": -60.44, ""roll"": -72.45}, ""gyro_data"": {""gx"": 1.25, ""gy"": -39.57, ""gz"": 3.11}, ""gps_data"": {""latitude"": 0, ""longitude"": 0, ""gps_altitude"": 0, ""time"": 56941}, ""alt_data"": {""pressure"": 851.53, ""temperature"": 23.62, ""AGL"": -0.6, ""velocity"": 0, ""kalman_altitude"": -0.7, ""kalman_vertical_velocity"": -7.63}, ""chute_state"": {""pyro1_state"": 0, ""pyro2_state"": 0}, ""connection_status"": {""connected"": true, ""has_ever_connected"": true, ""packet_age_ms"": 0, ""timeout_exceeded"": false, ""rssi"": -51}, ""communication_mode"": ""BEACON"", ""timestamp"": 166488, ""packets_received"": 438, ""kalman_data"": {""altitude"": -0.7, ""vertical_velocity"": -7.63}, ""kalman_altitude"": -0.7, ""kalman_vertical_velocity"": -7.63, ""pyroDrogue"": 0, ""pyroMain"": 0, ""pyro1_state"": 0, ""pyro2_state"": 0}"
1764741539.088735,2025-12-03T08:58:59.088735,2000,0,0,-0.86,-0.33,0.12,-60.27,-67.71,0.98,-6.19,-5.46,0,0,0,56941,851.49,23.63,-0.18,0,0,0,0,-51,-0.4,-7.42,BEACON,"{""record_number"": 2000, ""operation_mode"": 0, ""state"": 0, ""battery_voltage"": 0, ""wifi_rssi"": -51, ""acc_data"": {""ax"": -0.86, ""ay"": -0.33, ""az"": 0.12, ""pitch"": -60.27, ""roll"": -67.71}, ""gyro_data"": {""gx"": 0.98, ""gy"": -6.19, ""gz"": -5.46}, ""gps_data"": {""latitude"": 0, ""longitude"": 0, ""gps_altitude"": 0, ""time"": 56941}, ""alt_data"": {""pressure"": 851.49, ""temperature"": 23.63, ""AGL"": -0.18, ""velocity"": 0, ""kalman_altitude"": -0.4, ""kalman_vertical_velocity"": -7.42}, ""chute_state"": {""pyro1_state"": 0, ""pyro2_state"": 0}, ""connection_status"": {""connected"": true, ""has_ever_connected"": true, ""packet_age_ms"": 0, ""timeout_exceeded"": false, ""rssi"": -51}, ""communication_mode"": ""BEACON"", ""timestamp"": 166601, ""packets_received"": 439, ""kalman_data"": {""altitude"": -0.4, ""vertical_velocity"": -7.42}, ""kalman_altitude"": -0.4, ""kalman_vertical_velocity"": -7.42, ""pyroDrogue"": 0, ""pyroMain"": 0, ""pyro1_state"": 0, ""pyro2_state"": 0}"
1764741539.18282,2025-12-03T08:58:59.182820,2004,0,0,-0.88,-0.31,0.12,-62.01,-67.89,0.34,7.04,-10.15,0,0,0,57142,851.53,23.63,-0.65,0,0,0,0,-50,-0.61,-7.58,BEACON,"{""record_number"": 2004, ""operation_mode"": 0, ""state"": 0, ""battery_voltage"": 0, ""wifi_rssi"": -50, ""acc_data"": {""ax"": -0.88, ""ay"": -0.31, ""az"": 0.12, ""pitch"": -62.01, ""roll"": -67.89}, ""gyro_data"": {""gx"": 0.34, ""gy"": 7.04, ""gz"": -10.15}, ""gps_data"": {""latitude"": 0, ""longitude"": 0, ""gps_altitude"": 0, ""time"": 57142}, ""alt_data"": {""pressure"": 851.53, ""temperature"": 23.63, ""AGL"": -0.65, ""velocity"": 0, ""kalman_altitude"": -0.61, ""kalman_vertical_velocity"": -7.58}, ""chute_state"": {""pyro1_state"": 0, ""pyro2_state"": 0}, ""connection_status"": {""connected"": true, ""has_ever_connected"": true, ""packet_age_ms"": 0, ""timeout_exceeded"": false, ""rssi"": -50}, ""communication_mode"": ""BEACON"", ""timestamp"": 166714, ""packets_received"": 440, ""kalman_data"": {""altitude"": -0.61, ""vertical_velocity"": -7.58}, ""kalman_altitude"": -0.61, ""kalman_vertical_velocity"": -7.58, ""pyroDrogue"": 0, ""pyroMain"": 0, ""pyro1_state"": 0, ""pyro2_state"": 0}"
1764741539.303201,2025-12-03T08:58:59.303201,2009,0,0,-0.9,-0.34,0.1,-63.54,-72.89,1.62,9.48,-8.72,0,0,0,57342,851.59,23.64,-1.23,0,0,0,0,-51,-0.99,-7.86,BEACON,"{""record_number"": 2009, ""operation_mode"": 0, ""state"": 0, ""battery_voltage"": 0, ""wifi_rssi"": -51, ""acc_data"": {""ax"": -0.9, ""ay"": -0.34, ""az"": 0.1, ""pitch"": -63.54, ""roll"": -72.89}, ""gyro_data"": {""gx"": 1.62, ""gy"": 9.48, ""gz"": -8.72}, ""gps_data"": {""latitude"": 0, ""longitude"": 0, ""gps_altitude"": 0, ""time"": 57342}, ""alt_data"": {""pressure"": 851.59, ""temperature"": 23.64, ""AGL"": -1.23, ""velocity"": 0, ""kalman_altitude"": -0.99, ""kalman_vertical_velocity"": -7.86}, ""chute_state"": {""pyro1_state"": 0, ""pyro2_state"": 0}, ""connection_status"": {""connected"": true, ""has_ever_connected"": true, ""packet_age_ms"": 0, ""timeout_exceeded"": false, ""rssi"": -51}, ""communication_mode"": ""BEACON"", ""timestamp"": 166826, ""packets_received"": 441, ""kalman_data"": {""altitude"": -0.99, ""vertical_velocity"": -7.86}, ""kalman_altitude"": -0.99, ""kalman_vertical_velocity"": -7.86, ""pyroDrogue"": 0, ""pyroMain"": 0, ""pyro1_state"": 0, ""pyro2_state"": 0}"
1764741539.507344,2025-12-03T08:58:59.507344,2013,0,0,-0.87,-0.3,0.1,-60.78,-70.69,-6.89,1.89,-3.93,0,0,0,57342,851.53,23.63,-0.61,0,0,0,0,-51,-0.77,-7.71,BEACON,"{""record_number"": 2013, ""operation_mode"": 0, ""state"": 0, ""battery_voltage"": 0, ""wifi_rssi"": -51, ""acc_data"": {""ax"": -0.87, ""ay"": -0.3, ""az"": 0.1, ""pitch"": -60.78, ""roll"": -70.69}, ""gyro_data"": {""gx"": -6.89, ""gy"": 1.89, ""gz"": -3.93}, ""gps_data"": {""latitude"": 0, ""longitude"": 0, ""gps_altitude"": 0, ""time"": 57342}, ""alt_data"": {""pressure"": 851.53, ""temperature"": 23.63, ""AGL"": -0.61, ""velocity"": 0, ""kalman_altitude"": -0.77, ""kalman_vertical_velocity"": -7.71}, ""chute_state"": {""pyro1_state"": 0, ""pyro2_state"": 0}, ""connection_status"": {""connected"": true, ""has_ever_connected"": true, ""packet_age_ms"": 0, ""timeout_exceeded"": false, ""rssi"": -51}, ""communication_mode"": ""BEACON"", ""timestamp"": 166939, ""packets_received"": 442, ""kalman_data"": {""altitude"": -0.77, ""vertical_velocity"": -7.71}, ""kalman_altitude"": -0.77, ""kalman_vertical_velocity"": -7.71, ""pyroDrogue"": 0, ""pyroMain"": 0, ""pyro1_state"": 0, ""pyro2_state"": 0}"
1764741539.592104,2025-12-03T08:58:59.592104,2017,0,0,-0.88,-0.31,0.11,-61.77,-72.61,-9.3,-3.9,-3.26,0,0,0,57542,851.54,23.63,-0.72,0,0,0,0,-50,-0.79,-7.73,BEACON,"{""record_number"": 2017, ""operation_mode"": 0, ""state"": 0, ""battery_voltage"": 0, ""wifi_rssi"": -50, ""acc_data"": {""ax"": -0.88, ""ay"": -0.31, ""az"": 0.11, ""pitch"": -61.77, ""roll"": -72.61}, ""gyro_data"": {""gx"": -9.3, ""gy"": -3.9, ""gz"": -3.26}, ""gps_data"": {""latitude"": 0, ""longitude"": 0, ""gps_altitude"": 0, ""time"": 57542}, ""alt_data"": {""pressure"": 851.54, ""temperature"": 23.63, ""AGL"": -0.72, ""velocity"": 0, ""kalman_altitude"": -0.79, ""kalman_vertical_velocity"": -7.73}, ""chute_state"": {""pyro1_state"": 0, ""pyro2_state"": 0}, ""connection_status"": {""connected"": true, ""has_ever_connected"": true, ""packet_age_ms"": 0, ""timeout_exceeded"": false, ""rssi"": -50}, ""communication_mode"": ""BEACON"", ""timestamp"": 167052, ""packets_received"": 443, ""kalman_data"": {""altitude"": -0.79, ""vertical_velocity"": -7.73}, ""kalman_altitude"": -0.79, ""kalman_vertical_velocity"": -7.73, ""pyroDrogue"": 0, ""pyroMain"": 0, ""pyro1_state"": 0, ""pyro2_state"": 0}"
1764741539.649274,2025-12-03T08:58:59.649274,2022,0,0,-0.84,-0.32,0.11,-56.38,-69.76,-14.39,-36.28,-9.88,0,0,0,57542,851.5,23.62,-0.34,0,0,0,0,-50,-0.52,-7.55,BEACON,"{""record_number"": 2022, ""operation_mode"": 0, ""state"": 0, ""battery_voltage"": 0, ""wifi_rssi"": -50, ""acc_data"": {""ax"": -0.84, ""ay"": -0.32, ""az"": 0.11, ""pitch"": -56.38, ""roll"": -69.76}, ""gyro_data"": {""gx"": -14.39, ""gy"": -36.28, ""gz"": -9.88}, ""gps_data"": {""latitude"": 0, ""longitude"": 0, ""gps_altitude"": 0, ""time"": 57542}, ""alt_data"": {""pressure"": 851.5, ""temperature"": 23.62, ""AGL"": -0.34, ""velocity"": 0, ""kalman_altitude"": -0.52, ""kalman_vertical_velocity"": -7.55}, ""chute_state"": {""pyro1_state"": 0, ""pyro2_state"": 0}, ""connection_status"": {""connected"": true, ""has_ever_connected"": true, ""packet_age_ms"": 1, ""timeout_exceeded"": false, ""rssi"": -50}, ""communication_mode"": ""BEACON"", ""timestamp"": 167165, ""packets_received"": 444, ""kalman_data"": {""altitude"": -0.52, ""vertical_velocity"": -7.55}, ""kalman_altitude"": -0.52, ""kalman_vertical_velocity"": -7.55, ""pyroDrogue"": 0, ""pyroMain"": 0, ""pyro1_state"": 0, ""pyro2_state"": 0}"
1764741539.747638,2025-12-03T08:58:59.747638,2026,0,0,-0.83,-0.35,0.16,-56.38,-65.35,19.48,-17.53,-34.48,0,0,0,57747,851.6,23.64,-1.3,0,0,0,0,-50,-1.01,-7.9,BEACON,"{""record_number"": 2026, ""operation_mode"": 0, ""state"": 0, ""battery_voltage"": 0, ""wifi_rssi"": -50, ""acc_data"": {""ax"": -0.83, ""ay"": -0.35, ""az"": 0.16, ""pitch"": -56.38, ""roll"": -65.35}, ""gyro_data"": {""gx"": 19.48, ""gy"": -17.53, ""gz"": -34.48}, ""gps_data"": {""latitude"": 0, ""longitude"": 0, ""gps_altitude"": 0, ""time"": 57747}, ""alt_data"": {""pressure"": 851.6, ""temperature"": 23.64, ""AGL"": -1.3, ""velocity"": 0, ""kalman_altitude"": -1.01, ""kalman_vertical_velocity"": -7.9}, ""chute_state"": {""pyro1_state"": 0, ""pyro2_state"": 0}, ""connection_status"": {""connected"": true, ""has_ever_connected"": true, ""packet_age_ms"": 0, ""timeout_exceeded"": false, ""rssi"": -50}, ""communication_mode"": ""BEACON"", ""timestamp"": 167277, ""packets_received"": 445, ""kalman_data"": {""altitude"": -1.01, ""vertical_velocity"": -7.9}, ""kalman_altitude"": -1.01, ""kalman_vertical_velocity"": -7.9, ""pyroDrogue"": 0, ""pyroMain"": 0, ""pyro1_state"": 0, ""pyro2_state"": 0}"
1764741539.86606,2025-12-03T08:58:59.866060,2030,0,0,-0.88,-0.22,0.15,-61.95,-52.4,59.63,-2.62,-85.37,0,0,0,57747,851.56,23.63,-0.9,0,0,0,0,-50,-0.96,-7.88,BEACON,"{""record_number"": 2030, ""operation_mode"": 0, ""state"": 0, ""battery_voltage"": 0, ""wifi_rssi"": -50, ""acc_data"": {""ax"": -0.88, ""ay"": -0.22, ""az"": 0.15, ""pitch"": -61.95, ""roll"": -52.4}, ""gyro_data"": {""gx"": 59.63, ""gy"": -2.62, ""gz"": -85.37}, ""gps_data"": {""latitude"": 0, ""longitude"": 0, ""gps_altitude"": 0, ""time"": 57747}, ""alt_data"": {""pressure"": 851.56, ""temperature"": 23.63, ""AGL"": -0.9, ""velocity"": 0, ""kalman_altitude"": -0.96, ""kalman_vertical_velocity"": -7.88}, ""chute_state"": {""pyro1_state"": 0, ""pyro2_state"": 0}, ""connection_status"": {""connected"": true, ""has_ever_connected"": true, ""packet_age_ms"": 1, ""timeout_exceeded"": false, ""rssi"": -50}, ""communication_mode"": ""BEACON"", ""timestamp"": 167392, ""packets_received"": 446, ""kalman_data"": {""altitude"": -0.96, ""vertical_velocity"": -7.88}, ""kalman_altitude"": -0.96, ""kalman_vertical_velocity"": -7.88, ""pyroDrogue"": 0, ""pyroMain"": 0, ""pyro1_state"": 0, ""pyro2_state"": 0}"
1764741539.987615,2025-12-03T08:58:59.987615,2035,0,0,-0.83,-0.4,0.21,-56.84,-61.03,111.95,-23.99,-93.26,0,0,0,57947,851.6,23.63,-1.25,0,0,0,0,-50,-1.15,-8.01,BEACON,"{""record_number"": 2035, ""operation_mode"": 0, ""state"": 0, ""battery_voltage"": 0, ""wifi_rssi"": -50, ""acc_data"": {""ax"": -0.83, ""ay"": -0.4, ""az"": 0.21, ""pitch"": -56.84, ""roll"": -61.03}, ""gyro_data"": {""gx"": 111.95, ""gy"": -23.99, ""gz"": -93.26}, ""gps_data"": {""latitude"": 0, ""longitude"": 0, ""gps_altitude"": 0, ""time"": 57947}, ""alt_data"": {""pressure"": 851.6, ""temperature"": 23.63, ""AGL"": -1.25, ""velocity"": 0, ""kalman_altitude"": -1.15, ""kalman_vertical_velocity"": -8.01}, ""chute_state"": {""pyro1_state"": 0, ""pyro2_state"": 0}, ""connection_status"": {""connected"": true, ""has_ever_connected"": true, ""packet_age_ms"": 1, ""timeout_exceeded"": false, ""rssi"": -50}, ""communication_mode"": ""BEACON"", ""timestamp"": 167505, ""packets_received"": 447, ""kalman_data"": {""altitude"": -1.15, ""vertical_velocity"": -8.01}, ""kalman_altitude"": -1.15, ""kalman_vertical_velocity"": -8.01, ""pyroDrogue"": 0, ""pyroMain"": 0, ""pyro1_state"": 0, ""pyro2_state"": 0}"
1764741540.118887,2025-12-03T08:59:00.118887,2039,0,0,-0.84,-0.43,0.13,-57.51,-71.6,153.48,42.35,-115.46,0,0,0,58146,851.55,23.63,-0.79,0,0,0,0,-50,-0.94,-7.87,BEACON,"{""record_number"": 2039, ""operation_mode"": 0, ""state"": 0, ""battery_voltage"": 0, ""wifi_rssi"": -50, ""acc_data"": {""ax"": -0.84, ""ay"": -0.43, ""az"": 0.13, ""pitch"": -57.51, ""roll"": -71.6}, ""gyro_data"": {""gx"": 153.48, ""gy"": 42.35, ""gz"": -115.46}, ""gps_data"": {""latitude"": 0, ""longitude"": 0, ""gps_altitude"": 0, ""time"": 58146}, ""alt_data"": {""pressure"": 851.55, ""temperature"": 23.63, ""AGL"": -0.79, ""velocity"": 0, ""kalman_altitude"": -0.94, ""kalman_vertical_velocity"": -7.87}, ""chute_state"": {""pyro1_state"": 0, ""pyro2_state"": 0}, ""connection_status"": {""connected"": true, ""has_ever_connected"": true, ""packet_age_ms"": 0, ""timeout_exceeded"": false, ""rssi"": -50}, ""communication_mode"": ""BEACON"", ""timestamp"": 167617, ""packets_received"": 448, ""kalman_data"": {""altitude"": -0.94, ""vertical_velocity"": -7.87}, ""kalman_altitude"": -0.94, ""kalman_vertical_velocity"": -7.87, ""pyroDrogue"": 0, ""pyroMain"": 0, ""pyro1_state"": 0, ""pyro2_state"": 0}"
1764741540.181552,2025-12-03T08:59:00.181552,2043,0,0,-0.83,-0.45,0.15,-56.58,-70.83,148.57,14.88,-87.65,0,0,0,58146,851.58,23.65,-1.07,0,0,0,0,-50,-1.1,-7.99,BEACON,"{""record_number"": 2043, ""operation_mode"": 0, ""state"": 0, ""battery_voltage"": 0, ""wifi_rssi"": -50, ""acc_data"": {""ax"": -0.83, ""ay"": -0.45, ""az"": 0.15, ""pitch"": -56.58, ""roll"": -70.83}, ""gyro_data"": {""gx"": 148.57, ""gy"": 14.88, ""gz"": -87.65}, ""gps_data"": {""latitude"": 0, ""longitude"": 0, ""gps_altitude"": 0, ""time"": 58146}, ""alt_data"": {""pressure"": 851.58, ""temperature"": 23.65, ""AGL"": -1.07, ""velocity"": 0, ""kalman_altitude"": -1.1, ""kalman_vertical_velocity"": -7.99}, ""chute_state"": {""pyro1_state"": 0, ""pyro2_state"": 0}, ""connection_status"": {""connected"": true, ""has_ever_connected"": true, ""packet_age_ms"": 0, ""timeout_exceeded"": false, ""rssi"": -50}, ""communication_mode"": ""BEACON"", ""timestamp"": 167730, ""packets_received"": 449, ""kalman_data"": {""altitude"": -1.1, ""vertical_velocity"": -7.99}, ""kalman_altitude"": -1.1, ""kalman_vertical_velocity"": -7.99, ""pyroDrogue"": 0, ""pyroMain"": 0, ""pyro1_state"": 0, ""pyro2_state"": 0}"
1764741540.313671,2025-12-03T08:59:00.313671,2047,0,0,-0.82,-0.48,0.18,-55.04,-69.18,94.57,14.97,-71.07,0,0,0,58347,851.54,23.63,-0.68,0,0,0,0,-50,-0.85,-7.83,BEACON,"{""record_number"": 2047, ""operation_mode"": 0, ""state"": 0, ""battery_voltage"": 0, ""wifi_rssi"": -50, ""acc_data"": {""ax"": -0.82, ""ay"": -0.48, ""az"": 0.18, ""pitch"": -55.04, ""roll"": -69.18}, ""gyro_data"": {""gx"": 94.57, ""gy"": 14.97, ""gz"": -71.07}, ""gps_data"": {""latitude"": 0, ""longitude"": 0, ""gps_altitude"": 0, ""time"": 58347}, ""alt_data"": {""pressure"": 851.54, ""temperature"": 23.63, ""AGL"": -0.68, ""velocity"": 0, ""kalman_altitude"": -0.85, ""kalman_vertical_velocity"": -7.83}, ""chute_state"": {""pyro1_state"": 0, ""pyro2_state"": 0}, ""connection_status"": {""connected"": true, ""has_ever_connected"": true, ""packet_age_ms"": 1, ""timeout_exceeded"": false, ""rssi"": -50}, ""communication_mode"": ""BEACON"", ""timestamp"": 167845, ""packets_received"": 450, ""kalman_data"": {""altitude"": -0.85, ""vertical_velocity"": -7.83}, ""kalman_altitude"": -0.85, ""kalman_vertical_velocity"": -7.83, ""pyroDrogue"": 0, ""pyroMain"": 0, ""pyro1_state"": 0, ""pyro2_state"": 0}"
1764741540.428077,2025-12-03T08:59:00.428077,2052,0,0,-0.82,-0.5,0.22,-54.7,-66.8,68.17,-3.81,-46.19,0,0,0,58347,851.58,23.64,-1.13,0,0,0,0,-50,-1.04,-7.96,BEACON,"{""record_number"": 2052, ""operation_mode"": 0, ""state"": 0, ""battery_voltage"": 0, ""wifi_rssi"": -50, ""acc_data"": {""ax"": -0.82, ""ay"": -0.5, ""az"": 0.22, ""pitch"": -54.7, ""roll"": -66.8}, ""gyro_data"": {""gx"": 68.17, ""gy"": -3.81, ""gz"": -46.19}, ""gps_data"": {""latitude"": 0, ""longitude"": 0, ""gps_altitude"": 0, ""time"": 58347}, ""alt_data"": {""pressure"": 851.58, ""temperature"": 23.64, ""AGL"": -1.13, ""velocity"": 0, ""kalman_altitude"": -1.04, ""kalman_vertical_velocity"": -7.96}, ""chute_state"": {""pyro1_state"": 0, ""pyro2_state"": 0}, ""connection_status"": {""connected"": true, ""has_ever_connected"": true, ""packet_age_ms"": 0, ""timeout_exceeded"": false, ""rssi"": -50}, ""communication_mode"": ""BEACON"", ""timestamp"": 167956, ""packets_received"": 451, ""kalman_data"": {""altitude"": -1.04, ""vertical_velocity"": -7.96}, ""kalman_altitude"": -1.04, ""kalman_vertical_velocity"": -7.96, ""pyroDrogue"": 0, ""pyroMain"": 0, ""pyro1_state"": 0, ""pyro2_state"": 0}"
1764741540.544502,2025-12-03T08:59:00.544502,2056,0,0,-0.8,-0.5,0.22,-54.03,-65.91,31.46,-4.21,-34.76,0,0,0,58547,851.56,23.63,-0.86,0,0,0,0,-50,-0.81,-7.81,BEACON,"{""record_number"": 2056, ""operation_mode"": 0, ""state"": 0, ""battery_voltage"": 0, ""wifi_rssi"": -50, ""acc_data"": {""ax"": -0.8, ""ay"": -0.5, ""az"": 0.22, ""pitch"": -54.03, ""roll"": -65.91}, ""gyro_data"": {""gx"": 31.46, ""gy"": -4.21, ""gz"": -34.76}, ""gps_data"": {""latitude"": 0, ""longitude"": 0, ""gps_altitude"": 0, ""time"": 58547}, ""alt_data"": {""pressure"": 851.56, ""temperature"": 23.63, ""AGL"": -0.86, ""velocity"": 0, ""kalman_altitude"": -0.81, ""kalman_vertical_velocity"": -7.81}, ""chute_state"": {""pyro1_state"": 0, ""pyro2_state"": 0}, ""connection_status"": {""connected"": true, ""has_ever_connected"": true, ""packet_age_ms"": 0, ""timeout_exceeded"": false, ""rssi"": -50}, ""communication_mode"": ""BEACON"", ""timestamp"": 168069, ""packets_received"": 452, ""kalman_data"": {""altitude"": -0.81, ""vertical_velocity"": -7.81}, ""kalman_altitude"": -0.81, ""kalman_vertical_velocity"": -7.81, ""pyroDrogue"": 0, ""pyroMain"": 0, ""pyro1_state"": 0, ""pyro2_state"": 0}"
1764741540.725759,2025-12-03T08:59:00.725759,2060,0,0,-0.79,-0.53,0.25,-51.53,-64.58,37.87,-0.61,-28.84,0,0,0,58547,851.53,23.62,-0.59,0,0,0,0,-51,-0.68,-7.72,BEACON,"{""record_number"": 2060, ""operation_mode"": 0, ""state"": 0, ""battery_voltage"": 0, ""wifi_rssi"": -51, ""acc_data"": {""ax"": -0.79, ""ay"": -0.53, ""az"": 0.25, ""pitch"": -51.53, ""roll"": -64.58}, ""gyro_data"": {""gx"": 37.87, ""gy"": -0.61, ""gz"": -28.84}, ""gps_data"": {""latitude"": 0, ""longitude"": 0, ""gps_altitude"": 0, ""time"": 58547}, ""alt_data"": {""pressure"": 851.53, ""temperature"": 23.62, ""AGL"": -0.59, ""velocity"": 0, ""kalman_altitude"": -0.68, ""kalman_vertical_velocity"": -7.72}, ""chute_state"": {""pyro1_state"": 0, ""pyro2_state"": 0}, ""connection_status"": {""connected"": true, ""has_ever_connected"": true, ""packet_age_ms"": 0, ""timeout_exceeded"": false, ""rssi"": -51}, ""communication_mode"": ""BEACON"", ""timestamp"": 168182, ""packets_received"": 453, ""kalman_data"": {""altitude"": -0.68, ""vertical_velocity"": -7.72}, ""kalman_altitude"": -0.68, ""kalman_vertical_velocity"": -7.72, ""pyroDrogue"": 0, ""pyroMain"": 0, ""pyro1_state"": 0, ""pyro2_state"": 0}"
1764741541.216729,2025-12-03T08:59:01.216729,2065,0,0,-0.79,-0.49,0.21,-51.22,-67.33,6.71,-9.94,-20.76,0,0,0,58752,851.52,23.62,-0.49,0,0,0,0,-51,-0.57,-7.65,BEACON,"{""record_number"": 2065, ""operation_mode"": 0, ""state"": 0, ""battery_voltage"": 0, ""wifi_rssi"": -51, ""acc_data"": {""ax"": -0.79, ""ay"": -0.49, ""az"": 0.21, ""pitch"": -51.22, ""roll"": -67.33}, ""gyro_data"": {""gx"": 6.71, ""gy"": -9.94, ""gz"": -20.76}, ""gps_data"": {""latitude"": 0, ""longitude"": 0, ""gps_altitude"": 0, ""time"": 58752}, ""alt_data"": {""pressure"": 851.52, ""temperature"": 23.62, ""AGL"": -0.49, ""velocity"": 0, ""kalman_altitude"": -0.57, ""kalman_vertical_velocity"": -7.65}, ""chute_state"": {""pyro1_state"": 0, ""pyro2_state"": 0}, ""connection_status"": {""connected"": true, ""has_ever_connected"": true, ""packet_age_ms"": 1, ""timeout_exceeded"": false, ""rssi"": -51}, ""communication_mode"": ""BEACON"", ""timestamp"": 168297, ""packets_received"": 454, ""kalman_data"": {""altitude"": -0.57, ""vertical_velocity"": -7.65}, ""kalman_altitude"": -0.57, ""kalman_vertical_velocity"": -7.65, ""pyroDrogue"": 0, ""pyroMain"": 0, ""pyro1_state"": 0, ""pyro2_state"": 0}"
1764741541.317607,2025-12-03T08:59:01.317607,2069,0,0,-0.78,-0.51,0.23,-51.4,-65.34,4.7,8.6,-18.26,0,0,0,58752,851.54,23.62,-0.67,0,0,0,0,-50,-0.66,-7.72,BEACON,"{""record_number"": 2069, ""operation_mode"": 0, ""state"": 0, ""battery_voltage"": 0, ""wifi_rssi"": -50, ""acc_data"": {""ax"": -0.78, ""ay"": -0.51, ""az"": 0.23, ""pitch"": -51.4, ""roll"": -65.34}, ""gyro_data"": {""gx"": 4.7, ""gy"": 8.6, ""gz"": -18.26}, ""gps_data"": {""latitude"": 0, ""longitude"": 0, ""gps_altitude"": 0, ""time"": 58752}, ""alt_data"": {""pressure"": 851.54, ""temperature"": 23.62, ""AGL"": -0.67, ""velocity"": 0, ""kalman_altitude"": -0.66, ""kalman_vertical_velocity"": -7.72}, ""chute_state"": {""pyro1_state"": 0, ""pyro2_state"": 0}, ""connection_status"": {""connected"": true, ""has_ever_connected"": true, ""packet_age_ms"": 0, ""timeout_exceeded"": false, ""rssi"": -50}, ""communication_mode"": ""BEACON"", ""timestamp"": 168408, ""packets_received"": 455, ""kalman_data"": {""altitude"": -0.66, ""vertical_velocity"": -7.72}, ""kalman_altitude"": -0.66, ""kalman_vertical_velocity"": -7.72, ""pyroDrogue"": 0, ""pyroMain"": 0, ""pyro1_state"": 0, ""pyro2_state"": 0}"
1764741541.403389,2025-12-03T08:59:01.403389,2073,0,0,-0.79,-0.5,0.22,-51.4,-64.8,-2.01,0.82,-8.45,0,0,0,58952,851.54,23.64,-0.69,0,0,0,0,-51,-0.69,-7.74,BEACON,"{""record_number"": 2073, ""operation_mode"": 0, ""state"": 0, ""battery_voltage"": 0, ""wifi_rssi"": -51, ""acc_data"": {""ax"": -0.79, ""ay"": -0.5, ""az"": 0.22, ""pitch"": -51.4, ""roll"": -64.8}, ""gyro_data"": {""gx"": -2.01, ""gy"": 0.82, ""gz"": -8.45}, ""gps_data"": {""latitude"": 0, ""longitude"": 0, ""gps_altitude"": 0, ""time"": 58952}, ""alt_data"": {""pressure"": 851.54, ""temperature"": 23.64, ""AGL"": -0.69, ""velocity"": 0, ""kalman_altitude"": -0.69, ""kalman_vertical_velocity"": -7.74}, ""chute_state"": {""pyro1_state"": 0, ""pyro2_state"": 0}, ""connection_status"": {""connected"": true, ""has_ever_connected"": true, ""packet_age_ms"": 1, ""timeout_exceeded"": false, ""rssi"": -51}, ""communication_mode"": ""BEACON"", ""timestamp"": 168521, ""packets_received"": 456, ""kalman_data"": {""altitude"": -0.69, ""vertical_velocity"": -7.74}, ""kalman_altitude"": -0.69, ""kalman_vertical_velocity"": -7.74, ""pyroDrogue"": 0, ""pyroMain"": 0, ""pyro1_state"": 0, ""pyro2_state"": 0}"
1764741541.455355,2025-12-03T08:59:01.455355,2078,0,0,-0.77,-0.5,0.23,-50.82,-65.72,-4.27,2.99,-8.99,0,0,0,59152,851.53,23.62,-0.56,0,0,0,0,-50,-0.62,-7.7,BEACON,"{""record_number"": 2078, ""operation_mode"": 0, ""state"": 0, ""battery_voltage"": 0, ""wifi_rssi"": -50, ""acc_data"": {""ax"": -0.77, ""ay"": -0.5, ""az"": 0.23, ""pitch"": -50.82, ""roll"": -65.72}, ""gyro_data"": {""gx"": -4.27, ""gy"": 2.99, ""gz"": -8.99}, ""gps_data"": {""latitude"": 0, ""longitude"": 0, ""gps_altitude"": 0, ""time"": 59152}, ""alt_data"": {""pressure"": 851.53, ""temperature"": 23.62, ""AGL"": -0.56, ""velocity"": 0, ""kalman_altitude"": -0.62, ""kalman_vertical_velocity"": -7.7}, ""chute_state"": {""pyro1_state"": 0, ""pyro2_state"": 0}, ""connection_status"": {""connected"": true, ""has_ever_connected"": true, ""packet_age_ms"": 1, ""timeout_exceeded"": false, ""rssi"": -50}, ""communication_mode"": ""BEACON"", ""timestamp"": 168635, ""packets_received"": 457, ""kalman_data"": {""altitude"": -0.62, ""vertical_velocity"": -7.7}, ""kalman_altitude"": -0.62, ""kalman_vertical_velocity"": -7.7, ""pyroDrogue"": 0, ""pyroMain"": 0, ""pyro1_state"": 0, ""pyro2_state"": 0}"
1764741541.543626,2025-12-03T08:59:01.543626,2082,0,0,-0.78,-0.51,0.24,-51.35,-64.55,-11.28,8.08,-9.39,0,0,0,59152,851.51,23.62,-0.42,0,0,0,0,-49,-0.51,-7.63,BEACON,"{""record_number"": 2082, ""operation_mode"": 0, ""state"": 0, ""battery_voltage"": 0, ""wifi_rssi"": -49, ""acc_data"": {""ax"": -0.78, ""ay"": -0.51, ""az"": 0.24, ""pitch"": -51.35, ""roll"": -64.55}, ""gyro_data"": {""gx"": -11.28, ""gy"": 8.08, ""gz"": -9.39}, ""gps_data"": {""latitude"": 0, ""longitude"": 0, ""gps_altitude"": 0, ""time"": 59152}, ""alt_data"": {""pressure"": 851.51, ""temperature"": 23.62, ""AGL"": -0.42, ""velocity"": 0, ""kalman_altitude"": -0.51, ""kalman_vertical_velocity"": -7.63}, ""chute_state"": {""pyro1_state"": 0, ""pyro2_state"": 0}, ""connection_status"": {""connected"": true, ""has_ever_connected"": true, ""packet_age_ms"": 0, ""timeout_exceeded"": false, ""rssi"": -49}, ""communication_mode"": ""BEACON"", ""timestamp"": 168747, ""packets_received"": 458, ""kalman_data"": {""altitude"": -0.51, ""vertical_velocity"": -7.63}, ""kalman_altitude"": -0.51, ""kalman_vertical_velocity"": -7.63, ""pyroDrogue"": 0, ""pyroMain"": 0, ""pyro1_state"": 0, ""pyro2_state"": 0}"
1764741541.634521,2025-12-03T08:59:01.634521,2086,0,0,-0.78,-0.52,0.25,-51,-64.39,-1.13,-6.22,-3.93,0,0,0,59351,851.56,23.64,-0.87,0,0,0,0,-50,-0.75,-7.8,BEACON,"{""record_number"": 2086, ""operation_mode"": 0, ""state"": 0, ""battery_voltage"": 0, ""wifi_rssi"": -50, ""acc_data"": {""ax"": -0.78, ""ay"": -0.52, ""az"": 0.25, ""pitch"": -51, ""roll"": -64.39}, ""gyro_data"": {""gx"": -1.13, ""gy"": -6.22, ""gz"": -3.93}, ""gps_data"": {""latitude"": 0, ""longitude"": 0, ""gps_altitude"": 0, ""time"": 59351}, ""alt_data"": {""pressure"": 851.56, ""temperature"": 23.64, ""AGL"": -0.87, ""velocity"": 0, ""kalman_altitude"": -0.75, ""kalman_vertical_velocity"": -7.8}, ""chute_state"": {""pyro1_state"": 0, ""pyro2_state"": 0}, ""connection_status"": {""connected"": true, ""has_ever_connected"": true, ""packet_age_ms"": 0, ""timeout_exceeded"": false, ""rssi"": -50}, ""communication_mode"": ""BEACON"", ""timestamp"": 168859, ""packets_received"": 459, ""kalman_data"": {""altitude"": -0.75, ""vertical_velocity"": -7.8}, ""kalman_altitude"": -0.75, ""kalman_vertical_velocity"": -7.8, ""pyroDrogue"": 0, ""pyroMain"": 0, ""pyro1_state"": 0, ""pyro2_state"": 0}"
1764741541.713396,2025-12-03T08:59:01.713396,2091,0,0,-0.77,-0.48,0.24,-50.11,-64.39,-8.48,-5.15,-7.8,0,0,0,59351,851.53,23.63,-0.61,0,0,0,0,-51,-0.67,-7.75,BEACON,"{""record_number"": 2091, ""operation_mode"": 0, ""state"": 0, ""battery_voltage"": 0, ""wifi_rssi"": -51, ""acc_data"": {""ax"": -0.77, ""ay"": -0.48, ""az"": 0.24, ""pitch"": -50.11, ""roll"": -64.39}, ""gyro_data"": {""gx"": -8.48, ""gy"": -5.15, ""gz"": -7.8}, ""gps_data"": {""latitude"": 0, ""longitude"": 0, ""gps_altitude"": 0, ""time"": 59351}, ""alt_data"": {""pressure"": 851.53, ""temperature"": 23.63, ""AGL"": -0.61, ""velocity"": 0, ""kalman_altitude"": -0.67, ""kalman_vertical_velocity"": -7.75}, ""chute_state"": {""pyro1_state"": 0, ""pyro2_state"": 0}, ""connection_status"": {""connected"": true, ""has_ever_connected"": true, ""packet_age_ms"": 1, ""timeout_exceeded"": false, ""rssi"": -51}, ""communication_mode"": ""BEACON"", ""timestamp"": 168972, ""packets_received"": 460, ""kalman_data"": {""altitude"": -0.67, ""vertical_velocity"": -7.75}, ""kalman_altitude"": -0.67, ""kalman_vertical_velocity"": -7.75, ""pyroDrogue"": 0, ""pyroMain"": 0, ""pyro1_state"": 0, ""pyro2_state"": 0}"
1764741541.869776,2025-12-03T08:59:01.869776,2095,0,0,-0.77,-0.53,0.24,-50.51,-65.78,-6.19,1.8,-1.1,0,0,0,59552,851.52,23.64,-0.48,0,0,0,0,-51,-0.6,-7.71,BEACON,"{""record_number"": 2095, ""operation_mode"": 0, ""state"": 0, ""battery_voltage"": 0, ""wifi_rssi"": -51, ""acc_data"": {""ax"": -0.77, ""ay"": -0.53, ""az"": 0.24, ""pitch"": -50.51, ""roll"": -65.78}, ""gyro_data"": {""gx"": -6.19, ""gy"": 1.8, ""gz"": -1.1}, ""gps_data"": {""latitude"": 0, ""longitude"": 0, ""gps_altitude"": 0, ""time"": 59552}, ""alt_data"": {""pressure"": 851.52, ""temperature"": 23.64, ""AGL"": -0.48, ""velocity"": 0, ""kalman_altitude"": -0.6, ""kalman_vertical_velocity"": -7.71}, ""chute_state"": {""pyro1_state"": 0, ""pyro2_state"": 0}, ""connection_status"": {""connected"": true, ""has_ever_connected"": true, ""packet_age_ms"": 0, ""timeout_exceeded"": false, ""rssi"": -51}, ""communication_mode"": ""BEACON"", ""timestamp"": 169084, ""packets_received"": 461, ""kalman_data"": {""altitude"": -0.6, ""vertical_velocity"": -7.71}, ""kalman_altitude"": -0.6, ""kalman_vertical_velocity"": -7.71, ""pyroDrogue"": 0, ""pyroMain"": 0, ""pyro1_state"": 0, ""pyro2_state"": 0}"
1764741541.952106,2025-12-03T08:59:01.952106,2099,0,0,-0.78,-0.49,0.22,-51.67,-64.78,-5.52,4.76,-3.45,0,0,0,59552,851.6,23.64,-1.28,0,0,0,0,-51,-1.04,-8.01,BEACON,"{""record_number"": 2099, ""operation_mode"": 0, ""state"": 0, ""battery_voltage"": 0, ""wifi_rssi"": -51, ""acc_data"": {""ax"": -0.78, ""ay"": -0.49, ""az"": 0.22, ""pitch"": -51.67, ""roll"": -64.78}, ""gyro_data"": {""gx"": -5.52, ""gy"": 4.76, ""gz"": -3.45}, ""gps_data"": {""latitude"": 0, ""longitude"": 0, ""gps_altitude"": 0, ""time"": 59552}, ""alt_data"": {""pressure"": 851.6, ""temperature"": 23.64, ""AGL"": -1.28, ""velocity"": 0, ""kalman_altitude"": -1.04, ""kalman_vertical_velocity"": -8.01}, ""chute_state"": {""pyro1_state"": 0, ""pyro2_state"": 0}, ""connection_status"": {""connected"": true, ""has_ever_connected"": true, ""packet_age_ms"": 0, ""timeout_exceeded"": false, ""rssi"": -51}, ""communication_mode"": ""BEACON"", ""timestamp"": 169198, ""packets_received"": 462, ""kalman_data"": {""altitude"": -1.04, ""vertical_velocity"": -8.01}, ""kalman_altitude"": -1.04, ""kalman_vertical_velocity"": -8.01, ""pyroDrogue"": 0, ""pyroMain"": 0, ""pyro1_state"": 0, ""pyro2_state"": 0}"
1764741542.000107,2025-12-03T08:59:02.000107,2103,0,0,-0.78,-0.51,0.24,-51.44,-66.09,-9.79,-3.69,-0.52,0,0,0,59757,851.57,23.64,-0.98,0,0,0,0,-52,-1.01,-7.99,BEACON,"{""record_number"": 2103, ""operation_mode"": 0, ""state"": 0, ""battery_voltage"": 0, ""wifi_rssi"": -52, ""acc_data"": {""ax"": -0.78, ""ay"": -0.51, ""az"": 0.24, ""pitch"": -51.44, ""roll"": -66.09}, ""gyro_data"": {""gx"": -9.79, ""gy"": -3.69, ""gz"": -0.52}, ""gps_data"": {""latitude"": 0, ""longitude"": 0, ""gps_altitude"": 0, ""time"": 59757}, ""alt_data"": {""pressure"": 851.57, ""temperature"": 23.64, ""AGL"": -0.98, ""velocity"": 0, ""kalman_altitude"": -1.01, ""kalman_vertical_velocity"": -7.99}, ""chute_state"": {""pyro1_state"": 0, ""pyro2_state"": 0}, ""connection_status"": {""connected"": true, ""has_ever_connected"": true, ""packet_age_ms"": 0, ""timeout_exceeded"": false, ""rssi"": -52}, ""communication_mode"": ""BEACON"", ""timestamp"": 169310, ""packets_received"": 463, ""kalman_data"": {""altitude"": -1.01, ""vertical_velocity"": -7.99}, ""kalman_altitude"": -1.01, ""kalman_vertical_velocity"": -7.99, ""pyroDrogue"": 0, ""pyroMain"": 0, ""pyro1_state"": 0, ""pyro2_state"": 0}"
1764741542.08115,2025-12-03T08:59:02.081150,2108,0,0,-0.77,-0.52,0.25,-50.69,-65.25,-15.12,-1.4,-4.09,0,0,0,59957,851.55,23.64,-0.84,0,0,0,0,-51,-0.89,-7.92,BEACON,"{""record_number"": 2108, ""operation_mode"": 0, ""state"": 0, ""battery_voltage"": 0, ""wifi_rssi"": -51, ""acc_data"": {""ax"": -0.77, ""ay"": -0.52, ""az"": 0.25, ""pitch"": -50.69, ""roll"": -65.25}, ""gyro_data"": {""gx"": -15.12, ""gy"": -1.4, ""gz"": -4.09}, ""gps_data"": {""latitude"": 0, ""longitude"": 0, ""gps_altitude"": 0, ""time"": 59957}, ""alt_data"": {""pressure"": 851.55, ""temperature"": 23.64, ""AGL"": -0.84, ""velocity"": 0, ""kalman_altitude"": -0.89, ""kalman_vertical_velocity"": -7.92}, ""chute_state"": {""pyro1_state"": 0, ""pyro2_state"": 0}, ""connection_status"": {""connected"": true, ""has_ever_connected"": true, ""packet_age_ms"": 0, ""timeout_exceeded"": false, ""rssi"": -51}, ""communication_mode"": ""BEACON"", ""timestamp"": 169431, ""packets_received"": 464, ""kalman_data"": {""altitude"": -0.89, ""vertical_velocity"": -7.92}, ""kalman_altitude"": -0.89, ""kalman_vertical_velocity"": -7.92, ""pyroDrogue"": 0, ""pyroMain"": 0, ""pyro1_state"": 0, ""pyro2_state"": 0}"
1764741542.148705,2025-12-03T08:59:02.148705,2112,0,0,-0.78,-0.5,0.24,-51,-65.05,-11.01,-3.41,-6.52,0,0,0,59957,851.53,23.62,-0.56,0,0,0,0,-52,-0.69,-7.78,BEACON,"{""record_number"": 2112, ""operation_mode"": 0, ""state"": 0, ""battery_voltage"": 0, ""wifi_rssi"": -52, ""acc_data"": {""ax"": -0.78, ""ay"": -0.5, ""az"": 0.24, ""pitch"": -51, ""roll"": -65.05}, ""gyro_data"": {""gx"": -11.01, ""gy"": -3.41, ""gz"": -6.52}, ""gps_data"": {""latitude"": 0, ""longitude"": 0, ""gps_altitude"": 0, ""time"": 59957}, ""alt_data"": {""pressure"": 851.53, ""temperature"": 23.62, ""AGL"": -0.56, ""velocity"": 0, ""kalman_altitude"": -0.69, ""kalman_vertical_velocity"": -7.78}, ""chute_state"": {""pyro1_state"": 0, ""pyro2_state"": 0}, ""connection_status"": {""connected"": true, ""has_ever_connected"": true, ""packet_age_ms"": 0, ""timeout_exceeded"": false, ""rssi"": -52}, ""communication_mode"": ""BEACON"", ""timestamp"": 169536, ""packets_received"": 465, ""kalman_data"": {""altitude"": -0.69, ""vertical_velocity"": -7.78}, ""kalman_altitude"": -0.69, ""kalman_vertical_velocity"": -7.78, ""pyroDrogue"": 0, ""pyroMain"": 0, ""pyro1_state"": 0, ""pyro2_state"": 0}"
1764741542.215766,2025-12-03T08:59:02.215766,2116,0,0,-0.76,-0.51,0.25,-50.25,-63.57,-8.87,-0.64,-0.76,0,0,0,60157,851.5,23.62,-0.35,0,0,0,0,-52,-0.48,-7.65,BEACON,"{""record_number"": 2116, ""operation_mode"": 0, ""state"": 0, ""battery_voltage"": 0, ""wifi_rssi"": -52, ""acc_data"": {""ax"": -0.76, ""ay"": -0.51, ""az"": 0.25, ""pitch"": -50.25, ""roll"": -63.57}, ""gyro_data"": {""gx"": -8.87, ""gy"": -0.64, ""gz"": -0.76}, ""gps_data"": {""latitude"": 0, ""longitude"": 0, ""gps_altitude"": 0, ""time"": 60157}, ""alt_data"": {""pressure"": 851.5, ""temperature"": 23.62, ""AGL"": -0.35, ""velocity"": 0, ""kalman_altitude"": -0.48, ""kalman_vertical_velocity"": -7.65}, ""chute_state"": {""pyro1_state"": 0, ""pyro2_state"": 0}, ""connection_status"": {""connected"": true, ""has_ever_connected"": true, ""packet_age_ms"": 0, ""timeout_exceeded"": false, ""rssi"": -52}, ""communication_mode"": ""BEACON"", ""timestamp"": 169649, ""packets_received"": 466, ""kalman_data"": {""altitude"": -0.48, ""vertical_velocity"": -7.65}, ""kalman_altitude"": -0.48, ""kalman_vertical_velocity"": -7.65, ""pyroDrogue"": 0, ""pyroMain"": 0, ""pyro1_state"": 0, ""pyro2_state"": 0}"
1764741542.333603,2025-12-03T08:59:02.333603,2121,0,0,-0.76,-0.52,0.24,-49.94,-65.77,-10,-2.8,3.26,0,0,0,60157,851.53,23.63,-0.61,0,0,0,0,-51,-0.57,-7.72,BEACON,"{""record_number"": 2121, ""operation_mode"": 0, ""state"": 0, ""battery_voltage"": 0, ""wifi_rssi"": -51, ""acc_data"": {""ax"": -0.76, ""ay"": -0.52, ""az"": 0.24, ""pitch"": -49.94, ""roll"": -65.77}, ""gyro_data"": {""gx"": -10, ""gy"": -2.8, ""gz"": 3.26}, ""gps_data"": {""latitude"": 0, ""longitude"": 0, ""gps_altitude"": 0, ""time"": 60157}, ""alt_data"": {""pressure"": 851.53, ""temperature"": 23.63, ""AGL"": -0.61, ""velocity"": 0, ""kalman_altitude"": -0.57, ""kalman_vertical_velocity"": -7.72}, ""chute_state"": {""pyro1_state"": 0, ""pyro2_state"": 0}, ""connection_status"": {""connected"": true, ""has_ever_connected"": true, ""packet_age_ms"": 0, ""timeout_exceeded"": false, ""rssi"": -51}, ""communication_mode"": ""BEACON"", ""timestamp"": 169761, ""packets_received"": 467, ""kalman_data"": {""altitude"": -0.57, ""vertical_velocity"": -7.72}, ""kalman_altitude"": -0.57, ""kalman_vertical_velocity"": -7.72, ""pyroDrogue"": 0, ""pyroMain"": 0, ""pyro1_state"": 0, ""pyro2_state"": 0}"
1764741542.456139,2025-12-03T08:59:02.456139,2125,0,0,-0.76,-0.48,0.25,-49.16,-62.98,-16.49,2.44,-5.49,0,0,0,60357,851.53,23.62,-0.6,0,0,0,0,-52,-0.6,-7.74,BEACON,"{""record_number"": 2125, ""operation_mode"": 0, ""state"": 0, ""battery_voltage"": 0, ""wifi_rssi"": -52, ""acc_data"": {""ax"": -0.76, ""ay"": -0.48, ""az"": 0.25, ""pitch"": -49.16, ""roll"": -62.98}, ""gyro_data"": {""gx"": -16.49, ""gy"": 2.44, ""gz"": -5.49}, ""gps_data"": {""latitude"": 0, ""longitude"": 0, ""gps_altitude"": 0, ""time"": 60357}, ""alt_data"": {""pressure"": 851.53, ""temperature"": 23.62, ""AGL"": -0.6, ""velocity"": 0, ""kalman_altitude"": -0.6, ""kalman_vertical_velocity"": -7.74}, ""chute_state"": {""pyro1_state"": 0, ""pyro2_state"": 0}, ""connection_status"": {""connected"": true, ""has_ever_connected"": true, ""packet_age_ms"": 1, ""timeout_exceeded"": false, ""rssi"": -52}, ""communication_mode"": ""BEACON"", ""timestamp"": 169875, ""packets_received"": 468, ""kalman_data"": {""altitude"": -0.6, ""vertical_velocity"": -7.74}, ""kalman_altitude"": -0.6, ""kalman_vertical_velocity"": -7.74, ""pyroDrogue"": 0, ""pyroMain"": 0, ""pyro1_state"": 0, ""pyro2_state"": 0}"
1764741542.532698,2025-12-03T08:59:02.532698,2129,0,0,-0.75,-0.54,0.22,-48.27,-69.01,-39.88,-9.79,-8.6,0,0,0,60357,851.57,23.63,-0.97,0,0,0,0,-52,-0.85,-7.91,BEACON,"{""record_number"": 2129, ""operation_mode"": 0, ""state"": 0, ""battery_voltage"": 0, ""wifi_rssi"": -52, ""acc_data"": {""ax"": -0.75, ""ay"": -0.54, ""az"": 0.22, ""pitch"": -48.27, ""roll"": -69.01}, ""gyro_data"": {""gx"": -39.88, ""gy"": -9.79, ""gz"": -8.6}, ""gps_data"": {""latitude"": 0, ""longitude"": 0, ""gps_altitude"": 0, ""time"": 60357}, ""alt_data"": {""pressure"": 851.57, ""temperature"": 23.63, ""AGL"": -0.97, ""velocity"": 0, ""kalman_altitude"": -0.85, ""kalman_vertical_velocity"": -7.91}, ""chute_state"": {""pyro1_state"": 0, ""pyro2_state"": 0}, ""connection_status"": {""connected"": true, ""has_ever_connected"": true, ""packet_age_ms"": 1, ""timeout_exceeded"": false, ""rssi"": -52}, ""communication_mode"": ""BEACON"", ""timestamp"": 169988, ""packets_received"": 469, ""kalman_data"": {""altitude"": -0.85, ""vertical_velocity"": -7.91}, ""kalman_altitude"": -0.85, ""kalman_vertical_velocity"": -7.91, ""pyroDrogue"": 0, ""pyroMain"": 0, ""pyro1_state"": 0, ""pyro2_state"": 0}"
1764741542.579878,2025-12-03T08:59:02.579878,2133,0,0,-0.76,-0.51,0.17,-49.77,-70.95,-50.27,-18.17,-37.8,0,0,0,60556,851.57,23.63,-1.04,0,0,0,0,-51,-0.98,-8,BEACON,"{""record_number"": 2133, ""operation_mode"": 0, ""state"": 0, ""battery_voltage"": 0, ""wifi_rssi"": -51, ""acc_data"": {""ax"": -0.76, ""ay"": -0.51, ""az"": 0.17, ""pitch"": -49.77, ""roll"": -70.95}, ""gyro_data"": {""gx"": -50.27, ""gy"": -18.17, ""gz"": -37.8}, ""gps_data"": {""latitude"": 0, ""longitude"": 0, ""gps_altitude"": 0, ""time"": 60556}, ""alt_data"": {""pressure"": 851.57, ""temperature"": 23.63, ""AGL"": -1.04, ""velocity"": 0, ""kalman_altitude"": -0.98, ""kalman_vertical_velocity"": -8}, ""chute_state"": {""pyro1_state"": 0, ""pyro2_state"": 0}, ""connection_status"": {""connected"": true, ""has_ever_connected"": true, ""packet_age_ms"": 0, ""timeout_exceeded"": false, ""rssi"": -51}, ""communication_mode"": ""BEACON"", ""timestamp"": 170100, ""packets_received"": 470, ""kalman_data"": {""altitude"": -0.98, ""vertical_velocity"": -8}, ""kalman_altitude"": -0.98, ""kalman_vertical_velocity"": -8, ""pyroDrogue"": 0, ""pyroMain"": 0, ""pyro1_state"": 0, ""pyro2_state"": 0}"
1764741542.651767,2025-12-03T08:59:02.651767,2138,0,0,-0.81,-0.53,0.21,-54.41,-69.11,-40.37,-10.64,-24.97,0,0,0,60556,851.56,23.63,-0.86,0,0,0,0,-52,-0.84,-7.92,BEACON,"{""record_number"": 2138, ""operation_mode"": 0, ""state"": 0, ""battery_voltage"": 0, ""wifi_rssi"": -52, ""acc_data"": {""ax"": -0.81, ""ay"": -0.53, ""az"": 0.21, ""pitch"": -54.41, ""roll"": -69.11}, ""gyro_data"": {""gx"": -40.37, ""gy"": -10.64, ""gz"": -24.97}, ""gps_data"": {""latitude"": 0, ""longitude"": 0, ""gps_altitude"": 0, ""time"": 60556}, ""alt_data"": {""pressure"": 851.56, ""temperature"": 23.63, ""AGL"": -0.86, ""velocity"": 0, ""kalman_altitude"": -0.84, ""kalman_vertical_velocity"": -7.92}, ""chute_state"": {""pyro1_state"": 0, ""pyro2_state"": 0}, ""connection_status"": {""connected"": true, ""has_ever_connected"": true, ""packet_age_ms"": 1, ""timeout_exceeded"": false, ""rssi"": -52}, ""communication_mode"": ""BEACON"", ""timestamp"": 170214, ""packets_received"": 471, ""kalman_data"": {""altitude"": -0.84, ""vertical_velocity"": -7.92}, ""kalman_altitude"": -0.84, ""kalman_vertical_velocity"": -7.92, ""pyroDrogue"": 0, ""pyroMain"": 0, ""pyro1_state"": 0, ""pyro2_state"": 0}"
1764741542.857613,2025-12-03T08:59:02.857613,2142,0,0,-0.78,-0.54,0.2,-51.35,-69.26,-26.95,-7.65,-5.85,0,0,0,60762,851.54,23.62,-0.74,0,0,0,0,-51,-0.78,-7.88,BEACON,"{""record_number"": 2142, ""operation_mode"": 0, ""state"": 0, ""battery_voltage"": 0, ""wifi_rssi"": -51, ""acc_data"": {""ax"": -0.78, ""ay"": -0.54, ""az"": 0.2, ""pitch"": -51.35, ""roll"": -69.26}, ""gyro_data"": {""gx"": -26.95, ""gy"": -7.65, ""gz"": -5.85}, ""gps_data"": {""latitude"": 0, ""longitude"": 0, ""gps_altitude"": 0, ""time"": 60762}, ""alt_data"": {""pressure"": 851.54, ""temperature"": 23.62, ""AGL"": -0.74, ""velocity"": 0, ""kalman_altitude"": -0.78, ""kalman_vertical_velocity"": -7.88}, ""chute_state"": {""pyro1_state"": 0, ""pyro2_state"": 0}, ""connection_status"": {""connected"": true, ""has_ever_connected"": true, ""packet_age_ms"": 0, ""timeout_exceeded"": false, ""rssi"": -51}, ""communication_mode"": ""BEACON"", ""timestamp"": 170326, ""packets_received"": 472, ""kalman_data"": {""altitude"": -0.78, ""vertical_velocity"": -7.88}, ""kalman_altitude"": -0.78, ""kalman_vertical_velocity"": -7.88, ""pyroDrogue"": 0, ""pyroMain"": 0, ""pyro1_state"": 0, ""pyro2_state"": 0}"
1764741543.067298,2025-12-03T08:59:03.067298,2146,0,0,-0.75,-0.54,0.23,-48.74,-66.95,-12.04,-5.15,0.37,0,0,0,60962,851.53,23.62,-0.56,0,0,0,0,-50,-0.65,-7.8,BEACON,"{""record_number"": 2146, ""operation_mode"": 0, ""state"": 0, ""battery_voltage"": 0, ""wifi_rssi"": -50, ""acc_data"": {""ax"": -0.75, ""ay"": -0.54, ""az"": 0.23, ""pitch"": -48.74, ""roll"": -66.95}, ""gyro_data"": {""gx"": -12.04, ""gy"": -5.15, ""gz"": 0.37}, ""gps_data"": {""latitude"": 0, ""longitude"": 0, ""gps_altitude"": 0, ""time"": 60962}, ""alt_data"": {""pressure"": 851.53, ""temperature"": 23.62, ""AGL"": -0.56, ""velocity"": 0, ""kalman_altitude"": -0.65, ""kalman_vertical_velocity"": -7.8}, ""chute_state"": {""pyro1_state"": 0, ""pyro2_state"": 0}, ""connection_status"": {""connected"": true, ""has_ever_connected"": true, ""packet_age_ms"": 1, ""timeout_exceeded"": false, ""rssi"": -50}, ""communication_mode"": ""BEACON"", ""timestamp"": 170440, ""packets_received"": 473, ""kalman_data"": {""altitude"": -0.65, ""vertical_velocity"": -7.8}, ""kalman_altitude"": -0.65, ""kalman_vertical_velocity"": -7.8, ""pyroDrogue"": 0, ""pyroMain"": 0, ""pyro1_state"": 0, ""pyro2_state"": 0}"
1764741543.259533,2025-12-03T08:59:03.259533,2151,0,0,-0.76,-0.54,0.22,-49.72,-69.07,-6.43,-0.85,-3.38,0,0,0,60962,851.54,23.62,-0.66,0,0,0,0,-52,-0.66,-7.81,BEACON,"{""record_number"": 2151, ""operation_mode"": 0, ""state"": 0, ""battery_voltage"": 0, ""wifi_rssi"": -52, ""acc_data"": {""ax"": -0.76, ""ay"": -0.54, ""az"": 0.22, ""pitch"": -49.72, ""roll"": -69.07}, ""gyro_data"": {""gx"": -6.43, ""gy"": -0.85, ""gz"": -3.38}, ""gps_data"": {""latitude"": 0, ""longitude"": 0, ""gps_altitude"": 0, ""time"": 60962}, ""alt_data"": {""pressure"": 851.54, ""temperature"": 23.62, ""AGL"": -0.66, ""velocity"": 0, ""kalman_altitude"": -0.66, ""kalman_vertical_velocity"": -7.81}, ""chute_state"": {""pyro1_state"": 0, ""pyro2_state"": 0}, ""connection_status"": {""connected"": true, ""has_ever_connected"": true, ""packet_age_ms"": 0, ""timeout_exceeded"": false, ""rssi"": -52}, ""communication_mode"": ""BEACON"", ""timestamp"": 170551, ""packets_received"": 474, ""kalman_data"": {""altitude"": -0.66, ""vertical_velocity"": -7.81}, ""kalman_altitude"": -0.66, ""kalman_vertical_velocity"": -7.81, ""pyroDrogue"": 0, ""pyroMain"": 0, ""pyro1_state"": 0, ""pyro2_state"": 0}"
1764741543.330038,2025-12-03T08:59:03.330038,2155,0,0,-0.77,-0.56,0.22,-50.38,-69.42,8.84,3.14,-4.76,0,0,0,61161,851.52,23.62,-0.49,0,0,0,0,-51,-0.56,-7.75,BEACON,"{""record_number"": 2155, ""operation_mode"": 0, ""state"": 0, ""battery_voltage"": 0, ""wifi_rssi"": -51, ""acc_data"": {""ax"": -0.77, ""ay"": -0.56, ""az"": 0.22, ""pitch"": -50.38, ""roll"": -69.42}, ""gyro_data"": {""gx"": 8.84, ""gy"": 3.14, ""gz"": -4.76}, ""gps_data"": {""latitude"": 0, ""longitude"": 0, ""gps_altitude"": 0, ""time"": 61161}, ""alt_data"": {""pressure"": 851.52, ""temperature"": 23.62, ""AGL"": -0.49, ""velocity"": 0, ""kalman_altitude"": -0.56, ""kalman_vertical_velocity"": -7.75}, ""chute_state"": {""pyro1_state"": 0, ""pyro2_state"": 0}, ""connection_status"": {""connected"": true, ""has_ever_connected"": true, ""packet_age_ms"": 1, ""timeout_exceeded"": false, ""rssi"": -51}, ""communication_mode"": ""BEACON"", ""timestamp"": 170664, ""packets_received"": 475, ""kalman_data"": {""altitude"": -0.56, ""vertical_velocity"": -7.75}, ""kalman_altitude"": -0.56, ""kalman_vertical_velocity"": -7.75, ""pyroDrogue"": 0, ""pyroMain"": 0, ""pyro1_state"": 0, ""pyro2_state"": 0}"
1764741543.452895,2025-12-03T08:59:03.452895,2159,0,0,-0.76,-0.54,0.21,-50.16,-69.38,8.9,-2.38,-0.73,0,0,0,61161,851.53,23.62,-0.6,0,0,0,0,-51,-0.59,-7.78,BEACON,"{""record_number"": 2159, ""operation_mode"": 0, ""state"": 0, ""battery_voltage"": 0, ""wifi_rssi"": -51, ""acc_data"": {""ax"": -0.76, ""ay"": -0.54, ""az"": 0.21, ""pitch"": -50.16, ""roll"": -69.38}, ""gyro_data"": {""gx"": 8.9, ""gy"": -2.38, ""gz"": -0.73}, ""gps_data"": {""latitude"": 0, ""longitude"": 0, ""gps_altitude"": 0, ""time"": 61161}, ""alt_data"": {""pressure"": 851.53, ""temperature"": 23.62, ""AGL"": -0.6, ""velocity"": 0, ""kalman_altitude"": -0.59, ""kalman_vertical_velocity"": -7.78}, ""chute_state"": {""pyro1_state"": 0, ""pyro2_state"": 0}, ""connection_status"": {""connected"": true, ""has_ever_connected"": true, ""packet_age_ms"": 0, ""timeout_exceeded"": false, ""rssi"": -51}, ""communication_mode"": ""BEACON"", ""timestamp"": 170777, ""packets_received"": 476, ""kalman_data"": {""altitude"": -0.59, ""vertical_velocity"": -7.78}, ""kalman_altitude"": -0.59, ""kalman_vertical_velocity"": -7.78, ""pyroDrogue"": 0, ""pyroMain"": 0, ""pyro1_state"": 0, ""pyro2_state"": 0}"
1764741543.522658,2025-12-03T08:59:03.522658,2164,0,0,-0.76,-0.54,0.21,-48.87,-69.09,1.68,-6.31,4.24,0,0,0,61362,851.49,23.61,-0.25,0,0,0,0,-50,-0.38,-7.65,BEACON,"{""record_number"": 2164, ""operation_mode"": 0, ""state"": 0, ""battery_voltage"": 0, ""wifi_rssi"": -50, ""acc_data"": {""ax"": -0.76, ""ay"": -0.54, ""az"": 0.21, ""pitch"": -48.87, ""roll"": -69.09}, ""gyro_data"": {""gx"": 1.68, ""gy"": -6.31, ""gz"": 4.24}, ""gps_data"": {""latitude"": 0, ""longitude"": 0, ""gps_altitude"": 0, ""time"": 61362}, ""alt_data"": {""pressure"": 851.49, ""temperature"": 23.61, ""AGL"": -0.25, ""velocity"": 0, ""kalman_altitude"": -0.38, ""kalman_vertical_velocity"": -7.65}, ""chute_state"": {""pyro1_state"": 0, ""pyro2_state"": 0}, ""connection_status"": {""connected"": true, ""has_ever_connected"": true, ""packet_age_ms"": 0, ""timeout_exceeded"": false, ""rssi"": -50}, ""communication_mode"": ""BEACON"", ""timestamp"": 170890, ""packets_received"": 477, ""kalman_data"": {""altitude"": -0.38, ""vertical_velocity"": -7.65}, ""kalman_altitude"": -0.38, ""kalman_vertical_velocity"": -7.65, ""pyroDrogue"": 0, ""pyroMain"": 0, ""pyro1_state"": 0, ""pyro2_state"": 0}"
1764741543.632159,2025-12-03T08:59:03.632159,2168,0,0,-0.76,-0.55,0.22,-49.29,-69.06,-5.98,0.18,11.46,0,0,0,61362,851.48,23.62,-0.14,0,0,0,0,-50,-0.23,-7.56,BEACON,"{""record_number"": 2168, ""operation_mode"": 0, ""state"": 0, ""battery_voltage"": 0, ""wifi_rssi"": -50, ""acc_data"": {""ax"": -0.76, ""ay"": -0.55, ""az"": 0.22, ""pitch"": -49.29, ""roll"": -69.06}, ""gyro_data"": {""gx"": -5.98, ""gy"": 0.18, ""gz"": 11.46}, ""gps_data"": {""latitude"": 0, ""longitude"": 0, ""gps_altitude"": 0, ""time"": 61362}, ""alt_data"": {""pressure"": 851.48, ""temperature"": 23.62, ""AGL"": -0.14, ""velocity"": 0, ""kalman_altitude"": -0.23, ""kalman_vertical_velocity"": -7.56}, ""chute_state"": {""pyro1_state"": 0, ""pyro2_state"": 0}, ""connection_status"": {""connected"": true, ""has_ever_connected"": true, ""packet_age_ms"": 0, ""timeout_exceeded"": false, ""rssi"": -50}, ""communication_mode"": ""BEACON"", ""timestamp"": 171003, ""packets_received"": 478, ""kalman_data"": {""altitude"": -0.23, ""vertical_velocity"": -7.56}, ""kalman_altitude"": -0.23, ""kalman_vertical_velocity"": -7.56, ""pyroDrogue"": 0, ""pyroMain"": 0, ""pyro1_state"": 0, ""pyro2_state"": 0}"
1764741543.700711,2025-12-03T08:59:03.700711,2172,0,0,-0.76,-0.52,0.21,-49.85,-68.45,-11.16,-7.84,12.04,0,0,0,61562,851.54,23.62,-0.66,0,0,0,0,-49,-0.52,-7.75,BEACON,"{""record_number"": 2172, ""operation_mode"": 0, ""state"": 0, ""battery_voltage"": 0, ""wifi_rssi"": -49, ""acc_data"": {""ax"": -0.76, ""ay"": -0.52, ""az"": 0.21, ""pitch"": -49.85, ""roll"": -68.45}, ""gyro_data"": {""gx"": -11.16, ""gy"": -7.84, ""gz"": 12.04}, ""gps_data"": {""latitude"": 0, ""longitude"": 0, ""gps_altitude"": 0, ""time"": 61562}, ""alt_data"": {""pressure"": 851.54, ""temperature"": 23.62, ""AGL"": -0.66, ""velocity"": 0, ""kalman_altitude"": -0.52, ""kalman_vertical_velocity"": -7.75}, ""chute_state"": {""pyro1_state"": 0, ""pyro2_state"": 0}, ""connection_status"": {""connected"": true, ""has_ever_connected"": true, ""packet_age_ms"": 0, ""timeout_exceeded"": false, ""rssi"": -49}, ""communication_mode"": ""BEACON"", ""timestamp"": 171115, ""packets_received"": 479, ""kalman_data"": {""altitude"": -0.52, ""vertical_velocity"": -7.75}, ""kalman_altitude"": -0.52, ""kalman_vertical_velocity"": -7.75, ""pyroDrogue"": 0, ""pyroMain"": 0, ""pyro1_state"": 0, ""pyro2_state"": 0}"
1764741543.742712,2025-12-03T08:59:03.742712,2176,0,0,-0.76,-0.54,0.21,-49.29,-67.36,-17.8,-2.41,6.55,0,0,0,61767,851.52,23.62,-0.52,0,0,0,0,-49,-0.59,-7.81,BEACON,"{""record_number"": 2176, ""operation_mode"": 0, ""state"": 0, ""battery_voltage"": 0, ""wifi_rssi"": -49, ""acc_data"": {""ax"": -0.76, ""ay"": -0.54, ""az"": 0.21, ""pitch"": -49.29, ""roll"": -67.36}, ""gyro_data"": {""gx"": -17.8, ""gy"": -2.41, ""gz"": 6.55}, ""gps_data"": {""latitude"": 0, ""longitude"": 0, ""gps_altitude"": 0, ""time"": 61767}, ""alt_data"": {""pressure"": 851.52, ""temperature"": 23.62, ""AGL"": -0.52, ""velocity"": 0, ""kalman_altitude"": -0.59, ""kalman_vertical_velocity"": -7.81}, ""chute_state"": {""pyro1_state"": 0, ""pyro2_state"": 0}, ""connection_status"": {""connected"": true, ""has_ever_connected"": true, ""packet_age_ms"": 0, ""timeout_exceeded"": false, ""rssi"": -49}, ""communication_mode"": ""BEACON"", ""timestamp"": 171228, ""packets_received"": 480, ""kalman_data"": {""altitude"": -0.59, ""vertical_velocity"": -7.81}, ""kalman_altitude"": -0.59, ""kalman_vertical_velocity"": -7.81, ""pyroDrogue"": 0, ""pyroMain"": 0, ""pyro1_state"": 0, ""pyro2_state"": 0}"
1764741543.831955,2025-12-03T08:59:03.831955,2181,0,0,-0.78,-0.54,0.22,-51.04,-68.09,-22.47,-6.07,6.22,0,0,0,61767,851.49,23.62,-0.21,0,0,0,0,-49,-0.35,-7.66,BEACON,"{""record_number"": 2181, ""operation_mode"": 0, ""state"": 0, ""battery_voltage"": 0, ""wifi_rssi"": -49, ""acc_data"": {""ax"": -0.78, ""ay"": -0.54, ""az"": 0.22, ""pitch"": -51.04, ""roll"": -68.09}, ""gyro_data"": {""gx"": -22.47, ""gy"": -6.07, ""gz"": 6.22}, ""gps_data"": {""latitude"": 0, ""longitude"": 0, ""gps_altitude"": 0, ""time"": 61767}, ""alt_data"": {""pressure"": 851.49, ""temperature"": 23.62, ""AGL"": -0.21, ""velocity"": 0, ""kalman_altitude"": -0.35, ""kalman_vertical_velocity"": -7.66}, ""chute_state"": {""pyro1_state"": 0, ""pyro2_state"": 0}, ""connection_status"": {""connected"": true, ""has_ever_connected"": true, ""packet_age_ms"": 0, ""timeout_exceeded"": false, ""rssi"": -49}, ""communication_mode"": ""BEACON"", ""timestamp"": 171341, ""packets_received"": 481, ""kalman_data"": {""altitude"": -0.35, ""vertical_velocity"": -7.66}, ""kalman_altitude"": -0.35, ""kalman_vertical_velocity"": -7.66, ""pyroDrogue"": 0, ""pyroMain"": 0, ""pyro1_state"": 0, ""pyro2_state"": 0}"
1764741543.896731,2025-12-03T08:59:03.896731,2185,0,0,-0.76,-0.53,0.22,-49.77,-66.49,-18.48,-13.08,12.44,0,0,0,61966,851.58,23.63,-1.07,0,0,0,0,-49,-0.84,-7.98,BEACON,"{""record_number"": 2185, ""operation_mode"": 0, ""state"": 0, ""battery_voltage"": 0, ""wifi_rssi"": -49, ""acc_data"": {""ax"": -0.76, ""ay"": -0.53, ""az"": 0.22, ""pitch"": -49.77, ""roll"": -66.49}, ""gyro_data"": {""gx"": -18.48, ""gy"": -13.08, ""gz"": 12.44}, ""gps_data"": {""latitude"": 0, ""longitude"": 0, ""gps_altitude"": 0, ""time"": 61966}, ""alt_data"": {""pressure"": 851.58, ""temperature"": 23.63, ""AGL"": -1.07, ""velocity"": 0, ""kalman_altitude"": -0.84, ""kalman_vertical_velocity"": -7.98}, ""chute_state"": {""pyro1_state"": 0, ""pyro2_state"": 0}, ""connection_status"": {""connected"": true, ""has_ever_connected"": true, ""packet_age_ms"": 0, ""timeout_exceeded"": false, ""rssi"": -49}, ""communication_mode"": ""BEACON"", ""timestamp"": 171454, ""packets_received"": 482, ""kalman_data"": {""altitude"": -0.84, ""vertical_velocity"": -7.98}, ""kalman_altitude"": -0.84, ""kalman_vertical_velocity"": -7.98, ""pyroDrogue"": 0, ""pyroMain"": 0, ""pyro1_state"": 0, ""pyro2_state"": 0}"
1764741544.009366,2025-12-03T08:59:04.009366,2189,0,0,-0.76,-0.53,0.21,-49.51,-67.72,-19.54,-13.9,8.2,0,0,0,61966,851.53,23.62,-0.56,0,0,0,0,-49,-0.65,-7.87,BEACON,"{""record_number"": 2189, ""operation_mode"": 0, ""state"": 0, ""battery_voltage"": 0, ""wifi_rssi"": -49, ""acc_data"": {""ax"": -0.76, ""ay"": -0.53, ""az"": 0.21, ""pitch"": -49.51, ""roll"": -67.72}, ""gyro_data"": {""gx"": -19.54, ""gy"": -13.9, ""gz"": 8.2}, ""gps_data"": {""latitude"": 0, ""longitude"": 0, ""gps_altitude"": 0, ""time"": 61966}, ""alt_data"": {""pressure"": 851.53, ""temperature"": 23.62, ""AGL"": -0.56, ""velocity"": 0, ""kalman_altitude"": -0.65, ""kalman_vertical_velocity"": -7.87}, ""chute_state"": {""pyro1_state"": 0, ""pyro2_state"": 0}, ""connection_status"": {""connected"": true, ""has_ever_connected"": true, ""packet_age_ms"": 1, ""timeout_exceeded"": false, ""rssi"": -49}, ""communication_mode"": ""BEACON"", ""timestamp"": 171568, ""packets_received"": 483, ""kalman_data"": {""altitude"": -0.65, ""vertical_velocity"": -7.87}, ""kalman_altitude"": -0.65, ""kalman_vertical_velocity"": -7.87, ""pyroDrogue"": 0, ""pyroMain"": 0, ""pyro1_state"": 0, ""pyro2_state"": 0}"
1764741544.135508,2025-12-03T08:59:04.135508,2194,0,0,-0.77,-0.51,0.23,-51,-65.38,-12.56,-10.61,-4.76,0,0,0,62167,851.52,23.62,-0.53,0,0,0,0,-48,-0.58,-7.82,BEACON,"{""record_number"": 2194, ""operation_mode"": 0, ""state"": 0, ""battery_voltage"": 0, ""wifi_rssi"": -48, ""acc_data"": {""ax"": -0.77, ""ay"": -0.51, ""az"": 0.23, ""pitch"": -51, ""roll"": -65.38}, ""gyro_data"": {""gx"": -12.56, ""gy"": -10.61, ""gz"": -4.76}, ""gps_data"": {""latitude"": 0, ""longitude"": 0, ""gps_altitude"": 0, ""time"": 62167}, ""alt_data"": {""pressure"": 851.52, ""temperature"": 23.62, ""AGL"": -0.53, ""velocity"": 0, ""kalman_altitude"": -0.58, ""kalman_vertical_velocity"": -7.82}, ""chute_state"": {""pyro1_state"": 0, ""pyro2_state"": 0}, ""connection_status"": {""connected"": true, ""has_ever_connected"": true, ""packet_age_ms"": 0, ""timeout_exceeded"": false, ""rssi"": -48}, ""communication_mode"": ""BEACON"", ""timestamp"": 171680, ""packets_received"": 484, ""kalman_data"": {""altitude"": -0.58, ""vertical_velocity"": -7.82}, ""kalman_altitude"": -0.58, ""kalman_vertical_velocity"": -7.82, ""pyroDrogue"": 0, ""pyroMain"": 0, ""pyro1_state"": 0, ""pyro2_state"": 0}"
1764741544.235983,2025-12-03T08:59:04.235983,2198,0,0,-0.8,-0.5,0.23,-52.86,-66.83,-20.49,-17.35,3.51,0,0,0,62167,851.49,23.62,-0.21,0,0,0,0,-48,-0.34,-7.68,BEACON,"{""record_number"": 2198, ""operation_mode"": 0, ""state"": 0, ""battery_voltage"": 0, ""wifi_rssi"": -48, ""acc_data"": {""ax"": -0.8, ""ay"": -0.5, ""az"": 0.23, ""pitch"": -52.86, ""roll"": -66.83}, ""gyro_data"": {""gx"": -20.49, ""gy"": -17.35, ""gz"": 3.51}, ""gps_data"": {""latitude"": 0, ""longitude"": 0, ""gps_altitude"": 0, ""time"": 62167}, ""alt_data"": {""pressure"": 851.49, ""temperature"": 23.62, ""AGL"": -0.21, ""velocity"": 0, ""kalman_altitude"": -0.34, ""kalman_vertical_velocity"": -7.68}, ""chute_state"": {""pyro1_state"": 0, ""pyro2_state"": 0}, ""connection_status"": {""connected"": true, ""has_ever_connected"": true, ""packet_age_ms"": 0, ""timeout_exceeded"": false, ""rssi"": -48}, ""communication_mode"": ""BEACON"", ""timestamp"": 171793, ""packets_received"": 485, ""kalman_data"": {""altitude"": -0.34, ""vertical_velocity"": -7.68}, ""kalman_altitude"": -0.34, ""kalman_vertical_velocity"": -7.68, ""pyroDrogue"": 0, ""pyroMain"": 0, ""pyro1_state"": 0, ""pyro2_state"": 0}"
1764741544.340537,2025-12-03T08:59:04.340537,2202,0,0,-0.77,-0.53,0.22,-50.64,-67.74,-19.15,-20.21,16.86,0,0,0,62367,851.5,23.62,-0.28,0,0,0,0,-49,-0.24,-7.62,BEACON,"{""record_number"": 2202, ""operation_mode"": 0, ""state"": 0, ""battery_voltage"": 0, ""wifi_rssi"": -49, ""acc_data"": {""ax"": -0.77, ""ay"": -0.53, ""az"": 0.22, ""pitch"": -50.64, ""roll"": -67.74}, ""gyro_data"": {""gx"": -19.15, ""gy"": -20.21, ""gz"": 16.86}, ""gps_data"": {""latitude"": 0, ""longitude"": 0, ""gps_altitude"": 0, ""time"": 62367}, ""alt_data"": {""pressure"": 851.5, ""temperature"": 23.62, ""AGL"": -0.28, ""velocity"": 0, ""kalman_altitude"": -0.24, ""kalman_vertical_velocity"": -7.62}, ""chute_state"": {""pyro1_state"": 0, ""pyro2_state"": 0}, ""connection_status"": {""connected"": true, ""has_ever_connected"": true, ""packet_age_ms"": 0, ""timeout_exceeded"": false, ""rssi"": -49}, ""communication_mode"": ""BEACON"", ""timestamp"": 171906, ""packets_received"": 486, ""kalman_data"": {""altitude"": -0.24, ""vertical_velocity"": -7.62}, ""kalman_altitude"": -0.24, ""kalman_vertical_velocity"": -7.62, ""pyroDrogue"": 0, ""pyroMain"": 0, ""pyro1_state"": 0, ""pyro2_state"": 0}"
1764741544.45485,2025-12-03T08:59:04.454850,2207,0,0,-0.79,-0.49,0.23,-54.03,-65.59,-22.35,12.5,13.69,0,0,0,62367,851.55,23.62,-0.81,0,0,0,0,-49,-0.63,-7.88,BEACON,"{""record_number"": 2207, ""operation_mode"": 0, ""state"": 0, ""battery_voltage"": 0, ""wifi_rssi"": -49, ""acc_data"": {""ax"": -0.79, ""ay"": -0.49, ""az"": 0.23, ""pitch"": -54.03, ""roll"": -65.59}, ""gyro_data"": {""gx"": -22.35, ""gy"": 12.5, ""gz"": 13.69}, ""gps_data"": {""latitude"": 0, ""longitude"": 0, ""gps_altitude"": 0, ""time"": 62367}, ""alt_data"": {""pressure"": 851.55, ""temperature"": 23.62, ""AGL"": -0.81, ""velocity"": 0, ""kalman_altitude"": -0.63, ""kalman_vertical_velocity"": -7.88}, ""chute_state"": {""pyro1_state"": 0, ""pyro2_state"": 0}, ""connection_status"": {""connected"": true, ""has_ever_connected"": true, ""packet_age_ms"": 0, ""timeout_exceeded"": false, ""rssi"": -49}, ""communication_mode"": ""BEACON"", ""timestamp"": 172020, ""packets_received"": 487, ""kalman_data"": {""altitude"": -0.63, ""vertical_velocity"": -7.88}, ""kalman_altitude"": -0.63, ""kalman_vertical_velocity"": -7.88, ""pyroDrogue"": 0, ""pyroMain"": 0, ""pyro1_state"": 0, ""pyro2_state"": 0}"
1764741544.614269,2025-12-03T08:59:04.614269,2211,0,0,-0.81,-0.5,0.19,-53.79,-69.78,-47.26,-14.42,26.89,0,0,0,62567,851.57,23.63,-1,0,0,0,0,-49,-0.89,-8.05,BEACON,"{""record_number"": 2211, ""operation_mode"": 0, ""state"": 0, ""battery_voltage"": 0, ""wifi_rssi"": -49, ""acc_data"": {""ax"": -0.81, ""ay"": -0.5, ""az"": 0.19, ""pitch"": -53.79, ""roll"": -69.78}, ""gyro_data"": {""gx"": -47.26, ""gy"": -14.42, ""gz"": 26.89}, ""gps_data"": {""latitude"": 0, ""longitude"": 0, ""gps_altitude"": 0, ""time"": 62567}, ""alt_data"": {""pressure"": 851.57, ""temperature"": 23.63, ""AGL"": -1, ""velocity"": 0, ""kalman_altitude"": -0.89, ""kalman_vertical_velocity"": -8.05}, ""chute_state"": {""pyro1_state"": 0, ""pyro2_state"": 0}, ""connection_status"": {""connected"": true, ""has_ever_connected"": true, ""packet_age_ms"": 0, ""timeout_exceeded"": false, ""rssi"": -49}, ""communication_mode"": ""BEACON"", ""timestamp"": 172132, ""packets_received"": 488, ""kalman_data"": {""altitude"": -0.89, ""vertical_velocity"": -8.05}, ""kalman_altitude"": -0.89, ""kalman_vertical_velocity"": -8.05, ""pyroDrogue"": 0, ""pyroMain"": 0, ""pyro1_state"": 0, ""pyro2_state"": 0}"
1764741544.748475,2025-12-03T08:59:04.748475,2215,0,0,-0.79,-0.5,0.18,-52.26,-70.46,-63.14,-14.76,35.03,0,0,0,62772,851.56,23.64,-0.91,0,0,0,0,-48,-0.89,-8.06,BEACON,"{""record_number"": 2215, ""operation_mode"": 0, ""state"": 0, ""battery_voltage"": 0, ""wifi_rssi"": -48, ""acc_data"": {""ax"": -0.79, ""ay"": -0.5, ""az"": 0.18, ""pitch"": -52.26, ""roll"": -70.46}, ""gyro_data"": {""gx"": -63.14, ""gy"": -14.76, ""gz"": 35.03}, ""gps_data"": {""latitude"": 0, ""longitude"": 0, ""gps_altitude"": 0, ""time"": 62772}, ""alt_data"": {""pressure"": 851.56, ""temperature"": 23.64, ""AGL"": -0.91, ""velocity"": 0, ""kalman_altitude"": -0.89, ""kalman_vertical_velocity"": -8.06}, ""chute_state"": {""pyro1_state"": 0, ""pyro2_state"": 0}, ""connection_status"": {""connected"": true, ""has_ever_connected"": true, ""packet_age_ms"": 0, ""timeout_exceeded"": false, ""rssi"": -48}, ""communication_mode"": ""BEACON"", ""timestamp"": 172245, ""packets_received"": 489, ""kalman_data"": {""altitude"": -0.89, ""vertical_velocity"": -8.06}, ""kalman_altitude"": -0.89, ""kalman_vertical_velocity"": -8.06, ""pyroDrogue"": 0, ""pyroMain"": 0, ""pyro1_state"": 0, ""pyro2_state"": 0}"
1764741544.831551,2025-12-03T08:59:04.831551,2219,0,0,-0.8,-0.46,0.18,-53.46,-68.01,-67.16,5.82,40.55,0,0,0,62772,851.57,23.64,-1.01,0,0,0,0,-48,-0.98,-8.12,BEACON,"{""record_number"": 2219, ""operation_mode"": 0, ""state"": 0, ""battery_voltage"": 0, ""wifi_rssi"": -48, ""acc_data"": {""ax"": -0.8, ""ay"": -0.46, ""az"": 0.18, ""pitch"": -53.46, ""roll"": -68.01}, ""gyro_data"": {""gx"": -67.16, ""gy"": 5.82, ""gz"": 40.55}, ""gps_data"": {""latitude"": 0, ""longitude"": 0, ""gps_altitude"": 0, ""time"": 62772}, ""alt_data"": {""pressure"": 851.57, ""temperature"": 23.64, ""AGL"": -1.01, ""velocity"": 0, ""kalman_altitude"": -0.98, ""kalman_vertical_velocity"": -8.12}, ""chute_state"": {""pyro1_state"": 0, ""pyro2_state"": 0}, ""connection_status"": {""connected"": true, ""has_ever_connected"": true, ""packet_age_ms"": 0, ""timeout_exceeded"": false, ""rssi"": -48}, ""communication_mode"": ""BEACON"", ""timestamp"": 172359, ""packets_received"": 490, ""kalman_data"": {""altitude"": -0.98, ""vertical_velocity"": -8.12}, ""kalman_altitude"": -0.98, ""kalman_vertical_velocity"": -8.12, ""pyroDrogue"": 0, ""pyroMain"": 0, ""pyro1_state"": 0, ""pyro2_state"": 0}"
1764741545.193231,2025-12-03T08:59:05.193231,2224,0,0,-0.79,-0.45,0.17,-53.32,-70.57,-50.21,-8.45,31.19,0,0,0,62971,851.51,23.63,-0.4,0,0,0,0,-48,-0.6,-7.88,BEACON,"{""record_number"": 2224, ""operation_mode"": 0, ""state"": 0, ""battery_voltage"": 0, ""wifi_rssi"": -48, ""acc_data"": {""ax"": -0.79, ""ay"": -0.45, ""az"": 0.17, ""pitch"": -53.32, ""roll"": -70.57}, ""gyro_data"": {""gx"": -50.21, ""gy"": -8.45, ""gz"": 31.19}, ""gps_data"": {""latitude"": 0, ""longitude"": 0, ""gps_altitude"": 0, ""time"": 62971}, ""alt_data"": {""pressure"": 851.51, ""temperature"": 23.63, ""AGL"": -0.4, ""velocity"": 0, ""kalman_altitude"": -0.6, ""kalman_vertical_velocity"": -7.88}, ""chute_state"": {""pyro1_state"": 0, ""pyro2_state"": 0}, ""connection_status"": {""connected"": true, ""has_ever_connected"": true, ""packet_age_ms"": 0, ""timeout_exceeded"": false, ""rssi"": -48}, ""communication_mode"": ""BEACON"", ""timestamp"": 172471, ""packets_received"": 491, ""kalman_data"": {""altitude"": -0.6, ""vertical_velocity"": -7.88}, ""kalman_altitude"": -0.6, ""kalman_vertical_velocity"": -7.88, ""pyroDrogue"": 0, ""pyroMain"": 0, ""pyro1_state"": 0, ""pyro2_state"": 0}"
1764741545.347866,2025-12-03T08:59:05.347866,2228,0,0,-0.79,-0.44,0.18,-52.3,-68.03,-34.79,1.37,12.71,0,0,0,62971,851.56,23.63,-0.93,0,0,0,0,-49,-0.92,-8.1,BEACON,"{""record_number"": 2228, ""operation_mode"": 0, ""state"": 0, ""battery_voltage"": 0, ""wifi_rssi"": -49, ""acc_data"": {""ax"": -0.79, ""ay"": -0.44, ""az"": 0.18, ""pitch"": -52.3, ""roll"": -68.03}, ""gyro_data"": {""gx"": -34.79, ""gy"": 1.37, ""gz"": 12.71}, ""gps_data"": {""latitude"": 0, ""longitude"": 0, ""gps_altitude"": 0, ""time"": 62971}, ""alt_data"": {""pressure"": 851.56, ""temperature"": 23.63, ""AGL"": -0.93, ""velocity"": 0, ""kalman_altitude"": -0.92, ""kalman_vertical_velocity"": -8.1}, ""chute_state"": {""pyro1_state"": 0, ""pyro2_state"": 0}, ""connection_status"": {""connected"": true, ""has_ever_connected"": true, ""packet_age_ms"": 1, ""timeout_exceeded"": false, ""rssi"": -49}, ""communication_mode"": ""BEACON"", ""timestamp"": 172585, ""packets_received"": 492, ""kalman_data"": {""altitude"": -0.92, ""vertical_velocity"": -8.1}, ""kalman_altitude"": -0.92, ""kalman_vertical_velocity"": -8.1, ""pyroDrogue"": 0, ""pyroMain"": 0, ""pyro1_state"": 0, ""pyro2_state"": 0}"
1764741545.448027,2025-12-03T08:59:05.448027,2232,0,0,-0.81,-0.45,0.16,-55.09,-70.6,-28.78,-10.27,-1.16,0,0,0,63172,851.56,23.64,-0.87,0,0,0,0,-49,-0.9,-8.09,BEACON,"{""record_number"": 2232, ""operation_mode"": 0, ""state"": 0, ""battery_voltage"": 0, ""wifi_rssi"": -49, ""acc_data"": {""ax"": -0.81, ""ay"": -0.45, ""az"": 0.16, ""pitch"": -55.09, ""roll"": -70.6}, ""gyro_data"": {""gx"": -28.78, ""gy"": -10.27, ""gz"": -1.16}, ""gps_data"": {""latitude"": 0, ""longitude"": 0, ""gps_altitude"": 0, ""time"": 63172}, ""alt_data"": {""pressure"": 851.56, ""temperature"": 23.64, ""AGL"": -0.87, ""velocity"": 0, ""kalman_altitude"": -0.9, ""kalman_vertical_velocity"": -8.09}, ""chute_state"": {""pyro1_state"": 0, ""pyro2_state"": 0}, ""connection_status"": {""connected"": true, ""has_ever_connected"": true, ""packet_age_ms"": 0, ""timeout_exceeded"": false, ""rssi"": -49}, ""communication_mode"": ""BEACON"", ""timestamp"": 172697, ""packets_received"": 493, ""kalman_data"": {""altitude"": -0.9, ""vertical_velocity"": -8.09}, ""kalman_altitude"": -0.9, ""kalman_vertical_velocity"": -8.09, ""pyroDrogue"": 0, ""pyroMain"": 0, ""pyro1_state"": 0, ""pyro2_state"": 0}"
1764741545.48581,2025-12-03T08:59:05.485810,2237,0,0,-0.81,-0.43,0.16,-54.12,-69.26,-9.76,-11.74,-9.79,0,0,0,63172,851.55,23.63,-0.75,0,0,0,0,-49,-0.81,-8.04,BEACON,"{""record_number"": 2237, ""operation_mode"": 0, ""state"": 0, ""battery_voltage"": 0, ""wifi_rssi"": -49, ""acc_data"": {""ax"": -0.81, ""ay"": -0.43, ""az"": 0.16, ""pitch"": -54.12, ""roll"": -69.26}, ""gyro_data"": {""gx"": -9.76, ""gy"": -11.74, ""gz"": -9.79}, ""gps_data"": {""latitude"": 0, ""longitude"": 0, ""gps_altitude"": 0, ""time"": 63172}, ""alt_data"": {""pressure"": 851.55, ""temperature"": 23.63, ""AGL"": -0.75, ""velocity"": 0, ""kalman_altitude"": -0.81, ""kalman_vertical_velocity"": -8.04}, ""chute_state"": {""pyro1_state"": 0, ""pyro2_state"": 0}, ""connection_status"": {""connected"": true, ""has_ever_connected"": true, ""packet_age_ms"": 0, ""timeout_exceeded"": false, ""rssi"": -49}, ""communication_mode"": ""BEACON"", ""timestamp"": 172811, ""packets_received"": 494, ""kalman_data"": {""altitude"": -0.81, ""vertical_velocity"": -8.04}, ""kalman_altitude"": -0.81, ""kalman_vertical_velocity"": -8.04, ""pyroDrogue"": 0, ""pyroMain"": 0, ""pyro1_state"": 0, ""pyro2_state"": 0}"
1764741545.581147,2025-12-03T08:59:05.581147,2241,0,0,-0.83,-0.46,0.16,-56.99,-71.76,-10.76,-3.17,-3.87,0,0,0,63372,851.49,23.63,-0.26,0,0,0,0,-49,-0.34,-7.76,BEACON,"{""record_number"": 2241, ""operation_mode"": 0, ""state"": 0, ""battery_voltage"": 0, ""wifi_rssi"": -49, ""acc_data"": {""ax"": -0.83, ""ay"": -0.46, ""az"": 0.16, ""pitch"": -56.99, ""roll"": -71.76}, ""gyro_data"": {""gx"": -10.76, ""gy"": -3.17, ""gz"": -3.87}, ""gps_data"": {""latitude"": 0, ""longitude"": 0, ""gps_altitude"": 0, ""time"": 63372}, ""alt_data"": {""pressure"": 851.49, ""temperature"": 23.63, ""AGL"": -0.26, ""velocity"": 0, ""kalman_altitude"": -0.34, ""kalman_vertical_velocity"": -7.76}, ""chute_state"": {""pyro1_state"": 0, ""pyro2_state"": 0}, ""connection_status"": {""connected"": true, ""has_ever_connected"": true, ""packet_age_ms"": 0, ""timeout_exceeded"": false, ""rssi"": -49}, ""communication_mode"": ""BEACON"", ""timestamp"": 172922, ""packets_received"": 495, ""kalman_data"": {""altitude"": -0.34, ""vertical_velocity"": -7.76}, ""kalman_altitude"": -0.34, ""kalman_vertical_velocity"": -7.76, ""pyroDrogue"": 0, ""pyroMain"": 0, ""pyro1_state"": 0, ""pyro2_state"": 0}"
1764741545.684002,2025-12-03T08:59:05.684002,2245,0,0,-0.83,-0.45,0.16,-55.63,-70.64,-5.18,-3.63,3.41,0,0,0,63571,851.56,23.64,-0.92,0,0,0,0,-48,-0.75,-8.02,BEACON,"{""record_number"": 2245, ""operation_mode"": 0, ""state"": 0, ""battery_voltage"": 0, ""wifi_rssi"": -48, ""acc_data"": {""ax"": -0.83, ""ay"": -0.45, ""az"": 0.16, ""pitch"": -55.63, ""roll"": -70.64}, ""gyro_data"": {""gx"": -5.18, ""gy"": -3.63, ""gz"": 3.41}, ""gps_data"": {""latitude"": 0, ""longitude"": 0, ""gps_altitude"": 0, ""time"": 63571}, ""alt_data"": {""pressure"": 851.56, ""temperature"": 23.64, ""AGL"": -0.92, ""velocity"": 0, ""kalman_altitude"": -0.75, ""kalman_vertical_velocity"": -8.02}, ""chute_state"": {""pyro1_state"": 0, ""pyro2_state"": 0}, ""connection_status"": {""connected"": true, ""has_ever_connected"": true, ""packet_age_ms"": 0, ""timeout_exceeded"": false, ""rssi"": -48}, ""communication_mode"": ""BEACON"", ""timestamp"": 173035, ""packets_received"": 496, ""kalman_data"": {""altitude"": -0.75, ""vertical_velocity"": -8.02}, ""kalman_altitude"": -0.75, ""kalman_vertical_velocity"": -8.02, ""pyroDrogue"": 0, ""pyroMain"": 0, ""pyro1_state"": 0, ""pyro2_state"": 0}"
1764741545.749852,2025-12-03T08:59:05.749852,2250,0,0,-0.82,-0.43,0.16,-55.68,-68.03,-0.43,-0.85,2.38,0,0,0,63571,851.54,23.63,-0.68,0,0,0,0,-48,-0.71,-8.01,BEACON,"{""record_number"": 2250, ""operation_mode"": 0, ""state"": 0, ""battery_voltage"": 0, ""wifi_rssi"": -48, ""acc_data"": {""ax"": -0.82, ""ay"": -0.43, ""az"": 0.16, ""pitch"": -55.68, ""roll"": -68.03}, ""gyro_data"": {""gx"": -0.43, ""gy"": -0.85, ""gz"": 2.38}, ""gps_data"": {""latitude"": 0, ""longitude"": 0, ""gps_altitude"": 0, ""time"": 63571}, ""alt_data"": {""pressure"": 851.54, ""temperature"": 23.63, ""AGL"": -0.68, ""velocity"": 0, ""kalman_altitude"": -0.71, ""kalman_vertical_velocity"": -8.01}, ""chute_state"": {""pyro1_state"": 0, ""pyro2_state"": 0}, ""connection_status"": {""connected"": true, ""has_ever_connected"": true, ""packet_age_ms"": 1, ""timeout_exceeded"": false, ""rssi"": -48}, ""communication_mode"": ""BEACON"", ""timestamp"": 173150, ""packets_received"": 497, ""kalman_data"": {""altitude"": -0.71, ""vertical_velocity"": -8.01}, ""kalman_altitude"": -0.71, ""kalman_vertical_velocity"": -8.01, ""pyroDrogue"": 0, ""pyroMain"": 0, ""pyro1_state"": 0, ""pyro2_state"": 0}"
1764741545.807505,2025-12-03T08:59:05.807505,2254,0,0,-0.82,-0.45,0.17,-55.93,-70.77,-7.23,-3.51,3.45,0,0,0,63777,851.5,23.63,-0.33,0,0,0,0,-49,-0.46,-7.86,BEACON,"{""record_number"": 2254, ""operation_mode"": 0, ""state"": 0, ""battery_voltage"": 0, ""wifi_rssi"": -49, ""acc_data"": {""ax"": -0.82, ""ay"": -0.45, ""az"": 0.17, ""pitch"": -55.93, ""roll"": -70.77}, ""gyro_data"": {""gx"": -7.23, ""gy"": -3.51, ""gz"": 3.45}, ""gps_data"": {""latitude"": 0, ""longitude"": 0, ""gps_altitude"": 0, ""time"": 63777}, ""alt_data"": {""pressure"": 851.5, ""temperature"": 23.63, ""AGL"": -0.33, ""velocity"": 0, ""kalman_altitude"": -0.46, ""kalman_vertical_velocity"": -7.86}, ""chute_state"": {""pyro1_state"": 0, ""pyro2_state"": 0}, ""connection_status"": {""connected"": true, ""has_ever_connected"": true, ""packet_age_ms"": 0, ""timeout_exceeded"": false, ""rssi"": -49}, ""communication_mode"": ""BEACON"", ""timestamp"": 173261, ""packets_received"": 498, ""kalman_data"": {""altitude"": -0.46, ""vertical_velocity"": -7.86}, ""kalman_altitude"": -0.46, ""kalman_vertical_velocity"": -7.86, ""pyroDrogue"": 0, ""pyroMain"": 0, ""pyro1_state"": 0, ""pyro2_state"": 0}"
1764741546.049966,2025-12-03T08:59:06.049966,2258,0,0,-0.82,-0.44,0.15,-54.85,-69.59,-8.17,3.29,-0.09,0,0,0,63777,851.58,23.64,-1.13,0,0,0,0,-50,-0.93,-8.16,BEACON,"{""record_number"": 2258, ""operation_mode"": 0, ""state"": 0, ""battery_voltage"": 0, ""wifi_rssi"": -50, ""acc_data"": {""ax"": -0.82, ""ay"": -0.44, ""az"": 0.15, ""pitch"": -54.85, ""roll"": -69.59}, ""gyro_data"": {""gx"": -8.17, ""gy"": 3.29, ""gz"": -0.09}, ""gps_data"": {""latitude"": 0, ""longitude"": 0, ""gps_altitude"": 0, ""time"": 63777}, ""alt_data"": {""pressure"": 851.58, ""temperature"": 23.64, ""AGL"": -1.13, ""velocity"": 0, ""kalman_altitude"": -0.93, ""kalman_vertical_velocity"": -8.16}, ""chute_state"": {""pyro1_state"": 0, ""pyro2_state"": 0}, ""connection_status"": {""connected"": true, ""has_ever_connected"": true, ""packet_age_ms"": 0, ""timeout_exceeded"": false, ""rssi"": -50}, ""communication_mode"": ""BEACON"", ""timestamp"": 173374, ""packets_received"": 499, ""kalman_data"": {""altitude"": -0.93, ""vertical_velocity"": -8.16}, ""kalman_altitude"": -0.93, ""kalman_vertical_velocity"": -8.16, ""pyroDrogue"": 0, ""pyroMain"": 0, ""pyro1_state"": 0, ""pyro2_state"": 0}"
1764741546.159827,2025-12-03T08:59:06.159827,2263,0,0,-0.82,-0.44,0.15,-54.9,-69.68,-9.33,-6.37,5.67,0,0,0,63977,851.54,23.64,-0.73,0,0,0,0,-50,-0.8,-8.09,BEACON,"{""record_number"": 2263, ""operation_mode"": 0, ""state"": 0, ""battery_voltage"": 0, ""wifi_rssi"": -50, ""acc_data"": {""ax"": -0.82, ""ay"": -0.44, ""az"": 0.15, ""pitch"": -54.9, ""roll"": -69.68}, ""gyro_data"": {""gx"": -9.33, ""gy"": -6.37, ""gz"": 5.67}, ""gps_data"": {""latitude"": 0, ""longitude"": 0, ""gps_altitude"": 0, ""time"": 63977}, ""alt_data"": {""pressure"": 851.54, ""temperature"": 23.64, ""AGL"": -0.73, ""velocity"": 0, ""kalman_altitude"": -0.8, ""kalman_vertical_velocity"": -8.09}, ""chute_state"": {""pyro1_state"": 0, ""pyro2_state"": 0}, ""connection_status"": {""connected"": true, ""has_ever_connected"": true, ""packet_age_ms"": 1, ""timeout_exceeded"": false, ""rssi"": -50}, ""communication_mode"": ""BEACON"", ""timestamp"": 173486, ""packets_received"": 500, ""kalman_data"": {""altitude"": -0.8, ""vertical_velocity"": -8.09}, ""kalman_altitude"": -0.8, ""kalman_vertical_velocity"": -8.09, ""pyroDrogue"": 0, ""pyroMain"": 0, ""pyro1_state"": 0, ""pyro2_state"": 0}"
1764741546.259982,2025-12-03T08:59:06.259982,2267,0,0,-0.82,-0.44,0.17,-54.85,-69.18,-7.93,0.58,-0.58,0,0,0,63977,851.56,23.63,-0.86,0,0,0,0,-49,-0.88,-8.15,BEACON,"{""record_number"": 2267, ""operation_mode"": 0, ""state"": 0, ""battery_voltage"": 0, ""wifi_rssi"": -49, ""acc_data"": {""ax"": -0.82, ""ay"": -0.44, ""az"": 0.17, ""pitch"": -54.85, ""roll"": -69.18}, ""gyro_data"": {""gx"": -7.93, ""gy"": 0.58, ""gz"": -0.58}, ""gps_data"": {""latitude"": 0, ""longitude"": 0, ""gps_altitude"": 0, ""time"": 63977}, ""alt_data"": {""pressure"": 851.56, ""temperature"": 23.63, ""AGL"": -0.86, ""velocity"": 0, ""kalman_altitude"": -0.88, ""kalman_vertical_velocity"": -8.15}, ""chute_state"": {""pyro1_state"": 0, ""pyro2_state"": 0}, ""connection_status"": {""connected"": true, ""has_ever_connected"": true, ""packet_age_ms"": 0, ""timeout_exceeded"": false, ""rssi"": -49}, ""communication_mode"": ""BEACON"", ""timestamp"": 173598, ""packets_received"": 501, ""kalman_data"": {""altitude"": -0.88, ""vertical_velocity"": -8.15}, ""kalman_altitude"": -0.88, ""kalman_vertical_velocity"": -8.15, ""pyroDrogue"": 0, ""pyroMain"": 0, ""pyro1_state"": 0, ""pyro2_state"": 0}"
1764741546.311857,2025-12-03T08:59:06.311857,2271,0,0,-0.83,-0.44,0.16,-55.83,-70.52,-8.26,-6.07,-3.48,0,0,0,64176,851.55,23.64,-0.78,0,0,0,0,-47,-0.82,-8.12,BEACON,"{""record_number"": 2271, ""operation_mode"": 0, ""state"": 0, ""battery_voltage"": 0, ""wifi_rssi"": -47, ""acc_data"": {""ax"": -0.83, ""ay"": -0.44, ""az"": 0.16, ""pitch"": -55.83, ""roll"": -70.52}, ""gyro_data"": {""gx"": -8.26, ""gy"": -6.07, ""gz"": -3.48}, ""gps_data"": {""latitude"": 0, ""longitude"": 0, ""gps_altitude"": 0, ""time"": 64176}, ""alt_data"": {""pressure"": 851.55, ""temperature"": 23.64, ""AGL"": -0.78, ""velocity"": 0, ""kalman_altitude"": -0.82, ""kalman_vertical_velocity"": -8.12}, ""chute_state"": {""pyro1_state"": 0, ""pyro2_state"": 0}, ""connection_status"": {""connected"": true, ""has_ever_connected"": true, ""packet_age_ms"": 1, ""timeout_exceeded"": false, ""rssi"": -47}, ""communication_mode"": ""BEACON"", ""timestamp"": 173713, ""packets_received"": 502, ""kalman_data"": {""altitude"": -0.82, ""vertical_velocity"": -8.12}, ""kalman_altitude"": -0.82, ""kalman_vertical_velocity"": -8.12, ""pyroDrogue"": 0, ""pyroMain"": 0, ""pyro1_state"": 0, ""pyro2_state"": 0}"
1764741546.351757,2025-12-03T08:59:06.351757,2275,0,0,-0.83,-0.44,0.17,-55.63,-70.55,-4.42,-2.68,-4.82,0,0,0,64176,851.53,23.63,-0.58,0,0,0,0,-48,-0.66,-8.03,BEACON,"{""record_number"": 2275, ""operation_mode"": 0, ""state"": 0, ""battery_voltage"": 0, ""wifi_rssi"": -48, ""acc_data"": {""ax"": -0.83, ""ay"": -0.44, ""az"": 0.17, ""pitch"": -55.63, ""roll"": -70.55}, ""gyro_data"": {""gx"": -4.42, ""gy"": -2.68, ""gz"": -4.82}, ""gps_data"": {""latitude"": 0, ""longitude"": 0, ""gps_altitude"": 0, ""time"": 64176}, ""alt_data"": {""pressure"": 851.53, ""temperature"": 23.63, ""AGL"": -0.58, ""velocity"": 0, ""kalman_altitude"": -0.66, ""kalman_vertical_velocity"": -8.03}, ""chute_state"": {""pyro1_state"": 0, ""pyro2_state"": 0}, ""connection_status"": {""connected"": true, ""has_ever_connected"": true, ""packet_age_ms"": 0, ""timeout_exceeded"": false, ""rssi"": -48}, ""communication_mode"": ""BEACON"", ""timestamp"": 173825, ""packets_received"": 503, ""kalman_data"": {""altitude"": -0.66, ""vertical_velocity"": -8.03}, ""kalman_altitude"": -0.66, ""kalman_vertical_velocity"": -8.03, ""pyroDrogue"": 0, ""pyroMain"": 0, ""pyro1_state"": 0, ""pyro2_state"": 0}"
1764741546.391606,2025-12-03T08:59:06.391606,2280,0,0,-0.84,-0.44,0.15,-55.48,-71.06,-3.48,-11.25,-2.71,0,0,0,64377,851.53,23.64,-0.62,0,0,0,0,-49,-0.61,-8.01,BEACON,"{""record_number"": 2280, ""operation_mode"": 0, ""state"": 0, ""battery_voltage"": 0, ""wifi_rssi"": -49, ""acc_data"": {""ax"": -0.84, ""ay"": -0.44, ""az"": 0.15, ""pitch"": -55.48, ""roll"": -71.06}, ""gyro_data"": {""gx"": -3.48, ""gy"": -11.25, ""gz"": -2.71}, ""gps_data"": {""latitude"": 0, ""longitude"": 0, ""gps_altitude"": 0, ""time"": 64377}, ""alt_data"": {""pressure"": 851.53, ""temperature"": 23.64, ""AGL"": -0.62, ""velocity"": 0, ""kalman_altitude"": -0.61, ""kalman_vertical_velocity"": -8.01}, ""chute_state"": {""pyro1_state"": 0, ""pyro2_state"": 0}, ""connection_status"": {""connected"": true, ""has_ever_connected"": true, ""packet_age_ms"": 0, ""timeout_exceeded"": false, ""rssi"": -49}, ""communication_mode"": ""BEACON"", ""timestamp"": 173937, ""packets_received"": 504, ""kalman_data"": {""altitude"": -0.61, ""vertical_velocity"": -8.01}, ""kalman_altitude"": -0.61, ""kalman_vertical_velocity"": -8.01, ""pyroDrogue"": 0, ""pyroMain"": 0, ""pyro1_state"": 0, ""pyro2_state"": 0}"
1764741546.509219,2025-12-03T08:59:06.509219,2284,0,0,-0.82,-0.45,0.15,-55.04,-70.53,-10.98,-2.23,-6.25,0,0,0,64577,851.55,23.64,-0.77,0,0,0,0,-49,-0.73,-8.09,BEACON,"{""record_number"": 2284, ""operation_mode"": 0, ""state"": 0, ""battery_voltage"": 0, ""wifi_rssi"": -49, ""acc_data"": {""ax"": -0.82, ""ay"": -0.45, ""az"": 0.15, ""pitch"": -55.04, ""roll"": -70.53}, ""gyro_data"": {""gx"": -10.98, ""gy"": -2.23, ""gz"": -6.25}, ""gps_data"": {""latitude"": 0, ""longitude"": 0, ""gps_altitude"": 0, ""time"": 64577}, ""alt_data"": {""pressure"": 851.55, ""temperature"": 23.64, ""AGL"": -0.77, ""velocity"": 0, ""kalman_altitude"": -0.73, ""kalman_vertical_velocity"": -8.09}, ""chute_state"": {""pyro1_state"": 0, ""pyro2_state"": 0}, ""connection_status"": {""connected"": true, ""has_ever_connected"": true, ""packet_age_ms"": 0, ""timeout_exceeded"": false, ""rssi"": -49}, ""communication_mode"": ""BEACON"", ""timestamp"": 174050, ""packets_received"": 505, ""kalman_data"": {""altitude"": -0.73, ""vertical_velocity"": -8.09}, ""kalman_altitude"": -0.73, ""kalman_vertical_velocity"": -8.09, ""pyroDrogue"": 0, ""pyroMain"": 0, ""pyro1_state"": 0, ""pyro2_state"": 0}"
1764741546.624982,2025-12-03T08:59:06.624982,2288,0,0,-0.84,-0.44,0.16,-58.25,-69.96,-13.41,-2.77,-2.71,0,0,0,64577,851.52,23.64,-0.55,0,0,0,0,-49,-0.61,-8.03,BEACON,"{""record_number"": 2288, ""operation_mode"": 0, ""state"": 0, ""battery_voltage"": 0, ""wifi_rssi"": -49, ""acc_data"": {""ax"": -0.84, ""ay"": -0.44, ""az"": 0.16, ""pitch"": -58.25, ""roll"": -69.96}, ""gyro_data"": {""gx"": -13.41, ""gy"": -2.77, ""gz"": -2.71}, ""gps_data"": {""latitude"": 0, ""longitude"": 0, ""gps_altitude"": 0, ""time"": 64577}, ""alt_data"": {""pressure"": 851.52, ""temperature"": 23.64, ""AGL"": -0.55, ""velocity"": 0, ""kalman_altitude"": -0.61, ""kalman_vertical_velocity"": -8.03}, ""chute_state"": {""pyro1_state"": 0, ""pyro2_state"": 0}, ""connection_status"": {""connected"": true, ""has_ever_connected"": true, ""packet_age_ms"": 1, ""timeout_exceeded"": false, ""rssi"": -49}, ""communication_mode"": ""BEACON"", ""timestamp"": 174165, ""packets_received"": 506, ""kalman_data"": {""altitude"": -0.61, ""vertical_velocity"": -8.03}, ""kalman_altitude"": -0.61, ""kalman_vertical_velocity"": -8.03, ""pyroDrogue"": 0, ""pyroMain"": 0, ""pyro1_state"": 0, ""pyro2_state"": 0}"
1764741546.756478,2025-12-03T08:59:06.756478,2293,0,0,-0.84,-0.44,0.16,-57.1,-69.81,-8.26,-2.29,4.76,0,0,0,64782,851.52,23.63,-0.5,0,0,0,0,-49,-0.42,-7.92,BEACON,"{""record_number"": 2293, ""operation_mode"": 0, ""state"": 0, ""battery_voltage"": 0, ""wifi_rssi"": -49, ""acc_data"": {""ax"": -0.84, ""ay"": -0.44, ""az"": 0.16, ""pitch"": -57.1, ""roll"": -69.81}, ""gyro_data"": {""gx"": -8.26, ""gy"": -2.29, ""gz"": 4.76}, ""gps_data"": {""latitude"": 0, ""longitude"": 0, ""gps_altitude"": 0, ""time"": 64782}, ""alt_data"": {""pressure"": 851.52, ""temperature"": 23.63, ""AGL"": -0.5, ""velocity"": 0, ""kalman_altitude"": -0.42, ""kalman_vertical_velocity"": -7.92}, ""chute_state"": {""pyro1_state"": 0, ""pyro2_state"": 0}, ""connection_status"": {""connected"": true, ""has_ever_connected"": true, ""packet_age_ms"": 0, ""timeout_exceeded"": false, ""rssi"": -49}, ""communication_mode"": ""BEACON"", ""timestamp"": 174276, ""packets_received"": 507, ""kalman_data"": {""altitude"": -0.42, ""vertical_velocity"": -7.92}, ""kalman_altitude"": -0.42, ""kalman_vertical_velocity"": -7.92, ""pyroDrogue"": 0, ""pyroMain"": 0, ""pyro1_state"": 0, ""pyro2_state"": 0}"
1764741547.343573,2025-12-03T08:59:07.343573,2297,0,0,-0.82,-0.45,0.16,-55.43,-70.97,-11.04,0.58,4.79,0,0,0,64782,851.52,23.63,-0.47,0,0,0,0,-49,-0.46,-7.96,BEACON,"{""record_number"": 2297, ""operation_mode"": 0, ""state"": 0, ""battery_voltage"": 0, ""wifi_rssi"": -49, ""acc_data"": {""ax"": -0.82, ""ay"": -0.45, ""az"": 0.16, ""pitch"": -55.43, ""roll"": -70.97}, ""gyro_data"": {""gx"": -11.04, ""gy"": 0.58, ""gz"": 4.79}, ""gps_data"": {""latitude"": 0, ""longitude"": 0, ""gps_altitude"": 0, ""time"": 64782}, ""alt_data"": {""pressure"": 851.52, ""temperature"": 23.63, ""AGL"": -0.47, ""velocity"": 0, ""kalman_altitude"": -0.46, ""kalman_vertical_velocity"": -7.96}, ""chute_state"": {""pyro1_state"": 0, ""pyro2_state"": 0}, ""connection_status"": {""connected"": true, ""has_ever_connected"": true, ""packet_age_ms"": 0, ""timeout_exceeded"": false, ""rssi"": -49}, ""communication_mode"": ""BEACON"", ""timestamp"": 174389, ""packets_received"": 508, ""kalman_data"": {""altitude"": -0.46, ""vertical_velocity"": -7.96}, ""kalman_altitude"": -0.46, ""kalman_vertical_velocity"": -7.96, ""pyroDrogue"": 0, ""pyroMain"": 0, ""pyro1_state"": 0, ""pyro2_state"": 0}"
1764741547.571174,2025-12-03T08:59:07.571174,2301,0,0,-0.83,-0.42,0.16,-56.08,-69.36,-10.46,-0.18,1.43,0,0,0,64982,851.51,23.63,-0.43,0,0,0,0,-49,-0.45,-7.95,BEACON,"{""record_number"": 2301, ""operation_mode"": 0, ""state"": 0, ""battery_voltage"": 0, ""wifi_rssi"": -49, ""acc_data"": {""ax"": -0.83, ""ay"": -0.42, ""az"": 0.16, ""pitch"": -56.08, ""roll"": -69.36}, ""gyro_data"": {""gx"": -10.46, ""gy"": -0.18, ""gz"": 1.43}, ""gps_data"": {""latitude"": 0, ""longitude"": 0, ""gps_altitude"": 0, ""time"": 64982}, ""alt_data"": {""pressure"": 851.51, ""temperature"": 23.63, ""AGL"": -0.43, ""velocity"": 0, ""kalman_altitude"": -0.45, ""kalman_vertical_velocity"": -7.95}, ""chute_state"": {""pyro1_state"": 0, ""pyro2_state"": 0}, ""connection_status"": {""connected"": true, ""has_ever_connected"": true, ""packet_age_ms"": 0, ""timeout_exceeded"": false, ""rssi"": -49}, ""communication_mode"": ""BEACON"", ""timestamp"": 174502, ""packets_received"": 509, ""kalman_data"": {""altitude"": -0.45, ""vertical_velocity"": -7.95}, ""kalman_altitude"": -0.45, ""kalman_vertical_velocity"": -7.95, ""pyroDrogue"": 0, ""pyroMain"": 0, ""pyro1_state"": 0, ""pyro2_state"": 0}"
1764741548.118433,2025-12-03T08:59:08.118433,2306,0,0,-0.83,-0.42,0.17,-55.93,-67.01,-9.12,-1.46,-2.65,0,0,0,64982,851.54,23.64,-0.66,0,0,0,0,-49,-0.6,-8.05,BEACON,"{""record_number"": 2306, ""operation_mode"": 0, ""state"": 0, ""battery_voltage"": 0, ""wifi_rssi"": -49, ""acc_data"": {""ax"": -0.83, ""ay"": -0.42, ""az"": 0.17, ""pitch"": -55.93, ""roll"": -67.01}, ""gyro_data"": {""gx"": -9.12, ""gy"": -1.46, ""gz"": -2.65}, ""gps_data"": {""latitude"": 0, ""longitude"": 0, ""gps_altitude"": 0, ""time"": 64982}, ""alt_data"": {""pressure"": 851.54, ""temperature"": 23.64, ""AGL"": -0.66, ""velocity"": 0, ""kalman_altitude"": -0.6, ""kalman_vertical_velocity"": -8.05}, ""chute_state"": {""pyro1_state"": 0, ""pyro2_state"": 0}, ""connection_status"": {""connected"": true, ""has_ever_connected"": true, ""packet_age_ms"": 0, ""timeout_exceeded"": false, ""rssi"": -49}, ""communication_mode"": ""BEACON"", ""timestamp"": 174614, ""packets_received"": 510, ""kalman_data"": {""altitude"": -0.6, ""vertical_velocity"": -8.05}, ""kalman_altitude"": -0.6, ""kalman_vertical_velocity"": -8.05, ""pyroDrogue"": 0, ""pyroMain"": 0, ""pyro1_state"": 0, ""pyro2_state"": 0}"
1764741548.404618,2025-12-03T08:59:08.404618,2310,0,0,-0.83,-0.44,0.16,-56.43,-69.82,-5.24,-3.08,-4.54,0,0,0,65182,851.52,23.64,-0.52,0,0,0,0,-50,-0.49,-8,BEACON,"{""record_number"": 2310, ""operation_mode"": 0, ""state"": 0, ""battery_voltage"": 0, ""wifi_rssi"": -50, ""acc_data"": {""ax"": -0.83, ""ay"": -0.44, ""az"": 0.16, ""pitch"": -56.43, ""roll"": -69.82}, ""gyro_data"": {""gx"": -5.24, ""gy"": -3.08, ""gz"": -4.54}, ""gps_data"": {""latitude"": 0, ""longitude"": 0, ""gps_altitude"": 0, ""time"": 65182}, ""alt_data"": {""pressure"": 851.52, ""temperature"": 23.64, ""AGL"": -0.52, ""velocity"": 0, ""kalman_altitude"": -0.49, ""kalman_vertical_velocity"": -8}, ""chute_state"": {""pyro1_state"": 0, ""pyro2_state"": 0}, ""connection_status"": {""connected"": true, ""has_ever_connected"": true, ""packet_age_ms"": 0, ""timeout_exceeded"": false, ""rssi"": -50}, ""communication_mode"": ""BEACON"", ""timestamp"": 174727, ""packets_received"": 511, ""kalman_data"": {""altitude"": -0.49, ""vertical_velocity"": -8}, ""kalman_altitude"": -0.49, ""kalman_vertical_velocity"": -8, ""pyroDrogue"": 0, ""pyroMain"": 0, ""pyro1_state"": 0, ""pyro2_state"": 0}"
1764741548.565596,2025-12-03T08:59:08.565596,2314,0,0,-0.83,-0.43,0.15,-56.43,-72.04,-11.13,3.63,-8.23,0,0,0,65182,851.49,23.62,-0.17,0,0,0,0,-50,-0.27,-7.87,BEACON,"{""record_number"": 2314, ""operation_mode"": 0, ""state"": 0, ""battery_voltage"": 0, ""wifi_rssi"": -50, ""acc_data"": {""ax"": -0.83, ""ay"": -0.43, ""az"": 0.15, ""pitch"": -56.43, ""roll"": -72.04}, ""gyro_data"": {""gx"": -11.13, ""gy"": 3.63, ""gz"": -8.23}, ""gps_data"": {""latitude"": 0, ""longitude"": 0, ""gps_altitude"": 0, ""time"": 65182}, ""alt_data"": {""pressure"": 851.49, ""temperature"": 23.62, ""AGL"": -0.17, ""velocity"": 0, ""kalman_altitude"": -0.27, ""kalman_vertical_velocity"": -7.87}, ""chute_state"": {""pyro1_state"": 0, ""pyro2_state"": 0}, ""connection_status"": {""connected"": true, ""has_ever_connected"": true, ""packet_age_ms"": 0, ""timeout_exceeded"": false, ""rssi"": -50}, ""communication_mode"": ""BEACON"", ""timestamp"": 174840, ""packets_received"": 512, ""kalman_data"": {""altitude"": -0.27, ""vertical_velocity"": -7.87}, ""kalman_altitude"": -0.27, ""kalman_vertical_velocity"": -7.87, ""pyroDrogue"": 0, ""pyroMain"": 0, ""pyro1_state"": 0, ""pyro2_state"": 0}"
1764741548.609821,2025-12-03T08:59:08.609821,2319,0,0,-0.83,-0.41,0.15,-55.43,-70.16,-4.85,-5.09,-2.5,0,0,0,65382,851.52,23.62,-0.46,0,0,0,0,-50,-0.41,-7.96,BEACON,"{""record_number"": 2319, ""operation_mode"": 0, ""state"": 0, ""battery_voltage"": 0, ""wifi_rssi"": -50, ""acc_data"": {""ax"": -0.83, ""ay"": -0.41, ""az"": 0.15, ""pitch"": -55.43, ""roll"": -70.16}, ""gyro_data"": {""gx"": -4.85, ""gy"": -5.09, ""gz"": -2.5}, ""gps_data"": {""latitude"": 0, ""longitude"": 0, ""gps_altitude"": 0, ""time"": 65382}, ""alt_data"": {""pressure"": 851.52, ""temperature"": 23.62, ""AGL"": -0.46, ""velocity"": 0, ""kalman_altitude"": -0.41, ""kalman_vertical_velocity"": -7.96}, ""chute_state"": {""pyro1_state"": 0, ""pyro2_state"": 0}, ""connection_status"": {""connected"": true, ""has_ever_connected"": true, ""packet_age_ms"": 0, ""timeout_exceeded"": false, ""rssi"": -50}, ""communication_mode"": ""BEACON"", ""timestamp"": 174953, ""packets_received"": 513, ""kalman_data"": {""altitude"": -0.41, ""vertical_velocity"": -7.96}, ""kalman_altitude"": -0.41, ""kalman_vertical_velocity"": -7.96, ""pyroDrogue"": 0, ""pyroMain"": 0, ""pyro1_state"": 0, ""pyro2_state"": 0}"
1764741548.73049,2025-12-03T08:59:08.730490,2323,0,0,-0.83,-0.43,0.13,-55.58,-71.16,-11.65,-2.13,-4.27,0,0,0,65582,851.54,23.64,-0.69,0,0,0,0,-50,-0.67,-8.14,BEACON,"{""record_number"": 2323, ""operation_mode"": 0, ""state"": 0, ""battery_voltage"": 0, ""wifi_rssi"": -50, ""acc_data"": {""ax"": -0.83, ""ay"": -0.43, ""az"": 0.13, ""pitch"": -55.58, ""roll"": -71.16}, ""gyro_data"": {""gx"": -11.65, ""gy"": -2.13, ""gz"": -4.27}, ""gps_data"": {""latitude"": 0, ""longitude"": 0, ""gps_altitude"": 0, ""time"": 65582}, ""alt_data"": {""pressure"": 851.54, ""temperature"": 23.64, ""AGL"": -0.69, ""velocity"": 0, ""kalman_altitude"": -0.67, ""kalman_vertical_velocity"": -8.14}, ""chute_state"": {""pyro1_state"": 0, ""pyro2_state"": 0}, ""connection_status"": {""connected"": true, ""has_ever_connected"": true, ""packet_age_ms"": 1, ""timeout_exceeded"": false, ""rssi"": -50}, ""communication_mode"": ""BEACON"", ""timestamp"": 175067, ""packets_received"": 514, ""kalman_data"": {""altitude"": -0.67, ""vertical_velocity"": -8.14}, ""kalman_altitude"": -0.67, ""kalman_vertical_velocity"": -8.14, ""pyroDrogue"": 0, ""pyroMain"": 0, ""pyro1_state"": 0, ""pyro2_state"": 0}"
1764741548.780351,2025-12-03T08:59:08.780351,2327,0,0,-0.84,-0.43,0.14,-56.13,-70.45,-16.4,-0.18,-7.2,0,0,0,65582,851.53,23.64,-0.62,0,0,0,0,-51,-0.65,-8.13,BEACON,"{""record_number"": 2327, ""operation_mode"": 0, ""state"": 0, ""battery_voltage"": 0, ""wifi_rssi"": -51, ""acc_data"": {""ax"": -0.84, ""ay"": -0.43, ""az"": 0.14, ""pitch"": -56.13, ""roll"": -70.45}, ""gyro_data"": {""gx"": -16.4, ""gy"": -0.18, ""gz"": -7.2}, ""gps_data"": {""latitude"": 0, ""longitude"": 0, ""gps_altitude"": 0, ""time"": 65582}, ""alt_data"": {""pressure"": 851.53, ""temperature"": 23.64, ""AGL"": -0.62, ""velocity"": 0, ""kalman_altitude"": -0.65, ""kalman_vertical_velocity"": -8.13}, ""chute_state"": {""pyro1_state"": 0, ""pyro2_state"": 0}, ""connection_status"": {""connected"": true, ""has_ever_connected"": true, ""packet_age_ms"": 0, ""timeout_exceeded"": false, ""rssi"": -51}, ""communication_mode"": ""BEACON"", ""timestamp"": 175179, ""packets_received"": 515, ""kalman_data"": {""altitude"": -0.65, ""vertical_velocity"": -8.13}, ""kalman_altitude"": -0.65, ""kalman_vertical_velocity"": -8.13, ""pyroDrogue"": 0, ""pyroMain"": 0, ""pyro1_state"": 0, ""pyro2_state"": 0}"
1764741548.917133,2025-12-03T08:59:08.917133,2332,0,0,-0.83,-0.44,0.15,-55.93,-71.21,-15.55,-5.64,-5.27,0,0,0,65786,851.49,23.63,-0.26,0,0,0,0,-52,-0.38,-7.98,BEACON,"{""record_number"": 2332, ""operation_mode"": 0, ""state"": 0, ""battery_voltage"": 0, ""wifi_rssi"": -52, ""acc_data"": {""ax"": -0.83, ""ay"": -0.44, ""az"": 0.15, ""pitch"": -55.93, ""roll"": -71.21}, ""gyro_data"": {""gx"": -15.55, ""gy"": -5.64, ""gz"": -5.27}, ""gps_data"": {""latitude"": 0, ""longitude"": 0, ""gps_altitude"": 0, ""time"": 65786}, ""alt_data"": {""pressure"": 851.49, ""temperature"": 23.63, ""AGL"": -0.26, ""velocity"": 0, ""kalman_altitude"": -0.38, ""kalman_vertical_velocity"": -7.98}, ""chute_state"": {""pyro1_state"": 0, ""pyro2_state"": 0}, ""connection_status"": {""connected"": true, ""has_ever_connected"": true, ""packet_age_ms"": 0, ""timeout_exceeded"": false, ""rssi"": -52}, ""communication_mode"": ""BEACON"", ""timestamp"": 175292, ""packets_received"": 516, ""kalman_data"": {""altitude"": -0.38, ""vertical_velocity"": -7.98}, ""kalman_altitude"": -0.38, ""kalman_vertical_velocity"": -7.98, ""pyroDrogue"": 0, ""pyroMain"": 0, ""pyro1_state"": 0, ""pyro2_state"": 0}"
1764741548.996329,2025-12-03T08:59:08.996329,2336,0,0,-0.84,-0.43,0.16,-57.1,-70.83,-12.84,-8.23,-2.38,0,0,0,65786,851.55,23.62,-0.78,0,0,0,0,-51,-0.73,-8.2,BEACON,"{""record_number"": 2336, ""operation_mode"": 0, ""state"": 0, ""battery_voltage"": 0, ""wifi_rssi"": -51, ""acc_data"": {""ax"": -0.84, ""ay"": -0.43, ""az"": 0.16, ""pitch"": -57.1, ""roll"": -70.83}, ""gyro_data"": {""gx"": -12.84, ""gy"": -8.23, ""gz"": -2.38}, ""gps_data"": {""latitude"": 0, ""longitude"": 0, ""gps_altitude"": 0, ""time"": 65786}, ""alt_data"": {""pressure"": 851.55, ""temperature"": 23.62, ""AGL"": -0.78, ""velocity"": 0, ""kalman_altitude"": -0.73, ""kalman_vertical_velocity"": -8.2}, ""chute_state"": {""pyro1_state"": 0, ""pyro2_state"": 0}, ""connection_status"": {""connected"": true, ""has_ever_connected"": true, ""packet_age_ms"": 0, ""timeout_exceeded"": false, ""rssi"": -51}, ""communication_mode"": ""BEACON"", ""timestamp"": 175406, ""packets_received"": 517, ""kalman_data"": {""altitude"": -0.73, ""vertical_velocity"": -8.2}, ""kalman_altitude"": -0.73, ""kalman_vertical_velocity"": -8.2, ""pyroDrogue"": 0, ""pyroMain"": 0, ""pyro1_state"": 0, ""pyro2_state"": 0}"
1764741549.075281,2025-12-03T08:59:09.075281,2340,0,0,-0.83,-0.44,0.14,-55.19,-73.51,-13.45,0.15,-5.37,0,0,0,65986,851.53,23.62,-0.56,0,0,0,0,-51,-0.62,-8.14,BEACON,"{""record_number"": 2340, ""operation_mode"": 0, ""state"": 0, ""battery_voltage"": 0, ""wifi_rssi"": -51, ""acc_data"": {""ax"": -0.83, ""ay"": -0.44, ""az"": 0.14, ""pitch"": -55.19, ""roll"": -73.51}, ""gyro_data"": {""gx"": -13.45, ""gy"": 0.15, ""gz"": -5.37}, ""gps_data"": {""latitude"": 0, ""longitude"": 0, ""gps_altitude"": 0, ""time"": 65986}, ""alt_data"": {""pressure"": 851.53, ""temperature"": 23.62, ""AGL"": -0.56, ""velocity"": 0, ""kalman_altitude"": -0.62, ""kalman_vertical_velocity"": -8.14}, ""chute_state"": {""pyro1_state"": 0, ""pyro2_state"": 0}, ""connection_status"": {""connected"": true, ""has_ever_connected"": true, ""packet_age_ms"": 1, ""timeout_exceeded"": false, ""rssi"": -51}, ""communication_mode"": ""BEACON"", ""timestamp"": 175519, ""packets_received"": 518, ""kalman_data"": {""altitude"": -0.62, ""vertical_velocity"": -8.14}, ""kalman_altitude"": -0.62, ""kalman_vertical_velocity"": -8.14, ""pyroDrogue"": 0, ""pyroMain"": 0, ""pyro1_state"": 0, ""pyro2_state"": 0}"
1764741549.123017,2025-12-03T08:59:09.123017,2344,0,0,-0.82,-0.42,0.13,-55.63,-72.45,-9.48,-8.9,-11.34,0,0,0,65986,851.55,23.62,-0.78,0,0,0,0,-51,-0.74,-8.22,BEACON,"{""record_number"": 2344, ""operation_mode"": 0, ""state"": 0, ""battery_voltage"": 0, ""wifi_rssi"": -51, ""acc_data"": {""ax"": -0.82, ""ay"": -0.42, ""az"": 0.13, ""pitch"": -55.63, ""roll"": -72.45}, ""gyro_data"": {""gx"": -9.48, ""gy"": -8.9, ""gz"": -11.34}, ""gps_data"": {""latitude"": 0, ""longitude"": 0, ""gps_altitude"": 0, ""time"": 65986}, ""alt_data"": {""pressure"": 851.55, ""temperature"": 23.62, ""AGL"": -0.78, ""velocity"": 0, ""kalman_altitude"": -0.74, ""kalman_vertical_velocity"": -8.22}, ""chute_state"": {""pyro1_state"": 0, ""pyro2_state"": 0}, ""connection_status"": {""connected"": true, ""has_ever_connected"": true, ""packet_age_ms"": 0, ""timeout_exceeded"": false, ""rssi"": -51}, ""communication_mode"": ""BEACON"", ""timestamp"": 175631, ""packets_received"": 519, ""kalman_data"": {""altitude"": -0.74, ""vertical_velocity"": -8.22}, ""kalman_altitude"": -0.74, ""kalman_vertical_velocity"": -8.22, ""pyroDrogue"": 0, ""pyroMain"": 0, ""pyro1_state"": 0, ""pyro2_state"": 0}"
1764741549.223173,2025-12-03T08:59:09.223173,2349,0,0,-0.85,-0.43,0.17,-58.19,-70.58,-10.58,-8.11,-12.87,0,0,0,66186,851.5,23.62,-0.28,0,0,0,0,-51,-0.35,-8,BEACON,"{""record_number"": 2349, ""operation_mode"": 0, ""state"": 0, ""battery_voltage"": 0, ""wifi_rssi"": -51, ""acc_data"": {""ax"": -0.85, ""ay"": -0.43, ""az"": 0.17, ""pitch"": -58.19, ""roll"": -70.58}, ""gyro_data"": {""gx"": -10.58, ""gy"": -8.11, ""gz"": -12.87}, ""gps_data"": {""latitude"": 0, ""longitude"": 0, ""gps_altitude"": 0, ""time"": 66186}, ""alt_data"": {""pressure"": 851.5, ""temperature"": 23.62, ""AGL"": -0.28, ""velocity"": 0, ""kalman_altitude"": -0.35, ""kalman_vertical_velocity"": -8}, ""chute_state"": {""pyro1_state"": 0, ""pyro2_state"": 0}, ""connection_status"": {""connected"": true, ""has_ever_connected"": true, ""packet_age_ms"": 0, ""timeout_exceeded"": false, ""rssi"": -51}, ""communication_mode"": ""BEACON"", ""timestamp"": 175744, ""packets_received"": 520, ""kalman_data"": {""altitude"": -0.35, ""vertical_velocity"": -8}, ""kalman_altitude"": -0.35, ""kalman_vertical_velocity"": -8, ""pyroDrogue"": 0, ""pyroMain"": 0, ""pyro1_state"": 0, ""pyro2_state"": 0}"
1764741549.27554,2025-12-03T08:59:09.275540,2353,0,0,-0.83,-0.45,0.17,-55.48,-69.2,0.43,-11.34,-9.76,0,0,0,66385,851.57,23.64,-0.96,0,0,0,0,-50,-0.79,-8.27,BEACON,"{""record_number"": 2353, ""operation_mode"": 0, ""state"": 0, ""battery_voltage"": 0, ""wifi_rssi"": -50, ""acc_data"": {""ax"": -0.83, ""ay"": -0.45, ""az"": 0.17, ""pitch"": -55.48, ""roll"": -69.2}, ""gyro_data"": {""gx"": 0.43, ""gy"": -11.34, ""gz"": -9.76}, ""gps_data"": {""latitude"": 0, ""longitude"": 0, ""gps_altitude"": 0, ""time"": 66385}, ""alt_data"": {""pressure"": 851.57, ""temperature"": 23.64, ""AGL"": -0.96, ""velocity"": 0, ""kalman_altitude"": -0.79, ""kalman_vertical_velocity"": -8.27}, ""chute_state"": {""pyro1_state"": 0, ""pyro2_state"": 0}, ""connection_status"": {""connected"": true, ""has_ever_connected"": true, ""packet_age_ms"": 0, ""timeout_exceeded"": false, ""rssi"": -50}, ""communication_mode"": ""BEACON"", ""timestamp"": 175856, ""packets_received"": 521, ""kalman_data"": {""altitude"": -0.79, ""vertical_velocity"": -8.27}, ""kalman_altitude"": -0.79, ""kalman_vertical_velocity"": -8.27, ""pyroDrogue"": 0, ""pyroMain"": 0, ""pyro1_state"": 0, ""pyro2_state"": 0}"
1764741549.389571,2025-12-03T08:59:09.389571,2357,0,0,-0.85,-0.45,0.16,-57.35,-70.7,3.32,-4.91,-3.26,0,0,0,66385,851.5,23.62,-0.35,0,0,0,0,-51,-0.48,-8.1,BEACON,"{""record_number"": 2357, ""operation_mode"": 0, ""state"": 0, ""battery_voltage"": 0, ""wifi_rssi"": -51, ""acc_data"": {""ax"": -0.85, ""ay"": -0.45, ""az"": 0.16, ""pitch"": -57.35, ""roll"": -70.7}, ""gyro_data"": {""gx"": 3.32, ""gy"": -4.91, ""gz"": -3.26}, ""gps_data"": {""latitude"": 0, ""longitude"": 0, ""gps_altitude"": 0, ""time"": 66385}, ""alt_data"": {""pressure"": 851.5, ""temperature"": 23.62, ""AGL"": -0.35, ""velocity"": 0, ""kalman_altitude"": -0.48, ""kalman_vertical_velocity"": -8.1}, ""chute_state"": {""pyro1_state"": 0, ""pyro2_state"": 0}, ""connection_status"": {""connected"": true, ""has_ever_connected"": true, ""packet_age_ms"": 0, ""timeout_exceeded"": false, ""rssi"": -51}, ""communication_mode"": ""BEACON"", ""timestamp"": 175969, ""packets_received"": 522, ""kalman_data"": {""altitude"": -0.48, ""vertical_velocity"": -8.1}, ""kalman_altitude"": -0.48, ""kalman_vertical_velocity"": -8.1, ""pyroDrogue"": 0, ""pyroMain"": 0, ""pyro1_state"": 0, ""pyro2_state"": 0}"
1764741549.426355,2025-12-03T08:59:09.426355,2361,0,0,-0.84,-0.46,0.18,-56.28,-68.79,8.29,-7.5,8.51,0,0,0,66586,851.56,23.64,-0.87,0,0,0,0,-50,-0.86,-8.33,BEACON,"{""record_number"": 2361, ""operation_mode"": 0, ""state"": 0, ""battery_voltage"": 0, ""wifi_rssi"": -50, ""acc_data"": {""ax"": -0.84, ""ay"": -0.46, ""az"": 0.18, ""pitch"": -56.28, ""roll"": -68.79}, ""gyro_data"": {""gx"": 8.29, ""gy"": -7.5, ""gz"": 8.51}, ""gps_data"": {""latitude"": 0, ""longitude"": 0, ""gps_altitude"": 0, ""time"": 66586}, ""alt_data"": {""pressure"": 851.56, ""temperature"": 23.64, ""AGL"": -0.87, ""velocity"": 0, ""kalman_altitude"": -0.86, ""kalman_vertical_velocity"": -8.33}, ""chute_state"": {""pyro1_state"": 0, ""pyro2_state"": 0}, ""connection_status"": {""connected"": true, ""has_ever_connected"": true, ""packet_age_ms"": 1, ""timeout_exceeded"": false, ""rssi"": -50}, ""communication_mode"": ""BEACON"", ""timestamp"": 176083, ""packets_received"": 523, ""kalman_data"": {""altitude"": -0.86, ""vertical_velocity"": -8.33}, ""kalman_altitude"": -0.86, ""kalman_vertical_velocity"": -8.33, ""pyroDrogue"": 0, ""pyroMain"": 0, ""pyro1_state"": 0, ""pyro2_state"": 0}"
1764741549.538471,2025-12-03T08:59:09.538471,2366,0,0,-0.83,-0.45,0.18,-56.43,-68.92,5.55,-2.01,12.26,0,0,0,66586,851.55,23.63,-0.75,0,0,0,0,-51,-0.79,-8.3,BEACON,"{""record_number"": 2366, ""operation_mode"": 0, ""state"": 0, ""battery_voltage"": 0, ""wifi_rssi"": -51, ""acc_data"": {""ax"": -0.83, ""ay"": -0.45, ""az"": 0.18, ""pitch"": -56.43, ""roll"": -68.92}, ""gyro_data"": {""gx"": 5.55, ""gy"": -2.01, ""gz"": 12.26}, ""gps_data"": {""latitude"": 0, ""longitude"": 0, ""gps_altitude"": 0, ""time"": 66586}, ""alt_data"": {""pressure"": 851.55, ""temperature"": 23.63, ""AGL"": -0.75, ""velocity"": 0, ""kalman_altitude"": -0.79, ""kalman_vertical_velocity"": -8.3}, ""chute_state"": {""pyro1_state"": 0, ""pyro2_state"": 0}, ""connection_status"": {""connected"": true, ""has_ever_connected"": true, ""packet_age_ms"": 1, ""timeout_exceeded"": false, ""rssi"": -51}, ""communication_mode"": ""BEACON"", ""timestamp"": 176200, ""packets_received"": 524, ""kalman_data"": {""altitude"": -0.79, ""vertical_velocity"": -8.3}, ""kalman_altitude"": -0.79, ""kalman_vertical_velocity"": -8.3, ""pyroDrogue"": 0, ""pyroMain"": 0, ""pyro1_state"": 0, ""pyro2_state"": 0}"
1764741549.593484,2025-12-03T08:59:09.593484,2370,0,0,-0.81,-0.46,0.17,-53.74,-70.34,-1.34,-10.55,17.87,0,0,0,66792,851.6,23.64,-1.3,0,0,0,0,-52,-1.16,-8.53,BEACON,"{""record_number"": 2370, ""operation_mode"": 0, ""state"": 0, ""battery_voltage"": 0, ""wifi_rssi"": -52, ""acc_data"": {""ax"": -0.81, ""ay"": -0.46, ""az"": 0.17, ""pitch"": -53.74, ""roll"": -70.34}, ""gyro_data"": {""gx"": -1.34, ""gy"": -10.55, ""gz"": 17.87}, ""gps_data"": {""latitude"": 0, ""longitude"": 0, ""gps_altitude"": 0, ""time"": 66792}, ""alt_data"": {""pressure"": 851.6, ""temperature"": 23.64, ""AGL"": -1.3, ""velocity"": 0, ""kalman_altitude"": -1.16, ""kalman_vertical_velocity"": -8.53}, ""chute_state"": {""pyro1_state"": 0, ""pyro2_state"": 0}, ""connection_status"": {""connected"": true, ""has_ever_connected"": true, ""packet_age_ms"": 1, ""timeout_exceeded"": false, ""rssi"": -52}, ""communication_mode"": ""BEACON"", ""timestamp"": 176308, ""packets_received"": 525, ""kalman_data"": {""altitude"": -1.16, ""vertical_velocity"": -8.53}, ""kalman_altitude"": -1.16, ""kalman_vertical_velocity"": -8.53, ""pyroDrogue"": 0, ""pyroMain"": 0, ""pyro1_state"": 0, ""pyro2_state"": 0}"
1764741549.715617,2025-12-03T08:59:09.715617,2374,0,0,-0.8,-0.43,0.18,-53.56,-66.7,1.16,-7.8,5.7,0,0,0,66792,851.51,23.62,-0.39,0,0,0,0,-53,-0.59,-8.2,BEACON,"{""record_number"": 2374, ""operation_mode"": 0, ""state"": 0, ""battery_voltage"": 0, ""wifi_rssi"": -53, ""acc_data"": {""ax"": -0.8, ""ay"": -0.43, ""az"": 0.18, ""pitch"": -53.56, ""roll"": -66.7}, ""gyro_data"": {""gx"": 1.16, ""gy"": -7.8, ""gz"": 5.7}, ""gps_data"": {""latitude"": 0, ""longitude"": 0, ""gps_altitude"": 0, ""time"": 66792}, ""alt_data"": {""pressure"": 851.51, ""temperature"": 23.62, ""AGL"": -0.39, ""velocity"": 0, ""kalman_altitude"": -0.59, ""kalman_vertical_velocity"": -8.2}, ""chute_state"": {""pyro1_state"": 0, ""pyro2_state"": 0}, ""connection_status"": {""connected"": true, ""has_ever_connected"": true, ""packet_age_ms"": 0, ""timeout_exceeded"": false, ""rssi"": -53}, ""communication_mode"": ""BEACON"", ""timestamp"": 176420, ""packets_received"": 526, ""kalman_data"": {""altitude"": -0.59, ""vertical_velocity"": -8.2}, ""kalman_altitude"": -0.59, ""kalman_vertical_velocity"": -8.2, ""pyroDrogue"": 0, ""pyroMain"": 0, ""pyro1_state"": 0, ""pyro2_state"": 0}"
1764741549.820217,2025-12-03T08:59:09.820217,2379,0,0,-0.84,-0.41,0.16,-57.98,-68.25,-16.83,4.27,-3.84,0,0,0,66991,851.59,23.64,-1.17,0,0,0,0,-52,-1.01,-8.46,BEACON,"{""record_number"": 2379, ""operation_mode"": 0, ""state"": 0, ""battery_voltage"": 0, ""wifi_rssi"": -52, ""acc_data"": {""ax"": -0.84, ""ay"": -0.41, ""az"": 0.16, ""pitch"": -57.98, ""roll"": -68.25}, ""gyro_data"": {""gx"": -16.83, ""gy"": 4.27, ""gz"": -3.84}, ""gps_data"": {""latitude"": 0, ""longitude"": 0, ""gps_altitude"": 0, ""time"": 66991}, ""alt_data"": {""pressure"": 851.59, ""temperature"": 23.64, ""AGL"": -1.17, ""velocity"": 0, ""kalman_altitude"": -1.01, ""kalman_vertical_velocity"": -8.46}, ""chute_state"": {""pyro1_state"": 0, ""pyro2_state"": 0}, ""connection_status"": {""connected"": true, ""has_ever_connected"": true, ""packet_age_ms"": 0, ""timeout_exceeded"": false, ""rssi"": -52}, ""communication_mode"": ""BEACON"", ""timestamp"": 176532, ""packets_received"": 527, ""kalman_data"": {""altitude"": -1.01, ""vertical_velocity"": -8.46}, ""kalman_altitude"": -1.01, ""kalman_vertical_velocity"": -8.46, ""pyroDrogue"": 0, ""pyroMain"": 0, ""pyro1_state"": 0, ""pyro2_state"": 0}"
1764741549.931741,2025-12-03T08:59:09.931741,2383,0,0,-0.88,-0.43,0.16,-61.42,-69.28,-25.61,14.88,12.41,0,0,0,66991,851.56,23.64,-0.94,0,0,0,0,-53,-0.97,-8.44,BEACON,"{""record_number"": 2383, ""operation_mode"": 0, ""state"": 0, ""battery_voltage"": 0, ""wifi_rssi"": -53, ""acc_data"": {""ax"": -0.88, ""ay"": -0.43, ""az"": 0.16, ""pitch"": -61.42, ""roll"": -69.28}, ""gyro_data"": {""gx"": -25.61, ""gy"": 14.88, ""gz"": 12.41}, ""gps_data"": {""latitude"": 0, ""longitude"": 0, ""gps_altitude"": 0, ""time"": 66991}, ""alt_data"": {""pressure"": 851.56, ""temperature"": 23.64, ""AGL"": -0.94, ""velocity"": 0, ""kalman_altitude"": -0.97, ""kalman_vertical_velocity"": -8.44}, ""chute_state"": {""pyro1_state"": 0, ""pyro2_state"": 0}, ""connection_status"": {""connected"": true, ""has_ever_connected"": true, ""packet_age_ms"": 1, ""timeout_exceeded"": false, ""rssi"": -53}, ""communication_mode"": ""BEACON"", ""timestamp"": 176648, ""packets_received"": 528, ""kalman_data"": {""altitude"": -0.97, ""vertical_velocity"": -8.44}, ""kalman_altitude"": -0.97, ""kalman_vertical_velocity"": -8.44, ""pyroDrogue"": 0, ""pyroMain"": 0, ""pyro1_state"": 0, ""pyro2_state"": 0}"
1764741550.036883,2025-12-03T08:59:10.036883,2387,0,0,-0.84,-0.42,0.19,-56.79,-65.97,-11.8,25.12,14.94,0,0,0,67192,851.56,23.63,-0.9,0,0,0,0,-55,-0.86,-8.38,BEACON,"{""record_number"": 2387, ""operation_mode"": 0, ""state"": 0, ""battery_voltage"": 0, ""wifi_rssi"": -55, ""acc_data"": {""ax"": -0.84, ""ay"": -0.42, ""az"": 0.19, ""pitch"": -56.79, ""roll"": -65.97}, ""gyro_data"": {""gx"": -11.8, ""gy"": 25.12, ""gz"": 14.94}, ""gps_data"": {""latitude"": 0, ""longitude"": 0, ""gps_altitude"": 0, ""time"": 67192}, ""alt_data"": {""pressure"": 851.56, ""temperature"": 23.63, ""AGL"": -0.9, ""velocity"": 0, ""kalman_altitude"": -0.86, ""kalman_vertical_velocity"": -8.38}, ""chute_state"": {""pyro1_state"": 0, ""pyro2_state"": 0}, ""connection_status"": {""connected"": true, ""has_ever_connected"": true, ""packet_age_ms"": 0, ""timeout_exceeded"": false, ""rssi"": -55}, ""communication_mode"": ""BEACON"", ""timestamp"": 176758, ""packets_received"": 529, ""kalman_data"": {""altitude"": -0.86, ""vertical_velocity"": -8.38}, ""kalman_altitude"": -0.86, ""kalman_vertical_velocity"": -8.38, ""pyroDrogue"": 0, ""pyroMain"": 0, ""pyro1_state"": 0, ""pyro2_state"": 0}"
1764741550.149202,2025-12-03T08:59:10.149202,2391,0,0,-0.86,-0.4,0.13,-59.49,-71.04,4.97,19.24,15.76,0,0,0,67392,851.55,23.64,-0.8,0,0,0,0,-53,-0.83,-8.37,BEACON,"{""record_number"": 2391, ""operation_mode"": 0, ""state"": 0, ""battery_voltage"": 0, ""wifi_rssi"": -53, ""acc_data"": {""ax"": -0.86, ""ay"": -0.4, ""az"": 0.13, ""pitch"": -59.49, ""roll"": -71.04}, ""gyro_data"": {""gx"": 4.97, ""gy"": 19.24, ""gz"": 15.76}, ""gps_data"": {""latitude"": 0, ""longitude"": 0, ""gps_altitude"": 0, ""time"": 67392}, ""alt_data"": {""pressure"": 851.55, ""temperature"": 23.64, ""AGL"": -0.8, ""velocity"": 0, ""kalman_altitude"": -0.83, ""kalman_vertical_velocity"": -8.37}, ""chute_state"": {""pyro1_state"": 0, ""pyro2_state"": 0}, ""connection_status"": {""connected"": true, ""has_ever_connected"": true, ""packet_age_ms"": 1, ""timeout_exceeded"": false, ""rssi"": -53}, ""communication_mode"": ""BEACON"", ""timestamp"": 176873, ""packets_received"": 530, ""kalman_data"": {""altitude"": -0.83, ""vertical_velocity"": -8.37}, ""kalman_altitude"": -0.83, ""kalman_vertical_velocity"": -8.37, ""pyroDrogue"": 0, ""pyroMain"": 0, ""pyro1_state"": 0, ""pyro2_state"": 0}"
1764741550.237702,2025-12-03T08:59:10.237702,2396,0,0,-0.85,-0.38,0.13,-57.77,-71.08,-10.61,-9.57,24.05,0,0,0,67392,851.56,23.62,-0.92,0,0,0,0,-53,-0.9,-8.42,BEACON,"{""record_number"": 2396, ""operation_mode"": 0, ""state"": 0, ""battery_voltage"": 0, ""wifi_rssi"": -53, ""acc_data"": {""ax"": -0.85, ""ay"": -0.38, ""az"": 0.13, ""pitch"": -57.77, ""roll"": -71.08}, ""gyro_data"": {""gx"": -10.61, ""gy"": -9.57, ""gz"": 24.05}, ""gps_data"": {""latitude"": 0, ""longitude"": 0, ""gps_altitude"": 0, ""time"": 67392}, ""alt_data"": {""pressure"": 851.56, ""temperature"": 23.62, ""AGL"": -0.92, ""velocity"": 0, ""kalman_altitude"": -0.9, ""kalman_vertical_velocity"": -8.42}, ""chute_state"": {""pyro1_state"": 0, ""pyro2_state"": 0}, ""connection_status"": {""connected"": true, ""has_ever_connected"": true, ""packet_age_ms"": 0, ""timeout_exceeded"": false, ""rssi"": -53}, ""communication_mode"": ""BEACON"", ""timestamp"": 176984, ""packets_received"": 531, ""kalman_data"": {""altitude"": -0.9, ""vertical_velocity"": -8.42}, ""kalman_altitude"": -0.9, ""kalman_vertical_velocity"": -8.42, ""pyroDrogue"": 0, ""pyroMain"": 0, ""pyro1_state"": 0, ""pyro2_state"": 0}"
1764741550.393745,2025-12-03T08:59:10.393745,2400,0,0,-0.86,-0.35,0.1,-60.96,-71.83,-12.74,3.96,23.78,0,0,0,67593,851.55,23.63,-0.82,0,0,0,0,-55,-0.8,-8.38,BEACON,"{""record_number"": 2400, ""operation_mode"": 0, ""state"": 0, ""battery_voltage"": 0, ""wifi_rssi"": -55, ""acc_data"": {""ax"": -0.86, ""ay"": -0.35, ""az"": 0.1, ""pitch"": -60.96, ""roll"": -71.83}, ""gyro_data"": {""gx"": -12.74, ""gy"": 3.96, ""gz"": 23.78}, ""gps_data"": {""latitude"": 0, ""longitude"": 0, ""gps_altitude"": 0, ""time"": 67593}, ""alt_data"": {""pressure"": 851.55, ""temperature"": 23.63, ""AGL"": -0.82, ""velocity"": 0, ""kalman_altitude"": -0.8, ""kalman_vertical_velocity"": -8.38}, ""chute_state"": {""pyro1_state"": 0, ""pyro2_state"": 0}, ""connection_status"": {""connected"": true, ""has_ever_connected"": true, ""packet_age_ms"": 1, ""timeout_exceeded"": false, ""rssi"": -55}, ""communication_mode"": ""BEACON"", ""timestamp"": 177098, ""packets_received"": 532, ""kalman_data"": {""altitude"": -0.8, ""vertical_velocity"": -8.38}, ""kalman_altitude"": -0.8, ""kalman_vertical_velocity"": -8.38, ""pyroDrogue"": 0, ""pyroMain"": 0, ""pyro1_state"": 0, ""pyro2_state"": 0}"
1764741550.505158,2025-12-03T08:59:10.505158,2404,0,0,-0.84,-0.33,0.19,-56.84,-64.12,-19.82,15.88,29.24,0,0,0,67593,851.56,23.63,-0.93,0,0,0,0,-61,-0.9,-8.45,BEACON,"{""record_number"": 2404, ""operation_mode"": 0, ""state"": 0, ""battery_voltage"": 0, ""wifi_rssi"": -61, ""acc_data"": {""ax"": -0.84, ""ay"": -0.33, ""az"": 0.19, ""pitch"": -56.84, ""roll"": -64.12}, ""gyro_data"": {""gx"": -19.82, ""gy"": 15.88, ""gz"": 29.24}, ""gps_data"": {""latitude"": 0, ""longitude"": 0, ""gps_altitude"": 0, ""time"": 67593}, ""alt_data"": {""pressure"": 851.56, ""temperature"": 23.63, ""AGL"": -0.93, ""velocity"": 0, ""kalman_altitude"": -0.9, ""kalman_vertical_velocity"": -8.45}, ""chute_state"": {""pyro1_state"": 0, ""pyro2_state"": 0}, ""connection_status"": {""connected"": true, ""has_ever_connected"": true, ""packet_age_ms"": 0, ""timeout_exceeded"": false, ""rssi"": -61}, ""communication_mode"": ""BEACON"", ""timestamp"": 177210, ""packets_received"": 533, ""kalman_data"": {""altitude"": -0.9, ""vertical_velocity"": -8.45}, ""kalman_altitude"": -0.9, ""kalman_vertical_velocity"": -8.45, ""pyroDrogue"": 0, ""pyroMain"": 0, ""pyro1_state"": 0, ""pyro2_state"": 0}"
1764741550.589512,2025-12-03T08:59:10.589512,2409,0,0,-0.91,-0.37,0.15,-62.49,-71.15,-2.93,-15.18,20.49,0,0,0,67798,851.52,23.62,-0.52,0,0,0,0,-63,-0.63,-8.29,BEACON,"{""record_number"": 2409, ""operation_mode"": 0, ""state"": 0, ""battery_voltage"": 0, ""wifi_rssi"": -63, ""acc_data"": {""ax"": -0.91, ""ay"": -0.37, ""az"": 0.15, ""pitch"": -62.49, ""roll"": -71.15}, ""gyro_data"": {""gx"": -2.93, ""gy"": -15.18, ""gz"": 20.49}, ""gps_data"": {""latitude"": 0, ""longitude"": 0, ""gps_altitude"": 0, ""time"": 67798}, ""alt_data"": {""pressure"": 851.52, ""temperature"": 23.62, ""AGL"": -0.52, ""velocity"": 0, ""kalman_altitude"": -0.63, ""kalman_vertical_velocity"": -8.29}, ""chute_state"": {""pyro1_state"": 0, ""pyro2_state"": 0}, ""connection_status"": {""connected"": true, ""has_ever_connected"": true, ""packet_age_ms"": 0, ""timeout_exceeded"": false, ""rssi"": -63}, ""communication_mode"": ""BEACON"", ""timestamp"": 177322, ""packets_received"": 534, ""kalman_data"": {""altitude"": -0.63, ""vertical_velocity"": -8.29}, ""kalman_altitude"": -0.63, ""kalman_vertical_velocity"": -8.29, ""pyroDrogue"": 0, ""pyroMain"": 0, ""pyro1_state"": 0, ""pyro2_state"": 0}"
1764741550.640832,2025-12-03T08:59:10.640832,2413,0,0,-0.91,-0.39,0.11,-66.03,-76.87,3.2,36.74,0.24,0,0,0,67798,851.57,23.62,-0.99,0,0,0,0,-60,-0.94,-8.5,BEACON,"{""record_number"": 2413, ""operation_mode"": 0, ""state"": 0, ""battery_voltage"": 0, ""wifi_rssi"": -60, ""acc_data"": {""ax"": -0.91, ""ay"": -0.39, ""az"": 0.11, ""pitch"": -66.03, ""roll"": -76.87}, ""gyro_data"": {""gx"": 3.2, ""gy"": 36.74, ""gz"": 0.24}, ""gps_data"": {""latitude"": 0, ""longitude"": 0, ""gps_altitude"": 0, ""time"": 67798}, ""alt_data"": {""pressure"": 851.57, ""temperature"": 23.62, ""AGL"": -0.99, ""velocity"": 0, ""kalman_altitude"": -0.94, ""kalman_vertical_velocity"": -8.5}, ""chute_state"": {""pyro1_state"": 0, ""pyro2_state"": 0}, ""connection_status"": {""connected"": true, ""has_ever_connected"": true, ""packet_age_ms"": 0, ""timeout_exceeded"": false, ""rssi"": -60}, ""communication_mode"": ""BEACON"", ""timestamp"": 177435, ""packets_received"": 535, ""kalman_data"": {""altitude"": -0.94, ""vertical_velocity"": -8.5}, ""kalman_altitude"": -0.94, ""kalman_vertical_velocity"": -8.5, ""pyroDrogue"": 0, ""pyroMain"": 0, ""pyro1_state"": 0, ""pyro2_state"": 0}"
1764741550.733564,2025-12-03T08:59:10.733564,2417,0,0,-0.86,-0.31,0.04,-60.22,-84.81,9.66,136.01,12.29,0,0,0,67998,851.55,23.62,-0.81,0,0,0,0,-59,-0.86,-8.45,BEACON,"{""record_number"": 2417, ""operation_mode"": 0, ""state"": 0, ""battery_voltage"": 0, ""wifi_rssi"": -59, ""acc_data"": {""ax"": -0.86, ""ay"": -0.31, ""az"": 0.04, ""pitch"": -60.22, ""roll"": -84.81}, ""gyro_data"": {""gx"": 9.66, ""gy"": 136.01, ""gz"": 12.29}, ""gps_data"": {""latitude"": 0, ""longitude"": 0, ""gps_altitude"": 0, ""time"": 67998}, ""alt_data"": {""pressure"": 851.55, ""temperature"": 23.62, ""AGL"": -0.81, ""velocity"": 0, ""kalman_altitude"": -0.86, ""kalman_vertical_velocity"": -8.45}, ""chute_state"": {""pyro1_state"": 0, ""pyro2_state"": 0}, ""connection_status"": {""connected"": true, ""has_ever_connected"": true, ""packet_age_ms"": 1, ""timeout_exceeded"": false, ""rssi"": -59}, ""communication_mode"": ""BEACON"", ""timestamp"": 177548, ""packets_received"": 536, ""kalman_data"": {""altitude"": -0.86, ""vertical_velocity"": -8.45}, ""kalman_altitude"": -0.86, ""kalman_vertical_velocity"": -8.45, ""pyroDrogue"": 0, ""pyroMain"": 0, ""pyro1_state"": 0, ""pyro2_state"": 0}"
1764741550.780799,2025-12-03T08:59:10.780799,2422,0,0,-0.9,-0.36,0.01,-63.41,-91.55,9.88,14.24,35.15,0,0,0,68198,851.57,23.62,-0.95,0,0,0,0,-57,-0.94,-8.51,BEACON,"{""record_number"": 2422, ""operation_mode"": 0, ""state"": 0, ""battery_voltage"": 0, ""wifi_rssi"": -57, ""acc_data"": {""ax"": -0.9, ""ay"": -0.36, ""az"": 0.01, ""pitch"": -63.41, ""roll"": -91.55}, ""gyro_data"": {""gx"": 9.88, ""gy"": 14.24, ""gz"": 35.15}, ""gps_data"": {""latitude"": 0, ""longitude"": 0, ""gps_altitude"": 0, ""time"": 68198}, ""alt_data"": {""pressure"": 851.57, ""temperature"": 23.62, ""AGL"": -0.95, ""velocity"": 0, ""kalman_altitude"": -0.94, ""kalman_vertical_velocity"": -8.51}, ""chute_state"": {""pyro1_state"": 0, ""pyro2_state"": 0}, ""connection_status"": {""connected"": true, ""has_ever_connected"": true, ""packet_age_ms"": 0, ""timeout_exceeded"": false, ""rssi"": -57}, ""communication_mode"": ""BEACON"", ""timestamp"": 177660, ""packets_received"": 537, ""kalman_data"": {""altitude"": -0.94, ""vertical_velocity"": -8.51}, ""kalman_altitude"": -0.94, ""kalman_vertical_velocity"": -8.51, ""pyroDrogue"": 0, ""pyroMain"": 0, ""pyro1_state"": 0, ""pyro2_state"": 0}"
1764741550.877003,2025-12-03T08:59:10.877003,2426,0,0,-0.86,-0.29,-0.02,-60.96,-94.28,-11.52,45.91,10.55,0,0,0,68198,851.55,23.63,-0.82,0,0,0,0,-56,-0.85,-8.49,BEACON,"{""record_number"": 2426, ""operation_mode"": 0, ""state"": 0, ""battery_voltage"": 0, ""wifi_rssi"": -56, ""acc_data"": {""ax"": -0.86, ""ay"": -0.29, ""az"": -0.02, ""pitch"": -60.96, ""roll"": -94.28}, ""gyro_data"": {""gx"": -11.52, ""gy"": 45.91, ""gz"": 10.55}, ""gps_data"": {""latitude"": 0, ""longitude"": 0, ""gps_altitude"": 0, ""time"": 68198}, ""alt_data"": {""pressure"": 851.55, ""temperature"": 23.63, ""AGL"": -0.82, ""velocity"": 0, ""kalman_altitude"": -0.85, ""kalman_vertical_velocity"": -8.49}, ""chute_state"": {""pyro1_state"": 0, ""pyro2_state"": 0}, ""connection_status"": {""connected"": true, ""has_ever_connected"": true, ""packet_age_ms"": 0, ""timeout_exceeded"": false, ""rssi"": -56}, ""communication_mode"": ""BEACON"", ""timestamp"": 177773, ""packets_received"": 538, ""kalman_data"": {""altitude"": -0.85, ""vertical_velocity"": -8.49}, ""kalman_altitude"": -0.85, ""kalman_vertical_velocity"": -8.49, ""pyroDrogue"": 0, ""pyroMain"": 0, ""pyro1_state"": 0, ""pyro2_state"": 0}"
1764741551.001351,2025-12-03T08:59:11.001351,2430,0,0,-0.9,-0.33,-0.04,-62.31,-97.97,-10.03,-61.49,13.9,0,0,0,68398,851.56,23.64,-0.92,0,0,0,0,-55,-0.91,-8.53,BEACON,"{""record_number"": 2430, ""operation_mode"": 0, ""state"": 0, ""battery_voltage"": 0, ""wifi_rssi"": -55, ""acc_data"": {""ax"": -0.9, ""ay"": -0.33, ""az"": -0.04, ""pitch"": -62.31, ""roll"": -97.97}, ""gyro_data"": {""gx"": -10.03, ""gy"": -61.49, ""gz"": 13.9}, ""gps_data"": {""latitude"": 0, ""longitude"": 0, ""gps_altitude"": 0, ""time"": 68398}, ""alt_data"": {""pressure"": 851.56, ""temperature"": 23.64, ""AGL"": -0.92, ""velocity"": 0, ""kalman_altitude"": -0.91, ""kalman_vertical_velocity"": -8.53}, ""chute_state"": {""pyro1_state"": 0, ""pyro2_state"": 0}, ""connection_status"": {""connected"": true, ""has_ever_connected"": true, ""packet_age_ms"": 0, ""timeout_exceeded"": false, ""rssi"": -55}, ""communication_mode"": ""BEACON"", ""timestamp"": 177886, ""packets_received"": 539, ""kalman_data"": {""altitude"": -0.91, ""vertical_velocity"": -8.53}, ""kalman_altitude"": -0.91, ""kalman_vertical_velocity"": -8.53, ""pyroDrogue"": 0, ""pyroMain"": 0, ""pyro1_state"": 0, ""pyro2_state"": 0}"
1764741551.065725,2025-12-03T08:59:11.065725,2435,0,0,-0.9,-0.36,-0.04,-64.37,-98.51,3.29,-52.9,35.98,0,0,0,68398,851.57,23.64,-0.98,0,0,0,0,-56,-0.97,-8.58,BEACON,"{""record_number"": 2435, ""operation_mode"": 0, ""state"": 0, ""battery_voltage"": 0, ""wifi_rssi"": -56, ""acc_data"": {""ax"": -0.9, ""ay"": -0.36, ""az"": -0.04, ""pitch"": -64.37, ""roll"": -98.51}, ""gyro_data"": {""gx"": 3.29, ""gy"": -52.9, ""gz"": 35.98}, ""gps_data"": {""latitude"": 0, ""longitude"": 0, ""gps_altitude"": 0, ""time"": 68398}, ""alt_data"": {""pressure"": 851.57, ""temperature"": 23.64, ""AGL"": -0.98, ""velocity"": 0, ""kalman_altitude"": -0.97, ""kalman_vertical_velocity"": -8.58}, ""chute_state"": {""pyro1_state"": 0, ""pyro2_state"": 0}, ""connection_status"": {""connected"": true, ""has_ever_connected"": true, ""packet_age_ms"": 0, ""timeout_exceeded"": false, ""rssi"": -56}, ""communication_mode"": ""BEACON"", ""timestamp"": 177998, ""packets_received"": 540, ""kalman_data"": {""altitude"": -0.97, ""vertical_velocity"": -8.58}, ""kalman_altitude"": -0.97, ""kalman_vertical_velocity"": -8.58, ""pyroDrogue"": 0, ""pyroMain"": 0, ""pyro1_state"": 0, ""pyro2_state"": 0}"
1764741551.129517,2025-12-03T08:59:11.129517,2439,0,0,-0.92,-0.32,0.01,-69.51,-88.39,9.79,47.29,34.05,0,0,0,68599,851.57,23.64,-1.03,0,0,0,0,-54,-1.08,-8.67,BEACON,"{""record_number"": 2439, ""operation_mode"": 0, ""state"": 0, ""battery_voltage"": 0, ""wifi_rssi"": -54, ""acc_data"": {""ax"": -0.92, ""ay"": -0.32, ""az"": 0.01, ""pitch"": -69.51, ""roll"": -88.39}, ""gyro_data"": {""gx"": 9.79, ""gy"": 47.29, ""gz"": 34.05}, ""gps_data"": {""latitude"": 0, ""longitude"": 0, ""gps_altitude"": 0, ""time"": 68599}, ""alt_data"": {""pressure"": 851.57, ""temperature"": 23.64, ""AGL"": -1.03, ""velocity"": 0, ""kalman_altitude"": -1.08, ""kalman_vertical_velocity"": -8.67}, ""chute_state"": {""pyro1_state"": 0, ""pyro2_state"": 0}, ""connection_status"": {""connected"": true, ""has_ever_connected"": true, ""packet_age_ms"": 0, ""timeout_exceeded"": false, ""rssi"": -54}, ""communication_mode"": ""BEACON"", ""timestamp"": 178111, ""packets_received"": 541, ""kalman_data"": {""altitude"": -1.08, ""vertical_velocity"": -8.67}, ""kalman_altitude"": -1.08, ""kalman_vertical_velocity"": -8.67, ""pyroDrogue"": 0, ""pyroMain"": 0, ""pyro1_state"": 0, ""pyro2_state"": 0}"
1764741551.365956,2025-12-03T08:59:11.365956,2443,0,0,-0.87,-0.26,0.02,-60.9,-82.88,9.42,-56.22,70.95,0,0,0,68599,851.61,23.64,-1.37,0,0,0,0,-52,-1.3,-8.81,BEACON,"{""record_number"": 2443, ""operation_mode"": 0, ""state"": 0, ""battery_voltage"": 0, ""wifi_rssi"": -52, ""acc_data"": {""ax"": -0.87, ""ay"": -0.26, ""az"": 0.02, ""pitch"": -60.9, ""roll"": -82.88}, ""gyro_data"": {""gx"": 9.42, ""gy"": -56.22, ""gz"": 70.95}, ""gps_data"": {""latitude"": 0, ""longitude"": 0, ""gps_altitude"": 0, ""time"": 68599}, ""alt_data"": {""pressure"": 851.61, ""temperature"": 23.64, ""AGL"": -1.37, ""velocity"": 0, ""kalman_altitude"": -1.3, ""kalman_vertical_velocity"": -8.81}, ""chute_state"": {""pyro1_state"": 0, ""pyro2_state"": 0}, ""connection_status"": {""connected"": true, ""has_ever_connected"": true, ""packet_age_ms"": 0, ""timeout_exceeded"": false, ""rssi"": -52}, ""communication_mode"": ""BEACON"", ""timestamp"": 178225, ""packets_received"": 542, ""kalman_data"": {""altitude"": -1.3, ""vertical_velocity"": -8.81}, ""kalman_altitude"": -1.3, ""kalman_vertical_velocity"": -8.81, ""pyroDrogue"": 0, ""pyroMain"": 0, ""pyro1_state"": 0, ""pyro2_state"": 0}"
1764741551.549685,2025-12-03T08:59:11.549685,2447,0,0,-0.9,-0.23,0.03,-64.43,-84.09,28.45,-19.21,35.91,0,0,0,68803,851.57,23.65,-1,0,0,0,0,-52,-1.09,-8.69,BEACON,"{""record_number"": 2447, ""operation_mode"": 0, ""state"": 0, ""battery_voltage"": 0, ""wifi_rssi"": -52, ""acc_data"": {""ax"": -0.9, ""ay"": -0.23, ""az"": 0.03, ""pitch"": -64.43, ""roll"": -84.09}, ""gyro_data"": {""gx"": 28.45, ""gy"": -19.21, ""gz"": 35.91}, ""gps_data"": {""latitude"": 0, ""longitude"": 0, ""gps_altitude"": 0, ""time"": 68803}, ""alt_data"": {""pressure"": 851.57, ""temperature"": 23.65, ""AGL"": -1, ""velocity"": 0, ""kalman_altitude"": -1.09, ""kalman_vertical_velocity"": -8.69}, ""chute_state"": {""pyro1_state"": 0, ""pyro2_state"": 0}, ""connection_status"": {""connected"": true, ""has_ever_connected"": true, ""packet_age_ms"": 0, ""timeout_exceeded"": false, ""rssi"": -52}, ""communication_mode"": ""BEACON"", ""timestamp"": 178337, ""packets_received"": 543, ""kalman_data"": {""altitude"": -1.09, ""vertical_velocity"": -8.69}, ""kalman_altitude"": -1.09, ""kalman_vertical_velocity"": -8.69, ""pyroDrogue"": 0, ""pyroMain"": 0, ""pyro1_state"": 0, ""pyro2_state"": 0}"
1764741551.621786,2025-12-03T08:59:11.621786,2452,0,0,-0.89,-0.22,0.05,-63.54,-81.74,42.07,75.88,15.88,0,0,0,68803,851.56,23.64,-0.88,0,0,0,0,-52,-0.93,-8.62,BEACON,"{""record_number"": 2452, ""operation_mode"": 0, ""state"": 0, ""battery_voltage"": 0, ""wifi_rssi"": -52, ""acc_data"": {""ax"": -0.89, ""ay"": -0.22, ""az"": 0.05, ""pitch"": -63.54, ""roll"": -81.74}, ""gyro_data"": {""gx"": 42.07, ""gy"": 75.88, ""gz"": 15.88}, ""gps_data"": {""latitude"": 0, ""longitude"": 0, ""gps_altitude"": 0, ""time"": 68803}, ""alt_data"": {""pressure"": 851.56, ""temperature"": 23.64, ""AGL"": -0.88, ""velocity"": 0, ""kalman_altitude"": -0.93, ""kalman_vertical_velocity"": -8.62}, ""chute_state"": {""pyro1_state"": 0, ""pyro2_state"": 0}, ""connection_status"": {""connected"": true, ""has_ever_connected"": true, ""packet_age_ms"": 0, ""timeout_exceeded"": false, ""rssi"": -52}, ""communication_mode"": ""BEACON"", ""timestamp"": 178450, ""packets_received"": 544, ""kalman_data"": {""altitude"": -0.93, ""vertical_velocity"": -8.62}, ""kalman_altitude"": -0.93, ""kalman_vertical_velocity"": -8.62, ""pyroDrogue"": 0, ""pyroMain"": 0, ""pyro1_state"": 0, ""pyro2_state"": 0}"
1764741551.675818,2025-12-03T08:59:11.675818,2456,0,0,-0.93,-0.22,0.01,-67.96,-86.52,17.23,65.43,0.76,0,0,0,69002,851.48,23.62,-0.14,0,0,0,0,-52,-0.35,-8.3,BEACON,"{""record_number"": 2456, ""operation_mode"": 0, ""state"": 0, ""battery_voltage"": 0, ""wifi_rssi"": -52, ""acc_data"": {""ax"": -0.93, ""ay"": -0.22, ""az"": 0.01, ""pitch"": -67.96, ""roll"": -86.52}, ""gyro_data"": {""gx"": 17.23, ""gy"": 65.43, ""gz"": 0.76}, ""gps_data"": {""latitude"": 0, ""longitude"": 0, ""gps_altitude"": 0, ""time"": 69002}, ""alt_data"": {""pressure"": 851.48, ""temperature"": 23.62, ""AGL"": -0.14, ""velocity"": 0, ""kalman_altitude"": -0.35, ""kalman_vertical_velocity"": -8.3}, ""chute_state"": {""pyro1_state"": 0, ""pyro2_state"": 0}, ""connection_status"": {""connected"": true, ""has_ever_connected"": true, ""packet_age_ms"": 0, ""timeout_exceeded"": false, ""rssi"": -52}, ""communication_mode"": ""BEACON"", ""timestamp"": 178564, ""packets_received"": 545, ""kalman_data"": {""altitude"": -0.35, ""vertical_velocity"": -8.3}, ""kalman_altitude"": -0.35, ""kalman_vertical_velocity"": -8.3, ""pyroDrogue"": 0, ""pyroMain"": 0, ""pyro1_state"": 0, ""pyro2_state"": 0}"
1764741551.7271,2025-12-03T08:59:11.727100,2460,0,0,-1,-0.22,-0.09,-81.82,-110.56,-10.7,58.29,10.52,0,0,0,69203,851.53,23.64,-0.59,0,0,0,0,-52,-0.53,-8.42,BEACON,"{""record_number"": 2460, ""operation_mode"": 0, ""state"": 0, ""battery_voltage"": 0, ""wifi_rssi"": -52, ""acc_data"": {""ax"": -1, ""ay"": -0.22, ""az"": -0.09, ""pitch"": -81.82, ""roll"": -110.56}, ""gyro_data"": {""gx"": -10.7, ""gy"": 58.29, ""gz"": 10.52}, ""gps_data"": {""latitude"": 0, ""longitude"": 0, ""gps_altitude"": 0, ""time"": 69203}, ""alt_data"": {""pressure"": 851.53, ""temperature"": 23.64, ""AGL"": -0.59, ""velocity"": 0, ""kalman_altitude"": -0.53, ""kalman_vertical_velocity"": -8.42}, ""chute_state"": {""pyro1_state"": 0, ""pyro2_state"": 0}, ""connection_status"": {""connected"": true, ""has_ever_connected"": true, ""packet_age_ms"": 0, ""timeout_exceeded"": false, ""rssi"": -52}, ""communication_mode"": ""BEACON"", ""timestamp"": 178676, ""packets_received"": 546, ""kalman_data"": {""altitude"": -0.53, ""vertical_velocity"": -8.42}, ""kalman_altitude"": -0.53, ""kalman_vertical_velocity"": -8.42, ""pyroDrogue"": 0, ""pyroMain"": 0, ""pyro1_state"": 0, ""pyro2_state"": 0}"
1764741551.814265,2025-12-03T08:59:11.814265,2465,0,0,-0.94,-0.19,-0.08,-68.11,-115.86,-26.71,4.02,34.18,0,0,0,69203,851.54,23.64,-0.69,0,0,0,0,-52,-0.65,-8.51,BEACON,"{""record_number"": 2465, ""operation_mode"": 0, ""state"": 0, ""battery_voltage"": 0, ""wifi_rssi"": -52, ""acc_data"": {""ax"": -0.94, ""ay"": -0.19, ""az"": -0.08, ""pitch"": -68.11, ""roll"": -115.86}, ""gyro_data"": {""gx"": -26.71, ""gy"": 4.02, ""gz"": 34.18}, ""gps_data"": {""latitude"": 0, ""longitude"": 0, ""gps_altitude"": 0, ""time"": 69203}, ""alt_data"": {""pressure"": 851.54, ""temperature"": 23.64, ""AGL"": -0.69, ""velocity"": 0, ""kalman_altitude"": -0.65, ""kalman_vertical_velocity"": -8.51}, ""chute_state"": {""pyro1_state"": 0, ""pyro2_state"": 0}, ""connection_status"": {""connected"": true, ""has_ever_connected"": true, ""packet_age_ms"": 0, ""timeout_exceeded"": false, ""rssi"": -52}, ""communication_mode"": ""BEACON"", ""timestamp"": 178789, ""packets_received"": 547, ""kalman_data"": {""altitude"": -0.65, ""vertical_velocity"": -8.51}, ""kalman_altitude"": -0.65, ""kalman_vertical_velocity"": -8.51, ""pyroDrogue"": 0, ""pyroMain"": 0, ""pyro1_state"": 0, ""pyro2_state"": 0}"
1764741551.898605,2025-12-03T08:59:11.898605,2469,0,0,-0.91,-0.18,-0.08,-66.8,-112.59,-48.11,-51.28,18.05,0,0,0,69403,851.58,23.64,-1.13,0,0,0,0,-52,-1.02,-8.74,BEACON,"{""record_number"": 2469, ""operation_mode"": 0, ""state"": 0, ""battery_voltage"": 0, ""wifi_rssi"": -52, ""acc_data"": {""ax"": -0.91, ""ay"": -0.18, ""az"": -0.08, ""pitch"": -66.8, ""roll"": -112.59}, ""gyro_data"": {""gx"": -48.11, ""gy"": -51.28, ""gz"": 18.05}, ""gps_data"": {""latitude"": 0, ""longitude"": 0, ""gps_altitude"": 0, ""time"": 69403}, ""alt_data"": {""pressure"": 851.58, ""temperature"": 23.64, ""AGL"": -1.13, ""velocity"": 0, ""kalman_altitude"": -1.02, ""kalman_vertical_velocity"": -8.74}, ""chute_state"": {""pyro1_state"": 0, ""pyro2_state"": 0}, ""connection_status"": {""connected"": true, ""has_ever_connected"": true, ""packet_age_ms"": 0, ""timeout_exceeded"": false, ""rssi"": -52}, ""communication_mode"": ""BEACON"", ""timestamp"": 178904, ""packets_received"": 548, ""kalman_data"": {""altitude"": -1.02, ""vertical_velocity"": -8.74}, ""kalman_altitude"": -1.02, ""kalman_vertical_velocity"": -8.74, ""pyroDrogue"": 0, ""pyroMain"": 0, ""pyro1_state"": 0, ""pyro2_state"": 0}"
1764741551.975278,2025-12-03T08:59:11.975278,2473,0,0,-0.91,-0.16,-0.06,-65.42,-114.19,-26.49,13.81,-4.73,0,0,0,69403,851.55,23.64,-0.85,0,0,0,0,-52,-0.9,-8.68,BEACON,"{""record_number"": 2473, ""operation_mode"": 0, ""state"": 0, ""battery_voltage"": 0, ""wifi_rssi"": -52, ""acc_data"": {""ax"": -0.91, ""ay"": -0.16, ""az"": -0.06, ""pitch"": -65.42, ""roll"": -114.19}, ""gyro_data"": {""gx"": -26.49, ""gy"": 13.81, ""gz"": -4.73}, ""gps_data"": {""latitude"": 0, ""longitude"": 0, ""gps_altitude"": 0, ""time"": 69403}, ""alt_data"": {""pressure"": 851.55, ""temperature"": 23.64, ""AGL"": -0.85, ""velocity"": 0, ""kalman_altitude"": -0.9, ""kalman_vertical_velocity"": -8.68}, ""chute_state"": {""pyro1_state"": 0, ""pyro2_state"": 0}, ""connection_status"": {""connected"": true, ""has_ever_connected"": true, ""packet_age_ms"": 0, ""timeout_exceeded"": false, ""rssi"": -52}, ""communication_mode"": ""BEACON"", ""timestamp"": 179016, ""packets_received"": 549, ""kalman_data"": {""altitude"": -0.9, ""vertical_velocity"": -8.68}, ""kalman_altitude"": -0.9, ""kalman_vertical_velocity"": -8.68, ""pyroDrogue"": 0, ""pyroMain"": 0, ""pyro1_state"": 0, ""pyro2_state"": 0}"
1764741552.054852,2025-12-03T08:59:12.054852,2478,0,0,-0.92,-0.19,-0.11,-68.88,-116.17,-24.54,46.98,-38.54,0,0,0,69603,851.52,23.64,-0.52,0,0,0,0,-51,-0.65,-8.57,BEACON,"{""record_number"": 2478, ""operation_mode"": 0, ""state"": 0, ""battery_voltage"": 0, ""wifi_rssi"": -51, ""acc_data"": {""ax"": -0.92, ""ay"": -0.19, ""az"": -0.11, ""pitch"": -68.88, ""roll"": -116.17}, ""gyro_data"": {""gx"": -24.54, ""gy"": 46.98, ""gz"": -38.54}, ""gps_data"": {""latitude"": 0, ""longitude"": 0, ""gps_altitude"": 0, ""time"": 69603}, ""alt_data"": {""pressure"": 851.52, ""temperature"": 23.64, ""AGL"": -0.52, ""velocity"": 0, ""kalman_altitude"": -0.65, ""kalman_vertical_velocity"": -8.57}, ""chute_state"": {""pyro1_state"": 0, ""pyro2_state"": 0}, ""connection_status"": {""connected"": true, ""has_ever_connected"": true, ""packet_age_ms"": 0, ""timeout_exceeded"": false, ""rssi"": -51}, ""communication_mode"": ""BEACON"", ""timestamp"": 179129, ""packets_received"": 550, ""kalman_data"": {""altitude"": -0.65, ""vertical_velocity"": -8.57}, ""kalman_altitude"": -0.65, ""kalman_vertical_velocity"": -8.57, ""pyroDrogue"": 0, ""pyroMain"": 0, ""pyro1_state"": 0, ""pyro2_state"": 0}"
1764741552.269148,2025-12-03T08:59:12.269148,2482,0,0,-0.89,-0.21,-0.15,-61.83,-123.99,-15.27,198.84,-40.91,0,0,0,69603,851.51,23.64,-0.42,0,0,0,0,-52,-0.49,-8.5,BEACON,"{""record_number"": 2482, ""operation_mode"": 0, ""state"": 0, ""battery_voltage"": 0, ""wifi_rssi"": -52, ""acc_data"": {""ax"": -0.89, ""ay"": -0.21, ""az"": -0.15, ""pitch"": -61.83, ""roll"": -123.99}, ""gyro_data"": {""gx"": -15.27, ""gy"": 198.84, ""gz"": -40.91}, ""gps_data"": {""latitude"": 0, ""longitude"": 0, ""gps_altitude"": 0, ""time"": 69603}, ""alt_data"": {""pressure"": 851.51, ""temperature"": 23.64, ""AGL"": -0.42, ""velocity"": 0, ""kalman_altitude"": -0.49, ""kalman_vertical_velocity"": -8.5}, ""chute_state"": {""pyro1_state"": 0, ""pyro2_state"": 0}, ""connection_status"": {""connected"": true, ""has_ever_connected"": true, ""packet_age_ms"": 1, ""timeout_exceeded"": false, ""rssi"": -52}, ""communication_mode"": ""BEACON"", ""timestamp"": 179243, ""packets_received"": 551, ""kalman_data"": {""altitude"": -0.49, ""vertical_velocity"": -8.5}, ""kalman_altitude"": -0.49, ""kalman_vertical_velocity"": -8.5, ""pyroDrogue"": 0, ""pyroMain"": 0, ""pyro1_state"": 0, ""pyro2_state"": 0}"
1764741552.320646,2025-12-03T08:59:12.320646,2486,0,0,-0.9,-0.22,-0.26,-64.11,-138.48,-18.41,114.97,-14.82,0,0,0,69808,851.54,23.64,-0.71,0,0,0,0,-53,-0.66,-8.61,BEACON,"{""record_number"": 2486, ""operation_mode"": 0, ""state"": 0, ""battery_voltage"": 0, ""wifi_rssi"": -53, ""acc_data"": {""ax"": -0.9, ""ay"": -0.22, ""az"": -0.26, ""pitch"": -64.11, ""roll"": -138.48}, ""gyro_data"": {""gx"": -18.41, ""gy"": 114.97, ""gz"": -14.82}, ""gps_data"": {""latitude"": 0, ""longitude"": 0, ""gps_altitude"": 0, ""time"": 69808}, ""alt_data"": {""pressure"": 851.54, ""temperature"": 23.64, ""AGL"": -0.71, ""velocity"": 0, ""kalman_altitude"": -0.66, ""kalman_vertical_velocity"": -8.61}, ""chute_state"": {""pyro1_state"": 0, ""pyro2_state"": 0}, ""connection_status"": {""connected"": true, ""has_ever_connected"": true, ""packet_age_ms"": 1, ""timeout_exceeded"": false, ""rssi"": -53}, ""communication_mode"": ""BEACON"", ""timestamp"": 179356, ""packets_received"": 552, ""kalman_data"": {""altitude"": -0.66, ""vertical_velocity"": -8.61}, ""kalman_altitude"": -0.66, ""kalman_vertical_velocity"": -8.61, ""pyroDrogue"": 0, ""pyroMain"": 0, ""pyro1_state"": 0, ""pyro2_state"": 0}"
1764741552.397523,2025-12-03T08:59:12.397523,2491,0,0,-0.87,-0.24,-0.3,-61.07,-140.4,-18.17,-9.6,22.38,0,0,0,69808,851.53,23.65,-0.58,0,0,0,0,-52,-0.55,-8.59,BEACON,"{""record_number"": 2491, ""operation_mode"": 0, ""state"": 0, ""battery_voltage"": 0, ""wifi_rssi"": -52, ""acc_data"": {""ax"": -0.87, ""ay"": -0.24, ""az"": -0.3, ""pitch"": -61.07, ""roll"": -140.4}, ""gyro_data"": {""gx"": -18.17, ""gy"": -9.6, ""gz"": 22.38}, ""gps_data"": {""latitude"": 0, ""longitude"": 0, ""gps_altitude"": 0, ""time"": 69808}, ""alt_data"": {""pressure"": 851.53, ""temperature"": 23.65, ""AGL"": -0.58, ""velocity"": 0, ""kalman_altitude"": -0.55, ""kalman_vertical_velocity"": -8.59}, ""chute_state"": {""pyro1_state"": 0, ""pyro2_state"": 0}, ""connection_status"": {""connected"": true, ""has_ever_connected"": true, ""packet_age_ms"": 0, ""timeout_exceeded"": false, ""rssi"": -52}, ""communication_mode"": ""BEACON"", ""timestamp"": 179468, ""packets_received"": 553, ""kalman_data"": {""altitude"": -0.55, ""vertical_velocity"": -8.59}, ""kalman_altitude"": -0.55, ""kalman_vertical_velocity"": -8.59, ""pyroDrogue"": 0, ""pyroMain"": 0, ""pyro1_state"": 0, ""pyro2_state"": 0}"
1764741552.47315,2025-12-03T08:59:12.473150,2495,0,0,-0.93,-0.22,-0.28,-67.52,-142.8,-22.04,-108.05,28.35,0,0,0,70009,851.52,23.64,-0.52,0,0,0,0,-53,-0.53,-8.6,BEACON,"{""record_number"": 2495, ""operation_mode"": 0, ""state"": 0, ""battery_voltage"": 0, ""wifi_rssi"": -53, ""acc_data"": {""ax"": -0.93, ""ay"": -0.22, ""az"": -0.28, ""pitch"": -67.52, ""roll"": -142.8}, ""gyro_data"": {""gx"": -22.04, ""gy"": -108.05, ""gz"": 28.35}, ""gps_data"": {""latitude"": 0, ""longitude"": 0, ""gps_altitude"": 0, ""time"": 70009}, ""alt_data"": {""pressure"": 851.52, ""temperature"": 23.64, ""AGL"": -0.52, ""velocity"": 0, ""kalman_altitude"": -0.53, ""kalman_vertical_velocity"": -8.6}, ""chute_state"": {""pyro1_state"": 0, ""pyro2_state"": 0}, ""connection_status"": {""connected"": true, ""has_ever_connected"": true, ""packet_age_ms"": 1, ""timeout_exceeded"": false, ""rssi"": -53}, ""communication_mode"": ""BEACON"", ""timestamp"": 179582, ""packets_received"": 554, ""kalman_data"": {""altitude"": -0.53, ""vertical_velocity"": -8.6}, ""kalman_altitude"": -0.53, ""kalman_vertical_velocity"": -8.6, ""pyroDrogue"": 0, ""pyroMain"": 0, ""pyro1_state"": 0, ""pyro2_state"": 0}"
1764741552.77297,2025-12-03T08:59:12.772970,2499,0,0,-0.92,-0.2,-0.25,-67.82,-144.06,-34.73,-101.07,43.6,0,0,0,70209,851.55,23.65,-0.83,0,0,0,0,-54,-0.76,-8.75,BEACON,"{""record_number"": 2499, ""operation_mode"": 0, ""state"": 0, ""battery_voltage"": 0, ""wifi_rssi"": -54, ""acc_data"": {""ax"": -0.92, ""ay"": -0.2, ""az"": -0.25, ""pitch"": -67.82, ""roll"": -144.06}, ""gyro_data"": {""gx"": -34.73, ""gy"": -101.07, ""gz"": 43.6}, ""gps_data"": {""latitude"": 0, ""longitude"": 0, ""gps_altitude"": 0, ""time"": 70209}, ""alt_data"": {""pressure"": 851.55, ""temperature"": 23.65, ""AGL"": -0.83, ""velocity"": 0, ""kalman_altitude"": -0.76, ""kalman_vertical_velocity"": -8.75}, ""chute_state"": {""pyro1_state"": 0, ""pyro2_state"": 0}, ""connection_status"": {""connected"": true, ""has_ever_connected"": true, ""packet_age_ms"": 0, ""timeout_exceeded"": false, ""rssi"": -54}, ""communication_mode"": ""BEACON"", ""timestamp"": 179694, ""packets_received"": 555, ""kalman_data"": {""altitude"": -0.76, ""vertical_velocity"": -8.75}, ""kalman_altitude"": -0.76, ""kalman_vertical_velocity"": -8.75, ""pyroDrogue"": 0, ""pyroMain"": 0, ""pyro1_state"": 0, ""pyro2_state"": 0}"
1764741552.8294,2025-12-03T08:59:12.829400,2504,0,0,-0.92,-0.14,-0.17,-67.89,-141.04,-21.52,-14.15,26.34,0,0,0,70209,851.56,23.65,-0.9,0,0,0,0,-55,-0.9,-8.86,BEACON,"{""record_number"": 2504, ""operation_mode"": 0, ""state"": 0, ""battery_voltage"": 0, ""wifi_rssi"": -55, ""acc_data"": {""ax"": -0.92, ""ay"": -0.14, ""az"": -0.17, ""pitch"": -67.89, ""roll"": -141.04}, ""gyro_data"": {""gx"": -21.52, ""gy"": -14.15, ""gz"": 26.34}, ""gps_data"": {""latitude"": 0, ""longitude"": 0, ""gps_altitude"": 0, ""time"": 70209}, ""alt_data"": {""pressure"": 851.56, ""temperature"": 23.65, ""AGL"": -0.9, ""velocity"": 0, ""kalman_altitude"": -0.9, ""kalman_vertical_velocity"": -8.86}, ""chute_state"": {""pyro1_state"": 0, ""pyro2_state"": 0}, ""connection_status"": {""connected"": true, ""has_ever_connected"": true, ""packet_age_ms"": 0, ""timeout_exceeded"": false, ""rssi"": -55}, ""communication_mode"": ""BEACON"", ""timestamp"": 179806, ""packets_received"": 556, ""kalman_data"": {""altitude"": -0.9, ""vertical_velocity"": -8.86}, ""kalman_altitude"": -0.9, ""kalman_vertical_velocity"": -8.86, ""pyroDrogue"": 0, ""pyroMain"": 0, ""pyro1_state"": 0, ""pyro2_state"": 0}"
1764741552.923091,2025-12-03T08:59:12.923091,2508,0,0,-0.91,-0.13,-0.17,-66.45,-141.7,-25.24,-29.66,14.02,0,0,0,70409,851.52,23.65,-0.54,0,0,0,0,-55,-0.64,-8.73,BEACON,"{""record_number"": 2508, ""operation_mode"": 0, ""state"": 0, ""battery_voltage"": 0, ""wifi_rssi"": -55, ""acc_data"": {""ax"": -0.91, ""ay"": -0.13, ""az"": -0.17, ""pitch"": -66.45, ""roll"": -141.7}, ""gyro_data"": {""gx"": -25.24, ""gy"": -29.66, ""gz"": 14.02}, ""gps_data"": {""latitude"": 0, ""longitude"": 0, ""gps_altitude"": 0, ""time"": 70409}, ""alt_data"": {""pressure"": 851.52, ""temperature"": 23.65, ""AGL"": -0.54, ""velocity"": 0, ""kalman_altitude"": -0.64, ""kalman_vertical_velocity"": -8.73}, ""chute_state"": {""pyro1_state"": 0, ""pyro2_state"": 0}, ""connection_status"": {""connected"": true, ""has_ever_connected"": true, ""packet_age_ms"": 1, ""timeout_exceeded"": false, ""rssi"": -55}, ""communication_mode"": ""BEACON"", ""timestamp"": 179920, ""packets_received"": 557, ""kalman_data"": {""altitude"": -0.64, ""vertical_velocity"": -8.73}, ""kalman_altitude"": -0.64, ""kalman_vertical_velocity"": -8.73, ""pyroDrogue"": 0, ""pyroMain"": 0, ""pyro1_state"": 0, ""pyro2_state"": 0}"
1764741552.981513,2025-12-03T08:59:12.981513,2512,0,0,-0.95,-0.16,-0.17,-71.34,-137.2,-26.01,-47.04,21.92,0,0,0,70409,851.51,23.64,-0.37,0,0,0,0,-55,-0.45,-8.64,BEACON,"{""record_number"": 2512, ""operation_mode"": 0, ""state"": 0, ""battery_voltage"": 0, ""wifi_rssi"": -55, ""acc_data"": {""ax"": -0.95, ""ay"": -0.16, ""az"": -0.17, ""pitch"": -71.34, ""roll"": -137.2}, ""gyro_data"": {""gx"": -26.01, ""gy"": -47.04, ""gz"": 21.92}, ""gps_data"": {""latitude"": 0, ""longitude"": 0, ""gps_altitude"": 0, ""time"": 70409}, ""alt_data"": {""pressure"": 851.51, ""temperature"": 23.64, ""AGL"": -0.37, ""velocity"": 0, ""kalman_altitude"": -0.45, ""kalman_vertical_velocity"": -8.64}, ""chute_state"": {""pyro1_state"": 0, ""pyro2_state"": 0}, ""connection_status"": {""connected"": true, ""has_ever_connected"": true, ""packet_age_ms"": 0, ""timeout_exceeded"": false, ""rssi"": -55}, ""communication_mode"": ""BEACON"", ""timestamp"": 180031, ""packets_received"": 558, ""kalman_data"": {""altitude"": -0.45, ""vertical_velocity"": -8.64}, ""kalman_altitude"": -0.45, ""kalman_vertical_velocity"": -8.64, ""pyroDrogue"": 0, ""pyroMain"": 0, ""pyro1_state"": 0, ""pyro2_state"": 0}"
1764741553.0419,2025-12-03T08:59:13.041900,2517,0,0,-0.91,-0.1,-0.12,-65.29,-138.6,-15.06,5.43,7.16,0,0,0,70610,851.52,23.64,-0.48,0,0,0,0,-56,-0.48,-8.67,BEACON,"{""record_number"": 2517, ""operation_mode"": 0, ""state"": 0, ""battery_voltage"": 0, ""wifi_rssi"": -56, ""acc_data"": {""ax"": -0.91, ""ay"": -0.1, ""az"": -0.12, ""pitch"": -65.29, ""roll"": -138.6}, ""gyro_data"": {""gx"": -15.06, ""gy"": 5.43, ""gz"": 7.16}, ""gps_data"": {""latitude"": 0, ""longitude"": 0, ""gps_altitude"": 0, ""time"": 70610}, ""alt_data"": {""pressure"": 851.52, ""temperature"": 23.64, ""AGL"": -0.48, ""velocity"": 0, ""kalman_altitude"": -0.48, ""kalman_vertical_velocity"": -8.67}, ""chute_state"": {""pyro1_state"": 0, ""pyro2_state"": 0}, ""connection_status"": {""connected"": true, ""has_ever_connected"": true, ""packet_age_ms"": 0, ""timeout_exceeded"": false, ""rssi"": -56}, ""communication_mode"": ""BEACON"", ""timestamp"": 180143, ""packets_received"": 559, ""kalman_data"": {""altitude"": -0.48, ""vertical_velocity"": -8.67}, ""kalman_altitude"": -0.48, ""kalman_vertical_velocity"": -8.67, ""pyroDrogue"": 0, ""pyroMain"": 0, ""pyro1_state"": 0, ""pyro2_state"": 0}"
1764741553.1421,2025-12-03T08:59:13.142100,2521,0,0,-0.93,-0.12,-0.15,-68.95,-141.78,-19.05,-9.73,9.7,0,0,0,70610,851.5,23.62,-0.28,0,0,0,0,-58,-0.31,-8.61,BEACON,"{""record_number"": 2521, ""operation_mode"": 0, ""state"": 0, ""battery_voltage"": 0, ""wifi_rssi"": -58, ""acc_data"": {""ax"": -0.93, ""ay"": -0.12, ""az"": -0.15, ""pitch"": -68.95, ""roll"": -141.78}, ""gyro_data"": {""gx"": -19.05, ""gy"": -9.73, ""gz"": 9.7}, ""gps_data"": {""latitude"": 0, ""longitude"": 0, ""gps_altitude"": 0, ""time"": 70610}, ""alt_data"": {""pressure"": 851.5, ""temperature"": 23.62, ""AGL"": -0.28, ""velocity"": 0, ""kalman_altitude"": -0.31, ""kalman_vertical_velocity"": -8.61}, ""chute_state"": {""pyro1_state"": 0, ""pyro2_state"": 0}, ""connection_status"": {""connected"": true, ""has_ever_connected"": true, ""packet_age_ms"": 0, ""timeout_exceeded"": false, ""rssi"": -58}, ""communication_mode"": ""BEACON"", ""timestamp"": 180256, ""packets_received"": 560, ""kalman_data"": {""altitude"": -0.31, ""vertical_velocity"": -8.61}, ""kalman_altitude"": -0.31, ""kalman_vertical_velocity"": -8.61, ""pyroDrogue"": 0, ""pyroMain"": 0, ""pyro1_state"": 0, ""pyro2_state"": 0}"
1764741553.271245,2025-12-03T08:59:13.271245,2525,0,0,-0.94,-0.11,-0.11,-69.99,-134.42,-33.08,-59.94,31.52,0,0,0,70814,851.55,23.64,-0.81,0,0,0,0,-58,-0.7,-8.84,BEACON,"{""record_number"": 2525, ""operation_mode"": 0, ""state"": 0, ""battery_voltage"": 0, ""wifi_rssi"": -58, ""acc_data"": {""ax"": -0.94, ""ay"": -0.11, ""az"": -0.11, ""pitch"": -69.99, ""roll"": -134.42}, ""gyro_data"": {""gx"": -33.08, ""gy"": -59.94, ""gz"": 31.52}, ""gps_data"": {""latitude"": 0, ""longitude"": 0, ""gps_altitude"": 0, ""time"": 70814}, ""alt_data"": {""pressure"": 851.55, ""temperature"": 23.64, ""AGL"": -0.81, ""velocity"": 0, ""kalman_altitude"": -0.7, ""kalman_vertical_velocity"": -8.84}, ""chute_state"": {""pyro1_state"": 0, ""pyro2_state"": 0}, ""connection_status"": {""connected"": true, ""has_ever_connected"": true, ""packet_age_ms"": 0, ""timeout_exceeded"": false, ""rssi"": -58}, ""communication_mode"": ""BEACON"", ""timestamp"": 180369, ""packets_received"": 561, ""kalman_data"": {""altitude"": -0.7, ""vertical_velocity"": -8.84}, ""kalman_altitude"": -0.7, ""kalman_vertical_velocity"": -8.84, ""pyroDrogue"": 0, ""pyroMain"": 0, ""pyro1_state"": 0, ""pyro2_state"": 0}"
1764741553.415617,2025-12-03T08:59:13.415617,2529,0,0,-0.91,-0.09,-0.08,-65.96,-133.47,-28.48,12.04,7.5,0,0,0,71015,851.52,23.64,-0.55,0,0,0,0,-65,-0.6,-8.8,BEACON,"{""record_number"": 2529, ""operation_mode"": 0, ""state"": 0, ""battery_voltage"": 0, ""wifi_rssi"": -65, ""acc_data"": {""ax"": -0.91, ""ay"": -0.09, ""az"": -0.08, ""pitch"": -65.96, ""roll"": -133.47}, ""gyro_data"": {""gx"": -28.48, ""gy"": 12.04, ""gz"": 7.5}, ""gps_data"": {""latitude"": 0, ""longitude"": 0, ""gps_altitude"": 0, ""time"": 71015}, ""alt_data"": {""pressure"": 851.52, ""temperature"": 23.64, ""AGL"": -0.55, ""velocity"": 0, ""kalman_altitude"": -0.6, ""kalman_vertical_velocity"": -8.8}, ""chute_state"": {""pyro1_state"": 0, ""pyro2_state"": 0}, ""connection_status"": {""connected"": true, ""has_ever_connected"": true, ""packet_age_ms"": 0, ""timeout_exceeded"": false, ""rssi"": -65}, ""communication_mode"": ""BEACON"", ""timestamp"": 180482, ""packets_received"": 562, ""kalman_data"": {""altitude"": -0.6, ""vertical_velocity"": -8.8}, ""kalman_altitude"": -0.6, ""kalman_vertical_velocity"": -8.8, ""pyroDrogue"": 0, ""pyroMain"": 0, ""pyro1_state"": 0, ""pyro2_state"": 0}"
1764741553.533764,2025-12-03T08:59:13.533764,2534,0,0,-0.92,-0.08,-0.08,-68.8,-133.53,-25.3,-6.89,8.78,0,0,0,71015,851.51,23.64,-0.37,0,0,0,0,-62,-0.47,-8.76,BEACON,"{""record_number"": 2534, ""operation_mode"": 0, ""state"": 0, ""battery_voltage"": 0, ""wifi_rssi"": -62, ""acc_data"": {""ax"": -0.92, ""ay"": -0.08, ""az"": -0.08, ""pitch"": -68.8, ""roll"": -133.53}, ""gyro_data"": {""gx"": -25.3, ""gy"": -6.89, ""gz"": 8.78}, ""gps_data"": {""latitude"": 0, ""longitude"": 0, ""gps_altitude"": 0, ""time"": 71015}, ""alt_data"": {""pressure"": 851.51, ""temperature"": 23.64, ""AGL"": -0.37, ""velocity"": 0, ""kalman_altitude"": -0.47, ""kalman_vertical_velocity"": -8.76}, ""chute_state"": {""pyro1_state"": 0, ""pyro2_state"": 0}, ""connection_status"": {""connected"": true, ""has_ever_connected"": true, ""packet_age_ms"": 0, ""timeout_exceeded"": false, ""rssi"": -62}, ""communication_mode"": ""BEACON"", ""timestamp"": 180594, ""packets_received"": 563, ""kalman_data"": {""altitude"": -0.47, ""vertical_velocity"": -8.76}, ""kalman_altitude"": -0.47, ""kalman_vertical_velocity"": -8.76, ""pyroDrogue"": 0, ""pyroMain"": 0, ""pyro1_state"": 0, ""pyro2_state"": 0}"
1764741553.607272,2025-12-03T08:59:13.607272,2538,0,0,-0.94,-0.07,-0.07,-69.35,-140.11,-20.64,24.12,-4.82,0,0,0,71215,851.51,23.64,-0.45,0,0,0,0,-57,-0.46,-8.76,BEACON,"{""record_number"": 2538, ""operation_mode"": 0, ""state"": 0, ""battery_voltage"": 0, ""wifi_rssi"": -57, ""acc_data"": {""ax"": -0.94, ""ay"": -0.07, ""az"": -0.07, ""pitch"": -69.35, ""roll"": -140.11}, ""gyro_data"": {""gx"": -20.64, ""gy"": 24.12, ""gz"": -4.82}, ""gps_data"": {""latitude"": 0, ""longitude"": 0, ""gps_altitude"": 0, ""time"": 71215}, ""alt_data"": {""pressure"": 851.51, ""temperature"": 23.64, ""AGL"": -0.45, ""velocity"": 0, ""kalman_altitude"": -0.46, ""kalman_vertical_velocity"": -8.76}, ""chute_state"": {""pyro1_state"": 0, ""pyro2_state"": 0}, ""connection_status"": {""connected"": true, ""has_ever_connected"": true, ""packet_age_ms"": 0, ""timeout_exceeded"": false, ""rssi"": -57}, ""communication_mode"": ""BEACON"", ""timestamp"": 180707, ""packets_received"": 564, ""kalman_data"": {""altitude"": -0.46, ""vertical_velocity"": -8.76}, ""kalman_altitude"": -0.46, ""kalman_vertical_velocity"": -8.76, ""pyroDrogue"": 0, ""pyroMain"": 0, ""pyro1_state"": 0, ""pyro2_state"": 0}"
1764741553.71256,2025-12-03T08:59:13.712560,2542,0,0,-0.94,-0.07,-0.1,-69.59,-141.33,-22.59,-38.57,21.46,0,0,0,71215,851.53,23.64,-0.6,0,0,0,0,-57,-0.57,-8.84,BEACON,"{""record_number"": 2542, ""operation_mode"": 0, ""state"": 0, ""battery_voltage"": 0, ""wifi_rssi"": -57, ""acc_data"": {""ax"": -0.94, ""ay"": -0.07, ""az"": -0.1, ""pitch"": -69.59, ""roll"": -141.33}, ""gyro_data"": {""gx"": -22.59, ""gy"": -38.57, ""gz"": 21.46}, ""gps_data"": {""latitude"": 0, ""longitude"": 0, ""gps_altitude"": 0, ""time"": 71215}, ""alt_data"": {""pressure"": 851.53, ""temperature"": 23.64, ""AGL"": -0.6, ""velocity"": 0, ""kalman_altitude"": -0.57, ""kalman_vertical_velocity"": -8.84}, ""chute_state"": {""pyro1_state"": 0, ""pyro2_state"": 0}, ""connection_status"": {""connected"": true, ""has_ever_connected"": true, ""packet_age_ms"": 1, ""timeout_exceeded"": false, ""rssi"": -57}, ""communication_mode"": ""BEACON"", ""timestamp"": 180821, ""packets_received"": 565, ""kalman_data"": {""altitude"": -0.57, ""vertical_velocity"": -8.84}, ""kalman_altitude"": -0.57, ""kalman_vertical_velocity"": -8.84, ""pyroDrogue"": 0, ""pyroMain"": 0, ""pyro1_state"": 0, ""pyro2_state"": 0}"
1764741553.797967,2025-12-03T08:59:13.797967,2547,0,0,-0.92,-0.03,-0.06,-67.23,-153.32,-32.96,-12.87,11.43,0,0,0,71414,851.53,23.64,-0.62,0,0,0,0,-57,-0.66,-8.92,BEACON,"{""record_number"": 2547, ""operation_mode"": 0, ""state"": 0, ""battery_voltage"": 0, ""wifi_rssi"": -57, ""acc_data"": {""ax"": -0.92, ""ay"": -0.03, ""az"": -0.06, ""pitch"": -67.23, ""roll"": -153.32}, ""gyro_data"": {""gx"": -32.96, ""gy"": -12.87, ""gz"": 11.43}, ""gps_data"": {""latitude"": 0, ""longitude"": 0, ""gps_altitude"": 0, ""time"": 71414}, ""alt_data"": {""pressure"": 851.53, ""temperature"": 23.64, ""AGL"": -0.62, ""velocity"": 0, ""kalman_altitude"": -0.66, ""kalman_vertical_velocity"": -8.92}, ""chute_state"": {""pyro1_state"": 0, ""pyro2_state"": 0}, ""connection_status"": {""connected"": true, ""has_ever_connected"": true, ""packet_age_ms"": 0, ""timeout_exceeded"": false, ""rssi"": -57}, ""communication_mode"": ""BEACON"", ""timestamp"": 180933, ""packets_received"": 566, ""kalman_data"": {""altitude"": -0.66, ""vertical_velocity"": -8.92}, ""kalman_altitude"": -0.66, ""kalman_vertical_velocity"": -8.92, ""pyroDrogue"": 0, ""pyroMain"": 0, ""pyro1_state"": 0, ""pyro2_state"": 0}"
1764741553.888612,2025-12-03T08:59:13.888612,2551,0,0,-0.94,-0.06,-0.05,-69.51,-122.5,-27.47,-9.79,-2.38,0,0,0,71414,851.5,23.62,-0.35,0,0,0,0,-57,-0.43,-8.8,BEACON,"{""record_number"": 2551, ""operation_mode"": 0, ""state"": 0, ""battery_voltage"": 0, ""wifi_rssi"": -57, ""acc_data"": {""ax"": -0.94, ""ay"": -0.06, ""az"": -0.05, ""pitch"": -69.51, ""roll"": -122.5}, ""gyro_data"": {""gx"": -27.47, ""gy"": -9.79, ""gz"": -2.38}, ""gps_data"": {""latitude"": 0, ""longitude"": 0, ""gps_altitude"": 0, ""time"": 71414}, ""alt_data"": {""pressure"": 851.5, ""temperature"": 23.62, ""AGL"": -0.35, ""velocity"": 0, ""kalman_altitude"": -0.43, ""kalman_vertical_velocity"": -8.8}, ""chute_state"": {""pyro1_state"": 0, ""pyro2_state"": 0}, ""connection_status"": {""connected"": true, ""has_ever_connected"": true, ""packet_age_ms"": 1, ""timeout_exceeded"": false, ""rssi"": -57}, ""communication_mode"": ""BEACON"", ""timestamp"": 181046, ""packets_received"": 567, ""kalman_data"": {""altitude"": -0.43, ""vertical_velocity"": -8.8}, ""kalman_altitude"": -0.43, ""kalman_vertical_velocity"": -8.8, ""pyroDrogue"": 0, ""pyroMain"": 0, ""pyro1_state"": 0, ""pyro2_state"": 0}"
1764741553.973683,2025-12-03T08:59:13.973683,2555,0,0,-0.98,-0.05,-0.07,-78.98,-151.68,-35.61,-129.02,22.74,0,0,0,71616,851.54,23.64,-0.66,0,0,0,0,-58,-0.61,-8.92,BEACON,"{""record_number"": 2555, ""operation_mode"": 0, ""state"": 0, ""battery_voltage"": 0, ""wifi_rssi"": -58, ""acc_data"": {""ax"": -0.98, ""ay"": -0.05, ""az"": -0.07, ""pitch"": -78.98, ""roll"": -151.68}, ""gyro_data"": {""gx"": -35.61, ""gy"": -129.02, ""gz"": 22.74}, ""gps_data"": {""latitude"": 0, ""longitude"": 0, ""gps_altitude"": 0, ""time"": 71616}, ""alt_data"": {""pressure"": 851.54, ""temperature"": 23.64, ""AGL"": -0.66, ""velocity"": 0, ""kalman_altitude"": -0.61, ""kalman_vertical_velocity"": -8.92}, ""chute_state"": {""pyro1_state"": 0, ""pyro2_state"": 0}, ""connection_status"": {""connected"": true, ""has_ever_connected"": true, ""packet_age_ms"": 1, ""timeout_exceeded"": false, ""rssi"": -58}, ""communication_mode"": ""BEACON"", ""timestamp"": 181159, ""packets_received"": 568, ""kalman_data"": {""altitude"": -0.61, ""vertical_velocity"": -8.92}, ""kalman_altitude"": -0.61, ""kalman_vertical_velocity"": -8.92, ""pyroDrogue"": 0, ""pyroMain"": 0, ""pyro1_state"": 0, ""pyro2_state"": 0}"
1764741554.04648,2025-12-03T08:59:14.046480,2560,0,0,-0.92,-0.02,0.05,-67.38,-34.62,-62.47,-142.32,15.18,0,0,0,71616,851.49,23.62,-0.17,0,0,0,0,-60,-0.35,-8.79,BEACON,"{""record_number"": 2560, ""operation_mode"": 0, ""state"": 0, ""battery_voltage"": 0, ""wifi_rssi"": -60, ""acc_data"": {""ax"": -0.92, ""ay"": -0.02, ""az"": 0.05, ""pitch"": -67.38, ""roll"": -34.62}, ""gyro_data"": {""gx"": -62.47, ""gy"": -142.32, ""gz"": 15.18}, ""gps_data"": {""latitude"": 0, ""longitude"": 0, ""gps_altitude"": 0, ""time"": 71616}, ""alt_data"": {""pressure"": 851.49, ""temperature"": 23.62, ""AGL"": -0.17, ""velocity"": 0, ""kalman_altitude"": -0.35, ""kalman_vertical_velocity"": -8.79}, ""chute_state"": {""pyro1_state"": 0, ""pyro2_state"": 0}, ""connection_status"": {""connected"": true, ""has_ever_connected"": true, ""packet_age_ms"": 0, ""timeout_exceeded"": false, ""rssi"": -60}, ""communication_mode"": ""BEACON"", ""timestamp"": 181272, ""packets_received"": 569, ""kalman_data"": {""altitude"": -0.35, ""vertical_velocity"": -8.79}, ""kalman_altitude"": -0.35, ""kalman_vertical_velocity"": -8.79, ""pyroDrogue"": 0, ""pyroMain"": 0, ""pyro1_state"": 0, ""pyro2_state"": 0}"
1764741554.113229,2025-12-03T08:59:14.113229,2564,0,0,-0.91,-0.05,0.08,-62.67,-2.52,-36.71,-16.74,-9.63,0,0,0,71820,851.53,23.64,-0.59,0,0,0,0,-60,-0.54,-8.9,BEACON,"{""record_number"": 2564, ""operation_mode"": 0, ""state"": 0, ""battery_voltage"": 0, ""wifi_rssi"": -60, ""acc_data"": {""ax"": -0.91, ""ay"": -0.05, ""az"": 0.08, ""pitch"": -62.67, ""roll"": -2.52}, ""gyro_data"": {""gx"": -36.71, ""gy"": -16.74, ""gz"": -9.63}, ""gps_data"": {""latitude"": 0, ""longitude"": 0, ""gps_altitude"": 0, ""time"": 71820}, ""alt_data"": {""pressure"": 851.53, ""temperature"": 23.64, ""AGL"": -0.59, ""velocity"": 0, ""kalman_altitude"": -0.54, ""kalman_vertical_velocity"": -8.9}, ""chute_state"": {""pyro1_state"": 0, ""pyro2_state"": 0}, ""connection_status"": {""connected"": true, ""has_ever_connected"": true, ""packet_age_ms"": 0, ""timeout_exceeded"": false, ""rssi"": -60}, ""communication_mode"": ""BEACON"", ""timestamp"": 181384, ""packets_received"": 570, ""kalman_data"": {""altitude"": -0.54, ""vertical_velocity"": -8.9}, ""kalman_altitude"": -0.54, ""kalman_vertical_velocity"": -8.9, ""pyroDrogue"": 0, ""pyroMain"": 0, ""pyro1_state"": 0, ""pyro2_state"": 0}"
1764741554.215387,2025-12-03T08:59:14.215387,2568,0,0,-0.94,-0.04,0.12,-71.6,-18.78,-43.41,-33.93,-8.99,0,0,0,72019,851.52,23.63,-0.54,0,0,0,0,-64,-0.55,-8.92,BEACON,"{""record_number"": 2568, ""operation_mode"": 0, ""state"": 0, ""battery_voltage"": 0, ""wifi_rssi"": -64, ""acc_data"": {""ax"": -0.94, ""ay"": -0.04, ""az"": 0.12, ""pitch"": -71.6, ""roll"": -18.78}, ""gyro_data"": {""gx"": -43.41, ""gy"": -33.93, ""gz"": -8.99}, ""gps_data"": {""latitude"": 0, ""longitude"": 0, ""gps_altitude"": 0, ""time"": 72019}, ""alt_data"": {""pressure"": 851.52, ""temperature"": 23.63, ""AGL"": -0.54, ""velocity"": 0, ""kalman_altitude"": -0.55, ""kalman_vertical_velocity"": -8.92}, ""chute_state"": {""pyro1_state"": 0, ""pyro2_state"": 0}, ""connection_status"": {""connected"": true, ""has_ever_connected"": true, ""packet_age_ms"": 0, ""timeout_exceeded"": false, ""rssi"": -64}, ""communication_mode"": ""BEACON"", ""timestamp"": 181499, ""packets_received"": 571, ""kalman_data"": {""altitude"": -0.55, ""vertical_velocity"": -8.92}, ""kalman_altitude"": -0.55, ""kalman_vertical_velocity"": -8.92, ""pyroDrogue"": 0, ""pyroMain"": 0, ""pyro1_state"": 0, ""pyro2_state"": 0}"
1764741554.27799,2025-12-03T08:59:14.277990,2572,0,0,-0.94,-0.05,0.14,-70.91,-28.07,-27.99,-10.12,-19.05,0,0,0,72019,851.55,23.64,-0.81,0,0,0,0,-65,-0.91,-9.13,BEACON,"{""record_number"": 2572, ""operation_mode"": 0, ""state"": 0, ""battery_voltage"": 0, ""wifi_rssi"": -65, ""acc_data"": {""ax"": -0.94, ""ay"": -0.05, ""az"": 0.14, ""pitch"": -70.91, ""roll"": -28.07}, ""gyro_data"": {""gx"": -27.99, ""gy"": -10.12, ""gz"": -19.05}, ""gps_data"": {""latitude"": 0, ""longitude"": 0, ""gps_altitude"": 0, ""time"": 72019}, ""alt_data"": {""pressure"": 851.55, ""temperature"": 23.64, ""AGL"": -0.81, ""velocity"": 0, ""kalman_altitude"": -0.91, ""kalman_vertical_velocity"": -9.13}, ""chute_state"": {""pyro1_state"": 0, ""pyro2_state"": 0}, ""connection_status"": {""connected"": true, ""has_ever_connected"": true, ""packet_age_ms"": 0, ""timeout_exceeded"": false, ""rssi"": -65}, ""communication_mode"": ""BEACON"", ""timestamp"": 181610, ""packets_received"": 572, ""kalman_data"": {""altitude"": -0.91, ""vertical_velocity"": -9.13}, ""kalman_altitude"": -0.91, ""kalman_vertical_velocity"": -9.13, ""pyroDrogue"": 0, ""pyroMain"": 0, ""pyro1_state"": 0, ""pyro2_state"": 0}"
1764741554.357781,2025-12-03T08:59:14.357781,2577,0,0,-0.96,-0.05,0.1,-73.17,-30.34,-7.41,-21.31,-1.89,0,0,0,72220,851.54,23.63,-0.72,0,0,0,0,-62,-0.77,-9.06,BEACON,"{""record_number"": 2577, ""operation_mode"": 0, ""state"": 0, ""battery_voltage"": 0, ""wifi_rssi"": -62, ""acc_data"": {""ax"": -0.96, ""ay"": -0.05, ""az"": 0.1, ""pitch"": -73.17, ""roll"": -30.34}, ""gyro_data"": {""gx"": -7.41, ""gy"": -21.31, ""gz"": -1.89}, ""gps_data"": {""latitude"": 0, ""longitude"": 0, ""gps_altitude"": 0, ""time"": 72220}, ""alt_data"": {""pressure"": 851.54, ""temperature"": 23.63, ""AGL"": -0.72, ""velocity"": 0, ""kalman_altitude"": -0.77, ""kalman_vertical_velocity"": -9.06}, ""chute_state"": {""pyro1_state"": 0, ""pyro2_state"": 0}, ""connection_status"": {""connected"": true, ""has_ever_connected"": true, ""packet_age_ms"": 0, ""timeout_exceeded"": false, ""rssi"": -62}, ""communication_mode"": ""BEACON"", ""timestamp"": 181722, ""packets_received"": 573, ""kalman_data"": {""altitude"": -0.77, ""vertical_velocity"": -9.06}, ""kalman_altitude"": -0.77, ""kalman_vertical_velocity"": -9.06, ""pyroDrogue"": 0, ""pyroMain"": 0, ""pyro1_state"": 0, ""pyro2_state"": 0}"
1764741554.408689,2025-12-03T08:59:14.408689,2581,0,0,-0.92,-0.05,0.14,-67.89,-21.56,-13.48,-143.66,25.27,0,0,0,72220,851.52,23.63,-0.47,0,0,0,0,-63,-0.55,-8.95,BEACON,"{""record_number"": 2581, ""operation_mode"": 0, ""state"": 0, ""battery_voltage"": 0, ""wifi_rssi"": -63, ""acc_data"": {""ax"": -0.92, ""ay"": -0.05, ""az"": 0.14, ""pitch"": -67.89, ""roll"": -21.56}, ""gyro_data"": {""gx"": -13.48, ""gy"": -143.66, ""gz"": 25.27}, ""gps_data"": {""latitude"": 0, ""longitude"": 0, ""gps_altitude"": 0, ""time"": 72220}, ""alt_data"": {""pressure"": 851.52, ""temperature"": 23.63, ""AGL"": -0.47, ""velocity"": 0, ""kalman_altitude"": -0.55, ""kalman_vertical_velocity"": -8.95}, ""chute_state"": {""pyro1_state"": 0, ""pyro2_state"": 0}, ""connection_status"": {""connected"": true, ""has_ever_connected"": true, ""packet_age_ms"": 0, ""timeout_exceeded"": false, ""rssi"": -63}, ""communication_mode"": ""BEACON"", ""timestamp"": 181835, ""packets_received"": 574, ""kalman_data"": {""altitude"": -0.55, ""vertical_velocity"": -8.95}, ""kalman_altitude"": -0.55, ""kalman_vertical_velocity"": -8.95, ""pyroDrogue"": 0, ""pyroMain"": 0, ""pyro1_state"": 0, ""pyro2_state"": 0}"
1764741554.518009,2025-12-03T08:59:14.518009,2585,0,0,-0.92,0,0.17,-67.3,-1.89,-8.41,-39.36,-3.17,0,0,0,72420,851.52,23.63,-0.47,0,0,0,0,-66,-0.42,-8.89,BEACON,"{""record_number"": 2585, ""operation_mode"": 0, ""state"": 0, ""battery_voltage"": 0, ""wifi_rssi"": -66, ""acc_data"": {""ax"": -0.92, ""ay"": 0, ""az"": 0.17, ""pitch"": -67.3, ""roll"": -1.89}, ""gyro_data"": {""gx"": -8.41, ""gy"": -39.36, ""gz"": -3.17}, ""gps_data"": {""latitude"": 0, ""longitude"": 0, ""gps_altitude"": 0, ""time"": 72420}, ""alt_data"": {""pressure"": 851.52, ""temperature"": 23.63, ""AGL"": -0.47, ""velocity"": 0, ""kalman_altitude"": -0.42, ""kalman_vertical_velocity"": -8.89}, ""chute_state"": {""pyro1_state"": 0, ""pyro2_state"": 0}, ""connection_status"": {""connected"": true, ""has_ever_connected"": true, ""packet_age_ms"": 0, ""timeout_exceeded"": false, ""rssi"": -66}, ""communication_mode"": ""BEACON"", ""timestamp"": 181948, ""packets_received"": 575, ""kalman_data"": {""altitude"": -0.42, ""vertical_velocity"": -8.89}, ""kalman_altitude"": -0.42, ""kalman_vertical_velocity"": -8.89, ""pyroDrogue"": 0, ""pyroMain"": 0, ""pyro1_state"": 0, ""pyro2_state"": 0}"
1764741554.582101,2025-12-03T08:59:14.582101,2590,0,0,-0.91,-0.02,0.15,-66.17,-13.85,-3.63,106.86,-58.08,0,0,0,72420,851.55,23.64,-0.77,0,0,0,0,-65,-0.69,-9.05,BEACON,"{""record_number"": 2590, ""operation_mode"": 0, ""state"": 0, ""battery_voltage"": 0, ""wifi_rssi"": -65, ""acc_data"": {""ax"": -0.91, ""ay"": -0.02, ""az"": 0.15, ""pitch"": -66.17, ""roll"": -13.85}, ""gyro_data"": {""gx"": -3.63, ""gy"": 106.86, ""gz"": -58.08}, ""gps_data"": {""latitude"": 0, ""longitude"": 0, ""gps_altitude"": 0, ""time"": 72420}, ""alt_data"": {""pressure"": 851.55, ""temperature"": 23.64, ""AGL"": -0.77, ""velocity"": 0, ""kalman_altitude"": -0.69, ""kalman_vertical_velocity"": -9.05}, ""chute_state"": {""pyro1_state"": 0, ""pyro2_state"": 0}, ""connection_status"": {""connected"": true, ""has_ever_connected"": true, ""packet_age_ms"": 0, ""timeout_exceeded"": false, ""rssi"": -65}, ""communication_mode"": ""BEACON"", ""timestamp"": 182062, ""packets_received"": 576, ""kalman_data"": {""altitude"": -0.69, ""vertical_velocity"": -9.05}, ""kalman_altitude"": -0.69, ""kalman_vertical_velocity"": -9.05, ""pyroDrogue"": 0, ""pyroMain"": 0, ""pyro1_state"": 0, ""pyro2_state"": 0}"
1764741554.69703,2025-12-03T08:59:14.697030,2594,0,0,-0.88,-0.05,0.09,-64.82,-37.13,6.13,-14.88,-20.24,0,0,0,72621,851.52,23.62,-0.46,0,0,0,0,-63,-0.52,-8.96,BEACON,"{""record_number"": 2594, ""operation_mode"": 0, ""state"": 0, ""battery_voltage"": 0, ""wifi_rssi"": -63, ""acc_data"": {""ax"": -0.88, ""ay"": -0.05, ""az"": 0.09, ""pitch"": -64.82, ""roll"": -37.13}, ""gyro_data"": {""gx"": 6.13, ""gy"": -14.88, ""gz"": -20.24}, ""gps_data"": {""latitude"": 0, ""longitude"": 0, ""gps_altitude"": 0, ""time"": 72621}, ""alt_data"": {""pressure"": 851.52, ""temperature"": 23.62, ""AGL"": -0.46, ""velocity"": 0, ""kalman_altitude"": -0.52, ""kalman_vertical_velocity"": -8.96}, ""chute_state"": {""pyro1_state"": 0, ""pyro2_state"": 0}, ""connection_status"": {""connected"": true, ""has_ever_connected"": true, ""packet_age_ms"": 0, ""timeout_exceeded"": false, ""rssi"": -63}, ""communication_mode"": ""BEACON"", ""timestamp"": 182174, ""packets_received"": 577, ""kalman_data"": {""altitude"": -0.52, ""vertical_velocity"": -8.96}, ""kalman_altitude"": -0.52, ""kalman_vertical_velocity"": -8.96, ""pyroDrogue"": 0, ""pyroMain"": 0, ""pyro1_state"": 0, ""pyro2_state"": 0}"
1764741554.736554,2025-12-03T08:59:14.736554,2598,0,0,-1.03,-0.04,0.1,-82.22,-13.98,-23.84,-194.09,13.11,0,0,0,72621,851.53,23.63,-0.65,0,0,0,0,-64,-0.57,-9.01,BEACON,"{""record_number"": 2598, ""operation_mode"": 0, ""state"": 0, ""battery_voltage"": 0, ""wifi_rssi"": -64, ""acc_data"": {""ax"": -1.03, ""ay"": -0.04, ""az"": 0.1, ""pitch"": -82.22, ""roll"": -13.98}, ""gyro_data"": {""gx"": -23.84, ""gy"": -194.09, ""gz"": 13.11}, ""gps_data"": {""latitude"": 0, ""longitude"": 0, ""gps_altitude"": 0, ""time"": 72621}, ""alt_data"": {""pressure"": 851.53, ""temperature"": 23.63, ""AGL"": -0.65, ""velocity"": 0, ""kalman_altitude"": -0.57, ""kalman_vertical_velocity"": -9.01}, ""chute_state"": {""pyro1_state"": 0, ""pyro2_state"": 0}, ""connection_status"": {""connected"": true, ""has_ever_connected"": true, ""packet_age_ms"": 0, ""timeout_exceeded"": false, ""rssi"": -64}, ""communication_mode"": ""BEACON"", ""timestamp"": 182287, ""packets_received"": 578, ""kalman_data"": {""altitude"": -0.57, ""vertical_velocity"": -9.01}, ""kalman_altitude"": -0.57, ""kalman_vertical_velocity"": -9.01, ""pyroDrogue"": 0, ""pyroMain"": 0, ""pyro1_state"": 0, ""pyro2_state"": 0}"
1764741554.909803,2025-12-03T08:59:14.909803,2602,0,0,-0.88,-0.04,0.24,-61.77,-8.81,-70.7,-25.4,30.88,0,0,0,72826,851.53,23.62,-0.6,0,0,0,0,-65,-0.6,-9.03,BEACON,"{""record_number"": 2602, ""operation_mode"": 0, ""state"": 0, ""battery_voltage"": 0, ""wifi_rssi"": -65, ""acc_data"": {""ax"": -0.88, ""ay"": -0.04, ""az"": 0.24, ""pitch"": -61.77, ""roll"": -8.81}, ""gyro_data"": {""gx"": -70.7, ""gy"": -25.4, ""gz"": 30.88}, ""gps_data"": {""latitude"": 0, ""longitude"": 0, ""gps_altitude"": 0, ""time"": 72826}, ""alt_data"": {""pressure"": 851.53, ""temperature"": 23.62, ""AGL"": -0.6, ""velocity"": 0, ""kalman_altitude"": -0.6, ""kalman_vertical_velocity"": -9.03}, ""chute_state"": {""pyro1_state"": 0, ""pyro2_state"": 0}, ""connection_status"": {""connected"": true, ""has_ever_connected"": true, ""packet_age_ms"": 0, ""timeout_exceeded"": false, ""rssi"": -65}, ""communication_mode"": ""BEACON"", ""timestamp"": 182400, ""packets_received"": 579, ""kalman_data"": {""altitude"": -0.6, ""vertical_velocity"": -9.03}, ""kalman_altitude"": -0.6, ""kalman_vertical_velocity"": -9.03, ""pyroDrogue"": 0, ""pyroMain"": 0, ""pyro1_state"": 0, ""pyro2_state"": 0}"
1764741554.971065,2025-12-03T08:59:14.971065,2607,0,0,-0.83,-0.03,0.3,-58.3,-7.64,-81.28,-140.15,25.43,0,0,0,73026,851.49,23.62,-0.21,0,0,0,0,-62,-0.31,-8.87,BEACON,"{""record_number"": 2607, ""operation_mode"": 0, ""state"": 0, ""battery_voltage"": 0, ""wifi_rssi"": -62, ""acc_data"": {""ax"": -0.83, ""ay"": -0.03, ""az"": 0.3, ""pitch"": -58.3, ""roll"": -7.64}, ""gyro_data"": {""gx"": -81.28, ""gy"": -140.15, ""gz"": 25.43}, ""gps_data"": {""latitude"": 0, ""longitude"": 0, ""gps_altitude"": 0, ""time"": 73026}, ""alt_data"": {""pressure"": 851.49, ""temperature"": 23.62, ""AGL"": -0.21, ""velocity"": 0, ""kalman_altitude"": -0.31, ""kalman_vertical_velocity"": -8.87}, ""chute_state"": {""pyro1_state"": 0, ""pyro2_state"": 0}, ""connection_status"": {""connected"": true, ""has_ever_connected"": true, ""packet_age_ms"": 0, ""timeout_exceeded"": false, ""rssi"": -62}, ""communication_mode"": ""BEACON"", ""timestamp"": 182513, ""packets_received"": 580, ""kalman_data"": {""altitude"": -0.31, ""vertical_velocity"": -8.87}, ""kalman_altitude"": -0.31, ""kalman_vertical_velocity"": -8.87, ""pyroDrogue"": 0, ""pyroMain"": 0, ""pyro1_state"": 0, ""pyro2_state"": 0}"
1764741555.140681,2025-12-03T08:59:15.140681,2611,0,0,-0.96,-0.06,0.29,-73.17,-10.89,-41.07,-76.65,-17.84,0,0,0,73026,851.5,23.63,-0.33,0,0,0,0,-64,-0.45,-8.96,BEACON,"{""record_number"": 2611, ""operation_mode"": 0, ""state"": 0, ""battery_voltage"": 0, ""wifi_rssi"": -64, ""acc_data"": {""ax"": -0.96, ""ay"": -0.06, ""az"": 0.29, ""pitch"": -73.17, ""roll"": -10.89}, ""gyro_data"": {""gx"": -41.07, ""gy"": -76.65, ""gz"": -17.84}, ""gps_data"": {""latitude"": 0, ""longitude"": 0, ""gps_altitude"": 0, ""time"": 73026}, ""alt_data"": {""pressure"": 851.5, ""temperature"": 23.63, ""AGL"": -0.33, ""velocity"": 0, ""kalman_altitude"": -0.45, ""kalman_vertical_velocity"": -8.96}, ""chute_state"": {""pyro1_state"": 0, ""pyro2_state"": 0}, ""connection_status"": {""connected"": true, ""has_ever_connected"": true, ""packet_age_ms"": 0, ""timeout_exceeded"": false, ""rssi"": -64}, ""communication_mode"": ""BEACON"", ""timestamp"": 182626, ""packets_received"": 581, ""kalman_data"": {""altitude"": -0.45, ""vertical_velocity"": -8.96}, ""kalman_altitude"": -0.45, ""kalman_vertical_velocity"": -8.96, ""pyroDrogue"": 0, ""pyroMain"": 0, ""pyro1_state"": 0, ""pyro2_state"": 0}"
1764741555.225553,2025-12-03T08:59:15.225553,2615,0,0,-0.85,-0.06,0.3,-59.22,-11.78,-4.79,-36.65,-1.01,0,0,0,73226,851.52,23.63,-0.5,0,0,0,0,-69,-0.5,-8.99,BEACON,"{""record_number"": 2615, ""operation_mode"": 0, ""state"": 0, ""battery_voltage"": 0, ""wifi_rssi"": -69, ""acc_data"": {""ax"": -0.85, ""ay"": -0.06, ""az"": 0.3, ""pitch"": -59.22, ""roll"": -11.78}, ""gyro_data"": {""gx"": -4.79, ""gy"": -36.65, ""gz"": -1.01}, ""gps_data"": {""latitude"": 0, ""longitude"": 0, ""gps_altitude"": 0, ""time"": 73226}, ""alt_data"": {""pressure"": 851.52, ""temperature"": 23.63, ""AGL"": -0.5, ""velocity"": 0, ""kalman_altitude"": -0.5, ""kalman_vertical_velocity"": -8.99}, ""chute_state"": {""pyro1_state"": 0, ""pyro2_state"": 0}, ""connection_status"": {""connected"": true, ""has_ever_connected"": true, ""packet_age_ms"": 0, ""timeout_exceeded"": false, ""rssi"": -69}, ""communication_mode"": ""BEACON"", ""timestamp"": 182739, ""packets_received"": 582, ""kalman_data"": {""altitude"": -0.5, ""vertical_velocity"": -8.99}, ""kalman_altitude"": -0.5, ""kalman_vertical_velocity"": -8.99, ""pyroDrogue"": 0, ""pyroMain"": 0, ""pyro1_state"": 0, ""pyro2_state"": 0}"
1764741555.297821,2025-12-03T08:59:15.297821,2620,0,0,-0.92,-0.05,0.34,-66.03,-7.49,-42.26,-59.91,21.22,0,0,0,73226,851.53,23.64,-0.62,0,0,0,0,-64,-0.6,-9.04,BEACON,"{""record_number"": 2620, ""operation_mode"": 0, ""state"": 0, ""battery_voltage"": 0, ""wifi_rssi"": -64, ""acc_data"": {""ax"": -0.92, ""ay"": -0.05, ""az"": 0.34, ""pitch"": -66.03, ""roll"": -7.49}, ""gyro_data"": {""gx"": -42.26, ""gy"": -59.91, ""gz"": 21.22}, ""gps_data"": {""latitude"": 0, ""longitude"": 0, ""gps_altitude"": 0, ""time"": 73226}, ""alt_data"": {""pressure"": 851.53, ""temperature"": 23.64, ""AGL"": -0.62, ""velocity"": 0, ""kalman_altitude"": -0.6, ""kalman_vertical_velocity"": -9.04}, ""chute_state"": {""pyro1_state"": 0, ""pyro2_state"": 0}, ""connection_status"": {""connected"": true, ""has_ever_connected"": true, ""packet_age_ms"": 0, ""timeout_exceeded"": false, ""rssi"": -64}, ""communication_mode"": ""BEACON"", ""timestamp"": 182852, ""packets_received"": 583, ""kalman_data"": {""altitude"": -0.6, ""vertical_velocity"": -9.04}, ""kalman_altitude"": -0.6, ""kalman_vertical_velocity"": -9.04, ""pyroDrogue"": 0, ""pyroMain"": 0, ""pyro1_state"": 0, ""pyro2_state"": 0}"
1764741555.403458,2025-12-03T08:59:15.403458,2624,0,0,-0.88,-0.03,0.39,-61.3,-4.84,-76.25,-77.16,8.41,0,0,0,73426,851.54,23.63,-0.68,0,0,0,0,-67,-0.66,-9.07,BEACON,"{""record_number"": 2624, ""operation_mode"": 0, ""state"": 0, ""battery_voltage"": 0, ""wifi_rssi"": -67, ""acc_data"": {""ax"": -0.88, ""ay"": -0.03, ""az"": 0.39, ""pitch"": -61.3, ""roll"": -4.84}, ""gyro_data"": {""gx"": -76.25, ""gy"": -77.16, ""gz"": 8.41}, ""gps_data"": {""latitude"": 0, ""longitude"": 0, ""gps_altitude"": 0, ""time"": 73426}, ""alt_data"": {""pressure"": 851.54, ""temperature"": 23.63, ""AGL"": -0.68, ""velocity"": 0, ""kalman_altitude"": -0.66, ""kalman_vertical_velocity"": -9.07}, ""chute_state"": {""pyro1_state"": 0, ""pyro2_state"": 0}, ""connection_status"": {""connected"": true, ""has_ever_connected"": true, ""packet_age_ms"": 0, ""timeout_exceeded"": false, ""rssi"": -67}, ""communication_mode"": ""BEACON"", ""timestamp"": 182965, ""packets_received"": 584, ""kalman_data"": {""altitude"": -0.66, ""vertical_velocity"": -9.07}, ""kalman_altitude"": -0.66, ""kalman_vertical_velocity"": -9.07, ""pyroDrogue"": 0, ""pyroMain"": 0, ""pyro1_state"": 0, ""pyro2_state"": 0}"
1764741555.592049,2025-12-03T08:59:15.592049,2628,0,0,-0.9,-0.05,0.4,-65.83,-6.86,-74.33,-5.98,92.29,0,0,0,73426,851.49,23.62,-0.24,0,0,0,0,-69,-0.34,-8.91,BEACON,"{""record_number"": 2628, ""operation_mode"": 0, ""state"": 0, ""battery_voltage"": 0, ""wifi_rssi"": -69, ""acc_data"": {""ax"": -0.9, ""ay"": -0.05, ""az"": 0.4, ""pitch"": -65.83, ""roll"": -6.86}, ""gyro_data"": {""gx"": -74.33, ""gy"": -5.98, ""gz"": 92.29}, ""gps_data"": {""latitude"": 0, ""longitude"": 0, ""gps_altitude"": 0, ""time"": 73426}, ""alt_data"": {""pressure"": 851.49, ""temperature"": 23.62, ""AGL"": -0.24, ""velocity"": 0, ""kalman_altitude"": -0.34, ""kalman_vertical_velocity"": -8.91}, ""chute_state"": {""pyro1_state"": 0, ""pyro2_state"": 0}, ""connection_status"": {""connected"": true, ""has_ever_connected"": true, ""packet_age_ms"": 0, ""timeout_exceeded"": false, ""rssi"": -69}, ""communication_mode"": ""BEACON"", ""timestamp"": 183078, ""packets_received"": 585, ""kalman_data"": {""altitude"": -0.34, ""vertical_velocity"": -8.91}, ""kalman_altitude"": -0.34, ""kalman_vertical_velocity"": -8.91, ""pyroDrogue"": 0, ""pyroMain"": 0, ""pyro1_state"": 0, ""pyro2_state"": 0}"
1764741555.647751,2025-12-03T08:59:15.647751,2633,0,0,-0.86,-0.01,0.43,-57.98,-0.84,-114.18,-99.15,133.32,0,0,0,73628,851.5,23.62,-0.31,0,0,0,0,-67,-0.33,-8.9,BEACON,"{""record_number"": 2633, ""operation_mode"": 0, ""state"": 0, ""battery_voltage"": 0, ""wifi_rssi"": -67, ""acc_data"": {""ax"": -0.86, ""ay"": -0.01, ""az"": 0.43, ""pitch"": -57.98, ""roll"": -0.84}, ""gyro_data"": {""gx"": -114.18, ""gy"": -99.15, ""gz"": 133.32}, ""gps_data"": {""latitude"": 0, ""longitude"": 0, ""gps_altitude"": 0, ""time"": 73628}, ""alt_data"": {""pressure"": 851.5, ""temperature"": 23.62, ""AGL"": -0.31, ""velocity"": 0, ""kalman_altitude"": -0.33, ""kalman_vertical_velocity"": -8.9}, ""chute_state"": {""pyro1_state"": 0, ""pyro2_state"": 0}, ""connection_status"": {""connected"": true, ""has_ever_connected"": true, ""packet_age_ms"": 0, ""timeout_exceeded"": false, ""rssi"": -67}, ""communication_mode"": ""BEACON"", ""timestamp"": 183192, ""packets_received"": 586, ""kalman_data"": {""altitude"": -0.33, ""vertical_velocity"": -8.9}, ""kalman_altitude"": -0.33, ""kalman_vertical_velocity"": -8.9, ""pyroDrogue"": 0, ""pyroMain"": 0, ""pyro1_state"": 0, ""pyro2_state"": 0}"
1764741555.797074,2025-12-03T08:59:15.797074,2637,0,0,-0.84,0.03,0.41,-57.3,5.46,-110.06,33.11,166.55,0,0,0,73831,851.52,23.62,-0.46,0,0,0,0,-67,-0.52,-9,BEACON,"{""record_number"": 2637, ""operation_mode"": 0, ""state"": 0, ""battery_voltage"": 0, ""wifi_rssi"": -67, ""acc_data"": {""ax"": -0.84, ""ay"": 0.03, ""az"": 0.41, ""pitch"": -57.3, ""roll"": 5.46}, ""gyro_data"": {""gx"": -110.06, ""gy"": 33.11, ""gz"": 166.55}, ""gps_data"": {""latitude"": 0, ""longitude"": 0, ""gps_altitude"": 0, ""time"": 73831}, ""alt_data"": {""pressure"": 851.52, ""temperature"": 23.62, ""AGL"": -0.46, ""velocity"": 0, ""kalman_altitude"": -0.52, ""kalman_vertical_velocity"": -9}, ""chute_state"": {""pyro1_state"": 0, ""pyro2_state"": 0}, ""connection_status"": {""connected"": true, ""has_ever_connected"": true, ""packet_age_ms"": 1, ""timeout_exceeded"": false, ""rssi"": -67}, ""communication_mode"": ""BEACON"", ""timestamp"": 183305, ""packets_received"": 587, ""kalman_data"": {""altitude"": -0.52, ""vertical_velocity"": -9}, ""kalman_altitude"": -0.52, ""kalman_vertical_velocity"": -9, ""pyroDrogue"": 0, ""pyroMain"": 0, ""pyro1_state"": 0, ""pyro2_state"": 0}"
1764741555.853301,2025-12-03T08:59:15.853301,2641,0,0,-0.81,0.11,0.43,-56.74,17.61,-46.37,-4.82,111.74,0,0,0,73831,851.53,23.62,-0.63,0,0,0,0,-67,-0.62,-9.05,BEACON,"{""record_number"": 2641, ""operation_mode"": 0, ""state"": 0, ""battery_voltage"": 0, ""wifi_rssi"": -67, ""acc_data"": {""ax"": -0.81, ""ay"": 0.11, ""az"": 0.43, ""pitch"": -56.74, ""roll"": 17.61}, ""gyro_data"": {""gx"": -46.37, ""gy"": -4.82, ""gz"": 111.74}, ""gps_data"": {""latitude"": 0, ""longitude"": 0, ""gps_altitude"": 0, ""time"": 73831}, ""alt_data"": {""pressure"": 851.53, ""temperature"": 23.62, ""AGL"": -0.63, ""velocity"": 0, ""kalman_altitude"": -0.62, ""kalman_vertical_velocity"": -9.05}, ""chute_state"": {""pyro1_state"": 0, ""pyro2_state"": 0}, ""connection_status"": {""connected"": true, ""has_ever_connected"": true, ""packet_age_ms"": 0, ""timeout_exceeded"": false, ""rssi"": -67}, ""communication_mode"": ""BEACON"", ""timestamp"": 183419, ""packets_received"": 588, ""kalman_data"": {""altitude"": -0.62, ""vertical_velocity"": -9.05}, ""kalman_altitude"": -0.62, ""kalman_vertical_velocity"": -9.05, ""pyroDrogue"": 0, ""pyroMain"": 0, ""pyro1_state"": 0, ""pyro2_state"": 0}"
1764741556.017741,2025-12-03T08:59:16.017741,2646,0,0,-0.77,0.26,0.4,-50.73,32.34,-49.6,5.21,191.55,0,0,0,74031,851.53,23.63,-0.65,0,0,0,0,-75,-0.65,-9.07,BEACON,"{""record_number"": 2646, ""operation_mode"": 0, ""state"": 0, ""battery_voltage"": 0, ""wifi_rssi"": -75, ""acc_data"": {""ax"": -0.77, ""ay"": 0.26, ""az"": 0.4, ""pitch"": -50.73, ""roll"": 32.34}, ""gyro_data"": {""gx"": -49.6, ""gy"": 5.21, ""gz"": 191.55}, ""gps_data"": {""latitude"": 0, ""longitude"": 0, ""gps_altitude"": 0, ""time"": 74031}, ""alt_data"": {""pressure"": 851.53, ""temperature"": 23.63, ""AGL"": -0.65, ""velocity"": 0, ""kalman_altitude"": -0.65, ""kalman_vertical_velocity"": -9.07}, ""chute_state"": {""pyro1_state"": 0, ""pyro2_state"": 0}, ""connection_status"": {""connected"": true, ""has_ever_connected"": true, ""packet_age_ms"": 1, ""timeout_exceeded"": false, ""rssi"": -75}, ""communication_mode"": ""BEACON"", ""timestamp"": 183537, ""packets_received"": 589, ""kalman_data"": {""altitude"": -0.65, ""vertical_velocity"": -9.07}, ""kalman_altitude"": -0.65, ""kalman_vertical_velocity"": -9.07, ""pyroDrogue"": 0, ""pyroMain"": 0, ""pyro1_state"": 0, ""pyro2_state"": 0}"
1764741556.139663,2025-12-03T08:59:16.139663,2650,0,0,-0.75,0.29,0.44,-50.69,34.08,-56.01,72.2,139.7,0,0,0,74031,851.54,23.63,-0.72,0,0,0,0,-77,-0.73,-9.11,BEACON,"{""record_number"": 2650, ""operation_mode"": 0, ""state"": 0, ""battery_voltage"": 0, ""wifi_rssi"": -77, ""acc_data"": {""ax"": -0.75, ""ay"": 0.29, ""az"": 0.44, ""pitch"": -50.69, ""roll"": 34.08}, ""gyro_data"": {""gx"": -56.01, ""gy"": 72.2, ""gz"": 139.7}, ""gps_data"": {""latitude"": 0, ""longitude"": 0, ""gps_altitude"": 0, ""time"": 74031}, ""alt_data"": {""pressure"": 851.54, ""temperature"": 23.63, ""AGL"": -0.72, ""velocity"": 0, ""kalman_altitude"": -0.73, ""kalman_vertical_velocity"": -9.11}, ""chute_state"": {""pyro1_state"": 0, ""pyro2_state"": 0}, ""connection_status"": {""connected"": true, ""has_ever_connected"": true, ""packet_age_ms"": 0, ""timeout_exceeded"": false, ""rssi"": -77}, ""communication_mode"": ""BEACON"", ""timestamp"": 183645, ""packets_received"": 590, ""kalman_data"": {""altitude"": -0.73, ""vertical_velocity"": -9.11}, ""kalman_altitude"": -0.73, ""kalman_vertical_velocity"": -9.11, ""pyroDrogue"": 0, ""pyroMain"": 0, ""pyro1_state"": 0, ""pyro2_state"": 0}"
1764741556.193023,2025-12-03T08:59:16.193023,2654,0,0,-0.76,0.33,0.42,-50.51,39.54,-63.45,-15.64,68.38,0,0,0,74232,851.52,23.62,-0.46,0,0,0,0,-72,-0.53,-9,BEACON,"{""record_number"": 2654, ""operation_mode"": 0, ""state"": 0, ""battery_voltage"": 0, ""wifi_rssi"": -72, ""acc_data"": {""ax"": -0.76, ""ay"": 0.33, ""az"": 0.42, ""pitch"": -50.51, ""roll"": 39.54}, ""gyro_data"": {""gx"": -63.45, ""gy"": -15.64, ""gz"": 68.38}, ""gps_data"": {""latitude"": 0, ""longitude"": 0, ""gps_altitude"": 0, ""time"": 74232}, ""alt_data"": {""pressure"": 851.52, ""temperature"": 23.62, ""AGL"": -0.46, ""velocity"": 0, ""kalman_altitude"": -0.53, ""kalman_vertical_velocity"": -9}, ""chute_state"": {""pyro1_state"": 0, ""pyro2_state"": 0}, ""connection_status"": {""connected"": true, ""has_ever_connected"": true, ""packet_age_ms"": 0, ""timeout_exceeded"": false, ""rssi"": -72}, ""communication_mode"": ""BEACON"", ""timestamp"": 183759, ""packets_received"": 591, ""kalman_data"": {""altitude"": -0.53, ""vertical_velocity"": -9}, ""kalman_altitude"": -0.53, ""kalman_vertical_velocity"": -9, ""pyroDrogue"": 0, ""pyroMain"": 0, ""pyro1_state"": 0, ""pyro2_state"": 0}"
1764741556.315597,2025-12-03T08:59:16.315597,2659,0,0,-0.78,0.31,0.41,-51.26,36.63,-79.15,11.8,-14.91,0,0,0,74232,851.53,23.63,-0.58,0,0,0,0,-68,-0.57,-9.02,BEACON,"{""record_number"": 2659, ""operation_mode"": 0, ""state"": 0, ""battery_voltage"": 0, ""wifi_rssi"": -68, ""acc_data"": {""ax"": -0.78, ""ay"": 0.31, ""az"": 0.41, ""pitch"": -51.26, ""roll"": 36.63}, ""gyro_data"": {""gx"": -79.15, ""gy"": 11.8, ""gz"": -14.91}, ""gps_data"": {""latitude"": 0, ""longitude"": 0, ""gps_altitude"": 0, ""time"": 74232}, ""alt_data"": {""pressure"": 851.53, ""temperature"": 23.63, ""AGL"": -0.58, ""velocity"": 0, ""kalman_altitude"": -0.57, ""kalman_vertical_velocity"": -9.02}, ""chute_state"": {""pyro1_state"": 0, ""pyro2_state"": 0}, ""connection_status"": {""connected"": true, ""has_ever_connected"": true, ""packet_age_ms"": 0, ""timeout_exceeded"": false, ""rssi"": -68}, ""communication_mode"": ""BEACON"", ""timestamp"": 183871, ""packets_received"": 592, ""kalman_data"": {""altitude"": -0.57, ""vertical_velocity"": -9.02}, ""kalman_altitude"": -0.57, ""kalman_vertical_velocity"": -9.02, ""pyroDrogue"": 0, ""pyroMain"": 0, ""pyro1_state"": 0, ""pyro2_state"": 0}"
1764741556.463606,2025-12-03T08:59:16.463606,2663,0,0,-0.8,0.19,0.45,-53.46,22.18,-133.87,1.95,-42.99,0,0,0,74432,851.51,23.63,-0.4,0,0,0,0,-66,-0.32,-8.89,BEACON,"{""record_number"": 2663, ""operation_mode"": 0, ""state"": 0, ""battery_voltage"": 0, ""wifi_rssi"": -66, ""acc_data"": {""ax"": -0.8, ""ay"": 0.19, ""az"": 0.45, ""pitch"": -53.46, ""roll"": 22.18}, ""gyro_data"": {""gx"": -133.87, ""gy"": 1.95, ""gz"": -42.99}, ""gps_data"": {""latitude"": 0, ""longitude"": 0, ""gps_altitude"": 0, ""time"": 74432}, ""alt_data"": {""pressure"": 851.51, ""temperature"": 23.63, ""AGL"": -0.4, ""velocity"": 0, ""kalman_altitude"": -0.32, ""kalman_vertical_velocity"": -8.89}, ""chute_state"": {""pyro1_state"": 0, ""pyro2_state"": 0}, ""connection_status"": {""connected"": true, ""has_ever_connected"": true, ""packet_age_ms"": 0, ""timeout_exceeded"": false, ""rssi"": -66}, ""communication_mode"": ""BEACON"", ""timestamp"": 183985, ""packets_received"": 593, ""kalman_data"": {""altitude"": -0.32, ""vertical_velocity"": -8.89}, ""kalman_altitude"": -0.32, ""kalman_vertical_velocity"": -8.89, ""pyroDrogue"": 0, ""pyroMain"": 0, ""pyro1_state"": 0, ""pyro2_state"": 0}"
1764741556.577658,2025-12-03T08:59:16.577658,2667,0,0,-0.88,0.18,0.48,-61.71,20.8,-115.76,-9.27,-34.12,0,0,0,74633,851.48,23.62,-0.14,0,0,0,0,-74,-0.18,-8.81,BEACON,"{""record_number"": 2667, ""operation_mode"": 0, ""state"": 0, ""battery_voltage"": 0, ""wifi_rssi"": -74, ""acc_data"": {""ax"": -0.88, ""ay"": 0.18, ""az"": 0.48, ""pitch"": -61.71, ""roll"": 20.8}, ""gyro_data"": {""gx"": -115.76, ""gy"": -9.27, ""gz"": -34.12}, ""gps_data"": {""latitude"": 0, ""longitude"": 0, ""gps_altitude"": 0, ""time"": 74633}, ""alt_data"": {""pressure"": 851.48, ""temperature"": 23.62, ""AGL"": -0.14, ""velocity"": 0, ""kalman_altitude"": -0.18, ""kalman_vertical_velocity"": -8.81}, ""chute_state"": {""pyro1_state"": 0, ""pyro2_state"": 0}, ""connection_status"": {""connected"": true, ""has_ever_connected"": true, ""packet_age_ms"": 0, ""timeout_exceeded"": false, ""rssi"": -74}, ""communication_mode"": ""BEACON"", ""timestamp"": 184098, ""packets_received"": 594, ""kalman_data"": {""altitude"": -0.18, ""vertical_velocity"": -8.81}, ""kalman_altitude"": -0.18, ""kalman_vertical_velocity"": -8.81, ""pyroDrogue"": 0, ""pyroMain"": 0, ""pyro1_state"": 0, ""pyro2_state"": 0}"
1764741556.682825,2025-12-03T08:59:16.682825,2672,0,0,-0.8,0.07,0.44,-53.65,8.75,-138.84,80.21,52.62,0,0,0,74633,851.53,23.62,-0.63,0,0,0,0,-78,-0.54,-9,BEACON,"{""record_number"": 2672, ""operation_mode"": 0, ""state"": 0, ""battery_voltage"": 0, ""wifi_rssi"": -78, ""acc_data"": {""ax"": -0.8, ""ay"": 0.07, ""az"": 0.44, ""pitch"": -53.65, ""roll"": 8.75}, ""gyro_data"": {""gx"": -138.84, ""gy"": 80.21, ""gz"": 52.62}, ""gps_data"": {""latitude"": 0, ""longitude"": 0, ""gps_altitude"": 0, ""time"": 74633}, ""alt_data"": {""pressure"": 851.53, ""temperature"": 23.62, ""AGL"": -0.63, ""velocity"": 0, ""kalman_altitude"": -0.54, ""kalman_vertical_velocity"": -9}, ""chute_state"": {""pyro1_state"": 0, ""pyro2_state"": 0}, ""connection_status"": {""connected"": true, ""has_ever_connected"": true, ""packet_age_ms"": 0, ""timeout_exceeded"": false, ""rssi"": -78}, ""communication_mode"": ""BEACON"", ""timestamp"": 184210, ""packets_received"": 595, ""kalman_data"": {""altitude"": -0.54, ""vertical_velocity"": -9}, ""kalman_altitude"": -0.54, ""kalman_vertical_velocity"": -9, ""pyroDrogue"": 0, ""pyroMain"": 0, ""pyro1_state"": 0, ""pyro2_state"": 0}"
1764741556.791564,2025-12-03T08:59:16.791564,2676,0,0,-0.86,0.14,0.43,-59.38,17.81,-181.1,10.03,68.57,0,0,0,74836,851.49,23.62,-0.16,0,0,0,0,-88,-0.2,-8.82,BEACON,"{""record_number"": 2676, ""operation_mode"": 0, ""state"": 0, ""battery_voltage"": 0, ""wifi_rssi"": -88, ""acc_data"": {""ax"": -0.86, ""ay"": 0.14, ""az"": 0.43, ""pitch"": -59.38, ""roll"": 17.81}, ""gyro_data"": {""gx"": -181.1, ""gy"": 10.03, ""gz"": 68.57}, ""gps_data"": {""latitude"": 0, ""longitude"": 0, ""gps_altitude"": 0, ""time"": 74836}, ""alt_data"": {""pressure"": 851.49, ""temperature"": 23.62, ""AGL"": -0.16, ""velocity"": 0, ""kalman_altitude"": -0.2, ""kalman_vertical_velocity"": -8.82}, ""chute_state"": {""pyro1_state"": 0, ""pyro2_state"": 0}, ""connection_status"": {""connected"": true, ""has_ever_connected"": true, ""packet_age_ms"": 0, ""timeout_exceeded"": false, ""rssi"": -88}, ""communication_mode"": ""BEACON"", ""timestamp"": 184323, ""packets_received"": 596, ""kalman_data"": {""altitude"": -0.2, ""vertical_velocity"": -8.82}, ""kalman_altitude"": -0.2, ""kalman_vertical_velocity"": -8.82, ""pyroDrogue"": 0, ""pyroMain"": 0, ""pyro1_state"": 0, ""pyro2_state"": 0}"
1764741557.238598,2025-12-03T08:59:17.238598,2680,0,0,-0.88,0.23,0.4,-61.36,28.64,-129.91,-44.94,62.84,0,0,0,74836,851.49,23.62,-0.2,0,0,0,0,-77,-0.2,-8.82,BEACON,"{""record_number"": 2680, ""operation_mode"": 0, ""state"": 0, ""battery_voltage"": 0, ""wifi_rssi"": -77, ""acc_data"": {""ax"": -0.88, ""ay"": 0.23, ""az"": 0.4, ""pitch"": -61.36, ""roll"": 28.64}, ""gyro_data"": {""gx"": -129.91, ""gy"": -44.94, ""gz"": 62.84}, ""gps_data"": {""latitude"": 0, ""longitude"": 0, ""gps_altitude"": 0, ""time"": 74836}, ""alt_data"": {""pressure"": 851.49, ""temperature"": 23.62, ""AGL"": -0.2, ""velocity"": 0, ""kalman_altitude"": -0.2, ""kalman_vertical_velocity"": -8.82}, ""chute_state"": {""pyro1_state"": 0, ""pyro2_state"": 0}, ""connection_status"": {""connected"": true, ""has_ever_connected"": true, ""packet_age_ms"": 0, ""timeout_exceeded"": false, ""rssi"": -77}, ""communication_mode"": ""BEACON"", ""timestamp"": 184436, ""packets_received"": 597, ""kalman_data"": {""altitude"": -0.2, ""vertical_velocity"": -8.82}, ""kalman_altitude"": -0.2, ""kalman_vertical_velocity"": -8.82, ""pyroDrogue"": 0, ""pyroMain"": 0, ""pyro1_state"": 0, ""pyro2_state"": 0}"
1764741557.392754,2025-12-03T08:59:17.392754,2685,0,0,-0.76,0.23,0.53,-50.69,22.09,-47.44,3.81,-6.98,0,0,0,75036,851.5,23.62,-0.34,0,0,0,0,-72,-0.31,-8.88,BEACON,"{""record_number"": 2685, ""operation_mode"": 0, ""state"": 0, ""battery_voltage"": 0, ""wifi_rssi"": -72, ""acc_data"": {""ax"": -0.76, ""ay"": 0.23, ""az"": 0.53, ""pitch"": -50.69, ""roll"": 22.09}, ""gyro_data"": {""gx"": -47.44, ""gy"": 3.81, ""gz"": -6.98}, ""gps_data"": {""latitude"": 0, ""longitude"": 0, ""gps_altitude"": 0, ""time"": 75036}, ""alt_data"": {""pressure"": 851.5, ""temperature"": 23.62, ""AGL"": -0.34, ""velocity"": 0, ""kalman_altitude"": -0.31, ""kalman_vertical_velocity"": -8.88}, ""chute_state"": {""pyro1_state"": 0, ""pyro2_state"": 0}, ""connection_status"": {""connected"": true, ""has_ever_connected"": true, ""packet_age_ms"": 0, ""timeout_exceeded"": false, ""rssi"": -72}, ""communication_mode"": ""BEACON"", ""timestamp"": 184548, ""packets_received"": 598, ""kalman_data"": {""altitude"": -0.31, ""vertical_velocity"": -8.88}, ""kalman_altitude"": -0.31, ""kalman_vertical_velocity"": -8.88, ""pyroDrogue"": 0, ""pyroMain"": 0, ""pyro1_state"": 0, ""pyro2_state"": 0}"
1764741557.473551,2025-12-03T08:59:17.473551,2689,0,0,-0.77,0.21,0.48,-48.99,24.18,-37.53,-58.23,-42.9,0,0,0,75036,851.53,23.61,-0.61,0,0,0,0,-74,-0.47,-8.96,BEACON,"{""record_number"": 2689, ""operation_mode"": 0, ""state"": 0, ""battery_voltage"": 0, ""wifi_rssi"": -74, ""acc_data"": {""ax"": -0.77, ""ay"": 0.21, ""az"": 0.48, ""pitch"": -48.99, ""roll"": 24.18}, ""gyro_data"": {""gx"": -37.53, ""gy"": -58.23, ""gz"": -42.9}, ""gps_data"": {""latitude"": 0, ""longitude"": 0, ""gps_altitude"": 0, ""time"": 75036}, ""alt_data"": {""pressure"": 851.53, ""temperature"": 23.61, ""AGL"": -0.61, ""velocity"": 0, ""kalman_altitude"": -0.47, ""kalman_vertical_velocity"": -8.96}, ""chute_state"": {""pyro1_state"": 0, ""pyro2_state"": 0}, ""connection_status"": {""connected"": true, ""has_ever_connected"": true, ""packet_age_ms"": 0, ""timeout_exceeded"": false, ""rssi"": -74}, ""communication_mode"": ""BEACON"", ""timestamp"": 184661, ""packets_received"": 599, ""kalman_data"": {""altitude"": -0.47, ""vertical_velocity"": -8.96}, ""kalman_altitude"": -0.47, ""kalman_vertical_velocity"": -8.96, ""pyroDrogue"": 0, ""pyroMain"": 0, ""pyro1_state"": 0, ""pyro2_state"": 0}"
1764741557.664839,2025-12-03T08:59:17.664839,2698,0,0,-0.81,0.1,0.57,-53.56,7.91,67.71,-13.69,-70.24,0,0,0,75235,851.48,23.6,-0.12,0,0,0,0,-80,-0.15,-8.79,BEACON,"{""record_number"": 2698, ""operation_mode"": 0, ""state"": 0, ""battery_voltage"": 0, ""wifi_rssi"": -80, ""acc_data"": {""ax"": -0.81, ""ay"": 0.1, ""az"": 0.57, ""pitch"": -53.56, ""roll"": 7.91}, ""gyro_data"": {""gx"": 67.71, ""gy"": -13.69, ""gz"": -70.24}, ""gps_data"": {""latitude"": 0, ""longitude"": 0, ""gps_altitude"": 0, ""time"": 75235}, ""alt_data"": {""pressure"": 851.48, ""temperature"": 23.6, ""AGL"": -0.12, ""velocity"": 0, ""kalman_altitude"": -0.15, ""kalman_vertical_velocity"": -8.79}, ""chute_state"": {""pyro1_state"": 0, ""pyro2_state"": 0}, ""connection_status"": {""connected"": true, ""has_ever_connected"": true, ""packet_age_ms"": 0, ""timeout_exceeded"": false, ""rssi"": -80}, ""communication_mode"": ""BEACON"", ""timestamp"": 184888, ""packets_received"": 600, ""kalman_data"": {""altitude"": -0.15, ""vertical_velocity"": -8.79}, ""kalman_altitude"": -0.15, ""kalman_vertical_velocity"": -8.79, ""pyroDrogue"": 0, ""pyroMain"": 0, ""pyro1_state"": 0, ""pyro2_state"": 0}"
1764741557.740826,2025-12-03T08:59:17.740826,2702,0,0,-0.89,0.07,0.48,-63.23,8.2,58.99,-10.61,-40.21,0,0,0,75436,851.51,23.6,-0.44,0,0,0,0,-79,-0.45,-8.94,BEACON,"{""record_number"": 2702, ""operation_mode"": 0, ""state"": 0, ""battery_voltage"": 0, ""wifi_rssi"": -79, ""acc_data"": {""ax"": -0.89, ""ay"": 0.07, ""az"": 0.48, ""pitch"": -63.23, ""roll"": 8.2}, ""gyro_data"": {""gx"": 58.99, ""gy"": -10.61, ""gz"": -40.21}, ""gps_data"": {""latitude"": 0, ""longitude"": 0, ""gps_altitude"": 0, ""time"": 75436}, ""alt_data"": {""pressure"": 851.51, ""temperature"": 23.6, ""AGL"": -0.44, ""velocity"": 0, ""kalman_altitude"": -0.45, ""kalman_vertical_velocity"": -8.94}, ""chute_state"": {""pyro1_state"": 0, ""pyro2_state"": 0}, ""connection_status"": {""connected"": true, ""has_ever_connected"": true, ""packet_age_ms"": 0, ""timeout_exceeded"": false, ""rssi"": -79}, ""communication_mode"": ""BEACON"", ""timestamp"": 185000, ""packets_received"": 601, ""kalman_data"": {""altitude"": -0.45, ""vertical_velocity"": -8.94}, ""kalman_altitude"": -0.45, ""kalman_vertical_velocity"": -8.94, ""pyroDrogue"": 0, ""pyroMain"": 0, ""pyro1_state"": 0, ""pyro2_state"": 0}"
1764741557.835332,2025-12-03T08:59:17.835332,2706,0,0,-0.68,-0.01,0.59,-42.65,-1.6,-16.19,-97.53,3.02,0,0,0,75638,851.47,23.59,0.01,0,0,0,0,-79,-0.1,-8.75,BEACON,"{""record_number"": 2706, ""operation_mode"": 0, ""state"": 0, ""battery_voltage"": 0, ""wifi_rssi"": -79, ""acc_data"": {""ax"": -0.68, ""ay"": -0.01, ""az"": 0.59, ""pitch"": -42.65, ""roll"": -1.6}, ""gyro_data"": {""gx"": -16.19, ""gy"": -97.53, ""gz"": 3.02}, ""gps_data"": {""latitude"": 0, ""longitude"": 0, ""gps_altitude"": 0, ""time"": 75638}, ""alt_data"": {""pressure"": 851.47, ""temperature"": 23.59, ""AGL"": 0.01, ""velocity"": 0, ""kalman_altitude"": -0.1, ""kalman_vertical_velocity"": -8.75}, ""chute_state"": {""pyro1_state"": 0, ""pyro2_state"": 0}, ""connection_status"": {""connected"": true, ""has_ever_connected"": true, ""packet_age_ms"": 0, ""timeout_exceeded"": false, ""rssi"": -79}, ""communication_mode"": ""BEACON"", ""timestamp"": 185113, ""packets_received"": 602, ""kalman_data"": {""altitude"": -0.1, ""vertical_velocity"": -8.75}, ""kalman_altitude"": -0.1, ""kalman_vertical_velocity"": -8.75, ""pyroDrogue"": 0, ""pyroMain"": 0, ""pyro1_state"": 0, ""pyro2_state"": 0}"
1764741557.897647,2025-12-03T08:59:17.897647,2715,0,0,-0.69,0.09,0.63,-43.18,8.15,9.3,-61.59,-50.24,0,0,0,75841,851.54,23.59,-0.71,0,0,0,0,-81,-0.83,-9.11,BEACON,"{""record_number"": 2715, ""operation_mode"": 0, ""state"": 0, ""battery_voltage"": 0, ""wifi_rssi"": -81, ""acc_data"": {""ax"": -0.69, ""ay"": 0.09, ""az"": 0.63, ""pitch"": -43.18, ""roll"": 8.15}, ""gyro_data"": {""gx"": 9.3, ""gy"": -61.59, ""gz"": -50.24}, ""gps_data"": {""latitude"": 0, ""longitude"": 0, ""gps_altitude"": 0, ""time"": 75841}, ""alt_data"": {""pressure"": 851.54, ""temperature"": 23.59, ""AGL"": -0.71, ""velocity"": 0, ""kalman_altitude"": -0.83, ""kalman_vertical_velocity"": -9.11}, ""chute_state"": {""pyro1_state"": 0, ""pyro2_state"": 0}, ""connection_status"": {""connected"": true, ""has_ever_connected"": true, ""packet_age_ms"": 0, ""timeout_exceeded"": false, ""rssi"": -81}, ""communication_mode"": ""BEACON"", ""timestamp"": 185338, ""packets_received"": 603, ""kalman_data"": {""altitude"": -0.83, ""vertical_velocity"": -9.11}, ""kalman_altitude"": -0.83, ""kalman_vertical_velocity"": -9.11, ""pyroDrogue"": 0, ""pyroMain"": 0, ""pyro1_state"": 0, ""pyro2_state"": 0}"
1764741557.996784,2025-12-03T08:59:17.996784,2719,0,0,-0.65,0.03,0.63,-39.82,2.46,-1.25,-90.34,-82.5,0,0,0,75841,851.58,23.59,-1.14,0,0,0,0,-83,-1.08,-9.24,BEACON,"{""record_number"": 2719, ""operation_mode"": 0, ""state"": 0, ""battery_voltage"": 0, ""wifi_rssi"": -83, ""acc_data"": {""ax"": -0.65, ""ay"": 0.03, ""az"": 0.63, ""pitch"": -39.82, ""roll"": 2.46}, ""gyro_data"": {""gx"": -1.25, ""gy"": -90.34, ""gz"": -82.5}, ""gps_data"": {""latitude"": 0, ""longitude"": 0, ""gps_altitude"": 0, ""time"": 75841}, ""alt_data"": {""pressure"": 851.58, ""temperature"": 23.59, ""AGL"": -1.14, ""velocity"": 0, ""kalman_altitude"": -1.08, ""kalman_vertical_velocity"": -9.24}, ""chute_state"": {""pyro1_state"": 0, ""pyro2_state"": 0}, ""connection_status"": {""connected"": true, ""has_ever_connected"": true, ""packet_age_ms"": 1, ""timeout_exceeded"": false, ""rssi"": -83}, ""communication_mode"": ""BEACON"", ""timestamp"": 185452, ""packets_received"": 604, ""kalman_data"": {""altitude"": -1.08, ""vertical_velocity"": -9.24}, ""kalman_altitude"": -1.08, ""kalman_vertical_velocity"": -9.24, ""pyroDrogue"": 0, ""pyroMain"": 0, ""pyro1_state"": 0, ""pyro2_state"": 0}"
1764741558.045966,2025-12-03T08:59:18.045966,2723,0,0,-0.71,0.12,0.6,-44.58,9.68,-0.3,-42.93,-101.65,0,0,0,76041,851.49,23.56,-0.23,0,0,0,0,-80,-0.41,-8.88,BEACON,"{""record_number"": 2723, ""operation_mode"": 0, ""state"": 0, ""battery_voltage"": 0, ""wifi_rssi"": -80, ""acc_data"": {""ax"": -0.71, ""ay"": 0.12, ""az"": 0.6, ""pitch"": -44.58, ""roll"": 9.68}, ""gyro_data"": {""gx"": -0.3, ""gy"": -42.93, ""gz"": -101.65}, ""gps_data"": {""latitude"": 0, ""longitude"": 0, ""gps_altitude"": 0, ""time"": 76041}, ""alt_data"": {""pressure"": 851.49, ""temperature"": 23.56, ""AGL"": -0.23, ""velocity"": 0, ""kalman_altitude"": -0.41, ""kalman_vertical_velocity"": -8.88}, ""chute_state"": {""pyro1_state"": 0, ""pyro2_state"": 0}, ""connection_status"": {""connected"": true, ""has_ever_connected"": true, ""packet_age_ms"": 1, ""timeout_exceeded"": false, ""rssi"": -80}, ""communication_mode"": ""BEACON"", ""timestamp"": 185564, ""packets_received"": 605, ""kalman_data"": {""altitude"": -0.41, ""vertical_velocity"": -8.88}, ""kalman_altitude"": -0.41, ""kalman_vertical_velocity"": -8.88, ""pyroDrogue"": 0, ""pyroMain"": 0, ""pyro1_state"": 0, ""pyro2_state"": 0}"
1764741558.173152,2025-12-03T08:59:18.173152,2728,0,0,-0.73,0.08,0.58,-46.82,7.19,33.78,29.66,-108.05,0,0,0,76041,851.58,23.58,-1.08,0,0,0,0,-85,-0.93,-9.14,BEACON,"{""record_number"": 2728, ""operation_mode"": 0, ""state"": 0, ""battery_voltage"": 0, ""wifi_rssi"": -85, ""acc_data"": {""ax"": -0.73, ""ay"": 0.08, ""az"": 0.58, ""pitch"": -46.82, ""roll"": 7.19}, ""gyro_data"": {""gx"": 33.78, ""gy"": 29.66, ""gz"": -108.05}, ""gps_data"": {""latitude"": 0, ""longitude"": 0, ""gps_altitude"": 0, ""time"": 76041}, ""alt_data"": {""pressure"": 851.58, ""temperature"": 23.58, ""AGL"": -1.08, ""velocity"": 0, ""kalman_altitude"": -0.93, ""kalman_vertical_velocity"": -9.14}, ""chute_state"": {""pyro1_state"": 0, ""pyro2_state"": 0}, ""connection_status"": {""connected"": true, ""has_ever_connected"": true, ""packet_age_ms"": 0, ""timeout_exceeded"": false, ""rssi"": -85}, ""communication_mode"": ""BEACON"", ""timestamp"": 185676, ""packets_received"": 606, ""kalman_data"": {""altitude"": -0.93, ""vertical_velocity"": -9.14}, ""kalman_altitude"": -0.93, ""kalman_vertical_velocity"": -9.14, ""pyroDrogue"": 0, ""pyroMain"": 0, ""pyro1_state"": 0, ""pyro2_state"": 0}"
1764741558.268031,2025-12-03T08:59:18.268031,2732,0,0,-0.65,0.01,0.59,-40.15,0.72,-2.01,-58.63,-99.39,0,0,0,76242,851.56,23.58,-0.94,0,0,0,0,-82,-0.94,-9.14,BEACON,"{""record_number"": 2732, ""operation_mode"": 0, ""state"": 0, ""battery_voltage"": 0, ""wifi_rssi"": -82, ""acc_data"": {""ax"": -0.65, ""ay"": 0.01, ""az"": 0.59, ""pitch"": -40.15, ""roll"": 0.72}, ""gyro_data"": {""gx"": -2.01, ""gy"": -58.63, ""gz"": -99.39}, ""gps_data"": {""latitude"": 0, ""longitude"": 0, ""gps_altitude"": 0, ""time"": 76242}, ""alt_data"": {""pressure"": 851.56, ""temperature"": 23.58, ""AGL"": -0.94, ""velocity"": 0, ""kalman_altitude"": -0.94, ""kalman_vertical_velocity"": -9.14}, ""chute_state"": {""pyro1_state"": 0, ""pyro2_state"": 0}, ""connection_status"": {""connected"": true, ""has_ever_connected"": true, ""packet_age_ms"": 0, ""timeout_exceeded"": false, ""rssi"": -82}, ""communication_mode"": ""BEACON"", ""timestamp"": 185788, ""packets_received"": 607, ""kalman_data"": {""altitude"": -0.94, ""vertical_velocity"": -9.14}, ""kalman_altitude"": -0.94, ""kalman_vertical_velocity"": -9.14, ""pyroDrogue"": 0, ""pyroMain"": 0, ""pyro1_state"": 0, ""pyro2_state"": 0}"
1764741558.36083,2025-12-03T08:59:18.360830,2736,0,0,-0.66,0.08,0.7,-42.72,5.59,-10.43,32.13,-85.58,0,0,0,76242,851.53,23.56,-0.65,0,0,0,0,-81,-0.72,-9.02,BEACON,"{""record_number"": 2736, ""operation_mode"": 0, ""state"": 0, ""battery_voltage"": 0, ""wifi_rssi"": -81, ""acc_data"": {""ax"": -0.66, ""ay"": 0.08, ""az"": 0.7, ""pitch"": -42.72, ""roll"": 5.59}, ""gyro_data"": {""gx"": -10.43, ""gy"": 32.13, ""gz"": -85.58}, ""gps_data"": {""latitude"": 0, ""longitude"": 0, ""gps_altitude"": 0, ""time"": 76242}, ""alt_data"": {""pressure"": 851.53, ""temperature"": 23.56, ""AGL"": -0.65, ""velocity"": 0, ""kalman_altitude"": -0.72, ""kalman_vertical_velocity"": -9.02}, ""chute_state"": {""pyro1_state"": 0, ""pyro2_state"": 0}, ""connection_status"": {""connected"": true, ""has_ever_connected"": true, ""packet_age_ms"": 0, ""timeout_exceeded"": false, ""rssi"": -81}, ""communication_mode"": ""BEACON"", ""timestamp"": 185902, ""packets_received"": 608, ""kalman_data"": {""altitude"": -0.72, ""vertical_velocity"": -9.02}, ""kalman_altitude"": -0.72, ""kalman_vertical_velocity"": -9.02, ""pyroDrogue"": 0, ""pyroMain"": 0, ""pyro1_state"": 0, ""pyro2_state"": 0}"
1764741558.498578,2025-12-03T08:59:18.498578,2741,0,0,-0.67,-0.12,0.68,-42.65,-9.32,6.01,-20.37,-70.7,0,0,0,76442,851.54,23.57,-0.75,0,0,0,0,-80,-0.75,-9.03,BEACON,"{""record_number"": 2741, ""operation_mode"": 0, ""state"": 0, ""battery_voltage"": 0, ""wifi_rssi"": -80, ""acc_data"": {""ax"": -0.67, ""ay"": -0.12, ""az"": 0.68, ""pitch"": -42.65, ""roll"": -9.32}, ""gyro_data"": {""gx"": 6.01, ""gy"": -20.37, ""gz"": -70.7}, ""gps_data"": {""latitude"": 0, ""longitude"": 0, ""gps_altitude"": 0, ""time"": 76442}, ""alt_data"": {""pressure"": 851.54, ""temperature"": 23.57, ""AGL"": -0.75, ""velocity"": 0, ""kalman_altitude"": -0.75, ""kalman_vertical_velocity"": -9.03}, ""chute_state"": {""pyro1_state"": 0, ""pyro2_state"": 0}, ""connection_status"": {""connected"": true, ""has_ever_connected"": true, ""packet_age_ms"": 0, ""timeout_exceeded"": false, ""rssi"": -80}, ""communication_mode"": ""BEACON"", ""timestamp"": 186016, ""packets_received"": 609, ""kalman_data"": {""altitude"": -0.75, ""vertical_velocity"": -9.03}, ""kalman_altitude"": -0.75, ""kalman_vertical_velocity"": -9.03, ""pyroDrogue"": 0, ""pyroMain"": 0, ""pyro1_state"": 0, ""pyro2_state"": 0}"
1764741558.770726,2025-12-03T08:59:18.770726,2745,0,0,-0.75,-0.21,0.6,-47.94,-19.62,32.04,2.23,-16.07,0,0,0,76644,851.55,23.56,-0.83,0,0,0,0,-82,-0.8,-9.04,BEACON,"{""record_number"": 2745, ""operation_mode"": 0, ""state"": 0, ""battery_voltage"": 0, ""wifi_rssi"": -82, ""acc_data"": {""ax"": -0.75, ""ay"": -0.21, ""az"": 0.6, ""pitch"": -47.94, ""roll"": -19.62}, ""gyro_data"": {""gx"": 32.04, ""gy"": 2.23, ""gz"": -16.07}, ""gps_data"": {""latitude"": 0, ""longitude"": 0, ""gps_altitude"": 0, ""time"": 76644}, ""alt_data"": {""pressure"": 851.55, ""temperature"": 23.56, ""AGL"": -0.83, ""velocity"": 0, ""kalman_altitude"": -0.8, ""kalman_vertical_velocity"": -9.04}, ""chute_state"": {""pyro1_state"": 0, ""pyro2_state"": 0}, ""connection_status"": {""connected"": true, ""has_ever_connected"": true, ""packet_age_ms"": 0, ""timeout_exceeded"": false, ""rssi"": -82}, ""communication_mode"": ""BEACON"", ""timestamp"": 186128, ""packets_received"": 610, ""kalman_data"": {""altitude"": -0.8, ""vertical_velocity"": -9.04}, ""kalman_altitude"": -0.8, ""kalman_vertical_velocity"": -9.04, ""pyroDrogue"": 0, ""pyroMain"": 0, ""pyro1_state"": 0, ""pyro2_state"": 0}"
1764741558.892232,2025-12-03T08:59:18.892232,2749,0,0,-0.57,-0.15,0.68,-34.55,-11.88,-40.24,-41.28,66.62,0,0,0,76644,851.54,23.56,-0.69,0,0,0,0,-83,-0.72,-8.99,BEACON,"{""record_number"": 2749, ""operation_mode"": 0, ""state"": 0, ""battery_voltage"": 0, ""wifi_rssi"": -83, ""acc_data"": {""ax"": -0.57, ""ay"": -0.15, ""az"": 0.68, ""pitch"": -34.55, ""roll"": -11.88}, ""gyro_data"": {""gx"": -40.24, ""gy"": -41.28, ""gz"": 66.62}, ""gps_data"": {""latitude"": 0, ""longitude"": 0, ""gps_altitude"": 0, ""time"": 76644}, ""alt_data"": {""pressure"": 851.54, ""temperature"": 23.56, ""AGL"": -0.69, ""velocity"": 0, ""kalman_altitude"": -0.72, ""kalman_vertical_velocity"": -8.99}, ""chute_state"": {""pyro1_state"": 0, ""pyro2_state"": 0}, ""connection_status"": {""connected"": true, ""has_ever_connected"": true, ""packet_age_ms"": 0, ""timeout_exceeded"": false, ""rssi"": -83}, ""communication_mode"": ""BEACON"", ""timestamp"": 186241, ""packets_received"": 611, ""kalman_data"": {""altitude"": -0.72, ""vertical_velocity"": -8.99}, ""kalman_altitude"": -0.72, ""kalman_vertical_velocity"": -8.99, ""pyroDrogue"": 0, ""pyroMain"": 0, ""pyro1_state"": 0, ""pyro2_state"": 0}"
1764741559.128405,2025-12-03T08:59:19.128405,2753,0,0,-0.61,-0.08,0.78,-37.38,-6.84,-2.99,11.77,143.35,0,0,0,76847,851.56,23.56,-0.87,0,0,0,0,-84,-0.84,-9.05,BEACON,"{""record_number"": 2753, ""operation_mode"": 0, ""state"": 0, ""battery_voltage"": 0, ""wifi_rssi"": -84, ""acc_data"": {""ax"": -0.61, ""ay"": -0.08, ""az"": 0.78, ""pitch"": -37.38, ""roll"": -6.84}, ""gyro_data"": {""gx"": -2.99, ""gy"": 11.77, ""gz"": 143.35}, ""gps_data"": {""latitude"": 0, ""longitude"": 0, ""gps_altitude"": 0, ""time"": 76847}, ""alt_data"": {""pressure"": 851.56, ""temperature"": 23.56, ""AGL"": -0.87, ""velocity"": 0, ""kalman_altitude"": -0.84, ""kalman_vertical_velocity"": -9.05}, ""chute_state"": {""pyro1_state"": 0, ""pyro2_state"": 0}, ""connection_status"": {""connected"": true, ""has_ever_connected"": true, ""packet_age_ms"": 0, ""timeout_exceeded"": false, ""rssi"": -84}, ""communication_mode"": ""BEACON"", ""timestamp"": 186353, ""packets_received"": 612, ""kalman_data"": {""altitude"": -0.84, ""vertical_velocity"": -9.05}, ""kalman_altitude"": -0.84, ""kalman_vertical_velocity"": -9.05, ""pyroDrogue"": 0, ""pyroMain"": 0, ""pyro1_state"": 0, ""pyro2_state"": 0}"
1764741559.236457,2025-12-03T08:59:19.236457,2758,0,0,-0.64,-0.02,0.8,-39.02,-1.17,-2.71,-127.68,165.37,0,0,0,76847,851.56,23.57,-0.85,0,0,0,0,-84,-0.76,-8.98,BEACON,"{""record_number"": 2758, ""operation_mode"": 0, ""state"": 0, ""battery_voltage"": 0, ""wifi_rssi"": -84, ""acc_data"": {""ax"": -0.64, ""ay"": -0.02, ""az"": 0.8, ""pitch"": -39.02, ""roll"": -1.17}, ""gyro_data"": {""gx"": -2.71, ""gy"": -127.68, ""gz"": 165.37}, ""gps_data"": {""latitude"": 0, ""longitude"": 0, ""gps_altitude"": 0, ""time"": 76847}, ""alt_data"": {""pressure"": 851.56, ""temperature"": 23.57, ""AGL"": -0.85, ""velocity"": 0, ""kalman_altitude"": -0.76, ""kalman_vertical_velocity"": -8.98}, ""chute_state"": {""pyro1_state"": 0, ""pyro2_state"": 0}, ""connection_status"": {""connected"": true, ""has_ever_connected"": true, ""packet_age_ms"": 0, ""timeout_exceeded"": false, ""rssi"": -84}, ""communication_mode"": ""BEACON"", ""timestamp"": 186466, ""packets_received"": 613, ""kalman_data"": {""altitude"": -0.76, ""vertical_velocity"": -8.98}, ""kalman_altitude"": -0.76, ""kalman_vertical_velocity"": -8.98, ""pyroDrogue"": 0, ""pyroMain"": 0, ""pyro1_state"": 0, ""pyro2_state"": 0}"
1764741559.405165,2025-12-03T08:59:19.405165,2762,0,0,-0.57,0.05,0.8,-34.55,4.44,-75,-130.79,189.88,0,0,0,77046,851.57,23.57,-1,0,0,0,0,-87,-0.95,-9.07,BEACON,"{""record_number"": 2762, ""operation_mode"": 0, ""state"": 0, ""battery_voltage"": 0, ""wifi_rssi"": -87, ""acc_data"": {""ax"": -0.57, ""ay"": 0.05, ""az"": 0.8, ""pitch"": -34.55, ""roll"": 4.44}, ""gyro_data"": {""gx"": -75, ""gy"": -130.79, ""gz"": 189.88}, ""gps_data"": {""latitude"": 0, ""longitude"": 0, ""gps_altitude"": 0, ""time"": 77046}, ""alt_data"": {""pressure"": 851.57, ""temperature"": 23.57, ""AGL"": -1, ""velocity"": 0, ""kalman_altitude"": -0.95, ""kalman_vertical_velocity"": -9.07}, ""chute_state"": {""pyro1_state"": 0, ""pyro2_state"": 0}, ""connection_status"": {""connected"": true, ""has_ever_connected"": true, ""packet_age_ms"": 0, ""timeout_exceeded"": false, ""rssi"": -87}, ""communication_mode"": ""BEACON"", ""timestamp"": 186580, ""packets_received"": 614, ""kalman_data"": {""altitude"": -0.95, ""vertical_velocity"": -9.07}, ""kalman_altitude"": -0.95, ""kalman_vertical_velocity"": -9.07, ""pyroDrogue"": 0, ""pyroMain"": 0, ""pyro1_state"": 0, ""pyro2_state"": 0}"
1764741559.506312,2025-12-03T08:59:19.506312,2766,0,0,-0.62,0.1,0.71,-38.09,8.21,-106.28,-130.34,188.23,0,0,0,77046,851.52,23.56,-0.47,0,0,0,0,-94,-0.58,-8.87,BEACON,"{""record_number"": 2766, ""operation_mode"": 0, ""state"": 0, ""battery_voltage"": 0, ""wifi_rssi"": -94, ""acc_data"": {""ax"": -0.62, ""ay"": 0.1, ""az"": 0.71, ""pitch"": -38.09, ""roll"": 8.21}, ""gyro_data"": {""gx"": -106.28, ""gy"": -130.34, ""gz"": 188.23}, ""gps_data"": {""latitude"": 0, ""longitude"": 0, ""gps_altitude"": 0, ""time"": 77046}, ""alt_data"": {""pressure"": 851.52, ""temperature"": 23.56, ""AGL"": -0.47, ""velocity"": 0, ""kalman_altitude"": -0.58, ""kalman_vertical_velocity"": -8.87}, ""chute_state"": {""pyro1_state"": 0, ""pyro2_state"": 0}, ""connection_status"": {""connected"": true, ""has_ever_connected"": true, ""packet_age_ms"": 0, ""timeout_exceeded"": false, ""rssi"": -94}, ""communication_mode"": ""BEACON"", ""timestamp"": 186692, ""packets_received"": 615, ""kalman_data"": {""altitude"": -0.58, ""vertical_velocity"": -8.87}, ""kalman_altitude"": -0.58, ""kalman_vertical_velocity"": -8.87, ""pyroDrogue"": 0, ""pyroMain"": 0, ""pyro1_state"": 0, ""pyro2_state"": 0}"
1764741559.984618,2025-12-03T08:59:19.984618,2771,0,0,-0.64,0.14,0.71,-38.91,10.05,-59.79,-13.35,157.41,0,0,0,77247,851.5,23.56,-0.3,0,0,0,0,-87,-0.38,-8.76,BEACON,"{""record_number"": 2771, ""operation_mode"": 0, ""state"": 0, ""battery_voltage"": 0, ""wifi_rssi"": -87, ""acc_data"": {""ax"": -0.64, ""ay"": 0.14, ""az"": 0.71, ""pitch"": -38.91, ""roll"": 10.05}, ""gyro_data"": {""gx"": -59.79, ""gy"": -13.35, ""gz"": 157.41}, ""gps_data"": {""latitude"": 0, ""longitude"": 0, ""gps_altitude"": 0, ""time"": 77247}, ""alt_data"": {""pressure"": 851.5, ""temperature"": 23.56, ""AGL"": -0.3, ""velocity"": 0, ""kalman_altitude"": -0.38, ""kalman_vertical_velocity"": -8.76}, ""chute_state"": {""pyro1_state"": 0, ""pyro2_state"": 0}, ""connection_status"": {""connected"": true, ""has_ever_connected"": true, ""packet_age_ms"": 1, ""timeout_exceeded"": false, ""rssi"": -87}, ""communication_mode"": ""BEACON"", ""timestamp"": 186806, ""packets_received"": 616, ""kalman_data"": {""altitude"": -0.38, ""vertical_velocity"": -8.76}, ""kalman_altitude"": -0.38, ""kalman_vertical_velocity"": -8.76, ""pyroDrogue"": 0, ""pyroMain"": 0, ""pyro1_state"": 0, ""pyro2_state"": 0}"
1764741560.087994,2025-12-03T08:59:20.087994,2775,0,0,-0.6,0.12,0.66,-37.6,9.82,-91.55,-46.04,112.2,0,0,0,77447,851.53,23.56,-0.65,0,0,0,0,-87,-0.6,-8.86,BEACON,"{""record_number"": 2775, ""operation_mode"": 0, ""state"": 0, ""battery_voltage"": 0, ""wifi_rssi"": -87, ""acc_data"": {""ax"": -0.6, ""ay"": 0.12, ""az"": 0.66, ""pitch"": -37.6, ""roll"": 9.82}, ""gyro_data"": {""gx"": -91.55, ""gy"": -46.04, ""gz"": 112.2}, ""gps_data"": {""latitude"": 0, ""longitude"": 0, ""gps_altitude"": 0, ""time"": 77447}, ""alt_data"": {""pressure"": 851.53, ""temperature"": 23.56, ""AGL"": -0.65, ""velocity"": 0, ""kalman_altitude"": -0.6, ""kalman_vertical_velocity"": -8.86}, ""chute_state"": {""pyro1_state"": 0, ""pyro2_state"": 0}, ""connection_status"": {""connected"": true, ""has_ever_connected"": true, ""packet_age_ms"": 0, ""timeout_exceeded"": false, ""rssi"": -87}, ""communication_mode"": ""BEACON"", ""timestamp"": 186919, ""packets_received"": 617, ""kalman_data"": {""altitude"": -0.6, ""vertical_velocity"": -8.86}, ""kalman_altitude"": -0.6, ""kalman_vertical_velocity"": -8.86, ""pyroDrogue"": 0, ""pyroMain"": 0, ""pyro1_state"": 0, ""pyro2_state"": 0}"
1764741560.198888,2025-12-03T08:59:20.198888,2783,0,0,-0.62,0.14,0.79,-38.7,9.84,-0.58,24.36,-46.59,0,0,0,77649,851.58,23.58,-1.08,0,0,0,0,-76,-1.12,-9.1,BEACON,"{""record_number"": 2783, ""operation_mode"": 0, ""state"": 0, ""battery_voltage"": 0, ""wifi_rssi"": -76, ""acc_data"": {""ax"": -0.62, ""ay"": 0.14, ""az"": 0.79, ""pitch"": -38.7, ""roll"": 9.84}, ""gyro_data"": {""gx"": -0.58, ""gy"": 24.36, ""gz"": -46.59}, ""gps_data"": {""latitude"": 0, ""longitude"": 0, ""gps_altitude"": 0, ""time"": 77649}, ""alt_data"": {""pressure"": 851.58, ""temperature"": 23.58, ""AGL"": -1.08, ""velocity"": 0, ""kalman_altitude"": -1.12, ""kalman_vertical_velocity"": -9.1}, ""chute_state"": {""pyro1_state"": 0, ""pyro2_state"": 0}, ""connection_status"": {""connected"": true, ""has_ever_connected"": true, ""packet_age_ms"": 0, ""timeout_exceeded"": false, ""rssi"": -76}, ""communication_mode"": ""BEACON"", ""timestamp"": 187144, ""packets_received"": 618, ""kalman_data"": {""altitude"": -1.12, ""vertical_velocity"": -9.1}, ""kalman_altitude"": -1.12, ""kalman_vertical_velocity"": -9.1, ""pyroDrogue"": 0, ""pyroMain"": 0, ""pyro1_state"": 0, ""pyro2_state"": 0}"
1764741560.287805,2025-12-03T08:59:20.287805,2788,0,0,-0.5,-0.03,0.85,-30.01,-1.34,48.99,52.35,-35.55,0,0,0,77649,851.59,23.58,-1.19,0,0,0,0,-76,-1.18,-9.11,BEACON,"{""record_number"": 2788, ""operation_mode"": 0, ""state"": 0, ""battery_voltage"": 0, ""wifi_rssi"": -76, ""acc_data"": {""ax"": -0.5, ""ay"": -0.03, ""az"": 0.85, ""pitch"": -30.01, ""roll"": -1.34}, ""gyro_data"": {""gx"": 48.99, ""gy"": 52.35, ""gz"": -35.55}, ""gps_data"": {""latitude"": 0, ""longitude"": 0, ""gps_altitude"": 0, ""time"": 77649}, ""alt_data"": {""pressure"": 851.59, ""temperature"": 23.58, ""AGL"": -1.19, ""velocity"": 0, ""kalman_altitude"": -1.18, ""kalman_vertical_velocity"": -9.11}, ""chute_state"": {""pyro1_state"": 0, ""pyro2_state"": 0}, ""connection_status"": {""connected"": true, ""has_ever_connected"": true, ""packet_age_ms"": 0, ""timeout_exceeded"": false, ""rssi"": -76}, ""communication_mode"": ""BEACON"", ""timestamp"": 187257, ""packets_received"": 619, ""kalman_data"": {""altitude"": -1.18, ""vertical_velocity"": -9.11}, ""kalman_altitude"": -1.18, ""kalman_vertical_velocity"": -9.11, ""pyroDrogue"": 0, ""pyroMain"": 0, ""pyro1_state"": 0, ""pyro2_state"": 0}"
1764741560.372674,2025-12-03T08:59:20.372674,2792,0,0,-0.63,0.01,0.71,-38.66,0.95,75.91,27.38,-11.86,0,0,0,77852,851.55,23.57,-0.82,0,0,0,0,-79,-0.9,-8.96,BEACON,"{""record_number"": 2792, ""operation_mode"": 0, ""state"": 0, ""battery_voltage"": 0, ""wifi_rssi"": -79, ""acc_data"": {""ax"": -0.63, ""ay"": 0.01, ""az"": 0.71, ""pitch"": -38.66, ""roll"": 0.95}, ""gyro_data"": {""gx"": 75.91, ""gy"": 27.38, ""gz"": -11.86}, ""gps_data"": {""latitude"": 0, ""longitude"": 0, ""gps_altitude"": 0, ""time"": 77852}, ""alt_data"": {""pressure"": 851.55, ""temperature"": 23.57, ""AGL"": -0.82, ""velocity"": 0, ""kalman_altitude"": -0.9, ""kalman_vertical_velocity"": -8.96}, ""chute_state"": {""pyro1_state"": 0, ""pyro2_state"": 0}, ""connection_status"": {""connected"": true, ""has_ever_connected"": true, ""packet_age_ms"": 1, ""timeout_exceeded"": false, ""rssi"": -79}, ""communication_mode"": ""BEACON"", ""timestamp"": 187371, ""packets_received"": 620, ""kalman_data"": {""altitude"": -0.9, ""vertical_velocity"": -8.96}, ""kalman_altitude"": -0.9, ""kalman_vertical_velocity"": -8.96, ""pyroDrogue"": 0, ""pyroMain"": 0, ""pyro1_state"": 0, ""pyro2_state"": 0}"
1764741560.503549,2025-12-03T08:59:20.503549,2796,0,0,-0.56,0.06,0.69,-33.47,4.77,28.99,9.48,16.71,0,0,0,77852,851.55,23.58,-0.76,0,0,0,0,-82,-0.75,-8.87,BEACON,"{""record_number"": 2796, ""operation_mode"": 0, ""state"": 0, ""battery_voltage"": 0, ""wifi_rssi"": -82, ""acc_data"": {""ax"": -0.56, ""ay"": 0.06, ""az"": 0.69, ""pitch"": -33.47, ""roll"": 4.77}, ""gyro_data"": {""gx"": 28.99, ""gy"": 9.48, ""gz"": 16.71}, ""gps_data"": {""latitude"": 0, ""longitude"": 0, ""gps_altitude"": 0, ""time"": 77852}, ""alt_data"": {""pressure"": 851.55, ""temperature"": 23.58, ""AGL"": -0.76, ""velocity"": 0, ""kalman_altitude"": -0.75, ""kalman_vertical_velocity"": -8.87}, ""chute_state"": {""pyro1_state"": 0, ""pyro2_state"": 0}, ""connection_status"": {""connected"": true, ""has_ever_connected"": true, ""packet_age_ms"": 0, ""timeout_exceeded"": false, ""rssi"": -82}, ""communication_mode"": ""BEACON"", ""timestamp"": 187483, ""packets_received"": 621, ""kalman_data"": {""altitude"": -0.75, ""vertical_velocity"": -8.87}, ""kalman_altitude"": -0.75, ""kalman_vertical_velocity"": -8.87, ""pyroDrogue"": 0, ""pyroMain"": 0, ""pyro1_state"": 0, ""pyro2_state"": 0}"
1764741560.638691,2025-12-03T08:59:20.638691,2801,0,0,-0.79,0.21,0.68,-49.21,16.49,-12.38,-110.7,9.48,0,0,0,78052,851.55,23.58,-0.83,0,0,0,0,-83,-0.82,-8.9,BEACON,"{""record_number"": 2801, ""operation_mode"": 0, ""state"": 0, ""battery_voltage"": 0, ""wifi_rssi"": -83, ""acc_data"": {""ax"": -0.79, ""ay"": 0.21, ""az"": 0.68, ""pitch"": -49.21, ""roll"": 16.49}, ""gyro_data"": {""gx"": -12.38, ""gy"": -110.7, ""gz"": 9.48}, ""gps_data"": {""latitude"": 0, ""longitude"": 0, ""gps_altitude"": 0, ""time"": 78052}, ""alt_data"": {""pressure"": 851.55, ""temperature"": 23.58, ""AGL"": -0.83, ""velocity"": 0, ""kalman_altitude"": -0.82, ""kalman_vertical_velocity"": -8.9}, ""chute_state"": {""pyro1_state"": 0, ""pyro2_state"": 0}, ""connection_status"": {""connected"": true, ""has_ever_connected"": true, ""packet_age_ms"": 0, ""timeout_exceeded"": false, ""rssi"": -83}, ""communication_mode"": ""BEACON"", ""timestamp"": 187595, ""packets_received"": 622, ""kalman_data"": {""altitude"": -0.82, ""vertical_velocity"": -8.9}, ""kalman_altitude"": -0.82, ""kalman_vertical_velocity"": -8.9, ""pyroDrogue"": 0, ""pyroMain"": 0, ""pyro1_state"": 0, ""pyro2_state"": 0}"
1764741560.691738,2025-12-03T08:59:20.691738,2805,0,0,-0.63,0.26,0.77,-38.48,18.07,42.71,52.77,-18.29,0,0,0,78052,851.55,23.57,-0.78,0,0,0,0,-81,-0.8,-8.88,BEACON,"{""record_number"": 2805, ""operation_mode"": 0, ""state"": 0, ""battery_voltage"": 0, ""wifi_rssi"": -81, ""acc_data"": {""ax"": -0.63, ""ay"": 0.26, ""az"": 0.77, ""pitch"": -38.48, ""roll"": 18.07}, ""gyro_data"": {""gx"": 42.71, ""gy"": 52.77, ""gz"": -18.29}, ""gps_data"": {""latitude"": 0, ""longitude"": 0, ""gps_altitude"": 0, ""time"": 78052}, ""alt_data"": {""pressure"": 851.55, ""temperature"": 23.57, ""AGL"": -0.78, ""velocity"": 0, ""kalman_altitude"": -0.8, ""kalman_vertical_velocity"": -8.88}, ""chute_state"": {""pyro1_state"": 0, ""pyro2_state"": 0}, ""connection_status"": {""connected"": true, ""has_ever_connected"": true, ""packet_age_ms"": 1, ""timeout_exceeded"": false, ""rssi"": -81}, ""communication_mode"": ""BEACON"", ""timestamp"": 187711, ""packets_received"": 623, ""kalman_data"": {""altitude"": -0.8, ""vertical_velocity"": -8.88}, ""kalman_altitude"": -0.8, ""kalman_vertical_velocity"": -8.88, ""pyroDrogue"": 0, ""pyroMain"": 0, ""pyro1_state"": 0, ""pyro2_state"": 0}"
1764741560.785429,2025-12-03T08:59:20.785429,2809,0,0,-0.7,0.21,0.65,-44.7,18.7,22.1,-81.19,-40.91,0,0,0,78252,851.53,23.58,-0.62,0,0,0,0,-80,-0.62,-8.78,BEACON,"{""record_number"": 2809, ""operation_mode"": 0, ""state"": 0, ""battery_voltage"": 0, ""wifi_rssi"": -80, ""acc_data"": {""ax"": -0.7, ""ay"": 0.21, ""az"": 0.65, ""pitch"": -44.7, ""roll"": 18.7}, ""gyro_data"": {""gx"": 22.1, ""gy"": -81.19, ""gz"": -40.91}, ""gps_data"": {""latitude"": 0, ""longitude"": 0, ""gps_altitude"": 0, ""time"": 78252}, ""alt_data"": {""pressure"": 851.53, ""temperature"": 23.58, ""AGL"": -0.62, ""velocity"": 0, ""kalman_altitude"": -0.62, ""kalman_vertical_velocity"": -8.78}, ""chute_state"": {""pyro1_state"": 0, ""pyro2_state"": 0}, ""connection_status"": {""connected"": true, ""has_ever_connected"": true, ""packet_age_ms"": 0, ""timeout_exceeded"": false, ""rssi"": -80}, ""communication_mode"": ""BEACON"", ""timestamp"": 187821, ""packets_received"": 624, ""kalman_data"": {""altitude"": -0.62, ""vertical_velocity"": -8.78}, ""kalman_altitude"": -0.62, ""kalman_vertical_velocity"": -8.78, ""pyroDrogue"": 0, ""pyroMain"": 0, ""pyro1_state"": 0, ""pyro2_state"": 0}"
1764741560.83077,2025-12-03T08:59:20.830770,2814,0,0,-0.61,0.12,0.61,-38.02,11.67,106.65,61.19,-76.68,0,0,0,78452,851.54,23.57,-0.71,0,0,0,0,-79,-0.7,-8.81,BEACON,"{""record_number"": 2814, ""operation_mode"": 0, ""state"": 0, ""battery_voltage"": 0, ""wifi_rssi"": -79, ""acc_data"": {""ax"": -0.61, ""ay"": 0.12, ""az"": 0.61, ""pitch"": -38.02, ""roll"": 11.67}, ""gyro_data"": {""gx"": 106.65, ""gy"": 61.19, ""gz"": -76.68}, ""gps_data"": {""latitude"": 0, ""longitude"": 0, ""gps_altitude"": 0, ""time"": 78452}, ""alt_data"": {""pressure"": 851.54, ""temperature"": 23.57, ""AGL"": -0.71, ""velocity"": 0, ""kalman_altitude"": -0.7, ""kalman_vertical_velocity"": -8.81}, ""chute_state"": {""pyro1_state"": 0, ""pyro2_state"": 0}, ""connection_status"": {""connected"": true, ""has_ever_connected"": true, ""packet_age_ms"": 0, ""timeout_exceeded"": false, ""rssi"": -79}, ""communication_mode"": ""BEACON"", ""timestamp"": 187935, ""packets_received"": 625, ""kalman_data"": {""altitude"": -0.7, ""vertical_velocity"": -8.81}, ""kalman_altitude"": -0.7, ""kalman_vertical_velocity"": -8.81, ""pyroDrogue"": 0, ""pyroMain"": 0, ""pyro1_state"": 0, ""pyro2_state"": 0}"
1764741560.937997,2025-12-03T08:59:20.937997,2818,0,0,-0.67,0.16,0.63,-42,13.59,110.91,46.83,-103.38,0,0,0,78452,851.53,23.58,-0.62,0,0,0,0,-83,-0.64,-8.78,BEACON,"{""record_number"": 2818, ""operation_mode"": 0, ""state"": 0, ""battery_voltage"": 0, ""wifi_rssi"": -83, ""acc_data"": {""ax"": -0.67, ""ay"": 0.16, ""az"": 0.63, ""pitch"": -42, ""roll"": 13.59}, ""gyro_data"": {""gx"": 110.91, ""gy"": 46.83, ""gz"": -103.38}, ""gps_data"": {""latitude"": 0, ""longitude"": 0, ""gps_altitude"": 0, ""time"": 78452}, ""alt_data"": {""pressure"": 851.53, ""temperature"": 23.58, ""AGL"": -0.62, ""velocity"": 0, ""kalman_altitude"": -0.64, ""kalman_vertical_velocity"": -8.78}, ""chute_state"": {""pyro1_state"": 0, ""pyro2_state"": 0}, ""connection_status"": {""connected"": true, ""has_ever_connected"": true, ""packet_age_ms"": 0, ""timeout_exceeded"": false, ""rssi"": -83}, ""communication_mode"": ""BEACON"", ""timestamp"": 188048, ""packets_received"": 626, ""kalman_data"": {""altitude"": -0.64, ""vertical_velocity"": -8.78}, ""kalman_altitude"": -0.64, ""kalman_vertical_velocity"": -8.78, ""pyroDrogue"": 0, ""pyroMain"": 0, ""pyro1_state"": 0, ""pyro2_state"": 0}"
1764741561.005961,2025-12-03T08:59:21.005961,2822,0,0,-0.71,0.16,0.62,-45.57,15.19,75.88,75.24,-91.59,0,0,0,78654,851.49,23.57,-0.18,0,0,0,0,-88,-0.31,-8.6,BEACON,"{""record_number"": 2822, ""operation_mode"": 0, ""state"": 0, ""battery_voltage"": 0, ""wifi_rssi"": -88, ""acc_data"": {""ax"": -0.71, ""ay"": 0.16, ""az"": 0.62, ""pitch"": -45.57, ""roll"": 15.19}, ""gyro_data"": {""gx"": 75.88, ""gy"": 75.24, ""gz"": -91.59}, ""gps_data"": {""latitude"": 0, ""longitude"": 0, ""gps_altitude"": 0, ""time"": 78654}, ""alt_data"": {""pressure"": 851.49, ""temperature"": 23.57, ""AGL"": -0.18, ""velocity"": 0, ""kalman_altitude"": -0.31, ""kalman_vertical_velocity"": -8.6}, ""chute_state"": {""pyro1_state"": 0, ""pyro2_state"": 0}, ""connection_status"": {""connected"": true, ""has_ever_connected"": true, ""packet_age_ms"": 0, ""timeout_exceeded"": false, ""rssi"": -88}, ""communication_mode"": ""BEACON"", ""timestamp"": 188162, ""packets_received"": 627, ""kalman_data"": {""altitude"": -0.31, ""vertical_velocity"": -8.6}, ""kalman_altitude"": -0.31, ""kalman_vertical_velocity"": -8.6, ""pyroDrogue"": 0, ""pyroMain"": 0, ""pyro1_state"": 0, ""pyro2_state"": 0}"
1764741561.087132,2025-12-03T08:59:21.087132,2827,0,0,-0.75,0.17,0.62,-49.04,15.28,25.55,29.88,-47.38,0,0,0,78654,851.55,23.57,-0.82,0,0,0,0,-83,-0.73,-8.81,BEACON,"{""record_number"": 2827, ""operation_mode"": 0, ""state"": 0, ""battery_voltage"": 0, ""wifi_rssi"": -83, ""acc_data"": {""ax"": -0.75, ""ay"": 0.17, ""az"": 0.62, ""pitch"": -49.04, ""roll"": 15.28}, ""gyro_data"": {""gx"": 25.55, ""gy"": 29.88, ""gz"": -47.38}, ""gps_data"": {""latitude"": 0, ""longitude"": 0, ""gps_altitude"": 0, ""time"": 78654}, ""alt_data"": {""pressure"": 851.55, ""temperature"": 23.57, ""AGL"": -0.82, ""velocity"": 0, ""kalman_altitude"": -0.73, ""kalman_vertical_velocity"": -8.81}, ""chute_state"": {""pyro1_state"": 0, ""pyro2_state"": 0}, ""connection_status"": {""connected"": true, ""has_ever_connected"": true, ""packet_age_ms"": 0, ""timeout_exceeded"": false, ""rssi"": -83}, ""communication_mode"": ""BEACON"", ""timestamp"": 188274, ""packets_received"": 628, ""kalman_data"": {""altitude"": -0.73, ""vertical_velocity"": -8.81}, ""kalman_altitude"": -0.73, ""kalman_vertical_velocity"": -8.81, ""pyroDrogue"": 0, ""pyroMain"": 0, ""pyro1_state"": 0, ""pyro2_state"": 0}"
1764741561.31724,2025-12-03T08:59:21.317240,2835,0,0,-0.68,0.16,0.63,-42.23,14.33,-1.49,12.56,-33.48,0,0,0,78858,851.52,23.57,-0.53,0,0,0,0,-82,-0.58,-8.72,BEACON,"{""record_number"": 2835, ""operation_mode"": 0, ""state"": 0, ""battery_voltage"": 0, ""wifi_rssi"": -82, ""acc_data"": {""ax"": -0.68, ""ay"": 0.16, ""az"": 0.63, ""pitch"": -42.23, ""roll"": 14.33}, ""gyro_data"": {""gx"": -1.49, ""gy"": 12.56, ""gz"": -33.48}, ""gps_data"": {""latitude"": 0, ""longitude"": 0, ""gps_altitude"": 0, ""time"": 78858}, ""alt_data"": {""pressure"": 851.52, ""temperature"": 23.57, ""AGL"": -0.53, ""velocity"": 0, ""kalman_altitude"": -0.58, ""kalman_vertical_velocity"": -8.72}, ""chute_state"": {""pyro1_state"": 0, ""pyro2_state"": 0}, ""connection_status"": {""connected"": true, ""has_ever_connected"": true, ""packet_age_ms"": 1, ""timeout_exceeded"": false, ""rssi"": -82}, ""communication_mode"": ""BEACON"", ""timestamp"": 188501, ""packets_received"": 629, ""kalman_data"": {""altitude"": -0.58, ""vertical_velocity"": -8.72}, ""kalman_altitude"": -0.58, ""kalman_vertical_velocity"": -8.72, ""pyroDrogue"": 0, ""pyroMain"": 0, ""pyro1_state"": 0, ""pyro2_state"": 0}"
1764741561.45684,2025-12-03T08:59:21.456840,2839,0,0,-0.71,0.17,0.58,-46.37,16.24,-9.85,18.05,-23.26,0,0,0,79058,851.54,23.58,-0.69,0,0,0,0,-91,-0.67,-8.76,BEACON,"{""record_number"": 2839, ""operation_mode"": 0, ""state"": 0, ""battery_voltage"": 0, ""wifi_rssi"": -91, ""acc_data"": {""ax"": -0.71, ""ay"": 0.17, ""az"": 0.58, ""pitch"": -46.37, ""roll"": 16.24}, ""gyro_data"": {""gx"": -9.85, ""gy"": 18.05, ""gz"": -23.26}, ""gps_data"": {""latitude"": 0, ""longitude"": 0, ""gps_altitude"": 0, ""time"": 79058}, ""alt_data"": {""pressure"": 851.54, ""temperature"": 23.58, ""AGL"": -0.69, ""velocity"": 0, ""kalman_altitude"": -0.67, ""kalman_vertical_velocity"": -8.76}, ""chute_state"": {""pyro1_state"": 0, ""pyro2_state"": 0}, ""connection_status"": {""connected"": true, ""has_ever_connected"": true, ""packet_age_ms"": 0, ""timeout_exceeded"": false, ""rssi"": -91}, ""communication_mode"": ""BEACON"", ""timestamp"": 188613, ""packets_received"": 630, ""kalman_data"": {""altitude"": -0.67, ""vertical_velocity"": -8.76}, ""kalman_altitude"": -0.67, ""kalman_vertical_velocity"": -8.76, ""pyroDrogue"": 0, ""pyroMain"": 0, ""pyro1_state"": 0, ""pyro2_state"": 0}"
1764741561.598389,2025-12-03T08:59:21.598389,2844,0,0,-0.74,0.15,0.6,-49.08,13.21,-18.2,9.66,0.43,0,0,0,79258,851.53,23.58,-0.62,0,0,0,0,-86,-0.63,-8.74,BEACON,"{""record_number"": 2844, ""operation_mode"": 0, ""state"": 0, ""battery_voltage"": 0, ""wifi_rssi"": -86, ""acc_data"": {""ax"": -0.74, ""ay"": 0.15, ""az"": 0.6, ""pitch"": -49.08, ""roll"": 13.21}, ""gyro_data"": {""gx"": -18.2, ""gy"": 9.66, ""gz"": 0.43}, ""gps_data"": {""latitude"": 0, ""longitude"": 0, ""gps_altitude"": 0, ""time"": 79258}, ""alt_data"": {""pressure"": 851.53, ""temperature"": 23.58, ""AGL"": -0.62, ""velocity"": 0, ""kalman_altitude"": -0.63, ""kalman_vertical_velocity"": -8.74}, ""chute_state"": {""pyro1_state"": 0, ""pyro2_state"": 0}, ""connection_status"": {""connected"": true, ""has_ever_connected"": true, ""packet_age_ms"": 0, ""timeout_exceeded"": false, ""rssi"": -86}, ""communication_mode"": ""BEACON"", ""timestamp"": 188726, ""packets_received"": 631, ""kalman_data"": {""altitude"": -0.63, ""vertical_velocity"": -8.74}, ""kalman_altitude"": -0.63, ""kalman_vertical_velocity"": -8.74, ""pyroDrogue"": 0, ""pyroMain"": 0, ""pyro1_state"": 0, ""pyro2_state"": 0}"
1764741561.725381,2025-12-03T08:59:21.725381,2852,0,0,-0.71,0.17,0.6,-45.05,15.92,13.99,-2.84,-43.38,0,0,0,79458,851.52,23.59,-0.52,0,0,0,0,-85,-0.51,-8.66,BEACON,"{""record_number"": 2852, ""operation_mode"": 0, ""state"": 0, ""battery_voltage"": 0, ""wifi_rssi"": -85, ""acc_data"": {""ax"": -0.71, ""ay"": 0.17, ""az"": 0.6, ""pitch"": -45.05, ""roll"": 15.92}, ""gyro_data"": {""gx"": 13.99, ""gy"": -2.84, ""gz"": -43.38}, ""gps_data"": {""latitude"": 0, ""longitude"": 0, ""gps_altitude"": 0, ""time"": 79458}, ""alt_data"": {""pressure"": 851.52, ""temperature"": 23.59, ""AGL"": -0.52, ""velocity"": 0, ""kalman_altitude"": -0.51, ""kalman_vertical_velocity"": -8.66}, ""chute_state"": {""pyro1_state"": 0, ""pyro2_state"": 0}, ""connection_status"": {""connected"": true, ""has_ever_connected"": true, ""packet_age_ms"": 0, ""timeout_exceeded"": false, ""rssi"": -85}, ""communication_mode"": ""BEACON"", ""timestamp"": 188952, ""packets_received"": 632, ""kalman_data"": {""altitude"": -0.51, ""vertical_velocity"": -8.66}, ""kalman_altitude"": -0.51, ""kalman_vertical_velocity"": -8.66, ""pyroDrogue"": 0, ""pyroMain"": 0, ""pyro1_state"": 0, ""pyro2_state"": 0}"
1764741561.846054,2025-12-03T08:59:21.846054,2857,0,0,-0.7,0.17,0.56,-44.19,16.61,-10.49,-12.38,-35.95,0,0,0,79458,851.53,23.59,-0.56,0,0,0,0,-85,-0.56,-8.68,BEACON,"{""record_number"": 2857, ""operation_mode"": 0, ""state"": 0, ""battery_voltage"": 0, ""wifi_rssi"": -85, ""acc_data"": {""ax"": -0.7, ""ay"": 0.17, ""az"": 0.56, ""pitch"": -44.19, ""roll"": 16.61}, ""gyro_data"": {""gx"": -10.49, ""gy"": -12.38, ""gz"": -35.95}, ""gps_data"": {""latitude"": 0, ""longitude"": 0, ""gps_altitude"": 0, ""time"": 79458}, ""alt_data"": {""pressure"": 851.53, ""temperature"": 23.59, ""AGL"": -0.56, ""velocity"": 0, ""kalman_altitude"": -0.56, ""kalman_vertical_velocity"": -8.68}, ""chute_state"": {""pyro1_state"": 0, ""pyro2_state"": 0}, ""connection_status"": {""connected"": true, ""has_ever_connected"": true, ""packet_age_ms"": 0, ""timeout_exceeded"": false, ""rssi"": -85}, ""communication_mode"": ""BEACON"", ""timestamp"": 189064, ""packets_received"": 633, ""kalman_data"": {""altitude"": -0.56, ""vertical_velocity"": -8.68}, ""kalman_altitude"": -0.56, ""kalman_vertical_velocity"": -8.68, ""pyroDrogue"": 0, ""pyroMain"": 0, ""pyro1_state"": 0, ""pyro2_state"": 0}"
1764741562.399558,2025-12-03T08:59:22.399558,2861,0,0,-0.75,0.15,0.59,-48.91,14.08,-18.84,-35.85,4.39,0,0,0,79661,851.56,23.6,-0.87,0,0,0,0,-83,-0.84,-8.82,BEACON,"{""record_number"": 2861, ""operation_mode"": 0, ""state"": 0, ""battery_voltage"": 0, ""wifi_rssi"": -83, ""acc_data"": {""ax"": -0.75, ""ay"": 0.15, ""az"": 0.59, ""pitch"": -48.91, ""roll"": 14.08}, ""gyro_data"": {""gx"": -18.84, ""gy"": -35.85, ""gz"": 4.39}, ""gps_data"": {""latitude"": 0, ""longitude"": 0, ""gps_altitude"": 0, ""time"": 79661}, ""alt_data"": {""pressure"": 851.56, ""temperature"": 23.6, ""AGL"": -0.87, ""velocity"": 0, ""kalman_altitude"": -0.84, ""kalman_vertical_velocity"": -8.82}, ""chute_state"": {""pyro1_state"": 0, ""pyro2_state"": 0}, ""connection_status"": {""connected"": true, ""has_ever_connected"": true, ""packet_age_ms"": 0, ""timeout_exceeded"": false, ""rssi"": -83}, ""communication_mode"": ""BEACON"", ""timestamp"": 189179, ""packets_received"": 634, ""kalman_data"": {""altitude"": -0.84, ""vertical_velocity"": -8.82}, ""kalman_altitude"": -0.84, ""kalman_vertical_velocity"": -8.82, ""pyroDrogue"": 0, ""pyroMain"": 0, ""pyro1_state"": 0, ""pyro2_state"": 0}"
1764741562.557579,2025-12-03T08:59:22.557579,2865,0,0,-0.69,0.11,0.59,-42.8,9.79,-19.3,-49.15,47.77,0,0,0,79661,851.52,23.6,-0.51,0,0,0,0,-82,-0.58,-8.68,BEACON,"{""record_number"": 2865, ""operation_mode"": 0, ""state"": 0, ""battery_voltage"": 0, ""wifi_rssi"": -82, ""acc_data"": {""ax"": -0.69, ""ay"": 0.11, ""az"": 0.59, ""pitch"": -42.8, ""roll"": 9.79}, ""gyro_data"": {""gx"": -19.3, ""gy"": -49.15, ""gz"": 47.77}, ""gps_data"": {""latitude"": 0, ""longitude"": 0, ""gps_altitude"": 0, ""time"": 79661}, ""alt_data"": {""pressure"": 851.52, ""temperature"": 23.6, ""AGL"": -0.51, ""velocity"": 0, ""kalman_altitude"": -0.58, ""kalman_vertical_velocity"": -8.68}, ""chute_state"": {""pyro1_state"": 0, ""pyro2_state"": 0}, ""connection_status"": {""connected"": true, ""has_ever_connected"": true, ""packet_age_ms"": 0, ""timeout_exceeded"": false, ""rssi"": -82}, ""communication_mode"": ""BEACON"", ""timestamp"": 189290, ""packets_received"": 635, ""kalman_data"": {""altitude"": -0.58, ""vertical_velocity"": -8.68}, ""kalman_altitude"": -0.58, ""kalman_vertical_velocity"": -8.68, ""pyroDrogue"": 0, ""pyroMain"": 0, ""pyro1_state"": 0, ""pyro2_state"": 0}"
1764741562.697302,2025-12-03T08:59:22.697302,2870,0,0,-0.67,0.16,0.63,-39.38,14.51,42.56,-50.09,44.51,0,0,0,79863,851.53,23.59,-0.63,0,0,0,0,-81,-0.63,-8.7,BEACON,"{""record_number"": 2870, ""operation_mode"": 0, ""state"": 0, ""battery_voltage"": 0, ""wifi_rssi"": -81, ""acc_data"": {""ax"": -0.67, ""ay"": 0.16, ""az"": 0.63, ""pitch"": -39.38, ""roll"": 14.51}, ""gyro_data"": {""gx"": 42.56, ""gy"": -50.09, ""gz"": 44.51}, ""gps_data"": {""latitude"": 0, ""longitude"": 0, ""gps_altitude"": 0, ""time"": 79863}, ""alt_data"": {""pressure"": 851.53, ""temperature"": 23.59, ""AGL"": -0.63, ""velocity"": 0, ""kalman_altitude"": -0.63, ""kalman_vertical_velocity"": -8.7}, ""chute_state"": {""pyro1_state"": 0, ""pyro2_state"": 0}, ""connection_status"": {""connected"": true, ""has_ever_connected"": true, ""packet_age_ms"": 0, ""timeout_exceeded"": false, ""rssi"": -81}, ""communication_mode"": ""BEACON"", ""timestamp"": 189403, ""packets_received"": 636, ""kalman_data"": {""altitude"": -0.63, ""vertical_velocity"": -8.7}, ""kalman_altitude"": -0.63, ""kalman_vertical_velocity"": -8.7, ""pyroDrogue"": 0, ""pyroMain"": 0, ""pyro1_state"": 0, ""pyro2_state"": 0}"
1764741562.864926,2025-12-03T08:59:22.864926,2874,0,0,-0.62,0.18,0.61,-38.02,16.08,27.68,43.23,13.84,0,0,0,79863,851.53,23.6,-0.63,0,0,0,0,-82,-0.7,-8.73,BEACON,"{""record_number"": 2874, ""operation_mode"": 0, ""state"": 0, ""battery_voltage"": 0, ""wifi_rssi"": -82, ""acc_data"": {""ax"": -0.62, ""ay"": 0.18, ""az"": 0.61, ""pitch"": -38.02, ""roll"": 16.08}, ""gyro_data"": {""gx"": 27.68, ""gy"": 43.23, ""gz"": 13.84}, ""gps_data"": {""latitude"": 0, ""longitude"": 0, ""gps_altitude"": 0, ""time"": 79863}, ""alt_data"": {""pressure"": 851.53, ""temperature"": 23.6, ""AGL"": -0.63, ""velocity"": 0, ""kalman_altitude"": -0.7, ""kalman_vertical_velocity"": -8.73}, ""chute_state"": {""pyro1_state"": 0, ""pyro2_state"": 0}, ""connection_status"": {""connected"": true, ""has_ever_connected"": true, ""packet_age_ms"": 1, ""timeout_exceeded"": false, ""rssi"": -82}, ""communication_mode"": ""BEACON"", ""timestamp"": 189517, ""packets_received"": 637, ""kalman_data"": {""altitude"": -0.7, ""vertical_velocity"": -8.73}, ""kalman_altitude"": -0.7, ""kalman_vertical_velocity"": -8.73, ""pyroDrogue"": 0, ""pyroMain"": 0, ""pyro1_state"": 0, ""pyro2_state"": 0}"
1764741562.940789,2025-12-03T08:59:22.940789,2878,0,0,-0.69,0.25,0.61,-42.72,21.69,-12.62,-12.16,1.28,0,0,0,80063,851.47,23.6,-0.05,0,0,0,0,-82,-0.18,-8.47,BEACON,"{""record_number"": 2878, ""operation_mode"": 0, ""state"": 0, ""battery_voltage"": 0, ""wifi_rssi"": -82, ""acc_data"": {""ax"": -0.69, ""ay"": 0.25, ""az"": 0.61, ""pitch"": -42.72, ""roll"": 21.69}, ""gyro_data"": {""gx"": -12.62, ""gy"": -12.16, ""gz"": 1.28}, ""gps_data"": {""latitude"": 0, ""longitude"": 0, ""gps_altitude"": 0, ""time"": 80063}, ""alt_data"": {""pressure"": 851.47, ""temperature"": 23.6, ""AGL"": -0.05, ""velocity"": 0, ""kalman_altitude"": -0.18, ""kalman_vertical_velocity"": -8.47}, ""chute_state"": {""pyro1_state"": 0, ""pyro2_state"": 0}, ""connection_status"": {""connected"": true, ""has_ever_connected"": true, ""packet_age_ms"": 1, ""timeout_exceeded"": false, ""rssi"": -82}, ""communication_mode"": ""BEACON"", ""timestamp"": 189629, ""packets_received"": 638, ""kalman_data"": {""altitude"": -0.18, ""vertical_velocity"": -8.47}, ""kalman_altitude"": -0.18, ""kalman_vertical_velocity"": -8.47, ""pyroDrogue"": 0, ""pyroMain"": 0, ""pyro1_state"": 0, ""pyro2_state"": 0}"
1764741563.083324,2025-12-03T08:59:23.083324,2883,0,0,-0.66,0.24,0.65,-41.59,20.95,-30.98,-61.4,8.99,0,0,0,80264,851.57,23.61,-0.96,0,0,0,0,-83,-0.83,-8.78,BEACON,"{""record_number"": 2883, ""operation_mode"": 0, ""state"": 0, ""battery_voltage"": 0, ""wifi_rssi"": -83, ""acc_data"": {""ax"": -0.66, ""ay"": 0.24, ""az"": 0.65, ""pitch"": -41.59, ""roll"": 20.95}, ""gyro_data"": {""gx"": -30.98, ""gy"": -61.4, ""gz"": 8.99}, ""gps_data"": {""latitude"": 0, ""longitude"": 0, ""gps_altitude"": 0, ""time"": 80264}, ""alt_data"": {""pressure"": 851.57, ""temperature"": 23.61, ""AGL"": -0.96, ""velocity"": 0, ""kalman_altitude"": -0.83, ""kalman_vertical_velocity"": -8.78}, ""chute_state"": {""pyro1_state"": 0, ""pyro2_state"": 0}, ""connection_status"": {""connected"": true, ""has_ever_connected"": true, ""packet_age_ms"": 0, ""timeout_exceeded"": false, ""rssi"": -83}, ""communication_mode"": ""BEACON"", ""timestamp"": 189741, ""packets_received"": 639, ""kalman_data"": {""altitude"": -0.83, ""vertical_velocity"": -8.78}, ""kalman_altitude"": -0.83, ""kalman_vertical_velocity"": -8.78, ""pyroDrogue"": 0, ""pyroMain"": 0, ""pyro1_state"": 0, ""pyro2_state"": 0}"
1764741563.137551,2025-12-03T08:59:23.137551,2887,0,0,-0.62,0.22,0.6,-38.77,20.27,-68.05,-86.65,16.62,0,0,0,80264,851.52,23.61,-0.54,0,0,0,0,-83,-0.57,-8.65,BEACON,"{""record_number"": 2887, ""operation_mode"": 0, ""state"": 0, ""battery_voltage"": 0, ""wifi_rssi"": -83, ""acc_data"": {""ax"": -0.62, ""ay"": 0.22, ""az"": 0.6, ""pitch"": -38.77, ""roll"": 20.27}, ""gyro_data"": {""gx"": -68.05, ""gy"": -86.65, ""gz"": 16.62}, ""gps_data"": {""latitude"": 0, ""longitude"": 0, ""gps_altitude"": 0, ""time"": 80264}, ""alt_data"": {""pressure"": 851.52, ""temperature"": 23.61, ""AGL"": -0.54, ""velocity"": 0, ""kalman_altitude"": -0.57, ""kalman_vertical_velocity"": -8.65}, ""chute_state"": {""pyro1_state"": 0, ""pyro2_state"": 0}, ""connection_status"": {""connected"": true, ""has_ever_connected"": true, ""packet_age_ms"": 0, ""timeout_exceeded"": false, ""rssi"": -83}, ""communication_mode"": ""BEACON"", ""timestamp"": 189854, ""packets_received"": 640, ""kalman_data"": {""altitude"": -0.57, ""vertical_velocity"": -8.65}, ""kalman_altitude"": -0.57, ""kalman_vertical_velocity"": -8.65, ""pyroDrogue"": 0, ""pyroMain"": 0, ""pyro1_state"": 0, ""pyro2_state"": 0}"
1764741563.190232,2025-12-03T08:59:23.190232,2891,0,0,-0.65,0.21,0.65,-41.4,17.77,-76.13,-57.62,17.62,0,0,0,80464,851.52,23.61,-0.47,0,0,0,0,-83,-0.49,-8.6,BEACON,"{""record_number"": 2891, ""operation_mode"": 0, ""state"": 0, ""battery_voltage"": 0, ""wifi_rssi"": -83, ""acc_data"": {""ax"": -0.65, ""ay"": 0.21, ""az"": 0.65, ""pitch"": -41.4, ""roll"": 17.77}, ""gyro_data"": {""gx"": -76.13, ""gy"": -57.62, ""gz"": 17.62}, ""gps_data"": {""latitude"": 0, ""longitude"": 0, ""gps_altitude"": 0, ""time"": 80464}, ""alt_data"": {""pressure"": 851.52, ""temperature"": 23.61, ""AGL"": -0.47, ""velocity"": 0, ""kalman_altitude"": -0.49, ""kalman_vertical_velocity"": -8.6}, ""chute_state"": {""pyro1_state"": 0, ""pyro2_state"": 0}, ""connection_status"": {""connected"": true, ""has_ever_connected"": true, ""packet_age_ms"": 0, ""timeout_exceeded"": false, ""rssi"": -83}, ""communication_mode"": ""BEACON"", ""timestamp"": 189967, ""packets_received"": 641, ""kalman_data"": {""altitude"": -0.49, ""vertical_velocity"": -8.6}, ""kalman_altitude"": -0.49, ""kalman_vertical_velocity"": -8.6, ""pyroDrogue"": 0, ""pyroMain"": 0, ""pyro1_state"": 0, ""pyro2_state"": 0}"
1764741563.262737,2025-12-03T08:59:23.262737,2895,0,0,-0.69,0.17,0.75,-43.84,12.95,-41.13,-51.62,7.71,0,0,0,80464,851.53,23.6,-0.62,0,0,0,0,-84,-0.6,-8.65,BEACON,"{""record_number"": 2895, ""operation_mode"": 0, ""state"": 0, ""battery_voltage"": 0, ""wifi_rssi"": -84, ""acc_data"": {""ax"": -0.69, ""ay"": 0.17, ""az"": 0.75, ""pitch"": -43.84, ""roll"": 12.95}, ""gyro_data"": {""gx"": -41.13, ""gy"": -51.62, ""gz"": 7.71}, ""gps_data"": {""latitude"": 0, ""longitude"": 0, ""gps_altitude"": 0, ""time"": 80464}, ""alt_data"": {""pressure"": 851.53, ""temperature"": 23.6, ""AGL"": -0.62, ""velocity"": 0, ""kalman_altitude"": -0.6, ""kalman_vertical_velocity"": -8.65}, ""chute_state"": {""pyro1_state"": 0, ""pyro2_state"": 0}, ""connection_status"": {""connected"": true, ""has_ever_connected"": true, ""packet_age_ms"": 0, ""timeout_exceeded"": false, ""rssi"": -84}, ""communication_mode"": ""BEACON"", ""timestamp"": 190080, ""packets_received"": 642, ""kalman_data"": {""altitude"": -0.6, ""vertical_velocity"": -8.65}, ""kalman_altitude"": -0.6, ""kalman_vertical_velocity"": -8.65, ""pyroDrogue"": 0, ""pyroMain"": 0, ""pyro1_state"": 0, ""pyro2_state"": 0}"
1764741563.345734,2025-12-03T08:59:23.345734,2900,0,0,-0.59,0.17,0.76,-36.16,11.65,17.38,-28.02,9.33,0,0,0,80667,851.53,23.6,-0.62,0,0,0,0,-86,-0.66,-8.66,BEACON,"{""record_number"": 2900, ""operation_mode"": 0, ""state"": 0, ""battery_voltage"": 0, ""wifi_rssi"": -86, ""acc_data"": {""ax"": -0.59, ""ay"": 0.17, ""az"": 0.76, ""pitch"": -36.16, ""roll"": 11.65}, ""gyro_data"": {""gx"": 17.38, ""gy"": -28.02, ""gz"": 9.33}, ""gps_data"": {""latitude"": 0, ""longitude"": 0, ""gps_altitude"": 0, ""time"": 80667}, ""alt_data"": {""pressure"": 851.53, ""temperature"": 23.6, ""AGL"": -0.62, ""velocity"": 0, ""kalman_altitude"": -0.66, ""kalman_vertical_velocity"": -8.66}, ""chute_state"": {""pyro1_state"": 0, ""pyro2_state"": 0}, ""connection_status"": {""connected"": true, ""has_ever_connected"": true, ""packet_age_ms"": 0, ""timeout_exceeded"": false, ""rssi"": -86}, ""communication_mode"": ""BEACON"", ""timestamp"": 190193, ""packets_received"": 643, ""kalman_data"": {""altitude"": -0.66, ""vertical_velocity"": -8.66}, ""kalman_altitude"": -0.66, ""kalman_vertical_velocity"": -8.66, ""pyroDrogue"": 0, ""pyroMain"": 0, ""pyro1_state"": 0, ""pyro2_state"": 0}"
1764741563.478447,2025-12-03T08:59:23.478447,2904,0,0,-0.63,0.17,0.77,-39.09,15.32,16.83,-79.39,27.84,0,0,0,80667,851.57,23.6,-0.98,0,0,0,0,-86,-0.92,-8.78,BEACON,"{""record_number"": 2904, ""operation_mode"": 0, ""state"": 0, ""battery_voltage"": 0, ""wifi_rssi"": -86, ""acc_data"": {""ax"": -0.63, ""ay"": 0.17, ""az"": 0.77, ""pitch"": -39.09, ""roll"": 15.32}, ""gyro_data"": {""gx"": 16.83, ""gy"": -79.39, ""gz"": 27.84}, ""gps_data"": {""latitude"": 0, ""longitude"": 0, ""gps_altitude"": 0, ""time"": 80667}, ""alt_data"": {""pressure"": 851.57, ""temperature"": 23.6, ""AGL"": -0.98, ""velocity"": 0, ""kalman_altitude"": -0.92, ""kalman_vertical_velocity"": -8.78}, ""chute_state"": {""pyro1_state"": 0, ""pyro2_state"": 0}, ""connection_status"": {""connected"": true, ""has_ever_connected"": true, ""packet_age_ms"": 0, ""timeout_exceeded"": false, ""rssi"": -86}, ""communication_mode"": ""BEACON"", ""timestamp"": 190306, ""packets_received"": 644, ""kalman_data"": {""altitude"": -0.92, ""vertical_velocity"": -8.78}, ""kalman_altitude"": -0.92, ""kalman_vertical_velocity"": -8.78, ""pyroDrogue"": 0, ""pyroMain"": 0, ""pyro1_state"": 0, ""pyro2_state"": 0}"
1764741563.593741,2025-12-03T08:59:23.593741,2908,0,0,-0.58,0.19,0.79,-34.68,14.46,27.93,-62.8,32.04,0,0,0,80869,851.49,23.59,-0.24,0,0,0,0,-89,-0.37,-8.5,BEACON,"{""record_number"": 2908, ""operation_mode"": 0, ""state"": 0, ""battery_voltage"": 0, ""wifi_rssi"": -89, ""acc_data"": {""ax"": -0.58, ""ay"": 0.19, ""az"": 0.79, ""pitch"": -34.68, ""roll"": 14.46}, ""gyro_data"": {""gx"": 27.93, ""gy"": -62.8, ""gz"": 32.04}, ""gps_data"": {""latitude"": 0, ""longitude"": 0, ""gps_altitude"": 0, ""time"": 80869}, ""alt_data"": {""pressure"": 851.49, ""temperature"": 23.59, ""AGL"": -0.24, ""velocity"": 0, ""kalman_altitude"": -0.37, ""kalman_vertical_velocity"": -8.5}, ""chute_state"": {""pyro1_state"": 0, ""pyro2_state"": 0}, ""connection_status"": {""connected"": true, ""has_ever_connected"": true, ""packet_age_ms"": 0, ""timeout_exceeded"": false, ""rssi"": -89}, ""communication_mode"": ""BEACON"", ""timestamp"": 190420, ""packets_received"": 645, ""kalman_data"": {""altitude"": -0.37, ""vertical_velocity"": -8.5}, ""kalman_altitude"": -0.37, ""kalman_vertical_velocity"": -8.5, ""pyroDrogue"": 0, ""pyroMain"": 0, ""pyro1_state"": 0, ""pyro2_state"": 0}"
1764741563.675139,2025-12-03T08:59:23.675139,2913,0,0,-0.53,0.22,0.78,-32.27,15.57,23.08,-32.13,9.7,0,0,0,81069,851.55,23.6,-0.8,0,0,0,0,-88,-0.76,-8.68,BEACON,"{""record_number"": 2913, ""operation_mode"": 0, ""state"": 0, ""battery_voltage"": 0, ""wifi_rssi"": -88, ""acc_data"": {""ax"": -0.53, ""ay"": 0.22, ""az"": 0.78, ""pitch"": -32.27, ""roll"": 15.57}, ""gyro_data"": {""gx"": 23.08, ""gy"": -32.13, ""gz"": 9.7}, ""gps_data"": {""latitude"": 0, ""longitude"": 0, ""gps_altitude"": 0, ""time"": 81069}, ""alt_data"": {""pressure"": 851.55, ""temperature"": 23.6, ""AGL"": -0.8, ""velocity"": 0, ""kalman_altitude"": -0.76, ""kalman_vertical_velocity"": -8.68}, ""chute_state"": {""pyro1_state"": 0, ""pyro2_state"": 0}, ""connection_status"": {""connected"": true, ""has_ever_connected"": true, ""packet_age_ms"": 0, ""timeout_exceeded"": false, ""rssi"": -88}, ""communication_mode"": ""BEACON"", ""timestamp"": 190532, ""packets_received"": 646, ""kalman_data"": {""altitude"": -0.76, ""vertical_velocity"": -8.68}, ""kalman_altitude"": -0.76, ""kalman_vertical_velocity"": -8.68, ""pyroDrogue"": 0, ""pyroMain"": 0, ""pyro1_state"": 0, ""pyro2_state"": 0}"
1764741563.816296,2025-12-03T08:59:23.816296,2917,0,0,-0.53,0.24,0.78,-32.47,17.14,15.67,-33.38,-14.02,0,0,0,81069,851.56,23.59,-0.93,0,0,0,0,-86,-0.9,-8.74,BEACON,"{""record_number"": 2917, ""operation_mode"": 0, ""state"": 0, ""battery_voltage"": 0, ""wifi_rssi"": -86, ""acc_data"": {""ax"": -0.53, ""ay"": 0.24, ""az"": 0.78, ""pitch"": -32.47, ""roll"": 17.14}, ""gyro_data"": {""gx"": 15.67, ""gy"": -33.38, ""gz"": -14.02}, ""gps_data"": {""latitude"": 0, ""longitude"": 0, ""gps_altitude"": 0, ""time"": 81069}, ""alt_data"": {""pressure"": 851.56, ""temperature"": 23.59, ""AGL"": -0.93, ""velocity"": 0, ""kalman_altitude"": -0.9, ""kalman_vertical_velocity"": -8.74}, ""chute_state"": {""pyro1_state"": 0, ""pyro2_state"": 0}, ""connection_status"": {""connected"": true, ""has_ever_connected"": true, ""packet_age_ms"": 0, ""timeout_exceeded"": false, ""rssi"": -86}, ""communication_mode"": ""BEACON"", ""timestamp"": 190647, ""packets_received"": 647, ""kalman_data"": {""altitude"": -0.9, ""vertical_velocity"": -8.74}, ""kalman_altitude"": -0.9, ""kalman_vertical_velocity"": -8.74, ""pyroDrogue"": 0, ""pyroMain"": 0, ""pyro1_state"": 0, ""pyro2_state"": 0}"
1764741564.024403,2025-12-03T08:59:24.024403,2926,0,0,-0.51,0.24,0.79,-30.82,16.73,-16.92,-18.48,-15.12,0,0,0,81269,851.57,23.59,-1.03,0,0,0,0,-84,-1.01,-8.76,BEACON,"{""record_number"": 2926, ""operation_mode"": 0, ""state"": 0, ""battery_voltage"": 0, ""wifi_rssi"": -84, ""acc_data"": {""ax"": -0.51, ""ay"": 0.24, ""az"": 0.79, ""pitch"": -30.82, ""roll"": 16.73}, ""gyro_data"": {""gx"": -16.92, ""gy"": -18.48, ""gz"": -15.12}, ""gps_data"": {""latitude"": 0, ""longitude"": 0, ""gps_altitude"": 0, ""time"": 81269}, ""alt_data"": {""pressure"": 851.57, ""temperature"": 23.59, ""AGL"": -1.03, ""velocity"": 0, ""kalman_altitude"": -1.01, ""kalman_vertical_velocity"": -8.76}, ""chute_state"": {""pyro1_state"": 0, ""pyro2_state"": 0}, ""connection_status"": {""connected"": true, ""has_ever_connected"": true, ""packet_age_ms"": 0, ""timeout_exceeded"": false, ""rssi"": -84}, ""communication_mode"": ""BEACON"", ""timestamp"": 190871, ""packets_received"": 648, ""kalman_data"": {""altitude"": -1.01, ""vertical_velocity"": -8.76}, ""kalman_altitude"": -1.01, ""kalman_vertical_velocity"": -8.76, ""pyroDrogue"": 0, ""pyroMain"": 0, ""pyro1_state"": 0, ""pyro2_state"": 0}"
1764741564.102723,2025-12-03T08:59:24.102723,2934,0,0,-0.49,0.24,0.76,-28.86,17.89,-21.52,-25.43,-15.3,0,0,0,81469,851.56,23.58,-0.94,0,0,0,0,-84,-0.97,-8.72,BEACON,"{""record_number"": 2934, ""operation_mode"": 0, ""state"": 0, ""battery_voltage"": 0, ""wifi_rssi"": -84, ""acc_data"": {""ax"": -0.49, ""ay"": 0.24, ""az"": 0.76, ""pitch"": -28.86, ""roll"": 17.89}, ""gyro_data"": {""gx"": -21.52, ""gy"": -25.43, ""gz"": -15.3}, ""gps_data"": {""latitude"": 0, ""longitude"": 0, ""gps_altitude"": 0, ""time"": 81469}, ""alt_data"": {""pressure"": 851.56, ""temperature"": 23.58, ""AGL"": -0.94, ""velocity"": 0, ""kalman_altitude"": -0.97, ""kalman_vertical_velocity"": -8.72}, ""chute_state"": {""pyro1_state"": 0, ""pyro2_state"": 0}, ""connection_status"": {""connected"": true, ""has_ever_connected"": true, ""packet_age_ms"": 0, ""timeout_exceeded"": false, ""rssi"": -84}, ""communication_mode"": ""BEACON"", ""timestamp"": 191097, ""packets_received"": 649, ""kalman_data"": {""altitude"": -0.97, ""vertical_velocity"": -8.72}, ""kalman_altitude"": -0.97, ""kalman_vertical_velocity"": -8.72, ""pyroDrogue"": 0, ""pyroMain"": 0, ""pyro1_state"": 0, ""pyro2_state"": 0}"
1764741564.157958,2025-12-03T08:59:24.157958,2939,0,0,-0.49,0.25,0.77,-29.72,18.07,-12.62,-1.22,-22.53,0,0,0,81673,851.59,23.6,-1.19,0,0,0,0,-83,-1.14,-8.79,BEACON,"{""record_number"": 2939, ""operation_mode"": 0, ""state"": 0, ""battery_voltage"": 0, ""wifi_rssi"": -83, ""acc_data"": {""ax"": -0.49, ""ay"": 0.25, ""az"": 0.77, ""pitch"": -29.72, ""roll"": 18.07}, ""gyro_data"": {""gx"": -12.62, ""gy"": -1.22, ""gz"": -22.53}, ""gps_data"": {""latitude"": 0, ""longitude"": 0, ""gps_altitude"": 0, ""time"": 81673}, ""alt_data"": {""pressure"": 851.59, ""temperature"": 23.6, ""AGL"": -1.19, ""velocity"": 0, ""kalman_altitude"": -1.14, ""kalman_vertical_velocity"": -8.79}, ""chute_state"": {""pyro1_state"": 0, ""pyro2_state"": 0}, ""connection_status"": {""connected"": true, ""has_ever_connected"": true, ""packet_age_ms"": 0, ""timeout_exceeded"": false, ""rssi"": -83}, ""communication_mode"": ""BEACON"", ""timestamp"": 191210, ""packets_received"": 650, ""kalman_data"": {""altitude"": -1.14, ""vertical_velocity"": -8.79}, ""kalman_altitude"": -1.14, ""kalman_vertical_velocity"": -8.79, ""pyroDrogue"": 0, ""pyroMain"": 0, ""pyro1_state"": 0, ""pyro2_state"": 0}"
1764741564.238968,2025-12-03T08:59:24.238968,2943,0,0,-0.5,0.22,0.81,-30.01,15.2,6.1,-5.03,-15.03,0,0,0,81673,851.55,23.59,-0.82,0,0,0,0,-82,-0.88,-8.65,BEACON,"{""record_number"": 2943, ""operation_mode"": 0, ""state"": 0, ""battery_voltage"": 0, ""wifi_rssi"": -82, ""acc_data"": {""ax"": -0.5, ""ay"": 0.22, ""az"": 0.81, ""pitch"": -30.01, ""roll"": 15.2}, ""gyro_data"": {""gx"": 6.1, ""gy"": -5.03, ""gz"": -15.03}, ""gps_data"": {""latitude"": 0, ""longitude"": 0, ""gps_altitude"": 0, ""time"": 81673}, ""alt_data"": {""pressure"": 851.55, ""temperature"": 23.59, ""AGL"": -0.82, ""velocity"": 0, ""kalman_altitude"": -0.88, ""kalman_vertical_velocity"": -8.65}, ""chute_state"": {""pyro1_state"": 0, ""pyro2_state"": 0}, ""connection_status"": {""connected"": true, ""has_ever_connected"": true, ""packet_age_ms"": 0, ""timeout_exceeded"": false, ""rssi"": -82}, ""communication_mode"": ""BEACON"", ""timestamp"": 191323, ""packets_received"": 651, ""kalman_data"": {""altitude"": -0.88, ""vertical_velocity"": -8.65}, ""kalman_altitude"": -0.88, ""kalman_vertical_velocity"": -8.65, ""pyroDrogue"": 0, ""pyroMain"": 0, ""pyro1_state"": 0, ""pyro2_state"": 0}"
1764741564.59065,2025-12-03T08:59:24.590650,2947,0,0,-0.52,0.22,0.78,-31.18,15.68,8.54,-16.74,-5.06,0,0,0,81876,851.55,23.59,-0.84,0,0,0,0,-87,-0.86,-8.63,BEACON,"{""record_number"": 2947, ""operation_mode"": 0, ""state"": 0, ""battery_voltage"": 0, ""wifi_rssi"": -87, ""acc_data"": {""ax"": -0.52, ""ay"": 0.22, ""az"": 0.78, ""pitch"": -31.18, ""roll"": 15.68}, ""gyro_data"": {""gx"": 8.54, ""gy"": -16.74, ""gz"": -5.06}, ""gps_data"": {""latitude"": 0, ""longitude"": 0, ""gps_altitude"": 0, ""time"": 81876}, ""alt_data"": {""pressure"": 851.55, ""temperature"": 23.59, ""AGL"": -0.84, ""velocity"": 0, ""kalman_altitude"": -0.86, ""kalman_vertical_velocity"": -8.63}, ""chute_state"": {""pyro1_state"": 0, ""pyro2_state"": 0}, ""connection_status"": {""connected"": true, ""has_ever_connected"": true, ""packet_age_ms"": 0, ""timeout_exceeded"": false, ""rssi"": -87}, ""communication_mode"": ""BEACON"", ""timestamp"": 191436, ""packets_received"": 652, ""kalman_data"": {""altitude"": -0.86, ""vertical_velocity"": -8.63}, ""kalman_altitude"": -0.86, ""kalman_vertical_velocity"": -8.63, ""pyroDrogue"": 0, ""pyroMain"": 0, ""pyro1_state"": 0, ""pyro2_state"": 0}"
1764741564.74597,2025-12-03T08:59:24.745970,2952,0,0,-0.49,0.22,0.77,-30.11,15.79,-7.29,-0.64,-7.62,0,0,0,82075,851.58,23.59,-1.06,0,0,0,0,-86,-1.07,-8.72,BEACON,"{""record_number"": 2952, ""operation_mode"": 0, ""state"": 0, ""battery_voltage"": 0, ""wifi_rssi"": -86, ""acc_data"": {""ax"": -0.49, ""ay"": 0.22, ""az"": 0.77, ""pitch"": -30.11, ""roll"": 15.79}, ""gyro_data"": {""gx"": -7.29, ""gy"": -0.64, ""gz"": -7.62}, ""gps_data"": {""latitude"": 0, ""longitude"": 0, ""gps_altitude"": 0, ""time"": 82075}, ""alt_data"": {""pressure"": 851.58, ""temperature"": 23.59, ""AGL"": -1.06, ""velocity"": 0, ""kalman_altitude"": -1.07, ""kalman_vertical_velocity"": -8.72}, ""chute_state"": {""pyro1_state"": 0, ""pyro2_state"": 0}, ""connection_status"": {""connected"": true, ""has_ever_connected"": true, ""packet_age_ms"": 0, ""timeout_exceeded"": false, ""rssi"": -86}, ""communication_mode"": ""BEACON"", ""timestamp"": 191550, ""packets_received"": 653, ""kalman_data"": {""altitude"": -1.07, ""vertical_velocity"": -8.72}, ""kalman_altitude"": -1.07, ""kalman_vertical_velocity"": -8.72, ""pyroDrogue"": 0, ""pyroMain"": 0, ""pyro1_state"": 0, ""pyro2_state"": 0}"
1764741564.814655,2025-12-03T08:59:24.814655,2956,0,0,-0.51,0.25,0.8,-30.34,16.7,6.1,25.55,-25.3,0,0,0,82075,851.57,23.59,-0.99,0,0,0,0,-81,-1.01,-8.68,BEACON,"{""record_number"": 2956, ""operation_mode"": 0, ""state"": 0, ""battery_voltage"": 0, ""wifi_rssi"": -81, ""acc_data"": {""ax"": -0.51, ""ay"": 0.25, ""az"": 0.8, ""pitch"": -30.34, ""roll"": 16.7}, ""gyro_data"": {""gx"": 6.1, ""gy"": 25.55, ""gz"": -25.3}, ""gps_data"": {""latitude"": 0, ""longitude"": 0, ""gps_altitude"": 0, ""time"": 82075}, ""alt_data"": {""pressure"": 851.57, ""temperature"": 23.59, ""AGL"": -0.99, ""velocity"": 0, ""kalman_altitude"": -1.01, ""kalman_vertical_velocity"": -8.68}, ""chute_state"": {""pyro1_state"": 0, ""pyro2_state"": 0}, ""connection_status"": {""connected"": true, ""has_ever_connected"": true, ""packet_age_ms"": 0, ""timeout_exceeded"": false, ""rssi"": -81}, ""communication_mode"": ""BEACON"", ""timestamp"": 191662, ""packets_received"": 654, ""kalman_data"": {""altitude"": -1.01, ""vertical_velocity"": -8.68}, ""kalman_altitude"": -1.01, ""kalman_vertical_velocity"": -8.68, ""pyroDrogue"": 0, ""pyroMain"": 0, ""pyro1_state"": 0, ""pyro2_state"": 0}"
1764741564.860822,2025-12-03T08:59:24.860822,2960,0,0,-0.51,0.23,0.78,-30.01,15.86,23.9,-0.21,-42.68,0,0,0,82276,851.54,23.57,-0.68,0,0,0,0,-82,-0.74,-8.54,BEACON,"{""record_number"": 2960, ""operation_mode"": 0, ""state"": 0, ""battery_voltage"": 0, ""wifi_rssi"": -82, ""acc_data"": {""ax"": -0.51, ""ay"": 0.23, ""az"": 0.78, ""pitch"": -30.01, ""roll"": 15.86}, ""gyro_data"": {""gx"": 23.9, ""gy"": -0.21, ""gz"": -42.68}, ""gps_data"": {""latitude"": 0, ""longitude"": 0, ""gps_altitude"": 0, ""time"": 82276}, ""alt_data"": {""pressure"": 851.54, ""temperature"": 23.57, ""AGL"": -0.68, ""velocity"": 0, ""kalman_altitude"": -0.74, ""kalman_vertical_velocity"": -8.54}, ""chute_state"": {""pyro1_state"": 0, ""pyro2_state"": 0}, ""connection_status"": {""connected"": true, ""has_ever_connected"": true, ""packet_age_ms"": 0, ""timeout_exceeded"": false, ""rssi"": -82}, ""communication_mode"": ""BEACON"", ""timestamp"": 191775, ""packets_received"": 655, ""kalman_data"": {""altitude"": -0.74, ""vertical_velocity"": -8.54}, ""kalman_altitude"": -0.74, ""kalman_vertical_velocity"": -8.54, ""pyroDrogue"": 0, ""pyroMain"": 0, ""pyro1_state"": 0, ""pyro2_state"": 0}"
1764741564.991495,2025-12-03T08:59:24.991495,2965,0,0,-0.52,0,0.78,-31.91,16.34,21.4,-13.05,-37.41,0,0,0,82276,851.52,23.56,-0.51,0,0,0,0,-80,-0.56,-8.44,BEACON,"{""record_number"": 2965, ""operation_mode"": 0, ""state"": 0, ""battery_voltage"": 0, ""wifi_rssi"": -80, ""acc_data"": {""ax"": -0.52, ""ay"": 0, ""az"": 0.78, ""pitch"": -31.91, ""roll"": 16.34}, ""gyro_data"": {""gx"": 21.4, ""gy"": -13.05, ""gz"": -37.41}, ""gps_data"": {""latitude"": 0, ""longitude"": 0, ""gps_altitude"": 0, ""time"": 82276}, ""alt_data"": {""pressure"": 851.52, ""temperature"": 23.56, ""AGL"": -0.51, ""velocity"": 0, ""kalman_altitude"": -0.56, ""kalman_vertical_velocity"": -8.44}, ""chute_state"": {""pyro1_state"": 0, ""pyro2_state"": 0}, ""connection_status"": {""connected"": true, ""has_ever_connected"": true, ""packet_age_ms"": 0, ""timeout_exceeded"": false, ""rssi"": -80}, ""communication_mode"": ""BEACON"", ""timestamp"": 191889, ""packets_received"": 656, ""kalman_data"": {""altitude"": -0.56, ""vertical_velocity"": -8.44}, ""kalman_altitude"": -0.56, ""kalman_vertical_velocity"": -8.44, ""pyroDrogue"": 0, ""pyroMain"": 0, ""pyro1_state"": 0, ""pyro2_state"": 0}"
1764741565.117979,2025-12-03T08:59:25.117979,2969,0,0,-0.52,0.23,0.79,-31.71,15.38,19.91,-27.1,-25.3,0,0,0,82476,851.56,23.57,-0.89,0,0,0,0,-80,-0.84,-8.56,BEACON,"{""record_number"": 2969, ""operation_mode"": 0, ""state"": 0, ""battery_voltage"": 0, ""wifi_rssi"": -80, ""acc_data"": {""ax"": -0.52, ""ay"": 0.23, ""az"": 0.79, ""pitch"": -31.71, ""roll"": 15.38}, ""gyro_data"": {""gx"": 19.91, ""gy"": -27.1, ""gz"": -25.3}, ""gps_data"": {""latitude"": 0, ""longitude"": 0, ""gps_altitude"": 0, ""time"": 82476}, ""alt_data"": {""pressure"": 851.56, ""temperature"": 23.57, ""AGL"": -0.89, ""velocity"": 0, ""kalman_altitude"": -0.84, ""kalman_vertical_velocity"": -8.56}, ""chute_state"": {""pyro1_state"": 0, ""pyro2_state"": 0}, ""connection_status"": {""connected"": true, ""has_ever_connected"": true, ""packet_age_ms"": 1, ""timeout_exceeded"": false, ""rssi"": -80}, ""communication_mode"": ""BEACON"", ""timestamp"": 192002, ""packets_received"": 657, ""kalman_data"": {""altitude"": -0.84, ""vertical_velocity"": -8.56}, ""kalman_altitude"": -0.84, ""kalman_vertical_velocity"": -8.56, ""pyroDrogue"": 0, ""pyroMain"": 0, ""pyro1_state"": 0, ""pyro2_state"": 0}"
1764741565.234389,2025-12-03T08:59:25.234389,2973,0,0,-0.51,0.22,0.78,-31.09,16.22,8.45,-24.39,-18.51,0,0,0,82476,851.53,23.57,-0.61,0,0,0,0,-81,-0.65,-8.46,BEACON,"{""record_number"": 2973, ""operation_mode"": 0, ""state"": 0, ""battery_voltage"": 0, ""wifi_rssi"": -81, ""acc_data"": {""ax"": -0.51, ""ay"": 0.22, ""az"": 0.78, ""pitch"": -31.09, ""roll"": 16.22}, ""gyro_data"": {""gx"": 8.45, ""gy"": -24.39, ""gz"": -18.51}, ""gps_data"": {""latitude"": 0, ""longitude"": 0, ""gps_altitude"": 0, ""time"": 82476}, ""alt_data"": {""pressure"": 851.53, ""temperature"": 23.57, ""AGL"": -0.61, ""velocity"": 0, ""kalman_altitude"": -0.65, ""kalman_vertical_velocity"": -8.46}, ""chute_state"": {""pyro1_state"": 0, ""pyro2_state"": 0}, ""connection_status"": {""connected"": true, ""has_ever_connected"": true, ""packet_age_ms"": 0, ""timeout_exceeded"": false, ""rssi"": -81}, ""communication_mode"": ""BEACON"", ""timestamp"": 192114, ""packets_received"": 658, ""kalman_data"": {""altitude"": -0.65, ""vertical_velocity"": -8.46}, ""kalman_altitude"": -0.65, ""kalman_vertical_velocity"": -8.46, ""pyroDrogue"": 0, ""pyroMain"": 0, ""pyro1_state"": 0, ""pyro2_state"": 0}"
1764741565.368719,2025-12-03T08:59:25.368719,2982,0,0,-0.46,0.25,0.77,-27.36,17.59,-17.35,-12.62,-9.76,0,0,0,82679,851.59,23.59,-1.16,0,0,0,0,-87,-1.15,-8.68,BEACON,"{""record_number"": 2982, ""operation_mode"": 0, ""state"": 0, ""battery_voltage"": 0, ""wifi_rssi"": -87, ""acc_data"": {""ax"": -0.46, ""ay"": 0.25, ""az"": 0.77, ""pitch"": -27.36, ""roll"": 17.59}, ""gyro_data"": {""gx"": -17.35, ""gy"": -12.62, ""gz"": -9.76}, ""gps_data"": {""latitude"": 0, ""longitude"": 0, ""gps_altitude"": 0, ""time"": 82679}, ""alt_data"": {""pressure"": 851.59, ""temperature"": 23.59, ""AGL"": -1.16, ""velocity"": 0, ""kalman_altitude"": -1.15, ""kalman_vertical_velocity"": -8.68}, ""chute_state"": {""pyro1_state"": 0, ""pyro2_state"": 0}, ""connection_status"": {""connected"": true, ""has_ever_connected"": true, ""packet_age_ms"": 1, ""timeout_exceeded"": false, ""rssi"": -87}, ""communication_mode"": ""BEACON"", ""timestamp"": 192343, ""packets_received"": 659, ""kalman_data"": {""altitude"": -1.15, ""vertical_velocity"": -8.68}, ""kalman_altitude"": -1.15, ""kalman_vertical_velocity"": -8.68, ""pyroDrogue"": 0, ""pyroMain"": 0, ""pyro1_state"": 0, ""pyro2_state"": 0}"
1764741565.474614,2025-12-03T08:59:25.474614,2986,0,0,-0.48,0.23,0.78,-28.89,16.06,-5.06,18.48,3.75,0,0,0,82883,851.53,23.59,-0.6,0,0,0,0,-84,-0.69,-8.45,BEACON,"{""record_number"": 2986, ""operation_mode"": 0, ""state"": 0, ""battery_voltage"": 0, ""wifi_rssi"": -84, ""acc_data"": {""ax"": -0.48, ""ay"": 0.23, ""az"": 0.78, ""pitch"": -28.89, ""roll"": 16.06}, ""gyro_data"": {""gx"": -5.06, ""gy"": 18.48, ""gz"": 3.75}, ""gps_data"": {""latitude"": 0, ""longitude"": 0, ""gps_altitude"": 0, ""time"": 82883}, ""alt_data"": {""pressure"": 851.53, ""temperature"": 23.59, ""AGL"": -0.6, ""velocity"": 0, ""kalman_altitude"": -0.69, ""kalman_vertical_velocity"": -8.45}, ""chute_state"": {""pyro1_state"": 0, ""pyro2_state"": 0}, ""connection_status"": {""connected"": true, ""has_ever_connected"": true, ""packet_age_ms"": 1, ""timeout_exceeded"": false, ""rssi"": -84}, ""communication_mode"": ""BEACON"", ""timestamp"": 192456, ""packets_received"": 660, ""kalman_data"": {""altitude"": -0.69, ""vertical_velocity"": -8.45}, ""kalman_altitude"": -0.69, ""kalman_vertical_velocity"": -8.45, ""pyroDrogue"": 0, ""pyroMain"": 0, ""pyro1_state"": 0, ""pyro2_state"": 0}"
1764741565.60338,2025-12-03T08:59:25.603380,2991,0,0,-0.54,0.23,0.78,-33.2,16.44,12.5,-3.78,25.73,0,0,0,83083,851.52,23.58,-0.55,0,0,0,0,-81,-0.63,-8.41,BEACON,"{""record_number"": 2991, ""operation_mode"": 0, ""state"": 0, ""battery_voltage"": 0, ""wifi_rssi"": -81, ""acc_data"": {""ax"": -0.54, ""ay"": 0.23, ""az"": 0.78, ""pitch"": -33.2, ""roll"": 16.44}, ""gyro_data"": {""gx"": 12.5, ""gy"": -3.78, ""gz"": 25.73}, ""gps_data"": {""latitude"": 0, ""longitude"": 0, ""gps_altitude"": 0, ""time"": 83083}, ""alt_data"": {""pressure"": 851.52, ""temperature"": 23.58, ""AGL"": -0.55, ""velocity"": 0, ""kalman_altitude"": -0.63, ""kalman_vertical_velocity"": -8.41}, ""chute_state"": {""pyro1_state"": 0, ""pyro2_state"": 0}, ""connection_status"": {""connected"": true, ""has_ever_connected"": true, ""packet_age_ms"": 0, ""timeout_exceeded"": false, ""rssi"": -81}, ""communication_mode"": ""BEACON"", ""timestamp"": 192567, ""packets_received"": 661, ""kalman_data"": {""altitude"": -0.63, ""vertical_velocity"": -8.41}, ""kalman_altitude"": -0.63, ""kalman_vertical_velocity"": -8.41, ""pyroDrogue"": 0, ""pyroMain"": 0, ""pyro1_state"": 0, ""pyro2_state"": 0}"
1764741565.964594,2025-12-03T08:59:25.964594,2995,0,0,-0.53,0.25,0.81,-31.38,17.38,13.2,6.92,32.23,0,0,0,83083,851.55,23.59,-0.84,0,0,0,0,-79,-0.81,-8.48,BEACON,"{""record_number"": 2995, ""operation_mode"": 0, ""state"": 0, ""battery_voltage"": 0, ""wifi_rssi"": -79, ""acc_data"": {""ax"": -0.53, ""ay"": 0.25, ""az"": 0.81, ""pitch"": -31.38, ""roll"": 17.38}, ""gyro_data"": {""gx"": 13.2, ""gy"": 6.92, ""gz"": 32.23}, ""gps_data"": {""latitude"": 0, ""longitude"": 0, ""gps_altitude"": 0, ""time"": 83083}, ""alt_data"": {""pressure"": 851.55, ""temperature"": 23.59, ""AGL"": -0.84, ""velocity"": 0, ""kalman_altitude"": -0.81, ""kalman_vertical_velocity"": -8.48}, ""chute_state"": {""pyro1_state"": 0, ""pyro2_state"": 0}, ""connection_status"": {""connected"": true, ""has_ever_connected"": true, ""packet_age_ms"": 0, ""timeout_exceeded"": false, ""rssi"": -79}, ""communication_mode"": ""BEACON"", ""timestamp"": 192680, ""packets_received"": 662, ""kalman_data"": {""altitude"": -0.81, ""vertical_velocity"": -8.48}, ""kalman_altitude"": -0.81, ""kalman_vertical_velocity"": -8.48, ""pyroDrogue"": 0, ""pyroMain"": 0, ""pyro1_state"": 0, ""pyro2_state"": 0}"
1764741566.447157,2025-12-03T08:59:26.447157,2999,0,0,-0.52,0.26,0.81,-31.45,18.41,11.37,-29.57,22.65,0,0,0,83283,851.57,23.57,-1,0,0,0,0,-78,-0.97,-8.55,BEACON,"{""record_number"": 2999, ""operation_mode"": 0, ""state"": 0, ""battery_voltage"": 0, ""wifi_rssi"": -78, ""acc_data"": {""ax"": -0.52, ""ay"": 0.26, ""az"": 0.81, ""pitch"": -31.45, ""roll"": 18.41}, ""gyro_data"": {""gx"": 11.37, ""gy"": -29.57, ""gz"": 22.65}, ""gps_data"": {""latitude"": 0, ""longitude"": 0, ""gps_altitude"": 0, ""time"": 83283}, ""alt_data"": {""pressure"": 851.57, ""temperature"": 23.57, ""AGL"": -1, ""velocity"": 0, ""kalman_altitude"": -0.97, ""kalman_vertical_velocity"": -8.55}, ""chute_state"": {""pyro1_state"": 0, ""pyro2_state"": 0}, ""connection_status"": {""connected"": true, ""has_ever_connected"": true, ""packet_age_ms"": 0, ""timeout_exceeded"": false, ""rssi"": -78}, ""communication_mode"": ""BEACON"", ""timestamp"": 192793, ""packets_received"": 663, ""kalman_data"": {""altitude"": -0.97, ""vertical_velocity"": -8.55}, ""kalman_altitude"": -0.97, ""kalman_vertical_velocity"": -8.55, ""pyroDrogue"": 0, ""pyroMain"": 0, ""pyro1_state"": 0, ""pyro2_state"": 0}"
